case,case_status,profile_status,scientific_question,expected_contribution,equation,domain,boundary_conditions,method,order,resolution,resolution_flag,ranks,scale,time_integrator,metrics,reference_check,priority,intended_artifact,estimated_seconds,command
advection_1d,proposed,draft,Do all headline methods recover optimal P1-P3 convergence for smooth periodic transport?,Primary scalar accuracy comparison and paper-style error tables.,u_t + u_x = 0,"[0,1] periodic",periodic,dg,1,128,-n,1,1.0,order-controlled explicit RK; temporal-error check required,L1; L2; Linf; conservation; runtime,exact translated solution and time-step halving,required,separate method tables and degree-specific convergence figures,0.525,/Users/timozund/Documents/master_thesis/codex_dev/build/release/examples/advection -d 1 -tf 1.1 -n 128 -o 1 -method dg -cadence auto
advection_1d,proposed,draft,Do all headline methods recover optimal P1-P3 convergence for smooth periodic transport?,Primary scalar accuracy comparison and paper-style error tables.,u_t + u_x = 0,"[0,1] periodic",periodic,ofdg-kxrcf,1,128,-n,1,1.0,order-controlled explicit RK; temporal-error check required,L1; L2; Linf; conservation; runtime,exact translated solution and time-step halving,required,separate method tables and degree-specific convergence figures,0.525,/Users/timozund/Documents/master_thesis/codex_dev/build/release/examples/advection -d 1 -tf 1.1 -n 128 -o 1 -method ofdg-kxrcf -cadence auto
advection_1d,proposed,draft,Do all headline methods recover optimal P1-P3 convergence for smooth periodic transport?,Primary scalar accuracy comparison and paper-style error tables.,u_t + u_x = 0,"[0,1] periodic",periodic,oedg,1,128,-n,1,1.0,order-controlled explicit RK; temporal-error check required,L1; L2; Linf; conservation; runtime,exact translated solution and time-step halving,required,separate method tables and degree-specific convergence figures,0.525,/Users/timozund/Documents/master_thesis/codex_dev/build/release/examples/advection -d 1 -tf 1.1 -n 128 -o 1 -method oedg -cadence auto
advection_1d,proposed,draft,Do all headline methods recover optimal P1-P3 convergence for smooth periodic transport?,Primary scalar accuracy comparison and paper-style error tables.,u_t + u_x = 0,"[0,1] periodic",periodic,ofdg,1,128,-n,1,1.0,order-controlled explicit RK; temporal-error check required,L1; L2; Linf; conservation; runtime,exact translated solution and time-step halving,required,separate method tables and degree-specific convergence figures,0.525,/Users/timozund/Documents/master_thesis/codex_dev/build/release/examples/advection -d 1 -tf 1.1 -n 128 -o 1 -method ofdg -cadence auto
advection_1d,proposed,draft,Do all headline methods recover optimal P1-P3 convergence for smooth periodic transport?,Primary scalar accuracy comparison and paper-style error tables.,u_t + u_x = 0,"[0,1] periodic",periodic,dg,1,256,-n,1,1.0,order-controlled explicit RK; temporal-error check required,L1; L2; Linf; conservation; runtime,exact translated solution and time-step halving,required,separate method tables and degree-specific convergence figures,0.525,/Users/timozund/Documents/master_thesis/codex_dev/build/release/examples/advection -d 1 -tf 1.1 -n 256 -o 1 -method dg -cadence auto
advection_1d,proposed,draft,Do all headline methods recover optimal P1-P3 convergence for smooth periodic transport?,Primary scalar accuracy comparison and paper-style error tables.,u_t + u_x = 0,"[0,1] periodic",periodic,ofdg-kxrcf,1,256,-n,1,1.0,order-controlled explicit RK; temporal-error check required,L1; L2; Linf; conservation; runtime,exact translated solution and time-step halving,required,separate method tables and degree-specific convergence figures,0.525,/Users/timozund/Documents/master_thesis/codex_dev/build/release/examples/advection -d 1 -tf 1.1 -n 256 -o 1 -method ofdg-kxrcf -cadence auto
advection_1d,proposed,draft,Do all headline methods recover optimal P1-P3 convergence for smooth periodic transport?,Primary scalar accuracy comparison and paper-style error tables.,u_t + u_x = 0,"[0,1] periodic",periodic,oedg,1,256,-n,1,1.0,order-controlled explicit RK; temporal-error check required,L1; L2; Linf; conservation; runtime,exact translated solution and time-step halving,required,separate method tables and degree-specific convergence figures,0.525,/Users/timozund/Documents/master_thesis/codex_dev/build/release/examples/advection -d 1 -tf 1.1 -n 256 -o 1 -method oedg -cadence auto
advection_1d,proposed,draft,Do all headline methods recover optimal P1-P3 convergence for smooth periodic transport?,Primary scalar accuracy comparison and paper-style error tables.,u_t + u_x = 0,"[0,1] periodic",periodic,ofdg,1,256,-n,1,1.0,order-controlled explicit RK; temporal-error check required,L1; L2; Linf; conservation; runtime,exact translated solution and time-step halving,required,separate method tables and degree-specific convergence figures,0.525,/Users/timozund/Documents/master_thesis/codex_dev/build/release/examples/advection -d 1 -tf 1.1 -n 256 -o 1 -method ofdg -cadence auto
advection_1d,proposed,draft,Do all headline methods recover optimal P1-P3 convergence for smooth periodic transport?,Primary scalar accuracy comparison and paper-style error tables.,u_t + u_x = 0,"[0,1] periodic",periodic,dg,1,512,-n,1,1.0,order-controlled explicit RK; temporal-error check required,L1; L2; Linf; conservation; runtime,exact translated solution and time-step halving,required,separate method tables and degree-specific convergence figures,0.525,/Users/timozund/Documents/master_thesis/codex_dev/build/release/examples/advection -d 1 -tf 1.1 -n 512 -o 1 -method dg -cadence auto
advection_1d,proposed,draft,Do all headline methods recover optimal P1-P3 convergence for smooth periodic transport?,Primary scalar accuracy comparison and paper-style error tables.,u_t + u_x = 0,"[0,1] periodic",periodic,ofdg-kxrcf,1,512,-n,1,1.0,order-controlled explicit RK; temporal-error check required,L1; L2; Linf; conservation; runtime,exact translated solution and time-step halving,required,separate method tables and degree-specific convergence figures,0.525,/Users/timozund/Documents/master_thesis/codex_dev/build/release/examples/advection -d 1 -tf 1.1 -n 512 -o 1 -method ofdg-kxrcf -cadence auto
advection_1d,proposed,draft,Do all headline methods recover optimal P1-P3 convergence for smooth periodic transport?,Primary scalar accuracy comparison and paper-style error tables.,u_t + u_x = 0,"[0,1] periodic",periodic,oedg,1,512,-n,1,1.0,order-controlled explicit RK; temporal-error check required,L1; L2; Linf; conservation; runtime,exact translated solution and time-step halving,required,separate method tables and degree-specific convergence figures,0.525,/Users/timozund/Documents/master_thesis/codex_dev/build/release/examples/advection -d 1 -tf 1.1 -n 512 -o 1 -method oedg -cadence auto
advection_1d,proposed,draft,Do all headline methods recover optimal P1-P3 convergence for smooth periodic transport?,Primary scalar accuracy comparison and paper-style error tables.,u_t + u_x = 0,"[0,1] periodic",periodic,ofdg,1,512,-n,1,1.0,order-controlled explicit RK; temporal-error check required,L1; L2; Linf; conservation; runtime,exact translated solution and time-step halving,required,separate method tables and degree-specific convergence figures,0.525,/Users/timozund/Documents/master_thesis/codex_dev/build/release/examples/advection -d 1 -tf 1.1 -n 512 -o 1 -method ofdg -cadence auto
advection_1d,proposed,draft,Do all headline methods recover optimal P1-P3 convergence for smooth periodic transport?,Primary scalar accuracy comparison and paper-style error tables.,u_t + u_x = 0,"[0,1] periodic",periodic,dg,1,1024,-n,1,1.0,order-controlled explicit RK; temporal-error check required,L1; L2; Linf; conservation; runtime,exact translated solution and time-step halving,required,separate method tables and degree-specific convergence figures,0.525,/Users/timozund/Documents/master_thesis/codex_dev/build/release/examples/advection -d 1 -tf 1.1 -n 1024 -o 1 -method dg -cadence auto
advection_1d,proposed,draft,Do all headline methods recover optimal P1-P3 convergence for smooth periodic transport?,Primary scalar accuracy comparison and paper-style error tables.,u_t + u_x = 0,"[0,1] periodic",periodic,ofdg-kxrcf,1,1024,-n,1,1.0,order-controlled explicit RK; temporal-error check required,L1; L2; Linf; conservation; runtime,exact translated solution and time-step halving,required,separate method tables and degree-specific convergence figures,0.525,/Users/timozund/Documents/master_thesis/codex_dev/build/release/examples/advection -d 1 -tf 1.1 -n 1024 -o 1 -method ofdg-kxrcf -cadence auto
advection_1d,proposed,draft,Do all headline methods recover optimal P1-P3 convergence for smooth periodic transport?,Primary scalar accuracy comparison and paper-style error tables.,u_t + u_x = 0,"[0,1] periodic",periodic,oedg,1,1024,-n,1,1.0,order-controlled explicit RK; temporal-error check required,L1; L2; Linf; conservation; runtime,exact translated solution and time-step halving,required,separate method tables and degree-specific convergence figures,0.525,/Users/timozund/Documents/master_thesis/codex_dev/build/release/examples/advection -d 1 -tf 1.1 -n 1024 -o 1 -method oedg -cadence auto
advection_1d,proposed,draft,Do all headline methods recover optimal P1-P3 convergence for smooth periodic transport?,Primary scalar accuracy comparison and paper-style error tables.,u_t + u_x = 0,"[0,1] periodic",periodic,ofdg,1,1024,-n,1,1.0,order-controlled explicit RK; temporal-error check required,L1; L2; Linf; conservation; runtime,exact translated solution and time-step halving,required,separate method tables and degree-specific convergence figures,0.525,/Users/timozund/Documents/master_thesis/codex_dev/build/release/examples/advection -d 1 -tf 1.1 -n 1024 -o 1 -method ofdg -cadence auto
advection_1d,proposed,draft,Do all headline methods recover optimal P1-P3 convergence for smooth periodic transport?,Primary scalar accuracy comparison and paper-style error tables.,u_t + u_x = 0,"[0,1] periodic",periodic,dg,1,2048,-n,1,1.0,order-controlled explicit RK; temporal-error check required,L1; L2; Linf; conservation; runtime,exact translated solution and time-step halving,required,separate method tables and degree-specific convergence figures,0.525,/Users/timozund/Documents/master_thesis/codex_dev/build/release/examples/advection -d 1 -tf 1.1 -n 2048 -o 1 -method dg -cadence auto
advection_1d,proposed,draft,Do all headline methods recover optimal P1-P3 convergence for smooth periodic transport?,Primary scalar accuracy comparison and paper-style error tables.,u_t + u_x = 0,"[0,1] periodic",periodic,ofdg-kxrcf,1,2048,-n,1,1.0,order-controlled explicit RK; temporal-error check required,L1; L2; Linf; conservation; runtime,exact translated solution and time-step halving,required,separate method tables and degree-specific convergence figures,0.525,/Users/timozund/Documents/master_thesis/codex_dev/build/release/examples/advection -d 1 -tf 1.1 -n 2048 -o 1 -method ofdg-kxrcf -cadence auto
advection_1d,proposed,draft,Do all headline methods recover optimal P1-P3 convergence for smooth periodic transport?,Primary scalar accuracy comparison and paper-style error tables.,u_t + u_x = 0,"[0,1] periodic",periodic,oedg,1,2048,-n,1,1.0,order-controlled explicit RK; temporal-error check required,L1; L2; Linf; conservation; runtime,exact translated solution and time-step halving,required,separate method tables and degree-specific convergence figures,0.525,/Users/timozund/Documents/master_thesis/codex_dev/build/release/examples/advection -d 1 -tf 1.1 -n 2048 -o 1 -method oedg -cadence auto
advection_1d,proposed,draft,Do all headline methods recover optimal P1-P3 convergence for smooth periodic transport?,Primary scalar accuracy comparison and paper-style error tables.,u_t + u_x = 0,"[0,1] periodic",periodic,ofdg,1,2048,-n,1,1.0,order-controlled explicit RK; temporal-error check required,L1; L2; Linf; conservation; runtime,exact translated solution and time-step halving,required,separate method tables and degree-specific convergence figures,0.525,/Users/timozund/Documents/master_thesis/codex_dev/build/release/examples/advection -d 1 -tf 1.1 -n 2048 -o 1 -method ofdg -cadence auto
advection_1d,proposed,draft,Do all headline methods recover optimal P1-P3 convergence for smooth periodic transport?,Primary scalar accuracy comparison and paper-style error tables.,u_t + u_x = 0,"[0,1] periodic",periodic,dg,2,128,-n,1,1.0,order-controlled explicit RK; temporal-error check required,L1; L2; Linf; conservation; runtime,exact translated solution and time-step halving,required,separate method tables and degree-specific convergence figures,0.525,/Users/timozund/Documents/master_thesis/codex_dev/build/release/examples/advection -d 1 -tf 1.1 -n 128 -o 2 -method dg -cadence auto
advection_1d,proposed,draft,Do all headline methods recover optimal P1-P3 convergence for smooth periodic transport?,Primary scalar accuracy comparison and paper-style error tables.,u_t + u_x = 0,"[0,1] periodic",periodic,ofdg-kxrcf,2,128,-n,1,1.0,order-controlled explicit RK; temporal-error check required,L1; L2; Linf; conservation; runtime,exact translated solution and time-step halving,required,separate method tables and degree-specific convergence figures,0.525,/Users/timozund/Documents/master_thesis/codex_dev/build/release/examples/advection -d 1 -tf 1.1 -n 128 -o 2 -method ofdg-kxrcf -cadence auto
advection_1d,proposed,draft,Do all headline methods recover optimal P1-P3 convergence for smooth periodic transport?,Primary scalar accuracy comparison and paper-style error tables.,u_t + u_x = 0,"[0,1] periodic",periodic,oedg,2,128,-n,1,1.0,order-controlled explicit RK; temporal-error check required,L1; L2; Linf; conservation; runtime,exact translated solution and time-step halving,required,separate method tables and degree-specific convergence figures,0.525,/Users/timozund/Documents/master_thesis/codex_dev/build/release/examples/advection -d 1 -tf 1.1 -n 128 -o 2 -method oedg -cadence auto
advection_1d,proposed,draft,Do all headline methods recover optimal P1-P3 convergence for smooth periodic transport?,Primary scalar accuracy comparison and paper-style error tables.,u_t + u_x = 0,"[0,1] periodic",periodic,ofdg,2,128,-n,1,1.0,order-controlled explicit RK; temporal-error check required,L1; L2; Linf; conservation; runtime,exact translated solution and time-step halving,required,separate method tables and degree-specific convergence figures,0.525,/Users/timozund/Documents/master_thesis/codex_dev/build/release/examples/advection -d 1 -tf 1.1 -n 128 -o 2 -method ofdg -cadence auto
advection_1d,proposed,draft,Do all headline methods recover optimal P1-P3 convergence for smooth periodic transport?,Primary scalar accuracy comparison and paper-style error tables.,u_t + u_x = 0,"[0,1] periodic",periodic,dg,2,256,-n,1,1.0,order-controlled explicit RK; temporal-error check required,L1; L2; Linf; conservation; runtime,exact translated solution and time-step halving,required,separate method tables and degree-specific convergence figures,0.525,/Users/timozund/Documents/master_thesis/codex_dev/build/release/examples/advection -d 1 -tf 1.1 -n 256 -o 2 -method dg -cadence auto
advection_1d,proposed,draft,Do all headline methods recover optimal P1-P3 convergence for smooth periodic transport?,Primary scalar accuracy comparison and paper-style error tables.,u_t + u_x = 0,"[0,1] periodic",periodic,ofdg-kxrcf,2,256,-n,1,1.0,order-controlled explicit RK; temporal-error check required,L1; L2; Linf; conservation; runtime,exact translated solution and time-step halving,required,separate method tables and degree-specific convergence figures,0.525,/Users/timozund/Documents/master_thesis/codex_dev/build/release/examples/advection -d 1 -tf 1.1 -n 256 -o 2 -method ofdg-kxrcf -cadence auto
advection_1d,proposed,draft,Do all headline methods recover optimal P1-P3 convergence for smooth periodic transport?,Primary scalar accuracy comparison and paper-style error tables.,u_t + u_x = 0,"[0,1] periodic",periodic,oedg,2,256,-n,1,1.0,order-controlled explicit RK; temporal-error check required,L1; L2; Linf; conservation; runtime,exact translated solution and time-step halving,required,separate method tables and degree-specific convergence figures,0.525,/Users/timozund/Documents/master_thesis/codex_dev/build/release/examples/advection -d 1 -tf 1.1 -n 256 -o 2 -method oedg -cadence auto
advection_1d,proposed,draft,Do all headline methods recover optimal P1-P3 convergence for smooth periodic transport?,Primary scalar accuracy comparison and paper-style error tables.,u_t + u_x = 0,"[0,1] periodic",periodic,ofdg,2,256,-n,1,1.0,order-controlled explicit RK; temporal-error check required,L1; L2; Linf; conservation; runtime,exact translated solution and time-step halving,required,separate method tables and degree-specific convergence figures,0.525,/Users/timozund/Documents/master_thesis/codex_dev/build/release/examples/advection -d 1 -tf 1.1 -n 256 -o 2 -method ofdg -cadence auto
advection_1d,proposed,draft,Do all headline methods recover optimal P1-P3 convergence for smooth periodic transport?,Primary scalar accuracy comparison and paper-style error tables.,u_t + u_x = 0,"[0,1] periodic",periodic,dg,2,512,-n,1,1.0,order-controlled explicit RK; temporal-error check required,L1; L2; Linf; conservation; runtime,exact translated solution and time-step halving,required,separate method tables and degree-specific convergence figures,0.525,/Users/timozund/Documents/master_thesis/codex_dev/build/release/examples/advection -d 1 -tf 1.1 -n 512 -o 2 -method dg -cadence auto
advection_1d,proposed,draft,Do all headline methods recover optimal P1-P3 convergence for smooth periodic transport?,Primary scalar accuracy comparison and paper-style error tables.,u_t + u_x = 0,"[0,1] periodic",periodic,ofdg-kxrcf,2,512,-n,1,1.0,order-controlled explicit RK; temporal-error check required,L1; L2; Linf; conservation; runtime,exact translated solution and time-step halving,required,separate method tables and degree-specific convergence figures,0.525,/Users/timozund/Documents/master_thesis/codex_dev/build/release/examples/advection -d 1 -tf 1.1 -n 512 -o 2 -method ofdg-kxrcf -cadence auto
advection_1d,proposed,draft,Do all headline methods recover optimal P1-P3 convergence for smooth periodic transport?,Primary scalar accuracy comparison and paper-style error tables.,u_t + u_x = 0,"[0,1] periodic",periodic,oedg,2,512,-n,1,1.0,order-controlled explicit RK; temporal-error check required,L1; L2; Linf; conservation; runtime,exact translated solution and time-step halving,required,separate method tables and degree-specific convergence figures,0.525,/Users/timozund/Documents/master_thesis/codex_dev/build/release/examples/advection -d 1 -tf 1.1 -n 512 -o 2 -method oedg -cadence auto
advection_1d,proposed,draft,Do all headline methods recover optimal P1-P3 convergence for smooth periodic transport?,Primary scalar accuracy comparison and paper-style error tables.,u_t + u_x = 0,"[0,1] periodic",periodic,ofdg,2,512,-n,1,1.0,order-controlled explicit RK; temporal-error check required,L1; L2; Linf; conservation; runtime,exact translated solution and time-step halving,required,separate method tables and degree-specific convergence figures,0.525,/Users/timozund/Documents/master_thesis/codex_dev/build/release/examples/advection -d 1 -tf 1.1 -n 512 -o 2 -method ofdg -cadence auto
advection_1d,proposed,draft,Do all headline methods recover optimal P1-P3 convergence for smooth periodic transport?,Primary scalar accuracy comparison and paper-style error tables.,u_t + u_x = 0,"[0,1] periodic",periodic,dg,2,1024,-n,1,1.0,order-controlled explicit RK; temporal-error check required,L1; L2; Linf; conservation; runtime,exact translated solution and time-step halving,required,separate method tables and degree-specific convergence figures,0.525,/Users/timozund/Documents/master_thesis/codex_dev/build/release/examples/advection -d 1 -tf 1.1 -n 1024 -o 2 -method dg -cadence auto
advection_1d,proposed,draft,Do all headline methods recover optimal P1-P3 convergence for smooth periodic transport?,Primary scalar accuracy comparison and paper-style error tables.,u_t + u_x = 0,"[0,1] periodic",periodic,ofdg-kxrcf,2,1024,-n,1,1.0,order-controlled explicit RK; temporal-error check required,L1; L2; Linf; conservation; runtime,exact translated solution and time-step halving,required,separate method tables and degree-specific convergence figures,0.525,/Users/timozund/Documents/master_thesis/codex_dev/build/release/examples/advection -d 1 -tf 1.1 -n 1024 -o 2 -method ofdg-kxrcf -cadence auto
advection_1d,proposed,draft,Do all headline methods recover optimal P1-P3 convergence for smooth periodic transport?,Primary scalar accuracy comparison and paper-style error tables.,u_t + u_x = 0,"[0,1] periodic",periodic,oedg,2,1024,-n,1,1.0,order-controlled explicit RK; temporal-error check required,L1; L2; Linf; conservation; runtime,exact translated solution and time-step halving,required,separate method tables and degree-specific convergence figures,0.525,/Users/timozund/Documents/master_thesis/codex_dev/build/release/examples/advection -d 1 -tf 1.1 -n 1024 -o 2 -method oedg -cadence auto
advection_1d,proposed,draft,Do all headline methods recover optimal P1-P3 convergence for smooth periodic transport?,Primary scalar accuracy comparison and paper-style error tables.,u_t + u_x = 0,"[0,1] periodic",periodic,ofdg,2,1024,-n,1,1.0,order-controlled explicit RK; temporal-error check required,L1; L2; Linf; conservation; runtime,exact translated solution and time-step halving,required,separate method tables and degree-specific convergence figures,0.525,/Users/timozund/Documents/master_thesis/codex_dev/build/release/examples/advection -d 1 -tf 1.1 -n 1024 -o 2 -method ofdg -cadence auto
advection_1d,proposed,draft,Do all headline methods recover optimal P1-P3 convergence for smooth periodic transport?,Primary scalar accuracy comparison and paper-style error tables.,u_t + u_x = 0,"[0,1] periodic",periodic,dg,2,2048,-n,1,1.0,order-controlled explicit RK; temporal-error check required,L1; L2; Linf; conservation; runtime,exact translated solution and time-step halving,required,separate method tables and degree-specific convergence figures,0.525,/Users/timozund/Documents/master_thesis/codex_dev/build/release/examples/advection -d 1 -tf 1.1 -n 2048 -o 2 -method dg -cadence auto
advection_1d,proposed,draft,Do all headline methods recover optimal P1-P3 convergence for smooth periodic transport?,Primary scalar accuracy comparison and paper-style error tables.,u_t + u_x = 0,"[0,1] periodic",periodic,ofdg-kxrcf,2,2048,-n,1,1.0,order-controlled explicit RK; temporal-error check required,L1; L2; Linf; conservation; runtime,exact translated solution and time-step halving,required,separate method tables and degree-specific convergence figures,0.525,/Users/timozund/Documents/master_thesis/codex_dev/build/release/examples/advection -d 1 -tf 1.1 -n 2048 -o 2 -method ofdg-kxrcf -cadence auto
advection_1d,proposed,draft,Do all headline methods recover optimal P1-P3 convergence for smooth periodic transport?,Primary scalar accuracy comparison and paper-style error tables.,u_t + u_x = 0,"[0,1] periodic",periodic,oedg,2,2048,-n,1,1.0,order-controlled explicit RK; temporal-error check required,L1; L2; Linf; conservation; runtime,exact translated solution and time-step halving,required,separate method tables and degree-specific convergence figures,0.525,/Users/timozund/Documents/master_thesis/codex_dev/build/release/examples/advection -d 1 -tf 1.1 -n 2048 -o 2 -method oedg -cadence auto
advection_1d,proposed,draft,Do all headline methods recover optimal P1-P3 convergence for smooth periodic transport?,Primary scalar accuracy comparison and paper-style error tables.,u_t + u_x = 0,"[0,1] periodic",periodic,ofdg,2,2048,-n,1,1.0,order-controlled explicit RK; temporal-error check required,L1; L2; Linf; conservation; runtime,exact translated solution and time-step halving,required,separate method tables and degree-specific convergence figures,0.525,/Users/timozund/Documents/master_thesis/codex_dev/build/release/examples/advection -d 1 -tf 1.1 -n 2048 -o 2 -method ofdg -cadence auto
advection_1d,proposed,draft,Do all headline methods recover optimal P1-P3 convergence for smooth periodic transport?,Primary scalar accuracy comparison and paper-style error tables.,u_t + u_x = 0,"[0,1] periodic",periodic,dg,3,128,-n,1,1.0,order-controlled explicit RK; temporal-error check required,L1; L2; Linf; conservation; runtime,exact translated solution and time-step halving,required,separate method tables and degree-specific convergence figures,0.525,/Users/timozund/Documents/master_thesis/codex_dev/build/release/examples/advection -d 1 -tf 1.1 -n 128 -o 3 -method dg -cadence auto
advection_1d,proposed,draft,Do all headline methods recover optimal P1-P3 convergence for smooth periodic transport?,Primary scalar accuracy comparison and paper-style error tables.,u_t + u_x = 0,"[0,1] periodic",periodic,ofdg-kxrcf,3,128,-n,1,1.0,order-controlled explicit RK; temporal-error check required,L1; L2; Linf; conservation; runtime,exact translated solution and time-step halving,required,separate method tables and degree-specific convergence figures,0.525,/Users/timozund/Documents/master_thesis/codex_dev/build/release/examples/advection -d 1 -tf 1.1 -n 128 -o 3 -method ofdg-kxrcf -cadence auto
advection_1d,proposed,draft,Do all headline methods recover optimal P1-P3 convergence for smooth periodic transport?,Primary scalar accuracy comparison and paper-style error tables.,u_t + u_x = 0,"[0,1] periodic",periodic,oedg,3,128,-n,1,1.0,order-controlled explicit RK; temporal-error check required,L1; L2; Linf; conservation; runtime,exact translated solution and time-step halving,required,separate method tables and degree-specific convergence figures,0.525,/Users/timozund/Documents/master_thesis/codex_dev/build/release/examples/advection -d 1 -tf 1.1 -n 128 -o 3 -method oedg -cadence auto
advection_1d,proposed,draft,Do all headline methods recover optimal P1-P3 convergence for smooth periodic transport?,Primary scalar accuracy comparison and paper-style error tables.,u_t + u_x = 0,"[0,1] periodic",periodic,ofdg,3,128,-n,1,1.0,order-controlled explicit RK; temporal-error check required,L1; L2; Linf; conservation; runtime,exact translated solution and time-step halving,required,separate method tables and degree-specific convergence figures,0.525,/Users/timozund/Documents/master_thesis/codex_dev/build/release/examples/advection -d 1 -tf 1.1 -n 128 -o 3 -method ofdg -cadence auto
advection_1d,proposed,draft,Do all headline methods recover optimal P1-P3 convergence for smooth periodic transport?,Primary scalar accuracy comparison and paper-style error tables.,u_t + u_x = 0,"[0,1] periodic",periodic,dg,3,256,-n,1,1.0,order-controlled explicit RK; temporal-error check required,L1; L2; Linf; conservation; runtime,exact translated solution and time-step halving,required,separate method tables and degree-specific convergence figures,0.525,/Users/timozund/Documents/master_thesis/codex_dev/build/release/examples/advection -d 1 -tf 1.1 -n 256 -o 3 -method dg -cadence auto
advection_1d,proposed,draft,Do all headline methods recover optimal P1-P3 convergence for smooth periodic transport?,Primary scalar accuracy comparison and paper-style error tables.,u_t + u_x = 0,"[0,1] periodic",periodic,ofdg-kxrcf,3,256,-n,1,1.0,order-controlled explicit RK; temporal-error check required,L1; L2; Linf; conservation; runtime,exact translated solution and time-step halving,required,separate method tables and degree-specific convergence figures,0.525,/Users/timozund/Documents/master_thesis/codex_dev/build/release/examples/advection -d 1 -tf 1.1 -n 256 -o 3 -method ofdg-kxrcf -cadence auto
advection_1d,proposed,draft,Do all headline methods recover optimal P1-P3 convergence for smooth periodic transport?,Primary scalar accuracy comparison and paper-style error tables.,u_t + u_x = 0,"[0,1] periodic",periodic,oedg,3,256,-n,1,1.0,order-controlled explicit RK; temporal-error check required,L1; L2; Linf; conservation; runtime,exact translated solution and time-step halving,required,separate method tables and degree-specific convergence figures,0.525,/Users/timozund/Documents/master_thesis/codex_dev/build/release/examples/advection -d 1 -tf 1.1 -n 256 -o 3 -method oedg -cadence auto
advection_1d,proposed,draft,Do all headline methods recover optimal P1-P3 convergence for smooth periodic transport?,Primary scalar accuracy comparison and paper-style error tables.,u_t + u_x = 0,"[0,1] periodic",periodic,ofdg,3,256,-n,1,1.0,order-controlled explicit RK; temporal-error check required,L1; L2; Linf; conservation; runtime,exact translated solution and time-step halving,required,separate method tables and degree-specific convergence figures,0.525,/Users/timozund/Documents/master_thesis/codex_dev/build/release/examples/advection -d 1 -tf 1.1 -n 256 -o 3 -method ofdg -cadence auto
advection_1d,proposed,draft,Do all headline methods recover optimal P1-P3 convergence for smooth periodic transport?,Primary scalar accuracy comparison and paper-style error tables.,u_t + u_x = 0,"[0,1] periodic",periodic,dg,3,512,-n,1,1.0,order-controlled explicit RK; temporal-error check required,L1; L2; Linf; conservation; runtime,exact translated solution and time-step halving,required,separate method tables and degree-specific convergence figures,0.525,/Users/timozund/Documents/master_thesis/codex_dev/build/release/examples/advection -d 1 -tf 1.1 -n 512 -o 3 -method dg -cadence auto
advection_1d,proposed,draft,Do all headline methods recover optimal P1-P3 convergence for smooth periodic transport?,Primary scalar accuracy comparison and paper-style error tables.,u_t + u_x = 0,"[0,1] periodic",periodic,ofdg-kxrcf,3,512,-n,1,1.0,order-controlled explicit RK; temporal-error check required,L1; L2; Linf; conservation; runtime,exact translated solution and time-step halving,required,separate method tables and degree-specific convergence figures,0.525,/Users/timozund/Documents/master_thesis/codex_dev/build/release/examples/advection -d 1 -tf 1.1 -n 512 -o 3 -method ofdg-kxrcf -cadence auto
advection_1d,proposed,draft,Do all headline methods recover optimal P1-P3 convergence for smooth periodic transport?,Primary scalar accuracy comparison and paper-style error tables.,u_t + u_x = 0,"[0,1] periodic",periodic,oedg,3,512,-n,1,1.0,order-controlled explicit RK; temporal-error check required,L1; L2; Linf; conservation; runtime,exact translated solution and time-step halving,required,separate method tables and degree-specific convergence figures,0.525,/Users/timozund/Documents/master_thesis/codex_dev/build/release/examples/advection -d 1 -tf 1.1 -n 512 -o 3 -method oedg -cadence auto
advection_1d,proposed,draft,Do all headline methods recover optimal P1-P3 convergence for smooth periodic transport?,Primary scalar accuracy comparison and paper-style error tables.,u_t + u_x = 0,"[0,1] periodic",periodic,ofdg,3,512,-n,1,1.0,order-controlled explicit RK; temporal-error check required,L1; L2; Linf; conservation; runtime,exact translated solution and time-step halving,required,separate method tables and degree-specific convergence figures,0.525,/Users/timozund/Documents/master_thesis/codex_dev/build/release/examples/advection -d 1 -tf 1.1 -n 512 -o 3 -method ofdg -cadence auto
advection_1d,proposed,draft,Do all headline methods recover optimal P1-P3 convergence for smooth periodic transport?,Primary scalar accuracy comparison and paper-style error tables.,u_t + u_x = 0,"[0,1] periodic",periodic,dg,3,1024,-n,1,1.0,order-controlled explicit RK; temporal-error check required,L1; L2; Linf; conservation; runtime,exact translated solution and time-step halving,required,separate method tables and degree-specific convergence figures,0.525,/Users/timozund/Documents/master_thesis/codex_dev/build/release/examples/advection -d 1 -tf 1.1 -n 1024 -o 3 -method dg -cadence auto
advection_1d,proposed,draft,Do all headline methods recover optimal P1-P3 convergence for smooth periodic transport?,Primary scalar accuracy comparison and paper-style error tables.,u_t + u_x = 0,"[0,1] periodic",periodic,ofdg-kxrcf,3,1024,-n,1,1.0,order-controlled explicit RK; temporal-error check required,L1; L2; Linf; conservation; runtime,exact translated solution and time-step halving,required,separate method tables and degree-specific convergence figures,0.525,/Users/timozund/Documents/master_thesis/codex_dev/build/release/examples/advection -d 1 -tf 1.1 -n 1024 -o 3 -method ofdg-kxrcf -cadence auto
advection_1d,proposed,draft,Do all headline methods recover optimal P1-P3 convergence for smooth periodic transport?,Primary scalar accuracy comparison and paper-style error tables.,u_t + u_x = 0,"[0,1] periodic",periodic,oedg,3,1024,-n,1,1.0,order-controlled explicit RK; temporal-error check required,L1; L2; Linf; conservation; runtime,exact translated solution and time-step halving,required,separate method tables and degree-specific convergence figures,0.525,/Users/timozund/Documents/master_thesis/codex_dev/build/release/examples/advection -d 1 -tf 1.1 -n 1024 -o 3 -method oedg -cadence auto
advection_1d,proposed,draft,Do all headline methods recover optimal P1-P3 convergence for smooth periodic transport?,Primary scalar accuracy comparison and paper-style error tables.,u_t + u_x = 0,"[0,1] periodic",periodic,ofdg,3,1024,-n,1,1.0,order-controlled explicit RK; temporal-error check required,L1; L2; Linf; conservation; runtime,exact translated solution and time-step halving,required,separate method tables and degree-specific convergence figures,0.525,/Users/timozund/Documents/master_thesis/codex_dev/build/release/examples/advection -d 1 -tf 1.1 -n 1024 -o 3 -method ofdg -cadence auto
advection_1d,proposed,draft,Do all headline methods recover optimal P1-P3 convergence for smooth periodic transport?,Primary scalar accuracy comparison and paper-style error tables.,u_t + u_x = 0,"[0,1] periodic",periodic,dg,3,2048,-n,1,1.0,order-controlled explicit RK; temporal-error check required,L1; L2; Linf; conservation; runtime,exact translated solution and time-step halving,required,separate method tables and degree-specific convergence figures,0.525,/Users/timozund/Documents/master_thesis/codex_dev/build/release/examples/advection -d 1 -tf 1.1 -n 2048 -o 3 -method dg -cadence auto
advection_1d,proposed,draft,Do all headline methods recover optimal P1-P3 convergence for smooth periodic transport?,Primary scalar accuracy comparison and paper-style error tables.,u_t + u_x = 0,"[0,1] periodic",periodic,ofdg-kxrcf,3,2048,-n,1,1.0,order-controlled explicit RK; temporal-error check required,L1; L2; Linf; conservation; runtime,exact translated solution and time-step halving,required,separate method tables and degree-specific convergence figures,0.525,/Users/timozund/Documents/master_thesis/codex_dev/build/release/examples/advection -d 1 -tf 1.1 -n 2048 -o 3 -method ofdg-kxrcf -cadence auto
advection_1d,proposed,draft,Do all headline methods recover optimal P1-P3 convergence for smooth periodic transport?,Primary scalar accuracy comparison and paper-style error tables.,u_t + u_x = 0,"[0,1] periodic",periodic,oedg,3,2048,-n,1,1.0,order-controlled explicit RK; temporal-error check required,L1; L2; Linf; conservation; runtime,exact translated solution and time-step halving,required,separate method tables and degree-specific convergence figures,0.525,/Users/timozund/Documents/master_thesis/codex_dev/build/release/examples/advection -d 1 -tf 1.1 -n 2048 -o 3 -method oedg -cadence auto
advection_1d,proposed,draft,Do all headline methods recover optimal P1-P3 convergence for smooth periodic transport?,Primary scalar accuracy comparison and paper-style error tables.,u_t + u_x = 0,"[0,1] periodic",periodic,ofdg,3,2048,-n,1,1.0,order-controlled explicit RK; temporal-error check required,L1; L2; Linf; conservation; runtime,exact translated solution and time-step halving,required,separate method tables and degree-specific convergence figures,0.525,/Users/timozund/Documents/master_thesis/codex_dev/build/release/examples/advection -d 1 -tf 1.1 -n 2048 -o 3 -method ofdg -cadence auto
advection_superconvergence,proposed,draft,Are the cell-average and downwind-point superconvergence orders retained?,Reproduction of the e4/e5 analysis in the reference papers.,u_t + u_x = 0,"[0,1] periodic",periodic,dg,1,128,-n,1,1.0,high-order temporal control with Gauss-Radau initialization,e1; e2; e3; e4; e5,exact translated solution and time-step halving,required,paper-style e1-e5 tables,0.875,/Users/timozund/Documents/master_thesis/codex_dev/build/release/examples/advection -d 1 -tf 1.1 -radau-init -n 128 -o 1 -method dg -cadence auto
advection_superconvergence,proposed,draft,Are the cell-average and downwind-point superconvergence orders retained?,Reproduction of the e4/e5 analysis in the reference papers.,u_t + u_x = 0,"[0,1] periodic",periodic,ofdg-kxrcf,1,128,-n,1,1.0,high-order temporal control with Gauss-Radau initialization,e1; e2; e3; e4; e5,exact translated solution and time-step halving,required,paper-style e1-e5 tables,0.875,/Users/timozund/Documents/master_thesis/codex_dev/build/release/examples/advection -d 1 -tf 1.1 -radau-init -n 128 -o 1 -method ofdg-kxrcf -cadence auto
advection_superconvergence,proposed,draft,Are the cell-average and downwind-point superconvergence orders retained?,Reproduction of the e4/e5 analysis in the reference papers.,u_t + u_x = 0,"[0,1] periodic",periodic,oedg,1,128,-n,1,1.0,high-order temporal control with Gauss-Radau initialization,e1; e2; e3; e4; e5,exact translated solution and time-step halving,required,paper-style e1-e5 tables,0.875,/Users/timozund/Documents/master_thesis/codex_dev/build/release/examples/advection -d 1 -tf 1.1 -radau-init -n 128 -o 1 -method oedg -cadence auto
advection_superconvergence,proposed,draft,Are the cell-average and downwind-point superconvergence orders retained?,Reproduction of the e4/e5 analysis in the reference papers.,u_t + u_x = 0,"[0,1] periodic",periodic,ofdg,1,128,-n,1,1.0,high-order temporal control with Gauss-Radau initialization,e1; e2; e3; e4; e5,exact translated solution and time-step halving,required,paper-style e1-e5 tables,0.875,/Users/timozund/Documents/master_thesis/codex_dev/build/release/examples/advection -d 1 -tf 1.1 -radau-init -n 128 -o 1 -method ofdg -cadence auto
advection_superconvergence,proposed,draft,Are the cell-average and downwind-point superconvergence orders retained?,Reproduction of the e4/e5 analysis in the reference papers.,u_t + u_x = 0,"[0,1] periodic",periodic,dg,1,256,-n,1,1.0,high-order temporal control with Gauss-Radau initialization,e1; e2; e3; e4; e5,exact translated solution and time-step halving,required,paper-style e1-e5 tables,0.875,/Users/timozund/Documents/master_thesis/codex_dev/build/release/examples/advection -d 1 -tf 1.1 -radau-init -n 256 -o 1 -method dg -cadence auto
advection_superconvergence,proposed,draft,Are the cell-average and downwind-point superconvergence orders retained?,Reproduction of the e4/e5 analysis in the reference papers.,u_t + u_x = 0,"[0,1] periodic",periodic,ofdg-kxrcf,1,256,-n,1,1.0,high-order temporal control with Gauss-Radau initialization,e1; e2; e3; e4; e5,exact translated solution and time-step halving,required,paper-style e1-e5 tables,0.875,/Users/timozund/Documents/master_thesis/codex_dev/build/release/examples/advection -d 1 -tf 1.1 -radau-init -n 256 -o 1 -method ofdg-kxrcf -cadence auto
advection_superconvergence,proposed,draft,Are the cell-average and downwind-point superconvergence orders retained?,Reproduction of the e4/e5 analysis in the reference papers.,u_t + u_x = 0,"[0,1] periodic",periodic,oedg,1,256,-n,1,1.0,high-order temporal control with Gauss-Radau initialization,e1; e2; e3; e4; e5,exact translated solution and time-step halving,required,paper-style e1-e5 tables,0.875,/Users/timozund/Documents/master_thesis/codex_dev/build/release/examples/advection -d 1 -tf 1.1 -radau-init -n 256 -o 1 -method oedg -cadence auto
advection_superconvergence,proposed,draft,Are the cell-average and downwind-point superconvergence orders retained?,Reproduction of the e4/e5 analysis in the reference papers.,u_t + u_x = 0,"[0,1] periodic",periodic,ofdg,1,256,-n,1,1.0,high-order temporal control with Gauss-Radau initialization,e1; e2; e3; e4; e5,exact translated solution and time-step halving,required,paper-style e1-e5 tables,0.875,/Users/timozund/Documents/master_thesis/codex_dev/build/release/examples/advection -d 1 -tf 1.1 -radau-init -n 256 -o 1 -method ofdg -cadence auto
advection_superconvergence,proposed,draft,Are the cell-average and downwind-point superconvergence orders retained?,Reproduction of the e4/e5 analysis in the reference papers.,u_t + u_x = 0,"[0,1] periodic",periodic,dg,1,512,-n,1,1.0,high-order temporal control with Gauss-Radau initialization,e1; e2; e3; e4; e5,exact translated solution and time-step halving,required,paper-style e1-e5 tables,0.875,/Users/timozund/Documents/master_thesis/codex_dev/build/release/examples/advection -d 1 -tf 1.1 -radau-init -n 512 -o 1 -method dg -cadence auto
advection_superconvergence,proposed,draft,Are the cell-average and downwind-point superconvergence orders retained?,Reproduction of the e4/e5 analysis in the reference papers.,u_t + u_x = 0,"[0,1] periodic",periodic,ofdg-kxrcf,1,512,-n,1,1.0,high-order temporal control with Gauss-Radau initialization,e1; e2; e3; e4; e5,exact translated solution and time-step halving,required,paper-style e1-e5 tables,0.875,/Users/timozund/Documents/master_thesis/codex_dev/build/release/examples/advection -d 1 -tf 1.1 -radau-init -n 512 -o 1 -method ofdg-kxrcf -cadence auto
advection_superconvergence,proposed,draft,Are the cell-average and downwind-point superconvergence orders retained?,Reproduction of the e4/e5 analysis in the reference papers.,u_t + u_x = 0,"[0,1] periodic",periodic,oedg,1,512,-n,1,1.0,high-order temporal control with Gauss-Radau initialization,e1; e2; e3; e4; e5,exact translated solution and time-step halving,required,paper-style e1-e5 tables,0.875,/Users/timozund/Documents/master_thesis/codex_dev/build/release/examples/advection -d 1 -tf 1.1 -radau-init -n 512 -o 1 -method oedg -cadence auto
advection_superconvergence,proposed,draft,Are the cell-average and downwind-point superconvergence orders retained?,Reproduction of the e4/e5 analysis in the reference papers.,u_t + u_x = 0,"[0,1] periodic",periodic,ofdg,1,512,-n,1,1.0,high-order temporal control with Gauss-Radau initialization,e1; e2; e3; e4; e5,exact translated solution and time-step halving,required,paper-style e1-e5 tables,0.875,/Users/timozund/Documents/master_thesis/codex_dev/build/release/examples/advection -d 1 -tf 1.1 -radau-init -n 512 -o 1 -method ofdg -cadence auto
advection_superconvergence,proposed,draft,Are the cell-average and downwind-point superconvergence orders retained?,Reproduction of the e4/e5 analysis in the reference papers.,u_t + u_x = 0,"[0,1] periodic",periodic,dg,1,1024,-n,1,1.0,high-order temporal control with Gauss-Radau initialization,e1; e2; e3; e4; e5,exact translated solution and time-step halving,required,paper-style e1-e5 tables,0.875,/Users/timozund/Documents/master_thesis/codex_dev/build/release/examples/advection -d 1 -tf 1.1 -radau-init -n 1024 -o 1 -method dg -cadence auto
advection_superconvergence,proposed,draft,Are the cell-average and downwind-point superconvergence orders retained?,Reproduction of the e4/e5 analysis in the reference papers.,u_t + u_x = 0,"[0,1] periodic",periodic,ofdg-kxrcf,1,1024,-n,1,1.0,high-order temporal control with Gauss-Radau initialization,e1; e2; e3; e4; e5,exact translated solution and time-step halving,required,paper-style e1-e5 tables,0.875,/Users/timozund/Documents/master_thesis/codex_dev/build/release/examples/advection -d 1 -tf 1.1 -radau-init -n 1024 -o 1 -method ofdg-kxrcf -cadence auto
advection_superconvergence,proposed,draft,Are the cell-average and downwind-point superconvergence orders retained?,Reproduction of the e4/e5 analysis in the reference papers.,u_t + u_x = 0,"[0,1] periodic",periodic,oedg,1,1024,-n,1,1.0,high-order temporal control with Gauss-Radau initialization,e1; e2; e3; e4; e5,exact translated solution and time-step halving,required,paper-style e1-e5 tables,0.875,/Users/timozund/Documents/master_thesis/codex_dev/build/release/examples/advection -d 1 -tf 1.1 -radau-init -n 1024 -o 1 -method oedg -cadence auto
advection_superconvergence,proposed,draft,Are the cell-average and downwind-point superconvergence orders retained?,Reproduction of the e4/e5 analysis in the reference papers.,u_t + u_x = 0,"[0,1] periodic",periodic,ofdg,1,1024,-n,1,1.0,high-order temporal control with Gauss-Radau initialization,e1; e2; e3; e4; e5,exact translated solution and time-step halving,required,paper-style e1-e5 tables,0.875,/Users/timozund/Documents/master_thesis/codex_dev/build/release/examples/advection -d 1 -tf 1.1 -radau-init -n 1024 -o 1 -method ofdg -cadence auto
advection_superconvergence,proposed,draft,Are the cell-average and downwind-point superconvergence orders retained?,Reproduction of the e4/e5 analysis in the reference papers.,u_t + u_x = 0,"[0,1] periodic",periodic,dg,1,2048,-n,1,1.0,high-order temporal control with Gauss-Radau initialization,e1; e2; e3; e4; e5,exact translated solution and time-step halving,required,paper-style e1-e5 tables,0.875,/Users/timozund/Documents/master_thesis/codex_dev/build/release/examples/advection -d 1 -tf 1.1 -radau-init -n 2048 -o 1 -method dg -cadence auto
advection_superconvergence,proposed,draft,Are the cell-average and downwind-point superconvergence orders retained?,Reproduction of the e4/e5 analysis in the reference papers.,u_t + u_x = 0,"[0,1] periodic",periodic,ofdg-kxrcf,1,2048,-n,1,1.0,high-order temporal control with Gauss-Radau initialization,e1; e2; e3; e4; e5,exact translated solution and time-step halving,required,paper-style e1-e5 tables,0.875,/Users/timozund/Documents/master_thesis/codex_dev/build/release/examples/advection -d 1 -tf 1.1 -radau-init -n 2048 -o 1 -method ofdg-kxrcf -cadence auto
advection_superconvergence,proposed,draft,Are the cell-average and downwind-point superconvergence orders retained?,Reproduction of the e4/e5 analysis in the reference papers.,u_t + u_x = 0,"[0,1] periodic",periodic,oedg,1,2048,-n,1,1.0,high-order temporal control with Gauss-Radau initialization,e1; e2; e3; e4; e5,exact translated solution and time-step halving,required,paper-style e1-e5 tables,0.875,/Users/timozund/Documents/master_thesis/codex_dev/build/release/examples/advection -d 1 -tf 1.1 -radau-init -n 2048 -o 1 -method oedg -cadence auto
advection_superconvergence,proposed,draft,Are the cell-average and downwind-point superconvergence orders retained?,Reproduction of the e4/e5 analysis in the reference papers.,u_t + u_x = 0,"[0,1] periodic",periodic,ofdg,1,2048,-n,1,1.0,high-order temporal control with Gauss-Radau initialization,e1; e2; e3; e4; e5,exact translated solution and time-step halving,required,paper-style e1-e5 tables,0.875,/Users/timozund/Documents/master_thesis/codex_dev/build/release/examples/advection -d 1 -tf 1.1 -radau-init -n 2048 -o 1 -method ofdg -cadence auto
advection_superconvergence,proposed,draft,Are the cell-average and downwind-point superconvergence orders retained?,Reproduction of the e4/e5 analysis in the reference papers.,u_t + u_x = 0,"[0,1] periodic",periodic,dg,2,128,-n,1,1.0,high-order temporal control with Gauss-Radau initialization,e1; e2; e3; e4; e5,exact translated solution and time-step halving,required,paper-style e1-e5 tables,0.875,/Users/timozund/Documents/master_thesis/codex_dev/build/release/examples/advection -d 1 -tf 1.1 -radau-init -n 128 -o 2 -method dg -cadence auto
advection_superconvergence,proposed,draft,Are the cell-average and downwind-point superconvergence orders retained?,Reproduction of the e4/e5 analysis in the reference papers.,u_t + u_x = 0,"[0,1] periodic",periodic,ofdg-kxrcf,2,128,-n,1,1.0,high-order temporal control with Gauss-Radau initialization,e1; e2; e3; e4; e5,exact translated solution and time-step halving,required,paper-style e1-e5 tables,0.875,/Users/timozund/Documents/master_thesis/codex_dev/build/release/examples/advection -d 1 -tf 1.1 -radau-init -n 128 -o 2 -method ofdg-kxrcf -cadence auto
advection_superconvergence,proposed,draft,Are the cell-average and downwind-point superconvergence orders retained?,Reproduction of the e4/e5 analysis in the reference papers.,u_t + u_x = 0,"[0,1] periodic",periodic,oedg,2,128,-n,1,1.0,high-order temporal control with Gauss-Radau initialization,e1; e2; e3; e4; e5,exact translated solution and time-step halving,required,paper-style e1-e5 tables,0.875,/Users/timozund/Documents/master_thesis/codex_dev/build/release/examples/advection -d 1 -tf 1.1 -radau-init -n 128 -o 2 -method oedg -cadence auto
advection_superconvergence,proposed,draft,Are the cell-average and downwind-point superconvergence orders retained?,Reproduction of the e4/e5 analysis in the reference papers.,u_t + u_x = 0,"[0,1] periodic",periodic,ofdg,2,128,-n,1,1.0,high-order temporal control with Gauss-Radau initialization,e1; e2; e3; e4; e5,exact translated solution and time-step halving,required,paper-style e1-e5 tables,0.875,/Users/timozund/Documents/master_thesis/codex_dev/build/release/examples/advection -d 1 -tf 1.1 -radau-init -n 128 -o 2 -method ofdg -cadence auto
advection_superconvergence,proposed,draft,Are the cell-average and downwind-point superconvergence orders retained?,Reproduction of the e4/e5 analysis in the reference papers.,u_t + u_x = 0,"[0,1] periodic",periodic,dg,2,256,-n,1,1.0,high-order temporal control with Gauss-Radau initialization,e1; e2; e3; e4; e5,exact translated solution and time-step halving,required,paper-style e1-e5 tables,0.875,/Users/timozund/Documents/master_thesis/codex_dev/build/release/examples/advection -d 1 -tf 1.1 -radau-init -n 256 -o 2 -method dg -cadence auto
advection_superconvergence,proposed,draft,Are the cell-average and downwind-point superconvergence orders retained?,Reproduction of the e4/e5 analysis in the reference papers.,u_t + u_x = 0,"[0,1] periodic",periodic,ofdg-kxrcf,2,256,-n,1,1.0,high-order temporal control with Gauss-Radau initialization,e1; e2; e3; e4; e5,exact translated solution and time-step halving,required,paper-style e1-e5 tables,0.875,/Users/timozund/Documents/master_thesis/codex_dev/build/release/examples/advection -d 1 -tf 1.1 -radau-init -n 256 -o 2 -method ofdg-kxrcf -cadence auto
advection_superconvergence,proposed,draft,Are the cell-average and downwind-point superconvergence orders retained?,Reproduction of the e4/e5 analysis in the reference papers.,u_t + u_x = 0,"[0,1] periodic",periodic,oedg,2,256,-n,1,1.0,high-order temporal control with Gauss-Radau initialization,e1; e2; e3; e4; e5,exact translated solution and time-step halving,required,paper-style e1-e5 tables,0.875,/Users/timozund/Documents/master_thesis/codex_dev/build/release/examples/advection -d 1 -tf 1.1 -radau-init -n 256 -o 2 -method oedg -cadence auto
advection_superconvergence,proposed,draft,Are the cell-average and downwind-point superconvergence orders retained?,Reproduction of the e4/e5 analysis in the reference papers.,u_t + u_x = 0,"[0,1] periodic",periodic,ofdg,2,256,-n,1,1.0,high-order temporal control with Gauss-Radau initialization,e1; e2; e3; e4; e5,exact translated solution and time-step halving,required,paper-style e1-e5 tables,0.875,/Users/timozund/Documents/master_thesis/codex_dev/build/release/examples/advection -d 1 -tf 1.1 -radau-init -n 256 -o 2 -method ofdg -cadence auto
advection_superconvergence,proposed,draft,Are the cell-average and downwind-point superconvergence orders retained?,Reproduction of the e4/e5 analysis in the reference papers.,u_t + u_x = 0,"[0,1] periodic",periodic,dg,2,512,-n,1,1.0,high-order temporal control with Gauss-Radau initialization,e1; e2; e3; e4; e5,exact translated solution and time-step halving,required,paper-style e1-e5 tables,0.875,/Users/timozund/Documents/master_thesis/codex_dev/build/release/examples/advection -d 1 -tf 1.1 -radau-init -n 512 -o 2 -method dg -cadence auto
advection_superconvergence,proposed,draft,Are the cell-average and downwind-point superconvergence orders retained?,Reproduction of the e4/e5 analysis in the reference papers.,u_t + u_x = 0,"[0,1] periodic",periodic,ofdg-kxrcf,2,512,-n,1,1.0,high-order temporal control with Gauss-Radau initialization,e1; e2; e3; e4; e5,exact translated solution and time-step halving,required,paper-style e1-e5 tables,0.875,/Users/timozund/Documents/master_thesis/codex_dev/build/release/examples/advection -d 1 -tf 1.1 -radau-init -n 512 -o 2 -method ofdg-kxrcf -cadence auto
advection_superconvergence,proposed,draft,Are the cell-average and downwind-point superconvergence orders retained?,Reproduction of the e4/e5 analysis in the reference papers.,u_t + u_x = 0,"[0,1] periodic",periodic,oedg,2,512,-n,1,1.0,high-order temporal control with Gauss-Radau initialization,e1; e2; e3; e4; e5,exact translated solution and time-step halving,required,paper-style e1-e5 tables,0.875,/Users/timozund/Documents/master_thesis/codex_dev/build/release/examples/advection -d 1 -tf 1.1 -radau-init -n 512 -o 2 -method oedg -cadence auto
advection_superconvergence,proposed,draft,Are the cell-average and downwind-point superconvergence orders retained?,Reproduction of the e4/e5 analysis in the reference papers.,u_t + u_x = 0,"[0,1] periodic",periodic,ofdg,2,512,-n,1,1.0,high-order temporal control with Gauss-Radau initialization,e1; e2; e3; e4; e5,exact translated solution and time-step halving,required,paper-style e1-e5 tables,0.875,/Users/timozund/Documents/master_thesis/codex_dev/build/release/examples/advection -d 1 -tf 1.1 -radau-init -n 512 -o 2 -method ofdg -cadence auto
advection_superconvergence,proposed,draft,Are the cell-average and downwind-point superconvergence orders retained?,Reproduction of the e4/e5 analysis in the reference papers.,u_t + u_x = 0,"[0,1] periodic",periodic,dg,2,1024,-n,1,1.0,high-order temporal control with Gauss-Radau initialization,e1; e2; e3; e4; e5,exact translated solution and time-step halving,required,paper-style e1-e5 tables,0.875,/Users/timozund/Documents/master_thesis/codex_dev/build/release/examples/advection -d 1 -tf 1.1 -radau-init -n 1024 -o 2 -method dg -cadence auto
advection_superconvergence,proposed,draft,Are the cell-average and downwind-point superconvergence orders retained?,Reproduction of the e4/e5 analysis in the reference papers.,u_t + u_x = 0,"[0,1] periodic",periodic,ofdg-kxrcf,2,1024,-n,1,1.0,high-order temporal control with Gauss-Radau initialization,e1; e2; e3; e4; e5,exact translated solution and time-step halving,required,paper-style e1-e5 tables,0.875,/Users/timozund/Documents/master_thesis/codex_dev/build/release/examples/advection -d 1 -tf 1.1 -radau-init -n 1024 -o 2 -method ofdg-kxrcf -cadence auto
advection_superconvergence,proposed,draft,Are the cell-average and downwind-point superconvergence orders retained?,Reproduction of the e4/e5 analysis in the reference papers.,u_t + u_x = 0,"[0,1] periodic",periodic,oedg,2,1024,-n,1,1.0,high-order temporal control with Gauss-Radau initialization,e1; e2; e3; e4; e5,exact translated solution and time-step halving,required,paper-style e1-e5 tables,0.875,/Users/timozund/Documents/master_thesis/codex_dev/build/release/examples/advection -d 1 -tf 1.1 -radau-init -n 1024 -o 2 -method oedg -cadence auto
advection_superconvergence,proposed,draft,Are the cell-average and downwind-point superconvergence orders retained?,Reproduction of the e4/e5 analysis in the reference papers.,u_t + u_x = 0,"[0,1] periodic",periodic,ofdg,2,1024,-n,1,1.0,high-order temporal control with Gauss-Radau initialization,e1; e2; e3; e4; e5,exact translated solution and time-step halving,required,paper-style e1-e5 tables,0.875,/Users/timozund/Documents/master_thesis/codex_dev/build/release/examples/advection -d 1 -tf 1.1 -radau-init -n 1024 -o 2 -method ofdg -cadence auto
advection_superconvergence,proposed,draft,Are the cell-average and downwind-point superconvergence orders retained?,Reproduction of the e4/e5 analysis in the reference papers.,u_t + u_x = 0,"[0,1] periodic",periodic,dg,2,2048,-n,1,1.0,high-order temporal control with Gauss-Radau initialization,e1; e2; e3; e4; e5,exact translated solution and time-step halving,required,paper-style e1-e5 tables,0.875,/Users/timozund/Documents/master_thesis/codex_dev/build/release/examples/advection -d 1 -tf 1.1 -radau-init -n 2048 -o 2 -method dg -cadence auto
advection_superconvergence,proposed,draft,Are the cell-average and downwind-point superconvergence orders retained?,Reproduction of the e4/e5 analysis in the reference papers.,u_t + u_x = 0,"[0,1] periodic",periodic,ofdg-kxrcf,2,2048,-n,1,1.0,high-order temporal control with Gauss-Radau initialization,e1; e2; e3; e4; e5,exact translated solution and time-step halving,required,paper-style e1-e5 tables,0.875,/Users/timozund/Documents/master_thesis/codex_dev/build/release/examples/advection -d 1 -tf 1.1 -radau-init -n 2048 -o 2 -method ofdg-kxrcf -cadence auto
advection_superconvergence,proposed,draft,Are the cell-average and downwind-point superconvergence orders retained?,Reproduction of the e4/e5 analysis in the reference papers.,u_t + u_x = 0,"[0,1] periodic",periodic,oedg,2,2048,-n,1,1.0,high-order temporal control with Gauss-Radau initialization,e1; e2; e3; e4; e5,exact translated solution and time-step halving,required,paper-style e1-e5 tables,0.875,/Users/timozund/Documents/master_thesis/codex_dev/build/release/examples/advection -d 1 -tf 1.1 -radau-init -n 2048 -o 2 -method oedg -cadence auto
advection_superconvergence,proposed,draft,Are the cell-average and downwind-point superconvergence orders retained?,Reproduction of the e4/e5 analysis in the reference papers.,u_t + u_x = 0,"[0,1] periodic",periodic,ofdg,2,2048,-n,1,1.0,high-order temporal control with Gauss-Radau initialization,e1; e2; e3; e4; e5,exact translated solution and time-step halving,required,paper-style e1-e5 tables,0.875,/Users/timozund/Documents/master_thesis/codex_dev/build/release/examples/advection -d 1 -tf 1.1 -radau-init -n 2048 -o 2 -method ofdg -cadence auto
advection_superconvergence,proposed,draft,Are the cell-average and downwind-point superconvergence orders retained?,Reproduction of the e4/e5 analysis in the reference papers.,u_t + u_x = 0,"[0,1] periodic",periodic,dg,3,128,-n,1,1.0,high-order temporal control with Gauss-Radau initialization,e1; e2; e3; e4; e5,exact translated solution and time-step halving,required,paper-style e1-e5 tables,0.875,/Users/timozund/Documents/master_thesis/codex_dev/build/release/examples/advection -d 1 -tf 1.1 -radau-init -n 128 -o 3 -method dg -cadence auto
advection_superconvergence,proposed,draft,Are the cell-average and downwind-point superconvergence orders retained?,Reproduction of the e4/e5 analysis in the reference papers.,u_t + u_x = 0,"[0,1] periodic",periodic,ofdg-kxrcf,3,128,-n,1,1.0,high-order temporal control with Gauss-Radau initialization,e1; e2; e3; e4; e5,exact translated solution and time-step halving,required,paper-style e1-e5 tables,0.875,/Users/timozund/Documents/master_thesis/codex_dev/build/release/examples/advection -d 1 -tf 1.1 -radau-init -n 128 -o 3 -method ofdg-kxrcf -cadence auto
advection_superconvergence,proposed,draft,Are the cell-average and downwind-point superconvergence orders retained?,Reproduction of the e4/e5 analysis in the reference papers.,u_t + u_x = 0,"[0,1] periodic",periodic,oedg,3,128,-n,1,1.0,high-order temporal control with Gauss-Radau initialization,e1; e2; e3; e4; e5,exact translated solution and time-step halving,required,paper-style e1-e5 tables,0.875,/Users/timozund/Documents/master_thesis/codex_dev/build/release/examples/advection -d 1 -tf 1.1 -radau-init -n 128 -o 3 -method oedg -cadence auto
advection_superconvergence,proposed,draft,Are the cell-average and downwind-point superconvergence orders retained?,Reproduction of the e4/e5 analysis in the reference papers.,u_t + u_x = 0,"[0,1] periodic",periodic,ofdg,3,128,-n,1,1.0,high-order temporal control with Gauss-Radau initialization,e1; e2; e3; e4; e5,exact translated solution and time-step halving,required,paper-style e1-e5 tables,0.875,/Users/timozund/Documents/master_thesis/codex_dev/build/release/examples/advection -d 1 -tf 1.1 -radau-init -n 128 -o 3 -method ofdg -cadence auto
advection_superconvergence,proposed,draft,Are the cell-average and downwind-point superconvergence orders retained?,Reproduction of the e4/e5 analysis in the reference papers.,u_t + u_x = 0,"[0,1] periodic",periodic,dg,3,256,-n,1,1.0,high-order temporal control with Gauss-Radau initialization,e1; e2; e3; e4; e5,exact translated solution and time-step halving,required,paper-style e1-e5 tables,0.875,/Users/timozund/Documents/master_thesis/codex_dev/build/release/examples/advection -d 1 -tf 1.1 -radau-init -n 256 -o 3 -method dg -cadence auto
advection_superconvergence,proposed,draft,Are the cell-average and downwind-point superconvergence orders retained?,Reproduction of the e4/e5 analysis in the reference papers.,u_t + u_x = 0,"[0,1] periodic",periodic,ofdg-kxrcf,3,256,-n,1,1.0,high-order temporal control with Gauss-Radau initialization,e1; e2; e3; e4; e5,exact translated solution and time-step halving,required,paper-style e1-e5 tables,0.875,/Users/timozund/Documents/master_thesis/codex_dev/build/release/examples/advection -d 1 -tf 1.1 -radau-init -n 256 -o 3 -method ofdg-kxrcf -cadence auto
advection_superconvergence,proposed,draft,Are the cell-average and downwind-point superconvergence orders retained?,Reproduction of the e4/e5 analysis in the reference papers.,u_t + u_x = 0,"[0,1] periodic",periodic,oedg,3,256,-n,1,1.0,high-order temporal control with Gauss-Radau initialization,e1; e2; e3; e4; e5,exact translated solution and time-step halving,required,paper-style e1-e5 tables,0.875,/Users/timozund/Documents/master_thesis/codex_dev/build/release/examples/advection -d 1 -tf 1.1 -radau-init -n 256 -o 3 -method oedg -cadence auto
advection_superconvergence,proposed,draft,Are the cell-average and downwind-point superconvergence orders retained?,Reproduction of the e4/e5 analysis in the reference papers.,u_t + u_x = 0,"[0,1] periodic",periodic,ofdg,3,256,-n,1,1.0,high-order temporal control with Gauss-Radau initialization,e1; e2; e3; e4; e5,exact translated solution and time-step halving,required,paper-style e1-e5 tables,0.875,/Users/timozund/Documents/master_thesis/codex_dev/build/release/examples/advection -d 1 -tf 1.1 -radau-init -n 256 -o 3 -method ofdg -cadence auto
advection_superconvergence,proposed,draft,Are the cell-average and downwind-point superconvergence orders retained?,Reproduction of the e4/e5 analysis in the reference papers.,u_t + u_x = 0,"[0,1] periodic",periodic,dg,3,512,-n,1,1.0,high-order temporal control with Gauss-Radau initialization,e1; e2; e3; e4; e5,exact translated solution and time-step halving,required,paper-style e1-e5 tables,0.875,/Users/timozund/Documents/master_thesis/codex_dev/build/release/examples/advection -d 1 -tf 1.1 -radau-init -n 512 -o 3 -method dg -cadence auto
advection_superconvergence,proposed,draft,Are the cell-average and downwind-point superconvergence orders retained?,Reproduction of the e4/e5 analysis in the reference papers.,u_t + u_x = 0,"[0,1] periodic",periodic,ofdg-kxrcf,3,512,-n,1,1.0,high-order temporal control with Gauss-Radau initialization,e1; e2; e3; e4; e5,exact translated solution and time-step halving,required,paper-style e1-e5 tables,0.875,/Users/timozund/Documents/master_thesis/codex_dev/build/release/examples/advection -d 1 -tf 1.1 -radau-init -n 512 -o 3 -method ofdg-kxrcf -cadence auto
advection_superconvergence,proposed,draft,Are the cell-average and downwind-point superconvergence orders retained?,Reproduction of the e4/e5 analysis in the reference papers.,u_t + u_x = 0,"[0,1] periodic",periodic,oedg,3,512,-n,1,1.0,high-order temporal control with Gauss-Radau initialization,e1; e2; e3; e4; e5,exact translated solution and time-step halving,required,paper-style e1-e5 tables,0.875,/Users/timozund/Documents/master_thesis/codex_dev/build/release/examples/advection -d 1 -tf 1.1 -radau-init -n 512 -o 3 -method oedg -cadence auto
advection_superconvergence,proposed,draft,Are the cell-average and downwind-point superconvergence orders retained?,Reproduction of the e4/e5 analysis in the reference papers.,u_t + u_x = 0,"[0,1] periodic",periodic,ofdg,3,512,-n,1,1.0,high-order temporal control with Gauss-Radau initialization,e1; e2; e3; e4; e5,exact translated solution and time-step halving,required,paper-style e1-e5 tables,0.875,/Users/timozund/Documents/master_thesis/codex_dev/build/release/examples/advection -d 1 -tf 1.1 -radau-init -n 512 -o 3 -method ofdg -cadence auto
advection_superconvergence,proposed,draft,Are the cell-average and downwind-point superconvergence orders retained?,Reproduction of the e4/e5 analysis in the reference papers.,u_t + u_x = 0,"[0,1] periodic",periodic,dg,3,1024,-n,1,1.0,high-order temporal control with Gauss-Radau initialization,e1; e2; e3; e4; e5,exact translated solution and time-step halving,required,paper-style e1-e5 tables,0.875,/Users/timozund/Documents/master_thesis/codex_dev/build/release/examples/advection -d 1 -tf 1.1 -radau-init -n 1024 -o 3 -method dg -cadence auto
advection_superconvergence,proposed,draft,Are the cell-average and downwind-point superconvergence orders retained?,Reproduction of the e4/e5 analysis in the reference papers.,u_t + u_x = 0,"[0,1] periodic",periodic,ofdg-kxrcf,3,1024,-n,1,1.0,high-order temporal control with Gauss-Radau initialization,e1; e2; e3; e4; e5,exact translated solution and time-step halving,required,paper-style e1-e5 tables,0.875,/Users/timozund/Documents/master_thesis/codex_dev/build/release/examples/advection -d 1 -tf 1.1 -radau-init -n 1024 -o 3 -method ofdg-kxrcf -cadence auto
advection_superconvergence,proposed,draft,Are the cell-average and downwind-point superconvergence orders retained?,Reproduction of the e4/e5 analysis in the reference papers.,u_t + u_x = 0,"[0,1] periodic",periodic,oedg,3,1024,-n,1,1.0,high-order temporal control with Gauss-Radau initialization,e1; e2; e3; e4; e5,exact translated solution and time-step halving,required,paper-style e1-e5 tables,0.875,/Users/timozund/Documents/master_thesis/codex_dev/build/release/examples/advection -d 1 -tf 1.1 -radau-init -n 1024 -o 3 -method oedg -cadence auto
advection_superconvergence,proposed,draft,Are the cell-average and downwind-point superconvergence orders retained?,Reproduction of the e4/e5 analysis in the reference papers.,u_t + u_x = 0,"[0,1] periodic",periodic,ofdg,3,1024,-n,1,1.0,high-order temporal control with Gauss-Radau initialization,e1; e2; e3; e4; e5,exact translated solution and time-step halving,required,paper-style e1-e5 tables,0.875,/Users/timozund/Documents/master_thesis/codex_dev/build/release/examples/advection -d 1 -tf 1.1 -radau-init -n 1024 -o 3 -method ofdg -cadence auto
advection_superconvergence,proposed,draft,Are the cell-average and downwind-point superconvergence orders retained?,Reproduction of the e4/e5 analysis in the reference papers.,u_t + u_x = 0,"[0,1] periodic",periodic,dg,3,2048,-n,1,1.0,high-order temporal control with Gauss-Radau initialization,e1; e2; e3; e4; e5,exact translated solution and time-step halving,required,paper-style e1-e5 tables,0.875,/Users/timozund/Documents/master_thesis/codex_dev/build/release/examples/advection -d 1 -tf 1.1 -radau-init -n 2048 -o 3 -method dg -cadence auto
advection_superconvergence,proposed,draft,Are the cell-average and downwind-point superconvergence orders retained?,Reproduction of the e4/e5 analysis in the reference papers.,u_t + u_x = 0,"[0,1] periodic",periodic,ofdg-kxrcf,3,2048,-n,1,1.0,high-order temporal control with Gauss-Radau initialization,e1; e2; e3; e4; e5,exact translated solution and time-step halving,required,paper-style e1-e5 tables,0.875,/Users/timozund/Documents/master_thesis/codex_dev/build/release/examples/advection -d 1 -tf 1.1 -radau-init -n 2048 -o 3 -method ofdg-kxrcf -cadence auto
advection_superconvergence,proposed,draft,Are the cell-average and downwind-point superconvergence orders retained?,Reproduction of the e4/e5 analysis in the reference papers.,u_t + u_x = 0,"[0,1] periodic",periodic,oedg,3,2048,-n,1,1.0,high-order temporal control with Gauss-Radau initialization,e1; e2; e3; e4; e5,exact translated solution and time-step halving,required,paper-style e1-e5 tables,0.875,/Users/timozund/Documents/master_thesis/codex_dev/build/release/examples/advection -d 1 -tf 1.1 -radau-init -n 2048 -o 3 -method oedg -cadence auto
advection_superconvergence,proposed,draft,Are the cell-average and downwind-point superconvergence orders retained?,Reproduction of the e4/e5 analysis in the reference papers.,u_t + u_x = 0,"[0,1] periodic",periodic,ofdg,3,2048,-n,1,1.0,high-order temporal control with Gauss-Radau initialization,e1; e2; e3; e4; e5,exact translated solution and time-step halving,required,paper-style e1-e5 tables,0.875,/Users/timozund/Documents/master_thesis/codex_dev/build/release/examples/advection -d 1 -tf 1.1 -radau-init -n 2048 -o 3 -method ofdg -cadence auto
burgers_smooth,proposed,draft,Is optimal accuracy retained for a nonlinear scalar flux before shock formation?,Nonlinear smooth convergence validation.,u_t + (u^2/2)_x = 0,"[0,2pi] periodic",periodic,dg,1,64,-n,1,1.0,order-controlled explicit RK,L1; L2; Linf; conservation,characteristic exact solution and time-step halving,required,separate method convergence tables,0.875,/Users/timozund/Documents/master_thesis/codex_dev/build/release/examples/burgers -p 1 -tf 0.6 -n 64 -o 1 -method dg -cadence auto
burgers_smooth,proposed,draft,Is optimal accuracy retained for a nonlinear scalar flux before shock formation?,Nonlinear smooth convergence validation.,u_t + (u^2/2)_x = 0,"[0,2pi] periodic",periodic,ofdg-kxrcf,1,64,-n,1,1.0,order-controlled explicit RK,L1; L2; Linf; conservation,characteristic exact solution and time-step halving,required,separate method convergence tables,0.875,/Users/timozund/Documents/master_thesis/codex_dev/build/release/examples/burgers -p 1 -tf 0.6 -n 64 -o 1 -method ofdg-kxrcf -cadence auto
burgers_smooth,proposed,draft,Is optimal accuracy retained for a nonlinear scalar flux before shock formation?,Nonlinear smooth convergence validation.,u_t + (u^2/2)_x = 0,"[0,2pi] periodic",periodic,oedg,1,64,-n,1,1.0,order-controlled explicit RK,L1; L2; Linf; conservation,characteristic exact solution and time-step halving,required,separate method convergence tables,0.875,/Users/timozund/Documents/master_thesis/codex_dev/build/release/examples/burgers -p 1 -tf 0.6 -n 64 -o 1 -method oedg -cadence auto
burgers_smooth,proposed,draft,Is optimal accuracy retained for a nonlinear scalar flux before shock formation?,Nonlinear smooth convergence validation.,u_t + (u^2/2)_x = 0,"[0,2pi] periodic",periodic,ofdg,1,64,-n,1,1.0,order-controlled explicit RK,L1; L2; Linf; conservation,characteristic exact solution and time-step halving,required,separate method convergence tables,0.875,/Users/timozund/Documents/master_thesis/codex_dev/build/release/examples/burgers -p 1 -tf 0.6 -n 64 -o 1 -method ofdg -cadence auto
burgers_smooth,proposed,draft,Is optimal accuracy retained for a nonlinear scalar flux before shock formation?,Nonlinear smooth convergence validation.,u_t + (u^2/2)_x = 0,"[0,2pi] periodic",periodic,dg,1,128,-n,1,1.0,order-controlled explicit RK,L1; L2; Linf; conservation,characteristic exact solution and time-step halving,required,separate method convergence tables,0.875,/Users/timozund/Documents/master_thesis/codex_dev/build/release/examples/burgers -p 1 -tf 0.6 -n 128 -o 1 -method dg -cadence auto
burgers_smooth,proposed,draft,Is optimal accuracy retained for a nonlinear scalar flux before shock formation?,Nonlinear smooth convergence validation.,u_t + (u^2/2)_x = 0,"[0,2pi] periodic",periodic,ofdg-kxrcf,1,128,-n,1,1.0,order-controlled explicit RK,L1; L2; Linf; conservation,characteristic exact solution and time-step halving,required,separate method convergence tables,0.875,/Users/timozund/Documents/master_thesis/codex_dev/build/release/examples/burgers -p 1 -tf 0.6 -n 128 -o 1 -method ofdg-kxrcf -cadence auto
burgers_smooth,proposed,draft,Is optimal accuracy retained for a nonlinear scalar flux before shock formation?,Nonlinear smooth convergence validation.,u_t + (u^2/2)_x = 0,"[0,2pi] periodic",periodic,oedg,1,128,-n,1,1.0,order-controlled explicit RK,L1; L2; Linf; conservation,characteristic exact solution and time-step halving,required,separate method convergence tables,0.875,/Users/timozund/Documents/master_thesis/codex_dev/build/release/examples/burgers -p 1 -tf 0.6 -n 128 -o 1 -method oedg -cadence auto
burgers_smooth,proposed,draft,Is optimal accuracy retained for a nonlinear scalar flux before shock formation?,Nonlinear smooth convergence validation.,u_t + (u^2/2)_x = 0,"[0,2pi] periodic",periodic,ofdg,1,128,-n,1,1.0,order-controlled explicit RK,L1; L2; Linf; conservation,characteristic exact solution and time-step halving,required,separate method convergence tables,0.875,/Users/timozund/Documents/master_thesis/codex_dev/build/release/examples/burgers -p 1 -tf 0.6 -n 128 -o 1 -method ofdg -cadence auto
burgers_smooth,proposed,draft,Is optimal accuracy retained for a nonlinear scalar flux before shock formation?,Nonlinear smooth convergence validation.,u_t + (u^2/2)_x = 0,"[0,2pi] periodic",periodic,dg,1,256,-n,1,1.0,order-controlled explicit RK,L1; L2; Linf; conservation,characteristic exact solution and time-step halving,required,separate method convergence tables,0.875,/Users/timozund/Documents/master_thesis/codex_dev/build/release/examples/burgers -p 1 -tf 0.6 -n 256 -o 1 -method dg -cadence auto
burgers_smooth,proposed,draft,Is optimal accuracy retained for a nonlinear scalar flux before shock formation?,Nonlinear smooth convergence validation.,u_t + (u^2/2)_x = 0,"[0,2pi] periodic",periodic,ofdg-kxrcf,1,256,-n,1,1.0,order-controlled explicit RK,L1; L2; Linf; conservation,characteristic exact solution and time-step halving,required,separate method convergence tables,0.875,/Users/timozund/Documents/master_thesis/codex_dev/build/release/examples/burgers -p 1 -tf 0.6 -n 256 -o 1 -method ofdg-kxrcf -cadence auto
burgers_smooth,proposed,draft,Is optimal accuracy retained for a nonlinear scalar flux before shock formation?,Nonlinear smooth convergence validation.,u_t + (u^2/2)_x = 0,"[0,2pi] periodic",periodic,oedg,1,256,-n,1,1.0,order-controlled explicit RK,L1; L2; Linf; conservation,characteristic exact solution and time-step halving,required,separate method convergence tables,0.875,/Users/timozund/Documents/master_thesis/codex_dev/build/release/examples/burgers -p 1 -tf 0.6 -n 256 -o 1 -method oedg -cadence auto
burgers_smooth,proposed,draft,Is optimal accuracy retained for a nonlinear scalar flux before shock formation?,Nonlinear smooth convergence validation.,u_t + (u^2/2)_x = 0,"[0,2pi] periodic",periodic,ofdg,1,256,-n,1,1.0,order-controlled explicit RK,L1; L2; Linf; conservation,characteristic exact solution and time-step halving,required,separate method convergence tables,0.875,/Users/timozund/Documents/master_thesis/codex_dev/build/release/examples/burgers -p 1 -tf 0.6 -n 256 -o 1 -method ofdg -cadence auto
burgers_smooth,proposed,draft,Is optimal accuracy retained for a nonlinear scalar flux before shock formation?,Nonlinear smooth convergence validation.,u_t + (u^2/2)_x = 0,"[0,2pi] periodic",periodic,dg,1,512,-n,1,1.0,order-controlled explicit RK,L1; L2; Linf; conservation,characteristic exact solution and time-step halving,required,separate method convergence tables,0.875,/Users/timozund/Documents/master_thesis/codex_dev/build/release/examples/burgers -p 1 -tf 0.6 -n 512 -o 1 -method dg -cadence auto
burgers_smooth,proposed,draft,Is optimal accuracy retained for a nonlinear scalar flux before shock formation?,Nonlinear smooth convergence validation.,u_t + (u^2/2)_x = 0,"[0,2pi] periodic",periodic,ofdg-kxrcf,1,512,-n,1,1.0,order-controlled explicit RK,L1; L2; Linf; conservation,characteristic exact solution and time-step halving,required,separate method convergence tables,0.875,/Users/timozund/Documents/master_thesis/codex_dev/build/release/examples/burgers -p 1 -tf 0.6 -n 512 -o 1 -method ofdg-kxrcf -cadence auto
burgers_smooth,proposed,draft,Is optimal accuracy retained for a nonlinear scalar flux before shock formation?,Nonlinear smooth convergence validation.,u_t + (u^2/2)_x = 0,"[0,2pi] periodic",periodic,oedg,1,512,-n,1,1.0,order-controlled explicit RK,L1; L2; Linf; conservation,characteristic exact solution and time-step halving,required,separate method convergence tables,0.875,/Users/timozund/Documents/master_thesis/codex_dev/build/release/examples/burgers -p 1 -tf 0.6 -n 512 -o 1 -method oedg -cadence auto
burgers_smooth,proposed,draft,Is optimal accuracy retained for a nonlinear scalar flux before shock formation?,Nonlinear smooth convergence validation.,u_t + (u^2/2)_x = 0,"[0,2pi] periodic",periodic,ofdg,1,512,-n,1,1.0,order-controlled explicit RK,L1; L2; Linf; conservation,characteristic exact solution and time-step halving,required,separate method convergence tables,0.875,/Users/timozund/Documents/master_thesis/codex_dev/build/release/examples/burgers -p 1 -tf 0.6 -n 512 -o 1 -method ofdg -cadence auto
burgers_smooth,proposed,draft,Is optimal accuracy retained for a nonlinear scalar flux before shock formation?,Nonlinear smooth convergence validation.,u_t + (u^2/2)_x = 0,"[0,2pi] periodic",periodic,dg,1,1024,-n,1,1.0,order-controlled explicit RK,L1; L2; Linf; conservation,characteristic exact solution and time-step halving,required,separate method convergence tables,0.875,/Users/timozund/Documents/master_thesis/codex_dev/build/release/examples/burgers -p 1 -tf 0.6 -n 1024 -o 1 -method dg -cadence auto
burgers_smooth,proposed,draft,Is optimal accuracy retained for a nonlinear scalar flux before shock formation?,Nonlinear smooth convergence validation.,u_t + (u^2/2)_x = 0,"[0,2pi] periodic",periodic,ofdg-kxrcf,1,1024,-n,1,1.0,order-controlled explicit RK,L1; L2; Linf; conservation,characteristic exact solution and time-step halving,required,separate method convergence tables,0.875,/Users/timozund/Documents/master_thesis/codex_dev/build/release/examples/burgers -p 1 -tf 0.6 -n 1024 -o 1 -method ofdg-kxrcf -cadence auto
burgers_smooth,proposed,draft,Is optimal accuracy retained for a nonlinear scalar flux before shock formation?,Nonlinear smooth convergence validation.,u_t + (u^2/2)_x = 0,"[0,2pi] periodic",periodic,oedg,1,1024,-n,1,1.0,order-controlled explicit RK,L1; L2; Linf; conservation,characteristic exact solution and time-step halving,required,separate method convergence tables,0.875,/Users/timozund/Documents/master_thesis/codex_dev/build/release/examples/burgers -p 1 -tf 0.6 -n 1024 -o 1 -method oedg -cadence auto
burgers_smooth,proposed,draft,Is optimal accuracy retained for a nonlinear scalar flux before shock formation?,Nonlinear smooth convergence validation.,u_t + (u^2/2)_x = 0,"[0,2pi] periodic",periodic,ofdg,1,1024,-n,1,1.0,order-controlled explicit RK,L1; L2; Linf; conservation,characteristic exact solution and time-step halving,required,separate method convergence tables,0.875,/Users/timozund/Documents/master_thesis/codex_dev/build/release/examples/burgers -p 1 -tf 0.6 -n 1024 -o 1 -method ofdg -cadence auto
burgers_smooth,proposed,draft,Is optimal accuracy retained for a nonlinear scalar flux before shock formation?,Nonlinear smooth convergence validation.,u_t + (u^2/2)_x = 0,"[0,2pi] periodic",periodic,dg,1,2048,-n,1,1.0,order-controlled explicit RK,L1; L2; Linf; conservation,characteristic exact solution and time-step halving,required,separate method convergence tables,0.875,/Users/timozund/Documents/master_thesis/codex_dev/build/release/examples/burgers -p 1 -tf 0.6 -n 2048 -o 1 -method dg -cadence auto
burgers_smooth,proposed,draft,Is optimal accuracy retained for a nonlinear scalar flux before shock formation?,Nonlinear smooth convergence validation.,u_t + (u^2/2)_x = 0,"[0,2pi] periodic",periodic,ofdg-kxrcf,1,2048,-n,1,1.0,order-controlled explicit RK,L1; L2; Linf; conservation,characteristic exact solution and time-step halving,required,separate method convergence tables,0.875,/Users/timozund/Documents/master_thesis/codex_dev/build/release/examples/burgers -p 1 -tf 0.6 -n 2048 -o 1 -method ofdg-kxrcf -cadence auto
burgers_smooth,proposed,draft,Is optimal accuracy retained for a nonlinear scalar flux before shock formation?,Nonlinear smooth convergence validation.,u_t + (u^2/2)_x = 0,"[0,2pi] periodic",periodic,oedg,1,2048,-n,1,1.0,order-controlled explicit RK,L1; L2; Linf; conservation,characteristic exact solution and time-step halving,required,separate method convergence tables,0.875,/Users/timozund/Documents/master_thesis/codex_dev/build/release/examples/burgers -p 1 -tf 0.6 -n 2048 -o 1 -method oedg -cadence auto
burgers_smooth,proposed,draft,Is optimal accuracy retained for a nonlinear scalar flux before shock formation?,Nonlinear smooth convergence validation.,u_t + (u^2/2)_x = 0,"[0,2pi] periodic",periodic,ofdg,1,2048,-n,1,1.0,order-controlled explicit RK,L1; L2; Linf; conservation,characteristic exact solution and time-step halving,required,separate method convergence tables,0.875,/Users/timozund/Documents/master_thesis/codex_dev/build/release/examples/burgers -p 1 -tf 0.6 -n 2048 -o 1 -method ofdg -cadence auto
burgers_smooth,proposed,draft,Is optimal accuracy retained for a nonlinear scalar flux before shock formation?,Nonlinear smooth convergence validation.,u_t + (u^2/2)_x = 0,"[0,2pi] periodic",periodic,dg,2,64,-n,1,1.0,order-controlled explicit RK,L1; L2; Linf; conservation,characteristic exact solution and time-step halving,required,separate method convergence tables,0.875,/Users/timozund/Documents/master_thesis/codex_dev/build/release/examples/burgers -p 1 -tf 0.6 -n 64 -o 2 -method dg -cadence auto
burgers_smooth,proposed,draft,Is optimal accuracy retained for a nonlinear scalar flux before shock formation?,Nonlinear smooth convergence validation.,u_t + (u^2/2)_x = 0,"[0,2pi] periodic",periodic,ofdg-kxrcf,2,64,-n,1,1.0,order-controlled explicit RK,L1; L2; Linf; conservation,characteristic exact solution and time-step halving,required,separate method convergence tables,0.875,/Users/timozund/Documents/master_thesis/codex_dev/build/release/examples/burgers -p 1 -tf 0.6 -n 64 -o 2 -method ofdg-kxrcf -cadence auto
burgers_smooth,proposed,draft,Is optimal accuracy retained for a nonlinear scalar flux before shock formation?,Nonlinear smooth convergence validation.,u_t + (u^2/2)_x = 0,"[0,2pi] periodic",periodic,oedg,2,64,-n,1,1.0,order-controlled explicit RK,L1; L2; Linf; conservation,characteristic exact solution and time-step halving,required,separate method convergence tables,0.875,/Users/timozund/Documents/master_thesis/codex_dev/build/release/examples/burgers -p 1 -tf 0.6 -n 64 -o 2 -method oedg -cadence auto
burgers_smooth,proposed,draft,Is optimal accuracy retained for a nonlinear scalar flux before shock formation?,Nonlinear smooth convergence validation.,u_t + (u^2/2)_x = 0,"[0,2pi] periodic",periodic,ofdg,2,64,-n,1,1.0,order-controlled explicit RK,L1; L2; Linf; conservation,characteristic exact solution and time-step halving,required,separate method convergence tables,0.875,/Users/timozund/Documents/master_thesis/codex_dev/build/release/examples/burgers -p 1 -tf 0.6 -n 64 -o 2 -method ofdg -cadence auto
burgers_smooth,proposed,draft,Is optimal accuracy retained for a nonlinear scalar flux before shock formation?,Nonlinear smooth convergence validation.,u_t + (u^2/2)_x = 0,"[0,2pi] periodic",periodic,dg,2,128,-n,1,1.0,order-controlled explicit RK,L1; L2; Linf; conservation,characteristic exact solution and time-step halving,required,separate method convergence tables,0.875,/Users/timozund/Documents/master_thesis/codex_dev/build/release/examples/burgers -p 1 -tf 0.6 -n 128 -o 2 -method dg -cadence auto
burgers_smooth,proposed,draft,Is optimal accuracy retained for a nonlinear scalar flux before shock formation?,Nonlinear smooth convergence validation.,u_t + (u^2/2)_x = 0,"[0,2pi] periodic",periodic,ofdg-kxrcf,2,128,-n,1,1.0,order-controlled explicit RK,L1; L2; Linf; conservation,characteristic exact solution and time-step halving,required,separate method convergence tables,0.875,/Users/timozund/Documents/master_thesis/codex_dev/build/release/examples/burgers -p 1 -tf 0.6 -n 128 -o 2 -method ofdg-kxrcf -cadence auto
burgers_smooth,proposed,draft,Is optimal accuracy retained for a nonlinear scalar flux before shock formation?,Nonlinear smooth convergence validation.,u_t + (u^2/2)_x = 0,"[0,2pi] periodic",periodic,oedg,2,128,-n,1,1.0,order-controlled explicit RK,L1; L2; Linf; conservation,characteristic exact solution and time-step halving,required,separate method convergence tables,0.875,/Users/timozund/Documents/master_thesis/codex_dev/build/release/examples/burgers -p 1 -tf 0.6 -n 128 -o 2 -method oedg -cadence auto
burgers_smooth,proposed,draft,Is optimal accuracy retained for a nonlinear scalar flux before shock formation?,Nonlinear smooth convergence validation.,u_t + (u^2/2)_x = 0,"[0,2pi] periodic",periodic,ofdg,2,128,-n,1,1.0,order-controlled explicit RK,L1; L2; Linf; conservation,characteristic exact solution and time-step halving,required,separate method convergence tables,0.875,/Users/timozund/Documents/master_thesis/codex_dev/build/release/examples/burgers -p 1 -tf 0.6 -n 128 -o 2 -method ofdg -cadence auto
burgers_smooth,proposed,draft,Is optimal accuracy retained for a nonlinear scalar flux before shock formation?,Nonlinear smooth convergence validation.,u_t + (u^2/2)_x = 0,"[0,2pi] periodic",periodic,dg,2,256,-n,1,1.0,order-controlled explicit RK,L1; L2; Linf; conservation,characteristic exact solution and time-step halving,required,separate method convergence tables,0.875,/Users/timozund/Documents/master_thesis/codex_dev/build/release/examples/burgers -p 1 -tf 0.6 -n 256 -o 2 -method dg -cadence auto
burgers_smooth,proposed,draft,Is optimal accuracy retained for a nonlinear scalar flux before shock formation?,Nonlinear smooth convergence validation.,u_t + (u^2/2)_x = 0,"[0,2pi] periodic",periodic,ofdg-kxrcf,2,256,-n,1,1.0,order-controlled explicit RK,L1; L2; Linf; conservation,characteristic exact solution and time-step halving,required,separate method convergence tables,0.875,/Users/timozund/Documents/master_thesis/codex_dev/build/release/examples/burgers -p 1 -tf 0.6 -n 256 -o 2 -method ofdg-kxrcf -cadence auto
burgers_smooth,proposed,draft,Is optimal accuracy retained for a nonlinear scalar flux before shock formation?,Nonlinear smooth convergence validation.,u_t + (u^2/2)_x = 0,"[0,2pi] periodic",periodic,oedg,2,256,-n,1,1.0,order-controlled explicit RK,L1; L2; Linf; conservation,characteristic exact solution and time-step halving,required,separate method convergence tables,0.875,/Users/timozund/Documents/master_thesis/codex_dev/build/release/examples/burgers -p 1 -tf 0.6 -n 256 -o 2 -method oedg -cadence auto
burgers_smooth,proposed,draft,Is optimal accuracy retained for a nonlinear scalar flux before shock formation?,Nonlinear smooth convergence validation.,u_t + (u^2/2)_x = 0,"[0,2pi] periodic",periodic,ofdg,2,256,-n,1,1.0,order-controlled explicit RK,L1; L2; Linf; conservation,characteristic exact solution and time-step halving,required,separate method convergence tables,0.875,/Users/timozund/Documents/master_thesis/codex_dev/build/release/examples/burgers -p 1 -tf 0.6 -n 256 -o 2 -method ofdg -cadence auto
burgers_smooth,proposed,draft,Is optimal accuracy retained for a nonlinear scalar flux before shock formation?,Nonlinear smooth convergence validation.,u_t + (u^2/2)_x = 0,"[0,2pi] periodic",periodic,dg,2,512,-n,1,1.0,order-controlled explicit RK,L1; L2; Linf; conservation,characteristic exact solution and time-step halving,required,separate method convergence tables,0.875,/Users/timozund/Documents/master_thesis/codex_dev/build/release/examples/burgers -p 1 -tf 0.6 -n 512 -o 2 -method dg -cadence auto
burgers_smooth,proposed,draft,Is optimal accuracy retained for a nonlinear scalar flux before shock formation?,Nonlinear smooth convergence validation.,u_t + (u^2/2)_x = 0,"[0,2pi] periodic",periodic,ofdg-kxrcf,2,512,-n,1,1.0,order-controlled explicit RK,L1; L2; Linf; conservation,characteristic exact solution and time-step halving,required,separate method convergence tables,0.875,/Users/timozund/Documents/master_thesis/codex_dev/build/release/examples/burgers -p 1 -tf 0.6 -n 512 -o 2 -method ofdg-kxrcf -cadence auto
burgers_smooth,proposed,draft,Is optimal accuracy retained for a nonlinear scalar flux before shock formation?,Nonlinear smooth convergence validation.,u_t + (u^2/2)_x = 0,"[0,2pi] periodic",periodic,oedg,2,512,-n,1,1.0,order-controlled explicit RK,L1; L2; Linf; conservation,characteristic exact solution and time-step halving,required,separate method convergence tables,0.875,/Users/timozund/Documents/master_thesis/codex_dev/build/release/examples/burgers -p 1 -tf 0.6 -n 512 -o 2 -method oedg -cadence auto
burgers_smooth,proposed,draft,Is optimal accuracy retained for a nonlinear scalar flux before shock formation?,Nonlinear smooth convergence validation.,u_t + (u^2/2)_x = 0,"[0,2pi] periodic",periodic,ofdg,2,512,-n,1,1.0,order-controlled explicit RK,L1; L2; Linf; conservation,characteristic exact solution and time-step halving,required,separate method convergence tables,0.875,/Users/timozund/Documents/master_thesis/codex_dev/build/release/examples/burgers -p 1 -tf 0.6 -n 512 -o 2 -method ofdg -cadence auto
burgers_smooth,proposed,draft,Is optimal accuracy retained for a nonlinear scalar flux before shock formation?,Nonlinear smooth convergence validation.,u_t + (u^2/2)_x = 0,"[0,2pi] periodic",periodic,dg,2,1024,-n,1,1.0,order-controlled explicit RK,L1; L2; Linf; conservation,characteristic exact solution and time-step halving,required,separate method convergence tables,0.875,/Users/timozund/Documents/master_thesis/codex_dev/build/release/examples/burgers -p 1 -tf 0.6 -n 1024 -o 2 -method dg -cadence auto
burgers_smooth,proposed,draft,Is optimal accuracy retained for a nonlinear scalar flux before shock formation?,Nonlinear smooth convergence validation.,u_t + (u^2/2)_x = 0,"[0,2pi] periodic",periodic,ofdg-kxrcf,2,1024,-n,1,1.0,order-controlled explicit RK,L1; L2; Linf; conservation,characteristic exact solution and time-step halving,required,separate method convergence tables,0.875,/Users/timozund/Documents/master_thesis/codex_dev/build/release/examples/burgers -p 1 -tf 0.6 -n 1024 -o 2 -method ofdg-kxrcf -cadence auto
burgers_smooth,proposed,draft,Is optimal accuracy retained for a nonlinear scalar flux before shock formation?,Nonlinear smooth convergence validation.,u_t + (u^2/2)_x = 0,"[0,2pi] periodic",periodic,oedg,2,1024,-n,1,1.0,order-controlled explicit RK,L1; L2; Linf; conservation,characteristic exact solution and time-step halving,required,separate method convergence tables,0.875,/Users/timozund/Documents/master_thesis/codex_dev/build/release/examples/burgers -p 1 -tf 0.6 -n 1024 -o 2 -method oedg -cadence auto
burgers_smooth,proposed,draft,Is optimal accuracy retained for a nonlinear scalar flux before shock formation?,Nonlinear smooth convergence validation.,u_t + (u^2/2)_x = 0,"[0,2pi] periodic",periodic,ofdg,2,1024,-n,1,1.0,order-controlled explicit RK,L1; L2; Linf; conservation,characteristic exact solution and time-step halving,required,separate method convergence tables,0.875,/Users/timozund/Documents/master_thesis/codex_dev/build/release/examples/burgers -p 1 -tf 0.6 -n 1024 -o 2 -method ofdg -cadence auto
burgers_smooth,proposed,draft,Is optimal accuracy retained for a nonlinear scalar flux before shock formation?,Nonlinear smooth convergence validation.,u_t + (u^2/2)_x = 0,"[0,2pi] periodic",periodic,dg,2,2048,-n,1,1.0,order-controlled explicit RK,L1; L2; Linf; conservation,characteristic exact solution and time-step halving,required,separate method convergence tables,0.875,/Users/timozund/Documents/master_thesis/codex_dev/build/release/examples/burgers -p 1 -tf 0.6 -n 2048 -o 2 -method dg -cadence auto
burgers_smooth,proposed,draft,Is optimal accuracy retained for a nonlinear scalar flux before shock formation?,Nonlinear smooth convergence validation.,u_t + (u^2/2)_x = 0,"[0,2pi] periodic",periodic,ofdg-kxrcf,2,2048,-n,1,1.0,order-controlled explicit RK,L1; L2; Linf; conservation,characteristic exact solution and time-step halving,required,separate method convergence tables,0.875,/Users/timozund/Documents/master_thesis/codex_dev/build/release/examples/burgers -p 1 -tf 0.6 -n 2048 -o 2 -method ofdg-kxrcf -cadence auto
burgers_smooth,proposed,draft,Is optimal accuracy retained for a nonlinear scalar flux before shock formation?,Nonlinear smooth convergence validation.,u_t + (u^2/2)_x = 0,"[0,2pi] periodic",periodic,oedg,2,2048,-n,1,1.0,order-controlled explicit RK,L1; L2; Linf; conservation,characteristic exact solution and time-step halving,required,separate method convergence tables,0.875,/Users/timozund/Documents/master_thesis/codex_dev/build/release/examples/burgers -p 1 -tf 0.6 -n 2048 -o 2 -method oedg -cadence auto
burgers_smooth,proposed,draft,Is optimal accuracy retained for a nonlinear scalar flux before shock formation?,Nonlinear smooth convergence validation.,u_t + (u^2/2)_x = 0,"[0,2pi] periodic",periodic,ofdg,2,2048,-n,1,1.0,order-controlled explicit RK,L1; L2; Linf; conservation,characteristic exact solution and time-step halving,required,separate method convergence tables,0.875,/Users/timozund/Documents/master_thesis/codex_dev/build/release/examples/burgers -p 1 -tf 0.6 -n 2048 -o 2 -method ofdg -cadence auto
burgers_smooth,proposed,draft,Is optimal accuracy retained for a nonlinear scalar flux before shock formation?,Nonlinear smooth convergence validation.,u_t + (u^2/2)_x = 0,"[0,2pi] periodic",periodic,dg,3,64,-n,1,1.0,order-controlled explicit RK,L1; L2; Linf; conservation,characteristic exact solution and time-step halving,required,separate method convergence tables,0.875,/Users/timozund/Documents/master_thesis/codex_dev/build/release/examples/burgers -p 1 -tf 0.6 -n 64 -o 3 -method dg -cadence auto
burgers_smooth,proposed,draft,Is optimal accuracy retained for a nonlinear scalar flux before shock formation?,Nonlinear smooth convergence validation.,u_t + (u^2/2)_x = 0,"[0,2pi] periodic",periodic,ofdg-kxrcf,3,64,-n,1,1.0,order-controlled explicit RK,L1; L2; Linf; conservation,characteristic exact solution and time-step halving,required,separate method convergence tables,0.875,/Users/timozund/Documents/master_thesis/codex_dev/build/release/examples/burgers -p 1 -tf 0.6 -n 64 -o 3 -method ofdg-kxrcf -cadence auto
burgers_smooth,proposed,draft,Is optimal accuracy retained for a nonlinear scalar flux before shock formation?,Nonlinear smooth convergence validation.,u_t + (u^2/2)_x = 0,"[0,2pi] periodic",periodic,oedg,3,64,-n,1,1.0,order-controlled explicit RK,L1; L2; Linf; conservation,characteristic exact solution and time-step halving,required,separate method convergence tables,0.875,/Users/timozund/Documents/master_thesis/codex_dev/build/release/examples/burgers -p 1 -tf 0.6 -n 64 -o 3 -method oedg -cadence auto
burgers_smooth,proposed,draft,Is optimal accuracy retained for a nonlinear scalar flux before shock formation?,Nonlinear smooth convergence validation.,u_t + (u^2/2)_x = 0,"[0,2pi] periodic",periodic,ofdg,3,64,-n,1,1.0,order-controlled explicit RK,L1; L2; Linf; conservation,characteristic exact solution and time-step halving,required,separate method convergence tables,0.875,/Users/timozund/Documents/master_thesis/codex_dev/build/release/examples/burgers -p 1 -tf 0.6 -n 64 -o 3 -method ofdg -cadence auto
burgers_smooth,proposed,draft,Is optimal accuracy retained for a nonlinear scalar flux before shock formation?,Nonlinear smooth convergence validation.,u_t + (u^2/2)_x = 0,"[0,2pi] periodic",periodic,dg,3,128,-n,1,1.0,order-controlled explicit RK,L1; L2; Linf; conservation,characteristic exact solution and time-step halving,required,separate method convergence tables,0.875,/Users/timozund/Documents/master_thesis/codex_dev/build/release/examples/burgers -p 1 -tf 0.6 -n 128 -o 3 -method dg -cadence auto
burgers_smooth,proposed,draft,Is optimal accuracy retained for a nonlinear scalar flux before shock formation?,Nonlinear smooth convergence validation.,u_t + (u^2/2)_x = 0,"[0,2pi] periodic",periodic,ofdg-kxrcf,3,128,-n,1,1.0,order-controlled explicit RK,L1; L2; Linf; conservation,characteristic exact solution and time-step halving,required,separate method convergence tables,0.875,/Users/timozund/Documents/master_thesis/codex_dev/build/release/examples/burgers -p 1 -tf 0.6 -n 128 -o 3 -method ofdg-kxrcf -cadence auto
burgers_smooth,proposed,draft,Is optimal accuracy retained for a nonlinear scalar flux before shock formation?,Nonlinear smooth convergence validation.,u_t + (u^2/2)_x = 0,"[0,2pi] periodic",periodic,oedg,3,128,-n,1,1.0,order-controlled explicit RK,L1; L2; Linf; conservation,characteristic exact solution and time-step halving,required,separate method convergence tables,0.875,/Users/timozund/Documents/master_thesis/codex_dev/build/release/examples/burgers -p 1 -tf 0.6 -n 128 -o 3 -method oedg -cadence auto
burgers_smooth,proposed,draft,Is optimal accuracy retained for a nonlinear scalar flux before shock formation?,Nonlinear smooth convergence validation.,u_t + (u^2/2)_x = 0,"[0,2pi] periodic",periodic,ofdg,3,128,-n,1,1.0,order-controlled explicit RK,L1; L2; Linf; conservation,characteristic exact solution and time-step halving,required,separate method convergence tables,0.875,/Users/timozund/Documents/master_thesis/codex_dev/build/release/examples/burgers -p 1 -tf 0.6 -n 128 -o 3 -method ofdg -cadence auto
burgers_smooth,proposed,draft,Is optimal accuracy retained for a nonlinear scalar flux before shock formation?,Nonlinear smooth convergence validation.,u_t + (u^2/2)_x = 0,"[0,2pi] periodic",periodic,dg,3,256,-n,1,1.0,order-controlled explicit RK,L1; L2; Linf; conservation,characteristic exact solution and time-step halving,required,separate method convergence tables,0.875,/Users/timozund/Documents/master_thesis/codex_dev/build/release/examples/burgers -p 1 -tf 0.6 -n 256 -o 3 -method dg -cadence auto
burgers_smooth,proposed,draft,Is optimal accuracy retained for a nonlinear scalar flux before shock formation?,Nonlinear smooth convergence validation.,u_t + (u^2/2)_x = 0,"[0,2pi] periodic",periodic,ofdg-kxrcf,3,256,-n,1,1.0,order-controlled explicit RK,L1; L2; Linf; conservation,characteristic exact solution and time-step halving,required,separate method convergence tables,0.875,/Users/timozund/Documents/master_thesis/codex_dev/build/release/examples/burgers -p 1 -tf 0.6 -n 256 -o 3 -method ofdg-kxrcf -cadence auto
burgers_smooth,proposed,draft,Is optimal accuracy retained for a nonlinear scalar flux before shock formation?,Nonlinear smooth convergence validation.,u_t + (u^2/2)_x = 0,"[0,2pi] periodic",periodic,oedg,3,256,-n,1,1.0,order-controlled explicit RK,L1; L2; Linf; conservation,characteristic exact solution and time-step halving,required,separate method convergence tables,0.875,/Users/timozund/Documents/master_thesis/codex_dev/build/release/examples/burgers -p 1 -tf 0.6 -n 256 -o 3 -method oedg -cadence auto
burgers_smooth,proposed,draft,Is optimal accuracy retained for a nonlinear scalar flux before shock formation?,Nonlinear smooth convergence validation.,u_t + (u^2/2)_x = 0,"[0,2pi] periodic",periodic,ofdg,3,256,-n,1,1.0,order-controlled explicit RK,L1; L2; Linf; conservation,characteristic exact solution and time-step halving,required,separate method convergence tables,0.875,/Users/timozund/Documents/master_thesis/codex_dev/build/release/examples/burgers -p 1 -tf 0.6 -n 256 -o 3 -method ofdg -cadence auto
burgers_smooth,proposed,draft,Is optimal accuracy retained for a nonlinear scalar flux before shock formation?,Nonlinear smooth convergence validation.,u_t + (u^2/2)_x = 0,"[0,2pi] periodic",periodic,dg,3,512,-n,1,1.0,order-controlled explicit RK,L1; L2; Linf; conservation,characteristic exact solution and time-step halving,required,separate method convergence tables,0.875,/Users/timozund/Documents/master_thesis/codex_dev/build/release/examples/burgers -p 1 -tf 0.6 -n 512 -o 3 -method dg -cadence auto
burgers_smooth,proposed,draft,Is optimal accuracy retained for a nonlinear scalar flux before shock formation?,Nonlinear smooth convergence validation.,u_t + (u^2/2)_x = 0,"[0,2pi] periodic",periodic,ofdg-kxrcf,3,512,-n,1,1.0,order-controlled explicit RK,L1; L2; Linf; conservation,characteristic exact solution and time-step halving,required,separate method convergence tables,0.875,/Users/timozund/Documents/master_thesis/codex_dev/build/release/examples/burgers -p 1 -tf 0.6 -n 512 -o 3 -method ofdg-kxrcf -cadence auto
burgers_smooth,proposed,draft,Is optimal accuracy retained for a nonlinear scalar flux before shock formation?,Nonlinear smooth convergence validation.,u_t + (u^2/2)_x = 0,"[0,2pi] periodic",periodic,oedg,3,512,-n,1,1.0,order-controlled explicit RK,L1; L2; Linf; conservation,characteristic exact solution and time-step halving,required,separate method convergence tables,0.875,/Users/timozund/Documents/master_thesis/codex_dev/build/release/examples/burgers -p 1 -tf 0.6 -n 512 -o 3 -method oedg -cadence auto
burgers_smooth,proposed,draft,Is optimal accuracy retained for a nonlinear scalar flux before shock formation?,Nonlinear smooth convergence validation.,u_t + (u^2/2)_x = 0,"[0,2pi] periodic",periodic,ofdg,3,512,-n,1,1.0,order-controlled explicit RK,L1; L2; Linf; conservation,characteristic exact solution and time-step halving,required,separate method convergence tables,0.875,/Users/timozund/Documents/master_thesis/codex_dev/build/release/examples/burgers -p 1 -tf 0.6 -n 512 -o 3 -method ofdg -cadence auto
burgers_smooth,proposed,draft,Is optimal accuracy retained for a nonlinear scalar flux before shock formation?,Nonlinear smooth convergence validation.,u_t + (u^2/2)_x = 0,"[0,2pi] periodic",periodic,dg,3,1024,-n,1,1.0,order-controlled explicit RK,L1; L2; Linf; conservation,characteristic exact solution and time-step halving,required,separate method convergence tables,0.875,/Users/timozund/Documents/master_thesis/codex_dev/build/release/examples/burgers -p 1 -tf 0.6 -n 1024 -o 3 -method dg -cadence auto
burgers_smooth,proposed,draft,Is optimal accuracy retained for a nonlinear scalar flux before shock formation?,Nonlinear smooth convergence validation.,u_t + (u^2/2)_x = 0,"[0,2pi] periodic",periodic,ofdg-kxrcf,3,1024,-n,1,1.0,order-controlled explicit RK,L1; L2; Linf; conservation,characteristic exact solution and time-step halving,required,separate method convergence tables,0.875,/Users/timozund/Documents/master_thesis/codex_dev/build/release/examples/burgers -p 1 -tf 0.6 -n 1024 -o 3 -method ofdg-kxrcf -cadence auto
burgers_smooth,proposed,draft,Is optimal accuracy retained for a nonlinear scalar flux before shock formation?,Nonlinear smooth convergence validation.,u_t + (u^2/2)_x = 0,"[0,2pi] periodic",periodic,oedg,3,1024,-n,1,1.0,order-controlled explicit RK,L1; L2; Linf; conservation,characteristic exact solution and time-step halving,required,separate method convergence tables,0.875,/Users/timozund/Documents/master_thesis/codex_dev/build/release/examples/burgers -p 1 -tf 0.6 -n 1024 -o 3 -method oedg -cadence auto
burgers_smooth,proposed,draft,Is optimal accuracy retained for a nonlinear scalar flux before shock formation?,Nonlinear smooth convergence validation.,u_t + (u^2/2)_x = 0,"[0,2pi] periodic",periodic,ofdg,3,1024,-n,1,1.0,order-controlled explicit RK,L1; L2; Linf; conservation,characteristic exact solution and time-step halving,required,separate method convergence tables,0.875,/Users/timozund/Documents/master_thesis/codex_dev/build/release/examples/burgers -p 1 -tf 0.6 -n 1024 -o 3 -method ofdg -cadence auto
burgers_smooth,proposed,draft,Is optimal accuracy retained for a nonlinear scalar flux before shock formation?,Nonlinear smooth convergence validation.,u_t + (u^2/2)_x = 0,"[0,2pi] periodic",periodic,dg,3,2048,-n,1,1.0,order-controlled explicit RK,L1; L2; Linf; conservation,characteristic exact solution and time-step halving,required,separate method convergence tables,0.875,/Users/timozund/Documents/master_thesis/codex_dev/build/release/examples/burgers -p 1 -tf 0.6 -n 2048 -o 3 -method dg -cadence auto
burgers_smooth,proposed,draft,Is optimal accuracy retained for a nonlinear scalar flux before shock formation?,Nonlinear smooth convergence validation.,u_t + (u^2/2)_x = 0,"[0,2pi] periodic",periodic,ofdg-kxrcf,3,2048,-n,1,1.0,order-controlled explicit RK,L1; L2; Linf; conservation,characteristic exact solution and time-step halving,required,separate method convergence tables,0.875,/Users/timozund/Documents/master_thesis/codex_dev/build/release/examples/burgers -p 1 -tf 0.6 -n 2048 -o 3 -method ofdg-kxrcf -cadence auto
burgers_smooth,proposed,draft,Is optimal accuracy retained for a nonlinear scalar flux before shock formation?,Nonlinear smooth convergence validation.,u_t + (u^2/2)_x = 0,"[0,2pi] periodic",periodic,oedg,3,2048,-n,1,1.0,order-controlled explicit RK,L1; L2; Linf; conservation,characteristic exact solution and time-step halving,required,separate method convergence tables,0.875,/Users/timozund/Documents/master_thesis/codex_dev/build/release/examples/burgers -p 1 -tf 0.6 -n 2048 -o 3 -method oedg -cadence auto
burgers_smooth,proposed,draft,Is optimal accuracy retained for a nonlinear scalar flux before shock formation?,Nonlinear smooth convergence validation.,u_t + (u^2/2)_x = 0,"[0,2pi] periodic",periodic,ofdg,3,2048,-n,1,1.0,order-controlled explicit RK,L1; L2; Linf; conservation,characteristic exact solution and time-step halving,required,separate method convergence tables,0.875,/Users/timozund/Documents/master_thesis/codex_dev/build/release/examples/burgers -p 1 -tf 0.6 -n 2048 -o 3 -method ofdg -cadence auto
euler_smooth_1d,proposed,draft,Is optimal density convergence retained for a smooth Euler system?,One-dimensional system accuracy comparison.,compressible Euler,"[0,2pi] periodic",periodic,dg,1,0,-r,1,1.0,order-controlled explicit RK,density L1; density L2; density Linf; state L2; conservation,exact smooth wave and time-step halving,required,separate method density tables,1.75,/Users/timozund/Documents/master_thesis/codex_dev/build/release/examples/euler -p 4 -tf 1.1 -no-vis -r 0 -o 1 -method dg -cadence auto -scale 1.0
euler_smooth_1d,proposed,draft,Is optimal density convergence retained for a smooth Euler system?,One-dimensional system accuracy comparison.,compressible Euler,"[0,2pi] periodic",periodic,ofdg-kxrcf,1,0,-r,1,1.0,order-controlled explicit RK,density L1; density L2; density Linf; state L2; conservation,exact smooth wave and time-step halving,required,separate method density tables,1.75,/Users/timozund/Documents/master_thesis/codex_dev/build/release/examples/euler -p 4 -tf 1.1 -no-vis -r 0 -o 1 -method ofdg-kxrcf -cadence auto -scale 1.0
euler_smooth_1d,proposed,draft,Is optimal density convergence retained for a smooth Euler system?,One-dimensional system accuracy comparison.,compressible Euler,"[0,2pi] periodic",periodic,oedg,1,0,-r,1,1.0,order-controlled explicit RK,density L1; density L2; density Linf; state L2; conservation,exact smooth wave and time-step halving,required,separate method density tables,1.75,/Users/timozund/Documents/master_thesis/codex_dev/build/release/examples/euler -p 4 -tf 1.1 -no-vis -r 0 -o 1 -method oedg -cadence auto -scale 1.0
euler_smooth_1d,proposed,draft,Is optimal density convergence retained for a smooth Euler system?,One-dimensional system accuracy comparison.,compressible Euler,"[0,2pi] periodic",periodic,ofdg,1,0,-r,1,1.0,order-controlled explicit RK,density L1; density L2; density Linf; state L2; conservation,exact smooth wave and time-step halving,required,separate method density tables,1.75,/Users/timozund/Documents/master_thesis/codex_dev/build/release/examples/euler -p 4 -tf 1.1 -no-vis -r 0 -o 1 -method ofdg -cadence auto -scale 1.0
euler_smooth_1d,proposed,draft,Is optimal density convergence retained for a smooth Euler system?,One-dimensional system accuracy comparison.,compressible Euler,"[0,2pi] periodic",periodic,dg,1,1,-r,1,1.0,order-controlled explicit RK,density L1; density L2; density Linf; state L2; conservation,exact smooth wave and time-step halving,required,separate method density tables,1.75,/Users/timozund/Documents/master_thesis/codex_dev/build/release/examples/euler -p 4 -tf 1.1 -no-vis -r 1 -o 1 -method dg -cadence auto -scale 1.0
euler_smooth_1d,proposed,draft,Is optimal density convergence retained for a smooth Euler system?,One-dimensional system accuracy comparison.,compressible Euler,"[0,2pi] periodic",periodic,ofdg-kxrcf,1,1,-r,1,1.0,order-controlled explicit RK,density L1; density L2; density Linf; state L2; conservation,exact smooth wave and time-step halving,required,separate method density tables,1.75,/Users/timozund/Documents/master_thesis/codex_dev/build/release/examples/euler -p 4 -tf 1.1 -no-vis -r 1 -o 1 -method ofdg-kxrcf -cadence auto -scale 1.0
euler_smooth_1d,proposed,draft,Is optimal density convergence retained for a smooth Euler system?,One-dimensional system accuracy comparison.,compressible Euler,"[0,2pi] periodic",periodic,oedg,1,1,-r,1,1.0,order-controlled explicit RK,density L1; density L2; density Linf; state L2; conservation,exact smooth wave and time-step halving,required,separate method density tables,1.75,/Users/timozund/Documents/master_thesis/codex_dev/build/release/examples/euler -p 4 -tf 1.1 -no-vis -r 1 -o 1 -method oedg -cadence auto -scale 1.0
euler_smooth_1d,proposed,draft,Is optimal density convergence retained for a smooth Euler system?,One-dimensional system accuracy comparison.,compressible Euler,"[0,2pi] periodic",periodic,ofdg,1,1,-r,1,1.0,order-controlled explicit RK,density L1; density L2; density Linf; state L2; conservation,exact smooth wave and time-step halving,required,separate method density tables,1.75,/Users/timozund/Documents/master_thesis/codex_dev/build/release/examples/euler -p 4 -tf 1.1 -no-vis -r 1 -o 1 -method ofdg -cadence auto -scale 1.0
euler_smooth_1d,proposed,draft,Is optimal density convergence retained for a smooth Euler system?,One-dimensional system accuracy comparison.,compressible Euler,"[0,2pi] periodic",periodic,dg,1,2,-r,1,1.0,order-controlled explicit RK,density L1; density L2; density Linf; state L2; conservation,exact smooth wave and time-step halving,required,separate method density tables,1.75,/Users/timozund/Documents/master_thesis/codex_dev/build/release/examples/euler -p 4 -tf 1.1 -no-vis -r 2 -o 1 -method dg -cadence auto -scale 1.0
euler_smooth_1d,proposed,draft,Is optimal density convergence retained for a smooth Euler system?,One-dimensional system accuracy comparison.,compressible Euler,"[0,2pi] periodic",periodic,ofdg-kxrcf,1,2,-r,1,1.0,order-controlled explicit RK,density L1; density L2; density Linf; state L2; conservation,exact smooth wave and time-step halving,required,separate method density tables,1.75,/Users/timozund/Documents/master_thesis/codex_dev/build/release/examples/euler -p 4 -tf 1.1 -no-vis -r 2 -o 1 -method ofdg-kxrcf -cadence auto -scale 1.0
euler_smooth_1d,proposed,draft,Is optimal density convergence retained for a smooth Euler system?,One-dimensional system accuracy comparison.,compressible Euler,"[0,2pi] periodic",periodic,oedg,1,2,-r,1,1.0,order-controlled explicit RK,density L1; density L2; density Linf; state L2; conservation,exact smooth wave and time-step halving,required,separate method density tables,1.75,/Users/timozund/Documents/master_thesis/codex_dev/build/release/examples/euler -p 4 -tf 1.1 -no-vis -r 2 -o 1 -method oedg -cadence auto -scale 1.0
euler_smooth_1d,proposed,draft,Is optimal density convergence retained for a smooth Euler system?,One-dimensional system accuracy comparison.,compressible Euler,"[0,2pi] periodic",periodic,ofdg,1,2,-r,1,1.0,order-controlled explicit RK,density L1; density L2; density Linf; state L2; conservation,exact smooth wave and time-step halving,required,separate method density tables,1.75,/Users/timozund/Documents/master_thesis/codex_dev/build/release/examples/euler -p 4 -tf 1.1 -no-vis -r 2 -o 1 -method ofdg -cadence auto -scale 1.0
euler_smooth_1d,proposed,draft,Is optimal density convergence retained for a smooth Euler system?,One-dimensional system accuracy comparison.,compressible Euler,"[0,2pi] periodic",periodic,dg,1,3,-r,1,1.0,order-controlled explicit RK,density L1; density L2; density Linf; state L2; conservation,exact smooth wave and time-step halving,required,separate method density tables,1.75,/Users/timozund/Documents/master_thesis/codex_dev/build/release/examples/euler -p 4 -tf 1.1 -no-vis -r 3 -o 1 -method dg -cadence auto -scale 1.0
euler_smooth_1d,proposed,draft,Is optimal density convergence retained for a smooth Euler system?,One-dimensional system accuracy comparison.,compressible Euler,"[0,2pi] periodic",periodic,ofdg-kxrcf,1,3,-r,1,1.0,order-controlled explicit RK,density L1; density L2; density Linf; state L2; conservation,exact smooth wave and time-step halving,required,separate method density tables,1.75,/Users/timozund/Documents/master_thesis/codex_dev/build/release/examples/euler -p 4 -tf 1.1 -no-vis -r 3 -o 1 -method ofdg-kxrcf -cadence auto -scale 1.0
euler_smooth_1d,proposed,draft,Is optimal density convergence retained for a smooth Euler system?,One-dimensional system accuracy comparison.,compressible Euler,"[0,2pi] periodic",periodic,oedg,1,3,-r,1,1.0,order-controlled explicit RK,density L1; density L2; density Linf; state L2; conservation,exact smooth wave and time-step halving,required,separate method density tables,1.75,/Users/timozund/Documents/master_thesis/codex_dev/build/release/examples/euler -p 4 -tf 1.1 -no-vis -r 3 -o 1 -method oedg -cadence auto -scale 1.0
euler_smooth_1d,proposed,draft,Is optimal density convergence retained for a smooth Euler system?,One-dimensional system accuracy comparison.,compressible Euler,"[0,2pi] periodic",periodic,ofdg,1,3,-r,1,1.0,order-controlled explicit RK,density L1; density L2; density Linf; state L2; conservation,exact smooth wave and time-step halving,required,separate method density tables,1.75,/Users/timozund/Documents/master_thesis/codex_dev/build/release/examples/euler -p 4 -tf 1.1 -no-vis -r 3 -o 1 -method ofdg -cadence auto -scale 1.0
euler_smooth_1d,proposed,draft,Is optimal density convergence retained for a smooth Euler system?,One-dimensional system accuracy comparison.,compressible Euler,"[0,2pi] periodic",periodic,dg,1,4,-r,1,1.0,order-controlled explicit RK,density L1; density L2; density Linf; state L2; conservation,exact smooth wave and time-step halving,required,separate method density tables,1.75,/Users/timozund/Documents/master_thesis/codex_dev/build/release/examples/euler -p 4 -tf 1.1 -no-vis -r 4 -o 1 -method dg -cadence auto -scale 1.0
euler_smooth_1d,proposed,draft,Is optimal density convergence retained for a smooth Euler system?,One-dimensional system accuracy comparison.,compressible Euler,"[0,2pi] periodic",periodic,ofdg-kxrcf,1,4,-r,1,1.0,order-controlled explicit RK,density L1; density L2; density Linf; state L2; conservation,exact smooth wave and time-step halving,required,separate method density tables,1.75,/Users/timozund/Documents/master_thesis/codex_dev/build/release/examples/euler -p 4 -tf 1.1 -no-vis -r 4 -o 1 -method ofdg-kxrcf -cadence auto -scale 1.0
euler_smooth_1d,proposed,draft,Is optimal density convergence retained for a smooth Euler system?,One-dimensional system accuracy comparison.,compressible Euler,"[0,2pi] periodic",periodic,oedg,1,4,-r,1,1.0,order-controlled explicit RK,density L1; density L2; density Linf; state L2; conservation,exact smooth wave and time-step halving,required,separate method density tables,1.75,/Users/timozund/Documents/master_thesis/codex_dev/build/release/examples/euler -p 4 -tf 1.1 -no-vis -r 4 -o 1 -method oedg -cadence auto -scale 1.0
euler_smooth_1d,proposed,draft,Is optimal density convergence retained for a smooth Euler system?,One-dimensional system accuracy comparison.,compressible Euler,"[0,2pi] periodic",periodic,ofdg,1,4,-r,1,1.0,order-controlled explicit RK,density L1; density L2; density Linf; state L2; conservation,exact smooth wave and time-step halving,required,separate method density tables,1.75,/Users/timozund/Documents/master_thesis/codex_dev/build/release/examples/euler -p 4 -tf 1.1 -no-vis -r 4 -o 1 -method ofdg -cadence auto -scale 1.0
euler_smooth_1d,proposed,draft,Is optimal density convergence retained for a smooth Euler system?,One-dimensional system accuracy comparison.,compressible Euler,"[0,2pi] periodic",periodic,dg,2,0,-r,1,1.0,order-controlled explicit RK,density L1; density L2; density Linf; state L2; conservation,exact smooth wave and time-step halving,required,separate method density tables,1.75,/Users/timozund/Documents/master_thesis/codex_dev/build/release/examples/euler -p 4 -tf 1.1 -no-vis -r 0 -o 2 -method dg -cadence auto -scale 1.0
euler_smooth_1d,proposed,draft,Is optimal density convergence retained for a smooth Euler system?,One-dimensional system accuracy comparison.,compressible Euler,"[0,2pi] periodic",periodic,ofdg-kxrcf,2,0,-r,1,1.0,order-controlled explicit RK,density L1; density L2; density Linf; state L2; conservation,exact smooth wave and time-step halving,required,separate method density tables,1.75,/Users/timozund/Documents/master_thesis/codex_dev/build/release/examples/euler -p 4 -tf 1.1 -no-vis -r 0 -o 2 -method ofdg-kxrcf -cadence auto -scale 1.0
euler_smooth_1d,proposed,draft,Is optimal density convergence retained for a smooth Euler system?,One-dimensional system accuracy comparison.,compressible Euler,"[0,2pi] periodic",periodic,oedg,2,0,-r,1,1.0,order-controlled explicit RK,density L1; density L2; density Linf; state L2; conservation,exact smooth wave and time-step halving,required,separate method density tables,1.75,/Users/timozund/Documents/master_thesis/codex_dev/build/release/examples/euler -p 4 -tf 1.1 -no-vis -r 0 -o 2 -method oedg -cadence auto -scale 1.0
euler_smooth_1d,proposed,draft,Is optimal density convergence retained for a smooth Euler system?,One-dimensional system accuracy comparison.,compressible Euler,"[0,2pi] periodic",periodic,ofdg,2,0,-r,1,1.0,order-controlled explicit RK,density L1; density L2; density Linf; state L2; conservation,exact smooth wave and time-step halving,required,separate method density tables,1.75,/Users/timozund/Documents/master_thesis/codex_dev/build/release/examples/euler -p 4 -tf 1.1 -no-vis -r 0 -o 2 -method ofdg -cadence auto -scale 1.0
euler_smooth_1d,proposed,draft,Is optimal density convergence retained for a smooth Euler system?,One-dimensional system accuracy comparison.,compressible Euler,"[0,2pi] periodic",periodic,dg,2,1,-r,1,1.0,order-controlled explicit RK,density L1; density L2; density Linf; state L2; conservation,exact smooth wave and time-step halving,required,separate method density tables,1.75,/Users/timozund/Documents/master_thesis/codex_dev/build/release/examples/euler -p 4 -tf 1.1 -no-vis -r 1 -o 2 -method dg -cadence auto -scale 1.0
euler_smooth_1d,proposed,draft,Is optimal density convergence retained for a smooth Euler system?,One-dimensional system accuracy comparison.,compressible Euler,"[0,2pi] periodic",periodic,ofdg-kxrcf,2,1,-r,1,1.0,order-controlled explicit RK,density L1; density L2; density Linf; state L2; conservation,exact smooth wave and time-step halving,required,separate method density tables,1.75,/Users/timozund/Documents/master_thesis/codex_dev/build/release/examples/euler -p 4 -tf 1.1 -no-vis -r 1 -o 2 -method ofdg-kxrcf -cadence auto -scale 1.0
euler_smooth_1d,proposed,draft,Is optimal density convergence retained for a smooth Euler system?,One-dimensional system accuracy comparison.,compressible Euler,"[0,2pi] periodic",periodic,oedg,2,1,-r,1,1.0,order-controlled explicit RK,density L1; density L2; density Linf; state L2; conservation,exact smooth wave and time-step halving,required,separate method density tables,1.75,/Users/timozund/Documents/master_thesis/codex_dev/build/release/examples/euler -p 4 -tf 1.1 -no-vis -r 1 -o 2 -method oedg -cadence auto -scale 1.0
euler_smooth_1d,proposed,draft,Is optimal density convergence retained for a smooth Euler system?,One-dimensional system accuracy comparison.,compressible Euler,"[0,2pi] periodic",periodic,ofdg,2,1,-r,1,1.0,order-controlled explicit RK,density L1; density L2; density Linf; state L2; conservation,exact smooth wave and time-step halving,required,separate method density tables,1.75,/Users/timozund/Documents/master_thesis/codex_dev/build/release/examples/euler -p 4 -tf 1.1 -no-vis -r 1 -o 2 -method ofdg -cadence auto -scale 1.0
euler_smooth_1d,proposed,draft,Is optimal density convergence retained for a smooth Euler system?,One-dimensional system accuracy comparison.,compressible Euler,"[0,2pi] periodic",periodic,dg,2,2,-r,1,1.0,order-controlled explicit RK,density L1; density L2; density Linf; state L2; conservation,exact smooth wave and time-step halving,required,separate method density tables,1.75,/Users/timozund/Documents/master_thesis/codex_dev/build/release/examples/euler -p 4 -tf 1.1 -no-vis -r 2 -o 2 -method dg -cadence auto -scale 1.0
euler_smooth_1d,proposed,draft,Is optimal density convergence retained for a smooth Euler system?,One-dimensional system accuracy comparison.,compressible Euler,"[0,2pi] periodic",periodic,ofdg-kxrcf,2,2,-r,1,1.0,order-controlled explicit RK,density L1; density L2; density Linf; state L2; conservation,exact smooth wave and time-step halving,required,separate method density tables,1.75,/Users/timozund/Documents/master_thesis/codex_dev/build/release/examples/euler -p 4 -tf 1.1 -no-vis -r 2 -o 2 -method ofdg-kxrcf -cadence auto -scale 1.0
euler_smooth_1d,proposed,draft,Is optimal density convergence retained for a smooth Euler system?,One-dimensional system accuracy comparison.,compressible Euler,"[0,2pi] periodic",periodic,oedg,2,2,-r,1,1.0,order-controlled explicit RK,density L1; density L2; density Linf; state L2; conservation,exact smooth wave and time-step halving,required,separate method density tables,1.75,/Users/timozund/Documents/master_thesis/codex_dev/build/release/examples/euler -p 4 -tf 1.1 -no-vis -r 2 -o 2 -method oedg -cadence auto -scale 1.0
euler_smooth_1d,proposed,draft,Is optimal density convergence retained for a smooth Euler system?,One-dimensional system accuracy comparison.,compressible Euler,"[0,2pi] periodic",periodic,ofdg,2,2,-r,1,1.0,order-controlled explicit RK,density L1; density L2; density Linf; state L2; conservation,exact smooth wave and time-step halving,required,separate method density tables,1.75,/Users/timozund/Documents/master_thesis/codex_dev/build/release/examples/euler -p 4 -tf 1.1 -no-vis -r 2 -o 2 -method ofdg -cadence auto -scale 1.0
euler_smooth_1d,proposed,draft,Is optimal density convergence retained for a smooth Euler system?,One-dimensional system accuracy comparison.,compressible Euler,"[0,2pi] periodic",periodic,dg,2,3,-r,1,1.0,order-controlled explicit RK,density L1; density L2; density Linf; state L2; conservation,exact smooth wave and time-step halving,required,separate method density tables,1.75,/Users/timozund/Documents/master_thesis/codex_dev/build/release/examples/euler -p 4 -tf 1.1 -no-vis -r 3 -o 2 -method dg -cadence auto -scale 1.0
euler_smooth_1d,proposed,draft,Is optimal density convergence retained for a smooth Euler system?,One-dimensional system accuracy comparison.,compressible Euler,"[0,2pi] periodic",periodic,ofdg-kxrcf,2,3,-r,1,1.0,order-controlled explicit RK,density L1; density L2; density Linf; state L2; conservation,exact smooth wave and time-step halving,required,separate method density tables,1.75,/Users/timozund/Documents/master_thesis/codex_dev/build/release/examples/euler -p 4 -tf 1.1 -no-vis -r 3 -o 2 -method ofdg-kxrcf -cadence auto -scale 1.0
euler_smooth_1d,proposed,draft,Is optimal density convergence retained for a smooth Euler system?,One-dimensional system accuracy comparison.,compressible Euler,"[0,2pi] periodic",periodic,oedg,2,3,-r,1,1.0,order-controlled explicit RK,density L1; density L2; density Linf; state L2; conservation,exact smooth wave and time-step halving,required,separate method density tables,1.75,/Users/timozund/Documents/master_thesis/codex_dev/build/release/examples/euler -p 4 -tf 1.1 -no-vis -r 3 -o 2 -method oedg -cadence auto -scale 1.0
euler_smooth_1d,proposed,draft,Is optimal density convergence retained for a smooth Euler system?,One-dimensional system accuracy comparison.,compressible Euler,"[0,2pi] periodic",periodic,ofdg,2,3,-r,1,1.0,order-controlled explicit RK,density L1; density L2; density Linf; state L2; conservation,exact smooth wave and time-step halving,required,separate method density tables,1.75,/Users/timozund/Documents/master_thesis/codex_dev/build/release/examples/euler -p 4 -tf 1.1 -no-vis -r 3 -o 2 -method ofdg -cadence auto -scale 1.0
euler_smooth_1d,proposed,draft,Is optimal density convergence retained for a smooth Euler system?,One-dimensional system accuracy comparison.,compressible Euler,"[0,2pi] periodic",periodic,dg,2,4,-r,1,1.0,order-controlled explicit RK,density L1; density L2; density Linf; state L2; conservation,exact smooth wave and time-step halving,required,separate method density tables,1.75,/Users/timozund/Documents/master_thesis/codex_dev/build/release/examples/euler -p 4 -tf 1.1 -no-vis -r 4 -o 2 -method dg -cadence auto -scale 1.0
euler_smooth_1d,proposed,draft,Is optimal density convergence retained for a smooth Euler system?,One-dimensional system accuracy comparison.,compressible Euler,"[0,2pi] periodic",periodic,ofdg-kxrcf,2,4,-r,1,1.0,order-controlled explicit RK,density L1; density L2; density Linf; state L2; conservation,exact smooth wave and time-step halving,required,separate method density tables,1.75,/Users/timozund/Documents/master_thesis/codex_dev/build/release/examples/euler -p 4 -tf 1.1 -no-vis -r 4 -o 2 -method ofdg-kxrcf -cadence auto -scale 1.0
euler_smooth_1d,proposed,draft,Is optimal density convergence retained for a smooth Euler system?,One-dimensional system accuracy comparison.,compressible Euler,"[0,2pi] periodic",periodic,oedg,2,4,-r,1,1.0,order-controlled explicit RK,density L1; density L2; density Linf; state L2; conservation,exact smooth wave and time-step halving,required,separate method density tables,1.75,/Users/timozund/Documents/master_thesis/codex_dev/build/release/examples/euler -p 4 -tf 1.1 -no-vis -r 4 -o 2 -method oedg -cadence auto -scale 1.0
euler_smooth_1d,proposed,draft,Is optimal density convergence retained for a smooth Euler system?,One-dimensional system accuracy comparison.,compressible Euler,"[0,2pi] periodic",periodic,ofdg,2,4,-r,1,1.0,order-controlled explicit RK,density L1; density L2; density Linf; state L2; conservation,exact smooth wave and time-step halving,required,separate method density tables,1.75,/Users/timozund/Documents/master_thesis/codex_dev/build/release/examples/euler -p 4 -tf 1.1 -no-vis -r 4 -o 2 -method ofdg -cadence auto -scale 1.0
euler_smooth_1d,proposed,draft,Is optimal density convergence retained for a smooth Euler system?,One-dimensional system accuracy comparison.,compressible Euler,"[0,2pi] periodic",periodic,dg,3,0,-r,1,1.0,order-controlled explicit RK,density L1; density L2; density Linf; state L2; conservation,exact smooth wave and time-step halving,required,separate method density tables,1.75,/Users/timozund/Documents/master_thesis/codex_dev/build/release/examples/euler -p 4 -tf 1.1 -no-vis -r 0 -o 3 -method dg -cadence auto -scale 1.0
euler_smooth_1d,proposed,draft,Is optimal density convergence retained for a smooth Euler system?,One-dimensional system accuracy comparison.,compressible Euler,"[0,2pi] periodic",periodic,ofdg-kxrcf,3,0,-r,1,1.0,order-controlled explicit RK,density L1; density L2; density Linf; state L2; conservation,exact smooth wave and time-step halving,required,separate method density tables,1.75,/Users/timozund/Documents/master_thesis/codex_dev/build/release/examples/euler -p 4 -tf 1.1 -no-vis -r 0 -o 3 -method ofdg-kxrcf -cadence auto -scale 1.0
euler_smooth_1d,proposed,draft,Is optimal density convergence retained for a smooth Euler system?,One-dimensional system accuracy comparison.,compressible Euler,"[0,2pi] periodic",periodic,oedg,3,0,-r,1,1.0,order-controlled explicit RK,density L1; density L2; density Linf; state L2; conservation,exact smooth wave and time-step halving,required,separate method density tables,1.75,/Users/timozund/Documents/master_thesis/codex_dev/build/release/examples/euler -p 4 -tf 1.1 -no-vis -r 0 -o 3 -method oedg -cadence auto -scale 1.0
euler_smooth_1d,proposed,draft,Is optimal density convergence retained for a smooth Euler system?,One-dimensional system accuracy comparison.,compressible Euler,"[0,2pi] periodic",periodic,ofdg,3,0,-r,1,1.0,order-controlled explicit RK,density L1; density L2; density Linf; state L2; conservation,exact smooth wave and time-step halving,required,separate method density tables,1.75,/Users/timozund/Documents/master_thesis/codex_dev/build/release/examples/euler -p 4 -tf 1.1 -no-vis -r 0 -o 3 -method ofdg -cadence auto -scale 1.0
euler_smooth_1d,proposed,draft,Is optimal density convergence retained for a smooth Euler system?,One-dimensional system accuracy comparison.,compressible Euler,"[0,2pi] periodic",periodic,dg,3,1,-r,1,1.0,order-controlled explicit RK,density L1; density L2; density Linf; state L2; conservation,exact smooth wave and time-step halving,required,separate method density tables,1.75,/Users/timozund/Documents/master_thesis/codex_dev/build/release/examples/euler -p 4 -tf 1.1 -no-vis -r 1 -o 3 -method dg -cadence auto -scale 1.0
euler_smooth_1d,proposed,draft,Is optimal density convergence retained for a smooth Euler system?,One-dimensional system accuracy comparison.,compressible Euler,"[0,2pi] periodic",periodic,ofdg-kxrcf,3,1,-r,1,1.0,order-controlled explicit RK,density L1; density L2; density Linf; state L2; conservation,exact smooth wave and time-step halving,required,separate method density tables,1.75,/Users/timozund/Documents/master_thesis/codex_dev/build/release/examples/euler -p 4 -tf 1.1 -no-vis -r 1 -o 3 -method ofdg-kxrcf -cadence auto -scale 1.0
euler_smooth_1d,proposed,draft,Is optimal density convergence retained for a smooth Euler system?,One-dimensional system accuracy comparison.,compressible Euler,"[0,2pi] periodic",periodic,oedg,3,1,-r,1,1.0,order-controlled explicit RK,density L1; density L2; density Linf; state L2; conservation,exact smooth wave and time-step halving,required,separate method density tables,1.75,/Users/timozund/Documents/master_thesis/codex_dev/build/release/examples/euler -p 4 -tf 1.1 -no-vis -r 1 -o 3 -method oedg -cadence auto -scale 1.0
euler_smooth_1d,proposed,draft,Is optimal density convergence retained for a smooth Euler system?,One-dimensional system accuracy comparison.,compressible Euler,"[0,2pi] periodic",periodic,ofdg,3,1,-r,1,1.0,order-controlled explicit RK,density L1; density L2; density Linf; state L2; conservation,exact smooth wave and time-step halving,required,separate method density tables,1.75,/Users/timozund/Documents/master_thesis/codex_dev/build/release/examples/euler -p 4 -tf 1.1 -no-vis -r 1 -o 3 -method ofdg -cadence auto -scale 1.0
euler_smooth_1d,proposed,draft,Is optimal density convergence retained for a smooth Euler system?,One-dimensional system accuracy comparison.,compressible Euler,"[0,2pi] periodic",periodic,dg,3,2,-r,1,1.0,order-controlled explicit RK,density L1; density L2; density Linf; state L2; conservation,exact smooth wave and time-step halving,required,separate method density tables,1.75,/Users/timozund/Documents/master_thesis/codex_dev/build/release/examples/euler -p 4 -tf 1.1 -no-vis -r 2 -o 3 -method dg -cadence auto -scale 1.0
euler_smooth_1d,proposed,draft,Is optimal density convergence retained for a smooth Euler system?,One-dimensional system accuracy comparison.,compressible Euler,"[0,2pi] periodic",periodic,ofdg-kxrcf,3,2,-r,1,1.0,order-controlled explicit RK,density L1; density L2; density Linf; state L2; conservation,exact smooth wave and time-step halving,required,separate method density tables,1.75,/Users/timozund/Documents/master_thesis/codex_dev/build/release/examples/euler -p 4 -tf 1.1 -no-vis -r 2 -o 3 -method ofdg-kxrcf -cadence auto -scale 1.0
euler_smooth_1d,proposed,draft,Is optimal density convergence retained for a smooth Euler system?,One-dimensional system accuracy comparison.,compressible Euler,"[0,2pi] periodic",periodic,oedg,3,2,-r,1,1.0,order-controlled explicit RK,density L1; density L2; density Linf; state L2; conservation,exact smooth wave and time-step halving,required,separate method density tables,1.75,/Users/timozund/Documents/master_thesis/codex_dev/build/release/examples/euler -p 4 -tf 1.1 -no-vis -r 2 -o 3 -method oedg -cadence auto -scale 1.0
euler_smooth_1d,proposed,draft,Is optimal density convergence retained for a smooth Euler system?,One-dimensional system accuracy comparison.,compressible Euler,"[0,2pi] periodic",periodic,ofdg,3,2,-r,1,1.0,order-controlled explicit RK,density L1; density L2; density Linf; state L2; conservation,exact smooth wave and time-step halving,required,separate method density tables,1.75,/Users/timozund/Documents/master_thesis/codex_dev/build/release/examples/euler -p 4 -tf 1.1 -no-vis -r 2 -o 3 -method ofdg -cadence auto -scale 1.0
euler_smooth_1d,proposed,draft,Is optimal density convergence retained for a smooth Euler system?,One-dimensional system accuracy comparison.,compressible Euler,"[0,2pi] periodic",periodic,dg,3,3,-r,1,1.0,order-controlled explicit RK,density L1; density L2; density Linf; state L2; conservation,exact smooth wave and time-step halving,required,separate method density tables,1.75,/Users/timozund/Documents/master_thesis/codex_dev/build/release/examples/euler -p 4 -tf 1.1 -no-vis -r 3 -o 3 -method dg -cadence auto -scale 1.0
euler_smooth_1d,proposed,draft,Is optimal density convergence retained for a smooth Euler system?,One-dimensional system accuracy comparison.,compressible Euler,"[0,2pi] periodic",periodic,ofdg-kxrcf,3,3,-r,1,1.0,order-controlled explicit RK,density L1; density L2; density Linf; state L2; conservation,exact smooth wave and time-step halving,required,separate method density tables,1.75,/Users/timozund/Documents/master_thesis/codex_dev/build/release/examples/euler -p 4 -tf 1.1 -no-vis -r 3 -o 3 -method ofdg-kxrcf -cadence auto -scale 1.0
euler_smooth_1d,proposed,draft,Is optimal density convergence retained for a smooth Euler system?,One-dimensional system accuracy comparison.,compressible Euler,"[0,2pi] periodic",periodic,oedg,3,3,-r,1,1.0,order-controlled explicit RK,density L1; density L2; density Linf; state L2; conservation,exact smooth wave and time-step halving,required,separate method density tables,1.75,/Users/timozund/Documents/master_thesis/codex_dev/build/release/examples/euler -p 4 -tf 1.1 -no-vis -r 3 -o 3 -method oedg -cadence auto -scale 1.0
euler_smooth_1d,proposed,draft,Is optimal density convergence retained for a smooth Euler system?,One-dimensional system accuracy comparison.,compressible Euler,"[0,2pi] periodic",periodic,ofdg,3,3,-r,1,1.0,order-controlled explicit RK,density L1; density L2; density Linf; state L2; conservation,exact smooth wave and time-step halving,required,separate method density tables,1.75,/Users/timozund/Documents/master_thesis/codex_dev/build/release/examples/euler -p 4 -tf 1.1 -no-vis -r 3 -o 3 -method ofdg -cadence auto -scale 1.0
euler_smooth_1d,proposed,draft,Is optimal density convergence retained for a smooth Euler system?,One-dimensional system accuracy comparison.,compressible Euler,"[0,2pi] periodic",periodic,dg,3,4,-r,1,1.0,order-controlled explicit RK,density L1; density L2; density Linf; state L2; conservation,exact smooth wave and time-step halving,required,separate method density tables,1.75,/Users/timozund/Documents/master_thesis/codex_dev/build/release/examples/euler -p 4 -tf 1.1 -no-vis -r 4 -o 3 -method dg -cadence auto -scale 1.0
euler_smooth_1d,proposed,draft,Is optimal density convergence retained for a smooth Euler system?,One-dimensional system accuracy comparison.,compressible Euler,"[0,2pi] periodic",periodic,ofdg-kxrcf,3,4,-r,1,1.0,order-controlled explicit RK,density L1; density L2; density Linf; state L2; conservation,exact smooth wave and time-step halving,required,separate method density tables,1.75,/Users/timozund/Documents/master_thesis/codex_dev/build/release/examples/euler -p 4 -tf 1.1 -no-vis -r 4 -o 3 -method ofdg-kxrcf -cadence auto -scale 1.0
euler_smooth_1d,proposed,draft,Is optimal density convergence retained for a smooth Euler system?,One-dimensional system accuracy comparison.,compressible Euler,"[0,2pi] periodic",periodic,oedg,3,4,-r,1,1.0,order-controlled explicit RK,density L1; density L2; density Linf; state L2; conservation,exact smooth wave and time-step halving,required,separate method density tables,1.75,/Users/timozund/Documents/master_thesis/codex_dev/build/release/examples/euler -p 4 -tf 1.1 -no-vis -r 4 -o 3 -method oedg -cadence auto -scale 1.0
euler_smooth_1d,proposed,draft,Is optimal density convergence retained for a smooth Euler system?,One-dimensional system accuracy comparison.,compressible Euler,"[0,2pi] periodic",periodic,ofdg,3,4,-r,1,1.0,order-controlled explicit RK,density L1; density L2; density Linf; state L2; conservation,exact smooth wave and time-step halving,required,separate method density tables,1.75,/Users/timozund/Documents/master_thesis/codex_dev/build/release/examples/euler -p 4 -tf 1.1 -no-vis -r 4 -o 3 -method ofdg -cadence auto -scale 1.0
advection_2d,proposed,draft,Do the methods retain their order in two spatial dimensions?,Cartesian multidimensional scalar validation.,u_t + u_x + u_y = 0,"[-1,1]^2 periodic",periodic,dg,1,20,-n,1,1.0,order-controlled explicit RK,L1; L2; Linf; conservation,exact translated solution and time-step halving,required,degree-specific figures and tables,157.5,/Users/timozund/Documents/master_thesis/codex_dev/build/release/examples/advection -d 2 -tf 1.1 -n 20 -o 1 -method dg -cadence auto
advection_2d,proposed,draft,Do the methods retain their order in two spatial dimensions?,Cartesian multidimensional scalar validation.,u_t + u_x + u_y = 0,"[-1,1]^2 periodic",periodic,ofdg-kxrcf,1,20,-n,1,1.0,order-controlled explicit RK,L1; L2; Linf; conservation,exact translated solution and time-step halving,required,degree-specific figures and tables,157.5,/Users/timozund/Documents/master_thesis/codex_dev/build/release/examples/advection -d 2 -tf 1.1 -n 20 -o 1 -method ofdg-kxrcf -cadence auto
advection_2d,proposed,draft,Do the methods retain their order in two spatial dimensions?,Cartesian multidimensional scalar validation.,u_t + u_x + u_y = 0,"[-1,1]^2 periodic",periodic,oedg,1,20,-n,1,1.0,order-controlled explicit RK,L1; L2; Linf; conservation,exact translated solution and time-step halving,required,degree-specific figures and tables,157.5,/Users/timozund/Documents/master_thesis/codex_dev/build/release/examples/advection -d 2 -tf 1.1 -n 20 -o 1 -method oedg -cadence auto
advection_2d,proposed,draft,Do the methods retain their order in two spatial dimensions?,Cartesian multidimensional scalar validation.,u_t + u_x + u_y = 0,"[-1,1]^2 periodic",periodic,ofdg,1,20,-n,1,1.0,order-controlled explicit RK,L1; L2; Linf; conservation,exact translated solution and time-step halving,required,degree-specific figures and tables,157.5,/Users/timozund/Documents/master_thesis/codex_dev/build/release/examples/advection -d 2 -tf 1.1 -n 20 -o 1 -method ofdg -cadence auto
advection_2d,proposed,draft,Do the methods retain their order in two spatial dimensions?,Cartesian multidimensional scalar validation.,u_t + u_x + u_y = 0,"[-1,1]^2 periodic",periodic,dg,1,40,-n,1,1.0,order-controlled explicit RK,L1; L2; Linf; conservation,exact translated solution and time-step halving,required,degree-specific figures and tables,157.5,/Users/timozund/Documents/master_thesis/codex_dev/build/release/examples/advection -d 2 -tf 1.1 -n 40 -o 1 -method dg -cadence auto
advection_2d,proposed,draft,Do the methods retain their order in two spatial dimensions?,Cartesian multidimensional scalar validation.,u_t + u_x + u_y = 0,"[-1,1]^2 periodic",periodic,ofdg-kxrcf,1,40,-n,1,1.0,order-controlled explicit RK,L1; L2; Linf; conservation,exact translated solution and time-step halving,required,degree-specific figures and tables,157.5,/Users/timozund/Documents/master_thesis/codex_dev/build/release/examples/advection -d 2 -tf 1.1 -n 40 -o 1 -method ofdg-kxrcf -cadence auto
advection_2d,proposed,draft,Do the methods retain their order in two spatial dimensions?,Cartesian multidimensional scalar validation.,u_t + u_x + u_y = 0,"[-1,1]^2 periodic",periodic,oedg,1,40,-n,1,1.0,order-controlled explicit RK,L1; L2; Linf; conservation,exact translated solution and time-step halving,required,degree-specific figures and tables,157.5,/Users/timozund/Documents/master_thesis/codex_dev/build/release/examples/advection -d 2 -tf 1.1 -n 40 -o 1 -method oedg -cadence auto
advection_2d,proposed,draft,Do the methods retain their order in two spatial dimensions?,Cartesian multidimensional scalar validation.,u_t + u_x + u_y = 0,"[-1,1]^2 periodic",periodic,ofdg,1,40,-n,1,1.0,order-controlled explicit RK,L1; L2; Linf; conservation,exact translated solution and time-step halving,required,degree-specific figures and tables,157.5,/Users/timozund/Documents/master_thesis/codex_dev/build/release/examples/advection -d 2 -tf 1.1 -n 40 -o 1 -method ofdg -cadence auto
advection_2d,proposed,draft,Do the methods retain their order in two spatial dimensions?,Cartesian multidimensional scalar validation.,u_t + u_x + u_y = 0,"[-1,1]^2 periodic",periodic,dg,1,80,-n,1,1.0,order-controlled explicit RK,L1; L2; Linf; conservation,exact translated solution and time-step halving,required,degree-specific figures and tables,157.5,/Users/timozund/Documents/master_thesis/codex_dev/build/release/examples/advection -d 2 -tf 1.1 -n 80 -o 1 -method dg -cadence auto
advection_2d,proposed,draft,Do the methods retain their order in two spatial dimensions?,Cartesian multidimensional scalar validation.,u_t + u_x + u_y = 0,"[-1,1]^2 periodic",periodic,ofdg-kxrcf,1,80,-n,1,1.0,order-controlled explicit RK,L1; L2; Linf; conservation,exact translated solution and time-step halving,required,degree-specific figures and tables,157.5,/Users/timozund/Documents/master_thesis/codex_dev/build/release/examples/advection -d 2 -tf 1.1 -n 80 -o 1 -method ofdg-kxrcf -cadence auto
advection_2d,proposed,draft,Do the methods retain their order in two spatial dimensions?,Cartesian multidimensional scalar validation.,u_t + u_x + u_y = 0,"[-1,1]^2 periodic",periodic,oedg,1,80,-n,1,1.0,order-controlled explicit RK,L1; L2; Linf; conservation,exact translated solution and time-step halving,required,degree-specific figures and tables,157.5,/Users/timozund/Documents/master_thesis/codex_dev/build/release/examples/advection -d 2 -tf 1.1 -n 80 -o 1 -method oedg -cadence auto
advection_2d,proposed,draft,Do the methods retain their order in two spatial dimensions?,Cartesian multidimensional scalar validation.,u_t + u_x + u_y = 0,"[-1,1]^2 periodic",periodic,ofdg,1,80,-n,1,1.0,order-controlled explicit RK,L1; L2; Linf; conservation,exact translated solution and time-step halving,required,degree-specific figures and tables,157.5,/Users/timozund/Documents/master_thesis/codex_dev/build/release/examples/advection -d 2 -tf 1.1 -n 80 -o 1 -method ofdg -cadence auto
advection_2d,proposed,draft,Do the methods retain their order in two spatial dimensions?,Cartesian multidimensional scalar validation.,u_t + u_x + u_y = 0,"[-1,1]^2 periodic",periodic,dg,1,160,-n,1,1.0,order-controlled explicit RK,L1; L2; Linf; conservation,exact translated solution and time-step halving,required,degree-specific figures and tables,157.5,/Users/timozund/Documents/master_thesis/codex_dev/build/release/examples/advection -d 2 -tf 1.1 -n 160 -o 1 -method dg -cadence auto
advection_2d,proposed,draft,Do the methods retain their order in two spatial dimensions?,Cartesian multidimensional scalar validation.,u_t + u_x + u_y = 0,"[-1,1]^2 periodic",periodic,ofdg-kxrcf,1,160,-n,1,1.0,order-controlled explicit RK,L1; L2; Linf; conservation,exact translated solution and time-step halving,required,degree-specific figures and tables,157.5,/Users/timozund/Documents/master_thesis/codex_dev/build/release/examples/advection -d 2 -tf 1.1 -n 160 -o 1 -method ofdg-kxrcf -cadence auto
advection_2d,proposed,draft,Do the methods retain their order in two spatial dimensions?,Cartesian multidimensional scalar validation.,u_t + u_x + u_y = 0,"[-1,1]^2 periodic",periodic,oedg,1,160,-n,1,1.0,order-controlled explicit RK,L1; L2; Linf; conservation,exact translated solution and time-step halving,required,degree-specific figures and tables,157.5,/Users/timozund/Documents/master_thesis/codex_dev/build/release/examples/advection -d 2 -tf 1.1 -n 160 -o 1 -method oedg -cadence auto
advection_2d,proposed,draft,Do the methods retain their order in two spatial dimensions?,Cartesian multidimensional scalar validation.,u_t + u_x + u_y = 0,"[-1,1]^2 periodic",periodic,ofdg,1,160,-n,1,1.0,order-controlled explicit RK,L1; L2; Linf; conservation,exact translated solution and time-step halving,required,degree-specific figures and tables,157.5,/Users/timozund/Documents/master_thesis/codex_dev/build/release/examples/advection -d 2 -tf 1.1 -n 160 -o 1 -method ofdg -cadence auto
advection_2d,proposed,draft,Do the methods retain their order in two spatial dimensions?,Cartesian multidimensional scalar validation.,u_t + u_x + u_y = 0,"[-1,1]^2 periodic",periodic,dg,2,20,-n,1,1.0,order-controlled explicit RK,L1; L2; Linf; conservation,exact translated solution and time-step halving,required,degree-specific figures and tables,157.5,/Users/timozund/Documents/master_thesis/codex_dev/build/release/examples/advection -d 2 -tf 1.1 -n 20 -o 2 -method dg -cadence auto
advection_2d,proposed,draft,Do the methods retain their order in two spatial dimensions?,Cartesian multidimensional scalar validation.,u_t + u_x + u_y = 0,"[-1,1]^2 periodic",periodic,ofdg-kxrcf,2,20,-n,1,1.0,order-controlled explicit RK,L1; L2; Linf; conservation,exact translated solution and time-step halving,required,degree-specific figures and tables,157.5,/Users/timozund/Documents/master_thesis/codex_dev/build/release/examples/advection -d 2 -tf 1.1 -n 20 -o 2 -method ofdg-kxrcf -cadence auto
advection_2d,proposed,draft,Do the methods retain their order in two spatial dimensions?,Cartesian multidimensional scalar validation.,u_t + u_x + u_y = 0,"[-1,1]^2 periodic",periodic,oedg,2,20,-n,1,1.0,order-controlled explicit RK,L1; L2; Linf; conservation,exact translated solution and time-step halving,required,degree-specific figures and tables,157.5,/Users/timozund/Documents/master_thesis/codex_dev/build/release/examples/advection -d 2 -tf 1.1 -n 20 -o 2 -method oedg -cadence auto
advection_2d,proposed,draft,Do the methods retain their order in two spatial dimensions?,Cartesian multidimensional scalar validation.,u_t + u_x + u_y = 0,"[-1,1]^2 periodic",periodic,ofdg,2,20,-n,1,1.0,order-controlled explicit RK,L1; L2; Linf; conservation,exact translated solution and time-step halving,required,degree-specific figures and tables,157.5,/Users/timozund/Documents/master_thesis/codex_dev/build/release/examples/advection -d 2 -tf 1.1 -n 20 -o 2 -method ofdg -cadence auto
advection_2d,proposed,draft,Do the methods retain their order in two spatial dimensions?,Cartesian multidimensional scalar validation.,u_t + u_x + u_y = 0,"[-1,1]^2 periodic",periodic,dg,2,40,-n,1,1.0,order-controlled explicit RK,L1; L2; Linf; conservation,exact translated solution and time-step halving,required,degree-specific figures and tables,157.5,/Users/timozund/Documents/master_thesis/codex_dev/build/release/examples/advection -d 2 -tf 1.1 -n 40 -o 2 -method dg -cadence auto
advection_2d,proposed,draft,Do the methods retain their order in two spatial dimensions?,Cartesian multidimensional scalar validation.,u_t + u_x + u_y = 0,"[-1,1]^2 periodic",periodic,ofdg-kxrcf,2,40,-n,1,1.0,order-controlled explicit RK,L1; L2; Linf; conservation,exact translated solution and time-step halving,required,degree-specific figures and tables,157.5,/Users/timozund/Documents/master_thesis/codex_dev/build/release/examples/advection -d 2 -tf 1.1 -n 40 -o 2 -method ofdg-kxrcf -cadence auto
advection_2d,proposed,draft,Do the methods retain their order in two spatial dimensions?,Cartesian multidimensional scalar validation.,u_t + u_x + u_y = 0,"[-1,1]^2 periodic",periodic,oedg,2,40,-n,1,1.0,order-controlled explicit RK,L1; L2; Linf; conservation,exact translated solution and time-step halving,required,degree-specific figures and tables,157.5,/Users/timozund/Documents/master_thesis/codex_dev/build/release/examples/advection -d 2 -tf 1.1 -n 40 -o 2 -method oedg -cadence auto
advection_2d,proposed,draft,Do the methods retain their order in two spatial dimensions?,Cartesian multidimensional scalar validation.,u_t + u_x + u_y = 0,"[-1,1]^2 periodic",periodic,ofdg,2,40,-n,1,1.0,order-controlled explicit RK,L1; L2; Linf; conservation,exact translated solution and time-step halving,required,degree-specific figures and tables,157.5,/Users/timozund/Documents/master_thesis/codex_dev/build/release/examples/advection -d 2 -tf 1.1 -n 40 -o 2 -method ofdg -cadence auto
advection_2d,proposed,draft,Do the methods retain their order in two spatial dimensions?,Cartesian multidimensional scalar validation.,u_t + u_x + u_y = 0,"[-1,1]^2 periodic",periodic,dg,2,80,-n,1,1.0,order-controlled explicit RK,L1; L2; Linf; conservation,exact translated solution and time-step halving,required,degree-specific figures and tables,157.5,/Users/timozund/Documents/master_thesis/codex_dev/build/release/examples/advection -d 2 -tf 1.1 -n 80 -o 2 -method dg -cadence auto
advection_2d,proposed,draft,Do the methods retain their order in two spatial dimensions?,Cartesian multidimensional scalar validation.,u_t + u_x + u_y = 0,"[-1,1]^2 periodic",periodic,ofdg-kxrcf,2,80,-n,1,1.0,order-controlled explicit RK,L1; L2; Linf; conservation,exact translated solution and time-step halving,required,degree-specific figures and tables,157.5,/Users/timozund/Documents/master_thesis/codex_dev/build/release/examples/advection -d 2 -tf 1.1 -n 80 -o 2 -method ofdg-kxrcf -cadence auto
advection_2d,proposed,draft,Do the methods retain their order in two spatial dimensions?,Cartesian multidimensional scalar validation.,u_t + u_x + u_y = 0,"[-1,1]^2 periodic",periodic,oedg,2,80,-n,1,1.0,order-controlled explicit RK,L1; L2; Linf; conservation,exact translated solution and time-step halving,required,degree-specific figures and tables,157.5,/Users/timozund/Documents/master_thesis/codex_dev/build/release/examples/advection -d 2 -tf 1.1 -n 80 -o 2 -method oedg -cadence auto
advection_2d,proposed,draft,Do the methods retain their order in two spatial dimensions?,Cartesian multidimensional scalar validation.,u_t + u_x + u_y = 0,"[-1,1]^2 periodic",periodic,ofdg,2,80,-n,1,1.0,order-controlled explicit RK,L1; L2; Linf; conservation,exact translated solution and time-step halving,required,degree-specific figures and tables,157.5,/Users/timozund/Documents/master_thesis/codex_dev/build/release/examples/advection -d 2 -tf 1.1 -n 80 -o 2 -method ofdg -cadence auto
advection_2d,proposed,draft,Do the methods retain their order in two spatial dimensions?,Cartesian multidimensional scalar validation.,u_t + u_x + u_y = 0,"[-1,1]^2 periodic",periodic,dg,2,160,-n,1,1.0,order-controlled explicit RK,L1; L2; Linf; conservation,exact translated solution and time-step halving,required,degree-specific figures and tables,157.5,/Users/timozund/Documents/master_thesis/codex_dev/build/release/examples/advection -d 2 -tf 1.1 -n 160 -o 2 -method dg -cadence auto
advection_2d,proposed,draft,Do the methods retain their order in two spatial dimensions?,Cartesian multidimensional scalar validation.,u_t + u_x + u_y = 0,"[-1,1]^2 periodic",periodic,ofdg-kxrcf,2,160,-n,1,1.0,order-controlled explicit RK,L1; L2; Linf; conservation,exact translated solution and time-step halving,required,degree-specific figures and tables,157.5,/Users/timozund/Documents/master_thesis/codex_dev/build/release/examples/advection -d 2 -tf 1.1 -n 160 -o 2 -method ofdg-kxrcf -cadence auto
advection_2d,proposed,draft,Do the methods retain their order in two spatial dimensions?,Cartesian multidimensional scalar validation.,u_t + u_x + u_y = 0,"[-1,1]^2 periodic",periodic,oedg,2,160,-n,1,1.0,order-controlled explicit RK,L1; L2; Linf; conservation,exact translated solution and time-step halving,required,degree-specific figures and tables,157.5,/Users/timozund/Documents/master_thesis/codex_dev/build/release/examples/advection -d 2 -tf 1.1 -n 160 -o 2 -method oedg -cadence auto
advection_2d,proposed,draft,Do the methods retain their order in two spatial dimensions?,Cartesian multidimensional scalar validation.,u_t + u_x + u_y = 0,"[-1,1]^2 periodic",periodic,ofdg,2,160,-n,1,1.0,order-controlled explicit RK,L1; L2; Linf; conservation,exact translated solution and time-step halving,required,degree-specific figures and tables,157.5,/Users/timozund/Documents/master_thesis/codex_dev/build/release/examples/advection -d 2 -tf 1.1 -n 160 -o 2 -method ofdg -cadence auto
advection_2d,proposed,draft,Do the methods retain their order in two spatial dimensions?,Cartesian multidimensional scalar validation.,u_t + u_x + u_y = 0,"[-1,1]^2 periodic",periodic,dg,3,20,-n,1,1.0,order-controlled explicit RK,L1; L2; Linf; conservation,exact translated solution and time-step halving,required,degree-specific figures and tables,157.5,/Users/timozund/Documents/master_thesis/codex_dev/build/release/examples/advection -d 2 -tf 1.1 -n 20 -o 3 -method dg -cadence auto
advection_2d,proposed,draft,Do the methods retain their order in two spatial dimensions?,Cartesian multidimensional scalar validation.,u_t + u_x + u_y = 0,"[-1,1]^2 periodic",periodic,ofdg-kxrcf,3,20,-n,1,1.0,order-controlled explicit RK,L1; L2; Linf; conservation,exact translated solution and time-step halving,required,degree-specific figures and tables,157.5,/Users/timozund/Documents/master_thesis/codex_dev/build/release/examples/advection -d 2 -tf 1.1 -n 20 -o 3 -method ofdg-kxrcf -cadence auto
advection_2d,proposed,draft,Do the methods retain their order in two spatial dimensions?,Cartesian multidimensional scalar validation.,u_t + u_x + u_y = 0,"[-1,1]^2 periodic",periodic,oedg,3,20,-n,1,1.0,order-controlled explicit RK,L1; L2; Linf; conservation,exact translated solution and time-step halving,required,degree-specific figures and tables,157.5,/Users/timozund/Documents/master_thesis/codex_dev/build/release/examples/advection -d 2 -tf 1.1 -n 20 -o 3 -method oedg -cadence auto
advection_2d,proposed,draft,Do the methods retain their order in two spatial dimensions?,Cartesian multidimensional scalar validation.,u_t + u_x + u_y = 0,"[-1,1]^2 periodic",periodic,ofdg,3,20,-n,1,1.0,order-controlled explicit RK,L1; L2; Linf; conservation,exact translated solution and time-step halving,required,degree-specific figures and tables,157.5,/Users/timozund/Documents/master_thesis/codex_dev/build/release/examples/advection -d 2 -tf 1.1 -n 20 -o 3 -method ofdg -cadence auto
advection_2d,proposed,draft,Do the methods retain their order in two spatial dimensions?,Cartesian multidimensional scalar validation.,u_t + u_x + u_y = 0,"[-1,1]^2 periodic",periodic,dg,3,40,-n,1,1.0,order-controlled explicit RK,L1; L2; Linf; conservation,exact translated solution and time-step halving,required,degree-specific figures and tables,157.5,/Users/timozund/Documents/master_thesis/codex_dev/build/release/examples/advection -d 2 -tf 1.1 -n 40 -o 3 -method dg -cadence auto
advection_2d,proposed,draft,Do the methods retain their order in two spatial dimensions?,Cartesian multidimensional scalar validation.,u_t + u_x + u_y = 0,"[-1,1]^2 periodic",periodic,ofdg-kxrcf,3,40,-n,1,1.0,order-controlled explicit RK,L1; L2; Linf; conservation,exact translated solution and time-step halving,required,degree-specific figures and tables,157.5,/Users/timozund/Documents/master_thesis/codex_dev/build/release/examples/advection -d 2 -tf 1.1 -n 40 -o 3 -method ofdg-kxrcf -cadence auto
advection_2d,proposed,draft,Do the methods retain their order in two spatial dimensions?,Cartesian multidimensional scalar validation.,u_t + u_x + u_y = 0,"[-1,1]^2 periodic",periodic,oedg,3,40,-n,1,1.0,order-controlled explicit RK,L1; L2; Linf; conservation,exact translated solution and time-step halving,required,degree-specific figures and tables,157.5,/Users/timozund/Documents/master_thesis/codex_dev/build/release/examples/advection -d 2 -tf 1.1 -n 40 -o 3 -method oedg -cadence auto
advection_2d,proposed,draft,Do the methods retain their order in two spatial dimensions?,Cartesian multidimensional scalar validation.,u_t + u_x + u_y = 0,"[-1,1]^2 periodic",periodic,ofdg,3,40,-n,1,1.0,order-controlled explicit RK,L1; L2; Linf; conservation,exact translated solution and time-step halving,required,degree-specific figures and tables,157.5,/Users/timozund/Documents/master_thesis/codex_dev/build/release/examples/advection -d 2 -tf 1.1 -n 40 -o 3 -method ofdg -cadence auto
advection_2d,proposed,draft,Do the methods retain their order in two spatial dimensions?,Cartesian multidimensional scalar validation.,u_t + u_x + u_y = 0,"[-1,1]^2 periodic",periodic,dg,3,80,-n,1,1.0,order-controlled explicit RK,L1; L2; Linf; conservation,exact translated solution and time-step halving,required,degree-specific figures and tables,157.5,/Users/timozund/Documents/master_thesis/codex_dev/build/release/examples/advection -d 2 -tf 1.1 -n 80 -o 3 -method dg -cadence auto
advection_2d,proposed,draft,Do the methods retain their order in two spatial dimensions?,Cartesian multidimensional scalar validation.,u_t + u_x + u_y = 0,"[-1,1]^2 periodic",periodic,ofdg-kxrcf,3,80,-n,1,1.0,order-controlled explicit RK,L1; L2; Linf; conservation,exact translated solution and time-step halving,required,degree-specific figures and tables,157.5,/Users/timozund/Documents/master_thesis/codex_dev/build/release/examples/advection -d 2 -tf 1.1 -n 80 -o 3 -method ofdg-kxrcf -cadence auto
advection_2d,proposed,draft,Do the methods retain their order in two spatial dimensions?,Cartesian multidimensional scalar validation.,u_t + u_x + u_y = 0,"[-1,1]^2 periodic",periodic,oedg,3,80,-n,1,1.0,order-controlled explicit RK,L1; L2; Linf; conservation,exact translated solution and time-step halving,required,degree-specific figures and tables,157.5,/Users/timozund/Documents/master_thesis/codex_dev/build/release/examples/advection -d 2 -tf 1.1 -n 80 -o 3 -method oedg -cadence auto
advection_2d,proposed,draft,Do the methods retain their order in two spatial dimensions?,Cartesian multidimensional scalar validation.,u_t + u_x + u_y = 0,"[-1,1]^2 periodic",periodic,ofdg,3,80,-n,1,1.0,order-controlled explicit RK,L1; L2; Linf; conservation,exact translated solution and time-step halving,required,degree-specific figures and tables,157.5,/Users/timozund/Documents/master_thesis/codex_dev/build/release/examples/advection -d 2 -tf 1.1 -n 80 -o 3 -method ofdg -cadence auto
advection_2d,proposed,draft,Do the methods retain their order in two spatial dimensions?,Cartesian multidimensional scalar validation.,u_t + u_x + u_y = 0,"[-1,1]^2 periodic",periodic,dg,3,160,-n,1,1.0,order-controlled explicit RK,L1; L2; Linf; conservation,exact translated solution and time-step halving,required,degree-specific figures and tables,157.5,/Users/timozund/Documents/master_thesis/codex_dev/build/release/examples/advection -d 2 -tf 1.1 -n 160 -o 3 -method dg -cadence auto
advection_2d,proposed,draft,Do the methods retain their order in two spatial dimensions?,Cartesian multidimensional scalar validation.,u_t + u_x + u_y = 0,"[-1,1]^2 periodic",periodic,ofdg-kxrcf,3,160,-n,1,1.0,order-controlled explicit RK,L1; L2; Linf; conservation,exact translated solution and time-step halving,required,degree-specific figures and tables,157.5,/Users/timozund/Documents/master_thesis/codex_dev/build/release/examples/advection -d 2 -tf 1.1 -n 160 -o 3 -method ofdg-kxrcf -cadence auto
advection_2d,proposed,draft,Do the methods retain their order in two spatial dimensions?,Cartesian multidimensional scalar validation.,u_t + u_x + u_y = 0,"[-1,1]^2 periodic",periodic,oedg,3,160,-n,1,1.0,order-controlled explicit RK,L1; L2; Linf; conservation,exact translated solution and time-step halving,required,degree-specific figures and tables,157.5,/Users/timozund/Documents/master_thesis/codex_dev/build/release/examples/advection -d 2 -tf 1.1 -n 160 -o 3 -method oedg -cadence auto
advection_2d,proposed,draft,Do the methods retain their order in two spatial dimensions?,Cartesian multidimensional scalar validation.,u_t + u_x + u_y = 0,"[-1,1]^2 periodic",periodic,ofdg,3,160,-n,1,1.0,order-controlled explicit RK,L1; L2; Linf; conservation,exact translated solution and time-step halving,required,degree-specific figures and tables,157.5,/Users/timozund/Documents/master_thesis/codex_dev/build/release/examples/advection -d 2 -tf 1.1 -n 160 -o 3 -method ofdg -cadence auto
advection_2d_triangular,proposed,draft,Does the implementation retain accuracy on an affine triangular mesh family?,Mesh-generality check.,u_t + u_x + u_y = 0,"[-1,1]^2 periodic triangular mesh",periodic,dg,1,20,-n,1,1.0,order-controlled explicit RK,L1; L2; Linf; conservation,exact translated solution and time-step halving,required,supplementary convergence tables,210,/Users/timozund/Documents/master_thesis/codex_dev/build/release/examples/advection -d 2 -tf 1.1 -triangular -n 20 -o 1 -method dg -cadence auto
advection_2d_triangular,proposed,draft,Does the implementation retain accuracy on an affine triangular mesh family?,Mesh-generality check.,u_t + u_x + u_y = 0,"[-1,1]^2 periodic triangular mesh",periodic,ofdg-kxrcf,1,20,-n,1,1.0,order-controlled explicit RK,L1; L2; Linf; conservation,exact translated solution and time-step halving,required,supplementary convergence tables,210,/Users/timozund/Documents/master_thesis/codex_dev/build/release/examples/advection -d 2 -tf 1.1 -triangular -n 20 -o 1 -method ofdg-kxrcf -cadence auto
advection_2d_triangular,proposed,draft,Does the implementation retain accuracy on an affine triangular mesh family?,Mesh-generality check.,u_t + u_x + u_y = 0,"[-1,1]^2 periodic triangular mesh",periodic,oedg,1,20,-n,1,1.0,order-controlled explicit RK,L1; L2; Linf; conservation,exact translated solution and time-step halving,required,supplementary convergence tables,210,/Users/timozund/Documents/master_thesis/codex_dev/build/release/examples/advection -d 2 -tf 1.1 -triangular -n 20 -o 1 -method oedg -cadence auto
advection_2d_triangular,proposed,draft,Does the implementation retain accuracy on an affine triangular mesh family?,Mesh-generality check.,u_t + u_x + u_y = 0,"[-1,1]^2 periodic triangular mesh",periodic,ofdg,1,20,-n,1,1.0,order-controlled explicit RK,L1; L2; Linf; conservation,exact translated solution and time-step halving,required,supplementary convergence tables,210,/Users/timozund/Documents/master_thesis/codex_dev/build/release/examples/advection -d 2 -tf 1.1 -triangular -n 20 -o 1 -method ofdg -cadence auto
advection_2d_triangular,proposed,draft,Does the implementation retain accuracy on an affine triangular mesh family?,Mesh-generality check.,u_t + u_x + u_y = 0,"[-1,1]^2 periodic triangular mesh",periodic,dg,1,40,-n,1,1.0,order-controlled explicit RK,L1; L2; Linf; conservation,exact translated solution and time-step halving,required,supplementary convergence tables,210,/Users/timozund/Documents/master_thesis/codex_dev/build/release/examples/advection -d 2 -tf 1.1 -triangular -n 40 -o 1 -method dg -cadence auto
advection_2d_triangular,proposed,draft,Does the implementation retain accuracy on an affine triangular mesh family?,Mesh-generality check.,u_t + u_x + u_y = 0,"[-1,1]^2 periodic triangular mesh",periodic,ofdg-kxrcf,1,40,-n,1,1.0,order-controlled explicit RK,L1; L2; Linf; conservation,exact translated solution and time-step halving,required,supplementary convergence tables,210,/Users/timozund/Documents/master_thesis/codex_dev/build/release/examples/advection -d 2 -tf 1.1 -triangular -n 40 -o 1 -method ofdg-kxrcf -cadence auto
advection_2d_triangular,proposed,draft,Does the implementation retain accuracy on an affine triangular mesh family?,Mesh-generality check.,u_t + u_x + u_y = 0,"[-1,1]^2 periodic triangular mesh",periodic,oedg,1,40,-n,1,1.0,order-controlled explicit RK,L1; L2; Linf; conservation,exact translated solution and time-step halving,required,supplementary convergence tables,210,/Users/timozund/Documents/master_thesis/codex_dev/build/release/examples/advection -d 2 -tf 1.1 -triangular -n 40 -o 1 -method oedg -cadence auto
advection_2d_triangular,proposed,draft,Does the implementation retain accuracy on an affine triangular mesh family?,Mesh-generality check.,u_t + u_x + u_y = 0,"[-1,1]^2 periodic triangular mesh",periodic,ofdg,1,40,-n,1,1.0,order-controlled explicit RK,L1; L2; Linf; conservation,exact translated solution and time-step halving,required,supplementary convergence tables,210,/Users/timozund/Documents/master_thesis/codex_dev/build/release/examples/advection -d 2 -tf 1.1 -triangular -n 40 -o 1 -method ofdg -cadence auto
advection_2d_triangular,proposed,draft,Does the implementation retain accuracy on an affine triangular mesh family?,Mesh-generality check.,u_t + u_x + u_y = 0,"[-1,1]^2 periodic triangular mesh",periodic,dg,1,80,-n,1,1.0,order-controlled explicit RK,L1; L2; Linf; conservation,exact translated solution and time-step halving,required,supplementary convergence tables,210,/Users/timozund/Documents/master_thesis/codex_dev/build/release/examples/advection -d 2 -tf 1.1 -triangular -n 80 -o 1 -method dg -cadence auto
advection_2d_triangular,proposed,draft,Does the implementation retain accuracy on an affine triangular mesh family?,Mesh-generality check.,u_t + u_x + u_y = 0,"[-1,1]^2 periodic triangular mesh",periodic,ofdg-kxrcf,1,80,-n,1,1.0,order-controlled explicit RK,L1; L2; Linf; conservation,exact translated solution and time-step halving,required,supplementary convergence tables,210,/Users/timozund/Documents/master_thesis/codex_dev/build/release/examples/advection -d 2 -tf 1.1 -triangular -n 80 -o 1 -method ofdg-kxrcf -cadence auto
advection_2d_triangular,proposed,draft,Does the implementation retain accuracy on an affine triangular mesh family?,Mesh-generality check.,u_t + u_x + u_y = 0,"[-1,1]^2 periodic triangular mesh",periodic,oedg,1,80,-n,1,1.0,order-controlled explicit RK,L1; L2; Linf; conservation,exact translated solution and time-step halving,required,supplementary convergence tables,210,/Users/timozund/Documents/master_thesis/codex_dev/build/release/examples/advection -d 2 -tf 1.1 -triangular -n 80 -o 1 -method oedg -cadence auto
advection_2d_triangular,proposed,draft,Does the implementation retain accuracy on an affine triangular mesh family?,Mesh-generality check.,u_t + u_x + u_y = 0,"[-1,1]^2 periodic triangular mesh",periodic,ofdg,1,80,-n,1,1.0,order-controlled explicit RK,L1; L2; Linf; conservation,exact translated solution and time-step halving,required,supplementary convergence tables,210,/Users/timozund/Documents/master_thesis/codex_dev/build/release/examples/advection -d 2 -tf 1.1 -triangular -n 80 -o 1 -method ofdg -cadence auto
advection_2d_triangular,proposed,draft,Does the implementation retain accuracy on an affine triangular mesh family?,Mesh-generality check.,u_t + u_x + u_y = 0,"[-1,1]^2 periodic triangular mesh",periodic,dg,1,160,-n,1,1.0,order-controlled explicit RK,L1; L2; Linf; conservation,exact translated solution and time-step halving,required,supplementary convergence tables,210,/Users/timozund/Documents/master_thesis/codex_dev/build/release/examples/advection -d 2 -tf 1.1 -triangular -n 160 -o 1 -method dg -cadence auto
advection_2d_triangular,proposed,draft,Does the implementation retain accuracy on an affine triangular mesh family?,Mesh-generality check.,u_t + u_x + u_y = 0,"[-1,1]^2 periodic triangular mesh",periodic,ofdg-kxrcf,1,160,-n,1,1.0,order-controlled explicit RK,L1; L2; Linf; conservation,exact translated solution and time-step halving,required,supplementary convergence tables,210,/Users/timozund/Documents/master_thesis/codex_dev/build/release/examples/advection -d 2 -tf 1.1 -triangular -n 160 -o 1 -method ofdg-kxrcf -cadence auto
advection_2d_triangular,proposed,draft,Does the implementation retain accuracy on an affine triangular mesh family?,Mesh-generality check.,u_t + u_x + u_y = 0,"[-1,1]^2 periodic triangular mesh",periodic,oedg,1,160,-n,1,1.0,order-controlled explicit RK,L1; L2; Linf; conservation,exact translated solution and time-step halving,required,supplementary convergence tables,210,/Users/timozund/Documents/master_thesis/codex_dev/build/release/examples/advection -d 2 -tf 1.1 -triangular -n 160 -o 1 -method oedg -cadence auto
advection_2d_triangular,proposed,draft,Does the implementation retain accuracy on an affine triangular mesh family?,Mesh-generality check.,u_t + u_x + u_y = 0,"[-1,1]^2 periodic triangular mesh",periodic,ofdg,1,160,-n,1,1.0,order-controlled explicit RK,L1; L2; Linf; conservation,exact translated solution and time-step halving,required,supplementary convergence tables,210,/Users/timozund/Documents/master_thesis/codex_dev/build/release/examples/advection -d 2 -tf 1.1 -triangular -n 160 -o 1 -method ofdg -cadence auto
advection_2d_triangular,proposed,draft,Does the implementation retain accuracy on an affine triangular mesh family?,Mesh-generality check.,u_t + u_x + u_y = 0,"[-1,1]^2 periodic triangular mesh",periodic,dg,2,20,-n,1,1.0,order-controlled explicit RK,L1; L2; Linf; conservation,exact translated solution and time-step halving,required,supplementary convergence tables,210,/Users/timozund/Documents/master_thesis/codex_dev/build/release/examples/advection -d 2 -tf 1.1 -triangular -n 20 -o 2 -method dg -cadence auto
advection_2d_triangular,proposed,draft,Does the implementation retain accuracy on an affine triangular mesh family?,Mesh-generality check.,u_t + u_x + u_y = 0,"[-1,1]^2 periodic triangular mesh",periodic,ofdg-kxrcf,2,20,-n,1,1.0,order-controlled explicit RK,L1; L2; Linf; conservation,exact translated solution and time-step halving,required,supplementary convergence tables,210,/Users/timozund/Documents/master_thesis/codex_dev/build/release/examples/advection -d 2 -tf 1.1 -triangular -n 20 -o 2 -method ofdg-kxrcf -cadence auto
advection_2d_triangular,proposed,draft,Does the implementation retain accuracy on an affine triangular mesh family?,Mesh-generality check.,u_t + u_x + u_y = 0,"[-1,1]^2 periodic triangular mesh",periodic,oedg,2,20,-n,1,1.0,order-controlled explicit RK,L1; L2; Linf; conservation,exact translated solution and time-step halving,required,supplementary convergence tables,210,/Users/timozund/Documents/master_thesis/codex_dev/build/release/examples/advection -d 2 -tf 1.1 -triangular -n 20 -o 2 -method oedg -cadence auto
advection_2d_triangular,proposed,draft,Does the implementation retain accuracy on an affine triangular mesh family?,Mesh-generality check.,u_t + u_x + u_y = 0,"[-1,1]^2 periodic triangular mesh",periodic,ofdg,2,20,-n,1,1.0,order-controlled explicit RK,L1; L2; Linf; conservation,exact translated solution and time-step halving,required,supplementary convergence tables,210,/Users/timozund/Documents/master_thesis/codex_dev/build/release/examples/advection -d 2 -tf 1.1 -triangular -n 20 -o 2 -method ofdg -cadence auto
advection_2d_triangular,proposed,draft,Does the implementation retain accuracy on an affine triangular mesh family?,Mesh-generality check.,u_t + u_x + u_y = 0,"[-1,1]^2 periodic triangular mesh",periodic,dg,2,40,-n,1,1.0,order-controlled explicit RK,L1; L2; Linf; conservation,exact translated solution and time-step halving,required,supplementary convergence tables,210,/Users/timozund/Documents/master_thesis/codex_dev/build/release/examples/advection -d 2 -tf 1.1 -triangular -n 40 -o 2 -method dg -cadence auto
advection_2d_triangular,proposed,draft,Does the implementation retain accuracy on an affine triangular mesh family?,Mesh-generality check.,u_t + u_x + u_y = 0,"[-1,1]^2 periodic triangular mesh",periodic,ofdg-kxrcf,2,40,-n,1,1.0,order-controlled explicit RK,L1; L2; Linf; conservation,exact translated solution and time-step halving,required,supplementary convergence tables,210,/Users/timozund/Documents/master_thesis/codex_dev/build/release/examples/advection -d 2 -tf 1.1 -triangular -n 40 -o 2 -method ofdg-kxrcf -cadence auto
advection_2d_triangular,proposed,draft,Does the implementation retain accuracy on an affine triangular mesh family?,Mesh-generality check.,u_t + u_x + u_y = 0,"[-1,1]^2 periodic triangular mesh",periodic,oedg,2,40,-n,1,1.0,order-controlled explicit RK,L1; L2; Linf; conservation,exact translated solution and time-step halving,required,supplementary convergence tables,210,/Users/timozund/Documents/master_thesis/codex_dev/build/release/examples/advection -d 2 -tf 1.1 -triangular -n 40 -o 2 -method oedg -cadence auto
advection_2d_triangular,proposed,draft,Does the implementation retain accuracy on an affine triangular mesh family?,Mesh-generality check.,u_t + u_x + u_y = 0,"[-1,1]^2 periodic triangular mesh",periodic,ofdg,2,40,-n,1,1.0,order-controlled explicit RK,L1; L2; Linf; conservation,exact translated solution and time-step halving,required,supplementary convergence tables,210,/Users/timozund/Documents/master_thesis/codex_dev/build/release/examples/advection -d 2 -tf 1.1 -triangular -n 40 -o 2 -method ofdg -cadence auto
advection_2d_triangular,proposed,draft,Does the implementation retain accuracy on an affine triangular mesh family?,Mesh-generality check.,u_t + u_x + u_y = 0,"[-1,1]^2 periodic triangular mesh",periodic,dg,2,80,-n,1,1.0,order-controlled explicit RK,L1; L2; Linf; conservation,exact translated solution and time-step halving,required,supplementary convergence tables,210,/Users/timozund/Documents/master_thesis/codex_dev/build/release/examples/advection -d 2 -tf 1.1 -triangular -n 80 -o 2 -method dg -cadence auto
advection_2d_triangular,proposed,draft,Does the implementation retain accuracy on an affine triangular mesh family?,Mesh-generality check.,u_t + u_x + u_y = 0,"[-1,1]^2 periodic triangular mesh",periodic,ofdg-kxrcf,2,80,-n,1,1.0,order-controlled explicit RK,L1; L2; Linf; conservation,exact translated solution and time-step halving,required,supplementary convergence tables,210,/Users/timozund/Documents/master_thesis/codex_dev/build/release/examples/advection -d 2 -tf 1.1 -triangular -n 80 -o 2 -method ofdg-kxrcf -cadence auto
advection_2d_triangular,proposed,draft,Does the implementation retain accuracy on an affine triangular mesh family?,Mesh-generality check.,u_t + u_x + u_y = 0,"[-1,1]^2 periodic triangular mesh",periodic,oedg,2,80,-n,1,1.0,order-controlled explicit RK,L1; L2; Linf; conservation,exact translated solution and time-step halving,required,supplementary convergence tables,210,/Users/timozund/Documents/master_thesis/codex_dev/build/release/examples/advection -d 2 -tf 1.1 -triangular -n 80 -o 2 -method oedg -cadence auto
advection_2d_triangular,proposed,draft,Does the implementation retain accuracy on an affine triangular mesh family?,Mesh-generality check.,u_t + u_x + u_y = 0,"[-1,1]^2 periodic triangular mesh",periodic,ofdg,2,80,-n,1,1.0,order-controlled explicit RK,L1; L2; Linf; conservation,exact translated solution and time-step halving,required,supplementary convergence tables,210,/Users/timozund/Documents/master_thesis/codex_dev/build/release/examples/advection -d 2 -tf 1.1 -triangular -n 80 -o 2 -method ofdg -cadence auto
advection_2d_triangular,proposed,draft,Does the implementation retain accuracy on an affine triangular mesh family?,Mesh-generality check.,u_t + u_x + u_y = 0,"[-1,1]^2 periodic triangular mesh",periodic,dg,2,160,-n,1,1.0,order-controlled explicit RK,L1; L2; Linf; conservation,exact translated solution and time-step halving,required,supplementary convergence tables,210,/Users/timozund/Documents/master_thesis/codex_dev/build/release/examples/advection -d 2 -tf 1.1 -triangular -n 160 -o 2 -method dg -cadence auto
advection_2d_triangular,proposed,draft,Does the implementation retain accuracy on an affine triangular mesh family?,Mesh-generality check.,u_t + u_x + u_y = 0,"[-1,1]^2 periodic triangular mesh",periodic,ofdg-kxrcf,2,160,-n,1,1.0,order-controlled explicit RK,L1; L2; Linf; conservation,exact translated solution and time-step halving,required,supplementary convergence tables,210,/Users/timozund/Documents/master_thesis/codex_dev/build/release/examples/advection -d 2 -tf 1.1 -triangular -n 160 -o 2 -method ofdg-kxrcf -cadence auto
advection_2d_triangular,proposed,draft,Does the implementation retain accuracy on an affine triangular mesh family?,Mesh-generality check.,u_t + u_x + u_y = 0,"[-1,1]^2 periodic triangular mesh",periodic,oedg,2,160,-n,1,1.0,order-controlled explicit RK,L1; L2; Linf; conservation,exact translated solution and time-step halving,required,supplementary convergence tables,210,/Users/timozund/Documents/master_thesis/codex_dev/build/release/examples/advection -d 2 -tf 1.1 -triangular -n 160 -o 2 -method oedg -cadence auto
advection_2d_triangular,proposed,draft,Does the implementation retain accuracy on an affine triangular mesh family?,Mesh-generality check.,u_t + u_x + u_y = 0,"[-1,1]^2 periodic triangular mesh",periodic,ofdg,2,160,-n,1,1.0,order-controlled explicit RK,L1; L2; Linf; conservation,exact translated solution and time-step halving,required,supplementary convergence tables,210,/Users/timozund/Documents/master_thesis/codex_dev/build/release/examples/advection -d 2 -tf 1.1 -triangular -n 160 -o 2 -method ofdg -cadence auto
advection_2d_triangular,proposed,draft,Does the implementation retain accuracy on an affine triangular mesh family?,Mesh-generality check.,u_t + u_x + u_y = 0,"[-1,1]^2 periodic triangular mesh",periodic,dg,3,20,-n,1,1.0,order-controlled explicit RK,L1; L2; Linf; conservation,exact translated solution and time-step halving,required,supplementary convergence tables,210,/Users/timozund/Documents/master_thesis/codex_dev/build/release/examples/advection -d 2 -tf 1.1 -triangular -n 20 -o 3 -method dg -cadence auto
advection_2d_triangular,proposed,draft,Does the implementation retain accuracy on an affine triangular mesh family?,Mesh-generality check.,u_t + u_x + u_y = 0,"[-1,1]^2 periodic triangular mesh",periodic,ofdg-kxrcf,3,20,-n,1,1.0,order-controlled explicit RK,L1; L2; Linf; conservation,exact translated solution and time-step halving,required,supplementary convergence tables,210,/Users/timozund/Documents/master_thesis/codex_dev/build/release/examples/advection -d 2 -tf 1.1 -triangular -n 20 -o 3 -method ofdg-kxrcf -cadence auto
advection_2d_triangular,proposed,draft,Does the implementation retain accuracy on an affine triangular mesh family?,Mesh-generality check.,u_t + u_x + u_y = 0,"[-1,1]^2 periodic triangular mesh",periodic,oedg,3,20,-n,1,1.0,order-controlled explicit RK,L1; L2; Linf; conservation,exact translated solution and time-step halving,required,supplementary convergence tables,210,/Users/timozund/Documents/master_thesis/codex_dev/build/release/examples/advection -d 2 -tf 1.1 -triangular -n 20 -o 3 -method oedg -cadence auto
advection_2d_triangular,proposed,draft,Does the implementation retain accuracy on an affine triangular mesh family?,Mesh-generality check.,u_t + u_x + u_y = 0,"[-1,1]^2 periodic triangular mesh",periodic,ofdg,3,20,-n,1,1.0,order-controlled explicit RK,L1; L2; Linf; conservation,exact translated solution and time-step halving,required,supplementary convergence tables,210,/Users/timozund/Documents/master_thesis/codex_dev/build/release/examples/advection -d 2 -tf 1.1 -triangular -n 20 -o 3 -method ofdg -cadence auto
advection_2d_triangular,proposed,draft,Does the implementation retain accuracy on an affine triangular mesh family?,Mesh-generality check.,u_t + u_x + u_y = 0,"[-1,1]^2 periodic triangular mesh",periodic,dg,3,40,-n,1,1.0,order-controlled explicit RK,L1; L2; Linf; conservation,exact translated solution and time-step halving,required,supplementary convergence tables,210,/Users/timozund/Documents/master_thesis/codex_dev/build/release/examples/advection -d 2 -tf 1.1 -triangular -n 40 -o 3 -method dg -cadence auto
advection_2d_triangular,proposed,draft,Does the implementation retain accuracy on an affine triangular mesh family?,Mesh-generality check.,u_t + u_x + u_y = 0,"[-1,1]^2 periodic triangular mesh",periodic,ofdg-kxrcf,3,40,-n,1,1.0,order-controlled explicit RK,L1; L2; Linf; conservation,exact translated solution and time-step halving,required,supplementary convergence tables,210,/Users/timozund/Documents/master_thesis/codex_dev/build/release/examples/advection -d 2 -tf 1.1 -triangular -n 40 -o 3 -method ofdg-kxrcf -cadence auto
advection_2d_triangular,proposed,draft,Does the implementation retain accuracy on an affine triangular mesh family?,Mesh-generality check.,u_t + u_x + u_y = 0,"[-1,1]^2 periodic triangular mesh",periodic,oedg,3,40,-n,1,1.0,order-controlled explicit RK,L1; L2; Linf; conservation,exact translated solution and time-step halving,required,supplementary convergence tables,210,/Users/timozund/Documents/master_thesis/codex_dev/build/release/examples/advection -d 2 -tf 1.1 -triangular -n 40 -o 3 -method oedg -cadence auto
advection_2d_triangular,proposed,draft,Does the implementation retain accuracy on an affine triangular mesh family?,Mesh-generality check.,u_t + u_x + u_y = 0,"[-1,1]^2 periodic triangular mesh",periodic,ofdg,3,40,-n,1,1.0,order-controlled explicit RK,L1; L2; Linf; conservation,exact translated solution and time-step halving,required,supplementary convergence tables,210,/Users/timozund/Documents/master_thesis/codex_dev/build/release/examples/advection -d 2 -tf 1.1 -triangular -n 40 -o 3 -method ofdg -cadence auto
advection_2d_triangular,proposed,draft,Does the implementation retain accuracy on an affine triangular mesh family?,Mesh-generality check.,u_t + u_x + u_y = 0,"[-1,1]^2 periodic triangular mesh",periodic,dg,3,80,-n,1,1.0,order-controlled explicit RK,L1; L2; Linf; conservation,exact translated solution and time-step halving,required,supplementary convergence tables,210,/Users/timozund/Documents/master_thesis/codex_dev/build/release/examples/advection -d 2 -tf 1.1 -triangular -n 80 -o 3 -method dg -cadence auto
advection_2d_triangular,proposed,draft,Does the implementation retain accuracy on an affine triangular mesh family?,Mesh-generality check.,u_t + u_x + u_y = 0,"[-1,1]^2 periodic triangular mesh",periodic,ofdg-kxrcf,3,80,-n,1,1.0,order-controlled explicit RK,L1; L2; Linf; conservation,exact translated solution and time-step halving,required,supplementary convergence tables,210,/Users/timozund/Documents/master_thesis/codex_dev/build/release/examples/advection -d 2 -tf 1.1 -triangular -n 80 -o 3 -method ofdg-kxrcf -cadence auto
advection_2d_triangular,proposed,draft,Does the implementation retain accuracy on an affine triangular mesh family?,Mesh-generality check.,u_t + u_x + u_y = 0,"[-1,1]^2 periodic triangular mesh",periodic,oedg,3,80,-n,1,1.0,order-controlled explicit RK,L1; L2; Linf; conservation,exact translated solution and time-step halving,required,supplementary convergence tables,210,/Users/timozund/Documents/master_thesis/codex_dev/build/release/examples/advection -d 2 -tf 1.1 -triangular -n 80 -o 3 -method oedg -cadence auto
advection_2d_triangular,proposed,draft,Does the implementation retain accuracy on an affine triangular mesh family?,Mesh-generality check.,u_t + u_x + u_y = 0,"[-1,1]^2 periodic triangular mesh",periodic,ofdg,3,80,-n,1,1.0,order-controlled explicit RK,L1; L2; Linf; conservation,exact translated solution and time-step halving,required,supplementary convergence tables,210,/Users/timozund/Documents/master_thesis/codex_dev/build/release/examples/advection -d 2 -tf 1.1 -triangular -n 80 -o 3 -method ofdg -cadence auto
advection_2d_triangular,proposed,draft,Does the implementation retain accuracy on an affine triangular mesh family?,Mesh-generality check.,u_t + u_x + u_y = 0,"[-1,1]^2 periodic triangular mesh",periodic,dg,3,160,-n,1,1.0,order-controlled explicit RK,L1; L2; Linf; conservation,exact translated solution and time-step halving,required,supplementary convergence tables,210,/Users/timozund/Documents/master_thesis/codex_dev/build/release/examples/advection -d 2 -tf 1.1 -triangular -n 160 -o 3 -method dg -cadence auto
advection_2d_triangular,proposed,draft,Does the implementation retain accuracy on an affine triangular mesh family?,Mesh-generality check.,u_t + u_x + u_y = 0,"[-1,1]^2 periodic triangular mesh",periodic,ofdg-kxrcf,3,160,-n,1,1.0,order-controlled explicit RK,L1; L2; Linf; conservation,exact translated solution and time-step halving,required,supplementary convergence tables,210,/Users/timozund/Documents/master_thesis/codex_dev/build/release/examples/advection -d 2 -tf 1.1 -triangular -n 160 -o 3 -method ofdg-kxrcf -cadence auto
advection_2d_triangular,proposed,draft,Does the implementation retain accuracy on an affine triangular mesh family?,Mesh-generality check.,u_t + u_x + u_y = 0,"[-1,1]^2 periodic triangular mesh",periodic,oedg,3,160,-n,1,1.0,order-controlled explicit RK,L1; L2; Linf; conservation,exact translated solution and time-step halving,required,supplementary convergence tables,210,/Users/timozund/Documents/master_thesis/codex_dev/build/release/examples/advection -d 2 -tf 1.1 -triangular -n 160 -o 3 -method oedg -cadence auto
advection_2d_triangular,proposed,draft,Does the implementation retain accuracy on an affine triangular mesh family?,Mesh-generality check.,u_t + u_x + u_y = 0,"[-1,1]^2 periodic triangular mesh",periodic,ofdg,3,160,-n,1,1.0,order-controlled explicit RK,L1; L2; Linf; conservation,exact translated solution and time-step halving,required,supplementary convergence tables,210,/Users/timozund/Documents/master_thesis/codex_dev/build/release/examples/advection -d 2 -tf 1.1 -triangular -n 160 -o 3 -method ofdg -cadence auto
euler_wave_2d,proposed,draft,Is optimal density convergence retained for a two-dimensional Euler wave?,Multidimensional system accuracy comparison.,compressible Euler,"[0,2]^2 periodic",periodic,dg,1,0,-r,1,1.0,order-controlled explicit RK,density L1; density L2; density Linf; state L2; conservation,exact density wave and time-step halving,required,separate method density tables,315,/Users/timozund/Documents/master_thesis/codex_dev/build/release/examples/euler -p 3 -tf 2 -no-vis -r 0 -o 1 -method dg -cadence auto -scale 1.0
euler_wave_2d,proposed,draft,Is optimal density convergence retained for a two-dimensional Euler wave?,Multidimensional system accuracy comparison.,compressible Euler,"[0,2]^2 periodic",periodic,ofdg-kxrcf,1,0,-r,1,1.0,order-controlled explicit RK,density L1; density L2; density Linf; state L2; conservation,exact density wave and time-step halving,required,separate method density tables,315,/Users/timozund/Documents/master_thesis/codex_dev/build/release/examples/euler -p 3 -tf 2 -no-vis -r 0 -o 1 -method ofdg-kxrcf -cadence auto -scale 1.0
euler_wave_2d,proposed,draft,Is optimal density convergence retained for a two-dimensional Euler wave?,Multidimensional system accuracy comparison.,compressible Euler,"[0,2]^2 periodic",periodic,oedg,1,0,-r,1,1.0,order-controlled explicit RK,density L1; density L2; density Linf; state L2; conservation,exact density wave and time-step halving,required,separate method density tables,315,/Users/timozund/Documents/master_thesis/codex_dev/build/release/examples/euler -p 3 -tf 2 -no-vis -r 0 -o 1 -method oedg -cadence auto -scale 1.0
euler_wave_2d,proposed,draft,Is optimal density convergence retained for a two-dimensional Euler wave?,Multidimensional system accuracy comparison.,compressible Euler,"[0,2]^2 periodic",periodic,ofdg,1,0,-r,1,1.0,order-controlled explicit RK,density L1; density L2; density Linf; state L2; conservation,exact density wave and time-step halving,required,separate method density tables,315,/Users/timozund/Documents/master_thesis/codex_dev/build/release/examples/euler -p 3 -tf 2 -no-vis -r 0 -o 1 -method ofdg -cadence auto -scale 1.0
euler_wave_2d,proposed,draft,Is optimal density convergence retained for a two-dimensional Euler wave?,Multidimensional system accuracy comparison.,compressible Euler,"[0,2]^2 periodic",periodic,dg,1,1,-r,1,1.0,order-controlled explicit RK,density L1; density L2; density Linf; state L2; conservation,exact density wave and time-step halving,required,separate method density tables,315,/Users/timozund/Documents/master_thesis/codex_dev/build/release/examples/euler -p 3 -tf 2 -no-vis -r 1 -o 1 -method dg -cadence auto -scale 1.0
euler_wave_2d,proposed,draft,Is optimal density convergence retained for a two-dimensional Euler wave?,Multidimensional system accuracy comparison.,compressible Euler,"[0,2]^2 periodic",periodic,ofdg-kxrcf,1,1,-r,1,1.0,order-controlled explicit RK,density L1; density L2; density Linf; state L2; conservation,exact density wave and time-step halving,required,separate method density tables,315,/Users/timozund/Documents/master_thesis/codex_dev/build/release/examples/euler -p 3 -tf 2 -no-vis -r 1 -o 1 -method ofdg-kxrcf -cadence auto -scale 1.0
euler_wave_2d,proposed,draft,Is optimal density convergence retained for a two-dimensional Euler wave?,Multidimensional system accuracy comparison.,compressible Euler,"[0,2]^2 periodic",periodic,oedg,1,1,-r,1,1.0,order-controlled explicit RK,density L1; density L2; density Linf; state L2; conservation,exact density wave and time-step halving,required,separate method density tables,315,/Users/timozund/Documents/master_thesis/codex_dev/build/release/examples/euler -p 3 -tf 2 -no-vis -r 1 -o 1 -method oedg -cadence auto -scale 1.0
euler_wave_2d,proposed,draft,Is optimal density convergence retained for a two-dimensional Euler wave?,Multidimensional system accuracy comparison.,compressible Euler,"[0,2]^2 periodic",periodic,ofdg,1,1,-r,1,1.0,order-controlled explicit RK,density L1; density L2; density Linf; state L2; conservation,exact density wave and time-step halving,required,separate method density tables,315,/Users/timozund/Documents/master_thesis/codex_dev/build/release/examples/euler -p 3 -tf 2 -no-vis -r 1 -o 1 -method ofdg -cadence auto -scale 1.0
euler_wave_2d,proposed,draft,Is optimal density convergence retained for a two-dimensional Euler wave?,Multidimensional system accuracy comparison.,compressible Euler,"[0,2]^2 periodic",periodic,dg,1,2,-r,1,1.0,order-controlled explicit RK,density L1; density L2; density Linf; state L2; conservation,exact density wave and time-step halving,required,separate method density tables,315,/Users/timozund/Documents/master_thesis/codex_dev/build/release/examples/euler -p 3 -tf 2 -no-vis -r 2 -o 1 -method dg -cadence auto -scale 1.0
euler_wave_2d,proposed,draft,Is optimal density convergence retained for a two-dimensional Euler wave?,Multidimensional system accuracy comparison.,compressible Euler,"[0,2]^2 periodic",periodic,ofdg-kxrcf,1,2,-r,1,1.0,order-controlled explicit RK,density L1; density L2; density Linf; state L2; conservation,exact density wave and time-step halving,required,separate method density tables,315,/Users/timozund/Documents/master_thesis/codex_dev/build/release/examples/euler -p 3 -tf 2 -no-vis -r 2 -o 1 -method ofdg-kxrcf -cadence auto -scale 1.0
euler_wave_2d,proposed,draft,Is optimal density convergence retained for a two-dimensional Euler wave?,Multidimensional system accuracy comparison.,compressible Euler,"[0,2]^2 periodic",periodic,oedg,1,2,-r,1,1.0,order-controlled explicit RK,density L1; density L2; density Linf; state L2; conservation,exact density wave and time-step halving,required,separate method density tables,315,/Users/timozund/Documents/master_thesis/codex_dev/build/release/examples/euler -p 3 -tf 2 -no-vis -r 2 -o 1 -method oedg -cadence auto -scale 1.0
euler_wave_2d,proposed,draft,Is optimal density convergence retained for a two-dimensional Euler wave?,Multidimensional system accuracy comparison.,compressible Euler,"[0,2]^2 periodic",periodic,ofdg,1,2,-r,1,1.0,order-controlled explicit RK,density L1; density L2; density Linf; state L2; conservation,exact density wave and time-step halving,required,separate method density tables,315,/Users/timozund/Documents/master_thesis/codex_dev/build/release/examples/euler -p 3 -tf 2 -no-vis -r 2 -o 1 -method ofdg -cadence auto -scale 1.0
euler_wave_2d,proposed,draft,Is optimal density convergence retained for a two-dimensional Euler wave?,Multidimensional system accuracy comparison.,compressible Euler,"[0,2]^2 periodic",periodic,dg,1,3,-r,1,1.0,order-controlled explicit RK,density L1; density L2; density Linf; state L2; conservation,exact density wave and time-step halving,required,separate method density tables,315,/Users/timozund/Documents/master_thesis/codex_dev/build/release/examples/euler -p 3 -tf 2 -no-vis -r 3 -o 1 -method dg -cadence auto -scale 1.0
euler_wave_2d,proposed,draft,Is optimal density convergence retained for a two-dimensional Euler wave?,Multidimensional system accuracy comparison.,compressible Euler,"[0,2]^2 periodic",periodic,ofdg-kxrcf,1,3,-r,1,1.0,order-controlled explicit RK,density L1; density L2; density Linf; state L2; conservation,exact density wave and time-step halving,required,separate method density tables,315,/Users/timozund/Documents/master_thesis/codex_dev/build/release/examples/euler -p 3 -tf 2 -no-vis -r 3 -o 1 -method ofdg-kxrcf -cadence auto -scale 1.0
euler_wave_2d,proposed,draft,Is optimal density convergence retained for a two-dimensional Euler wave?,Multidimensional system accuracy comparison.,compressible Euler,"[0,2]^2 periodic",periodic,oedg,1,3,-r,1,1.0,order-controlled explicit RK,density L1; density L2; density Linf; state L2; conservation,exact density wave and time-step halving,required,separate method density tables,315,/Users/timozund/Documents/master_thesis/codex_dev/build/release/examples/euler -p 3 -tf 2 -no-vis -r 3 -o 1 -method oedg -cadence auto -scale 1.0
euler_wave_2d,proposed,draft,Is optimal density convergence retained for a two-dimensional Euler wave?,Multidimensional system accuracy comparison.,compressible Euler,"[0,2]^2 periodic",periodic,ofdg,1,3,-r,1,1.0,order-controlled explicit RK,density L1; density L2; density Linf; state L2; conservation,exact density wave and time-step halving,required,separate method density tables,315,/Users/timozund/Documents/master_thesis/codex_dev/build/release/examples/euler -p 3 -tf 2 -no-vis -r 3 -o 1 -method ofdg -cadence auto -scale 1.0
euler_wave_2d,proposed,draft,Is optimal density convergence retained for a two-dimensional Euler wave?,Multidimensional system accuracy comparison.,compressible Euler,"[0,2]^2 periodic",periodic,dg,2,0,-r,1,1.0,order-controlled explicit RK,density L1; density L2; density Linf; state L2; conservation,exact density wave and time-step halving,required,separate method density tables,315,/Users/timozund/Documents/master_thesis/codex_dev/build/release/examples/euler -p 3 -tf 2 -no-vis -r 0 -o 2 -method dg -cadence auto -scale 1.0
euler_wave_2d,proposed,draft,Is optimal density convergence retained for a two-dimensional Euler wave?,Multidimensional system accuracy comparison.,compressible Euler,"[0,2]^2 periodic",periodic,ofdg-kxrcf,2,0,-r,1,1.0,order-controlled explicit RK,density L1; density L2; density Linf; state L2; conservation,exact density wave and time-step halving,required,separate method density tables,315,/Users/timozund/Documents/master_thesis/codex_dev/build/release/examples/euler -p 3 -tf 2 -no-vis -r 0 -o 2 -method ofdg-kxrcf -cadence auto -scale 1.0
euler_wave_2d,proposed,draft,Is optimal density convergence retained for a two-dimensional Euler wave?,Multidimensional system accuracy comparison.,compressible Euler,"[0,2]^2 periodic",periodic,oedg,2,0,-r,1,1.0,order-controlled explicit RK,density L1; density L2; density Linf; state L2; conservation,exact density wave and time-step halving,required,separate method density tables,315,/Users/timozund/Documents/master_thesis/codex_dev/build/release/examples/euler -p 3 -tf 2 -no-vis -r 0 -o 2 -method oedg -cadence auto -scale 1.0
euler_wave_2d,proposed,draft,Is optimal density convergence retained for a two-dimensional Euler wave?,Multidimensional system accuracy comparison.,compressible Euler,"[0,2]^2 periodic",periodic,ofdg,2,0,-r,1,1.0,order-controlled explicit RK,density L1; density L2; density Linf; state L2; conservation,exact density wave and time-step halving,required,separate method density tables,315,/Users/timozund/Documents/master_thesis/codex_dev/build/release/examples/euler -p 3 -tf 2 -no-vis -r 0 -o 2 -method ofdg -cadence auto -scale 1.0
euler_wave_2d,proposed,draft,Is optimal density convergence retained for a two-dimensional Euler wave?,Multidimensional system accuracy comparison.,compressible Euler,"[0,2]^2 periodic",periodic,dg,2,1,-r,1,1.0,order-controlled explicit RK,density L1; density L2; density Linf; state L2; conservation,exact density wave and time-step halving,required,separate method density tables,315,/Users/timozund/Documents/master_thesis/codex_dev/build/release/examples/euler -p 3 -tf 2 -no-vis -r 1 -o 2 -method dg -cadence auto -scale 1.0
euler_wave_2d,proposed,draft,Is optimal density convergence retained for a two-dimensional Euler wave?,Multidimensional system accuracy comparison.,compressible Euler,"[0,2]^2 periodic",periodic,ofdg-kxrcf,2,1,-r,1,1.0,order-controlled explicit RK,density L1; density L2; density Linf; state L2; conservation,exact density wave and time-step halving,required,separate method density tables,315,/Users/timozund/Documents/master_thesis/codex_dev/build/release/examples/euler -p 3 -tf 2 -no-vis -r 1 -o 2 -method ofdg-kxrcf -cadence auto -scale 1.0
euler_wave_2d,proposed,draft,Is optimal density convergence retained for a two-dimensional Euler wave?,Multidimensional system accuracy comparison.,compressible Euler,"[0,2]^2 periodic",periodic,oedg,2,1,-r,1,1.0,order-controlled explicit RK,density L1; density L2; density Linf; state L2; conservation,exact density wave and time-step halving,required,separate method density tables,315,/Users/timozund/Documents/master_thesis/codex_dev/build/release/examples/euler -p 3 -tf 2 -no-vis -r 1 -o 2 -method oedg -cadence auto -scale 1.0
euler_wave_2d,proposed,draft,Is optimal density convergence retained for a two-dimensional Euler wave?,Multidimensional system accuracy comparison.,compressible Euler,"[0,2]^2 periodic",periodic,ofdg,2,1,-r,1,1.0,order-controlled explicit RK,density L1; density L2; density Linf; state L2; conservation,exact density wave and time-step halving,required,separate method density tables,315,/Users/timozund/Documents/master_thesis/codex_dev/build/release/examples/euler -p 3 -tf 2 -no-vis -r 1 -o 2 -method ofdg -cadence auto -scale 1.0
euler_wave_2d,proposed,draft,Is optimal density convergence retained for a two-dimensional Euler wave?,Multidimensional system accuracy comparison.,compressible Euler,"[0,2]^2 periodic",periodic,dg,2,2,-r,1,1.0,order-controlled explicit RK,density L1; density L2; density Linf; state L2; conservation,exact density wave and time-step halving,required,separate method density tables,315,/Users/timozund/Documents/master_thesis/codex_dev/build/release/examples/euler -p 3 -tf 2 -no-vis -r 2 -o 2 -method dg -cadence auto -scale 1.0
euler_wave_2d,proposed,draft,Is optimal density convergence retained for a two-dimensional Euler wave?,Multidimensional system accuracy comparison.,compressible Euler,"[0,2]^2 periodic",periodic,ofdg-kxrcf,2,2,-r,1,1.0,order-controlled explicit RK,density L1; density L2; density Linf; state L2; conservation,exact density wave and time-step halving,required,separate method density tables,315,/Users/timozund/Documents/master_thesis/codex_dev/build/release/examples/euler -p 3 -tf 2 -no-vis -r 2 -o 2 -method ofdg-kxrcf -cadence auto -scale 1.0
euler_wave_2d,proposed,draft,Is optimal density convergence retained for a two-dimensional Euler wave?,Multidimensional system accuracy comparison.,compressible Euler,"[0,2]^2 periodic",periodic,oedg,2,2,-r,1,1.0,order-controlled explicit RK,density L1; density L2; density Linf; state L2; conservation,exact density wave and time-step halving,required,separate method density tables,315,/Users/timozund/Documents/master_thesis/codex_dev/build/release/examples/euler -p 3 -tf 2 -no-vis -r 2 -o 2 -method oedg -cadence auto -scale 1.0
euler_wave_2d,proposed,draft,Is optimal density convergence retained for a two-dimensional Euler wave?,Multidimensional system accuracy comparison.,compressible Euler,"[0,2]^2 periodic",periodic,ofdg,2,2,-r,1,1.0,order-controlled explicit RK,density L1; density L2; density Linf; state L2; conservation,exact density wave and time-step halving,required,separate method density tables,315,/Users/timozund/Documents/master_thesis/codex_dev/build/release/examples/euler -p 3 -tf 2 -no-vis -r 2 -o 2 -method ofdg -cadence auto -scale 1.0
euler_wave_2d,proposed,draft,Is optimal density convergence retained for a two-dimensional Euler wave?,Multidimensional system accuracy comparison.,compressible Euler,"[0,2]^2 periodic",periodic,dg,2,3,-r,1,1.0,order-controlled explicit RK,density L1; density L2; density Linf; state L2; conservation,exact density wave and time-step halving,required,separate method density tables,315,/Users/timozund/Documents/master_thesis/codex_dev/build/release/examples/euler -p 3 -tf 2 -no-vis -r 3 -o 2 -method dg -cadence auto -scale 1.0
euler_wave_2d,proposed,draft,Is optimal density convergence retained for a two-dimensional Euler wave?,Multidimensional system accuracy comparison.,compressible Euler,"[0,2]^2 periodic",periodic,ofdg-kxrcf,2,3,-r,1,1.0,order-controlled explicit RK,density L1; density L2; density Linf; state L2; conservation,exact density wave and time-step halving,required,separate method density tables,315,/Users/timozund/Documents/master_thesis/codex_dev/build/release/examples/euler -p 3 -tf 2 -no-vis -r 3 -o 2 -method ofdg-kxrcf -cadence auto -scale 1.0
euler_wave_2d,proposed,draft,Is optimal density convergence retained for a two-dimensional Euler wave?,Multidimensional system accuracy comparison.,compressible Euler,"[0,2]^2 periodic",periodic,oedg,2,3,-r,1,1.0,order-controlled explicit RK,density L1; density L2; density Linf; state L2; conservation,exact density wave and time-step halving,required,separate method density tables,315,/Users/timozund/Documents/master_thesis/codex_dev/build/release/examples/euler -p 3 -tf 2 -no-vis -r 3 -o 2 -method oedg -cadence auto -scale 1.0
euler_wave_2d,proposed,draft,Is optimal density convergence retained for a two-dimensional Euler wave?,Multidimensional system accuracy comparison.,compressible Euler,"[0,2]^2 periodic",periodic,ofdg,2,3,-r,1,1.0,order-controlled explicit RK,density L1; density L2; density Linf; state L2; conservation,exact density wave and time-step halving,required,separate method density tables,315,/Users/timozund/Documents/master_thesis/codex_dev/build/release/examples/euler -p 3 -tf 2 -no-vis -r 3 -o 2 -method ofdg -cadence auto -scale 1.0
euler_wave_2d,proposed,draft,Is optimal density convergence retained for a two-dimensional Euler wave?,Multidimensional system accuracy comparison.,compressible Euler,"[0,2]^2 periodic",periodic,dg,3,0,-r,1,1.0,order-controlled explicit RK,density L1; density L2; density Linf; state L2; conservation,exact density wave and time-step halving,required,separate method density tables,315,/Users/timozund/Documents/master_thesis/codex_dev/build/release/examples/euler -p 3 -tf 2 -no-vis -r 0 -o 3 -method dg -cadence auto -scale 1.0
euler_wave_2d,proposed,draft,Is optimal density convergence retained for a two-dimensional Euler wave?,Multidimensional system accuracy comparison.,compressible Euler,"[0,2]^2 periodic",periodic,ofdg-kxrcf,3,0,-r,1,1.0,order-controlled explicit RK,density L1; density L2; density Linf; state L2; conservation,exact density wave and time-step halving,required,separate method density tables,315,/Users/timozund/Documents/master_thesis/codex_dev/build/release/examples/euler -p 3 -tf 2 -no-vis -r 0 -o 3 -method ofdg-kxrcf -cadence auto -scale 1.0
euler_wave_2d,proposed,draft,Is optimal density convergence retained for a two-dimensional Euler wave?,Multidimensional system accuracy comparison.,compressible Euler,"[0,2]^2 periodic",periodic,oedg,3,0,-r,1,1.0,order-controlled explicit RK,density L1; density L2; density Linf; state L2; conservation,exact density wave and time-step halving,required,separate method density tables,315,/Users/timozund/Documents/master_thesis/codex_dev/build/release/examples/euler -p 3 -tf 2 -no-vis -r 0 -o 3 -method oedg -cadence auto -scale 1.0
euler_wave_2d,proposed,draft,Is optimal density convergence retained for a two-dimensional Euler wave?,Multidimensional system accuracy comparison.,compressible Euler,"[0,2]^2 periodic",periodic,ofdg,3,0,-r,1,1.0,order-controlled explicit RK,density L1; density L2; density Linf; state L2; conservation,exact density wave and time-step halving,required,separate method density tables,315,/Users/timozund/Documents/master_thesis/codex_dev/build/release/examples/euler -p 3 -tf 2 -no-vis -r 0 -o 3 -method ofdg -cadence auto -scale 1.0
euler_wave_2d,proposed,draft,Is optimal density convergence retained for a two-dimensional Euler wave?,Multidimensional system accuracy comparison.,compressible Euler,"[0,2]^2 periodic",periodic,dg,3,1,-r,1,1.0,order-controlled explicit RK,density L1; density L2; density Linf; state L2; conservation,exact density wave and time-step halving,required,separate method density tables,315,/Users/timozund/Documents/master_thesis/codex_dev/build/release/examples/euler -p 3 -tf 2 -no-vis -r 1 -o 3 -method dg -cadence auto -scale 1.0
euler_wave_2d,proposed,draft,Is optimal density convergence retained for a two-dimensional Euler wave?,Multidimensional system accuracy comparison.,compressible Euler,"[0,2]^2 periodic",periodic,ofdg-kxrcf,3,1,-r,1,1.0,order-controlled explicit RK,density L1; density L2; density Linf; state L2; conservation,exact density wave and time-step halving,required,separate method density tables,315,/Users/timozund/Documents/master_thesis/codex_dev/build/release/examples/euler -p 3 -tf 2 -no-vis -r 1 -o 3 -method ofdg-kxrcf -cadence auto -scale 1.0
euler_wave_2d,proposed,draft,Is optimal density convergence retained for a two-dimensional Euler wave?,Multidimensional system accuracy comparison.,compressible Euler,"[0,2]^2 periodic",periodic,oedg,3,1,-r,1,1.0,order-controlled explicit RK,density L1; density L2; density Linf; state L2; conservation,exact density wave and time-step halving,required,separate method density tables,315,/Users/timozund/Documents/master_thesis/codex_dev/build/release/examples/euler -p 3 -tf 2 -no-vis -r 1 -o 3 -method oedg -cadence auto -scale 1.0
euler_wave_2d,proposed,draft,Is optimal density convergence retained for a two-dimensional Euler wave?,Multidimensional system accuracy comparison.,compressible Euler,"[0,2]^2 periodic",periodic,ofdg,3,1,-r,1,1.0,order-controlled explicit RK,density L1; density L2; density Linf; state L2; conservation,exact density wave and time-step halving,required,separate method density tables,315,/Users/timozund/Documents/master_thesis/codex_dev/build/release/examples/euler -p 3 -tf 2 -no-vis -r 1 -o 3 -method ofdg -cadence auto -scale 1.0
euler_wave_2d,proposed,draft,Is optimal density convergence retained for a two-dimensional Euler wave?,Multidimensional system accuracy comparison.,compressible Euler,"[0,2]^2 periodic",periodic,dg,3,2,-r,1,1.0,order-controlled explicit RK,density L1; density L2; density Linf; state L2; conservation,exact density wave and time-step halving,required,separate method density tables,315,/Users/timozund/Documents/master_thesis/codex_dev/build/release/examples/euler -p 3 -tf 2 -no-vis -r 2 -o 3 -method dg -cadence auto -scale 1.0
euler_wave_2d,proposed,draft,Is optimal density convergence retained for a two-dimensional Euler wave?,Multidimensional system accuracy comparison.,compressible Euler,"[0,2]^2 periodic",periodic,ofdg-kxrcf,3,2,-r,1,1.0,order-controlled explicit RK,density L1; density L2; density Linf; state L2; conservation,exact density wave and time-step halving,required,separate method density tables,315,/Users/timozund/Documents/master_thesis/codex_dev/build/release/examples/euler -p 3 -tf 2 -no-vis -r 2 -o 3 -method ofdg-kxrcf -cadence auto -scale 1.0
euler_wave_2d,proposed,draft,Is optimal density convergence retained for a two-dimensional Euler wave?,Multidimensional system accuracy comparison.,compressible Euler,"[0,2]^2 periodic",periodic,oedg,3,2,-r,1,1.0,order-controlled explicit RK,density L1; density L2; density Linf; state L2; conservation,exact density wave and time-step halving,required,separate method density tables,315,/Users/timozund/Documents/master_thesis/codex_dev/build/release/examples/euler -p 3 -tf 2 -no-vis -r 2 -o 3 -method oedg -cadence auto -scale 1.0
euler_wave_2d,proposed,draft,Is optimal density convergence retained for a two-dimensional Euler wave?,Multidimensional system accuracy comparison.,compressible Euler,"[0,2]^2 periodic",periodic,ofdg,3,2,-r,1,1.0,order-controlled explicit RK,density L1; density L2; density Linf; state L2; conservation,exact density wave and time-step halving,required,separate method density tables,315,/Users/timozund/Documents/master_thesis/codex_dev/build/release/examples/euler -p 3 -tf 2 -no-vis -r 2 -o 3 -method ofdg -cadence auto -scale 1.0
euler_wave_2d,proposed,draft,Is optimal density convergence retained for a two-dimensional Euler wave?,Multidimensional system accuracy comparison.,compressible Euler,"[0,2]^2 periodic",periodic,dg,3,3,-r,1,1.0,order-controlled explicit RK,density L1; density L2; density Linf; state L2; conservation,exact density wave and time-step halving,required,separate method density tables,315,/Users/timozund/Documents/master_thesis/codex_dev/build/release/examples/euler -p 3 -tf 2 -no-vis -r 3 -o 3 -method dg -cadence auto -scale 1.0
euler_wave_2d,proposed,draft,Is optimal density convergence retained for a two-dimensional Euler wave?,Multidimensional system accuracy comparison.,compressible Euler,"[0,2]^2 periodic",periodic,ofdg-kxrcf,3,3,-r,1,1.0,order-controlled explicit RK,density L1; density L2; density Linf; state L2; conservation,exact density wave and time-step halving,required,separate method density tables,315,/Users/timozund/Documents/master_thesis/codex_dev/build/release/examples/euler -p 3 -tf 2 -no-vis -r 3 -o 3 -method ofdg-kxrcf -cadence auto -scale 1.0
euler_wave_2d,proposed,draft,Is optimal density convergence retained for a two-dimensional Euler wave?,Multidimensional system accuracy comparison.,compressible Euler,"[0,2]^2 periodic",periodic,oedg,3,3,-r,1,1.0,order-controlled explicit RK,density L1; density L2; density Linf; state L2; conservation,exact density wave and time-step halving,required,separate method density tables,315,/Users/timozund/Documents/master_thesis/codex_dev/build/release/examples/euler -p 3 -tf 2 -no-vis -r 3 -o 3 -method oedg -cadence auto -scale 1.0
euler_wave_2d,proposed,draft,Is optimal density convergence retained for a two-dimensional Euler wave?,Multidimensional system accuracy comparison.,compressible Euler,"[0,2]^2 periodic",periodic,ofdg,3,3,-r,1,1.0,order-controlled explicit RK,density L1; density L2; density Linf; state L2; conservation,exact density wave and time-step halving,required,separate method density tables,315,/Users/timozund/Documents/master_thesis/codex_dev/build/release/examples/euler -p 3 -tf 2 -no-vis -r 3 -o 3 -method ofdg -cadence auto -scale 1.0
euler_vortex,proposed,draft,How accurately is a smooth transported vortex preserved?,Project-specific Euler accuracy and wave-speed ablation.,compressible Euler,"[0,1]^2 periodic",periodic,dg,1,0,-r,1,1.0,order-controlled explicit RK,density L1; density L2; density Linf; conservation,exact transported vortex and time-step halving,required,"convergence table, contours, and wave-speed ablation",315,/Users/timozund/Documents/master_thesis/codex_dev/build/release/examples/euler -p 1 -tf 1 -no-vis -r 0 -o 1 -method dg -cadence auto -scale 1.0
euler_vortex,proposed,draft,How accurately is a smooth transported vortex preserved?,Project-specific Euler accuracy and wave-speed ablation.,compressible Euler,"[0,1]^2 periodic",periodic,ofdg-kxrcf,1,0,-r,1,1.0,order-controlled explicit RK,density L1; density L2; density Linf; conservation,exact transported vortex and time-step halving,required,"convergence table, contours, and wave-speed ablation",315,/Users/timozund/Documents/master_thesis/codex_dev/build/release/examples/euler -p 1 -tf 1 -no-vis -r 0 -o 1 -method ofdg-kxrcf -cadence auto -scale 1.0
euler_vortex,proposed,draft,How accurately is a smooth transported vortex preserved?,Project-specific Euler accuracy and wave-speed ablation.,compressible Euler,"[0,1]^2 periodic",periodic,oedg,1,0,-r,1,1.0,order-controlled explicit RK,density L1; density L2; density Linf; conservation,exact transported vortex and time-step halving,required,"convergence table, contours, and wave-speed ablation",315,/Users/timozund/Documents/master_thesis/codex_dev/build/release/examples/euler -p 1 -tf 1 -no-vis -r 0 -o 1 -method oedg -cadence auto -scale 1.0
euler_vortex,proposed,draft,How accurately is a smooth transported vortex preserved?,Project-specific Euler accuracy and wave-speed ablation.,compressible Euler,"[0,1]^2 periodic",periodic,ofdg,1,0,-r,1,1.0,order-controlled explicit RK,density L1; density L2; density Linf; conservation,exact transported vortex and time-step halving,required,"convergence table, contours, and wave-speed ablation",315,/Users/timozund/Documents/master_thesis/codex_dev/build/release/examples/euler -p 1 -tf 1 -no-vis -r 0 -o 1 -method ofdg -cadence auto -scale 1.0
euler_vortex,proposed,draft,How accurately is a smooth transported vortex preserved?,Project-specific Euler accuracy and wave-speed ablation.,compressible Euler,"[0,1]^2 periodic",periodic,dg,1,1,-r,1,1.0,order-controlled explicit RK,density L1; density L2; density Linf; conservation,exact transported vortex and time-step halving,required,"convergence table, contours, and wave-speed ablation",315,/Users/timozund/Documents/master_thesis/codex_dev/build/release/examples/euler -p 1 -tf 1 -no-vis -r 1 -o 1 -method dg -cadence auto -scale 1.0
euler_vortex,proposed,draft,How accurately is a smooth transported vortex preserved?,Project-specific Euler accuracy and wave-speed ablation.,compressible Euler,"[0,1]^2 periodic",periodic,ofdg-kxrcf,1,1,-r,1,1.0,order-controlled explicit RK,density L1; density L2; density Linf; conservation,exact transported vortex and time-step halving,required,"convergence table, contours, and wave-speed ablation",315,/Users/timozund/Documents/master_thesis/codex_dev/build/release/examples/euler -p 1 -tf 1 -no-vis -r 1 -o 1 -method ofdg-kxrcf -cadence auto -scale 1.0
euler_vortex,proposed,draft,How accurately is a smooth transported vortex preserved?,Project-specific Euler accuracy and wave-speed ablation.,compressible Euler,"[0,1]^2 periodic",periodic,oedg,1,1,-r,1,1.0,order-controlled explicit RK,density L1; density L2; density Linf; conservation,exact transported vortex and time-step halving,required,"convergence table, contours, and wave-speed ablation",315,/Users/timozund/Documents/master_thesis/codex_dev/build/release/examples/euler -p 1 -tf 1 -no-vis -r 1 -o 1 -method oedg -cadence auto -scale 1.0
euler_vortex,proposed,draft,How accurately is a smooth transported vortex preserved?,Project-specific Euler accuracy and wave-speed ablation.,compressible Euler,"[0,1]^2 periodic",periodic,ofdg,1,1,-r,1,1.0,order-controlled explicit RK,density L1; density L2; density Linf; conservation,exact transported vortex and time-step halving,required,"convergence table, contours, and wave-speed ablation",315,/Users/timozund/Documents/master_thesis/codex_dev/build/release/examples/euler -p 1 -tf 1 -no-vis -r 1 -o 1 -method ofdg -cadence auto -scale 1.0
euler_vortex,proposed,draft,How accurately is a smooth transported vortex preserved?,Project-specific Euler accuracy and wave-speed ablation.,compressible Euler,"[0,1]^2 periodic",periodic,dg,1,2,-r,1,1.0,order-controlled explicit RK,density L1; density L2; density Linf; conservation,exact transported vortex and time-step halving,required,"convergence table, contours, and wave-speed ablation",315,/Users/timozund/Documents/master_thesis/codex_dev/build/release/examples/euler -p 1 -tf 1 -no-vis -r 2 -o 1 -method dg -cadence auto -scale 1.0
euler_vortex,proposed,draft,How accurately is a smooth transported vortex preserved?,Project-specific Euler accuracy and wave-speed ablation.,compressible Euler,"[0,1]^2 periodic",periodic,ofdg-kxrcf,1,2,-r,1,1.0,order-controlled explicit RK,density L1; density L2; density Linf; conservation,exact transported vortex and time-step halving,required,"convergence table, contours, and wave-speed ablation",315,/Users/timozund/Documents/master_thesis/codex_dev/build/release/examples/euler -p 1 -tf 1 -no-vis -r 2 -o 1 -method ofdg-kxrcf -cadence auto -scale 1.0
euler_vortex,proposed,draft,How accurately is a smooth transported vortex preserved?,Project-specific Euler accuracy and wave-speed ablation.,compressible Euler,"[0,1]^2 periodic",periodic,oedg,1,2,-r,1,1.0,order-controlled explicit RK,density L1; density L2; density Linf; conservation,exact transported vortex and time-step halving,required,"convergence table, contours, and wave-speed ablation",315,/Users/timozund/Documents/master_thesis/codex_dev/build/release/examples/euler -p 1 -tf 1 -no-vis -r 2 -o 1 -method oedg -cadence auto -scale 1.0
euler_vortex,proposed,draft,How accurately is a smooth transported vortex preserved?,Project-specific Euler accuracy and wave-speed ablation.,compressible Euler,"[0,1]^2 periodic",periodic,ofdg,1,2,-r,1,1.0,order-controlled explicit RK,density L1; density L2; density Linf; conservation,exact transported vortex and time-step halving,required,"convergence table, contours, and wave-speed ablation",315,/Users/timozund/Documents/master_thesis/codex_dev/build/release/examples/euler -p 1 -tf 1 -no-vis -r 2 -o 1 -method ofdg -cadence auto -scale 1.0
euler_vortex,proposed,draft,How accurately is a smooth transported vortex preserved?,Project-specific Euler accuracy and wave-speed ablation.,compressible Euler,"[0,1]^2 periodic",periodic,dg,1,3,-r,1,1.0,order-controlled explicit RK,density L1; density L2; density Linf; conservation,exact transported vortex and time-step halving,required,"convergence table, contours, and wave-speed ablation",315,/Users/timozund/Documents/master_thesis/codex_dev/build/release/examples/euler -p 1 -tf 1 -no-vis -r 3 -o 1 -method dg -cadence auto -scale 1.0
euler_vortex,proposed,draft,How accurately is a smooth transported vortex preserved?,Project-specific Euler accuracy and wave-speed ablation.,compressible Euler,"[0,1]^2 periodic",periodic,ofdg-kxrcf,1,3,-r,1,1.0,order-controlled explicit RK,density L1; density L2; density Linf; conservation,exact transported vortex and time-step halving,required,"convergence table, contours, and wave-speed ablation",315,/Users/timozund/Documents/master_thesis/codex_dev/build/release/examples/euler -p 1 -tf 1 -no-vis -r 3 -o 1 -method ofdg-kxrcf -cadence auto -scale 1.0
euler_vortex,proposed,draft,How accurately is a smooth transported vortex preserved?,Project-specific Euler accuracy and wave-speed ablation.,compressible Euler,"[0,1]^2 periodic",periodic,oedg,1,3,-r,1,1.0,order-controlled explicit RK,density L1; density L2; density Linf; conservation,exact transported vortex and time-step halving,required,"convergence table, contours, and wave-speed ablation",315,/Users/timozund/Documents/master_thesis/codex_dev/build/release/examples/euler -p 1 -tf 1 -no-vis -r 3 -o 1 -method oedg -cadence auto -scale 1.0
euler_vortex,proposed,draft,How accurately is a smooth transported vortex preserved?,Project-specific Euler accuracy and wave-speed ablation.,compressible Euler,"[0,1]^2 periodic",periodic,ofdg,1,3,-r,1,1.0,order-controlled explicit RK,density L1; density L2; density Linf; conservation,exact transported vortex and time-step halving,required,"convergence table, contours, and wave-speed ablation",315,/Users/timozund/Documents/master_thesis/codex_dev/build/release/examples/euler -p 1 -tf 1 -no-vis -r 3 -o 1 -method ofdg -cadence auto -scale 1.0
euler_vortex,proposed,draft,How accurately is a smooth transported vortex preserved?,Project-specific Euler accuracy and wave-speed ablation.,compressible Euler,"[0,1]^2 periodic",periodic,dg,2,0,-r,1,1.0,order-controlled explicit RK,density L1; density L2; density Linf; conservation,exact transported vortex and time-step halving,required,"convergence table, contours, and wave-speed ablation",315,/Users/timozund/Documents/master_thesis/codex_dev/build/release/examples/euler -p 1 -tf 1 -no-vis -r 0 -o 2 -method dg -cadence auto -scale 1.0
euler_vortex,proposed,draft,How accurately is a smooth transported vortex preserved?,Project-specific Euler accuracy and wave-speed ablation.,compressible Euler,"[0,1]^2 periodic",periodic,ofdg-kxrcf,2,0,-r,1,1.0,order-controlled explicit RK,density L1; density L2; density Linf; conservation,exact transported vortex and time-step halving,required,"convergence table, contours, and wave-speed ablation",315,/Users/timozund/Documents/master_thesis/codex_dev/build/release/examples/euler -p 1 -tf 1 -no-vis -r 0 -o 2 -method ofdg-kxrcf -cadence auto -scale 1.0
euler_vortex,proposed,draft,How accurately is a smooth transported vortex preserved?,Project-specific Euler accuracy and wave-speed ablation.,compressible Euler,"[0,1]^2 periodic",periodic,oedg,2,0,-r,1,1.0,order-controlled explicit RK,density L1; density L2; density Linf; conservation,exact transported vortex and time-step halving,required,"convergence table, contours, and wave-speed ablation",315,/Users/timozund/Documents/master_thesis/codex_dev/build/release/examples/euler -p 1 -tf 1 -no-vis -r 0 -o 2 -method oedg -cadence auto -scale 1.0
euler_vortex,proposed,draft,How accurately is a smooth transported vortex preserved?,Project-specific Euler accuracy and wave-speed ablation.,compressible Euler,"[0,1]^2 periodic",periodic,ofdg,2,0,-r,1,1.0,order-controlled explicit RK,density L1; density L2; density Linf; conservation,exact transported vortex and time-step halving,required,"convergence table, contours, and wave-speed ablation",315,/Users/timozund/Documents/master_thesis/codex_dev/build/release/examples/euler -p 1 -tf 1 -no-vis -r 0 -o 2 -method ofdg -cadence auto -scale 1.0
euler_vortex,proposed,draft,How accurately is a smooth transported vortex preserved?,Project-specific Euler accuracy and wave-speed ablation.,compressible Euler,"[0,1]^2 periodic",periodic,dg,2,1,-r,1,1.0,order-controlled explicit RK,density L1; density L2; density Linf; conservation,exact transported vortex and time-step halving,required,"convergence table, contours, and wave-speed ablation",315,/Users/timozund/Documents/master_thesis/codex_dev/build/release/examples/euler -p 1 -tf 1 -no-vis -r 1 -o 2 -method dg -cadence auto -scale 1.0
euler_vortex,proposed,draft,How accurately is a smooth transported vortex preserved?,Project-specific Euler accuracy and wave-speed ablation.,compressible Euler,"[0,1]^2 periodic",periodic,ofdg-kxrcf,2,1,-r,1,1.0,order-controlled explicit RK,density L1; density L2; density Linf; conservation,exact transported vortex and time-step halving,required,"convergence table, contours, and wave-speed ablation",315,/Users/timozund/Documents/master_thesis/codex_dev/build/release/examples/euler -p 1 -tf 1 -no-vis -r 1 -o 2 -method ofdg-kxrcf -cadence auto -scale 1.0
euler_vortex,proposed,draft,How accurately is a smooth transported vortex preserved?,Project-specific Euler accuracy and wave-speed ablation.,compressible Euler,"[0,1]^2 periodic",periodic,oedg,2,1,-r,1,1.0,order-controlled explicit RK,density L1; density L2; density Linf; conservation,exact transported vortex and time-step halving,required,"convergence table, contours, and wave-speed ablation",315,/Users/timozund/Documents/master_thesis/codex_dev/build/release/examples/euler -p 1 -tf 1 -no-vis -r 1 -o 2 -method oedg -cadence auto -scale 1.0
euler_vortex,proposed,draft,How accurately is a smooth transported vortex preserved?,Project-specific Euler accuracy and wave-speed ablation.,compressible Euler,"[0,1]^2 periodic",periodic,ofdg,2,1,-r,1,1.0,order-controlled explicit RK,density L1; density L2; density Linf; conservation,exact transported vortex and time-step halving,required,"convergence table, contours, and wave-speed ablation",315,/Users/timozund/Documents/master_thesis/codex_dev/build/release/examples/euler -p 1 -tf 1 -no-vis -r 1 -o 2 -method ofdg -cadence auto -scale 1.0
euler_vortex,proposed,draft,How accurately is a smooth transported vortex preserved?,Project-specific Euler accuracy and wave-speed ablation.,compressible Euler,"[0,1]^2 periodic",periodic,dg,2,2,-r,1,1.0,order-controlled explicit RK,density L1; density L2; density Linf; conservation,exact transported vortex and time-step halving,required,"convergence table, contours, and wave-speed ablation",315,/Users/timozund/Documents/master_thesis/codex_dev/build/release/examples/euler -p 1 -tf 1 -no-vis -r 2 -o 2 -method dg -cadence auto -scale 1.0
euler_vortex,proposed,draft,How accurately is a smooth transported vortex preserved?,Project-specific Euler accuracy and wave-speed ablation.,compressible Euler,"[0,1]^2 periodic",periodic,ofdg-kxrcf,2,2,-r,1,1.0,order-controlled explicit RK,density L1; density L2; density Linf; conservation,exact transported vortex and time-step halving,required,"convergence table, contours, and wave-speed ablation",315,/Users/timozund/Documents/master_thesis/codex_dev/build/release/examples/euler -p 1 -tf 1 -no-vis -r 2 -o 2 -method ofdg-kxrcf -cadence auto -scale 1.0
euler_vortex,proposed,draft,How accurately is a smooth transported vortex preserved?,Project-specific Euler accuracy and wave-speed ablation.,compressible Euler,"[0,1]^2 periodic",periodic,oedg,2,2,-r,1,1.0,order-controlled explicit RK,density L1; density L2; density Linf; conservation,exact transported vortex and time-step halving,required,"convergence table, contours, and wave-speed ablation",315,/Users/timozund/Documents/master_thesis/codex_dev/build/release/examples/euler -p 1 -tf 1 -no-vis -r 2 -o 2 -method oedg -cadence auto -scale 1.0
euler_vortex,proposed,draft,How accurately is a smooth transported vortex preserved?,Project-specific Euler accuracy and wave-speed ablation.,compressible Euler,"[0,1]^2 periodic",periodic,ofdg,2,2,-r,1,1.0,order-controlled explicit RK,density L1; density L2; density Linf; conservation,exact transported vortex and time-step halving,required,"convergence table, contours, and wave-speed ablation",315,/Users/timozund/Documents/master_thesis/codex_dev/build/release/examples/euler -p 1 -tf 1 -no-vis -r 2 -o 2 -method ofdg -cadence auto -scale 1.0
euler_vortex,proposed,draft,How accurately is a smooth transported vortex preserved?,Project-specific Euler accuracy and wave-speed ablation.,compressible Euler,"[0,1]^2 periodic",periodic,dg,2,3,-r,1,1.0,order-controlled explicit RK,density L1; density L2; density Linf; conservation,exact transported vortex and time-step halving,required,"convergence table, contours, and wave-speed ablation",315,/Users/timozund/Documents/master_thesis/codex_dev/build/release/examples/euler -p 1 -tf 1 -no-vis -r 3 -o 2 -method dg -cadence auto -scale 1.0
euler_vortex,proposed,draft,How accurately is a smooth transported vortex preserved?,Project-specific Euler accuracy and wave-speed ablation.,compressible Euler,"[0,1]^2 periodic",periodic,ofdg-kxrcf,2,3,-r,1,1.0,order-controlled explicit RK,density L1; density L2; density Linf; conservation,exact transported vortex and time-step halving,required,"convergence table, contours, and wave-speed ablation",315,/Users/timozund/Documents/master_thesis/codex_dev/build/release/examples/euler -p 1 -tf 1 -no-vis -r 3 -o 2 -method ofdg-kxrcf -cadence auto -scale 1.0
euler_vortex,proposed,draft,How accurately is a smooth transported vortex preserved?,Project-specific Euler accuracy and wave-speed ablation.,compressible Euler,"[0,1]^2 periodic",periodic,oedg,2,3,-r,1,1.0,order-controlled explicit RK,density L1; density L2; density Linf; conservation,exact transported vortex and time-step halving,required,"convergence table, contours, and wave-speed ablation",315,/Users/timozund/Documents/master_thesis/codex_dev/build/release/examples/euler -p 1 -tf 1 -no-vis -r 3 -o 2 -method oedg -cadence auto -scale 1.0
euler_vortex,proposed,draft,How accurately is a smooth transported vortex preserved?,Project-specific Euler accuracy and wave-speed ablation.,compressible Euler,"[0,1]^2 periodic",periodic,ofdg,2,3,-r,1,1.0,order-controlled explicit RK,density L1; density L2; density Linf; conservation,exact transported vortex and time-step halving,required,"convergence table, contours, and wave-speed ablation",315,/Users/timozund/Documents/master_thesis/codex_dev/build/release/examples/euler -p 1 -tf 1 -no-vis -r 3 -o 2 -method ofdg -cadence auto -scale 1.0
euler_vortex,proposed,draft,How accurately is a smooth transported vortex preserved?,Project-specific Euler accuracy and wave-speed ablation.,compressible Euler,"[0,1]^2 periodic",periodic,dg,3,0,-r,1,1.0,order-controlled explicit RK,density L1; density L2; density Linf; conservation,exact transported vortex and time-step halving,required,"convergence table, contours, and wave-speed ablation",315,/Users/timozund/Documents/master_thesis/codex_dev/build/release/examples/euler -p 1 -tf 1 -no-vis -r 0 -o 3 -method dg -cadence auto -scale 1.0
euler_vortex,proposed,draft,How accurately is a smooth transported vortex preserved?,Project-specific Euler accuracy and wave-speed ablation.,compressible Euler,"[0,1]^2 periodic",periodic,ofdg-kxrcf,3,0,-r,1,1.0,order-controlled explicit RK,density L1; density L2; density Linf; conservation,exact transported vortex and time-step halving,required,"convergence table, contours, and wave-speed ablation",315,/Users/timozund/Documents/master_thesis/codex_dev/build/release/examples/euler -p 1 -tf 1 -no-vis -r 0 -o 3 -method ofdg-kxrcf -cadence auto -scale 1.0
euler_vortex,proposed,draft,How accurately is a smooth transported vortex preserved?,Project-specific Euler accuracy and wave-speed ablation.,compressible Euler,"[0,1]^2 periodic",periodic,oedg,3,0,-r,1,1.0,order-controlled explicit RK,density L1; density L2; density Linf; conservation,exact transported vortex and time-step halving,required,"convergence table, contours, and wave-speed ablation",315,/Users/timozund/Documents/master_thesis/codex_dev/build/release/examples/euler -p 1 -tf 1 -no-vis -r 0 -o 3 -method oedg -cadence auto -scale 1.0
euler_vortex,proposed,draft,How accurately is a smooth transported vortex preserved?,Project-specific Euler accuracy and wave-speed ablation.,compressible Euler,"[0,1]^2 periodic",periodic,ofdg,3,0,-r,1,1.0,order-controlled explicit RK,density L1; density L2; density Linf; conservation,exact transported vortex and time-step halving,required,"convergence table, contours, and wave-speed ablation",315,/Users/timozund/Documents/master_thesis/codex_dev/build/release/examples/euler -p 1 -tf 1 -no-vis -r 0 -o 3 -method ofdg -cadence auto -scale 1.0
euler_vortex,proposed,draft,How accurately is a smooth transported vortex preserved?,Project-specific Euler accuracy and wave-speed ablation.,compressible Euler,"[0,1]^2 periodic",periodic,dg,3,1,-r,1,1.0,order-controlled explicit RK,density L1; density L2; density Linf; conservation,exact transported vortex and time-step halving,required,"convergence table, contours, and wave-speed ablation",315,/Users/timozund/Documents/master_thesis/codex_dev/build/release/examples/euler -p 1 -tf 1 -no-vis -r 1 -o 3 -method dg -cadence auto -scale 1.0
euler_vortex,proposed,draft,How accurately is a smooth transported vortex preserved?,Project-specific Euler accuracy and wave-speed ablation.,compressible Euler,"[0,1]^2 periodic",periodic,ofdg-kxrcf,3,1,-r,1,1.0,order-controlled explicit RK,density L1; density L2; density Linf; conservation,exact transported vortex and time-step halving,required,"convergence table, contours, and wave-speed ablation",315,/Users/timozund/Documents/master_thesis/codex_dev/build/release/examples/euler -p 1 -tf 1 -no-vis -r 1 -o 3 -method ofdg-kxrcf -cadence auto -scale 1.0
euler_vortex,proposed,draft,How accurately is a smooth transported vortex preserved?,Project-specific Euler accuracy and wave-speed ablation.,compressible Euler,"[0,1]^2 periodic",periodic,oedg,3,1,-r,1,1.0,order-controlled explicit RK,density L1; density L2; density Linf; conservation,exact transported vortex and time-step halving,required,"convergence table, contours, and wave-speed ablation",315,/Users/timozund/Documents/master_thesis/codex_dev/build/release/examples/euler -p 1 -tf 1 -no-vis -r 1 -o 3 -method oedg -cadence auto -scale 1.0
euler_vortex,proposed,draft,How accurately is a smooth transported vortex preserved?,Project-specific Euler accuracy and wave-speed ablation.,compressible Euler,"[0,1]^2 periodic",periodic,ofdg,3,1,-r,1,1.0,order-controlled explicit RK,density L1; density L2; density Linf; conservation,exact transported vortex and time-step halving,required,"convergence table, contours, and wave-speed ablation",315,/Users/timozund/Documents/master_thesis/codex_dev/build/release/examples/euler -p 1 -tf 1 -no-vis -r 1 -o 3 -method ofdg -cadence auto -scale 1.0
euler_vortex,proposed,draft,How accurately is a smooth transported vortex preserved?,Project-specific Euler accuracy and wave-speed ablation.,compressible Euler,"[0,1]^2 periodic",periodic,dg,3,2,-r,1,1.0,order-controlled explicit RK,density L1; density L2; density Linf; conservation,exact transported vortex and time-step halving,required,"convergence table, contours, and wave-speed ablation",315,/Users/timozund/Documents/master_thesis/codex_dev/build/release/examples/euler -p 1 -tf 1 -no-vis -r 2 -o 3 -method dg -cadence auto -scale 1.0
euler_vortex,proposed,draft,How accurately is a smooth transported vortex preserved?,Project-specific Euler accuracy and wave-speed ablation.,compressible Euler,"[0,1]^2 periodic",periodic,ofdg-kxrcf,3,2,-r,1,1.0,order-controlled explicit RK,density L1; density L2; density Linf; conservation,exact transported vortex and time-step halving,required,"convergence table, contours, and wave-speed ablation",315,/Users/timozund/Documents/master_thesis/codex_dev/build/release/examples/euler -p 1 -tf 1 -no-vis -r 2 -o 3 -method ofdg-kxrcf -cadence auto -scale 1.0
euler_vortex,proposed,draft,How accurately is a smooth transported vortex preserved?,Project-specific Euler accuracy and wave-speed ablation.,compressible Euler,"[0,1]^2 periodic",periodic,oedg,3,2,-r,1,1.0,order-controlled explicit RK,density L1; density L2; density Linf; conservation,exact transported vortex and time-step halving,required,"convergence table, contours, and wave-speed ablation",315,/Users/timozund/Documents/master_thesis/codex_dev/build/release/examples/euler -p 1 -tf 1 -no-vis -r 2 -o 3 -method oedg -cadence auto -scale 1.0
euler_vortex,proposed,draft,How accurately is a smooth transported vortex preserved?,Project-specific Euler accuracy and wave-speed ablation.,compressible Euler,"[0,1]^2 periodic",periodic,ofdg,3,2,-r,1,1.0,order-controlled explicit RK,density L1; density L2; density Linf; conservation,exact transported vortex and time-step halving,required,"convergence table, contours, and wave-speed ablation",315,/Users/timozund/Documents/master_thesis/codex_dev/build/release/examples/euler -p 1 -tf 1 -no-vis -r 2 -o 3 -method ofdg -cadence auto -scale 1.0
euler_vortex,proposed,draft,How accurately is a smooth transported vortex preserved?,Project-specific Euler accuracy and wave-speed ablation.,compressible Euler,"[0,1]^2 periodic",periodic,dg,3,3,-r,1,1.0,order-controlled explicit RK,density L1; density L2; density Linf; conservation,exact transported vortex and time-step halving,required,"convergence table, contours, and wave-speed ablation",315,/Users/timozund/Documents/master_thesis/codex_dev/build/release/examples/euler -p 1 -tf 1 -no-vis -r 3 -o 3 -method dg -cadence auto -scale 1.0
euler_vortex,proposed,draft,How accurately is a smooth transported vortex preserved?,Project-specific Euler accuracy and wave-speed ablation.,compressible Euler,"[0,1]^2 periodic",periodic,ofdg-kxrcf,3,3,-r,1,1.0,order-controlled explicit RK,density L1; density L2; density Linf; conservation,exact transported vortex and time-step halving,required,"convergence table, contours, and wave-speed ablation",315,/Users/timozund/Documents/master_thesis/codex_dev/build/release/examples/euler -p 1 -tf 1 -no-vis -r 3 -o 3 -method ofdg-kxrcf -cadence auto -scale 1.0
euler_vortex,proposed,draft,How accurately is a smooth transported vortex preserved?,Project-specific Euler accuracy and wave-speed ablation.,compressible Euler,"[0,1]^2 periodic",periodic,oedg,3,3,-r,1,1.0,order-controlled explicit RK,density L1; density L2; density Linf; conservation,exact transported vortex and time-step halving,required,"convergence table, contours, and wave-speed ablation",315,/Users/timozund/Documents/master_thesis/codex_dev/build/release/examples/euler -p 1 -tf 1 -no-vis -r 3 -o 3 -method oedg -cadence auto -scale 1.0
euler_vortex,proposed,draft,How accurately is a smooth transported vortex preserved?,Project-specific Euler accuracy and wave-speed ablation.,compressible Euler,"[0,1]^2 periodic",periodic,ofdg,3,3,-r,1,1.0,order-controlled explicit RK,density L1; density L2; density Linf; conservation,exact transported vortex and time-step halving,required,"convergence table, contours, and wave-speed ablation",315,/Users/timozund/Documents/master_thesis/codex_dev/build/release/examples/euler -p 1 -tf 1 -no-vis -r 3 -o 3 -method ofdg -cadence auto -scale 1.0
burgers_postshock,proposed,draft,How do the methods resolve a scalar shock at equal work?,Scalar discontinuity resolution.,u_t + (u^2/2)_x = 0,"[0,2pi] periodic",periodic,dg,1,960,-n,1,1.0,SSPRK3,reference L1; TV; overshoot; undershoot; activation,independent high-resolution reference,required,profile with matched zoom,17.5,/Users/timozund/Documents/master_thesis/codex_dev/build/release/examples/burgers -p 2 -tf 1.5 -n 960 -o 1 -method dg -cadence auto -profile /Users/timozund/Documents/master_thesis/codex_dev/measurements/study/planned/burgers_postshock
burgers_postshock,proposed,draft,How do the methods resolve a scalar shock at equal work?,Scalar discontinuity resolution.,u_t + (u^2/2)_x = 0,"[0,2pi] periodic",periodic,ofdg-kxrcf,1,960,-n,1,1.0,SSPRK3,reference L1; TV; overshoot; undershoot; activation,independent high-resolution reference,required,profile with matched zoom,17.5,/Users/timozund/Documents/master_thesis/codex_dev/build/release/examples/burgers -p 2 -tf 1.5 -n 960 -o 1 -method ofdg-kxrcf -cadence auto -profile /Users/timozund/Documents/master_thesis/codex_dev/measurements/study/planned/burgers_postshock
burgers_postshock,proposed,draft,How do the methods resolve a scalar shock at equal work?,Scalar discontinuity resolution.,u_t + (u^2/2)_x = 0,"[0,2pi] periodic",periodic,oedg,1,960,-n,1,1.0,SSPRK3,reference L1; TV; overshoot; undershoot; activation,independent high-resolution reference,required,profile with matched zoom,17.5,/Users/timozund/Documents/master_thesis/codex_dev/build/release/examples/burgers -p 2 -tf 1.5 -n 960 -o 1 -method oedg -cadence auto -profile /Users/timozund/Documents/master_thesis/codex_dev/measurements/study/planned/burgers_postshock
burgers_postshock,proposed,draft,How do the methods resolve a scalar shock at equal work?,Scalar discontinuity resolution.,u_t + (u^2/2)_x = 0,"[0,2pi] periodic",periodic,ofdg,1,960,-n,1,1.0,SSPRK3,reference L1; TV; overshoot; undershoot; activation,independent high-resolution reference,required,profile with matched zoom,17.5,/Users/timozund/Documents/master_thesis/codex_dev/build/release/examples/burgers -p 2 -tf 1.5 -n 960 -o 1 -method ofdg -cadence auto -profile /Users/timozund/Documents/master_thesis/codex_dev/measurements/study/planned/burgers_postshock
burgers_postshock,proposed,draft,How do the methods resolve a scalar shock at equal work?,Scalar discontinuity resolution.,u_t + (u^2/2)_x = 0,"[0,2pi] periodic",periodic,dg,2,640,-n,1,1.0,SSPRK3,reference L1; TV; overshoot; undershoot; activation,independent high-resolution reference,required,profile with matched zoom,17.5,/Users/timozund/Documents/master_thesis/codex_dev/build/release/examples/burgers -p 2 -tf 1.5 -n 640 -o 2 -method dg -cadence auto -profile /Users/timozund/Documents/master_thesis/codex_dev/measurements/study/planned/burgers_postshock
burgers_postshock,proposed,draft,How do the methods resolve a scalar shock at equal work?,Scalar discontinuity resolution.,u_t + (u^2/2)_x = 0,"[0,2pi] periodic",periodic,ofdg-kxrcf,2,640,-n,1,1.0,SSPRK3,reference L1; TV; overshoot; undershoot; activation,independent high-resolution reference,required,profile with matched zoom,17.5,/Users/timozund/Documents/master_thesis/codex_dev/build/release/examples/burgers -p 2 -tf 1.5 -n 640 -o 2 -method ofdg-kxrcf -cadence auto -profile /Users/timozund/Documents/master_thesis/codex_dev/measurements/study/planned/burgers_postshock
burgers_postshock,proposed,draft,How do the methods resolve a scalar shock at equal work?,Scalar discontinuity resolution.,u_t + (u^2/2)_x = 0,"[0,2pi] periodic",periodic,oedg,2,640,-n,1,1.0,SSPRK3,reference L1; TV; overshoot; undershoot; activation,independent high-resolution reference,required,profile with matched zoom,17.5,/Users/timozund/Documents/master_thesis/codex_dev/build/release/examples/burgers -p 2 -tf 1.5 -n 640 -o 2 -method oedg -cadence auto -profile /Users/timozund/Documents/master_thesis/codex_dev/measurements/study/planned/burgers_postshock
burgers_postshock,proposed,draft,How do the methods resolve a scalar shock at equal work?,Scalar discontinuity resolution.,u_t + (u^2/2)_x = 0,"[0,2pi] periodic",periodic,ofdg,2,640,-n,1,1.0,SSPRK3,reference L1; TV; overshoot; undershoot; activation,independent high-resolution reference,required,profile with matched zoom,17.5,/Users/timozund/Documents/master_thesis/codex_dev/build/release/examples/burgers -p 2 -tf 1.5 -n 640 -o 2 -method ofdg -cadence auto -profile /Users/timozund/Documents/master_thesis/codex_dev/measurements/study/planned/burgers_postshock
burgers_postshock,proposed,draft,How do the methods resolve a scalar shock at equal work?,Scalar discontinuity resolution.,u_t + (u^2/2)_x = 0,"[0,2pi] periodic",periodic,dg,3,480,-n,1,1.0,SSPRK3,reference L1; TV; overshoot; undershoot; activation,independent high-resolution reference,required,profile with matched zoom,17.5,/Users/timozund/Documents/master_thesis/codex_dev/build/release/examples/burgers -p 2 -tf 1.5 -n 480 -o 3 -method dg -cadence auto -profile /Users/timozund/Documents/master_thesis/codex_dev/measurements/study/planned/burgers_postshock
burgers_postshock,proposed,draft,How do the methods resolve a scalar shock at equal work?,Scalar discontinuity resolution.,u_t + (u^2/2)_x = 0,"[0,2pi] periodic",periodic,ofdg-kxrcf,3,480,-n,1,1.0,SSPRK3,reference L1; TV; overshoot; undershoot; activation,independent high-resolution reference,required,profile with matched zoom,17.5,/Users/timozund/Documents/master_thesis/codex_dev/build/release/examples/burgers -p 2 -tf 1.5 -n 480 -o 3 -method ofdg-kxrcf -cadence auto -profile /Users/timozund/Documents/master_thesis/codex_dev/measurements/study/planned/burgers_postshock
burgers_postshock,proposed,draft,How do the methods resolve a scalar shock at equal work?,Scalar discontinuity resolution.,u_t + (u^2/2)_x = 0,"[0,2pi] periodic",periodic,oedg,3,480,-n,1,1.0,SSPRK3,reference L1; TV; overshoot; undershoot; activation,independent high-resolution reference,required,profile with matched zoom,17.5,/Users/timozund/Documents/master_thesis/codex_dev/build/release/examples/burgers -p 2 -tf 1.5 -n 480 -o 3 -method oedg -cadence auto -profile /Users/timozund/Documents/master_thesis/codex_dev/measurements/study/planned/burgers_postshock
burgers_postshock,proposed,draft,How do the methods resolve a scalar shock at equal work?,Scalar discontinuity resolution.,u_t + (u^2/2)_x = 0,"[0,2pi] periodic",periodic,ofdg,3,480,-n,1,1.0,SSPRK3,reference L1; TV; overshoot; undershoot; activation,independent high-resolution reference,required,profile with matched zoom,17.5,/Users/timozund/Documents/master_thesis/codex_dev/build/release/examples/burgers -p 2 -tf 1.5 -n 480 -o 3 -method ofdg -cadence auto -profile /Users/timozund/Documents/master_thesis/codex_dev/measurements/study/planned/burgers_postshock
lax_scaled,proposed,draft,Are normalized solutions invariant under state scaling?,Direct scale-invariance and wave-speed comparison.,compressible Euler Lax problem,"[-5,5]",fixed exterior states,dg,2,0,-r,1,0.01,SSPRK3,reference L1; TV; overshoot; undershoot; minimum pressure; activation,two WENO5 grid resolutions,required,normalized panels and reference profile,21,/Users/timozund/Documents/master_thesis/codex_dev/build/release/examples/euler -p 7 -tf 1.3 -positivity -no-vis -r 0 -o 2 -method dg -cadence auto -scale 0.01 -profile /Users/timozund/Documents/master_thesis/codex_dev/measurements/study/planned/lax_scaled
lax_scaled,proposed,draft,Are normalized solutions invariant under state scaling?,Direct scale-invariance and wave-speed comparison.,compressible Euler Lax problem,"[-5,5]",fixed exterior states,dg,2,0,-r,1,1,SSPRK3,reference L1; TV; overshoot; undershoot; minimum pressure; activation,two WENO5 grid resolutions,required,normalized panels and reference profile,21,/Users/timozund/Documents/master_thesis/codex_dev/build/release/examples/euler -p 7 -tf 1.3 -positivity -no-vis -r 0 -o 2 -method dg -cadence auto -scale 1 -profile /Users/timozund/Documents/master_thesis/codex_dev/measurements/study/planned/lax_scaled
lax_scaled,proposed,draft,Are normalized solutions invariant under state scaling?,Direct scale-invariance and wave-speed comparison.,compressible Euler Lax problem,"[-5,5]",fixed exterior states,dg,2,0,-r,1,100,SSPRK3,reference L1; TV; overshoot; undershoot; minimum pressure; activation,two WENO5 grid resolutions,required,normalized panels and reference profile,21,/Users/timozund/Documents/master_thesis/codex_dev/build/release/examples/euler -p 7 -tf 1.3 -positivity -no-vis -r 0 -o 2 -method dg -cadence auto -scale 100 -profile /Users/timozund/Documents/master_thesis/codex_dev/measurements/study/planned/lax_scaled
lax_scaled,proposed,draft,Are normalized solutions invariant under state scaling?,Direct scale-invariance and wave-speed comparison.,compressible Euler Lax problem,"[-5,5]",fixed exterior states,ofdg-kxrcf,2,0,-r,1,0.01,SSPRK3,reference L1; TV; overshoot; undershoot; minimum pressure; activation,two WENO5 grid resolutions,required,normalized panels and reference profile,21,/Users/timozund/Documents/master_thesis/codex_dev/build/release/examples/euler -p 7 -tf 1.3 -positivity -no-vis -r 0 -o 2 -method ofdg-kxrcf -cadence auto -scale 0.01 -profile /Users/timozund/Documents/master_thesis/codex_dev/measurements/study/planned/lax_scaled
lax_scaled,proposed,draft,Are normalized solutions invariant under state scaling?,Direct scale-invariance and wave-speed comparison.,compressible Euler Lax problem,"[-5,5]",fixed exterior states,ofdg-kxrcf,2,0,-r,1,1,SSPRK3,reference L1; TV; overshoot; undershoot; minimum pressure; activation,two WENO5 grid resolutions,required,normalized panels and reference profile,21,/Users/timozund/Documents/master_thesis/codex_dev/build/release/examples/euler -p 7 -tf 1.3 -positivity -no-vis -r 0 -o 2 -method ofdg-kxrcf -cadence auto -scale 1 -profile /Users/timozund/Documents/master_thesis/codex_dev/measurements/study/planned/lax_scaled
lax_scaled,proposed,draft,Are normalized solutions invariant under state scaling?,Direct scale-invariance and wave-speed comparison.,compressible Euler Lax problem,"[-5,5]",fixed exterior states,ofdg-kxrcf,2,0,-r,1,100,SSPRK3,reference L1; TV; overshoot; undershoot; minimum pressure; activation,two WENO5 grid resolutions,required,normalized panels and reference profile,21,/Users/timozund/Documents/master_thesis/codex_dev/build/release/examples/euler -p 7 -tf 1.3 -positivity -no-vis -r 0 -o 2 -method ofdg-kxrcf -cadence auto -scale 100 -profile /Users/timozund/Documents/master_thesis/codex_dev/measurements/study/planned/lax_scaled
lax_scaled,proposed,draft,Are normalized solutions invariant under state scaling?,Direct scale-invariance and wave-speed comparison.,compressible Euler Lax problem,"[-5,5]",fixed exterior states,oedg,2,0,-r,1,0.01,SSPRK3,reference L1; TV; overshoot; undershoot; minimum pressure; activation,two WENO5 grid resolutions,required,normalized panels and reference profile,21,/Users/timozund/Documents/master_thesis/codex_dev/build/release/examples/euler -p 7 -tf 1.3 -positivity -no-vis -r 0 -o 2 -method oedg -cadence auto -scale 0.01 -profile /Users/timozund/Documents/master_thesis/codex_dev/measurements/study/planned/lax_scaled
lax_scaled,proposed,draft,Are normalized solutions invariant under state scaling?,Direct scale-invariance and wave-speed comparison.,compressible Euler Lax problem,"[-5,5]",fixed exterior states,oedg,2,0,-r,1,1,SSPRK3,reference L1; TV; overshoot; undershoot; minimum pressure; activation,two WENO5 grid resolutions,required,normalized panels and reference profile,21,/Users/timozund/Documents/master_thesis/codex_dev/build/release/examples/euler -p 7 -tf 1.3 -positivity -no-vis -r 0 -o 2 -method oedg -cadence auto -scale 1 -profile /Users/timozund/Documents/master_thesis/codex_dev/measurements/study/planned/lax_scaled
lax_scaled,proposed,draft,Are normalized solutions invariant under state scaling?,Direct scale-invariance and wave-speed comparison.,compressible Euler Lax problem,"[-5,5]",fixed exterior states,oedg,2,0,-r,1,100,SSPRK3,reference L1; TV; overshoot; undershoot; minimum pressure; activation,two WENO5 grid resolutions,required,normalized panels and reference profile,21,/Users/timozund/Documents/master_thesis/codex_dev/build/release/examples/euler -p 7 -tf 1.3 -positivity -no-vis -r 0 -o 2 -method oedg -cadence auto -scale 100 -profile /Users/timozund/Documents/master_thesis/codex_dev/measurements/study/planned/lax_scaled
lax_scaled,proposed,draft,Are normalized solutions invariant under state scaling?,Direct scale-invariance and wave-speed comparison.,compressible Euler Lax problem,"[-5,5]",fixed exterior states,ofdg,2,0,-r,1,0.01,SSPRK3,reference L1; TV; overshoot; undershoot; minimum pressure; activation,two WENO5 grid resolutions,required,normalized panels and reference profile,21,/Users/timozund/Documents/master_thesis/codex_dev/build/release/examples/euler -p 7 -tf 1.3 -positivity -no-vis -r 0 -o 2 -method ofdg -cadence auto -scale 0.01 -profile /Users/timozund/Documents/master_thesis/codex_dev/measurements/study/planned/lax_scaled
lax_scaled,proposed,draft,Are normalized solutions invariant under state scaling?,Direct scale-invariance and wave-speed comparison.,compressible Euler Lax problem,"[-5,5]",fixed exterior states,ofdg,2,0,-r,1,1,SSPRK3,reference L1; TV; overshoot; undershoot; minimum pressure; activation,two WENO5 grid resolutions,required,normalized panels and reference profile,21,/Users/timozund/Documents/master_thesis/codex_dev/build/release/examples/euler -p 7 -tf 1.3 -positivity -no-vis -r 0 -o 2 -method ofdg -cadence auto -scale 1 -profile /Users/timozund/Documents/master_thesis/codex_dev/measurements/study/planned/lax_scaled
lax_scaled,proposed,draft,Are normalized solutions invariant under state scaling?,Direct scale-invariance and wave-speed comparison.,compressible Euler Lax problem,"[-5,5]",fixed exterior states,ofdg,2,0,-r,1,100,SSPRK3,reference L1; TV; overshoot; undershoot; minimum pressure; activation,two WENO5 grid resolutions,required,normalized panels and reference profile,21,/Users/timozund/Documents/master_thesis/codex_dev/build/release/examples/euler -p 7 -tf 1.3 -positivity -no-vis -r 0 -o 2 -method ofdg -cadence auto -scale 100 -profile /Users/timozund/Documents/master_thesis/codex_dev/measurements/study/planned/lax_scaled
lax_equal_mesh,proposed,draft,How does polynomial degree affect Lax resolution on the same mesh?,Equal-mesh discontinuity comparison.,compressible Euler Lax problem,"[-5,5]",fixed exterior states,dg,1,256,-n,1,1.0,SSPRK3,reference L1; TV; extrema,two WENO5 grid resolutions,required,comparison table,21,/Users/timozund/Documents/master_thesis/codex_dev/build/release/examples/euler -p 7 -r 0 -tf 1.3 -positivity -no-vis -n 256 -o 1 -method dg -cadence auto -scale 1.0 -profile /Users/timozund/Documents/master_thesis/codex_dev/measurements/study/planned/lax_equal_mesh
lax_equal_mesh,proposed,draft,How does polynomial degree affect Lax resolution on the same mesh?,Equal-mesh discontinuity comparison.,compressible Euler Lax problem,"[-5,5]",fixed exterior states,ofdg-kxrcf,1,256,-n,1,1.0,SSPRK3,reference L1; TV; extrema,two WENO5 grid resolutions,required,comparison table,21,/Users/timozund/Documents/master_thesis/codex_dev/build/release/examples/euler -p 7 -r 0 -tf 1.3 -positivity -no-vis -n 256 -o 1 -method ofdg-kxrcf -cadence auto -scale 1.0 -profile /Users/timozund/Documents/master_thesis/codex_dev/measurements/study/planned/lax_equal_mesh
lax_equal_mesh,proposed,draft,How does polynomial degree affect Lax resolution on the same mesh?,Equal-mesh discontinuity comparison.,compressible Euler Lax problem,"[-5,5]",fixed exterior states,oedg,1,256,-n,1,1.0,SSPRK3,reference L1; TV; extrema,two WENO5 grid resolutions,required,comparison table,21,/Users/timozund/Documents/master_thesis/codex_dev/build/release/examples/euler -p 7 -r 0 -tf 1.3 -positivity -no-vis -n 256 -o 1 -method oedg -cadence auto -scale 1.0 -profile /Users/timozund/Documents/master_thesis/codex_dev/measurements/study/planned/lax_equal_mesh
lax_equal_mesh,proposed,draft,How does polynomial degree affect Lax resolution on the same mesh?,Equal-mesh discontinuity comparison.,compressible Euler Lax problem,"[-5,5]",fixed exterior states,ofdg,1,256,-n,1,1.0,SSPRK3,reference L1; TV; extrema,two WENO5 grid resolutions,required,comparison table,21,/Users/timozund/Documents/master_thesis/codex_dev/build/release/examples/euler -p 7 -r 0 -tf 1.3 -positivity -no-vis -n 256 -o 1 -method ofdg -cadence auto -scale 1.0 -profile /Users/timozund/Documents/master_thesis/codex_dev/measurements/study/planned/lax_equal_mesh
lax_equal_mesh,proposed,draft,How does polynomial degree affect Lax resolution on the same mesh?,Equal-mesh discontinuity comparison.,compressible Euler Lax problem,"[-5,5]",fixed exterior states,dg,2,256,-n,1,1.0,SSPRK3,reference L1; TV; extrema,two WENO5 grid resolutions,required,comparison table,21,/Users/timozund/Documents/master_thesis/codex_dev/build/release/examples/euler -p 7 -r 0 -tf 1.3 -positivity -no-vis -n 256 -o 2 -method dg -cadence auto -scale 1.0 -profile /Users/timozund/Documents/master_thesis/codex_dev/measurements/study/planned/lax_equal_mesh
lax_equal_mesh,proposed,draft,How does polynomial degree affect Lax resolution on the same mesh?,Equal-mesh discontinuity comparison.,compressible Euler Lax problem,"[-5,5]",fixed exterior states,ofdg-kxrcf,2,256,-n,1,1.0,SSPRK3,reference L1; TV; extrema,two WENO5 grid resolutions,required,comparison table,21,/Users/timozund/Documents/master_thesis/codex_dev/build/release/examples/euler -p 7 -r 0 -tf 1.3 -positivity -no-vis -n 256 -o 2 -method ofdg-kxrcf -cadence auto -scale 1.0 -profile /Users/timozund/Documents/master_thesis/codex_dev/measurements/study/planned/lax_equal_mesh
lax_equal_mesh,proposed,draft,How does polynomial degree affect Lax resolution on the same mesh?,Equal-mesh discontinuity comparison.,compressible Euler Lax problem,"[-5,5]",fixed exterior states,oedg,2,256,-n,1,1.0,SSPRK3,reference L1; TV; extrema,two WENO5 grid resolutions,required,comparison table,21,/Users/timozund/Documents/master_thesis/codex_dev/build/release/examples/euler -p 7 -r 0 -tf 1.3 -positivity -no-vis -n 256 -o 2 -method oedg -cadence auto -scale 1.0 -profile /Users/timozund/Documents/master_thesis/codex_dev/measurements/study/planned/lax_equal_mesh
lax_equal_mesh,proposed,draft,How does polynomial degree affect Lax resolution on the same mesh?,Equal-mesh discontinuity comparison.,compressible Euler Lax problem,"[-5,5]",fixed exterior states,ofdg,2,256,-n,1,1.0,SSPRK3,reference L1; TV; extrema,two WENO5 grid resolutions,required,comparison table,21,/Users/timozund/Documents/master_thesis/codex_dev/build/release/examples/euler -p 7 -r 0 -tf 1.3 -positivity -no-vis -n 256 -o 2 -method ofdg -cadence auto -scale 1.0 -profile /Users/timozund/Documents/master_thesis/codex_dev/measurements/study/planned/lax_equal_mesh
lax_equal_mesh,proposed,draft,How does polynomial degree affect Lax resolution on the same mesh?,Equal-mesh discontinuity comparison.,compressible Euler Lax problem,"[-5,5]",fixed exterior states,dg,3,256,-n,1,1.0,SSPRK3,reference L1; TV; extrema,two WENO5 grid resolutions,required,comparison table,21,/Users/timozund/Documents/master_thesis/codex_dev/build/release/examples/euler -p 7 -r 0 -tf 1.3 -positivity -no-vis -n 256 -o 3 -method dg -cadence auto -scale 1.0 -profile /Users/timozund/Documents/master_thesis/codex_dev/measurements/study/planned/lax_equal_mesh
lax_equal_mesh,proposed,draft,How does polynomial degree affect Lax resolution on the same mesh?,Equal-mesh discontinuity comparison.,compressible Euler Lax problem,"[-5,5]",fixed exterior states,ofdg-kxrcf,3,256,-n,1,1.0,SSPRK3,reference L1; TV; extrema,two WENO5 grid resolutions,required,comparison table,21,/Users/timozund/Documents/master_thesis/codex_dev/build/release/examples/euler -p 7 -r 0 -tf 1.3 -positivity -no-vis -n 256 -o 3 -method ofdg-kxrcf -cadence auto -scale 1.0 -profile /Users/timozund/Documents/master_thesis/codex_dev/measurements/study/planned/lax_equal_mesh
lax_equal_mesh,proposed,draft,How does polynomial degree affect Lax resolution on the same mesh?,Equal-mesh discontinuity comparison.,compressible Euler Lax problem,"[-5,5]",fixed exterior states,oedg,3,256,-n,1,1.0,SSPRK3,reference L1; TV; extrema,two WENO5 grid resolutions,required,comparison table,21,/Users/timozund/Documents/master_thesis/codex_dev/build/release/examples/euler -p 7 -r 0 -tf 1.3 -positivity -no-vis -n 256 -o 3 -method oedg -cadence auto -scale 1.0 -profile /Users/timozund/Documents/master_thesis/codex_dev/measurements/study/planned/lax_equal_mesh
lax_equal_mesh,proposed,draft,How does polynomial degree affect Lax resolution on the same mesh?,Equal-mesh discontinuity comparison.,compressible Euler Lax problem,"[-5,5]",fixed exterior states,ofdg,3,256,-n,1,1.0,SSPRK3,reference L1; TV; extrema,two WENO5 grid resolutions,required,comparison table,21,/Users/timozund/Documents/master_thesis/codex_dev/build/release/examples/euler -p 7 -r 0 -tf 1.3 -positivity -no-vis -n 256 -o 3 -method ofdg -cadence auto -scale 1.0 -profile /Users/timozund/Documents/master_thesis/codex_dev/measurements/study/planned/lax_equal_mesh
lax_equal_dofs,proposed,draft,How does polynomial degree affect Lax resolution at equal actual DOFs?,Equal-work discontinuity comparison.,compressible Euler Lax problem,"[-5,5]",fixed exterior states,dg,1,384,-n,1,1.0,SSPRK3,reference L1; TV; extrema,two WENO5 grid resolutions,required,comparison table,21,/Users/timozund/Documents/master_thesis/codex_dev/build/release/examples/euler -p 7 -r 0 -tf 1.3 -positivity -no-vis -n 384 -o 1 -method dg -cadence auto -scale 1.0 -profile /Users/timozund/Documents/master_thesis/codex_dev/measurements/study/planned/lax_equal_dofs
lax_equal_dofs,proposed,draft,How does polynomial degree affect Lax resolution at equal actual DOFs?,Equal-work discontinuity comparison.,compressible Euler Lax problem,"[-5,5]",fixed exterior states,ofdg-kxrcf,1,384,-n,1,1.0,SSPRK3,reference L1; TV; extrema,two WENO5 grid resolutions,required,comparison table,21,/Users/timozund/Documents/master_thesis/codex_dev/build/release/examples/euler -p 7 -r 0 -tf 1.3 -positivity -no-vis -n 384 -o 1 -method ofdg-kxrcf -cadence auto -scale 1.0 -profile /Users/timozund/Documents/master_thesis/codex_dev/measurements/study/planned/lax_equal_dofs
lax_equal_dofs,proposed,draft,How does polynomial degree affect Lax resolution at equal actual DOFs?,Equal-work discontinuity comparison.,compressible Euler Lax problem,"[-5,5]",fixed exterior states,oedg,1,384,-n,1,1.0,SSPRK3,reference L1; TV; extrema,two WENO5 grid resolutions,required,comparison table,21,/Users/timozund/Documents/master_thesis/codex_dev/build/release/examples/euler -p 7 -r 0 -tf 1.3 -positivity -no-vis -n 384 -o 1 -method oedg -cadence auto -scale 1.0 -profile /Users/timozund/Documents/master_thesis/codex_dev/measurements/study/planned/lax_equal_dofs
lax_equal_dofs,proposed,draft,How does polynomial degree affect Lax resolution at equal actual DOFs?,Equal-work discontinuity comparison.,compressible Euler Lax problem,"[-5,5]",fixed exterior states,ofdg,1,384,-n,1,1.0,SSPRK3,reference L1; TV; extrema,two WENO5 grid resolutions,required,comparison table,21,/Users/timozund/Documents/master_thesis/codex_dev/build/release/examples/euler -p 7 -r 0 -tf 1.3 -positivity -no-vis -n 384 -o 1 -method ofdg -cadence auto -scale 1.0 -profile /Users/timozund/Documents/master_thesis/codex_dev/measurements/study/planned/lax_equal_dofs
lax_equal_dofs,proposed,draft,How does polynomial degree affect Lax resolution at equal actual DOFs?,Equal-work discontinuity comparison.,compressible Euler Lax problem,"[-5,5]",fixed exterior states,dg,2,256,-n,1,1.0,SSPRK3,reference L1; TV; extrema,two WENO5 grid resolutions,required,comparison table,21,/Users/timozund/Documents/master_thesis/codex_dev/build/release/examples/euler -p 7 -r 0 -tf 1.3 -positivity -no-vis -n 256 -o 2 -method dg -cadence auto -scale 1.0 -profile /Users/timozund/Documents/master_thesis/codex_dev/measurements/study/planned/lax_equal_dofs
lax_equal_dofs,proposed,draft,How does polynomial degree affect Lax resolution at equal actual DOFs?,Equal-work discontinuity comparison.,compressible Euler Lax problem,"[-5,5]",fixed exterior states,ofdg-kxrcf,2,256,-n,1,1.0,SSPRK3,reference L1; TV; extrema,two WENO5 grid resolutions,required,comparison table,21,/Users/timozund/Documents/master_thesis/codex_dev/build/release/examples/euler -p 7 -r 0 -tf 1.3 -positivity -no-vis -n 256 -o 2 -method ofdg-kxrcf -cadence auto -scale 1.0 -profile /Users/timozund/Documents/master_thesis/codex_dev/measurements/study/planned/lax_equal_dofs
lax_equal_dofs,proposed,draft,How does polynomial degree affect Lax resolution at equal actual DOFs?,Equal-work discontinuity comparison.,compressible Euler Lax problem,"[-5,5]",fixed exterior states,oedg,2,256,-n,1,1.0,SSPRK3,reference L1; TV; extrema,two WENO5 grid resolutions,required,comparison table,21,/Users/timozund/Documents/master_thesis/codex_dev/build/release/examples/euler -p 7 -r 0 -tf 1.3 -positivity -no-vis -n 256 -o 2 -method oedg -cadence auto -scale 1.0 -profile /Users/timozund/Documents/master_thesis/codex_dev/measurements/study/planned/lax_equal_dofs
lax_equal_dofs,proposed,draft,How does polynomial degree affect Lax resolution at equal actual DOFs?,Equal-work discontinuity comparison.,compressible Euler Lax problem,"[-5,5]",fixed exterior states,ofdg,2,256,-n,1,1.0,SSPRK3,reference L1; TV; extrema,two WENO5 grid resolutions,required,comparison table,21,/Users/timozund/Documents/master_thesis/codex_dev/build/release/examples/euler -p 7 -r 0 -tf 1.3 -positivity -no-vis -n 256 -o 2 -method ofdg -cadence auto -scale 1.0 -profile /Users/timozund/Documents/master_thesis/codex_dev/measurements/study/planned/lax_equal_dofs
lax_equal_dofs,proposed,draft,How does polynomial degree affect Lax resolution at equal actual DOFs?,Equal-work discontinuity comparison.,compressible Euler Lax problem,"[-5,5]",fixed exterior states,dg,3,192,-n,1,1.0,SSPRK3,reference L1; TV; extrema,two WENO5 grid resolutions,required,comparison table,21,/Users/timozund/Documents/master_thesis/codex_dev/build/release/examples/euler -p 7 -r 0 -tf 1.3 -positivity -no-vis -n 192 -o 3 -method dg -cadence auto -scale 1.0 -profile /Users/timozund/Documents/master_thesis/codex_dev/measurements/study/planned/lax_equal_dofs
lax_equal_dofs,proposed,draft,How does polynomial degree affect Lax resolution at equal actual DOFs?,Equal-work discontinuity comparison.,compressible Euler Lax problem,"[-5,5]",fixed exterior states,ofdg-kxrcf,3,192,-n,1,1.0,SSPRK3,reference L1; TV; extrema,two WENO5 grid resolutions,required,comparison table,21,/Users/timozund/Documents/master_thesis/codex_dev/build/release/examples/euler -p 7 -r 0 -tf 1.3 -positivity -no-vis -n 192 -o 3 -method ofdg-kxrcf -cadence auto -scale 1.0 -profile /Users/timozund/Documents/master_thesis/codex_dev/measurements/study/planned/lax_equal_dofs
lax_equal_dofs,proposed,draft,How does polynomial degree affect Lax resolution at equal actual DOFs?,Equal-work discontinuity comparison.,compressible Euler Lax problem,"[-5,5]",fixed exterior states,oedg,3,192,-n,1,1.0,SSPRK3,reference L1; TV; extrema,two WENO5 grid resolutions,required,comparison table,21,/Users/timozund/Documents/master_thesis/codex_dev/build/release/examples/euler -p 7 -r 0 -tf 1.3 -positivity -no-vis -n 192 -o 3 -method oedg -cadence auto -scale 1.0 -profile /Users/timozund/Documents/master_thesis/codex_dev/measurements/study/planned/lax_equal_dofs
lax_equal_dofs,proposed,draft,How does polynomial degree affect Lax resolution at equal actual DOFs?,Equal-work discontinuity comparison.,compressible Euler Lax problem,"[-5,5]",fixed exterior states,ofdg,3,192,-n,1,1.0,SSPRK3,reference L1; TV; extrema,two WENO5 grid resolutions,required,comparison table,21,/Users/timozund/Documents/master_thesis/codex_dev/build/release/examples/euler -p 7 -r 0 -tf 1.3 -positivity -no-vis -n 192 -o 3 -method ofdg -cadence auto -scale 1.0 -profile /Users/timozund/Documents/master_thesis/codex_dev/measurements/study/planned/lax_equal_dofs
blast_unassisted,proposed,draft,At what time does each unassisted method first become inadmissible?,Unassisted robustness boundary.,compressible Euler Woodward-Colella blast,"[0,1]",reflecting,dg,1,0,-r,1,1.0,SSPRK3 without positivity limiter,failure time; minimum density; minimum pressure,failure diagnostic consistency,required,robustness table,26.25,/Users/timozund/Documents/master_thesis/codex_dev/build/release/examples/euler -p 5 -tf 0.038 -no-positivity -no-vis -r 0 -o 1 -method dg -cadence auto -scale 1.0 -profile /Users/timozund/Documents/master_thesis/codex_dev/measurements/study/planned/blast_unassisted
blast_unassisted,proposed,draft,At what time does each unassisted method first become inadmissible?,Unassisted robustness boundary.,compressible Euler Woodward-Colella blast,"[0,1]",reflecting,ofdg-kxrcf,1,0,-r,1,1.0,SSPRK3 without positivity limiter,failure time; minimum density; minimum pressure,failure diagnostic consistency,required,robustness table,26.25,/Users/timozund/Documents/master_thesis/codex_dev/build/release/examples/euler -p 5 -tf 0.038 -no-positivity -no-vis -r 0 -o 1 -method ofdg-kxrcf -cadence auto -scale 1.0 -profile /Users/timozund/Documents/master_thesis/codex_dev/measurements/study/planned/blast_unassisted
blast_unassisted,proposed,draft,At what time does each unassisted method first become inadmissible?,Unassisted robustness boundary.,compressible Euler Woodward-Colella blast,"[0,1]",reflecting,oedg,1,0,-r,1,1.0,SSPRK3 without positivity limiter,failure time; minimum density; minimum pressure,failure diagnostic consistency,required,robustness table,26.25,/Users/timozund/Documents/master_thesis/codex_dev/build/release/examples/euler -p 5 -tf 0.038 -no-positivity -no-vis -r 0 -o 1 -method oedg -cadence auto -scale 1.0 -profile /Users/timozund/Documents/master_thesis/codex_dev/measurements/study/planned/blast_unassisted
blast_unassisted,proposed,draft,At what time does each unassisted method first become inadmissible?,Unassisted robustness boundary.,compressible Euler Woodward-Colella blast,"[0,1]",reflecting,ofdg,1,0,-r,1,1.0,SSPRK3 without positivity limiter,failure time; minimum density; minimum pressure,failure diagnostic consistency,required,robustness table,26.25,/Users/timozund/Documents/master_thesis/codex_dev/build/release/examples/euler -p 5 -tf 0.038 -no-positivity -no-vis -r 0 -o 1 -method ofdg -cadence auto -scale 1.0 -profile /Users/timozund/Documents/master_thesis/codex_dev/measurements/study/planned/blast_unassisted
blast_unassisted,proposed,draft,At what time does each unassisted method first become inadmissible?,Unassisted robustness boundary.,compressible Euler Woodward-Colella blast,"[0,1]",reflecting,dg,2,0,-r,1,1.0,SSPRK3 without positivity limiter,failure time; minimum density; minimum pressure,failure diagnostic consistency,required,robustness table,26.25,/Users/timozund/Documents/master_thesis/codex_dev/build/release/examples/euler -p 5 -tf 0.038 -no-positivity -no-vis -r 0 -o 2 -method dg -cadence auto -scale 1.0 -profile /Users/timozund/Documents/master_thesis/codex_dev/measurements/study/planned/blast_unassisted
blast_unassisted,proposed,draft,At what time does each unassisted method first become inadmissible?,Unassisted robustness boundary.,compressible Euler Woodward-Colella blast,"[0,1]",reflecting,ofdg-kxrcf,2,0,-r,1,1.0,SSPRK3 without positivity limiter,failure time; minimum density; minimum pressure,failure diagnostic consistency,required,robustness table,26.25,/Users/timozund/Documents/master_thesis/codex_dev/build/release/examples/euler -p 5 -tf 0.038 -no-positivity -no-vis -r 0 -o 2 -method ofdg-kxrcf -cadence auto -scale 1.0 -profile /Users/timozund/Documents/master_thesis/codex_dev/measurements/study/planned/blast_unassisted
blast_unassisted,proposed,draft,At what time does each unassisted method first become inadmissible?,Unassisted robustness boundary.,compressible Euler Woodward-Colella blast,"[0,1]",reflecting,oedg,2,0,-r,1,1.0,SSPRK3 without positivity limiter,failure time; minimum density; minimum pressure,failure diagnostic consistency,required,robustness table,26.25,/Users/timozund/Documents/master_thesis/codex_dev/build/release/examples/euler -p 5 -tf 0.038 -no-positivity -no-vis -r 0 -o 2 -method oedg -cadence auto -scale 1.0 -profile /Users/timozund/Documents/master_thesis/codex_dev/measurements/study/planned/blast_unassisted
blast_unassisted,proposed,draft,At what time does each unassisted method first become inadmissible?,Unassisted robustness boundary.,compressible Euler Woodward-Colella blast,"[0,1]",reflecting,ofdg,2,0,-r,1,1.0,SSPRK3 without positivity limiter,failure time; minimum density; minimum pressure,failure diagnostic consistency,required,robustness table,26.25,/Users/timozund/Documents/master_thesis/codex_dev/build/release/examples/euler -p 5 -tf 0.038 -no-positivity -no-vis -r 0 -o 2 -method ofdg -cadence auto -scale 1.0 -profile /Users/timozund/Documents/master_thesis/codex_dev/measurements/study/planned/blast_unassisted
blast_unassisted,proposed,draft,At what time does each unassisted method first become inadmissible?,Unassisted robustness boundary.,compressible Euler Woodward-Colella blast,"[0,1]",reflecting,dg,3,0,-r,1,1.0,SSPRK3 without positivity limiter,failure time; minimum density; minimum pressure,failure diagnostic consistency,required,robustness table,26.25,/Users/timozund/Documents/master_thesis/codex_dev/build/release/examples/euler -p 5 -tf 0.038 -no-positivity -no-vis -r 0 -o 3 -method dg -cadence auto -scale 1.0 -profile /Users/timozund/Documents/master_thesis/codex_dev/measurements/study/planned/blast_unassisted
blast_unassisted,proposed,draft,At what time does each unassisted method first become inadmissible?,Unassisted robustness boundary.,compressible Euler Woodward-Colella blast,"[0,1]",reflecting,ofdg-kxrcf,3,0,-r,1,1.0,SSPRK3 without positivity limiter,failure time; minimum density; minimum pressure,failure diagnostic consistency,required,robustness table,26.25,/Users/timozund/Documents/master_thesis/codex_dev/build/release/examples/euler -p 5 -tf 0.038 -no-positivity -no-vis -r 0 -o 3 -method ofdg-kxrcf -cadence auto -scale 1.0 -profile /Users/timozund/Documents/master_thesis/codex_dev/measurements/study/planned/blast_unassisted
blast_unassisted,proposed,draft,At what time does each unassisted method first become inadmissible?,Unassisted robustness boundary.,compressible Euler Woodward-Colella blast,"[0,1]",reflecting,oedg,3,0,-r,1,1.0,SSPRK3 without positivity limiter,failure time; minimum density; minimum pressure,failure diagnostic consistency,required,robustness table,26.25,/Users/timozund/Documents/master_thesis/codex_dev/build/release/examples/euler -p 5 -tf 0.038 -no-positivity -no-vis -r 0 -o 3 -method oedg -cadence auto -scale 1.0 -profile /Users/timozund/Documents/master_thesis/codex_dev/measurements/study/planned/blast_unassisted
blast_unassisted,proposed,draft,At what time does each unassisted method first become inadmissible?,Unassisted robustness boundary.,compressible Euler Woodward-Colella blast,"[0,1]",reflecting,ofdg,3,0,-r,1,1.0,SSPRK3 without positivity limiter,failure time; minimum density; minimum pressure,failure diagnostic consistency,required,robustness table,26.25,/Users/timozund/Documents/master_thesis/codex_dev/build/release/examples/euler -p 5 -tf 0.038 -no-positivity -no-vis -r 0 -o 3 -method ofdg -cadence auto -scale 1.0 -profile /Users/timozund/Documents/master_thesis/codex_dev/measurements/study/planned/blast_unassisted
blast,proposed,draft,How much common positivity assistance is required to resolve the blast?,Assisted robustness and resolution comparison.,compressible Euler Woodward-Colella blast,"[0,1]",reflecting,dg,1,0,-r,1,1.0,SSPRK3 with common positivity limiter,reference L1; limited fraction; rejected steps; minimum pressure,two WENO5 grid resolutions,required,profile and robustness table,52.5,/Users/timozund/Documents/master_thesis/codex_dev/build/release/examples/euler -p 5 -tf 0.038 -positivity -no-vis -r 0 -o 1 -method dg -cadence auto -scale 1.0 -profile /Users/timozund/Documents/master_thesis/codex_dev/measurements/study/planned/blast
blast,proposed,draft,How much common positivity assistance is required to resolve the blast?,Assisted robustness and resolution comparison.,compressible Euler Woodward-Colella blast,"[0,1]",reflecting,ofdg-kxrcf,1,0,-r,1,1.0,SSPRK3 with common positivity limiter,reference L1; limited fraction; rejected steps; minimum pressure,two WENO5 grid resolutions,required,profile and robustness table,52.5,/Users/timozund/Documents/master_thesis/codex_dev/build/release/examples/euler -p 5 -tf 0.038 -positivity -no-vis -r 0 -o 1 -method ofdg-kxrcf -cadence auto -scale 1.0 -profile /Users/timozund/Documents/master_thesis/codex_dev/measurements/study/planned/blast
blast,proposed,draft,How much common positivity assistance is required to resolve the blast?,Assisted robustness and resolution comparison.,compressible Euler Woodward-Colella blast,"[0,1]",reflecting,oedg,1,0,-r,1,1.0,SSPRK3 with common positivity limiter,reference L1; limited fraction; rejected steps; minimum pressure,two WENO5 grid resolutions,required,profile and robustness table,52.5,/Users/timozund/Documents/master_thesis/codex_dev/build/release/examples/euler -p 5 -tf 0.038 -positivity -no-vis -r 0 -o 1 -method oedg -cadence auto -scale 1.0 -profile /Users/timozund/Documents/master_thesis/codex_dev/measurements/study/planned/blast
blast,proposed,draft,How much common positivity assistance is required to resolve the blast?,Assisted robustness and resolution comparison.,compressible Euler Woodward-Colella blast,"[0,1]",reflecting,ofdg,1,0,-r,1,1.0,SSPRK3 with common positivity limiter,reference L1; limited fraction; rejected steps; minimum pressure,two WENO5 grid resolutions,required,profile and robustness table,52.5,/Users/timozund/Documents/master_thesis/codex_dev/build/release/examples/euler -p 5 -tf 0.038 -positivity -no-vis -r 0 -o 1 -method ofdg -cadence auto -scale 1.0 -profile /Users/timozund/Documents/master_thesis/codex_dev/measurements/study/planned/blast
blast,proposed,draft,How much common positivity assistance is required to resolve the blast?,Assisted robustness and resolution comparison.,compressible Euler Woodward-Colella blast,"[0,1]",reflecting,dg,2,0,-r,1,1.0,SSPRK3 with common positivity limiter,reference L1; limited fraction; rejected steps; minimum pressure,two WENO5 grid resolutions,required,profile and robustness table,52.5,/Users/timozund/Documents/master_thesis/codex_dev/build/release/examples/euler -p 5 -tf 0.038 -positivity -no-vis -r 0 -o 2 -method dg -cadence auto -scale 1.0 -profile /Users/timozund/Documents/master_thesis/codex_dev/measurements/study/planned/blast
blast,proposed,draft,How much common positivity assistance is required to resolve the blast?,Assisted robustness and resolution comparison.,compressible Euler Woodward-Colella blast,"[0,1]",reflecting,ofdg-kxrcf,2,0,-r,1,1.0,SSPRK3 with common positivity limiter,reference L1; limited fraction; rejected steps; minimum pressure,two WENO5 grid resolutions,required,profile and robustness table,52.5,/Users/timozund/Documents/master_thesis/codex_dev/build/release/examples/euler -p 5 -tf 0.038 -positivity -no-vis -r 0 -o 2 -method ofdg-kxrcf -cadence auto -scale 1.0 -profile /Users/timozund/Documents/master_thesis/codex_dev/measurements/study/planned/blast
blast,proposed,draft,How much common positivity assistance is required to resolve the blast?,Assisted robustness and resolution comparison.,compressible Euler Woodward-Colella blast,"[0,1]",reflecting,oedg,2,0,-r,1,1.0,SSPRK3 with common positivity limiter,reference L1; limited fraction; rejected steps; minimum pressure,two WENO5 grid resolutions,required,profile and robustness table,52.5,/Users/timozund/Documents/master_thesis/codex_dev/build/release/examples/euler -p 5 -tf 0.038 -positivity -no-vis -r 0 -o 2 -method oedg -cadence auto -scale 1.0 -profile /Users/timozund/Documents/master_thesis/codex_dev/measurements/study/planned/blast
blast,proposed,draft,How much common positivity assistance is required to resolve the blast?,Assisted robustness and resolution comparison.,compressible Euler Woodward-Colella blast,"[0,1]",reflecting,ofdg,2,0,-r,1,1.0,SSPRK3 with common positivity limiter,reference L1; limited fraction; rejected steps; minimum pressure,two WENO5 grid resolutions,required,profile and robustness table,52.5,/Users/timozund/Documents/master_thesis/codex_dev/build/release/examples/euler -p 5 -tf 0.038 -positivity -no-vis -r 0 -o 2 -method ofdg -cadence auto -scale 1.0 -profile /Users/timozund/Documents/master_thesis/codex_dev/measurements/study/planned/blast
blast,proposed,draft,How much common positivity assistance is required to resolve the blast?,Assisted robustness and resolution comparison.,compressible Euler Woodward-Colella blast,"[0,1]",reflecting,dg,3,0,-r,1,1.0,SSPRK3 with common positivity limiter,reference L1; limited fraction; rejected steps; minimum pressure,two WENO5 grid resolutions,required,profile and robustness table,52.5,/Users/timozund/Documents/master_thesis/codex_dev/build/release/examples/euler -p 5 -tf 0.038 -positivity -no-vis -r 0 -o 3 -method dg -cadence auto -scale 1.0 -profile /Users/timozund/Documents/master_thesis/codex_dev/measurements/study/planned/blast
blast,proposed,draft,How much common positivity assistance is required to resolve the blast?,Assisted robustness and resolution comparison.,compressible Euler Woodward-Colella blast,"[0,1]",reflecting,ofdg-kxrcf,3,0,-r,1,1.0,SSPRK3 with common positivity limiter,reference L1; limited fraction; rejected steps; minimum pressure,two WENO5 grid resolutions,required,profile and robustness table,52.5,/Users/timozund/Documents/master_thesis/codex_dev/build/release/examples/euler -p 5 -tf 0.038 -positivity -no-vis -r 0 -o 3 -method ofdg-kxrcf -cadence auto -scale 1.0 -profile /Users/timozund/Documents/master_thesis/codex_dev/measurements/study/planned/blast
blast,proposed,draft,How much common positivity assistance is required to resolve the blast?,Assisted robustness and resolution comparison.,compressible Euler Woodward-Colella blast,"[0,1]",reflecting,oedg,3,0,-r,1,1.0,SSPRK3 with common positivity limiter,reference L1; limited fraction; rejected steps; minimum pressure,two WENO5 grid resolutions,required,profile and robustness table,52.5,/Users/timozund/Documents/master_thesis/codex_dev/build/release/examples/euler -p 5 -tf 0.038 -positivity -no-vis -r 0 -o 3 -method oedg -cadence auto -scale 1.0 -profile /Users/timozund/Documents/master_thesis/codex_dev/measurements/study/planned/blast
blast,proposed,draft,How much common positivity assistance is required to resolve the blast?,Assisted robustness and resolution comparison.,compressible Euler Woodward-Colella blast,"[0,1]",reflecting,ofdg,3,0,-r,1,1.0,SSPRK3 with common positivity limiter,reference L1; limited fraction; rejected steps; minimum pressure,two WENO5 grid resolutions,required,profile and robustness table,52.5,/Users/timozund/Documents/master_thesis/codex_dev/build/release/examples/euler -p 5 -tf 0.038 -positivity -no-vis -r 0 -o 3 -method ofdg -cadence auto -scale 1.0 -profile /Users/timozund/Documents/master_thesis/codex_dev/measurements/study/planned/blast
shu_osher,proposed,draft,How well are post-shock entropy waves resolved?,Small-scale shock interaction comparison.,compressible Euler Shu-Osher problem,"[-5,5]",fixed exterior states,dg,1,0,-r,1,1.0,SSPRK3 with common positivity limiter,reference L1; TV; extrema; limited fraction,two WENO5 grid resolutions,required,profile with matched zoom,52.5,/Users/timozund/Documents/master_thesis/codex_dev/build/release/examples/euler -p 8 -tf 1.8 -positivity -no-vis -r 0 -o 1 -method dg -cadence auto -scale 1.0 -profile /Users/timozund/Documents/master_thesis/codex_dev/measurements/study/planned/shu_osher
shu_osher,proposed,draft,How well are post-shock entropy waves resolved?,Small-scale shock interaction comparison.,compressible Euler Shu-Osher problem,"[-5,5]",fixed exterior states,ofdg-kxrcf,1,0,-r,1,1.0,SSPRK3 with common positivity limiter,reference L1; TV; extrema; limited fraction,two WENO5 grid resolutions,required,profile with matched zoom,52.5,/Users/timozund/Documents/master_thesis/codex_dev/build/release/examples/euler -p 8 -tf 1.8 -positivity -no-vis -r 0 -o 1 -method ofdg-kxrcf -cadence auto -scale 1.0 -profile /Users/timozund/Documents/master_thesis/codex_dev/measurements/study/planned/shu_osher
shu_osher,proposed,draft,How well are post-shock entropy waves resolved?,Small-scale shock interaction comparison.,compressible Euler Shu-Osher problem,"[-5,5]",fixed exterior states,oedg,1,0,-r,1,1.0,SSPRK3 with common positivity limiter,reference L1; TV; extrema; limited fraction,two WENO5 grid resolutions,required,profile with matched zoom,52.5,/Users/timozund/Documents/master_thesis/codex_dev/build/release/examples/euler -p 8 -tf 1.8 -positivity -no-vis -r 0 -o 1 -method oedg -cadence auto -scale 1.0 -profile /Users/timozund/Documents/master_thesis/codex_dev/measurements/study/planned/shu_osher
shu_osher,proposed,draft,How well are post-shock entropy waves resolved?,Small-scale shock interaction comparison.,compressible Euler Shu-Osher problem,"[-5,5]",fixed exterior states,ofdg,1,0,-r,1,1.0,SSPRK3 with common positivity limiter,reference L1; TV; extrema; limited fraction,two WENO5 grid resolutions,required,profile with matched zoom,52.5,/Users/timozund/Documents/master_thesis/codex_dev/build/release/examples/euler -p 8 -tf 1.8 -positivity -no-vis -r 0 -o 1 -method ofdg -cadence auto -scale 1.0 -profile /Users/timozund/Documents/master_thesis/codex_dev/measurements/study/planned/shu_osher
shu_osher,proposed,draft,How well are post-shock entropy waves resolved?,Small-scale shock interaction comparison.,compressible Euler Shu-Osher problem,"[-5,5]",fixed exterior states,dg,2,0,-r,1,1.0,SSPRK3 with common positivity limiter,reference L1; TV; extrema; limited fraction,two WENO5 grid resolutions,required,profile with matched zoom,52.5,/Users/timozund/Documents/master_thesis/codex_dev/build/release/examples/euler -p 8 -tf 1.8 -positivity -no-vis -r 0 -o 2 -method dg -cadence auto -scale 1.0 -profile /Users/timozund/Documents/master_thesis/codex_dev/measurements/study/planned/shu_osher
shu_osher,proposed,draft,How well are post-shock entropy waves resolved?,Small-scale shock interaction comparison.,compressible Euler Shu-Osher problem,"[-5,5]",fixed exterior states,ofdg-kxrcf,2,0,-r,1,1.0,SSPRK3 with common positivity limiter,reference L1; TV; extrema; limited fraction,two WENO5 grid resolutions,required,profile with matched zoom,52.5,/Users/timozund/Documents/master_thesis/codex_dev/build/release/examples/euler -p 8 -tf 1.8 -positivity -no-vis -r 0 -o 2 -method ofdg-kxrcf -cadence auto -scale 1.0 -profile /Users/timozund/Documents/master_thesis/codex_dev/measurements/study/planned/shu_osher
shu_osher,proposed,draft,How well are post-shock entropy waves resolved?,Small-scale shock interaction comparison.,compressible Euler Shu-Osher problem,"[-5,5]",fixed exterior states,oedg,2,0,-r,1,1.0,SSPRK3 with common positivity limiter,reference L1; TV; extrema; limited fraction,two WENO5 grid resolutions,required,profile with matched zoom,52.5,/Users/timozund/Documents/master_thesis/codex_dev/build/release/examples/euler -p 8 -tf 1.8 -positivity -no-vis -r 0 -o 2 -method oedg -cadence auto -scale 1.0 -profile /Users/timozund/Documents/master_thesis/codex_dev/measurements/study/planned/shu_osher
shu_osher,proposed,draft,How well are post-shock entropy waves resolved?,Small-scale shock interaction comparison.,compressible Euler Shu-Osher problem,"[-5,5]",fixed exterior states,ofdg,2,0,-r,1,1.0,SSPRK3 with common positivity limiter,reference L1; TV; extrema; limited fraction,two WENO5 grid resolutions,required,profile with matched zoom,52.5,/Users/timozund/Documents/master_thesis/codex_dev/build/release/examples/euler -p 8 -tf 1.8 -positivity -no-vis -r 0 -o 2 -method ofdg -cadence auto -scale 1.0 -profile /Users/timozund/Documents/master_thesis/codex_dev/measurements/study/planned/shu_osher
shu_osher,proposed,draft,How well are post-shock entropy waves resolved?,Small-scale shock interaction comparison.,compressible Euler Shu-Osher problem,"[-5,5]",fixed exterior states,dg,3,0,-r,1,1.0,SSPRK3 with common positivity limiter,reference L1; TV; extrema; limited fraction,two WENO5 grid resolutions,required,profile with matched zoom,52.5,/Users/timozund/Documents/master_thesis/codex_dev/build/release/examples/euler -p 8 -tf 1.8 -positivity -no-vis -r 0 -o 3 -method dg -cadence auto -scale 1.0 -profile /Users/timozund/Documents/master_thesis/codex_dev/measurements/study/planned/shu_osher
shu_osher,proposed,draft,How well are post-shock entropy waves resolved?,Small-scale shock interaction comparison.,compressible Euler Shu-Osher problem,"[-5,5]",fixed exterior states,ofdg-kxrcf,3,0,-r,1,1.0,SSPRK3 with common positivity limiter,reference L1; TV; extrema; limited fraction,two WENO5 grid resolutions,required,profile with matched zoom,52.5,/Users/timozund/Documents/master_thesis/codex_dev/build/release/examples/euler -p 8 -tf 1.8 -positivity -no-vis -r 0 -o 3 -method ofdg-kxrcf -cadence auto -scale 1.0 -profile /Users/timozund/Documents/master_thesis/codex_dev/measurements/study/planned/shu_osher
shu_osher,proposed,draft,How well are post-shock entropy waves resolved?,Small-scale shock interaction comparison.,compressible Euler Shu-Osher problem,"[-5,5]",fixed exterior states,oedg,3,0,-r,1,1.0,SSPRK3 with common positivity limiter,reference L1; TV; extrema; limited fraction,two WENO5 grid resolutions,required,profile with matched zoom,52.5,/Users/timozund/Documents/master_thesis/codex_dev/build/release/examples/euler -p 8 -tf 1.8 -positivity -no-vis -r 0 -o 3 -method oedg -cadence auto -scale 1.0 -profile /Users/timozund/Documents/master_thesis/codex_dev/measurements/study/planned/shu_osher
shu_osher,proposed,draft,How well are post-shock entropy waves resolved?,Small-scale shock interaction comparison.,compressible Euler Shu-Osher problem,"[-5,5]",fixed exterior states,ofdg,3,0,-r,1,1.0,SSPRK3 with common positivity limiter,reference L1; TV; extrema; limited fraction,two WENO5 grid resolutions,required,profile with matched zoom,52.5,/Users/timozund/Documents/master_thesis/codex_dev/build/release/examples/euler -p 8 -tf 1.8 -positivity -no-vis -r 0 -o 3 -method ofdg -cadence auto -scale 1.0 -profile /Users/timozund/Documents/master_thesis/codex_dev/measurements/study/planned/shu_osher
riemann_2d,proposed,draft,How do the methods resolve a multidimensional Riemann interaction on the same mesh?,Two-dimensional discontinuity comparison.,compressible Euler 2D Riemann problem,"[0,1]^2",fixed exterior states,dg,1,0,-r,1,1.0,SSPRK3 with common positivity limiter,conservation diagnostic; minimum pressure; limited fraction,matched contour limits and mesh refinement spot-check,required,separate contour and line-cut figures,1575,/Users/timozund/Documents/master_thesis/codex_dev/build/release/examples/euler -p 6 -tf 0.25 -positivity -no-vis -r 0 -o 1 -method dg -cadence auto -scale 1.0 -profile /Users/timozund/Documents/master_thesis/codex_dev/measurements/study/planned/riemann_2d
riemann_2d,proposed,draft,How do the methods resolve a multidimensional Riemann interaction on the same mesh?,Two-dimensional discontinuity comparison.,compressible Euler 2D Riemann problem,"[0,1]^2",fixed exterior states,ofdg-kxrcf,1,0,-r,1,1.0,SSPRK3 with common positivity limiter,conservation diagnostic; minimum pressure; limited fraction,matched contour limits and mesh refinement spot-check,required,separate contour and line-cut figures,1575,/Users/timozund/Documents/master_thesis/codex_dev/build/release/examples/euler -p 6 -tf 0.25 -positivity -no-vis -r 0 -o 1 -method ofdg-kxrcf -cadence auto -scale 1.0 -profile /Users/timozund/Documents/master_thesis/codex_dev/measurements/study/planned/riemann_2d
riemann_2d,proposed,draft,How do the methods resolve a multidimensional Riemann interaction on the same mesh?,Two-dimensional discontinuity comparison.,compressible Euler 2D Riemann problem,"[0,1]^2",fixed exterior states,oedg,1,0,-r,1,1.0,SSPRK3 with common positivity limiter,conservation diagnostic; minimum pressure; limited fraction,matched contour limits and mesh refinement spot-check,required,separate contour and line-cut figures,1575,/Users/timozund/Documents/master_thesis/codex_dev/build/release/examples/euler -p 6 -tf 0.25 -positivity -no-vis -r 0 -o 1 -method oedg -cadence auto -scale 1.0 -profile /Users/timozund/Documents/master_thesis/codex_dev/measurements/study/planned/riemann_2d
riemann_2d,proposed,draft,How do the methods resolve a multidimensional Riemann interaction on the same mesh?,Two-dimensional discontinuity comparison.,compressible Euler 2D Riemann problem,"[0,1]^2",fixed exterior states,ofdg,1,0,-r,1,1.0,SSPRK3 with common positivity limiter,conservation diagnostic; minimum pressure; limited fraction,matched contour limits and mesh refinement spot-check,required,separate contour and line-cut figures,1575,/Users/timozund/Documents/master_thesis/codex_dev/build/release/examples/euler -p 6 -tf 0.25 -positivity -no-vis -r 0 -o 1 -method ofdg -cadence auto -scale 1.0 -profile /Users/timozund/Documents/master_thesis/codex_dev/measurements/study/planned/riemann_2d
riemann_2d,proposed,draft,How do the methods resolve a multidimensional Riemann interaction on the same mesh?,Two-dimensional discontinuity comparison.,compressible Euler 2D Riemann problem,"[0,1]^2",fixed exterior states,dg,2,0,-r,1,1.0,SSPRK3 with common positivity limiter,conservation diagnostic; minimum pressure; limited fraction,matched contour limits and mesh refinement spot-check,required,separate contour and line-cut figures,1575,/Users/timozund/Documents/master_thesis/codex_dev/build/release/examples/euler -p 6 -tf 0.25 -positivity -no-vis -r 0 -o 2 -method dg -cadence auto -scale 1.0 -profile /Users/timozund/Documents/master_thesis/codex_dev/measurements/study/planned/riemann_2d
riemann_2d,proposed,draft,How do the methods resolve a multidimensional Riemann interaction on the same mesh?,Two-dimensional discontinuity comparison.,compressible Euler 2D Riemann problem,"[0,1]^2",fixed exterior states,ofdg-kxrcf,2,0,-r,1,1.0,SSPRK3 with common positivity limiter,conservation diagnostic; minimum pressure; limited fraction,matched contour limits and mesh refinement spot-check,required,separate contour and line-cut figures,1575,/Users/timozund/Documents/master_thesis/codex_dev/build/release/examples/euler -p 6 -tf 0.25 -positivity -no-vis -r 0 -o 2 -method ofdg-kxrcf -cadence auto -scale 1.0 -profile /Users/timozund/Documents/master_thesis/codex_dev/measurements/study/planned/riemann_2d
riemann_2d,proposed,draft,How do the methods resolve a multidimensional Riemann interaction on the same mesh?,Two-dimensional discontinuity comparison.,compressible Euler 2D Riemann problem,"[0,1]^2",fixed exterior states,oedg,2,0,-r,1,1.0,SSPRK3 with common positivity limiter,conservation diagnostic; minimum pressure; limited fraction,matched contour limits and mesh refinement spot-check,required,separate contour and line-cut figures,1575,/Users/timozund/Documents/master_thesis/codex_dev/build/release/examples/euler -p 6 -tf 0.25 -positivity -no-vis -r 0 -o 2 -method oedg -cadence auto -scale 1.0 -profile /Users/timozund/Documents/master_thesis/codex_dev/measurements/study/planned/riemann_2d
riemann_2d,proposed,draft,How do the methods resolve a multidimensional Riemann interaction on the same mesh?,Two-dimensional discontinuity comparison.,compressible Euler 2D Riemann problem,"[0,1]^2",fixed exterior states,ofdg,2,0,-r,1,1.0,SSPRK3 with common positivity limiter,conservation diagnostic; minimum pressure; limited fraction,matched contour limits and mesh refinement spot-check,required,separate contour and line-cut figures,1575,/Users/timozund/Documents/master_thesis/codex_dev/build/release/examples/euler -p 6 -tf 0.25 -positivity -no-vis -r 0 -o 2 -method ofdg -cadence auto -scale 1.0 -profile /Users/timozund/Documents/master_thesis/codex_dev/measurements/study/planned/riemann_2d
riemann_2d,proposed,draft,How do the methods resolve a multidimensional Riemann interaction on the same mesh?,Two-dimensional discontinuity comparison.,compressible Euler 2D Riemann problem,"[0,1]^2",fixed exterior states,dg,3,0,-r,1,1.0,SSPRK3 with common positivity limiter,conservation diagnostic; minimum pressure; limited fraction,matched contour limits and mesh refinement spot-check,required,separate contour and line-cut figures,1575,/Users/timozund/Documents/master_thesis/codex_dev/build/release/examples/euler -p 6 -tf 0.25 -positivity -no-vis -r 0 -o 3 -method dg -cadence auto -scale 1.0 -profile /Users/timozund/Documents/master_thesis/codex_dev/measurements/study/planned/riemann_2d
riemann_2d,proposed,draft,How do the methods resolve a multidimensional Riemann interaction on the same mesh?,Two-dimensional discontinuity comparison.,compressible Euler 2D Riemann problem,"[0,1]^2",fixed exterior states,ofdg-kxrcf,3,0,-r,1,1.0,SSPRK3 with common positivity limiter,conservation diagnostic; minimum pressure; limited fraction,matched contour limits and mesh refinement spot-check,required,separate contour and line-cut figures,1575,/Users/timozund/Documents/master_thesis/codex_dev/build/release/examples/euler -p 6 -tf 0.25 -positivity -no-vis -r 0 -o 3 -method ofdg-kxrcf -cadence auto -scale 1.0 -profile /Users/timozund/Documents/master_thesis/codex_dev/measurements/study/planned/riemann_2d
riemann_2d,proposed,draft,How do the methods resolve a multidimensional Riemann interaction on the same mesh?,Two-dimensional discontinuity comparison.,compressible Euler 2D Riemann problem,"[0,1]^2",fixed exterior states,oedg,3,0,-r,1,1.0,SSPRK3 with common positivity limiter,conservation diagnostic; minimum pressure; limited fraction,matched contour limits and mesh refinement spot-check,required,separate contour and line-cut figures,1575,/Users/timozund/Documents/master_thesis/codex_dev/build/release/examples/euler -p 6 -tf 0.25 -positivity -no-vis -r 0 -o 3 -method oedg -cadence auto -scale 1.0 -profile /Users/timozund/Documents/master_thesis/codex_dev/measurements/study/planned/riemann_2d
riemann_2d,proposed,draft,How do the methods resolve a multidimensional Riemann interaction on the same mesh?,Two-dimensional discontinuity comparison.,compressible Euler 2D Riemann problem,"[0,1]^2",fixed exterior states,ofdg,3,0,-r,1,1.0,SSPRK3 with common positivity limiter,conservation diagnostic; minimum pressure; limited fraction,matched contour limits and mesh refinement spot-check,required,separate contour and line-cut figures,1575,/Users/timozund/Documents/master_thesis/codex_dev/build/release/examples/euler -p 6 -tf 0.25 -positivity -no-vis -r 0 -o 3 -method ofdg -cadence auto -scale 1.0 -profile /Users/timozund/Documents/master_thesis/codex_dev/measurements/study/planned/riemann_2d
riemann_2d_equal_dofs,proposed,draft,How does polynomial degree affect the 2D Riemann solution at equal DOFs?,Equal-work multidimensional comparison.,compressible Euler 2D Riemann problem,"[0,1]^2",fixed exterior states,dg,1,40,-n,1,1.0,SSPRK3 with common positivity limiter,line-cut difference; minimum pressure; limited fraction,matched sampling and refinement spot-check,required,comparison table,1050,/Users/timozund/Documents/master_thesis/codex_dev/build/release/examples/euler -p 6 -r 0 -tf 0.25 -positivity -no-vis -n 40 -o 1 -method dg -cadence auto -scale 1.0 -profile /Users/timozund/Documents/master_thesis/codex_dev/measurements/study/planned/riemann_2d_equal_dofs
riemann_2d_equal_dofs,proposed,draft,How does polynomial degree affect the 2D Riemann solution at equal DOFs?,Equal-work multidimensional comparison.,compressible Euler 2D Riemann problem,"[0,1]^2",fixed exterior states,ofdg-kxrcf,1,40,-n,1,1.0,SSPRK3 with common positivity limiter,line-cut difference; minimum pressure; limited fraction,matched sampling and refinement spot-check,required,comparison table,1050,/Users/timozund/Documents/master_thesis/codex_dev/build/release/examples/euler -p 6 -r 0 -tf 0.25 -positivity -no-vis -n 40 -o 1 -method ofdg-kxrcf -cadence auto -scale 1.0 -profile /Users/timozund/Documents/master_thesis/codex_dev/measurements/study/planned/riemann_2d_equal_dofs
riemann_2d_equal_dofs,proposed,draft,How does polynomial degree affect the 2D Riemann solution at equal DOFs?,Equal-work multidimensional comparison.,compressible Euler 2D Riemann problem,"[0,1]^2",fixed exterior states,oedg,1,40,-n,1,1.0,SSPRK3 with common positivity limiter,line-cut difference; minimum pressure; limited fraction,matched sampling and refinement spot-check,required,comparison table,1050,/Users/timozund/Documents/master_thesis/codex_dev/build/release/examples/euler -p 6 -r 0 -tf 0.25 -positivity -no-vis -n 40 -o 1 -method oedg -cadence auto -scale 1.0 -profile /Users/timozund/Documents/master_thesis/codex_dev/measurements/study/planned/riemann_2d_equal_dofs
riemann_2d_equal_dofs,proposed,draft,How does polynomial degree affect the 2D Riemann solution at equal DOFs?,Equal-work multidimensional comparison.,compressible Euler 2D Riemann problem,"[0,1]^2",fixed exterior states,ofdg,1,40,-n,1,1.0,SSPRK3 with common positivity limiter,line-cut difference; minimum pressure; limited fraction,matched sampling and refinement spot-check,required,comparison table,1050,/Users/timozund/Documents/master_thesis/codex_dev/build/release/examples/euler -p 6 -r 0 -tf 0.25 -positivity -no-vis -n 40 -o 1 -method ofdg -cadence auto -scale 1.0 -profile /Users/timozund/Documents/master_thesis/codex_dev/measurements/study/planned/riemann_2d_equal_dofs
riemann_2d_equal_dofs,proposed,draft,How does polynomial degree affect the 2D Riemann solution at equal DOFs?,Equal-work multidimensional comparison.,compressible Euler 2D Riemann problem,"[0,1]^2",fixed exterior states,dg,2,27,-n,1,1.0,SSPRK3 with common positivity limiter,line-cut difference; minimum pressure; limited fraction,matched sampling and refinement spot-check,required,comparison table,1050,/Users/timozund/Documents/master_thesis/codex_dev/build/release/examples/euler -p 6 -r 0 -tf 0.25 -positivity -no-vis -n 27 -o 2 -method dg -cadence auto -scale 1.0 -profile /Users/timozund/Documents/master_thesis/codex_dev/measurements/study/planned/riemann_2d_equal_dofs
riemann_2d_equal_dofs,proposed,draft,How does polynomial degree affect the 2D Riemann solution at equal DOFs?,Equal-work multidimensional comparison.,compressible Euler 2D Riemann problem,"[0,1]^2",fixed exterior states,ofdg-kxrcf,2,27,-n,1,1.0,SSPRK3 with common positivity limiter,line-cut difference; minimum pressure; limited fraction,matched sampling and refinement spot-check,required,comparison table,1050,/Users/timozund/Documents/master_thesis/codex_dev/build/release/examples/euler -p 6 -r 0 -tf 0.25 -positivity -no-vis -n 27 -o 2 -method ofdg-kxrcf -cadence auto -scale 1.0 -profile /Users/timozund/Documents/master_thesis/codex_dev/measurements/study/planned/riemann_2d_equal_dofs
riemann_2d_equal_dofs,proposed,draft,How does polynomial degree affect the 2D Riemann solution at equal DOFs?,Equal-work multidimensional comparison.,compressible Euler 2D Riemann problem,"[0,1]^2",fixed exterior states,oedg,2,27,-n,1,1.0,SSPRK3 with common positivity limiter,line-cut difference; minimum pressure; limited fraction,matched sampling and refinement spot-check,required,comparison table,1050,/Users/timozund/Documents/master_thesis/codex_dev/build/release/examples/euler -p 6 -r 0 -tf 0.25 -positivity -no-vis -n 27 -o 2 -method oedg -cadence auto -scale 1.0 -profile /Users/timozund/Documents/master_thesis/codex_dev/measurements/study/planned/riemann_2d_equal_dofs
riemann_2d_equal_dofs,proposed,draft,How does polynomial degree affect the 2D Riemann solution at equal DOFs?,Equal-work multidimensional comparison.,compressible Euler 2D Riemann problem,"[0,1]^2",fixed exterior states,ofdg,2,27,-n,1,1.0,SSPRK3 with common positivity limiter,line-cut difference; minimum pressure; limited fraction,matched sampling and refinement spot-check,required,comparison table,1050,/Users/timozund/Documents/master_thesis/codex_dev/build/release/examples/euler -p 6 -r 0 -tf 0.25 -positivity -no-vis -n 27 -o 2 -method ofdg -cadence auto -scale 1.0 -profile /Users/timozund/Documents/master_thesis/codex_dev/measurements/study/planned/riemann_2d_equal_dofs
riemann_2d_equal_dofs,proposed,draft,How does polynomial degree affect the 2D Riemann solution at equal DOFs?,Equal-work multidimensional comparison.,compressible Euler 2D Riemann problem,"[0,1]^2",fixed exterior states,dg,3,20,-n,1,1.0,SSPRK3 with common positivity limiter,line-cut difference; minimum pressure; limited fraction,matched sampling and refinement spot-check,required,comparison table,1050,/Users/timozund/Documents/master_thesis/codex_dev/build/release/examples/euler -p 6 -r 0 -tf 0.25 -positivity -no-vis -n 20 -o 3 -method dg -cadence auto -scale 1.0 -profile /Users/timozund/Documents/master_thesis/codex_dev/measurements/study/planned/riemann_2d_equal_dofs
riemann_2d_equal_dofs,proposed,draft,How does polynomial degree affect the 2D Riemann solution at equal DOFs?,Equal-work multidimensional comparison.,compressible Euler 2D Riemann problem,"[0,1]^2",fixed exterior states,ofdg-kxrcf,3,20,-n,1,1.0,SSPRK3 with common positivity limiter,line-cut difference; minimum pressure; limited fraction,matched sampling and refinement spot-check,required,comparison table,1050,/Users/timozund/Documents/master_thesis/codex_dev/build/release/examples/euler -p 6 -r 0 -tf 0.25 -positivity -no-vis -n 20 -o 3 -method ofdg-kxrcf -cadence auto -scale 1.0 -profile /Users/timozund/Documents/master_thesis/codex_dev/measurements/study/planned/riemann_2d_equal_dofs
riemann_2d_equal_dofs,proposed,draft,How does polynomial degree affect the 2D Riemann solution at equal DOFs?,Equal-work multidimensional comparison.,compressible Euler 2D Riemann problem,"[0,1]^2",fixed exterior states,oedg,3,20,-n,1,1.0,SSPRK3 with common positivity limiter,line-cut difference; minimum pressure; limited fraction,matched sampling and refinement spot-check,required,comparison table,1050,/Users/timozund/Documents/master_thesis/codex_dev/build/release/examples/euler -p 6 -r 0 -tf 0.25 -positivity -no-vis -n 20 -o 3 -method oedg -cadence auto -scale 1.0 -profile /Users/timozund/Documents/master_thesis/codex_dev/measurements/study/planned/riemann_2d_equal_dofs
riemann_2d_equal_dofs,proposed,draft,How does polynomial degree affect the 2D Riemann solution at equal DOFs?,Equal-work multidimensional comparison.,compressible Euler 2D Riemann problem,"[0,1]^2",fixed exterior states,ofdg,3,20,-n,1,1.0,SSPRK3 with common positivity limiter,line-cut difference; minimum pressure; limited fraction,matched sampling and refinement spot-check,required,comparison table,1050,/Users/timozund/Documents/master_thesis/codex_dev/build/release/examples/euler -p 6 -r 0 -tf 0.25 -positivity -no-vis -n 20 -o 3 -method ofdg -cadence auto -scale 1.0 -profile /Users/timozund/Documents/master_thesis/codex_dev/measurements/study/planned/riemann_2d_equal_dofs
strong_scaling,proposed,draft,"How does the fixed workload scale across one, two, and four MPI ranks?",Parallel cost analysis.,compressible Euler density wave,"[0,2]^2 periodic",periodic,dg,2,2,-r,1,1.0,fixed production configuration,median runtime; IQR; speedup; parallel efficiency,one warm-up and five repetitions,required,speedup and efficiency panels,43.75,/Users/timozund/Documents/master_thesis/codex_dev/build/release/examples/euler -p 3 -tf 0.1 -no-vis -r 2 -o 2 -method dg -cadence auto -scale 1.0
strong_scaling,proposed,draft,"How does the fixed workload scale across one, two, and four MPI ranks?",Parallel cost analysis.,compressible Euler density wave,"[0,2]^2 periodic",periodic,dg,2,2,-r,1,1.0,fixed production configuration,median runtime; IQR; speedup; parallel efficiency,one warm-up and five repetitions,required,speedup and efficiency panels,43.75,/Users/timozund/Documents/master_thesis/codex_dev/build/release/examples/euler -p 3 -tf 0.1 -no-vis -r 2 -o 2 -method dg -cadence auto -scale 1.0
strong_scaling,proposed,draft,"How does the fixed workload scale across one, two, and four MPI ranks?",Parallel cost analysis.,compressible Euler density wave,"[0,2]^2 periodic",periodic,dg,2,2,-r,1,1.0,fixed production configuration,median runtime; IQR; speedup; parallel efficiency,one warm-up and five repetitions,required,speedup and efficiency panels,43.75,/Users/timozund/Documents/master_thesis/codex_dev/build/release/examples/euler -p 3 -tf 0.1 -no-vis -r 2 -o 2 -method dg -cadence auto -scale 1.0
strong_scaling,proposed,draft,"How does the fixed workload scale across one, two, and four MPI ranks?",Parallel cost analysis.,compressible Euler density wave,"[0,2]^2 periodic",periodic,dg,2,2,-r,1,1.0,fixed production configuration,median runtime; IQR; speedup; parallel efficiency,one warm-up and five repetitions,required,speedup and efficiency panels,43.75,/Users/timozund/Documents/master_thesis/codex_dev/build/release/examples/euler -p 3 -tf 0.1 -no-vis -r 2 -o 2 -method dg -cadence auto -scale 1.0
strong_scaling,proposed,draft,"How does the fixed workload scale across one, two, and four MPI ranks?",Parallel cost analysis.,compressible Euler density wave,"[0,2]^2 periodic",periodic,dg,2,2,-r,1,1.0,fixed production configuration,median runtime; IQR; speedup; parallel efficiency,one warm-up and five repetitions,required,speedup and efficiency panels,43.75,/Users/timozund/Documents/master_thesis/codex_dev/build/release/examples/euler -p 3 -tf 0.1 -no-vis -r 2 -o 2 -method dg -cadence auto -scale 1.0
strong_scaling,proposed,draft,"How does the fixed workload scale across one, two, and four MPI ranks?",Parallel cost analysis.,compressible Euler density wave,"[0,2]^2 periodic",periodic,dg,2,2,-r,2,1.0,fixed production configuration,median runtime; IQR; speedup; parallel efficiency,one warm-up and five repetitions,required,speedup and efficiency panels,43.75,mpirun --oversubscribe -np 2 /Users/timozund/Documents/master_thesis/codex_dev/build/release/examples/euler -p 3 -tf 0.1 -no-vis -r 2 -o 2 -method dg -cadence auto -scale 1.0
strong_scaling,proposed,draft,"How does the fixed workload scale across one, two, and four MPI ranks?",Parallel cost analysis.,compressible Euler density wave,"[0,2]^2 periodic",periodic,dg,2,2,-r,2,1.0,fixed production configuration,median runtime; IQR; speedup; parallel efficiency,one warm-up and five repetitions,required,speedup and efficiency panels,43.75,mpirun --oversubscribe -np 2 /Users/timozund/Documents/master_thesis/codex_dev/build/release/examples/euler -p 3 -tf 0.1 -no-vis -r 2 -o 2 -method dg -cadence auto -scale 1.0
strong_scaling,proposed,draft,"How does the fixed workload scale across one, two, and four MPI ranks?",Parallel cost analysis.,compressible Euler density wave,"[0,2]^2 periodic",periodic,dg,2,2,-r,2,1.0,fixed production configuration,median runtime; IQR; speedup; parallel efficiency,one warm-up and five repetitions,required,speedup and efficiency panels,43.75,mpirun --oversubscribe -np 2 /Users/timozund/Documents/master_thesis/codex_dev/build/release/examples/euler -p 3 -tf 0.1 -no-vis -r 2 -o 2 -method dg -cadence auto -scale 1.0
strong_scaling,proposed,draft,"How does the fixed workload scale across one, two, and four MPI ranks?",Parallel cost analysis.,compressible Euler density wave,"[0,2]^2 periodic",periodic,dg,2,2,-r,2,1.0,fixed production configuration,median runtime; IQR; speedup; parallel efficiency,one warm-up and five repetitions,required,speedup and efficiency panels,43.75,mpirun --oversubscribe -np 2 /Users/timozund/Documents/master_thesis/codex_dev/build/release/examples/euler -p 3 -tf 0.1 -no-vis -r 2 -o 2 -method dg -cadence auto -scale 1.0
strong_scaling,proposed,draft,"How does the fixed workload scale across one, two, and four MPI ranks?",Parallel cost analysis.,compressible Euler density wave,"[0,2]^2 periodic",periodic,dg,2,2,-r,2,1.0,fixed production configuration,median runtime; IQR; speedup; parallel efficiency,one warm-up and five repetitions,required,speedup and efficiency panels,43.75,mpirun --oversubscribe -np 2 /Users/timozund/Documents/master_thesis/codex_dev/build/release/examples/euler -p 3 -tf 0.1 -no-vis -r 2 -o 2 -method dg -cadence auto -scale 1.0
strong_scaling,proposed,draft,"How does the fixed workload scale across one, two, and four MPI ranks?",Parallel cost analysis.,compressible Euler density wave,"[0,2]^2 periodic",periodic,dg,2,2,-r,4,1.0,fixed production configuration,median runtime; IQR; speedup; parallel efficiency,one warm-up and five repetitions,required,speedup and efficiency panels,43.75,mpirun --oversubscribe -np 4 /Users/timozund/Documents/master_thesis/codex_dev/build/release/examples/euler -p 3 -tf 0.1 -no-vis -r 2 -o 2 -method dg -cadence auto -scale 1.0
strong_scaling,proposed,draft,"How does the fixed workload scale across one, two, and four MPI ranks?",Parallel cost analysis.,compressible Euler density wave,"[0,2]^2 periodic",periodic,dg,2,2,-r,4,1.0,fixed production configuration,median runtime; IQR; speedup; parallel efficiency,one warm-up and five repetitions,required,speedup and efficiency panels,43.75,mpirun --oversubscribe -np 4 /Users/timozund/Documents/master_thesis/codex_dev/build/release/examples/euler -p 3 -tf 0.1 -no-vis -r 2 -o 2 -method dg -cadence auto -scale 1.0
strong_scaling,proposed,draft,"How does the fixed workload scale across one, two, and four MPI ranks?",Parallel cost analysis.,compressible Euler density wave,"[0,2]^2 periodic",periodic,dg,2,2,-r,4,1.0,fixed production configuration,median runtime; IQR; speedup; parallel efficiency,one warm-up and five repetitions,required,speedup and efficiency panels,43.75,mpirun --oversubscribe -np 4 /Users/timozund/Documents/master_thesis/codex_dev/build/release/examples/euler -p 3 -tf 0.1 -no-vis -r 2 -o 2 -method dg -cadence auto -scale 1.0
strong_scaling,proposed,draft,"How does the fixed workload scale across one, two, and four MPI ranks?",Parallel cost analysis.,compressible Euler density wave,"[0,2]^2 periodic",periodic,dg,2,2,-r,4,1.0,fixed production configuration,median runtime; IQR; speedup; parallel efficiency,one warm-up and five repetitions,required,speedup and efficiency panels,43.75,mpirun --oversubscribe -np 4 /Users/timozund/Documents/master_thesis/codex_dev/build/release/examples/euler -p 3 -tf 0.1 -no-vis -r 2 -o 2 -method dg -cadence auto -scale 1.0
strong_scaling,proposed,draft,"How does the fixed workload scale across one, two, and four MPI ranks?",Parallel cost analysis.,compressible Euler density wave,"[0,2]^2 periodic",periodic,dg,2,2,-r,4,1.0,fixed production configuration,median runtime; IQR; speedup; parallel efficiency,one warm-up and five repetitions,required,speedup and efficiency panels,43.75,mpirun --oversubscribe -np 4 /Users/timozund/Documents/master_thesis/codex_dev/build/release/examples/euler -p 3 -tf 0.1 -no-vis -r 2 -o 2 -method dg -cadence auto -scale 1.0
strong_scaling,proposed,draft,"How does the fixed workload scale across one, two, and four MPI ranks?",Parallel cost analysis.,compressible Euler density wave,"[0,2]^2 periodic",periodic,ofdg-kxrcf,2,2,-r,1,1.0,fixed production configuration,median runtime; IQR; speedup; parallel efficiency,one warm-up and five repetitions,required,speedup and efficiency panels,43.75,/Users/timozund/Documents/master_thesis/codex_dev/build/release/examples/euler -p 3 -tf 0.1 -no-vis -r 2 -o 2 -method ofdg-kxrcf -cadence auto -scale 1.0
strong_scaling,proposed,draft,"How does the fixed workload scale across one, two, and four MPI ranks?",Parallel cost analysis.,compressible Euler density wave,"[0,2]^2 periodic",periodic,ofdg-kxrcf,2,2,-r,1,1.0,fixed production configuration,median runtime; IQR; speedup; parallel efficiency,one warm-up and five repetitions,required,speedup and efficiency panels,43.75,/Users/timozund/Documents/master_thesis/codex_dev/build/release/examples/euler -p 3 -tf 0.1 -no-vis -r 2 -o 2 -method ofdg-kxrcf -cadence auto -scale 1.0
strong_scaling,proposed,draft,"How does the fixed workload scale across one, two, and four MPI ranks?",Parallel cost analysis.,compressible Euler density wave,"[0,2]^2 periodic",periodic,ofdg-kxrcf,2,2,-r,1,1.0,fixed production configuration,median runtime; IQR; speedup; parallel efficiency,one warm-up and five repetitions,required,speedup and efficiency panels,43.75,/Users/timozund/Documents/master_thesis/codex_dev/build/release/examples/euler -p 3 -tf 0.1 -no-vis -r 2 -o 2 -method ofdg-kxrcf -cadence auto -scale 1.0
strong_scaling,proposed,draft,"How does the fixed workload scale across one, two, and four MPI ranks?",Parallel cost analysis.,compressible Euler density wave,"[0,2]^2 periodic",periodic,ofdg-kxrcf,2,2,-r,1,1.0,fixed production configuration,median runtime; IQR; speedup; parallel efficiency,one warm-up and five repetitions,required,speedup and efficiency panels,43.75,/Users/timozund/Documents/master_thesis/codex_dev/build/release/examples/euler -p 3 -tf 0.1 -no-vis -r 2 -o 2 -method ofdg-kxrcf -cadence auto -scale 1.0
strong_scaling,proposed,draft,"How does the fixed workload scale across one, two, and four MPI ranks?",Parallel cost analysis.,compressible Euler density wave,"[0,2]^2 periodic",periodic,ofdg-kxrcf,2,2,-r,1,1.0,fixed production configuration,median runtime; IQR; speedup; parallel efficiency,one warm-up and five repetitions,required,speedup and efficiency panels,43.75,/Users/timozund/Documents/master_thesis/codex_dev/build/release/examples/euler -p 3 -tf 0.1 -no-vis -r 2 -o 2 -method ofdg-kxrcf -cadence auto -scale 1.0
strong_scaling,proposed,draft,"How does the fixed workload scale across one, two, and four MPI ranks?",Parallel cost analysis.,compressible Euler density wave,"[0,2]^2 periodic",periodic,ofdg-kxrcf,2,2,-r,2,1.0,fixed production configuration,median runtime; IQR; speedup; parallel efficiency,one warm-up and five repetitions,required,speedup and efficiency panels,43.75,mpirun --oversubscribe -np 2 /Users/timozund/Documents/master_thesis/codex_dev/build/release/examples/euler -p 3 -tf 0.1 -no-vis -r 2 -o 2 -method ofdg-kxrcf -cadence auto -scale 1.0
strong_scaling,proposed,draft,"How does the fixed workload scale across one, two, and four MPI ranks?",Parallel cost analysis.,compressible Euler density wave,"[0,2]^2 periodic",periodic,ofdg-kxrcf,2,2,-r,2,1.0,fixed production configuration,median runtime; IQR; speedup; parallel efficiency,one warm-up and five repetitions,required,speedup and efficiency panels,43.75,mpirun --oversubscribe -np 2 /Users/timozund/Documents/master_thesis/codex_dev/build/release/examples/euler -p 3 -tf 0.1 -no-vis -r 2 -o 2 -method ofdg-kxrcf -cadence auto -scale 1.0
strong_scaling,proposed,draft,"How does the fixed workload scale across one, two, and four MPI ranks?",Parallel cost analysis.,compressible Euler density wave,"[0,2]^2 periodic",periodic,ofdg-kxrcf,2,2,-r,2,1.0,fixed production configuration,median runtime; IQR; speedup; parallel efficiency,one warm-up and five repetitions,required,speedup and efficiency panels,43.75,mpirun --oversubscribe -np 2 /Users/timozund/Documents/master_thesis/codex_dev/build/release/examples/euler -p 3 -tf 0.1 -no-vis -r 2 -o 2 -method ofdg-kxrcf -cadence auto -scale 1.0
strong_scaling,proposed,draft,"How does the fixed workload scale across one, two, and four MPI ranks?",Parallel cost analysis.,compressible Euler density wave,"[0,2]^2 periodic",periodic,ofdg-kxrcf,2,2,-r,2,1.0,fixed production configuration,median runtime; IQR; speedup; parallel efficiency,one warm-up and five repetitions,required,speedup and efficiency panels,43.75,mpirun --oversubscribe -np 2 /Users/timozund/Documents/master_thesis/codex_dev/build/release/examples/euler -p 3 -tf 0.1 -no-vis -r 2 -o 2 -method ofdg-kxrcf -cadence auto -scale 1.0
strong_scaling,proposed,draft,"How does the fixed workload scale across one, two, and four MPI ranks?",Parallel cost analysis.,compressible Euler density wave,"[0,2]^2 periodic",periodic,ofdg-kxrcf,2,2,-r,2,1.0,fixed production configuration,median runtime; IQR; speedup; parallel efficiency,one warm-up and five repetitions,required,speedup and efficiency panels,43.75,mpirun --oversubscribe -np 2 /Users/timozund/Documents/master_thesis/codex_dev/build/release/examples/euler -p 3 -tf 0.1 -no-vis -r 2 -o 2 -method ofdg-kxrcf -cadence auto -scale 1.0
strong_scaling,proposed,draft,"How does the fixed workload scale across one, two, and four MPI ranks?",Parallel cost analysis.,compressible Euler density wave,"[0,2]^2 periodic",periodic,ofdg-kxrcf,2,2,-r,4,1.0,fixed production configuration,median runtime; IQR; speedup; parallel efficiency,one warm-up and five repetitions,required,speedup and efficiency panels,43.75,mpirun --oversubscribe -np 4 /Users/timozund/Documents/master_thesis/codex_dev/build/release/examples/euler -p 3 -tf 0.1 -no-vis -r 2 -o 2 -method ofdg-kxrcf -cadence auto -scale 1.0
strong_scaling,proposed,draft,"How does the fixed workload scale across one, two, and four MPI ranks?",Parallel cost analysis.,compressible Euler density wave,"[0,2]^2 periodic",periodic,ofdg-kxrcf,2,2,-r,4,1.0,fixed production configuration,median runtime; IQR; speedup; parallel efficiency,one warm-up and five repetitions,required,speedup and efficiency panels,43.75,mpirun --oversubscribe -np 4 /Users/timozund/Documents/master_thesis/codex_dev/build/release/examples/euler -p 3 -tf 0.1 -no-vis -r 2 -o 2 -method ofdg-kxrcf -cadence auto -scale 1.0
strong_scaling,proposed,draft,"How does the fixed workload scale across one, two, and four MPI ranks?",Parallel cost analysis.,compressible Euler density wave,"[0,2]^2 periodic",periodic,ofdg-kxrcf,2,2,-r,4,1.0,fixed production configuration,median runtime; IQR; speedup; parallel efficiency,one warm-up and five repetitions,required,speedup and efficiency panels,43.75,mpirun --oversubscribe -np 4 /Users/timozund/Documents/master_thesis/codex_dev/build/release/examples/euler -p 3 -tf 0.1 -no-vis -r 2 -o 2 -method ofdg-kxrcf -cadence auto -scale 1.0
strong_scaling,proposed,draft,"How does the fixed workload scale across one, two, and four MPI ranks?",Parallel cost analysis.,compressible Euler density wave,"[0,2]^2 periodic",periodic,ofdg-kxrcf,2,2,-r,4,1.0,fixed production configuration,median runtime; IQR; speedup; parallel efficiency,one warm-up and five repetitions,required,speedup and efficiency panels,43.75,mpirun --oversubscribe -np 4 /Users/timozund/Documents/master_thesis/codex_dev/build/release/examples/euler -p 3 -tf 0.1 -no-vis -r 2 -o 2 -method ofdg-kxrcf -cadence auto -scale 1.0
strong_scaling,proposed,draft,"How does the fixed workload scale across one, two, and four MPI ranks?",Parallel cost analysis.,compressible Euler density wave,"[0,2]^2 periodic",periodic,ofdg-kxrcf,2,2,-r,4,1.0,fixed production configuration,median runtime; IQR; speedup; parallel efficiency,one warm-up and five repetitions,required,speedup and efficiency panels,43.75,mpirun --oversubscribe -np 4 /Users/timozund/Documents/master_thesis/codex_dev/build/release/examples/euler -p 3 -tf 0.1 -no-vis -r 2 -o 2 -method ofdg-kxrcf -cadence auto -scale 1.0
strong_scaling,proposed,draft,"How does the fixed workload scale across one, two, and four MPI ranks?",Parallel cost analysis.,compressible Euler density wave,"[0,2]^2 periodic",periodic,oedg,2,2,-r,1,1.0,fixed production configuration,median runtime; IQR; speedup; parallel efficiency,one warm-up and five repetitions,required,speedup and efficiency panels,43.75,/Users/timozund/Documents/master_thesis/codex_dev/build/release/examples/euler -p 3 -tf 0.1 -no-vis -r 2 -o 2 -method oedg -cadence auto -scale 1.0
strong_scaling,proposed,draft,"How does the fixed workload scale across one, two, and four MPI ranks?",Parallel cost analysis.,compressible Euler density wave,"[0,2]^2 periodic",periodic,oedg,2,2,-r,1,1.0,fixed production configuration,median runtime; IQR; speedup; parallel efficiency,one warm-up and five repetitions,required,speedup and efficiency panels,43.75,/Users/timozund/Documents/master_thesis/codex_dev/build/release/examples/euler -p 3 -tf 0.1 -no-vis -r 2 -o 2 -method oedg -cadence auto -scale 1.0
strong_scaling,proposed,draft,"How does the fixed workload scale across one, two, and four MPI ranks?",Parallel cost analysis.,compressible Euler density wave,"[0,2]^2 periodic",periodic,oedg,2,2,-r,1,1.0,fixed production configuration,median runtime; IQR; speedup; parallel efficiency,one warm-up and five repetitions,required,speedup and efficiency panels,43.75,/Users/timozund/Documents/master_thesis/codex_dev/build/release/examples/euler -p 3 -tf 0.1 -no-vis -r 2 -o 2 -method oedg -cadence auto -scale 1.0
strong_scaling,proposed,draft,"How does the fixed workload scale across one, two, and four MPI ranks?",Parallel cost analysis.,compressible Euler density wave,"[0,2]^2 periodic",periodic,oedg,2,2,-r,1,1.0,fixed production configuration,median runtime; IQR; speedup; parallel efficiency,one warm-up and five repetitions,required,speedup and efficiency panels,43.75,/Users/timozund/Documents/master_thesis/codex_dev/build/release/examples/euler -p 3 -tf 0.1 -no-vis -r 2 -o 2 -method oedg -cadence auto -scale 1.0
strong_scaling,proposed,draft,"How does the fixed workload scale across one, two, and four MPI ranks?",Parallel cost analysis.,compressible Euler density wave,"[0,2]^2 periodic",periodic,oedg,2,2,-r,1,1.0,fixed production configuration,median runtime; IQR; speedup; parallel efficiency,one warm-up and five repetitions,required,speedup and efficiency panels,43.75,/Users/timozund/Documents/master_thesis/codex_dev/build/release/examples/euler -p 3 -tf 0.1 -no-vis -r 2 -o 2 -method oedg -cadence auto -scale 1.0
strong_scaling,proposed,draft,"How does the fixed workload scale across one, two, and four MPI ranks?",Parallel cost analysis.,compressible Euler density wave,"[0,2]^2 periodic",periodic,oedg,2,2,-r,2,1.0,fixed production configuration,median runtime; IQR; speedup; parallel efficiency,one warm-up and five repetitions,required,speedup and efficiency panels,43.75,mpirun --oversubscribe -np 2 /Users/timozund/Documents/master_thesis/codex_dev/build/release/examples/euler -p 3 -tf 0.1 -no-vis -r 2 -o 2 -method oedg -cadence auto -scale 1.0
strong_scaling,proposed,draft,"How does the fixed workload scale across one, two, and four MPI ranks?",Parallel cost analysis.,compressible Euler density wave,"[0,2]^2 periodic",periodic,oedg,2,2,-r,2,1.0,fixed production configuration,median runtime; IQR; speedup; parallel efficiency,one warm-up and five repetitions,required,speedup and efficiency panels,43.75,mpirun --oversubscribe -np 2 /Users/timozund/Documents/master_thesis/codex_dev/build/release/examples/euler -p 3 -tf 0.1 -no-vis -r 2 -o 2 -method oedg -cadence auto -scale 1.0
strong_scaling,proposed,draft,"How does the fixed workload scale across one, two, and four MPI ranks?",Parallel cost analysis.,compressible Euler density wave,"[0,2]^2 periodic",periodic,oedg,2,2,-r,2,1.0,fixed production configuration,median runtime; IQR; speedup; parallel efficiency,one warm-up and five repetitions,required,speedup and efficiency panels,43.75,mpirun --oversubscribe -np 2 /Users/timozund/Documents/master_thesis/codex_dev/build/release/examples/euler -p 3 -tf 0.1 -no-vis -r 2 -o 2 -method oedg -cadence auto -scale 1.0
strong_scaling,proposed,draft,"How does the fixed workload scale across one, two, and four MPI ranks?",Parallel cost analysis.,compressible Euler density wave,"[0,2]^2 periodic",periodic,oedg,2,2,-r,2,1.0,fixed production configuration,median runtime; IQR; speedup; parallel efficiency,one warm-up and five repetitions,required,speedup and efficiency panels,43.75,mpirun --oversubscribe -np 2 /Users/timozund/Documents/master_thesis/codex_dev/build/release/examples/euler -p 3 -tf 0.1 -no-vis -r 2 -o 2 -method oedg -cadence auto -scale 1.0
strong_scaling,proposed,draft,"How does the fixed workload scale across one, two, and four MPI ranks?",Parallel cost analysis.,compressible Euler density wave,"[0,2]^2 periodic",periodic,oedg,2,2,-r,2,1.0,fixed production configuration,median runtime; IQR; speedup; parallel efficiency,one warm-up and five repetitions,required,speedup and efficiency panels,43.75,mpirun --oversubscribe -np 2 /Users/timozund/Documents/master_thesis/codex_dev/build/release/examples/euler -p 3 -tf 0.1 -no-vis -r 2 -o 2 -method oedg -cadence auto -scale 1.0
strong_scaling,proposed,draft,"How does the fixed workload scale across one, two, and four MPI ranks?",Parallel cost analysis.,compressible Euler density wave,"[0,2]^2 periodic",periodic,oedg,2,2,-r,4,1.0,fixed production configuration,median runtime; IQR; speedup; parallel efficiency,one warm-up and five repetitions,required,speedup and efficiency panels,43.75,mpirun --oversubscribe -np 4 /Users/timozund/Documents/master_thesis/codex_dev/build/release/examples/euler -p 3 -tf 0.1 -no-vis -r 2 -o 2 -method oedg -cadence auto -scale 1.0
strong_scaling,proposed,draft,"How does the fixed workload scale across one, two, and four MPI ranks?",Parallel cost analysis.,compressible Euler density wave,"[0,2]^2 periodic",periodic,oedg,2,2,-r,4,1.0,fixed production configuration,median runtime; IQR; speedup; parallel efficiency,one warm-up and five repetitions,required,speedup and efficiency panels,43.75,mpirun --oversubscribe -np 4 /Users/timozund/Documents/master_thesis/codex_dev/build/release/examples/euler -p 3 -tf 0.1 -no-vis -r 2 -o 2 -method oedg -cadence auto -scale 1.0
strong_scaling,proposed,draft,"How does the fixed workload scale across one, two, and four MPI ranks?",Parallel cost analysis.,compressible Euler density wave,"[0,2]^2 periodic",periodic,oedg,2,2,-r,4,1.0,fixed production configuration,median runtime; IQR; speedup; parallel efficiency,one warm-up and five repetitions,required,speedup and efficiency panels,43.75,mpirun --oversubscribe -np 4 /Users/timozund/Documents/master_thesis/codex_dev/build/release/examples/euler -p 3 -tf 0.1 -no-vis -r 2 -o 2 -method oedg -cadence auto -scale 1.0
strong_scaling,proposed,draft,"How does the fixed workload scale across one, two, and four MPI ranks?",Parallel cost analysis.,compressible Euler density wave,"[0,2]^2 periodic",periodic,oedg,2,2,-r,4,1.0,fixed production configuration,median runtime; IQR; speedup; parallel efficiency,one warm-up and five repetitions,required,speedup and efficiency panels,43.75,mpirun --oversubscribe -np 4 /Users/timozund/Documents/master_thesis/codex_dev/build/release/examples/euler -p 3 -tf 0.1 -no-vis -r 2 -o 2 -method oedg -cadence auto -scale 1.0
strong_scaling,proposed,draft,"How does the fixed workload scale across one, two, and four MPI ranks?",Parallel cost analysis.,compressible Euler density wave,"[0,2]^2 periodic",periodic,oedg,2,2,-r,4,1.0,fixed production configuration,median runtime; IQR; speedup; parallel efficiency,one warm-up and five repetitions,required,speedup and efficiency panels,43.75,mpirun --oversubscribe -np 4 /Users/timozund/Documents/master_thesis/codex_dev/build/release/examples/euler -p 3 -tf 0.1 -no-vis -r 2 -o 2 -method oedg -cadence auto -scale 1.0
strong_scaling,proposed,draft,"How does the fixed workload scale across one, two, and four MPI ranks?",Parallel cost analysis.,compressible Euler density wave,"[0,2]^2 periodic",periodic,ofdg,2,2,-r,1,1.0,fixed production configuration,median runtime; IQR; speedup; parallel efficiency,one warm-up and five repetitions,required,speedup and efficiency panels,43.75,/Users/timozund/Documents/master_thesis/codex_dev/build/release/examples/euler -p 3 -tf 0.1 -no-vis -r 2 -o 2 -method ofdg -cadence auto -scale 1.0
strong_scaling,proposed,draft,"How does the fixed workload scale across one, two, and four MPI ranks?",Parallel cost analysis.,compressible Euler density wave,"[0,2]^2 periodic",periodic,ofdg,2,2,-r,1,1.0,fixed production configuration,median runtime; IQR; speedup; parallel efficiency,one warm-up and five repetitions,required,speedup and efficiency panels,43.75,/Users/timozund/Documents/master_thesis/codex_dev/build/release/examples/euler -p 3 -tf 0.1 -no-vis -r 2 -o 2 -method ofdg -cadence auto -scale 1.0
strong_scaling,proposed,draft,"How does the fixed workload scale across one, two, and four MPI ranks?",Parallel cost analysis.,compressible Euler density wave,"[0,2]^2 periodic",periodic,ofdg,2,2,-r,1,1.0,fixed production configuration,median runtime; IQR; speedup; parallel efficiency,one warm-up and five repetitions,required,speedup and efficiency panels,43.75,/Users/timozund/Documents/master_thesis/codex_dev/build/release/examples/euler -p 3 -tf 0.1 -no-vis -r 2 -o 2 -method ofdg -cadence auto -scale 1.0
strong_scaling,proposed,draft,"How does the fixed workload scale across one, two, and four MPI ranks?",Parallel cost analysis.,compressible Euler density wave,"[0,2]^2 periodic",periodic,ofdg,2,2,-r,1,1.0,fixed production configuration,median runtime; IQR; speedup; parallel efficiency,one warm-up and five repetitions,required,speedup and efficiency panels,43.75,/Users/timozund/Documents/master_thesis/codex_dev/build/release/examples/euler -p 3 -tf 0.1 -no-vis -r 2 -o 2 -method ofdg -cadence auto -scale 1.0
strong_scaling,proposed,draft,"How does the fixed workload scale across one, two, and four MPI ranks?",Parallel cost analysis.,compressible Euler density wave,"[0,2]^2 periodic",periodic,ofdg,2,2,-r,1,1.0,fixed production configuration,median runtime; IQR; speedup; parallel efficiency,one warm-up and five repetitions,required,speedup and efficiency panels,43.75,/Users/timozund/Documents/master_thesis/codex_dev/build/release/examples/euler -p 3 -tf 0.1 -no-vis -r 2 -o 2 -method ofdg -cadence auto -scale 1.0
strong_scaling,proposed,draft,"How does the fixed workload scale across one, two, and four MPI ranks?",Parallel cost analysis.,compressible Euler density wave,"[0,2]^2 periodic",periodic,ofdg,2,2,-r,2,1.0,fixed production configuration,median runtime; IQR; speedup; parallel efficiency,one warm-up and five repetitions,required,speedup and efficiency panels,43.75,mpirun --oversubscribe -np 2 /Users/timozund/Documents/master_thesis/codex_dev/build/release/examples/euler -p 3 -tf 0.1 -no-vis -r 2 -o 2 -method ofdg -cadence auto -scale 1.0
strong_scaling,proposed,draft,"How does the fixed workload scale across one, two, and four MPI ranks?",Parallel cost analysis.,compressible Euler density wave,"[0,2]^2 periodic",periodic,ofdg,2,2,-r,2,1.0,fixed production configuration,median runtime; IQR; speedup; parallel efficiency,one warm-up and five repetitions,required,speedup and efficiency panels,43.75,mpirun --oversubscribe -np 2 /Users/timozund/Documents/master_thesis/codex_dev/build/release/examples/euler -p 3 -tf 0.1 -no-vis -r 2 -o 2 -method ofdg -cadence auto -scale 1.0
strong_scaling,proposed,draft,"How does the fixed workload scale across one, two, and four MPI ranks?",Parallel cost analysis.,compressible Euler density wave,"[0,2]^2 periodic",periodic,ofdg,2,2,-r,2,1.0,fixed production configuration,median runtime; IQR; speedup; parallel efficiency,one warm-up and five repetitions,required,speedup and efficiency panels,43.75,mpirun --oversubscribe -np 2 /Users/timozund/Documents/master_thesis/codex_dev/build/release/examples/euler -p 3 -tf 0.1 -no-vis -r 2 -o 2 -method ofdg -cadence auto -scale 1.0
strong_scaling,proposed,draft,"How does the fixed workload scale across one, two, and four MPI ranks?",Parallel cost analysis.,compressible Euler density wave,"[0,2]^2 periodic",periodic,ofdg,2,2,-r,2,1.0,fixed production configuration,median runtime; IQR; speedup; parallel efficiency,one warm-up and five repetitions,required,speedup and efficiency panels,43.75,mpirun --oversubscribe -np 2 /Users/timozund/Documents/master_thesis/codex_dev/build/release/examples/euler -p 3 -tf 0.1 -no-vis -r 2 -o 2 -method ofdg -cadence auto -scale 1.0
strong_scaling,proposed,draft,"How does the fixed workload scale across one, two, and four MPI ranks?",Parallel cost analysis.,compressible Euler density wave,"[0,2]^2 periodic",periodic,ofdg,2,2,-r,2,1.0,fixed production configuration,median runtime; IQR; speedup; parallel efficiency,one warm-up and five repetitions,required,speedup and efficiency panels,43.75,mpirun --oversubscribe -np 2 /Users/timozund/Documents/master_thesis/codex_dev/build/release/examples/euler -p 3 -tf 0.1 -no-vis -r 2 -o 2 -method ofdg -cadence auto -scale 1.0
strong_scaling,proposed,draft,"How does the fixed workload scale across one, two, and four MPI ranks?",Parallel cost analysis.,compressible Euler density wave,"[0,2]^2 periodic",periodic,ofdg,2,2,-r,4,1.0,fixed production configuration,median runtime; IQR; speedup; parallel efficiency,one warm-up and five repetitions,required,speedup and efficiency panels,43.75,mpirun --oversubscribe -np 4 /Users/timozund/Documents/master_thesis/codex_dev/build/release/examples/euler -p 3 -tf 0.1 -no-vis -r 2 -o 2 -method ofdg -cadence auto -scale 1.0
strong_scaling,proposed,draft,"How does the fixed workload scale across one, two, and four MPI ranks?",Parallel cost analysis.,compressible Euler density wave,"[0,2]^2 periodic",periodic,ofdg,2,2,-r,4,1.0,fixed production configuration,median runtime; IQR; speedup; parallel efficiency,one warm-up and five repetitions,required,speedup and efficiency panels,43.75,mpirun --oversubscribe -np 4 /Users/timozund/Documents/master_thesis/codex_dev/build/release/examples/euler -p 3 -tf 0.1 -no-vis -r 2 -o 2 -method ofdg -cadence auto -scale 1.0
strong_scaling,proposed,draft,"How does the fixed workload scale across one, two, and four MPI ranks?",Parallel cost analysis.,compressible Euler density wave,"[0,2]^2 periodic",periodic,ofdg,2,2,-r,4,1.0,fixed production configuration,median runtime; IQR; speedup; parallel efficiency,one warm-up and five repetitions,required,speedup and efficiency panels,43.75,mpirun --oversubscribe -np 4 /Users/timozund/Documents/master_thesis/codex_dev/build/release/examples/euler -p 3 -tf 0.1 -no-vis -r 2 -o 2 -method ofdg -cadence auto -scale 1.0
strong_scaling,proposed,draft,"How does the fixed workload scale across one, two, and four MPI ranks?",Parallel cost analysis.,compressible Euler density wave,"[0,2]^2 periodic",periodic,ofdg,2,2,-r,4,1.0,fixed production configuration,median runtime; IQR; speedup; parallel efficiency,one warm-up and five repetitions,required,speedup and efficiency panels,43.75,mpirun --oversubscribe -np 4 /Users/timozund/Documents/master_thesis/codex_dev/build/release/examples/euler -p 3 -tf 0.1 -no-vis -r 2 -o 2 -method ofdg -cadence auto -scale 1.0
strong_scaling,proposed,draft,"How does the fixed workload scale across one, two, and four MPI ranks?",Parallel cost analysis.,compressible Euler density wave,"[0,2]^2 periodic",periodic,ofdg,2,2,-r,4,1.0,fixed production configuration,median runtime; IQR; speedup; parallel efficiency,one warm-up and five repetitions,required,speedup and efficiency panels,43.75,mpirun --oversubscribe -np 4 /Users/timozund/Documents/master_thesis/codex_dev/build/release/examples/euler -p 3 -tf 0.1 -no-vis -r 2 -o 2 -method ofdg -cadence auto -scale 1.0
