MFEM mesh v1.0

#
# MFEM Geometry Types (see fem/geom.hpp):
#
# POINT       = 0
# SEGMENT     = 1
# TRIANGLE    = 2
# SQUARE      = 3
# TETRAHEDRON = 4
# CUBE        = 5
# PRISM       = 6
#

dimension
3

elements
1000
1 5 0 1 11 10 100 101 111 110
1 5 10 11 21 20 110 111 121 120
1 5 110 111 121 120 210 211 221 220
1 5 100 101 111 110 200 201 211 210
1 5 101 102 112 111 201 202 212 211
1 5 111 112 122 121 211 212 222 221
1 5 11 12 22 21 111 112 122 121
1 5 1 2 12 11 101 102 112 111
1 5 2 3 13 12 102 103 113 112
1 5 102 103 113 112 202 203 213 212
1 5 103 104 114 113 203 204 214 213
1 5 3 4 14 13 103 104 114 113
1 5 13 14 24 23 113 114 124 123
1 5 113 114 124 123 213 214 224 223
1 5 112 113 123 122 212 213 223 222
1 5 12 13 23 22 112 113 123 122
1 5 22 23 33 32 122 123 133 132
1 5 122 123 133 132 222 223 233 232
1 5 123 124 134 133 223 224 234 233
1 5 23 24 34 33 123 124 134 133
1 5 33 34 44 43 133 134 144 143
1 5 133 134 144 143 233 234 244 243
1 5 132 133 143 142 232 233 243 242
1 5 32 33 43 42 132 133 143 142
1 5 31 32 42 41 131 132 142 141
1 5 30 31 41 40 130 131 141 140
1 5 20 21 31 30 120 121 131 130
1 5 21 22 32 31 121 122 132 131
1 5 121 122 132 131 221 222 232 231
1 5 120 121 131 130 220 221 231 230
1 5 130 131 141 140 230 231 241 240
1 5 131 132 142 141 231 232 242 241
1 5 231 232 242 241 331 332 342 341
1 5 230 231 241 240 330 331 341 340
1 5 220 221 231 230 320 321 331 330
1 5 221 222 232 231 321 322 332 331
1 5 321 322 332 331 421 422 432 431
1 5 320 321 331 330 420 421 431 430
1 5 330 331 341 340 430 431 441 440
1 5 331 332 342 341 431 432 442 441
1 5 332 333 343 342 432 433 443 442
1 5 232 233 243 242 332 333 343 342
1 5 233 234 244 243 333 334 344 343
1 5 333 334 344 343 433 434 444 443
1 5 323 324 334 333 423 424 434 433
1 5 223 224 234 233 323 324 334 333
1 5 222 223 233 232 322 323 333 332
1 5 322 323 333 332 422 423 433 432
1 5 312 313 323 322 412 413 423 422
1 5 212 213 223 222 312 313 323 322
1 5 213 214 224 223 313 314 324 323
1 5 313 314 324 323 413 414 424 423
1 5 303 304 314 313 403 404 414 413
1 5 203 204 214 213 303 304 314 313
1 5 202 203 213 212 302 303 313 312
1 5 302 303 313 312 402 403 413 412
1 5 301 302 312 311 401 402 412 411
1 5 311 312 322 321 411 412 422 421
1 5 211 212 222 221 311 312 322 321
1 5 201 202 212 211 301 302 312 311
1 5 200 201 211 210 300 301 311 310
1 5 210 211 221 220 310 311 321 320
1 5 310 311 321 320 410 411 421 420
1 5 300 301 311 310 400 401 411 410
1 5 400 401 411 410 500 501 511 510
1 5 500 501 511 510 600 601 611 610
1 5 501 502 512 511 601 602 612 611
1 5 401 402 412 411 501 502 512 511
1 5 402 403 413 412 502 503 513 512
1 5 502 503 513 512 602 603 613 612
1 5 503 504 514 513 603 604 614 613
1 5 403 404 414 413 503 504 514 513
1 5 413 414 424 423 513 514 524 523
1 5 513 514 524 523 613 614 624 623
1 5 512 513 523 522 612 613 623 622
1 5 412 413 423 422 512 513 523 522
1 5 411 412 422 421 511 512 522 521
1 5 511 512 522 521 611 612 622 621
1 5 510 511 521 520 610 611 621 620
1 5 410 411 421 420 510 511 521 520
1 5 420 421 431 430 520 521 531 530
1 5 430 431 441 440 530 531 541 540
1 5 530 531 541 540 630 631 641 640
1 5 520 521 531 530 620 621 631 630
1 5 521 522 532 531 621 622 632 631
1 5 531 532 542 541 631 632 642 641
1 5 431 432 442 441 531 532 542 541
1 5 421 422 432 431 521 522 532 531
1 5 422 423 433 432 522 523 533 532
1 5 432 433 443 442 532 533 543 542
1 5 532 533 543 542 632 633 643 642
1 5 522 523 533 532 622 623 633 632
1 5 523 524 534 533 623 624 634 633
1 5 533 534 544 543 633 634 644 643
1 5 433 434 444 443 533 534 544 543
1 5 423 424 434 433 523 524 534 533
1 5 424 425 435 434 524 525 535 534
1 5 434 435 445 444 534 535 545 544
1 5 534 535 545 544 634 635 645 644
1 5 524 525 535 534 624 625 635 634
1 5 525 526 536 535 625 626 636 635
1 5 535 536 546 545 635 636 646 645
1 5 435 436 446 445 535 536 546 545
1 5 425 426 436 435 525 526 536 535
1 5 415 416 426 425 515 516 526 525
1 5 515 516 526 525 615 616 626 625
1 5 514 515 525 524 614 615 625 624
1 5 414 415 425 424 514 515 525 524
1 5 404 405 415 414 504 505 515 514
1 5 504 505 515 514 604 605 615 614
1 5 505 506 516 515 605 606 616 615
1 5 405 406 416 415 505 506 516 515
1 5 305 306 316 315 405 406 416 415
1 5 304 305 315 314 404 405 415 414
1 5 314 315 325 324 414 415 425 424
1 5 315 316 326 325 415 416 426 425
1 5 325 326 336 335 425 426 436 435
1 5 324 325 335 334 424 425 435 434
1 5 334 335 345 344 434 435 445 444
1 5 335 336 346 345 435 436 446 445
1 5 235 236 246 245 335 336 346 345
1 5 234 235 245 244 334 335 345 344
1 5 224 225 235 234 324 325 335 334
1 5 225 226 236 235 325 326 336 335
1 5 215 216 226 225 315 316 326 325
1 5 214 215 225 224 314 315 325 324
1 5 204 205 215 214 304 305 315 314
1 5 205 206 216 215 305 306 316 315
1 5 105 106 116 115 205 206 216 215
1 5 5 6 16 15 105 106 116 115
1 5 4 5 15 14 104 105 115 114
1 5 104 105 115 114 204 205 215 214
1 5 114 115 125 124 214 215 225 224
1 5 14 15 25 24 114 115 125 124
1 5 15 16 26 25 115 116 126 125
1 5 115 116 126 125 215 216 226 225
1 5 125 126 136 135 225 226 236 235
1 5 25 26 36 35 125 126 136 135
1 5 24 25 35 34 124 125 135 134
1 5 124 125 135 134 224 225 235 234
1 5 134 135 145 144 234 235 245 244
1 5 34 35 45 44 134 135 145 144
1 5 35 36 46 45 135 136 146 145
1 5 135 136 146 145 235 236 246 245
1 5 145 146 156 155 245 246 256 255
1 5 45 46 56 55 145 146 156 155
1 5 44 45 55 54 144 145 155 154
1 5 144 145 155 154 244 245 255 254
1 5 154 155 165 164 254 255 265 264
1 5 54 55 65 64 154 155 165 164
1 5 55 56 66 65 155 156 166 165
1 5 155 156 166 165 255 256 266 265
1 5 255 256 266 265 355 356 366 365
1 5 254 255 265 264 354 355 365 364
1 5 244 245 255 254 344 345 355 354
1 5 245 246 256 255 345 346 356 355
1 5 345 346 356 355 445 446 456 455
1 5 344 345 355 354 444 445 455 454
1 5 354 355 365 364 454 455 465 464
1 5 355 356 366 365 455 456 466 465
1 5 455 456 466 465 555 556 566 565
1 5 445 446 456 455 545 546 556 555
1 5 545 546 556 555 645 646 656 655
1 5 555 556 566 565 655 656 666 665
1 5 554 555 565 564 654 655 665 664
1 5 544 545 555 554 644 645 655 654
1 5 444 445 455 454 544 545 555 554
1 5 454 455 465 464 554 555 565 564
1 5 453 454 464 463 553 554 564 563
1 5 443 444 454 453 543 544 554 553
1 5 543 544 554 553 643 644 654 653
1 5 553 554 564 563 653 654 664 663
1 5 552 553 563 562 652 653 663 662
1 5 542 543 553 552 642 643 653 652
1 5 442 443 453 452 542 543 553 552
1 5 452 453 463 462 552 553 563 562
1 5 451 452 462 461 551 552 562 561
1 5 441 442 452 451 541 542 552 551
1 5 541 542 552 551 641 642 652 651
1 5 551 552 562 561 651 652 662 661
1 5 550 551 561 560 650 651 661 660
1 5 540 541 551 550 640 641 651 650
1 5 440 441 451 450 540 541 551 550
1 5 450 451 461 460 550 551 561 560
1 5 350 351 361 360 450 451 461 460
1 5 340 341 351 350 440 441 451 450
1 5 240 241 251 250 340 341 351 350
1 5 250 251 261 260 350 351 361 360
1 5 251 252 262 261 351 352 362 361
1 5 241 242 252 251 341 342 352 351
1 5 341 342 352 351 441 442 452 451
1 5 351 352 362 361 451 452 462 461
1 5 352 353 363 362 452 453 463 462
1 5 353 354 364 363 453 454 464 463
1 5 343 344 354 353 443 444 454 453
1 5 342 343 353 352 442 443 453 452
1 5 242 243 253 252 342 343 353 352
1 5 243 244 254 253 343 344 354 353
1 5 253 254 264 263 353 354 364 363
1 5 252 253 263 262 352 353 363 362
1 5 152 153 163 162 252 253 263 262
1 5 153 154 164 163 253 254 264 263
1 5 143 144 154 153 243 244 254 253
1 5 142 143 153 152 242 243 253 252
1 5 42 43 53 52 142 143 153 152
1 5 43 44 54 53 143 144 154 153
1 5 53 54 64 63 153 154 164 163
1 5 52 53 63 62 152 153 163 162
1 5 51 52 62 61 151 152 162 161
1 5 41 42 52 51 141 142 152 151
1 5 141 142 152 151 241 242 252 251
1 5 151 152 162 161 251 252 262 261
1 5 150 151 161 160 250 251 261 260
1 5 140 141 151 150 240 241 251 250
1 5 40 41 51 50 140 141 151 150
1 5 50 51 61 60 150 151 161 160
1 5 60 61 71 70 160 161 171 170
1 5 160 161 171 170 260 261 271 270
1 5 161 162 172 171 261 262 272 271
1 5 61 62 72 71 161 162 172 171
1 5 71 72 82 81 171 172 182 181
1 5 171 172 182 181 271 272 282 281
1 5 170 171 181 180 270 271 281 280
1 5 70 71 81 80 170 171 181 180
1 5 80 81 91 90 180 181 191 190
1 5 81 82 92 91 181 182 192 191
1 5 91 92 2 1 191 192 102 101
1 5 90 91 1 0 190 191 101 100
1 5 190 191 101 100 290 291 201 200
1 5 191 192 102 101 291 292 202 201
1 5 181 182 192 191 281 282 292 291
1 5 180 181 191 190 280 281 291 290
1 5 280 281 291 290 380 381 391 390
1 5 281 282 292 291 381 382 392 391
1 5 291 292 202 201 391 392 302 301
1 5 290 291 201 200 390 391 301 300
1 5 390 391 301 300 490 491 401 400
1 5 391 392 302 301 491 492 402 401
1 5 381 382 392 391 481 482 492 491
1 5 380 381 391 390 480 481 491 490
1 5 370 371 381 380 470 471 481 480
1 5 360 361 371 370 460 461 471 470
1 5 260 261 271 270 360 361 371 370
1 5 270 271 281 280 370 371 381 380
1 5 271 272 282 281 371 372 382 381
1 5 261 262 272 271 361 362 372 371
1 5 361 362 372 371 461 462 472 471
1 5 371 372 382 381 471 472 482 481
1 5 372 373 383 382 472 473 483 482
1 5 362 363 373 372 462 463 473 472
1 5 262 263 273 272 362 363 373 372
1 5 272 273 283 282 372 373 383 382
1 5 273 274 284 283 373 374 384 383
1 5 263 264 274 273 363 364 374 373
1 5 363 364 374 373 463 464 474 473
1 5 373 374 384 383 473 474 484 483
1 5 383 384 394 393 483 484 494 493
1 5 382 383 393 392 482 483 493 492
1 5 392 393 303 302 492 493 403 402
1 5 393 394 304 303 493 494 404 403
1 5 293 294 204 203 393 394 304 303
1 5 292 293 203 202 392 393 303 302
1 5 282 283 293 292 382 383 393 392
1 5 283 284 294 293 383 384 394 393
1 5 183 184 194 193 283 284 294 293
1 5 182 183 193 192 282 283 293 292
1 5 192 193 103 102 292 293 203 202
1 5 193 194 104 103 293 294 204 203
1 5 93 94 4 3 193 194 104 103
1 5 92 93 3 2 192 193 103 102
1 5 82 83 93 92 182 183 193 192
1 5 83 84 94 93 183 184 194 193
1 5 73 74 84 83 173 174 184 183
1 5 173 174 184 183 273 274 284 283
1 5 172 173 183 182 272 273 283 282
1 5 72 73 83 82 172 173 183 182
1 5 62 63 73 72 162 163 173 172
1 5 162 163 173 172 262 263 273 272
1 5 163 164 174 173 263 264 274 273
1 5 63 64 74 73 163 164 174 173
1 5 64 65 75 74 164 165 175 174
1 5 65 66 76 75 165 166 176 175
1 5 165 166 176 175 265 266 276 275
1 5 164 165 175 174 264 265 275 274
1 5 264 265 275 274 364 365 375 374
1 5 364 365 375 374 464 465 475 474
1 5 365 366 376 375 465 466 476 475
1 5 265 266 276 275 365 366 376 375
1 5 275 276 286 285 375 376 386 385
1 5 375 376 386 385 475 476 486 485
1 5 374 375 385 384 474 475 485 484
1 5 274 275 285 284 374 375 385 384
1 5 174 175 185 184 274 275 285 284
1 5 175 176 186 185 275 276 286 285
1 5 75 76 86 85 175 176 186 185
1 5 74 75 85 84 174 175 185 184
1 5 84 85 95 94 184 185 195 194
1 5 85 86 96 95 185 186 196 195
1 5 95 96 6 5 195 196 106 105
1 5 94 95 5 4 194 195 105 104
1 5 194 195 105 104 294 295 205 204
1 5 195 196 106 105 295 296 206 205
1 5 185 186 196 195 285 286 296 295
1 5 184 185 195 194 284 285 295 294
1 5 284 285 295 294 384 385 395 394
1 5 285 286 296 295 385 386 396 395
1 5 295 296 206 205 395 396 306 305
1 5 294 295 205 204 394 395 305 304
1 5 394 395 305 304 494 495 405 404
1 5 395 396 306 305 495 496 406 405
1 5 385 386 396 395 485 486 496 495
1 5 384 385 395 394 484 485 495 494
1 5 484 485 495 494 584 585 595 594
1 5 485 486 496 495 585 586 596 595
1 5 495 496 406 405 595 596 506 505
1 5 494 495 405 404 594 595 505 504
1 5 594 595 505 504 694 695 605 604
1 5 595 596 506 505 695 696 606 605
1 5 585 586 596 595 685 686 696 695
1 5 584 585 595 594 684 685 695 694
1 5 574 575 585 584 674 675 685 684
1 5 474 475 485 484 574 575 585 584
1 5 475 476 486 485 575 576 586 585
1 5 575 576 586 585 675 676 686 685
1 5 565 566 576 575 665 666 676 675
1 5 465 466 476 475 565 566 576 575
1 5 464 465 475 474 564 565 575 574
1 5 564 565 575 574 664 665 675 674
1 5 563 564 574 573 663 664 674 673
1 5 463 464 474 473 563 564 574 573
1 5 462 463 473 472 562 563 573 572
1 5 562 563 573 572 662 663 673 672
1 5 572 573 583 582 672 673 683 682
1 5 472 473 483 482 572 573 583 582
1 5 473 474 484 483 573 574 584 583
1 5 573 574 584 583 673 674 684 683
1 5 583 584 594 593 683 684 694 693
1 5 593 594 504 503 693 694 604 603
1 5 493 494 404 403 593 594 504 503
1 5 483 484 494 493 583 584 594 593
1 5 482 483 493 492 582 583 593 592
1 5 492 493 403 402 592 593 503 502
1 5 592 593 503 502 692 693 603 602
1 5 582 583 593 592 682 683 693 692
1 5 581 582 592 591 681 682 692 691
1 5 591 592 502 501 691 692 602 601
1 5 491 492 402 401 591 592 502 501
1 5 481 482 492 491 581 582 592 591
1 5 480 481 491 490 580 581 591 590
1 5 490 491 401 400 590 591 501 500
1 5 590 591 501 500 690 691 601 600
1 5 580 581 591 590 680 681 691 690
1 5 570 571 581 580 670 671 681 680
1 5 470 471 481 480 570 571 581 580
1 5 471 472 482 481 571 572 582 581
1 5 571 572 582 581 671 672 682 681
1 5 561 562 572 571 661 662 672 671
1 5 461 462 472 471 561 562 572 571
1 5 460 461 471 470 560 561 571 570
1 5 560 561 571 570 660 661 671 670
1 5 660 661 671 670 760 761 771 770
1 5 760 761 771 770 860 861 871 870
1 5 761 762 772 771 861 862 872 871
1 5 661 662 672 671 761 762 772 771
1 5 671 672 682 681 771 772 782 781
1 5 771 772 782 781 871 872 882 881
1 5 770 771 781 780 870 871 881 880
1 5 670 671 681 680 770 771 781 780
1 5 680 681 691 690 780 781 791 790
1 5 690 691 601 600 790 791 701 700
1 5 790 791 701 700 890 891 801 800
1 5 780 781 791 790 880 881 891 890
1 5 781 782 792 791 881 882 892 891
1 5 791 792 702 701 891 892 802 801
1 5 691 692 602 601 791 792 702 701
1 5 681 682 692 691 781 782 792 791
1 5 682 683 693 692 782 783 793 792
1 5 692 693 603 602 792 793 703 702
1 5 792 793 703 702 892 893 803 802
1 5 782 783 793 792 882 883 893 892
1 5 783 784 794 793 883 884 894 893
1 5 793 794 704 703 893 894 804 803
1 5 693 694 604 603 793 794 704 703
1 5 683 684 694 693 783 784 794 793
1 5 673 674 684 683 773 774 784 783
1 5 773 774 784 783 873 874 884 883
1 5 772 773 783 782 872 873 883 882
1 5 672 673 683 682 772 773 783 782
1 5 662 663 673 672 762 763 773 772
1 5 762 763 773 772 862 863 873 872
1 5 763 764 774 773 863 864 874 873
1 5 663 664 674 673 763 764 774 773
1 5 664 665 675 674 764 765 775 774
1 5 764 765 775 774 864 865 875 874
1 5 765 766 776 775 865 866 876 875
1 5 665 666 676 675 765 766 776 775
1 5 675 676 686 685 775 776 786 785
1 5 775 776 786 785 875 876 886 885
1 5 774 775 785 784 874 875 885 884
1 5 674 675 685 684 774 775 785 784
1 5 684 685 695 694 784 785 795 794
1 5 685 686 696 695 785 786 796 795
1 5 695 696 606 605 795 796 706 705
1 5 694 695 605 604 794 795 705 704
1 5 794 795 705 704 894 895 805 804
1 5 795 796 706 705 895 896 806 805
1 5 785 786 796 795 885 886 896 895
1 5 784 785 795 794 884 885 895 894
1 5 884 885 895 894 984 985 995 994
1 5 885 886 896 895 985 986 996 995
1 5 895 896 806 805 995 996 906 905
1 5 894 895 805 804 994 995 905 904
1 5 994 995 905 904 94 95 5 4
1 5 995 996 906 905 95 96 6 5
1 5 985 986 996 995 85 86 96 95
1 5 984 985 995 994 84 85 95 94
1 5 974 975 985 984 74 75 85 84
1 5 874 875 885 884 974 975 985 984
1 5 875 876 886 885 975 976 986 985
1 5 975 976 986 985 75 76 86 85
1 5 965 966 976 975 65 66 76 75
1 5 865 866 876 875 965 966 976 975
1 5 864 865 875 874 964 965 975 974
1 5 964 965 975 974 64 65 75 74
1 5 963 964 974 973 63 64 74 73
1 5 863 864 874 873 963 964 974 973
1 5 862 863 873 872 962 963 973 972
1 5 962 963 973 972 62 63 73 72
1 5 972 973 983 982 72 73 83 82
1 5 872 873 883 882 972 973 983 982
1 5 873 874 884 883 973 974 984 983
1 5 973 974 984 983 73 74 84 83
1 5 983 984 994 993 83 84 94 93
1 5 993 994 904 903 93 94 4 3
1 5 893 894 804 803 993 994 904 903
1 5 883 884 894 893 983 984 994 993
1 5 882 883 893 892 982 983 993 992
1 5 892 893 803 802 992 993 903 902
1 5 992 993 903 902 92 93 3 2
1 5 982 983 993 992 82 83 93 92
1 5 981 982 992 991 81 82 92 91
1 5 991 992 902 901 91 92 2 1
1 5 891 892 802 801 991 992 902 901
1 5 881 882 892 891 981 982 992 991
1 5 880 881 891 890 980 981 991 990
1 5 890 891 801 800 990 991 901 900
1 5 990 991 901 900 90 91 1 0
1 5 980 981 991 990 80 81 91 90
1 5 970 971 981 980 70 71 81 80
1 5 870 871 881 880 970 971 981 980
1 5 871 872 882 881 971 972 982 981
1 5 971 972 982 981 71 72 82 81
1 5 961 962 972 971 61 62 72 71
1 5 861 862 872 871 961 962 972 971
1 5 860 861 871 870 960 961 971 970
1 5 960 961 971 970 60 61 71 70
1 5 950 951 961 960 50 51 61 60
1 5 951 952 962 961 51 52 62 61
1 5 941 942 952 951 41 42 52 51
1 5 940 941 951 950 40 41 51 50
1 5 840 841 851 850 940 941 951 950
1 5 841 842 852 851 941 942 952 951
1 5 851 852 862 861 951 952 962 961
1 5 850 851 861 860 950 951 961 960
1 5 750 751 761 760 850 851 861 860
1 5 740 741 751 750 840 841 851 850
1 5 640 641 651 650 740 741 751 750
1 5 650 651 661 660 750 751 761 760
1 5 651 652 662 661 751 752 762 761
1 5 641 642 652 651 741 742 752 751
1 5 741 742 752 751 841 842 852 851
1 5 751 752 762 761 851 852 862 861
1 5 752 753 763 762 852 853 863 862
1 5 742 743 753 752 842 843 853 852
1 5 642 643 653 652 742 743 753 752
1 5 652 653 663 662 752 753 763 762
1 5 653 654 664 663 753 754 764 763
1 5 643 644 654 653 743 744 754 753
1 5 743 744 754 753 843 844 854 853
1 5 753 754 764 763 853 854 864 863
1 5 853 854 864 863 953 954 964 963
1 5 953 954 964 963 53 54 64 63
1 5 952 953 963 962 52 53 63 62
1 5 852 853 863 862 952 953 963 962
1 5 842 843 853 852 942 943 953 952
1 5 942 943 953 952 42 43 53 52
1 5 943 944 954 953 43 44 54 53
1 5 843 844 854 853 943 944 954 953
1 5 833 834 844 843 933 934 944 943
1 5 933 934 944 943 33 34 44 43
1 5 932 933 943 942 32 33 43 42
1 5 832 833 843 842 932 933 943 942
1 5 822 823 833 832 922 923 933 932
1 5 922 923 933 932 22 23 33 32
1 5 923 924 934 933 23 24 34 33
1 5 823 824 834 833 923 924 934 933
1 5 723 724 734 733 823 824 834 833
1 5 733 734 744 743 833 834 844 843
1 5 633 634 644 643 733 734 744 743
1 5 623 624 634 633 723 724 734 733
1 5 622 623 633 632 722 723 733 732
1 5 632 633 643 642 732 733 743 742
1 5 732 733 743 742 832 833 843 842
1 5 722 723 733 732 822 823 833 832
1 5 721 722 732 731 821 822 832 831
1 5 731 732 742 741 831 832 842 841
1 5 631 632 642 641 731 732 742 741
1 5 621 622 632 631 721 722 732 731
1 5 620 621 631 630 720 721 731 730
1 5 630 631 641 640 730 731 741 740
1 5 730 731 741 740 830 831 841 840
1 5 720 721 731 730 820 821 831 830
1 5 820 821 831 830 920 921 931 930
1 5 821 822 832 831 921 922 932 931
1 5 831 832 842 841 931 932 942 941
1 5 830 831 841 840 930 931 941 940
1 5 930 931 941 940 30 31 41 40
1 5 931 932 942 941 31 32 42 41
1 5 921 922 932 931 21 22 32 31
1 5 920 921 931 930 20 21 31 30
1 5 910 911 921 920 10 11 21 20
1 5 900 901 911 910 0 1 11 10
1 5 901 902 912 911 1 2 12 11
1 5 911 912 922 921 11 12 22 21
1 5 912 913 923 922 12 13 23 22
1 5 913 914 924 923 13 14 24 23
1 5 903 904 914 913 3 4 14 13
1 5 902 903 913 912 2 3 13 12
1 5 802 803 813 812 902 903 913 912
1 5 803 804 814 813 903 904 914 913
1 5 813 814 824 823 913 914 924 923
1 5 812 813 823 822 912 913 923 922
1 5 811 812 822 821 911 912 922 921
1 5 801 802 812 811 901 902 912 911
1 5 800 801 811 810 900 901 911 910
1 5 810 811 821 820 910 911 921 920
1 5 710 711 721 720 810 811 821 820
1 5 700 701 711 710 800 801 811 810
1 5 600 601 611 610 700 701 711 710
1 5 610 611 621 620 710 711 721 720
1 5 611 612 622 621 711 712 722 721
1 5 601 602 612 611 701 702 712 711
1 5 701 702 712 711 801 802 812 811
1 5 711 712 722 721 811 812 822 821
1 5 712 713 723 722 812 813 823 822
1 5 702 703 713 712 802 803 813 812
1 5 602 603 613 612 702 703 713 712
1 5 612 613 623 622 712 713 723 722
1 5 613 614 624 623 713 714 724 723
1 5 603 604 614 613 703 704 714 713
1 5 703 704 714 713 803 804 814 813
1 5 713 714 724 723 813 814 824 823
1 5 714 715 725 724 814 815 825 824
1 5 704 705 715 714 804 805 815 814
1 5 604 605 615 614 704 705 715 714
1 5 614 615 625 624 714 715 725 724
1 5 615 616 626 625 715 716 726 725
1 5 605 606 616 615 705 706 716 715
1 5 705 706 716 715 805 806 816 815
1 5 715 716 726 725 815 816 826 825
1 5 815 816 826 825 915 916 926 925
1 5 814 815 825 824 914 915 925 924
1 5 804 805 815 814 904 905 915 914
1 5 805 806 816 815 905 906 916 915
1 5 905 906 916 915 5 6 16 15
1 5 904 905 915 914 4 5 15 14
1 5 914 915 925 924 14 15 25 24
1 5 915 916 926 925 15 16 26 25
1 5 925 926 936 935 25 26 36 35
1 5 924 925 935 934 24 25 35 34
1 5 934 935 945 944 34 35 45 44
1 5 935 936 946 945 35 36 46 45
1 5 835 836 846 845 935 936 946 945
1 5 834 835 845 844 934 935 945 944
1 5 824 825 835 834 924 925 935 934
1 5 825 826 836 835 925 926 936 935
1 5 725 726 736 735 825 826 836 835
1 5 625 626 636 635 725 726 736 735
1 5 624 625 635 634 724 725 735 734
1 5 724 725 735 734 824 825 835 834
1 5 734 735 745 744 834 835 845 844
1 5 634 635 645 644 734 735 745 744
1 5 635 636 646 645 735 736 746 745
1 5 735 736 746 745 835 836 846 845
1 5 745 746 756 755 845 846 856 855
1 5 645 646 656 655 745 746 756 755
1 5 644 645 655 654 744 745 755 754
1 5 744 745 755 754 844 845 855 854
1 5 754 755 765 764 854 855 865 864
1 5 654 655 665 664 754 755 765 764
1 5 655 656 666 665 755 756 766 765
1 5 755 756 766 765 855 856 866 865
1 5 855 856 866 865 955 956 966 965
1 5 854 855 865 864 954 955 965 964
1 5 844 845 855 854 944 945 955 954
1 5 845 846 856 855 945 946 956 955
1 5 945 946 956 955 45 46 56 55
1 5 944 945 955 954 44 45 55 54
1 5 954 955 965 964 54 55 65 64
1 5 955 956 966 965 55 56 66 65
1 5 956 957 967 966 56 57 67 66
1 5 957 958 968 967 57 58 68 67
1 5 947 948 958 957 47 48 58 57
1 5 946 947 957 956 46 47 57 56
1 5 846 847 857 856 946 947 957 956
1 5 847 848 858 857 947 948 958 957
1 5 857 858 868 867 957 958 968 967
1 5 856 857 867 866 956 957 967 966
1 5 756 757 767 766 856 857 867 866
1 5 656 657 667 666 756 757 767 766
1 5 657 658 668 667 757 758 768 767
1 5 757 758 768 767 857 858 868 867
1 5 747 748 758 757 847 848 858 857
1 5 647 648 658 657 747 748 758 757
1 5 646 647 657 656 746 747 757 756
1 5 746 747 757 756 846 847 857 856
1 5 736 737 747 746 836 837 847 846
1 5 636 637 647 646 736 737 747 746
1 5 637 638 648 647 737 738 748 747
1 5 737 738 748 747 837 838 848 847
1 5 727 728 738 737 827 828 838 837
1 5 627 628 638 637 727 728 738 737
1 5 626 627 637 636 726 727 737 736
1 5 726 727 737 736 826 827 837 836
1 5 826 827 837 836 926 927 937 936
1 5 827 828 838 837 927 928 938 937
1 5 837 838 848 847 937 938 948 947
1 5 836 837 847 846 936 937 947 946
1 5 936 937 947 946 36 37 47 46
1 5 937 938 948 947 37 38 48 47
1 5 927 928 938 937 27 28 38 37
1 5 926 927 937 936 26 27 37 36
1 5 916 917 927 926 16 17 27 26
1 5 917 918 928 927 17 18 28 27
1 5 907 908 918 917 7 8 18 17
1 5 906 907 917 916 6 7 17 16
1 5 806 807 817 816 906 907 917 916
1 5 807 808 818 817 907 908 918 917
1 5 817 818 828 827 917 918 928 927
1 5 816 817 827 826 916 917 927 926
1 5 716 717 727 726 816 817 827 826
1 5 706 707 717 716 806 807 817 816
1 5 606 607 617 616 706 707 717 716
1 5 616 617 627 626 716 717 727 726
1 5 617 618 628 627 717 718 728 727
1 5 607 608 618 617 707 708 718 717
1 5 707 708 718 717 807 808 818 817
1 5 717 718 728 727 817 818 828 827
1 5 718 719 729 728 818 819 829 828
1 5 708 709 719 718 808 809 819 818
1 5 608 609 619 618 708 709 719 718
1 5 618 619 629 628 718 719 729 728
1 5 619 610 620 629 719 710 720 729
1 5 609 600 610 619 709 700 710 719
1 5 709 700 710 719 809 800 810 819
1 5 719 710 720 729 819 810 820 829
1 5 819 810 820 829 919 910 920 929
1 5 818 819 829 828 918 919 929 928
1 5 808 809 819 818 908 909 919 918
1 5 809 800 810 819 909 900 910 919
1 5 909 900 910 919 9 0 10 19
1 5 908 909 919 918 8 9 19 18
1 5 918 919 929 928 18 19 29 28
1 5 919 910 920 929 19 10 20 29
1 5 929 920 930 939 29 20 30 39
1 5 928 929 939 938 28 29 39 38
1 5 938 939 949 948 38 39 49 48
1 5 939 930 940 949 39 30 40 49
1 5 839 830 840 849 939 930 940 949
1 5 838 839 849 848 938 939 949 948
1 5 828 829 839 838 928 929 939 938
1 5 829 820 830 839 929 920 930 939
1 5 729 720 730 739 829 820 830 839
1 5 629 620 630 639 729 720 730 739
1 5 628 629 639 638 728 729 739 738
1 5 728 729 739 738 828 829 839 838
1 5 738 739 749 748 838 839 849 848
1 5 638 639 649 648 738 739 749 748
1 5 639 630 640 649 739 730 740 749
1 5 739 730 740 749 839 830 840 849
1 5 749 740 750 759 849 840 850 859
1 5 649 640 650 659 749 740 750 759
1 5 648 649 659 658 748 749 759 758
1 5 748 749 759 758 848 849 859 858
1 5 758 759 769 768 858 859 869 868
1 5 658 659 669 668 758 759 769 768
1 5 659 650 660 669 759 750 760 769
1 5 759 750 760 769 859 850 860 869
1 5 859 850 860 869 959 950 960 969
1 5 858 859 869 868 958 959 969 968
1 5 848 849 859 858 948 949 959 958
1 5 849 840 850 859 949 940 950 959
1 5 949 940 950 959 49 40 50 59
1 5 948 949 959 958 48 49 59 58
1 5 958 959 969 968 58 59 69 68
1 5 959 950 960 969 59 50 60 69
1 5 969 960 970 979 69 60 70 79
1 5 979 970 980 989 79 70 80 89
1 5 879 870 880 889 979 970 980 989
1 5 869 860 870 879 969 960 970 979
1 5 769 760 770 779 869 860 870 879
1 5 779 770 780 789 879 870 880 889
1 5 679 670 680 689 779 770 780 789
1 5 669 660 670 679 769 760 770 779
1 5 668 669 679 678 768 769 779 778
1 5 678 679 689 688 778 779 789 788
1 5 778 779 789 788 878 879 889 888
1 5 768 769 779 778 868 869 879 878
1 5 868 869 879 878 968 969 979 978
1 5 878 879 889 888 978 979 989 988
1 5 978 979 989 988 78 79 89 88
1 5 968 969 979 978 68 69 79 78
1 5 967 968 978 977 67 68 78 77
1 5 966 967 977 976 66 67 77 76
1 5 976 977 987 986 76 77 87 86
1 5 977 978 988 987 77 78 88 87
1 5 877 878 888 887 977 978 988 987
1 5 876 877 887 886 976 977 987 986
1 5 866 867 877 876 966 967 977 976
1 5 867 868 878 877 967 968 978 977
1 5 767 768 778 777 867 868 878 877
1 5 667 668 678 677 767 768 778 777
1 5 666 667 677 676 766 767 777 776
1 5 766 767 777 776 866 867 877 876
1 5 776 777 787 786 876 877 887 886
1 5 676 677 687 686 776 777 787 786
1 5 677 678 688 687 777 778 788 787
1 5 777 778 788 787 877 878 888 887
1 5 787 788 798 797 887 888 898 897
1 5 687 688 698 697 787 788 798 797
1 5 686 687 697 696 786 787 797 796
1 5 786 787 797 796 886 887 897 896
1 5 796 797 707 706 896 897 807 806
1 5 696 697 607 606 796 797 707 706
1 5 697 698 608 607 797 798 708 707
1 5 797 798 708 707 897 898 808 807
1 5 897 898 808 807 997 998 908 907
1 5 896 897 807 806 996 997 907 906
1 5 886 887 897 896 986 987 997 996
1 5 887 888 898 897 987 988 998 997
1 5 987 988 998 997 87 88 98 97
1 5 986 987 997 996 86 87 97 96
1 5 996 997 907 906 96 97 7 6
1 5 997 998 908 907 97 98 8 7
1 5 998 999 909 908 98 99 9 8
1 5 999 990 900 909 99 90 0 9
1 5 989 980 990 999 89 80 90 99
1 5 988 989 999 998 88 89 99 98
1 5 888 889 899 898 988 989 999 998
1 5 889 880 890 899 989 980 990 999
1 5 899 890 800 809 999 990 900 909
1 5 898 899 809 808 998 999 909 908
1 5 798 799 709 708 898 899 809 808
1 5 799 790 700 709 899 890 800 809
1 5 789 780 790 799 889 880 890 899
1 5 788 789 799 798 888 889 899 898
1 5 688 689 699 698 788 789 799 798
1 5 689 680 690 699 789 780 790 799
1 5 699 690 600 609 799 790 700 709
1 5 698 699 609 608 798 799 709 708
1 5 598 599 509 508 698 699 609 608
1 5 599 590 500 509 699 690 600 609
1 5 589 580 590 599 689 680 690 699
1 5 588 589 599 598 688 689 699 698
1 5 488 489 499 498 588 589 599 598
1 5 489 480 490 499 589 580 590 599
1 5 499 490 400 409 599 590 500 509
1 5 498 499 409 408 598 599 509 508
1 5 497 498 408 407 597 598 508 507
1 5 597 598 508 507 697 698 608 607
1 5 596 597 507 506 696 697 607 606
1 5 496 497 407 406 596 597 507 506
1 5 486 487 497 496 586 587 597 596
1 5 586 587 597 596 686 687 697 696
1 5 587 588 598 597 687 688 698 697
1 5 487 488 498 497 587 588 598 597
1 5 477 478 488 487 577 578 588 587
1 5 577 578 588 587 677 678 688 687
1 5 576 577 587 586 676 677 687 686
1 5 476 477 487 486 576 577 587 586
1 5 466 467 477 476 566 567 577 576
1 5 566 567 577 576 666 667 677 676
1 5 567 568 578 577 667 668 678 677
1 5 467 468 478 477 567 568 578 577
1 5 468 469 479 478 568 569 579 578
1 5 478 479 489 488 578 579 589 588
1 5 578 579 589 588 678 679 689 688
1 5 568 569 579 578 668 669 679 678
1 5 569 560 570 579 669 660 670 679
1 5 579 570 580 589 679 670 680 689
1 5 479 470 480 489 579 570 580 589
1 5 469 460 470 479 569 560 570 579
1 5 369 360 370 379 469 460 470 479
1 5 379 370 380 389 479 470 480 489
1 5 279 270 280 289 379 370 380 389
1 5 269 260 270 279 369 360 370 379
1 5 268 269 279 278 368 369 379 378
1 5 278 279 289 288 378 379 389 388
1 5 378 379 389 388 478 479 489 488
1 5 368 369 379 378 468 469 479 478
1 5 367 368 378 377 467 468 478 477
1 5 267 268 278 277 367 368 378 377
1 5 266 267 277 276 366 367 377 376
1 5 366 367 377 376 466 467 477 476
1 5 376 377 387 386 476 477 487 486
1 5 276 277 287 286 376 377 387 386
1 5 277 278 288 287 377 378 388 387
1 5 377 378 388 387 477 478 488 487
1 5 387 388 398 397 487 488 498 497
1 5 287 288 298 297 387 388 398 397
1 5 286 287 297 296 386 387 397 396
1 5 386 387 397 396 486 487 497 496
1 5 396 397 307 306 496 497 407 406
1 5 296 297 207 206 396 397 307 306
1 5 297 298 208 207 397 398 308 307
1 5 397 398 308 307 497 498 408 407
1 5 398 399 309 308 498 499 409 408
1 5 399 390 300 309 499 490 400 409
1 5 389 380 390 399 489 480 490 499
1 5 388 389 399 398 488 489 499 498
1 5 288 289 299 298 388 389 399 398
1 5 289 280 290 299 389 380 390 399
1 5 299 290 200 209 399 390 300 309
1 5 298 299 209 208 398 399 309 308
1 5 198 199 109 108 298 299 209 208
1 5 199 190 100 109 299 290 200 209
1 5 189 180 190 199 289 280 290 299
1 5 188 189 199 198 288 289 299 298
1 5 88 89 99 98 188 189 199 198
1 5 89 80 90 99 189 180 190 199
1 5 99 90 0 9 199 190 100 109
1 5 98 99 9 8 198 199 109 108
1 5 97 98 8 7 197 198 108 107
1 5 197 198 108 107 297 298 208 207
1 5 196 197 107 106 296 297 207 206
1 5 96 97 7 6 196 197 107 106
1 5 86 87 97 96 186 187 197 196
1 5 186 187 197 196 286 287 297 296
1 5 187 188 198 197 287 288 298 297
1 5 87 88 98 97 187 188 198 197
1 5 77 78 88 87 177 178 188 187
1 5 177 178 188 187 277 278 288 287
1 5 176 177 187 186 276 277 287 286
1 5 76 77 87 86 176 177 187 186
1 5 66 67 77 76 166 167 177 176
1 5 166 167 177 176 266 267 277 276
1 5 167 168 178 177 267 268 278 277
1 5 67 68 78 77 167 168 178 177
1 5 68 69 79 78 168 169 179 178
1 5 78 79 89 88 178 179 189 188
1 5 178 179 189 188 278 279 289 288
1 5 168 169 179 178 268 269 279 278
1 5 169 160 170 179 269 260 270 279
1 5 179 170 180 189 279 270 280 289
1 5 79 70 80 89 179 170 180 189
1 5 69 60 70 79 169 160 170 179
1 5 59 50 60 69 159 150 160 169
1 5 49 40 50 59 149 140 150 159
1 5 149 140 150 159 249 240 250 259
1 5 159 150 160 169 259 250 260 269
1 5 158 159 169 168 258 259 269 268
1 5 148 149 159 158 248 249 259 258
1 5 48 49 59 58 148 149 159 158
1 5 58 59 69 68 158 159 169 168
1 5 57 58 68 67 157 158 168 167
1 5 157 158 168 167 257 258 268 267
1 5 156 157 167 166 256 257 267 266
1 5 56 57 67 66 156 157 167 166
1 5 46 47 57 56 146 147 157 156
1 5 146 147 157 156 246 247 257 256
1 5 147 148 158 157 247 248 258 257
1 5 47 48 58 57 147 148 158 157
1 5 37 38 48 47 137 138 148 147
1 5 137 138 148 147 237 238 248 247
1 5 136 137 147 146 236 237 247 246
1 5 36 37 47 46 136 137 147 146
1 5 26 27 37 36 126 127 137 136
1 5 126 127 137 136 226 227 237 236
1 5 127 128 138 137 227 228 238 237
1 5 27 28 38 37 127 128 138 137
1 5 28 29 39 38 128 129 139 138
1 5 29 20 30 39 129 120 130 139
1 5 39 30 40 49 139 130 140 149
1 5 38 39 49 48 138 139 149 148
1 5 138 139 149 148 238 239 249 248
1 5 139 130 140 149 239 230 240 249
1 5 129 120 130 139 229 220 230 239
1 5 128 129 139 138 228 229 239 238
1 5 228 229 239 238 328 329 339 338
1 5 229 220 230 239 329 320 330 339
1 5 239 230 240 249 339 330 340 349
1 5 238 239 249 248 338 339 349 348
1 5 338 339 349 348 438 439 449 448
1 5 339 330 340 349 439 430 440 449
1 5 329 320 330 339 429 420 430 439
1 5 328 329 339 338 428 429 439 438
1 5 327 328 338 337 427 428 438 437
1 5 227 228 238 237 327 328 338 337
1 5 226 227 237 236 326 327 337 336
1 5 326 327 337 336 426 427 437 436
1 5 336 337 347 346 436 437 447 446
1 5 236 237 247 246 336 337 347 346
1 5 237 238 248 247 337 338 348 347
1 5 337 338 348 347 437 438 448 447
1 5 347 348 358 357 447 448 458 457
1 5 247 248 258 257 347 348 358 357
1 5 246 247 257 256 346 347 357 356
1 5 346 347 357 356 446 447 457 456
1 5 356 357 367 366 456 457 467 466
1 5 256 257 267 266 356 357 367 366
1 5 257 258 268 267 357 358 368 367
1 5 357 358 368 367 457 458 468 467
1 5 358 359 369 368 458 459 469 468
1 5 348 349 359 358 448 449 459 458
1 5 248 249 259 258 348 349 359 358
1 5 258 259 269 268 358 359 369 368
1 5 259 250 260 269 359 350 360 369
1 5 249 240 250 259 349 340 350 359
1 5 349 340 350 359 449 440 450 459
1 5 359 350 360 369 459 450 460 469
1 5 459 450 460 469 559 550 560 569
1 5 559 550 560 569 659 650 660 669
1 5 549 540 550 559 649 640 650 659
1 5 449 440 450 459 549 540 550 559
1 5 439 430 440 449 539 530 540 549
1 5 429 420 430 439 529 520 530 539
1 5 529 520 530 539 629 620 630 639
1 5 539 530 540 549 639 630 640 649
1 5 538 539 549 548 638 639 649 648
1 5 528 529 539 538 628 629 639 638
1 5 428 429 439 438 528 529 539 538
1 5 438 439 449 448 538 539 549 548
1 5 448 449 459 458 548 549 559 558
1 5 548 549 559 558 648 649 659 658
1 5 558 559 569 568 658 659 669 668
1 5 458 459 469 468 558 559 569 568
1 5 457 458 468 467 557 558 568 567
1 5 557 558 568 567 657 658 668 667
1 5 556 557 567 566 656 657 667 666
1 5 456 457 467 466 556 557 567 566
1 5 446 447 457 456 546 547 557 556
1 5 546 547 557 556 646 647 657 656
1 5 547 548 558 557 647 648 658 657
1 5 447 448 458 457 547 548 558 557
1 5 437 438 448 447 537 538 548 547
1 5 537 538 548 547 637 638 648 647
1 5 536 537 547 546 636 637 647 646
1 5 436 437 447 446 536 537 547 546
1 5 426 427 437 436 526 527 537 536
1 5 526 527 537 536 626 627 637 636
1 5 527 528 538 537 627 628 638 637
1 5 427 428 438 437 527 528 538 537
1 5 417 418 428 427 517 518 528 527
1 5 517 518 528 527 617 618 628 627
1 5 516 517 527 526 616 617 627 626
1 5 416 417 427 426 516 517 527 526
1 5 406 407 417 416 506 507 517 516
1 5 506 507 517 516 606 607 617 616
1 5 507 508 518 517 607 608 618 617
1 5 407 408 418 417 507 508 518 517
1 5 408 409 419 418 508 509 519 518
1 5 418 419 429 428 518 519 529 528
1 5 518 519 529 528 618 619 629 628
1 5 508 509 519 518 608 609 619 618
1 5 509 500 510 519 609 600 610 619
1 5 519 510 520 529 619 610 620 629
1 5 419 410 420 429 519 510 520 529
1 5 409 400 410 419 509 500 510 519
1 5 309 300 310 319 409 400 410 419
1 5 319 310 320 329 419 410 420 429
1 5 219 210 220 229 319 310 320 329
1 5 209 200 210 219 309 300 310 319
1 5 208 209 219 218 308 309 319 318
1 5 218 219 229 228 318 319 329 328
1 5 318 319 329 328 418 419 429 428
1 5 308 309 319 318 408 409 419 418
1 5 307 308 318 317 407 408 418 417
1 5 306 307 317 316 406 407 417 416
1 5 316 317 327 326 416 417 427 426
1 5 317 318 328 327 417 418 428 427
1 5 217 218 228 227 317 318 328 327
1 5 216 217 227 226 316 317 327 326
1 5 206 207 217 216 306 307 317 316
1 5 207 208 218 217 307 308 318 317
1 5 107 108 118 117 207 208 218 217
1 5 106 107 117 116 206 207 217 216
1 5 116 117 127 126 216 217 227 226
1 5 117 118 128 127 217 218 228 227
1 5 17 18 28 27 117 118 128 127
1 5 16 17 27 26 116 117 127 126
1 5 6 7 17 16 106 107 117 116
1 5 7 8 18 17 107 108 118 117
1 5 8 9 19 18 108 109 119 118
1 5 18 19 29 28 118 119 129 128
1 5 118 119 129 128 218 219 229 228
1 5 108 109 119 118 208 209 219 218
1 5 109 100 110 119 209 200 210 219
1 5 119 110 120 129 219 210 220 229
1 5 19 10 20 29 119 110 120 129
1 5 9 0 10 19 109 100 110 119

boundary
600
1 3 0 10 11 1
1 3 1 11 12 2
1 3 2 12 13 3
1 3 3 13 14 4
1 3 4 14 15 5
1 3 5 15 16 6
1 3 6 16 17 7
1 3 7 17 18 8
1 3 8 18 19 9
1 3 9 19 10 0
1 3 10 20 21 11
1 3 11 21 22 12
1 3 12 22 23 13
1 3 13 23 24 14
1 3 14 24 25 15
1 3 15 25 26 16
1 3 16 26 27 17
1 3 17 27 28 18
1 3 18 28 29 19
1 3 19 29 20 10
1 3 20 30 31 21
1 3 21 31 32 22
1 3 22 32 33 23
1 3 23 33 34 24
1 3 24 34 35 25
1 3 25 35 36 26
1 3 26 36 37 27
1 3 27 37 38 28
1 3 28 38 39 29
1 3 29 39 30 20
1 3 30 40 41 31
1 3 31 41 42 32
1 3 32 42 43 33
1 3 33 43 44 34
1 3 34 44 45 35
1 3 35 45 46 36
1 3 36 46 47 37
1 3 37 47 48 38
1 3 38 48 49 39
1 3 39 49 40 30
1 3 40 50 51 41
1 3 41 51 52 42
1 3 42 52 53 43
1 3 43 53 54 44
1 3 44 54 55 45
1 3 45 55 56 46
1 3 46 56 57 47
1 3 47 57 58 48
1 3 48 58 59 49
1 3 49 59 50 40
1 3 50 60 61 51
1 3 51 61 62 52
1 3 52 62 63 53
1 3 53 63 64 54
1 3 54 64 65 55
1 3 55 65 66 56
1 3 56 66 67 57
1 3 57 67 68 58
1 3 58 68 69 59
1 3 59 69 60 50
1 3 60 70 71 61
1 3 61 71 72 62
1 3 62 72 73 63
1 3 63 73 74 64
1 3 64 74 75 65
1 3 65 75 76 66
1 3 66 76 77 67
1 3 67 77 78 68
1 3 68 78 79 69
1 3 69 79 70 60
1 3 70 80 81 71
1 3 71 81 82 72
1 3 72 82 83 73
1 3 73 83 84 74
1 3 74 84 85 75
1 3 75 85 86 76
1 3 76 86 87 77
1 3 77 87 88 78
1 3 78 88 89 79
1 3 79 89 80 70
1 3 80 90 91 81
1 3 81 91 92 82
1 3 82 92 93 83
1 3 83 93 94 84
1 3 84 94 95 85
1 3 85 95 96 86
1 3 86 96 97 87
1 3 87 97 98 88
1 3 88 98 99 89
1 3 89 99 90 80
1 3 90 0 1 91
1 3 91 1 2 92
1 3 92 2 3 93
1 3 93 3 4 94
1 3 94 4 5 95
1 3 95 5 6 96
1 3 96 6 7 97
1 3 97 7 8 98
1 3 98 8 9 99
1 3 99 9 0 90
6 3 0 1 11 10
6 3 1 2 12 11
6 3 2 3 13 12
6 3 3 4 14 13
6 3 4 5 15 14
6 3 5 6 16 15
6 3 6 7 17 16
6 3 7 8 18 17
6 3 8 9 19 18
6 3 9 0 10 19
6 3 10 11 21 20
6 3 11 12 22 21
6 3 12 13 23 22
6 3 13 14 24 23
6 3 14 15 25 24
6 3 15 16 26 25
6 3 16 17 27 26
6 3 17 18 28 27
6 3 18 19 29 28
6 3 19 10 20 29
6 3 20 21 31 30
6 3 21 22 32 31
6 3 22 23 33 32
6 3 23 24 34 33
6 3 24 25 35 34
6 3 25 26 36 35
6 3 26 27 37 36
6 3 27 28 38 37
6 3 28 29 39 38
6 3 29 20 30 39
6 3 30 31 41 40
6 3 31 32 42 41
6 3 32 33 43 42
6 3 33 34 44 43
6 3 34 35 45 44
6 3 35 36 46 45
6 3 36 37 47 46
6 3 37 38 48 47
6 3 38 39 49 48
6 3 39 30 40 49
6 3 40 41 51 50
6 3 41 42 52 51
6 3 42 43 53 52
6 3 43 44 54 53
6 3 44 45 55 54
6 3 45 46 56 55
6 3 46 47 57 56
6 3 47 48 58 57
6 3 48 49 59 58
6 3 49 40 50 59
6 3 50 51 61 60
6 3 51 52 62 61
6 3 52 53 63 62
6 3 53 54 64 63
6 3 54 55 65 64
6 3 55 56 66 65
6 3 56 57 67 66
6 3 57 58 68 67
6 3 58 59 69 68
6 3 59 50 60 69
6 3 60 61 71 70
6 3 61 62 72 71
6 3 62 63 73 72
6 3 63 64 74 73
6 3 64 65 75 74
6 3 65 66 76 75
6 3 66 67 77 76
6 3 67 68 78 77
6 3 68 69 79 78
6 3 69 60 70 79
6 3 70 71 81 80
6 3 71 72 82 81
6 3 72 73 83 82
6 3 73 74 84 83
6 3 74 75 85 84
6 3 75 76 86 85
6 3 76 77 87 86
6 3 77 78 88 87
6 3 78 79 89 88
6 3 79 70 80 89
6 3 80 81 91 90
6 3 81 82 92 91
6 3 82 83 93 92
6 3 83 84 94 93
6 3 84 85 95 94
6 3 85 86 96 95
6 3 86 87 97 96
6 3 87 88 98 97
6 3 88 89 99 98
6 3 89 80 90 99
6 3 90 91 1 0
6 3 91 92 2 1
6 3 92 93 3 2
6 3 93 94 4 3
6 3 94 95 5 4
6 3 95 96 6 5
6 3 96 97 7 6
6 3 97 98 8 7
6 3 98 99 9 8
6 3 99 90 0 9
5 3 0 100 110 10
5 3 10 110 120 20
5 3 20 120 130 30
5 3 30 130 140 40
5 3 40 140 150 50
5 3 50 150 160 60
5 3 60 160 170 70
5 3 70 170 180 80
5 3 80 180 190 90
5 3 90 190 100 0
5 3 100 200 210 110
5 3 110 210 220 120
5 3 120 220 230 130
5 3 130 230 240 140
5 3 140 240 250 150
5 3 150 250 260 160
5 3 160 260 270 170
5 3 170 270 280 180
5 3 180 280 290 190
5 3 190 290 200 100
5 3 200 300 310 210
5 3 210 310 320 220
5 3 220 320 330 230
5 3 230 330 340 240
5 3 240 340 350 250
5 3 250 350 360 260
5 3 260 360 370 270
5 3 270 370 380 280
5 3 280 380 390 290
5 3 290 390 300 200
5 3 300 400 410 310
5 3 310 410 420 320
5 3 320 420 430 330
5 3 330 430 440 340
5 3 340 440 450 350
5 3 350 450 460 360
5 3 360 460 470 370
5 3 370 470 480 380
5 3 380 480 490 390
5 3 390 490 400 300
5 3 400 500 510 410
5 3 410 510 520 420
5 3 420 520 530 430
5 3 430 530 540 440
5 3 440 540 550 450
5 3 450 550 560 460
5 3 460 560 570 470
5 3 470 570 580 480
5 3 480 580 590 490
5 3 490 590 500 400
5 3 500 600 610 510
5 3 510 610 620 520
5 3 520 620 630 530
5 3 530 630 640 540
5 3 540 640 650 550
5 3 550 650 660 560
5 3 560 660 670 570
5 3 570 670 680 580
5 3 580 680 690 590
5 3 590 690 600 500
5 3 600 700 710 610
5 3 610 710 720 620
5 3 620 720 730 630
5 3 630 730 740 640
5 3 640 740 750 650
5 3 650 750 760 660
5 3 660 760 770 670
5 3 670 770 780 680
5 3 680 780 790 690
5 3 690 790 700 600
5 3 700 800 810 710
5 3 710 810 820 720
5 3 720 820 830 730
5 3 730 830 840 740
5 3 740 840 850 750
5 3 750 850 860 760
5 3 760 860 870 770
5 3 770 870 880 780
5 3 780 880 890 790
5 3 790 890 800 700
5 3 800 900 910 810
5 3 810 910 920 820
5 3 820 920 930 830
5 3 830 930 940 840
5 3 840 940 950 850
5 3 850 950 960 860
5 3 860 960 970 870
5 3 870 970 980 880
5 3 880 980 990 890
5 3 890 990 900 800
5 3 900 0 10 910
5 3 910 10 20 920
5 3 920 20 30 930
5 3 930 30 40 940
5 3 940 40 50 950
5 3 950 50 60 960
5 3 960 60 70 970
5 3 970 70 80 980
5 3 980 80 90 990
5 3 990 90 0 900
3 3 0 10 110 100
3 3 10 20 120 110
3 3 20 30 130 120
3 3 30 40 140 130
3 3 40 50 150 140
3 3 50 60 160 150
3 3 60 70 170 160
3 3 70 80 180 170
3 3 80 90 190 180
3 3 90 0 100 190
3 3 100 110 210 200
3 3 110 120 220 210
3 3 120 130 230 220
3 3 130 140 240 230
3 3 140 150 250 240
3 3 150 160 260 250
3 3 160 170 270 260
3 3 170 180 280 270
3 3 180 190 290 280
3 3 190 100 200 290
3 3 200 210 310 300
3 3 210 220 320 310
3 3 220 230 330 320
3 3 230 240 340 330
3 3 240 250 350 340
3 3 250 260 360 350
3 3 260 270 370 360
3 3 270 280 380 370
3 3 280 290 390 380
3 3 290 200 300 390
3 3 300 310 410 400
3 3 310 320 420 410
3 3 320 330 430 420
3 3 330 340 440 430
3 3 340 350 450 440
3 3 350 360 460 450
3 3 360 370 470 460
3 3 370 380 480 470
3 3 380 390 490 480
3 3 390 300 400 490
3 3 400 410 510 500
3 3 410 420 520 510
3 3 420 430 530 520
3 3 430 440 540 530
3 3 440 450 550 540
3 3 450 460 560 550
3 3 460 470 570 560
3 3 470 480 580 570
3 3 480 490 590 580
3 3 490 400 500 590
3 3 500 510 610 600
3 3 510 520 620 610
3 3 520 530 630 620
3 3 530 540 640 630
3 3 540 550 650 640
3 3 550 560 660 650
3 3 560 570 670 660
3 3 570 580 680 670
3 3 580 590 690 680
3 3 590 500 600 690
3 3 600 610 710 700
3 3 610 620 720 710
3 3 620 630 730 720
3 3 630 640 740 730
3 3 640 650 750 740
3 3 650 660 760 750
3 3 660 670 770 760
3 3 670 680 780 770
3 3 680 690 790 780
3 3 690 600 700 790
3 3 700 710 810 800
3 3 710 720 820 810
3 3 720 730 830 820
3 3 730 740 840 830
3 3 740 750 850 840
3 3 750 760 860 850
3 3 760 770 870 860
3 3 770 780 880 870
3 3 780 790 890 880
3 3 790 700 800 890
3 3 800 810 910 900
3 3 810 820 920 910
3 3 820 830 930 920
3 3 830 840 940 930
3 3 840 850 950 940
3 3 850 860 960 950
3 3 860 870 970 960
3 3 870 880 980 970
3 3 880 890 990 980
3 3 890 800 900 990
3 3 900 910 10 0
3 3 910 920 20 10
3 3 920 930 30 20
3 3 930 940 40 30
3 3 940 950 50 40
3 3 950 960 60 50
3 3 960 970 70 60
3 3 970 980 80 70
3 3 980 990 90 80
3 3 990 900 0 90
2 3 0 1 101 100
2 3 100 101 201 200
2 3 200 201 301 300
2 3 300 301 401 400
2 3 400 401 501 500
2 3 500 501 601 600
2 3 600 601 701 700
2 3 700 701 801 800
2 3 800 801 901 900
2 3 900 901 1 0
2 3 1 2 102 101
2 3 101 102 202 201
2 3 201 202 302 301
2 3 301 302 402 401
2 3 401 402 502 501
2 3 501 502 602 601
2 3 601 602 702 701
2 3 701 702 802 801
2 3 801 802 902 901
2 3 901 902 2 1
2 3 2 3 103 102
2 3 102 103 203 202
2 3 202 203 303 302
2 3 302 303 403 402
2 3 402 403 503 502
2 3 502 503 603 602
2 3 602 603 703 702
2 3 702 703 803 802
2 3 802 803 903 902
2 3 902 903 3 2
2 3 3 4 104 103
2 3 103 104 204 203
2 3 203 204 304 303
2 3 303 304 404 403
2 3 403 404 504 503
2 3 503 504 604 603
2 3 603 604 704 703
2 3 703 704 804 803
2 3 803 804 904 903
2 3 903 904 4 3
2 3 4 5 105 104
2 3 104 105 205 204
2 3 204 205 305 304
2 3 304 305 405 404
2 3 404 405 505 504
2 3 504 505 605 604
2 3 604 605 705 704
2 3 704 705 805 804
2 3 804 805 905 904
2 3 904 905 5 4
2 3 5 6 106 105
2 3 105 106 206 205
2 3 205 206 306 305
2 3 305 306 406 405
2 3 405 406 506 505
2 3 505 506 606 605
2 3 605 606 706 705
2 3 705 706 806 805
2 3 805 806 906 905
2 3 905 906 6 5
2 3 6 7 107 106
2 3 106 107 207 206
2 3 206 207 307 306
2 3 306 307 407 406
2 3 406 407 507 506
2 3 506 507 607 606
2 3 606 607 707 706
2 3 706 707 807 806
2 3 806 807 907 906
2 3 906 907 7 6
2 3 7 8 108 107
2 3 107 108 208 207
2 3 207 208 308 307
2 3 307 308 408 407
2 3 407 408 508 507
2 3 507 508 608 607
2 3 607 608 708 707
2 3 707 708 808 807
2 3 807 808 908 907
2 3 907 908 8 7
2 3 8 9 109 108
2 3 108 109 209 208
2 3 208 209 309 308
2 3 308 309 409 408
2 3 408 409 509 508
2 3 508 509 609 608
2 3 608 609 709 708
2 3 708 709 809 808
2 3 808 809 909 908
2 3 908 909 9 8
2 3 9 0 100 109
2 3 109 100 200 209
2 3 209 200 300 309
2 3 309 300 400 409
2 3 409 400 500 509
2 3 509 500 600 609
2 3 609 600 700 709
2 3 709 700 800 809
2 3 809 800 900 909
2 3 909 900 0 9
4 3 0 100 101 1
4 3 100 200 201 101
4 3 200 300 301 201
4 3 300 400 401 301
4 3 400 500 501 401
4 3 500 600 601 501
4 3 600 700 701 601
4 3 700 800 801 701
4 3 800 900 901 801
4 3 900 0 1 901
4 3 1 101 102 2
4 3 101 201 202 102
4 3 201 301 302 202
4 3 301 401 402 302
4 3 401 501 502 402
4 3 501 601 602 502
4 3 601 701 702 602
4 3 701 801 802 702
4 3 801 901 902 802
4 3 901 1 2 902
4 3 2 102 103 3
4 3 102 202 203 103
4 3 202 302 303 203
4 3 302 402 403 303
4 3 402 502 503 403
4 3 502 602 603 503
4 3 602 702 703 603
4 3 702 802 803 703
4 3 802 902 903 803
4 3 902 2 3 903
4 3 3 103 104 4
4 3 103 203 204 104
4 3 203 303 304 204
4 3 303 403 404 304
4 3 403 503 504 404
4 3 503 603 604 504
4 3 603 703 704 604
4 3 703 803 804 704
4 3 803 903 904 804
4 3 903 3 4 904
4 3 4 104 105 5
4 3 104 204 205 105
4 3 204 304 305 205
4 3 304 404 405 305
4 3 404 504 505 405
4 3 504 604 605 505
4 3 604 704 705 605
4 3 704 804 805 705
4 3 804 904 905 805
4 3 904 4 5 905
4 3 5 105 106 6
4 3 105 205 206 106
4 3 205 305 306 206
4 3 305 405 406 306
4 3 405 505 506 406
4 3 505 605 606 506
4 3 605 705 706 606
4 3 705 805 806 706
4 3 805 905 906 806
4 3 905 5 6 906
4 3 6 106 107 7
4 3 106 206 207 107
4 3 206 306 307 207
4 3 306 406 407 307
4 3 406 506 507 407
4 3 506 606 607 507
4 3 606 706 707 607
4 3 706 806 807 707
4 3 806 906 907 807
4 3 906 6 7 907
4 3 7 107 108 8
4 3 107 207 208 108
4 3 207 307 308 208
4 3 307 407 408 308
4 3 407 507 508 408
4 3 507 607 608 508
4 3 607 707 708 608
4 3 707 807 808 708
4 3 807 907 908 808
4 3 907 7 8 908
4 3 8 108 109 9
4 3 108 208 209 109
4 3 208 308 309 209
4 3 308 408 409 309
4 3 408 508 509 409
4 3 508 608 609 509
4 3 608 708 709 609
4 3 708 808 809 709
4 3 808 908 909 809
4 3 908 8 9 909
4 3 9 109 100 0
4 3 109 209 200 100
4 3 209 309 300 200
4 3 309 409 400 300
4 3 409 509 500 400
4 3 509 609 600 500
4 3 609 709 700 600
4 3 709 809 800 700
4 3 809 909 900 800
4 3 909 9 0 900

vertices
1000

nodes
FiniteElementSpace
FiniteElementCollection: L2_T1_3D_P1
VDim: 3
Ordering: 1

0 0 0
0.10000000000000001 0 0
0 0.10000000000000001 0
0.10000000000000001 0.10000000000000001 0
0 0 0.10000000000000001
0.10000000000000001 0 0.10000000000000001
0 0.10000000000000001 0.10000000000000001
0.10000000000000001 0.10000000000000001 0.10000000000000001
0 0.10000000000000001 0
0.10000000000000001 0.10000000000000001 0
0 0.20000000000000001 0
0.10000000000000001 0.20000000000000001 0
0 0.10000000000000001 0.10000000000000001
0.10000000000000001 0.10000000000000001 0.10000000000000001
0 0.20000000000000001 0.10000000000000001
0.10000000000000001 0.20000000000000001 0.10000000000000001
0 0.10000000000000001 0.10000000000000001
0.10000000000000001 0.10000000000000001 0.10000000000000001
0 0.20000000000000001 0.10000000000000001
0.10000000000000001 0.20000000000000001 0.10000000000000001
0 0.10000000000000001 0.20000000000000001
0.10000000000000001 0.10000000000000001 0.20000000000000001
0 0.20000000000000001 0.20000000000000001
0.10000000000000001 0.20000000000000001 0.20000000000000001
0 0 0.10000000000000001
0.10000000000000001 0 0.10000000000000001
0 0.10000000000000001 0.10000000000000001
0.10000000000000001 0.10000000000000001 0.10000000000000001
0 0 0.20000000000000001
0.10000000000000001 0 0.20000000000000001
0 0.10000000000000001 0.20000000000000001
0.10000000000000001 0.10000000000000001 0.20000000000000001
0.10000000000000001 0 0.10000000000000001
0.20000000000000001 0 0.10000000000000001
0.10000000000000001 0.10000000000000001 0.10000000000000001
0.20000000000000001 0.10000000000000001 0.10000000000000001
0.10000000000000001 0 0.20000000000000001
0.20000000000000001 0 0.20000000000000001
0.10000000000000001 0.10000000000000001 0.20000000000000001
0.20000000000000001 0.10000000000000001 0.20000000000000001
0.10000000000000001 0.10000000000000001 0.10000000000000001
0.20000000000000001 0.10000000000000001 0.10000000000000001
0.10000000000000001 0.20000000000000001 0.10000000000000001
0.20000000000000001 0.20000000000000001 0.10000000000000001
0.10000000000000001 0.10000000000000001 0.20000000000000001
0.20000000000000001 0.10000000000000001 0.20000000000000001
0.10000000000000001 0.20000000000000001 0.20000000000000001
0.20000000000000001 0.20000000000000001 0.20000000000000001
0.10000000000000001 0.10000000000000001 0
0.20000000000000001 0.10000000000000001 0
0.10000000000000001 0.20000000000000001 0
0.20000000000000001 0.20000000000000001 0
0.10000000000000001 0.10000000000000001 0.10000000000000001
0.20000000000000001 0.10000000000000001 0.10000000000000001
0.10000000000000001 0.20000000000000001 0.10000000000000001
0.20000000000000001 0.20000000000000001 0.10000000000000001
0.10000000000000001 0 0
0.20000000000000001 0 0
0.10000000000000001 0.10000000000000001 0
0.20000000000000001 0.10000000000000001 0
0.10000000000000001 0 0.10000000000000001
0.20000000000000001 0 0.10000000000000001
0.10000000000000001 0.10000000000000001 0.10000000000000001
0.20000000000000001 0.10000000000000001 0.10000000000000001
0.20000000000000001 0 0
0.29999999999999999 0 0
0.20000000000000001 0.10000000000000001 0
0.29999999999999999 0.10000000000000001 0
0.20000000000000001 0 0.10000000000000001
0.29999999999999999 0 0.10000000000000001
0.20000000000000001 0.10000000000000001 0.10000000000000001
0.29999999999999999 0.10000000000000001 0.10000000000000001
0.20000000000000001 0 0.10000000000000001
0.29999999999999999 0 0.10000000000000001
0.20000000000000001 0.10000000000000001 0.10000000000000001
0.29999999999999999 0.10000000000000001 0.10000000000000001
0.20000000000000001 0 0.20000000000000001
0.29999999999999999 0 0.20000000000000001
0.20000000000000001 0.10000000000000001 0.20000000000000001
0.29999999999999999 0.10000000000000001 0.20000000000000001
0.29999999999999999 0 0.10000000000000001
0.40000000000000002 0 0.10000000000000001
0.29999999999999999 0.10000000000000001 0.10000000000000001
0.40000000000000002 0.10000000000000001 0.10000000000000001
0.29999999999999999 0 0.20000000000000001
0.40000000000000002 0 0.20000000000000001
0.29999999999999999 0.10000000000000001 0.20000000000000001
0.40000000000000002 0.10000000000000001 0.20000000000000001
0.29999999999999999 0 0
0.40000000000000002 0 0
0.29999999999999999 0.10000000000000001 0
0.40000000000000002 0.10000000000000001 0
0.29999999999999999 0 0.10000000000000001
0.40000000000000002 0 0.10000000000000001
0.29999999999999999 0.10000000000000001 0.10000000000000001
0.40000000000000002 0.10000000000000001 0.10000000000000001
0.29999999999999999 0.10000000000000001 0
0.40000000000000002 0.10000000000000001 0
0.29999999999999999 0.20000000000000001 0
0.40000000000000002 0.20000000000000001 0
0.29999999999999999 0.10000000000000001 0.10000000000000001
0.40000000000000002 0.10000000000000001 0.10000000000000001
0.29999999999999999 0.20000000000000001 0.10000000000000001
0.40000000000000002 0.20000000000000001 0.10000000000000001
0.29999999999999999 0.10000000000000001 0.10000000000000001
0.40000000000000002 0.10000000000000001 0.10000000000000001
0.29999999999999999 0.20000000000000001 0.10000000000000001
0.40000000000000002 0.20000000000000001 0.10000000000000001
0.29999999999999999 0.10000000000000001 0.20000000000000001
0.40000000000000002 0.10000000000000001 0.20000000000000001
0.29999999999999999 0.20000000000000001 0.20000000000000001
0.40000000000000002 0.20000000000000001 0.20000000000000001
0.20000000000000001 0.10000000000000001 0.10000000000000001
0.29999999999999999 0.10000000000000001 0.10000000000000001
0.20000000000000001 0.20000000000000001 0.10000000000000001
0.29999999999999999 0.20000000000000001 0.10000000000000001
0.20000000000000001 0.10000000000000001 0.20000000000000001
0.29999999999999999 0.10000000000000001 0.20000000000000001
0.20000000000000001 0.20000000000000001 0.20000000000000001
0.29999999999999999 0.20000000000000001 0.20000000000000001
0.20000000000000001 0.10000000000000001 0
0.29999999999999999 0.10000000000000001 0
0.20000000000000001 0.20000000000000001 0
0.29999999999999999 0.20000000000000001 0
0.20000000000000001 0.10000000000000001 0.10000000000000001
0.29999999999999999 0.10000000000000001 0.10000000000000001
0.20000000000000001 0.20000000000000001 0.10000000000000001
0.29999999999999999 0.20000000000000001 0.10000000000000001
0.20000000000000001 0.20000000000000001 0
0.29999999999999999 0.20000000000000001 0
0.20000000000000001 0.29999999999999999 0
0.29999999999999999 0.29999999999999999 0
0.20000000000000001 0.20000000000000001 0.10000000000000001
0.29999999999999999 0.20000000000000001 0.10000000000000001
0.20000000000000001 0.29999999999999999 0.10000000000000001
0.29999999999999999 0.29999999999999999 0.10000000000000001
0.20000000000000001 0.20000000000000001 0.10000000000000001
0.29999999999999999 0.20000000000000001 0.10000000000000001
0.20000000000000001 0.29999999999999999 0.10000000000000001
0.29999999999999999 0.29999999999999999 0.10000000000000001
0.20000000000000001 0.20000000000000001 0.20000000000000001
0.29999999999999999 0.20000000000000001 0.20000000000000001
0.20000000000000001 0.29999999999999999 0.20000000000000001
0.29999999999999999 0.29999999999999999 0.20000000000000001
0.29999999999999999 0.20000000000000001 0.10000000000000001
0.40000000000000002 0.20000000000000001 0.10000000000000001
0.29999999999999999 0.29999999999999999 0.10000000000000001
0.40000000000000002 0.29999999999999999 0.10000000000000001
0.29999999999999999 0.20000000000000001 0.20000000000000001
0.40000000000000002 0.20000000000000001 0.20000000000000001
0.29999999999999999 0.29999999999999999 0.20000000000000001
0.40000000000000002 0.29999999999999999 0.20000000000000001
0.29999999999999999 0.20000000000000001 0
0.40000000000000002 0.20000000000000001 0
0.29999999999999999 0.29999999999999999 0
0.40000000000000002 0.29999999999999999 0
0.29999999999999999 0.20000000000000001 0.10000000000000001
0.40000000000000002 0.20000000000000001 0.10000000000000001
0.29999999999999999 0.29999999999999999 0.10000000000000001
0.40000000000000002 0.29999999999999999 0.10000000000000001
0.29999999999999999 0.29999999999999999 0
0.40000000000000002 0.29999999999999999 0
0.29999999999999999 0.40000000000000002 0
0.40000000000000002 0.40000000000000002 0
0.29999999999999999 0.29999999999999999 0.10000000000000001
0.40000000000000002 0.29999999999999999 0.10000000000000001
0.29999999999999999 0.40000000000000002 0.10000000000000001
0.40000000000000002 0.40000000000000002 0.10000000000000001
0.29999999999999999 0.29999999999999999 0.10000000000000001
0.40000000000000002 0.29999999999999999 0.10000000000000001
0.29999999999999999 0.40000000000000002 0.10000000000000001
0.40000000000000002 0.40000000000000002 0.10000000000000001
0.29999999999999999 0.29999999999999999 0.20000000000000001
0.40000000000000002 0.29999999999999999 0.20000000000000001
0.29999999999999999 0.40000000000000002 0.20000000000000001
0.40000000000000002 0.40000000000000002 0.20000000000000001
0.20000000000000001 0.29999999999999999 0.10000000000000001
0.29999999999999999 0.29999999999999999 0.10000000000000001
0.20000000000000001 0.40000000000000002 0.10000000000000001
0.29999999999999999 0.40000000000000002 0.10000000000000001
0.20000000000000001 0.29999999999999999 0.20000000000000001
0.29999999999999999 0.29999999999999999 0.20000000000000001
0.20000000000000001 0.40000000000000002 0.20000000000000001
0.29999999999999999 0.40000000000000002 0.20000000000000001
0.20000000000000001 0.29999999999999999 0
0.29999999999999999 0.29999999999999999 0
0.20000000000000001 0.40000000000000002 0
0.29999999999999999 0.40000000000000002 0
0.20000000000000001 0.29999999999999999 0.10000000000000001
0.29999999999999999 0.29999999999999999 0.10000000000000001
0.20000000000000001 0.40000000000000002 0.10000000000000001
0.29999999999999999 0.40000000000000002 0.10000000000000001
0.10000000000000001 0.29999999999999999 0
0.20000000000000001 0.29999999999999999 0
0.10000000000000001 0.40000000000000002 0
0.20000000000000001 0.40000000000000002 0
0.10000000000000001 0.29999999999999999 0.10000000000000001
0.20000000000000001 0.29999999999999999 0.10000000000000001
0.10000000000000001 0.40000000000000002 0.10000000000000001
0.20000000000000001 0.40000000000000002 0.10000000000000001
0 0.29999999999999999 0
0.10000000000000001 0.29999999999999999 0
0 0.40000000000000002 0
0.10000000000000001 0.40000000000000002 0
0 0.29999999999999999 0.10000000000000001
0.10000000000000001 0.29999999999999999 0.10000000000000001
0 0.40000000000000002 0.10000000000000001
0.10000000000000001 0.40000000000000002 0.10000000000000001
0 0.20000000000000001 0
0.10000000000000001 0.20000000000000001 0
0 0.29999999999999999 0
0.10000000000000001 0.29999999999999999 0
0 0.20000000000000001 0.10000000000000001
0.10000000000000001 0.20000000000000001 0.10000000000000001
0 0.29999999999999999 0.10000000000000001
0.10000000000000001 0.29999999999999999 0.10000000000000001
0.10000000000000001 0.20000000000000001 0
0.20000000000000001 0.20000000000000001 0
0.10000000000000001 0.29999999999999999 0
0.20000000000000001 0.29999999999999999 0
0.10000000000000001 0.20000000000000001 0.10000000000000001
0.20000000000000001 0.20000000000000001 0.10000000000000001
0.10000000000000001 0.29999999999999999 0.10000000000000001
0.20000000000000001 0.29999999999999999 0.10000000000000001
0.10000000000000001 0.20000000000000001 0.10000000000000001
0.20000000000000001 0.20000000000000001 0.10000000000000001
0.10000000000000001 0.29999999999999999 0.10000000000000001
0.20000000000000001 0.29999999999999999 0.10000000000000001
0.10000000000000001 0.20000000000000001 0.20000000000000001
0.20000000000000001 0.20000000000000001 0.20000000000000001
0.10000000000000001 0.29999999999999999 0.20000000000000001
0.20000000000000001 0.29999999999999999 0.20000000000000001
0 0.20000000000000001 0.10000000000000001
0.10000000000000001 0.20000000000000001 0.10000000000000001
0 0.29999999999999999 0.10000000000000001
0.10000000000000001 0.29999999999999999 0.10000000000000001
0 0.20000000000000001 0.20000000000000001
0.10000000000000001 0.20000000000000001 0.20000000000000001
0 0.29999999999999999 0.20000000000000001
0.10000000000000001 0.29999999999999999 0.20000000000000001
0 0.29999999999999999 0.10000000000000001
0.10000000000000001 0.29999999999999999 0.10000000000000001
0 0.40000000000000002 0.10000000000000001
0.10000000000000001 0.40000000000000002 0.10000000000000001
0 0.29999999999999999 0.20000000000000001
0.10000000000000001 0.29999999999999999 0.20000000000000001
0 0.40000000000000002 0.20000000000000001
0.10000000000000001 0.40000000000000002 0.20000000000000001
0.10000000000000001 0.29999999999999999 0.10000000000000001
0.20000000000000001 0.29999999999999999 0.10000000000000001
0.10000000000000001 0.40000000000000002 0.10000000000000001
0.20000000000000001 0.40000000000000002 0.10000000000000001
0.10000000000000001 0.29999999999999999 0.20000000000000001
0.20000000000000001 0.29999999999999999 0.20000000000000001
0.10000000000000001 0.40000000000000002 0.20000000000000001
0.20000000000000001 0.40000000000000002 0.20000000000000001
0.10000000000000001 0.29999999999999999 0.20000000000000001
0.20000000000000001 0.29999999999999999 0.20000000000000001
0.10000000000000001 0.40000000000000002 0.20000000000000001
0.20000000000000001 0.40000000000000002 0.20000000000000001
0.10000000000000001 0.29999999999999999 0.29999999999999999
0.20000000000000001 0.29999999999999999 0.29999999999999999
0.10000000000000001 0.40000000000000002 0.29999999999999999
0.20000000000000001 0.40000000000000002 0.29999999999999999
0 0.29999999999999999 0.20000000000000001
0.10000000000000001 0.29999999999999999 0.20000000000000001
0 0.40000000000000002 0.20000000000000001
0.10000000000000001 0.40000000000000002 0.20000000000000001
0 0.29999999999999999 0.29999999999999999
0.10000000000000001 0.29999999999999999 0.29999999999999999
0 0.40000000000000002 0.29999999999999999
0.10000000000000001 0.40000000000000002 0.29999999999999999
0 0.20000000000000001 0.20000000000000001
0.10000000000000001 0.20000000000000001 0.20000000000000001
0 0.29999999999999999 0.20000000000000001
0.10000000000000001 0.29999999999999999 0.20000000000000001
0 0.20000000000000001 0.29999999999999999
0.10000000000000001 0.20000000000000001 0.29999999999999999
0 0.29999999999999999 0.29999999999999999
0.10000000000000001 0.29999999999999999 0.29999999999999999
0.10000000000000001 0.20000000000000001 0.20000000000000001
0.20000000000000001 0.20000000000000001 0.20000000000000001
0.10000000000000001 0.29999999999999999 0.20000000000000001
0.20000000000000001 0.29999999999999999 0.20000000000000001
0.10000000000000001 0.20000000000000001 0.29999999999999999
0.20000000000000001 0.20000000000000001 0.29999999999999999
0.10000000000000001 0.29999999999999999 0.29999999999999999
0.20000000000000001 0.29999999999999999 0.29999999999999999
0.10000000000000001 0.20000000000000001 0.29999999999999999
0.20000000000000001 0.20000000000000001 0.29999999999999999
0.10000000000000001 0.29999999999999999 0.29999999999999999
0.20000000000000001 0.29999999999999999 0.29999999999999999
0.10000000000000001 0.20000000000000001 0.40000000000000002
0.20000000000000001 0.20000000000000001 0.40000000000000002
0.10000000000000001 0.29999999999999999 0.40000000000000002
0.20000000000000001 0.29999999999999999 0.40000000000000002
0 0.20000000000000001 0.29999999999999999
0.10000000000000001 0.20000000000000001 0.29999999999999999
0 0.29999999999999999 0.29999999999999999
0.10000000000000001 0.29999999999999999 0.29999999999999999
0 0.20000000000000001 0.40000000000000002
0.10000000000000001 0.20000000000000001 0.40000000000000002
0 0.29999999999999999 0.40000000000000002
0.10000000000000001 0.29999999999999999 0.40000000000000002
0 0.29999999999999999 0.29999999999999999
0.10000000000000001 0.29999999999999999 0.29999999999999999
0 0.40000000000000002 0.29999999999999999
0.10000000000000001 0.40000000000000002 0.29999999999999999
0 0.29999999999999999 0.40000000000000002
0.10000000000000001 0.29999999999999999 0.40000000000000002
0 0.40000000000000002 0.40000000000000002
0.10000000000000001 0.40000000000000002 0.40000000000000002
0.10000000000000001 0.29999999999999999 0.29999999999999999
0.20000000000000001 0.29999999999999999 0.29999999999999999
0.10000000000000001 0.40000000000000002 0.29999999999999999
0.20000000000000001 0.40000000000000002 0.29999999999999999
0.10000000000000001 0.29999999999999999 0.40000000000000002
0.20000000000000001 0.29999999999999999 0.40000000000000002
0.10000000000000001 0.40000000000000002 0.40000000000000002
0.20000000000000001 0.40000000000000002 0.40000000000000002
0.20000000000000001 0.29999999999999999 0.29999999999999999
0.29999999999999999 0.29999999999999999 0.29999999999999999
0.20000000000000001 0.40000000000000002 0.29999999999999999
0.29999999999999999 0.40000000000000002 0.29999999999999999
0.20000000000000001 0.29999999999999999 0.40000000000000002
0.29999999999999999 0.29999999999999999 0.40000000000000002
0.20000000000000001 0.40000000000000002 0.40000000000000002
0.29999999999999999 0.40000000000000002 0.40000000000000002
0.20000000000000001 0.29999999999999999 0.20000000000000001
0.29999999999999999 0.29999999999999999 0.20000000000000001
0.20000000000000001 0.40000000000000002 0.20000000000000001
0.29999999999999999 0.40000000000000002 0.20000000000000001
0.20000000000000001 0.29999999999999999 0.29999999999999999
0.29999999999999999 0.29999999999999999 0.29999999999999999
0.20000000000000001 0.40000000000000002 0.29999999999999999
0.29999999999999999 0.40000000000000002 0.29999999999999999
0.29999999999999999 0.29999999999999999 0.20000000000000001
0.40000000000000002 0.29999999999999999 0.20000000000000001
0.29999999999999999 0.40000000000000002 0.20000000000000001
0.40000000000000002 0.40000000000000002 0.20000000000000001
0.29999999999999999 0.29999999999999999 0.29999999999999999
0.40000000000000002 0.29999999999999999 0.29999999999999999
0.29999999999999999 0.40000000000000002 0.29999999999999999
0.40000000000000002 0.40000000000000002 0.29999999999999999
0.29999999999999999 0.29999999999999999 0.29999999999999999
0.40000000000000002 0.29999999999999999 0.29999999999999999
0.29999999999999999 0.40000000000000002 0.29999999999999999
0.40000000000000002 0.40000000000000002 0.29999999999999999
0.29999999999999999 0.29999999999999999 0.40000000000000002
0.40000000000000002 0.29999999999999999 0.40000000000000002
0.29999999999999999 0.40000000000000002 0.40000000000000002
0.40000000000000002 0.40000000000000002 0.40000000000000002
0.29999999999999999 0.20000000000000001 0.29999999999999999
0.40000000000000002 0.20000000000000001 0.29999999999999999
0.29999999999999999 0.29999999999999999 0.29999999999999999
0.40000000000000002 0.29999999999999999 0.29999999999999999
0.29999999999999999 0.20000000000000001 0.40000000000000002
0.40000000000000002 0.20000000000000001 0.40000000000000002
0.29999999999999999 0.29999999999999999 0.40000000000000002
0.40000000000000002 0.29999999999999999 0.40000000000000002
0.29999999999999999 0.20000000000000001 0.20000000000000001
0.40000000000000002 0.20000000000000001 0.20000000000000001
0.29999999999999999 0.29999999999999999 0.20000000000000001
0.40000000000000002 0.29999999999999999 0.20000000000000001
0.29999999999999999 0.20000000000000001 0.29999999999999999
0.40000000000000002 0.20000000000000001 0.29999999999999999
0.29999999999999999 0.29999999999999999 0.29999999999999999
0.40000000000000002 0.29999999999999999 0.29999999999999999
0.20000000000000001 0.20000000000000001 0.20000000000000001
0.29999999999999999 0.20000000000000001 0.20000000000000001
0.20000000000000001 0.29999999999999999 0.20000000000000001
0.29999999999999999 0.29999999999999999 0.20000000000000001
0.20000000000000001 0.20000000000000001 0.29999999999999999
0.29999999999999999 0.20000000000000001 0.29999999999999999
0.20000000000000001 0.29999999999999999 0.29999999999999999
0.29999999999999999 0.29999999999999999 0.29999999999999999
0.20000000000000001 0.20000000000000001 0.29999999999999999
0.29999999999999999 0.20000000000000001 0.29999999999999999
0.20000000000000001 0.29999999999999999 0.29999999999999999
0.29999999999999999 0.29999999999999999 0.29999999999999999
0.20000000000000001 0.20000000000000001 0.40000000000000002
0.29999999999999999 0.20000000000000001 0.40000000000000002
0.20000000000000001 0.29999999999999999 0.40000000000000002
0.29999999999999999 0.29999999999999999 0.40000000000000002
0.20000000000000001 0.10000000000000001 0.29999999999999999
0.29999999999999999 0.10000000000000001 0.29999999999999999
0.20000000000000001 0.20000000000000001 0.29999999999999999
0.29999999999999999 0.20000000000000001 0.29999999999999999
0.20000000000000001 0.10000000000000001 0.40000000000000002
0.29999999999999999 0.10000000000000001 0.40000000000000002
0.20000000000000001 0.20000000000000001 0.40000000000000002
0.29999999999999999 0.20000000000000001 0.40000000000000002
0.20000000000000001 0.10000000000000001 0.20000000000000001
0.29999999999999999 0.10000000000000001 0.20000000000000001
0.20000000000000001 0.20000000000000001 0.20000000000000001
0.29999999999999999 0.20000000000000001 0.20000000000000001
0.20000000000000001 0.10000000000000001 0.29999999999999999
0.29999999999999999 0.10000000000000001 0.29999999999999999
0.20000000000000001 0.20000000000000001 0.29999999999999999
0.29999999999999999 0.20000000000000001 0.29999999999999999
0.29999999999999999 0.10000000000000001 0.20000000000000001
0.40000000000000002 0.10000000000000001 0.20000000000000001
0.29999999999999999 0.20000000000000001 0.20000000000000001
0.40000000000000002 0.20000000000000001 0.20000000000000001
0.29999999999999999 0.10000000000000001 0.29999999999999999
0.40000000000000002 0.10000000000000001 0.29999999999999999
0.29999999999999999 0.20000000000000001 0.29999999999999999
0.40000000000000002 0.20000000000000001 0.29999999999999999
0.29999999999999999 0.10000000000000001 0.29999999999999999
0.40000000000000002 0.10000000000000001 0.29999999999999999
0.29999999999999999 0.20000000000000001 0.29999999999999999
0.40000000000000002 0.20000000000000001 0.29999999999999999
0.29999999999999999 0.10000000000000001 0.40000000000000002
0.40000000000000002 0.10000000000000001 0.40000000000000002
0.29999999999999999 0.20000000000000001 0.40000000000000002
0.40000000000000002 0.20000000000000001 0.40000000000000002
0.29999999999999999 0 0.29999999999999999
0.40000000000000002 0 0.29999999999999999
0.29999999999999999 0.10000000000000001 0.29999999999999999
0.40000000000000002 0.10000000000000001 0.29999999999999999
0.29999999999999999 0 0.40000000000000002
0.40000000000000002 0 0.40000000000000002
0.29999999999999999 0.10000000000000001 0.40000000000000002
0.40000000000000002 0.10000000000000001 0.40000000000000002
0.29999999999999999 0 0.20000000000000001
0.40000000000000002 0 0.20000000000000001
0.29999999999999999 0.10000000000000001 0.20000000000000001
0.40000000000000002 0.10000000000000001 0.20000000000000001
0.29999999999999999 0 0.29999999999999999
0.40000000000000002 0 0.29999999999999999
0.29999999999999999 0.10000000000000001 0.29999999999999999
0.40000000000000002 0.10000000000000001 0.29999999999999999
0.20000000000000001 0 0.20000000000000001
0.29999999999999999 0 0.20000000000000001
0.20000000000000001 0.10000000000000001 0.20000000000000001
0.29999999999999999 0.10000000000000001 0.20000000000000001
0.20000000000000001 0 0.29999999999999999
0.29999999999999999 0 0.29999999999999999
0.20000000000000001 0.10000000000000001 0.29999999999999999
0.29999999999999999 0.10000000000000001 0.29999999999999999
0.20000000000000001 0 0.29999999999999999
0.29999999999999999 0 0.29999999999999999
0.20000000000000001 0.10000000000000001 0.29999999999999999
0.29999999999999999 0.10000000000000001 0.29999999999999999
0.20000000000000001 0 0.40000000000000002
0.29999999999999999 0 0.40000000000000002
0.20000000000000001 0.10000000000000001 0.40000000000000002
0.29999999999999999 0.10000000000000001 0.40000000000000002
0.10000000000000001 0 0.29999999999999999
0.20000000000000001 0 0.29999999999999999
0.10000000000000001 0.10000000000000001 0.29999999999999999
0.20000000000000001 0.10000000000000001 0.29999999999999999
0.10000000000000001 0 0.40000000000000002
0.20000000000000001 0 0.40000000000000002
0.10000000000000001 0.10000000000000001 0.40000000000000002
0.20000000000000001 0.10000000000000001 0.40000000000000002
0.10000000000000001 0.10000000000000001 0.29999999999999999
0.20000000000000001 0.10000000000000001 0.29999999999999999
0.10000000000000001 0.20000000000000001 0.29999999999999999
0.20000000000000001 0.20000000000000001 0.29999999999999999
0.10000000000000001 0.10000000000000001 0.40000000000000002
0.20000000000000001 0.10000000000000001 0.40000000000000002
0.10000000000000001 0.20000000000000001 0.40000000000000002
0.20000000000000001 0.20000000000000001 0.40000000000000002
0.10000000000000001 0.10000000000000001 0.20000000000000001
0.20000000000000001 0.10000000000000001 0.20000000000000001
0.10000000000000001 0.20000000000000001 0.20000000000000001
0.20000000000000001 0.20000000000000001 0.20000000000000001
0.10000000000000001 0.10000000000000001 0.29999999999999999
0.20000000000000001 0.10000000000000001 0.29999999999999999
0.10000000000000001 0.20000000000000001 0.29999999999999999
0.20000000000000001 0.20000000000000001 0.29999999999999999
0.10000000000000001 0 0.20000000000000001
0.20000000000000001 0 0.20000000000000001
0.10000000000000001 0.10000000000000001 0.20000000000000001
0.20000000000000001 0.10000000000000001 0.20000000000000001
0.10000000000000001 0 0.29999999999999999
0.20000000000000001 0 0.29999999999999999
0.10000000000000001 0.10000000000000001 0.29999999999999999
0.20000000000000001 0.10000000000000001 0.29999999999999999
0 0 0.20000000000000001
0.10000000000000001 0 0.20000000000000001
0 0.10000000000000001 0.20000000000000001
0.10000000000000001 0.10000000000000001 0.20000000000000001
0 0 0.29999999999999999
0.10000000000000001 0 0.29999999999999999
0 0.10000000000000001 0.29999999999999999
0.10000000000000001 0.10000000000000001 0.29999999999999999
0 0.10000000000000001 0.20000000000000001
0.10000000000000001 0.10000000000000001 0.20000000000000001
0 0.20000000000000001 0.20000000000000001
0.10000000000000001 0.20000000000000001 0.20000000000000001
0 0.10000000000000001 0.29999999999999999
0.10000000000000001 0.10000000000000001 0.29999999999999999
0 0.20000000000000001 0.29999999999999999
0.10000000000000001 0.20000000000000001 0.29999999999999999
0 0.10000000000000001 0.29999999999999999
0.10000000000000001 0.10000000000000001 0.29999999999999999
0 0.20000000000000001 0.29999999999999999
0.10000000000000001 0.20000000000000001 0.29999999999999999
0 0.10000000000000001 0.40000000000000002
0.10000000000000001 0.10000000000000001 0.40000000000000002
0 0.20000000000000001 0.40000000000000002
0.10000000000000001 0.20000000000000001 0.40000000000000002
0 0 0.29999999999999999
0.10000000000000001 0 0.29999999999999999
0 0.10000000000000001 0.29999999999999999
0.10000000000000001 0.10000000000000001 0.29999999999999999
0 0 0.40000000000000002
0.10000000000000001 0 0.40000000000000002
0 0.10000000000000001 0.40000000000000002
0.10000000000000001 0.10000000000000001 0.40000000000000002
0 0 0.40000000000000002
0.10000000000000001 0 0.40000000000000002
0 0.10000000000000001 0.40000000000000002
0.10000000000000001 0.10000000000000001 0.40000000000000002
0 0 0.5
0.10000000000000001 0 0.5
0 0.10000000000000001 0.5
0.10000000000000001 0.10000000000000001 0.5
0 0 0.5
0.10000000000000001 0 0.5
0 0.10000000000000001 0.5
0.10000000000000001 0.10000000000000001 0.5
0 0 0.59999999999999998
0.10000000000000001 0 0.59999999999999998
0 0.10000000000000001 0.59999999999999998
0.10000000000000001 0.10000000000000001 0.59999999999999998
0.10000000000000001 0 0.5
0.20000000000000001 0 0.5
0.10000000000000001 0.10000000000000001 0.5
0.20000000000000001 0.10000000000000001 0.5
0.10000000000000001 0 0.59999999999999998
0.20000000000000001 0 0.59999999999999998
0.10000000000000001 0.10000000000000001 0.59999999999999998
0.20000000000000001 0.10000000000000001 0.59999999999999998
0.10000000000000001 0 0.40000000000000002
0.20000000000000001 0 0.40000000000000002
0.10000000000000001 0.10000000000000001 0.40000000000000002
0.20000000000000001 0.10000000000000001 0.40000000000000002
0.10000000000000001 0 0.5
0.20000000000000001 0 0.5
0.10000000000000001 0.10000000000000001 0.5
0.20000000000000001 0.10000000000000001 0.5
0.20000000000000001 0 0.40000000000000002
0.29999999999999999 0 0.40000000000000002
0.20000000000000001 0.10000000000000001 0.40000000000000002
0.29999999999999999 0.10000000000000001 0.40000000000000002
0.20000000000000001 0 0.5
0.29999999999999999 0 0.5
0.20000000000000001 0.10000000000000001 0.5
0.29999999999999999 0.10000000000000001 0.5
0.20000000000000001 0 0.5
0.29999999999999999 0 0.5
0.20000000000000001 0.10000000000000001 0.5
0.29999999999999999 0.10000000000000001 0.5
0.20000000000000001 0 0.59999999999999998
0.29999999999999999 0 0.59999999999999998
0.20000000000000001 0.10000000000000001 0.59999999999999998
0.29999999999999999 0.10000000000000001 0.59999999999999998
0.29999999999999999 0 0.5
0.40000000000000002 0 0.5
0.29999999999999999 0.10000000000000001 0.5
0.40000000000000002 0.10000000000000001 0.5
0.29999999999999999 0 0.59999999999999998
0.40000000000000002 0 0.59999999999999998
0.29999999999999999 0.10000000000000001 0.59999999999999998
0.40000000000000002 0.10000000000000001 0.59999999999999998
0.29999999999999999 0 0.40000000000000002
0.40000000000000002 0 0.40000000000000002
0.29999999999999999 0.10000000000000001 0.40000000000000002
0.40000000000000002 0.10000000000000001 0.40000000000000002
0.29999999999999999 0 0.5
0.40000000000000002 0 0.5
0.29999999999999999 0.10000000000000001 0.5
0.40000000000000002 0.10000000000000001 0.5
0.29999999999999999 0.10000000000000001 0.40000000000000002
0.40000000000000002 0.10000000000000001 0.40000000000000002
0.29999999999999999 0.20000000000000001 0.40000000000000002
0.40000000000000002 0.20000000000000001 0.40000000000000002
0.29999999999999999 0.10000000000000001 0.5
0.40000000000000002 0.10000000000000001 0.5
0.29999999999999999 0.20000000000000001 0.5
0.40000000000000002 0.20000000000000001 0.5
0.29999999999999999 0.10000000000000001 0.5
0.40000000000000002 0.10000000000000001 0.5
0.29999999999999999 0.20000000000000001 0.5
0.40000000000000002 0.20000000000000001 0.5
0.29999999999999999 0.10000000000000001 0.59999999999999998
0.40000000000000002 0.10000000000000001 0.59999999999999998
0.29999999999999999 0.20000000000000001 0.59999999999999998
0.40000000000000002 0.20000000000000001 0.59999999999999998
0.20000000000000001 0.10000000000000001 0.5
0.29999999999999999 0.10000000000000001 0.5
0.20000000000000001 0.20000000000000001 0.5
0.29999999999999999 0.20000000000000001 0.5
0.20000000000000001 0.10000000000000001 0.59999999999999998
0.29999999999999999 0.10000000000000001 0.59999999999999998
0.20000000000000001 0.20000000000000001 0.59999999999999998
0.29999999999999999 0.20000000000000001 0.59999999999999998
0.20000000000000001 0.10000000000000001 0.40000000000000002
0.29999999999999999 0.10000000000000001 0.40000000000000002
0.20000000000000001 0.20000000000000001 0.40000000000000002
0.29999999999999999 0.20000000000000001 0.40000000000000002
0.20000000000000001 0.10000000000000001 0.5
0.29999999999999999 0.10000000000000001 0.5
0.20000000000000001 0.20000000000000001 0.5
0.29999999999999999 0.20000000000000001 0.5
0.10000000000000001 0.10000000000000001 0.40000000000000002
0.20000000000000001 0.10000000000000001 0.40000000000000002
0.10000000000000001 0.20000000000000001 0.40000000000000002
0.20000000000000001 0.20000000000000001 0.40000000000000002
0.10000000000000001 0.10000000000000001 0.5
0.20000000000000001 0.10000000000000001 0.5
0.10000000000000001 0.20000000000000001 0.5
0.20000000000000001 0.20000000000000001 0.5
0.10000000000000001 0.10000000000000001 0.5
0.20000000000000001 0.10000000000000001 0.5
0.10000000000000001 0.20000000000000001 0.5
0.20000000000000001 0.20000000000000001 0.5
0.10000000000000001 0.10000000000000001 0.59999999999999998
0.20000000000000001 0.10000000000000001 0.59999999999999998
0.10000000000000001 0.20000000000000001 0.59999999999999998
0.20000000000000001 0.20000000000000001 0.59999999999999998
0 0.10000000000000001 0.5
0.10000000000000001 0.10000000000000001 0.5
0 0.20000000000000001 0.5
0.10000000000000001 0.20000000000000001 0.5
0 0.10000000000000001 0.59999999999999998
0.10000000000000001 0.10000000000000001 0.59999999999999998
0 0.20000000000000001 0.59999999999999998
0.10000000000000001 0.20000000000000001 0.59999999999999998
0 0.10000000000000001 0.40000000000000002
0.10000000000000001 0.10000000000000001 0.40000000000000002
0 0.20000000000000001 0.40000000000000002
0.10000000000000001 0.20000000000000001 0.40000000000000002
0 0.10000000000000001 0.5
0.10000000000000001 0.10000000000000001 0.5
0 0.20000000000000001 0.5
0.10000000000000001 0.20000000000000001 0.5
0 0.20000000000000001 0.40000000000000002
0.10000000000000001 0.20000000000000001 0.40000000000000002
0 0.29999999999999999 0.40000000000000002
0.10000000000000001 0.29999999999999999 0.40000000000000002
0 0.20000000000000001 0.5
0.10000000000000001 0.20000000000000001 0.5
0 0.29999999999999999 0.5
0.10000000000000001 0.29999999999999999 0.5
0 0.29999999999999999 0.40000000000000002
0.10000000000000001 0.29999999999999999 0.40000000000000002
0 0.40000000000000002 0.40000000000000002
0.10000000000000001 0.40000000000000002 0.40000000000000002
0 0.29999999999999999 0.5
0.10000000000000001 0.29999999999999999 0.5
0 0.40000000000000002 0.5
0.10000000000000001 0.40000000000000002 0.5
0 0.29999999999999999 0.5
0.10000000000000001 0.29999999999999999 0.5
0 0.40000000000000002 0.5
0.10000000000000001 0.40000000000000002 0.5
0 0.29999999999999999 0.59999999999999998
0.10000000000000001 0.29999999999999999 0.59999999999999998
0 0.40000000000000002 0.59999999999999998
0.10000000000000001 0.40000000000000002 0.59999999999999998
0 0.20000000000000001 0.5
0.10000000000000001 0.20000000000000001 0.5
0 0.29999999999999999 0.5
0.10000000000000001 0.29999999999999999 0.5
0 0.20000000000000001 0.59999999999999998
0.10000000000000001 0.20000000000000001 0.59999999999999998
0 0.29999999999999999 0.59999999999999998
0.10000000000000001 0.29999999999999999 0.59999999999999998
0.10000000000000001 0.20000000000000001 0.5
0.20000000000000001 0.20000000000000001 0.5
0.10000000000000001 0.29999999999999999 0.5
0.20000000000000001 0.29999999999999999 0.5
0.10000000000000001 0.20000000000000001 0.59999999999999998
0.20000000000000001 0.20000000000000001 0.59999999999999998
0.10000000000000001 0.29999999999999999 0.59999999999999998
0.20000000000000001 0.29999999999999999 0.59999999999999998
0.10000000000000001 0.29999999999999999 0.5
0.20000000000000001 0.29999999999999999 0.5
0.10000000000000001 0.40000000000000002 0.5
0.20000000000000001 0.40000000000000002 0.5
0.10000000000000001 0.29999999999999999 0.59999999999999998
0.20000000000000001 0.29999999999999999 0.59999999999999998
0.10000000000000001 0.40000000000000002 0.59999999999999998
0.20000000000000001 0.40000000000000002 0.59999999999999998
0.10000000000000001 0.29999999999999999 0.40000000000000002
0.20000000000000001 0.29999999999999999 0.40000000000000002
0.10000000000000001 0.40000000000000002 0.40000000000000002
0.20000000000000001 0.40000000000000002 0.40000000000000002
0.10000000000000001 0.29999999999999999 0.5
0.20000000000000001 0.29999999999999999 0.5
0.10000000000000001 0.40000000000000002 0.5
0.20000000000000001 0.40000000000000002 0.5
0.10000000000000001 0.20000000000000001 0.40000000000000002
0.20000000000000001 0.20000000000000001 0.40000000000000002
0.10000000000000001 0.29999999999999999 0.40000000000000002
0.20000000000000001 0.29999999999999999 0.40000000000000002
0.10000000000000001 0.20000000000000001 0.5
0.20000000000000001 0.20000000000000001 0.5
0.10000000000000001 0.29999999999999999 0.5
0.20000000000000001 0.29999999999999999 0.5
0.20000000000000001 0.20000000000000001 0.40000000000000002
0.29999999999999999 0.20000000000000001 0.40000000000000002
0.20000000000000001 0.29999999999999999 0.40000000000000002
0.29999999999999999 0.29999999999999999 0.40000000000000002
0.20000000000000001 0.20000000000000001 0.5
0.29999999999999999 0.20000000000000001 0.5
0.20000000000000001 0.29999999999999999 0.5
0.29999999999999999 0.29999999999999999 0.5
0.20000000000000001 0.29999999999999999 0.40000000000000002
0.29999999999999999 0.29999999999999999 0.40000000000000002
0.20000000000000001 0.40000000000000002 0.40000000000000002
0.29999999999999999 0.40000000000000002 0.40000000000000002
0.20000000000000001 0.29999999999999999 0.5
0.29999999999999999 0.29999999999999999 0.5
0.20000000000000001 0.40000000000000002 0.5
0.29999999999999999 0.40000000000000002 0.5
0.20000000000000001 0.29999999999999999 0.5
0.29999999999999999 0.29999999999999999 0.5
0.20000000000000001 0.40000000000000002 0.5
0.29999999999999999 0.40000000000000002 0.5
0.20000000000000001 0.29999999999999999 0.59999999999999998
0.29999999999999999 0.29999999999999999 0.59999999999999998
0.20000000000000001 0.40000000000000002 0.59999999999999998
0.29999999999999999 0.40000000000000002 0.59999999999999998
0.20000000000000001 0.20000000000000001 0.5
0.29999999999999999 0.20000000000000001 0.5
0.20000000000000001 0.29999999999999999 0.5
0.29999999999999999 0.29999999999999999 0.5
0.20000000000000001 0.20000000000000001 0.59999999999999998
0.29999999999999999 0.20000000000000001 0.59999999999999998
0.20000000000000001 0.29999999999999999 0.59999999999999998
0.29999999999999999 0.29999999999999999 0.59999999999999998
0.29999999999999999 0.20000000000000001 0.5
0.40000000000000002 0.20000000000000001 0.5
0.29999999999999999 0.29999999999999999 0.5
0.40000000000000002 0.29999999999999999 0.5
0.29999999999999999 0.20000000000000001 0.59999999999999998
0.40000000000000002 0.20000000000000001 0.59999999999999998
0.29999999999999999 0.29999999999999999 0.59999999999999998
0.40000000000000002 0.29999999999999999 0.59999999999999998
0.29999999999999999 0.29999999999999999 0.5
0.40000000000000002 0.29999999999999999 0.5
0.29999999999999999 0.40000000000000002 0.5
0.40000000000000002 0.40000000000000002 0.5
0.29999999999999999 0.29999999999999999 0.59999999999999998
0.40000000000000002 0.29999999999999999 0.59999999999999998
0.29999999999999999 0.40000000000000002 0.59999999999999998
0.40000000000000002 0.40000000000000002 0.59999999999999998
0.29999999999999999 0.29999999999999999 0.40000000000000002
0.40000000000000002 0.29999999999999999 0.40000000000000002
0.29999999999999999 0.40000000000000002 0.40000000000000002
0.40000000000000002 0.40000000000000002 0.40000000000000002
0.29999999999999999 0.29999999999999999 0.5
0.40000000000000002 0.29999999999999999 0.5
0.29999999999999999 0.40000000000000002 0.5
0.40000000000000002 0.40000000000000002 0.5
0.29999999999999999 0.20000000000000001 0.40000000000000002
0.40000000000000002 0.20000000000000001 0.40000000000000002
0.29999999999999999 0.29999999999999999 0.40000000000000002
0.40000000000000002 0.29999999999999999 0.40000000000000002
0.29999999999999999 0.20000000000000001 0.5
0.40000000000000002 0.20000000000000001 0.5
0.29999999999999999 0.29999999999999999 0.5
0.40000000000000002 0.29999999999999999 0.5
0.40000000000000002 0.20000000000000001 0.40000000000000002
0.5 0.20000000000000001 0.40000000000000002
0.40000000000000002 0.29999999999999999 0.40000000000000002
0.5 0.29999999999999999 0.40000000000000002
0.40000000000000002 0.20000000000000001 0.5
0.5 0.20000000000000001 0.5
0.40000000000000002 0.29999999999999999 0.5
0.5 0.29999999999999999 0.5
0.40000000000000002 0.29999999999999999 0.40000000000000002
0.5 0.29999999999999999 0.40000000000000002
0.40000000000000002 0.40000000000000002 0.40000000000000002
0.5 0.40000000000000002 0.40000000000000002
0.40000000000000002 0.29999999999999999 0.5
0.5 0.29999999999999999 0.5
0.40000000000000002 0.40000000000000002 0.5
0.5 0.40000000000000002 0.5
0.40000000000000002 0.29999999999999999 0.5
0.5 0.29999999999999999 0.5
0.40000000000000002 0.40000000000000002 0.5
0.5 0.40000000000000002 0.5
0.40000000000000002 0.29999999999999999 0.59999999999999998
0.5 0.29999999999999999 0.59999999999999998
0.40000000000000002 0.40000000000000002 0.59999999999999998
0.5 0.40000000000000002 0.59999999999999998
0.40000000000000002 0.20000000000000001 0.5
0.5 0.20000000000000001 0.5
0.40000000000000002 0.29999999999999999 0.5
0.5 0.29999999999999999 0.5
0.40000000000000002 0.20000000000000001 0.59999999999999998
0.5 0.20000000000000001 0.59999999999999998
0.40000000000000002 0.29999999999999999 0.59999999999999998
0.5 0.29999999999999999 0.59999999999999998
0.5 0.20000000000000001 0.5
0.59999999999999998 0.20000000000000001 0.5
0.5 0.29999999999999999 0.5
0.59999999999999998 0.29999999999999999 0.5
0.5 0.20000000000000001 0.59999999999999998
0.59999999999999998 0.20000000000000001 0.59999999999999998
0.5 0.29999999999999999 0.59999999999999998
0.59999999999999998 0.29999999999999999 0.59999999999999998
0.5 0.29999999999999999 0.5
0.59999999999999998 0.29999999999999999 0.5
0.5 0.40000000000000002 0.5
0.59999999999999998 0.40000000000000002 0.5
0.5 0.29999999999999999 0.59999999999999998
0.59999999999999998 0.29999999999999999 0.59999999999999998
0.5 0.40000000000000002 0.59999999999999998
0.59999999999999998 0.40000000000000002 0.59999999999999998
0.5 0.29999999999999999 0.40000000000000002
0.59999999999999998 0.29999999999999999 0.40000000000000002
0.5 0.40000000000000002 0.40000000000000002
0.59999999999999998 0.40000000000000002 0.40000000000000002
0.5 0.29999999999999999 0.5
0.59999999999999998 0.29999999999999999 0.5
0.5 0.40000000000000002 0.5
0.59999999999999998 0.40000000000000002 0.5
0.5 0.20000000000000001 0.40000000000000002
0.59999999999999998 0.20000000000000001 0.40000000000000002
0.5 0.29999999999999999 0.40000000000000002
0.59999999999999998 0.29999999999999999 0.40000000000000002
0.5 0.20000000000000001 0.5
0.59999999999999998 0.20000000000000001 0.5
0.5 0.29999999999999999 0.5
0.59999999999999998 0.29999999999999999 0.5
0.5 0.10000000000000001 0.40000000000000002
0.59999999999999998 0.10000000000000001 0.40000000000000002
0.5 0.20000000000000001 0.40000000000000002
0.59999999999999998 0.20000000000000001 0.40000000000000002
0.5 0.10000000000000001 0.5
0.59999999999999998 0.10000000000000001 0.5
0.5 0.20000000000000001 0.5
0.59999999999999998 0.20000000000000001 0.5
0.5 0.10000000000000001 0.5
0.59999999999999998 0.10000000000000001 0.5
0.5 0.20000000000000001 0.5
0.59999999999999998 0.20000000000000001 0.5
0.5 0.10000000000000001 0.59999999999999998
0.59999999999999998 0.10000000000000001 0.59999999999999998
0.5 0.20000000000000001 0.59999999999999998
0.59999999999999998 0.20000000000000001 0.59999999999999998
0.40000000000000002 0.10000000000000001 0.5
0.5 0.10000000000000001 0.5
0.40000000000000002 0.20000000000000001 0.5
0.5 0.20000000000000001 0.5
0.40000000000000002 0.10000000000000001 0.59999999999999998
0.5 0.10000000000000001 0.59999999999999998
0.40000000000000002 0.20000000000000001 0.59999999999999998
0.5 0.20000000000000001 0.59999999999999998
0.40000000000000002 0.10000000000000001 0.40000000000000002
0.5 0.10000000000000001 0.40000000000000002
0.40000000000000002 0.20000000000000001 0.40000000000000002
0.5 0.20000000000000001 0.40000000000000002
0.40000000000000002 0.10000000000000001 0.5
0.5 0.10000000000000001 0.5
0.40000000000000002 0.20000000000000001 0.5
0.5 0.20000000000000001 0.5
0.40000000000000002 0 0.40000000000000002
0.5 0 0.40000000000000002
0.40000000000000002 0.10000000000000001 0.40000000000000002
0.5 0.10000000000000001 0.40000000000000002
0.40000000000000002 0 0.5
0.5 0 0.5
0.40000000000000002 0.10000000000000001 0.5
0.5 0.10000000000000001 0.5
0.40000000000000002 0 0.5
0.5 0 0.5
0.40000000000000002 0.10000000000000001 0.5
0.5 0.10000000000000001 0.5
0.40000000000000002 0 0.59999999999999998
0.5 0 0.59999999999999998
0.40000000000000002 0.10000000000000001 0.59999999999999998
0.5 0.10000000000000001 0.59999999999999998
0.5 0 0.5
0.59999999999999998 0 0.5
0.5 0.10000000000000001 0.5
0.59999999999999998 0.10000000000000001 0.5
0.5 0 0.59999999999999998
0.59999999999999998 0 0.59999999999999998
0.5 0.10000000000000001 0.59999999999999998
0.59999999999999998 0.10000000000000001 0.59999999999999998
0.5 0 0.40000000000000002
0.59999999999999998 0 0.40000000000000002
0.5 0.10000000000000001 0.40000000000000002
0.59999999999999998 0.10000000000000001 0.40000000000000002
0.5 0 0.5
0.59999999999999998 0 0.5
0.5 0.10000000000000001 0.5
0.59999999999999998 0.10000000000000001 0.5
0.5 0 0.29999999999999999
0.59999999999999998 0 0.29999999999999999
0.5 0.10000000000000001 0.29999999999999999
0.59999999999999998 0.10000000000000001 0.29999999999999999
0.5 0 0.40000000000000002
0.59999999999999998 0 0.40000000000000002
0.5 0.10000000000000001 0.40000000000000002
0.59999999999999998 0.10000000000000001 0.40000000000000002
0.40000000000000002 0 0.29999999999999999
0.5 0 0.29999999999999999
0.40000000000000002 0.10000000000000001 0.29999999999999999
0.5 0.10000000000000001 0.29999999999999999
0.40000000000000002 0 0.40000000000000002
0.5 0 0.40000000000000002
0.40000000000000002 0.10000000000000001 0.40000000000000002
0.5 0.10000000000000001 0.40000000000000002
0.40000000000000002 0.10000000000000001 0.29999999999999999
0.5 0.10000000000000001 0.29999999999999999
0.40000000000000002 0.20000000000000001 0.29999999999999999
0.5 0.20000000000000001 0.29999999999999999
0.40000000000000002 0.10000000000000001 0.40000000000000002
0.5 0.10000000000000001 0.40000000000000002
0.40000000000000002 0.20000000000000001 0.40000000000000002
0.5 0.20000000000000001 0.40000000000000002
0.5 0.10000000000000001 0.29999999999999999
0.59999999999999998 0.10000000000000001 0.29999999999999999
0.5 0.20000000000000001 0.29999999999999999
0.59999999999999998 0.20000000000000001 0.29999999999999999
0.5 0.10000000000000001 0.40000000000000002
0.59999999999999998 0.10000000000000001 0.40000000000000002
0.5 0.20000000000000001 0.40000000000000002
0.59999999999999998 0.20000000000000001 0.40000000000000002
0.5 0.20000000000000001 0.29999999999999999
0.59999999999999998 0.20000000000000001 0.29999999999999999
0.5 0.29999999999999999 0.29999999999999999
0.59999999999999998 0.29999999999999999 0.29999999999999999
0.5 0.20000000000000001 0.40000000000000002
0.59999999999999998 0.20000000000000001 0.40000000000000002
0.5 0.29999999999999999 0.40000000000000002
0.59999999999999998 0.29999999999999999 0.40000000000000002
0.40000000000000002 0.20000000000000001 0.29999999999999999
0.5 0.20000000000000001 0.29999999999999999
0.40000000000000002 0.29999999999999999 0.29999999999999999
0.5 0.29999999999999999 0.29999999999999999
0.40000000000000002 0.20000000000000001 0.40000000000000002
0.5 0.20000000000000001 0.40000000000000002
0.40000000000000002 0.29999999999999999 0.40000000000000002
0.5 0.29999999999999999 0.40000000000000002
0.40000000000000002 0.29999999999999999 0.29999999999999999
0.5 0.29999999999999999 0.29999999999999999
0.40000000000000002 0.40000000000000002 0.29999999999999999
0.5 0.40000000000000002 0.29999999999999999
0.40000000000000002 0.29999999999999999 0.40000000000000002
0.5 0.29999999999999999 0.40000000000000002
0.40000000000000002 0.40000000000000002 0.40000000000000002
0.5 0.40000000000000002 0.40000000000000002
0.5 0.29999999999999999 0.29999999999999999
0.59999999999999998 0.29999999999999999 0.29999999999999999
0.5 0.40000000000000002 0.29999999999999999
0.59999999999999998 0.40000000000000002 0.29999999999999999
0.5 0.29999999999999999 0.40000000000000002
0.59999999999999998 0.29999999999999999 0.40000000000000002
0.5 0.40000000000000002 0.40000000000000002
0.59999999999999998 0.40000000000000002 0.40000000000000002
0.5 0.29999999999999999 0.20000000000000001
0.59999999999999998 0.29999999999999999 0.20000000000000001
0.5 0.40000000000000002 0.20000000000000001
0.59999999999999998 0.40000000000000002 0.20000000000000001
0.5 0.29999999999999999 0.29999999999999999
0.59999999999999998 0.29999999999999999 0.29999999999999999
0.5 0.40000000000000002 0.29999999999999999
0.59999999999999998 0.40000000000000002 0.29999999999999999
0.40000000000000002 0.29999999999999999 0.20000000000000001
0.5 0.29999999999999999 0.20000000000000001
0.40000000000000002 0.40000000000000002 0.20000000000000001
0.5 0.40000000000000002 0.20000000000000001
0.40000000000000002 0.29999999999999999 0.29999999999999999
0.5 0.29999999999999999 0.29999999999999999
0.40000000000000002 0.40000000000000002 0.29999999999999999
0.5 0.40000000000000002 0.29999999999999999
0.40000000000000002 0.20000000000000001 0.20000000000000001
0.5 0.20000000000000001 0.20000000000000001
0.40000000000000002 0.29999999999999999 0.20000000000000001
0.5 0.29999999999999999 0.20000000000000001
0.40000000000000002 0.20000000000000001 0.29999999999999999
0.5 0.20000000000000001 0.29999999999999999
0.40000000000000002 0.29999999999999999 0.29999999999999999
0.5 0.29999999999999999 0.29999999999999999
0.5 0.20000000000000001 0.20000000000000001
0.59999999999999998 0.20000000000000001 0.20000000000000001
0.5 0.29999999999999999 0.20000000000000001
0.59999999999999998 0.29999999999999999 0.20000000000000001
0.5 0.20000000000000001 0.29999999999999999
0.59999999999999998 0.20000000000000001 0.29999999999999999
0.5 0.29999999999999999 0.29999999999999999
0.59999999999999998 0.29999999999999999 0.29999999999999999
0.5 0.10000000000000001 0.20000000000000001
0.59999999999999998 0.10000000000000001 0.20000000000000001
0.5 0.20000000000000001 0.20000000000000001
0.59999999999999998 0.20000000000000001 0.20000000000000001
0.5 0.10000000000000001 0.29999999999999999
0.59999999999999998 0.10000000000000001 0.29999999999999999
0.5 0.20000000000000001 0.29999999999999999
0.59999999999999998 0.20000000000000001 0.29999999999999999
0.40000000000000002 0.10000000000000001 0.20000000000000001
0.5 0.10000000000000001 0.20000000000000001
0.40000000000000002 0.20000000000000001 0.20000000000000001
0.5 0.20000000000000001 0.20000000000000001
0.40000000000000002 0.10000000000000001 0.29999999999999999
0.5 0.10000000000000001 0.29999999999999999
0.40000000000000002 0.20000000000000001 0.29999999999999999
0.5 0.20000000000000001 0.29999999999999999
0.40000000000000002 0 0.20000000000000001
0.5 0 0.20000000000000001
0.40000000000000002 0.10000000000000001 0.20000000000000001
0.5 0.10000000000000001 0.20000000000000001
0.40000000000000002 0 0.29999999999999999
0.5 0 0.29999999999999999
0.40000000000000002 0.10000000000000001 0.29999999999999999
0.5 0.10000000000000001 0.29999999999999999
0.5 0 0.20000000000000001
0.59999999999999998 0 0.20000000000000001
0.5 0.10000000000000001 0.20000000000000001
0.59999999999999998 0.10000000000000001 0.20000000000000001
0.5 0 0.29999999999999999
0.59999999999999998 0 0.29999999999999999
0.5 0.10000000000000001 0.29999999999999999
0.59999999999999998 0.10000000000000001 0.29999999999999999
0.5 0 0.10000000000000001
0.59999999999999998 0 0.10000000000000001
0.5 0.10000000000000001 0.10000000000000001
0.59999999999999998 0.10000000000000001 0.10000000000000001
0.5 0 0.20000000000000001
0.59999999999999998 0 0.20000000000000001
0.5 0.10000000000000001 0.20000000000000001
0.59999999999999998 0.10000000000000001 0.20000000000000001
0.5 0 0
0.59999999999999998 0 0
0.5 0.10000000000000001 0
0.59999999999999998 0.10000000000000001 0
0.5 0 0.10000000000000001
0.59999999999999998 0 0.10000000000000001
0.5 0.10000000000000001 0.10000000000000001
0.59999999999999998 0.10000000000000001 0.10000000000000001
0.40000000000000002 0 0
0.5 0 0
0.40000000000000002 0.10000000000000001 0
0.5 0.10000000000000001 0
0.40000000000000002 0 0.10000000000000001
0.5 0 0.10000000000000001
0.40000000000000002 0.10000000000000001 0.10000000000000001
0.5 0.10000000000000001 0.10000000000000001
0.40000000000000002 0 0.10000000000000001
0.5 0 0.10000000000000001
0.40000000000000002 0.10000000000000001 0.10000000000000001
0.5 0.10000000000000001 0.10000000000000001
0.40000000000000002 0 0.20000000000000001
0.5 0 0.20000000000000001
0.40000000000000002 0.10000000000000001 0.20000000000000001
0.5 0.10000000000000001 0.20000000000000001
0.40000000000000002 0.10000000000000001 0.10000000000000001
0.5 0.10000000000000001 0.10000000000000001
0.40000000000000002 0.20000000000000001 0.10000000000000001
0.5 0.20000000000000001 0.10000000000000001
0.40000000000000002 0.10000000000000001 0.20000000000000001
0.5 0.10000000000000001 0.20000000000000001
0.40000000000000002 0.20000000000000001 0.20000000000000001
0.5 0.20000000000000001 0.20000000000000001
0.40000000000000002 0.10000000000000001 0
0.5 0.10000000000000001 0
0.40000000000000002 0.20000000000000001 0
0.5 0.20000000000000001 0
0.40000000000000002 0.10000000000000001 0.10000000000000001
0.5 0.10000000000000001 0.10000000000000001
0.40000000000000002 0.20000000000000001 0.10000000000000001
0.5 0.20000000000000001 0.10000000000000001
0.5 0.10000000000000001 0
0.59999999999999998 0.10000000000000001 0
0.5 0.20000000000000001 0
0.59999999999999998 0.20000000000000001 0
0.5 0.10000000000000001 0.10000000000000001
0.59999999999999998 0.10000000000000001 0.10000000000000001
0.5 0.20000000000000001 0.10000000000000001
0.59999999999999998 0.20000000000000001 0.10000000000000001
0.5 0.10000000000000001 0.10000000000000001
0.59999999999999998 0.10000000000000001 0.10000000000000001
0.5 0.20000000000000001 0.10000000000000001
0.59999999999999998 0.20000000000000001 0.10000000000000001
0.5 0.10000000000000001 0.20000000000000001
0.59999999999999998 0.10000000000000001 0.20000000000000001
0.5 0.20000000000000001 0.20000000000000001
0.59999999999999998 0.20000000000000001 0.20000000000000001
0.5 0.20000000000000001 0.10000000000000001
0.59999999999999998 0.20000000000000001 0.10000000000000001
0.5 0.29999999999999999 0.10000000000000001
0.59999999999999998 0.29999999999999999 0.10000000000000001
0.5 0.20000000000000001 0.20000000000000001
0.59999999999999998 0.20000000000000001 0.20000000000000001
0.5 0.29999999999999999 0.20000000000000001
0.59999999999999998 0.29999999999999999 0.20000000000000001
0.5 0.20000000000000001 0
0.59999999999999998 0.20000000000000001 0
0.5 0.29999999999999999 0
0.59999999999999998 0.29999999999999999 0
0.5 0.20000000000000001 0.10000000000000001
0.59999999999999998 0.20000000000000001 0.10000000000000001
0.5 0.29999999999999999 0.10000000000000001
0.59999999999999998 0.29999999999999999 0.10000000000000001
0.40000000000000002 0.20000000000000001 0
0.5 0.20000000000000001 0
0.40000000000000002 0.29999999999999999 0
0.5 0.29999999999999999 0
0.40000000000000002 0.20000000000000001 0.10000000000000001
0.5 0.20000000000000001 0.10000000000000001
0.40000000000000002 0.29999999999999999 0.10000000000000001
0.5 0.29999999999999999 0.10000000000000001
0.40000000000000002 0.20000000000000001 0.10000000000000001
0.5 0.20000000000000001 0.10000000000000001
0.40000000000000002 0.29999999999999999 0.10000000000000001
0.5 0.29999999999999999 0.10000000000000001
0.40000000000000002 0.20000000000000001 0.20000000000000001
0.5 0.20000000000000001 0.20000000000000001
0.40000000000000002 0.29999999999999999 0.20000000000000001
0.5 0.29999999999999999 0.20000000000000001
0.40000000000000002 0.29999999999999999 0.10000000000000001
0.5 0.29999999999999999 0.10000000000000001
0.40000000000000002 0.40000000000000002 0.10000000000000001
0.5 0.40000000000000002 0.10000000000000001
0.40000000000000002 0.29999999999999999 0.20000000000000001
0.5 0.29999999999999999 0.20000000000000001
0.40000000000000002 0.40000000000000002 0.20000000000000001
0.5 0.40000000000000002 0.20000000000000001
0.40000000000000002 0.29999999999999999 0
0.5 0.29999999999999999 0
0.40000000000000002 0.40000000000000002 0
0.5 0.40000000000000002 0
0.40000000000000002 0.29999999999999999 0.10000000000000001
0.5 0.29999999999999999 0.10000000000000001
0.40000000000000002 0.40000000000000002 0.10000000000000001
0.5 0.40000000000000002 0.10000000000000001
0.5 0.29999999999999999 0
0.59999999999999998 0.29999999999999999 0
0.5 0.40000000000000002 0
0.59999999999999998 0.40000000000000002 0
0.5 0.29999999999999999 0.10000000000000001
0.59999999999999998 0.29999999999999999 0.10000000000000001
0.5 0.40000000000000002 0.10000000000000001
0.59999999999999998 0.40000000000000002 0.10000000000000001
0.5 0.29999999999999999 0.10000000000000001
0.59999999999999998 0.29999999999999999 0.10000000000000001
0.5 0.40000000000000002 0.10000000000000001
0.59999999999999998 0.40000000000000002 0.10000000000000001
0.5 0.29999999999999999 0.20000000000000001
0.59999999999999998 0.29999999999999999 0.20000000000000001
0.5 0.40000000000000002 0.20000000000000001
0.59999999999999998 0.40000000000000002 0.20000000000000001
0.5 0.40000000000000002 0.10000000000000001
0.59999999999999998 0.40000000000000002 0.10000000000000001
0.5 0.5 0.10000000000000001
0.59999999999999998 0.5 0.10000000000000001
0.5 0.40000000000000002 0.20000000000000001
0.59999999999999998 0.40000000000000002 0.20000000000000001
0.5 0.5 0.20000000000000001
0.59999999999999998 0.5 0.20000000000000001
0.5 0.40000000000000002 0
0.59999999999999998 0.40000000000000002 0
0.5 0.5 0
0.59999999999999998 0.5 0
0.5 0.40000000000000002 0.10000000000000001
0.59999999999999998 0.40000000000000002 0.10000000000000001
0.5 0.5 0.10000000000000001
0.59999999999999998 0.5 0.10000000000000001
0.40000000000000002 0.40000000000000002 0
0.5 0.40000000000000002 0
0.40000000000000002 0.5 0
0.5 0.5 0
0.40000000000000002 0.40000000000000002 0.10000000000000001
0.5 0.40000000000000002 0.10000000000000001
0.40000000000000002 0.5 0.10000000000000001
0.5 0.5 0.10000000000000001
0.40000000000000002 0.40000000000000002 0.10000000000000001
0.5 0.40000000000000002 0.10000000000000001
0.40000000000000002 0.5 0.10000000000000001
0.5 0.5 0.10000000000000001
0.40000000000000002 0.40000000000000002 0.20000000000000001
0.5 0.40000000000000002 0.20000000000000001
0.40000000000000002 0.5 0.20000000000000001
0.5 0.5 0.20000000000000001
0.40000000000000002 0.5 0.10000000000000001
0.5 0.5 0.10000000000000001
0.40000000000000002 0.59999999999999998 0.10000000000000001
0.5 0.59999999999999998 0.10000000000000001
0.40000000000000002 0.5 0.20000000000000001
0.5 0.5 0.20000000000000001
0.40000000000000002 0.59999999999999998 0.20000000000000001
0.5 0.59999999999999998 0.20000000000000001
0.40000000000000002 0.5 0
0.5 0.5 0
0.40000000000000002 0.59999999999999998 0
0.5 0.59999999999999998 0
0.40000000000000002 0.5 0.10000000000000001
0.5 0.5 0.10000000000000001
0.40000000000000002 0.59999999999999998 0.10000000000000001
0.5 0.59999999999999998 0.10000000000000001
0.5 0.5 0
0.59999999999999998 0.5 0
0.5 0.59999999999999998 0
0.59999999999999998 0.59999999999999998 0
0.5 0.5 0.10000000000000001
0.59999999999999998 0.5 0.10000000000000001
0.5 0.59999999999999998 0.10000000000000001
0.59999999999999998 0.59999999999999998 0.10000000000000001
0.5 0.5 0.10000000000000001
0.59999999999999998 0.5 0.10000000000000001
0.5 0.59999999999999998 0.10000000000000001
0.59999999999999998 0.59999999999999998 0.10000000000000001
0.5 0.5 0.20000000000000001
0.59999999999999998 0.5 0.20000000000000001
0.5 0.59999999999999998 0.20000000000000001
0.59999999999999998 0.59999999999999998 0.20000000000000001
0.5 0.5 0.20000000000000001
0.59999999999999998 0.5 0.20000000000000001
0.5 0.59999999999999998 0.20000000000000001
0.59999999999999998 0.59999999999999998 0.20000000000000001
0.5 0.5 0.29999999999999999
0.59999999999999998 0.5 0.29999999999999999
0.5 0.59999999999999998 0.29999999999999999
0.59999999999999998 0.59999999999999998 0.29999999999999999
0.40000000000000002 0.5 0.20000000000000001
0.5 0.5 0.20000000000000001
0.40000000000000002 0.59999999999999998 0.20000000000000001
0.5 0.59999999999999998 0.20000000000000001
0.40000000000000002 0.5 0.29999999999999999
0.5 0.5 0.29999999999999999
0.40000000000000002 0.59999999999999998 0.29999999999999999
0.5 0.59999999999999998 0.29999999999999999
0.40000000000000002 0.40000000000000002 0.20000000000000001
0.5 0.40000000000000002 0.20000000000000001
0.40000000000000002 0.5 0.20000000000000001
0.5 0.5 0.20000000000000001
0.40000000000000002 0.40000000000000002 0.29999999999999999
0.5 0.40000000000000002 0.29999999999999999
0.40000000000000002 0.5 0.29999999999999999
0.5 0.5 0.29999999999999999
0.5 0.40000000000000002 0.20000000000000001
0.59999999999999998 0.40000000000000002 0.20000000000000001
0.5 0.5 0.20000000000000001
0.59999999999999998 0.5 0.20000000000000001
0.5 0.40000000000000002 0.29999999999999999
0.59999999999999998 0.40000000000000002 0.29999999999999999
0.5 0.5 0.29999999999999999
0.59999999999999998 0.5 0.29999999999999999
0.5 0.40000000000000002 0.29999999999999999
0.59999999999999998 0.40000000000000002 0.29999999999999999
0.5 0.5 0.29999999999999999
0.59999999999999998 0.5 0.29999999999999999
0.5 0.40000000000000002 0.40000000000000002
0.59999999999999998 0.40000000000000002 0.40000000000000002
0.5 0.5 0.40000000000000002
0.59999999999999998 0.5 0.40000000000000002
0.40000000000000002 0.40000000000000002 0.29999999999999999
0.5 0.40000000000000002 0.29999999999999999
0.40000000000000002 0.5 0.29999999999999999
0.5 0.5 0.29999999999999999
0.40000000000000002 0.40000000000000002 0.40000000000000002
0.5 0.40000000000000002 0.40000000000000002
0.40000000000000002 0.5 0.40000000000000002
0.5 0.5 0.40000000000000002
0.40000000000000002 0.5 0.29999999999999999
0.5 0.5 0.29999999999999999
0.40000000000000002 0.59999999999999998 0.29999999999999999
0.5 0.59999999999999998 0.29999999999999999
0.40000000000000002 0.5 0.40000000000000002
0.5 0.5 0.40000000000000002
0.40000000000000002 0.59999999999999998 0.40000000000000002
0.5 0.59999999999999998 0.40000000000000002
0.5 0.5 0.29999999999999999
0.59999999999999998 0.5 0.29999999999999999
0.5 0.59999999999999998 0.29999999999999999
0.59999999999999998 0.59999999999999998 0.29999999999999999
0.5 0.5 0.40000000000000002
0.59999999999999998 0.5 0.40000000000000002
0.5 0.59999999999999998 0.40000000000000002
0.59999999999999998 0.59999999999999998 0.40000000000000002
0.5 0.5 0.40000000000000002
0.59999999999999998 0.5 0.40000000000000002
0.5 0.59999999999999998 0.40000000000000002
0.59999999999999998 0.59999999999999998 0.40000000000000002
0.5 0.5 0.5
0.59999999999999998 0.5 0.5
0.5 0.59999999999999998 0.5
0.59999999999999998 0.59999999999999998 0.5
0.5 0.40000000000000002 0.40000000000000002
0.59999999999999998 0.40000000000000002 0.40000000000000002
0.5 0.5 0.40000000000000002
0.59999999999999998 0.5 0.40000000000000002
0.5 0.40000000000000002 0.5
0.59999999999999998 0.40000000000000002 0.5
0.5 0.5 0.5
0.59999999999999998 0.5 0.5
0.5 0.40000000000000002 0.5
0.59999999999999998 0.40000000000000002 0.5
0.5 0.5 0.5
0.59999999999999998 0.5 0.5
0.5 0.40000000000000002 0.59999999999999998
0.59999999999999998 0.40000000000000002 0.59999999999999998
0.5 0.5 0.59999999999999998
0.59999999999999998 0.5 0.59999999999999998
0.5 0.5 0.5
0.59999999999999998 0.5 0.5
0.5 0.59999999999999998 0.5
0.59999999999999998 0.59999999999999998 0.5
0.5 0.5 0.59999999999999998
0.59999999999999998 0.5 0.59999999999999998
0.5 0.59999999999999998 0.59999999999999998
0.59999999999999998 0.59999999999999998 0.59999999999999998
0.40000000000000002 0.5 0.5
0.5 0.5 0.5
0.40000000000000002 0.59999999999999998 0.5
0.5 0.59999999999999998 0.5
0.40000000000000002 0.5 0.59999999999999998
0.5 0.5 0.59999999999999998
0.40000000000000002 0.59999999999999998 0.59999999999999998
0.5 0.59999999999999998 0.59999999999999998
0.40000000000000002 0.40000000000000002 0.5
0.5 0.40000000000000002 0.5
0.40000000000000002 0.5 0.5
0.5 0.5 0.5
0.40000000000000002 0.40000000000000002 0.59999999999999998
0.5 0.40000000000000002 0.59999999999999998
0.40000000000000002 0.5 0.59999999999999998
0.5 0.5 0.59999999999999998
0.40000000000000002 0.40000000000000002 0.40000000000000002
0.5 0.40000000000000002 0.40000000000000002
0.40000000000000002 0.5 0.40000000000000002
0.5 0.5 0.40000000000000002
0.40000000000000002 0.40000000000000002 0.5
0.5 0.40000000000000002 0.5
0.40000000000000002 0.5 0.5
0.5 0.5 0.5
0.40000000000000002 0.5 0.40000000000000002
0.5 0.5 0.40000000000000002
0.40000000000000002 0.59999999999999998 0.40000000000000002
0.5 0.59999999999999998 0.40000000000000002
0.40000000000000002 0.5 0.5
0.5 0.5 0.5
0.40000000000000002 0.59999999999999998 0.5
0.5 0.59999999999999998 0.5
0.29999999999999999 0.5 0.40000000000000002
0.40000000000000002 0.5 0.40000000000000002
0.29999999999999999 0.59999999999999998 0.40000000000000002
0.40000000000000002 0.59999999999999998 0.40000000000000002
0.29999999999999999 0.5 0.5
0.40000000000000002 0.5 0.5
0.29999999999999999 0.59999999999999998 0.5
0.40000000000000002 0.59999999999999998 0.5
0.29999999999999999 0.40000000000000002 0.40000000000000002
0.40000000000000002 0.40000000000000002 0.40000000000000002
0.29999999999999999 0.5 0.40000000000000002
0.40000000000000002 0.5 0.40000000000000002
0.29999999999999999 0.40000000000000002 0.5
0.40000000000000002 0.40000000000000002 0.5
0.29999999999999999 0.5 0.5
0.40000000000000002 0.5 0.5
0.29999999999999999 0.40000000000000002 0.5
0.40000000000000002 0.40000000000000002 0.5
0.29999999999999999 0.5 0.5
0.40000000000000002 0.5 0.5
0.29999999999999999 0.40000000000000002 0.59999999999999998
0.40000000000000002 0.40000000000000002 0.59999999999999998
0.29999999999999999 0.5 0.59999999999999998
0.40000000000000002 0.5 0.59999999999999998
0.29999999999999999 0.5 0.5
0.40000000000000002 0.5 0.5
0.29999999999999999 0.59999999999999998 0.5
0.40000000000000002 0.59999999999999998 0.5
0.29999999999999999 0.5 0.59999999999999998
0.40000000000000002 0.5 0.59999999999999998
0.29999999999999999 0.59999999999999998 0.59999999999999998
0.40000000000000002 0.59999999999999998 0.59999999999999998
0.20000000000000001 0.5 0.5
0.29999999999999999 0.5 0.5
0.20000000000000001 0.59999999999999998 0.5
0.29999999999999999 0.59999999999999998 0.5
0.20000000000000001 0.5 0.59999999999999998
0.29999999999999999 0.5 0.59999999999999998
0.20000000000000001 0.59999999999999998 0.59999999999999998
0.29999999999999999 0.59999999999999998 0.59999999999999998
0.20000000000000001 0.40000000000000002 0.5
0.29999999999999999 0.40000000000000002 0.5
0.20000000000000001 0.5 0.5
0.29999999999999999 0.5 0.5
0.20000000000000001 0.40000000000000002 0.59999999999999998
0.29999999999999999 0.40000000000000002 0.59999999999999998
0.20000000000000001 0.5 0.59999999999999998
0.29999999999999999 0.5 0.59999999999999998
0.20000000000000001 0.40000000000000002 0.40000000000000002
0.29999999999999999 0.40000000000000002 0.40000000000000002
0.20000000000000001 0.5 0.40000000000000002
0.29999999999999999 0.5 0.40000000000000002
0.20000000000000001 0.40000000000000002 0.5
0.29999999999999999 0.40000000000000002 0.5
0.20000000000000001 0.5 0.5
0.29999999999999999 0.5 0.5
0.20000000000000001 0.5 0.40000000000000002
0.29999999999999999 0.5 0.40000000000000002
0.20000000000000001 0.59999999999999998 0.40000000000000002
0.29999999999999999 0.59999999999999998 0.40000000000000002
0.20000000000000001 0.5 0.5
0.29999999999999999 0.5 0.5
0.20000000000000001 0.59999999999999998 0.5
0.29999999999999999 0.59999999999999998 0.5
0.10000000000000001 0.5 0.40000000000000002
0.20000000000000001 0.5 0.40000000000000002
0.10000000000000001 0.59999999999999998 0.40000000000000002
0.20000000000000001 0.59999999999999998 0.40000000000000002
0.10000000000000001 0.5 0.5
0.20000000000000001 0.5 0.5
0.10000000000000001 0.59999999999999998 0.5
0.20000000000000001 0.59999999999999998 0.5
0.10000000000000001 0.40000000000000002 0.40000000000000002
0.20000000000000001 0.40000000000000002 0.40000000000000002
0.10000000000000001 0.5 0.40000000000000002
0.20000000000000001 0.5 0.40000000000000002
0.10000000000000001 0.40000000000000002 0.5
0.20000000000000001 0.40000000000000002 0.5
0.10000000000000001 0.5 0.5
0.20000000000000001 0.5 0.5
0.10000000000000001 0.40000000000000002 0.5
0.20000000000000001 0.40000000000000002 0.5
0.10000000000000001 0.5 0.5
0.20000000000000001 0.5 0.5
0.10000000000000001 0.40000000000000002 0.59999999999999998
0.20000000000000001 0.40000000000000002 0.59999999999999998
0.10000000000000001 0.5 0.59999999999999998
0.20000000000000001 0.5 0.59999999999999998
0.10000000000000001 0.5 0.5
0.20000000000000001 0.5 0.5
0.10000000000000001 0.59999999999999998 0.5
0.20000000000000001 0.59999999999999998 0.5
0.10000000000000001 0.5 0.59999999999999998
0.20000000000000001 0.5 0.59999999999999998
0.10000000000000001 0.59999999999999998 0.59999999999999998
0.20000000000000001 0.59999999999999998 0.59999999999999998
0 0.5 0.5
0.10000000000000001 0.5 0.5
0 0.59999999999999998 0.5
0.10000000000000001 0.59999999999999998 0.5
0 0.5 0.59999999999999998
0.10000000000000001 0.5 0.59999999999999998
0 0.59999999999999998 0.59999999999999998
0.10000000000000001 0.59999999999999998 0.59999999999999998
0 0.40000000000000002 0.5
0.10000000000000001 0.40000000000000002 0.5
0 0.5 0.5
0.10000000000000001 0.5 0.5
0 0.40000000000000002 0.59999999999999998
0.10000000000000001 0.40000000000000002 0.59999999999999998
0 0.5 0.59999999999999998
0.10000000000000001 0.5 0.59999999999999998
0 0.40000000000000002 0.40000000000000002
0.10000000000000001 0.40000000000000002 0.40000000000000002
0 0.5 0.40000000000000002
0.10000000000000001 0.5 0.40000000000000002
0 0.40000000000000002 0.5
0.10000000000000001 0.40000000000000002 0.5
0 0.5 0.5
0.10000000000000001 0.5 0.5
0 0.5 0.40000000000000002
0.10000000000000001 0.5 0.40000000000000002
0 0.59999999999999998 0.40000000000000002
0.10000000000000001 0.59999999999999998 0.40000000000000002
0 0.5 0.5
0.10000000000000001 0.5 0.5
0 0.59999999999999998 0.5
0.10000000000000001 0.59999999999999998 0.5
0 0.5 0.29999999999999999
0.10000000000000001 0.5 0.29999999999999999
0 0.59999999999999998 0.29999999999999999
0.10000000000000001 0.59999999999999998 0.29999999999999999
0 0.5 0.40000000000000002
0.10000000000000001 0.5 0.40000000000000002
0 0.59999999999999998 0.40000000000000002
0.10000000000000001 0.59999999999999998 0.40000000000000002
0 0.40000000000000002 0.29999999999999999
0.10000000000000001 0.40000000000000002 0.29999999999999999
0 0.5 0.29999999999999999
0.10000000000000001 0.5 0.29999999999999999
0 0.40000000000000002 0.40000000000000002
0.10000000000000001 0.40000000000000002 0.40000000000000002
0 0.5 0.40000000000000002
0.10000000000000001 0.5 0.40000000000000002
0 0.40000000000000002 0.20000000000000001
0.10000000000000001 0.40000000000000002 0.20000000000000001
0 0.5 0.20000000000000001
0.10000000000000001 0.5 0.20000000000000001
0 0.40000000000000002 0.29999999999999999
0.10000000000000001 0.40000000000000002 0.29999999999999999
0 0.5 0.29999999999999999
0.10000000000000001 0.5 0.29999999999999999
0 0.5 0.20000000000000001
0.10000000000000001 0.5 0.20000000000000001
0 0.59999999999999998 0.20000000000000001
0.10000000000000001 0.59999999999999998 0.20000000000000001
0 0.5 0.29999999999999999
0.10000000000000001 0.5 0.29999999999999999
0 0.59999999999999998 0.29999999999999999
0.10000000000000001 0.59999999999999998 0.29999999999999999
0.10000000000000001 0.5 0.20000000000000001
0.20000000000000001 0.5 0.20000000000000001
0.10000000000000001 0.59999999999999998 0.20000000000000001
0.20000000000000001 0.59999999999999998 0.20000000000000001
0.10000000000000001 0.5 0.29999999999999999
0.20000000000000001 0.5 0.29999999999999999
0.10000000000000001 0.59999999999999998 0.29999999999999999
0.20000000000000001 0.59999999999999998 0.29999999999999999
0.10000000000000001 0.40000000000000002 0.20000000000000001
0.20000000000000001 0.40000000000000002 0.20000000000000001
0.10000000000000001 0.5 0.20000000000000001
0.20000000000000001 0.5 0.20000000000000001
0.10000000000000001 0.40000000000000002 0.29999999999999999
0.20000000000000001 0.40000000000000002 0.29999999999999999
0.10000000000000001 0.5 0.29999999999999999
0.20000000000000001 0.5 0.29999999999999999
0.10000000000000001 0.40000000000000002 0.29999999999999999
0.20000000000000001 0.40000000000000002 0.29999999999999999
0.10000000000000001 0.5 0.29999999999999999
0.20000000000000001 0.5 0.29999999999999999
0.10000000000000001 0.40000000000000002 0.40000000000000002
0.20000000000000001 0.40000000000000002 0.40000000000000002
0.10000000000000001 0.5 0.40000000000000002
0.20000000000000001 0.5 0.40000000000000002
0.10000000000000001 0.5 0.29999999999999999
0.20000000000000001 0.5 0.29999999999999999
0.10000000000000001 0.59999999999999998 0.29999999999999999
0.20000000000000001 0.59999999999999998 0.29999999999999999
0.10000000000000001 0.5 0.40000000000000002
0.20000000000000001 0.5 0.40000000000000002
0.10000000000000001 0.59999999999999998 0.40000000000000002
0.20000000000000001 0.59999999999999998 0.40000000000000002
0.20000000000000001 0.5 0.29999999999999999
0.29999999999999999 0.5 0.29999999999999999
0.20000000000000001 0.59999999999999998 0.29999999999999999
0.29999999999999999 0.59999999999999998 0.29999999999999999
0.20000000000000001 0.5 0.40000000000000002
0.29999999999999999 0.5 0.40000000000000002
0.20000000000000001 0.59999999999999998 0.40000000000000002
0.29999999999999999 0.59999999999999998 0.40000000000000002
0.29999999999999999 0.5 0.29999999999999999
0.40000000000000002 0.5 0.29999999999999999
0.29999999999999999 0.59999999999999998 0.29999999999999999
0.40000000000000002 0.59999999999999998 0.29999999999999999
0.29999999999999999 0.5 0.40000000000000002
0.40000000000000002 0.5 0.40000000000000002
0.29999999999999999 0.59999999999999998 0.40000000000000002
0.40000000000000002 0.59999999999999998 0.40000000000000002
0.29999999999999999 0.40000000000000002 0.29999999999999999
0.40000000000000002 0.40000000000000002 0.29999999999999999
0.29999999999999999 0.5 0.29999999999999999
0.40000000000000002 0.5 0.29999999999999999
0.29999999999999999 0.40000000000000002 0.40000000000000002
0.40000000000000002 0.40000000000000002 0.40000000000000002
0.29999999999999999 0.5 0.40000000000000002
0.40000000000000002 0.5 0.40000000000000002
0.20000000000000001 0.40000000000000002 0.29999999999999999
0.29999999999999999 0.40000000000000002 0.29999999999999999
0.20000000000000001 0.5 0.29999999999999999
0.29999999999999999 0.5 0.29999999999999999
0.20000000000000001 0.40000000000000002 0.40000000000000002
0.29999999999999999 0.40000000000000002 0.40000000000000002
0.20000000000000001 0.5 0.40000000000000002
0.29999999999999999 0.5 0.40000000000000002
0.20000000000000001 0.40000000000000002 0.20000000000000001
0.29999999999999999 0.40000000000000002 0.20000000000000001
0.20000000000000001 0.5 0.20000000000000001
0.29999999999999999 0.5 0.20000000000000001
0.20000000000000001 0.40000000000000002 0.29999999999999999
0.29999999999999999 0.40000000000000002 0.29999999999999999
0.20000000000000001 0.5 0.29999999999999999
0.29999999999999999 0.5 0.29999999999999999
0.29999999999999999 0.40000000000000002 0.20000000000000001
0.40000000000000002 0.40000000000000002 0.20000000000000001
0.29999999999999999 0.5 0.20000000000000001
0.40000000000000002 0.5 0.20000000000000001
0.29999999999999999 0.40000000000000002 0.29999999999999999
0.40000000000000002 0.40000000000000002 0.29999999999999999
0.29999999999999999 0.5 0.29999999999999999
0.40000000000000002 0.5 0.29999999999999999
0.29999999999999999 0.5 0.20000000000000001
0.40000000000000002 0.5 0.20000000000000001
0.29999999999999999 0.59999999999999998 0.20000000000000001
0.40000000000000002 0.59999999999999998 0.20000000000000001
0.29999999999999999 0.5 0.29999999999999999
0.40000000000000002 0.5 0.29999999999999999
0.29999999999999999 0.59999999999999998 0.29999999999999999
0.40000000000000002 0.59999999999999998 0.29999999999999999
0.20000000000000001 0.5 0.20000000000000001
0.29999999999999999 0.5 0.20000000000000001
0.20000000000000001 0.59999999999999998 0.20000000000000001
0.29999999999999999 0.59999999999999998 0.20000000000000001
0.20000000000000001 0.5 0.29999999999999999
0.29999999999999999 0.5 0.29999999999999999
0.20000000000000001 0.59999999999999998 0.29999999999999999
0.29999999999999999 0.59999999999999998 0.29999999999999999
0.20000000000000001 0.5 0.10000000000000001
0.29999999999999999 0.5 0.10000000000000001
0.20000000000000001 0.59999999999999998 0.10000000000000001
0.29999999999999999 0.59999999999999998 0.10000000000000001
0.20000000000000001 0.5 0.20000000000000001
0.29999999999999999 0.5 0.20000000000000001
0.20000000000000001 0.59999999999999998 0.20000000000000001
0.29999999999999999 0.59999999999999998 0.20000000000000001
0.29999999999999999 0.5 0.10000000000000001
0.40000000000000002 0.5 0.10000000000000001
0.29999999999999999 0.59999999999999998 0.10000000000000001
0.40000000000000002 0.59999999999999998 0.10000000000000001
0.29999999999999999 0.5 0.20000000000000001
0.40000000000000002 0.5 0.20000000000000001
0.29999999999999999 0.59999999999999998 0.20000000000000001
0.40000000000000002 0.59999999999999998 0.20000000000000001
0.29999999999999999 0.40000000000000002 0.10000000000000001
0.40000000000000002 0.40000000000000002 0.10000000000000001
0.29999999999999999 0.5 0.10000000000000001
0.40000000000000002 0.5 0.10000000000000001
0.29999999999999999 0.40000000000000002 0.20000000000000001
0.40000000000000002 0.40000000000000002 0.20000000000000001
0.29999999999999999 0.5 0.20000000000000001
0.40000000000000002 0.5 0.20000000000000001
0.20000000000000001 0.40000000000000002 0.10000000000000001
0.29999999999999999 0.40000000000000002 0.10000000000000001
0.20000000000000001 0.5 0.10000000000000001
0.29999999999999999 0.5 0.10000000000000001
0.20000000000000001 0.40000000000000002 0.20000000000000001
0.29999999999999999 0.40000000000000002 0.20000000000000001
0.20000000000000001 0.5 0.20000000000000001
0.29999999999999999 0.5 0.20000000000000001
0.20000000000000001 0.40000000000000002 0
0.29999999999999999 0.40000000000000002 0
0.20000000000000001 0.5 0
0.29999999999999999 0.5 0
0.20000000000000001 0.40000000000000002 0.10000000000000001
0.29999999999999999 0.40000000000000002 0.10000000000000001
0.20000000000000001 0.5 0.10000000000000001
0.29999999999999999 0.5 0.10000000000000001
0.29999999999999999 0.40000000000000002 0
0.40000000000000002 0.40000000000000002 0
0.29999999999999999 0.5 0
0.40000000000000002 0.5 0
0.29999999999999999 0.40000000000000002 0.10000000000000001
0.40000000000000002 0.40000000000000002 0.10000000000000001
0.29999999999999999 0.5 0.10000000000000001
0.40000000000000002 0.5 0.10000000000000001
0.29999999999999999 0.5 0
0.40000000000000002 0.5 0
0.29999999999999999 0.59999999999999998 0
0.40000000000000002 0.59999999999999998 0
0.29999999999999999 0.5 0.10000000000000001
0.40000000000000002 0.5 0.10000000000000001
0.29999999999999999 0.59999999999999998 0.10000000000000001
0.40000000000000002 0.59999999999999998 0.10000000000000001
0.20000000000000001 0.5 0
0.29999999999999999 0.5 0
0.20000000000000001 0.59999999999999998 0
0.29999999999999999 0.59999999999999998 0
0.20000000000000001 0.5 0.10000000000000001
0.29999999999999999 0.5 0.10000000000000001
0.20000000000000001 0.59999999999999998 0.10000000000000001
0.29999999999999999 0.59999999999999998 0.10000000000000001
0.10000000000000001 0.5 0
0.20000000000000001 0.5 0
0.10000000000000001 0.59999999999999998 0
0.20000000000000001 0.59999999999999998 0
0.10000000000000001 0.5 0.10000000000000001
0.20000000000000001 0.5 0.10000000000000001
0.10000000000000001 0.59999999999999998 0.10000000000000001
0.20000000000000001 0.59999999999999998 0.10000000000000001
0.10000000000000001 0.40000000000000002 0
0.20000000000000001 0.40000000000000002 0
0.10000000000000001 0.5 0
0.20000000000000001 0.5 0
0.10000000000000001 0.40000000000000002 0.10000000000000001
0.20000000000000001 0.40000000000000002 0.10000000000000001
0.10000000000000001 0.5 0.10000000000000001
0.20000000000000001 0.5 0.10000000000000001
0.10000000000000001 0.40000000000000002 0.10000000000000001
0.20000000000000001 0.40000000000000002 0.10000000000000001
0.10000000000000001 0.5 0.10000000000000001
0.20000000000000001 0.5 0.10000000000000001
0.10000000000000001 0.40000000000000002 0.20000000000000001
0.20000000000000001 0.40000000000000002 0.20000000000000001
0.10000000000000001 0.5 0.20000000000000001
0.20000000000000001 0.5 0.20000000000000001
0.10000000000000001 0.5 0.10000000000000001
0.20000000000000001 0.5 0.10000000000000001
0.10000000000000001 0.59999999999999998 0.10000000000000001
0.20000000000000001 0.59999999999999998 0.10000000000000001
0.10000000000000001 0.5 0.20000000000000001
0.20000000000000001 0.5 0.20000000000000001
0.10000000000000001 0.59999999999999998 0.20000000000000001
0.20000000000000001 0.59999999999999998 0.20000000000000001
0 0.5 0.10000000000000001
0.10000000000000001 0.5 0.10000000000000001
0 0.59999999999999998 0.10000000000000001
0.10000000000000001 0.59999999999999998 0.10000000000000001
0 0.5 0.20000000000000001
0.10000000000000001 0.5 0.20000000000000001
0 0.59999999999999998 0.20000000000000001
0.10000000000000001 0.59999999999999998 0.20000000000000001
0 0.40000000000000002 0.10000000000000001
0.10000000000000001 0.40000000000000002 0.10000000000000001
0 0.5 0.10000000000000001
0.10000000000000001 0.5 0.10000000000000001
0 0.40000000000000002 0.20000000000000001
0.10000000000000001 0.40000000000000002 0.20000000000000001
0 0.5 0.20000000000000001
0.10000000000000001 0.5 0.20000000000000001
0 0.40000000000000002 0
0.10000000000000001 0.40000000000000002 0
0 0.5 0
0.10000000000000001 0.5 0
0 0.40000000000000002 0.10000000000000001
0.10000000000000001 0.40000000000000002 0.10000000000000001
0 0.5 0.10000000000000001
0.10000000000000001 0.5 0.10000000000000001
0 0.5 0
0.10000000000000001 0.5 0
0 0.59999999999999998 0
0.10000000000000001 0.59999999999999998 0
0 0.5 0.10000000000000001
0.10000000000000001 0.5 0.10000000000000001
0 0.59999999999999998 0.10000000000000001
0.10000000000000001 0.59999999999999998 0.10000000000000001
0 0.59999999999999998 0
0.10000000000000001 0.59999999999999998 0
0 0.69999999999999996 0
0.10000000000000001 0.69999999999999996 0
0 0.59999999999999998 0.10000000000000001
0.10000000000000001 0.59999999999999998 0.10000000000000001
0 0.69999999999999996 0.10000000000000001
0.10000000000000001 0.69999999999999996 0.10000000000000001
0 0.59999999999999998 0.10000000000000001
0.10000000000000001 0.59999999999999998 0.10000000000000001
0 0.69999999999999996 0.10000000000000001
0.10000000000000001 0.69999999999999996 0.10000000000000001
0 0.59999999999999998 0.20000000000000001
0.10000000000000001 0.59999999999999998 0.20000000000000001
0 0.69999999999999996 0.20000000000000001
0.10000000000000001 0.69999999999999996 0.20000000000000001
0.10000000000000001 0.59999999999999998 0.10000000000000001
0.20000000000000001 0.59999999999999998 0.10000000000000001
0.10000000000000001 0.69999999999999996 0.10000000000000001
0.20000000000000001 0.69999999999999996 0.10000000000000001
0.10000000000000001 0.59999999999999998 0.20000000000000001
0.20000000000000001 0.59999999999999998 0.20000000000000001
0.10000000000000001 0.69999999999999996 0.20000000000000001
0.20000000000000001 0.69999999999999996 0.20000000000000001
0.10000000000000001 0.59999999999999998 0
0.20000000000000001 0.59999999999999998 0
0.10000000000000001 0.69999999999999996 0
0.20000000000000001 0.69999999999999996 0
0.10000000000000001 0.59999999999999998 0.10000000000000001
0.20000000000000001 0.59999999999999998 0.10000000000000001
0.10000000000000001 0.69999999999999996 0.10000000000000001
0.20000000000000001 0.69999999999999996 0.10000000000000001
0.10000000000000001 0.69999999999999996 0
0.20000000000000001 0.69999999999999996 0
0.10000000000000001 0.80000000000000004 0
0.20000000000000001 0.80000000000000004 0
0.10000000000000001 0.69999999999999996 0.10000000000000001
0.20000000000000001 0.69999999999999996 0.10000000000000001
0.10000000000000001 0.80000000000000004 0.10000000000000001
0.20000000000000001 0.80000000000000004 0.10000000000000001
0.10000000000000001 0.69999999999999996 0.10000000000000001
0.20000000000000001 0.69999999999999996 0.10000000000000001
0.10000000000000001 0.80000000000000004 0.10000000000000001
0.20000000000000001 0.80000000000000004 0.10000000000000001
0.10000000000000001 0.69999999999999996 0.20000000000000001
0.20000000000000001 0.69999999999999996 0.20000000000000001
0.10000000000000001 0.80000000000000004 0.20000000000000001
0.20000000000000001 0.80000000000000004 0.20000000000000001
0 0.69999999999999996 0.10000000000000001
0.10000000000000001 0.69999999999999996 0.10000000000000001
0 0.80000000000000004 0.10000000000000001
0.10000000000000001 0.80000000000000004 0.10000000000000001
0 0.69999999999999996 0.20000000000000001
0.10000000000000001 0.69999999999999996 0.20000000000000001
0 0.80000000000000004 0.20000000000000001
0.10000000000000001 0.80000000000000004 0.20000000000000001
0 0.69999999999999996 0
0.10000000000000001 0.69999999999999996 0
0 0.80000000000000004 0
0.10000000000000001 0.80000000000000004 0
0 0.69999999999999996 0.10000000000000001
0.10000000000000001 0.69999999999999996 0.10000000000000001
0 0.80000000000000004 0.10000000000000001
0.10000000000000001 0.80000000000000004 0.10000000000000001
0 0.80000000000000004 0
0.10000000000000001 0.80000000000000004 0
0 0.90000000000000002 0
0.10000000000000001 0.90000000000000002 0
0 0.80000000000000004 0.10000000000000001
0.10000000000000001 0.80000000000000004 0.10000000000000001
0 0.90000000000000002 0.10000000000000001
0.10000000000000001 0.90000000000000002 0.10000000000000001
0.10000000000000001 0.80000000000000004 0
0.20000000000000001 0.80000000000000004 0
0.10000000000000001 0.90000000000000002 0
0.20000000000000001 0.90000000000000002 0
0.10000000000000001 0.80000000000000004 0.10000000000000001
0.20000000000000001 0.80000000000000004 0.10000000000000001
0.10000000000000001 0.90000000000000002 0.10000000000000001
0.20000000000000001 0.90000000000000002 0.10000000000000001
0.10000000000000001 0.90000000000000002 0
0.20000000000000001 0.90000000000000002 0
0.10000000000000001 1 0
0.20000000000000001 1 0
0.10000000000000001 0.90000000000000002 0.10000000000000001
0.20000000000000001 0.90000000000000002 0.10000000000000001
0.10000000000000001 1 0.10000000000000001
0.20000000000000001 1 0.10000000000000001
0 0.90000000000000002 0
0.10000000000000001 0.90000000000000002 0
0 1 0
0.10000000000000001 1 0
0 0.90000000000000002 0.10000000000000001
0.10000000000000001 0.90000000000000002 0.10000000000000001
0 1 0.10000000000000001
0.10000000000000001 1 0.10000000000000001
0 0.90000000000000002 0.10000000000000001
0.10000000000000001 0.90000000000000002 0.10000000000000001
0 1 0.10000000000000001
0.10000000000000001 1 0.10000000000000001
0 0.90000000000000002 0.20000000000000001
0.10000000000000001 0.90000000000000002 0.20000000000000001
0 1 0.20000000000000001
0.10000000000000001 1 0.20000000000000001
0.10000000000000001 0.90000000000000002 0.10000000000000001
0.20000000000000001 0.90000000000000002 0.10000000000000001
0.10000000000000001 1 0.10000000000000001
0.20000000000000001 1 0.10000000000000001
0.10000000000000001 0.90000000000000002 0.20000000000000001
0.20000000000000001 0.90000000000000002 0.20000000000000001
0.10000000000000001 1 0.20000000000000001
0.20000000000000001 1 0.20000000000000001
0.10000000000000001 0.80000000000000004 0.10000000000000001
0.20000000000000001 0.80000000000000004 0.10000000000000001
0.10000000000000001 0.90000000000000002 0.10000000000000001
0.20000000000000001 0.90000000000000002 0.10000000000000001
0.10000000000000001 0.80000000000000004 0.20000000000000001
0.20000000000000001 0.80000000000000004 0.20000000000000001
0.10000000000000001 0.90000000000000002 0.20000000000000001
0.20000000000000001 0.90000000000000002 0.20000000000000001
0 0.80000000000000004 0.10000000000000001
0.10000000000000001 0.80000000000000004 0.10000000000000001
0 0.90000000000000002 0.10000000000000001
0.10000000000000001 0.90000000000000002 0.10000000000000001
0 0.80000000000000004 0.20000000000000001
0.10000000000000001 0.80000000000000004 0.20000000000000001
0 0.90000000000000002 0.20000000000000001
0.10000000000000001 0.90000000000000002 0.20000000000000001
0 0.80000000000000004 0.20000000000000001
0.10000000000000001 0.80000000000000004 0.20000000000000001
0 0.90000000000000002 0.20000000000000001
0.10000000000000001 0.90000000000000002 0.20000000000000001
0 0.80000000000000004 0.29999999999999999
0.10000000000000001 0.80000000000000004 0.29999999999999999
0 0.90000000000000002 0.29999999999999999
0.10000000000000001 0.90000000000000002 0.29999999999999999
0.10000000000000001 0.80000000000000004 0.20000000000000001
0.20000000000000001 0.80000000000000004 0.20000000000000001
0.10000000000000001 0.90000000000000002 0.20000000000000001
0.20000000000000001 0.90000000000000002 0.20000000000000001
0.10000000000000001 0.80000000000000004 0.29999999999999999
0.20000000000000001 0.80000000000000004 0.29999999999999999
0.10000000000000001 0.90000000000000002 0.29999999999999999
0.20000000000000001 0.90000000000000002 0.29999999999999999
0.10000000000000001 0.90000000000000002 0.20000000000000001
0.20000000000000001 0.90000000000000002 0.20000000000000001
0.10000000000000001 1 0.20000000000000001
0.20000000000000001 1 0.20000000000000001
0.10000000000000001 0.90000000000000002 0.29999999999999999
0.20000000000000001 0.90000000000000002 0.29999999999999999
0.10000000000000001 1 0.29999999999999999
0.20000000000000001 1 0.29999999999999999
0 0.90000000000000002 0.20000000000000001
0.10000000000000001 0.90000000000000002 0.20000000000000001
0 1 0.20000000000000001
0.10000000000000001 1 0.20000000000000001
0 0.90000000000000002 0.29999999999999999
0.10000000000000001 0.90000000000000002 0.29999999999999999
0 1 0.29999999999999999
0.10000000000000001 1 0.29999999999999999
0 0.90000000000000002 0.29999999999999999
0.10000000000000001 0.90000000000000002 0.29999999999999999
0 1 0.29999999999999999
0.10000000000000001 1 0.29999999999999999
0 0.90000000000000002 0.40000000000000002
0.10000000000000001 0.90000000000000002 0.40000000000000002
0 1 0.40000000000000002
0.10000000000000001 1 0.40000000000000002
0.10000000000000001 0.90000000000000002 0.29999999999999999
0.20000000000000001 0.90000000000000002 0.29999999999999999
0.10000000000000001 1 0.29999999999999999
0.20000000000000001 1 0.29999999999999999
0.10000000000000001 0.90000000000000002 0.40000000000000002
0.20000000000000001 0.90000000000000002 0.40000000000000002
0.10000000000000001 1 0.40000000000000002
0.20000000000000001 1 0.40000000000000002
0.10000000000000001 0.80000000000000004 0.29999999999999999
0.20000000000000001 0.80000000000000004 0.29999999999999999
0.10000000000000001 0.90000000000000002 0.29999999999999999
0.20000000000000001 0.90000000000000002 0.29999999999999999
0.10000000000000001 0.80000000000000004 0.40000000000000002
0.20000000000000001 0.80000000000000004 0.40000000000000002
0.10000000000000001 0.90000000000000002 0.40000000000000002
0.20000000000000001 0.90000000000000002 0.40000000000000002
0 0.80000000000000004 0.29999999999999999
0.10000000000000001 0.80000000000000004 0.29999999999999999
0 0.90000000000000002 0.29999999999999999
0.10000000000000001 0.90000000000000002 0.29999999999999999
0 0.80000000000000004 0.40000000000000002
0.10000000000000001 0.80000000000000004 0.40000000000000002
0 0.90000000000000002 0.40000000000000002
0.10000000000000001 0.90000000000000002 0.40000000000000002
0 0.69999999999999996 0.29999999999999999
0.10000000000000001 0.69999999999999996 0.29999999999999999
0 0.80000000000000004 0.29999999999999999
0.10000000000000001 0.80000000000000004 0.29999999999999999
0 0.69999999999999996 0.40000000000000002
0.10000000000000001 0.69999999999999996 0.40000000000000002
0 0.80000000000000004 0.40000000000000002
0.10000000000000001 0.80000000000000004 0.40000000000000002
0 0.59999999999999998 0.29999999999999999
0.10000000000000001 0.59999999999999998 0.29999999999999999
0 0.69999999999999996 0.29999999999999999
0.10000000000000001 0.69999999999999996 0.29999999999999999
0 0.59999999999999998 0.40000000000000002
0.10000000000000001 0.59999999999999998 0.40000000000000002
0 0.69999999999999996 0.40000000000000002
0.10000000000000001 0.69999999999999996 0.40000000000000002
0 0.59999999999999998 0.20000000000000001
0.10000000000000001 0.59999999999999998 0.20000000000000001
0 0.69999999999999996 0.20000000000000001
0.10000000000000001 0.69999999999999996 0.20000000000000001
0 0.59999999999999998 0.29999999999999999
0.10000000000000001 0.59999999999999998 0.29999999999999999
0 0.69999999999999996 0.29999999999999999
0.10000000000000001 0.69999999999999996 0.29999999999999999
0 0.69999999999999996 0.20000000000000001
0.10000000000000001 0.69999999999999996 0.20000000000000001
0 0.80000000000000004 0.20000000000000001
0.10000000000000001 0.80000000000000004 0.20000000000000001
0 0.69999999999999996 0.29999999999999999
0.10000000000000001 0.69999999999999996 0.29999999999999999
0 0.80000000000000004 0.29999999999999999
0.10000000000000001 0.80000000000000004 0.29999999999999999
0.10000000000000001 0.69999999999999996 0.20000000000000001
0.20000000000000001 0.69999999999999996 0.20000000000000001
0.10000000000000001 0.80000000000000004 0.20000000000000001
0.20000000000000001 0.80000000000000004 0.20000000000000001
0.10000000000000001 0.69999999999999996 0.29999999999999999
0.20000000000000001 0.69999999999999996 0.29999999999999999
0.10000000000000001 0.80000000000000004 0.29999999999999999
0.20000000000000001 0.80000000000000004 0.29999999999999999
0.10000000000000001 0.59999999999999998 0.20000000000000001
0.20000000000000001 0.59999999999999998 0.20000000000000001
0.10000000000000001 0.69999999999999996 0.20000000000000001
0.20000000000000001 0.69999999999999996 0.20000000000000001
0.10000000000000001 0.59999999999999998 0.29999999999999999
0.20000000000000001 0.59999999999999998 0.29999999999999999
0.10000000000000001 0.69999999999999996 0.29999999999999999
0.20000000000000001 0.69999999999999996 0.29999999999999999
0.10000000000000001 0.59999999999999998 0.29999999999999999
0.20000000000000001 0.59999999999999998 0.29999999999999999
0.10000000000000001 0.69999999999999996 0.29999999999999999
0.20000000000000001 0.69999999999999996 0.29999999999999999
0.10000000000000001 0.59999999999999998 0.40000000000000002
0.20000000000000001 0.59999999999999998 0.40000000000000002
0.10000000000000001 0.69999999999999996 0.40000000000000002
0.20000000000000001 0.69999999999999996 0.40000000000000002
0.10000000000000001 0.69999999999999996 0.29999999999999999
0.20000000000000001 0.69999999999999996 0.29999999999999999
0.10000000000000001 0.80000000000000004 0.29999999999999999
0.20000000000000001 0.80000000000000004 0.29999999999999999
0.10000000000000001 0.69999999999999996 0.40000000000000002
0.20000000000000001 0.69999999999999996 0.40000000000000002
0.10000000000000001 0.80000000000000004 0.40000000000000002
0.20000000000000001 0.80000000000000004 0.40000000000000002
0.20000000000000001 0.69999999999999996 0.29999999999999999
0.29999999999999999 0.69999999999999996 0.29999999999999999
0.20000000000000001 0.80000000000000004 0.29999999999999999
0.29999999999999999 0.80000000000000004 0.29999999999999999
0.20000000000000001 0.69999999999999996 0.40000000000000002
0.29999999999999999 0.69999999999999996 0.40000000000000002
0.20000000000000001 0.80000000000000004 0.40000000000000002
0.29999999999999999 0.80000000000000004 0.40000000000000002
0.20000000000000001 0.59999999999999998 0.29999999999999999
0.29999999999999999 0.59999999999999998 0.29999999999999999
0.20000000000000001 0.69999999999999996 0.29999999999999999
0.29999999999999999 0.69999999999999996 0.29999999999999999
0.20000000000000001 0.59999999999999998 0.40000000000000002
0.29999999999999999 0.59999999999999998 0.40000000000000002
0.20000000000000001 0.69999999999999996 0.40000000000000002
0.29999999999999999 0.69999999999999996 0.40000000000000002
0.20000000000000001 0.59999999999999998 0.20000000000000001
0.29999999999999999 0.59999999999999998 0.20000000000000001
0.20000000000000001 0.69999999999999996 0.20000000000000001
0.29999999999999999 0.69999999999999996 0.20000000000000001
0.20000000000000001 0.59999999999999998 0.29999999999999999
0.29999999999999999 0.59999999999999998 0.29999999999999999
0.20000000000000001 0.69999999999999996 0.29999999999999999
0.29999999999999999 0.69999999999999996 0.29999999999999999
0.20000000000000001 0.69999999999999996 0.20000000000000001
0.29999999999999999 0.69999999999999996 0.20000000000000001
0.20000000000000001 0.80000000000000004 0.20000000000000001
0.29999999999999999 0.80000000000000004 0.20000000000000001
0.20000000000000001 0.69999999999999996 0.29999999999999999
0.29999999999999999 0.69999999999999996 0.29999999999999999
0.20000000000000001 0.80000000000000004 0.29999999999999999
0.29999999999999999 0.80000000000000004 0.29999999999999999
0.29999999999999999 0.69999999999999996 0.20000000000000001
0.40000000000000002 0.69999999999999996 0.20000000000000001
0.29999999999999999 0.80000000000000004 0.20000000000000001
0.40000000000000002 0.80000000000000004 0.20000000000000001
0.29999999999999999 0.69999999999999996 0.29999999999999999
0.40000000000000002 0.69999999999999996 0.29999999999999999
0.29999999999999999 0.80000000000000004 0.29999999999999999
0.40000000000000002 0.80000000000000004 0.29999999999999999
0.29999999999999999 0.59999999999999998 0.20000000000000001
0.40000000000000002 0.59999999999999998 0.20000000000000001
0.29999999999999999 0.69999999999999996 0.20000000000000001
0.40000000000000002 0.69999999999999996 0.20000000000000001
0.29999999999999999 0.59999999999999998 0.29999999999999999
0.40000000000000002 0.59999999999999998 0.29999999999999999
0.29999999999999999 0.69999999999999996 0.29999999999999999
0.40000000000000002 0.69999999999999996 0.29999999999999999
0.29999999999999999 0.59999999999999998 0.29999999999999999
0.40000000000000002 0.59999999999999998 0.29999999999999999
0.29999999999999999 0.69999999999999996 0.29999999999999999
0.40000000000000002 0.69999999999999996 0.29999999999999999
0.29999999999999999 0.59999999999999998 0.40000000000000002
0.40000000000000002 0.59999999999999998 0.40000000000000002
0.29999999999999999 0.69999999999999996 0.40000000000000002
0.40000000000000002 0.69999999999999996 0.40000000000000002
0.29999999999999999 0.69999999999999996 0.29999999999999999
0.40000000000000002 0.69999999999999996 0.29999999999999999
0.29999999999999999 0.80000000000000004 0.29999999999999999
0.40000000000000002 0.80000000000000004 0.29999999999999999
0.29999999999999999 0.69999999999999996 0.40000000000000002
0.40000000000000002 0.69999999999999996 0.40000000000000002
0.29999999999999999 0.80000000000000004 0.40000000000000002
0.40000000000000002 0.80000000000000004 0.40000000000000002
0.29999999999999999 0.80000000000000004 0.29999999999999999
0.40000000000000002 0.80000000000000004 0.29999999999999999
0.29999999999999999 0.90000000000000002 0.29999999999999999
0.40000000000000002 0.90000000000000002 0.29999999999999999
0.29999999999999999 0.80000000000000004 0.40000000000000002
0.40000000000000002 0.80000000000000004 0.40000000000000002
0.29999999999999999 0.90000000000000002 0.40000000000000002
0.40000000000000002 0.90000000000000002 0.40000000000000002
0.20000000000000001 0.80000000000000004 0.29999999999999999
0.29999999999999999 0.80000000000000004 0.29999999999999999
0.20000000000000001 0.90000000000000002 0.29999999999999999
0.29999999999999999 0.90000000000000002 0.29999999999999999
0.20000000000000001 0.80000000000000004 0.40000000000000002
0.29999999999999999 0.80000000000000004 0.40000000000000002
0.20000000000000001 0.90000000000000002 0.40000000000000002
0.29999999999999999 0.90000000000000002 0.40000000000000002
0.20000000000000001 0.90000000000000002 0.29999999999999999
0.29999999999999999 0.90000000000000002 0.29999999999999999
0.20000000000000001 1 0.29999999999999999
0.29999999999999999 1 0.29999999999999999
0.20000000000000001 0.90000000000000002 0.40000000000000002
0.29999999999999999 0.90000000000000002 0.40000000000000002
0.20000000000000001 1 0.40000000000000002
0.29999999999999999 1 0.40000000000000002
0.29999999999999999 0.90000000000000002 0.29999999999999999
0.40000000000000002 0.90000000000000002 0.29999999999999999
0.29999999999999999 1 0.29999999999999999
0.40000000000000002 1 0.29999999999999999
0.29999999999999999 0.90000000000000002 0.40000000000000002
0.40000000000000002 0.90000000000000002 0.40000000000000002
0.29999999999999999 1 0.40000000000000002
0.40000000000000002 1 0.40000000000000002
0.29999999999999999 0.90000000000000002 0.20000000000000001
0.40000000000000002 0.90000000000000002 0.20000000000000001
0.29999999999999999 1 0.20000000000000001
0.40000000000000002 1 0.20000000000000001
0.29999999999999999 0.90000000000000002 0.29999999999999999
0.40000000000000002 0.90000000000000002 0.29999999999999999
0.29999999999999999 1 0.29999999999999999
0.40000000000000002 1 0.29999999999999999
0.20000000000000001 0.90000000000000002 0.20000000000000001
0.29999999999999999 0.90000000000000002 0.20000000000000001
0.20000000000000001 1 0.20000000000000001
0.29999999999999999 1 0.20000000000000001
0.20000000000000001 0.90000000000000002 0.29999999999999999
0.29999999999999999 0.90000000000000002 0.29999999999999999
0.20000000000000001 1 0.29999999999999999
0.29999999999999999 1 0.29999999999999999
0.20000000000000001 0.80000000000000004 0.20000000000000001
0.29999999999999999 0.80000000000000004 0.20000000000000001
0.20000000000000001 0.90000000000000002 0.20000000000000001
0.29999999999999999 0.90000000000000002 0.20000000000000001
0.20000000000000001 0.80000000000000004 0.29999999999999999
0.29999999999999999 0.80000000000000004 0.29999999999999999
0.20000000000000001 0.90000000000000002 0.29999999999999999
0.29999999999999999 0.90000000000000002 0.29999999999999999
0.29999999999999999 0.80000000000000004 0.20000000000000001
0.40000000000000002 0.80000000000000004 0.20000000000000001
0.29999999999999999 0.90000000000000002 0.20000000000000001
0.40000000000000002 0.90000000000000002 0.20000000000000001
0.29999999999999999 0.80000000000000004 0.29999999999999999
0.40000000000000002 0.80000000000000004 0.29999999999999999
0.29999999999999999 0.90000000000000002 0.29999999999999999
0.40000000000000002 0.90000000000000002 0.29999999999999999
0.29999999999999999 0.80000000000000004 0.10000000000000001
0.40000000000000002 0.80000000000000004 0.10000000000000001
0.29999999999999999 0.90000000000000002 0.10000000000000001
0.40000000000000002 0.90000000000000002 0.10000000000000001
0.29999999999999999 0.80000000000000004 0.20000000000000001
0.40000000000000002 0.80000000000000004 0.20000000000000001
0.29999999999999999 0.90000000000000002 0.20000000000000001
0.40000000000000002 0.90000000000000002 0.20000000000000001
0.20000000000000001 0.80000000000000004 0.10000000000000001
0.29999999999999999 0.80000000000000004 0.10000000000000001
0.20000000000000001 0.90000000000000002 0.10000000000000001
0.29999999999999999 0.90000000000000002 0.10000000000000001
0.20000000000000001 0.80000000000000004 0.20000000000000001
0.29999999999999999 0.80000000000000004 0.20000000000000001
0.20000000000000001 0.90000000000000002 0.20000000000000001
0.29999999999999999 0.90000000000000002 0.20000000000000001
0.20000000000000001 0.90000000000000002 0.10000000000000001
0.29999999999999999 0.90000000000000002 0.10000000000000001
0.20000000000000001 1 0.10000000000000001
0.29999999999999999 1 0.10000000000000001
0.20000000000000001 0.90000000000000002 0.20000000000000001
0.29999999999999999 0.90000000000000002 0.20000000000000001
0.20000000000000001 1 0.20000000000000001
0.29999999999999999 1 0.20000000000000001
0.29999999999999999 0.90000000000000002 0.10000000000000001
0.40000000000000002 0.90000000000000002 0.10000000000000001
0.29999999999999999 1 0.10000000000000001
0.40000000000000002 1 0.10000000000000001
0.29999999999999999 0.90000000000000002 0.20000000000000001
0.40000000000000002 0.90000000000000002 0.20000000000000001
0.29999999999999999 1 0.20000000000000001
0.40000000000000002 1 0.20000000000000001
0.29999999999999999 0.90000000000000002 0
0.40000000000000002 0.90000000000000002 0
0.29999999999999999 1 0
0.40000000000000002 1 0
0.29999999999999999 0.90000000000000002 0.10000000000000001
0.40000000000000002 0.90000000000000002 0.10000000000000001
0.29999999999999999 1 0.10000000000000001
0.40000000000000002 1 0.10000000000000001
0.20000000000000001 0.90000000000000002 0
0.29999999999999999 0.90000000000000002 0
0.20000000000000001 1 0
0.29999999999999999 1 0
0.20000000000000001 0.90000000000000002 0.10000000000000001
0.29999999999999999 0.90000000000000002 0.10000000000000001
0.20000000000000001 1 0.10000000000000001
0.29999999999999999 1 0.10000000000000001
0.20000000000000001 0.80000000000000004 0
0.29999999999999999 0.80000000000000004 0
0.20000000000000001 0.90000000000000002 0
0.29999999999999999 0.90000000000000002 0
0.20000000000000001 0.80000000000000004 0.10000000000000001
0.29999999999999999 0.80000000000000004 0.10000000000000001
0.20000000000000001 0.90000000000000002 0.10000000000000001
0.29999999999999999 0.90000000000000002 0.10000000000000001
0.29999999999999999 0.80000000000000004 0
0.40000000000000002 0.80000000000000004 0
0.29999999999999999 0.90000000000000002 0
0.40000000000000002 0.90000000000000002 0
0.29999999999999999 0.80000000000000004 0.10000000000000001
0.40000000000000002 0.80000000000000004 0.10000000000000001
0.29999999999999999 0.90000000000000002 0.10000000000000001
0.40000000000000002 0.90000000000000002 0.10000000000000001
0.29999999999999999 0.69999999999999996 0
0.40000000000000002 0.69999999999999996 0
0.29999999999999999 0.80000000000000004 0
0.40000000000000002 0.80000000000000004 0
0.29999999999999999 0.69999999999999996 0.10000000000000001
0.40000000000000002 0.69999999999999996 0.10000000000000001
0.29999999999999999 0.80000000000000004 0.10000000000000001
0.40000000000000002 0.80000000000000004 0.10000000000000001
0.29999999999999999 0.69999999999999996 0.10000000000000001
0.40000000000000002 0.69999999999999996 0.10000000000000001
0.29999999999999999 0.80000000000000004 0.10000000000000001
0.40000000000000002 0.80000000000000004 0.10000000000000001
0.29999999999999999 0.69999999999999996 0.20000000000000001
0.40000000000000002 0.69999999999999996 0.20000000000000001
0.29999999999999999 0.80000000000000004 0.20000000000000001
0.40000000000000002 0.80000000000000004 0.20000000000000001
0.20000000000000001 0.69999999999999996 0.10000000000000001
0.29999999999999999 0.69999999999999996 0.10000000000000001
0.20000000000000001 0.80000000000000004 0.10000000000000001
0.29999999999999999 0.80000000000000004 0.10000000000000001
0.20000000000000001 0.69999999999999996 0.20000000000000001
0.29999999999999999 0.69999999999999996 0.20000000000000001
0.20000000000000001 0.80000000000000004 0.20000000000000001
0.29999999999999999 0.80000000000000004 0.20000000000000001
0.20000000000000001 0.69999999999999996 0
0.29999999999999999 0.69999999999999996 0
0.20000000000000001 0.80000000000000004 0
0.29999999999999999 0.80000000000000004 0
0.20000000000000001 0.69999999999999996 0.10000000000000001
0.29999999999999999 0.69999999999999996 0.10000000000000001
0.20000000000000001 0.80000000000000004 0.10000000000000001
0.29999999999999999 0.80000000000000004 0.10000000000000001
0.20000000000000001 0.59999999999999998 0
0.29999999999999999 0.59999999999999998 0
0.20000000000000001 0.69999999999999996 0
0.29999999999999999 0.69999999999999996 0
0.20000000000000001 0.59999999999999998 0.10000000000000001
0.29999999999999999 0.59999999999999998 0.10000000000000001
0.20000000000000001 0.69999999999999996 0.10000000000000001
0.29999999999999999 0.69999999999999996 0.10000000000000001
0.20000000000000001 0.59999999999999998 0.10000000000000001
0.29999999999999999 0.59999999999999998 0.10000000000000001
0.20000000000000001 0.69999999999999996 0.10000000000000001
0.29999999999999999 0.69999999999999996 0.10000000000000001
0.20000000000000001 0.59999999999999998 0.20000000000000001
0.29999999999999999 0.59999999999999998 0.20000000000000001
0.20000000000000001 0.69999999999999996 0.20000000000000001
0.29999999999999999 0.69999999999999996 0.20000000000000001
0.29999999999999999 0.59999999999999998 0.10000000000000001
0.40000000000000002 0.59999999999999998 0.10000000000000001
0.29999999999999999 0.69999999999999996 0.10000000000000001
0.40000000000000002 0.69999999999999996 0.10000000000000001
0.29999999999999999 0.59999999999999998 0.20000000000000001
0.40000000000000002 0.59999999999999998 0.20000000000000001
0.29999999999999999 0.69999999999999996 0.20000000000000001
0.40000000000000002 0.69999999999999996 0.20000000000000001
0.29999999999999999 0.59999999999999998 0
0.40000000000000002 0.59999999999999998 0
0.29999999999999999 0.69999999999999996 0
0.40000000000000002 0.69999999999999996 0
0.29999999999999999 0.59999999999999998 0.10000000000000001
0.40000000000000002 0.59999999999999998 0.10000000000000001
0.29999999999999999 0.69999999999999996 0.10000000000000001
0.40000000000000002 0.69999999999999996 0.10000000000000001
0.40000000000000002 0.59999999999999998 0
0.5 0.59999999999999998 0
0.40000000000000002 0.69999999999999996 0
0.5 0.69999999999999996 0
0.40000000000000002 0.59999999999999998 0.10000000000000001
0.5 0.59999999999999998 0.10000000000000001
0.40000000000000002 0.69999999999999996 0.10000000000000001
0.5 0.69999999999999996 0.10000000000000001
0.5 0.59999999999999998 0
0.59999999999999998 0.59999999999999998 0
0.5 0.69999999999999996 0
0.59999999999999998 0.69999999999999996 0
0.5 0.59999999999999998 0.10000000000000001
0.59999999999999998 0.59999999999999998 0.10000000000000001
0.5 0.69999999999999996 0.10000000000000001
0.59999999999999998 0.69999999999999996 0.10000000000000001
0.5 0.59999999999999998 0.10000000000000001
0.59999999999999998 0.59999999999999998 0.10000000000000001
0.5 0.69999999999999996 0.10000000000000001
0.59999999999999998 0.69999999999999996 0.10000000000000001
0.5 0.59999999999999998 0.20000000000000001
0.59999999999999998 0.59999999999999998 0.20000000000000001
0.5 0.69999999999999996 0.20000000000000001
0.59999999999999998 0.69999999999999996 0.20000000000000001
0.40000000000000002 0.59999999999999998 0.10000000000000001
0.5 0.59999999999999998 0.10000000000000001
0.40000000000000002 0.69999999999999996 0.10000000000000001
0.5 0.69999999999999996 0.10000000000000001
0.40000000000000002 0.59999999999999998 0.20000000000000001
0.5 0.59999999999999998 0.20000000000000001
0.40000000000000002 0.69999999999999996 0.20000000000000001
0.5 0.69999999999999996 0.20000000000000001
0.40000000000000002 0.59999999999999998 0.20000000000000001
0.5 0.59999999999999998 0.20000000000000001
0.40000000000000002 0.69999999999999996 0.20000000000000001
0.5 0.69999999999999996 0.20000000000000001
0.40000000000000002 0.59999999999999998 0.29999999999999999
0.5 0.59999999999999998 0.29999999999999999
0.40000000000000002 0.69999999999999996 0.29999999999999999
0.5 0.69999999999999996 0.29999999999999999
0.40000000000000002 0.59999999999999998 0.29999999999999999
0.5 0.59999999999999998 0.29999999999999999
0.40000000000000002 0.69999999999999996 0.29999999999999999
0.5 0.69999999999999996 0.29999999999999999
0.40000000000000002 0.59999999999999998 0.40000000000000002
0.5 0.59999999999999998 0.40000000000000002
0.40000000000000002 0.69999999999999996 0.40000000000000002
0.5 0.69999999999999996 0.40000000000000002
0.5 0.59999999999999998 0.29999999999999999
0.59999999999999998 0.59999999999999998 0.29999999999999999
0.5 0.69999999999999996 0.29999999999999999
0.59999999999999998 0.69999999999999996 0.29999999999999999
0.5 0.59999999999999998 0.40000000000000002
0.59999999999999998 0.59999999999999998 0.40000000000000002
0.5 0.69999999999999996 0.40000000000000002
0.59999999999999998 0.69999999999999996 0.40000000000000002
0.5 0.59999999999999998 0.20000000000000001
0.59999999999999998 0.59999999999999998 0.20000000000000001
0.5 0.69999999999999996 0.20000000000000001
0.59999999999999998 0.69999999999999996 0.20000000000000001
0.5 0.59999999999999998 0.29999999999999999
0.59999999999999998 0.59999999999999998 0.29999999999999999
0.5 0.69999999999999996 0.29999999999999999
0.59999999999999998 0.69999999999999996 0.29999999999999999
0.5 0.69999999999999996 0.20000000000000001
0.59999999999999998 0.69999999999999996 0.20000000000000001
0.5 0.80000000000000004 0.20000000000000001
0.59999999999999998 0.80000000000000004 0.20000000000000001
0.5 0.69999999999999996 0.29999999999999999
0.59999999999999998 0.69999999999999996 0.29999999999999999
0.5 0.80000000000000004 0.29999999999999999
0.59999999999999998 0.80000000000000004 0.29999999999999999
0.5 0.69999999999999996 0.29999999999999999
0.59999999999999998 0.69999999999999996 0.29999999999999999
0.5 0.80000000000000004 0.29999999999999999
0.59999999999999998 0.80000000000000004 0.29999999999999999
0.5 0.69999999999999996 0.40000000000000002
0.59999999999999998 0.69999999999999996 0.40000000000000002
0.5 0.80000000000000004 0.40000000000000002
0.59999999999999998 0.80000000000000004 0.40000000000000002
0.40000000000000002 0.69999999999999996 0.29999999999999999
0.5 0.69999999999999996 0.29999999999999999
0.40000000000000002 0.80000000000000004 0.29999999999999999
0.5 0.80000000000000004 0.29999999999999999
0.40000000000000002 0.69999999999999996 0.40000000000000002
0.5 0.69999999999999996 0.40000000000000002
0.40000000000000002 0.80000000000000004 0.40000000000000002
0.5 0.80000000000000004 0.40000000000000002
0.40000000000000002 0.69999999999999996 0.20000000000000001
0.5 0.69999999999999996 0.20000000000000001
0.40000000000000002 0.80000000000000004 0.20000000000000001
0.5 0.80000000000000004 0.20000000000000001
0.40000000000000002 0.69999999999999996 0.29999999999999999
0.5 0.69999999999999996 0.29999999999999999
0.40000000000000002 0.80000000000000004 0.29999999999999999
0.5 0.80000000000000004 0.29999999999999999
0.40000000000000002 0.69999999999999996 0.10000000000000001
0.5 0.69999999999999996 0.10000000000000001
0.40000000000000002 0.80000000000000004 0.10000000000000001
0.5 0.80000000000000004 0.10000000000000001
0.40000000000000002 0.69999999999999996 0.20000000000000001
0.5 0.69999999999999996 0.20000000000000001
0.40000000000000002 0.80000000000000004 0.20000000000000001
0.5 0.80000000000000004 0.20000000000000001
0.5 0.69999999999999996 0.10000000000000001
0.59999999999999998 0.69999999999999996 0.10000000000000001
0.5 0.80000000000000004 0.10000000000000001
0.59999999999999998 0.80000000000000004 0.10000000000000001
0.5 0.69999999999999996 0.20000000000000001
0.59999999999999998 0.69999999999999996 0.20000000000000001
0.5 0.80000000000000004 0.20000000000000001
0.59999999999999998 0.80000000000000004 0.20000000000000001
0.5 0.69999999999999996 0
0.59999999999999998 0.69999999999999996 0
0.5 0.80000000000000004 0
0.59999999999999998 0.80000000000000004 0
0.5 0.69999999999999996 0.10000000000000001
0.59999999999999998 0.69999999999999996 0.10000000000000001
0.5 0.80000000000000004 0.10000000000000001
0.59999999999999998 0.80000000000000004 0.10000000000000001
0.40000000000000002 0.69999999999999996 0
0.5 0.69999999999999996 0
0.40000000000000002 0.80000000000000004 0
0.5 0.80000000000000004 0
0.40000000000000002 0.69999999999999996 0.10000000000000001
0.5 0.69999999999999996 0.10000000000000001
0.40000000000000002 0.80000000000000004 0.10000000000000001
0.5 0.80000000000000004 0.10000000000000001
0.40000000000000002 0.80000000000000004 0
0.5 0.80000000000000004 0
0.40000000000000002 0.90000000000000002 0
0.5 0.90000000000000002 0
0.40000000000000002 0.80000000000000004 0.10000000000000001
0.5 0.80000000000000004 0.10000000000000001
0.40000000000000002 0.90000000000000002 0.10000000000000001
0.5 0.90000000000000002 0.10000000000000001
0.5 0.80000000000000004 0
0.59999999999999998 0.80000000000000004 0
0.5 0.90000000000000002 0
0.59999999999999998 0.90000000000000002 0
0.5 0.80000000000000004 0.10000000000000001
0.59999999999999998 0.80000000000000004 0.10000000000000001
0.5 0.90000000000000002 0.10000000000000001
0.59999999999999998 0.90000000000000002 0.10000000000000001
0.5 0.90000000000000002 0
0.59999999999999998 0.90000000000000002 0
0.5 1 0
0.59999999999999998 1 0
0.5 0.90000000000000002 0.10000000000000001
0.59999999999999998 0.90000000000000002 0.10000000000000001
0.5 1 0.10000000000000001
0.59999999999999998 1 0.10000000000000001
0.40000000000000002 0.90000000000000002 0
0.5 0.90000000000000002 0
0.40000000000000002 1 0
0.5 1 0
0.40000000000000002 0.90000000000000002 0.10000000000000001
0.5 0.90000000000000002 0.10000000000000001
0.40000000000000002 1 0.10000000000000001
0.5 1 0.10000000000000001
0.40000000000000002 0.90000000000000002 0.10000000000000001
0.5 0.90000000000000002 0.10000000000000001
0.40000000000000002 1 0.10000000000000001
0.5 1 0.10000000000000001
0.40000000000000002 0.90000000000000002 0.20000000000000001
0.5 0.90000000000000002 0.20000000000000001
0.40000000000000002 1 0.20000000000000001
0.5 1 0.20000000000000001
0.5 0.90000000000000002 0.10000000000000001
0.59999999999999998 0.90000000000000002 0.10000000000000001
0.5 1 0.10000000000000001
0.59999999999999998 1 0.10000000000000001
0.5 0.90000000000000002 0.20000000000000001
0.59999999999999998 0.90000000000000002 0.20000000000000001
0.5 1 0.20000000000000001
0.59999999999999998 1 0.20000000000000001
0.5 0.80000000000000004 0.10000000000000001
0.59999999999999998 0.80000000000000004 0.10000000000000001
0.5 0.90000000000000002 0.10000000000000001
0.59999999999999998 0.90000000000000002 0.10000000000000001
0.5 0.80000000000000004 0.20000000000000001
0.59999999999999998 0.80000000000000004 0.20000000000000001
0.5 0.90000000000000002 0.20000000000000001
0.59999999999999998 0.90000000000000002 0.20000000000000001
0.40000000000000002 0.80000000000000004 0.10000000000000001
0.5 0.80000000000000004 0.10000000000000001
0.40000000000000002 0.90000000000000002 0.10000000000000001
0.5 0.90000000000000002 0.10000000000000001
0.40000000000000002 0.80000000000000004 0.20000000000000001
0.5 0.80000000000000004 0.20000000000000001
0.40000000000000002 0.90000000000000002 0.20000000000000001
0.5 0.90000000000000002 0.20000000000000001
0.40000000000000002 0.80000000000000004 0.20000000000000001
0.5 0.80000000000000004 0.20000000000000001
0.40000000000000002 0.90000000000000002 0.20000000000000001
0.5 0.90000000000000002 0.20000000000000001
0.40000000000000002 0.80000000000000004 0.29999999999999999
0.5 0.80000000000000004 0.29999999999999999
0.40000000000000002 0.90000000000000002 0.29999999999999999
0.5 0.90000000000000002 0.29999999999999999
0.5 0.80000000000000004 0.20000000000000001
0.59999999999999998 0.80000000000000004 0.20000000000000001
0.5 0.90000000000000002 0.20000000000000001
0.59999999999999998 0.90000000000000002 0.20000000000000001
0.5 0.80000000000000004 0.29999999999999999
0.59999999999999998 0.80000000000000004 0.29999999999999999
0.5 0.90000000000000002 0.29999999999999999
0.59999999999999998 0.90000000000000002 0.29999999999999999
0.5 0.90000000000000002 0.20000000000000001
0.59999999999999998 0.90000000000000002 0.20000000000000001
0.5 1 0.20000000000000001
0.59999999999999998 1 0.20000000000000001
0.5 0.90000000000000002 0.29999999999999999
0.59999999999999998 0.90000000000000002 0.29999999999999999
0.5 1 0.29999999999999999
0.59999999999999998 1 0.29999999999999999
0.40000000000000002 0.90000000000000002 0.20000000000000001
0.5 0.90000000000000002 0.20000000000000001
0.40000000000000002 1 0.20000000000000001
0.5 1 0.20000000000000001
0.40000000000000002 0.90000000000000002 0.29999999999999999
0.5 0.90000000000000002 0.29999999999999999
0.40000000000000002 1 0.29999999999999999
0.5 1 0.29999999999999999
0.40000000000000002 0.90000000000000002 0.29999999999999999
0.5 0.90000000000000002 0.29999999999999999
0.40000000000000002 1 0.29999999999999999
0.5 1 0.29999999999999999
0.40000000000000002 0.90000000000000002 0.40000000000000002
0.5 0.90000000000000002 0.40000000000000002
0.40000000000000002 1 0.40000000000000002
0.5 1 0.40000000000000002
0.5 0.90000000000000002 0.29999999999999999
0.59999999999999998 0.90000000000000002 0.29999999999999999
0.5 1 0.29999999999999999
0.59999999999999998 1 0.29999999999999999
0.5 0.90000000000000002 0.40000000000000002
0.59999999999999998 0.90000000000000002 0.40000000000000002
0.5 1 0.40000000000000002
0.59999999999999998 1 0.40000000000000002
0.5 0.80000000000000004 0.29999999999999999
0.59999999999999998 0.80000000000000004 0.29999999999999999
0.5 0.90000000000000002 0.29999999999999999
0.59999999999999998 0.90000000000000002 0.29999999999999999
0.5 0.80000000000000004 0.40000000000000002
0.59999999999999998 0.80000000000000004 0.40000000000000002
0.5 0.90000000000000002 0.40000000000000002
0.59999999999999998 0.90000000000000002 0.40000000000000002
0.40000000000000002 0.80000000000000004 0.29999999999999999
0.5 0.80000000000000004 0.29999999999999999
0.40000000000000002 0.90000000000000002 0.29999999999999999
0.5 0.90000000000000002 0.29999999999999999
0.40000000000000002 0.80000000000000004 0.40000000000000002
0.5 0.80000000000000004 0.40000000000000002
0.40000000000000002 0.90000000000000002 0.40000000000000002
0.5 0.90000000000000002 0.40000000000000002
0.40000000000000002 0.80000000000000004 0.40000000000000002
0.5 0.80000000000000004 0.40000000000000002
0.40000000000000002 0.90000000000000002 0.40000000000000002
0.5 0.90000000000000002 0.40000000000000002
0.40000000000000002 0.80000000000000004 0.5
0.5 0.80000000000000004 0.5
0.40000000000000002 0.90000000000000002 0.5
0.5 0.90000000000000002 0.5
0.5 0.80000000000000004 0.40000000000000002
0.59999999999999998 0.80000000000000004 0.40000000000000002
0.5 0.90000000000000002 0.40000000000000002
0.59999999999999998 0.90000000000000002 0.40000000000000002
0.5 0.80000000000000004 0.5
0.59999999999999998 0.80000000000000004 0.5
0.5 0.90000000000000002 0.5
0.59999999999999998 0.90000000000000002 0.5
0.5 0.90000000000000002 0.40000000000000002
0.59999999999999998 0.90000000000000002 0.40000000000000002
0.5 1 0.40000000000000002
0.59999999999999998 1 0.40000000000000002
0.5 0.90000000000000002 0.5
0.59999999999999998 0.90000000000000002 0.5
0.5 1 0.5
0.59999999999999998 1 0.5
0.40000000000000002 0.90000000000000002 0.40000000000000002
0.5 0.90000000000000002 0.40000000000000002
0.40000000000000002 1 0.40000000000000002
0.5 1 0.40000000000000002
0.40000000000000002 0.90000000000000002 0.5
0.5 0.90000000000000002 0.5
0.40000000000000002 1 0.5
0.5 1 0.5
0.40000000000000002 0.90000000000000002 0.5
0.5 0.90000000000000002 0.5
0.40000000000000002 1 0.5
0.5 1 0.5
0.40000000000000002 0.90000000000000002 0.59999999999999998
0.5 0.90000000000000002 0.59999999999999998
0.40000000000000002 1 0.59999999999999998
0.5 1 0.59999999999999998
0.5 0.90000000000000002 0.5
0.59999999999999998 0.90000000000000002 0.5
0.5 1 0.5
0.59999999999999998 1 0.5
0.5 0.90000000000000002 0.59999999999999998
0.59999999999999998 0.90000000000000002 0.59999999999999998
0.5 1 0.59999999999999998
0.59999999999999998 1 0.59999999999999998
0.5 0.80000000000000004 0.5
0.59999999999999998 0.80000000000000004 0.5
0.5 0.90000000000000002 0.5
0.59999999999999998 0.90000000000000002 0.5
0.5 0.80000000000000004 0.59999999999999998
0.59999999999999998 0.80000000000000004 0.59999999999999998
0.5 0.90000000000000002 0.59999999999999998
0.59999999999999998 0.90000000000000002 0.59999999999999998
0.40000000000000002 0.80000000000000004 0.5
0.5 0.80000000000000004 0.5
0.40000000000000002 0.90000000000000002 0.5
0.5 0.90000000000000002 0.5
0.40000000000000002 0.80000000000000004 0.59999999999999998
0.5 0.80000000000000004 0.59999999999999998
0.40000000000000002 0.90000000000000002 0.59999999999999998
0.5 0.90000000000000002 0.59999999999999998
0.40000000000000002 0.69999999999999996 0.5
0.5 0.69999999999999996 0.5
0.40000000000000002 0.80000000000000004 0.5
0.5 0.80000000000000004 0.5
0.40000000000000002 0.69999999999999996 0.59999999999999998
0.5 0.69999999999999996 0.59999999999999998
0.40000000000000002 0.80000000000000004 0.59999999999999998
0.5 0.80000000000000004 0.59999999999999998
0.40000000000000002 0.69999999999999996 0.40000000000000002
0.5 0.69999999999999996 0.40000000000000002
0.40000000000000002 0.80000000000000004 0.40000000000000002
0.5 0.80000000000000004 0.40000000000000002
0.40000000000000002 0.69999999999999996 0.5
0.5 0.69999999999999996 0.5
0.40000000000000002 0.80000000000000004 0.5
0.5 0.80000000000000004 0.5
0.5 0.69999999999999996 0.40000000000000002
0.59999999999999998 0.69999999999999996 0.40000000000000002
0.5 0.80000000000000004 0.40000000000000002
0.59999999999999998 0.80000000000000004 0.40000000000000002
0.5 0.69999999999999996 0.5
0.59999999999999998 0.69999999999999996 0.5
0.5 0.80000000000000004 0.5
0.59999999999999998 0.80000000000000004 0.5
0.5 0.69999999999999996 0.5
0.59999999999999998 0.69999999999999996 0.5
0.5 0.80000000000000004 0.5
0.59999999999999998 0.80000000000000004 0.5
0.5 0.69999999999999996 0.59999999999999998
0.59999999999999998 0.69999999999999996 0.59999999999999998
0.5 0.80000000000000004 0.59999999999999998
0.59999999999999998 0.80000000000000004 0.59999999999999998
0.5 0.59999999999999998 0.5
0.59999999999999998 0.59999999999999998 0.5
0.5 0.69999999999999996 0.5
0.59999999999999998 0.69999999999999996 0.5
0.5 0.59999999999999998 0.59999999999999998
0.59999999999999998 0.59999999999999998 0.59999999999999998
0.5 0.69999999999999996 0.59999999999999998
0.59999999999999998 0.69999999999999996 0.59999999999999998
0.5 0.59999999999999998 0.40000000000000002
0.59999999999999998 0.59999999999999998 0.40000000000000002
0.5 0.69999999999999996 0.40000000000000002
0.59999999999999998 0.69999999999999996 0.40000000000000002
0.5 0.59999999999999998 0.5
0.59999999999999998 0.59999999999999998 0.5
0.5 0.69999999999999996 0.5
0.59999999999999998 0.69999999999999996 0.5
0.40000000000000002 0.59999999999999998 0.40000000000000002
0.5 0.59999999999999998 0.40000000000000002
0.40000000000000002 0.69999999999999996 0.40000000000000002
0.5 0.69999999999999996 0.40000000000000002
0.40000000000000002 0.59999999999999998 0.5
0.5 0.59999999999999998 0.5
0.40000000000000002 0.69999999999999996 0.5
0.5 0.69999999999999996 0.5
0.40000000000000002 0.59999999999999998 0.5
0.5 0.59999999999999998 0.5
0.40000000000000002 0.69999999999999996 0.5
0.5 0.69999999999999996 0.5
0.40000000000000002 0.59999999999999998 0.59999999999999998
0.5 0.59999999999999998 0.59999999999999998
0.40000000000000002 0.69999999999999996 0.59999999999999998
0.5 0.69999999999999996 0.59999999999999998
0.29999999999999999 0.59999999999999998 0.5
0.40000000000000002 0.59999999999999998 0.5
0.29999999999999999 0.69999999999999996 0.5
0.40000000000000002 0.69999999999999996 0.5
0.29999999999999999 0.59999999999999998 0.59999999999999998
0.40000000000000002 0.59999999999999998 0.59999999999999998
0.29999999999999999 0.69999999999999996 0.59999999999999998
0.40000000000000002 0.69999999999999996 0.59999999999999998
0.29999999999999999 0.59999999999999998 0.40000000000000002
0.40000000000000002 0.59999999999999998 0.40000000000000002
0.29999999999999999 0.69999999999999996 0.40000000000000002
0.40000000000000002 0.69999999999999996 0.40000000000000002
0.29999999999999999 0.59999999999999998 0.5
0.40000000000000002 0.59999999999999998 0.5
0.29999999999999999 0.69999999999999996 0.5
0.40000000000000002 0.69999999999999996 0.5
0.20000000000000001 0.59999999999999998 0.40000000000000002
0.29999999999999999 0.59999999999999998 0.40000000000000002
0.20000000000000001 0.69999999999999996 0.40000000000000002
0.29999999999999999 0.69999999999999996 0.40000000000000002
0.20000000000000001 0.59999999999999998 0.5
0.29999999999999999 0.59999999999999998 0.5
0.20000000000000001 0.69999999999999996 0.5
0.29999999999999999 0.69999999999999996 0.5
0.20000000000000001 0.59999999999999998 0.5
0.29999999999999999 0.59999999999999998 0.5
0.20000000000000001 0.69999999999999996 0.5
0.29999999999999999 0.69999999999999996 0.5
0.20000000000000001 0.59999999999999998 0.59999999999999998
0.29999999999999999 0.59999999999999998 0.59999999999999998
0.20000000000000001 0.69999999999999996 0.59999999999999998
0.29999999999999999 0.69999999999999996 0.59999999999999998
0.20000000000000001 0.69999999999999996 0.5
0.29999999999999999 0.69999999999999996 0.5
0.20000000000000001 0.80000000000000004 0.5
0.29999999999999999 0.80000000000000004 0.5
0.20000000000000001 0.69999999999999996 0.59999999999999998
0.29999999999999999 0.69999999999999996 0.59999999999999998
0.20000000000000001 0.80000000000000004 0.59999999999999998
0.29999999999999999 0.80000000000000004 0.59999999999999998
0.20000000000000001 0.69999999999999996 0.40000000000000002
0.29999999999999999 0.69999999999999996 0.40000000000000002
0.20000000000000001 0.80000000000000004 0.40000000000000002
0.29999999999999999 0.80000000000000004 0.40000000000000002
0.20000000000000001 0.69999999999999996 0.5
0.29999999999999999 0.69999999999999996 0.5
0.20000000000000001 0.80000000000000004 0.5
0.29999999999999999 0.80000000000000004 0.5
0.29999999999999999 0.69999999999999996 0.40000000000000002
0.40000000000000002 0.69999999999999996 0.40000000000000002
0.29999999999999999 0.80000000000000004 0.40000000000000002
0.40000000000000002 0.80000000000000004 0.40000000000000002
0.29999999999999999 0.69999999999999996 0.5
0.40000000000000002 0.69999999999999996 0.5
0.29999999999999999 0.80000000000000004 0.5
0.40000000000000002 0.80000000000000004 0.5
0.29999999999999999 0.69999999999999996 0.5
0.40000000000000002 0.69999999999999996 0.5
0.29999999999999999 0.80000000000000004 0.5
0.40000000000000002 0.80000000000000004 0.5
0.29999999999999999 0.69999999999999996 0.59999999999999998
0.40000000000000002 0.69999999999999996 0.59999999999999998
0.29999999999999999 0.80000000000000004 0.59999999999999998
0.40000000000000002 0.80000000000000004 0.59999999999999998
0.29999999999999999 0.80000000000000004 0.5
0.40000000000000002 0.80000000000000004 0.5
0.29999999999999999 0.90000000000000002 0.5
0.40000000000000002 0.90000000000000002 0.5
0.29999999999999999 0.80000000000000004 0.59999999999999998
0.40000000000000002 0.80000000000000004 0.59999999999999998
0.29999999999999999 0.90000000000000002 0.59999999999999998
0.40000000000000002 0.90000000000000002 0.59999999999999998
0.29999999999999999 0.90000000000000002 0.5
0.40000000000000002 0.90000000000000002 0.5
0.29999999999999999 1 0.5
0.40000000000000002 1 0.5
0.29999999999999999 0.90000000000000002 0.59999999999999998
0.40000000000000002 0.90000000000000002 0.59999999999999998
0.29999999999999999 1 0.59999999999999998
0.40000000000000002 1 0.59999999999999998
0.29999999999999999 0.90000000000000002 0.40000000000000002
0.40000000000000002 0.90000000000000002 0.40000000000000002
0.29999999999999999 1 0.40000000000000002
0.40000000000000002 1 0.40000000000000002
0.29999999999999999 0.90000000000000002 0.5
0.40000000000000002 0.90000000000000002 0.5
0.29999999999999999 1 0.5
0.40000000000000002 1 0.5
0.29999999999999999 0.80000000000000004 0.40000000000000002
0.40000000000000002 0.80000000000000004 0.40000000000000002
0.29999999999999999 0.90000000000000002 0.40000000000000002
0.40000000000000002 0.90000000000000002 0.40000000000000002
0.29999999999999999 0.80000000000000004 0.5
0.40000000000000002 0.80000000000000004 0.5
0.29999999999999999 0.90000000000000002 0.5
0.40000000000000002 0.90000000000000002 0.5
0.20000000000000001 0.80000000000000004 0.40000000000000002
0.29999999999999999 0.80000000000000004 0.40000000000000002
0.20000000000000001 0.90000000000000002 0.40000000000000002
0.29999999999999999 0.90000000000000002 0.40000000000000002
0.20000000000000001 0.80000000000000004 0.5
0.29999999999999999 0.80000000000000004 0.5
0.20000000000000001 0.90000000000000002 0.5
0.29999999999999999 0.90000000000000002 0.5
0.20000000000000001 0.90000000000000002 0.40000000000000002
0.29999999999999999 0.90000000000000002 0.40000000000000002
0.20000000000000001 1 0.40000000000000002
0.29999999999999999 1 0.40000000000000002
0.20000000000000001 0.90000000000000002 0.5
0.29999999999999999 0.90000000000000002 0.5
0.20000000000000001 1 0.5
0.29999999999999999 1 0.5
0.20000000000000001 0.90000000000000002 0.5
0.29999999999999999 0.90000000000000002 0.5
0.20000000000000001 1 0.5
0.29999999999999999 1 0.5
0.20000000000000001 0.90000000000000002 0.59999999999999998
0.29999999999999999 0.90000000000000002 0.59999999999999998
0.20000000000000001 1 0.59999999999999998
0.29999999999999999 1 0.59999999999999998
0.20000000000000001 0.80000000000000004 0.5
0.29999999999999999 0.80000000000000004 0.5
0.20000000000000001 0.90000000000000002 0.5
0.29999999999999999 0.90000000000000002 0.5
0.20000000000000001 0.80000000000000004 0.59999999999999998
0.29999999999999999 0.80000000000000004 0.59999999999999998
0.20000000000000001 0.90000000000000002 0.59999999999999998
0.29999999999999999 0.90000000000000002 0.59999999999999998
0.10000000000000001 0.80000000000000004 0.5
0.20000000000000001 0.80000000000000004 0.5
0.10000000000000001 0.90000000000000002 0.5
0.20000000000000001 0.90000000000000002 0.5
0.10000000000000001 0.80000000000000004 0.59999999999999998
0.20000000000000001 0.80000000000000004 0.59999999999999998
0.10000000000000001 0.90000000000000002 0.59999999999999998
0.20000000000000001 0.90000000000000002 0.59999999999999998
0.10000000000000001 0.90000000000000002 0.5
0.20000000000000001 0.90000000000000002 0.5
0.10000000000000001 1 0.5
0.20000000000000001 1 0.5
0.10000000000000001 0.90000000000000002 0.59999999999999998
0.20000000000000001 0.90000000000000002 0.59999999999999998
0.10000000000000001 1 0.59999999999999998
0.20000000000000001 1 0.59999999999999998
0.10000000000000001 0.90000000000000002 0.40000000000000002
0.20000000000000001 0.90000000000000002 0.40000000000000002
0.10000000000000001 1 0.40000000000000002
0.20000000000000001 1 0.40000000000000002
0.10000000000000001 0.90000000000000002 0.5
0.20000000000000001 0.90000000000000002 0.5
0.10000000000000001 1 0.5
0.20000000000000001 1 0.5
0.10000000000000001 0.80000000000000004 0.40000000000000002
0.20000000000000001 0.80000000000000004 0.40000000000000002
0.10000000000000001 0.90000000000000002 0.40000000000000002
0.20000000000000001 0.90000000000000002 0.40000000000000002
0.10000000000000001 0.80000000000000004 0.5
0.20000000000000001 0.80000000000000004 0.5
0.10000000000000001 0.90000000000000002 0.5
0.20000000000000001 0.90000000000000002 0.5
0 0.80000000000000004 0.40000000000000002
0.10000000000000001 0.80000000000000004 0.40000000000000002
0 0.90000000000000002 0.40000000000000002
0.10000000000000001 0.90000000000000002 0.40000000000000002
0 0.80000000000000004 0.5
0.10000000000000001 0.80000000000000004 0.5
0 0.90000000000000002 0.5
0.10000000000000001 0.90000000000000002 0.5
0 0.90000000000000002 0.40000000000000002
0.10000000000000001 0.90000000000000002 0.40000000000000002
0 1 0.40000000000000002
0.10000000000000001 1 0.40000000000000002
0 0.90000000000000002 0.5
0.10000000000000001 0.90000000000000002 0.5
0 1 0.5
0.10000000000000001 1 0.5
0 0.90000000000000002 0.5
0.10000000000000001 0.90000000000000002 0.5
0 1 0.5
0.10000000000000001 1 0.5
0 0.90000000000000002 0.59999999999999998
0.10000000000000001 0.90000000000000002 0.59999999999999998
0 1 0.59999999999999998
0.10000000000000001 1 0.59999999999999998
0 0.80000000000000004 0.5
0.10000000000000001 0.80000000000000004 0.5
0 0.90000000000000002 0.5
0.10000000000000001 0.90000000000000002 0.5
0 0.80000000000000004 0.59999999999999998
0.10000000000000001 0.80000000000000004 0.59999999999999998
0 0.90000000000000002 0.59999999999999998
0.10000000000000001 0.90000000000000002 0.59999999999999998
0 0.69999999999999996 0.5
0.10000000000000001 0.69999999999999996 0.5
0 0.80000000000000004 0.5
0.10000000000000001 0.80000000000000004 0.5
0 0.69999999999999996 0.59999999999999998
0.10000000000000001 0.69999999999999996 0.59999999999999998
0 0.80000000000000004 0.59999999999999998
0.10000000000000001 0.80000000000000004 0.59999999999999998
0 0.69999999999999996 0.40000000000000002
0.10000000000000001 0.69999999999999996 0.40000000000000002
0 0.80000000000000004 0.40000000000000002
0.10000000000000001 0.80000000000000004 0.40000000000000002
0 0.69999999999999996 0.5
0.10000000000000001 0.69999999999999996 0.5
0 0.80000000000000004 0.5
0.10000000000000001 0.80000000000000004 0.5
0.10000000000000001 0.69999999999999996 0.40000000000000002
0.20000000000000001 0.69999999999999996 0.40000000000000002
0.10000000000000001 0.80000000000000004 0.40000000000000002
0.20000000000000001 0.80000000000000004 0.40000000000000002
0.10000000000000001 0.69999999999999996 0.5
0.20000000000000001 0.69999999999999996 0.5
0.10000000000000001 0.80000000000000004 0.5
0.20000000000000001 0.80000000000000004 0.5
0.10000000000000001 0.69999999999999996 0.5
0.20000000000000001 0.69999999999999996 0.5
0.10000000000000001 0.80000000000000004 0.5
0.20000000000000001 0.80000000000000004 0.5
0.10000000000000001 0.69999999999999996 0.59999999999999998
0.20000000000000001 0.69999999999999996 0.59999999999999998
0.10000000000000001 0.80000000000000004 0.59999999999999998
0.20000000000000001 0.80000000000000004 0.59999999999999998
0.10000000000000001 0.59999999999999998 0.5
0.20000000000000001 0.59999999999999998 0.5
0.10000000000000001 0.69999999999999996 0.5
0.20000000000000001 0.69999999999999996 0.5
0.10000000000000001 0.59999999999999998 0.59999999999999998
0.20000000000000001 0.59999999999999998 0.59999999999999998
0.10000000000000001 0.69999999999999996 0.59999999999999998
0.20000000000000001 0.69999999999999996 0.59999999999999998
0.10000000000000001 0.59999999999999998 0.40000000000000002
0.20000000000000001 0.59999999999999998 0.40000000000000002
0.10000000000000001 0.69999999999999996 0.40000000000000002
0.20000000000000001 0.69999999999999996 0.40000000000000002
0.10000000000000001 0.59999999999999998 0.5
0.20000000000000001 0.59999999999999998 0.5
0.10000000000000001 0.69999999999999996 0.5
0.20000000000000001 0.69999999999999996 0.5
0 0.59999999999999998 0.40000000000000002
0.10000000000000001 0.59999999999999998 0.40000000000000002
0 0.69999999999999996 0.40000000000000002
0.10000000000000001 0.69999999999999996 0.40000000000000002
0 0.59999999999999998 0.5
0.10000000000000001 0.59999999999999998 0.5
0 0.69999999999999996 0.5
0.10000000000000001 0.69999999999999996 0.5
0 0.59999999999999998 0.5
0.10000000000000001 0.59999999999999998 0.5
0 0.69999999999999996 0.5
0.10000000000000001 0.69999999999999996 0.5
0 0.59999999999999998 0.59999999999999998
0.10000000000000001 0.59999999999999998 0.59999999999999998
0 0.69999999999999996 0.59999999999999998
0.10000000000000001 0.69999999999999996 0.59999999999999998
0 0.59999999999999998 0.59999999999999998
0.10000000000000001 0.59999999999999998 0.59999999999999998
0 0.69999999999999996 0.59999999999999998
0.10000000000000001 0.69999999999999996 0.59999999999999998
0 0.59999999999999998 0.69999999999999996
0.10000000000000001 0.59999999999999998 0.69999999999999996
0 0.69999999999999996 0.69999999999999996
0.10000000000000001 0.69999999999999996 0.69999999999999996
0 0.59999999999999998 0.69999999999999996
0.10000000000000001 0.59999999999999998 0.69999999999999996
0 0.69999999999999996 0.69999999999999996
0.10000000000000001 0.69999999999999996 0.69999999999999996
0 0.59999999999999998 0.80000000000000004
0.10000000000000001 0.59999999999999998 0.80000000000000004
0 0.69999999999999996 0.80000000000000004
0.10000000000000001 0.69999999999999996 0.80000000000000004
0.10000000000000001 0.59999999999999998 0.69999999999999996
0.20000000000000001 0.59999999999999998 0.69999999999999996
0.10000000000000001 0.69999999999999996 0.69999999999999996
0.20000000000000001 0.69999999999999996 0.69999999999999996
0.10000000000000001 0.59999999999999998 0.80000000000000004
0.20000000000000001 0.59999999999999998 0.80000000000000004
0.10000000000000001 0.69999999999999996 0.80000000000000004
0.20000000000000001 0.69999999999999996 0.80000000000000004
0.10000000000000001 0.59999999999999998 0.59999999999999998
0.20000000000000001 0.59999999999999998 0.59999999999999998
0.10000000000000001 0.69999999999999996 0.59999999999999998
0.20000000000000001 0.69999999999999996 0.59999999999999998
0.10000000000000001 0.59999999999999998 0.69999999999999996
0.20000000000000001 0.59999999999999998 0.69999999999999996
0.10000000000000001 0.69999999999999996 0.69999999999999996
0.20000000000000001 0.69999999999999996 0.69999999999999996
0.10000000000000001 0.69999999999999996 0.59999999999999998
0.20000000000000001 0.69999999999999996 0.59999999999999998
0.10000000000000001 0.80000000000000004 0.59999999999999998
0.20000000000000001 0.80000000000000004 0.59999999999999998
0.10000000000000001 0.69999999999999996 0.69999999999999996
0.20000000000000001 0.69999999999999996 0.69999999999999996
0.10000000000000001 0.80000000000000004 0.69999999999999996
0.20000000000000001 0.80000000000000004 0.69999999999999996
0.10000000000000001 0.69999999999999996 0.69999999999999996
0.20000000000000001 0.69999999999999996 0.69999999999999996
0.10000000000000001 0.80000000000000004 0.69999999999999996
0.20000000000000001 0.80000000000000004 0.69999999999999996
0.10000000000000001 0.69999999999999996 0.80000000000000004
0.20000000000000001 0.69999999999999996 0.80000000000000004
0.10000000000000001 0.80000000000000004 0.80000000000000004
0.20000000000000001 0.80000000000000004 0.80000000000000004
0 0.69999999999999996 0.69999999999999996
0.10000000000000001 0.69999999999999996 0.69999999999999996
0 0.80000000000000004 0.69999999999999996
0.10000000000000001 0.80000000000000004 0.69999999999999996
0 0.69999999999999996 0.80000000000000004
0.10000000000000001 0.69999999999999996 0.80000000000000004
0 0.80000000000000004 0.80000000000000004
0.10000000000000001 0.80000000000000004 0.80000000000000004
0 0.69999999999999996 0.59999999999999998
0.10000000000000001 0.69999999999999996 0.59999999999999998
0 0.80000000000000004 0.59999999999999998
0.10000000000000001 0.80000000000000004 0.59999999999999998
0 0.69999999999999996 0.69999999999999996
0.10000000000000001 0.69999999999999996 0.69999999999999996
0 0.80000000000000004 0.69999999999999996
0.10000000000000001 0.80000000000000004 0.69999999999999996
0 0.80000000000000004 0.59999999999999998
0.10000000000000001 0.80000000000000004 0.59999999999999998
0 0.90000000000000002 0.59999999999999998
0.10000000000000001 0.90000000000000002 0.59999999999999998
0 0.80000000000000004 0.69999999999999996
0.10000000000000001 0.80000000000000004 0.69999999999999996
0 0.90000000000000002 0.69999999999999996
0.10000000000000001 0.90000000000000002 0.69999999999999996
0 0.90000000000000002 0.59999999999999998
0.10000000000000001 0.90000000000000002 0.59999999999999998
0 1 0.59999999999999998
0.10000000000000001 1 0.59999999999999998
0 0.90000000000000002 0.69999999999999996
0.10000000000000001 0.90000000000000002 0.69999999999999996
0 1 0.69999999999999996
0.10000000000000001 1 0.69999999999999996
0 0.90000000000000002 0.69999999999999996
0.10000000000000001 0.90000000000000002 0.69999999999999996
0 1 0.69999999999999996
0.10000000000000001 1 0.69999999999999996
0 0.90000000000000002 0.80000000000000004
0.10000000000000001 0.90000000000000002 0.80000000000000004
0 1 0.80000000000000004
0.10000000000000001 1 0.80000000000000004
0 0.80000000000000004 0.69999999999999996
0.10000000000000001 0.80000000000000004 0.69999999999999996
0 0.90000000000000002 0.69999999999999996
0.10000000000000001 0.90000000000000002 0.69999999999999996
0 0.80000000000000004 0.80000000000000004
0.10000000000000001 0.80000000000000004 0.80000000000000004
0 0.90000000000000002 0.80000000000000004
0.10000000000000001 0.90000000000000002 0.80000000000000004
0.10000000000000001 0.80000000000000004 0.69999999999999996
0.20000000000000001 0.80000000000000004 0.69999999999999996
0.10000000000000001 0.90000000000000002 0.69999999999999996
0.20000000000000001 0.90000000000000002 0.69999999999999996
0.10000000000000001 0.80000000000000004 0.80000000000000004
0.20000000000000001 0.80000000000000004 0.80000000000000004
0.10000000000000001 0.90000000000000002 0.80000000000000004
0.20000000000000001 0.90000000000000002 0.80000000000000004
0.10000000000000001 0.90000000000000002 0.69999999999999996
0.20000000000000001 0.90000000000000002 0.69999999999999996
0.10000000000000001 1 0.69999999999999996
0.20000000000000001 1 0.69999999999999996
0.10000000000000001 0.90000000000000002 0.80000000000000004
0.20000000000000001 0.90000000000000002 0.80000000000000004
0.10000000000000001 1 0.80000000000000004
0.20000000000000001 1 0.80000000000000004
0.10000000000000001 0.90000000000000002 0.59999999999999998
0.20000000000000001 0.90000000000000002 0.59999999999999998
0.10000000000000001 1 0.59999999999999998
0.20000000000000001 1 0.59999999999999998
0.10000000000000001 0.90000000000000002 0.69999999999999996
0.20000000000000001 0.90000000000000002 0.69999999999999996
0.10000000000000001 1 0.69999999999999996
0.20000000000000001 1 0.69999999999999996
0.10000000000000001 0.80000000000000004 0.59999999999999998
0.20000000000000001 0.80000000000000004 0.59999999999999998
0.10000000000000001 0.90000000000000002 0.59999999999999998
0.20000000000000001 0.90000000000000002 0.59999999999999998
0.10000000000000001 0.80000000000000004 0.69999999999999996
0.20000000000000001 0.80000000000000004 0.69999999999999996
0.10000000000000001 0.90000000000000002 0.69999999999999996
0.20000000000000001 0.90000000000000002 0.69999999999999996
0.20000000000000001 0.80000000000000004 0.59999999999999998
0.29999999999999999 0.80000000000000004 0.59999999999999998
0.20000000000000001 0.90000000000000002 0.59999999999999998
0.29999999999999999 0.90000000000000002 0.59999999999999998
0.20000000000000001 0.80000000000000004 0.69999999999999996
0.29999999999999999 0.80000000000000004 0.69999999999999996
0.20000000000000001 0.90000000000000002 0.69999999999999996
0.29999999999999999 0.90000000000000002 0.69999999999999996
0.20000000000000001 0.90000000000000002 0.59999999999999998
0.29999999999999999 0.90000000000000002 0.59999999999999998
0.20000000000000001 1 0.59999999999999998
0.29999999999999999 1 0.59999999999999998
0.20000000000000001 0.90000000000000002 0.69999999999999996
0.29999999999999999 0.90000000000000002 0.69999999999999996
0.20000000000000001 1 0.69999999999999996
0.29999999999999999 1 0.69999999999999996
0.20000000000000001 0.90000000000000002 0.69999999999999996
0.29999999999999999 0.90000000000000002 0.69999999999999996
0.20000000000000001 1 0.69999999999999996
0.29999999999999999 1 0.69999999999999996
0.20000000000000001 0.90000000000000002 0.80000000000000004
0.29999999999999999 0.90000000000000002 0.80000000000000004
0.20000000000000001 1 0.80000000000000004
0.29999999999999999 1 0.80000000000000004
0.20000000000000001 0.80000000000000004 0.69999999999999996
0.29999999999999999 0.80000000000000004 0.69999999999999996
0.20000000000000001 0.90000000000000002 0.69999999999999996
0.29999999999999999 0.90000000000000002 0.69999999999999996
0.20000000000000001 0.80000000000000004 0.80000000000000004
0.29999999999999999 0.80000000000000004 0.80000000000000004
0.20000000000000001 0.90000000000000002 0.80000000000000004
0.29999999999999999 0.90000000000000002 0.80000000000000004
0.29999999999999999 0.80000000000000004 0.69999999999999996
0.40000000000000002 0.80000000000000004 0.69999999999999996
0.29999999999999999 0.90000000000000002 0.69999999999999996
0.40000000000000002 0.90000000000000002 0.69999999999999996
0.29999999999999999 0.80000000000000004 0.80000000000000004
0.40000000000000002 0.80000000000000004 0.80000000000000004
0.29999999999999999 0.90000000000000002 0.80000000000000004
0.40000000000000002 0.90000000000000002 0.80000000000000004
0.29999999999999999 0.90000000000000002 0.69999999999999996
0.40000000000000002 0.90000000000000002 0.69999999999999996
0.29999999999999999 1 0.69999999999999996
0.40000000000000002 1 0.69999999999999996
0.29999999999999999 0.90000000000000002 0.80000000000000004
0.40000000000000002 0.90000000000000002 0.80000000000000004
0.29999999999999999 1 0.80000000000000004
0.40000000000000002 1 0.80000000000000004
0.29999999999999999 0.90000000000000002 0.59999999999999998
0.40000000000000002 0.90000000000000002 0.59999999999999998
0.29999999999999999 1 0.59999999999999998
0.40000000000000002 1 0.59999999999999998
0.29999999999999999 0.90000000000000002 0.69999999999999996
0.40000000000000002 0.90000000000000002 0.69999999999999996
0.29999999999999999 1 0.69999999999999996
0.40000000000000002 1 0.69999999999999996
0.29999999999999999 0.80000000000000004 0.59999999999999998
0.40000000000000002 0.80000000000000004 0.59999999999999998
0.29999999999999999 0.90000000000000002 0.59999999999999998
0.40000000000000002 0.90000000000000002 0.59999999999999998
0.29999999999999999 0.80000000000000004 0.69999999999999996
0.40000000000000002 0.80000000000000004 0.69999999999999996
0.29999999999999999 0.90000000000000002 0.69999999999999996
0.40000000000000002 0.90000000000000002 0.69999999999999996
0.29999999999999999 0.69999999999999996 0.59999999999999998
0.40000000000000002 0.69999999999999996 0.59999999999999998
0.29999999999999999 0.80000000000000004 0.59999999999999998
0.40000000000000002 0.80000000000000004 0.59999999999999998
0.29999999999999999 0.69999999999999996 0.69999999999999996
0.40000000000000002 0.69999999999999996 0.69999999999999996
0.29999999999999999 0.80000000000000004 0.69999999999999996
0.40000000000000002 0.80000000000000004 0.69999999999999996
0.29999999999999999 0.69999999999999996 0.69999999999999996
0.40000000000000002 0.69999999999999996 0.69999999999999996
0.29999999999999999 0.80000000000000004 0.69999999999999996
0.40000000000000002 0.80000000000000004 0.69999999999999996
0.29999999999999999 0.69999999999999996 0.80000000000000004
0.40000000000000002 0.69999999999999996 0.80000000000000004
0.29999999999999999 0.80000000000000004 0.80000000000000004
0.40000000000000002 0.80000000000000004 0.80000000000000004
0.20000000000000001 0.69999999999999996 0.69999999999999996
0.29999999999999999 0.69999999999999996 0.69999999999999996
0.20000000000000001 0.80000000000000004 0.69999999999999996
0.29999999999999999 0.80000000000000004 0.69999999999999996
0.20000000000000001 0.69999999999999996 0.80000000000000004
0.29999999999999999 0.69999999999999996 0.80000000000000004
0.20000000000000001 0.80000000000000004 0.80000000000000004
0.29999999999999999 0.80000000000000004 0.80000000000000004
0.20000000000000001 0.69999999999999996 0.59999999999999998
0.29999999999999999 0.69999999999999996 0.59999999999999998
0.20000000000000001 0.80000000000000004 0.59999999999999998
0.29999999999999999 0.80000000000000004 0.59999999999999998
0.20000000000000001 0.69999999999999996 0.69999999999999996
0.29999999999999999 0.69999999999999996 0.69999999999999996
0.20000000000000001 0.80000000000000004 0.69999999999999996
0.29999999999999999 0.80000000000000004 0.69999999999999996
0.20000000000000001 0.59999999999999998 0.59999999999999998
0.29999999999999999 0.59999999999999998 0.59999999999999998
0.20000000000000001 0.69999999999999996 0.59999999999999998
0.29999999999999999 0.69999999999999996 0.59999999999999998
0.20000000000000001 0.59999999999999998 0.69999999999999996
0.29999999999999999 0.59999999999999998 0.69999999999999996
0.20000000000000001 0.69999999999999996 0.69999999999999996
0.29999999999999999 0.69999999999999996 0.69999999999999996
0.20000000000000001 0.59999999999999998 0.69999999999999996
0.29999999999999999 0.59999999999999998 0.69999999999999996
0.20000000000000001 0.69999999999999996 0.69999999999999996
0.29999999999999999 0.69999999999999996 0.69999999999999996
0.20000000000000001 0.59999999999999998 0.80000000000000004
0.29999999999999999 0.59999999999999998 0.80000000000000004
0.20000000000000001 0.69999999999999996 0.80000000000000004
0.29999999999999999 0.69999999999999996 0.80000000000000004
0.29999999999999999 0.59999999999999998 0.69999999999999996
0.40000000000000002 0.59999999999999998 0.69999999999999996
0.29999999999999999 0.69999999999999996 0.69999999999999996
0.40000000000000002 0.69999999999999996 0.69999999999999996
0.29999999999999999 0.59999999999999998 0.80000000000000004
0.40000000000000002 0.59999999999999998 0.80000000000000004
0.29999999999999999 0.69999999999999996 0.80000000000000004
0.40000000000000002 0.69999999999999996 0.80000000000000004
0.29999999999999999 0.59999999999999998 0.59999999999999998
0.40000000000000002 0.59999999999999998 0.59999999999999998
0.29999999999999999 0.69999999999999996 0.59999999999999998
0.40000000000000002 0.69999999999999996 0.59999999999999998
0.29999999999999999 0.59999999999999998 0.69999999999999996
0.40000000000000002 0.59999999999999998 0.69999999999999996
0.29999999999999999 0.69999999999999996 0.69999999999999996
0.40000000000000002 0.69999999999999996 0.69999999999999996
0.40000000000000002 0.59999999999999998 0.59999999999999998
0.5 0.59999999999999998 0.59999999999999998
0.40000000000000002 0.69999999999999996 0.59999999999999998
0.5 0.69999999999999996 0.59999999999999998
0.40000000000000002 0.59999999999999998 0.69999999999999996
0.5 0.59999999999999998 0.69999999999999996
0.40000000000000002 0.69999999999999996 0.69999999999999996
0.5 0.69999999999999996 0.69999999999999996
0.40000000000000002 0.59999999999999998 0.69999999999999996
0.5 0.59999999999999998 0.69999999999999996
0.40000000000000002 0.69999999999999996 0.69999999999999996
0.5 0.69999999999999996 0.69999999999999996
0.40000000000000002 0.59999999999999998 0.80000000000000004
0.5 0.59999999999999998 0.80000000000000004
0.40000000000000002 0.69999999999999996 0.80000000000000004
0.5 0.69999999999999996 0.80000000000000004
0.5 0.59999999999999998 0.69999999999999996
0.59999999999999998 0.59999999999999998 0.69999999999999996
0.5 0.69999999999999996 0.69999999999999996
0.59999999999999998 0.69999999999999996 0.69999999999999996
0.5 0.59999999999999998 0.80000000000000004
0.59999999999999998 0.59999999999999998 0.80000000000000004
0.5 0.69999999999999996 0.80000000000000004
0.59999999999999998 0.69999999999999996 0.80000000000000004
0.5 0.59999999999999998 0.59999999999999998
0.59999999999999998 0.59999999999999998 0.59999999999999998
0.5 0.69999999999999996 0.59999999999999998
0.59999999999999998 0.69999999999999996 0.59999999999999998
0.5 0.59999999999999998 0.69999999999999996
0.59999999999999998 0.59999999999999998 0.69999999999999996
0.5 0.69999999999999996 0.69999999999999996
0.59999999999999998 0.69999999999999996 0.69999999999999996
0.5 0.69999999999999996 0.59999999999999998
0.59999999999999998 0.69999999999999996 0.59999999999999998
0.5 0.80000000000000004 0.59999999999999998
0.59999999999999998 0.80000000000000004 0.59999999999999998
0.5 0.69999999999999996 0.69999999999999996
0.59999999999999998 0.69999999999999996 0.69999999999999996
0.5 0.80000000000000004 0.69999999999999996
0.59999999999999998 0.80000000000000004 0.69999999999999996
0.5 0.69999999999999996 0.69999999999999996
0.59999999999999998 0.69999999999999996 0.69999999999999996
0.5 0.80000000000000004 0.69999999999999996
0.59999999999999998 0.80000000000000004 0.69999999999999996
0.5 0.69999999999999996 0.80000000000000004
0.59999999999999998 0.69999999999999996 0.80000000000000004
0.5 0.80000000000000004 0.80000000000000004
0.59999999999999998 0.80000000000000004 0.80000000000000004
0.40000000000000002 0.69999999999999996 0.69999999999999996
0.5 0.69999999999999996 0.69999999999999996
0.40000000000000002 0.80000000000000004 0.69999999999999996
0.5 0.80000000000000004 0.69999999999999996
0.40000000000000002 0.69999999999999996 0.80000000000000004
0.5 0.69999999999999996 0.80000000000000004
0.40000000000000002 0.80000000000000004 0.80000000000000004
0.5 0.80000000000000004 0.80000000000000004
0.40000000000000002 0.69999999999999996 0.59999999999999998
0.5 0.69999999999999996 0.59999999999999998
0.40000000000000002 0.80000000000000004 0.59999999999999998
0.5 0.80000000000000004 0.59999999999999998
0.40000000000000002 0.69999999999999996 0.69999999999999996
0.5 0.69999999999999996 0.69999999999999996
0.40000000000000002 0.80000000000000004 0.69999999999999996
0.5 0.80000000000000004 0.69999999999999996
0.40000000000000002 0.80000000000000004 0.59999999999999998
0.5 0.80000000000000004 0.59999999999999998
0.40000000000000002 0.90000000000000002 0.59999999999999998
0.5 0.90000000000000002 0.59999999999999998
0.40000000000000002 0.80000000000000004 0.69999999999999996
0.5 0.80000000000000004 0.69999999999999996
0.40000000000000002 0.90000000000000002 0.69999999999999996
0.5 0.90000000000000002 0.69999999999999996
0.5 0.80000000000000004 0.59999999999999998
0.59999999999999998 0.80000000000000004 0.59999999999999998
0.5 0.90000000000000002 0.59999999999999998
0.59999999999999998 0.90000000000000002 0.59999999999999998
0.5 0.80000000000000004 0.69999999999999996
0.59999999999999998 0.80000000000000004 0.69999999999999996
0.5 0.90000000000000002 0.69999999999999996
0.59999999999999998 0.90000000000000002 0.69999999999999996
0.5 0.90000000000000002 0.59999999999999998
0.59999999999999998 0.90000000000000002 0.59999999999999998
0.5 1 0.59999999999999998
0.59999999999999998 1 0.59999999999999998
0.5 0.90000000000000002 0.69999999999999996
0.59999999999999998 0.90000000000000002 0.69999999999999996
0.5 1 0.69999999999999996
0.59999999999999998 1 0.69999999999999996
0.40000000000000002 0.90000000000000002 0.59999999999999998
0.5 0.90000000000000002 0.59999999999999998
0.40000000000000002 1 0.59999999999999998
0.5 1 0.59999999999999998
0.40000000000000002 0.90000000000000002 0.69999999999999996
0.5 0.90000000000000002 0.69999999999999996
0.40000000000000002 1 0.69999999999999996
0.5 1 0.69999999999999996
0.40000000000000002 0.90000000000000002 0.69999999999999996
0.5 0.90000000000000002 0.69999999999999996
0.40000000000000002 1 0.69999999999999996
0.5 1 0.69999999999999996
0.40000000000000002 0.90000000000000002 0.80000000000000004
0.5 0.90000000000000002 0.80000000000000004
0.40000000000000002 1 0.80000000000000004
0.5 1 0.80000000000000004
0.5 0.90000000000000002 0.69999999999999996
0.59999999999999998 0.90000000000000002 0.69999999999999996
0.5 1 0.69999999999999996
0.59999999999999998 1 0.69999999999999996
0.5 0.90000000000000002 0.80000000000000004
0.59999999999999998 0.90000000000000002 0.80000000000000004
0.5 1 0.80000000000000004
0.59999999999999998 1 0.80000000000000004
0.5 0.80000000000000004 0.69999999999999996
0.59999999999999998 0.80000000000000004 0.69999999999999996
0.5 0.90000000000000002 0.69999999999999996
0.59999999999999998 0.90000000000000002 0.69999999999999996
0.5 0.80000000000000004 0.80000000000000004
0.59999999999999998 0.80000000000000004 0.80000000000000004
0.5 0.90000000000000002 0.80000000000000004
0.59999999999999998 0.90000000000000002 0.80000000000000004
0.40000000000000002 0.80000000000000004 0.69999999999999996
0.5 0.80000000000000004 0.69999999999999996
0.40000000000000002 0.90000000000000002 0.69999999999999996
0.5 0.90000000000000002 0.69999999999999996
0.40000000000000002 0.80000000000000004 0.80000000000000004
0.5 0.80000000000000004 0.80000000000000004
0.40000000000000002 0.90000000000000002 0.80000000000000004
0.5 0.90000000000000002 0.80000000000000004
0.40000000000000002 0.80000000000000004 0.80000000000000004
0.5 0.80000000000000004 0.80000000000000004
0.40000000000000002 0.90000000000000002 0.80000000000000004
0.5 0.90000000000000002 0.80000000000000004
0.40000000000000002 0.80000000000000004 0.90000000000000002
0.5 0.80000000000000004 0.90000000000000002
0.40000000000000002 0.90000000000000002 0.90000000000000002
0.5 0.90000000000000002 0.90000000000000002
0.5 0.80000000000000004 0.80000000000000004
0.59999999999999998 0.80000000000000004 0.80000000000000004
0.5 0.90000000000000002 0.80000000000000004
0.59999999999999998 0.90000000000000002 0.80000000000000004
0.5 0.80000000000000004 0.90000000000000002
0.59999999999999998 0.80000000000000004 0.90000000000000002
0.5 0.90000000000000002 0.90000000000000002
0.59999999999999998 0.90000000000000002 0.90000000000000002
0.5 0.90000000000000002 0.80000000000000004
0.59999999999999998 0.90000000000000002 0.80000000000000004
0.5 1 0.80000000000000004
0.59999999999999998 1 0.80000000000000004
0.5 0.90000000000000002 0.90000000000000002
0.59999999999999998 0.90000000000000002 0.90000000000000002
0.5 1 0.90000000000000002
0.59999999999999998 1 0.90000000000000002
0.40000000000000002 0.90000000000000002 0.80000000000000004
0.5 0.90000000000000002 0.80000000000000004
0.40000000000000002 1 0.80000000000000004
0.5 1 0.80000000000000004
0.40000000000000002 0.90000000000000002 0.90000000000000002
0.5 0.90000000000000002 0.90000000000000002
0.40000000000000002 1 0.90000000000000002
0.5 1 0.90000000000000002
0.40000000000000002 0.90000000000000002 0.90000000000000002
0.5 0.90000000000000002 0.90000000000000002
0.40000000000000002 1 0.90000000000000002
0.5 1 0.90000000000000002
0.40000000000000002 0.90000000000000002 1
0.5 0.90000000000000002 1
0.40000000000000002 1 1
0.5 1 1
0.5 0.90000000000000002 0.90000000000000002
0.59999999999999998 0.90000000000000002 0.90000000000000002
0.5 1 0.90000000000000002
0.59999999999999998 1 0.90000000000000002
0.5 0.90000000000000002 1
0.59999999999999998 0.90000000000000002 1
0.5 1 1
0.59999999999999998 1 1
0.5 0.80000000000000004 0.90000000000000002
0.59999999999999998 0.80000000000000004 0.90000000000000002
0.5 0.90000000000000002 0.90000000000000002
0.59999999999999998 0.90000000000000002 0.90000000000000002
0.5 0.80000000000000004 1
0.59999999999999998 0.80000000000000004 1
0.5 0.90000000000000002 1
0.59999999999999998 0.90000000000000002 1
0.40000000000000002 0.80000000000000004 0.90000000000000002
0.5 0.80000000000000004 0.90000000000000002
0.40000000000000002 0.90000000000000002 0.90000000000000002
0.5 0.90000000000000002 0.90000000000000002
0.40000000000000002 0.80000000000000004 1
0.5 0.80000000000000004 1
0.40000000000000002 0.90000000000000002 1
0.5 0.90000000000000002 1
0.40000000000000002 0.69999999999999996 0.90000000000000002
0.5 0.69999999999999996 0.90000000000000002
0.40000000000000002 0.80000000000000004 0.90000000000000002
0.5 0.80000000000000004 0.90000000000000002
0.40000000000000002 0.69999999999999996 1
0.5 0.69999999999999996 1
0.40000000000000002 0.80000000000000004 1
0.5 0.80000000000000004 1
0.40000000000000002 0.69999999999999996 0.80000000000000004
0.5 0.69999999999999996 0.80000000000000004
0.40000000000000002 0.80000000000000004 0.80000000000000004
0.5 0.80000000000000004 0.80000000000000004
0.40000000000000002 0.69999999999999996 0.90000000000000002
0.5 0.69999999999999996 0.90000000000000002
0.40000000000000002 0.80000000000000004 0.90000000000000002
0.5 0.80000000000000004 0.90000000000000002
0.5 0.69999999999999996 0.80000000000000004
0.59999999999999998 0.69999999999999996 0.80000000000000004
0.5 0.80000000000000004 0.80000000000000004
0.59999999999999998 0.80000000000000004 0.80000000000000004
0.5 0.69999999999999996 0.90000000000000002
0.59999999999999998 0.69999999999999996 0.90000000000000002
0.5 0.80000000000000004 0.90000000000000002
0.59999999999999998 0.80000000000000004 0.90000000000000002
0.5 0.69999999999999996 0.90000000000000002
0.59999999999999998 0.69999999999999996 0.90000000000000002
0.5 0.80000000000000004 0.90000000000000002
0.59999999999999998 0.80000000000000004 0.90000000000000002
0.5 0.69999999999999996 1
0.59999999999999998 0.69999999999999996 1
0.5 0.80000000000000004 1
0.59999999999999998 0.80000000000000004 1
0.5 0.59999999999999998 0.90000000000000002
0.59999999999999998 0.59999999999999998 0.90000000000000002
0.5 0.69999999999999996 0.90000000000000002
0.59999999999999998 0.69999999999999996 0.90000000000000002
0.5 0.59999999999999998 1
0.59999999999999998 0.59999999999999998 1
0.5 0.69999999999999996 1
0.59999999999999998 0.69999999999999996 1
0.5 0.59999999999999998 0.80000000000000004
0.59999999999999998 0.59999999999999998 0.80000000000000004
0.5 0.69999999999999996 0.80000000000000004
0.59999999999999998 0.69999999999999996 0.80000000000000004
0.5 0.59999999999999998 0.90000000000000002
0.59999999999999998 0.59999999999999998 0.90000000000000002
0.5 0.69999999999999996 0.90000000000000002
0.59999999999999998 0.69999999999999996 0.90000000000000002
0.40000000000000002 0.59999999999999998 0.80000000000000004
0.5 0.59999999999999998 0.80000000000000004
0.40000000000000002 0.69999999999999996 0.80000000000000004
0.5 0.69999999999999996 0.80000000000000004
0.40000000000000002 0.59999999999999998 0.90000000000000002
0.5 0.59999999999999998 0.90000000000000002
0.40000000000000002 0.69999999999999996 0.90000000000000002
0.5 0.69999999999999996 0.90000000000000002
0.40000000000000002 0.59999999999999998 0.90000000000000002
0.5 0.59999999999999998 0.90000000000000002
0.40000000000000002 0.69999999999999996 0.90000000000000002
0.5 0.69999999999999996 0.90000000000000002
0.40000000000000002 0.59999999999999998 1
0.5 0.59999999999999998 1
0.40000000000000002 0.69999999999999996 1
0.5 0.69999999999999996 1
0.29999999999999999 0.59999999999999998 0.90000000000000002
0.40000000000000002 0.59999999999999998 0.90000000000000002
0.29999999999999999 0.69999999999999996 0.90000000000000002
0.40000000000000002 0.69999999999999996 0.90000000000000002
0.29999999999999999 0.59999999999999998 1
0.40000000000000002 0.59999999999999998 1
0.29999999999999999 0.69999999999999996 1
0.40000000000000002 0.69999999999999996 1
0.29999999999999999 0.59999999999999998 0.80000000000000004
0.40000000000000002 0.59999999999999998 0.80000000000000004
0.29999999999999999 0.69999999999999996 0.80000000000000004
0.40000000000000002 0.69999999999999996 0.80000000000000004
0.29999999999999999 0.59999999999999998 0.90000000000000002
0.40000000000000002 0.59999999999999998 0.90000000000000002
0.29999999999999999 0.69999999999999996 0.90000000000000002
0.40000000000000002 0.69999999999999996 0.90000000000000002
0.20000000000000001 0.59999999999999998 0.80000000000000004
0.29999999999999999 0.59999999999999998 0.80000000000000004
0.20000000000000001 0.69999999999999996 0.80000000000000004
0.29999999999999999 0.69999999999999996 0.80000000000000004
0.20000000000000001 0.59999999999999998 0.90000000000000002
0.29999999999999999 0.59999999999999998 0.90000000000000002
0.20000000000000001 0.69999999999999996 0.90000000000000002
0.29999999999999999 0.69999999999999996 0.90000000000000002
0.20000000000000001 0.59999999999999998 0.90000000000000002
0.29999999999999999 0.59999999999999998 0.90000000000000002
0.20000000000000001 0.69999999999999996 0.90000000000000002
0.29999999999999999 0.69999999999999996 0.90000000000000002
0.20000000000000001 0.59999999999999998 1
0.29999999999999999 0.59999999999999998 1
0.20000000000000001 0.69999999999999996 1
0.29999999999999999 0.69999999999999996 1
0.20000000000000001 0.69999999999999996 0.90000000000000002
0.29999999999999999 0.69999999999999996 0.90000000000000002
0.20000000000000001 0.80000000000000004 0.90000000000000002
0.29999999999999999 0.80000000000000004 0.90000000000000002
0.20000000000000001 0.69999999999999996 1
0.29999999999999999 0.69999999999999996 1
0.20000000000000001 0.80000000000000004 1
0.29999999999999999 0.80000000000000004 1
0.20000000000000001 0.69999999999999996 0.80000000000000004
0.29999999999999999 0.69999999999999996 0.80000000000000004
0.20000000000000001 0.80000000000000004 0.80000000000000004
0.29999999999999999 0.80000000000000004 0.80000000000000004
0.20000000000000001 0.69999999999999996 0.90000000000000002
0.29999999999999999 0.69999999999999996 0.90000000000000002
0.20000000000000001 0.80000000000000004 0.90000000000000002
0.29999999999999999 0.80000000000000004 0.90000000000000002
0.29999999999999999 0.69999999999999996 0.80000000000000004
0.40000000000000002 0.69999999999999996 0.80000000000000004
0.29999999999999999 0.80000000000000004 0.80000000000000004
0.40000000000000002 0.80000000000000004 0.80000000000000004
0.29999999999999999 0.69999999999999996 0.90000000000000002
0.40000000000000002 0.69999999999999996 0.90000000000000002
0.29999999999999999 0.80000000000000004 0.90000000000000002
0.40000000000000002 0.80000000000000004 0.90000000000000002
0.29999999999999999 0.69999999999999996 0.90000000000000002
0.40000000000000002 0.69999999999999996 0.90000000000000002
0.29999999999999999 0.80000000000000004 0.90000000000000002
0.40000000000000002 0.80000000000000004 0.90000000000000002
0.29999999999999999 0.69999999999999996 1
0.40000000000000002 0.69999999999999996 1
0.29999999999999999 0.80000000000000004 1
0.40000000000000002 0.80000000000000004 1
0.29999999999999999 0.80000000000000004 0.90000000000000002
0.40000000000000002 0.80000000000000004 0.90000000000000002
0.29999999999999999 0.90000000000000002 0.90000000000000002
0.40000000000000002 0.90000000000000002 0.90000000000000002
0.29999999999999999 0.80000000000000004 1
0.40000000000000002 0.80000000000000004 1
0.29999999999999999 0.90000000000000002 1
0.40000000000000002 0.90000000000000002 1
0.29999999999999999 0.90000000000000002 0.90000000000000002
0.40000000000000002 0.90000000000000002 0.90000000000000002
0.29999999999999999 1 0.90000000000000002
0.40000000000000002 1 0.90000000000000002
0.29999999999999999 0.90000000000000002 1
0.40000000000000002 0.90000000000000002 1
0.29999999999999999 1 1
0.40000000000000002 1 1
0.29999999999999999 0.90000000000000002 0.80000000000000004
0.40000000000000002 0.90000000000000002 0.80000000000000004
0.29999999999999999 1 0.80000000000000004
0.40000000000000002 1 0.80000000000000004
0.29999999999999999 0.90000000000000002 0.90000000000000002
0.40000000000000002 0.90000000000000002 0.90000000000000002
0.29999999999999999 1 0.90000000000000002
0.40000000000000002 1 0.90000000000000002
0.29999999999999999 0.80000000000000004 0.80000000000000004
0.40000000000000002 0.80000000000000004 0.80000000000000004
0.29999999999999999 0.90000000000000002 0.80000000000000004
0.40000000000000002 0.90000000000000002 0.80000000000000004
0.29999999999999999 0.80000000000000004 0.90000000000000002
0.40000000000000002 0.80000000000000004 0.90000000000000002
0.29999999999999999 0.90000000000000002 0.90000000000000002
0.40000000000000002 0.90000000000000002 0.90000000000000002
0.20000000000000001 0.80000000000000004 0.80000000000000004
0.29999999999999999 0.80000000000000004 0.80000000000000004
0.20000000000000001 0.90000000000000002 0.80000000000000004
0.29999999999999999 0.90000000000000002 0.80000000000000004
0.20000000000000001 0.80000000000000004 0.90000000000000002
0.29999999999999999 0.80000000000000004 0.90000000000000002
0.20000000000000001 0.90000000000000002 0.90000000000000002
0.29999999999999999 0.90000000000000002 0.90000000000000002
0.20000000000000001 0.90000000000000002 0.80000000000000004
0.29999999999999999 0.90000000000000002 0.80000000000000004
0.20000000000000001 1 0.80000000000000004
0.29999999999999999 1 0.80000000000000004
0.20000000000000001 0.90000000000000002 0.90000000000000002
0.29999999999999999 0.90000000000000002 0.90000000000000002
0.20000000000000001 1 0.90000000000000002
0.29999999999999999 1 0.90000000000000002
0.20000000000000001 0.90000000000000002 0.90000000000000002
0.29999999999999999 0.90000000000000002 0.90000000000000002
0.20000000000000001 1 0.90000000000000002
0.29999999999999999 1 0.90000000000000002
0.20000000000000001 0.90000000000000002 1
0.29999999999999999 0.90000000000000002 1
0.20000000000000001 1 1
0.29999999999999999 1 1
0.20000000000000001 0.80000000000000004 0.90000000000000002
0.29999999999999999 0.80000000000000004 0.90000000000000002
0.20000000000000001 0.90000000000000002 0.90000000000000002
0.29999999999999999 0.90000000000000002 0.90000000000000002
0.20000000000000001 0.80000000000000004 1
0.29999999999999999 0.80000000000000004 1
0.20000000000000001 0.90000000000000002 1
0.29999999999999999 0.90000000000000002 1
0.10000000000000001 0.80000000000000004 0.90000000000000002
0.20000000000000001 0.80000000000000004 0.90000000000000002
0.10000000000000001 0.90000000000000002 0.90000000000000002
0.20000000000000001 0.90000000000000002 0.90000000000000002
0.10000000000000001 0.80000000000000004 1
0.20000000000000001 0.80000000000000004 1
0.10000000000000001 0.90000000000000002 1
0.20000000000000001 0.90000000000000002 1
0.10000000000000001 0.90000000000000002 0.90000000000000002
0.20000000000000001 0.90000000000000002 0.90000000000000002
0.10000000000000001 1 0.90000000000000002
0.20000000000000001 1 0.90000000000000002
0.10000000000000001 0.90000000000000002 1
0.20000000000000001 0.90000000000000002 1
0.10000000000000001 1 1
0.20000000000000001 1 1
0.10000000000000001 0.90000000000000002 0.80000000000000004
0.20000000000000001 0.90000000000000002 0.80000000000000004
0.10000000000000001 1 0.80000000000000004
0.20000000000000001 1 0.80000000000000004
0.10000000000000001 0.90000000000000002 0.90000000000000002
0.20000000000000001 0.90000000000000002 0.90000000000000002
0.10000000000000001 1 0.90000000000000002
0.20000000000000001 1 0.90000000000000002
0.10000000000000001 0.80000000000000004 0.80000000000000004
0.20000000000000001 0.80000000000000004 0.80000000000000004
0.10000000000000001 0.90000000000000002 0.80000000000000004
0.20000000000000001 0.90000000000000002 0.80000000000000004
0.10000000000000001 0.80000000000000004 0.90000000000000002
0.20000000000000001 0.80000000000000004 0.90000000000000002
0.10000000000000001 0.90000000000000002 0.90000000000000002
0.20000000000000001 0.90000000000000002 0.90000000000000002
0 0.80000000000000004 0.80000000000000004
0.10000000000000001 0.80000000000000004 0.80000000000000004
0 0.90000000000000002 0.80000000000000004
0.10000000000000001 0.90000000000000002 0.80000000000000004
0 0.80000000000000004 0.90000000000000002
0.10000000000000001 0.80000000000000004 0.90000000000000002
0 0.90000000000000002 0.90000000000000002
0.10000000000000001 0.90000000000000002 0.90000000000000002
0 0.90000000000000002 0.80000000000000004
0.10000000000000001 0.90000000000000002 0.80000000000000004
0 1 0.80000000000000004
0.10000000000000001 1 0.80000000000000004
0 0.90000000000000002 0.90000000000000002
0.10000000000000001 0.90000000000000002 0.90000000000000002
0 1 0.90000000000000002
0.10000000000000001 1 0.90000000000000002
0 0.90000000000000002 0.90000000000000002
0.10000000000000001 0.90000000000000002 0.90000000000000002
0 1 0.90000000000000002
0.10000000000000001 1 0.90000000000000002
0 0.90000000000000002 1
0.10000000000000001 0.90000000000000002 1
0 1 1
0.10000000000000001 1 1
0 0.80000000000000004 0.90000000000000002
0.10000000000000001 0.80000000000000004 0.90000000000000002
0 0.90000000000000002 0.90000000000000002
0.10000000000000001 0.90000000000000002 0.90000000000000002
0 0.80000000000000004 1
0.10000000000000001 0.80000000000000004 1
0 0.90000000000000002 1
0.10000000000000001 0.90000000000000002 1
0 0.69999999999999996 0.90000000000000002
0.10000000000000001 0.69999999999999996 0.90000000000000002
0 0.80000000000000004 0.90000000000000002
0.10000000000000001 0.80000000000000004 0.90000000000000002
0 0.69999999999999996 1
0.10000000000000001 0.69999999999999996 1
0 0.80000000000000004 1
0.10000000000000001 0.80000000000000004 1
0 0.69999999999999996 0.80000000000000004
0.10000000000000001 0.69999999999999996 0.80000000000000004
0 0.80000000000000004 0.80000000000000004
0.10000000000000001 0.80000000000000004 0.80000000000000004
0 0.69999999999999996 0.90000000000000002
0.10000000000000001 0.69999999999999996 0.90000000000000002
0 0.80000000000000004 0.90000000000000002
0.10000000000000001 0.80000000000000004 0.90000000000000002
0.10000000000000001 0.69999999999999996 0.80000000000000004
0.20000000000000001 0.69999999999999996 0.80000000000000004
0.10000000000000001 0.80000000000000004 0.80000000000000004
0.20000000000000001 0.80000000000000004 0.80000000000000004
0.10000000000000001 0.69999999999999996 0.90000000000000002
0.20000000000000001 0.69999999999999996 0.90000000000000002
0.10000000000000001 0.80000000000000004 0.90000000000000002
0.20000000000000001 0.80000000000000004 0.90000000000000002
0.10000000000000001 0.69999999999999996 0.90000000000000002
0.20000000000000001 0.69999999999999996 0.90000000000000002
0.10000000000000001 0.80000000000000004 0.90000000000000002
0.20000000000000001 0.80000000000000004 0.90000000000000002
0.10000000000000001 0.69999999999999996 1
0.20000000000000001 0.69999999999999996 1
0.10000000000000001 0.80000000000000004 1
0.20000000000000001 0.80000000000000004 1
0.10000000000000001 0.59999999999999998 0.90000000000000002
0.20000000000000001 0.59999999999999998 0.90000000000000002
0.10000000000000001 0.69999999999999996 0.90000000000000002
0.20000000000000001 0.69999999999999996 0.90000000000000002
0.10000000000000001 0.59999999999999998 1
0.20000000000000001 0.59999999999999998 1
0.10000000000000001 0.69999999999999996 1
0.20000000000000001 0.69999999999999996 1
0.10000000000000001 0.59999999999999998 0.80000000000000004
0.20000000000000001 0.59999999999999998 0.80000000000000004
0.10000000000000001 0.69999999999999996 0.80000000000000004
0.20000000000000001 0.69999999999999996 0.80000000000000004
0.10000000000000001 0.59999999999999998 0.90000000000000002
0.20000000000000001 0.59999999999999998 0.90000000000000002
0.10000000000000001 0.69999999999999996 0.90000000000000002
0.20000000000000001 0.69999999999999996 0.90000000000000002
0 0.59999999999999998 0.80000000000000004
0.10000000000000001 0.59999999999999998 0.80000000000000004
0 0.69999999999999996 0.80000000000000004
0.10000000000000001 0.69999999999999996 0.80000000000000004
0 0.59999999999999998 0.90000000000000002
0.10000000000000001 0.59999999999999998 0.90000000000000002
0 0.69999999999999996 0.90000000000000002
0.10000000000000001 0.69999999999999996 0.90000000000000002
0 0.59999999999999998 0.90000000000000002
0.10000000000000001 0.59999999999999998 0.90000000000000002
0 0.69999999999999996 0.90000000000000002
0.10000000000000001 0.69999999999999996 0.90000000000000002
0 0.59999999999999998 1
0.10000000000000001 0.59999999999999998 1
0 0.69999999999999996 1
0.10000000000000001 0.69999999999999996 1
0 0.5 0.90000000000000002
0.10000000000000001 0.5 0.90000000000000002
0 0.59999999999999998 0.90000000000000002
0.10000000000000001 0.59999999999999998 0.90000000000000002
0 0.5 1
0.10000000000000001 0.5 1
0 0.59999999999999998 1
0.10000000000000001 0.59999999999999998 1
0.10000000000000001 0.5 0.90000000000000002
0.20000000000000001 0.5 0.90000000000000002
0.10000000000000001 0.59999999999999998 0.90000000000000002
0.20000000000000001 0.59999999999999998 0.90000000000000002
0.10000000000000001 0.5 1
0.20000000000000001 0.5 1
0.10000000000000001 0.59999999999999998 1
0.20000000000000001 0.59999999999999998 1
0.10000000000000001 0.40000000000000002 0.90000000000000002
0.20000000000000001 0.40000000000000002 0.90000000000000002
0.10000000000000001 0.5 0.90000000000000002
0.20000000000000001 0.5 0.90000000000000002
0.10000000000000001 0.40000000000000002 1
0.20000000000000001 0.40000000000000002 1
0.10000000000000001 0.5 1
0.20000000000000001 0.5 1
0 0.40000000000000002 0.90000000000000002
0.10000000000000001 0.40000000000000002 0.90000000000000002
0 0.5 0.90000000000000002
0.10000000000000001 0.5 0.90000000000000002
0 0.40000000000000002 1
0.10000000000000001 0.40000000000000002 1
0 0.5 1
0.10000000000000001 0.5 1
0 0.40000000000000002 0.80000000000000004
0.10000000000000001 0.40000000000000002 0.80000000000000004
0 0.5 0.80000000000000004
0.10000000000000001 0.5 0.80000000000000004
0 0.40000000000000002 0.90000000000000002
0.10000000000000001 0.40000000000000002 0.90000000000000002
0 0.5 0.90000000000000002
0.10000000000000001 0.5 0.90000000000000002
0.10000000000000001 0.40000000000000002 0.80000000000000004
0.20000000000000001 0.40000000000000002 0.80000000000000004
0.10000000000000001 0.5 0.80000000000000004
0.20000000000000001 0.5 0.80000000000000004
0.10000000000000001 0.40000000000000002 0.90000000000000002
0.20000000000000001 0.40000000000000002 0.90000000000000002
0.10000000000000001 0.5 0.90000000000000002
0.20000000000000001 0.5 0.90000000000000002
0.10000000000000001 0.5 0.80000000000000004
0.20000000000000001 0.5 0.80000000000000004
0.10000000000000001 0.59999999999999998 0.80000000000000004
0.20000000000000001 0.59999999999999998 0.80000000000000004
0.10000000000000001 0.5 0.90000000000000002
0.20000000000000001 0.5 0.90000000000000002
0.10000000000000001 0.59999999999999998 0.90000000000000002
0.20000000000000001 0.59999999999999998 0.90000000000000002
0 0.5 0.80000000000000004
0.10000000000000001 0.5 0.80000000000000004
0 0.59999999999999998 0.80000000000000004
0.10000000000000001 0.59999999999999998 0.80000000000000004
0 0.5 0.90000000000000002
0.10000000000000001 0.5 0.90000000000000002
0 0.59999999999999998 0.90000000000000002
0.10000000000000001 0.59999999999999998 0.90000000000000002
0 0.5 0.69999999999999996
0.10000000000000001 0.5 0.69999999999999996
0 0.59999999999999998 0.69999999999999996
0.10000000000000001 0.59999999999999998 0.69999999999999996
0 0.5 0.80000000000000004
0.10000000000000001 0.5 0.80000000000000004
0 0.59999999999999998 0.80000000000000004
0.10000000000000001 0.59999999999999998 0.80000000000000004
0 0.40000000000000002 0.69999999999999996
0.10000000000000001 0.40000000000000002 0.69999999999999996
0 0.5 0.69999999999999996
0.10000000000000001 0.5 0.69999999999999996
0 0.40000000000000002 0.80000000000000004
0.10000000000000001 0.40000000000000002 0.80000000000000004
0 0.5 0.80000000000000004
0.10000000000000001 0.5 0.80000000000000004
0 0.40000000000000002 0.59999999999999998
0.10000000000000001 0.40000000000000002 0.59999999999999998
0 0.5 0.59999999999999998
0.10000000000000001 0.5 0.59999999999999998
0 0.40000000000000002 0.69999999999999996
0.10000000000000001 0.40000000000000002 0.69999999999999996
0 0.5 0.69999999999999996
0.10000000000000001 0.5 0.69999999999999996
0 0.5 0.59999999999999998
0.10000000000000001 0.5 0.59999999999999998
0 0.59999999999999998 0.59999999999999998
0.10000000000000001 0.59999999999999998 0.59999999999999998
0 0.5 0.69999999999999996
0.10000000000000001 0.5 0.69999999999999996
0 0.59999999999999998 0.69999999999999996
0.10000000000000001 0.59999999999999998 0.69999999999999996
0.10000000000000001 0.5 0.59999999999999998
0.20000000000000001 0.5 0.59999999999999998
0.10000000000000001 0.59999999999999998 0.59999999999999998
0.20000000000000001 0.59999999999999998 0.59999999999999998
0.10000000000000001 0.5 0.69999999999999996
0.20000000000000001 0.5 0.69999999999999996
0.10000000000000001 0.59999999999999998 0.69999999999999996
0.20000000000000001 0.59999999999999998 0.69999999999999996
0.10000000000000001 0.40000000000000002 0.59999999999999998
0.20000000000000001 0.40000000000000002 0.59999999999999998
0.10000000000000001 0.5 0.59999999999999998
0.20000000000000001 0.5 0.59999999999999998
0.10000000000000001 0.40000000000000002 0.69999999999999996
0.20000000000000001 0.40000000000000002 0.69999999999999996
0.10000000000000001 0.5 0.69999999999999996
0.20000000000000001 0.5 0.69999999999999996
0.10000000000000001 0.40000000000000002 0.69999999999999996
0.20000000000000001 0.40000000000000002 0.69999999999999996
0.10000000000000001 0.5 0.69999999999999996
0.20000000000000001 0.5 0.69999999999999996
0.10000000000000001 0.40000000000000002 0.80000000000000004
0.20000000000000001 0.40000000000000002 0.80000000000000004
0.10000000000000001 0.5 0.80000000000000004
0.20000000000000001 0.5 0.80000000000000004
0.10000000000000001 0.5 0.69999999999999996
0.20000000000000001 0.5 0.69999999999999996
0.10000000000000001 0.59999999999999998 0.69999999999999996
0.20000000000000001 0.59999999999999998 0.69999999999999996
0.10000000000000001 0.5 0.80000000000000004
0.20000000000000001 0.5 0.80000000000000004
0.10000000000000001 0.59999999999999998 0.80000000000000004
0.20000000000000001 0.59999999999999998 0.80000000000000004
0.20000000000000001 0.5 0.69999999999999996
0.29999999999999999 0.5 0.69999999999999996
0.20000000000000001 0.59999999999999998 0.69999999999999996
0.29999999999999999 0.59999999999999998 0.69999999999999996
0.20000000000000001 0.5 0.80000000000000004
0.29999999999999999 0.5 0.80000000000000004
0.20000000000000001 0.59999999999999998 0.80000000000000004
0.29999999999999999 0.59999999999999998 0.80000000000000004
0.20000000000000001 0.40000000000000002 0.69999999999999996
0.29999999999999999 0.40000000000000002 0.69999999999999996
0.20000000000000001 0.5 0.69999999999999996
0.29999999999999999 0.5 0.69999999999999996
0.20000000000000001 0.40000000000000002 0.80000000000000004
0.29999999999999999 0.40000000000000002 0.80000000000000004
0.20000000000000001 0.5 0.80000000000000004
0.29999999999999999 0.5 0.80000000000000004
0.20000000000000001 0.40000000000000002 0.59999999999999998
0.29999999999999999 0.40000000000000002 0.59999999999999998
0.20000000000000001 0.5 0.59999999999999998
0.29999999999999999 0.5 0.59999999999999998
0.20000000000000001 0.40000000000000002 0.69999999999999996
0.29999999999999999 0.40000000000000002 0.69999999999999996
0.20000000000000001 0.5 0.69999999999999996
0.29999999999999999 0.5 0.69999999999999996
0.20000000000000001 0.5 0.59999999999999998
0.29999999999999999 0.5 0.59999999999999998
0.20000000000000001 0.59999999999999998 0.59999999999999998
0.29999999999999999 0.59999999999999998 0.59999999999999998
0.20000000000000001 0.5 0.69999999999999996
0.29999999999999999 0.5 0.69999999999999996
0.20000000000000001 0.59999999999999998 0.69999999999999996
0.29999999999999999 0.59999999999999998 0.69999999999999996
0.29999999999999999 0.5 0.59999999999999998
0.40000000000000002 0.5 0.59999999999999998
0.29999999999999999 0.59999999999999998 0.59999999999999998
0.40000000000000002 0.59999999999999998 0.59999999999999998
0.29999999999999999 0.5 0.69999999999999996
0.40000000000000002 0.5 0.69999999999999996
0.29999999999999999 0.59999999999999998 0.69999999999999996
0.40000000000000002 0.59999999999999998 0.69999999999999996
0.29999999999999999 0.40000000000000002 0.59999999999999998
0.40000000000000002 0.40000000000000002 0.59999999999999998
0.29999999999999999 0.5 0.59999999999999998
0.40000000000000002 0.5 0.59999999999999998
0.29999999999999999 0.40000000000000002 0.69999999999999996
0.40000000000000002 0.40000000000000002 0.69999999999999996
0.29999999999999999 0.5 0.69999999999999996
0.40000000000000002 0.5 0.69999999999999996
0.29999999999999999 0.40000000000000002 0.69999999999999996
0.40000000000000002 0.40000000000000002 0.69999999999999996
0.29999999999999999 0.5 0.69999999999999996
0.40000000000000002 0.5 0.69999999999999996
0.29999999999999999 0.40000000000000002 0.80000000000000004
0.40000000000000002 0.40000000000000002 0.80000000000000004
0.29999999999999999 0.5 0.80000000000000004
0.40000000000000002 0.5 0.80000000000000004
0.29999999999999999 0.5 0.69999999999999996
0.40000000000000002 0.5 0.69999999999999996
0.29999999999999999 0.59999999999999998 0.69999999999999996
0.40000000000000002 0.59999999999999998 0.69999999999999996
0.29999999999999999 0.5 0.80000000000000004
0.40000000000000002 0.5 0.80000000000000004
0.29999999999999999 0.59999999999999998 0.80000000000000004
0.40000000000000002 0.59999999999999998 0.80000000000000004
0.29999999999999999 0.5 0.80000000000000004
0.40000000000000002 0.5 0.80000000000000004
0.29999999999999999 0.59999999999999998 0.80000000000000004
0.40000000000000002 0.59999999999999998 0.80000000000000004
0.29999999999999999 0.5 0.90000000000000002
0.40000000000000002 0.5 0.90000000000000002
0.29999999999999999 0.59999999999999998 0.90000000000000002
0.40000000000000002 0.59999999999999998 0.90000000000000002
0.29999999999999999 0.5 0.90000000000000002
0.40000000000000002 0.5 0.90000000000000002
0.29999999999999999 0.59999999999999998 0.90000000000000002
0.40000000000000002 0.59999999999999998 0.90000000000000002
0.29999999999999999 0.5 1
0.40000000000000002 0.5 1
0.29999999999999999 0.59999999999999998 1
0.40000000000000002 0.59999999999999998 1
0.20000000000000001 0.5 0.90000000000000002
0.29999999999999999 0.5 0.90000000000000002
0.20000000000000001 0.59999999999999998 0.90000000000000002
0.29999999999999999 0.59999999999999998 0.90000000000000002
0.20000000000000001 0.5 1
0.29999999999999999 0.5 1
0.20000000000000001 0.59999999999999998 1
0.29999999999999999 0.59999999999999998 1
0.20000000000000001 0.5 0.80000000000000004
0.29999999999999999 0.5 0.80000000000000004
0.20000000000000001 0.59999999999999998 0.80000000000000004
0.29999999999999999 0.59999999999999998 0.80000000000000004
0.20000000000000001 0.5 0.90000000000000002
0.29999999999999999 0.5 0.90000000000000002
0.20000000000000001 0.59999999999999998 0.90000000000000002
0.29999999999999999 0.59999999999999998 0.90000000000000002
0.20000000000000001 0.40000000000000002 0.80000000000000004
0.29999999999999999 0.40000000000000002 0.80000000000000004
0.20000000000000001 0.5 0.80000000000000004
0.29999999999999999 0.5 0.80000000000000004
0.20000000000000001 0.40000000000000002 0.90000000000000002
0.29999999999999999 0.40000000000000002 0.90000000000000002
0.20000000000000001 0.5 0.90000000000000002
0.29999999999999999 0.5 0.90000000000000002
0.20000000000000001 0.40000000000000002 0.90000000000000002
0.29999999999999999 0.40000000000000002 0.90000000000000002
0.20000000000000001 0.5 0.90000000000000002
0.29999999999999999 0.5 0.90000000000000002
0.20000000000000001 0.40000000000000002 1
0.29999999999999999 0.40000000000000002 1
0.20000000000000001 0.5 1
0.29999999999999999 0.5 1
0.29999999999999999 0.40000000000000002 0.90000000000000002
0.40000000000000002 0.40000000000000002 0.90000000000000002
0.29999999999999999 0.5 0.90000000000000002
0.40000000000000002 0.5 0.90000000000000002
0.29999999999999999 0.40000000000000002 1
0.40000000000000002 0.40000000000000002 1
0.29999999999999999 0.5 1
0.40000000000000002 0.5 1
0.29999999999999999 0.40000000000000002 0.80000000000000004
0.40000000000000002 0.40000000000000002 0.80000000000000004
0.29999999999999999 0.5 0.80000000000000004
0.40000000000000002 0.5 0.80000000000000004
0.29999999999999999 0.40000000000000002 0.90000000000000002
0.40000000000000002 0.40000000000000002 0.90000000000000002
0.29999999999999999 0.5 0.90000000000000002
0.40000000000000002 0.5 0.90000000000000002
0.29999999999999999 0.29999999999999999 0.80000000000000004
0.40000000000000002 0.29999999999999999 0.80000000000000004
0.29999999999999999 0.40000000000000002 0.80000000000000004
0.40000000000000002 0.40000000000000002 0.80000000000000004
0.29999999999999999 0.29999999999999999 0.90000000000000002
0.40000000000000002 0.29999999999999999 0.90000000000000002
0.29999999999999999 0.40000000000000002 0.90000000000000002
0.40000000000000002 0.40000000000000002 0.90000000000000002
0.29999999999999999 0.29999999999999999 0.90000000000000002
0.40000000000000002 0.29999999999999999 0.90000000000000002
0.29999999999999999 0.40000000000000002 0.90000000000000002
0.40000000000000002 0.40000000000000002 0.90000000000000002
0.29999999999999999 0.29999999999999999 1
0.40000000000000002 0.29999999999999999 1
0.29999999999999999 0.40000000000000002 1
0.40000000000000002 0.40000000000000002 1
0.20000000000000001 0.29999999999999999 0.90000000000000002
0.29999999999999999 0.29999999999999999 0.90000000000000002
0.20000000000000001 0.40000000000000002 0.90000000000000002
0.29999999999999999 0.40000000000000002 0.90000000000000002
0.20000000000000001 0.29999999999999999 1
0.29999999999999999 0.29999999999999999 1
0.20000000000000001 0.40000000000000002 1
0.29999999999999999 0.40000000000000002 1
0.20000000000000001 0.29999999999999999 0.80000000000000004
0.29999999999999999 0.29999999999999999 0.80000000000000004
0.20000000000000001 0.40000000000000002 0.80000000000000004
0.29999999999999999 0.40000000000000002 0.80000000000000004
0.20000000000000001 0.29999999999999999 0.90000000000000002
0.29999999999999999 0.29999999999999999 0.90000000000000002
0.20000000000000001 0.40000000000000002 0.90000000000000002
0.29999999999999999 0.40000000000000002 0.90000000000000002
0.20000000000000001 0.20000000000000001 0.80000000000000004
0.29999999999999999 0.20000000000000001 0.80000000000000004
0.20000000000000001 0.29999999999999999 0.80000000000000004
0.29999999999999999 0.29999999999999999 0.80000000000000004
0.20000000000000001 0.20000000000000001 0.90000000000000002
0.29999999999999999 0.20000000000000001 0.90000000000000002
0.20000000000000001 0.29999999999999999 0.90000000000000002
0.29999999999999999 0.29999999999999999 0.90000000000000002
0.20000000000000001 0.20000000000000001 0.90000000000000002
0.29999999999999999 0.20000000000000001 0.90000000000000002
0.20000000000000001 0.29999999999999999 0.90000000000000002
0.29999999999999999 0.29999999999999999 0.90000000000000002
0.20000000000000001 0.20000000000000001 1
0.29999999999999999 0.20000000000000001 1
0.20000000000000001 0.29999999999999999 1
0.29999999999999999 0.29999999999999999 1
0.29999999999999999 0.20000000000000001 0.90000000000000002
0.40000000000000002 0.20000000000000001 0.90000000000000002
0.29999999999999999 0.29999999999999999 0.90000000000000002
0.40000000000000002 0.29999999999999999 0.90000000000000002
0.29999999999999999 0.20000000000000001 1
0.40000000000000002 0.20000000000000001 1
0.29999999999999999 0.29999999999999999 1
0.40000000000000002 0.29999999999999999 1
0.29999999999999999 0.20000000000000001 0.80000000000000004
0.40000000000000002 0.20000000000000001 0.80000000000000004
0.29999999999999999 0.29999999999999999 0.80000000000000004
0.40000000000000002 0.29999999999999999 0.80000000000000004
0.29999999999999999 0.20000000000000001 0.90000000000000002
0.40000000000000002 0.20000000000000001 0.90000000000000002
0.29999999999999999 0.29999999999999999 0.90000000000000002
0.40000000000000002 0.29999999999999999 0.90000000000000002
0.29999999999999999 0.20000000000000001 0.69999999999999996
0.40000000000000002 0.20000000000000001 0.69999999999999996
0.29999999999999999 0.29999999999999999 0.69999999999999996
0.40000000000000002 0.29999999999999999 0.69999999999999996
0.29999999999999999 0.20000000000000001 0.80000000000000004
0.40000000000000002 0.20000000000000001 0.80000000000000004
0.29999999999999999 0.29999999999999999 0.80000000000000004
0.40000000000000002 0.29999999999999999 0.80000000000000004
0.29999999999999999 0.29999999999999999 0.69999999999999996
0.40000000000000002 0.29999999999999999 0.69999999999999996
0.29999999999999999 0.40000000000000002 0.69999999999999996
0.40000000000000002 0.40000000000000002 0.69999999999999996
0.29999999999999999 0.29999999999999999 0.80000000000000004
0.40000000000000002 0.29999999999999999 0.80000000000000004
0.29999999999999999 0.40000000000000002 0.80000000000000004
0.40000000000000002 0.40000000000000002 0.80000000000000004
0.29999999999999999 0.29999999999999999 0.59999999999999998
0.40000000000000002 0.29999999999999999 0.59999999999999998
0.29999999999999999 0.40000000000000002 0.59999999999999998
0.40000000000000002 0.40000000000000002 0.59999999999999998
0.29999999999999999 0.29999999999999999 0.69999999999999996
0.40000000000000002 0.29999999999999999 0.69999999999999996
0.29999999999999999 0.40000000000000002 0.69999999999999996
0.40000000000000002 0.40000000000000002 0.69999999999999996
0.29999999999999999 0.20000000000000001 0.59999999999999998
0.40000000000000002 0.20000000000000001 0.59999999999999998
0.29999999999999999 0.29999999999999999 0.59999999999999998
0.40000000000000002 0.29999999999999999 0.59999999999999998
0.29999999999999999 0.20000000000000001 0.69999999999999996
0.40000000000000002 0.20000000000000001 0.69999999999999996
0.29999999999999999 0.29999999999999999 0.69999999999999996
0.40000000000000002 0.29999999999999999 0.69999999999999996
0.20000000000000001 0.20000000000000001 0.59999999999999998
0.29999999999999999 0.20000000000000001 0.59999999999999998
0.20000000000000001 0.29999999999999999 0.59999999999999998
0.29999999999999999 0.29999999999999999 0.59999999999999998
0.20000000000000001 0.20000000000000001 0.69999999999999996
0.29999999999999999 0.20000000000000001 0.69999999999999996
0.20000000000000001 0.29999999999999999 0.69999999999999996
0.29999999999999999 0.29999999999999999 0.69999999999999996
0.20000000000000001 0.29999999999999999 0.59999999999999998
0.29999999999999999 0.29999999999999999 0.59999999999999998
0.20000000000000001 0.40000000000000002 0.59999999999999998
0.29999999999999999 0.40000000000000002 0.59999999999999998
0.20000000000000001 0.29999999999999999 0.69999999999999996
0.29999999999999999 0.29999999999999999 0.69999999999999996
0.20000000000000001 0.40000000000000002 0.69999999999999996
0.29999999999999999 0.40000000000000002 0.69999999999999996
0.20000000000000001 0.29999999999999999 0.69999999999999996
0.29999999999999999 0.29999999999999999 0.69999999999999996
0.20000000000000001 0.40000000000000002 0.69999999999999996
0.29999999999999999 0.40000000000000002 0.69999999999999996
0.20000000000000001 0.29999999999999999 0.80000000000000004
0.29999999999999999 0.29999999999999999 0.80000000000000004
0.20000000000000001 0.40000000000000002 0.80000000000000004
0.29999999999999999 0.40000000000000002 0.80000000000000004
0.20000000000000001 0.20000000000000001 0.69999999999999996
0.29999999999999999 0.20000000000000001 0.69999999999999996
0.20000000000000001 0.29999999999999999 0.69999999999999996
0.29999999999999999 0.29999999999999999 0.69999999999999996
0.20000000000000001 0.20000000000000001 0.80000000000000004
0.29999999999999999 0.20000000000000001 0.80000000000000004
0.20000000000000001 0.29999999999999999 0.80000000000000004
0.29999999999999999 0.29999999999999999 0.80000000000000004
0.10000000000000001 0.20000000000000001 0.69999999999999996
0.20000000000000001 0.20000000000000001 0.69999999999999996
0.10000000000000001 0.29999999999999999 0.69999999999999996
0.20000000000000001 0.29999999999999999 0.69999999999999996
0.10000000000000001 0.20000000000000001 0.80000000000000004
0.20000000000000001 0.20000000000000001 0.80000000000000004
0.10000000000000001 0.29999999999999999 0.80000000000000004
0.20000000000000001 0.29999999999999999 0.80000000000000004
0.10000000000000001 0.29999999999999999 0.69999999999999996
0.20000000000000001 0.29999999999999999 0.69999999999999996
0.10000000000000001 0.40000000000000002 0.69999999999999996
0.20000000000000001 0.40000000000000002 0.69999999999999996
0.10000000000000001 0.29999999999999999 0.80000000000000004
0.20000000000000001 0.29999999999999999 0.80000000000000004
0.10000000000000001 0.40000000000000002 0.80000000000000004
0.20000000000000001 0.40000000000000002 0.80000000000000004
0.10000000000000001 0.29999999999999999 0.59999999999999998
0.20000000000000001 0.29999999999999999 0.59999999999999998
0.10000000000000001 0.40000000000000002 0.59999999999999998
0.20000000000000001 0.40000000000000002 0.59999999999999998
0.10000000000000001 0.29999999999999999 0.69999999999999996
0.20000000000000001 0.29999999999999999 0.69999999999999996
0.10000000000000001 0.40000000000000002 0.69999999999999996
0.20000000000000001 0.40000000000000002 0.69999999999999996
0.10000000000000001 0.20000000000000001 0.59999999999999998
0.20000000000000001 0.20000000000000001 0.59999999999999998
0.10000000000000001 0.29999999999999999 0.59999999999999998
0.20000000000000001 0.29999999999999999 0.59999999999999998
0.10000000000000001 0.20000000000000001 0.69999999999999996
0.20000000000000001 0.20000000000000001 0.69999999999999996
0.10000000000000001 0.29999999999999999 0.69999999999999996
0.20000000000000001 0.29999999999999999 0.69999999999999996
0 0.20000000000000001 0.59999999999999998
0.10000000000000001 0.20000000000000001 0.59999999999999998
0 0.29999999999999999 0.59999999999999998
0.10000000000000001 0.29999999999999999 0.59999999999999998
0 0.20000000000000001 0.69999999999999996
0.10000000000000001 0.20000000000000001 0.69999999999999996
0 0.29999999999999999 0.69999999999999996
0.10000000000000001 0.29999999999999999 0.69999999999999996
0 0.29999999999999999 0.59999999999999998
0.10000000000000001 0.29999999999999999 0.59999999999999998
0 0.40000000000000002 0.59999999999999998
0.10000000000000001 0.40000000000000002 0.59999999999999998
0 0.29999999999999999 0.69999999999999996
0.10000000000000001 0.29999999999999999 0.69999999999999996
0 0.40000000000000002 0.69999999999999996
0.10000000000000001 0.40000000000000002 0.69999999999999996
0 0.29999999999999999 0.69999999999999996
0.10000000000000001 0.29999999999999999 0.69999999999999996
0 0.40000000000000002 0.69999999999999996
0.10000000000000001 0.40000000000000002 0.69999999999999996
0 0.29999999999999999 0.80000000000000004
0.10000000000000001 0.29999999999999999 0.80000000000000004
0 0.40000000000000002 0.80000000000000004
0.10000000000000001 0.40000000000000002 0.80000000000000004
0 0.20000000000000001 0.69999999999999996
0.10000000000000001 0.20000000000000001 0.69999999999999996
0 0.29999999999999999 0.69999999999999996
0.10000000000000001 0.29999999999999999 0.69999999999999996
0 0.20000000000000001 0.80000000000000004
0.10000000000000001 0.20000000000000001 0.80000000000000004
0 0.29999999999999999 0.80000000000000004
0.10000000000000001 0.29999999999999999 0.80000000000000004
0 0.20000000000000001 0.80000000000000004
0.10000000000000001 0.20000000000000001 0.80000000000000004
0 0.29999999999999999 0.80000000000000004
0.10000000000000001 0.29999999999999999 0.80000000000000004
0 0.20000000000000001 0.90000000000000002
0.10000000000000001 0.20000000000000001 0.90000000000000002
0 0.29999999999999999 0.90000000000000002
0.10000000000000001 0.29999999999999999 0.90000000000000002
0.10000000000000001 0.20000000000000001 0.80000000000000004
0.20000000000000001 0.20000000000000001 0.80000000000000004
0.10000000000000001 0.29999999999999999 0.80000000000000004
0.20000000000000001 0.29999999999999999 0.80000000000000004
0.10000000000000001 0.20000000000000001 0.90000000000000002
0.20000000000000001 0.20000000000000001 0.90000000000000002
0.10000000000000001 0.29999999999999999 0.90000000000000002
0.20000000000000001 0.29999999999999999 0.90000000000000002
0.10000000000000001 0.29999999999999999 0.80000000000000004
0.20000000000000001 0.29999999999999999 0.80000000000000004
0.10000000000000001 0.40000000000000002 0.80000000000000004
0.20000000000000001 0.40000000000000002 0.80000000000000004
0.10000000000000001 0.29999999999999999 0.90000000000000002
0.20000000000000001 0.29999999999999999 0.90000000000000002
0.10000000000000001 0.40000000000000002 0.90000000000000002
0.20000000000000001 0.40000000000000002 0.90000000000000002
0 0.29999999999999999 0.80000000000000004
0.10000000000000001 0.29999999999999999 0.80000000000000004
0 0.40000000000000002 0.80000000000000004
0.10000000000000001 0.40000000000000002 0.80000000000000004
0 0.29999999999999999 0.90000000000000002
0.10000000000000001 0.29999999999999999 0.90000000000000002
0 0.40000000000000002 0.90000000000000002
0.10000000000000001 0.40000000000000002 0.90000000000000002
0 0.29999999999999999 0.90000000000000002
0.10000000000000001 0.29999999999999999 0.90000000000000002
0 0.40000000000000002 0.90000000000000002
0.10000000000000001 0.40000000000000002 0.90000000000000002
0 0.29999999999999999 1
0.10000000000000001 0.29999999999999999 1
0 0.40000000000000002 1
0.10000000000000001 0.40000000000000002 1
0.10000000000000001 0.29999999999999999 0.90000000000000002
0.20000000000000001 0.29999999999999999 0.90000000000000002
0.10000000000000001 0.40000000000000002 0.90000000000000002
0.20000000000000001 0.40000000000000002 0.90000000000000002
0.10000000000000001 0.29999999999999999 1
0.20000000000000001 0.29999999999999999 1
0.10000000000000001 0.40000000000000002 1
0.20000000000000001 0.40000000000000002 1
0.10000000000000001 0.20000000000000001 0.90000000000000002
0.20000000000000001 0.20000000000000001 0.90000000000000002
0.10000000000000001 0.29999999999999999 0.90000000000000002
0.20000000000000001 0.29999999999999999 0.90000000000000002
0.10000000000000001 0.20000000000000001 1
0.20000000000000001 0.20000000000000001 1
0.10000000000000001 0.29999999999999999 1
0.20000000000000001 0.29999999999999999 1
0 0.20000000000000001 0.90000000000000002
0.10000000000000001 0.20000000000000001 0.90000000000000002
0 0.29999999999999999 0.90000000000000002
0.10000000000000001 0.29999999999999999 0.90000000000000002
0 0.20000000000000001 1
0.10000000000000001 0.20000000000000001 1
0 0.29999999999999999 1
0.10000000000000001 0.29999999999999999 1
0 0.10000000000000001 0.90000000000000002
0.10000000000000001 0.10000000000000001 0.90000000000000002
0 0.20000000000000001 0.90000000000000002
0.10000000000000001 0.20000000000000001 0.90000000000000002
0 0.10000000000000001 1
0.10000000000000001 0.10000000000000001 1
0 0.20000000000000001 1
0.10000000000000001 0.20000000000000001 1
0 0 0.90000000000000002
0.10000000000000001 0 0.90000000000000002
0 0.10000000000000001 0.90000000000000002
0.10000000000000001 0.10000000000000001 0.90000000000000002
0 0 1
0.10000000000000001 0 1
0 0.10000000000000001 1
0.10000000000000001 0.10000000000000001 1
0.10000000000000001 0 0.90000000000000002
0.20000000000000001 0 0.90000000000000002
0.10000000000000001 0.10000000000000001 0.90000000000000002
0.20000000000000001 0.10000000000000001 0.90000000000000002
0.10000000000000001 0 1
0.20000000000000001 0 1
0.10000000000000001 0.10000000000000001 1
0.20000000000000001 0.10000000000000001 1
0.10000000000000001 0.10000000000000001 0.90000000000000002
0.20000000000000001 0.10000000000000001 0.90000000000000002
0.10000000000000001 0.20000000000000001 0.90000000000000002
0.20000000000000001 0.20000000000000001 0.90000000000000002
0.10000000000000001 0.10000000000000001 1
0.20000000000000001 0.10000000000000001 1
0.10000000000000001 0.20000000000000001 1
0.20000000000000001 0.20000000000000001 1
0.20000000000000001 0.10000000000000001 0.90000000000000002
0.29999999999999999 0.10000000000000001 0.90000000000000002
0.20000000000000001 0.20000000000000001 0.90000000000000002
0.29999999999999999 0.20000000000000001 0.90000000000000002
0.20000000000000001 0.10000000000000001 1
0.29999999999999999 0.10000000000000001 1
0.20000000000000001 0.20000000000000001 1
0.29999999999999999 0.20000000000000001 1
0.29999999999999999 0.10000000000000001 0.90000000000000002
0.40000000000000002 0.10000000000000001 0.90000000000000002
0.29999999999999999 0.20000000000000001 0.90000000000000002
0.40000000000000002 0.20000000000000001 0.90000000000000002
0.29999999999999999 0.10000000000000001 1
0.40000000000000002 0.10000000000000001 1
0.29999999999999999 0.20000000000000001 1
0.40000000000000002 0.20000000000000001 1
0.29999999999999999 0 0.90000000000000002
0.40000000000000002 0 0.90000000000000002
0.29999999999999999 0.10000000000000001 0.90000000000000002
0.40000000000000002 0.10000000000000001 0.90000000000000002
0.29999999999999999 0 1
0.40000000000000002 0 1
0.29999999999999999 0.10000000000000001 1
0.40000000000000002 0.10000000000000001 1
0.20000000000000001 0 0.90000000000000002
0.29999999999999999 0 0.90000000000000002
0.20000000000000001 0.10000000000000001 0.90000000000000002
0.29999999999999999 0.10000000000000001 0.90000000000000002
0.20000000000000001 0 1
0.29999999999999999 0 1
0.20000000000000001 0.10000000000000001 1
0.29999999999999999 0.10000000000000001 1
0.20000000000000001 0 0.80000000000000004
0.29999999999999999 0 0.80000000000000004
0.20000000000000001 0.10000000000000001 0.80000000000000004
0.29999999999999999 0.10000000000000001 0.80000000000000004
0.20000000000000001 0 0.90000000000000002
0.29999999999999999 0 0.90000000000000002
0.20000000000000001 0.10000000000000001 0.90000000000000002
0.29999999999999999 0.10000000000000001 0.90000000000000002
0.29999999999999999 0 0.80000000000000004
0.40000000000000002 0 0.80000000000000004
0.29999999999999999 0.10000000000000001 0.80000000000000004
0.40000000000000002 0.10000000000000001 0.80000000000000004
0.29999999999999999 0 0.90000000000000002
0.40000000000000002 0 0.90000000000000002
0.29999999999999999 0.10000000000000001 0.90000000000000002
0.40000000000000002 0.10000000000000001 0.90000000000000002
0.29999999999999999 0.10000000000000001 0.80000000000000004
0.40000000000000002 0.10000000000000001 0.80000000000000004
0.29999999999999999 0.20000000000000001 0.80000000000000004
0.40000000000000002 0.20000000000000001 0.80000000000000004
0.29999999999999999 0.10000000000000001 0.90000000000000002
0.40000000000000002 0.10000000000000001 0.90000000000000002
0.29999999999999999 0.20000000000000001 0.90000000000000002
0.40000000000000002 0.20000000000000001 0.90000000000000002
0.20000000000000001 0.10000000000000001 0.80000000000000004
0.29999999999999999 0.10000000000000001 0.80000000000000004
0.20000000000000001 0.20000000000000001 0.80000000000000004
0.29999999999999999 0.20000000000000001 0.80000000000000004
0.20000000000000001 0.10000000000000001 0.90000000000000002
0.29999999999999999 0.10000000000000001 0.90000000000000002
0.20000000000000001 0.20000000000000001 0.90000000000000002
0.29999999999999999 0.20000000000000001 0.90000000000000002
0.10000000000000001 0.10000000000000001 0.80000000000000004
0.20000000000000001 0.10000000000000001 0.80000000000000004
0.10000000000000001 0.20000000000000001 0.80000000000000004
0.20000000000000001 0.20000000000000001 0.80000000000000004
0.10000000000000001 0.10000000000000001 0.90000000000000002
0.20000000000000001 0.10000000000000001 0.90000000000000002
0.10000000000000001 0.20000000000000001 0.90000000000000002
0.20000000000000001 0.20000000000000001 0.90000000000000002
0.10000000000000001 0 0.80000000000000004
0.20000000000000001 0 0.80000000000000004
0.10000000000000001 0.10000000000000001 0.80000000000000004
0.20000000000000001 0.10000000000000001 0.80000000000000004
0.10000000000000001 0 0.90000000000000002
0.20000000000000001 0 0.90000000000000002
0.10000000000000001 0.10000000000000001 0.90000000000000002
0.20000000000000001 0.10000000000000001 0.90000000000000002
0 0 0.80000000000000004
0.10000000000000001 0 0.80000000000000004
0 0.10000000000000001 0.80000000000000004
0.10000000000000001 0.10000000000000001 0.80000000000000004
0 0 0.90000000000000002
0.10000000000000001 0 0.90000000000000002
0 0.10000000000000001 0.90000000000000002
0.10000000000000001 0.10000000000000001 0.90000000000000002
0 0.10000000000000001 0.80000000000000004
0.10000000000000001 0.10000000000000001 0.80000000000000004
0 0.20000000000000001 0.80000000000000004
0.10000000000000001 0.20000000000000001 0.80000000000000004
0 0.10000000000000001 0.90000000000000002
0.10000000000000001 0.10000000000000001 0.90000000000000002
0 0.20000000000000001 0.90000000000000002
0.10000000000000001 0.20000000000000001 0.90000000000000002
0 0.10000000000000001 0.69999999999999996
0.10000000000000001 0.10000000000000001 0.69999999999999996
0 0.20000000000000001 0.69999999999999996
0.10000000000000001 0.20000000000000001 0.69999999999999996
0 0.10000000000000001 0.80000000000000004
0.10000000000000001 0.10000000000000001 0.80000000000000004
0 0.20000000000000001 0.80000000000000004
0.10000000000000001 0.20000000000000001 0.80000000000000004
0 0 0.69999999999999996
0.10000000000000001 0 0.69999999999999996
0 0.10000000000000001 0.69999999999999996
0.10000000000000001 0.10000000000000001 0.69999999999999996
0 0 0.80000000000000004
0.10000000000000001 0 0.80000000000000004
0 0.10000000000000001 0.80000000000000004
0.10000000000000001 0.10000000000000001 0.80000000000000004
0 0 0.59999999999999998
0.10000000000000001 0 0.59999999999999998
0 0.10000000000000001 0.59999999999999998
0.10000000000000001 0.10000000000000001 0.59999999999999998
0 0 0.69999999999999996
0.10000000000000001 0 0.69999999999999996
0 0.10000000000000001 0.69999999999999996
0.10000000000000001 0.10000000000000001 0.69999999999999996
0 0.10000000000000001 0.59999999999999998
0.10000000000000001 0.10000000000000001 0.59999999999999998
0 0.20000000000000001 0.59999999999999998
0.10000000000000001 0.20000000000000001 0.59999999999999998
0 0.10000000000000001 0.69999999999999996
0.10000000000000001 0.10000000000000001 0.69999999999999996
0 0.20000000000000001 0.69999999999999996
0.10000000000000001 0.20000000000000001 0.69999999999999996
0.10000000000000001 0.10000000000000001 0.59999999999999998
0.20000000000000001 0.10000000000000001 0.59999999999999998
0.10000000000000001 0.20000000000000001 0.59999999999999998
0.20000000000000001 0.20000000000000001 0.59999999999999998
0.10000000000000001 0.10000000000000001 0.69999999999999996
0.20000000000000001 0.10000000000000001 0.69999999999999996
0.10000000000000001 0.20000000000000001 0.69999999999999996
0.20000000000000001 0.20000000000000001 0.69999999999999996
0.10000000000000001 0 0.59999999999999998
0.20000000000000001 0 0.59999999999999998
0.10000000000000001 0.10000000000000001 0.59999999999999998
0.20000000000000001 0.10000000000000001 0.59999999999999998
0.10000000000000001 0 0.69999999999999996
0.20000000000000001 0 0.69999999999999996
0.10000000000000001 0.10000000000000001 0.69999999999999996
0.20000000000000001 0.10000000000000001 0.69999999999999996
0.10000000000000001 0 0.69999999999999996
0.20000000000000001 0 0.69999999999999996
0.10000000000000001 0.10000000000000001 0.69999999999999996
0.20000000000000001 0.10000000000000001 0.69999999999999996
0.10000000000000001 0 0.80000000000000004
0.20000000000000001 0 0.80000000000000004
0.10000000000000001 0.10000000000000001 0.80000000000000004
0.20000000000000001 0.10000000000000001 0.80000000000000004
0.10000000000000001 0.10000000000000001 0.69999999999999996
0.20000000000000001 0.10000000000000001 0.69999999999999996
0.10000000000000001 0.20000000000000001 0.69999999999999996
0.20000000000000001 0.20000000000000001 0.69999999999999996
0.10000000000000001 0.10000000000000001 0.80000000000000004
0.20000000000000001 0.10000000000000001 0.80000000000000004
0.10000000000000001 0.20000000000000001 0.80000000000000004
0.20000000000000001 0.20000000000000001 0.80000000000000004
0.20000000000000001 0.10000000000000001 0.69999999999999996
0.29999999999999999 0.10000000000000001 0.69999999999999996
0.20000000000000001 0.20000000000000001 0.69999999999999996
0.29999999999999999 0.20000000000000001 0.69999999999999996
0.20000000000000001 0.10000000000000001 0.80000000000000004
0.29999999999999999 0.10000000000000001 0.80000000000000004
0.20000000000000001 0.20000000000000001 0.80000000000000004
0.29999999999999999 0.20000000000000001 0.80000000000000004
0.20000000000000001 0 0.69999999999999996
0.29999999999999999 0 0.69999999999999996
0.20000000000000001 0.10000000000000001 0.69999999999999996
0.29999999999999999 0.10000000000000001 0.69999999999999996
0.20000000000000001 0 0.80000000000000004
0.29999999999999999 0 0.80000000000000004
0.20000000000000001 0.10000000000000001 0.80000000000000004
0.29999999999999999 0.10000000000000001 0.80000000000000004
0.20000000000000001 0 0.59999999999999998
0.29999999999999999 0 0.59999999999999998
0.20000000000000001 0.10000000000000001 0.59999999999999998
0.29999999999999999 0.10000000000000001 0.59999999999999998
0.20000000000000001 0 0.69999999999999996
0.29999999999999999 0 0.69999999999999996
0.20000000000000001 0.10000000000000001 0.69999999999999996
0.29999999999999999 0.10000000000000001 0.69999999999999996
0.20000000000000001 0.10000000000000001 0.59999999999999998
0.29999999999999999 0.10000000000000001 0.59999999999999998
0.20000000000000001 0.20000000000000001 0.59999999999999998
0.29999999999999999 0.20000000000000001 0.59999999999999998
0.20000000000000001 0.10000000000000001 0.69999999999999996
0.29999999999999999 0.10000000000000001 0.69999999999999996
0.20000000000000001 0.20000000000000001 0.69999999999999996
0.29999999999999999 0.20000000000000001 0.69999999999999996
0.29999999999999999 0.10000000000000001 0.59999999999999998
0.40000000000000002 0.10000000000000001 0.59999999999999998
0.29999999999999999 0.20000000000000001 0.59999999999999998
0.40000000000000002 0.20000000000000001 0.59999999999999998
0.29999999999999999 0.10000000000000001 0.69999999999999996
0.40000000000000002 0.10000000000000001 0.69999999999999996
0.29999999999999999 0.20000000000000001 0.69999999999999996
0.40000000000000002 0.20000000000000001 0.69999999999999996
0.29999999999999999 0 0.59999999999999998
0.40000000000000002 0 0.59999999999999998
0.29999999999999999 0.10000000000000001 0.59999999999999998
0.40000000000000002 0.10000000000000001 0.59999999999999998
0.29999999999999999 0 0.69999999999999996
0.40000000000000002 0 0.69999999999999996
0.29999999999999999 0.10000000000000001 0.69999999999999996
0.40000000000000002 0.10000000000000001 0.69999999999999996
0.29999999999999999 0 0.69999999999999996
0.40000000000000002 0 0.69999999999999996
0.29999999999999999 0.10000000000000001 0.69999999999999996
0.40000000000000002 0.10000000000000001 0.69999999999999996
0.29999999999999999 0 0.80000000000000004
0.40000000000000002 0 0.80000000000000004
0.29999999999999999 0.10000000000000001 0.80000000000000004
0.40000000000000002 0.10000000000000001 0.80000000000000004
0.29999999999999999 0.10000000000000001 0.69999999999999996
0.40000000000000002 0.10000000000000001 0.69999999999999996
0.29999999999999999 0.20000000000000001 0.69999999999999996
0.40000000000000002 0.20000000000000001 0.69999999999999996
0.29999999999999999 0.10000000000000001 0.80000000000000004
0.40000000000000002 0.10000000000000001 0.80000000000000004
0.29999999999999999 0.20000000000000001 0.80000000000000004
0.40000000000000002 0.20000000000000001 0.80000000000000004
0.40000000000000002 0.10000000000000001 0.69999999999999996
0.5 0.10000000000000001 0.69999999999999996
0.40000000000000002 0.20000000000000001 0.69999999999999996
0.5 0.20000000000000001 0.69999999999999996
0.40000000000000002 0.10000000000000001 0.80000000000000004
0.5 0.10000000000000001 0.80000000000000004
0.40000000000000002 0.20000000000000001 0.80000000000000004
0.5 0.20000000000000001 0.80000000000000004
0.40000000000000002 0 0.69999999999999996
0.5 0 0.69999999999999996
0.40000000000000002 0.10000000000000001 0.69999999999999996
0.5 0.10000000000000001 0.69999999999999996
0.40000000000000002 0 0.80000000000000004
0.5 0 0.80000000000000004
0.40000000000000002 0.10000000000000001 0.80000000000000004
0.5 0.10000000000000001 0.80000000000000004
0.40000000000000002 0 0.59999999999999998
0.5 0 0.59999999999999998
0.40000000000000002 0.10000000000000001 0.59999999999999998
0.5 0.10000000000000001 0.59999999999999998
0.40000000000000002 0 0.69999999999999996
0.5 0 0.69999999999999996
0.40000000000000002 0.10000000000000001 0.69999999999999996
0.5 0.10000000000000001 0.69999999999999996
0.40000000000000002 0.10000000000000001 0.59999999999999998
0.5 0.10000000000000001 0.59999999999999998
0.40000000000000002 0.20000000000000001 0.59999999999999998
0.5 0.20000000000000001 0.59999999999999998
0.40000000000000002 0.10000000000000001 0.69999999999999996
0.5 0.10000000000000001 0.69999999999999996
0.40000000000000002 0.20000000000000001 0.69999999999999996
0.5 0.20000000000000001 0.69999999999999996
0.5 0.10000000000000001 0.59999999999999998
0.59999999999999998 0.10000000000000001 0.59999999999999998
0.5 0.20000000000000001 0.59999999999999998
0.59999999999999998 0.20000000000000001 0.59999999999999998
0.5 0.10000000000000001 0.69999999999999996
0.59999999999999998 0.10000000000000001 0.69999999999999996
0.5 0.20000000000000001 0.69999999999999996
0.59999999999999998 0.20000000000000001 0.69999999999999996
0.5 0 0.59999999999999998
0.59999999999999998 0 0.59999999999999998
0.5 0.10000000000000001 0.59999999999999998
0.59999999999999998 0.10000000000000001 0.59999999999999998
0.5 0 0.69999999999999996
0.59999999999999998 0 0.69999999999999996
0.5 0.10000000000000001 0.69999999999999996
0.59999999999999998 0.10000000000000001 0.69999999999999996
0.5 0 0.69999999999999996
0.59999999999999998 0 0.69999999999999996
0.5 0.10000000000000001 0.69999999999999996
0.59999999999999998 0.10000000000000001 0.69999999999999996
0.5 0 0.80000000000000004
0.59999999999999998 0 0.80000000000000004
0.5 0.10000000000000001 0.80000000000000004
0.59999999999999998 0.10000000000000001 0.80000000000000004
0.5 0.10000000000000001 0.69999999999999996
0.59999999999999998 0.10000000000000001 0.69999999999999996
0.5 0.20000000000000001 0.69999999999999996
0.59999999999999998 0.20000000000000001 0.69999999999999996
0.5 0.10000000000000001 0.80000000000000004
0.59999999999999998 0.10000000000000001 0.80000000000000004
0.5 0.20000000000000001 0.80000000000000004
0.59999999999999998 0.20000000000000001 0.80000000000000004
0.5 0.10000000000000001 0.80000000000000004
0.59999999999999998 0.10000000000000001 0.80000000000000004
0.5 0.20000000000000001 0.80000000000000004
0.59999999999999998 0.20000000000000001 0.80000000000000004
0.5 0.10000000000000001 0.90000000000000002
0.59999999999999998 0.10000000000000001 0.90000000000000002
0.5 0.20000000000000001 0.90000000000000002
0.59999999999999998 0.20000000000000001 0.90000000000000002
0.40000000000000002 0.10000000000000001 0.80000000000000004
0.5 0.10000000000000001 0.80000000000000004
0.40000000000000002 0.20000000000000001 0.80000000000000004
0.5 0.20000000000000001 0.80000000000000004
0.40000000000000002 0.10000000000000001 0.90000000000000002
0.5 0.10000000000000001 0.90000000000000002
0.40000000000000002 0.20000000000000001 0.90000000000000002
0.5 0.20000000000000001 0.90000000000000002
0.40000000000000002 0 0.80000000000000004
0.5 0 0.80000000000000004
0.40000000000000002 0.10000000000000001 0.80000000000000004
0.5 0.10000000000000001 0.80000000000000004
0.40000000000000002 0 0.90000000000000002
0.5 0 0.90000000000000002
0.40000000000000002 0.10000000000000001 0.90000000000000002
0.5 0.10000000000000001 0.90000000000000002
0.5 0 0.80000000000000004
0.59999999999999998 0 0.80000000000000004
0.5 0.10000000000000001 0.80000000000000004
0.59999999999999998 0.10000000000000001 0.80000000000000004
0.5 0 0.90000000000000002
0.59999999999999998 0 0.90000000000000002
0.5 0.10000000000000001 0.90000000000000002
0.59999999999999998 0.10000000000000001 0.90000000000000002
0.5 0 0.90000000000000002
0.59999999999999998 0 0.90000000000000002
0.5 0.10000000000000001 0.90000000000000002
0.59999999999999998 0.10000000000000001 0.90000000000000002
0.5 0 1
0.59999999999999998 0 1
0.5 0.10000000000000001 1
0.59999999999999998 0.10000000000000001 1
0.40000000000000002 0 0.90000000000000002
0.5 0 0.90000000000000002
0.40000000000000002 0.10000000000000001 0.90000000000000002
0.5 0.10000000000000001 0.90000000000000002
0.40000000000000002 0 1
0.5 0 1
0.40000000000000002 0.10000000000000001 1
0.5 0.10000000000000001 1
0.40000000000000002 0.10000000000000001 0.90000000000000002
0.5 0.10000000000000001 0.90000000000000002
0.40000000000000002 0.20000000000000001 0.90000000000000002
0.5 0.20000000000000001 0.90000000000000002
0.40000000000000002 0.10000000000000001 1
0.5 0.10000000000000001 1
0.40000000000000002 0.20000000000000001 1
0.5 0.20000000000000001 1
0.5 0.10000000000000001 0.90000000000000002
0.59999999999999998 0.10000000000000001 0.90000000000000002
0.5 0.20000000000000001 0.90000000000000002
0.59999999999999998 0.20000000000000001 0.90000000000000002
0.5 0.10000000000000001 1
0.59999999999999998 0.10000000000000001 1
0.5 0.20000000000000001 1
0.59999999999999998 0.20000000000000001 1
0.5 0.20000000000000001 0.90000000000000002
0.59999999999999998 0.20000000000000001 0.90000000000000002
0.5 0.29999999999999999 0.90000000000000002
0.59999999999999998 0.29999999999999999 0.90000000000000002
0.5 0.20000000000000001 1
0.59999999999999998 0.20000000000000001 1
0.5 0.29999999999999999 1
0.59999999999999998 0.29999999999999999 1
0.40000000000000002 0.20000000000000001 0.90000000000000002
0.5 0.20000000000000001 0.90000000000000002
0.40000000000000002 0.29999999999999999 0.90000000000000002
0.5 0.29999999999999999 0.90000000000000002
0.40000000000000002 0.20000000000000001 1
0.5 0.20000000000000001 1
0.40000000000000002 0.29999999999999999 1
0.5 0.29999999999999999 1
0.40000000000000002 0.29999999999999999 0.90000000000000002
0.5 0.29999999999999999 0.90000000000000002
0.40000000000000002 0.40000000000000002 0.90000000000000002
0.5 0.40000000000000002 0.90000000000000002
0.40000000000000002 0.29999999999999999 1
0.5 0.29999999999999999 1
0.40000000000000002 0.40000000000000002 1
0.5 0.40000000000000002 1
0.5 0.29999999999999999 0.90000000000000002
0.59999999999999998 0.29999999999999999 0.90000000000000002
0.5 0.40000000000000002 0.90000000000000002
0.59999999999999998 0.40000000000000002 0.90000000000000002
0.5 0.29999999999999999 1
0.59999999999999998 0.29999999999999999 1
0.5 0.40000000000000002 1
0.59999999999999998 0.40000000000000002 1
0.5 0.29999999999999999 0.80000000000000004
0.59999999999999998 0.29999999999999999 0.80000000000000004
0.5 0.40000000000000002 0.80000000000000004
0.59999999999999998 0.40000000000000002 0.80000000000000004
0.5 0.29999999999999999 0.90000000000000002
0.59999999999999998 0.29999999999999999 0.90000000000000002
0.5 0.40000000000000002 0.90000000000000002
0.59999999999999998 0.40000000000000002 0.90000000000000002
0.40000000000000002 0.29999999999999999 0.80000000000000004
0.5 0.29999999999999999 0.80000000000000004
0.40000000000000002 0.40000000000000002 0.80000000000000004
0.5 0.40000000000000002 0.80000000000000004
0.40000000000000002 0.29999999999999999 0.90000000000000002
0.5 0.29999999999999999 0.90000000000000002
0.40000000000000002 0.40000000000000002 0.90000000000000002
0.5 0.40000000000000002 0.90000000000000002
0.40000000000000002 0.20000000000000001 0.80000000000000004
0.5 0.20000000000000001 0.80000000000000004
0.40000000000000002 0.29999999999999999 0.80000000000000004
0.5 0.29999999999999999 0.80000000000000004
0.40000000000000002 0.20000000000000001 0.90000000000000002
0.5 0.20000000000000001 0.90000000000000002
0.40000000000000002 0.29999999999999999 0.90000000000000002
0.5 0.29999999999999999 0.90000000000000002
0.5 0.20000000000000001 0.80000000000000004
0.59999999999999998 0.20000000000000001 0.80000000000000004
0.5 0.29999999999999999 0.80000000000000004
0.59999999999999998 0.29999999999999999 0.80000000000000004
0.5 0.20000000000000001 0.90000000000000002
0.59999999999999998 0.20000000000000001 0.90000000000000002
0.5 0.29999999999999999 0.90000000000000002
0.59999999999999998 0.29999999999999999 0.90000000000000002
0.5 0.20000000000000001 0.69999999999999996
0.59999999999999998 0.20000000000000001 0.69999999999999996
0.5 0.29999999999999999 0.69999999999999996
0.59999999999999998 0.29999999999999999 0.69999999999999996
0.5 0.20000000000000001 0.80000000000000004
0.59999999999999998 0.20000000000000001 0.80000000000000004
0.5 0.29999999999999999 0.80000000000000004
0.59999999999999998 0.29999999999999999 0.80000000000000004
0.5 0.20000000000000001 0.59999999999999998
0.59999999999999998 0.20000000000000001 0.59999999999999998
0.5 0.29999999999999999 0.59999999999999998
0.59999999999999998 0.29999999999999999 0.59999999999999998
0.5 0.20000000000000001 0.69999999999999996
0.59999999999999998 0.20000000000000001 0.69999999999999996
0.5 0.29999999999999999 0.69999999999999996
0.59999999999999998 0.29999999999999999 0.69999999999999996
0.40000000000000002 0.20000000000000001 0.59999999999999998
0.5 0.20000000000000001 0.59999999999999998
0.40000000000000002 0.29999999999999999 0.59999999999999998
0.5 0.29999999999999999 0.59999999999999998
0.40000000000000002 0.20000000000000001 0.69999999999999996
0.5 0.20000000000000001 0.69999999999999996
0.40000000000000002 0.29999999999999999 0.69999999999999996
0.5 0.29999999999999999 0.69999999999999996
0.40000000000000002 0.20000000000000001 0.69999999999999996
0.5 0.20000000000000001 0.69999999999999996
0.40000000000000002 0.29999999999999999 0.69999999999999996
0.5 0.29999999999999999 0.69999999999999996
0.40000000000000002 0.20000000000000001 0.80000000000000004
0.5 0.20000000000000001 0.80000000000000004
0.40000000000000002 0.29999999999999999 0.80000000000000004
0.5 0.29999999999999999 0.80000000000000004
0.40000000000000002 0.29999999999999999 0.69999999999999996
0.5 0.29999999999999999 0.69999999999999996
0.40000000000000002 0.40000000000000002 0.69999999999999996
0.5 0.40000000000000002 0.69999999999999996
0.40000000000000002 0.29999999999999999 0.80000000000000004
0.5 0.29999999999999999 0.80000000000000004
0.40000000000000002 0.40000000000000002 0.80000000000000004
0.5 0.40000000000000002 0.80000000000000004
0.40000000000000002 0.29999999999999999 0.59999999999999998
0.5 0.29999999999999999 0.59999999999999998
0.40000000000000002 0.40000000000000002 0.59999999999999998
0.5 0.40000000000000002 0.59999999999999998
0.40000000000000002 0.29999999999999999 0.69999999999999996
0.5 0.29999999999999999 0.69999999999999996
0.40000000000000002 0.40000000000000002 0.69999999999999996
0.5 0.40000000000000002 0.69999999999999996
0.5 0.29999999999999999 0.59999999999999998
0.59999999999999998 0.29999999999999999 0.59999999999999998
0.5 0.40000000000000002 0.59999999999999998
0.59999999999999998 0.40000000000000002 0.59999999999999998
0.5 0.29999999999999999 0.69999999999999996
0.59999999999999998 0.29999999999999999 0.69999999999999996
0.5 0.40000000000000002 0.69999999999999996
0.59999999999999998 0.40000000000000002 0.69999999999999996
0.5 0.29999999999999999 0.69999999999999996
0.59999999999999998 0.29999999999999999 0.69999999999999996
0.5 0.40000000000000002 0.69999999999999996
0.59999999999999998 0.40000000000000002 0.69999999999999996
0.5 0.29999999999999999 0.80000000000000004
0.59999999999999998 0.29999999999999999 0.80000000000000004
0.5 0.40000000000000002 0.80000000000000004
0.59999999999999998 0.40000000000000002 0.80000000000000004
0.5 0.40000000000000002 0.69999999999999996
0.59999999999999998 0.40000000000000002 0.69999999999999996
0.5 0.5 0.69999999999999996
0.59999999999999998 0.5 0.69999999999999996
0.5 0.40000000000000002 0.80000000000000004
0.59999999999999998 0.40000000000000002 0.80000000000000004
0.5 0.5 0.80000000000000004
0.59999999999999998 0.5 0.80000000000000004
0.5 0.40000000000000002 0.59999999999999998
0.59999999999999998 0.40000000000000002 0.59999999999999998
0.5 0.5 0.59999999999999998
0.59999999999999998 0.5 0.59999999999999998
0.5 0.40000000000000002 0.69999999999999996
0.59999999999999998 0.40000000000000002 0.69999999999999996
0.5 0.5 0.69999999999999996
0.59999999999999998 0.5 0.69999999999999996
0.40000000000000002 0.40000000000000002 0.59999999999999998
0.5 0.40000000000000002 0.59999999999999998
0.40000000000000002 0.5 0.59999999999999998
0.5 0.5 0.59999999999999998
0.40000000000000002 0.40000000000000002 0.69999999999999996
0.5 0.40000000000000002 0.69999999999999996
0.40000000000000002 0.5 0.69999999999999996
0.5 0.5 0.69999999999999996
0.40000000000000002 0.40000000000000002 0.69999999999999996
0.5 0.40000000000000002 0.69999999999999996
0.40000000000000002 0.5 0.69999999999999996
0.5 0.5 0.69999999999999996
0.40000000000000002 0.40000000000000002 0.80000000000000004
0.5 0.40000000000000002 0.80000000000000004
0.40000000000000002 0.5 0.80000000000000004
0.5 0.5 0.80000000000000004
0.40000000000000002 0.5 0.69999999999999996
0.5 0.5 0.69999999999999996
0.40000000000000002 0.59999999999999998 0.69999999999999996
0.5 0.59999999999999998 0.69999999999999996
0.40000000000000002 0.5 0.80000000000000004
0.5 0.5 0.80000000000000004
0.40000000000000002 0.59999999999999998 0.80000000000000004
0.5 0.59999999999999998 0.80000000000000004
0.40000000000000002 0.5 0.59999999999999998
0.5 0.5 0.59999999999999998
0.40000000000000002 0.59999999999999998 0.59999999999999998
0.5 0.59999999999999998 0.59999999999999998
0.40000000000000002 0.5 0.69999999999999996
0.5 0.5 0.69999999999999996
0.40000000000000002 0.59999999999999998 0.69999999999999996
0.5 0.59999999999999998 0.69999999999999996
0.5 0.5 0.59999999999999998
0.59999999999999998 0.5 0.59999999999999998
0.5 0.59999999999999998 0.59999999999999998
0.59999999999999998 0.59999999999999998 0.59999999999999998
0.5 0.5 0.69999999999999996
0.59999999999999998 0.5 0.69999999999999996
0.5 0.59999999999999998 0.69999999999999996
0.59999999999999998 0.59999999999999998 0.69999999999999996
0.5 0.5 0.69999999999999996
0.59999999999999998 0.5 0.69999999999999996
0.5 0.59999999999999998 0.69999999999999996
0.59999999999999998 0.59999999999999998 0.69999999999999996
0.5 0.5 0.80000000000000004
0.59999999999999998 0.5 0.80000000000000004
0.5 0.59999999999999998 0.80000000000000004
0.59999999999999998 0.59999999999999998 0.80000000000000004
0.5 0.5 0.80000000000000004
0.59999999999999998 0.5 0.80000000000000004
0.5 0.59999999999999998 0.80000000000000004
0.59999999999999998 0.59999999999999998 0.80000000000000004
0.5 0.5 0.90000000000000002
0.59999999999999998 0.5 0.90000000000000002
0.5 0.59999999999999998 0.90000000000000002
0.59999999999999998 0.59999999999999998 0.90000000000000002
0.40000000000000002 0.5 0.80000000000000004
0.5 0.5 0.80000000000000004
0.40000000000000002 0.59999999999999998 0.80000000000000004
0.5 0.59999999999999998 0.80000000000000004
0.40000000000000002 0.5 0.90000000000000002
0.5 0.5 0.90000000000000002
0.40000000000000002 0.59999999999999998 0.90000000000000002
0.5 0.59999999999999998 0.90000000000000002
0.40000000000000002 0.40000000000000002 0.80000000000000004
0.5 0.40000000000000002 0.80000000000000004
0.40000000000000002 0.5 0.80000000000000004
0.5 0.5 0.80000000000000004
0.40000000000000002 0.40000000000000002 0.90000000000000002
0.5 0.40000000000000002 0.90000000000000002
0.40000000000000002 0.5 0.90000000000000002
0.5 0.5 0.90000000000000002
0.5 0.40000000000000002 0.80000000000000004
0.59999999999999998 0.40000000000000002 0.80000000000000004
0.5 0.5 0.80000000000000004
0.59999999999999998 0.5 0.80000000000000004
0.5 0.40000000000000002 0.90000000000000002
0.59999999999999998 0.40000000000000002 0.90000000000000002
0.5 0.5 0.90000000000000002
0.59999999999999998 0.5 0.90000000000000002
0.5 0.40000000000000002 0.90000000000000002
0.59999999999999998 0.40000000000000002 0.90000000000000002
0.5 0.5 0.90000000000000002
0.59999999999999998 0.5 0.90000000000000002
0.5 0.40000000000000002 1
0.59999999999999998 0.40000000000000002 1
0.5 0.5 1
0.59999999999999998 0.5 1
0.40000000000000002 0.40000000000000002 0.90000000000000002
0.5 0.40000000000000002 0.90000000000000002
0.40000000000000002 0.5 0.90000000000000002
0.5 0.5 0.90000000000000002
0.40000000000000002 0.40000000000000002 1
0.5 0.40000000000000002 1
0.40000000000000002 0.5 1
0.5 0.5 1
0.40000000000000002 0.5 0.90000000000000002
0.5 0.5 0.90000000000000002
0.40000000000000002 0.59999999999999998 0.90000000000000002
0.5 0.59999999999999998 0.90000000000000002
0.40000000000000002 0.5 1
0.5 0.5 1
0.40000000000000002 0.59999999999999998 1
0.5 0.59999999999999998 1
0.5 0.5 0.90000000000000002
0.59999999999999998 0.5 0.90000000000000002
0.5 0.59999999999999998 0.90000000000000002
0.59999999999999998 0.59999999999999998 0.90000000000000002
0.5 0.5 1
0.59999999999999998 0.5 1
0.5 0.59999999999999998 1
0.59999999999999998 0.59999999999999998 1
0.59999999999999998 0.5 0.90000000000000002
0.69999999999999996 0.5 0.90000000000000002
0.59999999999999998 0.59999999999999998 0.90000000000000002
0.69999999999999996 0.59999999999999998 0.90000000000000002
0.59999999999999998 0.5 1
0.69999999999999996 0.5 1
0.59999999999999998 0.59999999999999998 1
0.69999999999999996 0.59999999999999998 1
0.69999999999999996 0.5 0.90000000000000002
0.80000000000000004 0.5 0.90000000000000002
0.69999999999999996 0.59999999999999998 0.90000000000000002
0.80000000000000004 0.59999999999999998 0.90000000000000002
0.69999999999999996 0.5 1
0.80000000000000004 0.5 1
0.69999999999999996 0.59999999999999998 1
0.80000000000000004 0.59999999999999998 1
0.69999999999999996 0.40000000000000002 0.90000000000000002
0.80000000000000004 0.40000000000000002 0.90000000000000002
0.69999999999999996 0.5 0.90000000000000002
0.80000000000000004 0.5 0.90000000000000002
0.69999999999999996 0.40000000000000002 1
0.80000000000000004 0.40000000000000002 1
0.69999999999999996 0.5 1
0.80000000000000004 0.5 1
0.59999999999999998 0.40000000000000002 0.90000000000000002
0.69999999999999996 0.40000000000000002 0.90000000000000002
0.59999999999999998 0.5 0.90000000000000002
0.69999999999999996 0.5 0.90000000000000002
0.59999999999999998 0.40000000000000002 1
0.69999999999999996 0.40000000000000002 1
0.59999999999999998 0.5 1
0.69999999999999996 0.5 1
0.59999999999999998 0.40000000000000002 0.80000000000000004
0.69999999999999996 0.40000000000000002 0.80000000000000004
0.59999999999999998 0.5 0.80000000000000004
0.69999999999999996 0.5 0.80000000000000004
0.59999999999999998 0.40000000000000002 0.90000000000000002
0.69999999999999996 0.40000000000000002 0.90000000000000002
0.59999999999999998 0.5 0.90000000000000002
0.69999999999999996 0.5 0.90000000000000002
0.69999999999999996 0.40000000000000002 0.80000000000000004
0.80000000000000004 0.40000000000000002 0.80000000000000004
0.69999999999999996 0.5 0.80000000000000004
0.80000000000000004 0.5 0.80000000000000004
0.69999999999999996 0.40000000000000002 0.90000000000000002
0.80000000000000004 0.40000000000000002 0.90000000000000002
0.69999999999999996 0.5 0.90000000000000002
0.80000000000000004 0.5 0.90000000000000002
0.69999999999999996 0.5 0.80000000000000004
0.80000000000000004 0.5 0.80000000000000004
0.69999999999999996 0.59999999999999998 0.80000000000000004
0.80000000000000004 0.59999999999999998 0.80000000000000004
0.69999999999999996 0.5 0.90000000000000002
0.80000000000000004 0.5 0.90000000000000002
0.69999999999999996 0.59999999999999998 0.90000000000000002
0.80000000000000004 0.59999999999999998 0.90000000000000002
0.59999999999999998 0.5 0.80000000000000004
0.69999999999999996 0.5 0.80000000000000004
0.59999999999999998 0.59999999999999998 0.80000000000000004
0.69999999999999996 0.59999999999999998 0.80000000000000004
0.59999999999999998 0.5 0.90000000000000002
0.69999999999999996 0.5 0.90000000000000002
0.59999999999999998 0.59999999999999998 0.90000000000000002
0.69999999999999996 0.59999999999999998 0.90000000000000002
0.59999999999999998 0.5 0.69999999999999996
0.69999999999999996 0.5 0.69999999999999996
0.59999999999999998 0.59999999999999998 0.69999999999999996
0.69999999999999996 0.59999999999999998 0.69999999999999996
0.59999999999999998 0.5 0.80000000000000004
0.69999999999999996 0.5 0.80000000000000004
0.59999999999999998 0.59999999999999998 0.80000000000000004
0.69999999999999996 0.59999999999999998 0.80000000000000004
0.59999999999999998 0.5 0.59999999999999998
0.69999999999999996 0.5 0.59999999999999998
0.59999999999999998 0.59999999999999998 0.59999999999999998
0.69999999999999996 0.59999999999999998 0.59999999999999998
0.59999999999999998 0.5 0.69999999999999996
0.69999999999999996 0.5 0.69999999999999996
0.59999999999999998 0.59999999999999998 0.69999999999999996
0.69999999999999996 0.59999999999999998 0.69999999999999996
0.69999999999999996 0.5 0.59999999999999998
0.80000000000000004 0.5 0.59999999999999998
0.69999999999999996 0.59999999999999998 0.59999999999999998
0.80000000000000004 0.59999999999999998 0.59999999999999998
0.69999999999999996 0.5 0.69999999999999996
0.80000000000000004 0.5 0.69999999999999996
0.69999999999999996 0.59999999999999998 0.69999999999999996
0.80000000000000004 0.59999999999999998 0.69999999999999996
0.69999999999999996 0.5 0.69999999999999996
0.80000000000000004 0.5 0.69999999999999996
0.69999999999999996 0.59999999999999998 0.69999999999999996
0.80000000000000004 0.59999999999999998 0.69999999999999996
0.69999999999999996 0.5 0.80000000000000004
0.80000000000000004 0.5 0.80000000000000004
0.69999999999999996 0.59999999999999998 0.80000000000000004
0.80000000000000004 0.59999999999999998 0.80000000000000004
0.69999999999999996 0.40000000000000002 0.69999999999999996
0.80000000000000004 0.40000000000000002 0.69999999999999996
0.69999999999999996 0.5 0.69999999999999996
0.80000000000000004 0.5 0.69999999999999996
0.69999999999999996 0.40000000000000002 0.80000000000000004
0.80000000000000004 0.40000000000000002 0.80000000000000004
0.69999999999999996 0.5 0.80000000000000004
0.80000000000000004 0.5 0.80000000000000004
0.69999999999999996 0.40000000000000002 0.59999999999999998
0.80000000000000004 0.40000000000000002 0.59999999999999998
0.69999999999999996 0.5 0.59999999999999998
0.80000000000000004 0.5 0.59999999999999998
0.69999999999999996 0.40000000000000002 0.69999999999999996
0.80000000000000004 0.40000000000000002 0.69999999999999996
0.69999999999999996 0.5 0.69999999999999996
0.80000000000000004 0.5 0.69999999999999996
0.59999999999999998 0.40000000000000002 0.59999999999999998
0.69999999999999996 0.40000000000000002 0.59999999999999998
0.59999999999999998 0.5 0.59999999999999998
0.69999999999999996 0.5 0.59999999999999998
0.59999999999999998 0.40000000000000002 0.69999999999999996
0.69999999999999996 0.40000000000000002 0.69999999999999996
0.59999999999999998 0.5 0.69999999999999996
0.69999999999999996 0.5 0.69999999999999996
0.59999999999999998 0.40000000000000002 0.69999999999999996
0.69999999999999996 0.40000000000000002 0.69999999999999996
0.59999999999999998 0.5 0.69999999999999996
0.69999999999999996 0.5 0.69999999999999996
0.59999999999999998 0.40000000000000002 0.80000000000000004
0.69999999999999996 0.40000000000000002 0.80000000000000004
0.59999999999999998 0.5 0.80000000000000004
0.69999999999999996 0.5 0.80000000000000004
0.59999999999999998 0.29999999999999999 0.69999999999999996
0.69999999999999996 0.29999999999999999 0.69999999999999996
0.59999999999999998 0.40000000000000002 0.69999999999999996
0.69999999999999996 0.40000000000000002 0.69999999999999996
0.59999999999999998 0.29999999999999999 0.80000000000000004
0.69999999999999996 0.29999999999999999 0.80000000000000004
0.59999999999999998 0.40000000000000002 0.80000000000000004
0.69999999999999996 0.40000000000000002 0.80000000000000004
0.59999999999999998 0.29999999999999999 0.59999999999999998
0.69999999999999996 0.29999999999999999 0.59999999999999998
0.59999999999999998 0.40000000000000002 0.59999999999999998
0.69999999999999996 0.40000000000000002 0.59999999999999998
0.59999999999999998 0.29999999999999999 0.69999999999999996
0.69999999999999996 0.29999999999999999 0.69999999999999996
0.59999999999999998 0.40000000000000002 0.69999999999999996
0.69999999999999996 0.40000000000000002 0.69999999999999996
0.69999999999999996 0.29999999999999999 0.59999999999999998
0.80000000000000004 0.29999999999999999 0.59999999999999998
0.69999999999999996 0.40000000000000002 0.59999999999999998
0.80000000000000004 0.40000000000000002 0.59999999999999998
0.69999999999999996 0.29999999999999999 0.69999999999999996
0.80000000000000004 0.29999999999999999 0.69999999999999996
0.69999999999999996 0.40000000000000002 0.69999999999999996
0.80000000000000004 0.40000000000000002 0.69999999999999996
0.69999999999999996 0.29999999999999999 0.69999999999999996
0.80000000000000004 0.29999999999999999 0.69999999999999996
0.69999999999999996 0.40000000000000002 0.69999999999999996
0.80000000000000004 0.40000000000000002 0.69999999999999996
0.69999999999999996 0.29999999999999999 0.80000000000000004
0.80000000000000004 0.29999999999999999 0.80000000000000004
0.69999999999999996 0.40000000000000002 0.80000000000000004
0.80000000000000004 0.40000000000000002 0.80000000000000004
0.69999999999999996 0.20000000000000001 0.69999999999999996
0.80000000000000004 0.20000000000000001 0.69999999999999996
0.69999999999999996 0.29999999999999999 0.69999999999999996
0.80000000000000004 0.29999999999999999 0.69999999999999996
0.69999999999999996 0.20000000000000001 0.80000000000000004
0.80000000000000004 0.20000000000000001 0.80000000000000004
0.69999999999999996 0.29999999999999999 0.80000000000000004
0.80000000000000004 0.29999999999999999 0.80000000000000004
0.69999999999999996 0.20000000000000001 0.59999999999999998
0.80000000000000004 0.20000000000000001 0.59999999999999998
0.69999999999999996 0.29999999999999999 0.59999999999999998
0.80000000000000004 0.29999999999999999 0.59999999999999998
0.69999999999999996 0.20000000000000001 0.69999999999999996
0.80000000000000004 0.20000000000000001 0.69999999999999996
0.69999999999999996 0.29999999999999999 0.69999999999999996
0.80000000000000004 0.29999999999999999 0.69999999999999996
0.59999999999999998 0.20000000000000001 0.59999999999999998
0.69999999999999996 0.20000000000000001 0.59999999999999998
0.59999999999999998 0.29999999999999999 0.59999999999999998
0.69999999999999996 0.29999999999999999 0.59999999999999998
0.59999999999999998 0.20000000000000001 0.69999999999999996
0.69999999999999996 0.20000000000000001 0.69999999999999996
0.59999999999999998 0.29999999999999999 0.69999999999999996
0.69999999999999996 0.29999999999999999 0.69999999999999996
0.59999999999999998 0.20000000000000001 0.69999999999999996
0.69999999999999996 0.20000000000000001 0.69999999999999996
0.59999999999999998 0.29999999999999999 0.69999999999999996
0.69999999999999996 0.29999999999999999 0.69999999999999996
0.59999999999999998 0.20000000000000001 0.80000000000000004
0.69999999999999996 0.20000000000000001 0.80000000000000004
0.59999999999999998 0.29999999999999999 0.80000000000000004
0.69999999999999996 0.29999999999999999 0.80000000000000004
0.59999999999999998 0.20000000000000001 0.80000000000000004
0.69999999999999996 0.20000000000000001 0.80000000000000004
0.59999999999999998 0.29999999999999999 0.80000000000000004
0.69999999999999996 0.29999999999999999 0.80000000000000004
0.59999999999999998 0.20000000000000001 0.90000000000000002
0.69999999999999996 0.20000000000000001 0.90000000000000002
0.59999999999999998 0.29999999999999999 0.90000000000000002
0.69999999999999996 0.29999999999999999 0.90000000000000002
0.69999999999999996 0.20000000000000001 0.80000000000000004
0.80000000000000004 0.20000000000000001 0.80000000000000004
0.69999999999999996 0.29999999999999999 0.80000000000000004
0.80000000000000004 0.29999999999999999 0.80000000000000004
0.69999999999999996 0.20000000000000001 0.90000000000000002
0.80000000000000004 0.20000000000000001 0.90000000000000002
0.69999999999999996 0.29999999999999999 0.90000000000000002
0.80000000000000004 0.29999999999999999 0.90000000000000002
0.69999999999999996 0.29999999999999999 0.80000000000000004
0.80000000000000004 0.29999999999999999 0.80000000000000004
0.69999999999999996 0.40000000000000002 0.80000000000000004
0.80000000000000004 0.40000000000000002 0.80000000000000004
0.69999999999999996 0.29999999999999999 0.90000000000000002
0.80000000000000004 0.29999999999999999 0.90000000000000002
0.69999999999999996 0.40000000000000002 0.90000000000000002
0.80000000000000004 0.40000000000000002 0.90000000000000002
0.59999999999999998 0.29999999999999999 0.80000000000000004
0.69999999999999996 0.29999999999999999 0.80000000000000004
0.59999999999999998 0.40000000000000002 0.80000000000000004
0.69999999999999996 0.40000000000000002 0.80000000000000004
0.59999999999999998 0.29999999999999999 0.90000000000000002
0.69999999999999996 0.29999999999999999 0.90000000000000002
0.59999999999999998 0.40000000000000002 0.90000000000000002
0.69999999999999996 0.40000000000000002 0.90000000000000002
0.59999999999999998 0.29999999999999999 0.90000000000000002
0.69999999999999996 0.29999999999999999 0.90000000000000002
0.59999999999999998 0.40000000000000002 0.90000000000000002
0.69999999999999996 0.40000000000000002 0.90000000000000002
0.59999999999999998 0.29999999999999999 1
0.69999999999999996 0.29999999999999999 1
0.59999999999999998 0.40000000000000002 1
0.69999999999999996 0.40000000000000002 1
0.69999999999999996 0.29999999999999999 0.90000000000000002
0.80000000000000004 0.29999999999999999 0.90000000000000002
0.69999999999999996 0.40000000000000002 0.90000000000000002
0.80000000000000004 0.40000000000000002 0.90000000000000002
0.69999999999999996 0.29999999999999999 1
0.80000000000000004 0.29999999999999999 1
0.69999999999999996 0.40000000000000002 1
0.80000000000000004 0.40000000000000002 1
0.69999999999999996 0.20000000000000001 0.90000000000000002
0.80000000000000004 0.20000000000000001 0.90000000000000002
0.69999999999999996 0.29999999999999999 0.90000000000000002
0.80000000000000004 0.29999999999999999 0.90000000000000002
0.69999999999999996 0.20000000000000001 1
0.80000000000000004 0.20000000000000001 1
0.69999999999999996 0.29999999999999999 1
0.80000000000000004 0.29999999999999999 1
0.59999999999999998 0.20000000000000001 0.90000000000000002
0.69999999999999996 0.20000000000000001 0.90000000000000002
0.59999999999999998 0.29999999999999999 0.90000000000000002
0.69999999999999996 0.29999999999999999 0.90000000000000002
0.59999999999999998 0.20000000000000001 1
0.69999999999999996 0.20000000000000001 1
0.59999999999999998 0.29999999999999999 1
0.69999999999999996 0.29999999999999999 1
0.59999999999999998 0.10000000000000001 0.90000000000000002
0.69999999999999996 0.10000000000000001 0.90000000000000002
0.59999999999999998 0.20000000000000001 0.90000000000000002
0.69999999999999996 0.20000000000000001 0.90000000000000002
0.59999999999999998 0.10000000000000001 1
0.69999999999999996 0.10000000000000001 1
0.59999999999999998 0.20000000000000001 1
0.69999999999999996 0.20000000000000001 1
0.69999999999999996 0.10000000000000001 0.90000000000000002
0.80000000000000004 0.10000000000000001 0.90000000000000002
0.69999999999999996 0.20000000000000001 0.90000000000000002
0.80000000000000004 0.20000000000000001 0.90000000000000002
0.69999999999999996 0.10000000000000001 1
0.80000000000000004 0.10000000000000001 1
0.69999999999999996 0.20000000000000001 1
0.80000000000000004 0.20000000000000001 1
0.69999999999999996 0 0.90000000000000002
0.80000000000000004 0 0.90000000000000002
0.69999999999999996 0.10000000000000001 0.90000000000000002
0.80000000000000004 0.10000000000000001 0.90000000000000002
0.69999999999999996 0 1
0.80000000000000004 0 1
0.69999999999999996 0.10000000000000001 1
0.80000000000000004 0.10000000000000001 1
0.59999999999999998 0 0.90000000000000002
0.69999999999999996 0 0.90000000000000002
0.59999999999999998 0.10000000000000001 0.90000000000000002
0.69999999999999996 0.10000000000000001 0.90000000000000002
0.59999999999999998 0 1
0.69999999999999996 0 1
0.59999999999999998 0.10000000000000001 1
0.69999999999999996 0.10000000000000001 1
0.59999999999999998 0 0.80000000000000004
0.69999999999999996 0 0.80000000000000004
0.59999999999999998 0.10000000000000001 0.80000000000000004
0.69999999999999996 0.10000000000000001 0.80000000000000004
0.59999999999999998 0 0.90000000000000002
0.69999999999999996 0 0.90000000000000002
0.59999999999999998 0.10000000000000001 0.90000000000000002
0.69999999999999996 0.10000000000000001 0.90000000000000002
0.69999999999999996 0 0.80000000000000004
0.80000000000000004 0 0.80000000000000004
0.69999999999999996 0.10000000000000001 0.80000000000000004
0.80000000000000004 0.10000000000000001 0.80000000000000004
0.69999999999999996 0 0.90000000000000002
0.80000000000000004 0 0.90000000000000002
0.69999999999999996 0.10000000000000001 0.90000000000000002
0.80000000000000004 0.10000000000000001 0.90000000000000002
0.69999999999999996 0.10000000000000001 0.80000000000000004
0.80000000000000004 0.10000000000000001 0.80000000000000004
0.69999999999999996 0.20000000000000001 0.80000000000000004
0.80000000000000004 0.20000000000000001 0.80000000000000004
0.69999999999999996 0.10000000000000001 0.90000000000000002
0.80000000000000004 0.10000000000000001 0.90000000000000002
0.69999999999999996 0.20000000000000001 0.90000000000000002
0.80000000000000004 0.20000000000000001 0.90000000000000002
0.59999999999999998 0.10000000000000001 0.80000000000000004
0.69999999999999996 0.10000000000000001 0.80000000000000004
0.59999999999999998 0.20000000000000001 0.80000000000000004
0.69999999999999996 0.20000000000000001 0.80000000000000004
0.59999999999999998 0.10000000000000001 0.90000000000000002
0.69999999999999996 0.10000000000000001 0.90000000000000002
0.59999999999999998 0.20000000000000001 0.90000000000000002
0.69999999999999996 0.20000000000000001 0.90000000000000002
0.59999999999999998 0.10000000000000001 0.69999999999999996
0.69999999999999996 0.10000000000000001 0.69999999999999996
0.59999999999999998 0.20000000000000001 0.69999999999999996
0.69999999999999996 0.20000000000000001 0.69999999999999996
0.59999999999999998 0.10000000000000001 0.80000000000000004
0.69999999999999996 0.10000000000000001 0.80000000000000004
0.59999999999999998 0.20000000000000001 0.80000000000000004
0.69999999999999996 0.20000000000000001 0.80000000000000004
0.59999999999999998 0 0.69999999999999996
0.69999999999999996 0 0.69999999999999996
0.59999999999999998 0.10000000000000001 0.69999999999999996
0.69999999999999996 0.10000000000000001 0.69999999999999996
0.59999999999999998 0 0.80000000000000004
0.69999999999999996 0 0.80000000000000004
0.59999999999999998 0.10000000000000001 0.80000000000000004
0.69999999999999996 0.10000000000000001 0.80000000000000004
0.59999999999999998 0 0.59999999999999998
0.69999999999999996 0 0.59999999999999998
0.59999999999999998 0.10000000000000001 0.59999999999999998
0.69999999999999996 0.10000000000000001 0.59999999999999998
0.59999999999999998 0 0.69999999999999996
0.69999999999999996 0 0.69999999999999996
0.59999999999999998 0.10000000000000001 0.69999999999999996
0.69999999999999996 0.10000000000000001 0.69999999999999996
0.59999999999999998 0.10000000000000001 0.59999999999999998
0.69999999999999996 0.10000000000000001 0.59999999999999998
0.59999999999999998 0.20000000000000001 0.59999999999999998
0.69999999999999996 0.20000000000000001 0.59999999999999998
0.59999999999999998 0.10000000000000001 0.69999999999999996
0.69999999999999996 0.10000000000000001 0.69999999999999996
0.59999999999999998 0.20000000000000001 0.69999999999999996
0.69999999999999996 0.20000000000000001 0.69999999999999996
0.69999999999999996 0.10000000000000001 0.59999999999999998
0.80000000000000004 0.10000000000000001 0.59999999999999998
0.69999999999999996 0.20000000000000001 0.59999999999999998
0.80000000000000004 0.20000000000000001 0.59999999999999998
0.69999999999999996 0.10000000000000001 0.69999999999999996
0.80000000000000004 0.10000000000000001 0.69999999999999996
0.69999999999999996 0.20000000000000001 0.69999999999999996
0.80000000000000004 0.20000000000000001 0.69999999999999996
0.69999999999999996 0 0.59999999999999998
0.80000000000000004 0 0.59999999999999998
0.69999999999999996 0.10000000000000001 0.59999999999999998
0.80000000000000004 0.10000000000000001 0.59999999999999998
0.69999999999999996 0 0.69999999999999996
0.80000000000000004 0 0.69999999999999996
0.69999999999999996 0.10000000000000001 0.69999999999999996
0.80000000000000004 0.10000000000000001 0.69999999999999996
0.69999999999999996 0 0.69999999999999996
0.80000000000000004 0 0.69999999999999996
0.69999999999999996 0.10000000000000001 0.69999999999999996
0.80000000000000004 0.10000000000000001 0.69999999999999996
0.69999999999999996 0 0.80000000000000004
0.80000000000000004 0 0.80000000000000004
0.69999999999999996 0.10000000000000001 0.80000000000000004
0.80000000000000004 0.10000000000000001 0.80000000000000004
0.69999999999999996 0.10000000000000001 0.69999999999999996
0.80000000000000004 0.10000000000000001 0.69999999999999996
0.69999999999999996 0.20000000000000001 0.69999999999999996
0.80000000000000004 0.20000000000000001 0.69999999999999996
0.69999999999999996 0.10000000000000001 0.80000000000000004
0.80000000000000004 0.10000000000000001 0.80000000000000004
0.69999999999999996 0.20000000000000001 0.80000000000000004
0.80000000000000004 0.20000000000000001 0.80000000000000004
0.80000000000000004 0.10000000000000001 0.69999999999999996
0.90000000000000002 0.10000000000000001 0.69999999999999996
0.80000000000000004 0.20000000000000001 0.69999999999999996
0.90000000000000002 0.20000000000000001 0.69999999999999996
0.80000000000000004 0.10000000000000001 0.80000000000000004
0.90000000000000002 0.10000000000000001 0.80000000000000004
0.80000000000000004 0.20000000000000001 0.80000000000000004
0.90000000000000002 0.20000000000000001 0.80000000000000004
0.80000000000000004 0 0.69999999999999996
0.90000000000000002 0 0.69999999999999996
0.80000000000000004 0.10000000000000001 0.69999999999999996
0.90000000000000002 0.10000000000000001 0.69999999999999996
0.80000000000000004 0 0.80000000000000004
0.90000000000000002 0 0.80000000000000004
0.80000000000000004 0.10000000000000001 0.80000000000000004
0.90000000000000002 0.10000000000000001 0.80000000000000004
0.80000000000000004 0 0.59999999999999998
0.90000000000000002 0 0.59999999999999998
0.80000000000000004 0.10000000000000001 0.59999999999999998
0.90000000000000002 0.10000000000000001 0.59999999999999998
0.80000000000000004 0 0.69999999999999996
0.90000000000000002 0 0.69999999999999996
0.80000000000000004 0.10000000000000001 0.69999999999999996
0.90000000000000002 0.10000000000000001 0.69999999999999996
0.80000000000000004 0.10000000000000001 0.59999999999999998
0.90000000000000002 0.10000000000000001 0.59999999999999998
0.80000000000000004 0.20000000000000001 0.59999999999999998
0.90000000000000002 0.20000000000000001 0.59999999999999998
0.80000000000000004 0.10000000000000001 0.69999999999999996
0.90000000000000002 0.10000000000000001 0.69999999999999996
0.80000000000000004 0.20000000000000001 0.69999999999999996
0.90000000000000002 0.20000000000000001 0.69999999999999996
0.90000000000000002 0.10000000000000001 0.59999999999999998
1 0.10000000000000001 0.59999999999999998
0.90000000000000002 0.20000000000000001 0.59999999999999998
1 0.20000000000000001 0.59999999999999998
0.90000000000000002 0.10000000000000001 0.69999999999999996
1 0.10000000000000001 0.69999999999999996
0.90000000000000002 0.20000000000000001 0.69999999999999996
1 0.20000000000000001 0.69999999999999996
0.90000000000000002 0 0.59999999999999998
1 0 0.59999999999999998
0.90000000000000002 0.10000000000000001 0.59999999999999998
1 0.10000000000000001 0.59999999999999998
0.90000000000000002 0 0.69999999999999996
1 0 0.69999999999999996
0.90000000000000002 0.10000000000000001 0.69999999999999996
1 0.10000000000000001 0.69999999999999996
0.90000000000000002 0 0.69999999999999996
1 0 0.69999999999999996
0.90000000000000002 0.10000000000000001 0.69999999999999996
1 0.10000000000000001 0.69999999999999996
0.90000000000000002 0 0.80000000000000004
1 0 0.80000000000000004
0.90000000000000002 0.10000000000000001 0.80000000000000004
1 0.10000000000000001 0.80000000000000004
0.90000000000000002 0.10000000000000001 0.69999999999999996
1 0.10000000000000001 0.69999999999999996
0.90000000000000002 0.20000000000000001 0.69999999999999996
1 0.20000000000000001 0.69999999999999996
0.90000000000000002 0.10000000000000001 0.80000000000000004
1 0.10000000000000001 0.80000000000000004
0.90000000000000002 0.20000000000000001 0.80000000000000004
1 0.20000000000000001 0.80000000000000004
0.90000000000000002 0.10000000000000001 0.80000000000000004
1 0.10000000000000001 0.80000000000000004
0.90000000000000002 0.20000000000000001 0.80000000000000004
1 0.20000000000000001 0.80000000000000004
0.90000000000000002 0.10000000000000001 0.90000000000000002
1 0.10000000000000001 0.90000000000000002
0.90000000000000002 0.20000000000000001 0.90000000000000002
1 0.20000000000000001 0.90000000000000002
0.80000000000000004 0.10000000000000001 0.80000000000000004
0.90000000000000002 0.10000000000000001 0.80000000000000004
0.80000000000000004 0.20000000000000001 0.80000000000000004
0.90000000000000002 0.20000000000000001 0.80000000000000004
0.80000000000000004 0.10000000000000001 0.90000000000000002
0.90000000000000002 0.10000000000000001 0.90000000000000002
0.80000000000000004 0.20000000000000001 0.90000000000000002
0.90000000000000002 0.20000000000000001 0.90000000000000002
0.80000000000000004 0 0.80000000000000004
0.90000000000000002 0 0.80000000000000004
0.80000000000000004 0.10000000000000001 0.80000000000000004
0.90000000000000002 0.10000000000000001 0.80000000000000004
0.80000000000000004 0 0.90000000000000002
0.90000000000000002 0 0.90000000000000002
0.80000000000000004 0.10000000000000001 0.90000000000000002
0.90000000000000002 0.10000000000000001 0.90000000000000002
0.90000000000000002 0 0.80000000000000004
1 0 0.80000000000000004
0.90000000000000002 0.10000000000000001 0.80000000000000004
1 0.10000000000000001 0.80000000000000004
0.90000000000000002 0 0.90000000000000002
1 0 0.90000000000000002
0.90000000000000002 0.10000000000000001 0.90000000000000002
1 0.10000000000000001 0.90000000000000002
0.90000000000000002 0 0.90000000000000002
1 0 0.90000000000000002
0.90000000000000002 0.10000000000000001 0.90000000000000002
1 0.10000000000000001 0.90000000000000002
0.90000000000000002 0 1
1 0 1
0.90000000000000002 0.10000000000000001 1
1 0.10000000000000001 1
0.80000000000000004 0 0.90000000000000002
0.90000000000000002 0 0.90000000000000002
0.80000000000000004 0.10000000000000001 0.90000000000000002
0.90000000000000002 0.10000000000000001 0.90000000000000002
0.80000000000000004 0 1
0.90000000000000002 0 1
0.80000000000000004 0.10000000000000001 1
0.90000000000000002 0.10000000000000001 1
0.80000000000000004 0.10000000000000001 0.90000000000000002
0.90000000000000002 0.10000000000000001 0.90000000000000002
0.80000000000000004 0.20000000000000001 0.90000000000000002
0.90000000000000002 0.20000000000000001 0.90000000000000002
0.80000000000000004 0.10000000000000001 1
0.90000000000000002 0.10000000000000001 1
0.80000000000000004 0.20000000000000001 1
0.90000000000000002 0.20000000000000001 1
0.90000000000000002 0.10000000000000001 0.90000000000000002
1 0.10000000000000001 0.90000000000000002
0.90000000000000002 0.20000000000000001 0.90000000000000002
1 0.20000000000000001 0.90000000000000002
0.90000000000000002 0.10000000000000001 1
1 0.10000000000000001 1
0.90000000000000002 0.20000000000000001 1
1 0.20000000000000001 1
0.90000000000000002 0.20000000000000001 0.90000000000000002
1 0.20000000000000001 0.90000000000000002
0.90000000000000002 0.29999999999999999 0.90000000000000002
1 0.29999999999999999 0.90000000000000002
0.90000000000000002 0.20000000000000001 1
1 0.20000000000000001 1
0.90000000000000002 0.29999999999999999 1
1 0.29999999999999999 1
0.80000000000000004 0.20000000000000001 0.90000000000000002
0.90000000000000002 0.20000000000000001 0.90000000000000002
0.80000000000000004 0.29999999999999999 0.90000000000000002
0.90000000000000002 0.29999999999999999 0.90000000000000002
0.80000000000000004 0.20000000000000001 1
0.90000000000000002 0.20000000000000001 1
0.80000000000000004 0.29999999999999999 1
0.90000000000000002 0.29999999999999999 1
0.80000000000000004 0.29999999999999999 0.90000000000000002
0.90000000000000002 0.29999999999999999 0.90000000000000002
0.80000000000000004 0.40000000000000002 0.90000000000000002
0.90000000000000002 0.40000000000000002 0.90000000000000002
0.80000000000000004 0.29999999999999999 1
0.90000000000000002 0.29999999999999999 1
0.80000000000000004 0.40000000000000002 1
0.90000000000000002 0.40000000000000002 1
0.90000000000000002 0.29999999999999999 0.90000000000000002
1 0.29999999999999999 0.90000000000000002
0.90000000000000002 0.40000000000000002 0.90000000000000002
1 0.40000000000000002 0.90000000000000002
0.90000000000000002 0.29999999999999999 1
1 0.29999999999999999 1
0.90000000000000002 0.40000000000000002 1
1 0.40000000000000002 1
0.90000000000000002 0.29999999999999999 0.80000000000000004
1 0.29999999999999999 0.80000000000000004
0.90000000000000002 0.40000000000000002 0.80000000000000004
1 0.40000000000000002 0.80000000000000004
0.90000000000000002 0.29999999999999999 0.90000000000000002
1 0.29999999999999999 0.90000000000000002
0.90000000000000002 0.40000000000000002 0.90000000000000002
1 0.40000000000000002 0.90000000000000002
0.80000000000000004 0.29999999999999999 0.80000000000000004
0.90000000000000002 0.29999999999999999 0.80000000000000004
0.80000000000000004 0.40000000000000002 0.80000000000000004
0.90000000000000002 0.40000000000000002 0.80000000000000004
0.80000000000000004 0.29999999999999999 0.90000000000000002
0.90000000000000002 0.29999999999999999 0.90000000000000002
0.80000000000000004 0.40000000000000002 0.90000000000000002
0.90000000000000002 0.40000000000000002 0.90000000000000002
0.80000000000000004 0.20000000000000001 0.80000000000000004
0.90000000000000002 0.20000000000000001 0.80000000000000004
0.80000000000000004 0.29999999999999999 0.80000000000000004
0.90000000000000002 0.29999999999999999 0.80000000000000004
0.80000000000000004 0.20000000000000001 0.90000000000000002
0.90000000000000002 0.20000000000000001 0.90000000000000002
0.80000000000000004 0.29999999999999999 0.90000000000000002
0.90000000000000002 0.29999999999999999 0.90000000000000002
0.90000000000000002 0.20000000000000001 0.80000000000000004
1 0.20000000000000001 0.80000000000000004
0.90000000000000002 0.29999999999999999 0.80000000000000004
1 0.29999999999999999 0.80000000000000004
0.90000000000000002 0.20000000000000001 0.90000000000000002
1 0.20000000000000001 0.90000000000000002
0.90000000000000002 0.29999999999999999 0.90000000000000002
1 0.29999999999999999 0.90000000000000002
0.90000000000000002 0.20000000000000001 0.69999999999999996
1 0.20000000000000001 0.69999999999999996
0.90000000000000002 0.29999999999999999 0.69999999999999996
1 0.29999999999999999 0.69999999999999996
0.90000000000000002 0.20000000000000001 0.80000000000000004
1 0.20000000000000001 0.80000000000000004
0.90000000000000002 0.29999999999999999 0.80000000000000004
1 0.29999999999999999 0.80000000000000004
0.90000000000000002 0.20000000000000001 0.59999999999999998
1 0.20000000000000001 0.59999999999999998
0.90000000000000002 0.29999999999999999 0.59999999999999998
1 0.29999999999999999 0.59999999999999998
0.90000000000000002 0.20000000000000001 0.69999999999999996
1 0.20000000000000001 0.69999999999999996
0.90000000000000002 0.29999999999999999 0.69999999999999996
1 0.29999999999999999 0.69999999999999996
0.80000000000000004 0.20000000000000001 0.59999999999999998
0.90000000000000002 0.20000000000000001 0.59999999999999998
0.80000000000000004 0.29999999999999999 0.59999999999999998
0.90000000000000002 0.29999999999999999 0.59999999999999998
0.80000000000000004 0.20000000000000001 0.69999999999999996
0.90000000000000002 0.20000000000000001 0.69999999999999996
0.80000000000000004 0.29999999999999999 0.69999999999999996
0.90000000000000002 0.29999999999999999 0.69999999999999996
0.80000000000000004 0.20000000000000001 0.69999999999999996
0.90000000000000002 0.20000000000000001 0.69999999999999996
0.80000000000000004 0.29999999999999999 0.69999999999999996
0.90000000000000002 0.29999999999999999 0.69999999999999996
0.80000000000000004 0.20000000000000001 0.80000000000000004
0.90000000000000002 0.20000000000000001 0.80000000000000004
0.80000000000000004 0.29999999999999999 0.80000000000000004
0.90000000000000002 0.29999999999999999 0.80000000000000004
0.80000000000000004 0.29999999999999999 0.69999999999999996
0.90000000000000002 0.29999999999999999 0.69999999999999996
0.80000000000000004 0.40000000000000002 0.69999999999999996
0.90000000000000002 0.40000000000000002 0.69999999999999996
0.80000000000000004 0.29999999999999999 0.80000000000000004
0.90000000000000002 0.29999999999999999 0.80000000000000004
0.80000000000000004 0.40000000000000002 0.80000000000000004
0.90000000000000002 0.40000000000000002 0.80000000000000004
0.80000000000000004 0.29999999999999999 0.59999999999999998
0.90000000000000002 0.29999999999999999 0.59999999999999998
0.80000000000000004 0.40000000000000002 0.59999999999999998
0.90000000000000002 0.40000000000000002 0.59999999999999998
0.80000000000000004 0.29999999999999999 0.69999999999999996
0.90000000000000002 0.29999999999999999 0.69999999999999996
0.80000000000000004 0.40000000000000002 0.69999999999999996
0.90000000000000002 0.40000000000000002 0.69999999999999996
0.90000000000000002 0.29999999999999999 0.59999999999999998
1 0.29999999999999999 0.59999999999999998
0.90000000000000002 0.40000000000000002 0.59999999999999998
1 0.40000000000000002 0.59999999999999998
0.90000000000000002 0.29999999999999999 0.69999999999999996
1 0.29999999999999999 0.69999999999999996
0.90000000000000002 0.40000000000000002 0.69999999999999996
1 0.40000000000000002 0.69999999999999996
0.90000000000000002 0.29999999999999999 0.69999999999999996
1 0.29999999999999999 0.69999999999999996
0.90000000000000002 0.40000000000000002 0.69999999999999996
1 0.40000000000000002 0.69999999999999996
0.90000000000000002 0.29999999999999999 0.80000000000000004
1 0.29999999999999999 0.80000000000000004
0.90000000000000002 0.40000000000000002 0.80000000000000004
1 0.40000000000000002 0.80000000000000004
0.90000000000000002 0.40000000000000002 0.69999999999999996
1 0.40000000000000002 0.69999999999999996
0.90000000000000002 0.5 0.69999999999999996
1 0.5 0.69999999999999996
0.90000000000000002 0.40000000000000002 0.80000000000000004
1 0.40000000000000002 0.80000000000000004
0.90000000000000002 0.5 0.80000000000000004
1 0.5 0.80000000000000004
0.90000000000000002 0.40000000000000002 0.59999999999999998
1 0.40000000000000002 0.59999999999999998
0.90000000000000002 0.5 0.59999999999999998
1 0.5 0.59999999999999998
0.90000000000000002 0.40000000000000002 0.69999999999999996
1 0.40000000000000002 0.69999999999999996
0.90000000000000002 0.5 0.69999999999999996
1 0.5 0.69999999999999996
0.80000000000000004 0.40000000000000002 0.59999999999999998
0.90000000000000002 0.40000000000000002 0.59999999999999998
0.80000000000000004 0.5 0.59999999999999998
0.90000000000000002 0.5 0.59999999999999998
0.80000000000000004 0.40000000000000002 0.69999999999999996
0.90000000000000002 0.40000000000000002 0.69999999999999996
0.80000000000000004 0.5 0.69999999999999996
0.90000000000000002 0.5 0.69999999999999996
0.80000000000000004 0.40000000000000002 0.69999999999999996
0.90000000000000002 0.40000000000000002 0.69999999999999996
0.80000000000000004 0.5 0.69999999999999996
0.90000000000000002 0.5 0.69999999999999996
0.80000000000000004 0.40000000000000002 0.80000000000000004
0.90000000000000002 0.40000000000000002 0.80000000000000004
0.80000000000000004 0.5 0.80000000000000004
0.90000000000000002 0.5 0.80000000000000004
0.80000000000000004 0.5 0.69999999999999996
0.90000000000000002 0.5 0.69999999999999996
0.80000000000000004 0.59999999999999998 0.69999999999999996
0.90000000000000002 0.59999999999999998 0.69999999999999996
0.80000000000000004 0.5 0.80000000000000004
0.90000000000000002 0.5 0.80000000000000004
0.80000000000000004 0.59999999999999998 0.80000000000000004
0.90000000000000002 0.59999999999999998 0.80000000000000004
0.80000000000000004 0.5 0.59999999999999998
0.90000000000000002 0.5 0.59999999999999998
0.80000000000000004 0.59999999999999998 0.59999999999999998
0.90000000000000002 0.59999999999999998 0.59999999999999998
0.80000000000000004 0.5 0.69999999999999996
0.90000000000000002 0.5 0.69999999999999996
0.80000000000000004 0.59999999999999998 0.69999999999999996
0.90000000000000002 0.59999999999999998 0.69999999999999996
0.90000000000000002 0.5 0.59999999999999998
1 0.5 0.59999999999999998
0.90000000000000002 0.59999999999999998 0.59999999999999998
1 0.59999999999999998 0.59999999999999998
0.90000000000000002 0.5 0.69999999999999996
1 0.5 0.69999999999999996
0.90000000000000002 0.59999999999999998 0.69999999999999996
1 0.59999999999999998 0.69999999999999996
0.90000000000000002 0.5 0.69999999999999996
1 0.5 0.69999999999999996
0.90000000000000002 0.59999999999999998 0.69999999999999996
1 0.59999999999999998 0.69999999999999996
0.90000000000000002 0.5 0.80000000000000004
1 0.5 0.80000000000000004
0.90000000000000002 0.59999999999999998 0.80000000000000004
1 0.59999999999999998 0.80000000000000004
0.90000000000000002 0.5 0.80000000000000004
1 0.5 0.80000000000000004
0.90000000000000002 0.59999999999999998 0.80000000000000004
1 0.59999999999999998 0.80000000000000004
0.90000000000000002 0.5 0.90000000000000002
1 0.5 0.90000000000000002
0.90000000000000002 0.59999999999999998 0.90000000000000002
1 0.59999999999999998 0.90000000000000002
0.80000000000000004 0.5 0.80000000000000004
0.90000000000000002 0.5 0.80000000000000004
0.80000000000000004 0.59999999999999998 0.80000000000000004
0.90000000000000002 0.59999999999999998 0.80000000000000004
0.80000000000000004 0.5 0.90000000000000002
0.90000000000000002 0.5 0.90000000000000002
0.80000000000000004 0.59999999999999998 0.90000000000000002
0.90000000000000002 0.59999999999999998 0.90000000000000002
0.80000000000000004 0.40000000000000002 0.80000000000000004
0.90000000000000002 0.40000000000000002 0.80000000000000004
0.80000000000000004 0.5 0.80000000000000004
0.90000000000000002 0.5 0.80000000000000004
0.80000000000000004 0.40000000000000002 0.90000000000000002
0.90000000000000002 0.40000000000000002 0.90000000000000002
0.80000000000000004 0.5 0.90000000000000002
0.90000000000000002 0.5 0.90000000000000002
0.90000000000000002 0.40000000000000002 0.80000000000000004
1 0.40000000000000002 0.80000000000000004
0.90000000000000002 0.5 0.80000000000000004
1 0.5 0.80000000000000004
0.90000000000000002 0.40000000000000002 0.90000000000000002
1 0.40000000000000002 0.90000000000000002
0.90000000000000002 0.5 0.90000000000000002
1 0.5 0.90000000000000002
0.90000000000000002 0.40000000000000002 0.90000000000000002
1 0.40000000000000002 0.90000000000000002
0.90000000000000002 0.5 0.90000000000000002
1 0.5 0.90000000000000002
0.90000000000000002 0.40000000000000002 1
1 0.40000000000000002 1
0.90000000000000002 0.5 1
1 0.5 1
0.80000000000000004 0.40000000000000002 0.90000000000000002
0.90000000000000002 0.40000000000000002 0.90000000000000002
0.80000000000000004 0.5 0.90000000000000002
0.90000000000000002 0.5 0.90000000000000002
0.80000000000000004 0.40000000000000002 1
0.90000000000000002 0.40000000000000002 1
0.80000000000000004 0.5 1
0.90000000000000002 0.5 1
0.80000000000000004 0.5 0.90000000000000002
0.90000000000000002 0.5 0.90000000000000002
0.80000000000000004 0.59999999999999998 0.90000000000000002
0.90000000000000002 0.59999999999999998 0.90000000000000002
0.80000000000000004 0.5 1
0.90000000000000002 0.5 1
0.80000000000000004 0.59999999999999998 1
0.90000000000000002 0.59999999999999998 1
0.90000000000000002 0.5 0.90000000000000002
1 0.5 0.90000000000000002
0.90000000000000002 0.59999999999999998 0.90000000000000002
1 0.59999999999999998 0.90000000000000002
0.90000000000000002 0.5 1
1 0.5 1
0.90000000000000002 0.59999999999999998 1
1 0.59999999999999998 1
0.90000000000000002 0.59999999999999998 0.90000000000000002
1 0.59999999999999998 0.90000000000000002
0.90000000000000002 0.69999999999999996 0.90000000000000002
1 0.69999999999999996 0.90000000000000002
0.90000000000000002 0.59999999999999998 1
1 0.59999999999999998 1
0.90000000000000002 0.69999999999999996 1
1 0.69999999999999996 1
0.90000000000000002 0.69999999999999996 0.90000000000000002
1 0.69999999999999996 0.90000000000000002
0.90000000000000002 0.80000000000000004 0.90000000000000002
1 0.80000000000000004 0.90000000000000002
0.90000000000000002 0.69999999999999996 1
1 0.69999999999999996 1
0.90000000000000002 0.80000000000000004 1
1 0.80000000000000004 1
0.90000000000000002 0.69999999999999996 0.80000000000000004
1 0.69999999999999996 0.80000000000000004
0.90000000000000002 0.80000000000000004 0.80000000000000004
1 0.80000000000000004 0.80000000000000004
0.90000000000000002 0.69999999999999996 0.90000000000000002
1 0.69999999999999996 0.90000000000000002
0.90000000000000002 0.80000000000000004 0.90000000000000002
1 0.80000000000000004 0.90000000000000002
0.90000000000000002 0.59999999999999998 0.80000000000000004
1 0.59999999999999998 0.80000000000000004
0.90000000000000002 0.69999999999999996 0.80000000000000004
1 0.69999999999999996 0.80000000000000004
0.90000000000000002 0.59999999999999998 0.90000000000000002
1 0.59999999999999998 0.90000000000000002
0.90000000000000002 0.69999999999999996 0.90000000000000002
1 0.69999999999999996 0.90000000000000002
0.90000000000000002 0.59999999999999998 0.69999999999999996
1 0.59999999999999998 0.69999999999999996
0.90000000000000002 0.69999999999999996 0.69999999999999996
1 0.69999999999999996 0.69999999999999996
0.90000000000000002 0.59999999999999998 0.80000000000000004
1 0.59999999999999998 0.80000000000000004
0.90000000000000002 0.69999999999999996 0.80000000000000004
1 0.69999999999999996 0.80000000000000004
0.90000000000000002 0.69999999999999996 0.69999999999999996
1 0.69999999999999996 0.69999999999999996
0.90000000000000002 0.80000000000000004 0.69999999999999996
1 0.80000000000000004 0.69999999999999996
0.90000000000000002 0.69999999999999996 0.80000000000000004
1 0.69999999999999996 0.80000000000000004
0.90000000000000002 0.80000000000000004 0.80000000000000004
1 0.80000000000000004 0.80000000000000004
0.90000000000000002 0.69999999999999996 0.59999999999999998
1 0.69999999999999996 0.59999999999999998
0.90000000000000002 0.80000000000000004 0.59999999999999998
1 0.80000000000000004 0.59999999999999998
0.90000000000000002 0.69999999999999996 0.69999999999999996
1 0.69999999999999996 0.69999999999999996
0.90000000000000002 0.80000000000000004 0.69999999999999996
1 0.80000000000000004 0.69999999999999996
0.90000000000000002 0.59999999999999998 0.59999999999999998
1 0.59999999999999998 0.59999999999999998
0.90000000000000002 0.69999999999999996 0.59999999999999998
1 0.69999999999999996 0.59999999999999998
0.90000000000000002 0.59999999999999998 0.69999999999999996
1 0.59999999999999998 0.69999999999999996
0.90000000000000002 0.69999999999999996 0.69999999999999996
1 0.69999999999999996 0.69999999999999996
0.80000000000000004 0.59999999999999998 0.59999999999999998
0.90000000000000002 0.59999999999999998 0.59999999999999998
0.80000000000000004 0.69999999999999996 0.59999999999999998
0.90000000000000002 0.69999999999999996 0.59999999999999998
0.80000000000000004 0.59999999999999998 0.69999999999999996
0.90000000000000002 0.59999999999999998 0.69999999999999996
0.80000000000000004 0.69999999999999996 0.69999999999999996
0.90000000000000002 0.69999999999999996 0.69999999999999996
0.80000000000000004 0.69999999999999996 0.59999999999999998
0.90000000000000002 0.69999999999999996 0.59999999999999998
0.80000000000000004 0.80000000000000004 0.59999999999999998
0.90000000000000002 0.80000000000000004 0.59999999999999998
0.80000000000000004 0.69999999999999996 0.69999999999999996
0.90000000000000002 0.69999999999999996 0.69999999999999996
0.80000000000000004 0.80000000000000004 0.69999999999999996
0.90000000000000002 0.80000000000000004 0.69999999999999996
0.80000000000000004 0.69999999999999996 0.69999999999999996
0.90000000000000002 0.69999999999999996 0.69999999999999996
0.80000000000000004 0.80000000000000004 0.69999999999999996
0.90000000000000002 0.80000000000000004 0.69999999999999996
0.80000000000000004 0.69999999999999996 0.80000000000000004
0.90000000000000002 0.69999999999999996 0.80000000000000004
0.80000000000000004 0.80000000000000004 0.80000000000000004
0.90000000000000002 0.80000000000000004 0.80000000000000004
0.80000000000000004 0.59999999999999998 0.69999999999999996
0.90000000000000002 0.59999999999999998 0.69999999999999996
0.80000000000000004 0.69999999999999996 0.69999999999999996
0.90000000000000002 0.69999999999999996 0.69999999999999996
0.80000000000000004 0.59999999999999998 0.80000000000000004
0.90000000000000002 0.59999999999999998 0.80000000000000004
0.80000000000000004 0.69999999999999996 0.80000000000000004
0.90000000000000002 0.69999999999999996 0.80000000000000004
0.80000000000000004 0.59999999999999998 0.80000000000000004
0.90000000000000002 0.59999999999999998 0.80000000000000004
0.80000000000000004 0.69999999999999996 0.80000000000000004
0.90000000000000002 0.69999999999999996 0.80000000000000004
0.80000000000000004 0.59999999999999998 0.90000000000000002
0.90000000000000002 0.59999999999999998 0.90000000000000002
0.80000000000000004 0.69999999999999996 0.90000000000000002
0.90000000000000002 0.69999999999999996 0.90000000000000002
0.80000000000000004 0.69999999999999996 0.80000000000000004
0.90000000000000002 0.69999999999999996 0.80000000000000004
0.80000000000000004 0.80000000000000004 0.80000000000000004
0.90000000000000002 0.80000000000000004 0.80000000000000004
0.80000000000000004 0.69999999999999996 0.90000000000000002
0.90000000000000002 0.69999999999999996 0.90000000000000002
0.80000000000000004 0.80000000000000004 0.90000000000000002
0.90000000000000002 0.80000000000000004 0.90000000000000002
0.80000000000000004 0.69999999999999996 0.90000000000000002
0.90000000000000002 0.69999999999999996 0.90000000000000002
0.80000000000000004 0.80000000000000004 0.90000000000000002
0.90000000000000002 0.80000000000000004 0.90000000000000002
0.80000000000000004 0.69999999999999996 1
0.90000000000000002 0.69999999999999996 1
0.80000000000000004 0.80000000000000004 1
0.90000000000000002 0.80000000000000004 1
0.80000000000000004 0.59999999999999998 0.90000000000000002
0.90000000000000002 0.59999999999999998 0.90000000000000002
0.80000000000000004 0.69999999999999996 0.90000000000000002
0.90000000000000002 0.69999999999999996 0.90000000000000002
0.80000000000000004 0.59999999999999998 1
0.90000000000000002 0.59999999999999998 1
0.80000000000000004 0.69999999999999996 1
0.90000000000000002 0.69999999999999996 1
0.69999999999999996 0.59999999999999998 0.90000000000000002
0.80000000000000004 0.59999999999999998 0.90000000000000002
0.69999999999999996 0.69999999999999996 0.90000000000000002
0.80000000000000004 0.69999999999999996 0.90000000000000002
0.69999999999999996 0.59999999999999998 1
0.80000000000000004 0.59999999999999998 1
0.69999999999999996 0.69999999999999996 1
0.80000000000000004 0.69999999999999996 1
0.59999999999999998 0.59999999999999998 0.90000000000000002
0.69999999999999996 0.59999999999999998 0.90000000000000002
0.59999999999999998 0.69999999999999996 0.90000000000000002
0.69999999999999996 0.69999999999999996 0.90000000000000002
0.59999999999999998 0.59999999999999998 1
0.69999999999999996 0.59999999999999998 1
0.59999999999999998 0.69999999999999996 1
0.69999999999999996 0.69999999999999996 1
0.59999999999999998 0.69999999999999996 0.90000000000000002
0.69999999999999996 0.69999999999999996 0.90000000000000002
0.59999999999999998 0.80000000000000004 0.90000000000000002
0.69999999999999996 0.80000000000000004 0.90000000000000002
0.59999999999999998 0.69999999999999996 1
0.69999999999999996 0.69999999999999996 1
0.59999999999999998 0.80000000000000004 1
0.69999999999999996 0.80000000000000004 1
0.69999999999999996 0.69999999999999996 0.90000000000000002
0.80000000000000004 0.69999999999999996 0.90000000000000002
0.69999999999999996 0.80000000000000004 0.90000000000000002
0.80000000000000004 0.80000000000000004 0.90000000000000002
0.69999999999999996 0.69999999999999996 1
0.80000000000000004 0.69999999999999996 1
0.69999999999999996 0.80000000000000004 1
0.80000000000000004 0.80000000000000004 1
0.69999999999999996 0.69999999999999996 0.80000000000000004
0.80000000000000004 0.69999999999999996 0.80000000000000004
0.69999999999999996 0.80000000000000004 0.80000000000000004
0.80000000000000004 0.80000000000000004 0.80000000000000004
0.69999999999999996 0.69999999999999996 0.90000000000000002
0.80000000000000004 0.69999999999999996 0.90000000000000002
0.69999999999999996 0.80000000000000004 0.90000000000000002
0.80000000000000004 0.80000000000000004 0.90000000000000002
0.59999999999999998 0.69999999999999996 0.80000000000000004
0.69999999999999996 0.69999999999999996 0.80000000000000004
0.59999999999999998 0.80000000000000004 0.80000000000000004
0.69999999999999996 0.80000000000000004 0.80000000000000004
0.59999999999999998 0.69999999999999996 0.90000000000000002
0.69999999999999996 0.69999999999999996 0.90000000000000002
0.59999999999999998 0.80000000000000004 0.90000000000000002
0.69999999999999996 0.80000000000000004 0.90000000000000002
0.59999999999999998 0.59999999999999998 0.80000000000000004
0.69999999999999996 0.59999999999999998 0.80000000000000004
0.59999999999999998 0.69999999999999996 0.80000000000000004
0.69999999999999996 0.69999999999999996 0.80000000000000004
0.59999999999999998 0.59999999999999998 0.90000000000000002
0.69999999999999996 0.59999999999999998 0.90000000000000002
0.59999999999999998 0.69999999999999996 0.90000000000000002
0.69999999999999996 0.69999999999999996 0.90000000000000002
0.69999999999999996 0.59999999999999998 0.80000000000000004
0.80000000000000004 0.59999999999999998 0.80000000000000004
0.69999999999999996 0.69999999999999996 0.80000000000000004
0.80000000000000004 0.69999999999999996 0.80000000000000004
0.69999999999999996 0.59999999999999998 0.90000000000000002
0.80000000000000004 0.59999999999999998 0.90000000000000002
0.69999999999999996 0.69999999999999996 0.90000000000000002
0.80000000000000004 0.69999999999999996 0.90000000000000002
0.69999999999999996 0.59999999999999998 0.69999999999999996
0.80000000000000004 0.59999999999999998 0.69999999999999996
0.69999999999999996 0.69999999999999996 0.69999999999999996
0.80000000000000004 0.69999999999999996 0.69999999999999996
0.69999999999999996 0.59999999999999998 0.80000000000000004
0.80000000000000004 0.59999999999999998 0.80000000000000004
0.69999999999999996 0.69999999999999996 0.80000000000000004
0.80000000000000004 0.69999999999999996 0.80000000000000004
0.69999999999999996 0.59999999999999998 0.59999999999999998
0.80000000000000004 0.59999999999999998 0.59999999999999998
0.69999999999999996 0.69999999999999996 0.59999999999999998
0.80000000000000004 0.69999999999999996 0.59999999999999998
0.69999999999999996 0.59999999999999998 0.69999999999999996
0.80000000000000004 0.59999999999999998 0.69999999999999996
0.69999999999999996 0.69999999999999996 0.69999999999999996
0.80000000000000004 0.69999999999999996 0.69999999999999996
0.59999999999999998 0.59999999999999998 0.59999999999999998
0.69999999999999996 0.59999999999999998 0.59999999999999998
0.59999999999999998 0.69999999999999996 0.59999999999999998
0.69999999999999996 0.69999999999999996 0.59999999999999998
0.59999999999999998 0.59999999999999998 0.69999999999999996
0.69999999999999996 0.59999999999999998 0.69999999999999996
0.59999999999999998 0.69999999999999996 0.69999999999999996
0.69999999999999996 0.69999999999999996 0.69999999999999996
0.59999999999999998 0.59999999999999998 0.69999999999999996
0.69999999999999996 0.59999999999999998 0.69999999999999996
0.59999999999999998 0.69999999999999996 0.69999999999999996
0.69999999999999996 0.69999999999999996 0.69999999999999996
0.59999999999999998 0.59999999999999998 0.80000000000000004
0.69999999999999996 0.59999999999999998 0.80000000000000004
0.59999999999999998 0.69999999999999996 0.80000000000000004
0.69999999999999996 0.69999999999999996 0.80000000000000004
0.59999999999999998 0.69999999999999996 0.69999999999999996
0.69999999999999996 0.69999999999999996 0.69999999999999996
0.59999999999999998 0.80000000000000004 0.69999999999999996
0.69999999999999996 0.80000000000000004 0.69999999999999996
0.59999999999999998 0.69999999999999996 0.80000000000000004
0.69999999999999996 0.69999999999999996 0.80000000000000004
0.59999999999999998 0.80000000000000004 0.80000000000000004
0.69999999999999996 0.80000000000000004 0.80000000000000004
0.59999999999999998 0.69999999999999996 0.59999999999999998
0.69999999999999996 0.69999999999999996 0.59999999999999998
0.59999999999999998 0.80000000000000004 0.59999999999999998
0.69999999999999996 0.80000000000000004 0.59999999999999998
0.59999999999999998 0.69999999999999996 0.69999999999999996
0.69999999999999996 0.69999999999999996 0.69999999999999996
0.59999999999999998 0.80000000000000004 0.69999999999999996
0.69999999999999996 0.80000000000000004 0.69999999999999996
0.69999999999999996 0.69999999999999996 0.59999999999999998
0.80000000000000004 0.69999999999999996 0.59999999999999998
0.69999999999999996 0.80000000000000004 0.59999999999999998
0.80000000000000004 0.80000000000000004 0.59999999999999998
0.69999999999999996 0.69999999999999996 0.69999999999999996
0.80000000000000004 0.69999999999999996 0.69999999999999996
0.69999999999999996 0.80000000000000004 0.69999999999999996
0.80000000000000004 0.80000000000000004 0.69999999999999996
0.69999999999999996 0.69999999999999996 0.69999999999999996
0.80000000000000004 0.69999999999999996 0.69999999999999996
0.69999999999999996 0.80000000000000004 0.69999999999999996
0.80000000000000004 0.80000000000000004 0.69999999999999996
0.69999999999999996 0.69999999999999996 0.80000000000000004
0.80000000000000004 0.69999999999999996 0.80000000000000004
0.69999999999999996 0.80000000000000004 0.80000000000000004
0.80000000000000004 0.80000000000000004 0.80000000000000004
0.69999999999999996 0.80000000000000004 0.69999999999999996
0.80000000000000004 0.80000000000000004 0.69999999999999996
0.69999999999999996 0.90000000000000002 0.69999999999999996
0.80000000000000004 0.90000000000000002 0.69999999999999996
0.69999999999999996 0.80000000000000004 0.80000000000000004
0.80000000000000004 0.80000000000000004 0.80000000000000004
0.69999999999999996 0.90000000000000002 0.80000000000000004
0.80000000000000004 0.90000000000000002 0.80000000000000004
0.69999999999999996 0.80000000000000004 0.59999999999999998
0.80000000000000004 0.80000000000000004 0.59999999999999998
0.69999999999999996 0.90000000000000002 0.59999999999999998
0.80000000000000004 0.90000000000000002 0.59999999999999998
0.69999999999999996 0.80000000000000004 0.69999999999999996
0.80000000000000004 0.80000000000000004 0.69999999999999996
0.69999999999999996 0.90000000000000002 0.69999999999999996
0.80000000000000004 0.90000000000000002 0.69999999999999996
0.59999999999999998 0.80000000000000004 0.59999999999999998
0.69999999999999996 0.80000000000000004 0.59999999999999998
0.59999999999999998 0.90000000000000002 0.59999999999999998
0.69999999999999996 0.90000000000000002 0.59999999999999998
0.59999999999999998 0.80000000000000004 0.69999999999999996
0.69999999999999996 0.80000000000000004 0.69999999999999996
0.59999999999999998 0.90000000000000002 0.69999999999999996
0.69999999999999996 0.90000000000000002 0.69999999999999996
0.59999999999999998 0.80000000000000004 0.69999999999999996
0.69999999999999996 0.80000000000000004 0.69999999999999996
0.59999999999999998 0.90000000000000002 0.69999999999999996
0.69999999999999996 0.90000000000000002 0.69999999999999996
0.59999999999999998 0.80000000000000004 0.80000000000000004
0.69999999999999996 0.80000000000000004 0.80000000000000004
0.59999999999999998 0.90000000000000002 0.80000000000000004
0.69999999999999996 0.90000000000000002 0.80000000000000004
0.59999999999999998 0.90000000000000002 0.69999999999999996
0.69999999999999996 0.90000000000000002 0.69999999999999996
0.59999999999999998 1 0.69999999999999996
0.69999999999999996 1 0.69999999999999996
0.59999999999999998 0.90000000000000002 0.80000000000000004
0.69999999999999996 0.90000000000000002 0.80000000000000004
0.59999999999999998 1 0.80000000000000004
0.69999999999999996 1 0.80000000000000004
0.59999999999999998 0.90000000000000002 0.59999999999999998
0.69999999999999996 0.90000000000000002 0.59999999999999998
0.59999999999999998 1 0.59999999999999998
0.69999999999999996 1 0.59999999999999998
0.59999999999999998 0.90000000000000002 0.69999999999999996
0.69999999999999996 0.90000000000000002 0.69999999999999996
0.59999999999999998 1 0.69999999999999996
0.69999999999999996 1 0.69999999999999996
0.69999999999999996 0.90000000000000002 0.59999999999999998
0.80000000000000004 0.90000000000000002 0.59999999999999998
0.69999999999999996 1 0.59999999999999998
0.80000000000000004 1 0.59999999999999998
0.69999999999999996 0.90000000000000002 0.69999999999999996
0.80000000000000004 0.90000000000000002 0.69999999999999996
0.69999999999999996 1 0.69999999999999996
0.80000000000000004 1 0.69999999999999996
0.69999999999999996 0.90000000000000002 0.69999999999999996
0.80000000000000004 0.90000000000000002 0.69999999999999996
0.69999999999999996 1 0.69999999999999996
0.80000000000000004 1 0.69999999999999996
0.69999999999999996 0.90000000000000002 0.80000000000000004
0.80000000000000004 0.90000000000000002 0.80000000000000004
0.69999999999999996 1 0.80000000000000004
0.80000000000000004 1 0.80000000000000004
0.69999999999999996 0.90000000000000002 0.80000000000000004
0.80000000000000004 0.90000000000000002 0.80000000000000004
0.69999999999999996 1 0.80000000000000004
0.80000000000000004 1 0.80000000000000004
0.69999999999999996 0.90000000000000002 0.90000000000000002
0.80000000000000004 0.90000000000000002 0.90000000000000002
0.69999999999999996 1 0.90000000000000002
0.80000000000000004 1 0.90000000000000002
0.59999999999999998 0.90000000000000002 0.80000000000000004
0.69999999999999996 0.90000000000000002 0.80000000000000004
0.59999999999999998 1 0.80000000000000004
0.69999999999999996 1 0.80000000000000004
0.59999999999999998 0.90000000000000002 0.90000000000000002
0.69999999999999996 0.90000000000000002 0.90000000000000002
0.59999999999999998 1 0.90000000000000002
0.69999999999999996 1 0.90000000000000002
0.59999999999999998 0.80000000000000004 0.80000000000000004
0.69999999999999996 0.80000000000000004 0.80000000000000004
0.59999999999999998 0.90000000000000002 0.80000000000000004
0.69999999999999996 0.90000000000000002 0.80000000000000004
0.59999999999999998 0.80000000000000004 0.90000000000000002
0.69999999999999996 0.80000000000000004 0.90000000000000002
0.59999999999999998 0.90000000000000002 0.90000000000000002
0.69999999999999996 0.90000000000000002 0.90000000000000002
0.69999999999999996 0.80000000000000004 0.80000000000000004
0.80000000000000004 0.80000000000000004 0.80000000000000004
0.69999999999999996 0.90000000000000002 0.80000000000000004
0.80000000000000004 0.90000000000000002 0.80000000000000004
0.69999999999999996 0.80000000000000004 0.90000000000000002
0.80000000000000004 0.80000000000000004 0.90000000000000002
0.69999999999999996 0.90000000000000002 0.90000000000000002
0.80000000000000004 0.90000000000000002 0.90000000000000002
0.69999999999999996 0.80000000000000004 0.90000000000000002
0.80000000000000004 0.80000000000000004 0.90000000000000002
0.69999999999999996 0.90000000000000002 0.90000000000000002
0.80000000000000004 0.90000000000000002 0.90000000000000002
0.69999999999999996 0.80000000000000004 1
0.80000000000000004 0.80000000000000004 1
0.69999999999999996 0.90000000000000002 1
0.80000000000000004 0.90000000000000002 1
0.59999999999999998 0.80000000000000004 0.90000000000000002
0.69999999999999996 0.80000000000000004 0.90000000000000002
0.59999999999999998 0.90000000000000002 0.90000000000000002
0.69999999999999996 0.90000000000000002 0.90000000000000002
0.59999999999999998 0.80000000000000004 1
0.69999999999999996 0.80000000000000004 1
0.59999999999999998 0.90000000000000002 1
0.69999999999999996 0.90000000000000002 1
0.59999999999999998 0.90000000000000002 0.90000000000000002
0.69999999999999996 0.90000000000000002 0.90000000000000002
0.59999999999999998 1 0.90000000000000002
0.69999999999999996 1 0.90000000000000002
0.59999999999999998 0.90000000000000002 1
0.69999999999999996 0.90000000000000002 1
0.59999999999999998 1 1
0.69999999999999996 1 1
0.69999999999999996 0.90000000000000002 0.90000000000000002
0.80000000000000004 0.90000000000000002 0.90000000000000002
0.69999999999999996 1 0.90000000000000002
0.80000000000000004 1 0.90000000000000002
0.69999999999999996 0.90000000000000002 1
0.80000000000000004 0.90000000000000002 1
0.69999999999999996 1 1
0.80000000000000004 1 1
0.80000000000000004 0.90000000000000002 0.90000000000000002
0.90000000000000002 0.90000000000000002 0.90000000000000002
0.80000000000000004 1 0.90000000000000002
0.90000000000000002 1 0.90000000000000002
0.80000000000000004 0.90000000000000002 1
0.90000000000000002 0.90000000000000002 1
0.80000000000000004 1 1
0.90000000000000002 1 1
0.90000000000000002 0.90000000000000002 0.90000000000000002
1 0.90000000000000002 0.90000000000000002
0.90000000000000002 1 0.90000000000000002
1 1 0.90000000000000002
0.90000000000000002 0.90000000000000002 1
1 0.90000000000000002 1
0.90000000000000002 1 1
1 1 1
0.90000000000000002 0.80000000000000004 0.90000000000000002
1 0.80000000000000004 0.90000000000000002
0.90000000000000002 0.90000000000000002 0.90000000000000002
1 0.90000000000000002 0.90000000000000002
0.90000000000000002 0.80000000000000004 1
1 0.80000000000000004 1
0.90000000000000002 0.90000000000000002 1
1 0.90000000000000002 1
0.80000000000000004 0.80000000000000004 0.90000000000000002
0.90000000000000002 0.80000000000000004 0.90000000000000002
0.80000000000000004 0.90000000000000002 0.90000000000000002
0.90000000000000002 0.90000000000000002 0.90000000000000002
0.80000000000000004 0.80000000000000004 1
0.90000000000000002 0.80000000000000004 1
0.80000000000000004 0.90000000000000002 1
0.90000000000000002 0.90000000000000002 1
0.80000000000000004 0.80000000000000004 0.80000000000000004
0.90000000000000002 0.80000000000000004 0.80000000000000004
0.80000000000000004 0.90000000000000002 0.80000000000000004
0.90000000000000002 0.90000000000000002 0.80000000000000004
0.80000000000000004 0.80000000000000004 0.90000000000000002
0.90000000000000002 0.80000000000000004 0.90000000000000002
0.80000000000000004 0.90000000000000002 0.90000000000000002
0.90000000000000002 0.90000000000000002 0.90000000000000002
0.90000000000000002 0.80000000000000004 0.80000000000000004
1 0.80000000000000004 0.80000000000000004
0.90000000000000002 0.90000000000000002 0.80000000000000004
1 0.90000000000000002 0.80000000000000004
0.90000000000000002 0.80000000000000004 0.90000000000000002
1 0.80000000000000004 0.90000000000000002
0.90000000000000002 0.90000000000000002 0.90000000000000002
1 0.90000000000000002 0.90000000000000002
0.90000000000000002 0.90000000000000002 0.80000000000000004
1 0.90000000000000002 0.80000000000000004
0.90000000000000002 1 0.80000000000000004
1 1 0.80000000000000004
0.90000000000000002 0.90000000000000002 0.90000000000000002
1 0.90000000000000002 0.90000000000000002
0.90000000000000002 1 0.90000000000000002
1 1 0.90000000000000002
0.80000000000000004 0.90000000000000002 0.80000000000000004
0.90000000000000002 0.90000000000000002 0.80000000000000004
0.80000000000000004 1 0.80000000000000004
0.90000000000000002 1 0.80000000000000004
0.80000000000000004 0.90000000000000002 0.90000000000000002
0.90000000000000002 0.90000000000000002 0.90000000000000002
0.80000000000000004 1 0.90000000000000002
0.90000000000000002 1 0.90000000000000002
0.80000000000000004 0.90000000000000002 0.69999999999999996
0.90000000000000002 0.90000000000000002 0.69999999999999996
0.80000000000000004 1 0.69999999999999996
0.90000000000000002 1 0.69999999999999996
0.80000000000000004 0.90000000000000002 0.80000000000000004
0.90000000000000002 0.90000000000000002 0.80000000000000004
0.80000000000000004 1 0.80000000000000004
0.90000000000000002 1 0.80000000000000004
0.90000000000000002 0.90000000000000002 0.69999999999999996
1 0.90000000000000002 0.69999999999999996
0.90000000000000002 1 0.69999999999999996
1 1 0.69999999999999996
0.90000000000000002 0.90000000000000002 0.80000000000000004
1 0.90000000000000002 0.80000000000000004
0.90000000000000002 1 0.80000000000000004
1 1 0.80000000000000004
0.90000000000000002 0.80000000000000004 0.69999999999999996
1 0.80000000000000004 0.69999999999999996
0.90000000000000002 0.90000000000000002 0.69999999999999996
1 0.90000000000000002 0.69999999999999996
0.90000000000000002 0.80000000000000004 0.80000000000000004
1 0.80000000000000004 0.80000000000000004
0.90000000000000002 0.90000000000000002 0.80000000000000004
1 0.90000000000000002 0.80000000000000004
0.80000000000000004 0.80000000000000004 0.69999999999999996
0.90000000000000002 0.80000000000000004 0.69999999999999996
0.80000000000000004 0.90000000000000002 0.69999999999999996
0.90000000000000002 0.90000000000000002 0.69999999999999996
0.80000000000000004 0.80000000000000004 0.80000000000000004
0.90000000000000002 0.80000000000000004 0.80000000000000004
0.80000000000000004 0.90000000000000002 0.80000000000000004
0.90000000000000002 0.90000000000000002 0.80000000000000004
0.80000000000000004 0.80000000000000004 0.59999999999999998
0.90000000000000002 0.80000000000000004 0.59999999999999998
0.80000000000000004 0.90000000000000002 0.59999999999999998
0.90000000000000002 0.90000000000000002 0.59999999999999998
0.80000000000000004 0.80000000000000004 0.69999999999999996
0.90000000000000002 0.80000000000000004 0.69999999999999996
0.80000000000000004 0.90000000000000002 0.69999999999999996
0.90000000000000002 0.90000000000000002 0.69999999999999996
0.90000000000000002 0.80000000000000004 0.59999999999999998
1 0.80000000000000004 0.59999999999999998
0.90000000000000002 0.90000000000000002 0.59999999999999998
1 0.90000000000000002 0.59999999999999998
0.90000000000000002 0.80000000000000004 0.69999999999999996
1 0.80000000000000004 0.69999999999999996
0.90000000000000002 0.90000000000000002 0.69999999999999996
1 0.90000000000000002 0.69999999999999996
0.90000000000000002 0.90000000000000002 0.59999999999999998
1 0.90000000000000002 0.59999999999999998
0.90000000000000002 1 0.59999999999999998
1 1 0.59999999999999998
0.90000000000000002 0.90000000000000002 0.69999999999999996
1 0.90000000000000002 0.69999999999999996
0.90000000000000002 1 0.69999999999999996
1 1 0.69999999999999996
0.80000000000000004 0.90000000000000002 0.59999999999999998
0.90000000000000002 0.90000000000000002 0.59999999999999998
0.80000000000000004 1 0.59999999999999998
0.90000000000000002 1 0.59999999999999998
0.80000000000000004 0.90000000000000002 0.69999999999999996
0.90000000000000002 0.90000000000000002 0.69999999999999996
0.80000000000000004 1 0.69999999999999996
0.90000000000000002 1 0.69999999999999996
0.80000000000000004 0.90000000000000002 0.5
0.90000000000000002 0.90000000000000002 0.5
0.80000000000000004 1 0.5
0.90000000000000002 1 0.5
0.80000000000000004 0.90000000000000002 0.59999999999999998
0.90000000000000002 0.90000000000000002 0.59999999999999998
0.80000000000000004 1 0.59999999999999998
0.90000000000000002 1 0.59999999999999998
0.90000000000000002 0.90000000000000002 0.5
1 0.90000000000000002 0.5
0.90000000000000002 1 0.5
1 1 0.5
0.90000000000000002 0.90000000000000002 0.59999999999999998
1 0.90000000000000002 0.59999999999999998
0.90000000000000002 1 0.59999999999999998
1 1 0.59999999999999998
0.90000000000000002 0.80000000000000004 0.5
1 0.80000000000000004 0.5
0.90000000000000002 0.90000000000000002 0.5
1 0.90000000000000002 0.5
0.90000000000000002 0.80000000000000004 0.59999999999999998
1 0.80000000000000004 0.59999999999999998
0.90000000000000002 0.90000000000000002 0.59999999999999998
1 0.90000000000000002 0.59999999999999998
0.80000000000000004 0.80000000000000004 0.5
0.90000000000000002 0.80000000000000004 0.5
0.80000000000000004 0.90000000000000002 0.5
0.90000000000000002 0.90000000000000002 0.5
0.80000000000000004 0.80000000000000004 0.59999999999999998
0.90000000000000002 0.80000000000000004 0.59999999999999998
0.80000000000000004 0.90000000000000002 0.59999999999999998
0.90000000000000002 0.90000000000000002 0.59999999999999998
0.80000000000000004 0.80000000000000004 0.40000000000000002
0.90000000000000002 0.80000000000000004 0.40000000000000002
0.80000000000000004 0.90000000000000002 0.40000000000000002
0.90000000000000002 0.90000000000000002 0.40000000000000002
0.80000000000000004 0.80000000000000004 0.5
0.90000000000000002 0.80000000000000004 0.5
0.80000000000000004 0.90000000000000002 0.5
0.90000000000000002 0.90000000000000002 0.5
0.90000000000000002 0.80000000000000004 0.40000000000000002
1 0.80000000000000004 0.40000000000000002
0.90000000000000002 0.90000000000000002 0.40000000000000002
1 0.90000000000000002 0.40000000000000002
0.90000000000000002 0.80000000000000004 0.5
1 0.80000000000000004 0.5
0.90000000000000002 0.90000000000000002 0.5
1 0.90000000000000002 0.5
0.90000000000000002 0.90000000000000002 0.40000000000000002
1 0.90000000000000002 0.40000000000000002
0.90000000000000002 1 0.40000000000000002
1 1 0.40000000000000002
0.90000000000000002 0.90000000000000002 0.5
1 0.90000000000000002 0.5
0.90000000000000002 1 0.5
1 1 0.5
0.80000000000000004 0.90000000000000002 0.40000000000000002
0.90000000000000002 0.90000000000000002 0.40000000000000002
0.80000000000000004 1 0.40000000000000002
0.90000000000000002 1 0.40000000000000002
0.80000000000000004 0.90000000000000002 0.5
0.90000000000000002 0.90000000000000002 0.5
0.80000000000000004 1 0.5
0.90000000000000002 1 0.5
0.69999999999999996 0.90000000000000002 0.40000000000000002
0.80000000000000004 0.90000000000000002 0.40000000000000002
0.69999999999999996 1 0.40000000000000002
0.80000000000000004 1 0.40000000000000002
0.69999999999999996 0.90000000000000002 0.5
0.80000000000000004 0.90000000000000002 0.5
0.69999999999999996 1 0.5
0.80000000000000004 1 0.5
0.69999999999999996 0.90000000000000002 0.5
0.80000000000000004 0.90000000000000002 0.5
0.69999999999999996 1 0.5
0.80000000000000004 1 0.5
0.69999999999999996 0.90000000000000002 0.59999999999999998
0.80000000000000004 0.90000000000000002 0.59999999999999998
0.69999999999999996 1 0.59999999999999998
0.80000000000000004 1 0.59999999999999998
0.59999999999999998 0.90000000000000002 0.5
0.69999999999999996 0.90000000000000002 0.5
0.59999999999999998 1 0.5
0.69999999999999996 1 0.5
0.59999999999999998 0.90000000000000002 0.59999999999999998
0.69999999999999996 0.90000000000000002 0.59999999999999998
0.59999999999999998 1 0.59999999999999998
0.69999999999999996 1 0.59999999999999998
0.59999999999999998 0.90000000000000002 0.40000000000000002
0.69999999999999996 0.90000000000000002 0.40000000000000002
0.59999999999999998 1 0.40000000000000002
0.69999999999999996 1 0.40000000000000002
0.59999999999999998 0.90000000000000002 0.5
0.69999999999999996 0.90000000000000002 0.5
0.59999999999999998 1 0.5
0.69999999999999996 1 0.5
0.59999999999999998 0.80000000000000004 0.40000000000000002
0.69999999999999996 0.80000000000000004 0.40000000000000002
0.59999999999999998 0.90000000000000002 0.40000000000000002
0.69999999999999996 0.90000000000000002 0.40000000000000002
0.59999999999999998 0.80000000000000004 0.5
0.69999999999999996 0.80000000000000004 0.5
0.59999999999999998 0.90000000000000002 0.5
0.69999999999999996 0.90000000000000002 0.5
0.59999999999999998 0.80000000000000004 0.5
0.69999999999999996 0.80000000000000004 0.5
0.59999999999999998 0.90000000000000002 0.5
0.69999999999999996 0.90000000000000002 0.5
0.59999999999999998 0.80000000000000004 0.59999999999999998
0.69999999999999996 0.80000000000000004 0.59999999999999998
0.59999999999999998 0.90000000000000002 0.59999999999999998
0.69999999999999996 0.90000000000000002 0.59999999999999998
0.69999999999999996 0.80000000000000004 0.5
0.80000000000000004 0.80000000000000004 0.5
0.69999999999999996 0.90000000000000002 0.5
0.80000000000000004 0.90000000000000002 0.5
0.69999999999999996 0.80000000000000004 0.59999999999999998
0.80000000000000004 0.80000000000000004 0.59999999999999998
0.69999999999999996 0.90000000000000002 0.59999999999999998
0.80000000000000004 0.90000000000000002 0.59999999999999998
0.69999999999999996 0.80000000000000004 0.40000000000000002
0.80000000000000004 0.80000000000000004 0.40000000000000002
0.69999999999999996 0.90000000000000002 0.40000000000000002
0.80000000000000004 0.90000000000000002 0.40000000000000002
0.69999999999999996 0.80000000000000004 0.5
0.80000000000000004 0.80000000000000004 0.5
0.69999999999999996 0.90000000000000002 0.5
0.80000000000000004 0.90000000000000002 0.5
0.69999999999999996 0.69999999999999996 0.40000000000000002
0.80000000000000004 0.69999999999999996 0.40000000000000002
0.69999999999999996 0.80000000000000004 0.40000000000000002
0.80000000000000004 0.80000000000000004 0.40000000000000002
0.69999999999999996 0.69999999999999996 0.5
0.80000000000000004 0.69999999999999996 0.5
0.69999999999999996 0.80000000000000004 0.5
0.80000000000000004 0.80000000000000004 0.5
0.69999999999999996 0.69999999999999996 0.5
0.80000000000000004 0.69999999999999996 0.5
0.69999999999999996 0.80000000000000004 0.5
0.80000000000000004 0.80000000000000004 0.5
0.69999999999999996 0.69999999999999996 0.59999999999999998
0.80000000000000004 0.69999999999999996 0.59999999999999998
0.69999999999999996 0.80000000000000004 0.59999999999999998
0.80000000000000004 0.80000000000000004 0.59999999999999998
0.59999999999999998 0.69999999999999996 0.5
0.69999999999999996 0.69999999999999996 0.5
0.59999999999999998 0.80000000000000004 0.5
0.69999999999999996 0.80000000000000004 0.5
0.59999999999999998 0.69999999999999996 0.59999999999999998
0.69999999999999996 0.69999999999999996 0.59999999999999998
0.59999999999999998 0.80000000000000004 0.59999999999999998
0.69999999999999996 0.80000000000000004 0.59999999999999998
0.59999999999999998 0.69999999999999996 0.40000000000000002
0.69999999999999996 0.69999999999999996 0.40000000000000002
0.59999999999999998 0.80000000000000004 0.40000000000000002
0.69999999999999996 0.80000000000000004 0.40000000000000002
0.59999999999999998 0.69999999999999996 0.5
0.69999999999999996 0.69999999999999996 0.5
0.59999999999999998 0.80000000000000004 0.5
0.69999999999999996 0.80000000000000004 0.5
0.59999999999999998 0.59999999999999998 0.40000000000000002
0.69999999999999996 0.59999999999999998 0.40000000000000002
0.59999999999999998 0.69999999999999996 0.40000000000000002
0.69999999999999996 0.69999999999999996 0.40000000000000002
0.59999999999999998 0.59999999999999998 0.5
0.69999999999999996 0.59999999999999998 0.5
0.59999999999999998 0.69999999999999996 0.5
0.69999999999999996 0.69999999999999996 0.5
0.59999999999999998 0.59999999999999998 0.5
0.69999999999999996 0.59999999999999998 0.5
0.59999999999999998 0.69999999999999996 0.5
0.69999999999999996 0.69999999999999996 0.5
0.59999999999999998 0.59999999999999998 0.59999999999999998
0.69999999999999996 0.59999999999999998 0.59999999999999998
0.59999999999999998 0.69999999999999996 0.59999999999999998
0.69999999999999996 0.69999999999999996 0.59999999999999998
0.69999999999999996 0.59999999999999998 0.5
0.80000000000000004 0.59999999999999998 0.5
0.69999999999999996 0.69999999999999996 0.5
0.80000000000000004 0.69999999999999996 0.5
0.69999999999999996 0.59999999999999998 0.59999999999999998
0.80000000000000004 0.59999999999999998 0.59999999999999998
0.69999999999999996 0.69999999999999996 0.59999999999999998
0.80000000000000004 0.69999999999999996 0.59999999999999998
0.69999999999999996 0.59999999999999998 0.40000000000000002
0.80000000000000004 0.59999999999999998 0.40000000000000002
0.69999999999999996 0.69999999999999996 0.40000000000000002
0.80000000000000004 0.69999999999999996 0.40000000000000002
0.69999999999999996 0.59999999999999998 0.5
0.80000000000000004 0.59999999999999998 0.5
0.69999999999999996 0.69999999999999996 0.5
0.80000000000000004 0.69999999999999996 0.5
0.80000000000000004 0.59999999999999998 0.40000000000000002
0.90000000000000002 0.59999999999999998 0.40000000000000002
0.80000000000000004 0.69999999999999996 0.40000000000000002
0.90000000000000002 0.69999999999999996 0.40000000000000002
0.80000000000000004 0.59999999999999998 0.5
0.90000000000000002 0.59999999999999998 0.5
0.80000000000000004 0.69999999999999996 0.5
0.90000000000000002 0.69999999999999996 0.5
0.80000000000000004 0.69999999999999996 0.40000000000000002
0.90000000000000002 0.69999999999999996 0.40000000000000002
0.80000000000000004 0.80000000000000004 0.40000000000000002
0.90000000000000002 0.80000000000000004 0.40000000000000002
0.80000000000000004 0.69999999999999996 0.5
0.90000000000000002 0.69999999999999996 0.5
0.80000000000000004 0.80000000000000004 0.5
0.90000000000000002 0.80000000000000004 0.5
0.80000000000000004 0.69999999999999996 0.5
0.90000000000000002 0.69999999999999996 0.5
0.80000000000000004 0.80000000000000004 0.5
0.90000000000000002 0.80000000000000004 0.5
0.80000000000000004 0.69999999999999996 0.59999999999999998
0.90000000000000002 0.69999999999999996 0.59999999999999998
0.80000000000000004 0.80000000000000004 0.59999999999999998
0.90000000000000002 0.80000000000000004 0.59999999999999998
0.80000000000000004 0.59999999999999998 0.5
0.90000000000000002 0.59999999999999998 0.5
0.80000000000000004 0.69999999999999996 0.5
0.90000000000000002 0.69999999999999996 0.5
0.80000000000000004 0.59999999999999998 0.59999999999999998
0.90000000000000002 0.59999999999999998 0.59999999999999998
0.80000000000000004 0.69999999999999996 0.59999999999999998
0.90000000000000002 0.69999999999999996 0.59999999999999998
0.90000000000000002 0.59999999999999998 0.5
1 0.59999999999999998 0.5
0.90000000000000002 0.69999999999999996 0.5
1 0.69999999999999996 0.5
0.90000000000000002 0.59999999999999998 0.59999999999999998
1 0.59999999999999998 0.59999999999999998
0.90000000000000002 0.69999999999999996 0.59999999999999998
1 0.69999999999999996 0.59999999999999998
0.90000000000000002 0.69999999999999996 0.5
1 0.69999999999999996 0.5
0.90000000000000002 0.80000000000000004 0.5
1 0.80000000000000004 0.5
0.90000000000000002 0.69999999999999996 0.59999999999999998
1 0.69999999999999996 0.59999999999999998
0.90000000000000002 0.80000000000000004 0.59999999999999998
1 0.80000000000000004 0.59999999999999998
0.90000000000000002 0.69999999999999996 0.40000000000000002
1 0.69999999999999996 0.40000000000000002
0.90000000000000002 0.80000000000000004 0.40000000000000002
1 0.80000000000000004 0.40000000000000002
0.90000000000000002 0.69999999999999996 0.5
1 0.69999999999999996 0.5
0.90000000000000002 0.80000000000000004 0.5
1 0.80000000000000004 0.5
0.90000000000000002 0.59999999999999998 0.40000000000000002
1 0.59999999999999998 0.40000000000000002
0.90000000000000002 0.69999999999999996 0.40000000000000002
1 0.69999999999999996 0.40000000000000002
0.90000000000000002 0.59999999999999998 0.5
1 0.59999999999999998 0.5
0.90000000000000002 0.69999999999999996 0.5
1 0.69999999999999996 0.5
0.90000000000000002 0.59999999999999998 0.29999999999999999
1 0.59999999999999998 0.29999999999999999
0.90000000000000002 0.69999999999999996 0.29999999999999999
1 0.69999999999999996 0.29999999999999999
0.90000000000000002 0.59999999999999998 0.40000000000000002
1 0.59999999999999998 0.40000000000000002
0.90000000000000002 0.69999999999999996 0.40000000000000002
1 0.69999999999999996 0.40000000000000002
0.90000000000000002 0.69999999999999996 0.29999999999999999
1 0.69999999999999996 0.29999999999999999
0.90000000000000002 0.80000000000000004 0.29999999999999999
1 0.80000000000000004 0.29999999999999999
0.90000000000000002 0.69999999999999996 0.40000000000000002
1 0.69999999999999996 0.40000000000000002
0.90000000000000002 0.80000000000000004 0.40000000000000002
1 0.80000000000000004 0.40000000000000002
0.90000000000000002 0.69999999999999996 0.20000000000000001
1 0.69999999999999996 0.20000000000000001
0.90000000000000002 0.80000000000000004 0.20000000000000001
1 0.80000000000000004 0.20000000000000001
0.90000000000000002 0.69999999999999996 0.29999999999999999
1 0.69999999999999996 0.29999999999999999
0.90000000000000002 0.80000000000000004 0.29999999999999999
1 0.80000000000000004 0.29999999999999999
0.90000000000000002 0.59999999999999998 0.20000000000000001
1 0.59999999999999998 0.20000000000000001
0.90000000000000002 0.69999999999999996 0.20000000000000001
1 0.69999999999999996 0.20000000000000001
0.90000000000000002 0.59999999999999998 0.29999999999999999
1 0.59999999999999998 0.29999999999999999
0.90000000000000002 0.69999999999999996 0.29999999999999999
1 0.69999999999999996 0.29999999999999999
0.80000000000000004 0.59999999999999998 0.20000000000000001
0.90000000000000002 0.59999999999999998 0.20000000000000001
0.80000000000000004 0.69999999999999996 0.20000000000000001
0.90000000000000002 0.69999999999999996 0.20000000000000001
0.80000000000000004 0.59999999999999998 0.29999999999999999
0.90000000000000002 0.59999999999999998 0.29999999999999999
0.80000000000000004 0.69999999999999996 0.29999999999999999
0.90000000000000002 0.69999999999999996 0.29999999999999999
0.80000000000000004 0.69999999999999996 0.20000000000000001
0.90000000000000002 0.69999999999999996 0.20000000000000001
0.80000000000000004 0.80000000000000004 0.20000000000000001
0.90000000000000002 0.80000000000000004 0.20000000000000001
0.80000000000000004 0.69999999999999996 0.29999999999999999
0.90000000000000002 0.69999999999999996 0.29999999999999999
0.80000000000000004 0.80000000000000004 0.29999999999999999
0.90000000000000002 0.80000000000000004 0.29999999999999999
0.80000000000000004 0.69999999999999996 0.29999999999999999
0.90000000000000002 0.69999999999999996 0.29999999999999999
0.80000000000000004 0.80000000000000004 0.29999999999999999
0.90000000000000002 0.80000000000000004 0.29999999999999999
0.80000000000000004 0.69999999999999996 0.40000000000000002
0.90000000000000002 0.69999999999999996 0.40000000000000002
0.80000000000000004 0.80000000000000004 0.40000000000000002
0.90000000000000002 0.80000000000000004 0.40000000000000002
0.80000000000000004 0.59999999999999998 0.29999999999999999
0.90000000000000002 0.59999999999999998 0.29999999999999999
0.80000000000000004 0.69999999999999996 0.29999999999999999
0.90000000000000002 0.69999999999999996 0.29999999999999999
0.80000000000000004 0.59999999999999998 0.40000000000000002
0.90000000000000002 0.59999999999999998 0.40000000000000002
0.80000000000000004 0.69999999999999996 0.40000000000000002
0.90000000000000002 0.69999999999999996 0.40000000000000002
0.69999999999999996 0.59999999999999998 0.29999999999999999
0.80000000000000004 0.59999999999999998 0.29999999999999999
0.69999999999999996 0.69999999999999996 0.29999999999999999
0.80000000000000004 0.69999999999999996 0.29999999999999999
0.69999999999999996 0.59999999999999998 0.40000000000000002
0.80000000000000004 0.59999999999999998 0.40000000000000002
0.69999999999999996 0.69999999999999996 0.40000000000000002
0.80000000000000004 0.69999999999999996 0.40000000000000002
0.69999999999999996 0.59999999999999998 0.20000000000000001
0.80000000000000004 0.59999999999999998 0.20000000000000001
0.69999999999999996 0.69999999999999996 0.20000000000000001
0.80000000000000004 0.69999999999999996 0.20000000000000001
0.69999999999999996 0.59999999999999998 0.29999999999999999
0.80000000000000004 0.59999999999999998 0.29999999999999999
0.69999999999999996 0.69999999999999996 0.29999999999999999
0.80000000000000004 0.69999999999999996 0.29999999999999999
0.59999999999999998 0.59999999999999998 0.20000000000000001
0.69999999999999996 0.59999999999999998 0.20000000000000001
0.59999999999999998 0.69999999999999996 0.20000000000000001
0.69999999999999996 0.69999999999999996 0.20000000000000001
0.59999999999999998 0.59999999999999998 0.29999999999999999
0.69999999999999996 0.59999999999999998 0.29999999999999999
0.59999999999999998 0.69999999999999996 0.29999999999999999
0.69999999999999996 0.69999999999999996 0.29999999999999999
0.59999999999999998 0.59999999999999998 0.29999999999999999
0.69999999999999996 0.59999999999999998 0.29999999999999999
0.59999999999999998 0.69999999999999996 0.29999999999999999
0.69999999999999996 0.69999999999999996 0.29999999999999999
0.59999999999999998 0.59999999999999998 0.40000000000000002
0.69999999999999996 0.59999999999999998 0.40000000000000002
0.59999999999999998 0.69999999999999996 0.40000000000000002
0.69999999999999996 0.69999999999999996 0.40000000000000002
0.59999999999999998 0.69999999999999996 0.29999999999999999
0.69999999999999996 0.69999999999999996 0.29999999999999999
0.59999999999999998 0.80000000000000004 0.29999999999999999
0.69999999999999996 0.80000000000000004 0.29999999999999999
0.59999999999999998 0.69999999999999996 0.40000000000000002
0.69999999999999996 0.69999999999999996 0.40000000000000002
0.59999999999999998 0.80000000000000004 0.40000000000000002
0.69999999999999996 0.80000000000000004 0.40000000000000002
0.59999999999999998 0.69999999999999996 0.20000000000000001
0.69999999999999996 0.69999999999999996 0.20000000000000001
0.59999999999999998 0.80000000000000004 0.20000000000000001
0.69999999999999996 0.80000000000000004 0.20000000000000001
0.59999999999999998 0.69999999999999996 0.29999999999999999
0.69999999999999996 0.69999999999999996 0.29999999999999999
0.59999999999999998 0.80000000000000004 0.29999999999999999
0.69999999999999996 0.80000000000000004 0.29999999999999999
0.69999999999999996 0.69999999999999996 0.20000000000000001
0.80000000000000004 0.69999999999999996 0.20000000000000001
0.69999999999999996 0.80000000000000004 0.20000000000000001
0.80000000000000004 0.80000000000000004 0.20000000000000001
0.69999999999999996 0.69999999999999996 0.29999999999999999
0.80000000000000004 0.69999999999999996 0.29999999999999999
0.69999999999999996 0.80000000000000004 0.29999999999999999
0.80000000000000004 0.80000000000000004 0.29999999999999999
0.69999999999999996 0.69999999999999996 0.29999999999999999
0.80000000000000004 0.69999999999999996 0.29999999999999999
0.69999999999999996 0.80000000000000004 0.29999999999999999
0.80000000000000004 0.80000000000000004 0.29999999999999999
0.69999999999999996 0.69999999999999996 0.40000000000000002
0.80000000000000004 0.69999999999999996 0.40000000000000002
0.69999999999999996 0.80000000000000004 0.40000000000000002
0.80000000000000004 0.80000000000000004 0.40000000000000002
0.69999999999999996 0.80000000000000004 0.29999999999999999
0.80000000000000004 0.80000000000000004 0.29999999999999999
0.69999999999999996 0.90000000000000002 0.29999999999999999
0.80000000000000004 0.90000000000000002 0.29999999999999999
0.69999999999999996 0.80000000000000004 0.40000000000000002
0.80000000000000004 0.80000000000000004 0.40000000000000002
0.69999999999999996 0.90000000000000002 0.40000000000000002
0.80000000000000004 0.90000000000000002 0.40000000000000002
0.69999999999999996 0.80000000000000004 0.20000000000000001
0.80000000000000004 0.80000000000000004 0.20000000000000001
0.69999999999999996 0.90000000000000002 0.20000000000000001
0.80000000000000004 0.90000000000000002 0.20000000000000001
0.69999999999999996 0.80000000000000004 0.29999999999999999
0.80000000000000004 0.80000000000000004 0.29999999999999999
0.69999999999999996 0.90000000000000002 0.29999999999999999
0.80000000000000004 0.90000000000000002 0.29999999999999999
0.59999999999999998 0.80000000000000004 0.20000000000000001
0.69999999999999996 0.80000000000000004 0.20000000000000001
0.59999999999999998 0.90000000000000002 0.20000000000000001
0.69999999999999996 0.90000000000000002 0.20000000000000001
0.59999999999999998 0.80000000000000004 0.29999999999999999
0.69999999999999996 0.80000000000000004 0.29999999999999999
0.59999999999999998 0.90000000000000002 0.29999999999999999
0.69999999999999996 0.90000000000000002 0.29999999999999999
0.59999999999999998 0.80000000000000004 0.29999999999999999
0.69999999999999996 0.80000000000000004 0.29999999999999999
0.59999999999999998 0.90000000000000002 0.29999999999999999
0.69999999999999996 0.90000000000000002 0.29999999999999999
0.59999999999999998 0.80000000000000004 0.40000000000000002
0.69999999999999996 0.80000000000000004 0.40000000000000002
0.59999999999999998 0.90000000000000002 0.40000000000000002
0.69999999999999996 0.90000000000000002 0.40000000000000002
0.59999999999999998 0.90000000000000002 0.29999999999999999
0.69999999999999996 0.90000000000000002 0.29999999999999999
0.59999999999999998 1 0.29999999999999999
0.69999999999999996 1 0.29999999999999999
0.59999999999999998 0.90000000000000002 0.40000000000000002
0.69999999999999996 0.90000000000000002 0.40000000000000002
0.59999999999999998 1 0.40000000000000002
0.69999999999999996 1 0.40000000000000002
0.59999999999999998 0.90000000000000002 0.20000000000000001
0.69999999999999996 0.90000000000000002 0.20000000000000001
0.59999999999999998 1 0.20000000000000001
0.69999999999999996 1 0.20000000000000001
0.59999999999999998 0.90000000000000002 0.29999999999999999
0.69999999999999996 0.90000000000000002 0.29999999999999999
0.59999999999999998 1 0.29999999999999999
0.69999999999999996 1 0.29999999999999999
0.69999999999999996 0.90000000000000002 0.20000000000000001
0.80000000000000004 0.90000000000000002 0.20000000000000001
0.69999999999999996 1 0.20000000000000001
0.80000000000000004 1 0.20000000000000001
0.69999999999999996 0.90000000000000002 0.29999999999999999
0.80000000000000004 0.90000000000000002 0.29999999999999999
0.69999999999999996 1 0.29999999999999999
0.80000000000000004 1 0.29999999999999999
0.69999999999999996 0.90000000000000002 0.29999999999999999
0.80000000000000004 0.90000000000000002 0.29999999999999999
0.69999999999999996 1 0.29999999999999999
0.80000000000000004 1 0.29999999999999999
0.69999999999999996 0.90000000000000002 0.40000000000000002
0.80000000000000004 0.90000000000000002 0.40000000000000002
0.69999999999999996 1 0.40000000000000002
0.80000000000000004 1 0.40000000000000002
0.80000000000000004 0.90000000000000002 0.29999999999999999
0.90000000000000002 0.90000000000000002 0.29999999999999999
0.80000000000000004 1 0.29999999999999999
0.90000000000000002 1 0.29999999999999999
0.80000000000000004 0.90000000000000002 0.40000000000000002
0.90000000000000002 0.90000000000000002 0.40000000000000002
0.80000000000000004 1 0.40000000000000002
0.90000000000000002 1 0.40000000000000002
0.90000000000000002 0.90000000000000002 0.29999999999999999
1 0.90000000000000002 0.29999999999999999
0.90000000000000002 1 0.29999999999999999
1 1 0.29999999999999999
0.90000000000000002 0.90000000000000002 0.40000000000000002
1 0.90000000000000002 0.40000000000000002
0.90000000000000002 1 0.40000000000000002
1 1 0.40000000000000002
0.90000000000000002 0.80000000000000004 0.29999999999999999
1 0.80000000000000004 0.29999999999999999
0.90000000000000002 0.90000000000000002 0.29999999999999999
1 0.90000000000000002 0.29999999999999999
0.90000000000000002 0.80000000000000004 0.40000000000000002
1 0.80000000000000004 0.40000000000000002
0.90000000000000002 0.90000000000000002 0.40000000000000002
1 0.90000000000000002 0.40000000000000002
0.80000000000000004 0.80000000000000004 0.29999999999999999
0.90000000000000002 0.80000000000000004 0.29999999999999999
0.80000000000000004 0.90000000000000002 0.29999999999999999
0.90000000000000002 0.90000000000000002 0.29999999999999999
0.80000000000000004 0.80000000000000004 0.40000000000000002
0.90000000000000002 0.80000000000000004 0.40000000000000002
0.80000000000000004 0.90000000000000002 0.40000000000000002
0.90000000000000002 0.90000000000000002 0.40000000000000002
0.80000000000000004 0.80000000000000004 0.20000000000000001
0.90000000000000002 0.80000000000000004 0.20000000000000001
0.80000000000000004 0.90000000000000002 0.20000000000000001
0.90000000000000002 0.90000000000000002 0.20000000000000001
0.80000000000000004 0.80000000000000004 0.29999999999999999
0.90000000000000002 0.80000000000000004 0.29999999999999999
0.80000000000000004 0.90000000000000002 0.29999999999999999
0.90000000000000002 0.90000000000000002 0.29999999999999999
0.90000000000000002 0.80000000000000004 0.20000000000000001
1 0.80000000000000004 0.20000000000000001
0.90000000000000002 0.90000000000000002 0.20000000000000001
1 0.90000000000000002 0.20000000000000001
0.90000000000000002 0.80000000000000004 0.29999999999999999
1 0.80000000000000004 0.29999999999999999
0.90000000000000002 0.90000000000000002 0.29999999999999999
1 0.90000000000000002 0.29999999999999999
0.90000000000000002 0.90000000000000002 0.20000000000000001
1 0.90000000000000002 0.20000000000000001
0.90000000000000002 1 0.20000000000000001
1 1 0.20000000000000001
0.90000000000000002 0.90000000000000002 0.29999999999999999
1 0.90000000000000002 0.29999999999999999
0.90000000000000002 1 0.29999999999999999
1 1 0.29999999999999999
0.80000000000000004 0.90000000000000002 0.20000000000000001
0.90000000000000002 0.90000000000000002 0.20000000000000001
0.80000000000000004 1 0.20000000000000001
0.90000000000000002 1 0.20000000000000001
0.80000000000000004 0.90000000000000002 0.29999999999999999
0.90000000000000002 0.90000000000000002 0.29999999999999999
0.80000000000000004 1 0.29999999999999999
0.90000000000000002 1 0.29999999999999999
0.80000000000000004 0.90000000000000002 0.10000000000000001
0.90000000000000002 0.90000000000000002 0.10000000000000001
0.80000000000000004 1 0.10000000000000001
0.90000000000000002 1 0.10000000000000001
0.80000000000000004 0.90000000000000002 0.20000000000000001
0.90000000000000002 0.90000000000000002 0.20000000000000001
0.80000000000000004 1 0.20000000000000001
0.90000000000000002 1 0.20000000000000001
0.90000000000000002 0.90000000000000002 0.10000000000000001
1 0.90000000000000002 0.10000000000000001
0.90000000000000002 1 0.10000000000000001
1 1 0.10000000000000001
0.90000000000000002 0.90000000000000002 0.20000000000000001
1 0.90000000000000002 0.20000000000000001
0.90000000000000002 1 0.20000000000000001
1 1 0.20000000000000001
0.90000000000000002 0.80000000000000004 0.10000000000000001
1 0.80000000000000004 0.10000000000000001
0.90000000000000002 0.90000000000000002 0.10000000000000001
1 0.90000000000000002 0.10000000000000001
0.90000000000000002 0.80000000000000004 0.20000000000000001
1 0.80000000000000004 0.20000000000000001
0.90000000000000002 0.90000000000000002 0.20000000000000001
1 0.90000000000000002 0.20000000000000001
0.80000000000000004 0.80000000000000004 0.10000000000000001
0.90000000000000002 0.80000000000000004 0.10000000000000001
0.80000000000000004 0.90000000000000002 0.10000000000000001
0.90000000000000002 0.90000000000000002 0.10000000000000001
0.80000000000000004 0.80000000000000004 0.20000000000000001
0.90000000000000002 0.80000000000000004 0.20000000000000001
0.80000000000000004 0.90000000000000002 0.20000000000000001
0.90000000000000002 0.90000000000000002 0.20000000000000001
0.80000000000000004 0.80000000000000004 0
0.90000000000000002 0.80000000000000004 0
0.80000000000000004 0.90000000000000002 0
0.90000000000000002 0.90000000000000002 0
0.80000000000000004 0.80000000000000004 0.10000000000000001
0.90000000000000002 0.80000000000000004 0.10000000000000001
0.80000000000000004 0.90000000000000002 0.10000000000000001
0.90000000000000002 0.90000000000000002 0.10000000000000001
0.90000000000000002 0.80000000000000004 0
1 0.80000000000000004 0
0.90000000000000002 0.90000000000000002 0
1 0.90000000000000002 0
0.90000000000000002 0.80000000000000004 0.10000000000000001
1 0.80000000000000004 0.10000000000000001
0.90000000000000002 0.90000000000000002 0.10000000000000001
1 0.90000000000000002 0.10000000000000001
0.90000000000000002 0.90000000000000002 0
1 0.90000000000000002 0
0.90000000000000002 1 0
1 1 0
0.90000000000000002 0.90000000000000002 0.10000000000000001
1 0.90000000000000002 0.10000000000000001
0.90000000000000002 1 0.10000000000000001
1 1 0.10000000000000001
0.80000000000000004 0.90000000000000002 0
0.90000000000000002 0.90000000000000002 0
0.80000000000000004 1 0
0.90000000000000002 1 0
0.80000000000000004 0.90000000000000002 0.10000000000000001
0.90000000000000002 0.90000000000000002 0.10000000000000001
0.80000000000000004 1 0.10000000000000001
0.90000000000000002 1 0.10000000000000001
0.69999999999999996 0.90000000000000002 0
0.80000000000000004 0.90000000000000002 0
0.69999999999999996 1 0
0.80000000000000004 1 0
0.69999999999999996 0.90000000000000002 0.10000000000000001
0.80000000000000004 0.90000000000000002 0.10000000000000001
0.69999999999999996 1 0.10000000000000001
0.80000000000000004 1 0.10000000000000001
0.69999999999999996 0.90000000000000002 0.10000000000000001
0.80000000000000004 0.90000000000000002 0.10000000000000001
0.69999999999999996 1 0.10000000000000001
0.80000000000000004 1 0.10000000000000001
0.69999999999999996 0.90000000000000002 0.20000000000000001
0.80000000000000004 0.90000000000000002 0.20000000000000001
0.69999999999999996 1 0.20000000000000001
0.80000000000000004 1 0.20000000000000001
0.59999999999999998 0.90000000000000002 0.10000000000000001
0.69999999999999996 0.90000000000000002 0.10000000000000001
0.59999999999999998 1 0.10000000000000001
0.69999999999999996 1 0.10000000000000001
0.59999999999999998 0.90000000000000002 0.20000000000000001
0.69999999999999996 0.90000000000000002 0.20000000000000001
0.59999999999999998 1 0.20000000000000001
0.69999999999999996 1 0.20000000000000001
0.59999999999999998 0.90000000000000002 0
0.69999999999999996 0.90000000000000002 0
0.59999999999999998 1 0
0.69999999999999996 1 0
0.59999999999999998 0.90000000000000002 0.10000000000000001
0.69999999999999996 0.90000000000000002 0.10000000000000001
0.59999999999999998 1 0.10000000000000001
0.69999999999999996 1 0.10000000000000001
0.59999999999999998 0.80000000000000004 0
0.69999999999999996 0.80000000000000004 0
0.59999999999999998 0.90000000000000002 0
0.69999999999999996 0.90000000000000002 0
0.59999999999999998 0.80000000000000004 0.10000000000000001
0.69999999999999996 0.80000000000000004 0.10000000000000001
0.59999999999999998 0.90000000000000002 0.10000000000000001
0.69999999999999996 0.90000000000000002 0.10000000000000001
0.59999999999999998 0.80000000000000004 0.10000000000000001
0.69999999999999996 0.80000000000000004 0.10000000000000001
0.59999999999999998 0.90000000000000002 0.10000000000000001
0.69999999999999996 0.90000000000000002 0.10000000000000001
0.59999999999999998 0.80000000000000004 0.20000000000000001
0.69999999999999996 0.80000000000000004 0.20000000000000001
0.59999999999999998 0.90000000000000002 0.20000000000000001
0.69999999999999996 0.90000000000000002 0.20000000000000001
0.69999999999999996 0.80000000000000004 0.10000000000000001
0.80000000000000004 0.80000000000000004 0.10000000000000001
0.69999999999999996 0.90000000000000002 0.10000000000000001
0.80000000000000004 0.90000000000000002 0.10000000000000001
0.69999999999999996 0.80000000000000004 0.20000000000000001
0.80000000000000004 0.80000000000000004 0.20000000000000001
0.69999999999999996 0.90000000000000002 0.20000000000000001
0.80000000000000004 0.90000000000000002 0.20000000000000001
0.69999999999999996 0.80000000000000004 0
0.80000000000000004 0.80000000000000004 0
0.69999999999999996 0.90000000000000002 0
0.80000000000000004 0.90000000000000002 0
0.69999999999999996 0.80000000000000004 0.10000000000000001
0.80000000000000004 0.80000000000000004 0.10000000000000001
0.69999999999999996 0.90000000000000002 0.10000000000000001
0.80000000000000004 0.90000000000000002 0.10000000000000001
0.69999999999999996 0.69999999999999996 0
0.80000000000000004 0.69999999999999996 0
0.69999999999999996 0.80000000000000004 0
0.80000000000000004 0.80000000000000004 0
0.69999999999999996 0.69999999999999996 0.10000000000000001
0.80000000000000004 0.69999999999999996 0.10000000000000001
0.69999999999999996 0.80000000000000004 0.10000000000000001
0.80000000000000004 0.80000000000000004 0.10000000000000001
0.69999999999999996 0.69999999999999996 0.10000000000000001
0.80000000000000004 0.69999999999999996 0.10000000000000001
0.69999999999999996 0.80000000000000004 0.10000000000000001
0.80000000000000004 0.80000000000000004 0.10000000000000001
0.69999999999999996 0.69999999999999996 0.20000000000000001
0.80000000000000004 0.69999999999999996 0.20000000000000001
0.69999999999999996 0.80000000000000004 0.20000000000000001
0.80000000000000004 0.80000000000000004 0.20000000000000001
0.59999999999999998 0.69999999999999996 0.10000000000000001
0.69999999999999996 0.69999999999999996 0.10000000000000001
0.59999999999999998 0.80000000000000004 0.10000000000000001
0.69999999999999996 0.80000000000000004 0.10000000000000001
0.59999999999999998 0.69999999999999996 0.20000000000000001
0.69999999999999996 0.69999999999999996 0.20000000000000001
0.59999999999999998 0.80000000000000004 0.20000000000000001
0.69999999999999996 0.80000000000000004 0.20000000000000001
0.59999999999999998 0.69999999999999996 0
0.69999999999999996 0.69999999999999996 0
0.59999999999999998 0.80000000000000004 0
0.69999999999999996 0.80000000000000004 0
0.59999999999999998 0.69999999999999996 0.10000000000000001
0.69999999999999996 0.69999999999999996 0.10000000000000001
0.59999999999999998 0.80000000000000004 0.10000000000000001
0.69999999999999996 0.80000000000000004 0.10000000000000001
0.59999999999999998 0.59999999999999998 0
0.69999999999999996 0.59999999999999998 0
0.59999999999999998 0.69999999999999996 0
0.69999999999999996 0.69999999999999996 0
0.59999999999999998 0.59999999999999998 0.10000000000000001
0.69999999999999996 0.59999999999999998 0.10000000000000001
0.59999999999999998 0.69999999999999996 0.10000000000000001
0.69999999999999996 0.69999999999999996 0.10000000000000001
0.59999999999999998 0.59999999999999998 0.10000000000000001
0.69999999999999996 0.59999999999999998 0.10000000000000001
0.59999999999999998 0.69999999999999996 0.10000000000000001
0.69999999999999996 0.69999999999999996 0.10000000000000001
0.59999999999999998 0.59999999999999998 0.20000000000000001
0.69999999999999996 0.59999999999999998 0.20000000000000001
0.59999999999999998 0.69999999999999996 0.20000000000000001
0.69999999999999996 0.69999999999999996 0.20000000000000001
0.69999999999999996 0.59999999999999998 0.10000000000000001
0.80000000000000004 0.59999999999999998 0.10000000000000001
0.69999999999999996 0.69999999999999996 0.10000000000000001
0.80000000000000004 0.69999999999999996 0.10000000000000001
0.69999999999999996 0.59999999999999998 0.20000000000000001
0.80000000000000004 0.59999999999999998 0.20000000000000001
0.69999999999999996 0.69999999999999996 0.20000000000000001
0.80000000000000004 0.69999999999999996 0.20000000000000001
0.69999999999999996 0.59999999999999998 0
0.80000000000000004 0.59999999999999998 0
0.69999999999999996 0.69999999999999996 0
0.80000000000000004 0.69999999999999996 0
0.69999999999999996 0.59999999999999998 0.10000000000000001
0.80000000000000004 0.59999999999999998 0.10000000000000001
0.69999999999999996 0.69999999999999996 0.10000000000000001
0.80000000000000004 0.69999999999999996 0.10000000000000001
0.80000000000000004 0.59999999999999998 0
0.90000000000000002 0.59999999999999998 0
0.80000000000000004 0.69999999999999996 0
0.90000000000000002 0.69999999999999996 0
0.80000000000000004 0.59999999999999998 0.10000000000000001
0.90000000000000002 0.59999999999999998 0.10000000000000001
0.80000000000000004 0.69999999999999996 0.10000000000000001
0.90000000000000002 0.69999999999999996 0.10000000000000001
0.80000000000000004 0.69999999999999996 0
0.90000000000000002 0.69999999999999996 0
0.80000000000000004 0.80000000000000004 0
0.90000000000000002 0.80000000000000004 0
0.80000000000000004 0.69999999999999996 0.10000000000000001
0.90000000000000002 0.69999999999999996 0.10000000000000001
0.80000000000000004 0.80000000000000004 0.10000000000000001
0.90000000000000002 0.80000000000000004 0.10000000000000001
0.80000000000000004 0.69999999999999996 0.10000000000000001
0.90000000000000002 0.69999999999999996 0.10000000000000001
0.80000000000000004 0.80000000000000004 0.10000000000000001
0.90000000000000002 0.80000000000000004 0.10000000000000001
0.80000000000000004 0.69999999999999996 0.20000000000000001
0.90000000000000002 0.69999999999999996 0.20000000000000001
0.80000000000000004 0.80000000000000004 0.20000000000000001
0.90000000000000002 0.80000000000000004 0.20000000000000001
0.80000000000000004 0.59999999999999998 0.10000000000000001
0.90000000000000002 0.59999999999999998 0.10000000000000001
0.80000000000000004 0.69999999999999996 0.10000000000000001
0.90000000000000002 0.69999999999999996 0.10000000000000001
0.80000000000000004 0.59999999999999998 0.20000000000000001
0.90000000000000002 0.59999999999999998 0.20000000000000001
0.80000000000000004 0.69999999999999996 0.20000000000000001
0.90000000000000002 0.69999999999999996 0.20000000000000001
0.90000000000000002 0.59999999999999998 0.10000000000000001
1 0.59999999999999998 0.10000000000000001
0.90000000000000002 0.69999999999999996 0.10000000000000001
1 0.69999999999999996 0.10000000000000001
0.90000000000000002 0.59999999999999998 0.20000000000000001
1 0.59999999999999998 0.20000000000000001
0.90000000000000002 0.69999999999999996 0.20000000000000001
1 0.69999999999999996 0.20000000000000001
0.90000000000000002 0.69999999999999996 0.10000000000000001
1 0.69999999999999996 0.10000000000000001
0.90000000000000002 0.80000000000000004 0.10000000000000001
1 0.80000000000000004 0.10000000000000001
0.90000000000000002 0.69999999999999996 0.20000000000000001
1 0.69999999999999996 0.20000000000000001
0.90000000000000002 0.80000000000000004 0.20000000000000001
1 0.80000000000000004 0.20000000000000001
0.90000000000000002 0.69999999999999996 0
1 0.69999999999999996 0
0.90000000000000002 0.80000000000000004 0
1 0.80000000000000004 0
0.90000000000000002 0.69999999999999996 0.10000000000000001
1 0.69999999999999996 0.10000000000000001
0.90000000000000002 0.80000000000000004 0.10000000000000001
1 0.80000000000000004 0.10000000000000001
0.90000000000000002 0.59999999999999998 0
1 0.59999999999999998 0
0.90000000000000002 0.69999999999999996 0
1 0.69999999999999996 0
0.90000000000000002 0.59999999999999998 0.10000000000000001
1 0.59999999999999998 0.10000000000000001
0.90000000000000002 0.69999999999999996 0.10000000000000001
1 0.69999999999999996 0.10000000000000001
0.90000000000000002 0.5 0
1 0.5 0
0.90000000000000002 0.59999999999999998 0
1 0.59999999999999998 0
0.90000000000000002 0.5 0.10000000000000001
1 0.5 0.10000000000000001
0.90000000000000002 0.59999999999999998 0.10000000000000001
1 0.59999999999999998 0.10000000000000001
0.90000000000000002 0.40000000000000002 0
1 0.40000000000000002 0
0.90000000000000002 0.5 0
1 0.5 0
0.90000000000000002 0.40000000000000002 0.10000000000000001
1 0.40000000000000002 0.10000000000000001
0.90000000000000002 0.5 0.10000000000000001
1 0.5 0.10000000000000001
0.90000000000000002 0.40000000000000002 0.10000000000000001
1 0.40000000000000002 0.10000000000000001
0.90000000000000002 0.5 0.10000000000000001
1 0.5 0.10000000000000001
0.90000000000000002 0.40000000000000002 0.20000000000000001
1 0.40000000000000002 0.20000000000000001
0.90000000000000002 0.5 0.20000000000000001
1 0.5 0.20000000000000001
0.90000000000000002 0.5 0.10000000000000001
1 0.5 0.10000000000000001
0.90000000000000002 0.59999999999999998 0.10000000000000001
1 0.59999999999999998 0.10000000000000001
0.90000000000000002 0.5 0.20000000000000001
1 0.5 0.20000000000000001
0.90000000000000002 0.59999999999999998 0.20000000000000001
1 0.59999999999999998 0.20000000000000001
0.80000000000000004 0.5 0.10000000000000001
0.90000000000000002 0.5 0.10000000000000001
0.80000000000000004 0.59999999999999998 0.10000000000000001
0.90000000000000002 0.59999999999999998 0.10000000000000001
0.80000000000000004 0.5 0.20000000000000001
0.90000000000000002 0.5 0.20000000000000001
0.80000000000000004 0.59999999999999998 0.20000000000000001
0.90000000000000002 0.59999999999999998 0.20000000000000001
0.80000000000000004 0.40000000000000002 0.10000000000000001
0.90000000000000002 0.40000000000000002 0.10000000000000001
0.80000000000000004 0.5 0.10000000000000001
0.90000000000000002 0.5 0.10000000000000001
0.80000000000000004 0.40000000000000002 0.20000000000000001
0.90000000000000002 0.40000000000000002 0.20000000000000001
0.80000000000000004 0.5 0.20000000000000001
0.90000000000000002 0.5 0.20000000000000001
0.80000000000000004 0.40000000000000002 0
0.90000000000000002 0.40000000000000002 0
0.80000000000000004 0.5 0
0.90000000000000002 0.5 0
0.80000000000000004 0.40000000000000002 0.10000000000000001
0.90000000000000002 0.40000000000000002 0.10000000000000001
0.80000000000000004 0.5 0.10000000000000001
0.90000000000000002 0.5 0.10000000000000001
0.80000000000000004 0.5 0
0.90000000000000002 0.5 0
0.80000000000000004 0.59999999999999998 0
0.90000000000000002 0.59999999999999998 0
0.80000000000000004 0.5 0.10000000000000001
0.90000000000000002 0.5 0.10000000000000001
0.80000000000000004 0.59999999999999998 0.10000000000000001
0.90000000000000002 0.59999999999999998 0.10000000000000001
0.69999999999999996 0.5 0
0.80000000000000004 0.5 0
0.69999999999999996 0.59999999999999998 0
0.80000000000000004 0.59999999999999998 0
0.69999999999999996 0.5 0.10000000000000001
0.80000000000000004 0.5 0.10000000000000001
0.69999999999999996 0.59999999999999998 0.10000000000000001
0.80000000000000004 0.59999999999999998 0.10000000000000001
0.69999999999999996 0.5 0.10000000000000001
0.80000000000000004 0.5 0.10000000000000001
0.69999999999999996 0.59999999999999998 0.10000000000000001
0.80000000000000004 0.59999999999999998 0.10000000000000001
0.69999999999999996 0.5 0.20000000000000001
0.80000000000000004 0.5 0.20000000000000001
0.69999999999999996 0.59999999999999998 0.20000000000000001
0.80000000000000004 0.59999999999999998 0.20000000000000001
0.59999999999999998 0.5 0.10000000000000001
0.69999999999999996 0.5 0.10000000000000001
0.59999999999999998 0.59999999999999998 0.10000000000000001
0.69999999999999996 0.59999999999999998 0.10000000000000001
0.59999999999999998 0.5 0.20000000000000001
0.69999999999999996 0.5 0.20000000000000001
0.59999999999999998 0.59999999999999998 0.20000000000000001
0.69999999999999996 0.59999999999999998 0.20000000000000001
0.59999999999999998 0.5 0
0.69999999999999996 0.5 0
0.59999999999999998 0.59999999999999998 0
0.69999999999999996 0.59999999999999998 0
0.59999999999999998 0.5 0.10000000000000001
0.69999999999999996 0.5 0.10000000000000001
0.59999999999999998 0.59999999999999998 0.10000000000000001
0.69999999999999996 0.59999999999999998 0.10000000000000001
0.59999999999999998 0.40000000000000002 0
0.69999999999999996 0.40000000000000002 0
0.59999999999999998 0.5 0
0.69999999999999996 0.5 0
0.59999999999999998 0.40000000000000002 0.10000000000000001
0.69999999999999996 0.40000000000000002 0.10000000000000001
0.59999999999999998 0.5 0.10000000000000001
0.69999999999999996 0.5 0.10000000000000001
0.59999999999999998 0.40000000000000002 0.10000000000000001
0.69999999999999996 0.40000000000000002 0.10000000000000001
0.59999999999999998 0.5 0.10000000000000001
0.69999999999999996 0.5 0.10000000000000001
0.59999999999999998 0.40000000000000002 0.20000000000000001
0.69999999999999996 0.40000000000000002 0.20000000000000001
0.59999999999999998 0.5 0.20000000000000001
0.69999999999999996 0.5 0.20000000000000001
0.69999999999999996 0.40000000000000002 0.10000000000000001
0.80000000000000004 0.40000000000000002 0.10000000000000001
0.69999999999999996 0.5 0.10000000000000001
0.80000000000000004 0.5 0.10000000000000001
0.69999999999999996 0.40000000000000002 0.20000000000000001
0.80000000000000004 0.40000000000000002 0.20000000000000001
0.69999999999999996 0.5 0.20000000000000001
0.80000000000000004 0.5 0.20000000000000001
0.69999999999999996 0.40000000000000002 0
0.80000000000000004 0.40000000000000002 0
0.69999999999999996 0.5 0
0.80000000000000004 0.5 0
0.69999999999999996 0.40000000000000002 0.10000000000000001
0.80000000000000004 0.40000000000000002 0.10000000000000001
0.69999999999999996 0.5 0.10000000000000001
0.80000000000000004 0.5 0.10000000000000001
0.69999999999999996 0.29999999999999999 0
0.80000000000000004 0.29999999999999999 0
0.69999999999999996 0.40000000000000002 0
0.80000000000000004 0.40000000000000002 0
0.69999999999999996 0.29999999999999999 0.10000000000000001
0.80000000000000004 0.29999999999999999 0.10000000000000001
0.69999999999999996 0.40000000000000002 0.10000000000000001
0.80000000000000004 0.40000000000000002 0.10000000000000001
0.69999999999999996 0.29999999999999999 0.10000000000000001
0.80000000000000004 0.29999999999999999 0.10000000000000001
0.69999999999999996 0.40000000000000002 0.10000000000000001
0.80000000000000004 0.40000000000000002 0.10000000000000001
0.69999999999999996 0.29999999999999999 0.20000000000000001
0.80000000000000004 0.29999999999999999 0.20000000000000001
0.69999999999999996 0.40000000000000002 0.20000000000000001
0.80000000000000004 0.40000000000000002 0.20000000000000001
0.59999999999999998 0.29999999999999999 0.10000000000000001
0.69999999999999996 0.29999999999999999 0.10000000000000001
0.59999999999999998 0.40000000000000002 0.10000000000000001
0.69999999999999996 0.40000000000000002 0.10000000000000001
0.59999999999999998 0.29999999999999999 0.20000000000000001
0.69999999999999996 0.29999999999999999 0.20000000000000001
0.59999999999999998 0.40000000000000002 0.20000000000000001
0.69999999999999996 0.40000000000000002 0.20000000000000001
0.59999999999999998 0.29999999999999999 0
0.69999999999999996 0.29999999999999999 0
0.59999999999999998 0.40000000000000002 0
0.69999999999999996 0.40000000000000002 0
0.59999999999999998 0.29999999999999999 0.10000000000000001
0.69999999999999996 0.29999999999999999 0.10000000000000001
0.59999999999999998 0.40000000000000002 0.10000000000000001
0.69999999999999996 0.40000000000000002 0.10000000000000001
0.59999999999999998 0.20000000000000001 0
0.69999999999999996 0.20000000000000001 0
0.59999999999999998 0.29999999999999999 0
0.69999999999999996 0.29999999999999999 0
0.59999999999999998 0.20000000000000001 0.10000000000000001
0.69999999999999996 0.20000000000000001 0.10000000000000001
0.59999999999999998 0.29999999999999999 0.10000000000000001
0.69999999999999996 0.29999999999999999 0.10000000000000001
0.59999999999999998 0.20000000000000001 0.10000000000000001
0.69999999999999996 0.20000000000000001 0.10000000000000001
0.59999999999999998 0.29999999999999999 0.10000000000000001
0.69999999999999996 0.29999999999999999 0.10000000000000001
0.59999999999999998 0.20000000000000001 0.20000000000000001
0.69999999999999996 0.20000000000000001 0.20000000000000001
0.59999999999999998 0.29999999999999999 0.20000000000000001
0.69999999999999996 0.29999999999999999 0.20000000000000001
0.69999999999999996 0.20000000000000001 0.10000000000000001
0.80000000000000004 0.20000000000000001 0.10000000000000001
0.69999999999999996 0.29999999999999999 0.10000000000000001
0.80000000000000004 0.29999999999999999 0.10000000000000001
0.69999999999999996 0.20000000000000001 0.20000000000000001
0.80000000000000004 0.20000000000000001 0.20000000000000001
0.69999999999999996 0.29999999999999999 0.20000000000000001
0.80000000000000004 0.29999999999999999 0.20000000000000001
0.69999999999999996 0.20000000000000001 0
0.80000000000000004 0.20000000000000001 0
0.69999999999999996 0.29999999999999999 0
0.80000000000000004 0.29999999999999999 0
0.69999999999999996 0.20000000000000001 0.10000000000000001
0.80000000000000004 0.20000000000000001 0.10000000000000001
0.69999999999999996 0.29999999999999999 0.10000000000000001
0.80000000000000004 0.29999999999999999 0.10000000000000001
0.80000000000000004 0.20000000000000001 0
0.90000000000000002 0.20000000000000001 0
0.80000000000000004 0.29999999999999999 0
0.90000000000000002 0.29999999999999999 0
0.80000000000000004 0.20000000000000001 0.10000000000000001
0.90000000000000002 0.20000000000000001 0.10000000000000001
0.80000000000000004 0.29999999999999999 0.10000000000000001
0.90000000000000002 0.29999999999999999 0.10000000000000001
0.90000000000000002 0.20000000000000001 0
1 0.20000000000000001 0
0.90000000000000002 0.29999999999999999 0
1 0.29999999999999999 0
0.90000000000000002 0.20000000000000001 0.10000000000000001
1 0.20000000000000001 0.10000000000000001
0.90000000000000002 0.29999999999999999 0.10000000000000001
1 0.29999999999999999 0.10000000000000001
0.90000000000000002 0.29999999999999999 0
1 0.29999999999999999 0
0.90000000000000002 0.40000000000000002 0
1 0.40000000000000002 0
0.90000000000000002 0.29999999999999999 0.10000000000000001
1 0.29999999999999999 0.10000000000000001
0.90000000000000002 0.40000000000000002 0.10000000000000001
1 0.40000000000000002 0.10000000000000001
0.80000000000000004 0.29999999999999999 0
0.90000000000000002 0.29999999999999999 0
0.80000000000000004 0.40000000000000002 0
0.90000000000000002 0.40000000000000002 0
0.80000000000000004 0.29999999999999999 0.10000000000000001
0.90000000000000002 0.29999999999999999 0.10000000000000001
0.80000000000000004 0.40000000000000002 0.10000000000000001
0.90000000000000002 0.40000000000000002 0.10000000000000001
0.80000000000000004 0.29999999999999999 0.10000000000000001
0.90000000000000002 0.29999999999999999 0.10000000000000001
0.80000000000000004 0.40000000000000002 0.10000000000000001
0.90000000000000002 0.40000000000000002 0.10000000000000001
0.80000000000000004 0.29999999999999999 0.20000000000000001
0.90000000000000002 0.29999999999999999 0.20000000000000001
0.80000000000000004 0.40000000000000002 0.20000000000000001
0.90000000000000002 0.40000000000000002 0.20000000000000001
0.90000000000000002 0.29999999999999999 0.10000000000000001
1 0.29999999999999999 0.10000000000000001
0.90000000000000002 0.40000000000000002 0.10000000000000001
1 0.40000000000000002 0.10000000000000001
0.90000000000000002 0.29999999999999999 0.20000000000000001
1 0.29999999999999999 0.20000000000000001
0.90000000000000002 0.40000000000000002 0.20000000000000001
1 0.40000000000000002 0.20000000000000001
0.90000000000000002 0.20000000000000001 0.10000000000000001
1 0.20000000000000001 0.10000000000000001
0.90000000000000002 0.29999999999999999 0.10000000000000001
1 0.29999999999999999 0.10000000000000001
0.90000000000000002 0.20000000000000001 0.20000000000000001
1 0.20000000000000001 0.20000000000000001
0.90000000000000002 0.29999999999999999 0.20000000000000001
1 0.29999999999999999 0.20000000000000001
0.80000000000000004 0.20000000000000001 0.10000000000000001
0.90000000000000002 0.20000000000000001 0.10000000000000001
0.80000000000000004 0.29999999999999999 0.10000000000000001
0.90000000000000002 0.29999999999999999 0.10000000000000001
0.80000000000000004 0.20000000000000001 0.20000000000000001
0.90000000000000002 0.20000000000000001 0.20000000000000001
0.80000000000000004 0.29999999999999999 0.20000000000000001
0.90000000000000002 0.29999999999999999 0.20000000000000001
0.80000000000000004 0.20000000000000001 0.20000000000000001
0.90000000000000002 0.20000000000000001 0.20000000000000001
0.80000000000000004 0.29999999999999999 0.20000000000000001
0.90000000000000002 0.29999999999999999 0.20000000000000001
0.80000000000000004 0.20000000000000001 0.29999999999999999
0.90000000000000002 0.20000000000000001 0.29999999999999999
0.80000000000000004 0.29999999999999999 0.29999999999999999
0.90000000000000002 0.29999999999999999 0.29999999999999999
0.90000000000000002 0.20000000000000001 0.20000000000000001
1 0.20000000000000001 0.20000000000000001
0.90000000000000002 0.29999999999999999 0.20000000000000001
1 0.29999999999999999 0.20000000000000001
0.90000000000000002 0.20000000000000001 0.29999999999999999
1 0.20000000000000001 0.29999999999999999
0.90000000000000002 0.29999999999999999 0.29999999999999999
1 0.29999999999999999 0.29999999999999999
0.90000000000000002 0.29999999999999999 0.20000000000000001
1 0.29999999999999999 0.20000000000000001
0.90000000000000002 0.40000000000000002 0.20000000000000001
1 0.40000000000000002 0.20000000000000001
0.90000000000000002 0.29999999999999999 0.29999999999999999
1 0.29999999999999999 0.29999999999999999
0.90000000000000002 0.40000000000000002 0.29999999999999999
1 0.40000000000000002 0.29999999999999999
0.80000000000000004 0.29999999999999999 0.20000000000000001
0.90000000000000002 0.29999999999999999 0.20000000000000001
0.80000000000000004 0.40000000000000002 0.20000000000000001
0.90000000000000002 0.40000000000000002 0.20000000000000001
0.80000000000000004 0.29999999999999999 0.29999999999999999
0.90000000000000002 0.29999999999999999 0.29999999999999999
0.80000000000000004 0.40000000000000002 0.29999999999999999
0.90000000000000002 0.40000000000000002 0.29999999999999999
0.80000000000000004 0.29999999999999999 0.29999999999999999
0.90000000000000002 0.29999999999999999 0.29999999999999999
0.80000000000000004 0.40000000000000002 0.29999999999999999
0.90000000000000002 0.40000000000000002 0.29999999999999999
0.80000000000000004 0.29999999999999999 0.40000000000000002
0.90000000000000002 0.29999999999999999 0.40000000000000002
0.80000000000000004 0.40000000000000002 0.40000000000000002
0.90000000000000002 0.40000000000000002 0.40000000000000002
0.90000000000000002 0.29999999999999999 0.29999999999999999
1 0.29999999999999999 0.29999999999999999
0.90000000000000002 0.40000000000000002 0.29999999999999999
1 0.40000000000000002 0.29999999999999999
0.90000000000000002 0.29999999999999999 0.40000000000000002
1 0.29999999999999999 0.40000000000000002
0.90000000000000002 0.40000000000000002 0.40000000000000002
1 0.40000000000000002 0.40000000000000002
0.90000000000000002 0.20000000000000001 0.29999999999999999
1 0.20000000000000001 0.29999999999999999
0.90000000000000002 0.29999999999999999 0.29999999999999999
1 0.29999999999999999 0.29999999999999999
0.90000000000000002 0.20000000000000001 0.40000000000000002
1 0.20000000000000001 0.40000000000000002
0.90000000000000002 0.29999999999999999 0.40000000000000002
1 0.29999999999999999 0.40000000000000002
0.80000000000000004 0.20000000000000001 0.29999999999999999
0.90000000000000002 0.20000000000000001 0.29999999999999999
0.80000000000000004 0.29999999999999999 0.29999999999999999
0.90000000000000002 0.29999999999999999 0.29999999999999999
0.80000000000000004 0.20000000000000001 0.40000000000000002
0.90000000000000002 0.20000000000000001 0.40000000000000002
0.80000000000000004 0.29999999999999999 0.40000000000000002
0.90000000000000002 0.29999999999999999 0.40000000000000002
0.69999999999999996 0.20000000000000001 0.29999999999999999
0.80000000000000004 0.20000000000000001 0.29999999999999999
0.69999999999999996 0.29999999999999999 0.29999999999999999
0.80000000000000004 0.29999999999999999 0.29999999999999999
0.69999999999999996 0.20000000000000001 0.40000000000000002
0.80000000000000004 0.20000000000000001 0.40000000000000002
0.69999999999999996 0.29999999999999999 0.40000000000000002
0.80000000000000004 0.29999999999999999 0.40000000000000002
0.69999999999999996 0.20000000000000001 0.20000000000000001
0.80000000000000004 0.20000000000000001 0.20000000000000001
0.69999999999999996 0.29999999999999999 0.20000000000000001
0.80000000000000004 0.29999999999999999 0.20000000000000001
0.69999999999999996 0.20000000000000001 0.29999999999999999
0.80000000000000004 0.20000000000000001 0.29999999999999999
0.69999999999999996 0.29999999999999999 0.29999999999999999
0.80000000000000004 0.29999999999999999 0.29999999999999999
0.59999999999999998 0.20000000000000001 0.20000000000000001
0.69999999999999996 0.20000000000000001 0.20000000000000001
0.59999999999999998 0.29999999999999999 0.20000000000000001
0.69999999999999996 0.29999999999999999 0.20000000000000001
0.59999999999999998 0.20000000000000001 0.29999999999999999
0.69999999999999996 0.20000000000000001 0.29999999999999999
0.59999999999999998 0.29999999999999999 0.29999999999999999
0.69999999999999996 0.29999999999999999 0.29999999999999999
0.59999999999999998 0.20000000000000001 0.29999999999999999
0.69999999999999996 0.20000000000000001 0.29999999999999999
0.59999999999999998 0.29999999999999999 0.29999999999999999
0.69999999999999996 0.29999999999999999 0.29999999999999999
0.59999999999999998 0.20000000000000001 0.40000000000000002
0.69999999999999996 0.20000000000000001 0.40000000000000002
0.59999999999999998 0.29999999999999999 0.40000000000000002
0.69999999999999996 0.29999999999999999 0.40000000000000002
0.59999999999999998 0.29999999999999999 0.29999999999999999
0.69999999999999996 0.29999999999999999 0.29999999999999999
0.59999999999999998 0.40000000000000002 0.29999999999999999
0.69999999999999996 0.40000000000000002 0.29999999999999999
0.59999999999999998 0.29999999999999999 0.40000000000000002
0.69999999999999996 0.29999999999999999 0.40000000000000002
0.59999999999999998 0.40000000000000002 0.40000000000000002
0.69999999999999996 0.40000000000000002 0.40000000000000002
0.59999999999999998 0.29999999999999999 0.20000000000000001
0.69999999999999996 0.29999999999999999 0.20000000000000001
0.59999999999999998 0.40000000000000002 0.20000000000000001
0.69999999999999996 0.40000000000000002 0.20000000000000001
0.59999999999999998 0.29999999999999999 0.29999999999999999
0.69999999999999996 0.29999999999999999 0.29999999999999999
0.59999999999999998 0.40000000000000002 0.29999999999999999
0.69999999999999996 0.40000000000000002 0.29999999999999999
0.69999999999999996 0.29999999999999999 0.20000000000000001
0.80000000000000004 0.29999999999999999 0.20000000000000001
0.69999999999999996 0.40000000000000002 0.20000000000000001
0.80000000000000004 0.40000000000000002 0.20000000000000001
0.69999999999999996 0.29999999999999999 0.29999999999999999
0.80000000000000004 0.29999999999999999 0.29999999999999999
0.69999999999999996 0.40000000000000002 0.29999999999999999
0.80000000000000004 0.40000000000000002 0.29999999999999999
0.69999999999999996 0.29999999999999999 0.29999999999999999
0.80000000000000004 0.29999999999999999 0.29999999999999999
0.69999999999999996 0.40000000000000002 0.29999999999999999
0.80000000000000004 0.40000000000000002 0.29999999999999999
0.69999999999999996 0.29999999999999999 0.40000000000000002
0.80000000000000004 0.29999999999999999 0.40000000000000002
0.69999999999999996 0.40000000000000002 0.40000000000000002
0.80000000000000004 0.40000000000000002 0.40000000000000002
0.69999999999999996 0.40000000000000002 0.29999999999999999
0.80000000000000004 0.40000000000000002 0.29999999999999999
0.69999999999999996 0.5 0.29999999999999999
0.80000000000000004 0.5 0.29999999999999999
0.69999999999999996 0.40000000000000002 0.40000000000000002
0.80000000000000004 0.40000000000000002 0.40000000000000002
0.69999999999999996 0.5 0.40000000000000002
0.80000000000000004 0.5 0.40000000000000002
0.69999999999999996 0.40000000000000002 0.20000000000000001
0.80000000000000004 0.40000000000000002 0.20000000000000001
0.69999999999999996 0.5 0.20000000000000001
0.80000000000000004 0.5 0.20000000000000001
0.69999999999999996 0.40000000000000002 0.29999999999999999
0.80000000000000004 0.40000000000000002 0.29999999999999999
0.69999999999999996 0.5 0.29999999999999999
0.80000000000000004 0.5 0.29999999999999999
0.59999999999999998 0.40000000000000002 0.20000000000000001
0.69999999999999996 0.40000000000000002 0.20000000000000001
0.59999999999999998 0.5 0.20000000000000001
0.69999999999999996 0.5 0.20000000000000001
0.59999999999999998 0.40000000000000002 0.29999999999999999
0.69999999999999996 0.40000000000000002 0.29999999999999999
0.59999999999999998 0.5 0.29999999999999999
0.69999999999999996 0.5 0.29999999999999999
0.59999999999999998 0.40000000000000002 0.29999999999999999
0.69999999999999996 0.40000000000000002 0.29999999999999999
0.59999999999999998 0.5 0.29999999999999999
0.69999999999999996 0.5 0.29999999999999999
0.59999999999999998 0.40000000000000002 0.40000000000000002
0.69999999999999996 0.40000000000000002 0.40000000000000002
0.59999999999999998 0.5 0.40000000000000002
0.69999999999999996 0.5 0.40000000000000002
0.59999999999999998 0.5 0.29999999999999999
0.69999999999999996 0.5 0.29999999999999999
0.59999999999999998 0.59999999999999998 0.29999999999999999
0.69999999999999996 0.59999999999999998 0.29999999999999999
0.59999999999999998 0.5 0.40000000000000002
0.69999999999999996 0.5 0.40000000000000002
0.59999999999999998 0.59999999999999998 0.40000000000000002
0.69999999999999996 0.59999999999999998 0.40000000000000002
0.59999999999999998 0.5 0.20000000000000001
0.69999999999999996 0.5 0.20000000000000001
0.59999999999999998 0.59999999999999998 0.20000000000000001
0.69999999999999996 0.59999999999999998 0.20000000000000001
0.59999999999999998 0.5 0.29999999999999999
0.69999999999999996 0.5 0.29999999999999999
0.59999999999999998 0.59999999999999998 0.29999999999999999
0.69999999999999996 0.59999999999999998 0.29999999999999999
0.69999999999999996 0.5 0.20000000000000001
0.80000000000000004 0.5 0.20000000000000001
0.69999999999999996 0.59999999999999998 0.20000000000000001
0.80000000000000004 0.59999999999999998 0.20000000000000001
0.69999999999999996 0.5 0.29999999999999999
0.80000000000000004 0.5 0.29999999999999999
0.69999999999999996 0.59999999999999998 0.29999999999999999
0.80000000000000004 0.59999999999999998 0.29999999999999999
0.69999999999999996 0.5 0.29999999999999999
0.80000000000000004 0.5 0.29999999999999999
0.69999999999999996 0.59999999999999998 0.29999999999999999
0.80000000000000004 0.59999999999999998 0.29999999999999999
0.69999999999999996 0.5 0.40000000000000002
0.80000000000000004 0.5 0.40000000000000002
0.69999999999999996 0.59999999999999998 0.40000000000000002
0.80000000000000004 0.59999999999999998 0.40000000000000002
0.80000000000000004 0.5 0.29999999999999999
0.90000000000000002 0.5 0.29999999999999999
0.80000000000000004 0.59999999999999998 0.29999999999999999
0.90000000000000002 0.59999999999999998 0.29999999999999999
0.80000000000000004 0.5 0.40000000000000002
0.90000000000000002 0.5 0.40000000000000002
0.80000000000000004 0.59999999999999998 0.40000000000000002
0.90000000000000002 0.59999999999999998 0.40000000000000002
0.80000000000000004 0.40000000000000002 0.29999999999999999
0.90000000000000002 0.40000000000000002 0.29999999999999999
0.80000000000000004 0.5 0.29999999999999999
0.90000000000000002 0.5 0.29999999999999999
0.80000000000000004 0.40000000000000002 0.40000000000000002
0.90000000000000002 0.40000000000000002 0.40000000000000002
0.80000000000000004 0.5 0.40000000000000002
0.90000000000000002 0.5 0.40000000000000002
0.80000000000000004 0.40000000000000002 0.20000000000000001
0.90000000000000002 0.40000000000000002 0.20000000000000001
0.80000000000000004 0.5 0.20000000000000001
0.90000000000000002 0.5 0.20000000000000001
0.80000000000000004 0.40000000000000002 0.29999999999999999
0.90000000000000002 0.40000000000000002 0.29999999999999999
0.80000000000000004 0.5 0.29999999999999999
0.90000000000000002 0.5 0.29999999999999999
0.80000000000000004 0.5 0.20000000000000001
0.90000000000000002 0.5 0.20000000000000001
0.80000000000000004 0.59999999999999998 0.20000000000000001
0.90000000000000002 0.59999999999999998 0.20000000000000001
0.80000000000000004 0.5 0.29999999999999999
0.90000000000000002 0.5 0.29999999999999999
0.80000000000000004 0.59999999999999998 0.29999999999999999
0.90000000000000002 0.59999999999999998 0.29999999999999999
0.90000000000000002 0.5 0.20000000000000001
1 0.5 0.20000000000000001
0.90000000000000002 0.59999999999999998 0.20000000000000001
1 0.59999999999999998 0.20000000000000001
0.90000000000000002 0.5 0.29999999999999999
1 0.5 0.29999999999999999
0.90000000000000002 0.59999999999999998 0.29999999999999999
1 0.59999999999999998 0.29999999999999999
0.90000000000000002 0.40000000000000002 0.20000000000000001
1 0.40000000000000002 0.20000000000000001
0.90000000000000002 0.5 0.20000000000000001
1 0.5 0.20000000000000001
0.90000000000000002 0.40000000000000002 0.29999999999999999
1 0.40000000000000002 0.29999999999999999
0.90000000000000002 0.5 0.29999999999999999
1 0.5 0.29999999999999999
0.90000000000000002 0.40000000000000002 0.29999999999999999
1 0.40000000000000002 0.29999999999999999
0.90000000000000002 0.5 0.29999999999999999
1 0.5 0.29999999999999999
0.90000000000000002 0.40000000000000002 0.40000000000000002
1 0.40000000000000002 0.40000000000000002
0.90000000000000002 0.5 0.40000000000000002
1 0.5 0.40000000000000002
0.90000000000000002 0.5 0.29999999999999999
1 0.5 0.29999999999999999
0.90000000000000002 0.59999999999999998 0.29999999999999999
1 0.59999999999999998 0.29999999999999999
0.90000000000000002 0.5 0.40000000000000002
1 0.5 0.40000000000000002
0.90000000000000002 0.59999999999999998 0.40000000000000002
1 0.59999999999999998 0.40000000000000002
0.90000000000000002 0.5 0.40000000000000002
1 0.5 0.40000000000000002
0.90000000000000002 0.59999999999999998 0.40000000000000002
1 0.59999999999999998 0.40000000000000002
0.90000000000000002 0.5 0.5
1 0.5 0.5
0.90000000000000002 0.59999999999999998 0.5
1 0.59999999999999998 0.5
0.90000000000000002 0.5 0.5
1 0.5 0.5
0.90000000000000002 0.59999999999999998 0.5
1 0.59999999999999998 0.5
0.90000000000000002 0.5 0.59999999999999998
1 0.5 0.59999999999999998
0.90000000000000002 0.59999999999999998 0.59999999999999998
1 0.59999999999999998 0.59999999999999998
0.90000000000000002 0.40000000000000002 0.5
1 0.40000000000000002 0.5
0.90000000000000002 0.5 0.5
1 0.5 0.5
0.90000000000000002 0.40000000000000002 0.59999999999999998
1 0.40000000000000002 0.59999999999999998
0.90000000000000002 0.5 0.59999999999999998
1 0.5 0.59999999999999998
0.90000000000000002 0.40000000000000002 0.40000000000000002
1 0.40000000000000002 0.40000000000000002
0.90000000000000002 0.5 0.40000000000000002
1 0.5 0.40000000000000002
0.90000000000000002 0.40000000000000002 0.5
1 0.40000000000000002 0.5
0.90000000000000002 0.5 0.5
1 0.5 0.5
0.90000000000000002 0.29999999999999999 0.40000000000000002
1 0.29999999999999999 0.40000000000000002
0.90000000000000002 0.40000000000000002 0.40000000000000002
1 0.40000000000000002 0.40000000000000002
0.90000000000000002 0.29999999999999999 0.5
1 0.29999999999999999 0.5
0.90000000000000002 0.40000000000000002 0.5
1 0.40000000000000002 0.5
0.90000000000000002 0.20000000000000001 0.40000000000000002
1 0.20000000000000001 0.40000000000000002
0.90000000000000002 0.29999999999999999 0.40000000000000002
1 0.29999999999999999 0.40000000000000002
0.90000000000000002 0.20000000000000001 0.5
1 0.20000000000000001 0.5
0.90000000000000002 0.29999999999999999 0.5
1 0.29999999999999999 0.5
0.90000000000000002 0.20000000000000001 0.5
1 0.20000000000000001 0.5
0.90000000000000002 0.29999999999999999 0.5
1 0.29999999999999999 0.5
0.90000000000000002 0.20000000000000001 0.59999999999999998
1 0.20000000000000001 0.59999999999999998
0.90000000000000002 0.29999999999999999 0.59999999999999998
1 0.29999999999999999 0.59999999999999998
0.90000000000000002 0.29999999999999999 0.5
1 0.29999999999999999 0.5
0.90000000000000002 0.40000000000000002 0.5
1 0.40000000000000002 0.5
0.90000000000000002 0.29999999999999999 0.59999999999999998
1 0.29999999999999999 0.59999999999999998
0.90000000000000002 0.40000000000000002 0.59999999999999998
1 0.40000000000000002 0.59999999999999998
0.80000000000000004 0.29999999999999999 0.5
0.90000000000000002 0.29999999999999999 0.5
0.80000000000000004 0.40000000000000002 0.5
0.90000000000000002 0.40000000000000002 0.5
0.80000000000000004 0.29999999999999999 0.59999999999999998
0.90000000000000002 0.29999999999999999 0.59999999999999998
0.80000000000000004 0.40000000000000002 0.59999999999999998
0.90000000000000002 0.40000000000000002 0.59999999999999998
0.80000000000000004 0.20000000000000001 0.5
0.90000000000000002 0.20000000000000001 0.5
0.80000000000000004 0.29999999999999999 0.5
0.90000000000000002 0.29999999999999999 0.5
0.80000000000000004 0.20000000000000001 0.59999999999999998
0.90000000000000002 0.20000000000000001 0.59999999999999998
0.80000000000000004 0.29999999999999999 0.59999999999999998
0.90000000000000002 0.29999999999999999 0.59999999999999998
0.80000000000000004 0.20000000000000001 0.40000000000000002
0.90000000000000002 0.20000000000000001 0.40000000000000002
0.80000000000000004 0.29999999999999999 0.40000000000000002
0.90000000000000002 0.29999999999999999 0.40000000000000002
0.80000000000000004 0.20000000000000001 0.5
0.90000000000000002 0.20000000000000001 0.5
0.80000000000000004 0.29999999999999999 0.5
0.90000000000000002 0.29999999999999999 0.5
0.80000000000000004 0.29999999999999999 0.40000000000000002
0.90000000000000002 0.29999999999999999 0.40000000000000002
0.80000000000000004 0.40000000000000002 0.40000000000000002
0.90000000000000002 0.40000000000000002 0.40000000000000002
0.80000000000000004 0.29999999999999999 0.5
0.90000000000000002 0.29999999999999999 0.5
0.80000000000000004 0.40000000000000002 0.5
0.90000000000000002 0.40000000000000002 0.5
0.80000000000000004 0.40000000000000002 0.40000000000000002
0.90000000000000002 0.40000000000000002 0.40000000000000002
0.80000000000000004 0.5 0.40000000000000002
0.90000000000000002 0.5 0.40000000000000002
0.80000000000000004 0.40000000000000002 0.5
0.90000000000000002 0.40000000000000002 0.5
0.80000000000000004 0.5 0.5
0.90000000000000002 0.5 0.5
0.80000000000000004 0.40000000000000002 0.5
0.90000000000000002 0.40000000000000002 0.5
0.80000000000000004 0.5 0.5
0.90000000000000002 0.5 0.5
0.80000000000000004 0.40000000000000002 0.59999999999999998
0.90000000000000002 0.40000000000000002 0.59999999999999998
0.80000000000000004 0.5 0.59999999999999998
0.90000000000000002 0.5 0.59999999999999998
0.80000000000000004 0.5 0.5
0.90000000000000002 0.5 0.5
0.80000000000000004 0.59999999999999998 0.5
0.90000000000000002 0.59999999999999998 0.5
0.80000000000000004 0.5 0.59999999999999998
0.90000000000000002 0.5 0.59999999999999998
0.80000000000000004 0.59999999999999998 0.59999999999999998
0.90000000000000002 0.59999999999999998 0.59999999999999998
0.80000000000000004 0.5 0.40000000000000002
0.90000000000000002 0.5 0.40000000000000002
0.80000000000000004 0.59999999999999998 0.40000000000000002
0.90000000000000002 0.59999999999999998 0.40000000000000002
0.80000000000000004 0.5 0.5
0.90000000000000002 0.5 0.5
0.80000000000000004 0.59999999999999998 0.5
0.90000000000000002 0.59999999999999998 0.5
0.69999999999999996 0.5 0.40000000000000002
0.80000000000000004 0.5 0.40000000000000002
0.69999999999999996 0.59999999999999998 0.40000000000000002
0.80000000000000004 0.59999999999999998 0.40000000000000002
0.69999999999999996 0.5 0.5
0.80000000000000004 0.5 0.5
0.69999999999999996 0.59999999999999998 0.5
0.80000000000000004 0.59999999999999998 0.5
0.69999999999999996 0.5 0.5
0.80000000000000004 0.5 0.5
0.69999999999999996 0.59999999999999998 0.5
0.80000000000000004 0.59999999999999998 0.5
0.69999999999999996 0.5 0.59999999999999998
0.80000000000000004 0.5 0.59999999999999998
0.69999999999999996 0.59999999999999998 0.59999999999999998
0.80000000000000004 0.59999999999999998 0.59999999999999998
0.59999999999999998 0.5 0.5
0.69999999999999996 0.5 0.5
0.59999999999999998 0.59999999999999998 0.5
0.69999999999999996 0.59999999999999998 0.5
0.59999999999999998 0.5 0.59999999999999998
0.69999999999999996 0.5 0.59999999999999998
0.59999999999999998 0.59999999999999998 0.59999999999999998
0.69999999999999996 0.59999999999999998 0.59999999999999998
0.59999999999999998 0.5 0.40000000000000002
0.69999999999999996 0.5 0.40000000000000002
0.59999999999999998 0.59999999999999998 0.40000000000000002
0.69999999999999996 0.59999999999999998 0.40000000000000002
0.59999999999999998 0.5 0.5
0.69999999999999996 0.5 0.5
0.59999999999999998 0.59999999999999998 0.5
0.69999999999999996 0.59999999999999998 0.5
0.59999999999999998 0.40000000000000002 0.40000000000000002
0.69999999999999996 0.40000000000000002 0.40000000000000002
0.59999999999999998 0.5 0.40000000000000002
0.69999999999999996 0.5 0.40000000000000002
0.59999999999999998 0.40000000000000002 0.5
0.69999999999999996 0.40000000000000002 0.5
0.59999999999999998 0.5 0.5
0.69999999999999996 0.5 0.5
0.59999999999999998 0.40000000000000002 0.5
0.69999999999999996 0.40000000000000002 0.5
0.59999999999999998 0.5 0.5
0.69999999999999996 0.5 0.5
0.59999999999999998 0.40000000000000002 0.59999999999999998
0.69999999999999996 0.40000000000000002 0.59999999999999998
0.59999999999999998 0.5 0.59999999999999998
0.69999999999999996 0.5 0.59999999999999998
0.69999999999999996 0.40000000000000002 0.5
0.80000000000000004 0.40000000000000002 0.5
0.69999999999999996 0.5 0.5
0.80000000000000004 0.5 0.5
0.69999999999999996 0.40000000000000002 0.59999999999999998
0.80000000000000004 0.40000000000000002 0.59999999999999998
0.69999999999999996 0.5 0.59999999999999998
0.80000000000000004 0.5 0.59999999999999998
0.69999999999999996 0.40000000000000002 0.40000000000000002
0.80000000000000004 0.40000000000000002 0.40000000000000002
0.69999999999999996 0.5 0.40000000000000002
0.80000000000000004 0.5 0.40000000000000002
0.69999999999999996 0.40000000000000002 0.5
0.80000000000000004 0.40000000000000002 0.5
0.69999999999999996 0.5 0.5
0.80000000000000004 0.5 0.5
0.69999999999999996 0.29999999999999999 0.40000000000000002
0.80000000000000004 0.29999999999999999 0.40000000000000002
0.69999999999999996 0.40000000000000002 0.40000000000000002
0.80000000000000004 0.40000000000000002 0.40000000000000002
0.69999999999999996 0.29999999999999999 0.5
0.80000000000000004 0.29999999999999999 0.5
0.69999999999999996 0.40000000000000002 0.5
0.80000000000000004 0.40000000000000002 0.5
0.69999999999999996 0.29999999999999999 0.5
0.80000000000000004 0.29999999999999999 0.5
0.69999999999999996 0.40000000000000002 0.5
0.80000000000000004 0.40000000000000002 0.5
0.69999999999999996 0.29999999999999999 0.59999999999999998
0.80000000000000004 0.29999999999999999 0.59999999999999998
0.69999999999999996 0.40000000000000002 0.59999999999999998
0.80000000000000004 0.40000000000000002 0.59999999999999998
0.59999999999999998 0.29999999999999999 0.5
0.69999999999999996 0.29999999999999999 0.5
0.59999999999999998 0.40000000000000002 0.5
0.69999999999999996 0.40000000000000002 0.5
0.59999999999999998 0.29999999999999999 0.59999999999999998
0.69999999999999996 0.29999999999999999 0.59999999999999998
0.59999999999999998 0.40000000000000002 0.59999999999999998
0.69999999999999996 0.40000000000000002 0.59999999999999998
0.59999999999999998 0.29999999999999999 0.40000000000000002
0.69999999999999996 0.29999999999999999 0.40000000000000002
0.59999999999999998 0.40000000000000002 0.40000000000000002
0.69999999999999996 0.40000000000000002 0.40000000000000002
0.59999999999999998 0.29999999999999999 0.5
0.69999999999999996 0.29999999999999999 0.5
0.59999999999999998 0.40000000000000002 0.5
0.69999999999999996 0.40000000000000002 0.5
0.59999999999999998 0.20000000000000001 0.40000000000000002
0.69999999999999996 0.20000000000000001 0.40000000000000002
0.59999999999999998 0.29999999999999999 0.40000000000000002
0.69999999999999996 0.29999999999999999 0.40000000000000002
0.59999999999999998 0.20000000000000001 0.5
0.69999999999999996 0.20000000000000001 0.5
0.59999999999999998 0.29999999999999999 0.5
0.69999999999999996 0.29999999999999999 0.5
0.59999999999999998 0.20000000000000001 0.5
0.69999999999999996 0.20000000000000001 0.5
0.59999999999999998 0.29999999999999999 0.5
0.69999999999999996 0.29999999999999999 0.5
0.59999999999999998 0.20000000000000001 0.59999999999999998
0.69999999999999996 0.20000000000000001 0.59999999999999998
0.59999999999999998 0.29999999999999999 0.59999999999999998
0.69999999999999996 0.29999999999999999 0.59999999999999998
0.69999999999999996 0.20000000000000001 0.5
0.80000000000000004 0.20000000000000001 0.5
0.69999999999999996 0.29999999999999999 0.5
0.80000000000000004 0.29999999999999999 0.5
0.69999999999999996 0.20000000000000001 0.59999999999999998
0.80000000000000004 0.20000000000000001 0.59999999999999998
0.69999999999999996 0.29999999999999999 0.59999999999999998
0.80000000000000004 0.29999999999999999 0.59999999999999998
0.69999999999999996 0.20000000000000001 0.40000000000000002
0.80000000000000004 0.20000000000000001 0.40000000000000002
0.69999999999999996 0.29999999999999999 0.40000000000000002
0.80000000000000004 0.29999999999999999 0.40000000000000002
0.69999999999999996 0.20000000000000001 0.5
0.80000000000000004 0.20000000000000001 0.5
0.69999999999999996 0.29999999999999999 0.5
0.80000000000000004 0.29999999999999999 0.5
0.69999999999999996 0.10000000000000001 0.40000000000000002
0.80000000000000004 0.10000000000000001 0.40000000000000002
0.69999999999999996 0.20000000000000001 0.40000000000000002
0.80000000000000004 0.20000000000000001 0.40000000000000002
0.69999999999999996 0.10000000000000001 0.5
0.80000000000000004 0.10000000000000001 0.5
0.69999999999999996 0.20000000000000001 0.5
0.80000000000000004 0.20000000000000001 0.5
0.69999999999999996 0.10000000000000001 0.5
0.80000000000000004 0.10000000000000001 0.5
0.69999999999999996 0.20000000000000001 0.5
0.80000000000000004 0.20000000000000001 0.5
0.69999999999999996 0.10000000000000001 0.59999999999999998
0.80000000000000004 0.10000000000000001 0.59999999999999998
0.69999999999999996 0.20000000000000001 0.59999999999999998
0.80000000000000004 0.20000000000000001 0.59999999999999998
0.59999999999999998 0.10000000000000001 0.5
0.69999999999999996 0.10000000000000001 0.5
0.59999999999999998 0.20000000000000001 0.5
0.69999999999999996 0.20000000000000001 0.5
0.59999999999999998 0.10000000000000001 0.59999999999999998
0.69999999999999996 0.10000000000000001 0.59999999999999998
0.59999999999999998 0.20000000000000001 0.59999999999999998
0.69999999999999996 0.20000000000000001 0.59999999999999998
0.59999999999999998 0.10000000000000001 0.40000000000000002
0.69999999999999996 0.10000000000000001 0.40000000000000002
0.59999999999999998 0.20000000000000001 0.40000000000000002
0.69999999999999996 0.20000000000000001 0.40000000000000002
0.59999999999999998 0.10000000000000001 0.5
0.69999999999999996 0.10000000000000001 0.5
0.59999999999999998 0.20000000000000001 0.5
0.69999999999999996 0.20000000000000001 0.5
0.59999999999999998 0 0.40000000000000002
0.69999999999999996 0 0.40000000000000002
0.59999999999999998 0.10000000000000001 0.40000000000000002
0.69999999999999996 0.10000000000000001 0.40000000000000002
0.59999999999999998 0 0.5
0.69999999999999996 0 0.5
0.59999999999999998 0.10000000000000001 0.5
0.69999999999999996 0.10000000000000001 0.5
0.59999999999999998 0 0.5
0.69999999999999996 0 0.5
0.59999999999999998 0.10000000000000001 0.5
0.69999999999999996 0.10000000000000001 0.5
0.59999999999999998 0 0.59999999999999998
0.69999999999999996 0 0.59999999999999998
0.59999999999999998 0.10000000000000001 0.59999999999999998
0.69999999999999996 0.10000000000000001 0.59999999999999998
0.69999999999999996 0 0.5
0.80000000000000004 0 0.5
0.69999999999999996 0.10000000000000001 0.5
0.80000000000000004 0.10000000000000001 0.5
0.69999999999999996 0 0.59999999999999998
0.80000000000000004 0 0.59999999999999998
0.69999999999999996 0.10000000000000001 0.59999999999999998
0.80000000000000004 0.10000000000000001 0.59999999999999998
0.69999999999999996 0 0.40000000000000002
0.80000000000000004 0 0.40000000000000002
0.69999999999999996 0.10000000000000001 0.40000000000000002
0.80000000000000004 0.10000000000000001 0.40000000000000002
0.69999999999999996 0 0.5
0.80000000000000004 0 0.5
0.69999999999999996 0.10000000000000001 0.5
0.80000000000000004 0.10000000000000001 0.5
0.80000000000000004 0 0.40000000000000002
0.90000000000000002 0 0.40000000000000002
0.80000000000000004 0.10000000000000001 0.40000000000000002
0.90000000000000002 0.10000000000000001 0.40000000000000002
0.80000000000000004 0 0.5
0.90000000000000002 0 0.5
0.80000000000000004 0.10000000000000001 0.5
0.90000000000000002 0.10000000000000001 0.5
0.80000000000000004 0.10000000000000001 0.40000000000000002
0.90000000000000002 0.10000000000000001 0.40000000000000002
0.80000000000000004 0.20000000000000001 0.40000000000000002
0.90000000000000002 0.20000000000000001 0.40000000000000002
0.80000000000000004 0.10000000000000001 0.5
0.90000000000000002 0.10000000000000001 0.5
0.80000000000000004 0.20000000000000001 0.5
0.90000000000000002 0.20000000000000001 0.5
0.80000000000000004 0.10000000000000001 0.5
0.90000000000000002 0.10000000000000001 0.5
0.80000000000000004 0.20000000000000001 0.5
0.90000000000000002 0.20000000000000001 0.5
0.80000000000000004 0.10000000000000001 0.59999999999999998
0.90000000000000002 0.10000000000000001 0.59999999999999998
0.80000000000000004 0.20000000000000001 0.59999999999999998
0.90000000000000002 0.20000000000000001 0.59999999999999998
0.80000000000000004 0 0.5
0.90000000000000002 0 0.5
0.80000000000000004 0.10000000000000001 0.5
0.90000000000000002 0.10000000000000001 0.5
0.80000000000000004 0 0.59999999999999998
0.90000000000000002 0 0.59999999999999998
0.80000000000000004 0.10000000000000001 0.59999999999999998
0.90000000000000002 0.10000000000000001 0.59999999999999998
0.90000000000000002 0 0.5
1 0 0.5
0.90000000000000002 0.10000000000000001 0.5
1 0.10000000000000001 0.5
0.90000000000000002 0 0.59999999999999998
1 0 0.59999999999999998
0.90000000000000002 0.10000000000000001 0.59999999999999998
1 0.10000000000000001 0.59999999999999998
0.90000000000000002 0.10000000000000001 0.5
1 0.10000000000000001 0.5
0.90000000000000002 0.20000000000000001 0.5
1 0.20000000000000001 0.5
0.90000000000000002 0.10000000000000001 0.59999999999999998
1 0.10000000000000001 0.59999999999999998
0.90000000000000002 0.20000000000000001 0.59999999999999998
1 0.20000000000000001 0.59999999999999998
0.90000000000000002 0.10000000000000001 0.40000000000000002
1 0.10000000000000001 0.40000000000000002
0.90000000000000002 0.20000000000000001 0.40000000000000002
1 0.20000000000000001 0.40000000000000002
0.90000000000000002 0.10000000000000001 0.5
1 0.10000000000000001 0.5
0.90000000000000002 0.20000000000000001 0.5
1 0.20000000000000001 0.5
0.90000000000000002 0 0.40000000000000002
1 0 0.40000000000000002
0.90000000000000002 0.10000000000000001 0.40000000000000002
1 0.10000000000000001 0.40000000000000002
0.90000000000000002 0 0.5
1 0 0.5
0.90000000000000002 0.10000000000000001 0.5
1 0.10000000000000001 0.5
0.90000000000000002 0 0.29999999999999999
1 0 0.29999999999999999
0.90000000000000002 0.10000000000000001 0.29999999999999999
1 0.10000000000000001 0.29999999999999999
0.90000000000000002 0 0.40000000000000002
1 0 0.40000000000000002
0.90000000000000002 0.10000000000000001 0.40000000000000002
1 0.10000000000000001 0.40000000000000002
0.90000000000000002 0.10000000000000001 0.29999999999999999
1 0.10000000000000001 0.29999999999999999
0.90000000000000002 0.20000000000000001 0.29999999999999999
1 0.20000000000000001 0.29999999999999999
0.90000000000000002 0.10000000000000001 0.40000000000000002
1 0.10000000000000001 0.40000000000000002
0.90000000000000002 0.20000000000000001 0.40000000000000002
1 0.20000000000000001 0.40000000000000002
0.90000000000000002 0.10000000000000001 0.20000000000000001
1 0.10000000000000001 0.20000000000000001
0.90000000000000002 0.20000000000000001 0.20000000000000001
1 0.20000000000000001 0.20000000000000001
0.90000000000000002 0.10000000000000001 0.29999999999999999
1 0.10000000000000001 0.29999999999999999
0.90000000000000002 0.20000000000000001 0.29999999999999999
1 0.20000000000000001 0.29999999999999999
0.90000000000000002 0 0.20000000000000001
1 0 0.20000000000000001
0.90000000000000002 0.10000000000000001 0.20000000000000001
1 0.10000000000000001 0.20000000000000001
0.90000000000000002 0 0.29999999999999999
1 0 0.29999999999999999
0.90000000000000002 0.10000000000000001 0.29999999999999999
1 0.10000000000000001 0.29999999999999999
0.80000000000000004 0 0.20000000000000001
0.90000000000000002 0 0.20000000000000001
0.80000000000000004 0.10000000000000001 0.20000000000000001
0.90000000000000002 0.10000000000000001 0.20000000000000001
0.80000000000000004 0 0.29999999999999999
0.90000000000000002 0 0.29999999999999999
0.80000000000000004 0.10000000000000001 0.29999999999999999
0.90000000000000002 0.10000000000000001 0.29999999999999999
0.80000000000000004 0.10000000000000001 0.20000000000000001
0.90000000000000002 0.10000000000000001 0.20000000000000001
0.80000000000000004 0.20000000000000001 0.20000000000000001
0.90000000000000002 0.20000000000000001 0.20000000000000001
0.80000000000000004 0.10000000000000001 0.29999999999999999
0.90000000000000002 0.10000000000000001 0.29999999999999999
0.80000000000000004 0.20000000000000001 0.29999999999999999
0.90000000000000002 0.20000000000000001 0.29999999999999999
0.80000000000000004 0.10000000000000001 0.29999999999999999
0.90000000000000002 0.10000000000000001 0.29999999999999999
0.80000000000000004 0.20000000000000001 0.29999999999999999
0.90000000000000002 0.20000000000000001 0.29999999999999999
0.80000000000000004 0.10000000000000001 0.40000000000000002
0.90000000000000002 0.10000000000000001 0.40000000000000002
0.80000000000000004 0.20000000000000001 0.40000000000000002
0.90000000000000002 0.20000000000000001 0.40000000000000002
0.80000000000000004 0 0.29999999999999999
0.90000000000000002 0 0.29999999999999999
0.80000000000000004 0.10000000000000001 0.29999999999999999
0.90000000000000002 0.10000000000000001 0.29999999999999999
0.80000000000000004 0 0.40000000000000002
0.90000000000000002 0 0.40000000000000002
0.80000000000000004 0.10000000000000001 0.40000000000000002
0.90000000000000002 0.10000000000000001 0.40000000000000002
0.69999999999999996 0 0.29999999999999999
0.80000000000000004 0 0.29999999999999999
0.69999999999999996 0.10000000000000001 0.29999999999999999
0.80000000000000004 0.10000000000000001 0.29999999999999999
0.69999999999999996 0 0.40000000000000002
0.80000000000000004 0 0.40000000000000002
0.69999999999999996 0.10000000000000001 0.40000000000000002
0.80000000000000004 0.10000000000000001 0.40000000000000002
0.59999999999999998 0 0.29999999999999999
0.69999999999999996 0 0.29999999999999999
0.59999999999999998 0.10000000000000001 0.29999999999999999
0.69999999999999996 0.10000000000000001 0.29999999999999999
0.59999999999999998 0 0.40000000000000002
0.69999999999999996 0 0.40000000000000002
0.59999999999999998 0.10000000000000001 0.40000000000000002
0.69999999999999996 0.10000000000000001 0.40000000000000002
0.59999999999999998 0.10000000000000001 0.29999999999999999
0.69999999999999996 0.10000000000000001 0.29999999999999999
0.59999999999999998 0.20000000000000001 0.29999999999999999
0.69999999999999996 0.20000000000000001 0.29999999999999999
0.59999999999999998 0.10000000000000001 0.40000000000000002
0.69999999999999996 0.10000000000000001 0.40000000000000002
0.59999999999999998 0.20000000000000001 0.40000000000000002
0.69999999999999996 0.20000000000000001 0.40000000000000002
0.69999999999999996 0.10000000000000001 0.29999999999999999
0.80000000000000004 0.10000000000000001 0.29999999999999999
0.69999999999999996 0.20000000000000001 0.29999999999999999
0.80000000000000004 0.20000000000000001 0.29999999999999999
0.69999999999999996 0.10000000000000001 0.40000000000000002
0.80000000000000004 0.10000000000000001 0.40000000000000002
0.69999999999999996 0.20000000000000001 0.40000000000000002
0.80000000000000004 0.20000000000000001 0.40000000000000002
0.69999999999999996 0.10000000000000001 0.20000000000000001
0.80000000000000004 0.10000000000000001 0.20000000000000001
0.69999999999999996 0.20000000000000001 0.20000000000000001
0.80000000000000004 0.20000000000000001 0.20000000000000001
0.69999999999999996 0.10000000000000001 0.29999999999999999
0.80000000000000004 0.10000000000000001 0.29999999999999999
0.69999999999999996 0.20000000000000001 0.29999999999999999
0.80000000000000004 0.20000000000000001 0.29999999999999999
0.59999999999999998 0.10000000000000001 0.20000000000000001
0.69999999999999996 0.10000000000000001 0.20000000000000001
0.59999999999999998 0.20000000000000001 0.20000000000000001
0.69999999999999996 0.20000000000000001 0.20000000000000001
0.59999999999999998 0.10000000000000001 0.29999999999999999
0.69999999999999996 0.10000000000000001 0.29999999999999999
0.59999999999999998 0.20000000000000001 0.29999999999999999
0.69999999999999996 0.20000000000000001 0.29999999999999999
0.59999999999999998 0 0.20000000000000001
0.69999999999999996 0 0.20000000000000001
0.59999999999999998 0.10000000000000001 0.20000000000000001
0.69999999999999996 0.10000000000000001 0.20000000000000001
0.59999999999999998 0 0.29999999999999999
0.69999999999999996 0 0.29999999999999999
0.59999999999999998 0.10000000000000001 0.29999999999999999
0.69999999999999996 0.10000000000000001 0.29999999999999999
0.69999999999999996 0 0.20000000000000001
0.80000000000000004 0 0.20000000000000001
0.69999999999999996 0.10000000000000001 0.20000000000000001
0.80000000000000004 0.10000000000000001 0.20000000000000001
0.69999999999999996 0 0.29999999999999999
0.80000000000000004 0 0.29999999999999999
0.69999999999999996 0.10000000000000001 0.29999999999999999
0.80000000000000004 0.10000000000000001 0.29999999999999999
0.69999999999999996 0 0.10000000000000001
0.80000000000000004 0 0.10000000000000001
0.69999999999999996 0.10000000000000001 0.10000000000000001
0.80000000000000004 0.10000000000000001 0.10000000000000001
0.69999999999999996 0 0.20000000000000001
0.80000000000000004 0 0.20000000000000001
0.69999999999999996 0.10000000000000001 0.20000000000000001
0.80000000000000004 0.10000000000000001 0.20000000000000001
0.59999999999999998 0 0.10000000000000001
0.69999999999999996 0 0.10000000000000001
0.59999999999999998 0.10000000000000001 0.10000000000000001
0.69999999999999996 0.10000000000000001 0.10000000000000001
0.59999999999999998 0 0.20000000000000001
0.69999999999999996 0 0.20000000000000001
0.59999999999999998 0.10000000000000001 0.20000000000000001
0.69999999999999996 0.10000000000000001 0.20000000000000001
0.59999999999999998 0.10000000000000001 0.10000000000000001
0.69999999999999996 0.10000000000000001 0.10000000000000001
0.59999999999999998 0.20000000000000001 0.10000000000000001
0.69999999999999996 0.20000000000000001 0.10000000000000001
0.59999999999999998 0.10000000000000001 0.20000000000000001
0.69999999999999996 0.10000000000000001 0.20000000000000001
0.59999999999999998 0.20000000000000001 0.20000000000000001
0.69999999999999996 0.20000000000000001 0.20000000000000001
0.69999999999999996 0.10000000000000001 0.10000000000000001
0.80000000000000004 0.10000000000000001 0.10000000000000001
0.69999999999999996 0.20000000000000001 0.10000000000000001
0.80000000000000004 0.20000000000000001 0.10000000000000001
0.69999999999999996 0.10000000000000001 0.20000000000000001
0.80000000000000004 0.10000000000000001 0.20000000000000001
0.69999999999999996 0.20000000000000001 0.20000000000000001
0.80000000000000004 0.20000000000000001 0.20000000000000001
0.69999999999999996 0.10000000000000001 0
0.80000000000000004 0.10000000000000001 0
0.69999999999999996 0.20000000000000001 0
0.80000000000000004 0.20000000000000001 0
0.69999999999999996 0.10000000000000001 0.10000000000000001
0.80000000000000004 0.10000000000000001 0.10000000000000001
0.69999999999999996 0.20000000000000001 0.10000000000000001
0.80000000000000004 0.20000000000000001 0.10000000000000001
0.59999999999999998 0.10000000000000001 0
0.69999999999999996 0.10000000000000001 0
0.59999999999999998 0.20000000000000001 0
0.69999999999999996 0.20000000000000001 0
0.59999999999999998 0.10000000000000001 0.10000000000000001
0.69999999999999996 0.10000000000000001 0.10000000000000001
0.59999999999999998 0.20000000000000001 0.10000000000000001
0.69999999999999996 0.20000000000000001 0.10000000000000001
0.59999999999999998 0 0
0.69999999999999996 0 0
0.59999999999999998 0.10000000000000001 0
0.69999999999999996 0.10000000000000001 0
0.59999999999999998 0 0.10000000000000001
0.69999999999999996 0 0.10000000000000001
0.59999999999999998 0.10000000000000001 0.10000000000000001
0.69999999999999996 0.10000000000000001 0.10000000000000001
0.69999999999999996 0 0
0.80000000000000004 0 0
0.69999999999999996 0.10000000000000001 0
0.80000000000000004 0.10000000000000001 0
0.69999999999999996 0 0.10000000000000001
0.80000000000000004 0 0.10000000000000001
0.69999999999999996 0.10000000000000001 0.10000000000000001
0.80000000000000004 0.10000000000000001 0.10000000000000001
0.80000000000000004 0 0
0.90000000000000002 0 0
0.80000000000000004 0.10000000000000001 0
0.90000000000000002 0.10000000000000001 0
0.80000000000000004 0 0.10000000000000001
0.90000000000000002 0 0.10000000000000001
0.80000000000000004 0.10000000000000001 0.10000000000000001
0.90000000000000002 0.10000000000000001 0.10000000000000001
0.80000000000000004 0.10000000000000001 0
0.90000000000000002 0.10000000000000001 0
0.80000000000000004 0.20000000000000001 0
0.90000000000000002 0.20000000000000001 0
0.80000000000000004 0.10000000000000001 0.10000000000000001
0.90000000000000002 0.10000000000000001 0.10000000000000001
0.80000000000000004 0.20000000000000001 0.10000000000000001
0.90000000000000002 0.20000000000000001 0.10000000000000001
0.80000000000000004 0.10000000000000001 0.10000000000000001
0.90000000000000002 0.10000000000000001 0.10000000000000001
0.80000000000000004 0.20000000000000001 0.10000000000000001
0.90000000000000002 0.20000000000000001 0.10000000000000001
0.80000000000000004 0.10000000000000001 0.20000000000000001
0.90000000000000002 0.10000000000000001 0.20000000000000001
0.80000000000000004 0.20000000000000001 0.20000000000000001
0.90000000000000002 0.20000000000000001 0.20000000000000001
0.80000000000000004 0 0.10000000000000001
0.90000000000000002 0 0.10000000000000001
0.80000000000000004 0.10000000000000001 0.10000000000000001
0.90000000000000002 0.10000000000000001 0.10000000000000001
0.80000000000000004 0 0.20000000000000001
0.90000000000000002 0 0.20000000000000001
0.80000000000000004 0.10000000000000001 0.20000000000000001
0.90000000000000002 0.10000000000000001 0.20000000000000001
0.90000000000000002 0 0.10000000000000001
1 0 0.10000000000000001
0.90000000000000002 0.10000000000000001 0.10000000000000001
1 0.10000000000000001 0.10000000000000001
0.90000000000000002 0 0.20000000000000001
1 0 0.20000000000000001
0.90000000000000002 0.10000000000000001 0.20000000000000001
1 0.10000000000000001 0.20000000000000001
0.90000000000000002 0.10000000000000001 0.10000000000000001
1 0.10000000000000001 0.10000000000000001
0.90000000000000002 0.20000000000000001 0.10000000000000001
1 0.20000000000000001 0.10000000000000001
0.90000000000000002 0.10000000000000001 0.20000000000000001
1 0.10000000000000001 0.20000000000000001
0.90000000000000002 0.20000000000000001 0.20000000000000001
1 0.20000000000000001 0.20000000000000001
0.90000000000000002 0.10000000000000001 0
1 0.10000000000000001 0
0.90000000000000002 0.20000000000000001 0
1 0.20000000000000001 0
0.90000000000000002 0.10000000000000001 0.10000000000000001
1 0.10000000000000001 0.10000000000000001
0.90000000000000002 0.20000000000000001 0.10000000000000001
1 0.20000000000000001 0.10000000000000001
0.90000000000000002 0 0
1 0 0
0.90000000000000002 0.10000000000000001 0
1 0.10000000000000001 0
0.90000000000000002 0 0.10000000000000001
1 0 0.10000000000000001
0.90000000000000002 0.10000000000000001 0.10000000000000001
1 0.10000000000000001 0.10000000000000001
