family,n,p,amplitude,basis,map,extra,field,derivative,method,error_l2,relative_l2,sampled_linf,truth_l2,face_rms,face_relative_l2,jump_rms,jump_mean_abs,input_error_l2,operator_error_l2,operator_relative_l2,inverse_residual,representation_residual,first_derivative_residual,geometry_residual,min_jacobian,elements,geometry_derivative_residual,geometry_jacobian_residual,fe_inverse_residual,method_agreement,fe_first_residual,face_geometry_residual,initialization_seconds,evaluation_seconds,reused_inverse_residual,reused_first_residual,reused_geometry_residual
quad,8,4,1.2,gll,coupled,0,sine,x,recursive,1.1179137150462168e-05,7.880974507017102e-06,0.00013581254630035122,1.418496803981339,2.9415602667224582e-05,2.048109979734034e-05,1.3894077917325345e-05,7.8544989359551203e-06,1.8172715405240318e-07,4.074700312252558e-07,2.8725477505779178e-07,2.2204460492503131e-16,2.4424906541753444e-14,5.8717383520411589e-13,7.9936057773011271e-15,0.010940319309377885,64,5.4124708187552883e-12,2.5368596112684827e-13,8.8817841970012523e-16,2.3901797208125686e-11,5.3363071796596367e-13,4.5297099404706387e-14,0.027377039921702817,0.82715982984518632,4.4408920985006242e-16,1.5449385623083248e-13,7.4051875742497941e-14
quad,8,4,1.2,gll,coupled,0,sine,x,direct,1.11884709457426e-05,7.8875545678633694e-06,0.00013571536217388269,1.418496803981339,2.9428891819295387e-05,2.0490352589229842e-05,1.3924792673369759e-05,8.3955878279018247e-06,1.8172715405240318e-07,0,0,2.2204460492503131e-16,2.4424906541753444e-14,5.8717383520411589e-13,7.9936057773011271e-15,0.010940319309377885,64,5.4124708187552883e-12,2.5368596112684827e-13,8.8817841970012523e-16,2.3901797208125686e-11,5.3363071796596367e-13,4.5297099404706387e-14,0.027377039921702817,0.82715982984518632,4.4408920985006242e-16,1.5449385623083248e-13,7.4051875742497941e-14
quad,8,4,1.2,gll,coupled,0,sine,x,fe_geometry,1.1188470939176479e-05,7.8875545632344394e-06,0.0001357153621803775,1.418496803981339,2.9428891795929153e-05,2.0490352572960717e-05,1.392479261891852e-05,8.3955877911041368e-06,1.8172715405240318e-07,8.744506633381654e-14,6.1646283001725751e-14,2.2204460492503131e-16,2.4424906541753444e-14,5.8717383520411589e-13,7.9936057773011271e-15,0.010940319309377885,64,5.4124708187552883e-12,2.5368596112684827e-13,8.8817841970012523e-16,2.3901797208125686e-11,5.3363071796596367e-13,4.5297099404706387e-14,0.027377039921702817,0.82715982984518632,4.4408920985006242e-16,1.5449385623083248e-13,7.4051875742497941e-14
quad,8,4,1.2,gll,coupled,0,sine,x,reused,1.1188470939870773e-05,7.8875545637238973e-06,0.00013571536220852165,1.418496803981339,2.9428891801829846e-05,2.0490352577069173e-05,1.392479274432617e-05,8.3955878705710738e-06,1.8172715405240318e-07,4.1855222753555505e-14,2.9506740804748386e-14,2.2204460492503131e-16,2.4424906541753444e-14,5.8717383520411589e-13,7.9936057773011271e-15,0.010940319309377885,64,5.4124708187552883e-12,2.5368596112684827e-13,8.8817841970012523e-16,2.3901797208125686e-11,5.3363071796596367e-13,4.5297099404706387e-14,0.027377039921702817,0.82715982984518632,4.4408920985006242e-16,1.5449385623083248e-13,7.4051875742497941e-14
quad,8,4,1.2,gll,coupled,0,sine,x,reused_centered,1.1188470939611655e-05,7.8875545635412262e-06,0.00013571536219370017,1.418496803981339,2.9428891801355365e-05,2.0490352576738806e-05,1.3924792734238773e-05,8.3955878646305709e-06,1.8172715405240318e-07,3.6830271086505371e-14,2.5964292894028775e-14,2.2204460492503131e-16,2.4424906541753444e-14,5.8717383520411589e-13,7.9936057773011271e-15,0.010940319309377885,64,5.4124708187552883e-12,2.5368596112684827e-13,8.8817841970012523e-16,2.3901797208125686e-11,5.3363071796596367e-13,4.5297099404706387e-14,0.027377039921702817,0.82715982984518632,4.4408920985006242e-16,1.5449385623083248e-13,7.4051875742497941e-14
quad,8,4,1.2,gll,coupled,0,sine,y,recursive,3.1674461800340781e-05,1.4886397916178609e-05,0.00029871332365560832,2.1277452059720114,8.56084639388837e-05,3.9737539139002725e-05,3.3030581473452552e-05,1.8817688410317832e-05,1.8172715405240318e-07,1.9087277817067884e-07,8.9706657253750157e-08,2.2204460492503131e-16,2.4424906541753444e-14,5.8717383520411589e-13,7.9936057773011271e-15,0.010940319309377885,64,5.4124708187552883e-12,2.5368596112684827e-13,8.8817841970012523e-16,2.3901797208125686e-11,5.3363071796596367e-13,4.5297099404706387e-14,0.027377039921702817,0.82715982984518632,4.4408920985006242e-16,1.5449385623083248e-13,7.4051875742497941e-14
quad,8,4,1.2,gll,coupled,0,sine,y,direct,3.1676180365072453e-05,1.4887205609095435e-05,0.00029919302515807322,2.1277452059720114,8.5613206145833295e-05,3.9739740365675817e-05,3.2570445758164973e-05,1.8732065891314902e-05,1.8172715405240318e-07,0,0,2.2204460492503131e-16,2.4424906541753444e-14,5.8717383520411589e-13,7.9936057773011271e-15,0.010940319309377885,64,5.4124708187552883e-12,2.5368596112684827e-13,8.8817841970012523e-16,2.3901797208125686e-11,5.3363071796596367e-13,4.5297099404706387e-14,0.027377039921702817,0.82715982984518632,4.4408920985006242e-16,1.5449385623083248e-13,7.4051875742497941e-14
quad,8,4,1.2,gll,coupled,0,sine,y,fe_geometry,3.1676180361082385e-05,1.4887205607220179e-05,0.00029919302514908042,2.1277452059720114,8.5613206135487946e-05,3.973974036087373e-05,3.2570445616262743e-05,1.8732065776161803e-05,1.8172715405240318e-07,9.2592593576163097e-14,4.351679760612723e-14,2.2204460492503131e-16,2.4424906541753444e-14,5.8717383520411589e-13,7.9936057773011271e-15,0.010940319309377885,64,5.4124708187552883e-12,2.5368596112684827e-13,8.8817841970012523e-16,2.3901797208125686e-11,5.3363071796596367e-13,4.5297099404706387e-14,0.027377039921702817,0.82715982984518632,4.4408920985006242e-16,1.5449385623083248e-13,7.4051875742497941e-14
quad,8,4,1.2,gll,coupled,0,sine,y,reused,3.1676180371346337e-05,1.488720561204404e-05,0.0002991930252893571,2.1277452059720114,8.5613206163149427e-05,3.9739740373713577e-05,3.2570445841802965e-05,1.8732065942331591e-05,1.8172715405240318e-07,4.7224871817209051e-14,2.2194811803757962e-14,2.2204460492503131e-16,2.4424906541753444e-14,5.8717383520411589e-13,7.9936057773011271e-15,0.010940319309377885,64,5.4124708187552883e-12,2.5368596112684827e-13,8.8817841970012523e-16,2.3901797208125686e-11,5.3363071796596367e-13,4.5297099404706387e-14,0.027377039921702817,0.82715982984518632,4.4408920985006242e-16,1.5449385623083248e-13,7.4051875742497941e-14
quad,8,4,1.2,gll,coupled,0,sine,y,reused_centered,3.1676180370491966e-05,1.4887205611642504e-05,0.00029919302527131597,2.1277452059720114,8.5613206160915442e-05,3.9739740372676612e-05,3.2570445825376618e-05,1.8732065929492927e-05,1.8172715405240318e-07,4.2886490584060808e-14,2.015585327835669e-14,2.2204460492503131e-16,2.4424906541753444e-14,5.8717383520411589e-13,7.9936057773011271e-15,0.010940319309377885,64,5.4124708187552883e-12,2.5368596112684827e-13,8.8817841970012523e-16,2.3901797208125686e-11,5.3363071796596367e-13,4.5297099404706387e-14,0.027377039921702817,0.82715982984518632,4.4408920985006242e-16,1.5449385623083248e-13,7.4051875742497941e-14
quad,8,4,1.2,gll,coupled,0,sine,xx,recursive,0.0013633171305568762,0.00048347414498689018,0.012404042688963557,2.8198346172034574,0.0029798644881788663,0.0010704710818295669,0.0051426037258718539,0.0028355687582727941,1.8172715405240318e-07,1.5913283034677226e-05,5.6433466437403938e-06,2.2204460492503131e-16,2.4424906541753444e-14,5.8717383520411589e-13,7.9936057773011271e-15,0.010940319309377885,64,5.4124708187552883e-12,2.5368596112684827e-13,8.8817841970012523e-16,2.3901797208125686e-11,5.3363071796596367e-13,4.5297099404706387e-14,0.027377039921702817,0.82715982984518632,4.4408920985006242e-16,1.5449385623083248e-13,7.4051875742497941e-14
quad,8,4,1.2,gll,coupled,0,sine,xx,direct,0.0013637517864800222,0.00048362828733286117,0.012390179112756528,2.8198346172034574,0.0029818864900491215,0.0010711974553066497,0.0051541717929524371,0.002835500375934971,1.8172715405240318e-07,0,0,2.2204460492503131e-16,2.4424906541753444e-14,5.8717383520411589e-13,7.9936057773011271e-15,0.010940319309377885,64,5.4124708187552883e-12,2.5368596112684827e-13,8.8817841970012523e-16,2.3901797208125686e-11,5.3363071796596367e-13,4.5297099404706387e-14,0.027377039921702817,0.82715982984518632,4.4408920985006242e-16,1.5449385623083248e-13,7.4051875742497941e-14
quad,8,4,1.2,gll,coupled,0,sine,xx,fe_geometry,0.0013637517856610771,0.0004836282870424381,0.012390179112574895,2.8198346172034574,0.0029818864883732737,0.0010711974547046269,0.0051541717887652379,0.0028355003726709248,1.8172715405240318e-07,7.2127002224287986e-12,2.5578485284180553e-12,2.2204460492503131e-16,2.4424906541753444e-14,5.8717383520411589e-13,7.9936057773011271e-15,0.010940319309377885,64,5.4124708187552883e-12,2.5368596112684827e-13,8.8817841970012523e-16,2.3901797208125686e-11,5.3363071796596367e-13,4.5297099404706387e-14,0.027377039921702817,0.82715982984518632,4.4408920985006242e-16,1.5449385623083248e-13,7.4051875742497941e-14
quad,8,4,1.2,gll,coupled,0,sine,xx,reused,0.0013637517860086408,0.00048362828716569487,0.012390179116307465,2.8198346172034574,0.0029818864891781789,0.0010711974549937769,0.0051541717908040177,0.0028355003744078358,1.8172715405240318e-07,3.8381983540787818e-12,1.3611448845784786e-12,2.2204460492503131e-16,2.4424906541753444e-14,5.8717383520411589e-13,7.9936057773011271e-15,0.010940319309377885,64,5.4124708187552883e-12,2.5368596112684827e-13,8.8817841970012523e-16,2.3901797208125686e-11,5.3363071796596367e-13,4.5297099404706387e-14,0.027377039921702817,0.82715982984518632,4.4408920985006242e-16,1.5449385623083248e-13,7.4051875742497941e-14
quad,8,4,1.2,gll,coupled,0,sine,xx,reused_centered,0.0013637517859734672,0.00048362828715322118,0.012390179115650213,2.8198346172034574,0.0029818864890552043,0.0010711974549496,0.0051541717906018227,0.0028355003742423172,1.8172715405240318e-07,3.2817563932108358e-12,1.1638132047825791e-12,2.2204460492503131e-16,2.4424906541753444e-14,5.8717383520411589e-13,7.9936057773011271e-15,0.010940319309377885,64,5.4124708187552883e-12,2.5368596112684827e-13,8.8817841970012523e-16,2.3901797208125686e-11,5.3363071796596367e-13,4.5297099404706387e-14,0.027377039921702817,0.82715982984518632,4.4408920985006242e-16,1.5449385623083248e-13,7.4051875742497941e-14
quad,8,4,1.2,gll,coupled,0,sine,xy,recursive,0.00024426253633596845,5.7748667208058635e-05,0.0020407544341223272,4.2297519258051794,0.00056300649264748683,0.00013483435721149207,0.001035228982983176,0.00073143715878175243,1.8172715405240318e-07,8.0100055242910272e-05,1.8937299376143022e-05,2.2204460492503131e-16,2.4424906541753444e-14,5.8717383520411589e-13,7.9936057773011271e-15,0.010940319309377885,64,5.4124708187552883e-12,2.5368596112684827e-13,8.8817841970012523e-16,2.3901797208125686e-11,5.3363071796596367e-13,4.5297099404706387e-14,0.027377039921702817,0.82715982984518632,4.4408920985006242e-16,1.5449385623083248e-13,7.4051875742497941e-14
quad,8,4,1.2,gll,coupled,0,sine,xy,direct,0.00025589386039107884,6.0498550477606704e-05,0.0024289922033320366,4.2297519258051794,0.00060213947131969726,0.00014420630956718587,0.00095082110122763047,0.00068126069029998963,1.8172715405240318e-07,0,0,2.2204460492503131e-16,2.4424906541753444e-14,5.8717383520411589e-13,7.9936057773011271e-15,0.010940319309377885,64,5.4124708187552883e-12,2.5368596112684827e-13,8.8817841970012523e-16,2.3901797208125686e-11,5.3363071796596367e-13,4.5297099404706387e-14,0.027377039921702817,0.82715982984518632,4.4408920985006242e-16,1.5449385623083248e-13,7.4051875742497941e-14
quad,8,4,1.2,gll,coupled,0,sine,xy,fe_geometry,0.00025589386025251667,6.0498550444847765e-05,0.0024289922067453062,4.2297519258051794,0.0006021394708952744,0.00014420630946554089,0.00095082110087651864,0.0006812606900873018,1.8172715405240318e-07,1.9389443497505448e-12,4.584062958952453e-13,2.2204460492503131e-16,2.4424906541753444e-14,5.8717383520411589e-13,7.9936057773011271e-15,0.010940319309377885,64,5.4124708187552883e-12,2.5368596112684827e-13,8.8817841970012523e-16,2.3901797208125686e-11,5.3363071796596367e-13,4.5297099404706387e-14,0.027377039921702817,0.82715982984518632,4.4408920985006242e-16,1.5449385623083248e-13,7.4051875742497941e-14
quad,8,4,1.2,gll,coupled,0,sine,xy,reused,0.00025589386042798834,6.0498550486332871e-05,0.0024289922070943604,4.2297519258051794,0.00060213947135931986,0.00014420630957667508,0.0009508211013528942,0.00068126069024608158,1.8172715405240318e-07,8.5986717583508127e-13,2.032902734352211e-13,2.2204460492503131e-16,2.4424906541753444e-14,5.8717383520411589e-13,7.9936057773011271e-15,0.010940319309377885,64,5.4124708187552883e-12,2.5368596112684827e-13,8.8817841970012523e-16,2.3901797208125686e-11,5.3363071796596367e-13,4.5297099404706387e-14,0.027377039921702817,0.82715982984518632,4.4408920985006242e-16,1.5449385623083248e-13,7.4051875742497941e-14
quad,8,4,1.2,gll,coupled,0,sine,xy,reused_centered,0.00025589386041084618,6.0498550482280103e-05,0.0024289922065579006,4.2297519258051794,0.0006021394713259053,0.00014420630956867264,0.00095082110132182313,0.000681260690213357,1.8172715405240318e-07,8.9848765758235068e-13,2.1242094909681675e-13,2.2204460492503131e-16,2.4424906541753444e-14,5.8717383520411589e-13,7.9936057773011271e-15,0.010940319309377885,64,5.4124708187552883e-12,2.5368596112684827e-13,8.8817841970012523e-16,2.3901797208125686e-11,5.3363071796596367e-13,4.5297099404706387e-14,0.027377039921702817,0.82715982984518632,4.4408920985006242e-16,1.5449385623083248e-13,7.4051875742497941e-14
quad,8,4,1.2,gll,coupled,0,sine,yy,recursive,0.0040680560603453264,0.00064118119008771369,0.029541129790912279,6.3446278887077394,0.0089932873791055776,0.0014358675418676664,0.016516355325354809,0.009209438426204631,1.8172715405240318e-07,2.5362238365392029e-05,3.9974067384280648e-06,2.2204460492503131e-16,2.4424906541753444e-14,5.8717383520411589e-13,7.9936057773011271e-15,0.010940319309377885,64,5.4124708187552883e-12,2.5368596112684827e-13,8.8817841970012523e-16,2.3901797208125686e-11,5.3363071796596367e-13,4.5297099404706387e-14,0.027377039921702817,0.82715982984518632,4.4408920985006242e-16,1.5449385623083248e-13,7.4051875742497941e-14
quad,8,4,1.2,gll,coupled,0,sine,yy,direct,0.0040683393076098549,0.00064122583372473968,0.02945225916469596,6.3446278887077394,0.0089939114358515392,0.00143596717871769,0.016547713691648484,0.0092229283279467947,1.8172715405240318e-07,0,0,2.2204460492503131e-16,2.4424906541753444e-14,5.8717383520411589e-13,7.9936057773011271e-15,0.010940319309377885,64,5.4124708187552883e-12,2.5368596112684827e-13,8.8817841970012523e-16,2.3901797208125686e-11,5.3363071796596367e-13,4.5297099404706387e-14,0.027377039921702817,0.82715982984518632,4.4408920985006242e-16,1.5449385623083248e-13,7.4051875742497941e-14
quad,8,4,1.2,gll,coupled,0,sine,yy,fe_geometry,0.0040683393072799981,0.00064122583367274969,0.029452259163440075,6.3446278887077394,0.0089939114353121668,0.0014359671786315737,0.016547713691138492,0.0092229283281589254,1.8172715405240318e-07,3.4769865872560356e-12,5.4801667790832778e-13,2.2204460492503131e-16,2.4424906541753444e-14,5.8717383520411589e-13,7.9936057773011271e-15,0.010940319309377885,64,5.4124708187552883e-12,2.5368596112684827e-13,8.8817841970012523e-16,2.3901797208125686e-11,5.3363071796596367e-13,4.5297099404706387e-14,0.027377039921702817,0.82715982984518632,4.4408920985006242e-16,1.5449385623083248e-13,7.4051875742497941e-14
quad,8,4,1.2,gll,coupled,0,sine,yy,reused,0.0040683393082762394,0.000641225833829771,0.029452259171691253,6.3446278887077394,0.0089939114371025853,0.0014359671789174317,0.016547713693488668,0.0092229283292394344,1.8172715405240318e-07,3.1799932159233996e-12,5.0120679911413017e-13,2.2204460492503131e-16,2.4424906541753444e-14,5.8717383520411589e-13,7.9936057773011271e-15,0.010940319309377885,64,5.4124708187552883e-12,2.5368596112684827e-13,8.8817841970012523e-16,2.3901797208125686e-11,5.3363071796596367e-13,4.5297099404706387e-14,0.027377039921702817,0.82715982984518632,4.4408920985006242e-16,1.5449385623083248e-13,7.4051875742497941e-14
quad,8,4,1.2,gll,coupled,0,sine,yy,reused_centered,0.0040683393082397157,0.00064122583382401432,0.02945225917023464,6.3446278887077394,0.0089939114370375921,0.001435967178907055,0.016547713693660697,0.0092229283293273952,1.8172715405240318e-07,2.5365449887616092e-12,3.9979129145941485e-13,2.2204460492503131e-16,2.4424906541753444e-14,5.8717383520411589e-13,7.9936057773011271e-15,0.010940319309377885,64,5.4124708187552883e-12,2.5368596112684827e-13,8.8817841970012523e-16,2.3901797208125686e-11,5.3363071796596367e-13,4.5297099404706387e-14,0.027377039921702817,0.82715982984518632,4.4408920985006242e-16,1.5449385623083248e-13,7.4051875742497941e-14
quad,8,4,1.2,gll,coupled,0,sine,xxx,recursive,0.10259690144437468,0.018081976137770062,0.65206631207189925,5.6739872159253562,0.18379479870992746,0.031992541995445663,0.075303532200745024,0.039323202743575605,1.8172715405240318e-07,0.0018744518247323547,0.0003310626945307539,2.2204460492503131e-16,2.4424906541753444e-14,5.8717383520411589e-13,7.9936057773011271e-15,0.010940319309377885,64,5.4124708187552883e-12,2.5368596112684827e-13,8.8817841970012523e-16,2.3901797208125686e-11,5.3363071796596367e-13,4.5297099404706387e-14,0.027377039921702817,0.82715982984518632,4.4408920985006242e-16,1.5449385623083248e-13,7.4051875742497941e-14
quad,8,4,1.2,gll,coupled,0,sine,xxx,direct,0.10272288127182416,0.018104179188756127,0.65096898697561367,5.6739872159253562,0.18427616290341323,0.032076331440431552,0.070682096921491536,0.037201044784425076,1.8172715405240318e-07,0,0,2.2204460492503131e-16,2.4424906541753444e-14,5.8717383520411589e-13,7.9936057773011271e-15,0.010940319309377885,64,5.4124708187552883e-12,2.5368596112684827e-13,8.8817841970012523e-16,2.3901797208125686e-11,5.3363071796596367e-13,4.5297099404706387e-14,0.027377039921702817,0.82715982984518632,4.4408920985006242e-16,1.5449385623083248e-13,7.4051875742497941e-14
quad,8,4,1.2,gll,coupled,0,sine,xxx,fe_geometry,0.10272288125604623,0.018104179185975379,0.65096898694075933,5.6739872159253562,0.18427616290711737,0.032076331441076321,0.07068209690194828,0.037201044749174343,1.8172715405240318e-07,4.1138271859499066e-10,7.2657760260598325e-11,2.2204460492503131e-16,2.4424906541753444e-14,5.8717383520411589e-13,7.9936057773011271e-15,0.010940319309377885,64,5.4124708187552883e-12,2.5368596112684827e-13,8.8817841970012523e-16,2.3901797208125686e-11,5.3363071796596367e-13,4.5297099404706387e-14,0.027377039921702817,0.82715982984518632,4.4408920985006242e-16,1.5449385623083248e-13,7.4051875742497941e-14
quad,8,4,1.2,gll,coupled,0,sine,xxx,reused,0.10272288127035094,0.018104179188496484,0.6509689871079265,5.6739872159253562,0.18427616290389187,0.032076331440514867,0.070682097126774646,0.037201044908723127,1.8172715405240318e-07,2.1485169148991084e-10,3.7946763406040804e-11,2.2204460492503131e-16,2.4424906541753444e-14,5.8717383520411589e-13,7.9936057773011271e-15,0.010940319309377885,64,5.4124708187552883e-12,2.5368596112684827e-13,8.8817841970012523e-16,2.3901797208125686e-11,5.3363071796596367e-13,4.5297099404706387e-14,0.027377039921702817,0.82715982984518632,4.4408920985006242e-16,1.5449385623083248e-13,7.4051875742497941e-14
quad,8,4,1.2,gll,coupled,0,sine,xxx,reused_centered,0.10272288126074448,0.018104179186803415,0.65096898711185669,5.6739872159253562,0.1842761628791928,0.032076331436215584,0.070682097109414033,0.037201044897737706,1.8172715405240318e-07,1.7849982770644059e-10,3.1526355147701605e-11,2.2204460492503131e-16,2.4424906541753444e-14,5.8717383520411589e-13,7.9936057773011271e-15,0.010940319309377885,64,5.4124708187552883e-12,2.5368596112684827e-13,8.8817841970012523e-16,2.3901797208125686e-11,5.3363071796596367e-13,4.5297099404706387e-14,0.027377039921702817,0.82715982984518632,4.4408920985006242e-16,1.5449385623083248e-13,7.4051875742497941e-14
quad,8,4,1.2,gll,coupled,0,sine,xxy,recursive,0.008933044375213979,0.0010495904714226726,0.058692020686724078,8.510980823888044,0.01793727087296183,0.0020815202450953723,0.025651280358692408,0.019501717312100979,1.8172715405240318e-07,0.0013173422220403683,0.00015478592497079937,2.2204460492503131e-16,2.4424906541753444e-14,5.8717383520411589e-13,7.9936057773011271e-15,0.010940319309377885,64,5.4124708187552883e-12,2.5368596112684827e-13,8.8817841970012523e-16,2.3901797208125686e-11,5.3363071796596367e-13,4.5297099404706387e-14,0.027377039921702817,0.82715982984518632,4.4408920985006242e-16,1.5449385623083248e-13,7.4051875742497941e-14
quad,8,4,1.2,gll,coupled,0,sine,xxy,direct,0.0091088658659979563,0.0010702486651634566,0.071386140716683144,8.510980823888044,0.018379341118285111,0.0021328200315518359,0.027195976634542863,0.021053874545331919,1.8172715405240318e-07,0,0,2.2204460492503131e-16,2.4424906541753444e-14,5.8717383520411589e-13,7.9936057773011271e-15,0.010940319309377885,64,5.4124708187552883e-12,2.5368596112684827e-13,8.8817841970012523e-16,2.3901797208125686e-11,5.3363071796596367e-13,4.5297099404706387e-14,0.027377039921702817,0.82715982984518632,4.4408920985006242e-16,1.5449385623083248e-13,7.4051875742497941e-14
quad,8,4,1.2,gll,coupled,0,sine,xxy,fe_geometry,0.0091088658497931272,0.001070248663259466,0.071386138666337473,8.510980823888044,0.01837934107367566,0.0021328200263751582,0.027195976542682583,0.021053874456492701,1.8172715405240318e-07,1.3926125295123239e-10,1.6363008404347962e-11,2.2204460492503131e-16,2.4424906541753444e-14,5.8717383520411589e-13,7.9936057773011271e-15,0.010940319309377885,64,5.4124708187552883e-12,2.5368596112684827e-13,8.8817841970012523e-16,2.3901797208125686e-11,5.3363071796596367e-13,4.5297099404706387e-14,0.027377039921702817,0.82715982984518632,4.4408920985006242e-16,1.5449385623083248e-13,7.4051875742497941e-14
quad,8,4,1.2,gll,coupled,0,sine,xxy,reused,0.0091088658665468853,0.0010702486652279534,0.071386140800886011,8.510980823888044,0.018379341113995654,0.0021328200310540687,0.027195976621021689,0.021053874542956277,1.8172715405240318e-07,6.6128279103414357e-11,7.7699831345992583e-12,2.2204460492503131e-16,2.4424906541753444e-14,5.8717383520411589e-13,7.9936057773011271e-15,0.010940319309377885,64,5.4124708187552883e-12,2.5368596112684827e-13,8.8817841970012523e-16,2.3901797208125686e-11,5.3363071796596367e-13,4.5297099404706387e-14,0.027377039921702817,0.82715982984518632,4.4408920985006242e-16,1.5449385623083248e-13,7.4051875742497941e-14
quad,8,4,1.2,gll,coupled,0,sine,xxy,reused_centered,0.0091088658641024708,0.0010702486649407459,0.071386141183737095,8.510980823888044,0.018379341107915958,0.0021328200303485536,0.027195976615180733,0.021053874536600185,1.8172715405240318e-07,7.2402587787251031e-11,8.5072058979262947e-12,2.2204460492503131e-16,2.4424906541753444e-14,5.8717383520411589e-13,7.9936057773011271e-15,0.010940319309377885,64,5.4124708187552883e-12,2.5368596112684827e-13,8.8817841970012523e-16,2.3901797208125686e-11,5.3363071796596367e-13,4.5297099404706387e-14,0.027377039921702817,0.82715982984518632,4.4408920985006242e-16,1.5449385623083248e-13,7.4051875742497941e-14
quad,8,4,1.2,gll,coupled,0,sine,xyy,recursive,0.018881848248626973,0.0014790185870337176,0.11924870197390192,12.766471235832089,0.035541152667211758,0.0027495683646554391,0.032676285387691059,0.021856428597387775,1.8172715405240318e-07,0.011003679588195226,0.00086186728127307416,2.2204460492503131e-16,2.4424906541753444e-14,5.8717383520411589e-13,7.9936057773011271e-15,0.010940319309377885,64,5.4124708187552883e-12,2.5368596112684827e-13,8.8817841970012523e-16,2.3901797208125686e-11,5.3363071796596367e-13,4.5297099404706387e-14,0.027377039921702817,0.82715982984518632,4.4408920985006242e-16,1.5449385623083248e-13,7.4051875742497941e-14
quad,8,4,1.2,gll,coupled,0,sine,xyy,direct,0.021871493584722363,0.0017131980467190416,0.14767956982108998,12.766471235832089,0.043557055326500484,0.0033697022295447118,0.065230384324214574,0.041368991266635388,1.8172715405240318e-07,0,0,2.2204460492503131e-16,2.4424906541753444e-14,5.8717383520411589e-13,7.9936057773011271e-15,0.010940319309377885,64,5.4124708187552883e-12,2.5368596112684827e-13,8.8817841970012523e-16,2.3901797208125686e-11,5.3363071796596367e-13,4.5297099404706387e-14,0.027377039921702817,0.82715982984518632,4.4408920985006242e-16,1.5449385623083248e-13,7.4051875742497941e-14
quad,8,4,1.2,gll,coupled,0,sine,xyy,fe_geometry,0.021871493582047676,0.001713198046509533,0.14767956900138302,12.766471235832089,0.043557055314474145,0.0033697022286143189,0.065230384320557999,0.041368991241610968,1.8172715405240318e-07,1.2542378992829427e-10,9.8238648232208303e-12,2.2204460492503131e-16,2.4424906541753444e-14,5.8717383520411589e-13,7.9936057773011271e-15,0.010940319309377885,64,5.4124708187552883e-12,2.5368596112684827e-13,8.8817841970012523e-16,2.3901797208125686e-11,5.3363071796596367e-13,4.5297099404706387e-14,0.027377039921702817,0.82715982984518632,4.4408920985006242e-16,1.5449385623083248e-13,7.4051875742497941e-14
quad,8,4,1.2,gll,coupled,0,sine,xyy,reused,0.021871493586441873,0.0017131980468537309,0.14767956997468445,12.766471235832089,0.043557055328326023,0.0033697022296859409,0.065230384325173738,0.041368991272113256,1.8172715405240318e-07,6.0216090928121364e-11,4.7164476356426063e-12,2.2204460492503131e-16,2.4424906541753444e-14,5.8717383520411589e-13,7.9936057773011271e-15,0.010940319309377885,64,5.4124708187552883e-12,2.5368596112684827e-13,8.8817841970012523e-16,2.3901797208125686e-11,5.3363071796596367e-13,4.5297099404706387e-14,0.027377039921702817,0.82715982984518632,4.4408920985006242e-16,1.5449385623083248e-13,7.4051875742497941e-14
quad,8,4,1.2,gll,coupled,0,sine,xyy,reused_centered,0.021871493585490794,0.0017131980467792328,0.14767957018677436,12.766471235832089,0.043557055325366467,0.0033697022294569808,0.065230384321308968,0.041368991268501513,1.8172715405240318e-07,6.9314143235349297e-11,5.4290559539839494e-12,2.2204460492503131e-16,2.4424906541753444e-14,5.8717383520411589e-13,7.9936057773011271e-15,0.010940319309377885,64,5.4124708187552883e-12,2.5368596112684827e-13,8.8817841970012523e-16,2.3901797208125686e-11,5.3363071796596367e-13,4.5297099404706387e-14,0.027377039921702817,0.82715982984518632,4.4408920985006242e-16,1.5449385623083248e-13,7.4051875742497941e-14
quad,8,4,1.2,gll,coupled,0,sine,yyy,recursive,0.31161333546171993,0.016272485936291461,1.7248293819632128,19.149706853748086,0.55476529540499053,0.0286121859981486,0.20474811927299019,0.11613796264472602,1.8172715405240318e-07,0.0035450536964433971,0.00018478752108060388,2.2204460492503131e-16,2.4424906541753444e-14,5.8717383520411589e-13,7.9936057773011271e-15,0.010940319309377885,64,5.4124708187552883e-12,2.5368596112684827e-13,8.8817841970012523e-16,2.3901797208125686e-11,5.3363071796596367e-13,4.5297099404706387e-14,0.027377039921702817,0.82715982984518632,4.4408920985006242e-16,1.5449385623083248e-13,7.4051875742497941e-14
quad,8,4,1.2,gll,coupled,0,sine,yyy,direct,0.3116549365385336,0.016274658349536814,1.7171350050220369,19.149706853748086,0.55486950307169203,0.028617560539719228,0.19247215176159327,0.10943416584622009,1.8172715405240318e-07,0,0,2.2204460492503131e-16,2.4424906541753444e-14,5.8717383520411589e-13,7.9936057773011271e-15,0.010940319309377885,64,5.4124708187552883e-12,2.5368596112684827e-13,8.8817841970012523e-16,2.3901797208125686e-11,5.3363071796596367e-13,4.5297099404706387e-14,0.027377039921702817,0.82715982984518632,4.4408920985006242e-16,1.5449385623083248e-13,7.4051875742497941e-14
quad,8,4,1.2,gll,coupled,0,sine,yyy,fe_geometry,0.31165493653049153,0.016274658349116854,1.7171350049810741,19.149706853748086,0.55486950306176641,0.028617560539207311,0.19247215168586596,0.10943416578078496,1.8172715405240318e-07,1.1114381775385757e-10,5.7934215740581453e-12,2.2204460492503131e-16,2.4424906541753444e-14,5.8717383520411589e-13,7.9936057773011271e-15,0.010940319309377885,64,5.4124708187552883e-12,2.5368596112684827e-13,8.8817841970012523e-16,2.3901797208125686e-11,5.3363071796596367e-13,4.5297099404706387e-14,0.027377039921702817,0.82715982984518632,4.4408920985006242e-16,1.5449385623083248e-13,7.4051875742497941e-14
quad,8,4,1.2,gll,coupled,0,sine,yyy,reused,0.31165493656435678,0.016274658350885301,1.7171350054159635,19.149706853748086,0.55486950311282224,0.028617560541840538,0.19247215197352865,0.10943416598406777,1.8172715405240318e-07,1.6156326273622258e-10,8.4215578592428688e-12,2.2204460492503131e-16,2.4424906541753444e-14,5.8717383520411589e-13,7.9936057773011271e-15,0.010940319309377885,64,5.4124708187552883e-12,2.5368596112684827e-13,8.8817841970012523e-16,2.3901797208125686e-11,5.3363071796596367e-13,4.5297099404706387e-14,0.027377039921702817,0.82715982984518632,4.4408920985006242e-16,1.5449385623083248e-13,7.4051875742497941e-14
quad,8,4,1.2,gll,coupled,0,sine,yyy,reused_centered,0.31165493656338261,0.016274658350834432,1.7171350053720627,19.149706853748086,0.55486950310729399,0.028617560541555412,0.19247215190147143,0.10943416593337954,1.8172715405240318e-07,1.1777353114173187e-10,6.1389983712867065e-12,2.2204460492503131e-16,2.4424906541753444e-14,5.8717383520411589e-13,7.9936057773011271e-15,0.010940319309377885,64,5.4124708187552883e-12,2.5368596112684827e-13,8.8817841970012523e-16,2.3901797208125686e-11,5.3363071796596367e-13,4.5297099404706387e-14,0.027377039921702817,0.82715982984518632,4.4408920985006242e-16,1.5449385623083248e-13,7.4051875742497941e-14
quad,8,4,1.2,gll,coupled,0,shortwave,x,recursive,0.0027521012779980697,0.00048669904410121958,0.031413610910240308,5.6546264295224518,0.0073028834677215547,0.0012912210955655463,0.0071892066633266688,0.0037324574072114492,1.6529646090014562e-05,1.8101323042578349e-05,3.2013827165189664e-06,2.2204460492503131e-16,2.4424906541753444e-14,5.8717383520411589e-13,7.9936057773011271e-15,0.010940319309377885,64,5.4124708187552883e-12,2.5368596112684827e-13,8.8817841970012523e-16,2.3901797208125686e-11,5.3363071796596367e-13,4.5297099404706387e-14,0.027377039921702817,0.82715982984518632,4.4408920985006242e-16,1.5449385623083248e-13,7.4051875742497941e-14
quad,8,4,1.2,gll,coupled,0,shortwave,x,direct,0.0027525678080488158,0.00048678154823417349,0.03154931660482152,5.6546264295224518,0.0073039488385588484,0.0012914094635308566,0.0071515545319389296,0.0037218815941283344,1.6529646090014562e-05,0,0,2.2204460492503131e-16,2.4424906541753444e-14,5.8717383520411589e-13,7.9936057773011271e-15,0.010940319309377885,64,5.4124708187552883e-12,2.5368596112684827e-13,8.8817841970012523e-16,2.3901797208125686e-11,5.3363071796596367e-13,4.5297099404706387e-14,0.027377039921702817,0.82715982984518632,4.4408920985006242e-16,1.5449385623083248e-13,7.4051875742497941e-14
quad,8,4,1.2,gll,coupled,0,shortwave,x,fe_geometry,0.0027525678080748597,0.00048678154823877923,0.031549316604980504,5.6546264295224518,0.0073039488386323244,0.0012914094635438479,0.0071515545317383192,0.0037218815939208485,1.6529646090014562e-05,2.3205475721165348e-13,4.104098287599946e-14,2.2204460492503131e-16,2.4424906541753444e-14,5.8717383520411589e-13,7.9936057773011271e-15,0.010940319309377885,64,5.4124708187552883e-12,2.5368596112684827e-13,8.8817841970012523e-16,2.3901797208125686e-11,5.3363071796596367e-13,4.5297099404706387e-14,0.027377039921702817,0.82715982984518632,4.4408920985006242e-16,1.5449385623083248e-13,7.4051875742497941e-14
quad,8,4,1.2,gll,coupled,0,shortwave,x,reused,0.0027525678080618393,0.0004867815482364766,0.031549316604760236,5.6546264295224518,0.0073039488385970392,0.001291409463537609,0.0071515545320058674,0.0037218815942032853,1.6529646090014562e-05,8.1507728369019946e-14,1.4415379044367092e-14,2.2204460492503131e-16,2.4424906541753444e-14,5.8717383520411589e-13,7.9936057773011271e-15,0.010940319309377885,64,5.4124708187552883e-12,2.5368596112684827e-13,8.8817841970012523e-16,2.3901797208125686e-11,5.3363071796596367e-13,4.5297099404706387e-14,0.027377039921702817,0.82715982984518632,4.4408920985006242e-16,1.5449385623083248e-13,7.4051875742497941e-14
quad,8,4,1.2,gll,coupled,0,shortwave,x,reused_centered,0.0027525678080593781,0.00048678154823604146,0.03154931660477267,5.6546264295224518,0.0073039488385900049,0.0012914094635363654,0.0071515545319837011,0.0037218815941811854,1.6529646090014562e-05,6.5129655552160945e-14,1.1518768718014226e-14,2.2204460492503131e-16,2.4424906541753444e-14,5.8717383520411589e-13,7.9936057773011271e-15,0.010940319309377885,64,5.4124708187552883e-12,2.5368596112684827e-13,8.8817841970012523e-16,2.3901797208125686e-11,5.3363071796596367e-13,4.5297099404706387e-14,0.027377039921702817,0.82715982984518632,4.4408920985006242e-16,1.5449385623083248e-13,7.4051875742497941e-14
quad,8,4,1.2,gll,coupled,0,shortwave,y,recursive,0.0010838120144470538,0.00025555758703788451,0.015215044875045436,4.2409698221418362,0.002891990389375456,0.00068177618068066871,0.0025811658284819032,0.0015201839535932949,1.6529646090014562e-05,2.4901907196707371e-05,5.8718985036254422e-06,2.2204460492503131e-16,2.4424906541753444e-14,5.8717383520411589e-13,7.9936057773011271e-15,0.010940319309377885,64,5.4124708187552883e-12,2.5368596112684827e-13,8.8817841970012523e-16,2.3901797208125686e-11,5.3363071796596367e-13,4.5297099404706387e-14,0.027377039921702817,0.82715982984518632,4.4408920985006242e-16,1.5449385623083248e-13,7.4051875742497941e-14
quad,8,4,1.2,gll,coupled,0,shortwave,y,direct,0.001084227198551456,0.00025565548542476633,0.015139843048651791,4.2409698221418362,0.0028920171587809231,0.000681782491470319,0.0025673923554308635,0.0015318814398944051,1.6529646090014562e-05,0,0,2.2204460492503131e-16,2.4424906541753444e-14,5.8717383520411589e-13,7.9936057773011271e-15,0.010940319309377885,64,5.4124708187552883e-12,2.5368596112684827e-13,8.8817841970012523e-16,2.3901797208125686e-11,5.3363071796596367e-13,4.5297099404706387e-14,0.027377039921702817,0.82715982984518632,4.4408920985006242e-16,1.5449385623083248e-13,7.4051875742497941e-14
quad,8,4,1.2,gll,coupled,0,shortwave,y,fe_geometry,0.0010842271985358558,0.00025565548542108785,0.01513984304837912,4.2409698221418362,0.0028920171587365645,0.00068178249145986177,0.0025673923551666053,0.0015318814396307896,1.6529646090014562e-05,2.3472177204283244e-13,5.5347665186418304e-14,2.2204460492503131e-16,2.4424906541753444e-14,5.8717383520411589e-13,7.9936057773011271e-15,0.010940319309377885,64,5.4124708187552883e-12,2.5368596112684827e-13,8.8817841970012523e-16,2.3901797208125686e-11,5.3363071796596367e-13,4.5297099404706387e-14,0.027377039921702817,0.82715982984518632,4.4408920985006242e-16,1.5449385623083248e-13,7.4051875742497941e-14
quad,8,4,1.2,gll,coupled,0,shortwave,y,reused,0.0010842271985668545,0.00025565548542839722,0.015139843048914692,4.2409698221418362,0.0028920171588243441,0.0006817824914805555,0.0025673923555374562,0.0015318814400100242,1.6529646090014562e-05,8.5740148750384468e-14,2.0217626191080438e-14,2.2204460492503131e-16,2.4424906541753444e-14,5.8717383520411589e-13,7.9936057773011271e-15,0.010940319309377885,64,5.4124708187552883e-12,2.5368596112684827e-13,8.8817841970012523e-16,2.3901797208125686e-11,5.3363071796596367e-13,4.5297099404706387e-14,0.027377039921702817,0.82715982984518632,4.4408920985006242e-16,1.5449385623083248e-13,7.4051875742497941e-14
quad,8,4,1.2,gll,coupled,0,shortwave,y,reused_centered,0.0010842271985642489,0.00025565548542778285,0.015139843048826762,4.2409698221418362,0.0028920171588172677,0.00068178249147888724,0.0025673923555123951,0.0015318814399819633,1.6529646090014562e-05,6.9066465567630003e-14,1.6285952421784317e-14,2.2204460492503131e-16,2.4424906541753444e-14,5.8717383520411589e-13,7.9936057773011271e-15,0.010940319309377885,64,5.4124708187552883e-12,2.5368596112684827e-13,8.8817841970012523e-16,2.3901797208125686e-11,5.3363071796596367e-13,4.5297099404706387e-14,0.027377039921702817,0.82715982984518632,4.4408920985006242e-16,1.5449385623083248e-13,7.4051875742497941e-14
quad,8,4,1.2,gll,coupled,0,shortwave,xx,recursive,0.3397463967198473,0.0075044513669054345,2.9118270112571061,45.272649539462137,0.73965168355783284,0.016341091922848983,1.1693023225457584,0.67601663136831058,1.6529646090014562e-05,0.0023979774293698486,5.2913321107545318e-05,2.2204460492503131e-16,2.4424906541753444e-14,5.8717383520411589e-13,7.9936057773011271e-15,0.010940319309377885,64,5.4124708187552883e-12,2.5368596112684827e-13,8.8817841970012523e-16,2.3901797208125686e-11,5.3363071796596367e-13,4.5297099404706387e-14,0.027377039921702817,0.82715982984518632,4.4408920985006242e-16,1.5449385623083248e-13,7.4051875742497941e-14
quad,8,4,1.2,gll,coupled,0,shortwave,xx,direct,0.33981397390734114,0.0075059440382684159,2.8902906541632944,45.272649539462137,0.73972775036565463,0.016342772463469015,1.1725199274251832,0.67791287172611248,1.6529646090014562e-05,0,0,2.2204460492503131e-16,2.4424906541753444e-14,5.8717383520411589e-13,7.9936057773011271e-15,0.010940319309377885,64,5.4124708187552883e-12,2.5368596112684827e-13,8.8817841970012523e-16,2.3901797208125686e-11,5.3363071796596367e-13,4.5297099404706387e-14,0.027377039921702817,0.82715982984518632,4.4408920985006242e-16,1.5449385623083248e-13,7.4051875742497941e-14
quad,8,4,1.2,gll,coupled,0,shortwave,xx,fe_geometry,0.3398139739078892,0.0075059440382805208,2.8902906541569777,45.272649539462137,0.7397277503650026,0.016342772463454606,1.1725199274388034,0.67791287173464865,1.6529646090014562e-05,1.9129293255020528e-11,4.2210340437995328e-13,2.2204460492503131e-16,2.4424906541753444e-14,5.8717383520411589e-13,7.9936057773011271e-15,0.010940319309377885,64,5.4124708187552883e-12,2.5368596112684827e-13,8.8817841970012523e-16,2.3901797208125686e-11,5.3363071796596367e-13,4.5297099404706387e-14,0.027377039921702817,0.82715982984518632,4.4408920985006242e-16,1.5449385623083248e-13,7.4051875742497941e-14
quad,8,4,1.2,gll,coupled,0,shortwave,xx,reused,0.33981397390870355,0.007505944038298509,2.8902906541716398,45.272649539462137,0.73972775036867722,0.016342772463535792,1.172519927428664,0.67791287172868286,1.6529646090014562e-05,8.049551866177519e-12,1.7761990477901168e-13,2.2204460492503131e-16,2.4424906541753444e-14,5.8717383520411589e-13,7.9936057773011271e-15,0.010940319309377885,64,5.4124708187552883e-12,2.5368596112684827e-13,8.8817841970012523e-16,2.3901797208125686e-11,5.3363071796596367e-13,4.5297099404706387e-14,0.027377039921702817,0.82715982984518632,4.4408920985006242e-16,1.5449385623083248e-13,7.4051875742497941e-14
quad,8,4,1.2,gll,coupled,0,shortwave,xx,reused_centered,0.33981397390863538,0.0075059440382970032,2.8902906541683286,45.272649539462137,0.73972775036863658,0.016342772463534896,1.1725199274300104,0.67791287172957804,1.6529646090014562e-05,6.4614042925686392e-12,1.4257613768625029e-13,2.2204460492503131e-16,2.4424906541753444e-14,5.8717383520411589e-13,7.9936057773011271e-15,0.010940319309377885,64,5.4124708187552883e-12,2.5368596112684827e-13,8.8817841970012523e-16,2.3901797208125686e-11,5.3363071796596367e-13,4.5297099404706387e-14,0.027377039921702817,0.82715982984518632,4.4408920985006242e-16,1.5449385623083248e-13,7.4051875742497941e-14
quad,8,4,1.2,gll,coupled,0,shortwave,xy,recursive,0.036828957542961394,0.0010846565691090275,0.3275446345398052,33.954487154596691,0.088420212027779416,0.0026046184435240287,0.12283809571834717,0.078253432523464769,1.6529646090014562e-05,0.0024511984066413915,7.2197827382822032e-05,2.2204460492503131e-16,2.4424906541753444e-14,5.8717383520411589e-13,7.9936057773011271e-15,0.010940319309377885,64,5.4124708187552883e-12,2.5368596112684827e-13,8.8817841970012523e-16,2.3901797208125686e-11,5.3363071796596367e-13,4.5297099404706387e-14,0.027377039921702817,0.82715982984518632,4.4408920985006242e-16,1.5449385623083248e-13,7.4051875742497941e-14
quad,8,4,1.2,gll,coupled,0,shortwave,xy,direct,0.03689359035014983,0.001086560082093752,0.32898239761946257,33.954487154596691,0.088763097792321277,0.0026147189235598261,0.12233022291413265,0.076558628300235937,1.6529646090014562e-05,0,0,2.2204460492503131e-16,2.4424906541753444e-14,5.8717383520411589e-13,7.9936057773011271e-15,0.010940319309377885,64,5.4124708187552883e-12,2.5368596112684827e-13,8.8817841970012523e-16,2.3901797208125686e-11,5.3363071796596367e-13,4.5297099404706387e-14,0.027377039921702817,0.82715982984518632,4.4408920985006242e-16,1.5449385623083248e-13,7.4051875742497941e-14
quad,8,4,1.2,gll,coupled,0,shortwave,xy,fe_geometry,0.036893590350090592,0.0010865600820920075,0.32898239760029213,33.954487154596691,0.088763097791762183,0.0026147189235433566,0.12233022291423636,0.076558628298878009,1.6529646090014562e-05,5.4137258995191829e-12,1.5945638954904123e-13,2.2204460492503131e-16,2.4424906541753444e-14,5.8717383520411589e-13,7.9936057773011271e-15,0.010940319309377885,64,5.4124708187552883e-12,2.5368596112684827e-13,8.8817841970012523e-16,2.3901797208125686e-11,5.3363071796596367e-13,4.5297099404706387e-14,0.027377039921702817,0.82715982984518632,4.4408920985006242e-16,1.5449385623083248e-13,7.4051875742497941e-14
quad,8,4,1.2,gll,coupled,0,shortwave,xy,reused,0.036893590350394155,0.0010865600821009479,0.32898239762429426,33.954487154596691,0.088763097792964277,0.0026147189235787671,0.12233022291517157,0.076558628301172132,1.6529646090014562e-05,2.1239342790809717e-12,6.2558559126862466e-14,2.2204460492503131e-16,2.4424906541753444e-14,5.8717383520411589e-13,7.9936057773011271e-15,0.010940319309377885,64,5.4124708187552883e-12,2.5368596112684827e-13,8.8817841970012523e-16,2.3901797208125686e-11,5.3363071796596367e-13,4.5297099404706387e-14,0.027377039921702817,0.82715982984518632,4.4408920985006242e-16,1.5449385623083248e-13,7.4051875742497941e-14
quad,8,4,1.2,gll,coupled,0,shortwave,xy,reused_centered,0.036893590350385218,0.0010865600821006846,0.32898239762100445,33.954487154596691,0.088763097792964596,0.0026147189235787771,0.12233022291535785,0.076558628301202136,1.6529646090014562e-05,2.117631028966152e-12,6.2372902607786945e-14,2.2204460492503131e-16,2.4424906541753444e-14,5.8717383520411589e-13,7.9936057773011271e-15,0.010940319309377885,64,5.4124708187552883e-12,2.5368596112684827e-13,8.8817841970012523e-16,2.3901797208125686e-11,5.3363071796596367e-13,4.5297099404706387e-14,0.027377039921702817,0.82715982984518632,4.4408920985006242e-16,1.5449385623083248e-13,7.4051875742497941e-14
quad,8,4,1.2,gll,coupled,0,shortwave,yy,recursive,0.13347381528851371,0.005241283316725332,1.4688592083858936,25.46586536594743,0.29196514902247783,0.01146732999269847,0.45264527827285728,0.24567672051024536,1.6529646090014562e-05,0.0020316060302560954,7.974292087761541e-05,2.2204460492503131e-16,2.4424906541753444e-14,5.8717383520411589e-13,7.9936057773011271e-15,0.010940319309377885,64,5.4124708187552883e-12,2.5368596112684827e-13,8.8817841970012523e-16,2.3901797208125686e-11,5.3363071796596367e-13,4.5297099404706387e-14,0.027377039921702817,0.82715982984518632,4.4408920985006242e-16,1.5449385623083248e-13,7.4051875742497941e-14
quad,8,4,1.2,gll,coupled,0,shortwave,yy,direct,0.1335024513093977,0.0052424078031887795,1.4529356009608225,25.46586536594743,0.29195293742572936,0.011466850365557623,0.4535115587086388,0.24542457372874882,1.6529646090014562e-05,0,0,2.2204460492503131e-16,2.4424906541753444e-14,5.8717383520411589e-13,7.9936057773011271e-15,0.010940319309377885,64,5.4124708187552883e-12,2.5368596112684827e-13,8.8817841970012523e-16,2.3901797208125686e-11,5.3363071796596367e-13,4.5297099404706387e-14,0.027377039921702817,0.82715982984518632,4.4408920985006242e-16,1.5449385623083248e-13,7.4051875742497941e-14
quad,8,4,1.2,gll,coupled,0,shortwave,yy,fe_geometry,0.13350245130751923,0.0052424078031150156,1.452935600953321,25.46586536594743,0.29195293742208972,0.011466850365414671,0.4535115587033825,0.24542457372360874,1.6529646090014562e-05,9.0447629441985235e-12,3.5501756003603327e-13,2.2204460492503131e-16,2.4424906541753444e-14,5.8717383520411589e-13,7.9936057773011271e-15,0.010940319309377885,64,5.4124708187552883e-12,2.5368596112684827e-13,8.8817841970012523e-16,2.3901797208125686e-11,5.3363071796596367e-13,4.5297099404706387e-14,0.027377039921702817,0.82715982984518632,4.4408920985006242e-16,1.5449385623083248e-13,7.4051875742497941e-14
quad,8,4,1.2,gll,coupled,0,shortwave,yy,reused,0.13350245131092758,0.0052424078032488556,1.4529356009770851,25.46586536594743,0.29195293742883632,0.011466850365679654,0.45351155871199372,0.24542457373170193,1.6529646090014562e-05,7.5484248800695382e-12,2.9628453499231425e-13,2.2204460492503131e-16,2.4424906541753444e-14,5.8717383520411589e-13,7.9936057773011271e-15,0.010940319309377885,64,5.4124708187552883e-12,2.5368596112684827e-13,8.8817841970012523e-16,2.3901797208125686e-11,5.3363071796596367e-13,4.5297099404706387e-14,0.027377039921702817,0.82715982984518632,4.4408920985006242e-16,1.5449385623083248e-13,7.4051875742497941e-14
quad,8,4,1.2,gll,coupled,0,shortwave,yy,reused_centered,0.13350245131075283,0.005242407803241993,1.4529356009726406,25.46586536594743,0.29195293742851408,0.011466850365666997,0.45351155871245219,0.24542457373203594,1.6529646090014562e-05,5.712646043549495e-12,2.242280612817271e-13,2.2204460492503131e-16,2.4424906541753444e-14,5.8717383520411589e-13,7.9936057773011271e-15,0.010940319309377885,64,5.4124708187552883e-12,2.5368596112684827e-13,8.8817841970012523e-16,2.3901797208125686e-11,5.3363071796596367e-13,4.5297099404706387e-14,0.027377039921702817,0.82715982984518632,4.4408920985006242e-16,1.5449385623083248e-13,7.4051875742497941e-14
quad,8,4,1.2,gll,coupled,0,shortwave,xxx,recursive,25.16443350554912,0.0695349690072119,155.33447812566459,361.89609148943691,44.256904863597384,0.1222664509780942,37.117396138219235,20.585677240626609,1.6529646090014562e-05,0.30820483601017584,0.00082723760226513759,2.2204460492503131e-16,2.4424906541753444e-14,5.8717383520411589e-13,7.9936057773011271e-15,0.010940319309377885,64,5.4124708187552883e-12,2.5368596112684827e-13,8.8817841970012523e-16,2.3901797208125686e-11,5.3363071796596367e-13,4.5297099404706387e-14,0.027377039921702817,0.82715982984518632,4.4408920985006242e-16,1.5449385623083248e-13,7.4051875742497941e-14
quad,8,4,1.2,gll,coupled,0,shortwave,xxx,direct,25.168335235154679,0.069545750360471337,153.37588398397071,361.89609148943691,44.257590782327547,0.12226834593322165,36.209962137794051,20.037837021159312,1.6529646090014562e-05,0,0,2.2204460492503131e-16,2.4424906541753444e-14,5.8717383520411589e-13,7.9936057773011271e-15,0.010940319309377885,64,5.4124708187552883e-12,2.5368596112684827e-13,8.8817841970012523e-16,2.3901797208125686e-11,5.3363071796596367e-13,4.5297099404706387e-14,0.027377039921702817,0.82715982984518632,4.4408920985006242e-16,1.5449385623083248e-13,7.4051875742497941e-14
quad,8,4,1.2,gll,coupled,0,shortwave,xxx,fe_geometry,25.16833523494455,0.069545750359890704,153.37588398362601,361.89609148943691,44.257590781869162,0.12226834593195531,36.209962136582028,20.037837020077159,1.6529646090014562e-05,1.1489761123098011e-09,3.0839108708070304e-12,2.2204460492503131e-16,2.4424906541753444e-14,5.8717383520411589e-13,7.9936057773011271e-15,0.010940319309377885,64,5.4124708187552883e-12,2.5368596112684827e-13,8.8817841970012523e-16,2.3901797208125686e-11,5.3363071796596367e-13,4.5297099404706387e-14,0.027377039921702817,0.82715982984518632,4.4408920985006242e-16,1.5449385623083248e-13,7.4051875742497941e-14
quad,8,4,1.2,gll,coupled,0,shortwave,xxx,reused,25.168335235239908,0.069545750360706857,153.37588398419081,361.89609148943691,44.257590782492308,0.12226834593367683,36.209962138120602,20.03783702145985,1.6529646090014562e-05,5.044355948419174e-10,1.3539310329330418e-12,2.2204460492503131e-16,2.4424906541753444e-14,5.8717383520411589e-13,7.9936057773011271e-15,0.010940319309377885,64,5.4124708187552883e-12,2.5368596112684827e-13,8.8817841970012523e-16,2.3901797208125686e-11,5.3363071796596367e-13,4.5297099404706387e-14,0.027377039921702817,0.82715982984518632,4.4408920985006242e-16,1.5449385623083248e-13,7.4051875742497941e-14
quad,8,4,1.2,gll,coupled,0,shortwave,xxx,reused_centered,25.168335235248907,0.069545750360731726,153.37588398416193,361.89609148943691,44.257590782510917,0.12226834593372825,36.209962137973008,20.037837021331903,1.6529646090014562e-05,4.0609007942394655e-10,1.0899666207548848e-12,2.2204460492503131e-16,2.4424906541753444e-14,5.8717383520411589e-13,7.9936057773011271e-15,0.010940319309377885,64,5.4124708187552883e-12,2.5368596112684827e-13,8.8817841970012523e-16,2.3901797208125686e-11,5.3363071796596367e-13,4.5297099404706387e-14,0.027377039921702817,0.82715982984518632,4.4408920985006242e-16,1.5449385623083248e-13,7.4051875742497941e-14
quad,8,4,1.2,gll,coupled,0,shortwave,xxy,recursive,3.2330754933479757,0.011911616140208556,19.991309820777985,271.42206861707757,6.4293568477914125,0.023682772101482029,9.4486466980341426,5.3663022103549984,1.6529646090014562e-05,0.058999951209599492,0.00021713284975297489,2.2204460492503131e-16,2.4424906541753444e-14,5.8717383520411589e-13,7.9936057773011271e-15,0.010940319309377885,64,5.4124708187552883e-12,2.5368596112684827e-13,8.8817841970012523e-16,2.3901797208125686e-11,5.3363071796596367e-13,4.5297099404706387e-14,0.027377039921702817,0.82715982984518632,4.4408920985006242e-16,1.5449385623083248e-13,7.4051875742497941e-14
quad,8,4,1.2,gll,coupled,0,shortwave,xxy,direct,3.2339020882846556,0.011914661562936676,20.030617268302763,271.42206861707757,6.433445889870482,0.023697834238172299,9.4442188359454899,5.3614583065573482,1.6529646090014562e-05,0,0,2.2204460492503131e-16,2.4424906541753444e-14,5.8717383520411589e-13,7.9936057773011271e-15,0.010940319309377885,64,5.4124708187552883e-12,2.5368596112684827e-13,8.8817841970012523e-16,2.3901797208125686e-11,5.3363071796596367e-13,4.5297099404706387e-14,0.027377039921702817,0.82715982984518632,4.4408920985006242e-16,1.5449385623083248e-13,7.4051875742497941e-14
quad,8,4,1.2,gll,coupled,0,shortwave,xxy,fe_geometry,3.2339020882548648,0.011914661562826919,20.030617267350578,271.42206861707757,6.4334458897906535,0.023697834237878246,9.4442188359277068,5.3614583065740167,1.6529646090014562e-05,3.7353166431634595e-10,1.3746790138494822e-12,2.2204460492503131e-16,2.4424906541753444e-14,5.8717383520411589e-13,7.9936057773011271e-15,0.010940319309377885,64,5.4124708187552883e-12,2.5368596112684827e-13,8.8817841970012523e-16,2.3901797208125686e-11,5.3363071796596367e-13,4.5297099404706387e-14,0.027377039921702817,0.82715982984518632,4.4408920985006242e-16,1.5449385623083248e-13,7.4051875742497941e-14
quad,8,4,1.2,gll,coupled,0,shortwave,xxy,reused,3.2339020882937639,0.011914661562970235,20.030617269225615,271.42206861707757,6.4334458898996312,0.023697834238279671,9.4442188359537003,5.3614583065426684,1.6529646090014562e-05,1.7220044850062352e-10,6.3373567850675164e-13,2.2204460492503131e-16,2.4424906541753444e-14,5.8717383520411589e-13,7.9936057773011271e-15,0.010940319309377885,64,5.4124708187552883e-12,2.5368596112684827e-13,8.8817841970012523e-16,2.3901797208125686e-11,5.3363071796596367e-13,4.5297099404706387e-14,0.027377039921702817,0.82715982984518632,4.4408920985006242e-16,1.5449385623083248e-13,7.4051875742497941e-14
quad,8,4,1.2,gll,coupled,0,shortwave,xxy,reused_centered,3.2339020882961624,0.011914661562979071,20.030617269271715,271.42206861707757,6.4334458899062215,0.023697834238303944,9.4442188359512684,5.3614583065321701,1.6529646090014562e-05,1.9220658016692641e-10,7.0736266110891339e-13,2.2204460492503131e-16,2.4424906541753444e-14,5.8717383520411589e-13,7.9936057773011271e-15,0.010940319309377885,64,5.4124708187552883e-12,2.5368596112684827e-13,8.8817841970012523e-16,2.3901797208125686e-11,5.3363071796596367e-13,4.5297099404706387e-14,0.027377039921702817,0.82715982984518632,4.4408920985006242e-16,1.5449385623083248e-13,7.4051875742497941e-14
quad,8,4,1.2,gll,coupled,0,shortwave,xyy,recursive,1.345184609648032,0.0066080827129097516,15.08503560446951,203.56655146280755,2.800559133879152,0.013754616580281549,4.1600299682775663,2.8265419492878414,1.6529646090014562e-05,0.32502104300964685,0.0015950850011776545,2.2204460492503131e-16,2.4424906541753444e-14,5.8717383520411589e-13,7.9936057773011271e-15,0.010940319309377885,64,5.4124708187552883e-12,2.5368596112684827e-13,8.8817841970012523e-16,2.3901797208125686e-11,5.3363071796596367e-13,4.5297099404706387e-14,0.027377039921702817,0.82715982984518632,4.4408920985006242e-16,1.5449385623083248e-13,7.4051875742497941e-14
quad,8,4,1.2,gll,coupled,0,shortwave,xyy,direct,1.3776495085022842,0.0067675632298265188,14.633272016566394,203.56655146280755,2.8783085021883075,0.014136473452187784,4.4298785401916945,3.0169978456658151,1.6529646090014562e-05,0,0,2.2204460492503131e-16,2.4424906541753444e-14,5.8717383520411589e-13,7.9936057773011271e-15,0.010940319309377885,64,5.4124708187552883e-12,2.5368596112684827e-13,8.8817841970012523e-16,2.3901797208125686e-11,5.3363071796596367e-13,4.5297099404706387e-14,0.027377039921702817,0.82715982984518632,4.4408920985006242e-16,1.5449385623083248e-13,7.4051875742497941e-14
quad,8,4,1.2,gll,coupled,0,shortwave,xyy,fe_geometry,1.3776495084514941,0.0067675632295770187,14.633272015473381,203.56655146280755,2.8783085020695909,0.014136473451604721,4.4298785401024237,3.0169978456150002,1.6529646090014562e-05,3.2413993300095908e-10,1.5907608338984185e-12,2.2204460492503131e-16,2.4424906541753444e-14,5.8717383520411589e-13,7.9936057773011271e-15,0.010940319309377885,64,5.4124708187552883e-12,2.5368596112684827e-13,8.8817841970012523e-16,2.3901797208125686e-11,5.3363071796596367e-13,4.5297099404706387e-14,0.027377039921702817,0.82715982984518632,4.4408920985006242e-16,1.5449385623083248e-13,7.4051875742497941e-14
quad,8,4,1.2,gll,coupled,0,shortwave,xyy,reused,1.3776495085171705,0.0067675632298996469,14.633272016226357,203.56655146280755,2.8783085022237755,0.014136473452361981,4.4298785402064143,3.0169978457112374,1.6529646090014562e-05,1.6085004820192099e-10,7.8939350187849752e-13,2.2204460492503131e-16,2.4424906541753444e-14,5.8717383520411589e-13,7.9936057773011271e-15,0.010940319309377885,64,5.4124708187552883e-12,2.5368596112684827e-13,8.8817841970012523e-16,2.3901797208125686e-11,5.3363071796596367e-13,4.5297099404706387e-14,0.027377039921702817,0.82715982984518632,4.4408920985006242e-16,1.5449385623083248e-13,7.4051875742497941e-14
quad,8,4,1.2,gll,coupled,0,shortwave,xyy,reused_centered,1.3776495085200666,0.0067675632299138734,14.633272016237811,203.56655146280755,2.8783085022378709,0.014136473452431209,4.4298785402118686,3.0169978457124875,1.6529646090014562e-05,1.8656652360138582e-10,9.156006046956004e-13,2.2204460492503131e-16,2.4424906541753444e-14,5.8717383520411589e-13,7.9936057773011271e-15,0.010940319309377885,64,5.4124708187552883e-12,2.5368596112684827e-13,8.8817841970012523e-16,2.3901797208125686e-11,5.3363071796596367e-13,4.5297099404706387e-14,0.027377039921702817,0.82715982984518632,4.4408920985006242e-16,1.5449385623083248e-13,7.4051875742497941e-14
quad,8,4,1.2,gll,coupled,0,shortwave,yyy,recursive,9.909711709509109,0.064907269151367422,82.38925057800688,152.67491359710576,17.395565393622402,0.11391502946297774,14.145668677829489,6.9642095398927646,1.6529646090014562e-05,0.24281590299629682,0.0015613927769250022,2.2204460492503131e-16,2.4424906541753444e-14,5.8717383520411589e-13,7.9936057773011271e-15,0.010940319309377885,64,5.4124708187552883e-12,2.5368596112684827e-13,8.8817841970012523e-16,2.3901797208125686e-11,5.3363071796596367e-13,4.5297099404706387e-14,0.027377039921702817,0.82715982984518632,4.4408920985006242e-16,1.5449385623083248e-13,7.4051875742497941e-14
quad,8,4,1.2,gll,coupled,0,shortwave,yyy,direct,9.9065014039145574,0.06488624208464823,80.813924931784896,152.67491359710576,17.379919579464456,0.1138125726965292,13.45143332861956,6.5764022205048001,1.6529646090014562e-05,0,0,2.2204460492503131e-16,2.4424906541753444e-14,5.8717383520411589e-13,7.9936057773011271e-15,0.010940319309377885,64,5.4124708187552883e-12,2.5368596112684827e-13,8.8817841970012523e-16,2.3901797208125686e-11,5.3363071796596367e-13,4.5297099404706387e-14,0.027377039921702817,0.82715982984518632,4.4408920985006242e-16,1.5449385623083248e-13,7.4051875742497941e-14
quad,8,4,1.2,gll,coupled,0,shortwave,yyy,fe_geometry,9.9065014038582433,0.0648862420842794,80.813924931578384,152.67491359710576,17.379919579363698,0.11381257269586939,13.451433328528339,6.5764022203500856,1.6529646090014562e-05,2.9840186503565361e-10,1.9188303193416646e-12,2.2204460492503131e-16,2.4424906541753444e-14,5.8717383520411589e-13,7.9936057773011271e-15,0.010940319309377885,64,5.4124708187552883e-12,2.5368596112684827e-13,8.8817841970012523e-16,2.3901797208125686e-11,5.3363071796596367e-13,4.5297099404706387e-14,0.027377039921702817,0.82715982984518632,4.4408920985006242e-16,1.5449385623083248e-13,7.4051875742497941e-14
quad,8,4,1.2,gll,coupled,0,shortwave,yyy,reused,9.9065014039936941,0.064886242085166579,80.813924932361004,152.67491359710576,17.379919579598919,0.11381257269740973,13.451433328971808,6.5764022208633701,1.6529646090014562e-05,4.2898050202963198e-10,2.7584974832597512e-12,2.2204460492503131e-16,2.4424906541753444e-14,5.8717383520411589e-13,7.9936057773011271e-15,0.010940319309377885,64,5.4124708187552883e-12,2.5368596112684827e-13,8.8817841970012523e-16,2.3901797208125686e-11,5.3363071796596367e-13,4.5297099404706387e-14,0.027377039921702817,0.82715982984518632,4.4408920985006242e-16,1.5449385623083248e-13,7.4051875742497941e-14
quad,8,4,1.2,gll,coupled,0,shortwave,yyy,reused_centered,9.9065014039872707,0.064886242085124501,80.813924932355036,152.67491359710576,17.379919579586943,0.1138125726973313,13.451433328847877,6.5764022207471688,1.6529646090014562e-05,3.1901502735188222e-10,2.0513802979591397e-12,2.2204460492503131e-16,2.4424906541753444e-14,5.8717383520411589e-13,7.9936057773011271e-15,0.010940319309377885,64,5.4124708187552883e-12,2.5368596112684827e-13,8.8817841970012523e-16,2.3901797208125686e-11,5.3363071796596367e-13,4.5297099404706387e-14,0.027377039921702817,0.82715982984518632,4.4408920985006242e-16,1.5449385623083248e-13,7.4051875742497941e-14
quad,8,4,1.2,gll,coupled,0,exponential,x,recursive,3.4417925868800316e-07,1.4690417660453856e-07,4.8520372799565337e-06,2.3428827324257973,1.0664492681602286e-06,4.4478824836193236e-07,2.5613448115968949e-07,1.4830285715185642e-07,2.0407910480892317e-09,9.3739380645247202e-09,4.0010275058085816e-09,2.2204460492503131e-16,2.4424906541753444e-14,5.8717383520411589e-13,7.9936057773011271e-15,0.010940319309377885,64,5.4124708187552883e-12,2.5368596112684827e-13,8.8817841970012523e-16,2.3901797208125686e-11,5.3363071796596367e-13,4.5297099404706387e-14,0.027377039921702817,0.82715982984518632,4.4408920985006242e-16,1.5449385623083248e-13,7.4051875742497941e-14
quad,8,4,1.2,gll,coupled,0,exponential,x,direct,3.4432698244240231e-07,1.4696722873785903e-07,4.9351018858168061e-06,2.3428827324257973,1.0682629509157562e-06,4.455446882602006e-07,2.2697474758495043e-07,1.4270592764135427e-07,2.0407910480892317e-09,0,0,2.2204460492503131e-16,2.4424906541753444e-14,5.8717383520411589e-13,7.9936057773011271e-15,0.010940319309377885,64,5.4124708187552883e-12,2.5368596112684827e-13,8.8817841970012523e-16,2.3901797208125686e-11,5.3363071796596367e-13,4.5297099404706387e-14,0.027377039921702817,0.82715982984518632,4.4408920985006242e-16,1.5449385623083248e-13,7.4051875742497941e-14
quad,8,4,1.2,gll,coupled,0,exponential,x,fe_geometry,3.4432700831058809e-07,1.4696723977903726e-07,4.9351020376953159e-06,2.3428827324257973,1.068263027798297e-06,4.455447203259085e-07,2.2697488351817379e-07,1.4270601324784221e-07,2.0407910480892317e-09,1.0311454609427006e-13,4.4011826441810322e-14,2.2204460492503131e-16,2.4424906541753444e-14,5.8717383520411589e-13,7.9936057773011271e-15,0.010940319309377885,64,5.4124708187552883e-12,2.5368596112684827e-13,8.8817841970012523e-16,2.3901797208125686e-11,5.3363071796596367e-13,4.5297099404706387e-14,0.027377039921702817,0.82715982984518632,4.4408920985006242e-16,1.5449385623083248e-13,7.4051875742497941e-14
quad,8,4,1.2,gll,coupled,0,exponential,x,reused,3.4432701055995e-07,1.4696724073912025e-07,4.935102154490778e-06,2.3428827324257973,1.068263036486415e-06,4.4554472394949639e-07,2.2697493679821128e-07,1.4270605635689304e-07,2.0407910480892317e-09,1.1072678237440941e-13,4.7260916261681644e-14,2.2204460492503131e-16,2.4424906541753444e-14,5.8717383520411589e-13,7.9936057773011271e-15,0.010940319309377885,64,5.4124708187552883e-12,2.5368596112684827e-13,8.8817841970012523e-16,2.3901797208125686e-11,5.3363071796596367e-13,4.5297099404706387e-14,0.027377039921702817,0.82715982984518632,4.4408920985006242e-16,1.5449385623083248e-13,7.4051875742497941e-14
quad,8,4,1.2,gll,coupled,0,exponential,x,reused_centered,3.4432701139233748e-07,1.469672410944037e-07,4.9351021873533796e-06,2.3428827324257973,1.0682630394001831e-06,4.4554472516475335e-07,2.2697493582420158e-07,1.427060548757383e-07,2.0407910480892317e-09,1.1069587517101925e-13,4.724772430649265e-14,2.2204460492503131e-16,2.4424906541753444e-14,5.8717383520411589e-13,7.9936057773011271e-15,0.010940319309377885,64,5.4124708187552883e-12,2.5368596112684827e-13,8.8817841970012523e-16,2.3901797208125686e-11,5.3363071796596367e-13,4.5297099404706387e-14,0.027377039921702817,0.82715982984518632,4.4408920985006242e-16,1.5449385623083248e-13,7.4051875742497941e-14
quad,8,4,1.2,gll,coupled,0,exponential,y,recursive,3.0188346799202818e-07,2.5770258478063995e-07,2.3225995986475567e-06,1.1714413662128986,8.5485957231058999e-07,7.13079380549268e-07,1.3176920913383241e-07,6.8437152851139139e-08,2.0407910480892317e-09,1.028861191702177e-08,8.7828659273463812e-09,2.2204460492503131e-16,2.4424906541753444e-14,5.8717383520411589e-13,7.9936057773011271e-15,0.010940319309377885,64,5.4124708187552883e-12,2.5368596112684827e-13,8.8817841970012523e-16,2.3901797208125686e-11,5.3363071796596367e-13,4.5297099404706387e-14,0.027377039921702817,0.82715982984518632,4.4408920985006242e-16,1.5449385623083248e-13,7.4051875742497941e-14
quad,8,4,1.2,gll,coupled,0,exponential,y,direct,3.0206169338876784e-07,2.5785472675025116e-07,2.3668406907706441e-06,1.1714413662128986,8.5551199613788956e-07,7.1362359856319145e-07,1.3886166419527441e-07,8.8875805630589482e-08,2.0407910480892317e-09,0,0,2.2204460492503131e-16,2.4424906541753444e-14,5.8717383520411589e-13,7.9936057773011271e-15,0.010940319309377885,64,5.4124708187552883e-12,2.5368596112684827e-13,8.8817841970012523e-16,2.3901797208125686e-11,5.3363071796596367e-13,4.5297099404706387e-14,0.027377039921702817,0.82715982984518632,4.4408920985006242e-16,1.5449385623083248e-13,7.4051875742497941e-14
quad,8,4,1.2,gll,coupled,0,exponential,y,fe_geometry,3.0206168734869146e-07,2.5785472159414467e-07,2.3668403172916186e-06,1.1714413662128986,8.5551197713740424e-07,7.1362358271397501e-07,1.3886158064474732e-07,8.8875803208794066e-08,2.0407910480892317e-09,9.8964307813340044e-14,8.4480807919209261e-14,2.2204460492503131e-16,2.4424906541753444e-14,5.8717383520411589e-13,7.9936057773011271e-15,0.010940319309377885,64,5.4124708187552883e-12,2.5368596112684827e-13,8.8817841970012523e-16,2.3901797208125686e-11,5.3363071796596367e-13,4.5297099404706387e-14,0.027377039921702817,0.82715982984518632,4.4408920985006242e-16,1.5449385623083248e-13,7.4051875742497941e-14
quad,8,4,1.2,gll,coupled,0,exponential,y,reused,3.020616852356926e-07,2.5785471979038488e-07,2.3668403559273798e-06,1.1714413662128986,8.5551197225639488e-07,7.1362357864249102e-07,1.3886157879009539e-07,8.8875824693851093e-08,2.0407910480892317e-09,1.0723514204381088e-13,9.154119942191063e-14,2.2204460492503131e-16,2.4424906541753444e-14,5.8717383520411589e-13,7.9936057773011271e-15,0.010940319309377885,64,5.4124708187552883e-12,2.5368596112684827e-13,8.8817841970012523e-16,2.3901797208125686e-11,5.3363071796596367e-13,4.5297099404706387e-14,0.027377039921702817,0.82715982984518632,4.4408920985006242e-16,1.5449385623083248e-13,7.4051875742497941e-14
quad,8,4,1.2,gll,coupled,0,exponential,y,reused_centered,3.0206168575332979e-07,2.5785472023226545e-07,2.3668403696941454e-06,1.1714413662128986,8.5551197387881799e-07,7.1362357999583188e-07,1.3886157814193439e-07,8.8875823696107281e-08,2.0407910480892317e-09,1.0668168173201556e-13,9.1068738437493142e-14,2.2204460492503131e-16,2.4424906541753444e-14,5.8717383520411589e-13,7.9936057773011271e-15,0.010940319309377885,64,5.4124708187552883e-12,2.5368596112684827e-13,8.8817841970012523e-16,2.3901797208125686e-11,5.3363071796596367e-13,4.5297099404706387e-14,0.027377039921702817,0.82715982984518632,4.4408920985006242e-16,1.5449385623083248e-13,7.4051875742497941e-14
quad,8,4,1.2,gll,coupled,0,exponential,xx,recursive,5.8830265839377364e-05,2.5110205058562665e-05,0.00077526740055811061,2.3428827324257973,0.00014905853822239038,6.2168438854764152e-05,0.00025220949204943775,0.00010648861832197499,2.0407910480892317e-09,1.7771309105222e-06,7.585237427467099e-07,2.2204460492503131e-16,2.4424906541753444e-14,5.8717383520411589e-13,7.9936057773011271e-15,0.010940319309377885,64,5.4124708187552883e-12,2.5368596112684827e-13,8.8817841970012523e-16,2.3901797208125686e-11,5.3363071796596367e-13,4.5297099404706387e-14,0.027377039921702817,0.82715982984518632,4.4408920985006242e-16,1.5449385623083248e-13,7.4051875742497941e-14
quad,8,4,1.2,gll,coupled,0,exponential,xx,direct,5.9027467641047511e-05,2.5194375639932716e-05,0.00080406500200380648,2.3428827324257973,0.00015011213564043914,6.2607866930757873e-05,0.00025186736130348596,0.00010636644181946475,2.0407910480892317e-09,0,0,2.2204460492503131e-16,2.4424906541753444e-14,5.8717383520411589e-13,7.9936057773011271e-15,0.010940319309377885,64,5.4124708187552883e-12,2.5368596112684827e-13,8.8817841970012523e-16,2.3901797208125686e-11,5.3363071796596367e-13,4.5297099404706387e-14,0.027377039921702817,0.82715982984518632,4.4408920985006242e-16,1.5449385623083248e-13,7.4051875742497941e-14
quad,8,4,1.2,gll,coupled,0,exponential,xx,fe_geometry,5.9027469397038995e-05,2.5194376389433093e-05,0.00080406490593931679,2.3428827324257973,0.00015011213813420987,6.2607867970844767e-05,0.00025186737096734833,0.00010636644441004548,2.0407910480892317e-09,8.4593957545164425e-12,3.6106808401672235e-12,2.2204460492503131e-16,2.4424906541753444e-14,5.8717383520411589e-13,7.9936057773011271e-15,0.010940319309377885,64,5.4124708187552883e-12,2.5368596112684827e-13,8.8817841970012523e-16,2.3901797208125686e-11,5.3363071796596367e-13,4.5297099404706387e-14,0.027377039921702817,0.82715982984518632,4.4408920985006242e-16,1.5449385623083248e-13,7.4051875742497941e-14
quad,8,4,1.2,gll,coupled,0,exponential,xx,reused,5.9027469790788901e-05,2.5194376557495244e-05,0.00080406498342044941,2.3428827324257973,0.00015011213934720886,6.2607868476755103e-05,0.0002518673718361951,0.00010636644484414838,2.0407910480892317e-09,9.1929890716088441e-12,3.9237967424568257e-12,2.2204460492503131e-16,2.4424906541753444e-14,5.8717383520411589e-13,7.9936057773011271e-15,0.010940319309377885,64,5.4124708187552883e-12,2.5368596112684827e-13,8.8817841970012523e-16,2.3901797208125686e-11,5.3363071796596367e-13,4.5297099404706387e-14,0.027377039921702817,0.82715982984518632,4.4408920985006242e-16,1.5449385623083248e-13,7.4051875742497941e-14
quad,8,4,1.2,gll,coupled,0,exponential,xx,reused_centered,5.9027469912892841e-05,2.5194376609612206e-05,0.0008040649728107141,2.3428827324257973,0.00015011213964767075,6.2607868602069941e-05,0.00025186737208607177,0.00010636644492186887,2.0407910480892317e-09,9.1739459945217628e-12,3.915668682773669e-12,2.2204460492503131e-16,2.4424906541753444e-14,5.8717383520411589e-13,7.9936057773011271e-15,0.010940319309377885,64,5.4124708187552883e-12,2.5368596112684827e-13,8.8817841970012523e-16,2.3901797208125686e-11,5.3363071796596367e-13,4.5297099404706387e-14,0.027377039921702817,0.82715982984518632,4.4408920985006242e-16,1.5449385623083248e-13,7.4051875742497941e-14
quad,8,4,1.2,gll,coupled,0,exponential,xy,recursive,4.096086305381675e-06,3.496620849768805e-06,5.8454958171694216e-05,1.1714413662128986,1.0728396999264127e-05,8.9490706243649549e-06,1.6204117342271248e-05,1.1868040847000487e-05,2.0407910480892317e-09,1.226254802231151e-06,1.0467913804789291e-06,2.2204460492503131e-16,2.4424906541753444e-14,5.8717383520411589e-13,7.9936057773011271e-15,0.010940319309377885,64,5.4124708187552883e-12,2.5368596112684827e-13,8.8817841970012523e-16,2.3901797208125686e-11,5.3363071796596367e-13,4.5297099404706387e-14,0.027377039921702817,0.82715982984518632,4.4408920985006242e-16,1.5449385623083248e-13,7.4051875742497941e-14
quad,8,4,1.2,gll,coupled,0,exponential,xy,direct,4.2082039710876788e-06,3.5923300068292763e-06,6.0122389579753133e-05,1.1714413662128986,1.1021365926418581e-05,9.1934500614821161e-06,1.5941893644547754e-05,1.1699209514623674e-05,2.0407910480892317e-09,0,0,2.2204460492503131e-16,2.4424906541753444e-14,5.8717383520411589e-13,7.9936057773011271e-15,0.010940319309377885,64,5.4124708187552883e-12,2.5368596112684827e-13,8.8817841970012523e-16,2.3901797208125686e-11,5.3363071796596367e-13,4.5297099404706387e-14,0.027377039921702817,0.82715982984518632,4.4408920985006242e-16,1.5449385623083248e-13,7.4051875742497941e-14
quad,8,4,1.2,gll,coupled,0,exponential,xy,fe_geometry,4.2082039153570859e-06,3.5923299592548992e-06,6.0122398283457557e-05,1.1714413662128986,1.1021365689638495e-05,9.1934498639724879e-06,1.5941893238087129e-05,1.1699209113936571e-05,2.0407910480892317e-09,2.2063551067583284e-12,1.8834531810419964e-12,2.2204460492503131e-16,2.4424906541753444e-14,5.8717383520411589e-13,7.9936057773011271e-15,0.010940319309377885,64,5.4124708187552883e-12,2.5368596112684827e-13,8.8817841970012523e-16,2.3901797208125686e-11,5.3363071796596367e-13,4.5297099404706387e-14,0.027377039921702817,0.82715982984518632,4.4408920985006242e-16,1.5449385623083248e-13,7.4051875742497941e-14
quad,8,4,1.2,gll,coupled,0,exponential,xy,reused,4.2082040857793966e-06,3.5923301047357712e-06,6.0122429555775625e-05,1.1714413662128986,1.1021366220749676e-05,9.1934503069978041e-06,1.5941893754592103e-05,1.1699209344567158e-05,2.0407910480892317e-09,2.1750894549204878e-12,1.8567632836492543e-12,2.2204460492503131e-16,2.4424906541753444e-14,5.8717383520411589e-13,7.9936057773011271e-15,0.010940319309377885,64,5.4124708187552883e-12,2.5368596112684827e-13,8.8817841970012523e-16,2.3901797208125686e-11,5.3363071796596367e-13,4.5297099404706387e-14,0.027377039921702817,0.82715982984518632,4.4408920985006242e-16,1.5449385623083248e-13,7.4051875742497941e-14
quad,8,4,1.2,gll,coupled,0,exponential,xy,reused_centered,4.2082041008344239e-06,3.5923301175874832e-06,6.0122433361398109e-05,1.1714413662128986,1.1021366272576962e-05,9.1934503502294306e-06,1.5941893840535837e-05,1.1699209382794276e-05,2.0407910480892317e-09,2.1466110723060954e-12,1.8324527362846397e-12,2.2204460492503131e-16,2.4424906541753444e-14,5.8717383520411589e-13,7.9936057773011271e-15,0.010940319309377885,64,5.4124708187552883e-12,2.5368596112684827e-13,8.8817841970012523e-16,2.3901797208125686e-11,5.3363071796596367e-13,4.5297099404706387e-14,0.027377039921702817,0.82715982984518632,4.4408920985006242e-16,1.5449385623083248e-13,7.4051875742497941e-14
quad,8,4,1.2,gll,coupled,0,exponential,yy,recursive,4.2705260564139653e-05,7.2910624118046325e-05,0.00027080035017024162,0.58572068310644931,9.9030632341347299e-05,0.00016521240272130585,0.00019320952291553849,0.0001094488291051238,2.0407910480892317e-09,5.9652410550224566e-07,1.0184461048833982e-06,2.2204460492503131e-16,2.4424906541753444e-14,5.8717383520411589e-13,7.9936057773011271e-15,0.010940319309377885,64,5.4124708187552883e-12,2.5368596112684827e-13,8.8817841970012523e-16,2.3901797208125686e-11,5.3363071796596367e-13,4.5297099404706387e-14,0.027377039921702817,0.82715982984518632,4.4408920985006242e-16,1.5449385623083248e-13,7.4051875742497941e-14
quad,8,4,1.2,gll,coupled,0,exponential,yy,direct,4.2729825690931674e-05,7.2952564120338443e-05,0.00027335716521215137,0.58572068310644931,9.9148173801648481e-05,0.00016540849666331757,0.00019371108679861563,0.00010969447725680349,2.0407910480892317e-09,0,0,2.2204460492503131e-16,2.4424906541753444e-14,5.8717383520411589e-13,7.9936057773011271e-15,0.010940319309377885,64,5.4124708187552883e-12,2.5368596112684827e-13,8.8817841970012523e-16,2.3901797208125686e-11,5.3363071796596367e-13,4.5297099404706387e-14,0.027377039921702817,0.82715982984518632,4.4408920985006242e-16,1.5449385623083248e-13,7.4051875742497941e-14
quad,8,4,1.2,gll,coupled,0,exponential,yy,fe_geometry,4.2729824584627871e-05,7.2952562231547697e-05,0.0002733571556335912,0.58572068310644931,9.9148171567506465e-05,0.00016540849293610749,0.00019371108314910769,0.00010969447461098954,2.0407910480892317e-09,3.7440901359661197e-12,6.3922882246251379e-12,2.2204460492503131e-16,2.4424906541753444e-14,5.8717383520411589e-13,7.9936057773011271e-15,0.010940319309377885,64,5.4124708187552883e-12,2.5368596112684827e-13,8.8817841970012523e-16,2.3901797208125686e-11,5.3363071796596367e-13,4.5297099404706387e-14,0.027377039921702817,0.82715982984518632,4.4408920985006242e-16,1.5449385623083248e-13,7.4051875742497941e-14
quad,8,4,1.2,gll,coupled,0,exponential,yy,reused,4.2729824488227078e-05,7.2952562066962772e-05,0.00027335715440135466,0.58572068310644931,9.9148171501425495e-05,0.00016540849282586486,0.00019371108319127858,0.00010969447482678817,2.0407910480892317e-09,4.0784227860343942e-12,6.9630946380737493e-12,2.2204460492503131e-16,2.4424906541753444e-14,5.8717383520411589e-13,7.9936057773011271e-15,0.010940319309377885,64,5.4124708187552883e-12,2.5368596112684827e-13,8.8817841970012523e-16,2.3901797208125686e-11,5.3363071796596367e-13,4.5297099404706387e-14,0.027377039921702817,0.82715982984518632,4.4408920985006242e-16,1.5449385623083248e-13,7.4051875742497941e-14
quad,8,4,1.2,gll,coupled,0,exponential,yy,reused_centered,4.2729824537163959e-05,7.2952562150512638e-05,0.00027335715603493682,0.58572068310644931,9.9148171622784594e-05,0.00016540849302832777,0.00019371108339502019,0.00010969447483822382,2.0407910480892317e-09,4.0228272135447268e-12,6.8681762706035999e-12,2.2204460492503131e-16,2.4424906541753444e-14,5.8717383520411589e-13,7.9936057773011271e-15,0.010940319309377885,64,5.4124708187552883e-12,2.5368596112684827e-13,8.8817841970012523e-16,2.3901797208125686e-11,5.3363071796596367e-13,4.5297099404706387e-14,0.027377039921702817,0.82715982984518632,4.4408920985006242e-16,1.5449385623083248e-13,7.4051875742497941e-14
quad,8,4,1.2,gll,coupled,0,exponential,xxx,recursive,0.0060767250272132046,0.002593695767658599,0.071722648371319142,2.3428827324257973,0.012362073793235551,0.0051558994063541962,0.0022419454366652417,0.0011852764208114038,2.0407910480892317e-09,0.00030679268074853487,0.00013105411080773497,2.2204460492503131e-16,2.4424906541753444e-14,5.8717383520411589e-13,7.9936057773011271e-15,0.010940319309377885,64,5.4124708187552883e-12,2.5368596112684827e-13,8.8817841970012523e-16,2.3901797208125686e-11,5.3363071796596367e-13,4.5297099404706387e-14,0.027377039921702817,0.82715982984518632,4.4408920985006242e-16,1.5449385623083248e-13,7.4051875742497941e-14
quad,8,4,1.2,gll,coupled,0,exponential,xxx,direct,0.0061446029562743261,0.0026226677380102015,0.076623083521222046,2.3428827324257973,0.012609896138380629,0.0052592596599480533,0.0012666894055013483,0.00069182336991175319,2.0407910480892317e-09,0,0,2.2204460492503131e-16,2.4424906541753444e-14,5.8717383520411589e-13,7.9936057773011271e-15,0.010940319309377885,64,5.4124708187552883e-12,2.5368596112684827e-13,8.8817841970012523e-16,2.3901797208125686e-11,5.3363071796596367e-13,4.5297099404706387e-14,0.027377039921702817,0.82715982984518632,4.4408920985006242e-16,1.5449385623083248e-13,7.4051875742497941e-14
quad,8,4,1.2,gll,coupled,0,exponential,xxx,fe_geometry,0.0061446029099443567,0.0026226677182354307,0.076623075067870694,2.3428827324257973,0.012609895964826649,0.0052592595875632026,0.0012666900783702671,0.00069182371052142733,2.0407910480892317e-09,4.9637290782230575e-10,2.1203801180974793e-10,2.2204460492503131e-16,2.4424906541753444e-14,5.8717383520411589e-13,7.9936057773011271e-15,0.010940319309377885,64,5.4124708187552883e-12,2.5368596112684827e-13,8.8817841970012523e-16,2.3901797208125686e-11,5.3363071796596367e-13,4.5297099404706387e-14,0.027377039921702817,0.82715982984518632,4.4408920985006242e-16,1.5449385623083248e-13,7.4051875742497941e-14
quad,8,4,1.2,gll,coupled,0,exponential,xxx,reused,0.0061446029539164787,0.0026226677370038143,0.076623080825598322,2.3428827324257973,0.012609896073272149,0.0052592596327929999,0.0012666901700810152,0.00069182382995195226,2.0407910480892317e-09,4.9759801058888161e-10,2.1256134487405041e-10,2.2204460492503131e-16,2.4424906541753444e-14,5.8717383520411589e-13,7.9936057773011271e-15,0.010940319309377885,64,5.4124708187552883e-12,2.5368596112684827e-13,8.8817841970012523e-16,2.3901797208125686e-11,5.3363071796596367e-13,4.5297099404706387e-14,0.027377039921702817,0.82715982984518632,4.4408920985006242e-16,1.5449385623083248e-13,7.4051875742497941e-14
quad,8,4,1.2,gll,coupled,0,exponential,xxx,reused_centered,0.0061446029644826403,0.0026226677415137124,0.076623079075653244,2.3428827324257973,0.012609896091881286,0.0052592596405543878,0.0012666901729400872,0.00069182382007250149,2.0407910480892317e-09,4.9371831534113473e-10,2.1090403672165932e-10,2.2204460492503131e-16,2.4424906541753444e-14,5.8717383520411589e-13,7.9936057773011271e-15,0.010940319309377885,64,5.4124708187552883e-12,2.5368596112684827e-13,8.8817841970012523e-16,2.3901797208125686e-11,5.3363071796596367e-13,4.5297099404706387e-14,0.027377039921702817,0.82715982984518632,4.4408920985006242e-16,1.5449385623083248e-13,7.4051875742497941e-14
quad,8,4,1.2,gll,coupled,0,exponential,xxy,recursive,0.00043123369230291757,0.00036812230192709864,0.0050650547186226191,1.1714413662128986,0.0010046210453183175,0.00083800260988604641,0.00157881510631272,0.00087075028233190807,2.0407910480892317e-09,2.8084426970324857e-05,2.3974542753965579e-05,2.2204460492503131e-16,2.4424906541753444e-14,5.8717383520411589e-13,7.9936057773011271e-15,0.010940319309377885,64,5.4124708187552883e-12,2.5368596112684827e-13,8.8817841970012523e-16,2.3901797208125686e-11,5.3363071796596367e-13,4.5297099404706387e-14,0.027377039921702817,0.82715982984518632,4.4408920985006242e-16,1.5449385623083248e-13,7.4051875742497941e-14
quad,8,4,1.2,gll,coupled,0,exponential,xxy,direct,0.00042380297162501529,0.00036177907307056209,0.0049995044414090639,1.1714413662128986,0.00098561696140075147,0.00082215039178288316,0.0015368991395481382,0.00086964489995628618,2.0407910480892317e-09,0,0,2.2204460492503131e-16,2.4424906541753444e-14,5.8717383520411589e-13,7.9936057773011271e-15,0.010940319309377885,64,5.4124708187552883e-12,2.5368596112684827e-13,8.8817841970012523e-16,2.3901797208125686e-11,5.3363071796596367e-13,4.5297099404706387e-14,0.027377039921702817,0.82715982984518632,4.4408920985006242e-16,1.5449385623083248e-13,7.4051875742497941e-14
quad,8,4,1.2,gll,coupled,0,exponential,xxy,fe_geometry,0.00042380297209437058,0.00036177907347122688,0.0049995024160631729,1.1714413662128986,0.00098561695199786371,0.0008221503839394834,0.001536899175651576,0.00086964489539099251,2.0407910480892317e-09,1.6337012830500098e-10,1.3946249036548469e-10,2.2204460492503131e-16,2.4424906541753444e-14,5.8717383520411589e-13,7.9936057773011271e-15,0.010940319309377885,64,5.4124708187552883e-12,2.5368596112684827e-13,8.8817841970012523e-16,2.3901797208125686e-11,5.3363071796596367e-13,4.5297099404706387e-14,0.027377039921702817,0.82715982984518632,4.4408920985006242e-16,1.5449385623083248e-13,7.4051875742497941e-14
quad,8,4,1.2,gll,coupled,0,exponential,xxy,reused,0.00042380298414498597,0.00036177908375822519,0.0049995031869924933,1.1714413662128986,0.00098561698401200114,0.00082215041064401142,0.0015368991987360216,0.00086964491593976895,2.0407910480892317e-09,1.466527128987576e-10,1.2519150699038225e-10,2.2204460492503131e-16,2.4424906541753444e-14,5.8717383520411589e-13,7.9936057773011271e-15,0.010940319309377885,64,5.4124708187552883e-12,2.5368596112684827e-13,8.8817841970012523e-16,2.3901797208125686e-11,5.3363071796596367e-13,4.5297099404706387e-14,0.027377039921702817,0.82715982984518632,4.4408920985006242e-16,1.5449385623083248e-13,7.4051875742497941e-14
quad,8,4,1.2,gll,coupled,0,exponential,xxy,reused_centered,0.00042380298424805923,0.00036177908384621356,0.0049995038927104218,1.1714413662128986,0.00098561698312404976,0.00082215040990332841,0.0015368991978636528,0.00086964490948367526,2.0407910480892317e-09,1.454801027629505e-10,1.2419049700487153e-10,2.2204460492503131e-16,2.4424906541753444e-14,5.8717383520411589e-13,7.9936057773011271e-15,0.010940319309377885,64,5.4124708187552883e-12,2.5368596112684827e-13,8.8817841970012523e-16,2.3901797208125686e-11,5.3363071796596367e-13,4.5297099404706387e-14,0.027377039921702817,0.82715982984518632,4.4408920985006242e-16,1.5449385623083248e-13,7.4051875742497941e-14
quad,8,4,1.2,gll,coupled,0,exponential,xyy,recursive,0.00021929200138360005,0.00037439688866808512,0.0036764969073704856,0.58572068310644931,0.00044972869314872287,0.00075028055674437313,0.0005136359053485866,0.00030650763462226362,2.0407910480892317e-09,0.00017525878858973352,0.00029923855802042193,2.2204460492503131e-16,2.4424906541753444e-14,5.8717383520411589e-13,7.9936057773011271e-15,0.010940319309377885,64,5.4124708187552883e-12,2.5368596112684827e-13,8.8817841970012523e-16,2.3901797208125686e-11,5.3363071796596367e-13,4.5297099404706387e-14,0.027377039921702817,0.82715982984518632,4.4408920985006242e-16,1.5449385623083248e-13,7.4051875742497941e-14
quad,8,4,1.2,gll,coupled,0,exponential,xyy,direct,0.00026658043823219769,0.00045513236243998093,0.0034156168496610739,0.58572068310644931,0.00056881178288983132,0.00094894639290495997,0.0008753694017956139,0.00063031065296742256,2.0407910480892317e-09,0,0,2.2204460492503131e-16,2.4424906541753444e-14,5.8717383520411589e-13,7.9936057773011271e-15,0.010940319309377885,64,5.4124708187552883e-12,2.5368596112684827e-13,8.8817841970012523e-16,2.3901797208125686e-11,5.3363071796596367e-13,4.5297099404706387e-14,0.027377039921702817,0.82715982984518632,4.4408920985006242e-16,1.5449385623083248e-13,7.4051875742497941e-14
quad,8,4,1.2,gll,coupled,0,exponential,xyy,fe_geometry,0.00026658042459646236,0.00045513233915971146,0.0034156150666203589,0.58572068310644931,0.00056881174464653206,0.00094894632910381884,0.00087536936703312143,0.00063031067080441595,2.0407910480892317e-09,1.3557286797434877e-10,2.3147843167115009e-10,2.2204460492503131e-16,2.4424906541753444e-14,5.8717383520411589e-13,7.9936057773011271e-15,0.010940319309377885,64,5.4124708187552883e-12,2.5368596112684827e-13,8.8817841970012523e-16,2.3901797208125686e-11,5.3363071796596367e-13,4.5297099404706387e-14,0.027377039921702817,0.82715982984518632,4.4408920985006242e-16,1.5449385623083248e-13,7.4051875742497941e-14
quad,8,4,1.2,gll,coupled,0,exponential,xyy,reused,0.00026658043372891204,0.00045513235475152841,0.0034156153440727532,0.58572068310644931,0.00056881176938182324,0.00094894637036960477,0.0008753694032720442,0.00063031070168396996,2.0407910480892317e-09,1.3489159378488035e-10,2.3031521750247126e-10,2.2204460492503131e-16,2.4424906541753444e-14,5.8717383520411589e-13,7.9936057773011271e-15,0.010940319309377885,64,5.4124708187552883e-12,2.5368596112684827e-13,8.8817841970012523e-16,2.3901797208125686e-11,5.3363071796596367e-13,4.5297099404706387e-14,0.027377039921702817,0.82715982984518632,4.4408920985006242e-16,1.5449385623083248e-13,7.4051875742497941e-14
quad,8,4,1.2,gll,coupled,0,exponential,xyy,reused_centered,0.00026658043473526508,0.00045513235646967341,0.0034156147427460981,0.58572068310644931,0.00056881177353055895,0.00094894637729092386,0.00087536940254151051,0.00063031070335779142,2.0407910480892317e-09,1.3275141213885645e-10,2.2666105057132155e-10,2.2204460492503131e-16,2.4424906541753444e-14,5.8717383520411589e-13,7.9936057773011271e-15,0.010940319309377885,64,5.4124708187552883e-12,2.5368596112684827e-13,8.8817841970012523e-16,2.3901797208125686e-11,5.3363071796596367e-13,4.5297099404706387e-14,0.027377039921702817,0.82715982984518632,4.4408920985006242e-16,1.5449385623083248e-13,7.4051875742497941e-14
quad,8,4,1.2,gll,coupled,0,exponential,yyy,recursive,0.0036326601096630601,0.01240406977058332,0.019333184740278175,0.29286034155322466,0.0067834889840148,0.022633734378664023,0.0012083243482539389,0.00053002289898278817,2.0407910480892317e-09,6.7692024521946528e-05,0.00023250653456473089,2.2204460492503131e-16,2.4424906541753444e-14,5.8717383520411589e-13,7.9936057773011271e-15,0.010940319309377885,64,5.4124708187552883e-12,2.5368596112684827e-13,8.8817841970012523e-16,2.3901797208125686e-11,5.3363071796596367e-13,4.5297099404706387e-14,0.027377039921702817,0.82715982984518632,4.4408920985006242e-16,1.5449385623083248e-13,7.4051875742497941e-14
quad,8,4,1.2,gll,coupled,0,exponential,yyy,direct,0.0036369702716588168,0.012418787236160588,0.019455582960755557,0.29286034155322466,0.0067978780033748128,0.022681744664068988,0.0011538998643882998,0.00050661138176477443,2.0407910480892317e-09,0,0,2.2204460492503131e-16,2.4424906541753444e-14,5.8717383520411589e-13,7.9936057773011271e-15,0.010940319309377885,64,5.4124708187552883e-12,2.5368596112684827e-13,8.8817841970012523e-16,2.3901797208125686e-11,5.3363071796596367e-13,4.5297099404706387e-14,0.027377039921702817,0.82715982984518632,4.4408920985006242e-16,1.5449385623083248e-13,7.4051875742497941e-14
quad,8,4,1.2,gll,coupled,0,exponential,yyy,fe_geometry,0.0036369702374290042,0.012418787119279578,0.019455582529733173,0.29286034155322466,0.0067978779417364136,0.022681744458406806,0.0011538997904771107,0.00050661135856564399,2.0407910480892317e-09,1.1236777713238045e-10,3.8595746902681811e-10,2.2204460492503131e-16,2.4424906541753444e-14,5.8717383520411589e-13,7.9936057773011271e-15,0.010940319309377885,64,5.4124708187552883e-12,2.5368596112684827e-13,8.8817841970012523e-16,2.3901797208125686e-11,5.3363071796596367e-13,4.5297099404706387e-14,0.027377039921702817,0.82715982984518632,4.4408920985006242e-16,1.5449385623083248e-13,7.4051875742497941e-14
quad,8,4,1.2,gll,coupled,0,exponential,yyy,reused,0.0036369702389665195,0.012418787124529573,0.019455582511758995,0.29286034155322466,0.0067978779481130116,0.022681744479682912,0.0011538997777874893,0.00050661137372611962,2.0407910480892317e-09,1.2393018455992606e-10,4.2567167910089477e-10,2.2204460492503131e-16,2.4424906541753444e-14,5.8717383520411589e-13,7.9936057773011271e-15,0.010940319309377885,64,5.4124708187552883e-12,2.5368596112684827e-13,8.8817841970012523e-16,2.3901797208125686e-11,5.3363071796596367e-13,4.5297099404706387e-14,0.027377039921702817,0.82715982984518632,4.4408920985006242e-16,1.5449385623083248e-13,7.4051875742497941e-14
quad,8,4,1.2,gll,coupled,0,exponential,yyy,reused_centered,0.0036369702419120735,0.012418787134587453,0.01945558265559677,0.29286034155322466,0.0067978779562809129,0.022681744506935862,0.0011538997778926796,0.00050661137388188294,2.0407910480892317e-09,1.18663464048358e-10,4.0758170552847401e-10,2.2204460492503131e-16,2.4424906541753444e-14,5.8717383520411589e-13,7.9936057773011271e-15,0.010940319309377885,64,5.4124708187552883e-12,2.5368596112684827e-13,8.8817841970012523e-16,2.3901797208125686e-11,5.3363071796596367e-13,4.5297099404706387e-14,0.027377039921702817,0.82715982984518632,4.4408920985006242e-16,1.5449385623083248e-13,7.4051875742497941e-14
quad,8,4,1.2,gll,coupled,0,constant,x,recursive,1.2921733682396335e-13,nan,2.1581877605796978e-12,0,3.1149670602691574e-13,nan,4.2933667196338949e-13,2.9939565017794701e-13,1.3038455614224232e-15,5.646385934425284e-14,nan,2.2204460492503131e-16,2.4424906541753444e-14,5.8717383520411589e-13,7.9936057773011271e-15,0.010940319309377885,64,5.4124708187552883e-12,2.5368596112684827e-13,8.8817841970012523e-16,2.3901797208125686e-11,5.3363071796596367e-13,4.5297099404706387e-14,0.027377039921702817,0.82715982984518632,4.4408920985006242e-16,1.5449385623083248e-13,7.4051875742497941e-14
quad,8,4,1.2,gll,coupled,0,constant,x,direct,1.2921683237244155e-13,nan,2.2700702325473469e-12,0,3.0739072203195179e-13,nan,4.3266458324598209e-13,3.0322886130062609e-13,1.3038455614224232e-15,0,nan,2.2204460492503131e-16,2.4424906541753444e-14,5.8717383520411589e-13,7.9936057773011271e-15,0.010940319309377885,64,5.4124708187552883e-12,2.5368596112684827e-13,8.8817841970012523e-16,2.3901797208125686e-11,5.3363071796596367e-13,4.5297099404706387e-14,0.027377039921702817,0.82715982984518632,4.4408920985006242e-16,1.5449385623083248e-13,7.4051875742497941e-14
quad,8,4,1.2,gll,coupled,0,constant,x,fe_geometry,1.2921683237243822e-13,nan,2.2700702325471547e-12,0,3.0739072203193826e-13,nan,4.3266458324596008e-13,3.0322886130061412e-13,1.3038455614224232e-15,7.3818872348988111e-27,nan,2.2204460492503131e-16,2.4424906541753444e-14,5.8717383520411589e-13,7.9936057773011271e-15,0.010940319309377885,64,5.4124708187552883e-12,2.5368596112684827e-13,8.8817841970012523e-16,2.3901797208125686e-11,5.3363071796596367e-13,4.5297099404706387e-14,0.027377039921702817,0.82715982984518632,4.4408920985006242e-16,1.5449385623083248e-13,7.4051875742497941e-14
quad,8,4,1.2,gll,coupled,0,constant,x,reused,1.2167034111504471e-13,nan,2.2566388978917365e-12,0,2.9538664339231052e-13,nan,4.0632489557498432e-13,2.7994824412543481e-13,1.3038455614224232e-15,4.592755277128211e-14,nan,2.2204460492503131e-16,2.4424906541753444e-14,5.8717383520411589e-13,7.9936057773011271e-15,0.010940319309377885,64,5.4124708187552883e-12,2.5368596112684827e-13,8.8817841970012523e-16,2.3901797208125686e-11,5.3363071796596367e-13,4.5297099404706387e-14,0.027377039921702817,0.82715982984518632,4.4408920985006242e-16,1.5449385623083248e-13,7.4051875742497941e-14
quad,8,4,1.2,gll,coupled,0,constant,x,reused_centered,1.2185076043308274e-13,nan,2.255707521335846e-12,0,2.9549051250472219e-13,nan,4.0664169231279024e-13,2.8069220577862958e-13,1.3038455614224232e-15,4.4362604192933483e-14,nan,2.2204460492503131e-16,2.4424906541753444e-14,5.8717383520411589e-13,7.9936057773011271e-15,0.010940319309377885,64,5.4124708187552883e-12,2.5368596112684827e-13,8.8817841970012523e-16,2.3901797208125686e-11,5.3363071796596367e-13,4.5297099404706387e-14,0.027377039921702817,0.82715982984518632,4.4408920985006242e-16,1.5449385623083248e-13,7.4051875742497941e-14
quad,8,4,1.2,gll,coupled,0,constant,y,recursive,1.1831996980104848e-13,nan,1.7082834708453037e-12,0,2.8174249985474852e-13,nan,3.8222257064828235e-13,2.7333293009436495e-13,1.3038455614224232e-15,6.114204471190292e-14,nan,2.2204460492503131e-16,2.4424906541753444e-14,5.8717383520411589e-13,7.9936057773011271e-15,0.010940319309377885,64,5.4124708187552883e-12,2.5368596112684827e-13,8.8817841970012523e-16,2.3901797208125686e-11,5.3363071796596367e-13,4.5297099404706387e-14,0.027377039921702817,0.82715982984518632,4.4408920985006242e-16,1.5449385623083248e-13,7.4051875742497941e-14
quad,8,4,1.2,gll,coupled,0,constant,y,direct,1.2770327511033289e-13,nan,1.7072948588191756e-12,0,2.9516213736210025e-13,nan,4.2061708643253409e-13,3.0018632001806702e-13,1.3038455614224232e-15,0,nan,2.2204460492503131e-16,2.4424906541753444e-14,5.8717383520411589e-13,7.9936057773011271e-15,0.010940319309377885,64,5.4124708187552883e-12,2.5368596112684827e-13,8.8817841970012523e-16,2.3901797208125686e-11,5.3363071796596367e-13,4.5297099404706387e-14,0.027377039921702817,0.82715982984518632,4.4408920985006242e-16,1.5449385623083248e-13,7.4051875742497941e-14
quad,8,4,1.2,gll,coupled,0,constant,y,fe_geometry,1.277032751103321e-13,nan,1.7072948588191433e-12,0,2.9516213736209984e-13,nan,4.2061708643253207e-13,3.0018632001806611e-13,1.3038455614224232e-15,6.6389754273358358e-27,nan,2.2204460492503131e-16,2.4424906541753444e-14,5.8717383520411589e-13,7.9936057773011271e-15,0.010940319309377885,64,5.4124708187552883e-12,2.5368596112684827e-13,8.8817841970012523e-16,2.3901797208125686e-11,5.3363071796596367e-13,4.5297099404706387e-14,0.027377039921702817,0.82715982984518632,4.4408920985006242e-16,1.5449385623083248e-13,7.4051875742497941e-14
quad,8,4,1.2,gll,coupled,0,constant,y,reused,1.1531343373021388e-13,nan,1.5857318525075873e-12,0,2.752325301539681e-13,nan,3.8065389248033741e-13,2.7467064732151491e-13,1.3038455614224232e-15,5.2145424768940975e-14,nan,2.2204460492503131e-16,2.4424906541753444e-14,5.8717383520411589e-13,7.9936057773011271e-15,0.010940319309377885,64,5.4124708187552883e-12,2.5368596112684827e-13,8.8817841970012523e-16,2.3901797208125686e-11,5.3363071796596367e-13,4.5297099404706387e-14,0.027377039921702817,0.82715982984518632,4.4408920985006242e-16,1.5449385623083248e-13,7.4051875742497941e-14
quad,8,4,1.2,gll,coupled,0,constant,y,reused_centered,1.1546890683767306e-13,nan,1.5970670584913021e-12,0,2.7529564699735428e-13,nan,3.8079808266178138e-13,2.744001528081446e-13,1.3038455614224232e-15,5.1682021384347702e-14,nan,2.2204460492503131e-16,2.4424906541753444e-14,5.8717383520411589e-13,7.9936057773011271e-15,0.010940319309377885,64,5.4124708187552883e-12,2.5368596112684827e-13,8.8817841970012523e-16,2.3901797208125686e-11,5.3363071796596367e-13,4.5297099404706387e-14,0.027377039921702817,0.82715982984518632,4.4408920985006242e-16,1.5449385623083248e-13,7.4051875742497941e-14
quad,8,4,1.2,gll,coupled,0,constant,xx,recursive,1.3035708661523397e-11,nan,1.9864934039793422e-10,0,2.8023313499925241e-11,nan,3.9141452316501111e-11,2.6740699639842705e-11,1.3038455614224232e-15,5.7192018274711758e-12,0.44532636988191349,2.2204460492503131e-16,2.4424906541753444e-14,5.8717383520411589e-13,7.9936057773011271e-15,0.010940319309377885,64,5.4124708187552883e-12,2.5368596112684827e-13,8.8817841970012523e-16,2.3901797208125686e-11,5.3363071796596367e-13,4.5297099404706387e-14,0.027377039921702817,0.82715982984518632,4.4408920985006242e-16,1.5449385623083248e-13,7.4051875742497941e-14
quad,8,4,1.2,gll,coupled,0,constant,xx,direct,1.2842719888758726e-11,nan,1.9388431789762283e-10,0,2.7123436892566214e-11,nan,3.6094579281301613e-11,2.4694827616426688e-11,1.3038455614224232e-15,0,0,2.2204460492503131e-16,2.4424906541753444e-14,5.8717383520411589e-13,7.9936057773011271e-15,0.010940319309377885,64,5.4124708187552883e-12,2.5368596112684827e-13,8.8817841970012523e-16,2.3901797208125686e-11,5.3363071796596367e-13,4.5297099404706387e-14,0.027377039921702817,0.82715982984518632,4.4408920985006242e-16,1.5449385623083248e-13,7.4051875742497941e-14
quad,8,4,1.2,gll,coupled,0,constant,xx,fe_geometry,1.284271988875766e-11,nan,1.9388431789769852e-10,0,2.7123436892563006e-11,nan,3.6094579281296243e-11,2.4694827616423877e-11,1.3038455614224232e-15,2.1669433190394233e-24,1.6872931418025832e-13,2.2204460492503131e-16,2.4424906541753444e-14,5.8717383520411589e-13,7.9936057773011271e-15,0.010940319309377885,64,5.4124708187552883e-12,2.5368596112684827e-13,8.8817841970012523e-16,2.3901797208125686e-11,5.3363071796596367e-13,4.5297099404706387e-14,0.027377039921702817,0.82715982984518632,4.4408920985006242e-16,1.5449385623083248e-13,7.4051875742497941e-14
quad,8,4,1.2,gll,coupled,0,constant,xx,reused,1.2174675986122412e-11,nan,1.9268842911740707e-10,0,2.578390880159234e-11,nan,3.6015055088887566e-11,2.4582819272055897e-11,1.3038455614224232e-15,4.2535247232144835e-12,0.3312012377485245,2.2204460492503131e-16,2.4424906541753444e-14,5.8717383520411589e-13,7.9936057773011271e-15,0.010940319309377885,64,5.4124708187552883e-12,2.5368596112684827e-13,8.8817841970012523e-16,2.3901797208125686e-11,5.3363071796596367e-13,4.5297099404706387e-14,0.027377039921702817,0.82715982984518632,4.4408920985006242e-16,1.5449385623083248e-13,7.4051875742497941e-14
quad,8,4,1.2,gll,coupled,0,constant,xx,reused_centered,1.2177415585076433e-11,nan,1.9293218744631792e-10,0,2.5790641768100805e-11,nan,3.5973809603469339e-11,2.4574692671574568e-11,1.3038455614224232e-15,3.9481066177825784e-12,0.30741981854158235,2.2204460492503131e-16,2.4424906541753444e-14,5.8717383520411589e-13,7.9936057773011271e-15,0.010940319309377885,64,5.4124708187552883e-12,2.5368596112684827e-13,8.8817841970012523e-16,2.3901797208125686e-11,5.3363071796596367e-13,4.5297099404706387e-14,0.027377039921702817,0.82715982984518632,4.4408920985006242e-16,1.5449385623083248e-13,7.4051875742497941e-14
quad,8,4,1.2,gll,coupled,0,constant,xy,recursive,1.1989110828402696e-11,nan,3.0837513401558023e-10,0,3.6190716067042568e-11,nan,4.870337756956331e-11,3.1222345080795603e-11,1.3038455614224232e-15,3.4969333524782101e-12,0.30673587414858677,2.2204460492503131e-16,2.4424906541753444e-14,5.8717383520411589e-13,7.9936057773011271e-15,0.010940319309377885,64,5.4124708187552883e-12,2.5368596112684827e-13,8.8817841970012523e-16,2.3901797208125686e-11,5.3363071796596367e-13,4.5297099404706387e-14,0.027377039921702817,0.82715982984518632,4.4408920985006242e-16,1.5449385623083248e-13,7.4051875742497941e-14
quad,8,4,1.2,gll,coupled,0,constant,xy,direct,1.1400470721544135e-11,nan,3.6018163911862268e-10,0,3.4445799933364967e-11,nan,4.6938769827419734e-11,2.9347138855321229e-11,1.3038455614224232e-15,0,0,2.2204460492503131e-16,2.4424906541753444e-14,5.8717383520411589e-13,7.9936057773011271e-15,0.010940319309377885,64,5.4124708187552883e-12,2.5368596112684827e-13,8.8817841970012523e-16,2.3901797208125686e-11,5.3363071796596367e-13,4.5297099404706387e-14,0.027377039921702817,0.82715982984518632,4.4408920985006242e-16,1.5449385623083248e-13,7.4051875742497941e-14
quad,8,4,1.2,gll,coupled,0,constant,xy,fe_geometry,1.1400470721543729e-11,nan,3.6018163911860272e-10,0,3.4445799933363448e-11,nan,4.6938769827417511e-11,2.9347138855320195e-11,1.3038455614224232e-15,1.2796888149753965e-24,1.1224876991763979e-13,2.2204460492503131e-16,2.4424906541753444e-14,5.8717383520411589e-13,7.9936057773011271e-15,0.010940319309377885,64,5.4124708187552883e-12,2.5368596112684827e-13,8.8817841970012523e-16,2.3901797208125686e-11,5.3363071796596367e-13,4.5297099404706387e-14,0.027377039921702817,0.82715982984518632,4.4408920985006242e-16,1.5449385623083248e-13,7.4051875742497941e-14
quad,8,4,1.2,gll,coupled,0,constant,xy,reused,1.1326785821348162e-11,nan,3.5295135316524888e-10,0,3.4238683727284025e-11,nan,4.6480350059035078e-11,2.9245066865386868e-11,1.3038455614224232e-15,9.4796602992733798e-13,0.083151481467858279,2.2204460492503131e-16,2.4424906541753444e-14,5.8717383520411589e-13,7.9936057773011271e-15,0.010940319309377885,64,5.4124708187552883e-12,2.5368596112684827e-13,8.8817841970012523e-16,2.3901797208125686e-11,5.3363071796596367e-13,4.5297099404706387e-14,0.027377039921702817,0.82715982984518632,4.4408920985006242e-16,1.5449385623083248e-13,7.4051875742497941e-14
quad,8,4,1.2,gll,coupled,0,constant,xy,reused_centered,1.1322731844520204e-11,nan,3.5355794676398836e-10,0,3.4221220137931862e-11,nan,4.6461428657997443e-11,2.9247177440561675e-11,1.3038455614224232e-15,9.5414885984430562e-13,0.083693812575755741,2.2204460492503131e-16,2.4424906541753444e-14,5.8717383520411589e-13,7.9936057773011271e-15,0.010940319309377885,64,5.4124708187552883e-12,2.5368596112684827e-13,8.8817841970012523e-16,2.3901797208125686e-11,5.3363071796596367e-13,4.5297099404706387e-14,0.027377039921702817,0.82715982984518632,4.4408920985006242e-16,1.5449385623083248e-13,7.4051875742497941e-14
quad,8,4,1.2,gll,coupled,0,constant,yy,recursive,1.1600834393336917e-11,nan,1.4097933295644505e-10,0,2.4715447472268933e-11,nan,3.5902277450816157e-11,2.5833706719229229e-11,1.3038455614224232e-15,4.5218939472089816e-12,0.39101463596568181,2.2204460492503131e-16,2.4424906541753444e-14,5.8717383520411589e-13,7.9936057773011271e-15,0.010940319309377885,64,5.4124708187552883e-12,2.5368596112684827e-13,8.8817841970012523e-16,2.3901797208125686e-11,5.3363071796596367e-13,4.5297099404706387e-14,0.027377039921702817,0.82715982984518632,4.4408920985006242e-16,1.5449385623083248e-13,7.4051875742497941e-14
quad,8,4,1.2,gll,coupled,0,constant,yy,direct,1.1564513272096175e-11,nan,1.5709650683386815e-10,0,2.413738069649038e-11,nan,3.391976689183193e-11,2.4494785374220959e-11,1.3038455614224232e-15,0,0,2.2204460492503131e-16,2.4424906541753444e-14,5.8717383520411589e-13,7.9936057773011271e-15,0.010940319309377885,64,5.4124708187552883e-12,2.5368596112684827e-13,8.8817841970012523e-16,2.3901797208125686e-11,5.3363071796596367e-13,4.5297099404706387e-14,0.027377039921702817,0.82715982984518632,4.4408920985006242e-16,1.5449385623083248e-13,7.4051875742497941e-14
quad,8,4,1.2,gll,coupled,0,constant,yy,fe_geometry,1.1564513272096175e-11,nan,1.5709650683381087e-10,0,2.4137380696490822e-11,nan,3.3919766891831878e-11,2.4494785374220833e-11,1.3038455614224232e-15,1.6410229405799425e-24,1.4190160035005883e-13,2.2204460492503131e-16,2.4424906541753444e-14,5.8717383520411589e-13,7.9936057773011271e-15,0.010940319309377885,64,5.4124708187552883e-12,2.5368596112684827e-13,8.8817841970012523e-16,2.3901797208125686e-11,5.3363071796596367e-13,4.5297099404706387e-14,0.027377039921702817,0.82715982984518632,4.4408920985006242e-16,1.5449385623083248e-13,7.4051875742497941e-14
quad,8,4,1.2,gll,coupled,0,constant,yy,reused,1.1159991874613364e-11,nan,1.5037910930905962e-10,0,2.3444503160078222e-11,nan,3.3628170944118452e-11,2.4296062853017891e-11,1.3038455614224232e-15,2.7003889828438975e-12,0.23350649692794437,2.2204460492503131e-16,2.4424906541753444e-14,5.8717383520411589e-13,7.9936057773011271e-15,0.010940319309377885,64,5.4124708187552883e-12,2.5368596112684827e-13,8.8817841970012523e-16,2.3901797208125686e-11,5.3363071796596367e-13,4.5297099404706387e-14,0.027377039921702817,0.82715982984518632,4.4408920985006242e-16,1.5449385623083248e-13,7.4051875742497941e-14
quad,8,4,1.2,gll,coupled,0,constant,yy,reused_centered,1.1168308285386127e-11,nan,1.5127248518905336e-10,0,2.3456561114669726e-11,nan,3.3608978990085639e-11,2.4288482649893151e-11,1.3038455614224232e-15,2.4524375194208519e-12,0.21206577931284826,2.2204460492503131e-16,2.4424906541753444e-14,5.8717383520411589e-13,7.9936057773011271e-15,0.010940319309377885,64,5.4124708187552883e-12,2.5368596112684827e-13,8.8817841970012523e-16,2.3901797208125686e-11,5.3363071796596367e-13,4.5297099404706387e-14,0.027377039921702817,0.82715982984518632,4.4408920985006242e-16,1.5449385623083248e-13,7.4051875742497941e-14
quad,8,4,1.2,gll,coupled,0,constant,xxx,recursive,8.7779569539189673e-10,nan,1.8289160940459418e-08,0,1.7557850395114945e-09,nan,2.3395888628267769e-09,1.5418063150462997e-09,1.3038455614224232e-15,4.5113160550258552e-10,0.55980714249361918,2.2204460492503131e-16,2.4424906541753444e-14,5.8717383520411589e-13,7.9936057773011271e-15,0.010940319309377885,64,5.4124708187552883e-12,2.5368596112684827e-13,8.8817841970012523e-16,2.3901797208125686e-11,5.3363071796596367e-13,4.5297099404706387e-14,0.027377039921702817,0.82715982984518632,4.4408920985006242e-16,1.5449385623083248e-13,7.4051875742497941e-14
quad,8,4,1.2,gll,coupled,0,constant,xxx,direct,8.0586968485799126e-10,nan,1.7332142554793642e-08,0,1.5740995085118333e-09,nan,2.0928666815264875e-09,1.4035647128920843e-09,1.3038455614224232e-15,0,0,2.2204460492503131e-16,2.4424906541753444e-14,5.8717383520411589e-13,7.9936057773011271e-15,0.010940319309377885,64,5.4124708187552883e-12,2.5368596112684827e-13,8.8817841970012523e-16,2.3901797208125686e-11,5.3363071796596367e-13,4.5297099404706387e-14,0.027377039921702817,0.82715982984518632,4.4408920985006242e-16,1.5449385623083248e-13,7.4051875742497941e-14
quad,8,4,1.2,gll,coupled,0,constant,xxx,fe_geometry,8.0586968485784495e-10,nan,1.733214255481408e-08,0,1.5740995085114801e-09,nan,2.0928666815256942e-09,1.4035647128916989e-09,1.3038455614224232e-15,4.306579696568552e-22,5.3440150156876144e-13,2.2204460492503131e-16,2.4424906541753444e-14,5.8717383520411589e-13,7.9936057773011271e-15,0.010940319309377885,64,5.4124708187552883e-12,2.5368596112684827e-13,8.8817841970012523e-16,2.3901797208125686e-11,5.3363071796596367e-13,4.5297099404706387e-14,0.027377039921702817,0.82715982984518632,4.4408920985006242e-16,1.5449385623083248e-13,7.4051875742497941e-14
quad,8,4,1.2,gll,coupled,0,constant,xxx,reused,7.7077336228550747e-10,nan,1.6387087230451448e-08,0,1.5222861521306822e-09,nan,1.9856874696530938e-09,1.2884338856875065e-09,1.3038455614224232e-15,2.4428314134361748e-10,0.3031298309560615,2.2204460492503131e-16,2.4424906541753444e-14,5.8717383520411589e-13,7.9936057773011271e-15,0.010940319309377885,64,5.4124708187552883e-12,2.5368596112684827e-13,8.8817841970012523e-16,2.3901797208125686e-11,5.3363071796596367e-13,4.5297099404706387e-14,0.027377039921702817,0.82715982984518632,4.4408920985006242e-16,1.5449385623083248e-13,7.4051875742497941e-14
quad,8,4,1.2,gll,coupled,0,constant,xxx,reused_centered,7.7043353487886087e-10,nan,1.6276899415875159e-08,0,1.5216523901359406e-09,nan,1.9846342013996418e-09,1.2915288866944496e-09,1.3038455614224232e-15,2.228887892476302e-10,0.2765816774543482,2.2204460492503131e-16,2.4424906541753444e-14,5.8717383520411589e-13,7.9936057773011271e-15,0.010940319309377885,64,5.4124708187552883e-12,2.5368596112684827e-13,8.8817841970012523e-16,2.3901797208125686e-11,5.3363071796596367e-13,4.5297099404706387e-14,0.027377039921702817,0.82715982984518632,4.4408920985006242e-16,1.5449385623083248e-13,7.4051875742497941e-14
quad,8,4,1.2,gll,coupled,0,constant,xxy,recursive,1.1982786503363839e-09,nan,3.2701490665168164e-08,0,3.340754244597806e-09,nan,4.4337357980424783e-09,2.7712547793464104e-09,1.3038455614224232e-15,3.9715772528969819e-10,0.34862406268466029,2.2204460492503131e-16,2.4424906541753444e-14,5.8717383520411589e-13,7.9936057773011271e-15,0.010940319309377885,64,5.4124708187552883e-12,2.5368596112684827e-13,8.8817841970012523e-16,2.3901797208125686e-11,5.3363071796596367e-13,4.5297099404706387e-14,0.027377039921702817,0.82715982984518632,4.4408920985006242e-16,1.5449385623083248e-13,7.4051875742497941e-14
quad,8,4,1.2,gll,coupled,0,constant,xxy,direct,1.1392148959291371e-09,nan,3.1830243469916828e-08,0,3.1527371341869524e-09,nan,4.1705876746562331e-09,2.5213811037610866e-09,1.3038455614224232e-15,0,0,2.2204460492503131e-16,2.4424906541753444e-14,5.8717383520411589e-13,7.9936057773011271e-15,0.010940319309377885,64,5.4124708187552883e-12,2.5368596112684827e-13,8.8817841970012523e-16,2.3901797208125686e-11,5.3363071796596367e-13,4.5297099404706387e-14,0.027377039921702817,0.82715982984518632,4.4408920985006242e-16,1.5449385623083248e-13,7.4051875742497941e-14
quad,8,4,1.2,gll,coupled,0,constant,xxy,fe_geometry,1.1392148959290409e-09,nan,3.1830243469932829e-08,0,3.1527371341866616e-09,nan,4.1705876746556475e-09,2.5213811037608236e-09,1.3038455614224232e-15,2.9459978683394497e-22,2.5859895958757727e-13,2.2204460492503131e-16,2.4424906541753444e-14,5.8717383520411589e-13,7.9936057773011271e-15,0.010940319309377885,64,5.4124708187552883e-12,2.5368596112684827e-13,8.8817841970012523e-16,2.3901797208125686e-11,5.3363071796596367e-13,4.5297099404706387e-14,0.027377039921702817,0.82715982984518632,4.4408920985006242e-16,1.5449385623083248e-13,7.4051875742497941e-14
quad,8,4,1.2,gll,coupled,0,constant,xxy,reused,1.1338098573471363e-09,nan,3.1190077707424525e-08,0,3.1369658523367039e-09,nan,4.1462481130804842e-09,2.5198658998559765e-09,1.3038455614224232e-15,6.3864066664918196e-11,0.056059718752914503,2.2204460492503131e-16,2.4424906541753444e-14,5.8717383520411589e-13,7.9936057773011271e-15,0.010940319309377885,64,5.4124708187552883e-12,2.5368596112684827e-13,8.8817841970012523e-16,2.3901797208125686e-11,5.3363071796596367e-13,4.5297099404706387e-14,0.027377039921702817,0.82715982984518632,4.4408920985006242e-16,1.5449385623083248e-13,7.4051875742497941e-14
quad,8,4,1.2,gll,coupled,0,constant,xxy,reused_centered,1.1332130161874057e-09,nan,3.1136557239177908e-08,0,3.1347771720901388e-09,nan,4.1410137565639196e-09,2.5188992961366482e-09,1.3038455614224232e-15,6.7063635931844251e-11,0.058868292691299076,2.2204460492503131e-16,2.4424906541753444e-14,5.8717383520411589e-13,7.9936057773011271e-15,0.010940319309377885,64,5.4124708187552883e-12,2.5368596112684827e-13,8.8817841970012523e-16,2.3901797208125686e-11,5.3363071796596367e-13,4.5297099404706387e-14,0.027377039921702817,0.82715982984518632,4.4408920985006242e-16,1.5449385623083248e-13,7.4051875742497941e-14
quad,8,4,1.2,gll,coupled,0,constant,xyy,recursive,1.1633012660398163e-09,nan,3.3605948239109652e-08,0,3.218658351532879e-09,nan,4.511715203983842e-09,2.829926428287892e-09,1.3038455614224232e-15,3.3948145876484299e-10,0.30874650832017808,2.2204460492503131e-16,2.4424906541753444e-14,5.8717383520411589e-13,7.9936057773011271e-15,0.010940319309377885,64,5.4124708187552883e-12,2.5368596112684827e-13,8.8817841970012523e-16,2.3901797208125686e-11,5.3363071796596367e-13,4.5297099404706387e-14,0.027377039921702817,0.82715982984518632,4.4408920985006242e-16,1.5449385623083248e-13,7.4051875742497941e-14
quad,8,4,1.2,gll,coupled,0,constant,xyy,direct,1.0995475239926988e-09,nan,3.2700319075910405e-08,0,3.04810876896876e-09,nan,4.3078068266856688e-09,2.6495789230761267e-09,1.3038455614224232e-15,0,0,2.2204460492503131e-16,2.4424906541753444e-14,5.8717383520411589e-13,7.9936057773011271e-15,0.010940319309377885,64,5.4124708187552883e-12,2.5368596112684827e-13,8.8817841970012523e-16,2.3901797208125686e-11,5.3363071796596367e-13,4.5297099404706387e-14,0.027377039921702817,0.82715982984518632,4.4408920985006242e-16,1.5449385623083248e-13,7.4051875742497941e-14
quad,8,4,1.2,gll,coupled,0,constant,xyy,fe_geometry,1.0995475239926655e-09,nan,3.2700319075899361e-08,0,3.0481087689686826e-09,nan,4.3078068266854852e-09,2.6495789230760312e-09,1.3038455614224232e-15,2.6129910538998042e-22,2.3764239351942326e-13,2.2204460492503131e-16,2.4424906541753444e-14,5.8717383520411589e-13,7.9936057773011271e-15,0.010940319309377885,64,5.4124708187552883e-12,2.5368596112684827e-13,8.8817841970012523e-16,2.3901797208125686e-11,5.3363071796596367e-13,4.5297099404706387e-14,0.027377039921702817,0.82715982984518632,4.4408920985006242e-16,1.5449385623083248e-13,7.4051875742497941e-14
quad,8,4,1.2,gll,coupled,0,constant,xyy,reused,1.0934799399515623e-09,nan,3.2252278870385976e-08,0,3.0302435652872419e-09,nan,4.2796073301571877e-09,2.6397418942309802e-09,1.3038455614224232e-15,6.0315751112848801e-11,0.054855065194298336,2.2204460492503131e-16,2.4424906541753444e-14,5.8717383520411589e-13,7.9936057773011271e-15,0.010940319309377885,64,5.4124708187552883e-12,2.5368596112684827e-13,8.8817841970012523e-16,2.3901797208125686e-11,5.3363071796596367e-13,4.5297099404706387e-14,0.027377039921702817,0.82715982984518632,4.4408920985006242e-16,1.5449385623083248e-13,7.4051875742497941e-14
quad,8,4,1.2,gll,coupled,0,constant,xyy,reused_centered,1.09288893530284e-09,nan,3.2248468226230406e-08,0,3.0279500538883148e-09,nan,4.2761069775092221e-09,2.6396867528442761e-09,1.3038455614224232e-15,6.499935814154429e-11,0.059114641907898016,2.2204460492503131e-16,2.4424906541753444e-14,5.8717383520411589e-13,7.9936057773011271e-15,0.010940319309377885,64,5.4124708187552883e-12,2.5368596112684827e-13,8.8817841970012523e-16,2.3901797208125686e-11,5.3363071796596367e-13,4.5297099404706387e-14,0.027377039921702817,0.82715982984518632,4.4408920985006242e-16,1.5449385623083248e-13,7.4051875742497941e-14
quad,8,4,1.2,gll,coupled,0,constant,yyy,recursive,7.6014540498377621e-10,nan,1.4346155089843754e-08,0,1.5563578858797144e-09,nan,2.1353953621158915e-09,1.4483330067230227e-09,1.3038455614224232e-15,3.4611481980725143e-10,0.49159485645781759,2.2204460492503131e-16,2.4424906541753444e-14,5.8717383520411589e-13,7.9936057773011271e-15,0.010940319309377885,64,5.4124708187552883e-12,2.5368596112684827e-13,8.8817841970012523e-16,2.3901797208125686e-11,5.3363071796596367e-13,4.5297099404706387e-14,0.027377039921702817,0.82715982984518632,4.4408920985006242e-16,1.5449385623083248e-13,7.4051875742497941e-14
quad,8,4,1.2,gll,coupled,0,constant,yyy,direct,7.0406517737223431e-10,nan,1.296106293381494e-08,0,1.453178858290341e-09,nan,2.018559257249711e-09,1.3651051557394644e-09,1.3038455614224232e-15,0,0,2.2204460492503131e-16,2.4424906541753444e-14,5.8717383520411589e-13,7.9936057773011271e-15,0.010940319309377885,64,5.4124708187552883e-12,2.5368596112684827e-13,8.8817841970012523e-16,2.3901797208125686e-11,5.3363071796596367e-13,4.5297099404706387e-14,0.027377039921702817,0.82715982984518632,4.4408920985006242e-16,1.5449385623083248e-13,7.4051875742497941e-14
quad,8,4,1.2,gll,coupled,0,constant,yyy,fe_geometry,7.0406517737226822e-10,nan,1.2961062933802358e-08,0,1.4531788582905308e-09,nan,2.0185592572498686e-09,1.3651051557395395e-09,1.3038455614224232e-15,2.7693320556021076e-22,3.9333461511873365e-13,2.2204460492503131e-16,2.4424906541753444e-14,5.8717383520411589e-13,7.9936057773011271e-15,0.010940319309377885,64,5.4124708187552883e-12,2.5368596112684827e-13,8.8817841970012523e-16,2.3901797208125686e-11,5.3363071796596367e-13,4.5297099404706387e-14,0.027377039921702817,0.82715982984518632,4.4408920985006242e-16,1.5449385623083248e-13,7.4051875742497941e-14
quad,8,4,1.2,gll,coupled,0,constant,yyy,reused,6.9350373519360175e-10,nan,1.365628804813399e-08,0,1.4330714612975908e-09,nan,1.9935704549887365e-09,1.3480127040404566e-09,1.3038455614224232e-15,1.0285762213967206e-10,0.1460910515750333,2.2204460492503131e-16,2.4424906541753444e-14,5.8717383520411589e-13,7.9936057773011271e-15,0.010940319309377885,64,5.4124708187552883e-12,2.5368596112684827e-13,8.8817841970012523e-16,2.3901797208125686e-11,5.3363071796596367e-13,4.5297099404706387e-14,0.027377039921702817,0.82715982984518632,4.4408920985006242e-16,1.5449385623083248e-13,7.4051875742497941e-14
quad,8,4,1.2,gll,coupled,0,constant,yyy,reused_centered,6.9373446482091362e-10,nan,1.3734727051391219e-08,0,1.4331645321831769e-09,nan,1.9934844512352352e-09,1.3478625720645988e-09,1.3038455614224232e-15,8.8593832136890187e-11,0.12583186185623726,2.2204460492503131e-16,2.4424906541753444e-14,5.8717383520411589e-13,7.9936057773011271e-15,0.010940319309377885,64,5.4124708187552883e-12,2.5368596112684827e-13,8.8817841970012523e-16,2.3901797208125686e-11,5.3363071796596367e-13,4.5297099404706387e-14,0.027377039921702817,0.82715982984518632,4.4408920985006242e-16,1.5449385623083248e-13,7.4051875742497941e-14
