family,n,p,amplitude,basis,map,extra,field,derivative,method,error_l2,relative_l2,sampled_linf,truth_l2,face_rms,face_relative_l2,jump_rms,jump_mean_abs,input_error_l2,operator_error_l2,operator_relative_l2,inverse_residual,representation_residual,first_derivative_residual,geometry_residual,min_jacobian,elements,geometry_derivative_residual,geometry_jacobian_residual,fe_inverse_residual,method_agreement,fe_first_residual,face_geometry_residual,initialization_seconds,evaluation_seconds,reused_inverse_residual,reused_first_residual,reused_geometry_residual
quad,4,3,0,gll,coupled,0,sine,x,recursive,0.00066737933310552782,0.00047048349438107639,0.0029619929104509057,1.4184968039813364,0.0015596915623316467,0.0011000021882179344,0.0028912579174243526,0.0019098756886878391,4.4848421506534762e-05,1.297376592909318e-14,9.1458410293997196e-15,0,8.4376949871511897e-15,1.5270245894921113e-13,3.1086244689504383e-15,0.062499999999998043,16,1.3032026413616562e-12,8.009556601536076e-14,8.8817841970012523e-16,1.2808962224220011e-11,2.5159812771895321e-13,1.7319479184152442e-14,0.0048487900057807565,0.18681707096402533,2.2204460492503126e-16,8.4980044067629146e-14,2.5646151868841116e-14
quad,4,3,0,gll,coupled,0,sine,x,direct,0.00066737933310669713,0.00047048349438190071,0.00296199291046223,1.4184968039813364,0.0015596915623343804,0.0011000021882198623,0.0028912579174249445,0.0019098756886890276,4.4848421506534762e-05,0,0,0,8.4376949871511897e-15,1.5270245894921113e-13,3.1086244689504383e-15,0.062499999999998043,16,1.3032026413616562e-12,8.009556601536076e-14,8.8817841970012523e-16,1.2808962224220011e-11,2.5159812771895321e-13,1.7319479184152442e-14,0.0048487900057807565,0.18681707096402533,2.2204460492503126e-16,8.4980044067629146e-14,2.5646151868841116e-14
quad,4,3,0,gll,coupled,0,sine,x,fe_geometry,0.00066737933310219736,0.00047048349437872844,0.0029619929104526266,1.4184968039813364,0.0015596915623251482,0.0011000021882133513,0.0028912579174208077,0.0019098756886846112,4.4848421506534762e-05,4.3338878526412986e-14,3.0551691433417377e-14,0,8.4376949871511897e-15,1.5270245894921113e-13,3.1086244689504383e-15,0.062499999999998043,16,1.3032026413616562e-12,8.009556601536076e-14,8.8817841970012523e-16,1.2808962224220011e-11,2.5159812771895321e-13,1.7319479184152442e-14,0.0048487900057807565,0.18681707096402533,2.2204460492503126e-16,8.4980044067629146e-14,2.5646151868841116e-14
quad,4,3,0,gll,coupled,0,sine,x,reused,0.00066737933310361355,0.00047048349437972688,0.0029619929104316434,1.4184968039813364,0.0015596915623274255,0.0011000021882149572,0.0028912579174157453,0.0019098756886844392,4.4848421506534762e-05,1.5854354366431257e-14,1.1176508459582226e-14,0,8.4376949871511897e-15,1.5270245894921113e-13,3.1086244689504383e-15,0.062499999999998043,16,1.3032026413616562e-12,8.009556601536076e-14,8.8817841970012523e-16,1.2808962224220011e-11,2.5159812771895321e-13,1.7319479184152442e-14,0.0048487900057807565,0.18681707096402533,2.2204460492503126e-16,8.4980044067629146e-14,2.5646151868841116e-14
quad,4,3,0,gll,coupled,0,sine,x,reused_centered,0.00066737933310384795,0.00047048349437989206,0.0029619929104313658,1.4184968039813364,0.0015596915623276042,0.0011000021882150832,0.0028912579174160185,0.0019098756886845635,4.4848421506534762e-05,1.2811404013775992e-14,9.0313841881991273e-15,0,8.4376949871511897e-15,1.5270245894921113e-13,3.1086244689504383e-15,0.062499999999998043,16,1.3032026413616562e-12,8.009556601536076e-14,8.8817841970012523e-16,1.2808962224220011e-11,2.5159812771895321e-13,1.7319479184152442e-14,0.0048487900057807565,0.18681707096402533,2.2204460492503126e-16,8.4980044067629146e-14,2.5646151868841116e-14
quad,4,3,0,gll,coupled,0,sine,y,recursive,0.0033361768658494904,0.0015679400223700425,0.014619528744818755,2.1277452059720012,0.0078160654932423728,0.0036749527293153854,0.013877856769721387,0.0088297845790849885,4.4848421506534762e-05,1.3375752452594556e-14,6.2853320331310035e-15,0,8.4376949871511897e-15,1.5270245894921113e-13,3.1086244689504383e-15,0.062499999999998043,16,1.3032026413616562e-12,8.009556601536076e-14,8.8817841970012523e-16,1.2808962224220011e-11,2.5159812771895321e-13,1.7319479184152442e-14,0.0048487900057807565,0.18681707096402533,2.2204460492503126e-16,8.4980044067629146e-14,2.5646151868841116e-14
quad,4,3,0,gll,coupled,0,sine,y,direct,0.003336176865848767,0.0015679400223697028,0.014619528744790666,2.1277452059720012,0.0078160654932409816,0.003674952729314731,0.013877856769712635,0.0088297845790791564,4.4848421506534762e-05,0,0,0,8.4376949871511897e-15,1.5270245894921113e-13,3.1086244689504383e-15,0.062499999999998043,16,1.3032026413616562e-12,8.009556601536076e-14,8.8817841970012523e-16,1.2808962224220011e-11,2.5159812771895321e-13,1.7319479184152442e-14,0.0048487900057807565,0.18681707096402533,2.2204460492503126e-16,8.4980044067629146e-14,2.5646151868841116e-14
quad,4,3,0,gll,coupled,0,sine,y,fe_geometry,0.0033361768658489509,0.0015679400223697891,0.014619528744808541,2.1277452059720012,0.0078160654932415852,0.0036749527293150151,0.013877856769723338,0.0088297845790881006,4.4848421506534762e-05,4.0029536655363258e-14,1.8810076659466181e-14,0,8.4376949871511897e-15,1.5270245894921113e-13,3.1086244689504383e-15,0.062499999999998043,16,1.3032026413616562e-12,8.009556601536076e-14,8.8817841970012523e-16,1.2808962224220011e-11,2.5159812771895321e-13,1.7319479184152442e-14,0.0048487900057807565,0.18681707096402533,2.2204460492503126e-16,8.4980044067629146e-14,2.5646151868841116e-14
quad,4,3,0,gll,coupled,0,sine,y,reused,0.0033361768658484391,0.0015679400223695486,0.014619528744790555,2.1277452059720012,0.0078160654932403918,0.0036749527293144539,0.013877856769712701,0.0088297845790788598,4.4848421506534762e-05,1.4931887359571582e-14,7.0165674991999649e-15,0,8.4376949871511897e-15,1.5270245894921113e-13,3.1086244689504383e-15,0.062499999999998043,16,1.3032026413616562e-12,8.009556601536076e-14,8.8817841970012523e-16,1.2808962224220011e-11,2.5159812771895321e-13,1.7319479184152442e-14,0.0048487900057807565,0.18681707096402533,2.2204460492503126e-16,8.4980044067629146e-14,2.5646151868841116e-14
quad,4,3,0,gll,coupled,0,sine,y,reused_centered,0.0033361768658487314,0.0015679400223696861,0.01461952874479111,2.1277452059720012,0.0078160654932405618,0.0036749527293145332,0.013877856769713778,0.0088297845790793594,4.4848421506534762e-05,1.1581316099529111e-14,5.4421175424838443e-15,0,8.4376949871511897e-15,1.5270245894921113e-13,3.1086244689504383e-15,0.062499999999998043,16,1.3032026413616562e-12,8.009556601536076e-14,8.8817841970012523e-16,1.2808962224220011e-11,2.5159812771895321e-13,1.7319479184152442e-14,0.0048487900057807565,0.18681707096402533,2.2204460492503126e-16,8.4980044067629146e-14,2.5646151868841116e-14
quad,4,3,0,gll,coupled,0,sine,xx,recursive,0.031077100940350898,0.011020894896017477,0.10577045461090018,2.8198346172034499,0.057499535930689238,0.020382405376207457,0.01974498978080318,0.01275403538986406,4.4848421506534762e-05,4.7920102656501441e-13,1.6894603254297974e-13,0,8.4376949871511897e-15,1.5270245894921113e-13,3.1086244689504383e-15,0.062499999999998043,16,1.3032026413616562e-12,8.009556601536076e-14,8.8817841970012523e-16,1.2808962224220011e-11,2.5159812771895321e-13,1.7319479184152442e-14,0.0048487900057807565,0.18681707096402533,2.2204460492503126e-16,8.4980044067629146e-14,2.5646151868841116e-14
quad,4,3,0,gll,coupled,0,sine,xx,direct,0.031077100940352743,0.011020894896018133,0.10577045461096679,2.8198346172034499,0.057499535930672099,0.020382405376201382,0.01974498978136946,0.01275403539028664,4.4848421506534762e-05,0,0,0,8.4376949871511897e-15,1.5270245894921113e-13,3.1086244689504383e-15,0.062499999999998043,16,1.3032026413616562e-12,8.009556601536076e-14,8.8817841970012523e-16,1.2808962224220011e-11,2.5159812771895321e-13,1.7319479184152442e-14,0.0048487900057807565,0.18681707096402533,2.2204460492503126e-16,8.4980044067629146e-14,2.5646151868841116e-14
quad,4,3,0,gll,coupled,0,sine,xx,fe_geometry,0.031077100940129204,0.011020894895938858,0.10577045461023049,2.8198346172034499,0.057499535930289593,0.020382405376065792,0.019744989778456897,0.01275403538845977,4.4848421506534762e-05,1.5863147758312283e-12,5.5926755763039218e-13,0,8.4376949871511897e-15,1.5270245894921113e-13,3.1086244689504383e-15,0.062499999999998043,16,1.3032026413616562e-12,8.009556601536076e-14,8.8817841970012523e-16,1.2808962224220011e-11,2.5159812771895321e-13,1.7319479184152442e-14,0.0048487900057807565,0.18681707096402533,2.2204460492503126e-16,8.4980044067629146e-14,2.5646151868841116e-14
quad,4,3,0,gll,coupled,0,sine,xx,reused,0.031077100940310819,0.011020894896003264,0.10577045461101742,2.8198346172034499,0.057499535930625637,0.020382405376184912,0.019744989781285159,0.012754035390257988,4.4848421506534762e-05,6.1701143744106847e-13,2.1753216001336492e-13,0,8.4376949871511897e-15,1.5270245894921113e-13,3.1086244689504383e-15,0.062499999999998043,16,1.3032026413616562e-12,8.009556601536076e-14,8.8817841970012523e-16,1.2808962224220011e-11,2.5159812771895321e-13,1.7319479184152442e-14,0.0048487900057807565,0.18681707096402533,2.2204460492503126e-16,8.4980044067629146e-14,2.5646151868841116e-14
quad,4,3,0,gll,coupled,0,sine,xx,reused_centered,0.031077100940289253,0.011020894895995616,0.10577045461076162,2.8198346172034499,0.057499535930559793,0.020382405376161573,0.019744989780953917,0.012754035390061792,4.4848421506534762e-05,4.8654430863266147e-13,1.7153496349762714e-13,0,8.4376949871511897e-15,1.5270245894921113e-13,3.1086244689504383e-15,0.062499999999998043,16,1.3032026413616562e-12,8.009556601536076e-14,8.8817841970012523e-16,1.2808962224220011e-11,2.5159812771895321e-13,1.7319479184152442e-14,0.0048487900057807565,0.18681707096402533,2.2204460492503126e-16,8.4980044067629146e-14,2.5646151868841116e-14
quad,4,3,0,gll,coupled,0,sine,xy,recursive,0.0070210304809220593,0.0016599154286301373,0.037787705398391935,4.229751925805183,0.016475089321145348,0.0038933873548427857,0.030437941336045139,0.02437954874462403,4.4848421506534762e-05,1.5696194733144303e-13,3.7101597957765211e-14,0,8.4376949871511897e-15,1.5270245894921113e-13,3.1086244689504383e-15,0.062499999999998043,16,1.3032026413616562e-12,8.009556601536076e-14,8.8817841970012523e-16,1.2808962224220011e-11,2.5159812771895321e-13,1.7319479184152442e-14,0.0048487900057807565,0.18681707096402533,2.2204460492503126e-16,8.4980044067629146e-14,2.5646151868841116e-14
quad,4,3,0,gll,coupled,0,sine,xy,direct,0.0070210304809296374,0.0016599154286319291,0.037787705398900417,4.229751925805183,0.016475089321162654,0.0038933873548468757,0.030437941336017151,0.024379548744647303,4.4848421506534762e-05,0,0,0,8.4376949871511897e-15,1.5270245894921113e-13,3.1086244689504383e-15,0.062499999999998043,16,1.3032026413616562e-12,8.009556601536076e-14,8.8817841970012523e-16,1.2808962224220011e-11,2.5159812771895321e-13,1.7319479184152442e-14,0.0048487900057807565,0.18681707096402533,2.2204460492503126e-16,8.4980044067629146e-14,2.5646151868841116e-14
quad,4,3,0,gll,coupled,0,sine,xy,fe_geometry,0.0070210304809488078,0.0016599154286364613,0.03778770539680254,4.229751925805183,0.01647508932120267,0.0038933873548563321,0.03043794133612665,0.024379548744708275,4.4848421506534762e-05,3.1928851059947544e-13,7.5471247357685844e-14,0,8.4376949871511897e-15,1.5270245894921113e-13,3.1086244689504383e-15,0.062499999999998043,16,1.3032026413616562e-12,8.009556601536076e-14,8.8817841970012523e-16,1.2808962224220011e-11,2.5159812771895321e-13,1.7319479184152442e-14,0.0048487900057807565,0.18681707096402533,2.2204460492503126e-16,8.4980044067629146e-14,2.5646151868841116e-14
quad,4,3,0,gll,coupled,0,sine,xy,reused,0.0070210304809323627,0.0016599154286325733,0.037787705401246985,4.229751925805183,0.016475089321196061,0.0038933873548547709,0.030437941336052023,0.024379548744693516,4.4848421506534762e-05,1.5785046539799536e-13,3.7311619817482747e-14,0,8.4376949871511897e-15,1.5270245894921113e-13,3.1086244689504383e-15,0.062499999999998043,16,1.3032026413616562e-12,8.009556601536076e-14,8.8817841970012523e-16,1.2808962224220011e-11,2.5159812771895321e-13,1.7319479184152442e-14,0.0048487900057807565,0.18681707096402533,2.2204460492503126e-16,8.4980044067629146e-14,2.5646151868841116e-14
quad,4,3,0,gll,coupled,0,sine,xy,reused_centered,0.00702103048092998,0.00165991542863201,0.037787705401733707,4.229751925805183,0.016475089321211153,0.003893387354858337,0.030437941336035109,0.024379548744685189,4.4848421506534762e-05,1.7960008366592758e-13,4.2452646712413722e-14,0,8.4376949871511897e-15,1.5270245894921113e-13,3.1086244689504383e-15,0.062499999999998043,16,1.3032026413616562e-12,8.009556601536076e-14,8.8817841970012523e-16,1.2808962224220011e-11,2.5159812771895321e-13,1.7319479184152442e-14,0.0048487900057807565,0.18681707096402533,2.2204460492503126e-16,8.4980044067629146e-14,2.5646151868841116e-14
quad,4,3,0,gll,coupled,0,sine,yy,recursive,0.15669531139787052,0.024697320969249953,0.53153438562694078,6.3446278887077732,0.29005465924529183,0.045697077185470614,0.15103827006747134,0.097445622336181342,4.4848421506534762e-05,4.8288966875175714e-13,7.5131094470930847e-14,0,8.4376949871511897e-15,1.5270245894921113e-13,3.1086244689504383e-15,0.062499999999998043,16,1.3032026413616562e-12,8.009556601536076e-14,8.8817841970012523e-16,1.2808962224220011e-11,2.5159812771895321e-13,1.7319479184152442e-14,0.0048487900057807565,0.18681707096402533,2.2204460492503126e-16,8.4980044067629146e-14,2.5646151868841116e-14
quad,4,3,0,gll,coupled,0,sine,yy,direct,0.15669531139793144,0.024697320969259553,0.53153438562647715,6.3446278887077732,0.29005465924541263,0.045697077185489647,0.15103827006787776,0.097445622336423843,4.4848421506534762e-05,0,0,0,8.4376949871511897e-15,1.5270245894921113e-13,3.1086244689504383e-15,0.062499999999998043,16,1.3032026413616562e-12,8.009556601536076e-14,8.8817841970012523e-16,1.2808962224220011e-11,2.5159812771895321e-13,1.7319479184152442e-14,0.0048487900057807565,0.18681707096402533,2.2204460492503126e-16,8.4980044067629146e-14,2.5646151868841116e-14
quad,4,3,0,gll,coupled,0,sine,yy,fe_geometry,0.15669531139796211,0.024697320969264389,0.53153438562690347,6.3446278887077732,0.29005465924547769,0.045697077185499889,0.15103827006851078,0.097445622337002089,4.4848421506534762e-05,6.351131351811905e-13,9.8815004848565552e-14,0,8.4376949871511897e-15,1.5270245894921113e-13,3.1086244689504383e-15,0.062499999999998043,16,1.3032026413616562e-12,8.009556601536076e-14,8.8817841970012523e-16,1.2808962224220011e-11,2.5159812771895321e-13,1.7319479184152442e-14,0.0048487900057807565,0.18681707096402533,2.2204460492503126e-16,8.4980044067629146e-14,2.5646151868841116e-14
quad,4,3,0,gll,coupled,0,sine,yy,reused,0.15669531139791931,0.024697320969257638,0.53153438562613076,6.3446278887077732,0.29005465924540574,0.045697077185488558,0.15103827006800655,0.097445622336494148,4.4848421506534762e-05,6.4021785783872714e-13,9.9609230579719987e-14,0,8.4376949871511897e-15,1.5270245894921113e-13,3.1086244689504383e-15,0.062499999999998043,16,1.3032026413616562e-12,8.009556601536076e-14,8.8817841970012523e-16,1.2808962224220011e-11,2.5159812771895321e-13,1.7319479184152442e-14,0.0048487900057807565,0.18681707096402533,2.2204460492503126e-16,8.4980044067629146e-14,2.5646151868841116e-14
quad,4,3,0,gll,coupled,0,sine,yy,reused_centered,0.15669531139789433,0.024697320969253703,0.53153438562604904,6.3446278887077732,0.2900546592453197,0.045697077185475013,0.15103827006756487,0.09744562233621773,4.4848421506534762e-05,4.8528612421555362e-13,7.5503950494774319e-14,0,8.4376949871511897e-15,1.5270245894921113e-13,3.1086244689504383e-15,0.062499999999998043,16,1.3032026413616562e-12,8.009556601536076e-14,8.8817841970012523e-16,1.2808962224220011e-11,2.5159812771895321e-13,1.7319479184152442e-14,0.0048487900057807565,0.18681707096402533,2.2204460492503126e-16,8.4980044067629146e-14,2.5646151868841116e-14
quad,4,3,0,gll,coupled,0,sine,xxx,recursive,0.81149769147434603,0.14302071199538341,1.9813330970842506,5.6739872159253446,1.1467586970783525,0.20219335454029788,1.9632216258911153,1.2467386886469156,4.4848421506534762e-05,1.1338330571190109e-11,2.0049937379870337e-12,0,8.4376949871511897e-15,1.5270245894921113e-13,3.1086244689504383e-15,0.062499999999998043,16,1.3032026413616562e-12,8.009556601536076e-14,8.8817841970012523e-16,1.2808962224220011e-11,2.5159812771895321e-13,1.7319479184152442e-14,0.0048487900057807565,0.18681707096402533,2.2204460492503126e-16,8.4980044067629146e-14,2.5646151868841116e-14
quad,4,3,0,gll,coupled,0,sine,xxx,direct,0.81149769147395334,0.14302071199531419,1.9813330970735925,5.6739872159253446,1.1467586970772097,0.20219335454009638,1.9632216258891093,1.246738688646944,4.4848421506534762e-05,0,0,0,8.4376949871511897e-15,1.5270245894921113e-13,3.1086244689504383e-15,0.062499999999998043,16,1.3032026413616562e-12,8.009556601536076e-14,8.8817841970012523e-16,1.2808962224220011e-11,2.5159812771895321e-13,1.7319479184152442e-14,0.0048487900057807565,0.18681707096402533,2.2204460492503126e-16,8.4980044067629146e-14,2.5646151868841116e-14
quad,4,3,0,gll,coupled,0,sine,xxx,fe_geometry,0.81149769146769801,0.14302071199421174,1.9813330970958536,5.6739872159253446,1.1467586970691817,0.20219335453868087,1.9632216258734443,1.2467386886351379,4.4848421506534762e-05,3.7601500674606054e-11,6.6491952160102779e-12,0,8.4376949871511897e-15,1.5270245894921113e-13,3.1086244689504383e-15,0.062499999999998043,16,1.3032026413616562e-12,8.009556601536076e-14,8.8817841970012523e-16,1.2808962224220011e-11,2.5159812771895321e-13,1.7319479184152442e-14,0.0048487900057807565,0.18681707096402533,2.2204460492503126e-16,8.4980044067629146e-14,2.5646151868841116e-14
quad,4,3,0,gll,coupled,0,sine,xxx,reused,0.81149769147409201,0.14302071199533864,1.9813330970632697,5.6739872159253446,1.1467586970781425,0.20219335454026083,1.9632216258913391,1.2467386886489105,4.4848421506534762e-05,1.6295814487669288e-11,2.881641684199532e-12,0,8.4376949871511897e-15,1.5270245894921113e-13,3.1086244689504383e-15,0.062499999999998043,16,1.3032026413616562e-12,8.009556601536076e-14,8.8817841970012523e-16,1.2808962224220011e-11,2.5159812771895321e-13,1.7319479184152442e-14,0.0048487900057807565,0.18681707096402533,2.2204460492503126e-16,8.4980044067629146e-14,2.5646151868841116e-14
quad,4,3,0,gll,coupled,0,sine,xxx,reused_centered,0.81149769147294537,0.14302071199513655,1.9813330970653649,5.6739872159253446,1.1467586970755397,0.20219335453980194,1.9632216258876167,1.2467386886466612,4.4848421506534762e-05,1.1841699313593188e-11,2.0940060639268874e-12,0,8.4376949871511897e-15,1.5270245894921113e-13,3.1086244689504383e-15,0.062499999999998043,16,1.3032026413616562e-12,8.009556601536076e-14,8.8817841970012523e-16,1.2808962224220011e-11,2.5159812771895321e-13,1.7319479184152442e-14,0.0048487900057807565,0.18681707096402533,2.2204460492503126e-16,8.4980044067629146e-14,2.5646151868841116e-14
quad,4,3,0,gll,coupled,0,sine,xxy,recursive,0.095503416964866125,0.011221199875907846,0.34855818871906408,8.5109808238880049,0.17931510510648485,0.021077565671893648,0.081011398424149533,0.072727243947046313,4.4848421506534762e-05,5.4146019366312647e-12,6.3236779563098014e-13,0,8.4376949871511897e-15,1.5270245894921113e-13,3.1086244689504383e-15,0.062499999999998043,16,1.3032026413616562e-12,8.009556601536076e-14,8.8817841970012523e-16,1.2808962224220011e-11,2.5159812771895321e-13,1.7319479184152442e-14,0.0048487900057807565,0.18681707096402533,2.2204460492503126e-16,8.4980044067629146e-14,2.5646151868841116e-14
quad,4,3,0,gll,coupled,0,sine,xxy,direct,0.095503416965800766,0.011221199876017661,0.34855818869509392,8.5109808238880049,0.17931510510754403,0.021077565672018149,0.081011398425348879,0.072727243948590356,4.4848421506534762e-05,0,0,0,8.4376949871511897e-15,1.5270245894921113e-13,3.1086244689504383e-15,0.062499999999998043,16,1.3032026413616562e-12,8.009556601536076e-14,8.8817841970012523e-16,1.2808962224220011e-11,2.5159812771895321e-13,1.7319479184152442e-14,0.0048487900057807565,0.18681707096402533,2.2204460492503126e-16,8.4980044067629146e-14,2.5646151868841116e-14
quad,4,3,0,gll,coupled,0,sine,xxy,fe_geometry,0.095503416964064475,0.011221199875813655,0.34855818875512767,8.5109808238880049,0.1793151051048629,0.021077565671702995,0.081011398417833683,0.072727243940847383,4.4848421506534762e-05,1.1378580884625962e-11,1.3288969707524665e-12,0,8.4376949871511897e-15,1.5270245894921113e-13,3.1086244689504383e-15,0.062499999999998043,16,1.3032026413616562e-12,8.009556601536076e-14,8.8817841970012523e-16,1.2808962224220011e-11,2.5159812771895321e-13,1.7319479184152442e-14,0.0048487900057807565,0.18681707096402533,2.2204460492503126e-16,8.4980044067629146e-14,2.5646151868841116e-14
quad,4,3,0,gll,coupled,0,sine,xxy,reused,0.095503416966188054,0.011221199876063164,0.34855818868477506,8.5109808238880049,0.17931510511072948,0.021077565672392582,0.081011398424913839,0.07272724394790038,4.4848421506534762e-05,6.1727807722559098e-12,7.2091500271824985e-13,0,8.4376949871511897e-15,1.5270245894921113e-13,3.1086244689504383e-15,0.062499999999998043,16,1.3032026413616562e-12,8.009556601536076e-14,8.8817841970012523e-16,1.2808962224220011e-11,2.5159812771895321e-13,1.7319479184152442e-14,0.0048487900057807565,0.18681707096402533,2.2204460492503126e-16,8.4980044067629146e-14,2.5646151868841116e-14
quad,4,3,0,gll,coupled,0,sine,xxy,reused_centered,0.095503416966360485,0.011221199876083424,0.34855818868257948,8.5109808238880049,0.17931510511149376,0.021077565672482416,0.081011398424535239,0.072727243947759562,4.4848421506534762e-05,6.9820792034465018e-12,8.1543243371854391e-13,0,8.4376949871511897e-15,1.5270245894921113e-13,3.1086244689504383e-15,0.062499999999998043,16,1.3032026413616562e-12,8.009556601536076e-14,8.8817841970012523e-16,1.2808962224220011e-11,2.5159812771895321e-13,1.7319479184152442e-14,0.0048487900057807565,0.18681707096402533,2.2204460492503126e-16,8.4980044067629146e-14,2.5646151868841116e-14
quad,4,3,0,gll,coupled,0,sine,xyy,recursive,0.31574607566334539,0.024732447191603831,1.0737104965999826,12.766471235832046,0.58495736968961787,0.0458391476745897,0.28881383929909293,0.19938944685608123,4.4848421506534762e-05,4.2716349783460882e-12,3.3028105006003646e-13,0,8.4376949871511897e-15,1.5270245894921113e-13,3.1086244689504383e-15,0.062499999999998043,16,1.3032026413616562e-12,8.009556601536076e-14,8.8817841970012523e-16,1.2808962224220011e-11,2.5159812771895321e-13,1.7319479184152442e-14,0.0048487900057807565,0.18681707096402533,2.2204460492503126e-16,8.4980044067629146e-14,2.5646151868841116e-14
quad,4,3,0,gll,coupled,0,sine,xyy,direct,0.31574607566353469,0.02473244719161866,1.0737104966103459,12.766471235832046,0.58495736969006384,0.045839147674624645,0.28881383930080912,0.19938944685886395,4.4848421506534762e-05,0,0,0,8.4376949871511897e-15,1.5270245894921113e-13,3.1086244689504383e-15,0.062499999999998043,16,1.3032026413616562e-12,8.009556601536076e-14,8.8817841970012523e-16,1.2808962224220011e-11,2.5159812771895321e-13,1.7319479184152442e-14,0.0048487900057807565,0.18681707096402533,2.2204460492503126e-16,8.4980044067629146e-14,2.5646151868841116e-14
quad,4,3,0,gll,coupled,0,sine,xyy,fe_geometry,0.31574607566440976,0.024732447191687205,1.0737104966676085,12.766471235832046,0.58495736969170919,0.045839147674753583,0.2888138392996189,0.19938944685611648,4.4848421506534762e-05,1.0764217278724003e-11,8.3228482862266427e-13,0,8.4376949871511897e-15,1.5270245894921113e-13,3.1086244689504383e-15,0.062499999999998043,16,1.3032026413616562e-12,8.009556601536076e-14,8.8817841970012523e-16,1.2808962224220011e-11,2.5159812771895321e-13,1.7319479184152442e-14,0.0048487900057807565,0.18681707096402533,2.2204460492503126e-16,8.4980044067629146e-14,2.5646151868841116e-14
quad,4,3,0,gll,coupled,0,sine,xyy,reused,0.31574607566387952,0.024732447191645669,1.0737104965933035,12.766471235832046,0.58495736969183454,0.045839147674763409,0.28881383930133009,0.1993894468595841,4.4848421506534762e-05,5.4922112858516237e-12,4.2465550540673774e-13,0,8.4376949871511897e-15,1.5270245894921113e-13,3.1086244689504383e-15,0.062499999999998043,16,1.3032026413616562e-12,8.009556601536076e-14,8.8817841970012523e-16,1.2808962224220011e-11,2.5159812771895321e-13,1.7319479184152442e-14,0.0048487900057807565,0.18681707096402533,2.2204460492503126e-16,8.4980044067629146e-14,2.5646151868841116e-14
quad,4,3,0,gll,coupled,0,sine,xyy,reused_centered,0.31574607566375468,0.024732447191635892,1.0737104966247912,12.766471235832046,0.58495736969293333,0.045839147674849506,0.2888138393011549,0.19938944686020077,4.4848421506534762e-05,6.760240710002223e-12,5.226990161089651e-13,0,8.4376949871511897e-15,1.5270245894921113e-13,3.1086244689504383e-15,0.062499999999998043,16,1.3032026413616562e-12,8.009556601536076e-14,8.8817841970012523e-16,1.2808962224220011e-11,2.5159812771895321e-13,1.7319479184152442e-14,0.0048487900057807565,0.18681707096402533,2.2204460492503126e-16,8.4980044067629146e-14,2.5646151868841116e-14
quad,4,3,0,gll,coupled,0,sine,yyy,recursive,4.0923014465018177,0.21370047477780876,9.9768948432398794,19.149706853748054,5.7760787901274631,0.30175478574470849,9.5685666143392663,6.0774599380804961,4.4848421506534762e-05,1.1366361117228527e-11,5.9803056280366359e-13,0,8.4376949871511897e-15,1.5270245894921113e-13,3.1086244689504383e-15,0.062499999999998043,16,1.3032026413616562e-12,8.009556601536076e-14,8.8817841970012523e-16,1.2808962224220011e-11,2.5159812771895321e-13,1.7319479184152442e-14,0.0048487900057807565,0.18681707096402533,2.2204460492503126e-16,8.4980044067629146e-14,2.5646151868841116e-14
quad,4,3,0,gll,coupled,0,sine,yyy,direct,4.0923014465046768,0.21370047477795806,9.9768948432417908,19.149706853748054,5.7760787901308577,0.30175478574488585,9.5685666143466701,6.0774599380858634,4.4848421506534762e-05,0,0,0,8.4376949871511897e-15,1.5270245894921113e-13,3.1086244689504383e-15,0.062499999999998043,16,1.3032026413616562e-12,8.009556601536076e-14,8.8817841970012523e-16,1.2808962224220011e-11,2.5159812771895321e-13,1.7319479184152442e-14,0.0048487900057807565,0.18681707096402533,2.2204460492503126e-16,8.4980044067629146e-14,2.5646151868841116e-14
quad,4,3,0,gll,coupled,0,sine,yyy,fe_geometry,4.0923014465066556,0.21370047477806139,9.9768948432496991,19.149706853748054,5.7760787901332717,0.30175478574501197,9.5685666143502655,6.0774599380910761,4.4848421506534762e-05,9.1219678278716715e-12,4.7994388861271372e-13,0,8.4376949871511897e-15,1.5270245894921113e-13,3.1086244689504383e-15,0.062499999999998043,16,1.3032026413616562e-12,8.009556601536076e-14,8.8817841970012523e-16,1.2808962224220011e-11,2.5159812771895321e-13,1.7319479184152442e-14,0.0048487900057807565,0.18681707096402533,2.2204460492503126e-16,8.4980044067629146e-14,2.5646151868841116e-14
quad,4,3,0,gll,coupled,0,sine,yyy,reused,4.0923014465045418,0.21370047477795101,9.9768948432272104,19.149706853748054,5.7760787901314927,0.30175478574491899,9.5685666143449897,6.0774599380840195,4.4848421506534762e-05,1.8076321412689952e-11,9.5106890906935675e-13,0,8.4376949871511897e-15,1.5270245894921113e-13,3.1086244689504383e-15,0.062499999999998043,16,1.3032026413616562e-12,8.009556601536076e-14,8.8817841970012523e-16,1.2808962224220011e-11,2.5159812771895321e-13,1.7319479184152442e-14,0.0048487900057807565,0.18681707096402533,2.2204460492503126e-16,8.4980044067629146e-14,2.5646151868841116e-14
quad,4,3,0,gll,coupled,0,sine,yyy,reused_centered,4.0923014465030834,0.21370047477787488,9.9768948432250681,19.149706853748054,5.7760787901278441,0.30175478574472847,9.5685666143413943,6.0774599380816356,4.4848421506534762e-05,1.2686244204883555e-11,6.6747498900167959e-13,0,8.4376949871511897e-15,1.5270245894921113e-13,3.1086244689504383e-15,0.062499999999998043,16,1.3032026413616562e-12,8.009556601536076e-14,8.8817841970012523e-16,1.2808962224220011e-11,2.5159812771895321e-13,1.7319479184152442e-14,0.0048487900057807565,0.18681707096402533,2.2204460492503126e-16,8.4980044067629146e-14,2.5646151868841116e-14
quad,4,3,0,gll,coupled,0,shortwave,x,recursive,0.16286957141188371,0.028802887943499125,0.71535482786810967,5.6546264295224509,0.37887095383594949,0.066964891166202162,0.48645925282822267,0.31808516432815725,0.0022666326473090824,2.5791400826991204e-14,4.5274799321455786e-15,0,8.4376949871511897e-15,1.5270245894921113e-13,3.1086244689504383e-15,0.062499999999998043,16,1.3032026413616562e-12,8.009556601536076e-14,8.8817841970012523e-16,1.2808962224220011e-11,2.5159812771895321e-13,1.7319479184152442e-14,0.0048487900057807565,0.18681707096402533,2.2204460492503126e-16,8.4980044067629146e-14,2.5646151868841116e-14
quad,4,3,0,gll,coupled,0,shortwave,x,direct,0.1628695714118919,0.028802887943500576,0.7153548278681896,5.6546264295224509,0.37887095383596747,0.06696489116620534,0.48645925282820851,0.31808516432814765,0.0022666326473090824,0,0,0,8.4376949871511897e-15,1.5270245894921113e-13,3.1086244689504383e-15,0.062499999999998043,16,1.3032026413616562e-12,8.009556601536076e-14,8.8817841970012523e-16,1.2808962224220011e-11,2.5159812771895321e-13,1.7319479184152442e-14,0.0048487900057807565,0.18681707096402533,2.2204460492503126e-16,8.4980044067629146e-14,2.5646151868841116e-14
quad,4,3,0,gll,coupled,0,shortwave,x,fe_geometry,0.16286957141184136,0.028802887943491638,0.71535482786788851,5.6546264295224509,0.37887095383585501,0.066964891166185453,0.48645925282819341,0.31808516432812894,0.0022666326473090824,1.1689269319786995e-13,2.0519603654639702e-14,0,8.4376949871511897e-15,1.5270245894921113e-13,3.1086244689504383e-15,0.062499999999998043,16,1.3032026413616562e-12,8.009556601536076e-14,8.8817841970012523e-16,1.2808962224220011e-11,2.5159812771895321e-13,1.7319479184152442e-14,0.0048487900057807565,0.18681707096402533,2.2204460492503126e-16,8.4980044067629146e-14,2.5646151868841116e-14
quad,4,3,0,gll,coupled,0,shortwave,x,reused,0.16286957141188099,0.028802887943498647,0.71535482786799687,5.6546264295224509,0.37887095383594477,0.066964891166201329,0.48645925282821023,0.3180851643281486,0.0022666326473090824,3.7316388191746829e-14,6.5506018774086661e-15,0,8.4376949871511897e-15,1.5270245894921113e-13,3.1086244689504383e-15,0.062499999999998043,16,1.3032026413616562e-12,8.009556601536076e-14,8.8817841970012523e-16,1.2808962224220011e-11,2.5159812771895321e-13,1.7319479184152442e-14,0.0048487900057807565,0.18681707096402533,2.2204460492503126e-16,8.4980044067629146e-14,2.5646151868841116e-14
quad,4,3,0,gll,coupled,0,shortwave,x,reused_centered,0.16286957141188338,0.02880288794349907,0.71535482786802618,5.6546264295224509,0.3788709538359466,0.066964891166201648,0.48645925282821034,0.31808516432814915,0.0022666326473090824,2.8381995817531359e-14,4.9822387453897562e-15,0,8.4376949871511897e-15,1.5270245894921113e-13,3.1086244689504383e-15,0.062499999999998043,16,1.3032026413616562e-12,8.009556601536076e-14,8.8817841970012523e-16,1.2808962224220011e-11,2.5159812771895321e-13,1.7319479184152442e-14,0.0048487900057807565,0.18681707096402533,2.2204460492503126e-16,8.4980044067629146e-14,2.5646151868841116e-14
quad,4,3,0,gll,coupled,0,shortwave,y,recursive,0.054113525277503967,0.012759705337911304,0.25077845034039248,4.2409698221418379,0.12507214432227207,0.029475093292023784,0.19498809754150476,0.147887662333158,0.0022666326473090824,2.6067470128474655e-14,6.1313226502078987e-15,0,8.4376949871511897e-15,1.5270245894921113e-13,3.1086244689504383e-15,0.062499999999998043,16,1.3032026413616562e-12,8.009556601536076e-14,8.8817841970012523e-16,1.2808962224220011e-11,2.5159812771895321e-13,1.7319479184152442e-14,0.0048487900057807565,0.18681707096402533,2.2204460492503126e-16,8.4980044067629146e-14,2.5646151868841116e-14
quad,4,3,0,gll,coupled,0,shortwave,y,direct,0.054113525277510073,0.012759705337912744,0.25077845034040269,4.2409698221418379,0.12507214432228705,0.02947509329202732,0.19498809754150237,0.14788766233315689,0.0022666326473090824,0,0,0,8.4376949871511897e-15,1.5270245894921113e-13,3.1086244689504383e-15,0.062499999999998043,16,1.3032026413616562e-12,8.009556601536076e-14,8.8817841970012523e-16,1.2808962224220011e-11,2.5159812771895321e-13,1.7319479184152442e-14,0.0048487900057807565,0.18681707096402533,2.2204460492503126e-16,8.4980044067629146e-14,2.5646151868841116e-14
quad,4,3,0,gll,coupled,0,shortwave,y,fe_geometry,0.054113525277512016,0.012759705337913202,0.250778450340571,4.2409698221418379,0.12507214432229277,0.029475093292028669,0.19498809754150764,0.14788766233315898,0.0022666326473090824,1.0424807818832037e-13,2.4520162481685924e-14,0,8.4376949871511897e-15,1.5270245894921113e-13,3.1086244689504383e-15,0.062499999999998043,16,1.3032026413616562e-12,8.009556601536076e-14,8.8817841970012523e-16,1.2808962224220011e-11,2.5159812771895321e-13,1.7319479184152442e-14,0.0048487900057807565,0.18681707096402533,2.2204460492503126e-16,8.4980044067629146e-14,2.5646151868841116e-14
quad,4,3,0,gll,coupled,0,shortwave,y,reused,0.05411352527750244,0.012759705337910945,0.25077845034032675,4.2409698221418379,0.12507214432227184,0.029475093292023736,0.19498809754149876,0.14788766233315229,0.0022666326473090824,3.7487035152634554e-14,8.8173154735648083e-15,0,8.4376949871511897e-15,1.5270245894921113e-13,3.1086244689504383e-15,0.062499999999998043,16,1.3032026413616562e-12,8.009556601536076e-14,8.8817841970012523e-16,1.2808962224220011e-11,2.5159812771895321e-13,1.7319479184152442e-14,0.0048487900057807565,0.18681707096402533,2.2204460492503126e-16,8.4980044067629146e-14,2.5646151868841116e-14
quad,4,3,0,gll,coupled,0,shortwave,y,reused_centered,0.05411352527750482,0.012759705337911506,0.25077845034033697,4.2409698221418379,0.12507214432227395,0.029475093292024229,0.19498809754149987,0.14788766233315256,0.0022666326473090824,2.7269217400983873e-14,6.413985303524326e-15,0,8.4376949871511897e-15,1.5270245894921113e-13,3.1086244689504383e-15,0.062499999999998043,16,1.3032026413616562e-12,8.009556601536076e-14,8.8817841970012523e-16,1.2808962224220011e-11,2.5159812771895321e-13,1.7319479184152442e-14,0.0048487900057807565,0.18681707096402533,2.2204460492503126e-16,8.4980044067629146e-14,2.5646151868841116e-14
quad,4,3,0,gll,coupled,0,shortwave,xx,recursive,7.6249786079624524,0.16842351144737178,25.641262342421648,45.272649539462144,13.995958308802923,0.30931917334249465,17.417405453204488,11.152306674944619,0.0022666326473090824,9.897996505956299e-13,2.0263980369919358e-14,0,8.4376949871511897e-15,1.5270245894921113e-13,3.1086244689504383e-15,0.062499999999998043,16,1.3032026413616562e-12,8.009556601536076e-14,8.8817841970012523e-16,1.2808962224220011e-11,2.5159812771895321e-13,1.7319479184152442e-14,0.0048487900057807565,0.18681707096402533,2.2204460492503126e-16,8.4980044067629146e-14,2.5646151868841116e-14
quad,4,3,0,gll,coupled,0,shortwave,xx,direct,7.624978607962893,0.16842351144738149,25.641262342423069,45.272649539462144,13.995958308803674,0.30931917334251124,17.417405453206275,11.152306674945883,0.0022666326473090824,0,0,0,8.4376949871511897e-15,1.5270245894921113e-13,3.1086244689504383e-15,0.062499999999998043,16,1.3032026413616562e-12,8.009556601536076e-14,8.8817841970012523e-16,1.2808962224220011e-11,2.5159812771895321e-13,1.7319479184152442e-14,0.0048487900057807565,0.18681707096402533,2.2204460492503126e-16,8.4980044067629146e-14,2.5646151868841116e-14
quad,4,3,0,gll,coupled,0,shortwave,xx,fe_geometry,7.6249786079602204,0.16842351144732245,25.641262342422046,45.272649539462144,13.99595830879878,0.30931917334240305,17.417405453197141,11.152306674940123,0.0022666326473090824,4.6489238692677464e-12,9.5176535949877504e-14,0,8.4376949871511897e-15,1.5270245894921113e-13,3.1086244689504383e-15,0.062499999999998043,16,1.3032026413616562e-12,8.009556601536076e-14,8.8817841970012523e-16,1.2808962224220011e-11,2.5159812771895321e-13,1.7319479184152442e-14,0.0048487900057807565,0.18681707096402533,2.2204460492503126e-16,8.4980044067629146e-14,2.5646151868841116e-14
quad,4,3,0,gll,coupled,0,shortwave,xx,reused,7.6249786079624631,0.168423511447372,25.641262342416617,45.272649539462144,13.995958308803051,0.30931917334249748,17.417405453206214,11.152306674945894,0.0022666326473090824,1.7832464099511533e-12,3.6508065267788328e-14,0,8.4376949871511897e-15,1.5270245894921113e-13,3.1086244689504383e-15,0.062499999999998043,16,1.3032026413616562e-12,8.009556601536076e-14,8.8817841970012523e-16,1.2808962224220011e-11,2.5159812771895321e-13,1.7319479184152442e-14,0.0048487900057807565,0.18681707096402533,2.2204460492503126e-16,8.4980044067629146e-14,2.5646151868841116e-14
quad,4,3,0,gll,coupled,0,shortwave,xx,reused_centered,7.6249786079624657,0.16842351144737205,25.641262342419658,45.272649539462144,13.995958308802789,0.30931917334249165,17.417405453205262,11.152306674945345,0.0022666326473090824,1.3797451288364345e-12,2.8247260129268031e-14,0,8.4376949871511897e-15,1.5270245894921113e-13,3.1086244689504383e-15,0.062499999999998043,16,1.3032026413616562e-12,8.009556601536076e-14,8.8817841970012523e-16,1.2808962224220011e-11,2.5159812771895321e-13,1.7319479184152442e-14,0.0048487900057807565,0.18681707096402533,2.2204460492503126e-16,8.4980044067629146e-14,2.5646151868841116e-14
quad,4,3,0,gll,coupled,0,shortwave,xy,recursive,1.0832534411520109,0.031903101237250361,6.1372029169362889,33.954487154596556,2.5637303722158671,0.075546663011333726,3.3004701908395404,2.8294168481944291,0.0022666326473090824,3.449478343107512e-13,1.0059635751899969e-14,0,8.4376949871511897e-15,1.5270245894921113e-13,3.1086244689504383e-15,0.062499999999998043,16,1.3032026413616562e-12,8.009556601536076e-14,8.8817841970012523e-16,1.2808962224220011e-11,2.5159812771895321e-13,1.7319479184152442e-14,0.0048487900057807565,0.18681707096402533,2.2204460492503126e-16,8.4980044067629146e-14,2.5646151868841116e-14
quad,4,3,0,gll,coupled,0,shortwave,xy,direct,1.0832534411520756,0.031903101237252263,6.1372029169365447,33.954487154596556,2.5637303722160127,0.075546663011338014,3.3004701908394467,2.8294168481942856,0.0022666326473090824,0,0,0,8.4376949871511897e-15,1.5270245894921113e-13,3.1086244689504383e-15,0.062499999999998043,16,1.3032026413616562e-12,8.009556601536076e-14,8.8817841970012523e-16,1.2808962224220011e-11,2.5159812771895321e-13,1.7319479184152442e-14,0.0048487900057807565,0.18681707096402533,2.2204460492503126e-16,8.4980044067629146e-14,2.5646151868841116e-14
quad,4,3,0,gll,coupled,0,shortwave,xy,fe_geometry,1.0832534411516954,0.031903101237241063,6.1372029169402254,33.954487154596556,2.5637303722152027,0.075546663011314158,3.3004701908394596,2.8294168481943842,0.0022666326473090824,1.4522257716497343e-12,4.2350932051823182e-14,0,8.4376949871511897e-15,1.5270245894921113e-13,3.1086244689504383e-15,0.062499999999998043,16,1.3032026413616562e-12,8.009556601536076e-14,8.8817841970012523e-16,1.2808962224220011e-11,2.5159812771895321e-13,1.7319479184152442e-14,0.0048487900057807565,0.18681707096402533,2.2204460492503126e-16,8.4980044067629146e-14,2.5646151868841116e-14
quad,4,3,0,gll,coupled,0,shortwave,xy,reused,1.0832534411520194,0.031903101237250611,6.1372029169384277,33.954487154596556,2.5637303722159754,0.075546663011336931,3.3004701908396497,2.8294168481945143,0.0022666326473090824,5.4845552899735951e-13,1.5994484669988513e-14,0,8.4376949871511897e-15,1.5270245894921113e-13,3.1086244689504383e-15,0.062499999999998043,16,1.3032026413616562e-12,8.009556601536076e-14,8.8817841970012523e-16,1.2808962224220011e-11,2.5159812771895321e-13,1.7319479184152442e-14,0.0048487900057807565,0.18681707096402533,2.2204460492503126e-16,8.4980044067629146e-14,2.5646151868841116e-14
quad,4,3,0,gll,coupled,0,shortwave,xy,reused_centered,1.083253441152044,0.031903101237251333,6.1372029169381861,33.954487154596556,2.5637303722160181,0.07554666301133818,3.3004701908396208,2.8294168481944557,0.0022666326473090824,5.2947669701952002e-13,1.5441009281238619e-14,0,8.4376949871511897e-15,1.5270245894921113e-13,3.1086244689504383e-15,0.062499999999998043,16,1.3032026413616562e-12,8.009556601536076e-14,8.8817841970012523e-16,1.2808962224220011e-11,2.5159812771895321e-13,1.7319479184152442e-14,0.0048487900057807565,0.18681707096402533,2.2204460492503126e-16,8.4980044067629146e-14,2.5646151868841116e-14
quad,4,3,0,gll,coupled,0,shortwave,yy,recursive,2.4660881974089124,0.096838970990027015,8.4469250050343661,25.465865365947383,4.5276451026129259,0.17789103072040408,4.417985586430996,2.9638855428270761,0.0022666326473090824,1.0584776878154121e-12,3.9656055436801493e-14,0,8.4376949871511897e-15,1.5270245894921113e-13,3.1086244689504383e-15,0.062499999999998043,16,1.3032026413616562e-12,8.009556601536076e-14,8.8817841970012523e-16,1.2808962224220011e-11,2.5159812771895321e-13,1.7319479184152442e-14,0.0048487900057807565,0.18681707096402533,2.2204460492503126e-16,8.4980044067629146e-14,2.5646151868841116e-14
quad,4,3,0,gll,coupled,0,shortwave,yy,direct,2.466088197409293,0.096838970990041962,8.4469250050363769,25.465865365947383,4.527645102613632,0.1778910307204318,4.4179855864325699,2.9638855428281934,0.0022666326473090824,0,0,0,8.4376949871511897e-15,1.5270245894921113e-13,3.1086244689504383e-15,0.062499999999998043,16,1.3032026413616562e-12,8.009556601536076e-14,8.8817841970012523e-16,1.2808962224220011e-11,2.5159812771895321e-13,1.7319479184152442e-14,0.0048487900057807565,0.18681707096402533,2.2204460492503126e-16,8.4980044067629146e-14,2.5646151868841116e-14
quad,4,3,0,gll,coupled,0,shortwave,yy,fe_geometry,2.4660881974095097,0.096838970990050469,8.4469250050370803,25.465865365947383,4.5276451026139748,0.17789103072044526,4.4179855864342024,2.9638855428297437,0.0022666326473090824,2.1246958117108079e-12,7.9602107692455529e-14,0,8.4376949871511897e-15,1.5270245894921113e-13,3.1086244689504383e-15,0.062499999999998043,16,1.3032026413616562e-12,8.009556601536076e-14,8.8817841970012523e-16,1.2808962224220011e-11,2.5159812771895321e-13,1.7319479184152442e-14,0.0048487900057807565,0.18681707096402533,2.2204460492503126e-16,8.4980044067629146e-14,2.5646151868841116e-14
quad,4,3,0,gll,coupled,0,shortwave,yy,reused,2.4660881974089963,0.096838970990030318,8.4469250050406757,25.465865365947383,4.5276451026132509,0.17789103072041684,4.4179855864326587,2.9638855428282205,0.0022666326473090824,1.7641579240052931e-12,6.609449139926206e-14,0,8.4376949871511897e-15,1.5270245894921113e-13,3.1086244689504383e-15,0.062499999999998043,16,1.3032026413616562e-12,8.009556601536076e-14,8.8817841970012523e-16,1.2808962224220011e-11,2.5159812771895321e-13,1.7319479184152442e-14,0.0048487900057807565,0.18681707096402533,2.2204460492503126e-16,8.4980044067629146e-14,2.5646151868841116e-14
quad,4,3,0,gll,coupled,0,shortwave,yy,reused_centered,2.4660881974090203,0.096838970990031262,8.4469250050396099,25.465865365947383,4.5276451026130413,0.17789103072040863,4.4179855864317332,2.9638855428276254,0.0022666326473090824,1.3096701979979498e-12,4.9067027650743141e-14,0,8.4376949871511897e-15,1.5270245894921113e-13,3.1086244689504383e-15,0.062499999999998043,16,1.3032026413616562e-12,8.009556601536076e-14,8.8817841970012523e-16,1.2808962224220011e-11,2.5159812771895321e-13,1.7319479184152442e-14,0.0048487900057807565,0.18681707096402533,2.2204460492503126e-16,8.4980044067629146e-14,2.5646151868841116e-14
quad,4,3,0,gll,coupled,0,shortwave,xxx,recursive,199.35455279784154,0.55086130379957521,476.3410002091664,361.89609148943686,277.58511118960945,0.76660571082845097,407.30289921292166,259.2162524691874,0.0022666326473090824,2.5293114380112027e-11,7.3939198333227851e-14,0,8.4376949871511897e-15,1.5270245894921113e-13,3.1086244689504383e-15,0.062499999999998043,16,1.3032026413616562e-12,8.009556601536076e-14,8.8817841970012523e-16,1.2808962224220011e-11,2.5159812771895321e-13,1.7319479184152442e-14,0.0048487900057807565,0.18681707096402533,2.2204460492503126e-16,8.4980044067629146e-14,2.5646151868841116e-14
quad,4,3,0,gll,coupled,0,shortwave,xxx,direct,199.35455279785506,0.55086130379961262,476.34100020922239,361.89609148943686,277.58511118962633,0.7666057108284976,407.30289921294684,259.21625246920456,0.0022666326473090824,0,0,0,8.4376949871511897e-15,1.5270245894921113e-13,3.1086244689504383e-15,0.062499999999998043,16,1.3032026413616562e-12,8.009556601536076e-14,8.8817841970012523e-16,1.2808962224220011e-11,2.5159812771895321e-13,1.7319479184152442e-14,0.0048487900057807565,0.18681707096402533,2.2204460492503126e-16,8.4980044067629146e-14,2.5646151868841116e-14
quad,4,3,0,gll,coupled,0,shortwave,xxx,fe_geometry,199.35455279777312,0.55086130379938614,476.34100020864526,361.89609148943686,277.58511118950565,0.76660571082816442,407.30289921266308,259.21625246901687,0.0022666326473090824,1.5634088250786385e-10,4.5703029471254924e-13,0,8.4376949871511897e-15,1.5270245894921113e-13,3.1086244689504383e-15,0.062499999999998043,16,1.3032026413616562e-12,8.009556601536076e-14,8.8817841970012523e-16,1.2808962224220011e-11,2.5159812771895321e-13,1.7319479184152442e-14,0.0048487900057807565,0.18681707096402533,2.2204460492503126e-16,8.4980044067629146e-14,2.5646151868841116e-14
quad,4,3,0,gll,coupled,0,shortwave,xxx,reused,199.35455279784534,0.55086130379958564,476.3410002095377,361.89609148943686,277.58511118962014,0.7666057108284805,407.3028992129465,259.21625246920377,0.0022666326473090824,6.6156761802781258e-11,1.9339563560690661e-13,0,8.4376949871511897e-15,1.5270245894921113e-13,3.1086244689504383e-15,0.062499999999998043,16,1.3032026413616562e-12,8.009556601536076e-14,8.8817841970012523e-16,1.2808962224220011e-11,2.5159812771895321e-13,1.7319479184152442e-14,0.0048487900057807565,0.18681707096402533,2.2204460492503126e-16,8.4980044067629146e-14,2.5646151868841116e-14
quad,4,3,0,gll,coupled,0,shortwave,xxx,reused_centered,199.35455279784145,0.55086130379957499,476.34100020943617,361.89609148943686,277.58511118960126,0.76660571082842843,407.30289921291973,259.21625246918887,0.0022666326473090824,4.9619566836804743e-11,1.4505256009280386e-13,0,8.4376949871511897e-15,1.5270245894921113e-13,3.1086244689504383e-15,0.062499999999998043,16,1.3032026413616562e-12,8.009556601536076e-14,8.8817841970012523e-16,1.2808962224220011e-11,2.5159812771895321e-13,1.7319479184152442e-14,0.0048487900057807565,0.18681707096402533,2.2204460492503126e-16,8.4980044067629146e-14,2.5646151868841116e-14
quad,4,3,0,gll,coupled,0,shortwave,xxy,recursive,46.193255812123859,0.17018975666747765,171.14056199683478,271.42206861707763,85.843997271662289,0.31610003993260127,105.51607502561033,74.833563994440524,0.0022666326473090824,9.9045231874568898e-12,3.3739976795151725e-14,0,8.4376949871511897e-15,1.5270245894921113e-13,3.1086244689504383e-15,0.062499999999998043,16,1.3032026413616562e-12,8.009556601536076e-14,8.8817841970012523e-16,1.2808962224220011e-11,2.5159812771895321e-13,1.7319479184152442e-14,0.0048487900057807565,0.18681707096402533,2.2204460492503126e-16,8.4980044067629146e-14,2.5646151868841116e-14
quad,4,3,0,gll,coupled,0,shortwave,xxy,direct,46.193255812126829,0.17018975666748859,171.14056199683819,271.42206861707763,85.843997271666467,0.31610003993261665,105.51607502562244,74.833563994450898,0.0022666326473090824,0,0,0,8.4376949871511897e-15,1.5270245894921113e-13,3.1086244689504383e-15,0.062499999999998043,16,1.3032026413616562e-12,8.009556601536076e-14,8.8817841970012523e-16,1.2808962224220011e-11,2.5159812771895321e-13,1.7319479184152442e-14,0.0048487900057807565,0.18681707096402533,2.2204460492503126e-16,8.4980044067629146e-14,2.5646151868841116e-14
quad,4,3,0,gll,coupled,0,shortwave,xxy,fe_geometry,46.193255812107523,0.17018975666741745,171.14056199665879,271.42206861707763,85.843997271632944,0.31610003993249325,105.51607502556968,74.833563994412486,0.0022666326473090824,4.7013177128619509e-11,1.6015142529978395e-13,0,8.4376949871511897e-15,1.5270245894921113e-13,3.1086244689504383e-15,0.062499999999998043,16,1.3032026413616562e-12,8.009556601536076e-14,8.8817841970012523e-16,1.2808962224220011e-11,2.5159812771895321e-13,1.7319479184152442e-14,0.0048487900057807565,0.18681707096402533,2.2204460492503126e-16,8.4980044067629146e-14,2.5646151868841116e-14
quad,4,3,0,gll,coupled,0,shortwave,xxy,reused,46.193255812125138,0.17018975666748234,171.14056199686081,271.42206861707763,85.843997271667618,0.31610003993262087,105.51607502562102,74.833563994455517,0.0022666326473090824,2.0672943325930155e-11,7.0422837617028514e-14,0,8.4376949871511897e-15,1.5270245894921113e-13,3.1086244689504383e-15,0.062499999999998043,16,1.3032026413616562e-12,8.009556601536076e-14,8.8817841970012523e-16,1.2808962224220011e-11,2.5159812771895321e-13,1.7319479184152442e-14,0.0048487900057807565,0.18681707096402533,2.2204460492503126e-16,8.4980044067629146e-14,2.5646151868841116e-14
quad,4,3,0,gll,coupled,0,shortwave,xxy,reused_centered,46.193255812125692,0.1701897566674844,171.1405619968528,271.42206861707763,85.843997271668087,0.31610003993262259,105.51607502561576,74.833563994451211,0.0022666326473090824,2.159324656449143e-11,7.3557870906958453e-14,0,8.4376949871511897e-15,1.5270245894921113e-13,3.1086244689504383e-15,0.062499999999998043,16,1.3032026413616562e-12,8.009556601536076e-14,8.8817841970012523e-16,1.2808962224220011e-11,2.5159812771895321e-13,1.7319479184152442e-14,0.0048487900057807565,0.18681707096402533,2.2204460492503126e-16,8.4980044067629146e-14,2.5646151868841116e-14
quad,4,3,0,gll,coupled,0,shortwave,xyy,recursive,21.382253976172311,0.1050381500424392,95.807738113380623,203.56655146280764,41.896409914391874,0.20569804556920612,40.168183641110716,34.313987076075854,0.0022666326473090824,1.1313405260655198e-11,5.2633671946441703e-14,0,8.4376949871511897e-15,1.5270245894921113e-13,3.1086244689504383e-15,0.062499999999998043,16,1.3032026413616562e-12,8.009556601536076e-14,8.8817841970012523e-16,1.2808962224220011e-11,2.5159812771895321e-13,1.7319479184152442e-14,0.0048487900057807565,0.18681707096402533,2.2204460492503126e-16,8.4980044067629146e-14,2.5646151868841116e-14
quad,4,3,0,gll,coupled,0,shortwave,xyy,direct,21.382253976175416,0.10503815004245445,95.807738113445595,203.56655146280764,41.89640991439903,0.20569804556924126,40.168183641126241,34.313987076089418,0.0022666326473090824,0,0,0,8.4376949871511897e-15,1.5270245894921113e-13,3.1086244689504383e-15,0.062499999999998043,16,1.3032026413616562e-12,8.009556601536076e-14,8.8817841970012523e-16,1.2808962224220011e-11,2.5159812771895321e-13,1.7319479184152442e-14,0.0048487900057807565,0.18681707096402533,2.2204460492503126e-16,8.4980044067629146e-14,2.5646151868841116e-14
quad,4,3,0,gll,coupled,0,shortwave,xyy,fe_geometry,21.382253976177644,0.10503815004246542,95.807738113724184,203.56655146280764,41.896409914401843,0.20569804556925506,40.168183641135997,34.313987076096012,0.0022666326473090824,3.6817153126680694e-11,1.7128547197109743e-13,0,8.4376949871511897e-15,1.5270245894921113e-13,3.1086244689504383e-15,0.062499999999998043,16,1.3032026413616562e-12,8.009556601536076e-14,8.8817841970012523e-16,1.2808962224220011e-11,2.5159812771895321e-13,1.7319479184152442e-14,0.0048487900057807565,0.18681707096402533,2.2204460492503126e-16,8.4980044067629146e-14,2.5646151868841116e-14
quad,4,3,0,gll,coupled,0,shortwave,xyy,reused,21.382253976175946,0.10503815004245706,95.807738113410295,203.56655146280764,41.896409914404678,0.20569804556926899,40.168183641128643,34.313987076088964,0.0022666326473090824,2.2138043692089535e-11,1.0299344029314411e-13,0,8.4376949871511897e-15,1.5270245894921113e-13,3.1086244689504383e-15,0.062499999999998043,16,1.3032026413616562e-12,8.009556601536076e-14,8.8817841970012523e-16,1.2808962224220011e-11,2.5159812771895321e-13,1.7319479184152442e-14,0.0048487900057807565,0.18681707096402533,2.2204460492503126e-16,8.4980044067629146e-14,2.5646151868841116e-14
quad,4,3,0,gll,coupled,0,shortwave,xyy,reused_centered,21.382253976175907,0.10503815004245687,95.807738113491581,203.56655146280764,41.896409914405972,0.20569804556927535,40.168183641122241,34.313987076085041,0.0022666326473090824,2.1790108909066489e-11,1.0137473356369643e-13,0,8.4376949871511897e-15,1.5270245894921113e-13,3.1086244689504383e-15,0.062499999999998043,16,1.3032026413616562e-12,8.009556601536076e-14,8.8817841970012523e-16,1.2808962224220011e-11,2.5159812771895321e-13,1.7319479184152442e-14,0.0048487900057807565,0.18681707096402533,2.2204460492503126e-16,8.4980044067629146e-14,2.5646151868841116e-14
quad,4,3,0,gll,coupled,0,shortwave,yyy,recursive,64.406060539142587,0.42185097094014984,155.76240696851363,152.67491359710581,90.253954868157464,0.59082427855452191,143.09177121524638,91.887216176481559,0.0022666326473090824,2.7448820790477426e-11,1.8554735284425868e-13,0,8.4376949871511897e-15,1.5270245894921113e-13,3.1086244689504383e-15,0.062499999999998043,16,1.3032026413616562e-12,8.009556601536076e-14,8.8817841970012523e-16,1.2808962224220011e-11,2.5159812771895321e-13,1.7319479184152442e-14,0.0048487900057807565,0.18681707096402533,2.2204460492503126e-16,8.4980044067629146e-14,2.5646151868841116e-14
quad,4,3,0,gll,coupled,0,shortwave,yyy,direct,64.406060539154709,0.42185097094022933,155.76240696854194,152.67491359710581,90.253954868173395,0.59082427855462627,143.09177121527071,91.887216176498796,0.0022666326473090824,0,0,0,8.4376949871511897e-15,1.5270245894921113e-13,3.1086244689504383e-15,0.062499999999998043,16,1.3032026413616562e-12,8.009556601536076e-14,8.8817841970012523e-16,1.2808962224220011e-11,2.5159812771895321e-13,1.7319479184152442e-14,0.0048487900057807565,0.18681707096402533,2.2204460492503126e-16,8.4980044067629146e-14,2.5646151868841116e-14
quad,4,3,0,gll,coupled,0,shortwave,yyy,fe_geometry,64.406060539167115,0.42185097094031054,155.76240696851482,152.67491359710581,90.253954868185303,0.59082427855470421,143.09177121529552,91.88721617652466,0.0022666326473090824,4.1248371472812202e-11,2.788289593326395e-13,0,8.4376949871511897e-15,1.5270245894921113e-13,3.1086244689504383e-15,0.062499999999998043,16,1.3032026413616562e-12,8.009556601536076e-14,8.8817841970012523e-16,1.2808962224220011e-11,2.5159812771895321e-13,1.7319479184152442e-14,0.0048487900057807565,0.18681707096402533,2.2204460492503126e-16,8.4980044067629146e-14,2.5646151868841116e-14
quad,4,3,0,gll,coupled,0,shortwave,yyy,reused,64.406060539149621,0.42185097094019591,155.76240696846807,152.67491359710581,90.253954868173324,0.59082427855462583,143.09177121527307,91.887216176498811,0.0022666326473090824,5.7839387721966921e-11,3.90980194153434e-13,0,8.4376949871511897e-15,1.5270245894921113e-13,3.1086244689504383e-15,0.062499999999998043,16,1.3032026413616562e-12,8.009556601536076e-14,8.8817841970012523e-16,1.2808962224220011e-11,2.5159812771895321e-13,1.7319479184152442e-14,0.0048487900057807565,0.18681707096402533,2.2204460492503126e-16,8.4980044067629146e-14,2.5646151868841116e-14
quad,4,3,0,gll,coupled,0,shortwave,yyy,reused_centered,64.406060539145997,0.42185097094017221,155.76240696848726,152.67491359710581,90.253954868157521,0.59082427855452224,143.09177121525275,91.887216176487044,0.0022666326473090824,4.1446033206094293e-11,2.8016510457724043e-13,0,8.4376949871511897e-15,1.5270245894921113e-13,3.1086244689504383e-15,0.062499999999998043,16,1.3032026413616562e-12,8.009556601536076e-14,8.8817841970012523e-16,1.2808962224220011e-11,2.5159812771895321e-13,1.7319479184152442e-14,0.0048487900057807565,0.18681707096402533,2.2204460492503126e-16,8.4980044067629146e-14,2.5646151868841116e-14
quad,4,3,0,gll,coupled,0,exponential,x,recursive,0.000137237865290999,5.8576497829622086e-05,0.00073434922029846916,2.3428827324258013,0.00032200251077825411,0.00013655554740031969,0.0005959255517194804,0.00040879577994597027,1.8114137952770548e-06,3.6767015712506596e-14,1.56931072650727e-14,0,8.4376949871511897e-15,1.5270245894921113e-13,3.1086244689504383e-15,0.062499999999998043,16,1.3032026413616562e-12,8.009556601536076e-14,8.8817841970012523e-16,1.2808962224220011e-11,2.5159812771895321e-13,1.7319479184152442e-14,0.0048487900057807565,0.18681707096402533,2.2204460492503126e-16,8.4980044067629146e-14,2.5646151868841116e-14
quad,4,3,0,gll,coupled,0,exponential,x,direct,0.00013723786528921334,5.8576497828859919e-05,0.00073434922027981742,2.3428827324258013,0.00032200251077361551,0.00013655554739835251,0.00059592555172853078,0.0004087957799419083,1.8114137952770548e-06,0,0,0,8.4376949871511897e-15,1.5270245894921113e-13,3.1086244689504383e-15,0.062499999999998043,16,1.3032026413616562e-12,8.009556601536076e-14,8.8817841970012523e-16,1.2808962224220011e-11,2.5159812771895321e-13,1.7319479184152442e-14,0.0048487900057807565,0.18681707096402533,2.2204460492503126e-16,8.4980044067629146e-14,2.5646151868841116e-14
quad,4,3,0,gll,coupled,0,exponential,x,fe_geometry,0.0001372378652805195,5.8576497825149183e-05,0.00073434922032866723,2.3428827324258013,0.00032200251075413684,0.00013655554739009198,0.00059592555166867805,0.00040879577990408309,1.8114137952770548e-06,4.8475640608580183e-14,2.0690649297239354e-14,0,8.4376949871511897e-15,1.5270245894921113e-13,3.1086244689504383e-15,0.062499999999998043,16,1.3032026413616562e-12,8.009556601536076e-14,8.8817841970012523e-16,1.2808962224220011e-11,2.5159812771895321e-13,1.7319479184152442e-14,0.0048487900057807565,0.18681707096402533,2.2204460492503126e-16,8.4980044067629146e-14,2.5646151868841116e-14
quad,4,3,0,gll,coupled,0,exponential,x,reused,0.00013723786529219923,5.8576497830134371e-05,0.00073434922043613682,2.3428827324258013,0.00032200251078065415,0.00013655554740133748,0.00059592555172493524,0.00040879577994017499,1.8114137952770548e-06,3.8414164336286297e-14,1.6396152631512355e-14,0,8.4376949871511897e-15,1.5270245894921113e-13,3.1086244689504383e-15,0.062499999999998043,16,1.3032026413616562e-12,8.009556601536076e-14,8.8817841970012523e-16,1.2808962224220011e-11,2.5159812771895321e-13,1.7319479184152442e-14,0.0048487900057807565,0.18681707096402533,2.2204460492503126e-16,8.4980044067629146e-14,2.5646151868841116e-14
quad,4,3,0,gll,coupled,0,exponential,x,reused_centered,0.00013723786528978886,5.8576497829105572e-05,0.00073434922042725503,2.3428827324258013,0.00032200251077512277,0.00013655554739899173,0.00059592555171618334,0.00040879577993475197,1.8114137952770548e-06,3.2520930868469384e-14,1.388076912386726e-14,0,8.4376949871511897e-15,1.5270245894921113e-13,3.1086244689504383e-15,0.062499999999998043,16,1.3032026413616562e-12,8.009556601536076e-14,8.8817841970012523e-16,1.2808962224220011e-11,2.5159812771895321e-13,1.7319479184152442e-14,0.0048487900057807565,0.18681707096402533,2.2204460492503126e-16,8.4980044067629146e-14,2.5646151868841116e-14
quad,4,3,0,gll,coupled,0,exponential,y,recursive,8.651661647489336e-06,7.3854841539862117e-06,5.2694946603093484e-05,1.1714413662129006,2.0312667268668913e-05,1.72284830408904e-05,3.8187122266809042e-05,2.610706432727567e-05,1.8114137952770548e-06,3.838387496797277e-14,3.2766369928416539e-14,0,8.4376949871511897e-15,1.5270245894921113e-13,3.1086244689504383e-15,0.062499999999998043,16,1.3032026413616562e-12,8.009556601536076e-14,8.8817841970012523e-16,1.2808962224220011e-11,2.5159812771895321e-13,1.7319479184152442e-14,0.0048487900057807565,0.18681707096402533,2.2204460492503126e-16,8.4980044067629146e-14,2.5646151868841116e-14
quad,4,3,0,gll,coupled,0,exponential,y,direct,8.6516616388507418e-06,7.3854841466118819e-06,5.2694946499176609e-05,1.1714413662129006,2.0312667250279401e-05,1.7228483025293068e-05,3.8187122234834571e-05,2.6107064298944281e-05,1.8114137952770548e-06,0,0,0,8.4376949871511897e-15,1.5270245894921113e-13,3.1086244689504383e-15,0.062499999999998043,16,1.3032026413616562e-12,8.009556601536076e-14,8.8817841970012523e-16,1.2808962224220011e-11,2.5159812771895321e-13,1.7319479184152442e-14,0.0048487900057807565,0.18681707096402533,2.2204460492503126e-16,8.4980044067629146e-14,2.5646151868841116e-14
quad,4,3,0,gll,coupled,0,exponential,y,fe_geometry,8.6516616210759095e-06,7.3854841314384115e-06,5.2694946505393858e-05,1.1714413662129006,2.0312667210454927e-05,1.7228482991515365e-05,3.8187122154172823e-05,2.6107064249308255e-05,1.8114137952770548e-06,4.3963818069227931e-14,3.7529684731515456e-14,0,8.4376949871511897e-15,1.5270245894921113e-13,3.1086244689504383e-15,0.062499999999998043,16,1.3032026413616562e-12,8.009556601536076e-14,8.8817841970012523e-16,1.2808962224220011e-11,2.5159812771895321e-13,1.7319479184152442e-14,0.0048487900057807565,0.18681707096402533,2.2204460492503126e-16,8.4980044067629146e-14,2.5646151868841116e-14
quad,4,3,0,gll,coupled,0,exponential,y,reused,8.6516616531215071e-06,7.3854841587941097e-06,5.2694946752307459e-05,1.1714413662129006,2.0312667283218404e-05,1.7228483053230765e-05,3.8187122289633944e-05,2.6107064337613869e-05,1.8114137952770548e-06,3.4004232030459771e-14,2.9027690580261428e-14,0,8.4376949871511897e-15,1.5270245894921113e-13,3.1086244689504383e-15,0.062499999999998043,16,1.3032026413616562e-12,8.009556601536076e-14,8.8817841970012523e-16,1.2808962224220011e-11,2.5159812771895321e-13,1.7319479184152442e-14,0.0048487900057807565,0.18681707096402533,2.2204460492503126e-16,8.4980044067629146e-14,2.5646151868841116e-14
quad,4,3,0,gll,coupled,0,exponential,y,reused_centered,8.6516616504485388e-06,7.3854841565123325e-06,5.2694946719000768e-05,1.1714413662129006,2.0312667277021701e-05,1.7228483047974939e-05,3.8187122279461959e-05,2.610706433110539e-05,1.8114137952770548e-06,2.9668175467804143e-14,2.5326218712685253e-14,0,8.4376949871511897e-15,1.5270245894921113e-13,3.1086244689504383e-15,0.062499999999998043,16,1.3032026413616562e-12,8.009556601536076e-14,8.8817841970012523e-16,1.2808962224220011e-11,2.5159812771895321e-13,1.7319479184152442e-14,0.0048487900057807565,0.18681707096402533,2.2204460492503126e-16,8.4980044067629146e-14,2.5646151868841116e-14
quad,4,3,0,gll,coupled,0,exponential,xx,recursive,0.0064513259461796285,0.002753584657436089,0.027033015140423444,2.3428827324258013,0.011966583356283682,0.0050748155248211482,0.0019787768188214874,0.0013573689144389836,1.8114137952770548e-06,1.1834516195478388e-12,5.0587717833785335e-13,0,8.4376949871511897e-15,1.5270245894921113e-13,3.1086244689504383e-15,0.062499999999998043,16,1.3032026413616562e-12,8.009556601536076e-14,8.8817841970012523e-16,1.2808962224220011e-11,2.5159812771895321e-13,1.7319479184152442e-14,0.0048487900057807565,0.18681707096402533,2.2204460492503126e-16,8.4980044067629146e-14,2.5646151868841116e-14
quad,4,3,0,gll,coupled,0,exponential,xx,direct,0.0064513259458199822,0.0027535846572825833,0.027033015137585714,2.3428827324258013,0.011966583355502798,0.0050748155244899886,0.0019787768206771666,0.0013573689158045855,1.8114137952770548e-06,0,0,0,8.4376949871511897e-15,1.5270245894921113e-13,3.1086244689504383e-15,0.062499999999998043,16,1.3032026413616562e-12,8.009556601536076e-14,8.8817841970012523e-16,1.2808962224220011e-11,2.5159812771895321e-13,1.7319479184152442e-14,0.0048487900057807565,0.18681707096402533,2.2204460492503126e-16,8.4980044067629146e-14,2.5646151868841116e-14
quad,4,3,0,gll,coupled,0,exponential,xx,fe_geometry,0.0064513259449199382,0.0027535846568984223,0.027033015132730043,2.3428827324258013,0.011966583353749507,0.0050748155237464489,0.001978776817605644,0.0013573689138857369,1.8114137952770548e-06,1.5930952917022686e-12,6.8098309865643439e-13,0,8.4376949871511897e-15,1.5270245894921113e-13,3.1086244689504383e-15,0.062499999999998043,16,1.3032026413616562e-12,8.009556601536076e-14,8.8817841970012523e-16,1.2808962224220011e-11,2.5159812771895321e-13,1.7319479184152442e-14,0.0048487900057807565,0.18681707096402533,2.2204460492503126e-16,8.4980044067629146e-14,2.5646151868841116e-14
quad,4,3,0,gll,coupled,0,exponential,xx,reused,0.0064513259464439475,0.0027535846575489071,0.027033015144120043,2.3428827324258013,0.011966583356745331,0.0050748155250169248,0.0019787768190082391,0.0013573689147204338,1.8114137952770548e-06,1.1592308825604873e-12,4.9552380361425791e-13,0,8.4376949871511897e-15,1.5270245894921113e-13,3.1086244689504383e-15,0.062499999999998043,16,1.3032026413616562e-12,8.009556601536076e-14,8.8817841970012523e-16,1.2808962224220011e-11,2.5159812771895321e-13,1.7319479184152442e-14,0.0048487900057807565,0.18681707096402533,2.2204460492503126e-16,8.4980044067629146e-14,2.5646151868841116e-14
quad,4,3,0,gll,coupled,0,exponential,xx,reused_centered,0.0064513259461799442,0.0027535846574362238,0.027033015143731909,2.3428827324258013,0.011966583356248431,0.0050748155248061984,0.0019787768186991044,0.0013573689145090747,1.8114137952770548e-06,9.8767623919403513e-13,4.2219120810846469e-13,0,8.4376949871511897e-15,1.5270245894921113e-13,3.1086244689504383e-15,0.062499999999998043,16,1.3032026413616562e-12,8.009556601536076e-14,8.8817841970012523e-16,1.2808962224220011e-11,2.5159812771895321e-13,1.7319479184152442e-14,0.0048487900057807565,0.18681707096402533,2.2204460492503126e-16,8.4980044067629146e-14,2.5646151868841116e-14
quad,4,3,0,gll,coupled,0,exponential,xy,recursive,6.9164461550441967e-05,5.9042188149835103e-05,0.00041514820276145059,1.1714413662129006,0.00016229845117643303,0.00013765578280154573,0.0003003995107648779,0.00023021307627670289,1.8114137952770548e-06,5.68308000880736e-13,4.8513700022125736e-13,0,8.4376949871511897e-15,1.5270245894921113e-13,3.1086244689504383e-15,0.062499999999998043,16,1.3032026413616562e-12,8.009556601536076e-14,8.8817841970012523e-16,1.2808962224220011e-11,2.5159812771895321e-13,1.7319479184152442e-14,0.0048487900057807565,0.18681707096402533,2.2204460492503126e-16,8.4980044067629146e-14,2.5646151868841116e-14
quad,4,3,0,gll,coupled,0,exponential,xy,direct,6.9164461531285145e-05,5.9042188133481899e-05,0.0004151482089302938,1.1714413662129006,0.00016229845116614262,0.00013765578279281777,0.00030039951065349228,0.00023021307609373911,1.8114137952770548e-06,0,0,0,8.4376949871511897e-15,1.5270245894921113e-13,3.1086244689504383e-15,0.062499999999998043,16,1.3032026413616562e-12,8.009556601536076e-14,8.8817841970012523e-16,1.2808962224220011e-11,2.5159812771895321e-13,1.7319479184152442e-14,0.0048487900057807565,0.18681707096402533,2.2204460492503126e-16,8.4980044067629146e-14,2.5646151868841116e-14
quad,4,3,0,gll,coupled,0,exponential,xy,fe_geometry,6.916446150356528e-05,5.9042188109818861e-05,0.00041514820730625956,1.1714413662129006,0.00016229845111458247,0.00013765578274908629,0.00030039951059623941,0.00023021307607024136,1.8114137952770548e-06,3.4255395687126949e-13,2.9242171286151757e-13,0,8.4376949871511897e-15,1.5270245894921113e-13,3.1086244689504383e-15,0.062499999999998043,16,1.3032026413616562e-12,8.009556601536076e-14,8.8817841970012523e-16,1.2808962224220011e-11,2.5159812771895321e-13,1.7319479184152442e-14,0.0048487900057807565,0.18681707096402533,2.2204460492503126e-16,8.4980044067629146e-14,2.5646151868841116e-14
quad,4,3,0,gll,coupled,0,exponential,xy,reused,6.9164461522222529e-05,5.9042188125745608e-05,0.00041514821438592975,1.1714413662129006,0.00016229845120402429,0.00013765578282494767,0.00030039951059260603,0.00023021307608746332,1.8114137952770548e-06,2.3587234068956318e-13,2.013527869042182e-13,0,8.4376949871511897e-15,1.5270245894921113e-13,3.1086244689504383e-15,0.062499999999998043,16,1.3032026413616562e-12,8.009556601536076e-14,8.8817841970012523e-16,1.2808962224220011e-11,2.5159812771895321e-13,1.7319479184152442e-14,0.0048487900057807565,0.18681707096402533,2.2204460492503126e-16,8.4980044067629146e-14,2.5646151868841116e-14
quad,4,3,0,gll,coupled,0,exponential,xy,reused_centered,6.916446152180976e-05,5.9042188125393242e-05,0.00041514821389210255,1.1714413662129006,0.00016229845120816259,0.00013765578282845761,0.00030039951058126408,0.00023021307605285349,1.8114137952770548e-06,2.4036228115409643e-13,2.0518563149686864e-13,0,8.4376949871511897e-15,1.5270245894921113e-13,3.1086244689504383e-15,0.062499999999998043,16,1.3032026413616562e-12,8.009556601536076e-14,8.8817841970012523e-16,1.2808962224220011e-11,2.5159812771895321e-13,1.7319479184152442e-14,0.0048487900057807565,0.18681707096402533,2.2204460492503126e-16,8.4980044067629146e-14,2.5646151868841116e-14
quad,4,3,0,gll,coupled,0,exponential,yy,recursive,0.00040435219449598753,0.000690349864975657,0.0017702534934473935,0.58572068310645031,0.00075080961509931584,0.0012736201060732151,6.35804198303636e-05,4.3140131646457743e-05,1.8114137952770548e-06,1.1345372528687029e-12,1.9377140879970675e-12,0,8.4376949871511897e-15,1.5270245894921113e-13,3.1086244689504383e-15,0.062499999999998043,16,1.3032026413616562e-12,8.009556601536076e-14,8.8817841970012523e-16,1.2808962224220011e-11,2.5159812771895321e-13,1.7319479184152442e-14,0.0048487900057807565,0.18681707096402533,2.2204460492503126e-16,8.4980044067629146e-14,2.5646151868841116e-14
quad,4,3,0,gll,coupled,0,exponential,yy,direct,0.0004043521943223621,0.00069034986467922659,0.0017702534906669509,0.58572068310645031,0.00075080961479235403,0.0012736201055525067,6.3580422067317454e-05,4.3140132933395611e-05,1.8114137952770548e-06,0,0,0,8.4376949871511897e-15,1.5270245894921113e-13,3.1086244689504383e-15,0.062499999999998043,16,1.3032026413616562e-12,8.009556601536076e-14,8.8817841970012523e-16,1.2808962224220011e-11,2.5159812771895321e-13,1.7319479184152442e-14,0.0048487900057807565,0.18681707096402533,2.2204460492503126e-16,8.4980044067629146e-14,2.5646151868841116e-14
quad,4,3,0,gll,coupled,0,exponential,yy,fe_geometry,0.00040435219411744534,0.00069034986432937244,0.0017702534919208368,0.58572068310645031,0.0007508096144992506,0.0012736201050553069,6.3580422901985997e-05,4.3140133219744735e-05,1.8114137952770548e-06,7.1679784766771176e-13,1.2242429978916173e-12,0,8.4376949871511897e-15,1.5270245894921113e-13,3.1086244689504383e-15,0.062499999999998043,16,1.3032026413616562e-12,8.009556601536076e-14,8.8817841970012523e-16,1.2808962224220011e-11,2.5159812771895321e-13,1.7319479184152442e-14,0.0048487900057807565,0.18681707096402533,2.2204460492503126e-16,8.4980044067629146e-14,2.5646151868841116e-14
quad,4,3,0,gll,coupled,0,exponential,yy,reused,0.00040435219510155337,0.00069034986600953864,0.0017702534984576079,0.58572068310645031,0.00075080961623958222,0.0012736201080074819,6.3580420520648791e-05,4.3140131950973053e-05,1.8114137952770548e-06,1.2033773646197785e-12,2.0552884153468884e-12,0,8.4376949871511897e-15,1.5270245894921113e-13,3.1086244689504383e-15,0.062499999999998043,16,1.3032026413616562e-12,8.009556601536076e-14,8.8817841970012523e-16,1.2808962224220011e-11,2.5159812771895321e-13,1.7319479184152442e-14,0.0048487900057807565,0.18681707096402533,2.2204460492503126e-16,8.4980044067629146e-14,2.5646151868841116e-14
quad,4,3,0,gll,coupled,0,exponential,yy,reused_centered,0.00040435219481750557,0.00069034986552458423,0.0017702534973413897,0.58572068310645031,0.00075080961570340131,0.0012736201070979428,6.3580420174138102e-05,4.3140131724452693e-05,1.8114137952770548e-06,9.9303109205225005e-13,1.6960309871036393e-12,0,8.4376949871511897e-15,1.5270245894921113e-13,3.1086244689504383e-15,0.062499999999998043,16,1.3032026413616562e-12,8.009556601536076e-14,8.8817841970012523e-16,1.2808962224220011e-11,2.5159812771895321e-13,1.7319479184152442e-14,0.0048487900057807565,0.18681707096402533,2.2204460492503126e-16,8.4980044067629146e-14,2.5646151868841116e-14
quad,4,3,0,gll,coupled,0,exponential,xxx,recursive,0.16860577482203742,0.071965093467339022,0.52007904863925081,2.3428827324258013,0.23891608282204227,0.10132006857229571,0.39935440059065663,0.27393899844280084,1.8114137952770548e-06,2.4466360827332574e-11,1.0488155543413287e-11,0,8.4376949871511897e-15,1.5270245894921113e-13,3.1086244689504383e-15,0.062499999999998043,16,1.3032026413616562e-12,8.009556601536076e-14,8.8817841970012523e-16,1.2808962224220011e-11,2.5159812771895321e-13,1.7319479184152442e-14,0.0048487900057807565,0.18681707096402533,2.2204460492503126e-16,8.4980044067629146e-14,2.5646151868841116e-14
quad,4,3,0,gll,coupled,0,exponential,xxx,direct,0.16860577480983208,0.071965093462129481,0.52007904858775422,2.3428827324258013,0.23891608280153115,0.10132006856359731,0.39935440056656951,0.27393899842975267,1.8114137952770548e-06,0,0,0,8.4376949871511897e-15,1.5270245894921113e-13,3.1086244689504383e-15,0.062499999999998043,16,1.3032026413616562e-12,8.009556601536076e-14,8.8817841970012523e-16,1.2808962224220011e-11,2.5159812771895321e-13,1.7319479184152442e-14,0.0048487900057807565,0.18681707096402533,2.2204460492503126e-16,8.4980044067629146e-14,2.5646151868841116e-14
quad,4,3,0,gll,coupled,0,exponential,xxx,fe_geometry,0.16860577478057798,0.071965093449643108,0.52007904842423303,2.3428827324258013,0.23891608275858189,0.10132006854538328,0.39935440049962995,0.27393899839191793,1.8114137952770548e-06,3.5356035803651719e-11,1.5156304017756807e-11,0,8.4376949871511897e-15,1.5270245894921113e-13,3.1086244689504383e-15,0.062499999999998043,16,1.3032026413616562e-12,8.009556601536076e-14,8.8817841970012523e-16,1.2808962224220011e-11,2.5159812771895321e-13,1.7319479184152442e-14,0.0048487900057807565,0.18681707096402533,2.2204460492503126e-16,8.4980044067629146e-14,2.5646151868841116e-14
quad,4,3,0,gll,coupled,0,exponential,xxx,reused,0.16860577483096292,0.071965093471148642,0.5200790486878617,2.3428827324258013,0.23891608283201038,0.10132006857652301,0.39935440061214228,0.27393899846007963,1.8114137952770548e-06,2.5261280522642875e-11,1.0828918988691311e-11,0,8.4376949871511897e-15,1.5270245894921113e-13,3.1086244689504383e-15,0.062499999999998043,16,1.3032026413616562e-12,8.009556601536076e-14,8.8817841970012523e-16,1.2808962224220011e-11,2.5159812771895321e-13,1.7319479184152442e-14,0.0048487900057807565,0.18681707096402533,2.2204460492503126e-16,8.4980044067629146e-14,2.5646151868841116e-14
quad,4,3,0,gll,coupled,0,exponential,xxx,reused_centered,0.16860577482280267,0.07196509346766565,0.52007904869526156,2.3428827324258013,0.23891608282138282,0.10132006857201604,0.39935440059271793,0.27393899844719849,1.8114137952770548e-06,1.958990145570225e-11,8.3977316854581816e-12,0,8.4376949871511897e-15,1.5270245894921113e-13,3.1086244689504383e-15,0.062499999999998043,16,1.3032026413616562e-12,8.009556601536076e-14,8.8817841970012523e-16,1.2808962224220011e-11,2.5159812771895321e-13,1.7319479184152442e-14,0.0048487900057807565,0.18681707096402533,2.2204460492503126e-16,8.4980044067629146e-14,2.5646151868841116e-14
quad,4,3,0,gll,coupled,0,exponential,xxy,recursive,0.0032257758836655359,0.0027536810434601604,0.013564199443466762,1.1714413662129006,0.005983711517243564,0.0050751716174380485,0.0009901226721945849,0.00070446130640565126,1.8114137952770548e-06,1.9450628725041719e-11,1.6628699644009127e-11,0,8.4376949871511897e-15,1.5270245894921113e-13,3.1086244689504383e-15,0.062499999999998043,16,1.3032026413616562e-12,8.009556601536076e-14,8.8817841970012523e-16,1.2808962224220011e-11,2.5159812771895321e-13,1.7319479184152442e-14,0.0048487900057807565,0.18681707096402533,2.2204460492503126e-16,8.4980044067629146e-14,2.5646151868841116e-14
quad,4,3,0,gll,coupled,0,exponential,xxy,direct,0.0032257758807181561,0.0027536810409441318,0.013564199617769557,1.1714413662129006,0.0059837115137984414,0.0050751716145160178,0.00099012267500125104,0.00070446130580389802,1.8114137952770548e-06,0,0,0,8.4376949871511897e-15,1.5270245894921113e-13,3.1086244689504383e-15,0.062499999999998043,16,1.3032026413616562e-12,8.009556601536076e-14,8.8817841970012523e-16,1.2808962224220011e-11,2.5159812771895321e-13,1.7319479184152442e-14,0.0048487900057807565,0.18681707096402533,2.2204460492503126e-16,8.4980044067629146e-14,2.5646151868841116e-14
quad,4,3,0,gll,coupled,0,exponential,xxy,fe_geometry,0.0032257758785662742,0.0027536810391071797,0.013564199443472535,1.1714413662129006,0.0059837115092517832,0.0050751716106597041,0.00099012267678803313,0.00070446129719009206,1.8114137952770548e-06,1.1634848452350519e-11,9.9468455777275255e-12,0,8.4376949871511897e-15,1.5270245894921113e-13,3.1086244689504383e-15,0.062499999999998043,16,1.3032026413616562e-12,8.009556601536076e-14,8.8817841970012523e-16,1.2808962224220011e-11,2.5159812771895321e-13,1.7319479184152442e-14,0.0048487900057807565,0.18681707096402533,2.2204460492503126e-16,8.4980044067629146e-14,2.5646151868841116e-14
quad,4,3,0,gll,coupled,0,exponential,xxy,reused,0.003225775881018769,0.0027536810412007499,0.013564199773357988,1.1714413662129006,0.0059837115171424565,0.0050751716173522924,0.00099012267493220059,0.00070446130682076495,1.8114137952770548e-06,7.3843074602194528e-12,6.3129800363171443e-12,0,8.4376949871511897e-15,1.5270245894921113e-13,3.1086244689504383e-15,0.062499999999998043,16,1.3032026413616562e-12,8.009556601536076e-14,8.8817841970012523e-16,1.2808962224220011e-11,2.5159812771895321e-13,1.7319479184152442e-14,0.0048487900057807565,0.18681707096402533,2.2204460492503126e-16,8.4980044067629146e-14,2.5646151868841116e-14
quad,4,3,0,gll,coupled,0,exponential,xxy,reused_centered,0.0032257758811505095,0.0027536810413132102,0.013564199785861319,1.1714413662129006,0.0059837115181223611,0.0050751716181834132,0.00099012267479577478,0.00070446130578909368,1.8114137952770548e-06,8.2082257695424861e-12,7.0173629275135377e-12,0,8.4376949871511897e-15,1.5270245894921113e-13,3.1086244689504383e-15,0.062499999999998043,16,1.3032026413616562e-12,8.009556601536076e-14,8.8817841970012523e-16,1.2808962224220011e-11,2.5159812771895321e-13,1.7319479184152442e-14,0.0048487900057807565,0.18681707096402533,2.2204460492503126e-16,8.4980044067629146e-14,2.5646151868841116e-14
quad,4,3,0,gll,coupled,0,exponential,xyy,recursive,0.00040660920465726373,0.00069420325487014702,0.0019511980714750354,0.58572068310645031,0.00075815619482950383,0.0012860823221491234,0.00016193012292794711,0.00014515521157277476,1.8114137952770548e-06,1.5200561758765939e-11,2.5961613996372701e-11,0,8.4376949871511897e-15,1.5270245894921113e-13,3.1086244689504383e-15,0.062499999999998043,16,1.3032026413616562e-12,8.009556601536076e-14,8.8817841970012523e-16,1.2808962224220011e-11,2.5159812771895321e-13,1.7319479184152442e-14,0.0048487900057807565,0.18681707096402533,2.2204460492503126e-16,8.4980044067629146e-14,2.5646151868841116e-14
quad,4,3,0,gll,coupled,0,exponential,xyy,direct,0.00040660920492140786,0.00069420325532111994,0.0019511981908617582,0.58572068310645031,0.00075815619570254224,0.0012860823236300839,0.00016193011634395326,0.00014515520207869625,1.8114137952770548e-06,0,0,0,8.4376949871511897e-15,1.5270245894921113e-13,3.1086244689504383e-15,0.062499999999998043,16,1.3032026413616562e-12,8.009556601536076e-14,8.8817841970012523e-16,1.2808962224220011e-11,2.5159812771895321e-13,1.7319479184152442e-14,0.0048487900057807565,0.18681707096402533,2.2204460492503126e-16,8.4980044067629146e-14,2.5646151868841116e-14
quad,4,3,0,gll,coupled,0,exponential,xyy,fe_geometry,0.00040660920561740981,0.00069420325650940303,0.0019511981030853054,0.58572068310645031,0.00075815619509137509,0.0012860823225933433,0.000161930104765771,0.00014515519233943559,1.8114137952770548e-06,1.184782587787964e-11,2.0235349654782653e-11,0,8.4376949871511897e-15,1.5270245894921113e-13,3.1086244689504383e-15,0.062499999999998043,16,1.3032026413616562e-12,8.009556601536076e-14,8.8817841970012523e-16,1.2808962224220011e-11,2.5159812771895321e-13,1.7319479184152442e-14,0.0048487900057807565,0.18681707096402533,2.2204460492503126e-16,8.4980044067629146e-14,2.5646151868841116e-14
quad,4,3,0,gll,coupled,0,exponential,xyy,reused,0.00040660920715391912,0.00069420325913268288,0.0019511984085196499,0.58572068310645031,0.00075815620291349087,0.001286082335862225,0.00016193011283984293,0.0001451551979638508,1.8114137952770548e-06,8.6207398991137638e-12,1.4723687530485743e-11,0,8.4376949871511897e-15,1.5270245894921113e-13,3.1086244689504383e-15,0.062499999999998043,16,1.3032026413616562e-12,8.009556601536076e-14,8.8817841970012523e-16,1.2808962224220011e-11,2.5159812771895321e-13,1.7319479184152442e-14,0.0048487900057807565,0.18681707096402533,2.2204460492503126e-16,8.4980044067629146e-14,2.5646151868841116e-14
quad,4,3,0,gll,coupled,0,exponential,xyy,reused_centered,0.00040660920587425259,0.00069420325694791022,0.0019511983656115284,0.58572068310645031,0.00075815620130788406,0.0012860823331385877,0.0001619301122620604,0.00014515519729332437,1.8114137952770548e-06,8.7790571401605892e-12,1.4994083530729491e-11,0,8.4376949871511897e-15,1.5270245894921113e-13,3.1086244689504383e-15,0.062499999999998043,16,1.3032026413616562e-12,8.009556601536076e-14,8.8817841970012523e-16,1.2808962224220011e-11,2.5159812771895321e-13,1.7319479184152442e-14,0.0048487900057807565,0.18681707096402533,2.2204460492503126e-16,8.4980044067629146e-14,2.5646151868841116e-14
quad,4,3,0,gll,coupled,0,exponential,yyy,recursive,0.010560204533735009,0.036058841144989147,0.033623195061551536,0.29286034155322516,0.0149780217696139,0.050815304682690292,0.025642449211009537,0.017341864331812302,1.8114137952770548e-06,1.9225405552145219e-11,6.5718235233288406e-11,0,8.4376949871511897e-15,1.5270245894921113e-13,3.1086244689504383e-15,0.062499999999998043,16,1.3032026413616562e-12,8.009556601536076e-14,8.8817841970012523e-16,1.2808962224220011e-11,2.5159812771895321e-13,1.7319479184152442e-14,0.0048487900057807565,0.18681707096402533,2.2204460492503126e-16,8.4980044067629146e-14,2.5646151868841116e-14
quad,4,3,0,gll,coupled,0,exponential,yyy,direct,0.010560204531761394,0.036058841138250045,0.033623195051394994,0.29286034155322516,0.014978021764624259,0.050815304665762152,0.025642449208636335,0.017341864325278455,1.8114137952770548e-06,0,0,0,8.4376949871511897e-15,1.5270245894921113e-13,3.1086244689504383e-15,0.062499999999998043,16,1.3032026413616562e-12,8.009556601536076e-14,8.8817841970012523e-16,1.2808962224220011e-11,2.5159812771895321e-13,1.7319479184152442e-14,0.0048487900057807565,0.18681707096402533,2.2204460492503126e-16,8.4980044067629146e-14,2.5646151868841116e-14
quad,4,3,0,gll,coupled,0,exponential,yyy,fe_geometry,0.01056020453303788,0.036058841142608725,0.033623195089080182,0.29286034155322516,0.014978021765538254,0.050815304668863019,0.025642449211476969,0.017341864323599309,1.8114137952770548e-06,9.8960564380742715e-12,3.3827705902760287e-11,0,8.4376949871511897e-15,1.5270245894921113e-13,3.1086244689504383e-15,0.062499999999998043,16,1.3032026413616562e-12,8.009556601536076e-14,8.8817841970012523e-16,1.2808962224220011e-11,2.5159812771895321e-13,1.7319479184152442e-14,0.0048487900057807565,0.18681707096402533,2.2204460492503126e-16,8.4980044067629146e-14,2.5646151868841116e-14
quad,4,3,0,gll,coupled,0,exponential,yyy,reused,0.010560204552965215,0.036058841210652545,0.033623195148670404,0.29286034155322516,0.0149780217942912,0.050815304766411933,0.025642449258254436,0.017341864356410358,1.8114137952770548e-06,2.5363583828743241e-11,8.6700380072377058e-11,0,8.4376949871511897e-15,1.5270245894921113e-13,3.1086244689504383e-15,0.062499999999998043,16,1.3032026413616562e-12,8.009556601536076e-14,8.8817841970012523e-16,1.2808962224220011e-11,2.5159812771895321e-13,1.7319479184152442e-14,0.0048487900057807565,0.18681707096402533,2.2204460492503126e-16,8.4980044067629146e-14,2.5646151868841116e-14
quad,4,3,0,gll,coupled,0,exponential,yyy,reused_centered,0.010560204544094808,0.036058841180363677,0.033623195143715923,0.29286034155322516,0.014978021782517852,0.050815304726468988,0.025642449236165262,0.017341864342427418,1.8114137952770548e-06,1.853328623465226e-11,6.3352362638656457e-11,0,8.4376949871511897e-15,1.5270245894921113e-13,3.1086244689504383e-15,0.062499999999998043,16,1.3032026413616562e-12,8.009556601536076e-14,8.8817841970012523e-16,1.2808962224220011e-11,2.5159812771895321e-13,1.7319479184152442e-14,0.0048487900057807565,0.18681707096402533,2.2204460492503126e-16,8.4980044067629146e-14,2.5646151868841116e-14
quad,4,3,0,gll,coupled,0,constant,x,recursive,2.8221737612686582e-14,nan,2.3982512033056157e-13,0,5.2731918900761798e-14,nan,9.2354546895149696e-14,7.1619783222400813e-14,9.3099388036384618e-16,1.2334171565532242e-14,nan,0,8.4376949871511897e-15,1.5270245894921113e-13,3.1086244689504383e-15,0.062499999999998043,16,1.3032026413616562e-12,8.009556601536076e-14,8.8817841970012523e-16,1.2808962224220011e-11,2.5159812771895321e-13,1.7319479184152442e-14,0.0048487900057807565,0.18681707096402533,2.2204460492503126e-16,8.4980044067629146e-14,2.5646151868841116e-14
quad,4,3,0,gll,coupled,0,constant,x,direct,3.1326398412126492e-14,nan,2.4598246078024277e-13,0,5.8425070959744877e-14,nan,9.8330981401637438e-14,7.9498119744466193e-14,9.3099388036384618e-16,0,nan,0,8.4376949871511897e-15,1.5270245894921113e-13,3.1086244689504383e-15,0.062499999999998043,16,1.3032026413616562e-12,8.009556601536076e-14,8.8817841970012523e-16,1.2808962224220011e-11,2.5159812771895321e-13,1.7319479184152442e-14,0.0048487900057807565,0.18681707096402533,2.2204460492503126e-16,8.4980044067629146e-14,2.5646151868841116e-14
quad,4,3,0,gll,coupled,0,constant,x,fe_geometry,3.1326398412126189e-14,nan,2.4598246078024308e-13,0,5.8425070959743577e-14,nan,9.833098140163504e-14,7.9498119744464476e-14,9.3099388036384618e-16,7.86848271168586e-28,nan,0,8.4376949871511897e-15,1.5270245894921113e-13,3.1086244689504383e-15,0.062499999999998043,16,1.3032026413616562e-12,8.009556601536076e-14,8.8817841970012523e-16,1.2808962224220011e-11,2.5159812771895321e-13,1.7319479184152442e-14,0.0048487900057807565,0.18681707096402533,2.2204460492503126e-16,8.4980044067629146e-14,2.5646151868841116e-14
quad,4,3,0,gll,coupled,0,constant,x,reused,2.6724039001653712e-14,nan,2.5871830488479768e-13,0,5.2345718506135776e-14,nan,9.2463014542627066e-14,7.4577124941580435e-14,9.3099388036384618e-16,1.2166534907157623e-14,nan,0,8.4376949871511897e-15,1.5270245894921113e-13,3.1086244689504383e-15,0.062499999999998043,16,1.3032026413616562e-12,8.009556601536076e-14,8.8817841970012523e-16,1.2808962224220011e-11,2.5159812771895321e-13,1.7319479184152442e-14,0.0048487900057807565,0.18681707096402533,2.2204460492503126e-16,8.4980044067629146e-14,2.5646151868841116e-14
quad,4,3,0,gll,coupled,0,constant,x,reused_centered,2.7170594837313792e-14,nan,2.562140789033911e-13,0,5.2249212824318368e-14,nan,9.2423545530794297e-14,7.4509271021099923e-14,9.3099388036384618e-16,1.1277655684994773e-14,nan,0,8.4376949871511897e-15,1.5270245894921113e-13,3.1086244689504383e-15,0.062499999999998043,16,1.3032026413616562e-12,8.009556601536076e-14,8.8817841970012523e-16,1.2808962224220011e-11,2.5159812771895321e-13,1.7319479184152442e-14,0.0048487900057807565,0.18681707096402533,2.2204460492503126e-16,8.4980044067629146e-14,2.5646151868841116e-14
quad,4,3,0,gll,coupled,0,constant,y,recursive,3.6935474489816616e-14,nan,2.8528847017727739e-13,0,7.5995114515088672e-14,nan,5.9110396390804196e-14,4.5120870004411066e-14,9.3099388036384618e-16,1.4107165644921086e-14,nan,0,8.4376949871511897e-15,1.5270245894921113e-13,3.1086244689504383e-15,0.062499999999998043,16,1.3032026413616562e-12,8.009556601536076e-14,8.8817841970012523e-16,1.2808962224220011e-11,2.5159812771895321e-13,1.7319479184152442e-14,0.0048487900057807565,0.18681707096402533,2.2204460492503126e-16,8.4980044067629146e-14,2.5646151868841116e-14
quad,4,3,0,gll,coupled,0,constant,y,direct,3.6501507187299727e-14,nan,2.3003564849385876e-13,0,7.244451498136234e-14,nan,5.0953114016249955e-14,3.6963904302612116e-14,9.3099388036384618e-16,0,nan,0,8.4376949871511897e-15,1.5270245894921113e-13,3.1086244689504383e-15,0.062499999999998043,16,1.3032026413616562e-12,8.009556601536076e-14,8.8817841970012523e-16,1.2808962224220011e-11,2.5159812771895321e-13,1.7319479184152442e-14,0.0048487900057807565,0.18681707096402533,2.2204460492503126e-16,8.4980044067629146e-14,2.5646151868841116e-14
quad,4,3,0,gll,coupled,0,constant,y,fe_geometry,3.6501507187299569e-14,nan,2.3003564849385633e-13,0,7.2444514981361848e-14,nan,5.0953114016248819e-14,3.696390430261122e-14,9.3099388036384618e-16,7.761634054318447e-28,nan,0,8.4376949871511897e-15,1.5270245894921113e-13,3.1086244689504383e-15,0.062499999999998043,16,1.3032026413616562e-12,8.009556601536076e-14,8.8817841970012523e-16,1.2808962224220011e-11,2.5159812771895321e-13,1.7319479184152442e-14,0.0048487900057807565,0.18681707096402533,2.2204460492503126e-16,8.4980044067629146e-14,2.5646151868841116e-14
quad,4,3,0,gll,coupled,0,constant,y,reused,3.390568580317724e-14,nan,2.5164408647653041e-13,0,7.1521773843762327e-14,nan,5.2853887406920245e-14,3.8682471940366466e-14,9.3099388036384618e-16,9.2117234317240349e-15,nan,0,8.4376949871511897e-15,1.5270245894921113e-13,3.1086244689504383e-15,0.062499999999998043,16,1.3032026413616562e-12,8.009556601536076e-14,8.8817841970012523e-16,1.2808962224220011e-11,2.5159812771895321e-13,1.7319479184152442e-14,0.0048487900057807565,0.18681707096402533,2.2204460492503126e-16,8.4980044067629146e-14,2.5646151868841116e-14
quad,4,3,0,gll,coupled,0,constant,y,reused_centered,3.4044380620130613e-14,nan,2.506905619945733e-13,0,7.1404361170099522e-14,nan,5.2855340826829817e-14,3.8724160846562603e-14,9.3099388036384618e-16,9.3170718597358186e-15,nan,0,8.4376949871511897e-15,1.5270245894921113e-13,3.1086244689504383e-15,0.062499999999998043,16,1.3032026413616562e-12,8.009556601536076e-14,8.8817841970012523e-16,1.2808962224220011e-11,2.5159812771895321e-13,1.7319479184152442e-14,0.0048487900057807565,0.18681707096402533,2.2204460492503126e-16,8.4980044067629146e-14,2.5646151868841116e-14
quad,4,3,0,gll,coupled,0,constant,xx,recursive,6.6040889525999244e-13,nan,4.1896734531954248e-12,0,1.1578795514718656e-12,nan,1.5448334203348572e-12,1.1963825446521227e-12,9.3099388036384618e-16,3.9011180826291845e-13,nan,0,8.4376949871511897e-15,1.5270245894921113e-13,3.1086244689504383e-15,0.062499999999998043,16,1.3032026413616562e-12,8.009556601536076e-14,8.8817841970012523e-16,1.2808962224220011e-11,2.5159812771895321e-13,1.7319479184152442e-14,0.0048487900057807565,0.18681707096402533,2.2204460492503126e-16,8.4980044067629146e-14,2.5646151868841116e-14
quad,4,3,0,gll,coupled,0,constant,xx,direct,7.0583438852803166e-13,nan,4.403522441719334e-12,0,1.1429287961366515e-12,nan,1.6701598672752052e-12,1.3254113513774218e-12,9.3099388036384618e-16,0,nan,0,8.4376949871511897e-15,1.5270245894921113e-13,3.1086244689504383e-15,0.062499999999998043,16,1.3032026413616562e-12,8.009556601536076e-14,8.8817841970012523e-16,1.2808962224220011e-11,2.5159812771895321e-13,1.7319479184152442e-14,0.0048487900057807565,0.18681707096402533,2.2204460492503126e-16,8.4980044067629146e-14,2.5646151868841116e-14
quad,4,3,0,gll,coupled,0,constant,xx,fe_geometry,7.0583438852800611e-13,nan,4.4035224417199277e-12,0,1.1429287961365643e-12,nan,1.670159867275058e-12,1.3254113513773224e-12,9.3099388036384618e-16,7.1798901668425007e-26,nan,0,8.4376949871511897e-15,1.5270245894921113e-13,3.1086244689504383e-15,0.062499999999998043,16,1.3032026413616562e-12,8.009556601536076e-14,8.8817841970012523e-16,1.2808962224220011e-11,2.5159812771895321e-13,1.7319479184152442e-14,0.0048487900057807565,0.18681707096402533,2.2204460492503126e-16,8.4980044067629146e-14,2.5646151868841116e-14
quad,4,3,0,gll,coupled,0,constant,xx,reused,6.1385722562019198e-13,nan,4.636674512752108e-12,0,1.0588920586713987e-12,nan,1.4791911855995755e-12,1.1577354566836725e-12,9.3099388036384618e-16,2.8608102616608436e-13,nan,0,8.4376949871511897e-15,1.5270245894921113e-13,3.1086244689504383e-15,0.062499999999998043,16,1.3032026413616562e-12,8.009556601536076e-14,8.8817841970012523e-16,1.2808962224220011e-11,2.5159812771895321e-13,1.7319479184152442e-14,0.0048487900057807565,0.18681707096402533,2.2204460492503126e-16,8.4980044067629146e-14,2.5646151868841116e-14
quad,4,3,0,gll,coupled,0,constant,xx,reused_centered,6.1286448971603548e-13,nan,4.6567465227333183e-12,0,1.0486116550081641e-12,nan,1.4784848472624158e-12,1.1582095164650599e-12,9.3099388036384618e-16,2.7894963954213105e-13,nan,0,8.4376949871511897e-15,1.5270245894921113e-13,3.1086244689504383e-15,0.062499999999998043,16,1.3032026413616562e-12,8.009556601536076e-14,8.8817841970012523e-16,1.2808962224220011e-11,2.5159812771895321e-13,1.7319479184152442e-14,0.0048487900057807565,0.18681707096402533,2.2204460492503126e-16,8.4980044067629146e-14,2.5646151868841116e-14
quad,4,3,0,gll,coupled,0,constant,xy,recursive,1.08253044227944e-12,nan,1.2113851767937338e-11,0,2.4295878796129475e-12,nan,3.2524715844418917e-12,2.2356078214283367e-12,9.3099388036384618e-16,2.2444560199755409e-13,0.20487937871938783,0,8.4376949871511897e-15,1.5270245894921113e-13,3.1086244689504383e-15,0.062499999999998043,16,1.3032026413616562e-12,8.009556601536076e-14,8.8817841970012523e-16,1.2808962224220011e-11,2.5159812771895321e-13,1.7319479184152442e-14,0.0048487900057807565,0.18681707096402533,2.2204460492503126e-16,8.4980044067629146e-14,2.5646151868841116e-14
quad,4,3,0,gll,coupled,0,constant,xy,direct,1.0955011841624385e-12,nan,1.2848580962553016e-11,0,2.4653120300391941e-12,nan,3.2870675813908861e-12,2.2140599745257435e-12,9.3099388036384618e-16,0,0,0,8.4376949871511897e-15,1.5270245894921113e-13,3.1086244689504383e-15,0.062499999999998043,16,1.3032026413616562e-12,8.009556601536076e-14,8.8817841970012523e-16,1.2808962224220011e-11,2.5159812771895321e-13,1.7319479184152442e-14,0.0048487900057807565,0.18681707096402533,2.2204460492503126e-16,8.4980044067629146e-14,2.5646151868841116e-14
quad,4,3,0,gll,coupled,0,constant,xy,fe_geometry,1.0955011841624165e-12,nan,1.2848580962551635e-11,0,2.4653120300391153e-12,nan,3.287067581390729e-12,2.2140599745256555e-12,9.3099388036384618e-16,4.1045992600428973e-26,3.7467775657230836e-14,0,8.4376949871511897e-15,1.5270245894921113e-13,3.1086244689504383e-15,0.062499999999998043,16,1.3032026413616562e-12,8.009556601536076e-14,8.8817841970012523e-16,1.2808962224220011e-11,2.5159812771895321e-13,1.7319479184152442e-14,0.0048487900057807565,0.18681707096402533,2.2204460492503126e-16,8.4980044067629146e-14,2.5646151868841116e-14
quad,4,3,0,gll,coupled,0,constant,xy,reused,1.1014186581059689e-12,nan,1.3055725997044774e-11,0,2.4734390501159449e-12,nan,3.3049139256359696e-12,2.2467029600753997e-12,9.3099388036384618e-16,4.681744753205786e-14,0.042736099430008348,0,8.4376949871511897e-15,1.5270245894921113e-13,3.1086244689504383e-15,0.062499999999998043,16,1.3032026413616562e-12,8.009556601536076e-14,8.8817841970012523e-16,1.2808962224220011e-11,2.5159812771895321e-13,1.7319479184152442e-14,0.0048487900057807565,0.18681707096402533,2.2204460492503126e-16,8.4980044067629146e-14,2.5646151868841116e-14
quad,4,3,0,gll,coupled,0,constant,xy,reused_centered,1.1010747288164451e-12,nan,1.3013952587834346e-11,0,2.4722968174914385e-12,nan,3.2994743832383562e-12,2.243407510279488e-12,9.3099388036384618e-16,4.6702440949282342e-14,0.042631118637255078,0,8.4376949871511897e-15,1.5270245894921113e-13,3.1086244689504383e-15,0.062499999999998043,16,1.3032026413616562e-12,8.009556601536076e-14,8.8817841970012523e-16,1.2808962224220011e-11,2.5159812771895321e-13,1.7319479184152442e-14,0.0048487900057807565,0.18681707096402533,2.2204460492503126e-16,8.4980044067629146e-14,2.5646151868841116e-14
quad,4,3,0,gll,coupled,0,constant,yy,recursive,1.0584998425694391e-12,nan,6.0374118942478148e-12,0,1.8438245184486079e-12,nan,2.6044321934405875e-12,1.9599355273124735e-12,9.3099388036384618e-16,4.0016082838460901e-13,0.37668397468768161,0,8.4376949871511897e-15,1.5270245894921113e-13,3.1086244689504383e-15,0.062499999999998043,16,1.3032026413616562e-12,8.009556601536076e-14,8.8817841970012523e-16,1.2808962224220011e-11,2.5159812771895321e-13,1.7319479184152442e-14,0.0048487900057807565,0.18681707096402533,2.2204460492503126e-16,8.4980044067629146e-14,2.5646151868841116e-14
quad,4,3,0,gll,coupled,0,constant,yy,direct,1.0623250663009827e-12,nan,4.6180525131917903e-12,0,1.6665002009455148e-12,nan,2.6806120082546924e-12,2.0061001710424075e-12,9.3099388036384618e-16,0,0,0,8.4376949871511897e-15,1.5270245894921113e-13,3.1086244689504383e-15,0.062499999999998043,16,1.3032026413616562e-12,8.009556601536076e-14,8.8817841970012523e-16,1.2808962224220011e-11,2.5159812771895321e-13,1.7319479184152442e-14,0.0048487900057807565,0.18681707096402533,2.2204460492503126e-16,8.4980044067629146e-14,2.5646151868841116e-14
quad,4,3,0,gll,coupled,0,constant,yy,fe_geometry,1.0623250663009726e-12,nan,4.6180525131907636e-12,0,1.6665002009454835e-12,nan,2.6806120082546484e-12,2.0061001710423719e-12,9.3099388036384618e-16,5.5353957871770756e-26,5.2106421685514124e-14,0,8.4376949871511897e-15,1.5270245894921113e-13,3.1086244689504383e-15,0.062499999999998043,16,1.3032026413616562e-12,8.009556601536076e-14,8.8817841970012523e-16,1.2808962224220011e-11,2.5159812771895321e-13,1.7319479184152442e-14,0.0048487900057807565,0.18681707096402533,2.2204460492503126e-16,8.4980044067629146e-14,2.5646151868841116e-14
quad,4,3,0,gll,coupled,0,constant,yy,reused,9.7662230605950335e-13,nan,5.1895008737187479e-12,0,1.6925769737733201e-12,nan,2.4781751258421562e-12,1.8847672172057096e-12,9.3099388036384618e-16,2.8097044689036304e-13,0.26448631949230239,0,8.4376949871511897e-15,1.5270245894921113e-13,3.1086244689504383e-15,0.062499999999998043,16,1.3032026413616562e-12,8.009556601536076e-14,8.8817841970012523e-16,1.2808962224220011e-11,2.5159812771895321e-13,1.7319479184152442e-14,0.0048487900057807565,0.18681707096402533,2.2204460492503126e-16,8.4980044067629146e-14,2.5646151868841116e-14
quad,4,3,0,gll,coupled,0,constant,yy,reused_centered,9.7687040760612898e-13,nan,5.1112099402779859e-12,0,1.6875623970683494e-12,nan,2.4834795774068157e-12,1.8900916291332993e-12,9.3099388036384618e-16,2.7183360515776826e-13,0.25588552297301359,0,8.4376949871511897e-15,1.5270245894921113e-13,3.1086244689504383e-15,0.062499999999998043,16,1.3032026413616562e-12,8.009556601536076e-14,8.8817841970012523e-16,1.2808962224220011e-11,2.5159812771895321e-13,1.7319479184152442e-14,0.0048487900057807565,0.18681707096402533,2.2204460492503126e-16,8.4980044067629146e-14,2.5646151868841116e-14
quad,4,3,0,gll,coupled,0,constant,xxx,recursive,1.0623981578777105e-11,nan,5.3281891384898728e-11,0,1.606722330588113e-11,nan,2.6430066817649297e-11,2.2051019876745828e-11,9.3099388036384618e-16,8.5045853734419225e-12,0.97012685177692548,0,8.4376949871511897e-15,1.5270245894921113e-13,3.1086244689504383e-15,0.062499999999998043,16,1.3032026413616562e-12,8.009556601536076e-14,8.8817841970012523e-16,1.2808962224220011e-11,2.5159812771895321e-13,1.7319479184152442e-14,0.0048487900057807565,0.18681707096402533,2.2204460492503126e-16,8.4980044067629146e-14,2.5646151868841116e-14
quad,4,3,0,gll,coupled,0,constant,xxx,direct,8.7664673520422221e-12,nan,3.137986756191148e-11,0,1.1870233548631668e-11,nan,1.5580166339465813e-11,1.0735762737714914e-11,9.3099388036384618e-16,0,0,0,8.4376949871511897e-15,1.5270245894921113e-13,3.1086244689504383e-15,0.062499999999998043,16,1.3032026413616562e-12,8.009556601536076e-14,8.8817841970012523e-16,1.2808962224220011e-11,2.5159812771895321e-13,1.7319479184152442e-14,0.0048487900057807565,0.18681707096402533,2.2204460492503126e-16,8.4980044067629146e-14,2.5646151868841116e-14
quad,4,3,0,gll,coupled,0,constant,xxx,fe_geometry,8.7664673520412737e-12,nan,3.1379867561958429e-11,0,1.1870233548629177e-11,nan,1.5580166339460821e-11,1.0735762737710902e-11,9.3099388036384618e-16,4.6758496492112692e-24,5.3337900678110552e-13,0,8.4376949871511897e-15,1.5270245894921113e-13,3.1086244689504383e-15,0.062499999999998043,16,1.3032026413616562e-12,8.009556601536076e-14,8.8817841970012523e-16,1.2808962224220011e-11,2.5159812771895321e-13,1.7319479184152442e-14,0.0048487900057807565,0.18681707096402533,2.2204460492503126e-16,8.4980044067629146e-14,2.5646151868841116e-14
quad,4,3,0,gll,coupled,0,constant,xxx,reused,7.7294951271054596e-12,nan,3.5396931527820732e-11,0,1.1417679946235609e-11,nan,1.6147981335187253e-11,1.1414399061125538e-11,9.3099388036384618e-16,3.9841650723108988e-12,0.4544778315272861,0,8.4376949871511897e-15,1.5270245894921113e-13,3.1086244689504383e-15,0.062499999999998043,16,1.3032026413616562e-12,8.009556601536076e-14,8.8817841970012523e-16,1.2808962224220011e-11,2.5159812771895321e-13,1.7319479184152442e-14,0.0048487900057807565,0.18681707096402533,2.2204460492503126e-16,8.4980044067629146e-14,2.5646151868841116e-14
quad,4,3,0,gll,coupled,0,constant,xxx,reused_centered,7.6011409157826733e-12,nan,3.3523304547583399e-11,0,1.1216856948164986e-11,nan,1.5599300355338728e-11,1.0763350387789769e-11,9.3099388036384618e-16,3.6667086410296748e-12,0.41826524799359271,0,8.4376949871511897e-15,1.5270245894921113e-13,3.1086244689504383e-15,0.062499999999998043,16,1.3032026413616562e-12,8.009556601536076e-14,8.8817841970012523e-16,1.2808962224220011e-11,2.5159812771895321e-13,1.7319479184152442e-14,0.0048487900057807565,0.18681707096402533,2.2204460492503126e-16,8.4980044067629146e-14,2.5646151868841116e-14
quad,4,3,0,gll,coupled,0,constant,xxy,recursive,2.4443523124272765e-11,nan,2.6582573336281112e-10,0,5.0465696633026057e-11,nan,5.1963043450333927e-11,3.634671419087219e-11,9.3099388036384618e-16,7.7856434994707598e-12,0.31853138594979674,0,8.4376949871511897e-15,1.5270245894921113e-13,3.1086244689504383e-15,0.062499999999998043,16,1.3032026413616562e-12,8.009556601536076e-14,8.8817841970012523e-16,1.2808962224220011e-11,2.5159812771895321e-13,1.7319479184152442e-14,0.0048487900057807565,0.18681707096402533,2.2204460492503126e-16,8.4980044067629146e-14,2.5646151868841116e-14
quad,4,3,0,gll,coupled,0,constant,xxy,direct,2.4442311944411794e-11,nan,2.4228749526192302e-10,0,5.0098829424766521e-11,nan,5.2869377488555316e-11,3.6472621263642144e-11,9.3099388036384618e-16,0,0,0,8.4376949871511897e-15,1.5270245894921113e-13,3.1086244689504383e-15,0.062499999999998043,16,1.3032026413616562e-12,8.009556601536076e-14,8.8817841970012523e-16,1.2808962224220011e-11,2.5159812771895321e-13,1.7319479184152442e-14,0.0048487900057807565,0.18681707096402533,2.2204460492503126e-16,8.4980044067629146e-14,2.5646151868841116e-14
quad,4,3,0,gll,coupled,0,constant,xxy,fe_geometry,2.4442311944410456e-11,nan,2.4228749526182552e-10,0,5.0098829424762081e-11,nan,5.2869377488548305e-11,3.6472621263637892e-11,9.3099388036384618e-16,2.7517699924261475e-24,1.1258223030147033e-13,0,8.4376949871511897e-15,1.5270245894921113e-13,3.1086244689504383e-15,0.062499999999998043,16,1.3032026413616562e-12,8.009556601536076e-14,8.8817841970012523e-16,1.2808962224220011e-11,2.5159812771895321e-13,1.7319479184152442e-14,0.0048487900057807565,0.18681707096402533,2.2204460492503126e-16,8.4980044067629146e-14,2.5646151868841116e-14
quad,4,3,0,gll,coupled,0,constant,xxy,reused,2.4593205993313562e-11,nan,2.4210974195678015e-10,0,5.037335109426587e-11,nan,5.3389776069007332e-11,3.6982482325508014e-11,9.3099388036384618e-16,7.3818061964231851e-13,0.03020093276450829,0,8.4376949871511897e-15,1.5270245894921113e-13,3.1086244689504383e-15,0.062499999999998043,16,1.3032026413616562e-12,8.009556601536076e-14,8.8817841970012523e-16,1.2808962224220011e-11,2.5159812771895321e-13,1.7319479184152442e-14,0.0048487900057807565,0.18681707096402533,2.2204460492503126e-16,8.4980044067629146e-14,2.5646151868841116e-14
quad,4,3,0,gll,coupled,0,constant,xxy,reused_centered,2.4575076607733692e-11,nan,2.4110113777737256e-10,0,5.0333480851109967e-11,nan,5.3230028979778443e-11,3.6866046387099682e-11,9.3099388036384618e-16,7.2902771741485382e-13,0.029826463186987114,0,8.4376949871511897e-15,1.5270245894921113e-13,3.1086244689504383e-15,0.062499999999998043,16,1.3032026413616562e-12,8.009556601536076e-14,8.8817841970012523e-16,1.2808962224220011e-11,2.5159812771895321e-13,1.7319479184152442e-14,0.0048487900057807565,0.18681707096402533,2.2204460492503126e-16,8.4980044067629146e-14,2.5646151868841116e-14
quad,4,3,0,gll,coupled,0,constant,xyy,recursive,3.0871517179544136e-11,nan,2.4346699254759564e-10,0,5.8601287321407059e-11,nan,1.0482954689682301e-10,8.2455853562799778e-11,9.3099388036384618e-16,6.0460419026213853e-12,0.19318018294783298,0,8.4376949871511897e-15,1.5270245894921113e-13,3.1086244689504383e-15,0.062499999999998043,16,1.3032026413616562e-12,8.009556601536076e-14,8.8817841970012523e-16,1.2808962224220011e-11,2.5159812771895321e-13,1.7319479184152442e-14,0.0048487900057807565,0.18681707096402533,2.2204460492503126e-16,8.4980044067629146e-14,2.5646151868841116e-14
quad,4,3,0,gll,coupled,0,constant,xyy,direct,3.1297423008725893e-11,nan,2.6237930366335702e-10,0,5.9573167695889052e-11,nan,1.082680428512305e-10,8.5047655448577426e-11,9.3099388036384618e-16,0,0,0,8.4376949871511897e-15,1.5270245894921113e-13,3.1086244689504383e-15,0.062499999999998043,16,1.3032026413616562e-12,8.009556601536076e-14,8.8817841970012523e-16,1.2808962224220011e-11,2.5159812771895321e-13,1.7319479184152442e-14,0.0048487900057807565,0.18681707096402533,2.2204460492503126e-16,8.4980044067629146e-14,2.5646151868841116e-14
quad,4,3,0,gll,coupled,0,constant,xyy,fe_geometry,3.1297423008724794e-11,nan,2.6237930366328945e-10,0,5.9573167695885459e-11,nan,1.0826804285122338e-10,8.5047655448573432e-11,9.3099388036384618e-16,2.1316227657487965e-24,6.8108571276123542e-14,0,8.4376949871511897e-15,1.5270245894921113e-13,3.1086244689504383e-15,0.062499999999998043,16,1.3032026413616562e-12,8.009556601536076e-14,8.8817841970012523e-16,1.2808962224220011e-11,2.5159812771895321e-13,1.7319479184152442e-14,0.0048487900057807565,0.18681707096402533,2.2204460492503126e-16,8.4980044067629146e-14,2.5646151868841116e-14
quad,4,3,0,gll,coupled,0,constant,xyy,reused,3.1501890462731213e-11,nan,2.6588971358308942e-10,0,5.9885076426283975e-11,nan,1.0872057437417595e-10,8.5590494704961807e-11,9.3099388036384618e-16,7.6761833461024278e-13,0.024526566752675664,0,8.4376949871511897e-15,1.5270245894921113e-13,3.1086244689504383e-15,0.062499999999998043,16,1.3032026413616562e-12,8.009556601536076e-14,8.8817841970012523e-16,1.2808962224220011e-11,2.5159812771895321e-13,1.7319479184152442e-14,0.0048487900057807565,0.18681707096402533,2.2204460492503126e-16,8.4980044067629146e-14,2.5646151868841116e-14
quad,4,3,0,gll,coupled,0,constant,xyy,reused_centered,3.1507266094397459e-11,nan,2.6529616903179073e-10,0,5.9886375109918843e-11,nan,1.087296965348026e-10,8.5665056303963015e-11,9.3099388036384618e-16,7.701768664276181e-13,0.024608315713817351,0,8.4376949871511897e-15,1.5270245894921113e-13,3.1086244689504383e-15,0.062499999999998043,16,1.3032026413616562e-12,8.009556601536076e-14,8.8817841970012523e-16,1.2808962224220011e-11,2.5159812771895321e-13,1.7319479184152442e-14,0.0048487900057807565,0.18681707096402533,2.2204460492503126e-16,8.4980044067629146e-14,2.5646151868841116e-14
quad,4,3,0,gll,coupled,0,constant,yyy,recursive,1.5454785544094693e-11,nan,6.0339777466985696e-11,0,2.2130137190675675e-11,nan,2.1349050479196479e-11,1.7554481729937433e-11,9.3099388036384618e-16,7.5750535529193794e-12,0.51617703693626438,0,8.4376949871511897e-15,1.5270245894921113e-13,3.1086244689504383e-15,0.062499999999998043,16,1.3032026413616562e-12,8.009556601536076e-14,8.8817841970012523e-16,1.2808962224220011e-11,2.5159812771895321e-13,1.7319479184152442e-14,0.0048487900057807565,0.18681707096402533,2.2204460492503126e-16,8.4980044067629146e-14,2.5646151868841116e-14
quad,4,3,0,gll,coupled,0,constant,yyy,direct,1.4675301322741169e-11,nan,3.6987542070508813e-11,0,1.7747970309471055e-11,nan,1.4767263590264486e-11,1.0567688804708455e-11,9.3099388036384618e-16,0,0,0,8.4376949871511897e-15,1.5270245894921113e-13,3.1086244689504383e-15,0.062499999999998043,16,1.3032026413616562e-12,8.009556601536076e-14,8.8817841970012523e-16,1.2808962224220011e-11,2.5159812771895321e-13,1.7319479184152442e-14,0.0048487900057807565,0.18681707096402533,2.2204460492503126e-16,8.4980044067629146e-14,2.5646151868841116e-14
quad,4,3,0,gll,coupled,0,constant,yyy,fe_geometry,1.4675301322741046e-11,nan,3.6987542070510151e-11,0,1.774797030946992e-11,nan,1.4767263590263517e-11,1.056768880470755e-11,9.3099388036384618e-16,2.3137851105534533e-24,1.5766525399842802e-13,0,8.4376949871511897e-15,1.5270245894921113e-13,3.1086244689504383e-15,0.062499999999998043,16,1.3032026413616562e-12,8.009556601536076e-14,8.8817841970012523e-16,1.2808962224220011e-11,2.5159812771895321e-13,1.7319479184152442e-14,0.0048487900057807565,0.18681707096402533,2.2204460492503126e-16,8.4980044067629146e-14,2.5646151868841116e-14
quad,4,3,0,gll,coupled,0,constant,yyy,reused,1.3510381259510595e-11,nan,4.2941524260503128e-11,0,1.9181950306515818e-11,nan,1.5505984680810229e-11,1.1595540451944298e-11,9.3099388036384618e-16,4.0455866725849089e-12,0.27567315884109167,0,8.4376949871511897e-15,1.5270245894921113e-13,3.1086244689504383e-15,0.062499999999998043,16,1.3032026413616562e-12,8.009556601536076e-14,8.8817841970012523e-16,1.2808962224220011e-11,2.5159812771895321e-13,1.7319479184152442e-14,0.0048487900057807565,0.18681707096402533,2.2204460492503126e-16,8.4980044067629146e-14,2.5646151868841116e-14
quad,4,3,0,gll,coupled,0,constant,yyy,reused_centered,1.3455475543473489e-11,nan,4.1095749773384812e-11,0,1.903778669335842e-11,nan,1.5106054994825769e-11,1.0882657985763617e-11,9.3099388036384618e-16,3.7192525531907468e-12,0.25343619673602963,0,8.4376949871511897e-15,1.5270245894921113e-13,3.1086244689504383e-15,0.062499999999998043,16,1.3032026413616562e-12,8.009556601536076e-14,8.8817841970012523e-16,1.2808962224220011e-11,2.5159812771895321e-13,1.7319479184152442e-14,0.0048487900057807565,0.18681707096402533,2.2204460492503126e-16,8.4980044067629146e-14,2.5646151868841116e-14
quad,4,3,0,gll,coupled,0,physical_quadratic,x,recursive,4.0288197249103115e-14,2.4671381479225863e-14,3.3173463975799677e-13,1.6329931618554534,7.6067548375008278e-14,4.6355872763986931e-14,1.1427593375574014e-13,7.5493589260423198e-14,1.1881161582432829e-15,2.2323602011175223e-14,1.3670358537086925e-14,0,8.4376949871511897e-15,1.5270245894921113e-13,3.1086244689504383e-15,0.062499999999998043,16,1.3032026413616562e-12,8.009556601536076e-14,8.8817841970012523e-16,1.2808962224220011e-11,2.5159812771895321e-13,1.7319479184152442e-14,0.0048487900057807565,0.18681707096402533,2.2204460492503126e-16,8.4980044067629146e-14,2.5646151868841116e-14
quad,4,3,0,gll,coupled,0,physical_quadratic,x,direct,3.6660477038051338e-14,2.2449865617561228e-14,3.4772185131259903e-13,1.6329931618554534,6.9454837075486078e-14,4.2326059654795917e-14,1.1034740337608752e-13,7.26423508341536e-14,1.1881161582432829e-15,0,0,0,8.4376949871511897e-15,1.5270245894921113e-13,3.1086244689504383e-15,0.062499999999998043,16,1.3032026413616562e-12,8.009556601536076e-14,8.8817841970012523e-16,1.2808962224220011e-11,2.5159812771895321e-13,1.7319479184152442e-14,0.0048487900057807565,0.18681707096402533,2.2204460492503126e-16,8.4980044067629146e-14,2.5646151868841116e-14
quad,4,3,0,gll,coupled,0,physical_quadratic,x,fe_geometry,6.016264284606238e-14,3.6841944137539358e-14,3.7969627442180354e-13,1.6329931618554534,9.2239489943390001e-14,5.6211119603213764e-14,9.9787984464002576e-14,7.0063457557234565e-14,1.1881161582432829e-15,4.507208768538556e-14,2.7600904117794015e-14,0,8.4376949871511897e-15,1.5270245894921113e-13,3.1086244689504383e-15,0.062499999999998043,16,1.3032026413616562e-12,8.009556601536076e-14,8.8817841970012523e-16,1.2808962224220011e-11,2.5159812771895321e-13,1.7319479184152442e-14,0.0048487900057807565,0.18681707096402533,2.2204460492503126e-16,8.4980044067629146e-14,2.5646151868841116e-14
quad,4,3,0,gll,coupled,0,physical_quadratic,x,reused,4.0415627702109933e-14,2.4749416376115469e-14,3.6326497365735122e-13,1.6329931618554534,7.9028285617320493e-14,4.8160158058099483e-14,1.2456085662554862e-13,8.0373648744925583e-14,1.1881161582432829e-15,2.4558555717575511e-14,1.5038982581942616e-14,0,8.4376949871511897e-15,1.5270245894921113e-13,3.1086244689504383e-15,0.062499999999998043,16,1.3032026413616562e-12,8.009556601536076e-14,8.8817841970012523e-16,1.2808962224220011e-11,2.5159812771895321e-13,1.7319479184152442e-14,0.0048487900057807565,0.18681707096402533,2.2204460492503126e-16,8.4980044067629146e-14,2.5646151868841116e-14
quad,4,3,0,gll,coupled,0,physical_quadratic,x,reused_centered,3.9165932132552278e-14,2.3984137256307205e-14,3.4772185131259903e-13,1.6329931618554534,7.6807387334175351e-14,4.6806733628963318e-14,1.196067778650421e-13,7.7599213739378262e-14,1.1881161582432829e-15,1.9711488520231107e-14,1.2070772236323631e-14,0,8.4376949871511897e-15,1.5270245894921113e-13,3.1086244689504383e-15,0.062499999999998043,16,1.3032026413616562e-12,8.009556601536076e-14,8.8817841970012523e-16,1.2808962224220011e-11,2.5159812771895321e-13,1.7319479184152442e-14,0.0048487900057807565,0.18681707096402533,2.2204460492503126e-16,8.4980044067629146e-14,2.5646151868841116e-14
quad,4,3,0,gll,coupled,0,physical_quadratic,y,recursive,3.5512458585172309e-14,2.1746850761347956e-14,5.0315307476012094e-13,1.6329931618554552,7.7729286476237427e-14,4.7368542708440646e-14,8.361013725228094e-14,5.600985979707696e-14,1.1881161582432829e-15,2.1512998950184511e-14,1.3173967566245563e-14,0,8.4376949871511897e-15,1.5270245894921113e-13,3.1086244689504383e-15,0.062499999999998043,16,1.3032026413616562e-12,8.009556601536076e-14,8.8817841970012523e-16,1.2808962224220011e-11,2.5159812771895321e-13,1.7319479184152442e-14,0.0048487900057807565,0.18681707096402533,2.2204460492503126e-16,8.4980044067629146e-14,2.5646151868841116e-14
quad,4,3,0,gll,coupled,0,physical_quadratic,y,direct,3.1590871438581939e-14,1.9345378888597094e-14,3.9479530755670567e-13,1.6329931618554552,6.4839231841730815e-14,3.9513291089021484e-14,7.634441449826851e-14,4.9820914351845332e-14,1.1881161582432829e-15,0,0,0,8.4376949871511897e-15,1.5270245894921113e-13,3.1086244689504383e-15,0.062499999999998043,16,1.3032026413616562e-12,8.009556601536076e-14,8.8817841970012523e-16,1.2808962224220011e-11,2.5159812771895321e-13,1.7319479184152442e-14,0.0048487900057807565,0.18681707096402533,2.2204460492503126e-16,8.4980044067629146e-14,2.5646151868841116e-14
quad,4,3,0,gll,coupled,0,physical_quadratic,y,fe_geometry,5.5290768739239615e-14,3.3858542724340992e-14,5.1247894816697226e-13,1.6329931618554552,8.6786268521768347e-14,5.2887904332382296e-14,1.1234313691633166e-13,7.6817918388765463e-14,1.1881161582432829e-15,4.1500392839452857e-14,2.5413696645428063e-14,0,8.4376949871511897e-15,1.5270245894921113e-13,3.1086244689504383e-15,0.062499999999998043,16,1.3032026413616562e-12,8.009556601536076e-14,8.8817841970012523e-16,1.2808962224220011e-11,2.5159812771895321e-13,1.7319479184152442e-14,0.0048487900057807565,0.18681707096402533,2.2204460492503126e-16,8.4980044067629146e-14,2.5646151868841116e-14
quad,4,3,0,gll,coupled,0,physical_quadratic,y,reused,3.6162140077007087e-14,2.2144697798929296e-14,4.9249493372371944e-13,1.6329931618554552,7.9890545735606039e-14,4.8685622874392156e-14,8.9190779062162619e-14,6.1090544860052382e-14,1.1881161582432829e-15,2.3057208182971995e-14,1.411959873535157e-14,0,8.4376949871511897e-15,1.5270245894921113e-13,3.1086244689504383e-15,0.062499999999998043,16,1.3032026413616562e-12,8.009556601536076e-14,8.8817841970012523e-16,1.2808962224220011e-11,2.5159812771895321e-13,1.7319479184152442e-14,0.0048487900057807565,0.18681707096402533,2.2204460492503126e-16,8.4980044067629146e-14,2.5646151868841116e-14
quad,4,3,0,gll,coupled,0,physical_quadratic,y,reused_centered,3.4381351192784886e-14,2.1054191772438149e-14,4.7739590058881731e-13,1.6329931618554552,7.6814119155180426e-14,4.6810836028010601e-14,8.4939766162629652e-14,5.8059189008415702e-14,1.1881161582432829e-15,1.8621265651205434e-14,1.1403149802567111e-14,0,8.4376949871511897e-15,1.5270245894921113e-13,3.1086244689504383e-15,0.062499999999998043,16,1.3032026413616562e-12,8.009556601536076e-14,8.8817841970012523e-16,1.2808962224220011e-11,2.5159812771895321e-13,1.7319479184152442e-14,0.0048487900057807565,0.18681707096402533,2.2204460492503126e-16,8.4980044067629146e-14,2.5646151868841116e-14
quad,4,3,0,gll,coupled,0,physical_quadratic,xx,recursive,1.1337343817935006e-12,5.668671908967481e-13,7.5102146723793339e-12,2.0000000000000075,1.8257438393805257e-12,9.1287191969026285e-13,2.6361908799339534e-12,1.8034195610703503e-12,1.1881161582432829e-15,7.3514771474388205e-13,3.6757385737197475e-13,0,8.4376949871511897e-15,1.5270245894921113e-13,3.1086244689504383e-15,0.062499999999998043,16,1.3032026413616562e-12,8.009556601536076e-14,8.8817841970012523e-16,1.2808962224220011e-11,2.5159812771895321e-13,1.7319479184152442e-14,0.0048487900057807565,0.18681707096402533,2.2204460492503126e-16,8.4980044067629146e-14,2.5646151868841116e-14
quad,4,3,0,gll,coupled,0,physical_quadratic,xx,direct,9.0594317936010182e-13,4.5297158968004914e-13,5.2358117841322382e-12,2.0000000000000075,1.4498294270379771e-12,7.2491471351898855e-13,2.0985628659908302e-12,1.4560884558089286e-12,1.1881161582432829e-15,0,0,0,8.4376949871511897e-15,1.5270245894921113e-13,3.1086244689504383e-15,0.062499999999998043,16,1.3032026413616562e-12,8.009556601536076e-14,8.8817841970012523e-16,1.2808962224220011e-11,2.5159812771895321e-13,1.7319479184152442e-14,0.0048487900057807565,0.18681707096402533,2.2204460492503126e-16,8.4980044067629146e-14,2.5646151868841116e-14
quad,4,3,0,gll,coupled,0,physical_quadratic,xx,fe_geometry,1.688671539036246e-12,8.4433576951811979e-13,1.0752287948889716e-11,2.0000000000000075,2.5600919483159008e-12,1.2800459741579504e-12,3.6102989516381022e-12,2.551654027567205e-12,1.1881161582432829e-15,1.5398451925535586e-12,7.6992259627684997e-13,0,8.4376949871511897e-15,1.5270245894921113e-13,3.1086244689504383e-15,0.062499999999998043,16,1.3032026413616562e-12,8.009556601536076e-14,8.8817841970012523e-16,1.2808962224220011e-11,2.5159812771895321e-13,1.7319479184152442e-14,0.0048487900057807565,0.18681707096402533,2.2204460492503126e-16,8.4980044067629146e-14,2.5646151868841116e-14
quad,4,3,0,gll,coupled,0,physical_quadratic,xx,reused,1.2263572489341653e-12,6.1317862446708024e-13,8.0613293818032616e-12,2.0000000000000075,2.0089109191064774e-12,1.0044554595532387e-12,2.3057913846200083e-12,1.5885876484977367e-12,1.1881161582432829e-15,8.4749785818656678e-13,4.2374892909332227e-13,0,8.4376949871511897e-15,1.5270245894921113e-13,3.1086244689504383e-15,0.062499999999998043,16,1.3032026413616562e-12,8.009556601536076e-14,8.8817841970012523e-16,1.2808962224220011e-11,2.5159812771895321e-13,1.7319479184152442e-14,0.0048487900057807565,0.18681707096402533,2.2204460492503126e-16,8.4980044067629146e-14,2.5646151868841116e-14
quad,4,3,0,gll,coupled,0,physical_quadratic,xx,reused_centered,1.1216668277118838e-12,5.6083341385593976e-13,7.5381922925998879e-12,2.0000000000000075,1.8136587766298952e-12,9.0682938831494762e-13,2.4676302005443298e-12,1.7062207008507019e-12,1.1881161582432829e-15,6.8278248600556087e-13,3.4139124300281178e-13,0,8.4376949871511897e-15,1.5270245894921113e-13,3.1086244689504383e-15,0.062499999999998043,16,1.3032026413616562e-12,8.009556601536076e-14,8.8817841970012523e-16,1.2808962224220011e-11,2.5159812771895321e-13,1.7319479184152442e-14,0.0048487900057807565,0.18681707096402533,2.2204460492503126e-16,8.4980044067629146e-14,2.5646151868841116e-14
quad,4,3,0,gll,coupled,0,physical_quadratic,xy,recursive,1.1457299473278756e-12,1.1457299473278712e-12,1.5071943693101275e-11,1.0000000000000038,2.5709431129042374e-12,2.5709431129042374e-12,2.9745653353903648e-12,1.9671335721539857e-12,1.1881161582432829e-15,2.8071387763379693e-13,2.8071387763381339e-13,0,8.4376949871511897e-15,1.5270245894921113e-13,3.1086244689504383e-15,0.062499999999998043,16,1.3032026413616562e-12,8.009556601536076e-14,8.8817841970012523e-16,1.2808962224220011e-11,2.5159812771895321e-13,1.7319479184152442e-14,0.0048487900057807565,0.18681707096402533,2.2204460492503126e-16,8.4980044067629146e-14,2.5646151868841116e-14
quad,4,3,0,gll,coupled,0,physical_quadratic,xy,direct,1.0540176938452844e-12,1.0540176938452803e-12,1.3794743125572495e-11,1.0000000000000038,2.3864023002403038e-12,2.3864023002403038e-12,2.7813913595323111e-12,1.8332602372206068e-12,1.1881161582432829e-15,0,0,0,8.4376949871511897e-15,1.5270245894921113e-13,3.1086244689504383e-15,0.062499999999998043,16,1.3032026413616562e-12,8.009556601536076e-14,8.8817841970012523e-16,1.2808962224220011e-11,2.5159812771895321e-13,1.7319479184152442e-14,0.0048487900057807565,0.18681707096402533,2.2204460492503126e-16,8.4980044067629146e-14,2.5646151868841116e-14
quad,4,3,0,gll,coupled,0,physical_quadratic,xy,fe_geometry,1.1728467898559955e-12,1.1728467898559911e-12,1.5081935700322902e-11,1.0000000000000038,2.6051413234413844e-12,2.6051413234413844e-12,3.0508396449375514e-12,2.0983593479998825e-12,1.1881161582432829e-15,3.3083463354447064e-13,3.3083463354448998e-13,0,8.4376949871511897e-15,1.5270245894921113e-13,3.1086244689504383e-15,0.062499999999998043,16,1.3032026413616562e-12,8.009556601536076e-14,8.8817841970012523e-16,1.2808962224220011e-11,2.5159812771895321e-13,1.7319479184152442e-14,0.0048487900057807565,0.18681707096402533,2.2204460492503126e-16,8.4980044067629146e-14,2.5646151868841116e-14
quad,4,3,0,gll,coupled,0,physical_quadratic,xy,reused,1.1119609492786549e-12,1.1119609492786506e-12,1.3801071396812858e-11,1.0000000000000038,2.5416778695387316e-12,2.5416778695387316e-12,2.9835089251638382e-12,1.9955954767734622e-12,1.1881161582432829e-15,1.8437737691167919e-13,1.8437737691168999e-13,0,8.4376949871511897e-15,1.5270245894921113e-13,3.1086244689504383e-15,0.062499999999998043,16,1.3032026413616562e-12,8.009556601536076e-14,8.8817841970012523e-16,1.2808962224220011e-11,2.5159812771895321e-13,1.7319479184152442e-14,0.0048487900057807565,0.18681707096402533,2.2204460492503126e-16,8.4980044067629146e-14,2.5646151868841116e-14
quad,4,3,0,gll,coupled,0,physical_quadratic,xy,reused_centered,1.1075678963458762e-12,1.107567896345872e-12,1.4692025374074547e-11,1.0000000000000038,2.5424718338429941e-12,2.5424718338429941e-12,2.9807650570139443e-12,1.9885496453270538e-12,1.1881161582432829e-15,1.9548908433077505e-13,1.9548908433078649e-13,0,8.4376949871511897e-15,1.5270245894921113e-13,3.1086244689504383e-15,0.062499999999998043,16,1.3032026413616562e-12,8.009556601536076e-14,8.8817841970012523e-16,1.2808962224220011e-11,2.5159812771895321e-13,1.7319479184152442e-14,0.0048487900057807565,0.18681707096402533,2.2204460492503126e-16,8.4980044067629146e-14,2.5646151868841116e-14
quad,4,3,0,gll,coupled,0,physical_quadratic,yy,recursive,1.0231009178547352e-12,5.1155045892736568e-13,1.2494227874526587e-11,2.0000000000000075,1.9684545947981705e-12,9.8422729739908525e-13,2.4430488907417967e-12,1.6961467419283816e-12,1.1881161582432829e-15,6.9768785303318639e-13,3.4884392651659683e-13,0,8.4376949871511897e-15,1.5270245894921113e-13,3.1086244689504383e-15,0.062499999999998043,16,1.3032026413616562e-12,8.009556601536076e-14,8.8817841970012523e-16,1.2808962224220011e-11,2.5159812771895321e-13,1.7319479184152442e-14,0.0048487900057807565,0.18681707096402533,2.2204460492503126e-16,8.4980044067629146e-14,2.5646151868841116e-14
quad,4,3,0,gll,coupled,0,physical_quadratic,yy,direct,8.5321193156858072e-13,4.2660596578428869e-13,7.7120532182561874e-12,2.0000000000000075,1.494516679505454e-12,7.4725833975272698e-13,2.2922326866879055e-12,1.6307577480154769e-12,1.1881161582432829e-15,0,0,0,8.4376949871511897e-15,1.5270245894921113e-13,3.1086244689504383e-15,0.062499999999998043,16,1.3032026413616562e-12,8.009556601536076e-14,8.8817841970012523e-16,1.2808962224220011e-11,2.5159812771895321e-13,1.7319479184152442e-14,0.0048487900057807565,0.18681707096402533,2.2204460492503126e-16,8.4980044067629146e-14,2.5646151868841116e-14
quad,4,3,0,gll,coupled,0,physical_quadratic,yy,fe_geometry,1.2133522773926338e-12,6.0667613869631459e-13,8.0149220593739301e-12,2.0000000000000075,1.863305974136964e-12,9.3165298706848201e-13,2.716237471436644e-12,1.9435443608937612e-12,1.1881161582432829e-15,6.9948505897666423e-13,3.497425294883358e-13,0,8.4376949871511897e-15,1.5270245894921113e-13,3.1086244689504383e-15,0.062499999999998043,16,1.3032026413616562e-12,8.009556601536076e-14,8.8817841970012523e-16,1.2808962224220011e-11,2.5159812771895321e-13,1.7319479184152442e-14,0.0048487900057807565,0.18681707096402533,2.2204460492503126e-16,8.4980044067629146e-14,2.5646151868841116e-14
quad,4,3,0,gll,coupled,0,physical_quadratic,yy,reused,1.1684585343844874e-12,5.842292671922415e-13,1.188094067572365e-11,2.0000000000000075,2.2136917954643464e-12,1.1068458977321732e-12,2.2513403216738932e-12,1.6261390983271858e-12,1.1881161582432829e-15,9.0475598440722064e-13,4.5237799220361507e-13,0,8.4376949871511897e-15,1.5270245894921113e-13,3.1086244689504383e-15,0.062499999999998043,16,1.3032026413616562e-12,8.009556601536076e-14,8.8817841970012523e-16,1.2808962224220011e-11,2.5159812771895321e-13,1.7319479184152442e-14,0.0048487900057807565,0.18681707096402533,2.2204460492503126e-16,8.4980044067629146e-14,2.5646151868841116e-14
quad,4,3,0,gll,coupled,0,physical_quadratic,yy,reused_centered,1.0367313503583834e-12,5.1836567517918969e-13,1.1298517677005293e-11,2.0000000000000075,2.008593958942429e-12,1.0042969794712145e-12,2.3166729343598638e-12,1.6458854938688353e-12,1.1881161582432829e-15,7.1243214805170517e-13,3.5621607402585632e-13,0,8.4376949871511897e-15,1.5270245894921113e-13,3.1086244689504383e-15,0.062499999999998043,16,1.3032026413616562e-12,8.009556601536076e-14,8.8817841970012523e-16,1.2808962224220011e-11,2.5159812771895321e-13,1.7319479184152442e-14,0.0048487900057807565,0.18681707096402533,2.2204460492503126e-16,8.4980044067629146e-14,2.5646151868841116e-14
quad,4,3,0,gll,coupled,0,physical_quadratic,xxx,recursive,1.8595685601863053e-11,nan,9.6993191113005893e-11,0,2.549367401469072e-11,nan,3.9916844813305818e-11,2.8300291037504367e-11,1.1881161582432829e-15,1.5004088902219712e-11,1.2672503335020693,0,8.4376949871511897e-15,1.5270245894921113e-13,3.1086244689504383e-15,0.062499999999998043,16,1.3032026413616562e-12,8.009556601536076e-14,8.8817841970012523e-16,1.2808962224220011e-11,2.5159812771895321e-13,1.7319479184152442e-14,0.0048487900057807565,0.18681707096402533,2.2204460492503126e-16,8.4980044067629146e-14,2.5646151868841116e-14
quad,4,3,0,gll,coupled,0,physical_quadratic,xxx,direct,1.1839877651289024e-11,nan,4.1623357488777663e-11,0,1.5320319433494681e-11,nan,2.3343667885494184e-11,1.6233503200764397e-11,1.1881161582432829e-15,0,0,0,8.4376949871511897e-15,1.5270245894921113e-13,3.1086244689504383e-15,0.062499999999998043,16,1.3032026413616562e-12,8.009556601536076e-14,8.8817841970012523e-16,1.2808962224220011e-11,2.5159812771895321e-13,1.7319479184152442e-14,0.0048487900057807565,0.18681707096402533,2.2204460492503126e-16,8.4980044067629146e-14,2.5646151868841116e-14
quad,4,3,0,gll,coupled,0,physical_quadratic,xxx,fe_geometry,3.6354031393328882e-11,nan,1.7521997338562469e-10,0,4.8514789528980652e-11,nan,7.4796903985882172e-11,5.2539720744510909e-11,1.1881161582432829e-15,3.4971687689845025e-11,2.9537203609563996,0,8.4376949871511897e-15,1.5270245894921113e-13,3.1086244689504383e-15,0.062499999999998043,16,1.3032026413616562e-12,8.009556601536076e-14,8.8817841970012523e-16,1.2808962224220011e-11,2.5159812771895321e-13,1.7319479184152442e-14,0.0048487900057807565,0.18681707096402533,2.2204460492503126e-16,8.4980044067629146e-14,2.5646151868841116e-14
quad,4,3,0,gll,coupled,0,physical_quadratic,xxx,reused,2.29179889669457e-11,nan,1.0412408991601407e-10,0,3.0773224151560866e-11,nan,5.1202297873158506e-11,3.7374734363532226e-11,1.1881161582432829e-15,2.0242176079529143e-11,1.709660916751564,0,8.4376949871511897e-15,1.5270245894921113e-13,3.1086244689504383e-15,0.062499999999998043,16,1.3032026413616562e-12,8.009556601536076e-14,8.8817841970012523e-16,1.2808962224220011e-11,2.5159812771895321e-13,1.7319479184152442e-14,0.0048487900057807565,0.18681707096402533,2.2204460492503126e-16,8.4980044067629146e-14,2.5646151868841116e-14
quad,4,3,0,gll,coupled,0,physical_quadratic,xxx,reused_centered,1.8777973765070927e-11,nan,9.3951881883921393e-11,0,2.5092718392503317e-11,nan,3.8834257490269114e-11,2.8397637200273231e-11,1.1881161582432829e-15,1.5270032121966597e-11,1.2897119861964224,0,8.4376949871511897e-15,1.5270245894921113e-13,3.1086244689504383e-15,0.062499999999998043,16,1.3032026413616562e-12,8.009556601536076e-14,8.8817841970012523e-16,1.2808962224220011e-11,2.5159812771895321e-13,1.7319479184152442e-14,0.0048487900057807565,0.18681707096402533,2.2204460492503126e-16,8.4980044067629146e-14,2.5646151868841116e-14
quad,4,3,0,gll,coupled,0,physical_quadratic,xxy,recursive,2.9540657984032093e-11,nan,2.8822410814426442e-10,0,5.9479242852558268e-11,nan,8.3146501126804469e-11,5.5686432798323278e-11,1.1881161582432829e-15,9.5459862111235178e-12,0.36603904005422805,0,8.4376949871511897e-15,1.5270245894921113e-13,3.1086244689504383e-15,0.062499999999998043,16,1.3032026413616562e-12,8.009556601536076e-14,8.8817841970012523e-16,1.2808962224220011e-11,2.5159812771895321e-13,1.7319479184152442e-14,0.0048487900057807565,0.18681707096402533,2.2204460492503126e-16,8.4980044067629146e-14,2.5646151868841116e-14
quad,4,3,0,gll,coupled,0,physical_quadratic,xxy,direct,2.6079147758963897e-11,nan,2.581505233919842e-10,0,5.1718037771213683e-11,nan,6.9086954802676049e-11,4.8485091422570129e-11,1.1881161582432829e-15,0,0,0,8.4376949871511897e-15,1.5270245894921113e-13,3.1086244689504383e-15,0.062499999999998043,16,1.3032026413616562e-12,8.009556601536076e-14,8.8817841970012523e-16,1.2808962224220011e-11,2.5159812771895321e-13,1.7319479184152442e-14,0.0048487900057807565,0.18681707096402533,2.2204460492503126e-16,8.4980044067629146e-14,2.5646151868841116e-14
quad,4,3,0,gll,coupled,0,physical_quadratic,xxy,fe_geometry,2.8708138930863148e-11,nan,3.4801250891995284e-10,0,5.8142605738734853e-11,nan,8.0540961855343921e-11,5.2884754205751071e-11,1.1881161582432829e-15,1.079599474495228e-11,0.41397038142250991,0,8.4376949871511897e-15,1.5270245894921113e-13,3.1086244689504383e-15,0.062499999999998043,16,1.3032026413616562e-12,8.009556601536076e-14,8.8817841970012523e-16,1.2808962224220011e-11,2.5159812771895321e-13,1.7319479184152442e-14,0.0048487900057807565,0.18681707096402533,2.2204460492503126e-16,8.4980044067629146e-14,2.5646151868841116e-14
quad,4,3,0,gll,coupled,0,physical_quadratic,xxy,reused,2.7834593116654892e-11,nan,2.9737918939178017e-10,0,5.6190208659645531e-11,nan,7.3790123433588934e-11,5.0487436847908949e-11,1.1881161582432829e-15,6.6339247284170326e-12,0.25437659197037321,0,8.4376949871511897e-15,1.5270245894921113e-13,3.1086244689504383e-15,0.062499999999998043,16,1.3032026413616562e-12,8.009556601536076e-14,8.8817841970012523e-16,1.2808962224220011e-11,2.5159812771895321e-13,1.7319479184152442e-14,0.0048487900057807565,0.18681707096402533,2.2204460492503126e-16,8.4980044067629146e-14,2.5646151868841116e-14
quad,4,3,0,gll,coupled,0,physical_quadratic,xxy,reused_centered,2.8300386613273718e-11,nan,2.9349677411201657e-10,0,5.7127467686267648e-11,nan,7.265130445170421e-11,5.0545933745087287e-11,1.1881161582432829e-15,7.4516576793745419e-12,0.28573240767859315,0,8.4376949871511897e-15,1.5270245894921113e-13,3.1086244689504383e-15,0.062499999999998043,16,1.3032026413616562e-12,8.009556601536076e-14,8.8817841970012523e-16,1.2808962224220011e-11,2.5159812771895321e-13,1.7319479184152442e-14,0.0048487900057807565,0.18681707096402533,2.2204460492503126e-16,8.4980044067629146e-14,2.5646151868841116e-14
quad,4,3,0,gll,coupled,0,physical_quadratic,xyy,recursive,3.031909171510923e-11,nan,2.5342188666767114e-10,0,5.8229342051043865e-11,nan,8.1436928376007332e-11,5.6450672601173178e-11,1.1881161582432829e-15,7.4419587791947747e-12,0.26922885778092726,0,8.4376949871511897e-15,1.5270245894921113e-13,3.1086244689504383e-15,0.062499999999998043,16,1.3032026413616562e-12,8.009556601536076e-14,8.8817841970012523e-16,1.2808962224220011e-11,2.5159812771895321e-13,1.7319479184152442e-14,0.0048487900057807565,0.18681707096402533,2.2204460492503126e-16,8.4980044067629146e-14,2.5646151868841116e-14
quad,4,3,0,gll,coupled,0,physical_quadratic,xyy,direct,2.7641757427245527e-11,nan,2.3983210107107625e-10,0,5.4064103289033406e-11,nan,7.7949556946379215e-11,5.4761169166978604e-11,1.1881161582432829e-15,0,0,0,8.4376949871511897e-15,1.5270245894921113e-13,3.1086244689504383e-15,0.062499999999998043,16,1.3032026413616562e-12,8.009556601536076e-14,8.8817841970012523e-16,1.2808962224220011e-11,2.5159812771895321e-13,1.7319479184152442e-14,0.0048487900057807565,0.18681707096402533,2.2204460492503126e-16,8.4980044067629146e-14,2.5646151868841116e-14
quad,4,3,0,gll,coupled,0,physical_quadratic,xyy,fe_geometry,3.2005060546045406e-11,nan,3.3060778686820175e-10,0,6.2735168093855774e-11,nan,9.1184227727233794e-11,6.2711519641204575e-11,1.1881161582432829e-15,1.1567956754976178e-11,0.41849570474755859,0,8.4376949871511897e-15,1.5270245894921113e-13,3.1086244689504383e-15,0.062499999999998043,16,1.3032026413616562e-12,8.009556601536076e-14,8.8817841970012523e-16,1.2808962224220011e-11,2.5159812771895321e-13,1.7319479184152442e-14,0.0048487900057807565,0.18681707096402533,2.2204460492503126e-16,8.4980044067629146e-14,2.5646151868841116e-14
quad,4,3,0,gll,coupled,0,physical_quadratic,xyy,reused,3.011274859132947e-11,nan,3.5152248785847274e-10,0,6.0670471263287637e-11,nan,8.6363344506400402e-11,6.01216360874273e-11,1.1881161582432829e-15,7.1230752667234651e-12,0.25769256117205108,0,8.4376949871511897e-15,1.5270245894921113e-13,3.1086244689504383e-15,0.062499999999998043,16,1.3032026413616562e-12,8.009556601536076e-14,8.8817841970012523e-16,1.2808962224220011e-11,2.5159812771895321e-13,1.7319479184152442e-14,0.0048487900057807565,0.18681707096402533,2.2204460492503126e-16,8.4980044067629146e-14,2.5646151868841116e-14
quad,4,3,0,gll,coupled,0,physical_quadratic,xyy,reused_centered,2.9971615064713599e-11,nan,3.4772033985926533e-10,0,6.0940984019866214e-11,nan,8.8042817475523753e-11,6.0802751249455098e-11,1.1881161582432829e-15,7.6878557772027548e-12,0.27812471032052033,0,8.4376949871511897e-15,1.5270245894921113e-13,3.1086244689504383e-15,0.062499999999998043,16,1.3032026413616562e-12,8.009556601536076e-14,8.8817841970012523e-16,1.2808962224220011e-11,2.5159812771895321e-13,1.7319479184152442e-14,0.0048487900057807565,0.18681707096402533,2.2204460492503126e-16,8.4980044067629146e-14,2.5646151868841116e-14
quad,4,3,0,gll,coupled,0,physical_quadratic,yyy,recursive,1.6372983277908246e-11,nan,1.3756694917101094e-10,0,2.6362811534444752e-11,nan,3.2512985034029471e-11,2.3882365826515227e-11,1.1881161582432829e-15,1.2816331444694208e-11,1.1051553718398026,0,8.4376949871511897e-15,1.5270245894921113e-13,3.1086244689504383e-15,0.062499999999998043,16,1.3032026413616562e-12,8.009556601536076e-14,8.8817841970012523e-16,1.2808962224220011e-11,2.5159812771895321e-13,1.7319479184152442e-14,0.0048487900057807565,0.18681707096402533,2.2204460492503126e-16,8.4980044067629146e-14,2.5646151868841116e-14
quad,4,3,0,gll,coupled,0,physical_quadratic,yyy,direct,1.1596859383996185e-11,nan,6.0655874423698747e-11,0,1.6861060398792548e-11,nan,2.230740678352591e-11,1.4749394633790302e-11,1.1881161582432829e-15,0,0,0,8.4376949871511897e-15,1.5270245894921113e-13,3.1086244689504383e-15,0.062499999999998043,16,1.3032026413616562e-12,8.009556601536076e-14,8.8817841970012523e-16,1.2808962224220011e-11,2.5159812771895321e-13,1.7319479184152442e-14,0.0048487900057807565,0.18681707096402533,2.2204460492503126e-16,8.4980044067629146e-14,2.5646151868841116e-14
quad,4,3,0,gll,coupled,0,physical_quadratic,yyy,fe_geometry,1.7098079786924402e-11,nan,8.0489468334141807e-11,0,2.2123385935024423e-11,nan,2.7152988363879712e-11,2.038937982192452e-11,1.1881161582432829e-15,1.0079290837464353e-11,0.86913969581918904,0,8.4376949871511897e-15,1.5270245894921113e-13,3.1086244689504383e-15,0.062499999999998043,16,1.3032026413616562e-12,8.009556601536076e-14,8.8817841970012523e-16,1.2808962224220011e-11,2.5159812771895321e-13,1.7319479184152442e-14,0.0048487900057807565,0.18681707096402533,2.2204460492503126e-16,8.4980044067629146e-14,2.5646151868841116e-14
quad,4,3,0,gll,coupled,0,physical_quadratic,yyy,reused,2.3668665045048859e-11,nan,1.2211025789917577e-10,0,3.4503254225987141e-11,nan,5.071700602881424e-11,3.7643355102222667e-11,1.1881161582432829e-15,2.1403373103345959e-11,1.8456180587032804,0,8.4376949871511897e-15,1.5270245894921113e-13,3.1086244689504383e-15,0.062499999999998043,16,1.3032026413616562e-12,8.009556601536076e-14,8.8817841970012523e-16,1.2808962224220011e-11,2.5159812771895321e-13,1.7319479184152442e-14,0.0048487900057807565,0.18681707096402533,2.2204460492503126e-16,8.4980044067629146e-14,2.5646151868841116e-14
quad,4,3,0,gll,coupled,0,physical_quadratic,yyy,reused_centered,1.8651372294213987e-11,nan,1.2319385723678124e-10,0,2.9307182704933369e-11,nan,3.718782581718908e-11,2.7489364512228274e-11,1.1881161582432829e-15,1.5819948369565873e-11,1.3641579884462169,0,8.4376949871511897e-15,1.5270245894921113e-13,3.1086244689504383e-15,0.062499999999998043,16,1.3032026413616562e-12,8.009556601536076e-14,8.8817841970012523e-16,1.2808962224220011e-11,2.5159812771895321e-13,1.7319479184152442e-14,0.0048487900057807565,0.18681707096402533,2.2204460492503126e-16,8.4980044067629146e-14,2.5646151868841116e-14
