family,n,p,amplitude,basis,map,extra,field,derivative,method,error_l2,relative_l2,sampled_linf,truth_l2,face_rms,face_relative_l2,jump_rms,jump_mean_abs,input_error_l2,operator_error_l2,operator_relative_l2,inverse_residual,representation_residual,first_derivative_residual,geometry_residual,min_jacobian,elements,geometry_derivative_residual,geometry_jacobian_residual,fe_inverse_residual,method_agreement,fe_first_residual,face_geometry_residual,initialization_seconds,evaluation_seconds,reused_inverse_residual,reused_first_residual,reused_geometry_residual
quad,4,3,1.2,bernstein,coupled,0,sine,x,recursive,0.0019754738291266598,0.0013926529996980174,0.012159230923562303,1.4184968039813373,0.0045050759098641344,0.0031335834141997172,0.0081198968670488769,0.0058726647551766353,8.8831010178633547e-05,0.00018487962237343229,0.00013033184621258085,2.2204460492503131e-16,5.3290705182007514e-15,1.0040222740414223e-13,3.5527136788005009e-15,0.043774505904688676,16,2.6222233366888549e-12,1.1368683772161603e-13,8.8817841970012523e-16,2.1220650237019356e-11,2.6545957969536319e-13,1.7763568394002505e-14,0.0044309161021374166,0.18202740320703015,3.3306690738754696e-16,7.0974797099083164e-14,3.1641356201816961e-14
quad,4,3,1.2,bernstein,coupled,0,sine,x,direct,0.001984827994145033,0.0013992474206315846,0.012341947324710612,1.4184968039813373,0.0045111244214464351,0.0031377905609724036,0.0081125046722783836,0.0057560825560453981,8.8831010178633547e-05,0,0,2.2204460492503131e-16,5.3290705182007514e-15,1.0040222740414223e-13,3.5527136788005009e-15,0.043774505904688676,16,2.6222233366888549e-12,1.1368683772161603e-13,8.8817841970012523e-16,2.1220650237019356e-11,2.6545957969536319e-13,1.7763568394002505e-14,0.0044309161021374166,0.18202740320703015,3.3306690738754696e-16,7.0974797099083164e-14,3.1641356201816961e-14
quad,4,3,1.2,bernstein,coupled,0,sine,x,fe_geometry,0.001984827994132899,0.0013992474206230307,0.012341947324671088,1.4184968039813373,0.0045111244214170679,0.0031377905609519768,0.0081125046721982896,0.0057560825559897577,8.8831010178633547e-05,4.4606550441147207e-14,3.1445618492375102e-14,2.2204460492503131e-16,5.3290705182007514e-15,1.0040222740414223e-13,3.5527136788005009e-15,0.043774505904688676,16,2.6222233366888549e-12,1.1368683772161603e-13,8.8817841970012523e-16,2.1220650237019356e-11,2.6545957969536319e-13,1.7763568394002505e-14,0.0044309161021374166,0.18202740320703015,3.3306690738754696e-16,7.0974797099083164e-14,3.1641356201816961e-14
quad,4,3,1.2,bernstein,coupled,0,sine,x,reused,0.0019848279941518335,0.001399247420636379,0.01234194732472238,1.4184968039813373,0.0045111244214635525,0.0031377905609843095,0.008112504672314726,0.005756082556072302,8.8831010178633547e-05,1.3954602619679777e-14,9.8373693067816361e-15,2.2204460492503131e-16,5.3290705182007514e-15,1.0040222740414223e-13,3.5527136788005009e-15,0.043774505904688676,16,2.6222233366888549e-12,1.1368683772161603e-13,8.8817841970012523e-16,2.1220650237019356e-11,2.6545957969536319e-13,1.7763568394002505e-14,0.0044309161021374166,0.18202740320703015,3.3306690738754696e-16,7.0974797099083164e-14,3.1641356201816961e-14
quad,4,3,1.2,bernstein,coupled,0,sine,x,reused_centered,0.0019848279941501175,0.0013992474206351692,0.012341947324725044,1.4184968039813373,0.0045111244214593657,0.0031377905609813973,0.0081125046723062068,0.0057560825560660908,8.8831010178633547e-05,1.0454781166498215e-14,7.3701520680628563e-15,2.2204460492503131e-16,5.3290705182007514e-15,1.0040222740414223e-13,3.5527136788005009e-15,0.043774505904688676,16,2.6222233366888549e-12,1.1368683772161603e-13,8.8817841970012523e-16,2.1220650237019356e-11,2.6545957969536319e-13,1.7763568394002505e-14,0.0044309161021374166,0.18202740320703015,3.3306690738754696e-16,7.0974797099083164e-14,3.1641356201816961e-14
quad,4,3,1.2,bernstein,coupled,0,sine,y,recursive,0.0059372413377860762,0.0027903911244268505,0.041969393552812928,2.1277452059720101,0.013477517013900236,0.0062496799350085274,0.019963599658867938,0.012977568069739306,8.8831010178633547e-05,0.0001186916784985864,5.577009084203185e-05,2.2204460492503131e-16,5.3290705182007514e-15,1.0040222740414223e-13,3.5527136788005009e-15,0.043774505904688676,16,2.6222233366888549e-12,1.1368683772161603e-13,8.8817841970012523e-16,2.1220650237019356e-11,2.6545957969536319e-13,1.7763568394002505e-14,0.0044309161021374166,0.18202740320703015,3.3306690738754696e-16,7.0974797099083164e-14,3.1641356201816961e-14
quad,4,3,1.2,bernstein,coupled,0,sine,y,direct,0.0059410814750458264,0.0027921959163018225,0.042316300752917702,2.1277452059720101,0.013478267779222255,0.0062500280735390944,0.019986227980028182,0.01291997910085442,8.8831010178633547e-05,0,0,2.2204460492503131e-16,5.3290705182007514e-15,1.0040222740414223e-13,3.5527136788005009e-15,0.043774505904688676,16,2.6222233366888549e-12,1.1368683772161603e-13,8.8817841970012523e-16,2.1220650237019356e-11,2.6545957969536319e-13,1.7763568394002505e-14,0.0044309161021374166,0.18202740320703015,3.3306690738754696e-16,7.0974797099083164e-14,3.1641356201816961e-14
quad,4,3,1.2,bernstein,coupled,0,sine,y,fe_geometry,0.0059410814750335723,0.0027921959162960633,0.042316300752872849,2.1277452059720101,0.013478267779190279,0.0062500280735242669,0.019986227979956341,0.012919979100804719,8.8831010178633547e-05,4.6183604013803627e-14,2.1700458059432794e-14,2.2204460492503131e-16,5.3290705182007514e-15,1.0040222740414223e-13,3.5527136788005009e-15,0.043774505904688676,16,2.6222233366888549e-12,1.1368683772161603e-13,8.8817841970012523e-16,2.1220650237019356e-11,2.6545957969536319e-13,1.7763568394002505e-14,0.0044309161021374166,0.18202740320703015,3.3306690738754696e-16,7.0974797099083164e-14,3.1641356201816961e-14
quad,4,3,1.2,bernstein,coupled,0,sine,y,reused,0.0059410814750498198,0.0027921959163036995,0.042316300752922587,2.1277452059720101,0.013478267779232771,0.0062500280735439707,0.01998622798005532,0.012919979100872789,8.8831010178633547e-05,1.362604011614725e-14,6.4025170484361545e-15,2.2204460492503131e-16,5.3290705182007514e-15,1.0040222740414223e-13,3.5527136788005009e-15,0.043774505904688676,16,2.6222233366888549e-12,1.1368683772161603e-13,8.8817841970012523e-16,2.1220650237019356e-11,2.6545957969536319e-13,1.7763568394002505e-14,0.0044309161021374166,0.18202740320703015,3.3306690738754696e-16,7.0974797099083164e-14,3.1641356201816961e-14
quad,4,3,1.2,bernstein,coupled,0,sine,y,reused_centered,0.0059410814750490322,0.0027921959163033296,0.042316300752927027,2.1277452059720101,0.013478267779230533,0.0062500280735429334,0.019986227980049807,0.012919979100868523,8.8831010178633547e-05,1.0291452079249339e-14,4.8356820344653639e-15,2.2204460492503131e-16,5.3290705182007514e-15,1.0040222740414223e-13,3.5527136788005009e-15,0.043774505904688676,16,2.6222233366888549e-12,1.1368683772161603e-13,8.8817841970012523e-16,2.1220650237019356e-11,2.6545957969536319e-13,1.7763568394002505e-14,0.0044309161021374166,0.18202740320703015,3.3306690738754696e-16,7.0974797099083164e-14,3.1641356201816961e-14
quad,4,3,1.2,bernstein,coupled,0,sine,xx,recursive,0.087325309443597565,0.030968237963615652,0.43523775810004073,2.8198346172034525,0.160110078741278,0.057578813759775797,0.11753591368177466,0.071886479723973634,8.8831010178633547e-05,0.0034319353129062561,0.0012129811753593654,2.2204460492503131e-16,5.3290705182007514e-15,1.0040222740414223e-13,3.5527136788005009e-15,0.043774505904688676,16,2.6222233366888549e-12,1.1368683772161603e-13,8.8817841970012523e-16,2.1220650237019356e-11,2.6545957969536319e-13,1.7763568394002505e-14,0.0044309161021374166,0.18202740320703015,3.3306690738754696e-16,7.0974797099083164e-14,3.1641356201816961e-14
quad,4,3,1.2,bernstein,coupled,0,sine,xx,direct,0.087541587731877077,0.031044936890198094,0.44317968652507556,2.8198346172034525,0.16046956879918725,0.0577080936355686,0.11058026879355899,0.068746996531017387,8.8831010178633547e-05,0,0,2.2204460492503131e-16,5.3290705182007514e-15,1.0040222740414223e-13,3.5527136788005009e-15,0.043774505904688676,16,2.6222233366888549e-12,1.1368683772161603e-13,8.8817841970012523e-16,2.1220650237019356e-11,2.6545957969536319e-13,1.7763568394002505e-14,0.0044309161021374166,0.18202740320703015,3.3306690738754696e-16,7.0974797099083164e-14,3.1641356201816961e-14
quad,4,3,1.2,bernstein,coupled,0,sine,xx,fe_geometry,0.087541587730973411,0.031044936889877625,0.44317968652319872,2.8198346172034525,0.16046956879734597,0.057708093634906442,0.11058026879505921,0.068746996531982671,8.8831010178633547e-05,1.8135957858088358e-12,6.409962156408754e-13,2.2204460492503131e-16,5.3290705182007514e-15,1.0040222740414223e-13,3.5527136788005009e-15,0.043774505904688676,16,2.6222233366888549e-12,1.1368683772161603e-13,8.8817841970012523e-16,2.1220650237019356e-11,2.6545957969536319e-13,1.7763568394002505e-14,0.0044309161021374166,0.18202740320703015,3.3306690738754696e-16,7.0974797099083164e-14,3.1641356201816961e-14
quad,4,3,1.2,bernstein,coupled,0,sine,xx,reused,0.087541587732323511,0.031044936890356412,0.44317968652778578,2.8198346172034525,0.16046956880008348,0.057708093635890897,0.11058026879357935,0.068746996531033416,8.8831010178633547e-05,7.0954903455350318e-13,2.5078258866685134e-13,2.2204460492503131e-16,5.3290705182007514e-15,1.0040222740414223e-13,3.5527136788005009e-15,0.043774505904688676,16,2.6222233366888549e-12,1.1368683772161603e-13,8.8817841970012523e-16,2.1220650237019356e-11,2.6545957969536319e-13,1.7763568394002505e-14,0.0044309161021374166,0.18202740320703015,3.3306690738754696e-16,7.0974797099083164e-14,3.1641356201816961e-14
quad,4,3,1.2,bernstein,coupled,0,sine,xx,reused_centered,0.087541587732177323,0.031044936890304572,0.44317968652781903,2.8198346172034525,0.1604695687998047,0.057708093635790644,0.11058026879367171,0.068746996531102889,8.8831010178633547e-05,5.286950989521573e-13,1.8686168125664815e-13,2.2204460492503131e-16,5.3290705182007514e-15,1.0040222740414223e-13,3.5527136788005009e-15,0.043774505904688676,16,2.6222233366888549e-12,1.1368683772161603e-13,8.8817841970012523e-16,2.1220650237019356e-11,2.6545957969536319e-13,1.7763568394002505e-14,0.0044309161021374166,0.18202740320703015,3.3306690738754696e-16,7.0974797099083164e-14,3.1641356201816961e-14
quad,4,3,1.2,bernstein,coupled,0,sine,xy,recursive,0.023668370453150175,0.0055956876120210391,0.14813654728642955,4.2297519258051786,0.047698079772545657,0.011435461042442105,0.068167266234273022,0.054214031645047046,8.8831010178633547e-05,0.013552516928797652,0.0032044107351804742,2.2204460492503131e-16,5.3290705182007514e-15,1.0040222740414223e-13,3.5527136788005009e-15,0.043774505904688676,16,2.6222233366888549e-12,1.1368683772161603e-13,8.8817841970012523e-16,2.1220650237019356e-11,2.6545957969536319e-13,1.7763568394002505e-14,0.0044309161021374166,0.18202740320703015,3.3306690738754696e-16,7.0974797099083164e-14,3.1641356201816961e-14
quad,4,3,1.2,bernstein,coupled,0,sine,xy,direct,0.026809714568459712,0.0063383657100306639,0.20843334814750014,4.2297519258051786,0.056579423798391412,0.013564734675602971,0.092373624650531339,0.069862859815334452,8.8831010178633547e-05,0,0,2.2204460492503131e-16,5.3290705182007514e-15,1.0040222740414223e-13,3.5527136788005009e-15,0.043774505904688676,16,2.6222233366888549e-12,1.1368683772161603e-13,8.8817841970012523e-16,2.1220650237019356e-11,2.6545957969536319e-13,1.7763568394002505e-14,0.0044309161021374166,0.18202740320703015,3.3306690738754696e-16,7.0974797099083164e-14,3.1641356201816961e-14
quad,4,3,1.2,bernstein,coupled,0,sine,xy,fe_geometry,0.026809714568397064,0.0063383657100158529,0.20843334814755388,4.2297519258051786,0.0565794237983272,0.013564734675587576,0.09237362465051098,0.069862859815130351,8.8831010178633547e-05,5.0237033648394211e-13,1.1878243043140688e-13,2.2204460492503131e-16,5.3290705182007514e-15,1.0040222740414223e-13,3.5527136788005009e-15,0.043774505904688676,16,2.6222233366888549e-12,1.1368683772161603e-13,8.8817841970012523e-16,2.1220650237019356e-11,2.6545957969536319e-13,1.7763568394002505e-14,0.0044309161021374166,0.18202740320703015,3.3306690738754696e-16,7.0974797099083164e-14,3.1641356201816961e-14
quad,4,3,1.2,bernstein,coupled,0,sine,xy,reused,0.026809714568494927,0.0063383657100389897,0.20843334814751013,4.2297519258051786,0.05657942379845636,0.01356473467561854,0.092373624650548547,0.069862859815384482,8.8831010178633547e-05,2.004046037397342e-13,4.7384457586519018e-14,2.2204460492503131e-16,5.3290705182007514e-15,1.0040222740414223e-13,3.5527136788005009e-15,0.043774505904688676,16,2.6222233366888549e-12,1.1368683772161603e-13,8.8817841970012523e-16,2.1220650237019356e-11,2.6545957969536319e-13,1.7763568394002505e-14,0.0044309161021374166,0.18202740320703015,3.3306690738754696e-16,7.0974797099083164e-14,3.1641356201816961e-14
quad,4,3,1.2,bernstein,coupled,0,sine,xy,reused_centered,0.026809714568483106,0.0063383657100361951,0.20843334814787048,4.2297519258051786,0.056579423798446576,0.013564734675616197,0.092373624650533559,0.069862859815365733,8.8831010178633547e-05,2.0766726304808798e-13,4.9101669494529666e-14,2.2204460492503131e-16,5.3290705182007514e-15,1.0040222740414223e-13,3.5527136788005009e-15,0.043774505904688676,16,2.6222233366888549e-12,1.1368683772161603e-13,8.8817841970012523e-16,2.1220650237019356e-11,2.6545957969536319e-13,1.7763568394002505e-14,0.0044309161021374166,0.18202740320703015,3.3306690738754696e-16,7.0974797099083164e-14,3.1641356201816961e-14
quad,4,3,1.2,bernstein,coupled,0,sine,yy,recursive,0.26262962396495643,0.041394015310557045,1.3152776542644222,6.3446278887077643,0.47605076809029379,0.076087759209328573,0.39475066099265249,0.2211594341170689,8.8831010178633547e-05,0.005885231982991959,0.00091364899884062521,2.2204460492503131e-16,5.3290705182007514e-15,1.0040222740414223e-13,3.5527136788005009e-15,0.043774505904688676,16,2.6222233366888549e-12,1.1368683772161603e-13,8.8817841970012523e-16,2.1220650237019356e-11,2.6545957969536319e-13,1.7763568394002505e-14,0.0044309161021374166,0.18202740320703015,3.3306690738754696e-16,7.0974797099083164e-14,3.1641356201816961e-14
quad,4,3,1.2,bernstein,coupled,0,sine,yy,direct,0.26281554194491846,0.041423318523168294,1.3342032657169307,6.3446278887077643,0.47606157172390168,0.076089485966909148,0.3740618968549651,0.21030066936251338,8.8831010178633547e-05,0,0,2.2204460492503131e-16,5.3290705182007514e-15,1.0040222740414223e-13,3.5527136788005009e-15,0.043774505904688676,16,2.6222233366888549e-12,1.1368683772161603e-13,8.8817841970012523e-16,2.1220650237019356e-11,2.6545957969536319e-13,1.7763568394002505e-14,0.0044309161021374166,0.18202740320703015,3.3306690738754696e-16,7.0974797099083164e-14,3.1641356201816961e-14
quad,4,3,1.2,bernstein,coupled,0,sine,yy,fe_geometry,0.26281554194463913,0.04142331852312426,1.3342032657161216,6.3446278887077643,0.47606157172333363,0.076089485966818374,0.37406189685523622,0.21030066936265754,8.8831010178633547e-05,8.8922588013670192e-13,1.3804729150490338e-13,2.2204460492503131e-16,5.3290705182007514e-15,1.0040222740414223e-13,3.5527136788005009e-15,0.043774505904688676,16,2.6222233366888549e-12,1.1368683772161603e-13,8.8817841970012523e-16,2.1220650237019356e-11,2.6545957969536319e-13,1.7763568394002505e-14,0.0044309161021374166,0.18202740320703015,3.3306690738754696e-16,7.0974797099083164e-14,3.1641356201816961e-14
quad,4,3,1.2,bernstein,coupled,0,sine,yy,reused,0.26281554194520895,0.041423318523214077,1.3342032657173259,6.3446278887077643,0.47606157172449992,0.076089485967004766,0.37406189685481678,0.21030066936239528,8.8831010178633547e-05,6.6632731215713143e-13,1.0344354876951324e-13,2.2204460492503131e-16,5.3290705182007514e-15,1.0040222740414223e-13,3.5527136788005009e-15,0.043774505904688676,16,2.6222233366888549e-12,1.1368683772161603e-13,8.8817841970012523e-16,2.1220650237019356e-11,2.6545957969536319e-13,1.7763568394002505e-14,0.0044309161021374166,0.18202740320703015,3.3306690738754696e-16,7.0974797099083164e-14,3.1641356201816961e-14
quad,4,3,1.2,bernstein,coupled,0,sine,yy,reused_centered,0.26281554194511481,0.041423318523199242,1.3342032657172194,6.3446278887077643,0.47606157172430419,0.076089485966973486,0.374061896854745,0.21030066936234998,8.8831010178633547e-05,5.0178139182959379e-13,7.7898724741330247e-14,2.2204460492503131e-16,5.3290705182007514e-15,1.0040222740414223e-13,3.5527136788005009e-15,0.043774505904688676,16,2.6222233366888549e-12,1.1368683772161603e-13,8.8817841970012523e-16,2.1220650237019356e-11,2.6545957969536319e-13,1.7763568394002505e-14,0.0044309161021374166,0.18202740320703015,3.3306690738754696e-16,7.0974797099083164e-14,3.1641356201816961e-14
quad,4,3,1.2,bernstein,coupled,0,sine,xxx,recursive,2.2366794705400452,0.39419889143604175,8.4044914051671853,5.673987215925349,3.1845109742828219,0.55376041219972361,5.469793739121009,3.4927349377683159,8.8831010178633547e-05,0.12933524337773267,0.020919359411057763,2.2204460492503131e-16,5.3290705182007514e-15,1.0040222740414223e-13,3.5527136788005009e-15,0.043774505904688676,16,2.6222233366888549e-12,1.1368683772161603e-13,8.8817841970012523e-16,2.1220650237019356e-11,2.6545957969536319e-13,1.7763568394002505e-14,0.0044309161021374166,0.18202740320703015,3.3306690738754696e-16,7.0974797099083164e-14,3.1641356201816961e-14
quad,4,3,1.2,bernstein,coupled,0,sine,xxx,direct,2.248096392303264,0.39621104291413717,8.7200592995951745,5.673987215925349,3.2116145161236265,0.55847349644501076,5.6174581987250907,3.6114994114898264,8.8831010178633547e-05,0,0,2.2204460492503131e-16,5.3290705182007514e-15,1.0040222740414223e-13,3.5527136788005009e-15,0.043774505904688676,16,2.6222233366888549e-12,1.1368683772161603e-13,8.8817841970012523e-16,2.1220650237019356e-11,2.6545957969536319e-13,1.7763568394002505e-14,0.0044309161021374166,0.18202740320703015,3.3306690738754696e-16,7.0974797099083164e-14,3.1641356201816961e-14
quad,4,3,1.2,bernstein,coupled,0,sine,xxx,fe_geometry,2.2480963922720227,0.39621104290863107,8.7200592995164179,5.673987215925349,3.2116145160749836,0.55847349643655209,5.6174581986319776,3.6114994114356636,8.8831010178633547e-05,5.0966904988678634e-11,8.2436540550165724e-12,2.2204460492503131e-16,5.3290705182007514e-15,1.0040222740414223e-13,3.5527136788005009e-15,0.043774505904688676,16,2.6222233366888549e-12,1.1368683772161603e-13,8.8817841970012523e-16,2.1220650237019356e-11,2.6545957969536319e-13,1.7763568394002505e-14,0.0044309161021374166,0.18202740320703015,3.3306690738754696e-16,7.0974797099083164e-14,3.1641356201816961e-14
quad,4,3,1.2,bernstein,coupled,0,sine,xxx,reused,2.2480963923172652,0.39621104291660481,8.7200592996392743,5.673987215925349,3.2116145161444258,0.55847349644862754,5.6174581987643757,3.611499411513913,8.8831010178633547e-05,2.2402597067701393e-11,3.6235133406880818e-12,2.2204460492503131e-16,5.3290705182007514e-15,1.0040222740414223e-13,3.5527136788005009e-15,0.043774505904688676,16,2.6222233366888549e-12,1.1368683772161603e-13,8.8817841970012523e-16,2.1220650237019356e-11,2.6545957969536319e-13,1.7763568394002505e-14,0.0044309161021374166,0.18202740320703015,3.3306690738754696e-16,7.0974797099083164e-14,3.1641356201816961e-14
quad,4,3,1.2,bernstein,coupled,0,sine,xxx,reused_centered,2.248096392312628,0.39621104291578751,8.7200592996473922,5.673987215925349,3.2116145161388632,0.5584734964476602,5.6174581987498042,3.6114994115040777,8.8831010178633547e-05,1.6692554791340913e-11,2.6999412074323691e-12,2.2204460492503131e-16,5.3290705182007514e-15,1.0040222740414223e-13,3.5527136788005009e-15,0.043774505904688676,16,2.6222233366888549e-12,1.1368683772161603e-13,8.8817841970012523e-16,2.1220650237019356e-11,2.6545957969536319e-13,1.7763568394002505e-14,0.0044309161021374166,0.18202740320703015,3.3306690738754696e-16,7.0974797099083164e-14,3.1641356201816961e-14
quad,4,3,1.2,bernstein,coupled,0,sine,xxy,recursive,0.45665893085797798,0.053655264922728867,2.0082531872180649,8.5109808238880404,0.79666949939650145,0.092356206637997762,0.57764986270630558,0.3820204967117809,8.8831010178633547e-05,0.12233895079764634,0.014336085391881942,2.2204460492503131e-16,5.3290705182007514e-15,1.0040222740414223e-13,3.5527136788005009e-15,0.043774505904688676,16,2.6222233366888549e-12,1.1368683772161603e-13,8.8817841970012523e-16,2.1220650237019356e-11,2.6545957969536319e-13,1.7763568394002505e-14,0.0044309161021374166,0.18202740320703015,3.3306690738754696e-16,7.0974797099083164e-14,3.1641356201816961e-14
quad,4,3,1.2,bernstein,coupled,0,sine,xxy,direct,0.48133617965726655,0.056554724962637103,3.6714041235450052,8.5109808238880404,0.871405672700303,0.10102021281647934,0.68765277983070872,0.51586617128958101,8.8831010178633547e-05,0,0,2.2204460492503131e-16,5.3290705182007514e-15,1.0040222740414223e-13,3.5527136788005009e-15,0.043774505904688676,16,2.6222233366888549e-12,1.1368683772161603e-13,8.8817841970012523e-16,2.1220650237019356e-11,2.6545957969536319e-13,1.7763568394002505e-14,0.0044309161021374166,0.18202740320703015,3.3306690738754696e-16,7.0974797099083164e-14,3.1641356201816961e-14
quad,4,3,1.2,bernstein,coupled,0,sine,xxy,fe_geometry,0.48133617965463665,0.056554724962328093,3.6714041238586672,8.5109808238880404,0.87140567270259606,0.10102021281674516,0.68765277983557305,0.51586617129538814,8.8831010178633547e-05,1.9230481573186263e-11,2.2534918287489055e-12,2.2204460492503131e-16,5.3290705182007514e-15,1.0040222740414223e-13,3.5527136788005009e-15,0.043774505904688676,16,2.6222233366888549e-12,1.1368683772161603e-13,8.8817841970012523e-16,2.1220650237019356e-11,2.6545957969536319e-13,1.7763568394002505e-14,0.0044309161021374166,0.18202740320703015,3.3306690738754696e-16,7.0974797099083164e-14,3.1641356201816961e-14
quad,4,3,1.2,bernstein,coupled,0,sine,xxy,reused,0.48133617965755698,0.056554724962671221,3.6714041233115902,8.5109808238880404,0.87140567269909852,0.1010202128163397,0.68765277982970285,0.51586617128866452,8.8831010178633547e-05,9.015037663085821e-12,1.0564121149183222e-12,2.2204460492503131e-16,5.3290705182007514e-15,1.0040222740414223e-13,3.5527136788005009e-15,0.043774505904688676,16,2.6222233366888549e-12,1.1368683772161603e-13,8.8817841970012523e-16,2.1220650237019356e-11,2.6545957969536319e-13,1.7763568394002505e-14,0.0044309161021374166,0.18202740320703015,3.3306690738754696e-16,7.0974797099083164e-14,3.1641356201816961e-14
quad,4,3,1.2,bernstein,coupled,0,sine,xxy,reused_centered,0.48133617965705899,0.056554724962612712,3.671404123323061,8.5109808238880404,0.87140567269835301,0.10102021281625327,0.68765277982916895,0.5158661712882372,8.8831010178633547e-05,9.9589653508301687e-12,1.1670247027085144e-12,2.2204460492503131e-16,5.3290705182007514e-15,1.0040222740414223e-13,3.5527136788005009e-15,0.043774505904688676,16,2.6222233366888549e-12,1.1368683772161603e-13,8.8817841970012523e-16,2.1220650237019356e-11,2.6545957969536319e-13,1.7763568394002505e-14,0.0044309161021374166,0.18202740320703015,3.3306690738754696e-16,7.0974797099083164e-14,3.1641356201816961e-14
quad,4,3,1.2,bernstein,coupled,0,sine,xyy,recursive,0.68791830359819917,0.053884765092126453,2.8708870477690382,12.766471235832048,1.1599686371969302,0.089648470481766607,1.2528816933809943,0.82364970101583757,8.8831010178633547e-05,0.6322561364888255,0.048767022546639754,2.2204460492503131e-16,5.3290705182007514e-15,1.0040222740414223e-13,3.5527136788005009e-15,0.043774505904688676,16,2.6222233366888549e-12,1.1368683772161603e-13,8.8817841970012523e-16,2.1220650237019356e-11,2.6545957969536319e-13,1.7763568394002505e-14,0.0044309161021374166,0.18202740320703015,3.3306690738754696e-16,7.0974797099083164e-14,3.1641356201816961e-14
quad,4,3,1.2,bernstein,coupled,0,sine,xyy,direct,0.91761294862069887,0.07187678816407829,5.4562525493412402,12.766471235832048,1.6375678578478772,0.12655984744632515,0.95267390350230552,0.65492251004426505,8.8831010178633547e-05,0,0,2.2204460492503131e-16,5.3290705182007514e-15,1.0040222740414223e-13,3.5527136788005009e-15,0.043774505904688676,16,2.6222233366888549e-12,1.1368683772161603e-13,8.8817841970012523e-16,2.1220650237019356e-11,2.6545957969536319e-13,1.7763568394002505e-14,0.0044309161021374166,0.18202740320703015,3.3306690738754696e-16,7.0974797099083164e-14,3.1641356201816961e-14
quad,4,3,1.2,bernstein,coupled,0,sine,xyy,fe_geometry,0.91761294862207943,0.071876788164186425,5.4562525494480987,12.766471235832048,1.6375678578539272,0.12655984744679272,0.95267390350544445,0.65492251004569157,8.8831010178633547e-05,1.7349686693948622e-11,1.338211704641766e-12,2.2204460492503131e-16,5.3290705182007514e-15,1.0040222740414223e-13,3.5527136788005009e-15,0.043774505904688676,16,2.6222233366888549e-12,1.1368683772161603e-13,8.8817841970012523e-16,2.1220650237019356e-11,2.6545957969536319e-13,1.7763568394002505e-14,0.0044309161021374166,0.18202740320703015,3.3306690738754696e-16,7.0974797099083164e-14,3.1641356201816961e-14
quad,4,3,1.2,bernstein,coupled,0,sine,xyy,reused,0.91761294862131559,0.071876788164126598,5.456252549371218,12.766471235832048,1.637567857848736,0.12655984744639154,0.95267390350433134,0.65492251004558988,8.8831010178633547e-05,7.1473336147241724e-12,5.5128635282730907e-13,2.2204460492503131e-16,5.3290705182007514e-15,1.0040222740414223e-13,3.5527136788005009e-15,0.043774505904688676,16,2.6222233366888549e-12,1.1368683772161603e-13,8.8817841970012523e-16,2.1220650237019356e-11,2.6545957969536319e-13,1.7763568394002505e-14,0.0044309161021374166,0.18202740320703015,3.3306690738754696e-16,7.0974797099083164e-14,3.1641356201816961e-14
quad,4,3,1.2,bernstein,coupled,0,sine,xyy,reused_centered,0.91761294862109721,0.071876788164109501,5.4562525493845904,12.766471235832048,1.6375678578485899,0.12655984744638024,0.95267390350342573,0.65492251004458502,8.8831010178633547e-05,8.3961857021547279e-12,6.4761250039680823e-13,2.2204460492503131e-16,5.3290705182007514e-15,1.0040222740414223e-13,3.5527136788005009e-15,0.043774505904688676,16,2.6222233366888549e-12,1.1368683772161603e-13,8.8817841970012523e-16,2.1220650237019356e-11,2.6545957969536319e-13,1.7763568394002505e-14,0.0044309161021374166,0.18202740320703015,3.3306690738754696e-16,7.0974797099083164e-14,3.1641356201816961e-14
quad,4,3,1.2,bernstein,coupled,0,sine,yyy,recursive,6.5728201814719656,0.34323346209268502,22.110433738027016,19.149706853748064,9.1900433303841975,0.47350322058189298,13.896511781360102,8.7485010707816713,8.8831010178633547e-05,0.2598273416316485,0.013198718658544275,2.2204460492503131e-16,5.3290705182007514e-15,1.0040222740414223e-13,3.5527136788005009e-15,0.043774505904688676,16,2.6222233366888549e-12,1.1368683772161603e-13,8.8817841970012523e-16,2.1220650237019356e-11,2.6545957969536319e-13,1.7763568394002505e-14,0.0044309161021374166,0.18202740320703015,3.3306690738754696e-16,7.0974797099083164e-14,3.1641356201816961e-14
quad,4,3,1.2,bernstein,coupled,0,sine,yyy,direct,6.5796776112725963,0.34359155790339391,21.673386734202186,19.149706853748064,9.1965824215003096,0.47384013745941411,14.015131282132886,8.8288247720042285,8.8831010178633547e-05,0,0,2.2204460492503131e-16,5.3290705182007514e-15,1.0040222740414223e-13,3.5527136788005009e-15,0.043774505904688676,16,2.6222233366888549e-12,1.1368683772161603e-13,8.8817841970012523e-16,2.1220650237019356e-11,2.6545957969536319e-13,1.7763568394002505e-14,0.0044309161021374166,0.18202740320703015,3.3306690738754696e-16,7.0974797099083164e-14,3.1641356201816961e-14
quad,4,3,1.2,bernstein,coupled,0,sine,yyy,fe_geometry,6.5796776112702355,0.34359155790327062,21.673386734190473,19.149706853748064,9.1965824214932361,0.47384013745904963,14.015131282125379,8.8288247720060173,8.8831010178633547e-05,1.5126243767505276e-11,7.6838347571171368e-13,2.2204460492503131e-16,5.3290705182007514e-15,1.0040222740414223e-13,3.5527136788005009e-15,0.043774505904688676,16,2.6222233366888549e-12,1.1368683772161603e-13,8.8817841970012523e-16,2.1220650237019356e-11,2.6545957969536319e-13,1.7763568394002505e-14,0.0044309161021374166,0.18202740320703015,3.3306690738754696e-16,7.0974797099083164e-14,3.1641356201816961e-14
quad,4,3,1.2,bernstein,coupled,0,sine,yyy,reused,6.5796776112821505,0.34359155790389279,21.673386734211924,19.149706853748064,9.1965824215142646,0.4738401374601332,14.01513128216585,8.8288247720210578,8.8831010178633547e-05,1.9623522853806577e-11,9.9683642071854402e-13,2.2204460492503131e-16,5.3290705182007514e-15,1.0040222740414223e-13,3.5527136788005009e-15,0.043774505904688676,16,2.6222233366888549e-12,1.1368683772161603e-13,8.8817841970012523e-16,2.1220650237019356e-11,2.6545957969536319e-13,1.7763568394002505e-14,0.0044309161021374166,0.18202740320703015,3.3306690738754696e-16,7.0974797099083164e-14,3.1641356201816961e-14
quad,4,3,1.2,bernstein,coupled,0,sine,yyy,reused_centered,6.5796776112788002,0.34359155790371787,21.673386734206964,19.149706853748064,9.1965824215098664,0.47384013745990655,14.01513128215268,8.8288247720138351,8.8831010178633547e-05,1.4257583266424595e-11,7.2425722829080922e-13,2.2204460492503131e-16,5.3290705182007514e-15,1.0040222740414223e-13,3.5527136788005009e-15,0.043774505904688676,16,2.6222233366888549e-12,1.1368683772161603e-13,8.8817841970012523e-16,2.1220650237019356e-11,2.6545957969536319e-13,1.7763568394002505e-14,0.0044309161021374166,0.18202740320703015,3.3306690738754696e-16,7.0974797099083164e-14,3.1641356201816961e-14
quad,4,3,1.2,bernstein,coupled,0,shortwave,x,recursive,0.23665388963667927,0.0418513747258571,1.9647668418652815,5.6546264295224464,0.52198806514458973,0.092207803999951973,0.54786830159031674,0.35694306921708824,0.0038721027130542087,0.0037066082172591058,0.00064922915721893392,2.2204460492503131e-16,5.3290705182007514e-15,1.0040222740414223e-13,3.5527136788005009e-15,0.043774505904688676,16,2.6222233366888549e-12,1.1368683772161603e-13,8.8817841970012523e-16,2.1220650237019356e-11,2.6545957969536319e-13,1.7763568394002505e-14,0.0044309161021374166,0.18202740320703015,3.3306690738754696e-16,7.0974797099083164e-14,3.1641356201816961e-14
quad,4,3,1.2,bernstein,coupled,0,shortwave,x,direct,0.23682501284792221,0.041881637239813724,1.9514609428194643,5.6546264295224464,0.52213442372845842,0.092233657854697379,0.54915917455207963,0.3566637918614356,0.0038721027130542087,0,0,2.2204460492503131e-16,5.3290705182007514e-15,1.0040222740414223e-13,3.5527136788005009e-15,0.043774505904688676,16,2.6222233366888549e-12,1.1368683772161603e-13,8.8817841970012523e-16,2.1220650237019356e-11,2.6545957969536319e-13,1.7763568394002505e-14,0.0044309161021374166,0.18202740320703015,3.3306690738754696e-16,7.0974797099083164e-14,3.1641356201816961e-14
quad,4,3,1.2,bernstein,coupled,0,shortwave,x,fe_geometry,0.23682501284788085,0.04188163723980641,1.9514609428194341,5.6546264295224464,0.52213442372836838,0.092233657854681489,0.54915917455205376,0.35666379186140479,0.0038721027130542087,1.2116779832687297e-13,2.122308670863513e-14,2.2204460492503131e-16,5.3290705182007514e-15,1.0040222740414223e-13,3.5527136788005009e-15,0.043774505904688676,16,2.6222233366888549e-12,1.1368683772161603e-13,8.8817841970012523e-16,2.1220650237019356e-11,2.6545957969536319e-13,1.7763568394002505e-14,0.0044309161021374166,0.18202740320703015,3.3306690738754696e-16,7.0974797099083164e-14,3.1641356201816961e-14
quad,4,3,1.2,bernstein,coupled,0,shortwave,x,reused,0.23682501284792074,0.041881637239813467,1.9514609428194643,5.6546264295224464,0.52213442372845542,0.092233657854696838,0.54915917455208596,0.35666379186144465,0.0038721027130542087,3.811942114277176e-14,6.6767886465475144e-15,2.2204460492503131e-16,5.3290705182007514e-15,1.0040222740414223e-13,3.5527136788005009e-15,0.043774505904688676,16,2.6222233366888549e-12,1.1368683772161603e-13,8.8817841970012523e-16,2.1220650237019356e-11,2.6545957969536319e-13,1.7763568394002505e-14,0.0044309161021374166,0.18202740320703015,3.3306690738754696e-16,7.0974797099083164e-14,3.1641356201816961e-14
quad,4,3,1.2,bernstein,coupled,0,shortwave,x,reused_centered,0.23682501284792104,0.041881637239813516,1.9514609428194722,5.6546264295224464,0.52213442372845509,0.092233657854696782,0.54915917455208385,0.35666379186144154,0.0038721027130542087,2.862766524565567e-14,5.0142647647628553e-15,2.2204460492503131e-16,5.3290705182007514e-15,1.0040222740414223e-13,3.5527136788005009e-15,0.043774505904688676,16,2.6222233366888549e-12,1.1368683772161603e-13,8.8817841970012523e-16,2.1220650237019356e-11,2.6545957969536319e-13,1.7763568394002505e-14,0.0044309161021374166,0.18202740320703015,3.3306690738754696e-16,7.0974797099083164e-14,3.1641356201816961e-14
quad,4,3,1.2,bernstein,coupled,0,shortwave,y,recursive,0.1061943054384426,0.025040099291442422,0.93455448940214669,4.2409698221418406,0.2337257908058033,0.055049386112906933,0.28860859505550446,0.20710536994602627,0.0038721027130542087,0.0043663243105895458,0.0010255060971794947,2.2204460492503131e-16,5.3290705182007514e-15,1.0040222740414223e-13,3.5527136788005009e-15,0.043774505904688676,16,2.6222233366888549e-12,1.1368683772161603e-13,8.8817841970012523e-16,2.1220650237019356e-11,2.6545957969536319e-13,1.7763568394002505e-14,0.0044309161021374166,0.18202740320703015,3.3306690738754696e-16,7.0974797099083164e-14,3.1641356201816961e-14
quad,4,3,1.2,bernstein,coupled,0,shortwave,y,direct,0.10637879088732101,0.025083600060515389,0.96055790025973842,4.2409698221418406,0.23376105570492267,0.055057692047143642,0.28667742348076219,0.20374163275352733,0.0038721027130542087,0,0,2.2204460492503131e-16,5.3290705182007514e-15,1.0040222740414223e-13,3.5527136788005009e-15,0.043774505904688676,16,2.6222233366888549e-12,1.1368683772161603e-13,8.8817841970012523e-16,2.1220650237019356e-11,2.6545957969536319e-13,1.7763568394002505e-14,0.0044309161021374166,0.18202740320703015,3.3306690738754696e-16,7.0974797099083164e-14,3.1641356201816961e-14
quad,4,3,1.2,bernstein,coupled,0,shortwave,y,fe_geometry,0.10637879088730345,0.025083600060511246,0.9605579002596345,4.2409698221418406,0.2337610557048807,0.055057692047133754,0.28667742348068631,0.20374163275347276,0.0038721027130542087,1.1799528558960253e-13,2.7713215098819578e-14,2.2204460492503131e-16,5.3290705182007514e-15,1.0040222740414223e-13,3.5527136788005009e-15,0.043774505904688676,16,2.6222233366888549e-12,1.1368683772161603e-13,8.8817841970012523e-16,2.1220650237019356e-11,2.6545957969536319e-13,1.7763568394002505e-14,0.0044309161021374166,0.18202740320703015,3.3306690738754696e-16,7.0974797099083164e-14,3.1641356201816961e-14
quad,4,3,1.2,bernstein,coupled,0,shortwave,y,reused,0.10637879088732465,0.025083600060516242,0.9605579002597695,4.2409698221418406,0.23376105570493075,0.055057692047145543,0.2866774234807849,0.20374163275353913,0.0038721027130542087,3.6565691904316046e-14,8.5880794297663913e-15,2.2204460492503131e-16,5.3290705182007514e-15,1.0040222740414223e-13,3.5527136788005009e-15,0.043774505904688676,16,2.6222233366888549e-12,1.1368683772161603e-13,8.8817841970012523e-16,2.1220650237019356e-11,2.6545957969536319e-13,1.7763568394002505e-14,0.0044309161021374166,0.18202740320703015,3.3306690738754696e-16,7.0974797099083164e-14,3.1641356201816961e-14
quad,4,3,1.2,bernstein,coupled,0,shortwave,y,reused_centered,0.10637879088732394,0.025083600060516076,0.96055790025976862,4.2409698221418406,0.23376105570492808,0.055057692047144911,0.28667742348077907,0.20374163275353704,0.0038721027130542087,2.6875895995600828e-14,6.3122647907317833e-15,2.2204460492503131e-16,5.3290705182007514e-15,1.0040222740414223e-13,3.5527136788005009e-15,0.043774505904688676,16,2.6222233366888549e-12,1.1368683772161603e-13,8.8817841970012523e-16,2.1220650237019356e-11,2.6545957969536319e-13,1.7763568394002505e-14,0.0044309161021374166,0.18202740320703015,3.3306690738754696e-16,7.0974797099083164e-14,3.1641356201816961e-14
quad,4,3,1.2,bernstein,coupled,0,shortwave,xx,recursive,9.9420732580632745,0.2196044048492726,60.110173229875542,45.272649539462122,17.53533204120107,0.38776391266160404,24.594425598876295,14.762067507224518,0.0038721027130542087,0.17727232317991287,0.0035961733704311136,2.2204460492503131e-16,5.3290705182007514e-15,1.0040222740414223e-13,3.5527136788005009e-15,0.043774505904688676,16,2.6222233366888549e-12,1.1368683772161603e-13,8.8817841970012523e-16,2.1220650237019356e-11,2.6545957969536319e-13,1.7763568394002505e-14,0.0044309161021374166,0.18202740320703015,3.3306690738754696e-16,7.0974797099083164e-14,3.1641356201816961e-14
quad,4,3,1.2,bernstein,coupled,0,shortwave,xx,direct,9.9502482913056198,0.21978497818274229,59.25553810903132,45.272649539462122,17.535391538968586,0.38776522835309324,24.273262794297313,14.517195870825066,0.0038721027130542087,0,0,2.2204460492503131e-16,5.3290705182007514e-15,1.0040222740414223e-13,3.5527136788005009e-15,0.043774505904688676,16,2.6222233366888549e-12,1.1368683772161603e-13,8.8817841970012523e-16,2.1220650237019356e-11,2.6545957969536319e-13,1.7763568394002505e-14,0.0044309161021374166,0.18202740320703015,3.3306690738754696e-16,7.0974797099083164e-14,3.1641356201816961e-14
quad,4,3,1.2,bernstein,coupled,0,shortwave,xx,fe_geometry,9.9502482913032324,0.21978497818268955,59.255538109031306,45.272649539462122,17.535391538964419,0.38776522835300109,24.273262794292762,14.517195870822773,0.0038721027130542087,5.3200420702645695e-12,1.0792318439490346e-13,2.2204460492503131e-16,5.3290705182007514e-15,1.0040222740414223e-13,3.5527136788005009e-15,0.043774505904688676,16,2.6222233366888549e-12,1.1368683772161603e-13,8.8817841970012523e-16,2.1220650237019356e-11,2.6545957969536319e-13,1.7763568394002505e-14,0.0044309161021374166,0.18202740320703015,3.3306690738754696e-16,7.0974797099083164e-14,3.1641356201816961e-14
quad,4,3,1.2,bernstein,coupled,0,shortwave,xx,reused,9.9502482913056163,0.2197849781827422,59.255538109031065,45.272649539462122,17.535391538968458,0.38776522835309035,24.273262794296397,14.517195870824185,0.0038721027130542087,2.0740771747919915e-12,4.2075045728577245e-14,2.2204460492503131e-16,5.3290705182007514e-15,1.0040222740414223e-13,3.5527136788005009e-15,0.043774505904688676,16,2.6222233366888549e-12,1.1368683772161603e-13,8.8817841970012523e-16,2.1220650237019356e-11,2.6545957969536319e-13,1.7763568394002505e-14,0.0044309161021374166,0.18202740320703015,3.3306690738754696e-16,7.0974797099083164e-14,3.1641356201816961e-14
quad,4,3,1.2,bernstein,coupled,0,shortwave,xx,reused_centered,9.9502482913055541,0.21978497818274084,59.255538109031335,45.272649539462122,17.535391538968181,0.38776522835308425,24.273262794296009,14.517195870824001,0.0038721027130542087,1.5622391936864694e-12,3.169182242214589e-14,2.2204460492503131e-16,5.3290705182007514e-15,1.0040222740414223e-13,3.5527136788005009e-15,0.043774505904688676,16,2.6222233366888549e-12,1.1368683772161603e-13,8.8817841970012523e-16,2.1220650237019356e-11,2.6545957969536319e-13,1.7763568394002505e-14,0.0044309161021374166,0.18202740320703015,3.3306690738754696e-16,7.0974797099083164e-14,3.1641356201816961e-14
quad,4,3,1.2,bernstein,coupled,0,shortwave,xy,recursive,1.9425475644680499,0.057210334399206961,16.490693423915445,33.95448715459662,4.2046807268875384,0.12397244194900521,5.3477116373807929,4.0043810874493513,0.0038721027130542087,0.21055044126730826,0.0061166191938504611,2.2204460492503131e-16,5.3290705182007514e-15,1.0040222740414223e-13,3.5527136788005009e-15,0.043774505904688676,16,2.6222233366888549e-12,1.1368683772161603e-13,8.8817841970012523e-16,2.1220650237019356e-11,2.6545957969536319e-13,1.7763568394002505e-14,0.0044309161021374166,0.18202740320703015,3.3306690738754696e-16,7.0974797099083164e-14,3.1641356201816961e-14
quad,4,3,1.2,bernstein,coupled,0,shortwave,xy,direct,1.9593355683187348,0.057704761064355757,16.355486939162574,33.95448715459662,4.2699401865333169,0.1258965772396646,5.4256192633579357,4.0435952320187249,0.0038721027130542087,0,0,2.2204460492503131e-16,5.3290705182007514e-15,1.0040222740414223e-13,3.5527136788005009e-15,0.043774505904688676,16,2.6222233366888549e-12,1.1368683772161603e-13,8.8817841970012523e-16,2.1220650237019356e-11,2.6545957969536319e-13,1.7763568394002505e-14,0.0044309161021374166,0.18202740320703015,3.3306690738754696e-16,7.0974797099083164e-14,3.1641356201816961e-14
quad,4,3,1.2,bernstein,coupled,0,shortwave,xy,fe_geometry,1.9593355683182645,0.057704761064341907,16.355486939154254,33.95448715459662,4.269940186532466,0.12589657723963951,5.4256192633572065,4.0435952320183022,0.0038721027130542087,1.8183945019595116e-12,5.2825473296239801e-14,2.2204460492503131e-16,5.3290705182007514e-15,1.0040222740414223e-13,3.5527136788005009e-15,0.043774505904688676,16,2.6222233366888549e-12,1.1368683772161603e-13,8.8817841970012523e-16,2.1220650237019356e-11,2.6545957969536319e-13,1.7763568394002505e-14,0.0044309161021374166,0.18202740320703015,3.3306690738754696e-16,7.0974797099083164e-14,3.1641356201816961e-14
quad,4,3,1.2,bernstein,coupled,0,shortwave,xy,reused,1.9593355683187434,0.057704761064356014,16.355486939165388,33.95448715459662,4.2699401865333444,0.12589657723966541,5.4256192633581009,4.0435952320187329,0.0038721027130542087,6.273470342992172e-13,1.8224815336901204e-14,2.2204460492503131e-16,5.3290705182007514e-15,1.0040222740414223e-13,3.5527136788005009e-15,0.043774505904688676,16,2.6222233366888549e-12,1.1368683772161603e-13,8.8817841970012523e-16,2.1220650237019356e-11,2.6545957969536319e-13,1.7763568394002505e-14,0.0044309161021374166,0.18202740320703015,3.3306690738754696e-16,7.0974797099083164e-14,3.1641356201816961e-14
quad,4,3,1.2,bernstein,coupled,0,shortwave,xy,reused_centered,1.9593355683187383,0.057704761064355861,16.355486939166752,33.95448715459662,4.2699401865333568,0.1258965772396658,5.4256192633580236,4.043595232018709,0.0038721027130542087,5.960581636018237e-13,1.7315854491653628e-14,2.2204460492503131e-16,5.3290705182007514e-15,1.0040222740414223e-13,3.5527136788005009e-15,0.043774505904688676,16,2.6222233366888549e-12,1.1368683772161603e-13,8.8817841970012523e-16,2.1220650237019356e-11,2.6545957969536319e-13,1.7763568394002505e-14,0.0044309161021374166,0.18202740320703015,3.3306690738754696e-16,7.0974797099083164e-14,3.1641356201816961e-14
quad,4,3,1.2,bernstein,coupled,0,shortwave,yy,recursive,4.3993358984432094,0.17275422748154184,29.097138708101639,25.465865365947487,7.7426462794479169,0.30438292584181459,9.6036837720716903,5.7072973900183959,0.0038721027130542087,0.17773498331994458,0.0065657306525233605,2.2204460492503131e-16,5.3290705182007514e-15,1.0040222740414223e-13,3.5527136788005009e-15,0.043774505904688676,16,2.6222233366888549e-12,1.1368683772161603e-13,8.8817841970012523e-16,2.1220650237019356e-11,2.6545957969536319e-13,1.7763568394002505e-14,0.0044309161021374166,0.18202740320703015,3.3306690738754696e-16,7.0974797099083164e-14,3.1641356201816961e-14
quad,4,3,1.2,bernstein,coupled,0,shortwave,yy,direct,4.4021340390005586,0.1728641055680368,29.870761114452144,25.465865365947487,7.7252468623349824,0.30369891093300555,9.2310138531511008,5.4631328923250297,0.0038721027130542087,0,0,2.2204460492503131e-16,5.3290705182007514e-15,1.0040222740414223e-13,3.5527136788005009e-15,0.043774505904688676,16,2.6222233366888549e-12,1.1368683772161603e-13,8.8817841970012523e-16,2.1220650237019356e-11,2.6545957969536319e-13,1.7763568394002505e-14,0.0044309161021374166,0.18202740320703015,3.3306690738754696e-16,7.0974797099083164e-14,3.1641356201816961e-14
quad,4,3,1.2,bernstein,coupled,0,shortwave,yy,fe_geometry,4.4021340390005026,0.17286410556803458,29.870761114451007,25.465865365947487,7.7252468623348713,0.30369891093300122,9.2310138531536481,5.4631328923271791,0.0038721027130542087,2.6845694903978203e-12,9.917102341188934e-14,2.2204460492503131e-16,5.3290705182007514e-15,1.0040222740414223e-13,3.5527136788005009e-15,0.043774505904688676,16,2.6222233366888549e-12,1.1368683772161603e-13,8.8817841970012523e-16,2.1220650237019356e-11,2.6545957969536319e-13,1.7763568394002505e-14,0.0044309161021374166,0.18202740320703015,3.3306690738754696e-16,7.0974797099083164e-14,3.1641356201816961e-14
quad,4,3,1.2,bernstein,coupled,0,shortwave,yy,reused,4.4021340390008579,0.17286410556804854,29.870761114454794,25.465865365947487,7.7252468623355126,0.30369891093302642,9.2310138531502961,5.463132892324289,0.0038721027130542087,1.8661826009892918e-12,6.8938889112587035e-14,2.2204460492503131e-16,5.3290705182007514e-15,1.0040222740414223e-13,3.5527136788005009e-15,0.043774505904688676,16,2.6222233366888549e-12,1.1368683772161603e-13,8.8817841970012523e-16,2.1220650237019356e-11,2.6545957969536319e-13,1.7763568394002505e-14,0.0044309161021374166,0.18202740320703015,3.3306690738754696e-16,7.0974797099083164e-14,3.1641356201816961e-14
quad,4,3,1.2,bernstein,coupled,0,shortwave,yy,reused_centered,4.4021340390007282,0.17286410556804349,29.870761114453714,25.465865365947487,7.7252468623351929,0.30369891093301382,9.2310138531501771,5.4631328923243414,0.0038721027130542087,1.3776381891235463e-12,5.0891507780056894e-14,2.2204460492503131e-16,5.3290705182007514e-15,1.0040222740414223e-13,3.5527136788005009e-15,0.043774505904688676,16,2.6222233366888549e-12,1.1368683772161603e-13,8.8817841970012523e-16,2.1220650237019356e-11,2.6545957969536319e-13,1.7763568394002505e-14,0.0044309161021374166,0.18202740320703015,3.3306690738754696e-16,7.0974797099083164e-14,3.1641356201816961e-14
quad,4,3,1.2,bernstein,coupled,0,shortwave,xxx,recursive,238.96601341818806,0.66031664623590791,950.80478082847344,361.89609148943657,324.96630979200825,0.89694429219100935,437.27715155949574,281.2126055713033,0.0038721027130542087,8.0054282187315273,0.022106366204831404,2.2204460492503131e-16,5.3290705182007514e-15,1.0040222740414223e-13,3.5527136788005009e-15,0.043774505904688676,16,2.6222233366888549e-12,1.1368683772161603e-13,8.8817841970012523e-16,2.1220650237019356e-11,2.6545957969536319e-13,1.7763568394002505e-14,0.0044309161021374166,0.18202740320703015,3.3306690738754696e-16,7.0974797099083164e-14,3.1641356201816961e-14
quad,4,3,1.2,bernstein,coupled,0,shortwave,xxx,direct,239.32362335704238,0.66130480263567037,926.55990375975898,361.89609148943657,325.36998085747013,0.89805847063713939,444.34498408125154,286.04520419588818,0.0038721027130542087,0,0,2.2204460492503131e-16,5.3290705182007514e-15,1.0040222740414223e-13,3.5527136788005009e-15,0.043774505904688676,16,2.6222233366888549e-12,1.1368683772161603e-13,8.8817841970012523e-16,2.1220650237019356e-11,2.6545957969536319e-13,1.7763568394002505e-14,0.0044309161021374166,0.18202740320703015,3.3306690738754696e-16,7.0974797099083164e-14,3.1641356201816961e-14
quad,4,3,1.2,bernstein,coupled,0,shortwave,xxx,fe_geometry,239.32362335696254,0.66130480263544977,926.55990375982344,361.89609148943657,325.36998085737656,0.89805847063688127,444.34498408094788,286.045204195709,0.0038721027130542087,1.947209449791779e-10,5.3770671597410188e-13,2.2204460492503131e-16,5.3290705182007514e-15,1.0040222740414223e-13,3.5527136788005009e-15,0.043774505904688676,16,2.6222233366888549e-12,1.1368683772161603e-13,8.8817841970012523e-16,2.1220650237019356e-11,2.6545957969536319e-13,1.7763568394002505e-14,0.0044309161021374166,0.18202740320703015,3.3306690738754696e-16,7.0974797099083164e-14,3.1641356201816961e-14
quad,4,3,1.2,bernstein,coupled,0,shortwave,xxx,reused,239.32362335703894,0.66130480263566094,926.55990375971658,361.89609148943657,325.36998085745159,0.89805847063708821,444.34498408125501,286.04520419589136,0.0038721027130542087,8.0822577194374435e-11,2.2318524884109208e-13,2.2204460492503131e-16,5.3290705182007514e-15,1.0040222740414223e-13,3.5527136788005009e-15,0.043774505904688676,16,2.6222233366888549e-12,1.1368683772161603e-13,8.8817841970012523e-16,2.1220650237019356e-11,2.6545957969536319e-13,1.7763568394002505e-14,0.0044309161021374166,0.18202740320703015,3.3306690738754696e-16,7.0974797099083164e-14,3.1641356201816961e-14
quad,4,3,1.2,bernstein,coupled,0,shortwave,xxx,reused_centered,239.32362335703527,0.66130480263565072,926.55990375971976,361.89609148943657,325.3699808574429,0.89805847063706423,444.3449840812259,286.04520419586902,0.0038721027130542087,6.0415530212288344e-11,1.6683277881461341e-13,2.2204460492503131e-16,5.3290705182007514e-15,1.0040222740414223e-13,3.5527136788005009e-15,0.043774505904688676,16,2.6222233366888549e-12,1.1368683772161603e-13,8.8817841970012523e-16,2.1220650237019356e-11,2.6545957969536319e-13,1.7763568394002505e-14,0.0044309161021374166,0.18202740320703015,3.3306690738754696e-16,7.0974797099083164e-14,3.1641356201816961e-14
quad,4,3,1.2,bernstein,coupled,0,shortwave,xxy,recursive,66.954903173757089,0.24668186899797395,385.49201119859873,271.4220686170778,118.85186949487962,0.43739305787480415,151.24352649038022,103.21318808760866,0.0038721027130542087,4.0920480539655149,0.013757348660250985,2.2204460492503131e-16,5.3290705182007514e-15,1.0040222740414223e-13,3.5527136788005009e-15,0.043774505904688676,16,2.6222233366888549e-12,1.1368683772161603e-13,8.8817841970012523e-16,2.1220650237019356e-11,2.6545957969536319e-13,1.7763568394002505e-14,0.0044309161021374166,0.18202740320703015,3.3306690738754696e-16,7.0974797099083164e-14,3.1641356201816961e-14
quad,4,3,1.2,bernstein,coupled,0,shortwave,xxy,direct,67.293291753282588,0.24792859363333475,390.02349557967756,271.4220686170778,119.84170705281599,0.44103581148150078,150.25950952030348,104.67309731872427,0.0038721027130542087,0,0,2.2204460492503131e-16,5.3290705182007514e-15,1.0040222740414223e-13,3.5527136788005009e-15,0.043774505904688676,16,2.6222233366888549e-12,1.1368683772161603e-13,8.8817841970012523e-16,2.1220650237019356e-11,2.6545957969536319e-13,1.7763568394002505e-14,0.0044309161021374166,0.18202740320703015,3.3306690738754696e-16,7.0974797099083164e-14,3.1641356201816961e-14
quad,4,3,1.2,bernstein,coupled,0,shortwave,xxy,fe_geometry,67.293291753263318,0.24792859363326375,390.02349557971075,271.4220686170778,119.84170705279081,0.44103581148140814,150.25950952026713,104.67309731871117,0.0038721027130542087,6.8041639269676003e-11,2.2875404748505587e-13,2.2204460492503131e-16,5.3290705182007514e-15,1.0040222740414223e-13,3.5527136788005009e-15,0.043774505904688676,16,2.6222233366888549e-12,1.1368683772161603e-13,8.8817841970012523e-16,2.1220650237019356e-11,2.6545957969536319e-13,1.7763568394002505e-14,0.0044309161021374166,0.18202740320703015,3.3306690738754696e-16,7.0974797099083164e-14,3.1641356201816961e-14
quad,4,3,1.2,bernstein,coupled,0,shortwave,xxy,reused,67.293291753282901,0.24792859363333591,390.02349557966903,271.4220686170778,119.84170705281882,0.44103581148151122,150.2595095202943,104.67309731871325,0.0038721027130542087,2.7776986205782502e-11,9.3385434121090208e-14,2.2204460492503131e-16,5.3290705182007514e-15,1.0040222740414223e-13,3.5527136788005009e-15,0.043774505904688676,16,2.6222233366888549e-12,1.1368683772161603e-13,8.8817841970012523e-16,2.1220650237019356e-11,2.6545957969536319e-13,1.7763568394002505e-14,0.0044309161021374166,0.18202740320703015,3.3306690738754696e-16,7.0974797099083164e-14,3.1641356201816961e-14
quad,4,3,1.2,bernstein,coupled,0,shortwave,xxy,reused_centered,67.293291753282404,0.24792859363333405,390.02349557968188,271.4220686170778,119.84170705281812,0.44103581148150867,150.25950952029305,104.67309731871087,0.0038721027130542087,2.9744359480775636e-11,9.9999686869835795e-14,2.2204460492503131e-16,5.3290705182007514e-15,1.0040222740414223e-13,3.5527136788005009e-15,0.043774505904688676,16,2.6222233366888549e-12,1.1368683772161603e-13,8.8817841970012523e-16,2.1220650237019356e-11,2.6545957969536319e-13,1.7763568394002505e-14,0.0044309161021374166,0.18202740320703015,3.3306690738754696e-16,7.0974797099083164e-14,3.1641356201816961e-14
quad,4,3,1.2,bernstein,coupled,0,shortwave,xyy,recursive,39.971555842735647,0.19635620663367423,324.05042669699776,203.56655146280821,75.258491543171658,0.36928367933419937,96.248067702027683,69.15112954137507,0.0038721027130542087,9.5503633217767163,0.04400792329673598,2.2204460492503131e-16,5.3290705182007514e-15,1.0040222740414223e-13,3.5527136788005009e-15,0.043774505904688676,16,2.6222233366888549e-12,1.1368683772161603e-13,8.8817841970012523e-16,2.1220650237019356e-11,2.6545957969536319e-13,1.7763568394002505e-14,0.0044309161021374166,0.18202740320703015,3.3306690738754696e-16,7.0974797099083164e-14,3.1641356201816961e-14
quad,4,3,1.2,bernstein,coupled,0,shortwave,xyy,direct,41.391921824403148,0.20333361019757457,349.81661978445879,203.56655146280821,78.421217417456958,0.38480276593337165,94.531086778424594,69.469202247018274,0.0038721027130542087,0,0,2.2204460492503131e-16,5.3290705182007514e-15,1.0040222740414223e-13,3.5527136788005009e-15,0.043774505904688676,16,2.6222233366888549e-12,1.1368683772161603e-13,8.8817841970012523e-16,2.1220650237019356e-11,2.6545957969536319e-13,1.7763568394002505e-14,0.0044309161021374166,0.18202740320703015,3.3306690738754696e-16,7.0974797099083164e-14,3.1641356201816961e-14
quad,4,3,1.2,bernstein,coupled,0,shortwave,xyy,fe_geometry,41.391921824405465,0.20333361019758595,349.81661978440667,203.56655146280821,78.421217417464376,0.38480276593340801,94.531086778453101,69.4692022470647,0.0038721027130542087,5.4604195332178075e-11,2.5161526937714789e-13,2.2204460492503131e-16,5.3290705182007514e-15,1.0040222740414223e-13,3.5527136788005009e-15,0.043774505904688676,16,2.6222233366888549e-12,1.1368683772161603e-13,8.8817841970012523e-16,2.1220650237019356e-11,2.6545957969536319e-13,1.7763568394002505e-14,0.0044309161021374166,0.18202740320703015,3.3306690738754696e-16,7.0974797099083164e-14,3.1641356201816961e-14
quad,4,3,1.2,bernstein,coupled,0,shortwave,xyy,reused,41.391921824405991,0.20333361019758855,349.81661978447124,203.56655146280821,78.421217417461207,0.38480276593339247,94.531086778421312,69.469202247017634,0.0038721027130542087,2.4462961621916221e-11,1.127249406536719e-13,2.2204460492503131e-16,5.3290705182007514e-15,1.0040222740414223e-13,3.5527136788005009e-15,0.043774505904688676,16,2.6222233366888549e-12,1.1368683772161603e-13,8.8817841970012523e-16,2.1220650237019356e-11,2.6545957969536319e-13,1.7763568394002505e-14,0.0044309161021374166,0.18202740320703015,3.3306690738754696e-16,7.0974797099083164e-14,3.1641356201816961e-14
quad,4,3,1.2,bernstein,coupled,0,shortwave,xyy,reused_centered,41.391921824405088,0.20333361019758411,349.81661978446328,203.56655146280821,78.421217417460312,0.38480276593338808,94.531086778418157,69.469202247013001,0.0038721027130542087,2.5933629074334889e-11,1.1950175303875362e-13,2.2204460492503131e-16,5.3290705182007514e-15,1.0040222740414223e-13,3.5527136788005009e-15,0.043774505904688676,16,2.6222233366888549e-12,1.1368683772161603e-13,8.8817841970012523e-16,2.1220650237019356e-11,2.6545957969536319e-13,1.7763568394002505e-14,0.0044309161021374166,0.18202740320703015,3.3306690738754696e-16,7.0974797099083164e-14,3.1641356201816961e-14
quad,4,3,1.2,bernstein,coupled,0,shortwave,yyy,recursive,105.0158459843003,0.68783956388163714,491.74166139929832,152.67491359710641,141.95141640236037,0.92871630847918363,188.24156525054676,121.72023244194325,0.0038721027130542087,7.4943432107008592,0.04580559660931046,2.2204460492503131e-16,5.3290705182007514e-15,1.0040222740414223e-13,3.5527136788005009e-15,0.043774505904688676,16,2.6222233366888549e-12,1.1368683772161603e-13,8.8817841970012523e-16,2.1220650237019356e-11,2.6545957969536319e-13,1.7763568394002505e-14,0.0044309161021374166,0.18202740320703015,3.3306690738754696e-16,7.0974797099083164e-14,3.1641356201816961e-14
quad,4,3,1.2,bernstein,coupled,0,shortwave,yyy,direct,104.96393478918645,0.68749955258645579,462.12200187431972,152.67491359710641,141.3488411985625,0.92477396374578558,189.42894626613491,122.62368445835985,0.0038721027130542087,0,0,2.2204460492503131e-16,5.3290705182007514e-15,1.0040222740414223e-13,3.5527136788005009e-15,0.043774505904688676,16,2.6222233366888549e-12,1.1368683772161603e-13,8.8817841970012523e-16,2.1220650237019356e-11,2.6545957969536319e-13,1.7763568394002505e-14,0.0044309161021374166,0.18202740320703015,3.3306690738754696e-16,7.0974797099083164e-14,3.1641356201816961e-14
quad,4,3,1.2,bernstein,coupled,0,shortwave,yyy,fe_geometry,104.96393478919747,0.68749955258652795,462.12200187432171,152.67491359710641,141.34884119857327,0.92477396374585596,189.42894626616354,122.62368445839611,0.0038721027130542087,5.6688591443863186e-11,3.4648196366560187e-13,2.2204460492503131e-16,5.3290705182007514e-15,1.0040222740414223e-13,3.5527136788005009e-15,0.043774505904688676,16,2.6222233366888549e-12,1.1368683772161603e-13,8.8817841970012523e-16,2.1220650237019356e-11,2.6545957969536319e-13,1.7763568394002505e-14,0.0044309161021374166,0.18202740320703015,3.3306690738754696e-16,7.0974797099083164e-14,3.1641356201816961e-14
quad,4,3,1.2,bernstein,coupled,0,shortwave,yyy,reused,104.96393478919563,0.68749955258651585,462.12200187438208,152.67491359710641,141.34884119857117,0.9247739637458422,189.42894626616351,122.62368445837086,0.0038721027130542087,6.137784642484571e-11,3.7514279704595603e-13,2.2204460492503131e-16,5.3290705182007514e-15,1.0040222740414223e-13,3.5527136788005009e-15,0.043774505904688676,16,2.6222233366888549e-12,1.1368683772161603e-13,8.8817841970012523e-16,2.1220650237019356e-11,2.6545957969536319e-13,1.7763568394002505e-14,0.0044309161021374166,0.18202740320703015,3.3306690738754696e-16,7.0974797099083164e-14,3.1641356201816961e-14
quad,4,3,1.2,bernstein,coupled,0,shortwave,yyy,reused_centered,104.96393478919036,0.68749955258648143,462.12200187434581,152.67491359710641,141.34884119856198,0.92477396374578213,189.42894626614046,122.62368445835669,0.0038721027130542087,4.4892781980871671e-11,2.7438570722906928e-13,2.2204460492503131e-16,5.3290705182007514e-15,1.0040222740414223e-13,3.5527136788005009e-15,0.043774505904688676,16,2.6222233366888549e-12,1.1368683772161603e-13,8.8817841970012523e-16,2.1220650237019356e-11,2.6545957969536319e-13,1.7763568394002505e-14,0.0044309161021374166,0.18202740320703015,3.3306690738754696e-16,7.0974797099083164e-14,3.1641356201816961e-14
quad,4,3,1.2,bernstein,coupled,0,exponential,x,recursive,0.00017095197282415952,7.2966508506022154e-05,0.00092683108492064292,2.3428827324257995,0.00039869915804606584,0.00016572367352846396,0.00077394422266484342,0.00050224768396565575,2.7126208870168959e-06,7.5330930384237429e-06,3.2153016911095318e-06,2.2204460492503131e-16,5.3290705182007514e-15,1.0040222740414223e-13,3.5527136788005009e-15,0.043774505904688676,16,2.6222233366888549e-12,1.1368683772161603e-13,8.8817841970012523e-16,2.1220650237019356e-11,2.6545957969536319e-13,1.7763568394002505e-14,0.0044309161021374166,0.18202740320703015,3.3306690738754696e-16,7.0974797099083164e-14,3.1641356201816961e-14
quad,4,3,1.2,bernstein,coupled,0,exponential,x,direct,0.00017111932653539468,7.3037939187941894e-05,0.00093275247173441045,2.3428827324257995,0.00039920127253032113,0.0001659323829154374,0.00077880629590315836,0.00050683328727624515,2.7126208870168959e-06,0,0,2.2204460492503131e-16,5.3290705182007514e-15,1.0040222740414223e-13,3.5527136788005009e-15,0.043774505904688676,16,2.6222233366888549e-12,1.1368683772161603e-13,8.8817841970012523e-16,2.1220650237019356e-11,2.6545957969536319e-13,1.7763568394002505e-14,0.0044309161021374166,0.18202740320703015,3.3306690738754696e-16,7.0974797099083164e-14,3.1641356201816961e-14
quad,4,3,1.2,bernstein,coupled,0,exponential,x,fe_geometry,0.00017111932654449483,7.3037939191826048e-05,0.00093275247168778108,2.3428827324257995,0.00039920127255188212,0.0001659323829243995,0.00077880629597268239,0.00050683328732308475,2.7126208870168959e-06,5.1357637472916715e-14,2.1920650359126847e-14,2.2204460492503131e-16,5.3290705182007514e-15,1.0040222740414223e-13,3.5527136788005009e-15,0.043774505904688676,16,2.6222233366888549e-12,1.1368683772161603e-13,8.8817841970012523e-16,2.1220650237019356e-11,2.6545957969536319e-13,1.7763568394002505e-14,0.0044309161021374166,0.18202740320703015,3.3306690738754696e-16,7.0974797099083164e-14,3.1641356201816961e-14
quad,4,3,1.2,bernstein,coupled,0,exponential,x,reused,0.00017111932652598432,7.3037939183925331e-05,0.00093275247166202391,2.3428827324257995,0.00039920127250732662,0.00016593238290587949,0.00077880629586267003,0.00050683328724911918,2.7126208870168959e-06,2.0665417021002049e-14,8.8204871433547237e-15,2.2204460492503131e-16,5.3290705182007514e-15,1.0040222740414223e-13,3.5527136788005009e-15,0.043774505904688676,16,2.6222233366888549e-12,1.1368683772161603e-13,8.8817841970012523e-16,2.1220650237019356e-11,2.6545957969536319e-13,1.7763568394002505e-14,0.0044309161021374166,0.18202740320703015,3.3306690738754696e-16,7.0974797099083164e-14,3.1641356201816961e-14
quad,4,3,1.2,bernstein,coupled,0,exponential,x,reused_centered,0.00017111932652720955,7.3037939184448283e-05,0.00093275247168200792,2.3428827324257995,0.0003992012725103755,0.00016593238290714681,0.00077880629586450027,0.00050683328725024837,2.7126208870168959e-06,1.5949829640370651e-14,6.8077632858127391e-15,2.2204460492503131e-16,5.3290705182007514e-15,1.0040222740414223e-13,3.5527136788005009e-15,0.043774505904688676,16,2.6222233366888549e-12,1.1368683772161603e-13,8.8817841970012523e-16,2.1220650237019356e-11,2.6545957969536319e-13,1.7763568394002505e-14,0.0044309161021374166,0.18202740320703015,3.3306690738754696e-16,7.0974797099083164e-14,3.1641356201816961e-14
quad,4,3,1.2,bernstein,coupled,0,exponential,y,recursive,0.00011179267817509401,9.5431731710570838e-05,0.0012575479064698136,1.1714413662128997,0.0002766990454911403,0.00023002598001630671,0.00043417173914046966,0.0002417972561938015,2.7126208870168959e-06,1.5688390787709382e-05,1.3392403880403127e-05,2.2204460492503131e-16,5.3290705182007514e-15,1.0040222740414223e-13,3.5527136788005009e-15,0.043774505904688676,16,2.6222233366888549e-12,1.1368683772161603e-13,8.8817841970012523e-16,2.1220650237019356e-11,2.6545957969536319e-13,1.7763568394002505e-14,0.0044309161021374166,0.18202740320703015,3.3306690738754696e-16,7.0974797099083164e-14,3.1641356201816961e-14
quad,4,3,1.2,bernstein,coupled,0,exponential,y,direct,0.00011290561314615417,9.6381787772410385e-05,0.0014253097027259187,1.1714413662128997,0.00028143159399037632,0.00023396025129136366,0.00043262081348104,0.00023840335921787321,2.7126208870168959e-06,0,0,2.2204460492503131e-16,5.3290705182007514e-15,1.0040222740414223e-13,3.5527136788005009e-15,0.043774505904688676,16,2.6222233366888549e-12,1.1368683772161603e-13,8.8817841970012523e-16,2.1220650237019356e-11,2.6545957969536319e-13,1.7763568394002505e-14,0.0044309161021374166,0.18202740320703015,3.3306690738754696e-16,7.0974797099083164e-14,3.1641356201816961e-14
quad,4,3,1.2,bernstein,coupled,0,exponential,y,fe_geometry,0.00011290561313262337,9.6381787760859824e-05,0.0014253097026191153,1.1714413662128997,0.00028143159395381545,0.00023396025126096981,0.0004326208134166121,0.00023840335921027712,2.7126208870168959e-06,4.9749926578604694e-14,4.2469053631877088e-14,2.2204460492503131e-16,5.3290705182007514e-15,1.0040222740414223e-13,3.5527136788005009e-15,0.043774505904688676,16,2.6222233366888549e-12,1.1368683772161603e-13,8.8817841970012523e-16,2.1220650237019356e-11,2.6545957969536319e-13,1.7763568394002505e-14,0.0044309161021374166,0.18202740320703015,3.3306690738754696e-16,7.0974797099083164e-14,3.1641356201816961e-14
quad,4,3,1.2,bernstein,coupled,0,exponential,y,reused,0.00011290561315202323,9.6381787777420497e-05,0.0014253097028076311,1.1714413662128997,0.00028143159400591304,0.00023396025130427968,0.00043262081350530786,0.00023840335922071721,2.7126208870168959e-06,1.6938846567932698e-14,1.4459856181276134e-14,2.2204460492503131e-16,5.3290705182007514e-15,1.0040222740414223e-13,3.5527136788005009e-15,0.043774505904688676,16,2.6222233366888549e-12,1.1368683772161603e-13,8.8817841970012523e-16,2.1220650237019356e-11,2.6545957969536319e-13,1.7763568394002505e-14,0.0044309161021374166,0.18202740320703015,3.3306690738754696e-16,7.0974797099083164e-14,3.1641356201816961e-14
quad,4,3,1.2,bernstein,coupled,0,exponential,y,reused_centered,0.00011290561315088746,9.6381787776450949e-05,0.0014253097028000816,1.1714413662128997,0.0002814315940028332,0.00023396025130171931,0.00043262081350341273,0.0002384033592199858,2.7126208870168959e-06,1.1367945141106977e-14,9.7042529523959979e-15,2.2204460492503131e-16,5.3290705182007514e-15,1.0040222740414223e-13,3.5527136788005009e-15,0.043774505904688676,16,2.6222233366888549e-12,1.1368683772161603e-13,8.8817841970012523e-16,2.1220650237019356e-11,2.6545957969536319e-13,1.7763568394002505e-14,0.0044309161021374166,0.18202740320703015,3.3306690738754696e-16,7.0974797099083164e-14,3.1641356201816961e-14
quad,4,3,1.2,bernstein,coupled,0,exponential,xx,recursive,0.0078431671498752579,0.0033476567313100278,0.033253049625449282,2.3428827324257995,0.014780987034861665,0.0061438792140886588,0.0062029113604288397,0.0027502944337161684,2.7126208870168959e-06,0.00032620394303743705,0.00013903642959531233,2.2204460492503131e-16,5.3290705182007514e-15,1.0040222740414223e-13,3.5527136788005009e-15,0.043774505904688676,16,2.6222233366888549e-12,1.1368683772161603e-13,8.8817841970012523e-16,2.1220650237019356e-11,2.6545957969536319e-13,1.7763568394002505e-14,0.0044309161021374166,0.18202740320703015,3.3306690738754696e-16,7.0974797099083164e-14,3.1641356201816961e-14
quad,4,3,1.2,bernstein,coupled,0,exponential,xx,direct,0.0078493059572670963,0.0033502769253585286,0.033743844438022474,2.3428827324257995,0.014798995043136783,0.0061513644400392449,0.0054810211867149976,0.002607394846190329,2.7126208870168959e-06,0,0,2.2204460492503131e-16,5.3290705182007514e-15,1.0040222740414223e-13,3.5527136788005009e-15,0.043774505904688676,16,2.6222233366888549e-12,1.1368683772161603e-13,8.8817841970012523e-16,2.1220650237019356e-11,2.6545957969536319e-13,1.7763568394002505e-14,0.0044309161021374166,0.18202740320703015,3.3306690738754696e-16,7.0974797099083164e-14,3.1641356201816961e-14
quad,4,3,1.2,bernstein,coupled,0,exponential,xx,fe_geometry,0.007849305958100199,0.0033502769257141179,0.03374384443844658,2.3428827324257995,0.014798995044834637,0.0061513644407449764,0.0054810211839679988,0.0026073948451304538,2.7126208870168959e-06,2.0568887963670044e-12,8.7669839812036461e-13,2.2204460492503131e-16,5.3290705182007514e-15,1.0040222740414223e-13,3.5527136788005009e-15,0.043774505904688676,16,2.6222233366888549e-12,1.1368683772161603e-13,8.8817841970012523e-16,2.1220650237019356e-11,2.6545957969536319e-13,1.7763568394002505e-14,0.0044309161021374166,0.18202740320703015,3.3306690738754696e-16,7.0974797099083164e-14,3.1641356201816961e-14
quad,4,3,1.2,bernstein,coupled,0,exponential,xx,reused,0.0078493059566971599,0.0033502769251152658,0.033743844435417003,2.3428827324257995,0.014798995042030577,0.0061513644395794391,0.0054810211862749937,0.0026073948460316452,2.7126208870168959e-06,1.0318742795121167e-12,4.3981110184843721e-13,2.2204460492503131e-16,5.3290705182007514e-15,1.0040222740414223e-13,3.5527136788005009e-15,0.043774505904688676,16,2.6222233366888549e-12,1.1368683772161603e-13,8.8817841970012523e-16,2.1220650237019356e-11,2.6545957969536319e-13,1.7763568394002505e-14,0.0044309161021374166,0.18202740320703015,3.3306690738754696e-16,7.0974797099083164e-14,3.1641356201816961e-14
quad,4,3,1.2,bernstein,coupled,0,exponential,xx,reused_centered,0.0078493059568651401,0.0033502769251869641,0.033743844436078696,2.3428827324257995,0.014798995042342123,0.0061513644397089362,0.0054810211863461,0.002607394846045376,2.7126208870168959e-06,7.3390777638809942e-13,3.128101884088063e-13,2.2204460492503131e-16,5.3290705182007514e-15,1.0040222740414223e-13,3.5527136788005009e-15,0.043774505904688676,16,2.6222233366888549e-12,1.1368683772161603e-13,8.8817841970012523e-16,2.1220650237019356e-11,2.6545957969536319e-13,1.7763568394002505e-14,0.0044309161021374166,0.18202740320703015,3.3306690738754696e-16,7.0974797099083164e-14,3.1641356201816961e-14
quad,4,3,1.2,bernstein,coupled,0,exponential,xy,recursive,0.0013547075929115772,0.0011564450701371,0.02089713480089328,1.1714413662128997,0.0031647381574007004,0.0026309161813657432,0.0052462902809111249,0.0028180565623376298,2.7126208870168959e-06,0.00056021863556014121,0.00047821509432707858,2.2204460492503131e-16,5.3290705182007514e-15,1.0040222740414223e-13,3.5527136788005009e-15,0.043774505904688676,16,2.6222233366888549e-12,1.1368683772161603e-13,8.8817841970012523e-16,2.1220650237019356e-11,2.6545957969536319e-13,1.7763568394002505e-14,0.0044309161021374166,0.18202740320703015,3.3306690738754696e-16,7.0974797099083164e-14,3.1641356201816961e-14
quad,4,3,1.2,bernstein,coupled,0,exponential,xy,direct,0.0014579869461998167,0.001244609408760489,0.020183313168192107,1.1714413662128997,0.0034434753003275819,0.0028626364764426345,0.0056802511122741664,0.0037121693337937582,2.7126208870168959e-06,0,0,2.2204460492503131e-16,5.3290705182007514e-15,1.0040222740414223e-13,3.5527136788005009e-15,0.043774505904688676,16,2.6222233366888549e-12,1.1368683772161603e-13,8.8817841970012523e-16,2.1220650237019356e-11,2.6545957969536319e-13,1.7763568394002505e-14,0.0044309161021374166,0.18202740320703015,3.3306690738754696e-16,7.0974797099083164e-14,3.1641356201816961e-14
quad,4,3,1.2,bernstein,coupled,0,exponential,xy,fe_geometry,0.001457986946239644,0.0012446094087944874,0.020183313159482186,1.1714413662128997,0.003443475300233899,0.0028626364763647541,0.0056802511124742832,0.0037121693338430443,2.7126208870168959e-06,5.3837867206792737e-13,4.595720154671862e-13,2.2204460492503131e-16,5.3290705182007514e-15,1.0040222740414223e-13,3.5527136788005009e-15,0.043774505904688676,16,2.6222233366888549e-12,1.1368683772161603e-13,8.8817841970012523e-16,2.1220650237019356e-11,2.6545957969536319e-13,1.7763568394002505e-14,0.0044309161021374166,0.18202740320703015,3.3306690738754696e-16,7.0974797099083164e-14,3.1641356201816961e-14
quad,4,3,1.2,bernstein,coupled,0,exponential,xy,reused,0.0014579869461864169,0.0012446094087490505,0.020183313171481476,1.1714413662128997,0.0034434753003492811,0.0028626364764606739,0.0056802511122731065,0.0037121693337578915,2.7126208870168959e-06,2.4967571743599185e-13,2.1312874864552061e-13,2.2204460492503131e-16,5.3290705182007514e-15,1.0040222740414223e-13,3.5527136788005009e-15,0.043774505904688676,16,2.6222233366888549e-12,1.1368683772161603e-13,8.8817841970012523e-16,2.1220650237019356e-11,2.6545957969536319e-13,1.7763568394002505e-14,0.0044309161021374166,0.18202740320703015,3.3306690738754696e-16,7.0974797099083164e-14,3.1641356201816961e-14
quad,4,3,1.2,bernstein,coupled,0,exponential,xy,reused_centered,0.0014579869462012717,0.0012446094087617311,0.020183313172679185,1.1714413662128997,0.0034434753003973009,0.0028626364765005933,0.0056802511122994431,0.0037121693337757579,2.7126208870168959e-06,2.5185128752832343e-13,2.149858636911122e-13,2.2204460492503131e-16,5.3290705182007514e-15,1.0040222740414223e-13,3.5527136788005009e-15,0.043774505904688676,16,2.6222233366888549e-12,1.1368683772161603e-13,8.8817841970012523e-16,2.1220650237019356e-11,2.6545957969536319e-13,1.7763568394002505e-14,0.0044309161021374166,0.18202740320703015,3.3306690738754696e-16,7.0974797099083164e-14,3.1641356201816961e-14
quad,4,3,1.2,bernstein,coupled,0,exponential,yy,recursive,0.0059064340333869246,0.01008404552501261,0.055924778699526168,0.58572068310644987,0.011625677584330446,0.01932936107490003,0.0062652283625038961,0.0039883862366402491,2.7126208870168959e-06,0.00050060246978311893,0.00085675060842710133,2.2204460492503131e-16,5.3290705182007514e-15,1.0040222740414223e-13,3.5527136788005009e-15,0.043774505904688676,16,2.6222233366888549e-12,1.1368683772161603e-13,8.8817841970012523e-16,2.1220650237019356e-11,2.6545957969536319e-13,1.7763568394002505e-14,0.0044309161021374166,0.18202740320703015,3.3306690738754696e-16,7.0974797099083164e-14,3.1641356201816961e-14
quad,4,3,1.2,bernstein,coupled,0,exponential,yy,direct,0.0059764137181497505,0.010203521730619143,0.065123430422037276,0.58572068310644987,0.011933268397511503,0.01984077504179968,0.0049908668769853091,0.0033933695352999773,2.7126208870168959e-06,0,0,2.2204460492503131e-16,5.3290705182007514e-15,1.0040222740414223e-13,3.5527136788005009e-15,0.043774505904688676,16,2.6222233366888549e-12,1.1368683772161603e-13,8.8817841970012523e-16,2.1220650237019356e-11,2.6545957969536319e-13,1.7763568394002505e-14,0.0044309161021374166,0.18202740320703015,3.3306690738754696e-16,7.0974797099083164e-14,3.1641356201816961e-14
quad,4,3,1.2,bernstein,coupled,0,exponential,yy,fe_geometry,0.0059764137178330923,0.010203521730078513,0.06512343041605495,0.58572068310644987,0.011933268396819033,0.019840775040648347,0.0049908668779472878,0.0033933695359448656,2.7126208870168959e-06,9.5772274697407018e-13,1.6390840950704772e-12,2.2204460492503131e-16,5.3290705182007514e-15,1.0040222740414223e-13,3.5527136788005009e-15,0.043774505904688676,16,2.6222233366888549e-12,1.1368683772161603e-13,8.8817841970012523e-16,2.1220650237019356e-11,2.6545957969536319e-13,1.7763568394002505e-14,0.0044309161021374166,0.18202740320703015,3.3306690738754696e-16,7.0974797099083164e-14,3.1641356201816961e-14
quad,4,3,1.2,bernstein,coupled,0,exponential,yy,reused,0.0059764137185840949,0.0102035217313607,0.065123430425252926,0.58572068310644987,0.011933268398402835,0.019840775043281647,0.0049908668768348374,0.0033933695351384035,2.7126208870168959e-06,8.1205368515168449e-13,1.3897803762945726e-12,2.2204460492503131e-16,5.3290705182007514e-15,1.0040222740414223e-13,3.5527136788005009e-15,0.043774505904688676,16,2.6222233366888549e-12,1.1368683772161603e-13,8.8817841970012523e-16,2.1220650237019356e-11,2.6545957969536319e-13,1.7763568394002505e-14,0.0044309161021374166,0.18202740320703015,3.3306690738754696e-16,7.0974797099083164e-14,3.1641356201816961e-14
quad,4,3,1.2,bernstein,coupled,0,exponential,yy,reused_centered,0.0059764137184454827,0.010203521731124047,0.065123430426147433,0.58572068310644987,0.011933268398138986,0.01984077504284296,0.0049908668769472961,0.0033933695352512203,2.7126208870168959e-06,5.4938680488531791e-13,9.4024202387822414e-13,2.2204460492503131e-16,5.3290705182007514e-15,1.0040222740414223e-13,3.5527136788005009e-15,0.043774505904688676,16,2.6222233366888549e-12,1.1368683772161603e-13,8.8817841970012523e-16,2.1220650237019356e-11,2.6545957969536319e-13,1.7763568394002505e-14,0.0044309161021374166,0.18202740320703015,3.3306690738754696e-16,7.0974797099083164e-14,3.1641356201816961e-14
quad,4,3,1.2,bernstein,coupled,0,exponential,xxx,recursive,0.20741441169212521,0.08852957462252932,0.74845363256993291,2.3428827324257995,0.30850140367693213,0.12823198864172583,0.52138581493410541,0.33567558508027928,2.7126208870168959e-06,0.019071864970869271,0.008031220817729938,2.2204460492503131e-16,5.3290705182007514e-15,1.0040222740414223e-13,3.5527136788005009e-15,0.043774505904688676,16,2.6222233366888549e-12,1.1368683772161603e-13,8.8817841970012523e-16,2.1220650237019356e-11,2.6545957969536319e-13,1.7763568394002505e-14,0.0044309161021374166,0.18202740320703015,3.3306690738754696e-16,7.0974797099083164e-14,3.1641356201816961e-14
quad,4,3,1.2,bernstein,coupled,0,exponential,xxx,direct,0.2078125500805513,0.088699509883443495,0.749491436340604,2.3428827324257995,0.30927189524465409,0.12855225190400951,0.54116662251184977,0.35032362983249182,2.7126208870168959e-06,0,0,2.2204460492503131e-16,5.3290705182007514e-15,1.0040222740414223e-13,3.5527136788005009e-15,0.043774505904688676,16,2.6222233366888549e-12,1.1368683772161603e-13,8.8817841970012523e-16,2.1220650237019356e-11,2.6545957969536319e-13,1.7763568394002505e-14,0.0044309161021374166,0.18202740320703015,3.3306690738754696e-16,7.0974797099083164e-14,3.1641356201816961e-14
quad,4,3,1.2,bernstein,coupled,0,exponential,xxx,fe_geometry,0.20781255011325173,0.088699509897400844,0.74949143648005689,2.3428827324257995,0.30927189529478011,0.12855225192484493,0.54116662259149884,0.35032362987860477,2.7126208870168959e-06,6.1310916613312075e-11,2.5818214978505752e-11,2.2204460492503131e-16,5.3290705182007514e-15,1.0040222740414223e-13,3.5527136788005009e-15,0.043774505904688676,16,2.6222233366888549e-12,1.1368683772161603e-13,8.8817841970012523e-16,2.1220650237019356e-11,2.6545957969536319e-13,1.7763568394002505e-14,0.0044309161021374166,0.18202740320703015,3.3306690738754696e-16,7.0974797099083164e-14,3.1641356201816961e-14
quad,4,3,1.2,bernstein,coupled,0,exponential,xxx,reused,0.20781255006252319,0.08869950987574865,0.74949143611581315,2.3428827324257995,0.30927189521835335,0.12855225189307731,0.5411666224697792,0.35032362980809745,2.7126208870168959e-06,3.1389566661582895e-11,1.3218242768448875e-11,2.2204460492503131e-16,5.3290705182007514e-15,1.0040222740414223e-13,3.5527136788005009e-15,0.043774505904688676,16,2.6222233366888549e-12,1.1368683772161603e-13,8.8817841970012523e-16,2.1220650237019356e-11,2.6545957969536319e-13,1.7763568394002505e-14,0.0044309161021374166,0.18202740320703015,3.3306690738754696e-16,7.0974797099083164e-14,3.1641356201816961e-14
quad,4,3,1.2,bernstein,coupled,0,exponential,xxx,reused_centered,0.20781255006846858,0.088699509878286287,0.74949143621226488,2.3428827324257995,0.30927189522492687,0.12855225189580968,0.54116662248419645,0.35032362981686083,2.7126208870168959e-06,2.3042426689644219e-11,9.7032365321141355e-12,2.2204460492503131e-16,5.3290705182007514e-15,1.0040222740414223e-13,3.5527136788005009e-15,0.043774505904688676,16,2.6222233366888549e-12,1.1368683772161603e-13,8.8817841970012523e-16,2.1220650237019356e-11,2.6545957969536319e-13,1.7763568394002505e-14,0.0044309161021374166,0.18202740320703015,3.3306690738754696e-16,7.0974797099083164e-14,3.1641356201816961e-14
quad,4,3,1.2,bernstein,coupled,0,exponential,xxy,recursive,0.05723370089234904,0.048857503707059026,0.60493825363320153,1.1714413662128997,0.11198853299682368,0.093098521563232839,0.036532881699512763,0.022515362520479348,2.7126208870168959e-06,0.0075215761366538422,0.0064392847050295634,2.2204460492503131e-16,5.3290705182007514e-15,1.0040222740414223e-13,3.5527136788005009e-15,0.043774505904688676,16,2.6222233366888549e-12,1.1368683772161603e-13,8.8817841970012523e-16,2.1220650237019356e-11,2.6545957969536319e-13,1.7763568394002505e-14,0.0044309161021374166,0.18202740320703015,3.3306690738754696e-16,7.0974797099083164e-14,3.1641356201816961e-14
quad,4,3,1.2,bernstein,coupled,0,exponential,xxy,direct,0.057661586602774102,0.049222768006891938,0.6455330218218478,1.1714413662128997,0.11341771435477215,0.094286631344745103,0.04863394193625982,0.03467476403034709,2.7126208870168959e-06,0,0,2.2204460492503131e-16,5.3290705182007514e-15,1.0040222740414223e-13,3.5527136788005009e-15,0.043774505904688676,16,2.6222233366888549e-12,1.1368683772161603e-13,8.8817841970012523e-16,2.1220650237019356e-11,2.6545957969536319e-13,1.7763568394002505e-14,0.0044309161021374166,0.18202740320703015,3.3306690738754696e-16,7.0974797099083164e-14,3.1641356201816961e-14
quad,4,3,1.2,bernstein,coupled,0,exponential,xxy,fe_geometry,0.057661586602397986,0.049222768006570869,0.64553302154159886,1.1714413662128997,0.11341771434426332,0.094286631336008883,0.04863394192918797,0.034674764039502606,2.7126208870168959e-06,2.1413394075999194e-11,1.8332187091001734e-11,2.2204460492503131e-16,5.3290705182007514e-15,1.0040222740414223e-13,3.5527136788005009e-15,0.043774505904688676,16,2.6222233366888549e-12,1.1368683772161603e-13,8.8817841970012523e-16,2.1220650237019356e-11,2.6545957969536319e-13,1.7763568394002505e-14,0.0044309161021374166,0.18202740320703015,3.3306690738754696e-16,7.0974797099083164e-14,3.1641356201816961e-14
quad,4,3,1.2,bernstein,coupled,0,exponential,xxy,reused,0.05766158660267974,0.049222768006811385,0.64553302188195349,1.1714413662128997,0.11341771435707339,0.09428663134665817,0.048633941940510864,0.034674764029493224,2.7126208870168959e-06,1.0944795295102581e-11,9.3699314695479289e-12,2.2204460492503131e-16,5.3290705182007514e-15,1.0040222740414223e-13,3.5527136788005009e-15,0.043774505904688676,16,2.6222233366888549e-12,1.1368683772161603e-13,8.8817841970012523e-16,2.1220650237019356e-11,2.6545957969536319e-13,1.7763568394002505e-14,0.0044309161021374166,0.18202740320703015,3.3306690738754696e-16,7.0974797099083164e-14,3.1641356201816961e-14
quad,4,3,1.2,bernstein,coupled,0,exponential,xxy,reused_centered,0.057661586603617358,0.049222768007611779,0.64553302195576756,1.1714413662128997,0.11341771436008678,0.094286631349163277,0.048633941944298681,0.034674764030402393,2.7126208870168959e-06,1.2230240786235333e-11,1.0470412185267006e-11,2.2204460492503131e-16,5.3290705182007514e-15,1.0040222740414223e-13,3.5527136788005009e-15,0.043774505904688676,16,2.6222233366888549e-12,1.1368683772161603e-13,8.8817841970012523e-16,2.1220650237019356e-11,2.6545957969536319e-13,1.7763568394002505e-14,0.0044309161021374166,0.18202740320703015,3.3306690738754696e-16,7.0974797099083164e-14,3.1641356201816961e-14
quad,4,3,1.2,bernstein,coupled,0,exponential,xyy,recursive,0.025696697743959648,0.043871931596599412,0.46495779296014733,0.58572068310644987,0.054650081861047771,0.090863621273036974,0.039622106904686427,0.022396372877759942,2.7126208870168959e-06,0.029188238395514633,0.049999070292771841,2.2204460492503131e-16,5.3290705182007514e-15,1.0040222740414223e-13,3.5527136788005009e-15,0.043774505904688676,16,2.6222233366888549e-12,1.1368683772161603e-13,8.8817841970012523e-16,2.1220650237019356e-11,2.6545957969536319e-13,1.7763568394002505e-14,0.0044309161021374166,0.18202740320703015,3.3306690738754696e-16,7.0974797099083164e-14,3.1641356201816961e-14
quad,4,3,1.2,bernstein,coupled,0,exponential,xyy,direct,0.036440307420539934,0.062214479480686556,0.44383358825098729,0.58572068310644987,0.074549514085369681,0.1239492894295199,0.046281849305866742,0.02998489055807374,2.7126208870168959e-06,0,0,2.2204460492503131e-16,5.3290705182007514e-15,1.0040222740414223e-13,3.5527136788005009e-15,0.043774505904688676,16,2.6222233366888549e-12,1.1368683772161603e-13,8.8817841970012523e-16,2.1220650237019356e-11,2.6545957969536319e-13,1.7763568394002505e-14,0.0044309161021374166,0.18202740320703015,3.3306690738754696e-16,7.0974797099083164e-14,3.1641356201816961e-14
quad,4,3,1.2,bernstein,coupled,0,exponential,xyy,fe_geometry,0.036440307416894864,0.062214479474463333,0.44383358792407956,0.58572068310644987,0.074549514069800371,0.12394928940363369,0.046281849286984526,0.029984890548084852,2.7126208870168959e-06,1.8235307069739967e-11,3.1236842307356127e-11,2.2204460492503131e-16,5.3290705182007514e-15,1.0040222740414223e-13,3.5527136788005009e-15,0.043774505904688676,16,2.6222233366888549e-12,1.1368683772161603e-13,8.8817841970012523e-16,2.1220650237019356e-11,2.6545957969536319e-13,1.7763568394002505e-14,0.0044309161021374166,0.18202740320703015,3.3306690738754696e-16,7.0974797099083164e-14,3.1641356201816961e-14
quad,4,3,1.2,bernstein,coupled,0,exponential,xyy,reused,0.036440307421804943,0.062214479482846301,0.44383358823530272,0.58572068310644987,0.074549514089107288,0.12394928943573423,0.04628184931127325,0.029984890560779742,2.7126208870168959e-06,8.3389478490963881e-12,1.4284508507330822e-11,2.2204460492503131e-16,5.3290705182007514e-15,1.0040222740414223e-13,3.5527136788005009e-15,0.043774505904688676,16,2.6222233366888549e-12,1.1368683772161603e-13,8.8817841970012523e-16,2.1220650237019356e-11,2.6545957969536319e-13,1.7763568394002505e-14,0.0044309161021374166,0.18202740320703015,3.3306690738754696e-16,7.0974797099083164e-14,3.1641356201816961e-14
quad,4,3,1.2,bernstein,coupled,0,exponential,xyy,reused_centered,0.03644030742264618,0.062214479484282534,0.4438335883514114,0.58572068310644987,0.074549514092254146,0.12394928944096632,0.046281849313350505,0.02998489056164028,2.7126208870168959e-06,1.0380804010219179e-11,1.7782181383107936e-11,2.2204460492503131e-16,5.3290705182007514e-15,1.0040222740414223e-13,3.5527136788005009e-15,0.043774505904688676,16,2.6222233366888549e-12,1.1368683772161603e-13,8.8817841970012523e-16,2.1220650237019356e-11,2.6545957969536319e-13,1.7763568394002505e-14,0.0044309161021374166,0.18202740320703015,3.3306690738754696e-16,7.0974797099083164e-14,3.1641356201816961e-14
quad,4,3,1.2,bernstein,coupled,0,exponential,yyy,recursive,0.17915250792079515,0.61173358936425226,1.3912731874115205,0.29286034155322493,0.27318839145246032,0.90842998553014842,0.3404668249649776,0.15127874289398177,2.7126208870168959e-06,0.023920135729818548,0.07202329273380248,2.2204460492503131e-16,5.3290705182007514e-15,1.0040222740414223e-13,3.5527136788005009e-15,0.043774505904688676,16,2.6222233366888549e-12,1.1368683772161603e-13,8.8817841970012523e-16,2.1220650237019356e-11,2.6545957969536319e-13,1.7763568394002505e-14,0.0044309161021374166,0.18202740320703015,3.3306690738754696e-16,7.0974797099083164e-14,3.1641356201816961e-14
quad,4,3,1.2,bernstein,coupled,0,exponential,yyy,direct,0.18649144693002798,0.63679310739359607,1.7302703889364799,0.29286034155322493,0.29461157782470615,0.97966824270014818,0.34390152448804229,0.16049425662455494,2.7126208870168959e-06,0,0,2.2204460492503131e-16,5.3290705182007514e-15,1.0040222740414223e-13,3.5527136788005009e-15,0.043774505904688676,16,2.6222233366888549e-12,1.1368683772161603e-13,8.8817841970012523e-16,2.1220650237019356e-11,2.6545957969536319e-13,1.7763568394002505e-14,0.0044309161021374166,0.18202740320703015,3.3306690738754696e-16,7.0974797099083164e-14,3.1641356201816961e-14
quad,4,3,1.2,bernstein,coupled,0,exponential,yyy,fe_geometry,0.18649144692672498,0.63679310738231765,1.7302703885931021,0.29286034155322493,0.29461157781370761,0.97966824266357488,0.34390152447623862,0.16049425661580835,2.7126208870168959e-06,1.4282219956390453e-11,4.3003623408597959e-11,2.2204460492503131e-16,5.3290705182007514e-15,1.0040222740414223e-13,3.5527136788005009e-15,0.043774505904688676,16,2.6222233366888549e-12,1.1368683772161603e-13,8.8817841970012523e-16,2.1220650237019356e-11,2.6545957969536319e-13,1.7763568394002505e-14,0.0044309161021374166,0.18202740320703015,3.3306690738754696e-16,7.0974797099083164e-14,3.1641356201816961e-14
quad,4,3,1.2,bernstein,coupled,0,exponential,yyy,reused,0.18649144694382308,0.63679310744070072,1.7302703889830924,0.29286034155322493,0.29461157784546194,0.9796682427691672,0.34390152451735667,0.16049425663326691,2.7126208870168959e-06,2.3185538658193412e-11,6.9811428197218909e-11,2.2204460492503131e-16,5.3290705182007514e-15,1.0040222740414223e-13,3.5527136788005009e-15,0.043774505904688676,16,2.6222233366888549e-12,1.1368683772161603e-13,8.8817841970012523e-16,2.1220650237019356e-11,2.6545957969536319e-13,1.7763568394002505e-14,0.0044309161021374166,0.18202740320703015,3.3306690738754696e-16,7.0974797099083164e-14,3.1641356201816961e-14
quad,4,3,1.2,bernstein,coupled,0,exponential,yyy,reused_centered,0.18649144693977884,0.63679310742689132,1.7302703890989233,0.29286034155322493,0.29461157784221131,0.97966824275835784,0.34390152450893519,0.16049425663181185,2.7126208870168959e-06,1.634300913651205e-11,4.9208639302279791e-11,2.2204460492503131e-16,5.3290705182007514e-15,1.0040222740414223e-13,3.5527136788005009e-15,0.043774505904688676,16,2.6222233366888549e-12,1.1368683772161603e-13,8.8817841970012523e-16,2.1220650237019356e-11,2.6545957969536319e-13,1.7763568394002505e-14,0.0044309161021374166,0.18202740320703015,3.3306690738754696e-16,7.0974797099083164e-14,3.1641356201816961e-14
quad,4,3,1.2,bernstein,coupled,0,constant,x,recursive,3.9930378867101975e-13,nan,5.4586245415928422e-12,0,9.7719127588858618e-13,nan,1.5210167418186066e-12,1.0406453968424434e-12,8.6417769001145003e-15,2.1474800552690149e-14,nan,2.2204460492503131e-16,5.3290705182007514e-15,1.0040222740414223e-13,3.5527136788005009e-15,0.043774505904688676,16,2.6222233366888549e-12,1.1368683772161603e-13,8.8817841970012523e-16,2.1220650237019356e-11,2.6545957969536319e-13,1.7763568394002505e-14,0.0044309161021374166,0.18202740320703015,3.3306690738754696e-16,7.0974797099083164e-14,3.1641356201816961e-14
quad,4,3,1.2,bernstein,coupled,0,constant,x,direct,3.9683710681597925e-13,nan,5.2879018159336061e-12,0,9.6903714829175294e-13,nan,1.5054657766096091e-12,1.0303723596245034e-12,8.6417769001145003e-15,0,nan,2.2204460492503131e-16,5.3290705182007514e-15,1.0040222740414223e-13,3.5527136788005009e-15,0.043774505904688676,16,2.6222233366888549e-12,1.1368683772161603e-13,8.8817841970012523e-16,2.1220650237019356e-11,2.6545957969536319e-13,1.7763568394002505e-14,0.0044309161021374166,0.18202740320703015,3.3306690738754696e-16,7.0974797099083164e-14,3.1641356201816961e-14
quad,4,3,1.2,bernstein,coupled,0,constant,x,fe_geometry,3.9683710681597602e-13,nan,5.2879018159335495e-12,0,9.6903714829174183e-13,nan,1.5054657766095849e-12,1.0303723596244859e-12,8.6417769001145003e-15,9.582149032440566e-27,nan,2.2204460492503131e-16,5.3290705182007514e-15,1.0040222740414223e-13,3.5527136788005009e-15,0.043774505904688676,16,2.6222233366888549e-12,1.1368683772161603e-13,8.8817841970012523e-16,2.1220650237019356e-11,2.6545957969536319e-13,1.7763568394002505e-14,0.0044309161021374166,0.18202740320703015,3.3306690738754696e-16,7.0974797099083164e-14,3.1641356201816961e-14
quad,4,3,1.2,bernstein,coupled,0,constant,x,reused,3.9678299218802654e-13,nan,5.2855820593329998e-12,0,9.6895536656406163e-13,nan,1.5053128135404904e-12,1.0302516804719372e-12,8.6417769001145003e-15,2.7402912171374805e-15,nan,2.2204460492503131e-16,5.3290705182007514e-15,1.0040222740414223e-13,3.5527136788005009e-15,0.043774505904688676,16,2.6222233366888549e-12,1.1368683772161603e-13,8.8817841970012523e-16,2.1220650237019356e-11,2.6545957969536319e-13,1.7763568394002505e-14,0.0044309161021374166,0.18202740320703015,3.3306690738754696e-16,7.0974797099083164e-14,3.1641356201816961e-14
quad,4,3,1.2,bernstein,coupled,0,constant,x,reused_centered,3.9693184114137927e-13,nan,5.2866516487077278e-12,0,9.6919873077199222e-13,nan,1.5053246121849091e-12,1.0302218104216958e-12,8.6417769001145003e-15,3.0457222738529849e-15,nan,2.2204460492503131e-16,5.3290705182007514e-15,1.0040222740414223e-13,3.5527136788005009e-15,0.043774505904688676,16,2.6222233366888549e-12,1.1368683772161603e-13,8.8817841970012523e-16,2.1220650237019356e-11,2.6545957969536319e-13,1.7763568394002505e-14,0.0044309161021374166,0.18202740320703015,3.3306690738754696e-16,7.0974797099083164e-14,3.1641356201816961e-14
quad,4,3,1.2,bernstein,coupled,0,constant,y,recursive,4.1135633051348586e-13,nan,5.6018090103784843e-12,0,1.0082297375160051e-12,nan,1.2399367550674724e-12,8.6999178873696251e-13,8.6417769001145003e-15,2.105332994821585e-14,nan,2.2204460492503131e-16,5.3290705182007514e-15,1.0040222740414223e-13,3.5527136788005009e-15,0.043774505904688676,16,2.6222233366888549e-12,1.1368683772161603e-13,8.8817841970012523e-16,2.1220650237019356e-11,2.6545957969536319e-13,1.7763568394002505e-14,0.0044309161021374166,0.18202740320703015,3.3306690738754696e-16,7.0974797099083164e-14,3.1641356201816961e-14
quad,4,3,1.2,bernstein,coupled,0,constant,y,direct,4.1101742190602813e-13,nan,5.6381436378583058e-12,0,1.0113672365541723e-12,nan,1.2516038436449041e-12,8.7774300126676488e-13,8.6417769001145003e-15,0,nan,2.2204460492503131e-16,5.3290705182007514e-15,1.0040222740414223e-13,3.5527136788005009e-15,0.043774505904688676,16,2.6222233366888549e-12,1.1368683772161603e-13,8.8817841970012523e-16,2.1220650237019356e-11,2.6545957969536319e-13,1.7763568394002505e-14,0.0044309161021374166,0.18202740320703015,3.3306690738754696e-16,7.0974797099083164e-14,3.1641356201816961e-14
quad,4,3,1.2,bernstein,coupled,0,constant,y,fe_geometry,4.1101742190602773e-13,nan,5.6381436378581766e-12,0,1.01136723655417e-12,nan,1.2516038436448984e-12,8.7774300126676175e-13,8.6417769001145003e-15,9.2893165611496772e-27,nan,2.2204460492503131e-16,5.3290705182007514e-15,1.0040222740414223e-13,3.5527136788005009e-15,0.043774505904688676,16,2.6222233366888549e-12,1.1368683772161603e-13,8.8817841970012523e-16,2.1220650237019356e-11,2.6545957969536319e-13,1.7763568394002505e-14,0.0044309161021374166,0.18202740320703015,3.3306690738754696e-16,7.0974797099083164e-14,3.1641356201816961e-14
quad,4,3,1.2,bernstein,coupled,0,constant,y,reused,4.1101965266032862e-13,nan,5.6334621147272077e-12,0,1.0113774621458847e-12,nan,1.2518128572684204e-12,8.7750137567075829e-13,8.6417769001145003e-15,2.0542077801270286e-15,nan,2.2204460492503131e-16,5.3290705182007514e-15,1.0040222740414223e-13,3.5527136788005009e-15,0.043774505904688676,16,2.6222233366888549e-12,1.1368683772161603e-13,8.8817841970012523e-16,2.1220650237019356e-11,2.6545957969536319e-13,1.7763568394002505e-14,0.0044309161021374166,0.18202740320703015,3.3306690738754696e-16,7.0974797099083164e-14,3.1641356201816961e-14
quad,4,3,1.2,bernstein,coupled,0,constant,y,reused_centered,4.1111098737094843e-13,nan,5.6380137064836693e-12,0,1.0114222564673698e-12,nan,1.2515462415301266e-12,8.7744893860434322e-13,8.6417769001145003e-15,2.4981783257189783e-15,nan,2.2204460492503131e-16,5.3290705182007514e-15,1.0040222740414223e-13,3.5527136788005009e-15,0.043774505904688676,16,2.6222233366888549e-12,1.1368683772161603e-13,8.8817841970012523e-16,2.1220650237019356e-11,2.6545957969536319e-13,1.7763568394002505e-14,0.0044309161021374166,0.18202740320703015,3.3306690738754696e-16,7.0974797099083164e-14,3.1641356201816961e-14
quad,4,3,1.2,bernstein,coupled,0,constant,xx,recursive,1.1272845748569357e-11,nan,1.2775409017789317e-10,0,2.4578237040765377e-11,nan,3.108823545912209e-11,2.0595744674408251e-11,8.6417769001145003e-15,1.1592801595497799e-12,0.10364808800774918,2.2204460492503131e-16,5.3290705182007514e-15,1.0040222740414223e-13,3.5527136788005009e-15,0.043774505904688676,16,2.6222233366888549e-12,1.1368683772161603e-13,8.8817841970012523e-16,2.1220650237019356e-11,2.6545957969536319e-13,1.7763568394002505e-14,0.0044309161021374166,0.18202740320703015,3.3306690738754696e-16,7.0974797099083164e-14,3.1641356201816961e-14
quad,4,3,1.2,bernstein,coupled,0,constant,xx,direct,1.1184771295184019e-11,nan,1.1667076849739006e-10,0,2.4333064208482908e-11,nan,3.0586827543126853e-11,2.0296737049191827e-11,8.6417769001145003e-15,0,0,2.2204460492503131e-16,5.3290705182007514e-15,1.0040222740414223e-13,3.5527136788005009e-15,0.043774505904688676,16,2.6222233366888549e-12,1.1368683772161603e-13,8.8817841970012523e-16,2.1220650237019356e-11,2.6545957969536319e-13,1.7763568394002505e-14,0.0044309161021374166,0.18202740320703015,3.3306690738754696e-16,7.0974797099083164e-14,3.1641356201816961e-14
quad,4,3,1.2,bernstein,coupled,0,constant,xx,fe_geometry,1.118477129518376e-11,nan,1.1667076849738396e-10,0,2.4333064208482288e-11,nan,3.0586827543125703e-11,2.029673704919099e-11,8.6417769001145003e-15,1.086918134175293e-24,9.7178396007373206e-14,2.2204460492503131e-16,5.3290705182007514e-15,1.0040222740414223e-13,3.5527136788005009e-15,0.043774505904688676,16,2.6222233366888549e-12,1.1368683772161603e-13,8.8817841970012523e-16,2.1220650237019356e-11,2.6545957969536319e-13,1.7763568394002505e-14,0.0044309161021374166,0.18202740320703015,3.3306690738754696e-16,7.0974797099083164e-14,3.1641356201816961e-14
quad,4,3,1.2,bernstein,coupled,0,constant,xx,reused,1.1182860242615948e-11,nan,1.1664619477429497e-10,0,2.4331976741469901e-11,nan,3.0586161139331493e-11,2.0298450166533446e-11,8.6417769001145003e-15,6.7491024114541988e-14,0.0060341890176692781,2.2204460492503131e-16,5.3290705182007514e-15,1.0040222740414223e-13,3.5527136788005009e-15,0.043774505904688676,16,2.6222233366888549e-12,1.1368683772161603e-13,8.8817841970012523e-16,2.1220650237019356e-11,2.6545957969536319e-13,1.7763568394002505e-14,0.0044309161021374166,0.18202740320703015,3.3306690738754696e-16,7.0974797099083164e-14,3.1641356201816961e-14
quad,4,3,1.2,bernstein,coupled,0,constant,xx,reused_centered,1.1189142645742778e-11,nan,1.1663976893188321e-10,0,2.4338741973975286e-11,nan,3.0592459623431493e-11,2.0300487773995995e-11,8.6417769001145003e-15,4.4866230531234533e-14,0.0040113677201922947,2.2204460492503131e-16,5.3290705182007514e-15,1.0040222740414223e-13,3.5527136788005009e-15,0.043774505904688676,16,2.6222233366888549e-12,1.1368683772161603e-13,8.8817841970012523e-16,2.1220650237019356e-11,2.6545957969536319e-13,1.7763568394002505e-14,0.0044309161021374166,0.18202740320703015,3.3306690738754696e-16,7.0974797099083164e-14,3.1641356201816961e-14
quad,4,3,1.2,bernstein,coupled,0,constant,xy,recursive,1.8820319457404298e-11,nan,2.236704328948297e-10,0,4.4783549292142259e-11,nan,6.5341008986633819e-11,4.2886340529907578e-11,8.6417769001145003e-15,1.1905382858593423e-12,0.063818736891239458,2.2204460492503131e-16,5.3290705182007514e-15,1.0040222740414223e-13,3.5527136788005009e-15,0.043774505904688676,16,2.6222233366888549e-12,1.1368683772161603e-13,8.8817841970012523e-16,2.1220650237019356e-11,2.6545957969536319e-13,1.7763568394002505e-14,0.0044309161021374166,0.18202740320703015,3.3306690738754696e-16,7.0974797099083164e-14,3.1641356201816961e-14
quad,4,3,1.2,bernstein,coupled,0,constant,xy,direct,1.8654996069387422e-11,nan,2.2253607110685028e-10,0,4.4459303557406337e-11,nan,6.4888182213848282e-11,4.2768463183009351e-11,8.6417769001145003e-15,0,0,2.2204460492503131e-16,5.3290705182007514e-15,1.0040222740414223e-13,3.5527136788005009e-15,0.043774505904688676,16,2.6222233366888549e-12,1.1368683772161603e-13,8.8817841970012523e-16,2.1220650237019356e-11,2.6545957969536319e-13,1.7763568394002505e-14,0.0044309161021374166,0.18202740320703015,3.3306690738754696e-16,7.0974797099083164e-14,3.1641356201816961e-14
quad,4,3,1.2,bernstein,coupled,0,constant,xy,fe_geometry,1.8654996069387232e-11,nan,2.2253607110684108e-10,0,4.4459303557405801e-11,nan,6.4888182213846964e-11,4.2768463183008408e-11,8.6417769001145003e-15,7.7749730917086713e-25,4.1677698900549697e-14,2.2204460492503131e-16,5.3290705182007514e-15,1.0040222740414223e-13,3.5527136788005009e-15,0.043774505904688676,16,2.6222233366888549e-12,1.1368683772161603e-13,8.8817841970012523e-16,2.1220650237019356e-11,2.6545957969536319e-13,1.7763568394002505e-14,0.0044309161021374166,0.18202740320703015,3.3306690738754696e-16,7.0974797099083164e-14,3.1641356201816961e-14
quad,4,3,1.2,bernstein,coupled,0,constant,xy,reused,1.8655111185417328e-11,nan,2.224044054266e-10,0,4.4458746609191697e-11,nan,6.4886302383808915e-11,4.2765650021275047e-11,8.6417769001145003e-15,4.0492295469223986e-14,0.0021705871884728648,2.2204460492503131e-16,5.3290705182007514e-15,1.0040222740414223e-13,3.5527136788005009e-15,0.043774505904688676,16,2.6222233366888549e-12,1.1368683772161603e-13,8.8817841970012523e-16,2.1220650237019356e-11,2.6545957969536319e-13,1.7763568394002505e-14,0.0044309161021374166,0.18202740320703015,3.3306690738754696e-16,7.0974797099083164e-14,3.1641356201816961e-14
quad,4,3,1.2,bernstein,coupled,0,constant,xy,reused_centered,1.8656376020608616e-11,nan,2.2249759583129064e-10,0,4.4462571216873036e-11,nan,6.4885402068376459e-11,4.2768271267643084e-11,8.6417769001145003e-15,3.8934960944291931e-14,0.0020871063601124867,2.2204460492503131e-16,5.3290705182007514e-15,1.0040222740414223e-13,3.5527136788005009e-15,0.043774505904688676,16,2.6222233366888549e-12,1.1368683772161603e-13,8.8817841970012523e-16,2.1220650237019356e-11,2.6545957969536319e-13,1.7763568394002505e-14,0.0044309161021374166,0.18202740320703015,3.3306690738754696e-16,7.0974797099083164e-14,3.1641356201816961e-14
quad,4,3,1.2,bernstein,coupled,0,constant,yy,recursive,1.2141195304760426e-11,nan,1.7161213123973156e-10,0,2.6750123726333749e-11,nan,3.7738819795137361e-11,2.6812350598353825e-11,8.6417769001145003e-15,1.1468036271237363e-12,0.093804036918106001,2.2204460492503131e-16,5.3290705182007514e-15,1.0040222740414223e-13,3.5527136788005009e-15,0.043774505904688676,16,2.6222233366888549e-12,1.1368683772161603e-13,8.8817841970012523e-16,2.1220650237019356e-11,2.6545957969536319e-13,1.7763568394002505e-14,0.0044309161021374166,0.18202740320703015,3.3306690738754696e-16,7.0974797099083164e-14,3.1641356201816961e-14
quad,4,3,1.2,bernstein,coupled,0,constant,yy,direct,1.2225525305749192e-11,nan,1.730523282421704e-10,0,2.7079164871738335e-11,nan,3.7612132093723528e-11,2.6719352236327459e-11,8.6417769001145003e-15,0,0,2.2204460492503131e-16,5.3290705182007514e-15,1.0040222740414223e-13,3.5527136788005009e-15,0.043774505904688676,16,2.6222233366888549e-12,1.1368683772161603e-13,8.8817841970012523e-16,2.1220650237019356e-11,2.6545957969536319e-13,1.7763568394002505e-14,0.0044309161021374166,0.18202740320703015,3.3306690738754696e-16,7.0974797099083164e-14,3.1641356201816961e-14
quad,4,3,1.2,bernstein,coupled,0,constant,yy,fe_geometry,1.2225525305749247e-11,nan,1.7305232824218632e-10,0,2.7079164871738658e-11,nan,3.7612132093723372e-11,2.6719352236327323e-11,8.6417769001145003e-15,9.0738945354337789e-25,7.4220896922659642e-14,2.2204460492503131e-16,5.3290705182007514e-15,1.0040222740414223e-13,3.5527136788005009e-15,0.043774505904688676,16,2.6222233366888549e-12,1.1368683772161603e-13,8.8817841970012523e-16,2.1220650237019356e-11,2.6545957969536319e-13,1.7763568394002505e-14,0.0044309161021374166,0.18202740320703015,3.3306690738754696e-16,7.0974797099083164e-14,3.1641356201816961e-14
quad,4,3,1.2,bernstein,coupled,0,constant,yy,reused,1.2224461000391891e-11,nan,1.7311724194979574e-10,0,2.707623355517492e-11,nan,3.7610168986612974e-11,2.6716026780665125e-11,8.6417769001145003e-15,3.380927331573376e-14,0.002765465897799464,2.2204460492503131e-16,5.3290705182007514e-15,1.0040222740414223e-13,3.5527136788005009e-15,0.043774505904688676,16,2.6222233366888549e-12,1.1368683772161603e-13,8.8817841970012523e-16,2.1220650237019356e-11,2.6545957969536319e-13,1.7763568394002505e-14,0.0044309161021374166,0.18202740320703015,3.3306690738754696e-16,7.0974797099083164e-14,3.1641356201816961e-14
quad,4,3,1.2,bernstein,coupled,0,constant,yy,reused_centered,1.2227842999547585e-11,nan,1.7302946239246459e-10,0,2.7077593792313039e-11,nan,3.7617285322717735e-11,2.6719947924580808e-11,8.6417769001145003e-15,6.3335956563127039e-14,0.0051806327318583674,2.2204460492503131e-16,5.3290705182007514e-15,1.0040222740414223e-13,3.5527136788005009e-15,0.043774505904688676,16,2.6222233366888549e-12,1.1368683772161603e-13,8.8817841970012523e-16,2.1220650237019356e-11,2.6545957969536319e-13,1.7763568394002505e-14,0.0044309161021374166,0.18202740320703015,3.3306690738754696e-16,7.0974797099083164e-14,3.1641356201816961e-14
quad,4,3,1.2,bernstein,coupled,0,constant,xxx,recursive,2.0812184109353745e-10,nan,2.3510903102638958e-09,0,4.28315491028356e-10,nan,5.5664530929068697e-10,3.8787604051533745e-10,8.6417769001145003e-15,4.324871272657223e-11,0.20390647442541321,2.2204460492503131e-16,5.3290705182007514e-15,1.0040222740414223e-13,3.5527136788005009e-15,0.043774505904688676,16,2.6222233366888549e-12,1.1368683772161603e-13,8.8817841970012523e-16,2.1220650237019356e-11,2.6545957969536319e-13,1.7763568394002505e-14,0.0044309161021374166,0.18202740320703015,3.3306690738754696e-16,7.0974797099083164e-14,3.1641356201816961e-14
quad,4,3,1.2,bernstein,coupled,0,constant,xxx,direct,2.1210073318388988e-10,nan,3.2132717905137217e-09,0,4.4129760452652197e-10,nan,5.6726450864600532e-10,3.8591646659183554e-10,8.6417769001145003e-15,0,0,2.2204460492503131e-16,5.3290705182007514e-15,1.0040222740414223e-13,3.5527136788005009e-15,0.043774505904688676,16,2.6222233366888549e-12,1.1368683772161603e-13,8.8817841970012523e-16,2.1220650237019356e-11,2.6545957969536319e-13,1.7763568394002505e-14,0.0044309161021374166,0.18202740320703015,3.3306690738754696e-16,7.0974797099083164e-14,3.1641356201816961e-14
quad,4,3,1.2,bernstein,coupled,0,constant,xxx,fe_geometry,2.1210073318388631e-10,nan,3.2132717905158674e-09,0,4.4129760452653965e-10,nan,5.6726450864597347e-10,3.8591646659178534e-10,8.6417769001145003e-15,8.1651982818481168e-23,3.8496794232054572e-13,2.2204460492503131e-16,5.3290705182007514e-15,1.0040222740414223e-13,3.5527136788005009e-15,0.043774505904688676,16,2.6222233366888549e-12,1.1368683772161603e-13,8.8817841970012523e-16,2.1220650237019356e-11,2.6545957969536319e-13,1.7763568394002505e-14,0.0044309161021374166,0.18202740320703015,3.3306690738754696e-16,7.0974797099083164e-14,3.1641356201816961e-14
quad,4,3,1.2,bernstein,coupled,0,constant,xxx,reused,2.1203250240132991e-10,nan,3.2070905577932119e-09,0,4.4122000128658075e-10,nan,5.6700675458014091e-10,3.8593066037672429e-10,8.6417769001145003e-15,1.0736700641922797e-12,0.0050620761563394279,2.2204460492503131e-16,5.3290705182007514e-15,1.0040222740414223e-13,3.5527136788005009e-15,0.043774505904688676,16,2.6222233366888549e-12,1.1368683772161603e-13,8.8817841970012523e-16,2.1220650237019356e-11,2.6545957969536319e-13,1.7763568394002505e-14,0.0044309161021374166,0.18202740320703015,3.3306690738754696e-16,7.0974797099083164e-14,3.1641356201816961e-14
quad,4,3,1.2,bernstein,coupled,0,constant,xxx,reused_centered,2.1220433991716081e-10,nan,3.2053660223946508e-09,0,4.4143845827792251e-10,nan,5.6716251627587209e-10,3.8596004249657016e-10,8.6417769001145003e-15,5.4533402777332198e-13,0.0025711086406312472,2.2204460492503131e-16,5.3290705182007514e-15,1.0040222740414223e-13,3.5527136788005009e-15,0.043774505904688676,16,2.6222233366888549e-12,1.1368683772161603e-13,8.8817841970012523e-16,2.1220650237019356e-11,2.6545957969536319e-13,1.7763568394002505e-14,0.0044309161021374166,0.18202740320703015,3.3306690738754696e-16,7.0974797099083164e-14,3.1641356201816961e-14
quad,4,3,1.2,bernstein,coupled,0,constant,xxy,recursive,5.1635538469255494e-10,nan,4.5051019336692518e-09,0,1.0801875081282586e-09,nan,1.1630519036565407e-09,8.2085156683818573e-10,8.6417769001145003e-15,6.1866931809260915e-11,0.12111653172959021,2.2204460492503131e-16,5.3290705182007514e-15,1.0040222740414223e-13,3.5527136788005009e-15,0.043774505904688676,16,2.6222233366888549e-12,1.1368683772161603e-13,8.8817841970012523e-16,2.1220650237019356e-11,2.6545957969536319e-13,1.7763568394002505e-14,0.0044309161021374166,0.18202740320703015,3.3306690738754696e-16,7.0974797099083164e-14,3.1641356201816961e-14
quad,4,3,1.2,bernstein,coupled,0,constant,xxy,direct,5.1080501501964724e-10,nan,4.3038967548278101e-09,0,1.0702327895039482e-09,nan,1.159309644389131e-09,8.1611478866217445e-10,8.6417769001145003e-15,0,0,2.2204460492503131e-16,5.3290705182007514e-15,1.0040222740414223e-13,3.5527136788005009e-15,0.043774505904688676,16,2.6222233366888549e-12,1.1368683772161603e-13,8.8817841970012523e-16,2.1220650237019356e-11,2.6545957969536319e-13,1.7763568394002505e-14,0.0044309161021374166,0.18202740320703015,3.3306690738754696e-16,7.0974797099083164e-14,3.1641356201816961e-14
quad,4,3,1.2,bernstein,coupled,0,constant,xxy,fe_geometry,5.1080501501963545e-10,nan,4.303896754827303e-09,0,1.0702327895039234e-09,nan,1.1593096443890818e-09,8.1611478866213878e-10,8.6417769001145003e-15,6.1401703429226578e-23,1.2020575684219715e-13,2.2204460492503131e-16,5.3290705182007514e-15,1.0040222740414223e-13,3.5527136788005009e-15,0.043774505904688676,16,2.6222233366888549e-12,1.1368683772161603e-13,8.8817841970012523e-16,2.1220650237019356e-11,2.6545957969536319e-13,1.7763568394002505e-14,0.0044309161021374166,0.18202740320703015,3.3306690738754696e-16,7.0974797099083164e-14,3.1641356201816961e-14
quad,4,3,1.2,bernstein,coupled,0,constant,xxy,reused,5.1082615650581036e-10,nan,4.3019581195485676e-09,0,1.0702273392496277e-09,nan,1.1590302822833623e-09,8.1598046057405486e-10,8.6417769001145003e-15,1.1073140952645952e-12,0.0021677823488518494,2.2204460492503131e-16,5.3290705182007514e-15,1.0040222740414223e-13,3.5527136788005009e-15,0.043774505904688676,16,2.6222233366888549e-12,1.1368683772161603e-13,8.8817841970012523e-16,2.1220650237019356e-11,2.6545957969536319e-13,1.7763568394002505e-14,0.0044309161021374166,0.18202740320703015,3.3306690738754696e-16,7.0974797099083164e-14,3.1641356201816961e-14
quad,4,3,1.2,bernstein,coupled,0,constant,xxy,reused_centered,5.1090021505317798e-10,nan,4.3043619364633436e-09,0,1.0704033258049772e-09,nan,1.1592651906628371e-09,8.1607759888983945e-10,8.6417769001145003e-15,1.0238469620902661e-12,0.0020043792288352642,2.2204460492503131e-16,5.3290705182007514e-15,1.0040222740414223e-13,3.5527136788005009e-15,0.043774505904688676,16,2.6222233366888549e-12,1.1368683772161603e-13,8.8817841970012523e-16,2.1220650237019356e-11,2.6545957969536319e-13,1.7763568394002505e-14,0.0044309161021374166,0.18202740320703015,3.3306690738754696e-16,7.0974797099083164e-14,3.1641356201816961e-14
quad,4,3,1.2,bernstein,coupled,0,constant,xyy,recursive,5.2659224316402146e-10,nan,4.8717123944481596e-09,0,1.0922616288408045e-09,nan,1.748659192214696e-09,1.2278626470965749e-09,8.6417769001145003e-15,4.8452913767734941e-11,0.092155539993566113,2.2204460492503131e-16,5.3290705182007514e-15,1.0040222740414223e-13,3.5527136788005009e-15,0.043774505904688676,16,2.6222233366888549e-12,1.1368683772161603e-13,8.8817841970012523e-16,2.1220650237019356e-11,2.6545957969536319e-13,1.7763568394002505e-14,0.0044309161021374166,0.18202740320703015,3.3306690738754696e-16,7.0974797099083164e-14,3.1641356201816961e-14
quad,4,3,1.2,bernstein,coupled,0,constant,xyy,direct,5.2577320659308931e-10,nan,4.9863455279442738e-09,0,1.0967130151488151e-09,nan,1.7405953333306827e-09,1.2178241963361494e-09,8.6417769001145003e-15,0,0,2.2204460492503131e-16,5.3290705182007514e-15,1.0040222740414223e-13,3.5527136788005009e-15,0.043774505904688676,16,2.6222233366888549e-12,1.1368683772161603e-13,8.8817841970012523e-16,2.1220650237019356e-11,2.6545957969536319e-13,1.7763568394002505e-14,0.0044309161021374166,0.18202740320703015,3.3306690738754696e-16,7.0974797099083164e-14,3.1641356201816961e-14
quad,4,3,1.2,bernstein,coupled,0,constant,xyy,fe_geometry,5.2577320659308456e-10,nan,4.9863455279451746e-09,0,1.0967130151488159e-09,nan,1.7405953333306451e-09,1.2178241963361271e-09,8.6417769001145003e-15,5.249958166984553e-23,9.9852143493642192e-14,2.2204460492503131e-16,5.3290705182007514e-15,1.0040222740414223e-13,3.5527136788005009e-15,0.043774505904688676,16,2.6222233366888549e-12,1.1368683772161603e-13,8.8817841970012523e-16,2.1220650237019356e-11,2.6545957969536319e-13,1.7763568394002505e-14,0.0044309161021374166,0.18202740320703015,3.3306690738754696e-16,7.0974797099083164e-14,3.1641356201816961e-14
quad,4,3,1.2,bernstein,coupled,0,constant,xyy,reused,5.2571351462504759e-10,nan,4.9872184838412315e-09,0,1.0965671745454806e-09,nan,1.7402957533274874e-09,1.217595647084664e-09,8.6417769001145003e-15,6.7416564644070943e-13,0.0012822365955259968,2.2204460492503131e-16,5.3290705182007514e-15,1.0040222740414223e-13,3.5527136788005009e-15,0.043774505904688676,16,2.6222233366888549e-12,1.1368683772161603e-13,8.8817841970012523e-16,2.1220650237019356e-11,2.6545957969536319e-13,1.7763568394002505e-14,0.0044309161021374166,0.18202740320703015,3.3306690738754696e-16,7.0974797099083164e-14,3.1641356201816961e-14
quad,4,3,1.2,bernstein,coupled,0,constant,xyy,reused_centered,5.2581630799448732e-10,nan,4.9854583766096659e-09,0,1.0967936508028994e-09,nan,1.7406530089074881e-09,1.2177358010245809e-09,8.6417769001145003e-15,9.8501264845628284e-13,0.0018734553912303333,2.2204460492503131e-16,5.3290705182007514e-15,1.0040222740414223e-13,3.5527136788005009e-15,0.043774505904688676,16,2.6222233366888549e-12,1.1368683772161603e-13,8.8817841970012523e-16,2.1220650237019356e-11,2.6545957969536319e-13,1.7763568394002505e-14,0.0044309161021374166,0.18202740320703015,3.3306690738754696e-16,7.0974797099083164e-14,3.1641356201816961e-14
quad,4,3,1.2,bernstein,coupled,0,constant,yyy,recursive,2.5369532050426321e-10,nan,3.4870676628102361e-09,0,5.3178566808700217e-10,nan,8.5716102479248208e-10,5.5664741298602045e-10,8.6417769001145003e-15,4.5771694332853449e-11,0.17401671950092171,2.2204460492503131e-16,5.3290705182007514e-15,1.0040222740414223e-13,3.5527136788005009e-15,0.043774505904688676,16,2.6222233366888549e-12,1.1368683772161603e-13,8.8817841970012523e-16,2.1220650237019356e-11,2.6545957969536319e-13,1.7763568394002505e-14,0.0044309161021374166,0.18202740320703015,3.3306690738754696e-16,7.0974797099083164e-14,3.1641356201816961e-14
quad,4,3,1.2,bernstein,coupled,0,constant,yyy,direct,2.6303044020210376e-10,nan,3.6168833760978977e-09,0,5.5567881431374024e-10,nan,8.7328315026210704e-10,5.6169606323112418e-10,8.6417769001145003e-15,0,0,2.2204460492503131e-16,5.3290705182007514e-15,1.0040222740414223e-13,3.5527136788005009e-15,0.043774505904688676,16,2.6222233366888549e-12,1.1368683772161603e-13,8.8817841970012523e-16,2.1220650237019356e-11,2.6545957969536319e-13,1.7763568394002505e-14,0.0044309161021374166,0.18202740320703015,3.3306690738754696e-16,7.0974797099083164e-14,3.1641356201816961e-14
quad,4,3,1.2,bernstein,coupled,0,constant,yyy,fe_geometry,2.63030440202117e-10,nan,3.6168833760990776e-09,0,5.556788143137968e-10,nan,8.7328315026215978e-10,5.6169606323112563e-10,8.6417769001145003e-15,5.2262193861923311e-23,1.9869256889722268e-13,2.2204460492503131e-16,5.3290705182007514e-15,1.0040222740414223e-13,3.5527136788005009e-15,0.043774505904688676,16,2.6222233366888549e-12,1.1368683772161603e-13,8.8817841970012523e-16,2.1220650237019356e-11,2.6545957969536319e-13,1.7763568394002505e-14,0.0044309161021374166,0.18202740320703015,3.3306690738754696e-16,7.0974797099083164e-14,3.1641356201816961e-14
quad,4,3,1.2,bernstein,coupled,0,constant,yyy,reused,2.6298808976627961e-10,nan,3.6169905768675192e-09,0,5.5557978437596919e-10,nan,8.7317454339441956e-10,5.6164208870054397e-10,8.6417769001145003e-15,4.6570368027289899e-13,0.0017705315016583933,2.2204460492503131e-16,5.3290705182007514e-15,1.0040222740414223e-13,3.5527136788005009e-15,0.043774505904688676,16,2.6222233366888549e-12,1.1368683772161603e-13,8.8817841970012523e-16,2.1220650237019356e-11,2.6545957969536319e-13,1.7763568394002505e-14,0.0044309161021374166,0.18202740320703015,3.3306690738754696e-16,7.0974797099083164e-14,3.1641356201816961e-14
quad,4,3,1.2,bernstein,coupled,0,constant,yyy,reused_centered,2.6301985831110112e-10,nan,3.6157521946912867e-09,0,5.5557915851925999e-10,nan,8.732391960545308e-10,5.6165472036123459e-10,8.6417769001145003e-15,9.3523709105766332e-13,0.0035556230310798192,2.2204460492503131e-16,5.3290705182007514e-15,1.0040222740414223e-13,3.5527136788005009e-15,0.043774505904688676,16,2.6222233366888549e-12,1.1368683772161603e-13,8.8817841970012523e-16,2.1220650237019356e-11,2.6545957969536319e-13,1.7763568394002505e-14,0.0044309161021374166,0.18202740320703015,3.3306690738754696e-16,7.0974797099083164e-14,3.1641356201816961e-14
