family,n,p,amplitude,basis,map,extra,field,derivative,method,error_l2,relative_l2,sampled_linf,truth_l2,face_rms,face_relative_l2,jump_rms,jump_mean_abs,input_error_l2,operator_error_l2,operator_relative_l2,inverse_residual,representation_residual,first_derivative_residual,geometry_residual,min_jacobian,elements,geometry_derivative_residual,geometry_jacobian_residual,fe_inverse_residual,method_agreement,fe_first_residual,face_geometry_residual,initialization_seconds,evaluation_seconds,reused_inverse_residual,reused_first_residual,reused_geometry_residual
quad,4,3,1.2,gll,coupled,8,sine,x,recursive,0.0019754738291306827,0.0013926529997008563,0.012235400886154491,1.4184968039813344,0.0045050759098805276,0.0031335834142111186,0.0081198968670671869,0.0058720957596727777,8.8831010178610075e-05,0.00018487962237475947,0.00013033184621351652,2.2204460492503131e-16,7.9936057773011271e-15,1.95206961464448e-13,3.1086244689504383e-15,0.043767902857479363,16,2.6305668328134155e-12,1.0269562977782698e-13,8.8817841970012523e-16,2.1251916892950362e-11,3.2407915608474622e-13,1.9095836023552692e-14,0.00455775301088579,0.24698776923469268,3.3306690738754696e-16,8.8095903859833784e-14,3.2442798447718246e-14
quad,4,3,1.2,gll,coupled,8,sine,x,direct,0.0019848279941507736,0.0013992474206356348,0.01241370289807997,1.4184968039813344,0.0045111244214699787,0.0031377905609887785,0.0081125046723012992,0.0057552624073149792,8.8831010178610075e-05,0,0,2.2204460492503131e-16,7.9936057773011271e-15,1.95206961464448e-13,3.1086244689504383e-15,0.043767902857479363,16,2.6305668328134155e-12,1.0269562977782698e-13,8.8817841970012523e-16,2.1251916892950362e-11,3.2407915608474622e-13,1.9095836023552692e-14,0.00455775301088579,0.24698776923469268,3.3306690738754696e-16,8.8095903859833784e-14,3.2442798447718246e-14
quad,4,3,1.2,gll,coupled,8,sine,x,fe_geometry,0.0019848279941386349,0.0013992474206270772,0.012413702898040668,1.4184968039813344,0.0045111244214405761,0.003137790560968327,0.0081125046722211377,0.0057552624072594507,8.8831010178610075e-05,4.4611024634578301e-14,3.1448772598180295e-14,2.2204460492503131e-16,7.9936057773011271e-15,1.95206961464448e-13,3.1086244689504383e-15,0.043767902857479363,16,2.6305668328134155e-12,1.0269562977782698e-13,8.8817841970012523e-16,2.1251916892950362e-11,3.2407915608474622e-13,1.9095836023552692e-14,0.00455775301088579,0.24698776923469268,3.3306690738754696e-16,8.8095903859833784e-14,3.2442798447718246e-14
quad,4,3,1.2,gll,coupled,8,sine,x,reused,0.0019848279941568968,0.0013992474206399512,0.01241370289806798,1.4184968039813344,0.0045111244214854403,0.0031377905609995334,0.0081125046723311521,0.0057552624073357673,8.8831010178610075e-05,1.624340213263081e-14,1.1450870363868567e-14,2.2204460492503131e-16,7.9936057773011271e-15,1.95206961464448e-13,3.1086244689504383e-15,0.043767902857479363,16,2.6305668328134155e-12,1.0269562977782698e-13,8.8817841970012523e-16,2.1251916892950362e-11,3.2407915608474622e-13,1.9095836023552692e-14,0.00455775301088579,0.24698776923469268,3.3306690738754696e-16,8.8095903859833784e-14,3.2442798447718246e-14
quad,4,3,1.2,gll,coupled,8,sine,x,reused_centered,0.001984827994155035,0.0013992474206386389,0.012413702898062429,1.4184968039813344,0.0045111244214808815,0.0031377905609963619,0.0081125046723211133,0.0057552624073281796,8.8831010178610075e-05,1.2596609976649441e-14,8.8800453679012928e-15,2.2204460492503131e-16,7.9936057773011271e-15,1.95206961464448e-13,3.1086244689504383e-15,0.043767902857479363,16,2.6305668328134155e-12,1.0269562977782698e-13,8.8817841970012523e-16,2.1251916892950362e-11,3.2407915608474622e-13,1.9095836023552692e-14,0.00455775301088579,0.24698776923469268,3.3306690738754696e-16,8.8095903859833784e-14,3.2442798447718246e-14
quad,4,3,1.2,gll,coupled,8,sine,y,recursive,0.0059372413377894008,0.0027903911244284221,0.042244311575868831,2.127745205972003,0.013477517013909542,0.0062496799350128477,0.019963599658872729,0.012978815937902906,8.8831010178610075e-05,0.00011869167849913689,5.5770090842290324e-05,2.2204460492503131e-16,7.9936057773011271e-15,1.95206961464448e-13,3.1086244689504383e-15,0.043767902857479363,16,2.6305668328134155e-12,1.0269562977782698e-13,8.8817841970012523e-16,2.1251916892950362e-11,3.2407915608474622e-13,1.9095836023552692e-14,0.00455775301088579,0.24698776923469268,3.3306690738754696e-16,8.8095903859833784e-14,3.2442798447718246e-14
quad,4,3,1.2,gll,coupled,8,sine,y,direct,0.0059410814750495986,0.002792195916303605,0.042598207565132107,2.127745205972003,0.013478267779231529,0.0062500280735434009,0.019986227980034899,0.012920958587631915,8.8831010178610075e-05,0,0,2.2204460492503131e-16,7.9936057773011271e-15,1.95206961464448e-13,3.1086244689504383e-15,0.043767902857479363,16,2.6305668328134155e-12,1.0269562977782698e-13,8.8817841970012523e-16,2.1251916892950362e-11,3.2407915608474622e-13,1.9095836023552692e-14,0.00455775301088579,0.24698776923469268,3.3306690738754696e-16,8.8095903859833784e-14,3.2442798447718246e-14
quad,4,3,1.2,gll,coupled,8,sine,y,fe_geometry,0.0059410814750373662,0.0027921959162978557,0.042598207565087254,2.127745205972003,0.013478267779199547,0.0062500280735285707,0.01998622797996304,0.012920958587582654,8.8831010178610075e-05,4.6161672778200306e-14,2.1690153149961834e-14,2.2204460492503131e-16,7.9936057773011271e-15,1.95206961464448e-13,3.1086244689504383e-15,0.043767902857479363,16,2.6305668328134155e-12,1.0269562977782698e-13,8.8817841970012523e-16,2.1251916892950362e-11,3.2407915608474622e-13,1.9095836023552692e-14,0.00455775301088579,0.24698776923469268,3.3306690738754696e-16,8.8095903859833784e-14,3.2442798447718246e-14
quad,4,3,1.2,gll,coupled,8,sine,y,reused,0.0059410814750539987,0.0027921959163056728,0.042598207565119228,2.127745205972003,0.013478267779242881,0.0062500280735486658,0.019986227980060969,0.012920958587649165,8.8831010178610075e-05,1.5030018814494776e-14,7.0622096278788573e-15,2.2204460492503131e-16,7.9936057773011271e-15,1.95206961464448e-13,3.1086244689504383e-15,0.043767902857479363,16,2.6305668328134155e-12,1.0269562977782698e-13,8.8817841970012523e-16,2.1251916892950362e-11,3.2407915608474622e-13,1.9095836023552692e-14,0.00455775301088579,0.24698776923469268,3.3306690738754696e-16,8.8095903859833784e-14,3.2442798447718246e-14
quad,4,3,1.2,gll,coupled,8,sine,y,reused_centered,0.005941081475053009,0.0027921959163052078,0.04259820756511834,2.127745205972003,0.013478267779240114,0.0062500280735473812,0.01998622798005343,0.012920958587643354,8.8831010178610075e-05,1.1648730334612696e-14,5.4734313068410878e-15,2.2204460492503131e-16,7.9936057773011271e-15,1.95206961464448e-13,3.1086244689504383e-15,0.043767902857479363,16,2.6305668328134155e-12,1.0269562977782698e-13,8.8817841970012523e-16,2.1251916892950362e-11,3.2407915608474622e-13,1.9095836023552692e-14,0.00455775301088579,0.24698776923469268,3.3306690738754696e-16,8.8095903859833784e-14,3.2442798447718246e-14
quad,4,3,1.2,gll,coupled,8,sine,xx,recursive,0.087325309443651161,0.030968237963634695,0.43688825087017735,2.819834617203449,0.16011007874144342,0.057578813759835167,0.11753591368028243,0.071889722556180161,8.8831010178610075e-05,0.0034319353129410946,0.0012129811753716232,2.2204460492503131e-16,7.9936057773011271e-15,1.95206961464448e-13,3.1086244689504383e-15,0.043767902857479363,16,2.6305668328134155e-12,1.0269562977782698e-13,8.8817841970012523e-16,2.1251916892950362e-11,3.2407915608474622e-13,1.9095836023552692e-14,0.00455775301088579,0.24698776923469268,3.3306690738754696e-16,8.8095903859833784e-14,3.2442798447718246e-14
quad,4,3,1.2,gll,coupled,8,sine,xx,direct,0.087541587732001547,0.031044936890242267,0.44454597375689331,2.819834617203449,0.16046956879954288,0.057708093635696366,0.11058026879188146,0.068746700087524731,8.8831010178610075e-05,0,0,2.2204460492503131e-16,7.9936057773011271e-15,1.95206961464448e-13,3.1086244689504383e-15,0.043767902857479363,16,2.6305668328134155e-12,1.0269562977782698e-13,8.8817841970012523e-16,2.1251916892950362e-11,3.2407915608474622e-13,1.9095836023552692e-14,0.00455775301088579,0.24698776923469268,3.3306690738754696e-16,8.8095903859833784e-14,3.2442798447718246e-14
quad,4,3,1.2,gll,coupled,8,sine,xx,fe_geometry,0.087541587731098117,0.031044936889921888,0.44454597375483529,2.819834617203449,0.16046956879770188,0.057708093635034305,0.11058026879338168,0.068746700088476956,8.8831010178610075e-05,1.8136007957097984e-12,6.4099798633726188e-13,2.2204460492503131e-16,7.9936057773011271e-15,1.95206961464448e-13,3.1086244689504383e-15,0.043767902857479363,16,2.6305668328134155e-12,1.0269562977782698e-13,8.8817841970012523e-16,2.1251916892950362e-11,3.2407915608474622e-13,1.9095836023552692e-14,0.00455775301088579,0.24698776923469268,3.3306690738754696e-16,8.8095903859833784e-14,3.2442798447718246e-14
quad,4,3,1.2,gll,coupled,8,sine,xx,reused,0.087541587732442819,0.031044936890398757,0.44454597375951999,2.819834617203449,0.16046956880043201,0.057708093636016117,0.11058026879211018,0.068746700087678456,8.8831010178610075e-05,7.3035067934173613e-13,2.581347096260401e-13,2.2204460492503131e-16,7.9936057773011271e-15,1.95206961464448e-13,3.1086244689504383e-15,0.043767902857479363,16,2.6305668328134155e-12,1.0269562977782698e-13,8.8817841970012523e-16,2.1251916892950362e-11,3.2407915608474622e-13,1.9095836023552692e-14,0.00455775301088579,0.24698776923469268,3.3306690738754696e-16,8.8095903859833784e-14,3.2442798447718246e-14
quad,4,3,1.2,gll,coupled,8,sine,xx,reused_centered,0.087541587732289317,0.031044936890344325,0.44454597375954119,2.819834617203449,0.16046956880014035,0.057708093635911228,0.11058026879225155,0.068746700087787521,8.8831010178610075e-05,5.5234575156817221e-13,1.952207538476363e-13,2.2204460492503131e-16,7.9936057773011271e-15,1.95206961464448e-13,3.1086244689504383e-15,0.043767902857479363,16,2.6305668328134155e-12,1.0269562977782698e-13,8.8817841970012523e-16,2.1251916892950362e-11,3.2407915608474622e-13,1.9095836023552692e-14,0.00455775301088579,0.24698776923469268,3.3306690738754696e-16,8.8095903859833784e-14,3.2442798447718246e-14
quad,4,3,1.2,gll,coupled,8,sine,xy,recursive,0.023668370454187727,0.0055956876122663429,0.14895350807590457,4.2297519258051759,0.047698079775614209,0.011435461043177787,0.068167266234707258,0.054219677301962442,8.8831010178610075e-05,0.01355251692888847,0.0032044107352023382,2.2204460492503131e-16,7.9936057773011271e-15,1.95206961464448e-13,3.1086244689504383e-15,0.043767902857479363,16,2.6305668328134155e-12,1.0269562977782698e-13,8.8817841970012523e-16,2.1251916892950362e-11,3.2407915608474622e-13,1.9095836023552692e-14,0.00455775301088579,0.24698776923469268,3.3306690738754696e-16,8.8095903859833784e-14,3.2442798447718246e-14
quad,4,3,1.2,gll,coupled,8,sine,xy,direct,0.026809714569537377,0.0063383657102854514,0.209723024108637,4.2297519258051759,0.056579423801670879,0.013564734676389221,0.092373624652601419,0.069865403525459197,8.8831010178610075e-05,0,0,2.2204460492503131e-16,7.9936057773011271e-15,1.95206961464448e-13,3.1086244689504383e-15,0.043767902857479363,16,2.6305668328134155e-12,1.0269562977782698e-13,8.8817841970012523e-16,2.1251916892950362e-11,3.2407915608474622e-13,1.9095836023552692e-14,0.00455775301088579,0.24698776923469268,3.3306690738754696e-16,8.8095903859833784e-14,3.2442798447718246e-14
quad,4,3,1.2,gll,coupled,8,sine,xy,fe_geometry,0.026809714569474695,0.0063383657102706317,0.20972302410869673,4.2297519258051759,0.056579423801606611,0.013564734676373813,0.092373624652580894,0.069865403525257913,8.8831010178610075e-05,5.023667886568162e-13,1.1878159156913557e-13,2.2204460492503131e-16,7.9936057773011271e-15,1.95206961464448e-13,3.1086244689504383e-15,0.043767902857479363,16,2.6305668328134155e-12,1.0269562977782698e-13,8.8817841970012523e-16,2.1251916892950362e-11,3.2407915608474622e-13,1.9095836023552692e-14,0.00455775301088579,0.24698776923469268,3.3306690738754696e-16,8.8095903859833784e-14,3.2442798447718246e-14
quad,4,3,1.2,gll,coupled,8,sine,xy,reused,0.026809714569575219,0.0063383657102943983,0.2097230241085879,4.2297519258051759,0.056579423801739158,0.013564734676405591,0.092373624652639458,0.069865403525533804,8.8831010178610075e-05,2.0312836751909381e-13,4.8028475073500255e-14,2.2204460492503131e-16,7.9936057773011271e-15,1.95206961464448e-13,3.1086244689504383e-15,0.043767902857479363,16,2.6305668328134155e-12,1.0269562977782698e-13,8.8817841970012523e-16,2.1251916892950362e-11,3.2407915608474622e-13,1.9095836023552692e-14,0.00455775301088579,0.24698776923469268,3.3306690738754696e-16,8.8095903859833784e-14,3.2442798447718246e-14
quad,4,3,1.2,gll,coupled,8,sine,xy,reused_centered,0.026809714569560862,0.0063383657102910034,0.20972302410885529,4.2297519258051759,0.056579423801726633,0.013564734676402589,0.092373624652617906,0.069865403525515193,8.8831010178610075e-05,2.1043725890946354e-13,4.975661827794114e-14,2.2204460492503131e-16,7.9936057773011271e-15,1.95206961464448e-13,3.1086244689504383e-15,0.043767902857479363,16,2.6305668328134155e-12,1.0269562977782698e-13,8.8817841970012523e-16,2.1251916892950362e-11,3.2407915608474622e-13,1.9095836023552692e-14,0.00455775301088579,0.24698776923469268,3.3306690738754696e-16,8.8095903859833784e-14,3.2442798447718246e-14
quad,4,3,1.2,gll,coupled,8,sine,yy,recursive,0.26262962396512346,0.041394015310583322,1.3199504539145011,6.3446278887077723,0.4760507680908605,0.076087759209419167,0.39475066099327133,0.22117885568960186,8.8831010178610075e-05,0.0058852319831090572,0.00091364899885880522,2.2204460492503131e-16,7.9936057773011271e-15,1.95206961464448e-13,3.1086244689504383e-15,0.043767902857479363,16,2.6305668328134155e-12,1.0269562977782698e-13,8.8817841970012523e-16,2.1251916892950362e-11,3.2407915608474622e-13,1.9095836023552692e-14,0.00455775301088579,0.24698776923469268,3.3306690738754696e-16,8.8095903859833784e-14,3.2442798447718246e-14
quad,4,3,1.2,gll,coupled,8,sine,yy,direct,0.26281554194510121,0.041423318523197042,1.3387670005232719,6.3446278887077723,0.47606157172445868,0.076089485966998202,0.37406189685524255,0.21030958407560577,8.8831010178610075e-05,0,0,2.2204460492503131e-16,7.9936057773011271e-15,1.95206961464448e-13,3.1086244689504383e-15,0.043767902857479363,16,2.6305668328134155e-12,1.0269562977782698e-13,8.8817841970012523e-16,2.1251916892950362e-11,3.2407915608474622e-13,1.9095836023552692e-14,0.00455775301088579,0.24698776923469268,3.3306690738754696e-16,8.8095903859833784e-14,3.2442798447718246e-14
quad,4,3,1.2,gll,coupled,8,sine,yy,fe_geometry,0.26281554194482271,0.041423318523153146,1.3387670005224654,6.3446278887077723,0.4760615717238898,0.076089485966907275,0.37406189685551333,0.21030958407574765,8.8831010178610075e-05,8.8927668996612089e-13,1.3805517944371617e-13,2.2204460492503131e-16,7.9936057773011271e-15,1.95206961464448e-13,3.1086244689504383e-15,0.043767902857479363,16,2.6305668328134155e-12,1.0269562977782698e-13,8.8817841970012523e-16,2.1251916892950362e-11,3.2407915608474622e-13,1.9095836023552692e-14,0.00455775301088579,0.24698776923469268,3.3306690738754696e-16,8.8095903859833784e-14,3.2442798447718246e-14
quad,4,3,1.2,gll,coupled,8,sine,yy,reused,0.26281554194541473,0.041423318523246461,1.3387670005233687,6.3446278887077723,0.47606157172509783,0.076089485967100357,0.37406189685537683,0.21030958407566944,8.8831010178610075e-05,6.7696310019903392e-13,1.0509469474378389e-13,2.2204460492503131e-16,7.9936057773011271e-15,1.95206961464448e-13,3.1086244689504383e-15,0.043767902857479363,16,2.6305668328134155e-12,1.0269562977782698e-13,8.8817841970012523e-16,2.1251916892950362e-11,3.2407915608474622e-13,1.9095836023552692e-14,0.00455775301088579,0.24698776923469268,3.3306690738754696e-16,8.8095903859833784e-14,3.2442798447718246e-14
quad,4,3,1.2,gll,coupled,8,sine,yy,reused_centered,0.26281554194530143,0.0414233185232286,1.3387670005231431,6.3446278887077723,0.47606157172486419,0.076089485967063011,0.3740618968553549,0.21030958407565811,8.8831010178610075e-05,5.090569117708736e-13,7.9028208087034581e-14,2.2204460492503131e-16,7.9936057773011271e-15,1.95206961464448e-13,3.1086244689504383e-15,0.043767902857479363,16,2.6305668328134155e-12,1.0269562977782698e-13,8.8817841970012523e-16,2.1251916892950362e-11,3.2407915608474622e-13,1.9095836023552692e-14,0.00455775301088579,0.24698776923469268,3.3306690738754696e-16,8.8095903859833784e-14,3.2442798447718246e-14
quad,4,3,1.2,gll,coupled,8,sine,xxx,recursive,2.2366794705405044,0.39419889143612347,8.4210479110522467,5.6739872159253375,3.1845109742806068,0.55376041219933825,5.4697937391239622,3.4923265554723053,8.8831010178610075e-05,0.12933524337973976,0.020919359411397602,2.2204460492503131e-16,7.9936057773011271e-15,1.95206961464448e-13,3.1086244689504383e-15,0.043767902857479363,16,2.6305668328134155e-12,1.0269562977782698e-13,8.8817841970012523e-16,2.1251916892950362e-11,3.2407915608474622e-13,1.9095836023552692e-14,0.00455775301088579,0.24698776923469268,3.3306690738754696e-16,8.8095903859833784e-14,3.2442798447718246e-14
quad,4,3,1.2,gll,coupled,8,sine,xxx,direct,2.2480963923049635,0.39621104291443754,8.7395819557029597,5.6739872159253375,3.211614516124671,0.55847349644519229,5.6174581987318568,3.6117651097813459,8.8831010178610075e-05,0,0,2.2204460492503131e-16,7.9936057773011271e-15,1.95206961464448e-13,3.1086244689504383e-15,0.043767902857479363,16,2.6305668328134155e-12,1.0269562977782698e-13,8.8817841970012523e-16,2.1251916892950362e-11,3.2407915608474622e-13,1.9095836023552692e-14,0.00455775301088579,0.24698776923469268,3.3306690738754696e-16,8.8095903859833784e-14,3.2442798447718246e-14
quad,4,3,1.2,gll,coupled,8,sine,xxx,fe_geometry,2.2480963922737258,0.396211042908932,8.7395819556294612,5.6739872159253375,3.2116145160760259,0.55847349643673327,5.6174581986387473,3.6117651097272336,8.8831010178610075e-05,5.0966886832077055e-11,8.2436511182787639e-12,2.2204460492503131e-16,7.9936057773011271e-15,1.95206961464448e-13,3.1086244689504383e-15,0.043767902857479363,16,2.6305668328134155e-12,1.0269562977782698e-13,8.8817841970012523e-16,2.1251916892950362e-11,3.2407915608474622e-13,1.9095836023552692e-14,0.00455775301088579,0.24698776923469268,3.3306690738754696e-16,8.8095903859833784e-14,3.2442798447718246e-14
quad,4,3,1.2,gll,coupled,8,sine,xxx,reused,2.2480963923191206,0.39621104291693254,8.7395819557497454,5.6739872159253375,3.2116145161455902,0.55847349644882993,5.6174581987710122,3.6117651098058419,8.8831010178610075e-05,2.2688613723411346e-11,3.6697751720530687e-12,2.2204460492503131e-16,7.9936057773011271e-15,1.95206961464448e-13,3.1086244689504383e-15,0.043767902857479363,16,2.6305668328134155e-12,1.0269562977782698e-13,8.8817841970012523e-16,2.1251916892950362e-11,3.2407915608474622e-13,1.9095836023552692e-14,0.00455775301088579,0.24698776923469268,3.3306690738754696e-16,8.8095903859833784e-14,3.2442798447718246e-14
quad,4,3,1.2,gll,coupled,8,sine,xxx,reused_centered,2.248096392314332,0.39621104291608861,8.7395819557567975,5.6739872159253375,3.2116145161398717,0.5584734964478355,5.617458198756009,3.611765109795293,8.8831010178610075e-05,1.6897132733570605e-11,2.7330307148981373e-12,2.2204460492503131e-16,7.9936057773011271e-15,1.95206961464448e-13,3.1086244689504383e-15,0.043767902857479363,16,2.6305668328134155e-12,1.0269562977782698e-13,8.8817841970012523e-16,2.1251916892950362e-11,3.2407915608474622e-13,1.9095836023552692e-14,0.00455775301088579,0.24698776923469268,3.3306690738754696e-16,8.8095903859833784e-14,3.2442798447718246e-14
quad,4,3,1.2,gll,coupled,8,sine,xxy,recursive,0.45665893086692222,0.053655264923779949,2.016417404323148,8.510980823888012,0.79666949941363474,0.092356206639984104,0.57764986270406782,0.38203386035514436,8.8831010178610075e-05,0.12233895079543017,0.014336085391608602,2.2204460492503131e-16,7.9936057773011271e-15,1.95206961464448e-13,3.1086244689504383e-15,0.043767902857479363,16,2.6305668328134155e-12,1.0269562977782698e-13,8.8817841970012523e-16,2.1251916892950362e-11,3.2407915608474622e-13,1.9095836023552692e-14,0.00455775301088579,0.24698776923469268,3.3306690738754696e-16,8.8095903859833784e-14,3.2442798447718246e-14
quad,4,3,1.2,gll,coupled,8,sine,xxy,direct,0.48133617966920933,0.056554724964040501,3.6880978700914815,8.510980823888012,0.87140567273166603,0.10102021282011529,0.68765277983215545,0.51581711425696486,8.8831010178610075e-05,0,0,2.2204460492503131e-16,7.9936057773011271e-15,1.95206961464448e-13,3.1086244689504383e-15,0.043767902857479363,16,2.6305668328134155e-12,1.0269562977782698e-13,8.8817841970012523e-16,2.1251916892950362e-11,3.2407915608474622e-13,1.9095836023552692e-14,0.00455775301088579,0.24698776923469268,3.3306690738754696e-16,8.8095903859833784e-14,3.2442798447718246e-14
quad,4,3,1.2,gll,coupled,8,sine,xxy,fe_geometry,0.48133617966657882,0.056554724963731436,3.688097870408285,8.510980823888012,0.87140567273396008,0.10102021282038123,0.68765277983702044,0.51581711426281185,8.8831010178610075e-05,1.9230590563238565e-11,2.253504600563803e-12,2.2204460492503131e-16,7.9936057773011271e-15,1.95206961464448e-13,3.1086244689504383e-15,0.043767902857479363,16,2.6305668328134155e-12,1.0269562977782698e-13,8.8817841970012523e-16,2.1251916892950362e-11,3.2407915608474622e-13,1.9095836023552692e-14,0.00455775301088579,0.24698776923469268,3.3306690738754696e-16,8.8095903859833784e-14,3.2442798447718246e-14
quad,4,3,1.2,gll,coupled,8,sine,xxy,reused,0.4813361796695958,0.056554724964085916,3.688097869855909,8.510980823888012,0.87140567273054559,0.10102021281998541,0.68765277983142681,0.51581711425623211,8.8831010178610075e-05,9.0216250806650807e-12,1.0571840504318237e-12,2.2204460492503131e-16,7.9936057773011271e-15,1.95206961464448e-13,3.1086244689504383e-15,0.043767902857479363,16,2.6305668328134155e-12,1.0269562977782698e-13,8.8817841970012523e-16,2.1251916892950362e-11,3.2407915608474622e-13,1.9095836023552692e-14,0.00455775301088579,0.24698776923469268,3.3306690738754696e-16,8.8095903859833784e-14,3.2442798447718246e-14
quad,4,3,1.2,gll,coupled,8,sine,xxy,reused_centered,0.48133617966908021,0.056554724964025332,3.6880978698671587,8.510980823888012,0.87140567272983693,0.10102021281990325,0.68765277983087303,0.51581711425568411,8.8831010178610075e-05,9.9675505938631198e-12,1.168030750057229e-12,2.2204460492503131e-16,7.9936057773011271e-15,1.95206961464448e-13,3.1086244689504383e-15,0.043767902857479363,16,2.6305668328134155e-12,1.0269562977782698e-13,8.8817841970012523e-16,2.1251916892950362e-11,3.2407915608474622e-13,1.9095836023552692e-14,0.00455775301088579,0.24698776923469268,3.3306690738754696e-16,8.8095903859833784e-14,3.2442798447718246e-14
quad,4,3,1.2,gll,coupled,8,sine,xyy,recursive,0.68791830361202655,0.053884765093209726,2.8810385895496609,12.766471235832006,1.1599686372447735,0.089648470485464107,1.2528816934271081,0.82366342609467347,8.8831010178610075e-05,0.63225613649326773,0.048767022546941638,2.2204460492503131e-16,7.9936057773011271e-15,1.95206961464448e-13,3.1086244689504383e-15,0.043767902857479363,16,2.6305668328134155e-12,1.0269562977782698e-13,8.8817841970012523e-16,2.1251916892950362e-11,3.2407915608474622e-13,1.9095836023552692e-14,0.00455775301088579,0.24698776923469268,3.3306690738754696e-16,8.8095903859833784e-14,3.2442798447718246e-14
quad,4,3,1.2,gll,coupled,8,sine,xyy,direct,0.91761294863863596,0.071876788165483541,5.4790779694735043,12.766471235832006,1.6375678579077957,0.12655984745095589,0.95267390343231495,0.65492544964834598,8.8831010178610075e-05,0,0,2.2204460492503131e-16,7.9936057773011271e-15,1.95206961464448e-13,3.1086244689504383e-15,0.043767902857479363,16,2.6305668328134155e-12,1.0269562977782698e-13,8.8817841970012523e-16,2.1251916892950362e-11,3.2407915608474622e-13,1.9095836023552692e-14,0.00455775301088579,0.24698776923469268,3.3306690738754696e-16,8.8095903859833784e-14,3.2442798447718246e-14
quad,4,3,1.2,gll,coupled,8,sine,xyy,fe_geometry,0.91761294864001941,0.071876788165591912,5.4790779695818692,12.766471235832006,1.6375678579138475,0.1265598474514236,0.95267390343545511,0.65492544965035893,8.8831010178610075e-05,1.7349837879737213e-11,1.3382233658651663e-12,2.2204460492503131e-16,7.9936057773011271e-15,1.95206961464448e-13,3.1086244689504383e-15,0.043767902857479363,16,2.6305668328134155e-12,1.0269562977782698e-13,8.8817841970012523e-16,2.1251916892950362e-11,3.2407915608474622e-13,1.9095836023552692e-14,0.00455775301088579,0.24698776923469268,3.3306690738754696e-16,8.8095903859833784e-14,3.2442798447718246e-14
quad,4,3,1.2,gll,coupled,8,sine,xyy,reused,0.91761294863930465,0.071876788165535915,5.4790779695032796,12.766471235832006,1.6375678579086606,0.12655984745102272,0.95267390343478486,0.65492544964961952,8.8831010178610075e-05,7.1969769747188448e-12,5.5511543208196432e-13,2.2204460492503131e-16,7.9936057773011271e-15,1.95206961464448e-13,3.1086244689504383e-15,0.043767902857479363,16,2.6305668328134155e-12,1.0269562977782698e-13,8.8817841970012523e-16,2.1251916892950362e-11,3.2407915608474622e-13,1.9095836023552692e-14,0.00455775301088579,0.24698776923469268,3.3306690738754696e-16,8.8095903859833784e-14,3.2442798447718246e-14
quad,4,3,1.2,gll,coupled,8,sine,xyy,reused_centered,0.91761294863903309,0.071876788165514641,5.4790779695162364,12.766471235832006,1.6375678579084578,0.12655984745100707,0.95267390343398295,0.65492544964872434,8.8831010178610075e-05,8.4053518489347353e-12,6.483195013423843e-13,2.2204460492503131e-16,7.9936057773011271e-15,1.95206961464448e-13,3.1086244689504383e-15,0.043767902857479363,16,2.6305668328134155e-12,1.0269562977782698e-13,8.8817841970012523e-16,2.1251916892950362e-11,3.2407915608474622e-13,1.9095836023552692e-14,0.00455775301088579,0.24698776923469268,3.3306690738754696e-16,8.8095903859833784e-14,3.2442798447718246e-14
quad,4,3,1.2,gll,coupled,8,sine,yyy,recursive,6.5728201814752865,0.34323346209285971,22.140993658553519,19.149706853747993,9.1900433303963798,0.47350322058252003,13.896511781357896,8.7487273213291186,8.8831010178610075e-05,0.25982734163513294,0.01319871865872467,2.2204460492503131e-16,7.9936057773011271e-15,1.95206961464448e-13,3.1086244689504383e-15,0.043767902857479363,16,2.6305668328134155e-12,1.0269562977782698e-13,8.8817841970012523e-16,2.1251916892950362e-11,3.2407915608474622e-13,1.9095836023552692e-14,0.00455775301088579,0.24698776923469268,3.3306690738754696e-16,8.8095903859833784e-14,3.2442798447718246e-14
quad,4,3,1.2,gll,coupled,8,sine,yyy,direct,6.5796776112773188,0.34359155790364176,21.703133159735344,19.149706853747993,9.1965824215154885,0.47384013746019565,14.015131282136929,8.8285658848823747,8.8831010178610075e-05,0,0,2.2204460492503131e-16,7.9936057773011271e-15,1.95206961464448e-13,3.1086244689504383e-15,0.043767902857479363,16,2.6305668328134155e-12,1.0269562977782698e-13,8.8817841970012523e-16,2.1251916892950362e-11,3.2407915608474622e-13,1.9095836023552692e-14,0.00455775301088579,0.24698776923469268,3.3306690738754696e-16,8.8095903859833784e-14,3.2442798447718246e-14
quad,4,3,1.2,gll,coupled,8,sine,yyy,fe_geometry,6.5796776112749802,0.34359155790351964,21.703133159721691,19.149706853747993,9.196582421508408,0.47384013745983078,14.015131282129422,8.8285658848842985,8.8831010178610075e-05,1.5126277635601327e-11,7.6838519614467432e-13,2.2204460492503131e-16,7.9936057773011271e-15,1.95206961464448e-13,3.1086244689504383e-15,0.043767902857479363,16,2.6305668328134155e-12,1.0269562977782698e-13,8.8817841970012523e-16,2.1251916892950362e-11,3.2407915608474622e-13,1.9095836023552692e-14,0.00455775301088579,0.24698776923469268,3.3306690738754696e-16,8.8095903859833784e-14,3.2442798447718246e-14
quad,4,3,1.2,gll,coupled,8,sine,yyy,reused,6.5796776112876305,0.34359155790418022,21.703133159742578,19.149706853747993,9.1965824215305005,0.47384013746096915,14.015131282170723,8.8285658848999997,8.8831010178610075e-05,1.9639204773603212e-11,9.9763303144545413e-13,2.2204460492503131e-16,7.9936057773011271e-15,1.95206961464448e-13,3.1086244689504383e-15,0.043767902857479363,16,2.6305668328134155e-12,1.0269562977782698e-13,8.8817841970012523e-16,2.1251916892950362e-11,3.2407915608474622e-13,1.9095836023552692e-14,0.00455775301088579,0.24698776923469268,3.3306690738754696e-16,8.8095903859833784e-14,3.2442798447718246e-14
quad,4,3,1.2,gll,coupled,8,sine,yyy,reused_centered,6.5796776112836861,0.34359155790397422,21.70313315973732,19.149706853747993,9.1965824215252727,0.47384013746069975,14.015131282156235,8.8285658848917308,8.8831010178610075e-05,1.4225022235560745e-11,7.2260319187240512e-13,2.2204460492503131e-16,7.9936057773011271e-15,1.95206961464448e-13,3.1086244689504383e-15,0.043767902857479363,16,2.6305668328134155e-12,1.0269562977782698e-13,8.8817841970012523e-16,2.1251916892950362e-11,3.2407915608474622e-13,1.9095836023552692e-14,0.00455775301088579,0.24698776923469268,3.3306690738754696e-16,8.8095903859833784e-14,3.2442798447718246e-14
quad,4,3,1.2,gll,coupled,8,shortwave,x,recursive,0.2366538896366765,0.041851374725856559,1.9769942719651263,5.6546264295224526,0.52198806514458296,0.092207803999950849,0.54786830159034638,0.35688216371223613,0.0038721027130541354,0.0037066082172591899,0.0006492291572189492,2.2204460492503131e-16,7.9936057773011271e-15,1.95206961464448e-13,3.1086244689504383e-15,0.043767902857479363,16,2.6305668328134155e-12,1.0269562977782698e-13,8.8817841970012523e-16,2.1251916892950362e-11,3.2407915608474622e-13,1.9095836023552692e-14,0.00455775301088579,0.24698776923469268,3.3306690738754696e-16,8.8095903859833784e-14,3.2442798447718246e-14
quad,4,3,1.2,gll,coupled,8,shortwave,x,direct,0.23682501284792121,0.041881637239813502,1.9635197420493116,5.6546264295224526,0.52213442372845709,0.092233657854697212,0.5491591745521065,0.35663795596090331,0.0038721027130541354,0,0,2.2204460492503131e-16,7.9936057773011271e-15,1.95206961464448e-13,3.1086244689504383e-15,0.043767902857479363,16,2.6305668328134155e-12,1.0269562977782698e-13,8.8817841970012523e-16,2.1251916892950362e-11,3.2407915608474622e-13,1.9095836023552692e-14,0.00455775301088579,0.24698776923469268,3.3306690738754696e-16,8.8095903859833784e-14,3.2442798447718246e-14
quad,4,3,1.2,gll,coupled,8,shortwave,x,fe_geometry,0.23682501284788038,0.041881637239806278,1.9635197420492787,5.6546264295224526,0.52213442372836905,0.092233657854681655,0.54915917455208085,0.35663795596087167,0.0038721027130541354,1.2120062898799415e-13,2.122883714709568e-14,2.2204460492503131e-16,7.9936057773011271e-15,1.95206961464448e-13,3.1086244689504383e-15,0.043767902857479363,16,2.6305668328134155e-12,1.0269562977782698e-13,8.8817841970012523e-16,2.1251916892950362e-11,3.2407915608474622e-13,1.9095836023552692e-14,0.00455775301088579,0.24698776923469268,3.3306690738754696e-16,8.8095903859833784e-14,3.2442798447718246e-14
quad,4,3,1.2,gll,coupled,8,shortwave,x,reused,0.23682501284791824,0.041881637239812974,1.9635197420493053,5.6546264295224526,0.52213442372845242,0.092233657854696366,0.54915917455211427,0.3566379559609128,0.0038721027130541354,3.8799639118234325e-14,6.7959318947814244e-15,2.2204460492503131e-16,7.9936057773011271e-15,1.95206961464448e-13,3.1086244689504383e-15,0.043767902857479363,16,2.6305668328134155e-12,1.0269562977782698e-13,8.8817841970012523e-16,2.1251916892950362e-11,3.2407915608474622e-13,1.9095836023552692e-14,0.00455775301088579,0.24698776923469268,3.3306690738754696e-16,8.8095903859833784e-14,3.2442798447718246e-14
quad,4,3,1.2,gll,coupled,8,shortwave,x,reused_centered,0.2368250128479184,0.041881637239813009,1.9635197420493133,5.6546264295224526,0.52213442372845087,0.092233657854696102,0.54915917455211194,0.35663795596090919,0.0038721027130541354,2.8237171817477765e-14,4.9458680785161152e-15,2.2204460492503131e-16,7.9936057773011271e-15,1.95206961464448e-13,3.1086244689504383e-15,0.043767902857479363,16,2.6305668328134155e-12,1.0269562977782698e-13,8.8817841970012523e-16,2.1251916892950362e-11,3.2407915608474622e-13,1.9095836023552692e-14,0.00455775301088579,0.24698776923469268,3.3306690738754696e-16,8.8095903859833784e-14,3.2442798447718246e-14
quad,4,3,1.2,gll,coupled,8,shortwave,y,recursive,0.10619430543844477,0.025040099291443026,0.94264741789216622,4.2409698221418255,0.23372579080580086,0.055049386112906377,0.28860859505543018,0.20708354406239327,0.0038721027130541354,0.0043663243105898182,0.0010255060971795548,2.2204460492503131e-16,7.9936057773011271e-15,1.95206961464448e-13,3.1086244689504383e-15,0.043767902857479363,16,2.6305668328134155e-12,1.0269562977782698e-13,8.8817841970012523e-16,2.1251916892950362e-11,3.2407915608474622e-13,1.9095836023552692e-14,0.00455775301088579,0.24698776923469268,3.3306690738754696e-16,8.8095903859833784e-14,3.2442798447718246e-14
quad,4,3,1.2,gll,coupled,8,shortwave,y,direct,0.10637879088732315,0.025083600060515986,0.96653150789826192,4.2409698221418255,0.23376105570492028,0.055057692047143093,0.28667742348068331,0.20373291592873721,0.0038721027130541354,0,0,2.2204460492503131e-16,7.9936057773011271e-15,1.95206961464448e-13,3.1086244689504383e-15,0.043767902857479363,16,2.6305668328134155e-12,1.0269562977782698e-13,8.8817841970012523e-16,2.1251916892950362e-11,3.2407915608474622e-13,1.9095836023552692e-14,0.00455775301088579,0.24698776923469268,3.3306690738754696e-16,8.8095903859833784e-14,3.2442798447718246e-14
quad,4,3,1.2,gll,coupled,8,shortwave,y,fe_geometry,0.10637879088730537,0.025083600060511791,0.96653150789815268,4.2409698221418255,0.23376105570487865,0.055057692047133296,0.2866774234806076,0.20373291592868256,0.0038721027130541354,1.179749801205655e-13,2.7708446011408101e-14,2.2204460492503131e-16,7.9936057773011271e-15,1.95206961464448e-13,3.1086244689504383e-15,0.043767902857479363,16,2.6305668328134155e-12,1.0269562977782698e-13,8.8817841970012523e-16,2.1251916892950362e-11,3.2407915608474622e-13,1.9095836023552692e-14,0.00455775301088579,0.24698776923469268,3.3306690738754696e-16,8.8095903859833784e-14,3.2442798447718246e-14
quad,4,3,1.2,gll,coupled,8,shortwave,y,reused,0.10637879088732632,0.025083600060516735,0.96653150789827258,4.2409698221418255,0.233761055704928,0.055057692047144918,0.28667742348070752,0.20373291592875059,0.0038721027130541354,3.6695471843474565e-14,8.6185604727287102e-15,2.2204460492503131e-16,7.9936057773011271e-15,1.95206961464448e-13,3.1086244689504383e-15,0.043767902857479363,16,2.6305668328134155e-12,1.0269562977782698e-13,8.8817841970012523e-16,2.1251916892950362e-11,3.2407915608474622e-13,1.9095836023552692e-14,0.00455775301088579,0.24698776923469268,3.3306690738754696e-16,8.8095903859833784e-14,3.2442798447718246e-14
quad,4,3,1.2,gll,coupled,8,shortwave,y,reused_centered,0.10637879088732535,0.025083600060516506,0.96653150789827258,4.2409698221418255,0.23376105570492486,0.055057692047144176,0.28667742348070091,0.20373291592874809,0.0038721027130541354,2.648304161732554e-14,6.2199962070061096e-15,2.2204460492503131e-16,7.9936057773011271e-15,1.95206961464448e-13,3.1086244689504383e-15,0.043767902857479363,16,2.6305668328134155e-12,1.0269562977782698e-13,8.8817841970012523e-16,2.1251916892950362e-11,3.2407915608474622e-13,1.9095836023552692e-14,0.00455775301088579,0.24698776923469268,3.3306690738754696e-16,8.8095903859833784e-14,3.2442798447718246e-14
quad,4,3,1.2,gll,coupled,8,shortwave,xx,recursive,9.9420732580631181,0.2196044048492686,60.302082745935024,45.272649539462229,17.535332041200608,0.38776391266159338,24.594425598875471,14.761733067135616,0.0038721027130541354,0.17727232317996194,0.0035961733704321223,2.2204460492503131e-16,7.9936057773011271e-15,1.95206961464448e-13,3.1086244689504383e-15,0.043767902857479363,16,2.6305668328134155e-12,1.0269562977782698e-13,8.8817841970012523e-16,2.1251916892950362e-11,3.2407915608474622e-13,1.9095836023552692e-14,0.00455775301088579,0.24698776923469268,3.3306690738754696e-16,8.8095903859833784e-14,3.2442798447718246e-14
quad,4,3,1.2,gll,coupled,8,shortwave,xx,direct,9.950248291305563,0.21978497818274051,59.464088024825436,45.272649539462229,17.535391538968366,0.38776522835308785,24.273262794296635,14.516062914425662,0.0038721027130541354,0,0,2.2204460492503131e-16,7.9936057773011271e-15,1.95206961464448e-13,3.1086244689504383e-15,0.043767902857479363,16,2.6305668328134155e-12,1.0269562977782698e-13,8.8817841970012523e-16,2.1251916892950362e-11,3.2407915608474622e-13,1.9095836023552692e-14,0.00455775301088579,0.24698776923469268,3.3306690738754696e-16,8.8095903859833784e-14,3.2442798447718246e-14
quad,4,3,1.2,gll,coupled,8,shortwave,xx,fe_geometry,9.9502482913031525,0.21978497818268727,59.464088024825251,45.272649539462229,17.535391538964166,0.38776522835299498,24.273262794292076,14.516062914423362,0.0038721027130541354,5.3194497718225785e-12,1.0791116893842296e-13,2.2204460492503131e-16,7.9936057773011271e-15,1.95206961464448e-13,3.1086244689504383e-15,0.043767902857479363,16,2.6305668328134155e-12,1.0269562977782698e-13,8.8817841970012523e-16,2.1251916892950362e-11,3.2407915608474622e-13,1.9095836023552692e-14,0.00455775301088579,0.24698776923469268,3.3306690738754696e-16,8.8095903859833784e-14,3.2442798447718246e-14
quad,4,3,1.2,gll,coupled,8,shortwave,xx,reused,9.9502482913055292,0.21978497818273976,59.464088024825479,45.272649539462229,17.535391538968206,0.38776522835308425,24.27326279429575,14.51606291442485,0.0038721027130541354,2.0237228999096986e-12,4.1053551232590618e-14,2.2204460492503131e-16,7.9936057773011271e-15,1.95206961464448e-13,3.1086244689504383e-15,0.043767902857479363,16,2.6305668328134155e-12,1.0269562977782698e-13,8.8817841970012523e-16,2.1251916892950362e-11,3.2407915608474622e-13,1.9095836023552692e-14,0.00455775301088579,0.24698776923469268,3.3306690738754696e-16,8.8095903859833784e-14,3.2442798447718246e-14
quad,4,3,1.2,gll,coupled,8,shortwave,xx,reused_centered,9.9502482913054369,0.21978497818273771,59.464088024825649,45.272649539462229,17.535391538967929,0.3877652283530782,24.273262794295313,14.516062914424666,0.0038721027130541354,1.501139227351398e-12,3.0452339191334938e-14,2.2204460492503131e-16,7.9936057773011271e-15,1.95206961464448e-13,3.1086244689504383e-15,0.043767902857479363,16,2.6305668328134155e-12,1.0269562977782698e-13,8.8817841970012523e-16,2.1251916892950362e-11,3.2407915608474622e-13,1.9095836023552692e-14,0.00455775301088579,0.24698776923469268,3.3306690738754696e-16,8.8095903859833784e-14,3.2442798447718246e-14
quad,4,3,1.2,gll,coupled,8,shortwave,xy,recursive,1.9425475644680195,0.057210334399206038,16.601585318497079,33.954487154596634,4.2046807268871103,0.12397244194899255,5.3477116373809102,4.0066344847108493,0.0038721027130541354,0.21055044126729167,0.0061166191938500066,2.2204460492503131e-16,7.9936057773011271e-15,1.95206961464448e-13,3.1086244689504383e-15,0.043767902857479363,16,2.6305668328134155e-12,1.0269562977782698e-13,8.8817841970012523e-16,2.1251916892950362e-11,3.2407915608474622e-13,1.9095836023552692e-14,0.00455775301088579,0.24698776923469268,3.3306690738754696e-16,8.8095903859833784e-14,3.2442798447718246e-14
quad,4,3,1.2,gll,coupled,8,shortwave,xy,direct,1.9593355683187492,0.05770476106435616,16.465750928154435,33.954487154596634,4.2699401865330042,0.12589657723965533,5.425619263358322,4.0463764160787807,0.0038721027130541354,0,0,2.2204460492503131e-16,7.9936057773011271e-15,1.95206961464448e-13,3.1086244689504383e-15,0.043767902857479363,16,2.6305668328134155e-12,1.0269562977782698e-13,8.8817841970012523e-16,2.1251916892950362e-11,3.2407915608474622e-13,1.9095836023552692e-14,0.00455775301088579,0.24698776923469268,3.3306690738754696e-16,8.8095903859833784e-14,3.2442798447718246e-14
quad,4,3,1.2,gll,coupled,8,shortwave,xy,fe_geometry,1.9593355683182845,0.057704761064342462,16.465750928146107,33.954487154596634,4.2699401865321542,0.1258965772396303,5.4256192633575928,4.0463764160783597,0.0038721027130541354,1.8183615405870516e-12,5.2824515748194877e-14,2.2204460492503131e-16,7.9936057773011271e-15,1.95206961464448e-13,3.1086244689504383e-15,0.043767902857479363,16,2.6305668328134155e-12,1.0269562977782698e-13,8.8817841970012523e-16,2.1251916892950362e-11,3.2407915608474622e-13,1.9095836023552692e-14,0.00455775301088579,0.24698776923469268,3.3306690738754696e-16,8.8095903859833784e-14,3.2442798447718246e-14
quad,4,3,1.2,gll,coupled,8,shortwave,xy,reused,1.9593355683187532,0.057704761064356278,16.465750928157235,33.954487154596634,4.2699401865330469,0.12589657723965658,5.425619263358521,4.0463764160788331,0.0038721027130541354,6.2362603655791961e-13,1.8116718074944945e-14,2.2204460492503131e-16,7.9936057773011271e-15,1.95206961464448e-13,3.1086244689504383e-15,0.043767902857479363,16,2.6305668328134155e-12,1.0269562977782698e-13,8.8817841970012523e-16,2.1251916892950362e-11,3.2407915608474622e-13,1.9095836023552692e-14,0.00455775301088579,0.24698776923469268,3.3306690738754696e-16,8.8095903859833784e-14,3.2442798447718246e-14
quad,4,3,1.2,gll,coupled,8,shortwave,xy,reused_centered,1.9593355683187539,0.057704761064356291,16.465750928158659,33.954487154596634,4.2699401865330531,0.1258965772396568,5.4256192633584197,4.0463764160787932,0.0038721027130541354,5.873695603040661e-13,1.7063445247679028e-14,2.2204460492503131e-16,7.9936057773011271e-15,1.95206961464448e-13,3.1086244689504383e-15,0.043767902857479363,16,2.6305668328134155e-12,1.0269562977782698e-13,8.8817841970012523e-16,2.1251916892950362e-11,3.2407915608474622e-13,1.9095836023552692e-14,0.00455775301088579,0.24698776923469268,3.3306690738754696e-16,8.8095903859833784e-14,3.2442798447718246e-14
quad,4,3,1.2,gll,coupled,8,shortwave,yy,recursive,4.3993358984432849,0.17275422748154506,29.191960266100189,25.465865365947444,7.7426462794478166,0.30438292584181076,9.6036837720729125,5.7058209872631958,0.0038721027130541354,0.17773498332001331,0.0065657306525259097,2.2204460492503131e-16,7.9936057773011271e-15,1.95206961464448e-13,3.1086244689504383e-15,0.043767902857479363,16,2.6305668328134155e-12,1.0269562977782698e-13,8.8817841970012523e-16,2.1251916892950362e-11,3.2407915608474622e-13,1.9095836023552692e-14,0.00455775301088579,0.24698776923469268,3.3306690738754696e-16,8.8095903859833784e-14,3.2442798447718246e-14
quad,4,3,1.2,gll,coupled,8,shortwave,yy,direct,4.4021340390005728,0.17286410556803766,29.981372187706231,25.465865365947444,7.7252468623348287,0.30369891093299961,9.2310138531521204,5.4620583484225893,0.0038721027130541354,0,0,2.2204460492503131e-16,7.9936057773011271e-15,1.95206961464448e-13,3.1086244689504383e-15,0.043767902857479363,16,2.6305668328134155e-12,1.0269562977782698e-13,8.8817841970012523e-16,2.1251916892950362e-11,3.2407915608474622e-13,1.9095836023552692e-14,0.00455775301088579,0.24698776923469268,3.3306690738754696e-16,8.8095903859833784e-14,3.2442798447718246e-14
quad,4,3,1.2,gll,coupled,8,shortwave,yy,fe_geometry,4.4021340390005177,0.1728641055680355,29.981372187705023,25.465865365947444,7.7252468623347283,0.30369891093299572,9.2310138531546553,5.4620583484247307,0.0038721027130541354,2.6841622542556652e-12,9.9155979649702574e-14,2.2204460492503131e-16,7.9936057773011271e-15,1.95206961464448e-13,3.1086244689504383e-15,0.043767902857479363,16,2.6305668328134155e-12,1.0269562977782698e-13,8.8817841970012523e-16,2.1251916892950362e-11,3.2407915608474622e-13,1.9095836023552692e-14,0.00455775301088579,0.24698776923469268,3.3306690738754696e-16,8.8095903859833784e-14,3.2442798447718246e-14
quad,4,3,1.2,gll,coupled,8,shortwave,yy,reused,4.4021340390008925,0.17286410556805024,29.981372187708555,25.465865365947444,7.7252468623353803,0.30369891093302132,9.2310138531514507,5.4620583484219871,0.0038721027130541354,1.8186325017556015e-12,6.7182334841517339e-14,2.2204460492503131e-16,7.9936057773011271e-15,1.95206961464448e-13,3.1086244689504383e-15,0.043767902857479363,16,2.6305668328134155e-12,1.0269562977782698e-13,8.8817841970012523e-16,2.1251916892950362e-11,3.2407915608474622e-13,1.9095836023552692e-14,0.00455775301088579,0.24698776923469268,3.3306690738754696e-16,8.8095903859833784e-14,3.2442798447718246e-14
quad,4,3,1.2,gll,coupled,8,shortwave,yy,reused_centered,4.4021340390007513,0.17286410556804466,29.981372187707404,25.465865365947444,7.7252468623350525,0.30369891093300844,9.2310138531513424,5.4620583484220555,0.0038721027130541354,1.3269982913988505e-12,4.9020812869459866e-14,2.2204460492503131e-16,7.9936057773011271e-15,1.95206961464448e-13,3.1086244689504383e-15,0.043767902857479363,16,2.6305668328134155e-12,1.0269562977782698e-13,8.8817841970012523e-16,2.1251916892950362e-11,3.2407915608474622e-13,1.9095836023552692e-14,0.00455775301088579,0.24698776923469268,3.3306690738754696e-16,8.8095903859833784e-14,3.2442798447718246e-14
quad,4,3,1.2,gll,coupled,8,shortwave,xxx,recursive,238.96601341818533,0.6603166462358997,951.46584569403035,361.89609148943697,324.96630979198966,0.89694429219095817,437.27715155949846,281.21582280297662,0.0038721027130541354,8.0054282187329164,0.022106366204835075,2.2204460492503131e-16,7.9936057773011271e-15,1.95206961464448e-13,3.1086244689504383e-15,0.043767902857479363,16,2.6305668328134155e-12,1.0269562977782698e-13,8.8817841970012523e-16,2.1251916892950362e-11,3.2407915608474622e-13,1.9095836023552692e-14,0.00455775301088579,0.24698776923469268,3.3306690738754696e-16,8.8095903859833784e-14,3.2442798447718246e-14
quad,4,3,1.2,gll,coupled,8,shortwave,xxx,direct,239.32362335703769,0.66130480263565672,928.71283654809395,361.89609148943697,325.36998085745603,0.89805847063710076,444.3449840812487,286.05208786119795,0.0038721027130541354,0,0,2.2204460492503131e-16,7.9936057773011271e-15,1.95206961464448e-13,3.1086244689504383e-15,0.043767902857479363,16,2.6305668328134155e-12,1.0269562977782698e-13,8.8817841970012523e-16,2.1251916892950362e-11,3.2407915608474622e-13,1.9095836023552692e-14,0.00455775301088579,0.24698776923469268,3.3306690738754696e-16,8.8095903859833784e-14,3.2442798447718246e-14
quad,4,3,1.2,gll,coupled,8,shortwave,xxx,fe_geometry,239.32362335695828,0.66130480263543734,928.7128365481567,361.89609148943697,325.36998085736286,0.89805847063684363,444.34498408094498,286.05208786101707,0.0038721027130541354,1.9472890177975717e-10,5.3772868805886564e-13,2.2204460492503131e-16,7.9936057773011271e-15,1.95206961464448e-13,3.1086244689504383e-15,0.043767902857479363,16,2.6305668328134155e-12,1.0269562977782698e-13,8.8817841970012523e-16,2.1251916892950362e-11,3.2407915608474622e-13,1.9095836023552692e-14,0.00455775301088579,0.24698776923469268,3.3306690738754696e-16,8.8095903859833784e-14,3.2442798447718246e-14
quad,4,3,1.2,gll,coupled,8,shortwave,xxx,reused,239.32362335703607,0.66130480263565228,928.71283654806541,361.89609148943697,325.36998085743915,0.89805847063705413,444.34498408125495,286.05208786120392,0.0038721027130541354,7.962607595370845e-11,2.1988120390208172e-13,2.2204460492503131e-16,7.9936057773011271e-15,1.95206961464448e-13,3.1086244689504383e-15,0.043767902857479363,16,2.6305668328134155e-12,1.0269562977782698e-13,8.8817841970012523e-16,2.1251916892950362e-11,3.2407915608474622e-13,1.9095836023552692e-14,0.00455775301088579,0.24698776923469268,3.3306690738754696e-16,8.8095903859833784e-14,3.2442798447718246e-14
quad,4,3,1.2,gll,coupled,8,shortwave,xxx,reused_centered,239.32362335703124,0.66130480263563896,928.71283654806427,361.89609148943697,325.36998085742988,0.89805847063702848,444.34498408122511,286.05208786118067,0.0038721027130541354,5.9262483981819485e-11,1.6364873150004098e-13,2.2204460492503131e-16,7.9936057773011271e-15,1.95206961464448e-13,3.1086244689504383e-15,0.043767902857479363,16,2.6305668328134155e-12,1.0269562977782698e-13,8.8817841970012523e-16,2.1251916892950362e-11,3.2407915608474622e-13,1.9095836023552692e-14,0.00455775301088579,0.24698776923469268,3.3306690738754696e-16,8.8095903859833784e-14,3.2442798447718246e-14
quad,4,3,1.2,gll,coupled,8,shortwave,xxy,recursive,66.954903173760727,0.24668186899798827,387.06778315280371,271.42206861707683,118.85186949487637,0.43739305787479227,151.24352649035797,103.20802539142457,0.0038721027130541354,4.092048053966038,0.013757348660252551,2.2204460492503131e-16,7.9936057773011271e-15,1.95206961464448e-13,3.1086244689504383e-15,0.043767902857479363,16,2.6305668328134155e-12,1.0269562977782698e-13,8.8817841970012523e-16,2.1251916892950362e-11,3.2407915608474622e-13,1.9095836023552692e-14,0.00455775301088579,0.24698776923469268,3.3306690738754696e-16,8.8095903859833784e-14,3.2442798447718246e-14
quad,4,3,1.2,gll,coupled,8,shortwave,xxy,direct,67.293291753289921,0.2479285936333627,391.64404573662205,271.42206861707683,119.84170705282314,0.44103581148152726,150.25950952027731,104.65601226496614,0.0038721027130541354,0,0,2.2204460492503131e-16,7.9936057773011271e-15,1.95206961464448e-13,3.1086244689504383e-15,0.043767902857479363,16,2.6305668328134155e-12,1.0269562977782698e-13,8.8817841970012523e-16,2.1251916892950362e-11,3.2407915608474622e-13,1.9095836023552692e-14,0.00455775301088579,0.24698776923469268,3.3306690738754696e-16,8.8095903859833784e-14,3.2442798447718246e-14
quad,4,3,1.2,gll,coupled,8,shortwave,xxy,fe_geometry,67.293291753270495,0.24792859363329112,391.6440457366549,271.42206861707683,119.8417070527977,0.44103581148143362,150.25950952024093,104.65601226495305,0.0038721027130541354,6.8044307941861388e-11,2.2876301948470421e-13,2.2204460492503131e-16,7.9936057773011271e-15,1.95206961464448e-13,3.1086244689504383e-15,0.043767902857479363,16,2.6305668328134155e-12,1.0269562977782698e-13,8.8817841970012523e-16,2.1251916892950362e-11,3.2407915608474622e-13,1.9095836023552692e-14,0.00455775301088579,0.24698776923469268,3.3306690738754696e-16,8.8095903859833784e-14,3.2442798447718246e-14
quad,4,3,1.2,gll,coupled,8,shortwave,xxy,reused,67.293291753290731,0.24792859363336567,391.64404573661704,271.42206861707683,119.84170705282664,0.44103581148154009,150.25950952026884,104.65601226495642,0.0038721027130541354,2.739767478505669e-11,9.2110199960365129e-14,2.2204460492503131e-16,7.9936057773011271e-15,1.95206961464448e-13,3.1086244689504383e-15,0.043767902857479363,16,2.6305668328134155e-12,1.0269562977782698e-13,8.8817841970012523e-16,2.1251916892950362e-11,3.2407915608474622e-13,1.9095836023552692e-14,0.00455775301088579,0.24698776923469268,3.3306690738754696e-16,8.8095903859833784e-14,3.2442798447718246e-14
quad,4,3,1.2,gll,coupled,8,shortwave,xxy,reused_centered,67.293291753290021,0.24792859363336306,391.64404573663353,271.42206861707683,119.84170705282573,0.44103581148153675,150.25950952026759,104.65601226495407,0.0038721027130541354,2.9226074829172781e-11,9.8257228676938187e-14,2.2204460492503131e-16,7.9936057773011271e-15,1.95206961464448e-13,3.1086244689504383e-15,0.043767902857479363,16,2.6305668328134155e-12,1.0269562977782698e-13,8.8817841970012523e-16,2.1251916892950362e-11,3.2407915608474622e-13,1.9095836023552692e-14,0.00455775301088579,0.24698776923469268,3.3306690738754696e-16,8.8095903859833784e-14,3.2442798447718246e-14
quad,4,3,1.2,gll,coupled,8,shortwave,xyy,recursive,39.971555842744316,0.19635620663371761,325.6176632706115,203.56655146280738,75.258491543190544,0.36928367933429207,96.248067702094119,69.126076010566038,0.0038721027130541354,9.5503633217763682,0.044007923296733968,2.2204460492503131e-16,7.9936057773011271e-15,1.95206961464448e-13,3.1086244689504383e-15,0.043767902857479363,16,2.6305668328134155e-12,1.0269562977782698e-13,8.8817841970012523e-16,2.1251916892950362e-11,3.2407915608474622e-13,1.9095836023552692e-14,0.00455775301088579,0.24698776923469268,3.3306690738754696e-16,8.8095903859833784e-14,3.2442798447718246e-14
quad,4,3,1.2,gll,coupled,8,shortwave,xyy,direct,41.391921824408229,0.20333361019760038,351.61591154319046,203.56655146280738,78.421217417465073,0.38480276593341139,94.531086778484735,69.463207040468404,0.0038721027130541354,0,0,2.2204460492503131e-16,7.9936057773011271e-15,1.95206961464448e-13,3.1086244689504383e-15,0.043767902857479363,16,2.6305668328134155e-12,1.0269562977782698e-13,8.8817841970012523e-16,2.1251916892950362e-11,3.2407915608474622e-13,1.9095836023552692e-14,0.00455775301088579,0.24698776923469268,3.3306690738754696e-16,8.8095903859833784e-14,3.2442798447718246e-14
quad,4,3,1.2,gll,coupled,8,shortwave,xyy,fe_geometry,41.391921824410481,0.20333361019761143,351.61591154313817,203.56655146280738,78.421217417472434,0.38480276593344759,94.531086778513114,69.463207040514476,0.0038721027130541354,5.4607853665180341e-11,2.5163212691782055e-13,2.2204460492503131e-16,7.9936057773011271e-15,1.95206961464448e-13,3.1086244689504383e-15,0.043767902857479363,16,2.6305668328134155e-12,1.0269562977782698e-13,8.8817841970012523e-16,2.1251916892950362e-11,3.2407915608474622e-13,1.9095836023552692e-14,0.00455775301088579,0.24698776923469268,3.3306690738754696e-16,8.8095903859833784e-14,3.2442798447718246e-14
quad,4,3,1.2,gll,coupled,8,shortwave,xyy,reused,41.391921824411305,0.20333361019761548,351.61591154320286,203.56655146280738,78.421217417469705,0.38480276593343415,94.531086778482859,69.463207040469015,0.0038721027130541354,2.4225917935412115e-11,1.1163264709140799e-13,2.2204460492503131e-16,7.9936057773011271e-15,1.95206961464448e-13,3.1086244689504383e-15,0.043767902857479363,16,2.6305668328134155e-12,1.0269562977782698e-13,8.8817841970012523e-16,2.1251916892950362e-11,3.2407915608474622e-13,1.9095836023552692e-14,0.00455775301088579,0.24698776923469268,3.3306690738754696e-16,8.8095903859833784e-14,3.2442798447718246e-14
quad,4,3,1.2,gll,coupled,8,shortwave,xyy,reused_centered,41.391921824410417,0.20333361019761112,351.61591154319683,203.56655146280738,78.421217417468753,0.38480276593342944,94.531086778479576,69.463207040464283,0.0038721027130541354,2.5573533193042457e-11,1.1784243690705594e-13,2.2204460492503131e-16,7.9936057773011271e-15,1.95206961464448e-13,3.1086244689504383e-15,0.043767902857479363,16,2.6305668328134155e-12,1.0269562977782698e-13,8.8817841970012523e-16,2.1251916892950362e-11,3.2407915608474622e-13,1.9095836023552692e-14,0.00455775301088579,0.24698776923469268,3.3306690738754696e-16,8.8095903859833784e-14,3.2442798447718246e-14
quad,4,3,1.2,gll,coupled,8,shortwave,yyy,recursive,105.01584598429982,0.68783956388163581,492.38851666700339,152.67491359710598,141.95141640235349,0.92871630847913833,188.241565250522,121.70619464336211,0.0038721027130541354,7.4943432107045203,0.045805596609331957,2.2204460492503131e-16,7.9936057773011271e-15,1.95206961464448e-13,3.1086244689504383e-15,0.043767902857479363,16,2.6305668328134155e-12,1.0269562977782698e-13,8.8817841970012523e-16,2.1251916892950362e-11,3.2407915608474622e-13,1.9095836023552692e-14,0.00455775301088579,0.24698776923469268,3.3306690738754696e-16,8.8095903859833784e-14,3.2442798447718246e-14
quad,4,3,1.2,gll,coupled,8,shortwave,yyy,direct,104.9639347891854,0.68749955258645079,462.58398796451741,152.67491359710598,141.34884119855755,0.92477396374575283,189.42894626611383,122.64596805989741,0.0038721027130541354,0,0,2.2204460492503131e-16,7.9936057773011271e-15,1.95206961464448e-13,3.1086244689504383e-15,0.043767902857479363,16,2.6305668328134155e-12,1.0269562977782698e-13,8.8817841970012523e-16,2.1251916892950362e-11,3.2407915608474622e-13,1.9095836023552692e-14,0.00455775301088579,0.24698776923469268,3.3306690738754696e-16,8.8095903859833784e-14,3.2442798447718246e-14
quad,4,3,1.2,gll,coupled,8,shortwave,yyy,fe_geometry,104.9639347891964,0.68749955258652284,462.58398796451911,152.67491359710598,141.34884119856829,0.9247739637458231,189.42894626614242,122.64596805993361,0.0038721027130541354,5.6691235211411676e-11,3.464981224331417e-13,2.2204460492503131e-16,7.9936057773011271e-15,1.95206961464448e-13,3.1086244689504383e-15,0.043767902857479363,16,2.6305668328134155e-12,1.0269562977782698e-13,8.8817841970012523e-16,2.1251916892950362e-11,3.2407915608474622e-13,1.9095836023552692e-14,0.00455775301088579,0.24698776923469268,3.3306690738754696e-16,8.8095903859833784e-14,3.2442798447718246e-14
quad,4,3,1.2,gll,coupled,8,shortwave,yyy,reused,104.96393478919521,0.68749955258651496,462.58398796457607,152.67491359710598,141.34884119856713,0.92477396374581544,189.4289462661439,122.64596805991016,0.0038721027130541354,6.0413234137170437e-11,3.6924706474607929e-13,2.2204460492503131e-16,7.9936057773011271e-15,1.95206961464448e-13,3.1086244689504383e-15,0.043767902857479363,16,2.6305668328134155e-12,1.0269562977782698e-13,8.8817841970012523e-16,2.1251916892950362e-11,3.2407915608474622e-13,1.9095836023552692e-14,0.00455775301088579,0.24698776923469268,3.3306690738754696e-16,8.8095903859833784e-14,3.2442798447718246e-14
quad,4,3,1.2,gll,coupled,8,shortwave,yyy,reused_centered,104.96393478918966,0.68749955258647866,462.58398796454208,152.67491359710598,141.34884119855738,0.92477396374575183,189.42894626612022,122.64596805989557,0.0038721027130541354,4.4079428742085684e-11,2.6941447368540808e-13,2.2204460492503131e-16,7.9936057773011271e-15,1.95206961464448e-13,3.1086244689504383e-15,0.043767902857479363,16,2.6305668328134155e-12,1.0269562977782698e-13,8.8817841970012523e-16,2.1251916892950362e-11,3.2407915608474622e-13,1.9095836023552692e-14,0.00455775301088579,0.24698776923469268,3.3306690738754696e-16,8.8095903859833784e-14,3.2442798447718246e-14
quad,4,3,1.2,gll,coupled,8,exponential,x,recursive,0.00017095197283106128,7.296650850896785e-05,0.00093271493448421339,2.3428827324258044,0.0003986991580663253,0.00016572367353688496,0.00077394422266537858,0.00050220904470964461,2.7126208869889586e-06,7.533093038806828e-06,3.2153016912730312e-06,2.2204460492503131e-16,7.9936057773011271e-15,1.95206961464448e-13,3.1086244689504383e-15,0.043767902857479363,16,2.6305668328134155e-12,1.0269562977782698e-13,8.8817841970012523e-16,2.1251916892950362e-11,3.2407915608474622e-13,1.9095836023552692e-14,0.00455775301088579,0.24698776923469268,3.3306690738754696e-16,8.8095903859833784e-14,3.2442798447718246e-14
quad,4,3,1.2,gll,coupled,8,exponential,x,direct,0.00017111932653890831,7.3037939189441454e-05,0.00093889437887195726,2.3428827324258044,0.00039920127254149774,0.00016593238292008305,0.00077880629588514033,0.00050679057017576361,2.7126208869889586e-06,0,0,2.2204460492503131e-16,7.9936057773011271e-15,1.95206961464448e-13,3.1086244689504383e-15,0.043767902857479363,16,2.6305668328134155e-12,1.0269562977782698e-13,8.8817841970012523e-16,2.1251916892950362e-11,3.2407915608474622e-13,1.9095836023552692e-14,0.00455775301088579,0.24698776923469268,3.3306690738754696e-16,8.8095903859833784e-14,3.2442798447718246e-14
quad,4,3,1.2,gll,coupled,8,exponential,x,fe_geometry,0.00017111932654800629,7.3037939193324687e-05,0.00093889437883110105,2.3428827324258044,0.00039920127256307195,0.00016593238292905062,0.00077880629595468258,0.00050679057022202554,2.7126208869889586e-06,5.1367391984921942e-14,2.1924813814799817e-14,2.2204460492503131e-16,7.9936057773011271e-15,1.95206961464448e-13,3.1086244689504383e-15,0.043767902857479363,16,2.6305668328134155e-12,1.0269562977782698e-13,8.8817841970012523e-16,2.1251916892950362e-11,3.2407915608474622e-13,1.9095836023552692e-14,0.00455775301088579,0.24698776923469268,3.3306690738754696e-16,8.8095903859833784e-14,3.2442798447718246e-14
quad,4,3,1.2,gll,coupled,8,exponential,x,reused,0.00017111932653636185,7.3037939188354555e-05,0.00093889437877825443,2.3428827324258044,0.00039920127253370211,0.00016593238291684272,0.00077880629588853107,0.00050679057017805247,2.7126208869889586e-06,4.0943045166267312e-14,1.7475456852955399e-14,2.2204460492503131e-16,7.9936057773011271e-15,1.95206961464448e-13,3.1086244689504383e-15,0.043767902857479363,16,2.6305668328134155e-12,1.0269562977782698e-13,8.8817841970012523e-16,2.1251916892950362e-11,3.2407915608474622e-13,1.9095836023552692e-14,0.00455775301088579,0.24698776923469268,3.3306690738754696e-16,8.8095903859833784e-14,3.2442798447718246e-14
quad,4,3,1.2,gll,coupled,8,exponential,x,reused_centered,0.00017111932653838171,7.3037939189216685e-05,0.00093889437878935667,2.3428827324258044,0.00039920127253852139,0.00016593238291884589,0.0007788062958971559,0.00050679057018393383,2.7126208869889586e-06,3.419725616879603e-14,1.4596195086134598e-14,2.2204460492503131e-16,7.9936057773011271e-15,1.95206961464448e-13,3.1086244689504383e-15,0.043767902857479363,16,2.6305668328134155e-12,1.0269562977782698e-13,8.8817841970012523e-16,2.1251916892950362e-11,3.2407915608474622e-13,1.9095836023552692e-14,0.00455775301088579,0.24698776923469268,3.3306690738754696e-16,8.8095903859833784e-14,3.2442798447718246e-14
quad,4,3,1.2,gll,coupled,8,exponential,y,recursive,0.00011179267816904329,9.5431731705405455e-05,0.0012662179823850206,1.1714413662129022,0.00027669904548515941,0.00023002598001133464,0.00043417173912599285,0.00024176349513725694,2.7126208869889586e-06,1.5688390794234981e-05,1.3392403885973831e-05,2.2204460492503131e-16,7.9936057773011271e-15,1.95206961464448e-13,3.1086244689504383e-15,0.043767902857479363,16,2.6305668328134155e-12,1.0269562977782698e-13,8.8817841970012523e-16,2.1251916892950362e-11,3.2407915608474622e-13,1.9095836023552692e-14,0.00455775301088579,0.24698776923469268,3.3306690738754696e-16,8.8095903859833784e-14,3.2442798447718246e-14
quad,4,3,1.2,gll,coupled,8,exponential,y,direct,0.00011290561313934152,9.6381787766594576e-05,0.0014365539809595429,1.1714413662129022,0.00028143159398292227,0.00023396025128516687,0.00043262081347310251,0.00023837500061208867,2.7126208869889586e-06,0,0,2.2204460492503131e-16,7.9936057773011271e-15,1.95206961464448e-13,3.1086244689504383e-15,0.043767902857479363,16,2.6305668328134155e-12,1.0269562977782698e-13,8.8817841970012523e-16,2.1251916892950362e-11,3.2407915608474622e-13,1.9095836023552692e-14,0.00455775301088579,0.24698776923469268,3.3306690738754696e-16,8.8095903859833784e-14,3.2442798447718246e-14
quad,4,3,1.2,gll,coupled,8,exponential,y,fe_geometry,0.00011290561312582537,9.6381787755056523e-05,0.0014365539808516292,1.1714413662129022,0.00028143159394635646,0.00023396025125476893,0.00043262081340865254,0.0002383750006042387,2.7126208869889586e-06,4.9737434512377344e-14,4.2458389772308877e-14,2.2204460492503131e-16,7.9936057773011271e-15,1.95206961464448e-13,3.1086244689504383e-15,0.043767902857479363,16,2.6305668328134155e-12,1.0269562977782698e-13,8.8817841970012523e-16,2.1251916892950362e-11,3.2407915608474622e-13,1.9095836023552692e-14,0.00455775301088579,0.24698776923469268,3.3306690738754696e-16,8.8095903859833784e-14,3.2442798447718246e-14
quad,4,3,1.2,gll,coupled,8,exponential,y,reused,0.00011290561314837795,9.6381787774308525e-05,0.0014365539811327377,1.1714413662129022,0.00028143159400832084,0.00023396025130628125,0.00043262081350478279,0.00023837500061944894,2.7126208869889586e-06,3.5199189424905555e-14,3.0047808434913556e-14,2.2204460492503131e-16,7.9936057773011271e-15,1.95206961464448e-13,3.1086244689504383e-15,0.043767902857479363,16,2.6305668328134155e-12,1.0269562977782698e-13,8.8817841970012523e-16,2.1251916892950362e-11,3.2407915608474622e-13,1.9095836023552692e-14,0.00455775301088579,0.24698776923469268,3.3306690738754696e-16,8.8095903859833784e-14,3.2442798447718246e-14
quad,4,3,1.2,gll,coupled,8,exponential,y,reused_centered,0.00011290561314676024,9.6381787772927563e-05,0.0014365539811238559,1.1714413662129022,0.00028143159400443918,0.00023396025130305436,0.00043262081349833742,0.00023837500061774257,2.7126208869889586e-06,3.0870991153197473e-14,2.6353039473995722e-14,2.2204460492503131e-16,7.9936057773011271e-15,1.95206961464448e-13,3.1086244689504383e-15,0.043767902857479363,16,2.6305668328134155e-12,1.0269562977782698e-13,8.8817841970012523e-16,2.1251916892950362e-11,3.2407915608474622e-13,1.9095836023552692e-14,0.00455775301088579,0.24698776923469268,3.3306690738754696e-16,8.8095903859833784e-14,3.2442798447718246e-14
quad,4,3,1.2,gll,coupled,8,exponential,xx,recursive,0.0078431671504166599,0.0033476567315411047,0.033366127793537093,2.3428827324258044,0.014780987036458044,0.0061438792147522087,0.0062029113678865044,0.0027501801565726148,2.7126208869889586e-06,0.00032620394287224269,0.000139036429524897,2.2204460492503131e-16,7.9936057773011271e-15,1.95206961464448e-13,3.1086244689504383e-15,0.043767902857479363,16,2.6305668328134155e-12,1.0269562977782698e-13,8.8817841970012523e-16,2.1251916892950362e-11,3.2407915608474622e-13,1.9095836023552692e-14,0.00455775301088579,0.24698776923469268,3.3306690738754696e-16,8.8095903859833784e-14,3.2442798447718246e-14
quad,4,3,1.2,gll,coupled,8,exponential,xx,direct,0.0078493059580162818,0.0033502769256782928,0.03386309198405435,2.3428827324258044,0.014798995045031502,0.0061513644408268042,0.0054810211958049122,0.0026075967754812684,2.7126208869889586e-06,0,0,2.2204460492503131e-16,7.9936057773011271e-15,1.95206961464448e-13,3.1086244689504383e-15,0.043767902857479363,16,2.6305668328134155e-12,1.0269562977782698e-13,8.8817841970012523e-16,2.1251916892950362e-11,3.2407915608474622e-13,1.9095836023552692e-14,0.00455775301088579,0.24698776923469268,3.3306690738754696e-16,8.8095903859833784e-14,3.2442798447718246e-14
quad,4,3,1.2,gll,coupled,8,exponential,xx,fe_geometry,0.0078493059588493723,0.0033502769260338764,0.033863091984706273,2.3428827324258044,0.014798995046729223,0.006151364441532481,0.0054810211930579516,0.0026075967743901742,2.7126208869889586e-06,2.0568966792522556e-12,8.7670175800681842e-13,2.2204460492503131e-16,7.9936057773011271e-15,1.95206961464448e-13,3.1086244689504383e-15,0.043767902857479363,16,2.6305668328134155e-12,1.0269562977782698e-13,8.8817841970012523e-16,2.1251916892950362e-11,3.2407915608474622e-13,1.9095836023552692e-14,0.00455775301088579,0.24698776923469268,3.3306690738754696e-16,8.8095903859833784e-14,3.2442798447718246e-14
quad,4,3,1.2,gll,coupled,8,exponential,xx,reused,0.0078493059574269199,0.0033502769254267388,0.033863091980681936,2.3428827324258044,0.014798995043810898,0.006151364440319447,0.0054810211943761124,0.0026075967749259817,2.7126208869889586e-06,1.4653022757908086e-12,6.2454915414817861e-13,2.2204460492503131e-16,7.9936057773011271e-15,1.95206961464448e-13,3.1086244689504383e-15,0.043767902857479363,16,2.6305668328134155e-12,1.0269562977782698e-13,8.8817841970012523e-16,2.1251916892950362e-11,3.2407915608474622e-13,1.9095836023552692e-14,0.00455775301088579,0.24698776923469268,3.3306690738754696e-16,8.8095903859833784e-14,3.2442798447718246e-14
quad,4,3,1.2,gll,coupled,8,exponential,xx,reused_centered,0.0078493059576662978,0.003350276925528911,0.033863091981221061,2.3428827324258044,0.01479899504426057,0.0061513644405063574,0.0054810211941765689,0.0026075967748517125,2.7126208869889586e-06,1.1890949536856025e-12,5.0682255790902332e-13,2.2204460492503131e-16,7.9936057773011271e-15,1.95206961464448e-13,3.1086244689504383e-15,0.043767902857479363,16,2.6305668328134155e-12,1.0269562977782698e-13,8.8817841970012523e-16,2.1251916892950362e-11,3.2407915608474622e-13,1.9095836023552692e-14,0.00455775301088579,0.24698776923469268,3.3306690738754696e-16,8.8095903859833784e-14,3.2442798447718246e-14
quad,4,3,1.2,gll,coupled,8,exponential,xy,recursive,0.0013547075905319585,0.0011564450681057381,0.021048508968894097,1.1714413662129022,0.0031647381508281809,0.002630916175901863,0.005246290284544845,0.0028180564772801973,2.7126208869889586e-06,0.00056021863553974379,0.00047821509430974555,2.2204460492503131e-16,7.9936057773011271e-15,1.95206961464448e-13,3.1086244689504383e-15,0.043767902857479363,16,2.6305668328134155e-12,1.0269562977782698e-13,8.8817841970012523e-16,2.1251916892950362e-11,3.2407915608474622e-13,1.9095836023552692e-14,0.00455775301088579,0.24698776923469268,3.3306690738754696e-16,8.8095903859833784e-14,3.2442798447718246e-14
quad,4,3,1.2,gll,coupled,8,exponential,xy,direct,0.0014579869443206153,0.0012446094071563076,0.020341452325742804,1.1714413662129022,0.003443475296121685,0.0028626364729461796,0.0056802511115315209,0.0037121407796540827,2.7126208869889586e-06,0,0,2.2204460492503131e-16,7.9936057773011271e-15,1.95206961464448e-13,3.1086244689504383e-15,0.043767902857479363,16,2.6305668328134155e-12,1.0269562977782698e-13,8.8817841970012523e-16,2.1251916892950362e-11,3.2407915608474622e-13,1.9095836023552692e-14,0.00455775301088579,0.24698776923469268,3.3306690738754696e-16,8.8095903859833784e-14,3.2442798447718246e-14
quad,4,3,1.2,gll,coupled,8,exponential,xy,fe_geometry,0.0014579869443603929,0.001244609407190264,0.020341452316935182,1.1714413662129022,0.0034434752960279692,0.0028626364728682714,0.0056802511117315466,0.0037121407797051469,2.7126208869889586e-06,5.3838562711583389e-13,4.5957795245093128e-13,2.2204460492503131e-16,7.9936057773011271e-15,1.95206961464448e-13,3.1086244689504383e-15,0.043767902857479363,16,2.6305668328134155e-12,1.0269562977782698e-13,8.8817841970012523e-16,2.1251916892950362e-11,3.2407915608474622e-13,1.9095836023552692e-14,0.00455775301088579,0.24698776923469268,3.3306690738754696e-16,8.8095903859833784e-14,3.2442798447718246e-14
quad,4,3,1.2,gll,coupled,8,exponential,xy,reused,0.0014579869443335221,0.0012446094071673257,0.020341452329095677,1.1714413662129022,0.0034434752962069644,0.0028626364730170739,0.0056802511116669811,0.0037121407797007016,2.7126208869889586e-06,2.8586198418097358e-13,2.4401815122227769e-13,2.2204460492503131e-16,7.9936057773011271e-15,1.95206961464448e-13,3.1086244689504383e-15,0.043767902857479363,16,2.6305668328134155e-12,1.0269562977782698e-13,8.8817841970012523e-16,2.1251916892950362e-11,3.2407915608474622e-13,1.9095836023552692e-14,0.00455775301088579,0.24698776923469268,3.3306690738754696e-16,8.8095903859833784e-14,3.2442798447718246e-14
quad,4,3,1.2,gll,coupled,8,exponential,xy,reused_centered,0.0014579869443522521,0.0012446094071833144,0.020341452330493226,1.1714413662129022,0.0034434752962560875,0.0028626364730579114,0.0056802511116973058,0.0037121407797029099,2.7126208869889586e-06,2.9472253115929309e-13,2.5158171130412075e-13,2.2204460492503131e-16,7.9936057773011271e-15,1.95206961464448e-13,3.1086244689504383e-15,0.043767902857479363,16,2.6305668328134155e-12,1.0269562977782698e-13,8.8817841970012523e-16,2.1251916892950362e-11,3.2407915608474622e-13,1.9095836023552692e-14,0.00455775301088579,0.24698776923469268,3.3306690738754696e-16,8.8095903859833784e-14,3.2442798447718246e-14
quad,4,3,1.2,gll,coupled,8,exponential,yy,recursive,0.0059064340342458313,0.010084045526478999,0.056146149090099295,0.58572068310645109,0.011625677587013925,0.019329361079361694,0.0062652283619020937,0.003988238643564462,2.7126208869889586e-06,0.00050060247012790617,0.00085675060901759957,2.2204460492503131e-16,7.9936057773011271e-15,1.95206961464448e-13,3.1086244689504383e-15,0.043767902857479363,16,2.6305668328134155e-12,1.0269562977782698e-13,8.8817841970012523e-16,2.1251916892950362e-11,3.2407915608474622e-13,1.9095836023552692e-14,0.00455775301088579,0.24698776923469268,3.3306690738754696e-16,8.8095903859833784e-14,3.2442798447718246e-14
quad,4,3,1.2,gll,coupled,8,exponential,yy,direct,0.0059764137192169255,0.01020352173244111,0.065419641896267922,0.58572068310645109,0.01193326840154524,0.019840775048506343,0.0049908668790496179,0.0033934359717898996,2.7126208869889586e-06,0,0,2.2204460492503131e-16,7.9936057773011271e-15,1.95206961464448e-13,3.1086244689504383e-15,0.043767902857479363,16,2.6305668328134155e-12,1.0269562977782698e-13,8.8817841970012523e-16,2.1251916892950362e-11,3.2407915608474622e-13,1.9095836023552692e-14,0.00455775301088579,0.24698776923469268,3.3306690738754696e-16,8.8095903859833784e-14,3.2442798447718246e-14
quad,4,3,1.2,gll,coupled,8,exponential,yy,fe_geometry,0.0059764137189002508,0.01020352173190045,0.065419641890196334,0.58572068310645109,0.01193326840085274,0.019840775047354962,0.0049908668800116131,0.0033934359724346773,2.7126208869889586e-06,9.5776012592099011e-13,1.6391480668601658e-12,2.2204460492503131e-16,7.9936057773011271e-15,1.95206961464448e-13,3.1086244689504383e-15,0.043767902857479363,16,2.6305668328134155e-12,1.0269562977782698e-13,8.8817841970012523e-16,2.1251916892950362e-11,3.2407915608474622e-13,1.9095836023552692e-14,0.00455775301088579,0.24698776923469268,3.3306690738754696e-16,8.8095903859833784e-14,3.2442798447718246e-14
quad,4,3,1.2,gll,coupled,8,exponential,yy,reused,0.0059764137198190341,0.010203521733469089,0.065419641902989323,0.58572068310645109,0.011933268402808171,0.019840775050606149,0.0049908668777255754,0.0033934359707053679,2.7126208869889586e-06,1.334944591709031e-12,2.284676285475058e-12,2.2204460492503131e-16,7.9936057773011271e-15,1.95206961464448e-13,3.1086244689504383e-15,0.043767902857479363,16,2.6305668328134155e-12,1.0269562977782698e-13,8.8817841970012523e-16,2.1251916892950362e-11,3.2407915608474622e-13,1.9095836023552692e-14,0.00455775301088579,0.24698776923469268,3.3306690738754696e-16,8.8095903859833784e-14,3.2442798447718246e-14
quad,4,3,1.2,gll,coupled,8,exponential,yy,reused_centered,0.0059764137196346677,0.01020352173315432,0.065419641903410541,0.58572068310645109,0.011933268402453802,0.019840775050016957,0.0049908668775477828,0.0033934359705664551,2.7126208869889586e-06,1.0864931694182985e-12,1.8594668227560926e-12,2.2204460492503131e-16,7.9936057773011271e-15,1.95206961464448e-13,3.1086244689504383e-15,0.043767902857479363,16,2.6305668328134155e-12,1.0269562977782698e-13,8.8817841970012523e-16,2.1251916892950362e-11,3.2407915608474622e-13,1.9095836023552692e-14,0.00455775301088579,0.24698776923469268,3.3306690738754696e-16,8.8095903859833784e-14,3.2442798447718246e-14
quad,4,3,1.2,gll,coupled,8,exponential,xxx,recursive,0.20741441170131886,0.088529574626453209,0.74972613662910792,2.3428827324258044,0.30850140369846629,0.1282319886506767,0.52138581494699032,0.33564671516317829,2.7126208869889586e-06,0.019071864963101367,0.0080312208143908381,2.2204460492503131e-16,7.9936057773011271e-15,1.95206961464448e-13,3.1086244689504383e-15,0.043767902857479363,16,2.6305668328134155e-12,1.0269562977782698e-13,8.8817841970012523e-16,2.1251916892950362e-11,3.2407915608474622e-13,1.9095836023552692e-14,0.00455775301088579,0.24698776923469268,3.3306690738754696e-16,8.8095903859833784e-14,3.2442798447718246e-14
quad,4,3,1.2,gll,coupled,8,exponential,xxx,direct,0.20781255010450492,0.088699509893667317,0.75090055356385621,2.3428827324258044,0.30927189529495136,0.12855225192491609,0.54116662255319437,0.35030386597168484,2.7126208869889586e-06,0,0,2.2204460492503131e-16,7.9936057773011271e-15,1.95206961464448e-13,3.1086244689504383e-15,0.043767902857479363,16,2.6305668328134155e-12,1.0269562977782698e-13,8.8817841970012523e-16,2.1251916892950362e-11,3.2407915608474622e-13,1.9095836023552692e-14,0.00455775301088579,0.24698776923469268,3.3306690738754696e-16,8.8095903859833784e-14,3.2442798447718246e-14
quad,4,3,1.2,gll,coupled,8,exponential,xxx,fe_geometry,0.2078125501372059,0.088699509907624888,0.75090055370338904,2.3428827324258044,0.30927189534507687,0.12855225194575129,0.5411666226328431,0.35030386601793995,2.7126208869889586e-06,6.1310945622631011e-11,2.5818227194200267e-11,2.2204460492503131e-16,7.9936057773011271e-15,1.95206961464448e-13,3.1086244689504383e-15,0.043767902857479363,16,2.6305668328134155e-12,1.0269562977782698e-13,8.8817841970012523e-16,2.1251916892950362e-11,3.2407915608474622e-13,1.9095836023552692e-14,0.00455775301088579,0.24698776923469268,3.3306690738754696e-16,8.8095903859833784e-14,3.2442798447718246e-14
quad,4,3,1.2,gll,coupled,8,exponential,xxx,reused,0.20781255008147922,0.088699509883839373,0.75090055329416794,2.3428827324258044,0.30927189526135562,0.12855225191095165,0.54116662250208436,0.35030386594236645,2.7126208869889586e-06,4.1207606807996485e-11,1.7352649578208739e-11,2.2204460492503131e-16,7.9936057773011271e-15,1.95206961464448e-13,3.1086244689504383e-15,0.043767902857479363,16,2.6305668328134155e-12,1.0269562977782698e-13,8.8817841970012523e-16,2.1251916892950362e-11,3.2407915608474622e-13,1.9095836023552692e-14,0.00455775301088579,0.24698776923469268,3.3306690738754696e-16,8.8095903859833784e-14,3.2442798447718246e-14
quad,4,3,1.2,gll,coupled,8,exponential,xxx,reused_centered,0.20781255008999153,0.088699509887472647,0.75090055339692041,2.3428827324258044,0.30927189527139975,0.12855225191512659,0.54116662252404946,0.35030386595565166,2.7126208869889586e-06,3.0841130661229014e-11,1.2987294686965505e-11,2.2204460492503131e-16,7.9936057773011271e-15,1.95206961464448e-13,3.1086244689504383e-15,0.043767902857479363,16,2.6305668328134155e-12,1.0269562977782698e-13,8.8817841970012523e-16,2.1251916892950362e-11,3.2407915608474622e-13,1.9095836023552692e-14,0.00455775301088579,0.24698776923469268,3.3306690738754696e-16,8.8095903859833784e-14,3.2442798447718246e-14
quad,4,3,1.2,gll,coupled,8,exponential,xxy,recursive,0.057233700850057238,0.048857503670956572,0.60754571476833452,1.1714413662129022,0.11198853294218854,0.093098521517813407,0.036532881649107653,0.022522699304583969,2.7126208869889586e-06,0.0075215761102079108,0.0064392846822332915,2.2204460492503131e-16,7.9936057773011271e-15,1.95206961464448e-13,3.1086244689504383e-15,0.043767902857479363,16,2.6305668328134155e-12,1.0269562977782698e-13,8.8817841970012523e-16,2.1251916892950362e-11,3.2407915608474622e-13,1.9095836023552692e-14,0.00455775301088579,0.24698776923469268,3.3306690738754696e-16,8.8095903859833784e-14,3.2442798447718246e-14
quad,4,3,1.2,gll,coupled,8,exponential,xxy,direct,0.057661586569542997,0.04922276797852413,0.64819583436462702,1.1714413662129022,0.11341771431305818,0.094286631310067343,0.048633942113865548,0.034677498102205911,2.7126208869889586e-06,0,0,2.2204460492503131e-16,7.9936057773011271e-15,1.95206961464448e-13,3.1086244689504383e-15,0.043767902857479363,16,2.6305668328134155e-12,1.0269562977782698e-13,8.8817841970012523e-16,2.1251916892950362e-11,3.2407915608474622e-13,1.9095836023552692e-14,0.00455775301088579,0.24698776923469268,3.3306690738754696e-16,8.8095903859833784e-14,3.2442798447718246e-14
quad,4,3,1.2,gll,coupled,8,exponential,xxy,fe_geometry,0.05766158656916693,0.049222767978203102,0.64819583408208525,1.1714413662129022,0.11341771430254922,0.094286631301331011,0.048633942106793282,0.034677498111800056,2.7126208869889586e-06,2.1413589144663085e-11,1.8332354090485243e-11,2.2204460492503131e-16,7.9936057773011271e-15,1.95206961464448e-13,3.1086244689504383e-15,0.043767902857479363,16,2.6305668328134155e-12,1.0269562977782698e-13,8.8817841970012523e-16,2.1251916892950362e-11,3.2407915608474622e-13,1.9095836023552692e-14,0.00455775301088579,0.24698776923469268,3.3306690738754696e-16,8.8095903859833784e-14,3.2442798447718246e-14
quad,4,3,1.2,gll,coupled,8,exponential,xxy,reused,0.057661586569781688,0.049222767978727891,0.64819583442728068,1.1714413662129022,0.11341771431598013,0.094286631312496441,0.048633942119466839,0.034677498100860578,2.7126208869889586e-06,1.1436004682358871e-11,9.7904599645174816e-12,2.2204460492503131e-16,7.9936057773011271e-15,1.95206961464448e-13,3.1086244689504383e-15,0.043767902857479363,16,2.6305668328134155e-12,1.0269562977782698e-13,8.8817841970012523e-16,2.1251916892950362e-11,3.2407915608474622e-13,1.9095836023552692e-14,0.00455775301088579,0.24698776923469268,3.3306690738754696e-16,8.8095903859833784e-14,3.2442798447718246e-14
quad,4,3,1.2,gll,coupled,8,exponential,xxy,reused_centered,0.057661586570884597,0.049222767979669381,0.64819583450727092,1.1714413662129022,0.11341771431914872,0.094286631315130542,0.048633942122498171,0.034677498102100246,2.7126208869889586e-06,1.2919544089830537e-11,1.106053055106077e-11,2.2204460492503131e-16,7.9936057773011271e-15,1.95206961464448e-13,3.1086244689504383e-15,0.043767902857479363,16,2.6305668328134155e-12,1.0269562977782698e-13,8.8817841970012523e-16,2.1251916892950362e-11,3.2407915608474622e-13,1.9095836023552692e-14,0.00455775301088579,0.24698776923469268,3.3306690738754696e-16,8.8095903859833784e-14,3.2442798447718246e-14
quad,4,3,1.2,gll,coupled,8,exponential,xyy,recursive,0.025696697740693292,0.043871931591022678,0.46720612323279676,0.58572068310645109,0.054650081875725384,0.090863621297440592,0.039622106882872758,0.022395564957205429,2.7126208869889586e-06,0.029188238394505069,0.04999907029024743,2.2204460492503131e-16,7.9936057773011271e-15,1.95206961464448e-13,3.1086244689504383e-15,0.043767902857479363,16,2.6305668328134155e-12,1.0269562977782698e-13,8.8817841970012523e-16,2.1251916892950362e-11,3.2407915608474622e-13,1.9095836023552692e-14,0.00455775301088579,0.24698776923469268,3.3306690738754696e-16,8.8095903859833784e-14,3.2442798447718246e-14
quad,4,3,1.2,gll,coupled,8,exponential,xyy,direct,0.036440307459130843,0.062214479546572617,0.44578903802125508,0.58572068310645109,0.07454951423601186,0.12394928967998416,0.046281849356966706,0.029986029554486621,2.7126208869889586e-06,0,0,2.2204460492503131e-16,7.9936057773011271e-15,1.95206961464448e-13,3.1086244689504383e-15,0.043767902857479363,16,2.6305668328134155e-12,1.0269562977782698e-13,8.8817841970012523e-16,2.1251916892950362e-11,3.2407915608474622e-13,1.9095836023552692e-14,0.00455775301088579,0.24698776923469268,3.3306690738754696e-16,8.8095903859833784e-14,3.2442798447718246e-14
quad,4,3,1.2,gll,coupled,8,exponential,xyy,fe_geometry,0.036440307455485633,0.062214479540349157,0.4457890376908068,0.58572068310645109,0.074549514220442523,0.12394928965409789,0.046281849338083721,0.029986029544623535,2.7126208869889586e-06,1.8235490887033176e-11,3.1237157183476486e-11,2.2204460492503131e-16,7.9936057773011271e-15,1.95206961464448e-13,3.1086244689504383e-15,0.043767902857479363,16,2.6305668328134155e-12,1.0269562977782698e-13,8.8817841970012523e-16,2.1251916892950362e-11,3.2407915608474622e-13,1.9095836023552692e-14,0.00455775301088579,0.24698776923469268,3.3306690738754696e-16,8.8095903859833784e-14,3.2442798447718246e-14
quad,4,3,1.2,gll,coupled,8,exponential,xyy,reused,0.036440307460676967,0.062214479549212318,0.44578903803183101,0.58572068310645109,0.074549514240567105,0.12394928968755792,0.046281849363393128,0.029986029557414074,2.7126208869889586e-06,8.9188345733550432e-12,1.5277846874932281e-11,2.2204460492503131e-16,7.9936057773011271e-15,1.95206961464448e-13,3.1086244689504383e-15,0.043767902857479363,16,2.6305668328134155e-12,1.0269562977782698e-13,8.8817841970012523e-16,2.1251916892950362e-11,3.2407915608474622e-13,1.9095836023552692e-14,0.00455775301088579,0.24698776923469268,3.3306690738754696e-16,8.8095903859833784e-14,3.2442798447718246e-14
quad,4,3,1.2,gll,coupled,8,exponential,xyy,reused_centered,0.036440307461477889,0.062214479550579724,0.4457890381449871,0.58572068310645109,0.074549514243697268,0.12394928969276227,0.046281849363929879,0.029986029557297383,2.7126208869889586e-06,1.0961404112858432e-11,1.8776741758481487e-11,2.2204460492503131e-16,7.9936057773011271e-15,1.95206961464448e-13,3.1086244689504383e-15,0.043767902857479363,16,2.6305668328134155e-12,1.0269562977782698e-13,8.8817841970012523e-16,2.1251916892950362e-11,3.2407915608474622e-13,1.9095836023552692e-14,0.00455775301088579,0.24698776923469268,3.3306690738754696e-16,8.8095903859833784e-14,3.2442798447718246e-14
quad,4,3,1.2,gll,coupled,8,exponential,yyy,recursive,0.1791525079937811,0.61173358961346858,1.3943693874804239,0.29286034155322554,0.2731883916487638,0.9084299861829136,0.34046682503373671,0.15128629088943407,2.7126208869889586e-06,0.02392013575761524,0.072023292808244058,2.2204460492503131e-16,7.9936057773011271e-15,1.95206961464448e-13,3.1086244689504383e-15,0.043767902857479363,16,2.6305668328134155e-12,1.0269562977782698e-13,8.8817841970012523e-16,2.1251916892950362e-11,3.2407915608474622e-13,1.9095836023552692e-14,0.00455775301088579,0.24698776923469268,3.3306690738754696e-16,8.8095903859833784e-14,3.2442798447718246e-14
quad,4,3,1.2,gll,coupled,8,exponential,yyy,direct,0.18649144703043624,0.63679310773644848,1.7350035706263618,0.29286034155322554,0.29461157815127925,0.9796682437860974,0.34390152463004631,0.16050035409762434,2.7126208869889586e-06,0,0,2.2204460492503131e-16,7.9936057773011271e-15,1.95206961464448e-13,3.1086244689504383e-15,0.043767902857479363,16,2.6305668328134155e-12,1.0269562977782698e-13,8.8817841970012523e-16,2.1251916892950362e-11,3.2407915608474622e-13,1.9095836023552692e-14,0.00455775301088579,0.24698776923469268,3.3306690738754696e-16,8.8095903859833784e-14,3.2442798447718246e-14
quad,4,3,1.2,gll,coupled,8,exponential,yyy,fe_geometry,0.18649144702713299,0.63679310772516928,1.7350035702785227,0.29286034155322554,0.29461157814028099,0.9796682437495251,0.34390152461824269,0.16050035408862448,2.7126208869889586e-06,1.4282338276387967e-11,4.3003979663417944e-11,2.2204460492503131e-16,7.9936057773011271e-15,1.95206961464448e-13,3.1086244689504383e-15,0.043767902857479363,16,2.6305668328134155e-12,1.0269562977782698e-13,8.8817841970012523e-16,2.1251916892950362e-11,3.2407915608474622e-13,1.9095836023552692e-14,0.00455775301088579,0.24698776923469268,3.3306690738754696e-16,8.8095903859833784e-14,3.2442798447718246e-14
quad,4,3,1.2,gll,coupled,8,exponential,yyy,reused,0.18649144704909879,0.63679310780017351,1.7350035707384897,0.29286034155322554,0.29461157818029521,0.97966824388258389,0.34390152466605767,0.16050035410884711,2.7126208869889586e-06,3.0970109900829183e-11,9.3250695409652599e-11,2.2204460492503131e-16,7.9936057773011271e-15,1.95206961464448e-13,3.1086244689504383e-15,0.043767902857479363,16,2.6305668328134155e-12,1.0269562977782698e-13,8.8817841970012523e-16,2.1251916892950362e-11,3.2407915608474622e-13,1.9095836023552692e-14,0.00455775301088579,0.24698776923469268,3.3306690738754696e-16,8.8095903859833784e-14,3.2442798447718246e-14
quad,4,3,1.2,gll,coupled,8,exponential,yyy,reused_centered,0.18649144704325901,0.63679310778023313,1.7350035708422733,0.29286034155322554,0.2946115781745241,0.97966824386339313,0.34390152465227142,0.16050035410568531,2.7126208869889586e-06,2.3038303618884635e-11,6.9368104937276613e-11,2.2204460492503131e-16,7.9936057773011271e-15,1.95206961464448e-13,3.1086244689504383e-15,0.043767902857479363,16,2.6305668328134155e-12,1.0269562977782698e-13,8.8817841970012523e-16,2.1251916892950362e-11,3.2407915608474622e-13,1.9095836023552692e-14,0.00455775301088579,0.24698776923469268,3.3306690738754696e-16,8.8095903859833784e-14,3.2442798447718246e-14
quad,4,3,1.2,gll,coupled,8,constant,x,recursive,4.3047412778390754e-14,nan,5.212833690826499e-13,0,8.8287036284131352e-14,nan,1.362491472656557e-13,9.8515813954887003e-14,1.1889150411660894e-15,1.6141811802861066e-14,nan,2.2204460492503131e-16,7.9936057773011271e-15,1.95206961464448e-13,3.1086244689504383e-15,0.043767902857479363,16,2.6305668328134155e-12,1.0269562977782698e-13,8.8817841970012523e-16,2.1251916892950362e-11,3.2407915608474622e-13,1.9095836023552692e-14,0.00455775301088579,0.24698776923469268,3.3306690738754696e-16,8.8095903859833784e-14,3.2442798447718246e-14
quad,4,3,1.2,gll,coupled,8,constant,x,direct,4.2840469215251522e-14,nan,4.7385957348398162e-13,0,8.7073166718835855e-14,nan,1.2552459901108138e-13,9.1957143795956902e-14,1.1889150411660894e-15,0,nan,2.2204460492503131e-16,7.9936057773011271e-15,1.95206961464448e-13,3.1086244689504383e-15,0.043767902857479363,16,2.6305668328134155e-12,1.0269562977782698e-13,8.8817841970012523e-16,2.1251916892950362e-11,3.2407915608474622e-13,1.9095836023552692e-14,0.00455775301088579,0.24698776923469268,3.3306690738754696e-16,8.8095903859833784e-14,3.2442798447718246e-14
quad,4,3,1.2,gll,coupled,8,constant,x,fe_geometry,4.2840469215251068e-14,nan,4.7385957348399677e-13,0,8.707316671883405e-14,nan,1.255245990110783e-13,9.1957143795955198e-14,1.1889150411660894e-15,1.1203466312150962e-27,nan,2.2204460492503131e-16,7.9936057773011271e-15,1.95206961464448e-13,3.1086244689504383e-15,0.043767902857479363,16,2.6305668328134155e-12,1.0269562977782698e-13,8.8817841970012523e-16,2.1251916892950362e-11,3.2407915608474622e-13,1.9095836023552692e-14,0.00455775301088579,0.24698776923469268,3.3306690738754696e-16,8.8095903859833784e-14,3.2442798447718246e-14
quad,4,3,1.2,gll,coupled,8,constant,x,reused,4.1842769597080869e-14,nan,4.488200624439692e-13,0,8.5149776427149069e-14,nan,1.2462385004580258e-13,9.2131385243555873e-14,1.1889150411660894e-15,1.2066703735319923e-14,nan,2.2204460492503131e-16,7.9936057773011271e-15,1.95206961464448e-13,3.1086244689504383e-15,0.043767902857479363,16,2.6305668328134155e-12,1.0269562977782698e-13,8.8817841970012523e-16,2.1251916892950362e-11,3.2407915608474622e-13,1.9095836023552692e-14,0.00455775301088579,0.24698776923469268,3.3306690738754696e-16,8.8095903859833784e-14,3.2442798447718246e-14
quad,4,3,1.2,gll,coupled,8,constant,x,reused_centered,4.1779324480838687e-14,nan,4.4968553548423211e-13,0,8.5078387636229809e-14,nan,1.2455848611993951e-13,9.2036038867654906e-14,1.1889150411660894e-15,1.1098527562635541e-14,nan,2.2204460492503131e-16,7.9936057773011271e-15,1.95206961464448e-13,3.1086244689504383e-15,0.043767902857479363,16,2.6305668328134155e-12,1.0269562977782698e-13,8.8817841970012523e-16,2.1251916892950362e-11,3.2407915608474622e-13,1.9095836023552692e-14,0.00455775301088579,0.24698776923469268,3.3306690738754696e-16,8.8095903859833784e-14,3.2442798447718246e-14
quad,4,3,1.2,gll,coupled,8,constant,y,recursive,4.2214003443722921e-14,nan,3.6654612302638772e-13,0,8.5813951792314946e-14,nan,1.2809938707833997e-13,9.6160801313889728e-14,1.1889150411660894e-15,1.4006715305530274e-14,nan,2.2204460492503131e-16,7.9936057773011271e-15,1.95206961464448e-13,3.1086244689504383e-15,0.043767902857479363,16,2.6305668328134155e-12,1.0269562977782698e-13,8.8817841970012523e-16,2.1251916892950362e-11,3.2407915608474622e-13,1.9095836023552692e-14,0.00455775301088579,0.24698776923469268,3.3306690738754696e-16,8.8095903859833784e-14,3.2442798447718246e-14
quad,4,3,1.2,gll,coupled,8,constant,y,direct,4.1739264010416852e-14,nan,3.4018313511098992e-13,0,8.3242936407866289e-14,nan,1.1845593961724316e-13,8.7958993906156731e-14,1.1889150411660894e-15,0,nan,2.2204460492503131e-16,7.9936057773011271e-15,1.95206961464448e-13,3.1086244689504383e-15,0.043767902857479363,16,2.6305668328134155e-12,1.0269562977782698e-13,8.8817841970012523e-16,2.1251916892950362e-11,3.2407915608474622e-13,1.9095836023552692e-14,0.00455775301088579,0.24698776923469268,3.3306690738754696e-16,8.8095903859833784e-14,3.2442798447718246e-14
quad,4,3,1.2,gll,coupled,8,constant,y,fe_geometry,4.1739264010416644e-14,nan,3.4018313511096882e-13,0,8.3242936407865986e-14,nan,1.1845593961724257e-13,8.7958993906156289e-14,1.1889150411660894e-15,1.0982271055502078e-27,nan,2.2204460492503131e-16,7.9936057773011271e-15,1.95206961464448e-13,3.1086244689504383e-15,0.043767902857479363,16,2.6305668328134155e-12,1.0269562977782698e-13,8.8817841970012523e-16,2.1251916892950362e-11,3.2407915608474622e-13,1.9095836023552692e-14,0.00455775301088579,0.24698776923469268,3.3306690738754696e-16,8.8095903859833784e-14,3.2442798447718246e-14
quad,4,3,1.2,gll,coupled,8,constant,y,reused,4.0913982629947711e-14,nan,3.5006619440701876e-13,0,8.2488081133380358e-14,nan,1.1875263560164312e-13,8.9396235878109781e-14,1.1889150411660894e-15,9.7730339117962129e-15,nan,2.2204460492503131e-16,7.9936057773011271e-15,1.95206961464448e-13,3.1086244689504383e-15,0.043767902857479363,16,2.6305668328134155e-12,1.0269562977782698e-13,8.8817841970012523e-16,2.1251916892950362e-11,3.2407915608474622e-13,1.9095836023552692e-14,0.00455775301088579,0.24698776923469268,3.3306690738754696e-16,8.8095903859833784e-14,3.2442798447718246e-14
quad,4,3,1.2,gll,coupled,8,constant,y,reused_centered,4.0926365667818934e-14,nan,3.5065120490564386e-13,0,8.2432024273725984e-14,nan,1.1862267698796301e-13,8.9409038083164194e-14,1.1889150411660894e-15,9.8803158834218431e-15,nan,2.2204460492503131e-16,7.9936057773011271e-15,1.95206961464448e-13,3.1086244689504383e-15,0.043767902857479363,16,2.6305668328134155e-12,1.0269562977782698e-13,8.8817841970012523e-16,2.1251916892950362e-11,3.2407915608474622e-13,1.9095836023552692e-14,0.00455775301088579,0.24698776923469268,3.3306690738754696e-16,8.8095903859833784e-14,3.2442798447718246e-14
quad,4,3,1.2,gll,coupled,8,constant,xx,recursive,1.2966157199814855e-12,nan,1.8446276503913321e-11,0,2.3636087870628718e-12,nan,3.2087407842876166e-12,2.3596604925156734e-12,1.1889150411660894e-15,5.0780140070129802e-13,0.41001849157648401,2.2204460492503131e-16,7.9936057773011271e-15,1.95206961464448e-13,3.1086244689504383e-15,0.043767902857479363,16,2.6305668328134155e-12,1.0269562977782698e-13,8.8817841970012523e-16,2.1251916892950362e-11,3.2407915608474622e-13,1.9095836023552692e-14,0.00455775301088579,0.24698776923469268,3.3306690738754696e-16,8.8095903859833784e-14,3.2442798447718246e-14
quad,4,3,1.2,gll,coupled,8,constant,xx,direct,1.2384841443341922e-12,nan,1.4510224598541293e-11,0,2.178885166610888e-12,nan,3.2940926730754582e-12,2.4722836603588161e-12,1.1889150411660894e-15,0,0,2.2204460492503131e-16,7.9936057773011271e-15,1.95206961464448e-13,3.1086244689504383e-15,0.043767902857479363,16,2.6305668328134155e-12,1.0269562977782698e-13,8.8817841970012523e-16,2.1251916892950362e-11,3.2407915608474622e-13,1.9095836023552692e-14,0.00455775301088579,0.24698776923469268,3.3306690738754696e-16,8.8095903859833784e-14,3.2442798447718246e-14
quad,4,3,1.2,gll,coupled,8,constant,xx,fe_geometry,1.238484144334148e-12,nan,1.4510224598532611e-11,0,2.1788851666107506e-12,nan,3.2940926730751762e-12,2.4722836603586355e-12,1.1889150411660894e-15,1.2259465934984897e-25,9.8987669653014172e-14,2.2204460492503131e-16,7.9936057773011271e-15,1.95206961464448e-13,3.1086244689504383e-15,0.043767902857479363,16,2.6305668328134155e-12,1.0269562977782698e-13,8.8817841970012523e-16,2.1251916892950362e-11,3.2407915608474622e-13,1.9095836023552692e-14,0.00455775301088579,0.24698776923469268,3.3306690738754696e-16,8.8095903859833784e-14,3.2442798447718246e-14
quad,4,3,1.2,gll,coupled,8,constant,xx,reused,1.2170865896472135e-12,nan,1.3885897009885122e-11,0,2.1562365109012353e-12,nan,3.2002067407333992e-12,2.3991752102489333e-12,1.1889150411660894e-15,2.9635506680815892e-13,0.23928854330830296,2.2204460492503131e-16,7.9936057773011271e-15,1.95206961464448e-13,3.1086244689504383e-15,0.043767902857479363,16,2.6305668328134155e-12,1.0269562977782698e-13,8.8817841970012523e-16,2.1251916892950362e-11,3.2407915608474622e-13,1.9095836023552692e-14,0.00455775301088579,0.24698776923469268,3.3306690738754696e-16,8.8095903859833784e-14,3.2442798447718246e-14
quad,4,3,1.2,gll,coupled,8,constant,xx,reused_centered,1.2138063184988331e-12,nan,1.3709095493790431e-11,0,2.1459049891965139e-12,nan,3.19968223119753e-12,2.3971358555182435e-12,1.1889150411660894e-15,2.8080432186180433e-13,0.22673227036973045,2.2204460492503131e-16,7.9936057773011271e-15,1.95206961464448e-13,3.1086244689504383e-15,0.043767902857479363,16,2.6305668328134155e-12,1.0269562977782698e-13,8.8817841970012523e-16,2.1251916892950362e-11,3.2407915608474622e-13,1.9095836023552692e-14,0.00455775301088579,0.24698776923469268,3.3306690738754696e-16,8.8095903859833784e-14,3.2442798447718246e-14
quad,4,3,1.2,gll,coupled,8,constant,xy,recursive,1.5536020901216849e-12,nan,2.0008002572333847e-11,0,3.7140315787537321e-12,nan,5.6045603571415118e-12,3.7556585169397531e-12,1.1889150411660894e-15,3.2095402391174259e-13,0.2129598740813273,2.2204460492503131e-16,7.9936057773011271e-15,1.95206961464448e-13,3.1086244689504383e-15,0.043767902857479363,16,2.6305668328134155e-12,1.0269562977782698e-13,8.8817841970012523e-16,2.1251916892950362e-11,3.2407915608474622e-13,1.9095836023552692e-14,0.00455775301088579,0.24698776923469268,3.3306690738754696e-16,8.8095903859833784e-14,3.2442798447718246e-14
quad,4,3,1.2,gll,coupled,8,constant,xy,direct,1.5071103197082722e-12,nan,1.7167140166919665e-11,0,3.5972799548877878e-12,nan,5.2693955324927845e-12,3.5710052013433896e-12,1.1889150411660894e-15,0,0,2.2204460492503131e-16,7.9936057773011271e-15,1.95206961464448e-13,3.1086244689504383e-15,0.043767902857479363,16,2.6305668328134155e-12,1.0269562977782698e-13,8.8817841970012523e-16,2.1251916892950362e-11,3.2407915608474622e-13,1.9095836023552692e-14,0.00455775301088579,0.24698776923469268,3.3306690738754696e-16,8.8095903859833784e-14,3.2442798447718246e-14
quad,4,3,1.2,gll,coupled,8,constant,xy,fe_geometry,1.5071103197082393e-12,nan,1.7167140166914343e-11,0,3.5972799548877054e-12,nan,5.269395532492585e-12,3.5710052013432898e-12,1.1889150411660894e-15,8.4767851642592507e-26,5.6245286449236725e-14,2.2204460492503131e-16,7.9936057773011271e-15,1.95206961464448e-13,3.1086244689504383e-15,0.043767902857479363,16,2.6305668328134155e-12,1.0269562977782698e-13,8.8817841970012523e-16,2.1251916892950362e-11,3.2407915608474622e-13,1.9095836023552692e-14,0.00455775301088579,0.24698776923469268,3.3306690738754696e-16,8.8095903859833784e-14,3.2442798447718246e-14
quad,4,3,1.2,gll,coupled,8,constant,xy,reused,1.5140781732252869e-12,nan,1.7088556462424254e-11,0,3.6159842973366418e-12,nan,5.301995506476609e-12,3.5783817062203781e-12,1.1889150411660894e-15,5.8970811367830693e-14,0.039128397302226378,2.2204460492503131e-16,7.9936057773011271e-15,1.95206961464448e-13,3.1086244689504383e-15,0.043767902857479363,16,2.6305668328134155e-12,1.0269562977782698e-13,8.8817841970012523e-16,2.1251916892950362e-11,3.2407915608474622e-13,1.9095836023552692e-14,0.00455775301088579,0.24698776923469268,3.3306690738754696e-16,8.8095903859833784e-14,3.2442798447718246e-14
quad,4,3,1.2,gll,coupled,8,constant,xy,reused_centered,1.5115339708095517e-12,nan,1.7009939041962367e-11,0,3.6084929524195467e-12,nan,5.2895101674048683e-12,3.5706681668324194e-12,1.1889150411660894e-15,5.7878175560997545e-14,0.038403410025220248,2.2204460492503131e-16,7.9936057773011271e-15,1.95206961464448e-13,3.1086244689504383e-15,0.043767902857479363,16,2.6305668328134155e-12,1.0269562977782698e-13,8.8817841970012523e-16,2.1251916892950362e-11,3.2407915608474622e-13,1.9095836023552692e-14,0.00455775301088579,0.24698776923469268,3.3306690738754696e-16,8.8095903859833784e-14,3.2442798447718246e-14
quad,4,3,1.2,gll,coupled,8,constant,yy,recursive,1.2587545202804991e-12,nan,1.475163825538023e-11,0,2.3062979911896278e-12,nan,3.3711021782111661e-12,2.6183419435095114e-12,1.1889150411660894e-15,4.8637427822969593e-13,0.39335093851871122,2.2204460492503131e-16,7.9936057773011271e-15,1.95206961464448e-13,3.1086244689504383e-15,0.043767902857479363,16,2.6305668328134155e-12,1.0269562977782698e-13,8.8817841970012523e-16,2.1251916892950362e-11,3.2407915608474622e-13,1.9095836023552692e-14,0.00455775301088579,0.24698776923469268,3.3306690738754696e-16,8.8095903859833784e-14,3.2442798447718246e-14
quad,4,3,1.2,gll,coupled,8,constant,yy,direct,1.2364894311967167e-12,nan,1.5943424091747818e-11,0,2.2007209152173861e-12,nan,3.3612741703444436e-12,2.5539746338037395e-12,1.1889150411660894e-15,0,0,2.2204460492503131e-16,7.9936057773011271e-15,1.95206961464448e-13,3.1086244689504383e-15,0.043767902857479363,16,2.6305668328134155e-12,1.0269562977782698e-13,8.8817841970012523e-16,2.1251916892950362e-11,3.2407915608474622e-13,1.9095836023552692e-14,0.00455775301088579,0.24698776923469268,3.3306690738754696e-16,8.8095903859833784e-14,3.2442798447718246e-14
quad,4,3,1.2,gll,coupled,8,constant,yy,fe_geometry,1.2364894311967248e-12,nan,1.594342409175261e-11,0,2.2007209152174616e-12,nan,3.3612741703444945e-12,2.5539746338037262e-12,1.1889150411660894e-15,9.7189826708413711e-26,7.8601421295085454e-14,2.2204460492503131e-16,7.9936057773011271e-15,1.95206961464448e-13,3.1086244689504383e-15,0.043767902857479363,16,2.6305668328134155e-12,1.0269562977782698e-13,8.8817841970012523e-16,2.1251916892950362e-11,3.2407915608474622e-13,1.9095836023552692e-14,0.00455775301088579,0.24698776923469268,3.3306690738754696e-16,8.8095903859833784e-14,3.2442798447718246e-14
quad,4,3,1.2,gll,coupled,8,constant,yy,reused,1.2127162605175146e-12,nan,1.7015399246834045e-11,0,2.1893845996528309e-12,nan,3.2888249389774526e-12,2.517832866571755e-12,1.1889150411660894e-15,3.048047930013897e-13,0.24650820727710485,2.2204460492503131e-16,7.9936057773011271e-15,1.95206961464448e-13,3.1086244689504383e-15,0.043767902857479363,16,2.6305668328134155e-12,1.0269562977782698e-13,8.8817841970012523e-16,2.1251916892950362e-11,3.2407915608474622e-13,1.9095836023552692e-14,0.00455775301088579,0.24698776923469268,3.3306690738754696e-16,8.8095903859833784e-14,3.2442798447718246e-14
quad,4,3,1.2,gll,coupled,8,constant,yy,reused_centered,1.2103966637224484e-12,nan,1.6663768496370058e-11,0,2.1817153290745865e-12,nan,3.2827747990032608e-12,2.5128185792640476e-12,1.1889150411660894e-15,2.9163910738172085e-13,0.23586057431923421,2.2204460492503131e-16,7.9936057773011271e-15,1.95206961464448e-13,3.1086244689504383e-15,0.043767902857479363,16,2.6305668328134155e-12,1.0269562977782698e-13,8.8817841970012523e-16,2.1251916892950362e-11,3.2407915608474622e-13,1.9095836023552692e-14,0.00455775301088579,0.24698776923469268,3.3306690738754696e-16,8.8095903859833784e-14,3.2442798447718246e-14
quad,4,3,1.2,gll,coupled,8,constant,xxx,recursive,2.664841284059178e-11,nan,3.2818899058467528e-10,0,4.8515167404674333e-11,nan,5.9605173588741859e-11,4.227009968301255e-11,1.1889150411660894e-15,1.2666745242552772e-11,0.56146185521611658,2.2204460492503131e-16,7.9936057773011271e-15,1.95206961464448e-13,3.1086244689504383e-15,0.043767902857479363,16,2.6305668328134155e-12,1.0269562977782698e-13,8.8817841970012523e-16,2.1251916892950362e-11,3.2407915608474622e-13,1.9095836023552692e-14,0.00455775301088579,0.24698776923469268,3.3306690738754696e-16,8.8095903859833784e-14,3.2442798447718246e-14
quad,4,3,1.2,gll,coupled,8,constant,xxx,direct,2.2560295280749068e-11,nan,2.9108039821499435e-10,0,4.0324126599302183e-11,nan,5.234285940267138e-11,3.6166749810751953e-11,1.1889150411660894e-15,0,0,2.2204460492503131e-16,7.9936057773011271e-15,1.95206961464448e-13,3.1086244689504383e-15,0.043767902857479363,16,2.6305668328134155e-12,1.0269562977782698e-13,8.8817841970012523e-16,2.1251916892950362e-11,3.2407915608474622e-13,1.9095836023552692e-14,0.00455775301088579,0.24698776923469268,3.3306690738754696e-16,8.8095903859833784e-14,3.2442798447718246e-14
quad,4,3,1.2,gll,coupled,8,constant,xxx,fe_geometry,2.2560295280747455e-11,nan,2.9108039821526272e-10,0,4.0324126599300089e-11,nan,5.2342859402664956e-11,3.6166749810747785e-11,1.1889150411660894e-15,9.1852900830828156e-24,4.071440541348197e-13,2.2204460492503131e-16,7.9936057773011271e-15,1.95206961464448e-13,3.1086244689504383e-15,0.043767902857479363,16,2.6305668328134155e-12,1.0269562977782698e-13,8.8817841970012523e-16,2.1251916892950362e-11,3.2407915608474622e-13,1.9095836023552692e-14,0.00455775301088579,0.24698776923469268,3.3306690738754696e-16,8.8095903859833784e-14,3.2442798447718246e-14
quad,4,3,1.2,gll,coupled,8,constant,xxx,reused,2.2814223444771052e-11,nan,3.0190404530361456e-10,0,4.1453775189030691e-11,nan,5.2547794098079434e-11,3.6242470793398304e-11,1.1889150411660894e-15,4.9161077198081787e-12,0.21790972408074571,2.2204460492503131e-16,7.9936057773011271e-15,1.95206961464448e-13,3.1086244689504383e-15,0.043767902857479363,16,2.6305668328134155e-12,1.0269562977782698e-13,8.8817841970012523e-16,2.1251916892950362e-11,3.2407915608474622e-13,1.9095836023552692e-14,0.00455775301088579,0.24698776923469268,3.3306690738754696e-16,8.8095903859833784e-14,3.2442798447718246e-14
quad,4,3,1.2,gll,coupled,8,constant,xxx,reused_centered,2.2497754277908803e-11,nan,2.9756872984264157e-10,0,4.0707499935880467e-11,nan,5.2276251776864735e-11,3.6165108720997237e-11,1.1889150411660894e-15,4.0839333853094358e-12,0.18102304666172955,2.2204460492503131e-16,7.9936057773011271e-15,1.95206961464448e-13,3.1086244689504383e-15,0.043767902857479363,16,2.6305668328134155e-12,1.0269562977782698e-13,8.8817841970012523e-16,2.1251916892950362e-11,3.2407915608474622e-13,1.9095836023552692e-14,0.00455775301088579,0.24698776923469268,3.3306690738754696e-16,8.8095903859833784e-14,3.2442798447718246e-14
quad,4,3,1.2,gll,coupled,8,constant,xxy,recursive,4.6931641459991814e-11,nan,5.3366549400335755e-10,0,9.9576477858906242e-11,nan,1.326291113300904e-10,9.1708127753718842e-11,1.1889150411660894e-15,1.0490061589282498e-11,0.23254476558633272,2.2204460492503131e-16,7.9936057773011271e-15,1.95206961464448e-13,3.1086244689504383e-15,0.043767902857479363,16,2.6305668328134155e-12,1.0269562977782698e-13,8.8817841970012523e-16,2.1251916892950362e-11,3.2407915608474622e-13,1.9095836023552692e-14,0.00455775301088579,0.24698776923469268,3.3306690738754696e-16,8.8095903859833784e-14,3.2442798447718246e-14
quad,4,3,1.2,gll,coupled,8,constant,xxy,direct,4.5109859010729013e-11,nan,4.6753047242388131e-10,0,9.4520852892317972e-11,nan,1.2860249839448735e-10,9.1201113619426132e-11,1.1889150411660894e-15,0,0,2.2204460492503131e-16,7.9936057773011271e-15,1.95206961464448e-13,3.1086244689504383e-15,0.043767902857479363,16,2.6305668328134155e-12,1.0269562977782698e-13,8.8817841970012523e-16,2.1251916892950362e-11,3.2407915608474622e-13,1.9095836023552692e-14,0.00455775301088579,0.24698776923469268,3.3306690738754696e-16,8.8095903859833784e-14,3.2442798447718246e-14
quad,4,3,1.2,gll,coupled,8,constant,xxy,fe_geometry,4.5109859010727223e-11,nan,4.6753047242343029e-10,0,9.452085289231381e-11,nan,1.286024983944789e-10,9.1201113619421634e-11,1.1889150411660894e-15,6.7542694373074874e-24,1.4972934044642078e-13,2.2204460492503131e-16,7.9936057773011271e-15,1.95206961464448e-13,3.1086244689504383e-15,0.043767902857479363,16,2.6305668328134155e-12,1.0269562977782698e-13,8.8817841970012523e-16,2.1251916892950362e-11,3.2407915608474622e-13,1.9095836023552692e-14,0.00455775301088579,0.24698776923469268,3.3306690738754696e-16,8.8095903859833784e-14,3.2442798447718246e-14
quad,4,3,1.2,gll,coupled,8,constant,xxy,reused,4.5243439746232593e-11,nan,4.6918036237165418e-10,0,9.4782509653751485e-11,nan,1.2922080565912717e-10,9.1691895831076191e-11,1.1889150411660894e-15,8.0509363208975405e-13,0.017847398545366083,2.2204460492503131e-16,7.9936057773011271e-15,1.95206961464448e-13,3.1086244689504383e-15,0.043767902857479363,16,2.6305668328134155e-12,1.0269562977782698e-13,8.8817841970012523e-16,2.1251916892950362e-11,3.2407915608474622e-13,1.9095836023552692e-14,0.00455775301088579,0.24698776923469268,3.3306690738754696e-16,8.8095903859833784e-14,3.2442798447718246e-14
quad,4,3,1.2,gll,coupled,8,constant,xxy,reused_centered,4.5177032716179745e-11,nan,4.6569625970133035e-10,0,9.4645880749030066e-11,nan,1.2897844905687317e-10,9.1442846329616234e-11,1.1889150411660894e-15,7.5192325096072701e-13,0.016668712060968493,2.2204460492503131e-16,7.9936057773011271e-15,1.95206961464448e-13,3.1086244689504383e-15,0.043767902857479363,16,2.6305668328134155e-12,1.0269562977782698e-13,8.8817841970012523e-16,2.1251916892950362e-11,3.2407915608474622e-13,1.9095836023552692e-14,0.00455775301088579,0.24698776923469268,3.3306690738754696e-16,8.8095903859833784e-14,3.2442798447718246e-14
quad,4,3,1.2,gll,coupled,8,constant,xyy,recursive,4.5849769353136888e-11,nan,5.5165248380177911e-10,0,9.7158753119629912e-11,nan,1.512617598445362e-10,1.0636509048821453e-10,1.1889150411660894e-15,9.4059519555546348e-12,0.21351679051147579,2.2204460492503131e-16,7.9936057773011271e-15,1.95206961464448e-13,3.1086244689504383e-15,0.043767902857479363,16,2.6305668328134155e-12,1.0269562977782698e-13,8.8817841970012523e-16,2.1251916892950362e-11,3.2407915608474622e-13,1.9095836023552692e-14,0.00455775301088579,0.24698776923469268,3.3306690738754696e-16,8.8095903859833784e-14,3.2442798447718246e-14
quad,4,3,1.2,gll,coupled,8,constant,xyy,direct,4.4052516586741676e-11,nan,5.1124722548311154e-10,0,9.3480020601040389e-11,nan,1.4064494994899063e-10,1.0125035710423994e-10,1.1889150411660894e-15,0,0,2.2204460492503131e-16,7.9936057773011271e-15,1.95206961464448e-13,3.1086244689504383e-15,0.043767902857479363,16,2.6305668328134155e-12,1.0269562977782698e-13,8.8817841970012523e-16,2.1251916892950362e-11,3.2407915608474622e-13,1.9095836023552692e-14,0.00455775301088579,0.24698776923469268,3.3306690738754696e-16,8.8095903859833784e-14,3.2442798447718246e-14
quad,4,3,1.2,gll,coupled,8,constant,xyy,fe_geometry,4.405251658674163e-11,nan,5.1124722548350569e-10,0,9.3480020601042961e-11,nan,1.4064494994898826e-10,1.0125035710423858e-10,1.1889150411660894e-15,5.9704443750141959e-24,1.3553015440691302e-13,2.2204460492503131e-16,7.9936057773011271e-15,1.95206961464448e-13,3.1086244689504383e-15,0.043767902857479363,16,2.6305668328134155e-12,1.0269562977782698e-13,8.8817841970012523e-16,2.1251916892950362e-11,3.2407915608474622e-13,1.9095836023552692e-14,0.00455775301088579,0.24698776923469268,3.3306690738754696e-16,8.8095903859833784e-14,3.2442798447718246e-14
quad,4,3,1.2,gll,coupled,8,constant,xyy,reused,4.4268269033089068e-11,nan,5.1199482197425014e-10,0,9.3983766652208788e-11,nan,1.4124815170025497e-10,1.0165307483151805e-10,1.1889150411660894e-15,7.8511837899855843e-13,0.017822327527023795,2.2204460492503131e-16,7.9936057773011271e-15,1.95206961464448e-13,3.1086244689504383e-15,0.043767902857479363,16,2.6305668328134155e-12,1.0269562977782698e-13,8.8817841970012523e-16,2.1251916892950362e-11,3.2407915608474622e-13,1.9095836023552692e-14,0.00455775301088579,0.24698776923469268,3.3306690738754696e-16,8.8095903859833784e-14,3.2442798447718246e-14
quad,4,3,1.2,gll,coupled,8,constant,xyy,reused_centered,4.4154345399541947e-11,nan,5.0574827835110078e-10,0,9.3683589543796823e-11,nan,1.4084537998811252e-10,1.0151085334667981e-10,1.1889150411660894e-15,7.7395217545563131e-13,0.017568852710870209,2.2204460492503131e-16,7.9936057773011271e-15,1.95206961464448e-13,3.1086244689504383e-15,0.043767902857479363,16,2.6305668328134155e-12,1.0269562977782698e-13,8.8817841970012523e-16,2.1251916892950362e-11,3.2407915608474622e-13,1.9095836023552692e-14,0.00455775301088579,0.24698776923469268,3.3306690738754696e-16,8.8095903859833784e-14,3.2442798447718246e-14
quad,4,3,1.2,gll,coupled,8,constant,yyy,recursive,2.6859831060427561e-11,nan,5.0760497527239887e-10,0,5.2759414810869514e-11,nan,8.0398339633145734e-11,5.2218461670440787e-11,1.1889150411660894e-15,1.1588812698506803e-11,0.43451898320352977,2.2204460492503131e-16,7.9936057773011271e-15,1.95206961464448e-13,3.1086244689504383e-15,0.043767902857479363,16,2.6305668328134155e-12,1.0269562977782698e-13,8.8817841970012523e-16,2.1251916892950362e-11,3.2407915608474622e-13,1.9095836023552692e-14,0.00455775301088579,0.24698776923469268,3.3306690738754696e-16,8.8095903859833784e-14,3.2442798447718246e-14
quad,4,3,1.2,gll,coupled,8,constant,yyy,direct,2.6670440524985245e-11,nan,6.1549775850052301e-10,0,5.3705942946825307e-11,nan,7.9323186673252687e-11,4.6414433886106844e-11,1.1889150411660894e-15,0,0,2.2204460492503131e-16,7.9936057773011271e-15,1.95206961464448e-13,3.1086244689504383e-15,0.043767902857479363,16,2.6305668328134155e-12,1.0269562977782698e-13,8.8817841970012523e-16,2.1251916892950362e-11,3.2407915608474622e-13,1.9095836023552692e-14,0.00455775301088579,0.24698776923469268,3.3306690738754696e-16,8.8095903859833784e-14,3.2442798447718246e-14
quad,4,3,1.2,gll,coupled,8,constant,yyy,fe_geometry,2.6670440524987972e-11,nan,6.15497758501037e-10,0,5.370594294683953e-11,nan,7.9323186673269954e-11,4.6414433886110301e-11,1.1889150411660894e-15,6.4301236417163998e-24,2.4109551680230287e-13,2.2204460492503131e-16,7.9936057773011271e-15,1.95206961464448e-13,3.1086244689504383e-15,0.043767902857479363,16,2.6305668328134155e-12,1.0269562977782698e-13,8.8817841970012523e-16,2.1251916892950362e-11,3.2407915608474622e-13,1.9095836023552692e-14,0.00455775301088579,0.24698776923469268,3.3306690738754696e-16,8.8095903859833784e-14,3.2442798447718246e-14
quad,4,3,1.2,gll,coupled,8,constant,yyy,reused,2.6574291734238612e-11,nan,6.3274295863785209e-10,0,5.4067346287780058e-11,nan,7.9623805451788381e-11,4.6767007699999326e-11,1.1889150411660894e-15,4.7560988575929308e-12,0.17832847017046269,2.2204460492503131e-16,7.9936057773011271e-15,1.95206961464448e-13,3.1086244689504383e-15,0.043767902857479363,16,2.6305668328134155e-12,1.0269562977782698e-13,8.8817841970012523e-16,2.1251916892950362e-11,3.2407915608474622e-13,1.9095836023552692e-14,0.00455775301088579,0.24698776923469268,3.3306690738754696e-16,8.8095903859833784e-14,3.2442798447718246e-14
quad,4,3,1.2,gll,coupled,8,constant,yyy,reused_centered,2.6408257761108897e-11,nan,6.2043092672315058e-10,0,5.3656359791571725e-11,nan,7.9203822113013801e-11,4.6390507168516501e-11,1.1889150411660894e-15,4.1725804199153234e-12,0.15644962504486534,2.2204460492503131e-16,7.9936057773011271e-15,1.95206961464448e-13,3.1086244689504383e-15,0.043767902857479363,16,2.6305668328134155e-12,1.0269562977782698e-13,8.8817841970012523e-16,2.1251916892950362e-11,3.2407915608474622e-13,1.9095836023552692e-14,0.00455775301088579,0.24698776923469268,3.3306690738754696e-16,8.8095903859833784e-14,3.2442798447718246e-14
