family,n,p,amplitude,basis,map,extra,field,derivative,method,error_l2,relative_l2,sampled_linf,truth_l2,face_rms,face_relative_l2,jump_rms,jump_mean_abs,input_error_l2,operator_error_l2,operator_relative_l2,inverse_residual,representation_residual,first_derivative_residual,geometry_residual,min_jacobian,elements,geometry_derivative_residual,geometry_jacobian_residual,fe_inverse_residual,method_agreement,fe_first_residual,face_geometry_residual,initialization_seconds,evaluation_seconds,reused_inverse_residual,reused_first_residual,reused_geometry_residual
quad,4,3,1.2,gll,coupled,0,sine,x,recursive,0.0019754738291306966,0.0013926529997008628,0.012159230923340258,1.4184968039813373,0.0045050759098805371,0.003133583414211126,0.0081198968670671921,0.0058726647552250636,8.8831010178636773e-05,0.0001848796223747692,0.00013033184621352305,2.2204460492503131e-16,8.8817841970012523e-15,1.7745319013057181e-13,3.5527136788005009e-15,0.043774505904688676,16,2.6222233366888549e-12,1.1368683772161603e-13,8.8817841970012523e-16,2.1220525336929086e-11,3.0997118018203932e-13,1.7763568394002505e-14,0.0044775879650842398,0.18210130103398114,3.3306690738754696e-16,8.2903647797591108e-14,3.1641356201816961e-14
quad,4,3,1.2,gll,coupled,0,sine,x,direct,0.0019848279941508036,0.001399247420635653,0.012341947325275271,1.4184968039813373,0.0045111244214699952,0.0031377905609887911,0.008112504672301294,0.005756082556103625,8.8831010178636773e-05,0,0,2.2204460492503131e-16,8.8817841970012523e-15,1.7745319013057181e-13,3.5527136788005009e-15,0.043774505904688676,16,2.6222233366888549e-12,1.1368683772161603e-13,8.8817841970012523e-16,2.1220525336929086e-11,3.0997118018203932e-13,1.7763568394002505e-14,0.0044775879650842398,0.18210130103398114,3.3306690738754696e-16,8.2903647797591108e-14,3.1641356201816961e-14
quad,4,3,1.2,gll,coupled,0,sine,x,fe_geometry,0.0019848279941386722,0.0013992474206271008,0.012341947325235747,1.4184968039813373,0.0045111244214405934,0.0031377905609683405,0.0081125046722211255,0.0057560825560479508,8.8831010178636773e-05,4.4605377617685515e-14,3.1444791704408466e-14,2.2204460492503131e-16,8.8817841970012523e-15,1.7745319013057181e-13,3.5527136788005009e-15,0.043774505904688676,16,2.6222233366888549e-12,1.1368683772161603e-13,8.8817841970012523e-16,2.1220525336929086e-11,3.0997118018203932e-13,1.7763568394002505e-14,0.0044775879650842398,0.18210130103398114,3.3306690738754696e-16,8.2903647797591108e-14,3.1641356201816961e-14
quad,4,3,1.2,gll,coupled,0,sine,x,reused,0.0019848279941569085,0.0013992474206399566,0.012341947325262836,1.4184968039813373,0.0045111244214854464,0.003137790560999539,0.0081125046723311191,0.0057560825561244339,8.8831010178636773e-05,1.620769594597321e-14,1.1425699102868793e-14,2.2204460492503131e-16,8.8817841970012523e-15,1.7745319013057181e-13,3.5527136788005009e-15,0.043774505904688676,16,2.6222233366888549e-12,1.1368683772161603e-13,8.8817841970012523e-16,2.1220525336929086e-11,3.0997118018203932e-13,1.7763568394002505e-14,0.0044775879650842398,0.18210130103398114,3.3306690738754696e-16,8.2903647797591108e-14,3.1641356201816961e-14
quad,4,3,1.2,gll,coupled,0,sine,x,reused_centered,0.0019848279941550432,0.0013992474206386417,0.012341947325257729,1.4184968039813373,0.0045111244214808893,0.0031377905609963688,0.0081125046723211115,0.0057560825561168904,8.8831010178636773e-05,1.2558188056599148e-14,8.8529596365972976e-15,2.2204460492503131e-16,8.8817841970012523e-15,1.7745319013057181e-13,3.5527136788005009e-15,0.043774505904688676,16,2.6222233366888549e-12,1.1368683772161603e-13,8.8817841970012523e-16,2.1220525336929086e-11,3.0997118018203932e-13,1.7763568394002505e-14,0.0044775879650842398,0.18210130103398114,3.3306690738754696e-16,8.2903647797591108e-14,3.1641356201816961e-14
quad,4,3,1.2,gll,coupled,0,sine,y,recursive,0.0059372413377894477,0.0027903911244284347,0.0419693935524168,2.1277452059720101,0.013477517013909561,0.0062496799350128512,0.019963599658872757,0.012977568069775246,8.8831010178636773e-05,0.00011869167849913399,5.5770090842288976e-05,2.2204460492503131e-16,8.8817841970012523e-15,1.7745319013057181e-13,3.5527136788005009e-15,0.043774505904688676,16,2.6222233366888549e-12,1.1368683772161603e-13,8.8817841970012523e-16,2.1220525336929086e-11,3.0997118018203932e-13,1.7763568394002505e-14,0.0044775879650842398,0.18210130103398114,3.3306690738754696e-16,8.2903647797591108e-14,3.1641356201816961e-14
quad,4,3,1.2,gll,coupled,0,sine,y,direct,0.005941081475049661,0.0027921959163036249,0.042316300752527791,2.1277452059720101,0.013478267779231523,0.0062500280735433922,0.01998622798003493,0.012919979100890922,8.8831010178636773e-05,0,0,2.2204460492503131e-16,8.8817841970012523e-15,1.7745319013057181e-13,3.5527136788005009e-15,0.043774505904688676,16,2.6222233366888549e-12,1.1368683772161603e-13,8.8817841970012523e-16,2.1220525336929086e-11,3.0997118018203932e-13,1.7763568394002505e-14,0.0044775879650842398,0.18210130103398114,3.3306690738754696e-16,8.2903647797591108e-14,3.1641356201816961e-14
quad,4,3,1.2,gll,coupled,0,sine,y,fe_geometry,0.0059410814750374069,0.0027921959162978652,0.042316300752483382,2.1277452059720101,0.013478267779199526,0.006250028073528556,0.01998622797996304,0.012919979100841255,8.8831010178636773e-05,4.6173325989992726e-14,2.1695628686987572e-14,2.2204460492503131e-16,8.8817841970012523e-15,1.7745319013057181e-13,3.5527136788005009e-15,0.043774505904688676,16,2.6222233366888549e-12,1.1368683772161603e-13,8.8817841970012523e-16,2.1220525336929086e-11,3.0997118018203932e-13,1.7763568394002505e-14,0.0044775879650842398,0.18210130103398114,3.3306690738754696e-16,8.2903647797591108e-14,3.1641356201816961e-14
quad,4,3,1.2,gll,coupled,0,sine,y,reused,0.0059410814750540481,0.0027921959163056866,0.042316300752517133,2.1277452059720101,0.013478267779242903,0.0062500280735486701,0.01998622798006091,0.012919979100908315,8.8831010178636773e-05,1.4971773499298208e-14,7.0348416896988116e-15,2.2204460492503131e-16,8.8817841970012523e-15,1.7745319013057181e-13,3.5527136788005009e-15,0.043774505904688676,16,2.6222233366888549e-12,1.1368683772161603e-13,8.8817841970012523e-16,2.1220525336929086e-11,3.0997118018203932e-13,1.7763568394002505e-14,0.0044775879650842398,0.18210130103398114,3.3306690738754696e-16,8.2903647797591108e-14,3.1641356201816961e-14
quad,4,3,1.2,gll,coupled,0,sine,y,reused_centered,0.0059410814750530472,0.0027921959163052161,0.042316300752516689,2.1277452059720101,0.013478267779240157,0.006250028073547396,0.019986227980053398,0.012919979100902491,8.8831010178636773e-05,1.1599102973088316e-14,5.4501127179098697e-15,2.2204460492503131e-16,8.8817841970012523e-15,1.7745319013057181e-13,3.5527136788005009e-15,0.043774505904688676,16,2.6222233366888549e-12,1.1368683772161603e-13,8.8817841970012523e-16,2.1220525336929086e-11,3.0997118018203932e-13,1.7763568394002505e-14,0.0044775879650842398,0.18210130103398114,3.3306690738754696e-16,8.2903647797591108e-14,3.1641356201816961e-14
quad,4,3,1.2,gll,coupled,0,sine,xx,recursive,0.087325309443651439,0.030968237963634761,0.43523775809310455,2.8198346172034525,0.16011007874144356,0.05757881375983534,0.11753591368028246,0.071886479720311841,8.8831010178636773e-05,0.0034319353129411479,0.0012129811753716427,2.2204460492503131e-16,8.8817841970012523e-15,1.7745319013057181e-13,3.5527136788005009e-15,0.043774505904688676,16,2.6222233366888549e-12,1.1368683772161603e-13,8.8817841970012523e-16,2.1220525336929086e-11,3.0997118018203932e-13,1.7763568394002505e-14,0.0044775879650842398,0.18210130103398114,3.3306690738754696e-16,8.2903647797591108e-14,3.1641356201816961e-14
quad,4,3,1.2,gll,coupled,0,sine,xx,direct,0.087541587732001686,0.031044936890242285,0.44317968651915052,2.8198346172034525,0.16046956879954291,0.057708093635696504,0.11058026879188132,0.068746996527292076,8.8831010178636773e-05,0,0,2.2204460492503131e-16,8.8817841970012523e-15,1.7745319013057181e-13,3.5527136788005009e-15,0.043774505904688676,16,2.6222233366888549e-12,1.1368683772161603e-13,8.8817841970012523e-16,2.1220525336929086e-11,3.0997118018203932e-13,1.7763568394002505e-14,0.0044775879650842398,0.18210130103398114,3.3306690738754696e-16,8.2903647797591108e-14,3.1641356201816961e-14
quad,4,3,1.2,gll,coupled,0,sine,xx,fe_geometry,0.087541587731098477,0.031044936889921979,0.44317968651727324,2.8198346172034525,0.16046956879770186,0.057708093635034423,0.1105802687933814,0.068746996528257248,8.8831010178636773e-05,1.8136077025413025e-12,6.4100042748368011e-13,2.2204460492503131e-16,8.8817841970012523e-15,1.7745319013057181e-13,3.5527136788005009e-15,0.043774505904688676,16,2.6222233366888549e-12,1.1368683772161603e-13,8.8817841970012523e-16,2.1220525336929086e-11,3.0997118018203932e-13,1.7763568394002505e-14,0.0044775879650842398,0.18210130103398114,3.3306690738754696e-16,8.2903647797591108e-14,3.1641356201816961e-14
quad,4,3,1.2,gll,coupled,0,sine,xx,reused,0.087541587732443332,0.031044936890398906,0.44317968652184597,2.8198346172034525,0.16046956880043228,0.057708093636016339,0.11058026879211019,0.068746996527445911,8.8831010178636773e-05,7.3038270094854857e-13,2.581460273237026e-13,2.2204460492503131e-16,8.8817841970012523e-15,1.7745319013057181e-13,3.5527136788005009e-15,0.043774505904688676,16,2.6222233366888549e-12,1.1368683772161603e-13,8.8817841970012523e-16,2.1220525336929086e-11,3.0997118018203932e-13,1.7763568394002505e-14,0.0044775879650842398,0.18210130103398114,3.3306690738754696e-16,8.2903647797591108e-14,3.1641356201816961e-14
quad,4,3,1.2,gll,coupled,0,sine,xx,reused_centered,0.08754158773228958,0.03104493689034438,0.44317968652185108,2.8198346172034525,0.16046956880014054,0.057708093635911423,0.1105802687922518,0.068746996527555781,8.8831010178636773e-05,5.5235618662131629e-13,1.9522444200661189e-13,2.2204460492503131e-16,8.8817841970012523e-15,1.7745319013057181e-13,3.5527136788005009e-15,0.043774505904688676,16,2.6222233366888549e-12,1.1368683772161603e-13,8.8817841970012523e-16,2.1220525336929086e-11,3.0997118018203932e-13,1.7763568394002505e-14,0.0044775879650842398,0.18210130103398114,3.3306690738754696e-16,8.2903647797591108e-14,3.1641356201816961e-14
quad,4,3,1.2,gll,coupled,0,sine,xy,recursive,0.023668370454188067,0.0055956876122664184,0.14813654732321613,4.2297519258051786,0.047698079775614299,0.011435461043177803,0.06816726623470723,0.054214031642041915,8.8831010178636773e-05,0.013552516928888553,0.0032044107352023508,2.2204460492503131e-16,8.8817841970012523e-15,1.7745319013057181e-13,3.5527136788005009e-15,0.043774505904688676,16,2.6222233366888549e-12,1.1368683772161603e-13,8.8817841970012523e-16,2.1220525336929086e-11,3.0997118018203932e-13,1.7763568394002505e-14,0.0044775879650842398,0.18210130103398114,3.3306690738754696e-16,8.2903647797591108e-14,3.1641356201816961e-14
quad,4,3,1.2,gll,coupled,0,sine,xy,direct,0.026809714569537735,0.0063383657102855304,0.20843334824804818,4.2297519258051786,0.056579423801671129,0.013564734676389271,0.09237362465260146,0.069862859813414682,8.8831010178636773e-05,0,0,2.2204460492503131e-16,8.8817841970012523e-15,1.7745319013057181e-13,3.5527136788005009e-15,0.043774505904688676,16,2.6222233366888549e-12,1.1368683772161603e-13,8.8817841970012523e-16,2.1220525336929086e-11,3.0997118018203932e-13,1.7763568394002505e-14,0.0044775879650842398,0.18210130103398114,3.3306690738754696e-16,8.2903647797591108e-14,3.1641356201816961e-14
quad,4,3,1.2,gll,coupled,0,sine,xy,fe_geometry,0.026809714569474969,0.0063383657102706915,0.20843334824810492,4.2297519258051786,0.05657942380160675,0.013564734676373837,0.092373624652580963,0.06986285981321036,8.8831010178636773e-05,5.0237343065405017e-13,1.1878316202924627e-13,2.2204460492503131e-16,8.8817841970012523e-15,1.7745319013057181e-13,3.5527136788005009e-15,0.043774505904688676,16,2.6222233366888549e-12,1.1368683772161603e-13,8.8817841970012523e-16,2.1220525336929086e-11,3.0997118018203932e-13,1.7763568394002505e-14,0.0044775879650842398,0.18210130103398114,3.3306690738754696e-16,8.2903647797591108e-14,3.1641356201816961e-14
quad,4,3,1.2,gll,coupled,0,sine,xy,reused,0.026809714569575382,0.0063383657102944321,0.208433348248002,4.2297519258051786,0.056579423801739311,0.013564734676405617,0.092373624652639374,0.069862859813487513,8.8831010178636773e-05,2.0314503253549798e-13,4.8032415415928647e-14,2.2204460492503131e-16,8.8817841970012523e-15,1.7745319013057181e-13,3.5527136788005009e-15,0.043774505904688676,16,2.6222233366888549e-12,1.1368683772161603e-13,8.8817841970012523e-16,2.1220525336929086e-11,3.0997118018203932e-13,1.7763568394002505e-14,0.0044775879650842398,0.18210130103398114,3.3306690738754696e-16,8.2903647797591108e-14,3.1641356201816961e-14
quad,4,3,1.2,gll,coupled,0,sine,xy,reused_centered,0.026809714569561147,0.0063383657102910659,0.20843334824826423,4.2297519258051786,0.056579423801726696,0.013564734676402594,0.092373624652617947,0.069862859813468889,8.8831010178636773e-05,2.1043699399270419e-13,4.9756555639974077e-14,2.2204460492503131e-16,8.8817841970012523e-15,1.7745319013057181e-13,3.5527136788005009e-15,0.043774505904688676,16,2.6222233366888549e-12,1.1368683772161603e-13,8.8817841970012523e-16,2.1220525336929086e-11,3.0997118018203932e-13,1.7763568394002505e-14,0.0044775879650842398,0.18210130103398114,3.3306690738754696e-16,8.2903647797591108e-14,3.1641356201816961e-14
quad,4,3,1.2,gll,coupled,0,sine,yy,recursive,0.26262962396512357,0.041394015310583392,1.3152776542601856,6.3446278887077643,0.47605076809086105,0.076087759209419237,0.39475066099327144,0.22115943411755576,8.8831010178636773e-05,0.0058852319831091621,0.00091364899885882061,2.2204460492503131e-16,8.8817841970012523e-15,1.7745319013057181e-13,3.5527136788005009e-15,0.043774505904688676,16,2.6222233366888549e-12,1.1368683772161603e-13,8.8817841970012523e-16,2.1220525336929086e-11,3.0997118018203932e-13,1.7763568394002505e-14,0.0044775879650842398,0.18210130103398114,3.3306690738754696e-16,8.2903647797591108e-14,3.1641356201816961e-14
quad,4,3,1.2,gll,coupled,0,sine,yy,direct,0.26281554194510143,0.041423318523197125,1.3342032657051286,6.3446278887077643,0.47606157172445829,0.076089485966998119,0.37406189685524266,0.21030066936097375,8.8831010178636773e-05,0,0,2.2204460492503131e-16,8.8817841970012523e-15,1.7745319013057181e-13,3.5527136788005009e-15,0.043774505904688676,16,2.6222233366888549e-12,1.1368683772161603e-13,8.8817841970012523e-16,2.1220525336929086e-11,3.0997118018203932e-13,1.7763568394002505e-14,0.0044775879650842398,0.18210130103398114,3.3306690738754696e-16,8.2903647797591108e-14,3.1641356201816961e-14
quad,4,3,1.2,gll,coupled,0,sine,yy,fe_geometry,0.26281554194482276,0.041423318523153202,1.3342032657043195,6.3446278887077643,0.47606157172389085,0.076089485966907427,0.37406189685551366,0.21030066936111816,8.8831010178636773e-05,8.8919880883953142e-13,1.3804308883903934e-13,2.2204460492503131e-16,8.8817841970012523e-15,1.7745319013057181e-13,3.5527136788005009e-15,0.043774505904688676,16,2.6222233366888549e-12,1.1368683772161603e-13,8.8817841970012523e-16,2.1220525336929086e-11,3.0997118018203932e-13,1.7763568394002505e-14,0.0044775879650842398,0.18210130103398114,3.3306690738754696e-16,8.2903647797591108e-14,3.1641356201816961e-14
quad,4,3,1.2,gll,coupled,0,sine,yy,reused,0.26281554194541462,0.041423318523246488,1.3342032657052272,6.3446278887077643,0.47606157172509861,0.076089485967100468,0.37406189685537672,0.21030066936103553,8.8831010178636773e-05,6.7714878607972897e-13,1.0512352142716453e-13,2.2204460492503131e-16,8.8817841970012523e-15,1.7745319013057181e-13,3.5527136788005009e-15,0.043774505904688676,16,2.6222233366888549e-12,1.1368683772161603e-13,8.8817841970012523e-16,2.1220525336929086e-11,3.0997118018203932e-13,1.7763568394002505e-14,0.0044775879650842398,0.18210130103398114,3.3306690738754696e-16,8.2903647797591108e-14,3.1641356201816961e-14
quad,4,3,1.2,gll,coupled,0,sine,yy,reused_centered,0.2628155419453016,0.041423318523228683,1.3342032657050078,6.3446278887077643,0.47606157172486463,0.076089485967063053,0.37406189685535557,0.21030066936102312,8.8831010178636773e-05,5.091954781667074e-13,7.904971973673537e-14,2.2204460492503131e-16,8.8817841970012523e-15,1.7745319013057181e-13,3.5527136788005009e-15,0.043774505904688676,16,2.6222233366888549e-12,1.1368683772161603e-13,8.8817841970012523e-16,2.1220525336929086e-11,3.0997118018203932e-13,1.7763568394002505e-14,0.0044775879650842398,0.18210130103398114,3.3306690738754696e-16,8.2903647797591108e-14,3.1641356201816961e-14
quad,4,3,1.2,gll,coupled,0,sine,xxx,recursive,2.2366794705405066,0.39419889143612308,8.4044914050847765,5.673987215925349,3.184510974280605,0.55376041219933814,5.4697937391239586,3.4927349377876094,8.8831010178636773e-05,0.12933524337973981,0.020919359411397543,2.2204460492503131e-16,8.8817841970012523e-15,1.7745319013057181e-13,3.5527136788005009e-15,0.043774505904688676,16,2.6222233366888549e-12,1.1368683772161603e-13,8.8817841970012523e-16,2.1220525336929086e-11,3.0997118018203932e-13,1.7763568394002505e-14,0.0044775879650842398,0.18210130103398114,3.3306690738754696e-16,8.2903647797591108e-14,3.1641356201816961e-14
quad,4,3,1.2,gll,coupled,0,sine,xxx,direct,2.2480963923049622,0.39621104291443648,8.7200592995362705,5.673987215925349,3.2116145161246723,0.55847349644519262,5.6174581987318586,3.6114994114787469,8.8831010178636773e-05,0,0,2.2204460492503131e-16,8.8817841970012523e-15,1.7745319013057181e-13,3.5527136788005009e-15,0.043774505904688676,16,2.6222233366888549e-12,1.1368683772161603e-13,8.8817841970012523e-16,2.1220525336929086e-11,3.0997118018203932e-13,1.7763568394002505e-14,0.0044775879650842398,0.18210130103398114,3.3306690738754696e-16,8.2903647797591108e-14,3.1641356201816961e-14
quad,4,3,1.2,gll,coupled,0,sine,xxx,fe_geometry,2.248096392273724,0.39621104290893094,8.7200592994575175,5.673987215925349,3.2116145160760281,0.55847349643673372,5.6174581986387508,3.61149941142458,8.8831010178636773e-05,5.096683384905521e-11,8.2436425485273855e-12,2.2204460492503131e-16,8.8817841970012523e-15,1.7745319013057181e-13,3.5527136788005009e-15,0.043774505904688676,16,2.6222233366888549e-12,1.1368683772161603e-13,8.8817841970012523e-16,2.1220525336929086e-11,3.0997118018203932e-13,1.7763568394002505e-14,0.0044775879650842398,0.18210130103398114,3.3306690738754696e-16,8.2903647797591108e-14,3.1641356201816961e-14
quad,4,3,1.2,gll,coupled,0,sine,xxx,reused,2.248096392319114,0.3962110429169306,8.7200592995799546,5.673987215925349,3.2116145161455911,0.55847349644883015,5.6174581987710175,3.6114994115032366,8.8831010178636773e-05,2.2689271501255991e-11,3.6698815644855091e-12,2.2204460492503131e-16,8.8817841970012523e-15,1.7745319013057181e-13,3.5527136788005009e-15,0.043774505904688676,16,2.6222233366888549e-12,1.1368683772161603e-13,8.8817841970012523e-16,2.1220525336929086e-11,3.0997118018203932e-13,1.7763568394002505e-14,0.0044775879650842398,0.18210130103398114,3.3306690738754696e-16,8.2903647797591108e-14,3.1641356201816961e-14
quad,4,3,1.2,gll,coupled,0,sine,xxx,reused_centered,2.2480963923143245,0.3962110429160865,8.7200592995879909,5.673987215925349,3.2116145161398664,0.55847349644783473,5.6174581987560117,3.6114994114927033,8.8831010178636773e-05,1.6898001697752361e-11,2.733171265714432e-12,2.2204460492503131e-16,8.8817841970012523e-15,1.7745319013057181e-13,3.5527136788005009e-15,0.043774505904688676,16,2.6222233366888549e-12,1.1368683772161603e-13,8.8817841970012523e-16,2.1220525336929086e-11,3.0997118018203932e-13,1.7763568394002505e-14,0.0044775879650842398,0.18210130103398114,3.3306690738754696e-16,8.2903647797591108e-14,3.1641356201816961e-14
quad,4,3,1.2,gll,coupled,0,sine,xxy,recursive,0.45665893086692327,0.053655264923779901,2.0082531880736987,8.5109808238880404,0.79666949941363607,0.092356206639984131,0.57764986270406804,0.38202049673049016,8.8831010178636773e-05,0.12233895079543053,0.014336085391608629,2.2204460492503131e-16,8.8817841970012523e-15,1.7745319013057181e-13,3.5527136788005009e-15,0.043774505904688676,16,2.6222233366888549e-12,1.1368683772161603e-13,8.8817841970012523e-16,2.1220525336929086e-11,3.0997118018203932e-13,1.7763568394002505e-14,0.0044775879650842398,0.18210130103398114,3.3306690738754696e-16,8.2903647797591108e-14,3.1641356201816961e-14
quad,4,3,1.2,gll,coupled,0,sine,xxy,direct,0.48133617966921077,0.056554724964040487,3.6714041253736349,8.5109808238880404,0.87140567273166547,0.10102021282011513,0.68765277983215634,0.51586617132784085,8.8831010178636773e-05,0,0,2.2204460492503131e-16,8.8817841970012523e-15,1.7745319013057181e-13,3.5527136788005009e-15,0.043774505904688676,16,2.6222233366888549e-12,1.1368683772161603e-13,8.8817841970012523e-16,2.1220525336929086e-11,3.0997118018203932e-13,1.7763568394002505e-14,0.0044775879650842398,0.18210130103398114,3.3306690738754696e-16,8.2903647797591108e-14,3.1641356201816961e-14
quad,4,3,1.2,gll,coupled,0,sine,xxy,fe_geometry,0.48133617966657904,0.056554724963731269,3.6714041256872871,8.5109808238880404,0.87140567273396019,0.10102021282038112,0.68765277983702056,0.51586617133364754,8.8831010178636773e-05,1.9230435077511864e-11,2.2534863802288981e-12,2.2204460492503131e-16,8.8817841970012523e-15,1.7745319013057181e-13,3.5527136788005009e-15,0.043774505904688676,16,2.6222233366888549e-12,1.1368683772161603e-13,8.8817841970012523e-16,2.1220525336929086e-11,3.0997118018203932e-13,1.7763568394002505e-14,0.0044775879650842398,0.18210130103398114,3.3306690738754696e-16,8.2903647797591108e-14,3.1641356201816961e-14
quad,4,3,1.2,gll,coupled,0,sine,xxy,reused,0.4813361796695958,0.056554724964085722,3.6714041251398042,8.5109808238880404,0.87140567273054603,0.10102021281998534,0.68765277983142681,0.51586617132716295,8.8831010178636773e-05,9.0219556942356154e-12,1.0572227928302818e-12,2.2204460492503131e-16,8.8817841970012523e-15,1.7745319013057181e-13,3.5527136788005009e-15,0.043774505904688676,16,2.6222233366888549e-12,1.1368683772161603e-13,8.8817841970012523e-16,2.1220525336929086e-11,3.0997118018203932e-13,1.7763568394002505e-14,0.0044775879650842398,0.18210130103398114,3.3306690738754696e-16,8.2903647797591108e-14,3.1641356201816961e-14
quad,4,3,1.2,gll,coupled,0,sine,xxy,reused_centered,0.48133617966908226,0.056554724964025381,3.6714041251509713,8.5109808238880404,0.87140567272983704,0.10102021281990316,0.68765277983087292,0.51586617132660173,8.8831010178636773e-05,9.9678220907432514e-12,1.1680625649651685e-12,2.2204460492503131e-16,8.8817841970012523e-15,1.7745319013057181e-13,3.5527136788005009e-15,0.043774505904688676,16,2.6222233366888549e-12,1.1368683772161603e-13,8.8817841970012523e-16,2.1220525336929086e-11,3.0997118018203932e-13,1.7763568394002505e-14,0.0044775879650842398,0.18210130103398114,3.3306690738754696e-16,8.2903647797591108e-14,3.1641356201816961e-14
quad,4,3,1.2,gll,coupled,0,sine,xyy,recursive,0.68791830361202677,0.053884765093209573,2.8708870482545414,12.766471235832048,1.1599686372447737,0.089648470485464191,1.252881693427109,0.82364970105670154,8.8831010178636773e-05,0.63225613649326895,0.048767022546941804,2.2204460492503131e-16,8.8817841970012523e-15,1.7745319013057181e-13,3.5527136788005009e-15,0.043774505904688676,16,2.6222233366888549e-12,1.1368683772161603e-13,8.8817841970012523e-16,2.1220525336929086e-11,3.0997118018203932e-13,1.7763568394002505e-14,0.0044775879650842398,0.18210130103398114,3.3306690738754696e-16,8.2903647797591108e-14,3.1641356201816961e-14
quad,4,3,1.2,gll,coupled,0,sine,xyy,direct,0.91761294863863963,0.071876788165483596,5.4562525500124686,12.766471235832048,1.6375678579077964,0.12655984745095603,0.95267390343231517,0.65492251002904756,8.8831010178636773e-05,0,0,2.2204460492503131e-16,8.8817841970012523e-15,1.7745319013057181e-13,3.5527136788005009e-15,0.043774505904688676,16,2.6222233366888549e-12,1.1368683772161603e-13,8.8817841970012523e-16,2.1220525336929086e-11,3.0997118018203932e-13,1.7763568394002505e-14,0.0044775879650842398,0.18210130103398114,3.3306690738754696e-16,8.2903647797591108e-14,3.1641356201816961e-14
quad,4,3,1.2,gll,coupled,0,sine,xyy,fe_geometry,0.91761294864001997,0.071876788165591718,5.45625255011932,12.766471235832048,1.6375678579138471,0.12655984745142365,0.95267390343545533,0.65492251003047419,8.8831010178636773e-05,1.7349698797414373e-11,1.3382126382021494e-12,2.2204460492503131e-16,8.8817841970012523e-15,1.7745319013057181e-13,3.5527136788005009e-15,0.043774505904688676,16,2.6222233366888549e-12,1.1368683772161603e-13,8.8817841970012523e-16,2.1220525336929086e-11,3.0997118018203932e-13,1.7763568394002505e-14,0.0044775879650842398,0.18210130103398114,3.3306690738754696e-16,8.2903647797591108e-14,3.1641356201816961e-14
quad,4,3,1.2,gll,coupled,0,sine,xyy,reused,0.91761294863930465,0.071876788165535679,5.456252550041846,12.766471235832048,1.6375678579086625,0.12655984745102297,0.95267390343478586,0.65492251003054736,8.8831010178636773e-05,7.1973235721612829e-12,5.5514216574940539e-13,2.2204460492503131e-16,8.8817841970012523e-15,1.7745319013057181e-13,3.5527136788005009e-15,0.043774505904688676,16,2.6222233366888549e-12,1.1368683772161603e-13,8.8817841970012523e-16,2.1220525336929086e-11,3.0997118018203932e-13,1.7763568394002505e-14,0.0044775879650842398,0.18210130103398114,3.3306690738754696e-16,8.2903647797591108e-14,3.1641356201816961e-14
quad,4,3,1.2,gll,coupled,0,sine,xyy,reused_centered,0.91761294863903453,0.07187678816551453,5.4562525500547849,12.766471235832048,1.6375678579084574,0.1265598474510071,0.95267390343398406,0.65492251002964608,8.8831010178636773e-05,8.405753252719223e-12,6.4835046231892421e-13,2.2204460492503131e-16,8.8817841970012523e-15,1.7745319013057181e-13,3.5527136788005009e-15,0.043774505904688676,16,2.6222233366888549e-12,1.1368683772161603e-13,8.8817841970012523e-16,2.1220525336929086e-11,3.0997118018203932e-13,1.7763568394002505e-14,0.0044775879650842398,0.18210130103398114,3.3306690738754696e-16,8.2903647797591108e-14,3.1641356201816961e-14
quad,4,3,1.2,gll,coupled,0,sine,yyy,recursive,6.572820181475282,0.34323346209285815,22.110433737943005,19.149706853748064,9.190043330396378,0.47350322058252053,13.896511781357892,8.7485010706958306,8.8831010178636773e-05,0.25982734163513321,0.013198718658724686,2.2204460492503131e-16,8.8817841970012523e-15,1.7745319013057181e-13,3.5527136788005009e-15,0.043774505904688676,16,2.6222233366888549e-12,1.1368683772161603e-13,8.8817841970012523e-16,2.1220525336929086e-11,3.0997118018203932e-13,1.7763568394002505e-14,0.0044775879650842398,0.18210130103398114,3.3306690738754696e-16,8.2903647797591108e-14,3.1641356201816961e-14
quad,4,3,1.2,gll,coupled,0,sine,yyy,direct,6.5796776112773205,0.34359155790364054,21.673386734008943,19.149706853748064,9.1965824215154761,0.47384013746019554,14.015131282136947,8.8288247719244648,8.8831010178636773e-05,0,0,2.2204460492503131e-16,8.8817841970012523e-15,1.7745319013057181e-13,3.5527136788005009e-15,0.043774505904688676,16,2.6222233366888549e-12,1.1368683772161603e-13,8.8817841970012523e-16,2.1220525336929086e-11,3.0997118018203932e-13,1.7763568394002505e-14,0.0044775879650842398,0.18210130103398114,3.3306690738754696e-16,8.2903647797591108e-14,3.1641356201816961e-14
quad,4,3,1.2,gll,coupled,0,sine,yyy,fe_geometry,6.5796776112749873,0.34359155790351875,21.673386733997233,19.149706853748064,9.1965824215083902,0.47384013745983045,14.015131282129445,8.8288247719262607,8.8831010178636773e-05,1.5126144001441983e-11,7.6837840779183466e-13,2.2204460492503131e-16,8.8817841970012523e-15,1.7745319013057181e-13,3.5527136788005009e-15,0.043774505904688676,16,2.6222233366888549e-12,1.1368683772161603e-13,8.8817841970012523e-16,2.1220525336929086e-11,3.0997118018203932e-13,1.7763568394002505e-14,0.0044775879650842398,0.18210130103398114,3.3306690738754696e-16,8.2903647797591108e-14,3.1641356201816961e-14
quad,4,3,1.2,gll,coupled,0,sine,yyy,reused,6.5796776112876314,0.34359155790417906,21.673386734016987,19.149706853748064,9.1965824215304934,0.47384013746096926,14.015131282170733,8.8288247719421946,8.8831010178636773e-05,1.9640654881514513e-11,9.9770669407936178e-13,2.2204460492503131e-16,8.8817841970012523e-15,1.7745319013057181e-13,3.5527136788005009e-15,0.043774505904688676,16,2.6222233366888549e-12,1.1368683772161603e-13,8.8817841970012523e-16,2.1220525336929086e-11,3.0997118018203932e-13,1.7763568394002505e-14,0.0044775879650842398,0.18210130103398114,3.3306690738754696e-16,8.2903647797591108e-14,3.1641356201816961e-14
quad,4,3,1.2,gll,coupled,0,sine,yyy,reused_centered,6.5796776112836932,0.34359155790397339,21.673386734011231,19.149706853748064,9.1965824215252727,0.47384013746070036,14.015131282156249,8.8288247719338813,8.8831010178636773e-05,1.4226907025221786e-11,7.2269893548549223e-13,2.2204460492503131e-16,8.8817841970012523e-15,1.7745319013057181e-13,3.5527136788005009e-15,0.043774505904688676,16,2.6222233366888549e-12,1.1368683772161603e-13,8.8817841970012523e-16,2.1220525336929086e-11,3.0997118018203932e-13,1.7763568394002505e-14,0.0044775879650842398,0.18210130103398114,3.3306690738754696e-16,8.2903647797591108e-14,3.1641356201816961e-14
quad,4,3,1.2,gll,coupled,0,shortwave,x,recursive,0.2366538896366778,0.041851374725856837,1.9647668418646216,5.6546264295224464,0.52198806514458351,0.092207803999950877,0.54786830159034683,0.35694306921707963,0.003872102713054216,0.0037066082172592372,0.00064922915721895701,2.2204460492503131e-16,8.8817841970012523e-15,1.7745319013057181e-13,3.5527136788005009e-15,0.043774505904688676,16,2.6222233366888549e-12,1.1368683772161603e-13,8.8817841970012523e-16,2.1220525336929086e-11,3.0997118018203932e-13,1.7763568394002505e-14,0.0044775879650842398,0.18210130103398114,3.3306690738754696e-16,8.2903647797591108e-14,3.1641356201816961e-14
quad,4,3,1.2,gll,coupled,0,shortwave,x,direct,0.23682501284792157,0.041881637239813613,1.9514609428188585,5.6546264295224464,0.5221344237284582,0.092233657854697323,0.54915917455210683,0.35666379186144986,0.003872102713054216,0,0,2.2204460492503131e-16,8.8817841970012523e-15,1.7745319013057181e-13,3.5527136788005009e-15,0.043774505904688676,16,2.6222233366888549e-12,1.1368683772161603e-13,8.8817841970012523e-16,2.1220525336929086e-11,3.0997118018203932e-13,1.7763568394002505e-14,0.0044775879650842398,0.18210130103398114,3.3306690738754696e-16,8.2903647797591108e-14,3.1641356201816961e-14
quad,4,3,1.2,gll,coupled,0,shortwave,x,fe_geometry,0.23682501284788038,0.041881637239806327,1.9514609428188292,5.6546264295224464,0.52213442372836938,0.092233657854681642,0.54915917455208085,0.35666379186141894,0.003872102713054216,1.2120103415994954e-13,2.1228908114792195e-14,2.2204460492503131e-16,8.8817841970012523e-15,1.7745319013057181e-13,3.5527136788005009e-15,0.043774505904688676,16,2.6222233366888549e-12,1.1368683772161603e-13,8.8817841970012523e-16,2.1220525336929086e-11,3.0997118018203932e-13,1.7763568394002505e-14,0.0044775879650842398,0.18210130103398114,3.3306690738754696e-16,8.2903647797591108e-14,3.1641356201816961e-14
quad,4,3,1.2,gll,coupled,0,shortwave,x,reused,0.23682501284791932,0.041881637239813217,1.9514609428188576,5.6546264295224464,0.52213442372845242,0.092233657854696324,0.54915917455211427,0.35666379186145997,0.003872102713054216,3.8669147671824589e-14,6.7730757290333385e-15,2.2204460492503131e-16,8.8817841970012523e-15,1.7745319013057181e-13,3.5527136788005009e-15,0.043774505904688676,16,2.6222233366888549e-12,1.1368683772161603e-13,8.8817841970012523e-16,2.1220525336929086e-11,3.0997118018203932e-13,1.7763568394002505e-14,0.0044775879650842398,0.18210130103398114,3.3306690738754696e-16,8.2903647797591108e-14,3.1641356201816961e-14
quad,4,3,1.2,gll,coupled,0,shortwave,x,reused_centered,0.23682501284791929,0.04188163723981321,1.9514609428188647,5.6546264295224464,0.52213442372845109,0.092233657854696074,0.5491591745521115,0.3566637918614558,0.003872102713054216,2.8095667470348488e-14,4.9210829535056546e-15,2.2204460492503131e-16,8.8817841970012523e-15,1.7745319013057181e-13,3.5527136788005009e-15,0.043774505904688676,16,2.6222233366888549e-12,1.1368683772161603e-13,8.8817841970012523e-16,2.1220525336929086e-11,3.0997118018203932e-13,1.7763568394002505e-14,0.0044775879650842398,0.18210130103398114,3.3306690738754696e-16,8.2903647797591108e-14,3.1641356201816961e-14
quad,4,3,1.2,gll,coupled,0,shortwave,y,recursive,0.10619430543844521,0.02504009929144304,0.93455448940226304,4.2409698221418406,0.23372579080580128,0.055049386112906454,0.28860859505543024,0.20710536994599935,0.003872102713054216,0.0043663243105898034,0.0010255060971795539,2.2204460492503131e-16,8.8817841970012523e-15,1.7745319013057181e-13,3.5527136788005009e-15,0.043774505904688676,16,2.6222233366888549e-12,1.1368683772161603e-13,8.8817841970012523e-16,2.1220525336929086e-11,3.0997118018203932e-13,1.7763568394002505e-14,0.0044775879650842398,0.18210130103398114,3.3306690738754696e-16,8.2903647797591108e-14,3.1641356201816961e-14
quad,4,3,1.2,gll,coupled,0,shortwave,y,direct,0.1063787908873238,0.025083600060516045,0.96055790025988053,4.2409698221418406,0.23376105570492065,0.055057692047143156,0.2866774234806837,0.20374163275348142,0.003872102713054216,0,0,2.2204460492503131e-16,8.8817841970012523e-15,1.7745319013057181e-13,3.5527136788005009e-15,0.043774505904688676,16,2.6222233366888549e-12,1.1368683772161603e-13,8.8817841970012523e-16,2.1220525336929086e-11,3.0997118018203932e-13,1.7763568394002505e-14,0.0044775879650842398,0.18210130103398114,3.3306690738754696e-16,8.2903647797591108e-14,3.1641356201816961e-14
quad,4,3,1.2,gll,coupled,0,shortwave,y,fe_geometry,0.10637879088730606,0.02508360006051186,0.96055790025977839,4.2409698221418406,0.2337610557048786,0.055057692047133254,0.28667742348060765,0.20374163275342722,0.003872102713054216,1.1796166807247757e-13,2.7705319448764396e-14,2.2204460492503131e-16,8.8817841970012523e-15,1.7745319013057181e-13,3.5527136788005009e-15,0.043774505904688676,16,2.6222233366888549e-12,1.1368683772161603e-13,8.8817841970012523e-16,2.1220525336929086e-11,3.0997118018203932e-13,1.7763568394002505e-14,0.0044775879650842398,0.18210130103398114,3.3306690738754696e-16,8.2903647797591108e-14,3.1641356201816961e-14
quad,4,3,1.2,gll,coupled,0,shortwave,y,reused,0.10637879088732688,0.02508360006051677,0.96055790025989296,4.2409698221418406,0.23376105570492825,0.055057692047144953,0.28667742348070741,0.20374163275349569,0.003872102713054216,3.6607836719600116e-14,8.597977861940439e-15,2.2204460492503131e-16,8.8817841970012523e-15,1.7745319013057181e-13,3.5527136788005009e-15,0.043774505904688676,16,2.6222233366888549e-12,1.1368683772161603e-13,8.8817841970012523e-16,2.1220525336929086e-11,3.0997118018203932e-13,1.7763568394002505e-14,0.0044775879650842398,0.18210130103398114,3.3306690738754696e-16,8.2903647797591108e-14,3.1641356201816961e-14
quad,4,3,1.2,gll,coupled,0,shortwave,y,reused_centered,0.10637879088732606,0.025083600060516579,0.96055790025989296,4.2409698221418406,0.23376105570492511,0.055057692047144217,0.28667742348070102,0.20374163275349264,0.003872102713054216,2.6410613856495193e-14,6.202985306062181e-15,2.2204460492503131e-16,8.8817841970012523e-15,1.7745319013057181e-13,3.5527136788005009e-15,0.043774505904688676,16,2.6222233366888549e-12,1.1368683772161603e-13,8.8817841970012523e-16,2.1220525336929086e-11,3.0997118018203932e-13,1.7763568394002505e-14,0.0044775879650842398,0.18210130103398114,3.3306690738754696e-16,8.2903647797591108e-14,3.1641356201816961e-14
quad,4,3,1.2,gll,coupled,0,shortwave,xx,recursive,9.9420732580631359,0.21960440484926952,60.110173229862411,45.272649539462122,17.53533204120059,0.38776391266159338,24.594425598875478,14.762067507224771,0.003872102713054216,0.17727232317996347,0.0035961733704321379,2.2204460492503131e-16,8.8817841970012523e-15,1.7745319013057181e-13,3.5527136788005009e-15,0.043774505904688676,16,2.6222233366888549e-12,1.1368683772161603e-13,8.8817841970012523e-16,2.1220525336929086e-11,3.0997118018203932e-13,1.7763568394002505e-14,0.0044775879650842398,0.18210130103398114,3.3306690738754696e-16,8.2903647797591108e-14,3.1641356201816961e-14
quad,4,3,1.2,gll,coupled,0,shortwave,xx,direct,9.9502482913055719,0.21978497818274123,59.255538109019469,45.272649539462122,17.535391538968334,0.38776522835308763,24.273262794296606,14.517195870824898,0.003872102713054216,0,0,2.2204460492503131e-16,8.8817841970012523e-15,1.7745319013057181e-13,3.5527136788005009e-15,0.043774505904688676,16,2.6222233366888549e-12,1.1368683772161603e-13,8.8817841970012523e-16,2.1220525336929086e-11,3.0997118018203932e-13,1.7763568394002505e-14,0.0044775879650842398,0.18210130103398114,3.3306690738754696e-16,8.2903647797591108e-14,3.1641356201816961e-14
quad,4,3,1.2,gll,coupled,0,shortwave,xx,fe_geometry,9.9502482913031436,0.21978497818268761,59.255538109019426,45.272649539462122,17.535391538964149,0.38776522835299509,24.27326279429208,14.517195870822631,0.003872102713054216,5.3198992537868724e-12,1.0792028719806669e-13,2.2204460492503131e-16,8.8817841970012523e-15,1.7745319013057181e-13,3.5527136788005009e-15,0.043774505904688676,16,2.6222233366888549e-12,1.1368683772161603e-13,8.8817841970012523e-16,2.1220525336929086e-11,3.0997118018203932e-13,1.7763568394002505e-14,0.0044775879650842398,0.18210130103398114,3.3306690738754696e-16,8.2903647797591108e-14,3.1641356201816961e-14
quad,4,3,1.2,gll,coupled,0,shortwave,xx,reused,9.9502482913055506,0.21978497818274076,59.255538109019469,45.272649539462122,17.535391538968224,0.38776522835308519,24.273262794295739,14.517195870824088,0.003872102713054216,2.0221399646574047e-12,4.1021439566768595e-14,2.2204460492503131e-16,8.8817841970012523e-15,1.7745319013057181e-13,3.5527136788005009e-15,0.043774505904688676,16,2.6222233366888549e-12,1.1368683772161603e-13,8.8817841970012523e-16,2.1220525336929086e-11,3.0997118018203932e-13,1.7763568394002505e-14,0.0044775879650842398,0.18210130103398114,3.3306690738754696e-16,8.2903647797591108e-14,3.1641356201816961e-14
quad,4,3,1.2,gll,coupled,0,shortwave,xx,reused_centered,9.95024829130546,0.21978497818273873,59.255538109019611,45.272649539462122,17.535391538967914,0.38776522835307842,24.273262794295309,14.517195870823901,0.003872102713054216,1.49986122370707e-12,3.0426413414594228e-14,2.2204460492503131e-16,8.8817841970012523e-15,1.7745319013057181e-13,3.5527136788005009e-15,0.043774505904688676,16,2.6222233366888549e-12,1.1368683772161603e-13,8.8817841970012523e-16,2.1220525336929086e-11,3.0997118018203932e-13,1.7763568394002505e-14,0.0044775879650842398,0.18210130103398114,3.3306690738754696e-16,8.2903647797591108e-14,3.1641356201816961e-14
quad,4,3,1.2,gll,coupled,0,shortwave,xy,recursive,1.9425475644680195,0.057210334399206066,16.490693423949857,33.95448715459662,4.2046807268871138,0.12397244194899268,5.3477116373809137,4.0043810874469248,0.003872102713054216,0.21055044126729214,0.0061166191938500153,2.2204460492503131e-16,8.8817841970012523e-15,1.7745319013057181e-13,3.5527136788005009e-15,0.043774505904688676,16,2.6222233366888549e-12,1.1368683772161603e-13,8.8817841970012523e-16,2.1220525336929086e-11,3.0997118018203932e-13,1.7763568394002505e-14,0.0044775879650842398,0.18210130103398114,3.3306690738754696e-16,8.2903647797591108e-14,3.1641356201816961e-14
quad,4,3,1.2,gll,coupled,0,shortwave,xy,direct,1.959335568318753,0.057704761064356298,16.355486939194851,33.95448715459662,4.2699401865330104,0.12589657723965558,5.4256192633583176,4.0435952320164148,0.003872102713054216,0,0,2.2204460492503131e-16,8.8817841970012523e-15,1.7745319013057181e-13,3.5527136788005009e-15,0.043774505904688676,16,2.6222233366888549e-12,1.1368683772161603e-13,8.8817841970012523e-16,2.1220525336929086e-11,3.0997118018203932e-13,1.7763568394002505e-14,0.0044775879650842398,0.18210130103398114,3.3306690738754696e-16,8.2903647797591108e-14,3.1641356201816961e-14
quad,4,3,1.2,gll,coupled,0,shortwave,xy,fe_geometry,1.9593355683182827,0.057704761064342448,16.355486939186559,33.95448715459662,4.2699401865321596,0.12589657723963049,5.4256192633575919,4.0435952320159894,0.003872102713054216,1.8186381720494871e-12,5.2832552061500892e-14,2.2204460492503131e-16,8.8817841970012523e-15,1.7745319013057181e-13,3.5527136788005009e-15,0.043774505904688676,16,2.6222233366888549e-12,1.1368683772161603e-13,8.8817841970012523e-16,2.1220525336929086e-11,3.0997118018203932e-13,1.7763568394002505e-14,0.0044775879650842398,0.18210130103398114,3.3306690738754696e-16,8.2903647797591108e-14,3.1641356201816961e-14
quad,4,3,1.2,gll,coupled,0,shortwave,xy,reused,1.9593355683187614,0.057704761064356548,16.355486939197604,33.95448715459662,4.269940186533046,0.12589657723965664,5.4256192633585192,4.0435952320164734,0.003872102713054216,6.2205463492311349e-13,1.8071067895620439e-14,2.2204460492503131e-16,8.8817841970012523e-15,1.7745319013057181e-13,3.5527136788005009e-15,0.043774505904688676,16,2.6222233366888549e-12,1.1368683772161603e-13,8.8817841970012523e-16,2.1220525336929086e-11,3.0997118018203932e-13,1.7763568394002505e-14,0.0044775879650842398,0.18210130103398114,3.3306690738754696e-16,8.2903647797591108e-14,3.1641356201816961e-14
quad,4,3,1.2,gll,coupled,0,shortwave,xy,reused_centered,1.959335568318763,0.05770476106435659,16.355486939199004,33.95448715459662,4.2699401865330522,0.1258965772396568,5.4256192633584233,4.0435952320164343,0.003872102713054216,5.8624575976268641e-13,1.7030798154089042e-14,2.2204460492503131e-16,8.8817841970012523e-15,1.7745319013057181e-13,3.5527136788005009e-15,0.043774505904688676,16,2.6222233366888549e-12,1.1368683772161603e-13,8.8817841970012523e-16,2.1220525336929086e-11,3.0997118018203932e-13,1.7763568394002505e-14,0.0044775879650842398,0.18210130103398114,3.3306690738754696e-16,8.2903647797591108e-14,3.1641356201816961e-14
quad,4,3,1.2,gll,coupled,0,shortwave,yy,recursive,4.3993358984432831,0.17275422748154473,29.097138708105653,25.465865365947487,7.7426462794478184,0.30438292584181065,9.6036837720729178,5.7072973900208854,0.003872102713054216,0.17773498332001347,0.0065657306525259349,2.2204460492503131e-16,8.8817841970012523e-15,1.7745319013057181e-13,3.5527136788005009e-15,0.043774505904688676,16,2.6222233366888549e-12,1.1368683772161603e-13,8.8817841970012523e-16,2.1220525336929086e-11,3.0997118018203932e-13,1.7763568394002505e-14,0.0044775879650842398,0.18210130103398114,3.3306690738754696e-16,8.2903647797591108e-14,3.1641356201816961e-14
quad,4,3,1.2,gll,coupled,0,shortwave,yy,direct,4.4021340390005719,0.17286410556803733,29.870761114454318,25.465865365947487,7.7252468623348296,0.30369891093299956,9.2310138531521222,5.4631328923264642,0.003872102713054216,0,0,2.2204460492503131e-16,8.8817841970012523e-15,1.7745319013057181e-13,3.5527136788005009e-15,0.043774505904688676,16,2.6222233366888549e-12,1.1368683772161603e-13,8.8817841970012523e-16,2.1220525336929086e-11,3.0997118018203932e-13,1.7763568394002505e-14,0.0044775879650842398,0.18210130103398114,3.3306690738754696e-16,8.2903647797591108e-14,3.1641356201816961e-14
quad,4,3,1.2,gll,coupled,0,shortwave,yy,fe_geometry,4.4021340390005284,0.17286410556803561,29.870761114453195,25.465865365947487,7.7252468623347248,0.30369891093299539,9.2310138531546624,5.463132892328618,0.003872102713054216,2.6843789641038011e-12,9.9163985155799813e-14,2.2204460492503131e-16,8.8817841970012523e-15,1.7745319013057181e-13,3.5527136788005009e-15,0.043774505904688676,16,2.6222233366888549e-12,1.1368683772161603e-13,8.8817841970012523e-16,2.1220525336929086e-11,3.0997118018203932e-13,1.7763568394002505e-14,0.0044775879650842398,0.18210130103398114,3.3306690738754696e-16,8.2903647797591108e-14,3.1641356201816961e-14
quad,4,3,1.2,gll,coupled,0,shortwave,yy,reused,4.4021340390008987,0.17286410556805018,29.870761114456762,25.465865365947487,7.7252468623353971,0.30369891093302182,9.2310138531514472,5.4631328923258655,0.003872102713054216,1.8180151243448517e-12,6.7159528223966961e-14,2.2204460492503131e-16,8.8817841970012523e-15,1.7745319013057181e-13,3.5527136788005009e-15,0.043774505904688676,16,2.6222233366888549e-12,1.1368683772161603e-13,8.8817841970012523e-16,2.1220525336929086e-11,3.0997118018203932e-13,1.7763568394002505e-14,0.0044775879650842398,0.18210130103398114,3.3306690738754696e-16,8.2903647797591108e-14,3.1641356201816961e-14
quad,4,3,1.2,gll,coupled,0,shortwave,yy,reused_centered,4.4021340390007611,0.17286410556804474,29.870761114455632,25.465865365947487,7.7252468623350614,0.30369891093300866,9.2310138531513442,5.4631328923259348,0.003872102713054216,1.3265047940306707e-12,4.9002582520337539e-14,2.2204460492503131e-16,8.8817841970012523e-15,1.7745319013057181e-13,3.5527136788005009e-15,0.043774505904688676,16,2.6222233366888549e-12,1.1368683772161603e-13,8.8817841970012523e-16,2.1220525336929086e-11,3.0997118018203932e-13,1.7763568394002505e-14,0.0044775879650842398,0.18210130103398114,3.3306690738754696e-16,8.2903647797591108e-14,3.1641356201816961e-14
quad,4,3,1.2,gll,coupled,0,shortwave,xxx,recursive,238.96601341818493,0.66031664623589925,950.80478082841614,361.89609148943657,324.96630979198943,0.89694429219095739,437.27715155949846,281.21260557133365,0.003872102713054216,8.0054282187329395,0.022106366204835123,2.2204460492503131e-16,8.8817841970012523e-15,1.7745319013057181e-13,3.5527136788005009e-15,0.043774505904688676,16,2.6222233366888549e-12,1.1368683772161603e-13,8.8817841970012523e-16,2.1220525336929086e-11,3.0997118018203932e-13,1.7763568394002505e-14,0.0044775879650842398,0.18210130103398114,3.3306690738754696e-16,8.2903647797591108e-14,3.1641356201816961e-14
quad,4,3,1.2,gll,coupled,0,shortwave,xxx,direct,239.32362335703829,0.66130480263565916,926.55990375973283,361.89609148943657,325.36998085745546,0.89805847063709898,444.34498408124887,286.04520419588687,0.003872102713054216,0,0,2.2204460492503131e-16,8.8817841970012523e-15,1.7745319013057181e-13,3.5527136788005009e-15,0.043774505904688676,16,2.6222233366888549e-12,1.1368683772161603e-13,8.8817841970012523e-16,2.1220525336929086e-11,3.0997118018203932e-13,1.7763568394002505e-14,0.0044775879650842398,0.18210130103398114,3.3306690738754696e-16,8.2903647797591108e-14,3.1641356201816961e-14
quad,4,3,1.2,gll,coupled,0,shortwave,xxx,fe_geometry,239.32362335695899,0.66130480263543989,926.55990375979718,361.89609148943657,325.36998085736275,0.89805847063684308,444.3449840809451,286.04520419570815,0.003872102713054216,1.9472083475726796e-10,5.3770641160488212e-13,2.2204460492503131e-16,8.8817841970012523e-15,1.7745319013057181e-13,3.5527136788005009e-15,0.043774505904688676,16,2.6222233366888549e-12,1.1368683772161603e-13,8.8817841970012523e-16,2.1220525336929086e-11,3.0997118018203932e-13,1.7763568394002505e-14,0.0044775879650842398,0.18210130103398114,3.3306690738754696e-16,8.2903647797591108e-14,3.1641356201816961e-14
quad,4,3,1.2,gll,coupled,0,shortwave,xxx,reused,239.32362335703667,0.66130480263565461,926.55990375969441,361.89609148943657,325.36998085743909,0.8980584706370538,444.34498408125501,286.04520419589295,0.003872102713054216,7.9628801690717809e-11,2.1988873081243045e-13,2.2204460492503131e-16,8.8817841970012523e-15,1.7745319013057181e-13,3.5527136788005009e-15,0.043774505904688676,16,2.6222233366888549e-12,1.1368683772161603e-13,8.8817841970012523e-16,2.1220525336929086e-11,3.0997118018203932e-13,1.7763568394002505e-14,0.0044775879650842398,0.18210130103398114,3.3306690738754696e-16,8.2903647797591108e-14,3.1641356201816961e-14
quad,4,3,1.2,gll,coupled,0,shortwave,xxx,reused_centered,239.32362335703147,0.66130480263564029,926.55990375969543,361.89609148943657,325.36998085742954,0.89805847063702748,444.34498408122488,286.04520419586981,0.003872102713054216,5.9264004185035284e-11,1.6365292942275981e-13,2.2204460492503131e-16,8.8817841970012523e-15,1.7745319013057181e-13,3.5527136788005009e-15,0.043774505904688676,16,2.6222233366888549e-12,1.1368683772161603e-13,8.8817841970012523e-16,2.1220525336929086e-11,3.0997118018203932e-13,1.7763568394002505e-14,0.0044775879650842398,0.18210130103398114,3.3306690738754696e-16,8.2903647797591108e-14,3.1641356201816961e-14
quad,4,3,1.2,gll,coupled,0,shortwave,xxy,recursive,66.954903173761025,0.24668186899798847,385.49201120008667,271.4220686170778,118.85186949487607,0.43739305787479099,151.24352649035805,103.21318808757313,0.003872102713054216,4.0920480539660513,0.013757348660252598,2.2204460492503131e-16,8.8817841970012523e-15,1.7745319013057181e-13,3.5527136788005009e-15,0.043774505904688676,16,2.6222233366888549e-12,1.1368683772161603e-13,8.8817841970012523e-16,2.1220525336929086e-11,3.0997118018203932e-13,1.7763568394002505e-14,0.0044775879650842398,0.18210130103398114,3.3306690738754696e-16,8.2903647797591108e-14,3.1641356201816961e-14
quad,4,3,1.2,gll,coupled,0,shortwave,xxy,direct,67.293291753289822,0.24792859363336142,390.02349558101076,271.4220686170778,119.84170705282321,0.44103581148152737,150.2595095202775,104.6730973186792,0.003872102713054216,0,0,2.2204460492503131e-16,8.8817841970012523e-15,1.7745319013057181e-13,3.5527136788005009e-15,0.043774505904688676,16,2.6222233366888549e-12,1.1368683772161603e-13,8.8817841970012523e-16,2.1220525336929086e-11,3.0997118018203932e-13,1.7763568394002505e-14,0.0044775879650842398,0.18210130103398114,3.3306690738754696e-16,8.2903647797591108e-14,3.1641356201816961e-14
quad,4,3,1.2,gll,coupled,0,shortwave,xxy,fe_geometry,67.293291753270481,0.24792859363329012,390.02349558104385,271.4220686170778,119.84170705279784,0.441035811481434,150.25950952024101,104.67309731866631,0.003872102713054216,6.804177259725875e-11,2.2875449572857718e-13,2.2204460492503131e-16,8.8817841970012523e-15,1.7745319013057181e-13,3.5527136788005009e-15,0.043774505904688676,16,2.6222233366888549e-12,1.1368683772161603e-13,8.8817841970012523e-16,2.1220525336929086e-11,3.0997118018203932e-13,1.7763568394002505e-14,0.0044775879650842398,0.18210130103398114,3.3306690738754696e-16,8.2903647797591108e-14,3.1641356201816961e-14
quad,4,3,1.2,gll,coupled,0,shortwave,xxy,reused,67.293291753290589,0.24792859363336422,390.02349558100622,271.4220686170778,119.84170705282651,0.44103581148153947,150.25950952026881,104.67309731866945,0.003872102713054216,2.7396976916526833e-11,9.2107853746303715e-14,2.2204460492503131e-16,8.8817841970012523e-15,1.7745319013057181e-13,3.5527136788005009e-15,0.043774505904688676,16,2.6222233366888549e-12,1.1368683772161603e-13,8.8817841970012523e-16,2.1220525336929086e-11,3.0997118018203932e-13,1.7763568394002505e-14,0.0044775879650842398,0.18210130103398114,3.3306690738754696e-16,8.2903647797591108e-14,3.1641356201816961e-14
quad,4,3,1.2,gll,coupled,0,shortwave,xxy,reused_centered,67.293291753289893,0.24792859363336164,390.02349558102225,271.4220686170778,119.84170705282577,0.44103581148153675,150.25950952026767,104.67309731866673,0.003872102713054216,2.9227797614503772e-11,9.8263020632006354e-14,2.2204460492503131e-16,8.8817841970012523e-15,1.7745319013057181e-13,3.5527136788005009e-15,0.043774505904688676,16,2.6222233366888549e-12,1.1368683772161603e-13,8.8817841970012523e-16,2.1220525336929086e-11,3.0997118018203932e-13,1.7763568394002505e-14,0.0044775879650842398,0.18210130103398114,3.3306690738754696e-16,8.2903647797591108e-14,3.1641356201816961e-14
quad,4,3,1.2,gll,coupled,0,shortwave,xyy,recursive,39.971555842744458,0.19635620663371753,324.05042669628415,203.56655146280821,75.25849154319053,0.36928367933429201,96.248067702094133,69.151129541412814,0.003872102713054216,9.5503633217763735,0.044007923296734003,2.2204460492503131e-16,8.8817841970012523e-15,1.7745319013057181e-13,3.5527136788005009e-15,0.043774505904688676,16,2.6222233366888549e-12,1.1368683772161603e-13,8.8817841970012523e-16,2.1220525336929086e-11,3.0997118018203932e-13,1.7763568394002505e-14,0.0044775879650842398,0.18210130103398114,3.3306690738754696e-16,8.2903647797591108e-14,3.1641356201816961e-14
quad,4,3,1.2,gll,coupled,0,shortwave,xyy,direct,41.391921824408108,0.20333361019759894,349.81661978451518,203.56655146280821,78.421217417465002,0.38480276593341106,94.531086778484692,69.469202247073,0.003872102713054216,0,0,2.2204460492503131e-16,8.8817841970012523e-15,1.7745319013057181e-13,3.5527136788005009e-15,0.043774505904688676,16,2.6222233366888549e-12,1.1368683772161603e-13,8.8817841970012523e-16,2.1220525336929086e-11,3.0997118018203932e-13,1.7763568394002505e-14,0.0044775879650842398,0.18210130103398114,3.3306690738754696e-16,8.2903647797591108e-14,3.1641356201816961e-14
quad,4,3,1.2,gll,coupled,0,shortwave,xyy,fe_geometry,41.391921824410531,0.20333361019761084,349.81661978446289,203.56655146280821,78.42121741747242,0.38480276593344748,94.531086778513156,69.469202247119455,0.003872102713054216,5.4603959155652406e-11,2.5161418107944677e-13,2.2204460492503131e-16,8.8817841970012523e-15,1.7745319013057181e-13,3.5527136788005009e-15,0.043774505904688676,16,2.6222233366888549e-12,1.1368683772161603e-13,8.8817841970012523e-16,2.1220525336929086e-11,3.0997118018203932e-13,1.7763568394002505e-14,0.0044775879650842398,0.18210130103398114,3.3306690738754696e-16,8.2903647797591108e-14,3.1641356201816961e-14
quad,4,3,1.2,gll,coupled,0,shortwave,xyy,reused,41.391921824411277,0.20333361019761451,349.81661978452763,203.56655146280821,78.421217417469819,0.38480276593343471,94.531086778482859,69.469202247073483,0.003872102713054216,2.4226691820978812e-11,1.116362131438724e-13,2.2204460492503131e-16,8.8817841970012523e-15,1.7745319013057181e-13,3.5527136788005009e-15,0.043774505904688676,16,2.6222233366888549e-12,1.1368683772161603e-13,8.8817841970012523e-16,2.1220525336929086e-11,3.0997118018203932e-13,1.7763568394002505e-14,0.0044775879650842398,0.18210130103398114,3.3306690738754696e-16,8.2903647797591108e-14,3.1641356201816961e-14
quad,4,3,1.2,gll,coupled,0,shortwave,xyy,reused_centered,41.391921824410431,0.20333361019761034,349.81661978452223,203.56655146280821,78.421217417469023,0.38480276593343082,94.531086778479676,69.469202247068694,0.003872102713054216,2.5579459258876953e-11,1.17869744124793e-13,2.2204460492503131e-16,8.8817841970012523e-15,1.7745319013057181e-13,3.5527136788005009e-15,0.043774505904688676,16,2.6222233366888549e-12,1.1368683772161603e-13,8.8817841970012523e-16,2.1220525336929086e-11,3.0997118018203932e-13,1.7763568394002505e-14,0.0044775879650842398,0.18210130103398114,3.3306690738754696e-16,8.2903647797591108e-14,3.1641356201816961e-14
quad,4,3,1.2,gll,coupled,0,shortwave,yyy,recursive,105.01584598429992,0.68783956388163459,491.74166139931702,152.67491359710641,141.9514164023532,0.92871630847913678,188.24156525052192,121.72023244196885,0.003872102713054216,7.4943432107045176,0.045805596609331728,2.2204460492503131e-16,8.8817841970012523e-15,1.7745319013057181e-13,3.5527136788005009e-15,0.043774505904688676,16,2.6222233366888549e-12,1.1368683772161603e-13,8.8817841970012523e-16,2.1220525336929086e-11,3.0997118018203932e-13,1.7763568394002505e-14,0.0044775879650842398,0.18210130103398114,3.3306690738754696e-16,8.2903647797591108e-14,3.1641356201816961e-14
quad,4,3,1.2,gll,coupled,0,shortwave,yyy,direct,104.96393478918498,0.68749955258644613,462.12200187437372,152.67491359710641,141.34884119855747,0.92477396374575249,189.42894626611385,122.62368445835453,0.003872102713054216,0,0,2.2204460492503131e-16,8.8817841970012523e-15,1.7745319013057181e-13,3.5527136788005009e-15,0.043774505904688676,16,2.6222233366888549e-12,1.1368683772161603e-13,8.8817841970012523e-16,2.1220525336929086e-11,3.0997118018203932e-13,1.7763568394002505e-14,0.0044775879650842398,0.18210130103398114,3.3306690738754696e-16,8.2903647797591108e-14,3.1641356201816961e-14
quad,4,3,1.2,gll,coupled,0,shortwave,yyy,fe_geometry,104.96393478919617,0.68749955258651951,462.12200187437577,152.67491359710641,141.34884119856824,0.92477396374582299,189.42894626614247,122.62368445839083,0.003872102713054216,5.6690183385563129e-11,3.4649169364956727e-13,2.2204460492503131e-16,8.8817841970012523e-15,1.7745319013057181e-13,3.5527136788005009e-15,0.043774505904688676,16,2.6222233366888549e-12,1.1368683772161603e-13,8.8817841970012523e-16,2.1220525336929086e-11,3.0997118018203932e-13,1.7763568394002505e-14,0.0044775879650842398,0.18210130103398114,3.3306690738754696e-16,8.2903647797591108e-14,3.1641356201816961e-14
quad,4,3,1.2,gll,coupled,0,shortwave,yyy,reused,104.96393478919485,0.68749955258651074,462.1220018744358,152.67491359710641,141.34884119856707,0.92477396374581544,189.42894626614404,122.62368445836728,0.003872102713054216,6.0421527873127968e-11,3.6929775624938539e-13,2.2204460492503131e-16,8.8817841970012523e-15,1.7745319013057181e-13,3.5527136788005009e-15,0.043774505904688676,16,2.6222233366888549e-12,1.1368683772161603e-13,8.8817841970012523e-16,2.1220525336929086e-11,3.0997118018203932e-13,1.7763568394002505e-14,0.0044775879650842398,0.18210130103398114,3.3306690738754696e-16,8.2903647797591108e-14,3.1641356201816961e-14
quad,4,3,1.2,gll,coupled,0,shortwave,yyy,reused_centered,104.96393478918959,0.68749955258647633,462.12200187439919,152.67491359710641,141.3488411985573,0.92477396374575138,189.42894626612019,122.62368445835266,0.003872102713054216,4.4088462516508703e-11,2.6946968832069189e-13,2.2204460492503131e-16,8.8817841970012523e-15,1.7745319013057181e-13,3.5527136788005009e-15,0.043774505904688676,16,2.6222233366888549e-12,1.1368683772161603e-13,8.8817841970012523e-16,2.1220525336929086e-11,3.0997118018203932e-13,1.7763568394002505e-14,0.0044775879650842398,0.18210130103398114,3.3306690738754696e-16,8.2903647797591108e-14,3.1641356201816961e-14
quad,4,3,1.2,gll,coupled,0,exponential,x,recursive,0.0001709519728310985,7.2966508508983882e-05,0.00092683108475588583,2.3428827324257995,0.0003986991580663317,0.00016572367353688767,0.00077394422266538671,0.00050224768413273608,2.7126208870072008e-06,7.5330930387958259e-06,3.2153016912683255e-06,2.2204460492503131e-16,8.8817841970012523e-15,1.7745319013057181e-13,3.5527136788005009e-15,0.043774505904688676,16,2.6222233366888549e-12,1.1368683772161603e-13,8.8817841970012523e-16,2.1220525336929086e-11,3.0997118018203932e-13,1.7763568394002505e-14,0.0044775879650842398,0.18210130103398114,3.3306690738754696e-16,8.2903647797591108e-14,3.1641356201816961e-14
quad,4,3,1.2,gll,coupled,0,exponential,x,direct,0.00017111932653892241,7.3037939189447607e-05,0.00093275247153412622,2.3428827324257995,0.00039920127254150744,0.00016593238292008714,0.00077880629588517199,0.00050683328729923143,2.7126208870072008e-06,0,0,2.2204460492503131e-16,8.8817841970012523e-15,1.7745319013057181e-13,3.5527136788005009e-15,0.043774505904688676,16,2.6222233366888549e-12,1.1368683772161603e-13,8.8817841970012523e-16,2.1220525336929086e-11,3.0997118018203932e-13,1.7763568394002505e-14,0.0044775879650842398,0.18210130103398114,3.3306690738754696e-16,8.2903647797591108e-14,3.1641356201816961e-14
quad,4,3,1.2,gll,coupled,0,exponential,x,fe_geometry,0.00017111932654800981,7.303793919332634e-05,0.00093275247148838503,2.3428827324257995,0.00039920127256307683,0.00016593238292905268,0.00077880629595470177,0.00050683328734609575,2.7126208870072008e-06,5.13725980912356e-14,2.1927035903701214e-14,2.2204460492503131e-16,8.8817841970012523e-15,1.7745319013057181e-13,3.5527136788005009e-15,0.043774505904688676,16,2.6222233366888549e-12,1.1368683772161603e-13,8.8817841970012523e-16,2.1220525336929086e-11,3.0997118018203932e-13,1.7763568394002505e-14,0.0044775879650842398,0.18210130103398114,3.3306690738754696e-16,8.2903647797591108e-14,3.1641356201816961e-14
quad,4,3,1.2,gll,coupled,0,exponential,x,reused,0.00017111932653641749,7.3037939188378448e-05,0.00093275247144131157,2.3428827324257995,0.00039920127253372217,0.0001659323829168511,0.00077880629588855915,0.00050683328730159716,2.7126208870072008e-06,4.089869889933083e-14,1.7456528820824589e-14,2.2204460492503131e-16,8.8817841970012523e-15,1.7745319013057181e-13,3.5527136788005009e-15,0.043774505904688676,16,2.6222233366888549e-12,1.1368683772161603e-13,8.8817841970012523e-16,2.1220525336929086e-11,3.0997118018203932e-13,1.7763568394002505e-14,0.0044775879650842398,0.18210130103398114,3.3306690738754696e-16,8.2903647797591108e-14,3.1641356201816961e-14
quad,4,3,1.2,gll,coupled,0,exponential,x,reused_centered,0.0001711193265384327,7.3037939189238586e-05,0.00093275247145285789,2.3428827324257995,0.00039920127253853993,0.00016593238291885367,0.00077880629589716381,0.00050683328730754748,2.7126208870072008e-06,3.4141482233617653e-14,1.4572389455806589e-14,2.2204460492503131e-16,8.8817841970012523e-15,1.7745319013057181e-13,3.5527136788005009e-15,0.043774505904688676,16,2.6222233366888549e-12,1.1368683772161603e-13,8.8817841970012523e-16,2.1220525336929086e-11,3.0997118018203932e-13,1.7763568394002505e-14,0.0044775879650842398,0.18210130103398114,3.3306690738754696e-16,8.2903647797591108e-14,3.1641356201816961e-14
quad,4,3,1.2,gll,coupled,0,exponential,y,recursive,0.0001117926781690315,9.5431731705395589e-05,0.0012575479175283011,1.1714413662128997,0.00027669904548515144,0.000230025980011328,0.00043417173912599241,0.00024179725600816473,2.7126208870072008e-06,1.5688390794262594e-05,1.339240388599738e-05,2.2204460492503131e-16,8.8817841970012523e-15,1.7745319013057181e-13,3.5527136788005009e-15,0.043774505904688676,16,2.6222233366888549e-12,1.1368683772161603e-13,8.8817841970012523e-16,2.1220525336929086e-11,3.0997118018203932e-13,1.7763568394002505e-14,0.0044775879650842398,0.18210130103398114,3.3306690738754696e-16,8.2903647797591108e-14,3.1641356201816961e-14
quad,4,3,1.2,gll,coupled,0,exponential,y,direct,0.00011290561313935303,9.6381787766604605e-05,0.0014253097149092842,1.1714413662128997,0.00028143159398291571,0.00023396025128516145,0.0004326208134730902,0.0002384033590316659,2.7126208870072008e-06,0,0,2.2204460492503131e-16,8.8817841970012523e-15,1.7745319013057181e-13,3.5527136788005009e-15,0.043774505904688676,16,2.6222233366888549e-12,1.1368683772161603e-13,8.8817841970012523e-16,2.1220525336929086e-11,3.0997118018203932e-13,1.7763568394002505e-14,0.0044775879650842398,0.18210130103398114,3.3306690738754696e-16,8.2903647797591108e-14,3.1641356201816961e-14
quad,4,3,1.2,gll,coupled,0,exponential,y,fe_geometry,0.0001129056131258197,9.6381787755051888e-05,0.0014253097148031468,1.1714413662128997,0.00028143159394633478,0.00023396025125475094,0.00043262081340861584,0.00023840335902405573,2.7126208870072008e-06,4.9750220212760129e-14,4.2469304292844227e-14,2.2204460492503131e-16,8.8817841970012523e-15,1.7745319013057181e-13,3.5527136788005009e-15,0.043774505904688676,16,2.6222233366888549e-12,1.1368683772161603e-13,8.8817841970012523e-16,2.1220525336929086e-11,3.0997118018203932e-13,1.7763568394002505e-14,0.0044775879650842398,0.18210130103398114,3.3306690738754696e-16,8.2903647797591108e-14,3.1641356201816961e-14
quad,4,3,1.2,gll,coupled,0,exponential,y,reused,0.0001129056131483647,9.6381787774297398e-05,0.0014253097150800365,1.1714413662128997,0.0002814315940083062,0.00023396025130626916,0.00043262081350476793,0.00023840335903955304,2.7126208870072008e-06,3.5153663960654089e-14,3.0008945595993404e-14,2.2204460492503131e-16,8.8817841970012523e-15,1.7745319013057181e-13,3.5527136788005009e-15,0.043774505904688676,16,2.6222233366888549e-12,1.1368683772161603e-13,8.8817841970012523e-16,2.1220525336929086e-11,3.0997118018203932e-13,1.7763568394002505e-14,0.0044775879650842398,0.18210130103398114,3.3306690738754696e-16,8.2903647797591108e-14,3.1641356201816961e-14
quad,4,3,1.2,gll,coupled,0,exponential,y,reused_centered,0.00011290561314674975,9.6381787772918795e-05,0.0014253097150713767,1.1714413662128997,0.00028143159400443013,0.00023396025130304688,0.00043262081349831492,0.0002384033590378506,2.7126208870072008e-06,3.082544226806757e-14,2.6314156641829135e-14,2.2204460492503131e-16,8.8817841970012523e-15,1.7745319013057181e-13,3.5527136788005009e-15,0.043774505904688676,16,2.6222233366888549e-12,1.1368683772161603e-13,8.8817841970012523e-16,2.1220525336929086e-11,3.0997118018203932e-13,1.7763568394002505e-14,0.0044775879650842398,0.18210130103398114,3.3306690738754696e-16,8.2903647797591108e-14,3.1641356201816961e-14
quad,4,3,1.2,gll,coupled,0,exponential,xx,recursive,0.0078431671504167327,0.0033476567315411424,0.033253049617083086,2.3428827324257995,0.014780987036458049,0.0061438792147522131,0.0062029113678865053,0.0027502944409175515,2.7126208870072008e-06,0.00032620394287227093,0.00013903642952490901,2.2204460492503131e-16,8.8817841970012523e-15,1.7745319013057181e-13,3.5527136788005009e-15,0.043774505904688676,16,2.6222233366888549e-12,1.1368683772161603e-13,8.8817841970012523e-16,2.1220525336929086e-11,3.0997118018203932e-13,1.7763568394002505e-14,0.0044775879650842398,0.18210130103398114,3.3306690738754696e-16,8.2903647797591108e-14,3.1641356201816961e-14
quad,4,3,1.2,gll,coupled,0,exponential,xx,direct,0.0078493059580163633,0.0033502769256783349,0.033743844423000269,2.3428827324257995,0.014798995045031498,0.0061513644408268042,0.0054810211958049426,0.0026073948565367737,2.7126208870072008e-06,0,0,2.2204460492503131e-16,8.8817841970012523e-15,1.7745319013057181e-13,3.5527136788005009e-15,0.043774505904688676,16,2.6222233366888549e-12,1.1368683772161603e-13,8.8817841970012523e-16,2.1220525336929086e-11,3.0997118018203932e-13,1.7763568394002505e-14,0.0044775879650842398,0.18210130103398114,3.3306690738754696e-16,8.2903647797591108e-14,3.1641356201816961e-14
quad,4,3,1.2,gll,coupled,0,exponential,xx,fe_geometry,0.0078493059588494608,0.0033502769260339211,0.033743844423424818,2.3428827324257995,0.014798995046729367,0.0061513644415325426,0.0054810211930579385,0.0026073948554768828,2.7126208870072008e-06,2.0568867182779522e-12,8.7669751238584399e-13,2.2204460492503131e-16,8.8817841970012523e-15,1.7745319013057181e-13,3.5527136788005009e-15,0.043774505904688676,16,2.6222233366888549e-12,1.1368683772161603e-13,8.8817841970012523e-16,2.1220525336929086e-11,3.0997118018203932e-13,1.7763568394002505e-14,0.0044775879650842398,0.18210130103398114,3.3306690738754696e-16,8.2903647797591108e-14,3.1641356201816961e-14
quad,4,3,1.2,gll,coupled,0,exponential,xx,reused,0.007849305957427161,0.0033502769254268481,0.033743844419541702,2.3428827324257995,0.014798995043810943,0.006151364440319467,0.005481021194376213,0.0026073948559950499,2.7126208870072008e-06,1.4651187793178657e-12,6.2447094327738473e-13,2.2204460492503131e-16,8.8817841970012523e-15,1.7745319013057181e-13,3.5527136788005009e-15,0.043774505904688676,16,2.6222233366888549e-12,1.1368683772161603e-13,8.8817841970012523e-16,2.1220525336929086e-11,3.0997118018203932e-13,1.7763568394002505e-14,0.0044775879650842398,0.18210130103398114,3.3306690738754696e-16,8.2903647797591108e-14,3.1641356201816961e-14
quad,4,3,1.2,gll,coupled,0,exponential,xx,reused_centered,0.0078493059576665494,0.0033502769255290255,0.033743844420164759,2.3428827324257995,0.014798995044260689,0.0061513644405064094,0.0054810211941766288,0.0026073948559258704,2.7126208870072008e-06,1.1889276743138647e-12,5.0675125917984531e-13,2.2204460492503131e-16,8.8817841970012523e-15,1.7745319013057181e-13,3.5527136788005009e-15,0.043774505904688676,16,2.6222233366888549e-12,1.1368683772161603e-13,8.8817841970012523e-16,2.1220525336929086e-11,3.0997118018203932e-13,1.7763568394002505e-14,0.0044775879650842398,0.18210130103398114,3.3306690738754696e-16,8.2903647797591108e-14,3.1641356201816961e-14
quad,4,3,1.2,gll,coupled,0,exponential,xy,recursive,0.0013547075905319577,0.0011564450681057397,0.020897134287734653,1.1714413662128997,0.0031647381508281766,0.0026309161759018596,0.0052462902845448493,0.0028180565684364713,2.7126208870072008e-06,0.00056021863553977849,0.00047821509430977542,2.2204460492503131e-16,8.8817841970012523e-15,1.7745319013057181e-13,3.5527136788005009e-15,0.043774505904688676,16,2.6222233366888549e-12,1.1368683772161603e-13,8.8817841970012523e-16,2.1220525336929086e-11,3.0997118018203932e-13,1.7763568394002505e-14,0.0044775879650842398,0.18210130103398114,3.3306690738754696e-16,8.2903647797591108e-14,3.1641356201816961e-14
quad,4,3,1.2,gll,coupled,0,exponential,xy,direct,0.0014579869443205756,0.0012446094071562764,0.020183312841435264,1.1714413662128997,0.0034434752961216759,0.0028626364729461727,0.005680251111531533,0.0037121693310493637,2.7126208870072008e-06,0,0,2.2204460492503131e-16,8.8817841970012523e-15,1.7745319013057181e-13,3.5527136788005009e-15,0.043774505904688676,16,2.6222233366888549e-12,1.1368683772161603e-13,8.8817841970012523e-16,2.1220525336929086e-11,3.0997118018203932e-13,1.7763568394002505e-14,0.0044775879650842398,0.18210130103398114,3.3306690738754696e-16,8.2903647797591108e-14,3.1641356201816961e-14
quad,4,3,1.2,gll,coupled,0,exponential,xy,fe_geometry,0.001457986944360396,0.001244609407190269,0.020183312832725786,1.1714413662128997,0.0034434752960279575,0.0028626364728682628,0.0056802511117315987,0.0037121693310986233,2.7126208870072008e-06,5.3838268065764801e-13,4.5957543728865408e-13,2.2204460492503131e-16,8.8817841970012523e-15,1.7745319013057181e-13,3.5527136788005009e-15,0.043774505904688676,16,2.6222233366888549e-12,1.1368683772161603e-13,8.8817841970012523e-16,2.1220525336929086e-11,3.0997118018203932e-13,1.7763568394002505e-14,0.0044775879650842398,0.18210130103398114,3.3306690738754696e-16,8.2903647797591108e-14,3.1641356201816961e-14
quad,4,3,1.2,gll,coupled,0,exponential,xy,reused,0.0014579869443335336,0.0012446094071673379,0.020183312844766821,1.1714413662128997,0.0034434752962069644,0.0028626364730170752,0.0056802511116669577,0.0037121693311023599,2.7126208870072008e-06,2.8586878016838665e-13,2.440239524283704e-13,2.2204460492503131e-16,8.8817841970012523e-15,1.7745319013057181e-13,3.5527136788005009e-15,0.043774505904688676,16,2.6222233366888549e-12,1.1368683772161603e-13,8.8817841970012523e-16,2.1220525336929086e-11,3.0997118018203932e-13,1.7763568394002505e-14,0.0044775879650842398,0.18210130103398114,3.3306690738754696e-16,8.2903647797591108e-14,3.1641356201816961e-14
quad,4,3,1.2,gll,coupled,0,exponential,xy,reused_centered,0.0014579869443522425,0.0012446094071833088,0.020183312846140389,1.1714413662128997,0.0034434752962560688,0.0028626364730578967,0.0056802511116973084,0.0037121693311053991,2.7126208870072008e-06,2.9472420970633515e-13,2.5158314414923008e-13,2.2204460492503131e-16,8.8817841970012523e-15,1.7745319013057181e-13,3.5527136788005009e-15,0.043774505904688676,16,2.6222233366888549e-12,1.1368683772161603e-13,8.8817841970012523e-16,2.1220525336929086e-11,3.0997118018203932e-13,1.7763568394002505e-14,0.0044775879650842398,0.18210130103398114,3.3306690738754696e-16,8.2903647797591108e-14,3.1641356201816961e-14
quad,4,3,1.2,gll,coupled,0,exponential,yy,recursive,0.0059064340342458365,0.010084045526479029,0.055924779228877508,0.58572068310644987,0.011625677587013912,0.01932936107936168,0.0062652283619020963,0.0039883862327867482,2.7126208870072008e-06,0.00050060247012793176,0.00085675060901764099,2.2204460492503131e-16,8.8817841970012523e-15,1.7745319013057181e-13,3.5527136788005009e-15,0.043774505904688676,16,2.6222233366888549e-12,1.1368683772161603e-13,8.8817841970012523e-16,2.1220525336929086e-11,3.0997118018203932e-13,1.7763568394002505e-14,0.0044775879650842398,0.18210130103398114,3.3306690738754696e-16,8.2903647797591108e-14,3.1641356201816961e-14
quad,4,3,1.2,gll,coupled,0,exponential,yy,direct,0.0059764137192169159,0.010203521732441113,0.065123431048409675,0.58572068310644987,0.011933268401545247,0.01984077504850636,0.0049908668790495797,0.0033933695330637162,2.7126208870072008e-06,0,0,2.2204460492503131e-16,8.8817841970012523e-15,1.7745319013057181e-13,3.5527136788005009e-15,0.043774505904688676,16,2.6222233366888549e-12,1.1368683772161603e-13,8.8817841970012523e-16,2.1220525336929086e-11,3.0997118018203932e-13,1.7763568394002505e-14,0.0044775879650842398,0.18210130103398114,3.3306690738754696e-16,8.2903647797591108e-14,3.1641356201816961e-14
quad,4,3,1.2,gll,coupled,0,exponential,yy,fe_geometry,0.0059764137189002491,0.010203521731900467,0.065123431042428903,0.58572068310644987,0.011933268400852718,0.01984077504735493,0.0049908668800115767,0.0033933695337086058,2.7126208870072008e-06,9.5772842678590445e-13,1.6390938157229602e-12,2.2204460492503131e-16,8.8817841970012523e-15,1.7745319013057181e-13,3.5527136788005009e-15,0.043774505904688676,16,2.6222233366888549e-12,1.1368683772161603e-13,8.8817841970012523e-16,2.1220525336929086e-11,3.0997118018203932e-13,1.7763568394002505e-14,0.0044775879650842398,0.18210130103398114,3.3306690738754696e-16,8.2903647797591108e-14,3.1641356201816961e-14
quad,4,3,1.2,gll,coupled,0,exponential,yy,reused,0.0059764137198189942,0.010203521733469041,0.065123431055106651,0.58572068310644987,0.0119332684028082,0.019840775050606198,0.0049908668777255529,0.0033933695319814331,2.7126208870072008e-06,1.3349095910140607e-12,2.2846163839193831e-12,2.2204460492503131e-16,8.8817841970012523e-15,1.7745319013057181e-13,3.5527136788005009e-15,0.043774505904688676,16,2.6222233366888549e-12,1.1368683772161603e-13,8.8817841970012523e-16,2.1220525336929086e-11,3.0997118018203932e-13,1.7763568394002505e-14,0.0044775879650842398,0.18210130103398114,3.3306690738754696e-16,8.2903647797591108e-14,3.1641356201816961e-14
quad,4,3,1.2,gll,coupled,0,exponential,yy,reused_centered,0.0059764137196346365,0.010203521733154287,0.06512343105550622,0.58572068310644987,0.011933268402453795,0.01984077505001695,0.00499086687754786,0.0033933695318425446,2.7126208870072008e-06,1.0864694016082952e-12,1.8594261455982413e-12,2.2204460492503131e-16,8.8817841970012523e-15,1.7745319013057181e-13,3.5527136788005009e-15,0.043774505904688676,16,2.6222233366888549e-12,1.1368683772161603e-13,8.8817841970012523e-16,2.1220525336929086e-11,3.0997118018203932e-13,1.7763568394002505e-14,0.0044775879650842398,0.18210130103398114,3.3306690738754696e-16,8.2903647797591108e-14,3.1641356201816961e-14
quad,4,3,1.2,gll,coupled,0,exponential,xxx,recursive,0.20741441170131913,0.088529574626453514,0.74845363314143842,2.3428827324257995,0.30850140369846629,0.12823198865067673,0.52138581494699043,0.33567558517441204,2.7126208870072008e-06,0.019071864963101381,0.008031220814390819,2.2204460492503131e-16,8.8817841970012523e-15,1.7745319013057181e-13,3.5527136788005009e-15,0.043774505904688676,16,2.6222233366888549e-12,1.1368683772161603e-13,8.8817841970012523e-16,2.1220525336929086e-11,3.0997118018203932e-13,1.7763568394002505e-14,0.0044775879650842398,0.18210130103398114,3.3306690738754696e-16,8.2903647797591108e-14,3.1641356201816961e-14
quad,4,3,1.2,gll,coupled,0,exponential,xxx,direct,0.20781255010450478,0.088699509893667414,0.74949143867070811,2.3428827324257995,0.30927189529495119,0.12855225192491604,0.54116662255319459,0.35032362988583415,2.7126208870072008e-06,0,0,2.2204460492503131e-16,8.8817841970012523e-15,1.7745319013057181e-13,3.5527136788005009e-15,0.043774505904688676,16,2.6222233366888549e-12,1.1368683772161603e-13,8.8817841970012523e-16,2.1220525336929086e-11,3.0997118018203932e-13,1.7763568394002505e-14,0.0044775879650842398,0.18210130103398114,3.3306690738754696e-16,8.2903647797591108e-14,3.1641356201816961e-14
quad,4,3,1.2,gll,coupled,0,exponential,xxx,fe_geometry,0.20781255013720598,0.08869950990762511,0.74949143881016189,2.3428827324257995,0.30927189534507721,0.12855225194575148,0.54116662263284332,0.35032362993194727,2.7126208870072008e-06,6.1310906581741739e-11,2.5818210753962008e-11,2.2204460492503131e-16,8.8817841970012523e-15,1.7745319013057181e-13,3.5527136788005009e-15,0.043774505904688676,16,2.6222233366888549e-12,1.1368683772161603e-13,8.8817841970012523e-16,2.1220525336929086e-11,3.0997118018203932e-13,1.7763568394002505e-14,0.0044775879650842398,0.18210130103398114,3.3306690738754696e-16,8.2903647797591108e-14,3.1641356201816961e-14
quad,4,3,1.2,gll,coupled,0,exponential,xxx,reused,0.20781255008147986,0.08869950988383983,0.74949143840151811,2.3428827324257995,0.30927189526135596,0.12855225191095182,0.5411666225020848,0.35032362985643456,2.7126208870072008e-06,4.1207349862817202e-11,1.735254137780584e-11,2.2204460492503131e-16,8.8817841970012523e-15,1.7745319013057181e-13,3.5527136788005009e-15,0.043774505904688676,16,2.6222233366888549e-12,1.1368683772161603e-13,8.8817841970012523e-16,2.1220525336929086e-11,3.0997118018203932e-13,1.7763568394002505e-14,0.0044775879650842398,0.18210130103398114,3.3306690738754696e-16,8.2903647797591108e-14,3.1641356201816961e-14
quad,4,3,1.2,gll,coupled,0,exponential,xxx,reused_centered,0.20781255008999117,0.088699509887472661,0.74949143850401567,2.3428827324257995,0.30927189527139998,0.12855225191512673,0.54116662252404935,0.35032362986969279,2.7126208870072008e-06,3.0840826945507719e-11,1.2987166791343968e-11,2.2204460492503131e-16,8.8817841970012523e-15,1.7745319013057181e-13,3.5527136788005009e-15,0.043774505904688676,16,2.6222233366888549e-12,1.1368683772161603e-13,8.8817841970012523e-16,2.1220525336929086e-11,3.0997118018203932e-13,1.7763568394002505e-14,0.0044775879650842398,0.18210130103398114,3.3306690738754696e-16,8.2903647797591108e-14,3.1641356201816961e-14
quad,4,3,1.2,gll,coupled,0,exponential,xxy,recursive,0.057233700850057294,0.04885750367095671,0.60493824431670662,1.1714413662128997,0.11198853294218852,0.093098521517813435,0.036532881649107694,0.022515362852426214,2.7126208870072008e-06,0.0075215761102078423,0.0064392846822332317,2.2204460492503131e-16,8.8817841970012523e-15,1.7745319013057181e-13,3.5527136788005009e-15,0.043774505904688676,16,2.6222233366888549e-12,1.1368683772161603e-13,8.8817841970012523e-16,2.1220525336929086e-11,3.0997118018203932e-13,1.7763568394002505e-14,0.0044775879650842398,0.18210130103398114,3.3306690738754696e-16,8.2903647797591108e-14,3.1641356201816961e-14
quad,4,3,1.2,gll,coupled,0,exponential,xxy,direct,0.057661586569542934,0.049222767978524179,0.64553301648135175,1.1714413662128997,0.11341771431305797,0.09428663131006719,0.048633942113865271,0.034674764042514343,2.7126208870072008e-06,0,0,2.2204460492503131e-16,8.8817841970012523e-15,1.7745319013057181e-13,3.5527136788005009e-15,0.043774505904688676,16,2.6222233366888549e-12,1.1368683772161603e-13,8.8817841970012523e-16,2.1220525336929086e-11,3.0997118018203932e-13,1.7763568394002505e-14,0.0044775879650842398,0.18210130103398114,3.3306690738754696e-16,8.2903647797591108e-14,3.1641356201816961e-14
quad,4,3,1.2,gll,coupled,0,exponential,xxy,fe_geometry,0.057661586569167034,0.04922276797820329,0.64553301620110148,1.1714413662128997,0.11341771430254917,0.094286631301330998,0.048633942106793289,0.034674764051669811,2.7126208870072008e-06,2.1413390029929953e-11,1.8332183626684533e-11,2.2204460492503131e-16,8.8817841970012523e-15,1.7745319013057181e-13,3.5527136788005009e-15,0.043774505904688676,16,2.6222233366888549e-12,1.1368683772161603e-13,8.8817841970012523e-16,2.1220525336929086e-11,3.0997118018203932e-13,1.7763568394002505e-14,0.0044775879650842398,0.18210130103398114,3.3306690738754696e-16,8.2903647797591108e-14,3.1641356201816961e-14
quad,4,3,1.2,gll,coupled,0,exponential,xxy,reused,0.057661586569781619,0.049222767978727933,0.6455330165436719,1.1714413662128997,0.11341771431598019,0.094286631312496497,0.048633942119466679,0.034674764041249369,2.7126208870072008e-06,1.1436114222943123e-11,9.79055374313461e-12,2.2204460492503131e-16,8.8817841970012523e-15,1.7745319013057181e-13,3.5527136788005009e-15,0.043774505904688676,16,2.6222233366888549e-12,1.1368683772161603e-13,8.8817841970012523e-16,2.1220525336929086e-11,3.0997118018203932e-13,1.7763568394002505e-14,0.0044775879650842398,0.18210130103398114,3.3306690738754696e-16,8.2903647797591108e-14,3.1641356201816961e-14
quad,4,3,1.2,gll,coupled,0,exponential,xxy,reused_centered,0.057661586570884486,0.049222767979669395,0.64553301662288609,1.1714413662128997,0.11341771431914897,0.094286631315130778,0.0486339421224984,0.03467476404246584,2.7126208870072008e-06,1.2919598254521249e-11,1.106057692190886e-11,2.2204460492503131e-16,8.8817841970012523e-15,1.7745319013057181e-13,3.5527136788005009e-15,0.043774505904688676,16,2.6222233366888549e-12,1.1368683772161603e-13,8.8817841970012523e-16,2.1220525336929086e-11,3.0997118018203932e-13,1.7763568394002505e-14,0.0044775879650842398,0.18210130103398114,3.3306690738754696e-16,8.2903647797591108e-14,3.1641356201816961e-14
quad,4,3,1.2,gll,coupled,0,exponential,xyy,recursive,0.02569669774069332,0.04387193159102281,0.46495777747982908,0.58572068310644987,0.054650081875725447,0.090863621297440716,0.039622106882872758,0.02239637279535588,2.7126208870072008e-06,0.029188238394505236,0.049999070290247721,2.2204460492503131e-16,8.8817841970012523e-15,1.7745319013057181e-13,3.5527136788005009e-15,0.043774505904688676,16,2.6222233366888549e-12,1.1368683772161603e-13,8.8817841970012523e-16,2.1220525336929086e-11,3.0997118018203932e-13,1.7763568394002505e-14,0.0044775879650842398,0.18210130103398114,3.3306690738754696e-16,8.2903647797591108e-14,3.1641356201816961e-14
quad,4,3,1.2,gll,coupled,0,exponential,xyy,direct,0.036440307459130787,0.062214479546572651,0.44383360832342544,0.58572068310644987,0.07454951423601186,0.1239492896799842,0.046281849356966831,0.029984890431747568,2.7126208870072008e-06,0,0,2.2204460492503131e-16,8.8817841970012523e-15,1.7745319013057181e-13,3.5527136788005009e-15,0.043774505904688676,16,2.6222233366888549e-12,1.1368683772161603e-13,8.8817841970012523e-16,2.1220525336929086e-11,3.0997118018203932e-13,1.7763568394002505e-14,0.0044775879650842398,0.18210130103398114,3.3306690738754696e-16,8.2903647797591108e-14,3.1641356201816961e-14
quad,4,3,1.2,gll,coupled,0,exponential,xyy,fe_geometry,0.036440307455485765,0.062214479540349518,0.44383360799651833,0.58572068310644987,0.074549514220442564,0.123949289654098,0.046281849338084546,0.029984890421758739,2.7126208870072008e-06,1.8235337911888408e-11,3.1236895139055974e-11,2.2204460492503131e-16,8.8817841970012523e-15,1.7745319013057181e-13,3.5527136788005009e-15,0.043774505904688676,16,2.6222233366888549e-12,1.1368683772161603e-13,8.8817841970012523e-16,2.1220525336929086e-11,3.0997118018203932e-13,1.7763568394002505e-14,0.0044775879650842398,0.18210130103398114,3.3306690738754696e-16,8.2903647797591108e-14,3.1641356201816961e-14
quad,4,3,1.2,gll,coupled,0,exponential,xyy,reused,0.036440307460677078,0.06221447954921263,0.44383360833423569,0.58572068310644987,0.074549514240567161,0.12394928968755804,0.046281849363393371,0.029984890434563084,2.7126208870072008e-06,8.9189856227615879e-12,1.5278105620588431e-11,2.2204460492503131e-16,8.8817841970012523e-15,1.7745319013057181e-13,3.5527136788005009e-15,0.043774505904688676,16,2.6222233366888549e-12,1.1368683772161603e-13,8.8817841970012523e-16,2.1220525336929086e-11,3.0997118018203932e-13,1.7763568394002505e-14,0.0044775879650842398,0.18210130103398114,3.3306690738754696e-16,8.2903647797591108e-14,3.1641356201816961e-14
quad,4,3,1.2,gll,coupled,0,exponential,xyy,reused_centered,0.036440307461477944,0.062214479550579953,0.44383360844618913,0.58572068310644987,0.074549514243697393,0.12394928969276249,0.046281849363929754,0.029984890434495169,2.7126208870072008e-06,1.0961487961018443e-11,1.8776885389282002e-11,2.2204460492503131e-16,8.8817841970012523e-15,1.7745319013057181e-13,3.5527136788005009e-15,0.043774505904688676,16,2.6222233366888549e-12,1.1368683772161603e-13,8.8817841970012523e-16,2.1220525336929086e-11,3.0997118018203932e-13,1.7763568394002505e-14,0.0044775879650842398,0.18210130103398114,3.3306690738754696e-16,8.2903647797591108e-14,3.1641356201816961e-14
quad,4,3,1.2,gll,coupled,0,exponential,yyy,recursive,0.17915250799378143,0.61173358961347091,1.3912732051100747,0.29286034155322493,0.27318839164876352,0.90842998618291282,0.34046682503373688,0.15127874295865087,2.7126208870072008e-06,0.023920135757615195,0.072023292808243752,2.2204460492503131e-16,8.8817841970012523e-15,1.7745319013057181e-13,3.5527136788005009e-15,0.043774505904688676,16,2.6222233366888549e-12,1.1368683772161603e-13,8.8817841970012523e-16,2.1220525336929086e-11,3.0997118018203932e-13,1.7763568394002505e-14,0.0044775879650842398,0.18210130103398114,3.3306690738754696e-16,8.2903647797591108e-14,3.1641356201816961e-14
quad,4,3,1.2,gll,coupled,0,exponential,yyy,direct,0.18649144703043546,0.63679310773644715,1.7302704118488834,0.29286034155322493,0.29461157815127886,0.97966824378609652,0.34390152463004608,0.16049425673550849,2.7126208870072008e-06,0,0,2.2204460492503131e-16,8.8817841970012523e-15,1.7745319013057181e-13,3.5527136788005009e-15,0.043774505904688676,16,2.6222233366888549e-12,1.1368683772161603e-13,8.8817841970012523e-16,2.1220525336929086e-11,3.0997118018203932e-13,1.7763568394002505e-14,0.0044775879650842398,0.18210130103398114,3.3306690738754696e-16,8.2903647797591108e-14,3.1641356201816961e-14
quad,4,3,1.2,gll,coupled,0,exponential,yyy,fe_geometry,0.18649144702713347,0.63679310772517217,1.7302704115055052,0.29286034155322493,0.29461157814028066,0.97966824374952433,0.34390152461824275,0.16049425672676187,2.7126208870072008e-06,1.428225336234068e-11,4.3003723988059096e-11,2.2204460492503131e-16,8.8817841970012523e-15,1.7745319013057181e-13,3.5527136788005009e-15,0.043774505904688676,16,2.6222233366888549e-12,1.1368683772161603e-13,8.8817841970012523e-16,2.1220525336929086e-11,3.0997118018203932e-13,1.7763568394002505e-14,0.0044775879650842398,0.18210130103398114,3.3306690738754696e-16,8.2903647797591108e-14,3.1641356201816961e-14
quad,4,3,1.2,gll,coupled,0,exponential,yyy,reused,0.18649144704909837,0.6367931078001734,1.7302704119610075,0.29286034155322493,0.29461157818029571,0.97966824388258589,0.34390152466605817,0.16049425674625412,2.7126208870072008e-06,3.0970285408084276e-11,9.3251223860266198e-11,2.2204460492503131e-16,8.8817841970012523e-15,1.7745319013057181e-13,3.5527136788005009e-15,0.043774505904688676,16,2.6222233366888549e-12,1.1368683772161603e-13,8.8817841970012523e-16,2.1220525336929086e-11,3.0997118018203932e-13,1.7763568394002505e-14,0.0044775879650842398,0.18210130103398114,3.3306690738754696e-16,8.2903647797591108e-14,3.1641356201816961e-14
quad,4,3,1.2,gll,coupled,0,exponential,yyy,reused_centered,0.18649144704325873,0.63679310778023335,1.730270412063394,0.29286034155322493,0.29461157817452399,0.97966824386339313,0.34390152465227125,0.1604942567433727,2.7126208870072008e-06,2.3038426548742104e-11,6.9368475077864663e-11,2.2204460492503131e-16,8.8817841970012523e-15,1.7745319013057181e-13,3.5527136788005009e-15,0.043774505904688676,16,2.6222233366888549e-12,1.1368683772161603e-13,8.8817841970012523e-16,2.1220525336929086e-11,3.0997118018203932e-13,1.7763568394002505e-14,0.0044775879650842398,0.18210130103398114,3.3306690738754696e-16,8.2903647797591108e-14,3.1641356201816961e-14
quad,4,3,1.2,gll,coupled,0,constant,x,recursive,4.3047412778390698e-14,nan,5.154228244653115e-13,0,8.8287036284131314e-14,nan,1.362491472656557e-13,9.8576217537821523e-14,1.2004179542465099e-15,1.6141811802861107e-14,nan,2.2204460492503131e-16,8.8817841970012523e-15,1.7745319013057181e-13,3.5527136788005009e-15,0.043774505904688676,16,2.6222233366888549e-12,1.1368683772161603e-13,8.8817841970012523e-16,2.1220525336929086e-11,3.0997118018203932e-13,1.7763568394002505e-14,0.0044775879650842398,0.18210130103398114,3.3306690738754696e-16,8.2903647797591108e-14,3.1641356201816961e-14
quad,4,3,1.2,gll,coupled,0,constant,x,direct,4.2840469215251598e-14,nan,4.6954066269632172e-13,0,8.7073166718835906e-14,nan,1.2552459901108135e-13,9.1870197188588029e-14,1.2004179542465099e-15,0,nan,2.2204460492503131e-16,8.8817841970012523e-15,1.7745319013057181e-13,3.5527136788005009e-15,0.043774505904688676,16,2.6222233366888549e-12,1.1368683772161603e-13,8.8817841970012523e-16,2.1220525336929086e-11,3.0997118018203932e-13,1.7763568394002505e-14,0.0044775879650842398,0.18210130103398114,3.3306690738754696e-16,8.2903647797591108e-14,3.1641356201816961e-14
quad,4,3,1.2,gll,coupled,0,constant,x,fe_geometry,4.2840469215251112e-14,nan,4.6954066269633646e-13,0,8.7073166718834126e-14,nan,1.2552459901107832e-13,9.1870197188586426e-14,1.2004179542465099e-15,1.1200314843796178e-27,nan,2.2204460492503131e-16,8.8817841970012523e-15,1.7745319013057181e-13,3.5527136788005009e-15,0.043774505904688676,16,2.6222233366888549e-12,1.1368683772161603e-13,8.8817841970012523e-16,2.1220525336929086e-11,3.0997118018203932e-13,1.7763568394002505e-14,0.0044775879650842398,0.18210130103398114,3.3306690738754696e-16,8.2903647797591108e-14,3.1641356201816961e-14
quad,4,3,1.2,gll,coupled,0,constant,x,reused,4.1842769597080951e-14,nan,4.4462569709029287e-13,0,8.5149776427149246e-14,nan,1.2462385004580266e-13,9.2075308675108383e-14,1.2004179542465099e-15,1.2066703735319913e-14,nan,2.2204460492503131e-16,8.8817841970012523e-15,1.7745319013057181e-13,3.5527136788005009e-15,0.043774505904688676,16,2.6222233366888549e-12,1.1368683772161603e-13,8.8817841970012523e-16,2.1220525336929086e-11,3.0997118018203932e-13,1.7763568394002505e-14,0.0044775879650842398,0.18210130103398114,3.3306690738754696e-16,8.2903647797591108e-14,3.1641356201816961e-14
quad,4,3,1.2,gll,coupled,0,constant,x,reused_centered,4.1779324480838737e-14,nan,4.4547414409760214e-13,0,8.5078387636229834e-14,nan,1.2455848611993951e-13,9.1980282078262653e-14,1.2004179542465099e-15,1.1098527562635559e-14,nan,2.2204460492503131e-16,8.8817841970012523e-15,1.7745319013057181e-13,3.5527136788005009e-15,0.043774505904688676,16,2.6222233366888549e-12,1.1368683772161603e-13,8.8817841970012523e-16,2.1220525336929086e-11,3.0997118018203932e-13,1.7763568394002505e-14,0.0044775879650842398,0.18210130103398114,3.3306690738754696e-16,8.2903647797591108e-14,3.1641356201816961e-14
quad,4,3,1.2,gll,coupled,0,constant,y,recursive,4.2214003443722953e-14,nan,3.6265339277842524e-13,0,8.5813951792314845e-14,nan,1.2809938707833999e-13,9.6195252132447227e-14,1.2004179542465099e-15,1.400671530553026e-14,nan,2.2204460492503131e-16,8.8817841970012523e-15,1.7745319013057181e-13,3.5527136788005009e-15,0.043774505904688676,16,2.6222233366888549e-12,1.1368683772161603e-13,8.8817841970012523e-16,2.1220525336929086e-11,3.0997118018203932e-13,1.7763568394002505e-14,0.0044775879650842398,0.18210130103398114,3.3306690738754696e-16,8.2903647797591108e-14,3.1641356201816961e-14
quad,4,3,1.2,gll,coupled,0,constant,y,direct,4.1739264010416833e-14,nan,3.3678925506696587e-13,0,8.3242936407866226e-14,nan,1.1845593961724326e-13,8.7949995519598685e-14,1.2004179542465099e-15,0,nan,2.2204460492503131e-16,8.8817841970012523e-15,1.7745319013057181e-13,3.5527136788005009e-15,0.043774505904688676,16,2.6222233366888549e-12,1.1368683772161603e-13,8.8817841970012523e-16,2.1220525336929086e-11,3.0997118018203932e-13,1.7763568394002505e-14,0.0044775879650842398,0.18210130103398114,3.3306690738754696e-16,8.2903647797591108e-14,3.1641356201816961e-14
quad,4,3,1.2,gll,coupled,0,constant,y,fe_geometry,4.1739264010416707e-14,nan,3.3678925506694502e-13,0,8.3242936407865923e-14,nan,1.184559396172427e-13,8.7949995519598155e-14,1.2004179542465099e-15,1.0980030194198339e-27,nan,2.2204460492503131e-16,8.8817841970012523e-15,1.7745319013057181e-13,3.5527136788005009e-15,0.043774505904688676,16,2.6222233366888549e-12,1.1368683772161603e-13,8.8817841970012523e-16,2.1220525336929086e-11,3.0997118018203932e-13,1.7763568394002505e-14,0.0044775879650842398,0.18210130103398114,3.3306690738754696e-16,8.2903647797591108e-14,3.1641356201816961e-14
quad,4,3,1.2,gll,coupled,0,constant,y,reused,4.0913982629947743e-14,nan,3.4574858813310387e-13,0,8.2488081133380333e-14,nan,1.1875263560164317e-13,8.9374202551078162e-14,1.2004179542465099e-15,9.7730339117962318e-15,nan,2.2204460492503131e-16,8.8817841970012523e-15,1.7745319013057181e-13,3.5527136788005009e-15,0.043774505904688676,16,2.6222233366888549e-12,1.1368683772161603e-13,8.8817841970012523e-16,2.1220525336929086e-11,3.0997118018203932e-13,1.7763568394002505e-14,0.0044775879650842398,0.18210130103398114,3.3306690738754696e-16,8.2903647797591108e-14,3.1641356201816961e-14
quad,4,3,1.2,gll,coupled,0,constant,y,reused_centered,4.0926365667819022e-14,nan,3.4630406518142402e-13,0,8.2432024273725997e-14,nan,1.1862267698796301e-13,8.9402937291467277e-14,1.2004179542465099e-15,9.8803158834218541e-15,nan,2.2204460492503131e-16,8.8817841970012523e-15,1.7745319013057181e-13,3.5527136788005009e-15,0.043774505904688676,16,2.6222233366888549e-12,1.1368683772161603e-13,8.8817841970012523e-16,2.1220525336929086e-11,3.0997118018203932e-13,1.7763568394002505e-14,0.0044775879650842398,0.18210130103398114,3.3306690738754696e-16,8.2903647797591108e-14,3.1641356201816961e-14
quad,4,3,1.2,gll,coupled,0,constant,xx,recursive,1.2966157199814828e-12,nan,1.8313538100607338e-11,0,2.3636087870628698e-12,nan,3.2087407842876186e-12,2.359113466188066e-12,1.2004179542465099e-15,5.0780140070129893e-13,0.41001849157648479,2.2204460492503131e-16,8.8817841970012523e-15,1.7745319013057181e-13,3.5527136788005009e-15,0.043774505904688676,16,2.6222233366888549e-12,1.1368683772161603e-13,8.8817841970012523e-16,2.1220525336929086e-11,3.0997118018203932e-13,1.7763568394002505e-14,0.0044775879650842398,0.18210130103398114,3.3306690738754696e-16,8.2903647797591108e-14,3.1641356201816961e-14
quad,4,3,1.2,gll,coupled,0,constant,xx,direct,1.2384841443341922e-12,nan,1.4406585314799357e-11,0,2.1788851666108888e-12,nan,3.2940926730754586e-12,2.4716118545434952e-12,1.2004179542465099e-15,0,0,2.2204460492503131e-16,8.8817841970012523e-15,1.7745319013057181e-13,3.5527136788005009e-15,0.043774505904688676,16,2.6222233366888549e-12,1.1368683772161603e-13,8.8817841970012523e-16,2.1220525336929086e-11,3.0997118018203932e-13,1.7763568394002505e-14,0.0044775879650842398,0.18210130103398114,3.3306690738754696e-16,8.2903647797591108e-14,3.1641356201816961e-14
quad,4,3,1.2,gll,coupled,0,constant,xx,fe_geometry,1.238484144334149e-12,nan,1.4406585314790818e-11,0,2.178885166610749e-12,nan,3.2940926730751779e-12,2.4716118545433166e-12,1.2004179542465099e-15,1.226095763759811e-25,9.8999714236871298e-14,2.2204460492503131e-16,8.8817841970012523e-15,1.7745319013057181e-13,3.5527136788005009e-15,0.043774505904688676,16,2.6222233366888549e-12,1.1368683772161603e-13,8.8817841970012523e-16,2.1220525336929086e-11,3.0997118018203932e-13,1.7763568394002505e-14,0.0044775879650842398,0.18210130103398114,3.3306690738754696e-16,8.2903647797591108e-14,3.1641356201816961e-14
quad,4,3,1.2,gll,coupled,0,constant,xx,reused,1.2170865896472135e-12,nan,1.3781937710019116e-11,0,2.1562365109012333e-12,nan,3.2002067407333988e-12,2.4002128296302957e-12,1.2004179542465099e-15,2.9635506680815892e-13,0.23928854330830301,2.2204460492503131e-16,8.8817841970012523e-15,1.7745319013057181e-13,3.5527136788005009e-15,0.043774505904688676,16,2.6222233366888549e-12,1.1368683772161603e-13,8.8817841970012523e-16,2.1220525336929086e-11,3.0997118018203932e-13,1.7763568394002505e-14,0.0044775879650842398,0.18210130103398114,3.3306690738754696e-16,8.2903647797591108e-14,3.1641356201816961e-14
quad,4,3,1.2,gll,coupled,0,constant,xx,reused_centered,1.2138063184988315e-12,nan,1.3606427333038768e-11,0,2.1459049891965135e-12,nan,3.199682231197532e-12,2.3979719327996944e-12,1.2004179542465099e-15,2.8080432186180509e-13,0.22673227036973106,2.2204460492503131e-16,8.8817841970012523e-15,1.7745319013057181e-13,3.5527136788005009e-15,0.043774505904688676,16,2.6222233366888549e-12,1.1368683772161603e-13,8.8817841970012523e-16,2.1220525336929086e-11,3.0997118018203932e-13,1.7763568394002505e-14,0.0044775879650842398,0.18210130103398114,3.3306690738754696e-16,8.2903647797591108e-14,3.1641356201816961e-14
quad,4,3,1.2,gll,coupled,0,constant,xy,recursive,1.5536020901216887e-12,nan,1.9872614970855405e-11,0,3.7140315787537305e-12,nan,5.6045603571415118e-12,3.7570894592937742e-12,1.2004179542465099e-15,3.2095402391174289e-13,0.21295987408132752,2.2204460492503131e-16,8.8817841970012523e-15,1.7745319013057181e-13,3.5527136788005009e-15,0.043774505904688676,16,2.6222233366888549e-12,1.1368683772161603e-13,8.8817841970012523e-16,2.1220525336929086e-11,3.0997118018203932e-13,1.7763568394002505e-14,0.0044775879650842398,0.18210130103398114,3.3306690738754696e-16,8.2903647797591108e-14,3.1641356201816961e-14
quad,4,3,1.2,gll,coupled,0,constant,xy,direct,1.507110319708272e-12,nan,1.7051993992328335e-11,0,3.5972799548877874e-12,nan,5.2693955324927853e-12,3.5712348156966777e-12,1.2004179542465099e-15,0,0,2.2204460492503131e-16,8.8817841970012523e-15,1.7745319013057181e-13,3.5527136788005009e-15,0.043774505904688676,16,2.6222233366888549e-12,1.1368683772161603e-13,8.8817841970012523e-16,2.1220525336929086e-11,3.0997118018203932e-13,1.7763568394002505e-14,0.0044775879650842398,0.18210130103398114,3.3306690738754696e-16,8.2903647797591108e-14,3.1641356201816961e-14
quad,4,3,1.2,gll,coupled,0,constant,xy,fe_geometry,1.5071103197082453e-12,nan,1.7051993992323127e-11,0,3.5972799548877034e-12,nan,5.2693955324925842e-12,3.5712348156965816e-12,1.2004179542465099e-15,8.4789668962360052e-26,5.6259762708527271e-14,2.2204460492503131e-16,8.8817841970012523e-15,1.7745319013057181e-13,3.5527136788005009e-15,0.043774505904688676,16,2.6222233366888549e-12,1.1368683772161603e-13,8.8817841970012523e-16,2.1220525336929086e-11,3.0997118018203932e-13,1.7763568394002505e-14,0.0044775879650842398,0.18210130103398114,3.3306690738754696e-16,8.2903647797591108e-14,3.1641356201816961e-14
quad,4,3,1.2,gll,coupled,0,constant,xy,reused,1.5140781732252859e-12,nan,1.6973318128249636e-11,0,3.6159842973366377e-12,nan,5.301995506476613e-12,3.5798206191597397e-12,1.2004179542465099e-15,5.8970811367830832e-14,0.039128397302226475,2.2204460492503131e-16,8.8817841970012523e-15,1.7745319013057181e-13,3.5527136788005009e-15,0.043774505904688676,16,2.6222233366888549e-12,1.1368683772161603e-13,8.8817841970012523e-16,2.1220525336929086e-11,3.0997118018203932e-13,1.7763568394002505e-14,0.0044775879650842398,0.18210130103398114,3.3306690738754696e-16,8.2903647797591108e-14,3.1641356201816961e-14
quad,4,3,1.2,gll,coupled,0,constant,xy,reused_centered,1.5115339708095533e-12,nan,1.6895102143305504e-11,0,3.6084929524195435e-12,nan,5.2895101674048747e-12,3.5720488038081126e-12,1.2004179542465099e-15,5.7878175560997507e-14,0.038403410025220221,2.2204460492503131e-16,8.8817841970012523e-15,1.7745319013057181e-13,3.5527136788005009e-15,0.043774505904688676,16,2.6222233366888549e-12,1.1368683772161603e-13,8.8817841970012523e-16,2.1220525336929086e-11,3.0997118018203932e-13,1.7763568394002505e-14,0.0044775879650842398,0.18210130103398114,3.3306690738754696e-16,8.2903647797591108e-14,3.1641356201816961e-14
quad,4,3,1.2,gll,coupled,0,constant,yy,recursive,1.2587545202805021e-12,nan,1.4621845930701787e-11,0,2.3062979911896282e-12,nan,3.3711021782111649e-12,2.6191783213830021e-12,1.2004179542465099e-15,4.8637427822969673e-13,0.39335093851871245,2.2204460492503131e-16,8.8817841970012523e-15,1.7745319013057181e-13,3.5527136788005009e-15,0.043774505904688676,16,2.6222233366888549e-12,1.1368683772161603e-13,8.8817841970012523e-16,2.1220525336929086e-11,3.0997118018203932e-13,1.7763568394002505e-14,0.0044775879650842398,0.18210130103398114,3.3306690738754696e-16,8.2903647797591108e-14,3.1641356201816961e-14
quad,4,3,1.2,gll,coupled,0,constant,yy,direct,1.2364894311967149e-12,nan,1.579504630430394e-11,0,2.2007209152173889e-12,nan,3.3612741703444464e-12,2.5528991056938453e-12,1.2004179542465099e-15,0,0,2.2204460492503131e-16,8.8817841970012523e-15,1.7745319013057181e-13,3.5527136788005009e-15,0.043774505904688676,16,2.6222233366888549e-12,1.1368683772161603e-13,8.8817841970012523e-16,2.1220525336929086e-11,3.0997118018203932e-13,1.7763568394002505e-14,0.0044775879650842398,0.18210130103398114,3.3306690738754696e-16,8.2903647797591108e-14,3.1641356201816961e-14
quad,4,3,1.2,gll,coupled,0,constant,yy,fe_geometry,1.2364894311967222e-12,nan,1.5795046304308609e-11,0,2.2007209152174653e-12,nan,3.3612741703444993e-12,2.5528991056938388e-12,1.2004179542465099e-15,9.7231609163997522e-26,7.8635212490165473e-14,2.2204460492503131e-16,8.8817841970012523e-15,1.7745319013057181e-13,3.5527136788005009e-15,0.043774505904688676,16,2.6222233366888549e-12,1.1368683772161603e-13,8.8817841970012523e-16,2.1220525336929086e-11,3.0997118018203932e-13,1.7763568394002505e-14,0.0044775879650842398,0.18210130103398114,3.3306690738754696e-16,8.2903647797591108e-14,3.1641356201816961e-14
quad,4,3,1.2,gll,coupled,0,constant,yy,reused,1.2127162605175158e-12,nan,1.6865096235282334e-11,0,2.1893845996528325e-12,nan,3.2888249389774558e-12,2.5169331168747798e-12,1.2004179542465099e-15,3.048047930013898e-13,0.24650820727710529,2.2204460492503131e-16,8.8817841970012523e-15,1.7745319013057181e-13,3.5527136788005009e-15,0.043774505904688676,16,2.6222233366888549e-12,1.1368683772161603e-13,8.8817841970012523e-16,2.1220525336929086e-11,3.0997118018203932e-13,1.7763568394002505e-14,0.0044775879650842398,0.18210130103398114,3.3306690738754696e-16,8.2903647797591108e-14,3.1641356201816961e-14
quad,4,3,1.2,gll,coupled,0,constant,yy,reused_centered,1.2103966637224458e-12,nan,1.6515378880745471e-11,0,2.1817153290745841e-12,nan,3.2827747990032624e-12,2.5113045746559856e-12,1.2004179542465099e-15,2.9163910738172196e-13,0.23586057431923549,2.2204460492503131e-16,8.8817841970012523e-15,1.7745319013057181e-13,3.5527136788005009e-15,0.043774505904688676,16,2.6222233366888549e-12,1.1368683772161603e-13,8.8817841970012523e-16,2.1220525336929086e-11,3.0997118018203932e-13,1.7763568394002505e-14,0.0044775879650842398,0.18210130103398114,3.3306690738754696e-16,8.2903647797591108e-14,3.1641356201816961e-14
quad,4,3,1.2,gll,coupled,0,constant,xxx,recursive,2.6648412840591777e-11,nan,3.2695757587987396e-10,0,4.8515167404674371e-11,nan,5.9605173588741885e-11,4.2287063464187685e-11,1.2004179542465099e-15,1.266674524255283e-11,0.56146185521611813,2.2204460492503131e-16,8.8817841970012523e-15,1.7745319013057181e-13,3.5527136788005009e-15,0.043774505904688676,16,2.6222233366888549e-12,1.1368683772161603e-13,8.8817841970012523e-16,2.1220525336929086e-11,3.0997118018203932e-13,1.7763568394002505e-14,0.0044775879650842398,0.18210130103398114,3.3306690738754696e-16,8.2903647797591108e-14,3.1641356201816961e-14
quad,4,3,1.2,gll,coupled,0,constant,xxx,direct,2.256029528074911e-11,nan,2.8924363128467298e-10,0,4.0324126599302151e-11,nan,5.2342859402671418e-11,3.6168320307430466e-11,1.2004179542465099e-15,0,0,2.2204460492503131e-16,8.8817841970012523e-15,1.7745319013057181e-13,3.5527136788005009e-15,0.043774505904688676,16,2.6222233366888549e-12,1.1368683772161603e-13,8.8817841970012523e-16,2.1220525336929086e-11,3.0997118018203932e-13,1.7763568394002505e-14,0.0044775879650842398,0.18210130103398114,3.3306690738754696e-16,8.2903647797591108e-14,3.1641356201816961e-14
quad,4,3,1.2,gll,coupled,0,constant,xxx,fe_geometry,2.2560295280747494e-11,nan,2.8924363128493674e-10,0,4.0324126599300083e-11,nan,5.2342859402665001e-11,3.6168320307426291e-11,1.2004179542465099e-15,9.1869893950270159e-24,4.0721937725993998e-13,2.2204460492503131e-16,8.8817841970012523e-15,1.7745319013057181e-13,3.5527136788005009e-15,0.043774505904688676,16,2.6222233366888549e-12,1.1368683772161603e-13,8.8817841970012523e-16,2.1220525336929086e-11,3.0997118018203932e-13,1.7763568394002505e-14,0.0044775879650842398,0.18210130103398114,3.3306690738754696e-16,8.2903647797591108e-14,3.1641356201816961e-14
quad,4,3,1.2,gll,coupled,0,constant,xxx,reused,2.2814223444770994e-11,nan,3.0078582744129605e-10,0,4.1453775189030736e-11,nan,5.2547794098079473e-11,3.6249388324181775e-11,1.2004179542465099e-15,4.9161077198081868e-12,0.21790972408074563,2.2204460492503131e-16,8.8817841970012523e-15,1.7745319013057181e-13,3.5527136788005009e-15,0.043774505904688676,16,2.6222233366888549e-12,1.1368683772161603e-13,8.8817841970012523e-16,2.1220525336929086e-11,3.0997118018203932e-13,1.7763568394002505e-14,0.0044775879650842398,0.18210130103398114,3.3306690738754696e-16,8.2903647797591108e-14,3.1641356201816961e-14
quad,4,3,1.2,gll,coupled,0,constant,xxx,reused_centered,2.249775427790881e-11,nan,2.9573871964121061e-10,0,4.0707499935880499e-11,nan,5.227625177686476e-11,3.6143932388871538e-11,1.2004179542465099e-15,4.0839333853094342e-12,0.18102304666172916,2.2204460492503131e-16,8.8817841970012523e-15,1.7745319013057181e-13,3.5527136788005009e-15,0.043774505904688676,16,2.6222233366888549e-12,1.1368683772161603e-13,8.8817841970012523e-16,2.1220525336929086e-11,3.0997118018203932e-13,1.7763568394002505e-14,0.0044775879650842398,0.18210130103398114,3.3306690738754696e-16,8.2903647797591108e-14,3.1641356201816961e-14
quad,4,3,1.2,gll,coupled,0,constant,xxy,recursive,4.6931641459991795e-11,nan,5.3144867402353981e-10,0,9.9576477858906345e-11,nan,1.326291113300903e-10,9.1710240587234925e-11,1.2004179542465099e-15,1.049006158928249e-11,0.23254476558633194,2.2204460492503131e-16,8.8817841970012523e-15,1.7745319013057181e-13,3.5527136788005009e-15,0.043774505904688676,16,2.6222233366888549e-12,1.1368683772161603e-13,8.8817841970012523e-16,2.1220525336929086e-11,3.0997118018203932e-13,1.7763568394002505e-14,0.0044775879650842398,0.18210130103398114,3.3306690738754696e-16,8.2903647797591108e-14,3.1641356201816961e-14
quad,4,3,1.2,gll,coupled,0,constant,xxy,direct,4.5109859010729136e-11,nan,4.6567869102288797e-10,0,9.452085289231814e-11,nan,1.2860249839448738e-10,9.1200810727072974e-11,1.2004179542465099e-15,0,0,2.2204460492503131e-16,8.8817841970012523e-15,1.7745319013057181e-13,3.5527136788005009e-15,0.043774505904688676,16,2.6222233366888549e-12,1.1368683772161603e-13,8.8817841970012523e-16,2.1220525336929086e-11,3.0997118018203932e-13,1.7763568394002505e-14,0.0044775879650842398,0.18210130103398114,3.3306690738754696e-16,8.2903647797591108e-14,3.1641356201816961e-14
quad,4,3,1.2,gll,coupled,0,constant,xxy,fe_geometry,4.5109859010727398e-11,nan,4.6567869102244429e-10,0,9.4520852892313978e-11,nan,1.2860249839447895e-10,9.1200810727068515e-11,1.2004179542465099e-15,6.7552463784069589e-24,1.4975099737731968e-13,2.2204460492503131e-16,8.8817841970012523e-15,1.7745319013057181e-13,3.5527136788005009e-15,0.043774505904688676,16,2.6222233366888549e-12,1.1368683772161603e-13,8.8817841970012523e-16,2.1220525336929086e-11,3.0997118018203932e-13,1.7763568394002505e-14,0.0044775879650842398,0.18210130103398114,3.3306690738754696e-16,8.2903647797591108e-14,3.1641356201816961e-14
quad,4,3,1.2,gll,coupled,0,constant,xxy,reused,4.5243439746232632e-11,nan,4.673176414184816e-10,0,9.4782509653751601e-11,nan,1.2922080565912723e-10,9.1689727471583577e-11,1.2004179542465099e-15,8.0509363208975577e-13,0.017847398545366072,2.2204460492503131e-16,8.8817841970012523e-15,1.7745319013057181e-13,3.5527136788005009e-15,0.043774505904688676,16,2.6222233366888549e-12,1.1368683772161603e-13,8.8817841970012523e-16,2.1220525336929086e-11,3.0997118018203932e-13,1.7763568394002505e-14,0.0044775879650842398,0.18210130103398114,3.3306690738754696e-16,8.2903647797591108e-14,3.1641356201816961e-14
quad,4,3,1.2,gll,coupled,0,constant,xxy,reused_centered,4.5177032716179849e-11,nan,4.6384869604509083e-10,0,9.4645880749030027e-11,nan,1.289784490568732e-10,9.144142467510752e-11,1.2004179542465099e-15,7.5192325096073095e-13,0.016668712060968538,2.2204460492503131e-16,8.8817841970012523e-15,1.7745319013057181e-13,3.5527136788005009e-15,0.043774505904688676,16,2.6222233366888549e-12,1.1368683772161603e-13,8.8817841970012523e-16,2.1220525336929086e-11,3.0997118018203932e-13,1.7763568394002505e-14,0.0044775879650842398,0.18210130103398114,3.3306690738754696e-16,8.2903647797591108e-14,3.1641356201816961e-14
quad,4,3,1.2,gll,coupled,0,constant,xyy,recursive,4.5849769353136856e-11,nan,5.4868481194084389e-10,0,9.7158753119629963e-11,nan,1.5126175984453615e-10,1.0642073579781441e-10,1.2004179542465099e-15,9.4059519555546509e-12,0.21351679051147579,2.2204460492503131e-16,8.8817841970012523e-15,1.7745319013057181e-13,3.5527136788005009e-15,0.043774505904688676,16,2.6222233366888549e-12,1.1368683772161603e-13,8.8817841970012523e-16,2.1220525336929086e-11,3.0997118018203932e-13,1.7763568394002505e-14,0.0044775879650842398,0.18210130103398114,3.3306690738754696e-16,8.2903647797591108e-14,3.1641356201816961e-14
quad,4,3,1.2,gll,coupled,0,constant,xyy,direct,4.4052516586741753e-11,nan,5.0847733527993995e-10,0,9.3480020601040453e-11,nan,1.4064494994899061e-10,1.0124862213286209e-10,1.2004179542465099e-15,0,0,2.2204460492503131e-16,8.8817841970012523e-15,1.7745319013057181e-13,3.5527136788005009e-15,0.043774505904688676,16,2.6222233366888549e-12,1.1368683772161603e-13,8.8817841970012523e-16,2.1220525336929086e-11,3.0997118018203932e-13,1.7763568394002505e-14,0.0044775879650842398,0.18210130103398114,3.3306690738754696e-16,8.2903647797591108e-14,3.1641356201816961e-14
quad,4,3,1.2,gll,coupled,0,constant,xyy,fe_geometry,4.4052516586741747e-11,nan,5.0847733528032583e-10,0,9.3480020601042935e-11,nan,1.4064494994898833e-10,1.0124862213286079e-10,1.2004179542465099e-15,5.9715214221505839e-24,1.3555460356940879e-13,2.2204460492503131e-16,8.8817841970012523e-15,1.7745319013057181e-13,3.5527136788005009e-15,0.043774505904688676,16,2.6222233366888549e-12,1.1368683772161603e-13,8.8817841970012523e-16,2.1220525336929086e-11,3.0997118018203932e-13,1.7763568394002505e-14,0.0044775879650842398,0.18210130103398114,3.3306690738754696e-16,8.2903647797591108e-14,3.1641356201816961e-14
quad,4,3,1.2,gll,coupled,0,constant,xyy,reused,4.4268269033089133e-11,nan,5.0921696753064664e-10,0,9.3983766652208995e-11,nan,1.4124815170025507e-10,1.0164130412635853e-10,1.2004179542465099e-15,7.8511837899856378e-13,0.017822327527023885,2.2204460492503131e-16,8.8817841970012523e-15,1.7745319013057181e-13,3.5527136788005009e-15,0.043774505904688676,16,2.6222233366888549e-12,1.1368683772161603e-13,8.8817841970012523e-16,2.1220525336929086e-11,3.0997118018203932e-13,1.7763568394002505e-14,0.0044775879650842398,0.18210130103398114,3.3306690738754696e-16,8.2903647797591108e-14,3.1641356201816961e-14
quad,4,3,1.2,gll,coupled,0,constant,xyy,reused_centered,4.4154345399541986e-11,nan,5.0300422899276868e-10,0,9.3683589543796939e-11,nan,1.4084537998811264e-10,1.0149325375134953e-10,1.2004179542465099e-15,7.7395217545563646e-13,0.017568852710870296,2.2204460492503131e-16,8.8817841970012523e-15,1.7745319013057181e-13,3.5527136788005009e-15,0.043774505904688676,16,2.6222233366888549e-12,1.1368683772161603e-13,8.8817841970012523e-16,2.1220525336929086e-11,3.0997118018203932e-13,1.7763568394002505e-14,0.0044775879650842398,0.18210130103398114,3.3306690738754696e-16,8.2903647797591108e-14,3.1641356201816961e-14
quad,4,3,1.2,gll,coupled,0,constant,yyy,recursive,2.6859831060427664e-11,nan,5.0441054493727124e-10,0,5.275941481086952e-11,nan,8.0398339633145837e-11,5.2233817586717195e-11,1.2004179542465099e-15,1.1588812698506849e-11,0.43451898320353005,2.2204460492503131e-16,8.8817841970012523e-15,1.7745319013057181e-13,3.5527136788005009e-15,0.043774505904688676,16,2.6222233366888549e-12,1.1368683772161603e-13,8.8817841970012523e-16,2.1220525336929086e-11,3.0997118018203932e-13,1.7763568394002505e-14,0.0044775879650842398,0.18210130103398114,3.3306690738754696e-16,8.2903647797591108e-14,3.1641356201816961e-14
quad,4,3,1.2,gll,coupled,0,constant,yyy,direct,2.6670440524985332e-11,nan,6.1154263897358147e-10,0,5.3705942946825339e-11,nan,7.9323186673252777e-11,4.6438317011196246e-11,1.2004179542465099e-15,0,0,2.2204460492503131e-16,8.8817841970012523e-15,1.7745319013057181e-13,3.5527136788005009e-15,0.043774505904688676,16,2.6222233366888549e-12,1.1368683772161603e-13,8.8817841970012523e-16,2.1220525336929086e-11,3.0997118018203932e-13,1.7763568394002505e-14,0.0044775879650842398,0.18210130103398114,3.3306690738754696e-16,8.2903647797591108e-14,3.1641356201816961e-14
quad,4,3,1.2,gll,coupled,0,constant,yyy,fe_geometry,2.6670440524987975e-11,nan,6.1154263897408347e-10,0,5.3705942946839556e-11,nan,7.9323186673270083e-11,4.6438317011199794e-11,1.2004179542465099e-15,6.4315089595963636e-24,2.4114745887197532e-13,2.2204460492503131e-16,8.8817841970012523e-15,1.7745319013057181e-13,3.5527136788005009e-15,0.043774505904688676,16,2.6222233366888549e-12,1.1368683772161603e-13,8.8817841970012523e-16,2.1220525336929086e-11,3.0997118018203932e-13,1.7763568394002505e-14,0.0044775879650842398,0.18210130103398114,3.3306690738754696e-16,8.2903647797591108e-14,3.1641356201816961e-14
quad,4,3,1.2,gll,coupled,0,constant,yyy,reused,2.6574291734238651e-11,nan,6.2876909157507025e-10,0,5.4067346287780116e-11,nan,7.9623805451788471e-11,4.6767491485276075e-11,1.2004179542465099e-15,4.7560988575929356e-12,0.1783284701704623,2.2204460492503131e-16,8.8817841970012523e-15,1.7745319013057181e-13,3.5527136788005009e-15,0.043774505904688676,16,2.6222233366888549e-12,1.1368683772161603e-13,8.8817841970012523e-16,2.1220525336929086e-11,3.0997118018203932e-13,1.7763568394002505e-14,0.0044775879650842398,0.18210130103398114,3.3306690738754696e-16,8.2903647797591108e-14,3.1641356201816961e-14
quad,4,3,1.2,gll,coupled,0,constant,yyy,reused_centered,2.640825776110899e-11,nan,6.1650316205522547e-10,0,5.365635979157177e-11,nan,7.9203822113013879e-11,4.6398449763551746e-11,1.2004179542465099e-15,4.1725804199153275e-12,0.15644962504486498,2.2204460492503131e-16,8.8817841970012523e-15,1.7745319013057181e-13,3.5527136788005009e-15,0.043774505904688676,16,2.6222233366888549e-12,1.1368683772161603e-13,8.8817841970012523e-16,2.1220525336929086e-11,3.0997118018203932e-13,1.7763568394002505e-14,0.0044775879650842398,0.18210130103398114,3.3306690738754696e-16,8.2903647797591108e-14,3.1641356201816961e-14
