family,n,p,amplitude,basis,map,extra,field,derivative,method,error_l2,relative_l2,sampled_linf,truth_l2,face_rms,face_relative_l2,jump_rms,jump_mean_abs,input_error_l2,operator_error_l2,operator_relative_l2,inverse_residual,representation_residual,first_derivative_residual,geometry_residual,min_jacobian,elements,geometry_derivative_residual,geometry_jacobian_residual,fe_inverse_residual,method_agreement,fe_first_residual,face_geometry_residual,initialization_seconds,evaluation_seconds,reused_inverse_residual,reused_first_residual,reused_geometry_residual
quad,16,3,1.2,gll,coupled,0,sine,x,recursive,3.220050393023473e-05,2.2700441650524894e-05,0.00029888337532635312,1.4184968039813521,7.319540041802558e-05,5.097521610849379e-05,0.0001366810154054003,9.4353610583298626e-05,3.6535046252423558e-07,7.3782611389357954e-07,5.2014642140435113e-07,2.2204460492503131e-16,1.0658141036401503e-14,7.3879170681244808e-13,1.7763568394002505e-14,0.0027347580552373029,256,1.1251856217586731e-11,5.7692045585255869e-13,1.1102230246251565e-15,3.3556553369340492e-11,1.5993872011924397e-12,9.5923269327613525e-14,0.076401336991693825,2.9296422797488049,4.4408920985006242e-16,3.859197056632369e-13,1.5187850976872141e-13
quad,16,3,1.2,gll,coupled,0,sine,x,direct,3.2210025064836665e-05,2.2707153780277467e-05,0.00029982330565081483,1.4184968039813521,7.3197659474980481e-05,5.0976789375609211e-05,0.00013665981143085219,9.4183286369523909e-05,3.6535046252423558e-07,0,0,2.2204460492503131e-16,1.0658141036401503e-14,7.3879170681244808e-13,1.7763568394002505e-14,0.0027347580552373029,256,1.1251856217586731e-11,5.7692045585255869e-13,1.1102230246251565e-15,3.3556553369340492e-11,1.5993872011924397e-12,9.5923269327613525e-14,0.076401336991693825,2.9296422797488049,4.4408920985006242e-16,3.859197056632369e-13,1.5187850976872141e-13
quad,16,3,1.2,gll,coupled,0,sine,x,fe_geometry,3.2210025016392459e-05,2.2707153746125678e-05,0.00029982330550537561,1.4184968039813521,7.3197659353186467e-05,5.0976789290788626e-05,0.00013665981117913308,9.4183286161095894e-05,3.6535046252423558e-07,1.7795829171733252e-13,1.2545553329297468e-13,2.2204460492503131e-16,1.0658141036401503e-14,7.3879170681244808e-13,1.7763568394002505e-14,0.0027347580552373029,256,1.1251856217586731e-11,5.7692045585255869e-13,1.1102230246251565e-15,3.3556553369340492e-11,1.5993872011924397e-12,9.5923269327613525e-14,0.076401336991693825,2.9296422797488049,4.4408920985006242e-16,3.859197056632369e-13,1.5187850976872141e-13
quad,16,3,1.2,gll,coupled,0,sine,x,reused,3.2210025090184804e-05,2.2707153798147186e-05,0.00029982330569611193,1.4184968039813521,7.3197659538377116e-05,5.0976789419760302e-05,0.00013665981155411752,9.418328646638298e-05,3.6535046252423558e-07,6.6001560175749494e-14,4.6529222381889968e-14,2.2204460492503131e-16,1.0658141036401503e-14,7.3879170681244808e-13,1.7763568394002505e-14,0.0027347580552373029,256,1.1251856217586731e-11,5.7692045585255869e-13,1.1102230246251565e-15,3.3556553369340492e-11,1.5993872011924397e-12,9.5923269327613525e-14,0.076401336991693825,2.9296422797488049,4.4408920985006242e-16,3.859197056632369e-13,1.5187850976872141e-13
quad,16,3,1.2,gll,coupled,0,sine,x,reused_centered,3.2210025083635349e-05,2.2707153793530006e-05,0.00029982330570366145,1.4184968039813521,7.3197659522333553e-05,5.0976789408587145e-05,0.00013665981152195453,9.418328643945629e-05,3.6535046252423558e-07,5.2479586299569165e-14,3.6996615457878621e-14,2.2204460492503131e-16,1.0658141036401503e-14,7.3879170681244808e-13,1.7763568394002505e-14,0.0027347580552373029,256,1.1251856217586731e-11,5.7692045585255869e-13,1.1102230246251565e-15,3.3556553369340492e-11,1.5993872011924397e-12,9.5923269327613525e-14,0.076401336991693825,2.9296422797488049,4.4408920985006242e-16,3.859197056632369e-13,1.5187850976872141e-13
quad,16,3,1.2,gll,coupled,0,sine,y,recursive,9.6578618819952579e-05,4.539012403782281e-05,0.00088101667112261417,2.1277452059720146,0.000218449097054332,0.0001014224925560353,0.0003938506826401921,0.00023954345228485133,3.6535046252423558e-07,4.645383485753207e-07,2.1832403634002567e-07,2.2204460492503131e-16,1.0658141036401503e-14,7.3879170681244808e-13,1.7763568394002505e-14,0.0027347580552373029,256,1.1251856217586731e-11,5.7692045585255869e-13,1.1102230246251565e-15,3.3556553369340492e-11,1.5993872011924397e-12,9.5923269327613525e-14,0.076401336991693825,2.9296422797488049,4.4408920985006242e-16,3.859197056632369e-13,1.5187850976872141e-13
quad,16,3,1.2,gll,coupled,0,sine,y,direct,9.6582146016589558e-05,4.5391781753524423e-05,0.00087956547669776342,2.1277452059720146,0.00021844797740491677,0.0001014219727203573,0.00039388653505049255,0.00023950794640493171,3.6535046252423558e-07,0,0,2.2204460492503131e-16,1.0658141036401503e-14,7.3879170681244808e-13,1.7763568394002505e-14,0.0027347580552373029,256,1.1251856217586731e-11,5.7692045585255869e-13,1.1102230246251565e-15,3.3556553369340492e-11,1.5993872011924397e-12,9.5923269327613525e-14,0.076401336991693825,2.9296422797488049,4.4408920985006242e-16,3.859197056632369e-13,1.5187850976872141e-13
quad,16,3,1.2,gll,coupled,0,sine,y,fe_geometry,9.6582145975460402e-05,4.53917817341945e-05,0.00087956547659540085,2.1277452059720146,0.0002184479772971509,0.00010142197267032328,0.0003938865348356587,0.00023950794620755452,3.6535046252423558e-07,1.7930881492759308e-13,8.4271673902485942e-14,2.2204460492503131e-16,1.0658141036401503e-14,7.3879170681244808e-13,1.7763568394002505e-14,0.0027347580552373029,256,1.1251856217586731e-11,5.7692045585255869e-13,1.1102230246251565e-15,3.3556553369340492e-11,1.5993872011924397e-12,9.5923269327613525e-14,0.076401336991693825,2.9296422797488049,4.4408920985006242e-16,3.859197056632369e-13,1.5187850976872141e-13
quad,16,3,1.2,gll,coupled,0,sine,y,reused,9.6582146037284578e-05,4.5391781763250692e-05,0.0008795654767643768,2.1277452059720146,0.00021844797745746805,0.00010142197274475602,0.00039388653515435754,0.00023950794649833242,3.6535046252423558e-07,6.1807153675952764e-14,2.9048166435788526e-14,2.2204460492503131e-16,1.0658141036401503e-14,7.3879170681244808e-13,1.7763568394002505e-14,0.0027347580552373029,256,1.1251856217586731e-11,5.7692045585255869e-13,1.1102230246251565e-15,3.3556553369340492e-11,1.5993872011924397e-12,9.5923269327613525e-14,0.076401336991693825,2.9296422797488049,4.4408920985006242e-16,3.859197056632369e-13,1.5187850976872141e-13
quad,16,3,1.2,gll,coupled,0,sine,y,reused_centered,9.6582146032813152e-05,4.539178176114921e-05,0.0008795654767643768,2.1277452059720146,0.0002184479774457939,0.0001014219727393359,0.00039388653513058636,0.0002395079464756394,3.6535046252423558e-07,4.8876732368574587e-14,2.2971118588045238e-14,2.2204460492503131e-16,1.0658141036401503e-14,7.3879170681244808e-13,1.7763568394002505e-14,0.0027347580552373029,256,1.1251856217586731e-11,5.7692045585255869e-13,1.1102230246251565e-15,3.3556553369340492e-11,1.5993872011924397e-12,9.5923269327613525e-14,0.076401336991693825,2.9296422797488049,4.4408920985006242e-16,3.859197056632369e-13,1.5187850976872141e-13
quad,16,3,1.2,gll,coupled,0,sine,xx,recursive,0.0056085048095354728,0.0019889481373548323,0.031908897361875077,2.8198346172034467,0.010218109267527109,0.0036698033452939515,0.0021893646428180207,0.0012694242147084198,3.6535046252423558e-07,5.1257197753062475e-05,1.8173644069394284e-05,2.2204460492503131e-16,1.0658141036401503e-14,7.3879170681244808e-13,1.7763568394002505e-14,0.0027347580552373029,256,1.1251856217586731e-11,5.7692045585255869e-13,1.1102230246251565e-15,3.3556553369340492e-11,1.5993872011924397e-12,9.5923269327613525e-14,0.076401336991693825,2.9296422797488049,4.4408920985006242e-16,3.859197056632369e-13,1.5187850976872141e-13
quad,16,3,1.2,gll,coupled,0,sine,xx,direct,0.0056092286553388951,0.0019892048353182543,0.031942800165840168,2.8198346172034467,0.010218835824433569,0.0036700642860312315,0.0020535918582188866,0.0012217855100923616,3.6535046252423558e-07,0,0,2.2204460492503131e-16,1.0658141036401503e-14,7.3879170681244808e-13,1.7763568394002505e-14,0.0027347580552373029,256,1.1251856217586731e-11,5.7692045585255869e-13,1.1102230246251565e-15,3.3556553369340492e-11,1.5993872011924397e-12,9.5923269327613525e-14,0.076401336991693825,2.9296422797488049,4.4408920985006242e-16,3.859197056632369e-13,1.5187850976872141e-13
quad,16,3,1.2,gll,coupled,0,sine,xx,fe_geometry,0.0056092286400453925,0.0019892048298947081,0.031942800143485162,2.8198346172034467,0.010218835792719969,0.0036700642746413862,0.0020535918753199511,0.0012217855239845359,3.6535046252423558e-07,2.9739049633326396e-11,1.0544214796951771e-11,2.2204460492503131e-16,1.0658141036401503e-14,7.3879170681244808e-13,1.7763568394002505e-14,0.0027347580552373029,256,1.1251856217586731e-11,5.7692045585255869e-13,1.1102230246251565e-15,3.3556553369340492e-11,1.5993872011924397e-12,9.5923269327613525e-14,0.076401336991693825,2.9296422797488049,4.4408920985006242e-16,3.859197056632369e-13,1.5187850976872141e-13
quad,16,3,1.2,gll,coupled,0,sine,xx,reused,0.0056092286623616906,0.001989204837808753,0.031942800165237983,2.8198346172034467,0.010218835838643027,0.0036700642911345156,0.0020535918629131676,0.0012217855135828886,3.6535046252423558e-07,1.1696645178653806e-11,4.1471378772389182e-12,2.2204460492503131e-16,1.0658141036401503e-14,7.3879170681244808e-13,1.7763568394002505e-14,0.0027347580552373029,256,1.1251856217586731e-11,5.7692045585255869e-13,1.1102230246251565e-15,3.3556553369340492e-11,1.5993872011924397e-12,9.5923269327613525e-14,0.076401336991693825,2.9296422797488049,4.4408920985006242e-16,3.859197056632369e-13,1.5187850976872141e-13
quad,16,3,1.2,gll,coupled,0,sine,xx,reused_centered,0.0056092286601213169,0.0019892048370142479,0.031942800162347851,2.8198346172034467,0.010218835834209553,0.0036700642895422467,0.0020535918646384559,0.0012217855151802272,3.6535046252423558e-07,8.9455562536686276e-12,3.1717175827702067e-12,2.2204460492503131e-16,1.0658141036401503e-14,7.3879170681244808e-13,1.7763568394002505e-14,0.0027347580552373029,256,1.1251856217586731e-11,5.7692045585255869e-13,1.1102230246251565e-15,3.3556553369340492e-11,1.5993872011924397e-12,9.5923269327613525e-14,0.076401336991693825,2.9296422797488049,4.4408920985006242e-16,3.859197056632369e-13,1.5187850976872141e-13
quad,16,3,1.2,gll,coupled,0,sine,xy,recursive,0.0012492772265988111,0.00029535472730141273,0.0071835703770979364,4.2297519258051697,0.0023433450300858541,0.00056107023360420542,0.0011748117477090975,0.00093229410342125936,3.6535046252423558e-07,0.00021521776576135978,5.0882874735505836e-05,2.2204460492503131e-16,1.0658141036401503e-14,7.3879170681244808e-13,1.7763568394002505e-14,0.0027347580552373029,256,1.1251856217586731e-11,5.7692045585255869e-13,1.1102230246251565e-15,3.3556553369340492e-11,1.5993872011924397e-12,9.5923269327613525e-14,0.076401336991693825,2.9296422797488049,4.4408920985006242e-16,3.859197056632369e-13,1.5187850976872141e-13
quad,16,3,1.2,gll,coupled,0,sine,xy,direct,0.0012647749418797411,0.00029901870465818875,0.0079047860912258017,4.2297519258051697,0.0023885530743747705,0.00057189445609142589,0.0016609920285302294,0.0012418791506831704,3.6535046252423558e-07,0,0,2.2204460492503131e-16,1.0658141036401503e-14,7.3879170681244808e-13,1.7763568394002505e-14,0.0027347580552373029,256,1.1251856217586731e-11,5.7692045585255869e-13,1.1102230246251565e-15,3.3556553369340492e-11,1.5993872011924397e-12,9.5923269327613525e-14,0.076401336991693825,2.9296422797488049,4.4408920985006242e-16,3.859197056632369e-13,1.5187850976872141e-13
quad,16,3,1.2,gll,coupled,0,sine,xy,fe_geometry,0.0012647749405175709,0.00029901870433614384,0.0079047860363847811,4.2297519258051697,0.0023885530716689224,0.0005718944554435611,0.0016609920286880671,0.0012418791500524737,3.6535046252423558e-07,7.518223142686971e-12,1.7774964118301661e-12,2.2204460492503131e-16,1.0658141036401503e-14,7.3879170681244808e-13,1.7763568394002505e-14,0.0027347580552373029,256,1.1251856217586731e-11,5.7692045585255869e-13,1.1102230246251565e-15,3.3556553369340492e-11,1.5993872011924397e-12,9.5923269327613525e-14,0.076401336991693825,2.9296422797488049,4.4408920985006242e-16,3.859197056632369e-13,1.5187850976872141e-13
quad,16,3,1.2,gll,coupled,0,sine,xy,reused,0.0012647749427271223,0.00029901870485852703,0.0079047860901537703,4.2297519258051697,0.00238855307622727,0.00057189445653497235,0.001660992028859154,0.0012418791511720581,3.6535046252423558e-07,2.7996924982524044e-12,6.6191748707433685e-13,2.2204460492503131e-16,1.0658141036401503e-14,7.3879170681244808e-13,1.7763568394002505e-14,0.0027347580552373029,256,1.1251856217586731e-11,5.7692045585255869e-13,1.1102230246251565e-15,3.3556553369340492e-11,1.5993872011924397e-12,9.5923269327613525e-14,0.076401336991693825,2.9296422797488049,4.4408920985006242e-16,3.859197056632369e-13,1.5187850976872141e-13
quad,16,3,1.2,gll,coupled,0,sine,xy,reused_centered,0.0012647749424002132,0.00029901870478123903,0.0079047860880829823,4.2297519258051697,0.0023885530757488359,0.00057189445642042032,0.0016609920286192526,0.0012418791508223518,3.6535046252423558e-07,2.9075214753050137e-12,6.8741096022148127e-13,2.2204460492503131e-16,1.0658141036401503e-14,7.3879170681244808e-13,1.7763568394002505e-14,0.0027347580552373029,256,1.1251856217586731e-11,5.7692045585255869e-13,1.1102230246251565e-15,3.3556553369340492e-11,1.5993872011924397e-12,9.5923269327613525e-14,0.076401336991693825,2.9296422797488049,4.4408920985006242e-16,3.859197056632369e-13,1.5187850976872141e-13
quad,16,3,1.2,gll,coupled,0,sine,yy,recursive,0.016916437904095701,0.0026662616312303948,0.1072477082826957,6.3446278887077199,0.030559504801922505,0.0048779353951745996,0.0066545826866906948,0.0037071329713531027,3.6535046252423558e-07,9.0408510844227521e-05,1.4235947178344361e-05,2.2204460492503131e-16,1.0658141036401503e-14,7.3879170681244808e-13,1.7763568394002505e-14,0.0027347580552373029,256,1.1251856217586731e-11,5.7692045585255869e-13,1.1102230246251565e-15,3.3556553369340492e-11,1.5993872011924397e-12,9.5923269327613525e-14,0.076401336991693825,2.9296422797488049,4.4408920985006242e-16,3.859197056632369e-13,1.5187850976872141e-13
quad,16,3,1.2,gll,coupled,0,sine,yy,direct,0.01691705623911454,0.0026663590892735908,0.10670588021884519,6.3446278887077199,0.030559133980275811,0.0048778762042928298,0.0062992497237272316,0.0035274551428965094,3.6535046252423558e-07,0,0,2.2204460492503131e-16,1.0658141036401503e-14,7.3879170681244808e-13,1.7763568394002505e-14,0.0027347580552373029,256,1.1251856217586731e-11,5.7692045585255869e-13,1.1102230246251565e-15,3.3556553369340492e-11,1.5993872011924397e-12,9.5923269327613525e-14,0.076401336991693825,2.9296422797488049,4.4408920985006242e-16,3.859197056632369e-13,1.5187850976872141e-13
quad,16,3,1.2,gll,coupled,0,sine,yy,fe_geometry,0.016917056235865143,0.002666359088761441,0.10670588021100791,6.3446278887077199,0.030559133973751627,0.0048778762032514328,0.0062992497246185455,0.0035274551427666783,3.6535046252423558e-07,1.267999195234329e-11,1.9966228175841716e-12,2.2204460492503131e-16,1.0658141036401503e-14,7.3879170681244808e-13,1.7763568394002505e-14,0.0027347580552373029,256,1.1251856217586731e-11,5.7692045585255869e-13,1.1102230246251565e-15,3.3556553369340492e-11,1.5993872011924397e-12,9.5923269327613525e-14,0.076401336991693825,2.9296422797488049,4.4408920985006242e-16,3.859197056632369e-13,1.5187850976872141e-13
quad,16,3,1.2,gll,coupled,0,sine,yy,reused,0.016917056244559636,0.0026663590901318123,0.10670588022688499,6.3446278887077199,0.030559133991513068,0.0048778762060865304,0.0062992497283551755,0.0035274551460596991,3.6535046252423558e-07,1.1400520685084868e-11,1.7951541150603185e-12,2.2204460492503131e-16,1.0658141036401503e-14,7.3879170681244808e-13,1.7763568394002505e-14,0.0027347580552373029,256,1.1251856217586731e-11,5.7692045585255869e-13,1.1102230246251565e-15,3.3556553369340492e-11,1.5993872011924397e-12,9.5923269327613525e-14,0.076401336991693825,2.9296422797488049,4.4408920985006242e-16,3.859197056632369e-13,1.5187850976872141e-13
quad,16,3,1.2,gll,coupled,0,sine,yy,reused_centered,0.016917056242693712,0.0026663590898377168,0.10670588022604299,6.3446278887077199,0.030559133987681404,0.0048778762054749163,0.0062992497283959007,0.003527455146411371,3.6535046252423558e-07,8.557597357727526e-12,1.3475003937190364e-12,2.2204460492503131e-16,1.0658141036401503e-14,7.3879170681244808e-13,1.7763568394002505e-14,0.0027347580552373029,256,1.1251856217586731e-11,5.7692045585255869e-13,1.1102230246251565e-15,3.3556553369340492e-11,1.5993872011924397e-12,9.5923269327613525e-14,0.076401336991693825,2.9296422797488049,4.4408920985006242e-16,3.859197056632369e-13,1.5187850976872141e-13
quad,16,3,1.2,gll,coupled,0,sine,xxx,recursive,0.56306721789200043,0.099236603197063428,1.9179611766682911,5.6739872159254086,0.79296745672479241,0.1380608864856844,1.3717345833124379,0.84440805181492473,3.6535046252423558e-07,0.0075994983134560438,0.0013316850278018075,2.2204460492503131e-16,1.0658141036401503e-14,7.3879170681244808e-13,1.7763568394002505e-14,0.0027347580552373029,256,1.1251856217586731e-11,5.7692045585255869e-13,1.1102230246251565e-15,3.3556553369340492e-11,1.5993872011924397e-12,9.5923269327613525e-14,0.076401336991693825,2.9296422797488049,4.4408920985006242e-16,3.859197056632369e-13,1.5187850976872141e-13
quad,16,3,1.2,gll,coupled,0,sine,xxx,direct,0.56322275693391854,0.099264015849929749,1.8990645427262205,5.6739872159254086,0.79330716112376487,0.138120031271599,1.3737708190555977,0.84530138958854872,3.6535046252423558e-07,0,0,2.2204460492503131e-16,1.0658141036401503e-14,7.3879170681244808e-13,1.7763568394002505e-14,0.0027347580552373029,256,1.1251856217586731e-11,5.7692045585255869e-13,1.1102230246251565e-15,3.3556553369340492e-11,1.5993872011924397e-12,9.5923269327613525e-14,0.076401336991693825,2.9296422797488049,4.4408920985006242e-16,3.859197056632369e-13,1.5187850976872141e-13
quad,16,3,1.2,gll,coupled,0,sine,xxx,fe_geometry,0.56322275482925177,0.099264015478997158,1.8990645380838185,5.6739872159254086,0.79330715781380501,0.13812003069531306,1.3737708132090172,0.84530138522463083,3.6535046252423558e-07,3.3714321213082094e-09,5.9078711422918177e-10,2.2204460492503131e-16,1.0658141036401503e-14,7.3879170681244808e-13,1.7763568394002505e-14,0.0027347580552373029,256,1.1251856217586731e-11,5.7692045585255869e-13,1.1102230246251565e-15,3.3556553369340492e-11,1.5993872011924397e-12,9.5923269327613525e-14,0.076401336991693825,2.9296422797488049,4.4408920985006242e-16,3.859197056632369e-13,1.5187850976872141e-13
quad,16,3,1.2,gll,coupled,0,sine,xxx,reused,0.56322275784318154,0.099264016010180894,1.8990645450688302,5.6739872159254086,0.79330716250919386,0.13812003151281135,1.373770821553062,0.84530139136994642,3.6535046252423558e-07,1.4001436909148171e-09,2.4535177363760436e-10,2.2204460492503131e-16,1.0658141036401503e-14,7.3879170681244808e-13,1.7763568394002505e-14,0.0027347580552373029,256,1.1251856217586731e-11,5.7692045585255869e-13,1.1102230246251565e-15,3.3556553369340492e-11,1.5993872011924397e-12,9.5923269327613525e-14,0.076401336991693825,2.9296422797488049,4.4408920985006242e-16,3.859197056632369e-13,1.5187850976872141e-13
quad,16,3,1.2,gll,coupled,0,sine,xxx,reused_centered,0.56322275754266993,0.099264015957217844,1.8990645449500985,5.6739872159254086,0.79330716208928997,0.13812003143970331,1.3737708207030355,0.84530139073040489,3.6535046252423558e-07,1.0063152765531867e-09,1.7633992821095522e-10,2.2204460492503131e-16,1.0658141036401503e-14,7.3879170681244808e-13,1.7763568394002505e-14,0.0027347580552373029,256,1.1251856217586731e-11,5.7692045585255869e-13,1.1102230246251565e-15,3.3556553369340492e-11,1.5993872011924397e-12,9.5923269327613525e-14,0.076401336991693825,2.9296422797488049,4.4408920985006242e-16,3.859197056632369e-13,1.5187850976872141e-13
quad,16,3,1.2,gll,coupled,0,sine,xxy,recursive,0.063106869707704308,0.0074147587702912132,0.30439452169992087,8.5109808238880582,0.093674819467233425,0.01087293768687499,0.1417639345137777,0.090835391482985972,3.6535046252423558e-07,0.0058798672301719635,0.00069081829588482115,2.2204460492503131e-16,1.0658141036401503e-14,7.3879170681244808e-13,1.7763568394002505e-14,0.0027347580552373029,256,1.1251856217586731e-11,5.7692045585255869e-13,1.1102230246251565e-15,3.3556553369340492e-11,1.5993872011924397e-12,9.5923269327613525e-14,0.076401336991693825,2.9296422797488049,4.4408920985006242e-16,3.859197056632369e-13,1.5187850976872141e-13
quad,16,3,1.2,gll,coupled,0,sine,xxy,direct,0.063403625488454476,0.0074496261712278062,0.30410201465526931,8.5109808238880582,0.094401673143909695,0.010957304379855289,0.14098392072440033,0.089778112181684327,3.6535046252423558e-07,0,0,2.2204460492503131e-16,1.0658141036401503e-14,7.3879170681244808e-13,1.7763568394002505e-14,0.0027347580552373029,256,1.1251856217586731e-11,5.7692045585255869e-13,1.1102230246251565e-15,3.3556553369340492e-11,1.5993872011924397e-12,9.5923269327613525e-14,0.076401336991693825,2.9296422797488049,4.4408920985006242e-16,3.859197056632369e-13,1.5187850976872141e-13
quad,16,3,1.2,gll,coupled,0,sine,xxy,fe_geometry,0.063403625171228148,0.0074496261339552132,0.30410201297207884,8.5109808238880582,0.09440167268689327,0.010957304326808899,0.14098391966005513,0.089778111528141705,3.6535046252423558e-07,1.0523070596199299e-09,1.2363424907690413e-10,2.2204460492503131e-16,1.0658141036401503e-14,7.3879170681244808e-13,1.7763568394002505e-14,0.0027347580552373029,256,1.1251856217586731e-11,5.7692045585255869e-13,1.1102230246251565e-15,3.3556553369340492e-11,1.5993872011924397e-12,9.5923269327613525e-14,0.076401336991693825,2.9296422797488049,4.4408920985006242e-16,3.859197056632369e-13,1.5187850976872141e-13
quad,16,3,1.2,gll,coupled,0,sine,xxy,reused,0.063403625588931201,0.0074496261830333472,0.30410201576369111,8.5109808238880582,0.09440167330578085,0.010957304398643848,0.14098392105213903,0.089778112418409453,3.6535046252423558e-07,4.4135115283712805e-10,5.1853798624093945e-11,2.2204460492503131e-16,1.0658141036401503e-14,7.3879170681244808e-13,1.7763568394002505e-14,0.0027347580552373029,256,1.1251856217586731e-11,5.7692045585255869e-13,1.1102230246251565e-15,3.3556553369340492e-11,1.5993872011924397e-12,9.5923269327613525e-14,0.076401336991693825,2.9296422797488049,4.4408920985006242e-16,3.859197056632369e-13,1.5187850976872141e-13
quad,16,3,1.2,gll,coupled,0,sine,xxy,reused_centered,0.063403625542634748,0.0074496261775937322,0.30410201544110116,8.5109808238880582,0.094401673259327634,0.010957304393251974,0.14098392094396311,0.089778112358111006,3.6535046252423558e-07,5.063048178828376e-10,5.9485124033636947e-11,2.2204460492503131e-16,1.0658141036401503e-14,7.3879170681244808e-13,1.7763568394002505e-14,0.0027347580552373029,256,1.1251856217586731e-11,5.7692045585255869e-13,1.1102230246251565e-15,3.3556553369340492e-11,1.5993872011924397e-12,9.5923269327613525e-14,0.076401336991693825,2.9296422797488049,4.4408920985006242e-16,3.859197056632369e-13,1.5187850976872141e-13
quad,16,3,1.2,gll,coupled,0,sine,xyy,recursive,0.11817984655363846,0.0092570487467154988,0.55355389769749408,12.766471235832041,0.17252716270744678,0.013350276343064939,0.28451152882067809,0.16300678417351985,3.6535046252423558e-07,0.039890860350458204,0.0031218229586527711,2.2204460492503131e-16,1.0658141036401503e-14,7.3879170681244808e-13,1.7763568394002505e-14,0.0027347580552373029,256,1.1251856217586731e-11,5.7692045585255869e-13,1.1102230246251565e-15,3.3556553369340492e-11,1.5993872011924397e-12,9.5923269327613525e-14,0.076401336991693825,2.9296422797488049,4.4408920985006242e-16,3.859197056632369e-13,1.5187850976872141e-13
quad,16,3,1.2,gll,coupled,0,sine,xyy,direct,0.12428161678792619,0.0097350015123287333,0.66168277336327108,12.766471235832041,0.18665761544595097,0.014443700972272655,0.27200966946777777,0.15514343386792037,3.6535046252423558e-07,0,0,2.2204460492503131e-16,1.0658141036401503e-14,7.3879170681244808e-13,1.7763568394002505e-14,0.0027347580552373029,256,1.1251856217586731e-11,5.7692045585255869e-13,1.1102230246251565e-15,3.3556553369340492e-11,1.5993872011924397e-12,9.5923269327613525e-14,0.076401336991693825,2.9296422797488049,4.4408920985006242e-16,3.859197056632369e-13,1.5187850976872141e-13
quad,16,3,1.2,gll,coupled,0,sine,xyy,fe_geometry,0.12428161680031512,0.0097350015132991602,0.66168276426014749,12.766471235832041,0.18665761546760265,0.014443700973948079,0.27200966938078519,0.15514343325777905,3.6535046252423558e-07,9.2768108532641924e-10,7.2599489833933116e-11,2.2204460492503131e-16,1.0658141036401503e-14,7.3879170681244808e-13,1.7763568394002505e-14,0.0027347580552373029,256,1.1251856217586731e-11,5.7692045585255869e-13,1.1102230246251565e-15,3.3556553369340492e-11,1.5993872011924397e-12,9.5923269327613525e-14,0.076401336991693825,2.9296422797488049,4.4408920985006242e-16,3.859197056632369e-13,1.5187850976872141e-13
quad,16,3,1.2,gll,coupled,0,sine,xyy,reused,0.12428161685598882,0.0097350015176600902,0.6616827739689608,12.766471235832041,0.18665761558932872,0.014443700983367331,0.27200966968004414,0.1551434341104253,3.6535046252423558e-07,4.0004092370972173e-10,3.1306843950366843e-11,2.2204460492503131e-16,1.0658141036401503e-14,7.3879170681244808e-13,1.7763568394002505e-14,0.0027347580552373029,256,1.1251856217586731e-11,5.7692045585255869e-13,1.1102230246251565e-15,3.3556553369340492e-11,1.5993872011924397e-12,9.5923269327613525e-14,0.076401336991693825,2.9296422797488049,4.4408920985006242e-16,3.859197056632369e-13,1.5187850976872141e-13
quad,16,3,1.2,gll,coupled,0,sine,xyy,reused_centered,0.12428161682450914,0.0097350015151942814,0.66168277293892253,12.766471235832041,0.18665761555965521,0.014443700981071173,0.27200966960367889,0.15514343407816569,3.6535046252423558e-07,4.8055186985083092e-10,3.7607558396684478e-11,2.2204460492503131e-16,1.0658141036401503e-14,7.3879170681244808e-13,1.7763568394002505e-14,0.0027347580552373029,256,1.1251856217586731e-11,5.7692045585255869e-13,1.1102230246251565e-15,3.3556553369340492e-11,1.5993872011924397e-12,9.5923269327613525e-14,0.076401336991693825,2.9296422797488049,4.4408920985006242e-16,3.859197056632369e-13,1.5187850976872141e-13
quad,16,3,1.2,gll,coupled,0,sine,yyy,recursive,1.6754412781845576,0.087491745486258182,6.8052135145867396,19.149706853747812,2.3347116476893084,0.12044111465847948,3.9203079686419771,2.442392779275425,3.6535046252423558e-07,0.015719660224232261,0.00081934895572205045,2.2204460492503131e-16,1.0658141036401503e-14,7.3879170681244808e-13,1.7763568394002505e-14,0.0027347580552373029,256,1.1251856217586731e-11,5.7692045585255869e-13,1.1102230246251565e-15,3.3556553369340492e-11,1.5993872011924397e-12,9.5923269327613525e-14,0.076401336991693825,2.9296422797488049,4.4408920985006242e-16,3.859197056632369e-13,1.5187850976872141e-13
quad,16,3,1.2,gll,coupled,0,sine,yyy,direct,1.675520669500175,0.087495891310328686,6.7393099484210079,19.149706853747812,2.334725576799745,0.12044183322155723,3.9222924900279388,2.4433985182855391,3.6535046252423558e-07,0,0,2.2204460492503131e-16,1.0658141036401503e-14,7.3879170681244808e-13,1.7763568394002505e-14,0.0027347580552373029,256,1.1251856217586731e-11,5.7692045585255869e-13,1.1102230246251565e-15,3.3556553369340492e-11,1.5993872011924397e-12,9.5923269327613525e-14,0.076401336991693825,2.9296422797488049,4.4408920985006242e-16,3.859197056632369e-13,1.5187850976872141e-13
quad,16,3,1.2,gll,coupled,0,sine,yyy,fe_geometry,1.6755206694211073,0.087495891306199766,6.7393099476770342,19.149706853747812,2.3347255765038204,0.12044183320629133,3.9222924897804861,2.443398517982617,3.6535046252423558e-07,7.5250579522101015e-10,3.9222529539072055e-11,2.2204460492503131e-16,1.0658141036401503e-14,7.3879170681244808e-13,1.7763568394002505e-14,0.0027347580552373029,256,1.1251856217586731e-11,5.7692045585255869e-13,1.1102230246251565e-15,3.3556553369340492e-11,1.5993872011924397e-12,9.5923269327613525e-14,0.076401336991693825,2.9296422797488049,4.4408920985006242e-16,3.859197056632369e-13,1.5187850976872141e-13
quad,16,3,1.2,gll,coupled,0,sine,yyy,reused,1.6755206702203176,0.087495891347934632,6.7393099486407362,19.149706853747812,2.3347255779275913,0.12044183327973959,3.922292492066346,2.4433985197706649,3.6535046252423558e-07,1.3114497370190515e-09,6.8356119482283351e-11,2.2204460492503131e-16,1.0658141036401503e-14,7.3879170681244808e-13,1.7763568394002505e-14,0.0027347580552373029,256,1.1251856217586731e-11,5.7692045585255869e-13,1.1102230246251565e-15,3.3556553369340492e-11,1.5993872011924397e-12,9.5923269327613525e-14,0.076401336991693825,2.9296422797488049,4.4408920985006242e-16,3.859197056632369e-13,1.5187850976872141e-13
quad,16,3,1.2,gll,coupled,0,sine,yyy,reused_centered,1.6755206699517666,0.087495891333910863,6.7393099486122683,19.149706853747812,2.3347255775445657,0.1204418332599804,3.9222924912878505,2.4433985192178249,3.6535046252423558e-07,9.1816491036002728e-10,4.7857106944616562e-11,2.2204460492503131e-16,1.0658141036401503e-14,7.3879170681244808e-13,1.7763568394002505e-14,0.0027347580552373029,256,1.1251856217586731e-11,5.7692045585255869e-13,1.1102230246251565e-15,3.3556553369340492e-11,1.5993872011924397e-12,9.5923269327613525e-14,0.076401336991693825,2.9296422797488049,4.4408920985006242e-16,3.859197056632369e-13,1.5187850976872141e-13
quad,16,3,1.2,gll,coupled,0,shortwave,x,recursive,0.0039943892867213638,0.00070639313427796357,0.036478541439438406,5.6546264295224367,0.0088692424258598537,0.0015683458487024539,0.015816026985955578,0.0091150900373635404,1.6306389082071252e-05,1.5461343076816745e-05,2.7341598452439933e-06,2.2204460492503131e-16,1.0658141036401503e-14,7.3879170681244808e-13,1.7763568394002505e-14,0.0027347580552373029,256,1.1251856217586731e-11,5.7692045585255869e-13,1.1102230246251565e-15,3.3556553369340492e-11,1.5993872011924397e-12,9.5923269327613525e-14,0.076401336991693825,2.9296422797488049,4.4408920985006242e-16,3.859197056632369e-13,1.5187850976872141e-13
quad,16,3,1.2,gll,coupled,0,shortwave,x,direct,0.0039945789514371751,0.00070642667578918006,0.036425663010021481,5.6546264295224367,0.0088692864227361851,0.0015683536286587385,0.015820827363967546,0.009113289698812848,1.6306389082071252e-05,0,0,2.2204460492503131e-16,1.0658141036401503e-14,7.3879170681244808e-13,1.7763568394002505e-14,0.0027347580552373029,256,1.1251856217586731e-11,5.7692045585255869e-13,1.1102230246251565e-15,3.3556553369340492e-11,1.5993872011924397e-12,9.5923269327613525e-14,0.076401336991693825,2.9296422797488049,4.4408920985006242e-16,3.859197056632369e-13,1.5187850976872141e-13
quad,16,3,1.2,gll,coupled,0,shortwave,x,fe_geometry,0.0039945789513592287,0.00070642667577539551,0.036425663010049458,5.6546264295224367,0.0088692864225497926,0.0015683536286257786,0.015820827363717278,0.0091132896985288772,1.6306389082071252e-05,4.7236455855756474e-13,8.3532213334108541e-14,2.2204460492503131e-16,1.0658141036401503e-14,7.3879170681244808e-13,1.7763568394002505e-14,0.0027347580552373029,256,1.1251856217586731e-11,5.7692045585255869e-13,1.1102230246251565e-15,3.3556553369340492e-11,1.5993872011924397e-12,9.5923269327613525e-14,0.076401336991693825,2.9296422797488049,4.4408920985006242e-16,3.859197056632369e-13,1.5187850976872141e-13
quad,16,3,1.2,gll,coupled,0,shortwave,x,reused,0.003994578951450372,0.0007064266757915138,0.036425663010108078,5.6546264295224367,0.0088692864227743282,0.0015683536286654831,0.015820827364062602,0.0091132896989257681,1.6306389082071252e-05,1.5323390110711604e-13,2.7097644574317574e-14,2.2204460492503131e-16,1.0658141036401503e-14,7.3879170681244808e-13,1.7763568394002505e-14,0.0027347580552373029,256,1.1251856217586731e-11,5.7692045585255869e-13,1.1102230246251565e-15,3.3556553369340492e-11,1.5993872011924397e-12,9.5923269327613525e-14,0.076401336991693825,2.9296422797488049,4.4408920985006242e-16,3.859197056632369e-13,1.5187850976872141e-13
quad,16,3,1.2,gll,coupled,0,shortwave,x,reused_centered,0.003994578951446049,0.00070642667579074944,0.036425663010108078,5.6546264295224367,0.0088692864227607107,0.0015683536286630751,0.015820827364033428,0.0091132896988926279,1.6306389082071252e-05,1.1580025974995962e-13,2.0477937699468627e-14,2.2204460492503131e-16,1.0658141036401503e-14,7.3879170681244808e-13,1.7763568394002505e-14,0.0027347580552373029,256,1.1251856217586731e-11,5.7692045585255869e-13,1.1102230246251565e-15,3.3556553369340492e-11,1.5993872011924397e-12,9.5923269327613525e-14,0.076401336991693825,2.9296422797488049,4.4408920985006242e-16,3.859197056632369e-13,1.5187850976872141e-13
quad,16,3,1.2,gll,coupled,0,shortwave,y,recursive,0.0017767722673523809,0.00041895423496672444,0.022850973477237524,4.2409698221417944,0.0039747074746872115,0.00093712866231683448,0.0070925915568120822,0.0044563761155154468,1.6306389082071252e-05,1.8830841876107148e-05,4.4401438421075254e-06,2.2204460492503131e-16,1.0658141036401503e-14,7.3879170681244808e-13,1.7763568394002505e-14,0.0027347580552373029,256,1.1251856217586731e-11,5.7692045585255869e-13,1.1102230246251565e-15,3.3556553369340492e-11,1.5993872011924397e-12,9.5923269327613525e-14,0.076401336991693825,2.9296422797488049,4.4408920985006242e-16,3.859197056632369e-13,1.5187850976872141e-13
quad,16,3,1.2,gll,coupled,0,shortwave,y,direct,0.0017769537313178485,0.0004189970232847455,0.022747104456496858,4.2409698221417944,0.003974336496173265,0.00093704119560368971,0.007090845924284217,0.0044483339987514822,1.6306389082071252e-05,0,0,2.2204460492503131e-16,1.0658141036401503e-14,7.3879170681244808e-13,1.7763568394002505e-14,0.0027347580552373029,256,1.1251856217586731e-11,5.7692045585255869e-13,1.1102230246251565e-15,3.3556553369340492e-11,1.5993872011924397e-12,9.5923269327613525e-14,0.076401336991693825,2.9296422797488049,4.4408920985006242e-16,3.859197056632369e-13,1.5187850976872141e-13
quad,16,3,1.2,gll,coupled,0,shortwave,y,fe_geometry,0.0017769537312389715,0.00041899702326614666,0.022747104456405487,4.2409698221417944,0.0039743364959795805,0.00093704119555802399,0.007090845923902237,0.0044483339983534152,1.6306389082071252e-05,4.6330474925103791e-13,1.0924310994381491e-13,2.2204460492503131e-16,1.0658141036401503e-14,7.3879170681244808e-13,1.7763568394002505e-14,0.0027347580552373029,256,1.1251856217586731e-11,5.7692045585255869e-13,1.1102230246251565e-15,3.3556553369340492e-11,1.5993872011924397e-12,9.5923269327613525e-14,0.076401336991693825,2.9296422797488049,4.4408920985006242e-16,3.859197056632369e-13,1.5187850976872141e-13
quad,16,3,1.2,gll,coupled,0,shortwave,y,reused,0.0017769537313497045,0.00041899702329225701,0.022747104456536493,4.2409698221417944,0.0039743364962525722,0.00093704119562238819,0.0070908459244494113,0.0044483339989323202,1.6306389082071252e-05,1.4488164978928735e-13,3.4161795281309536e-14,2.2204460492503131e-16,1.0658141036401503e-14,7.3879170681244808e-13,1.7763568394002505e-14,0.0027347580552373029,256,1.1251856217586731e-11,5.7692045585255869e-13,1.1102230246251565e-15,3.3556553369340492e-11,1.5993872011924397e-12,9.5923269327613525e-14,0.076401336991693825,2.9296422797488049,4.4408920985006242e-16,3.859197056632369e-13,1.5187850976872141e-13
quad,16,3,1.2,gll,coupled,0,shortwave,y,reused_centered,0.0017769537313426472,0.00041899702329059292,0.022747104456534051,4.2409698221417944,0.0039743364962337244,0.00093704119561794437,0.0070908459244109386,0.004448333998888678,1.6306389082071252e-05,1.0851429083316475e-13,2.5586697790441372e-14,2.2204460492503131e-16,1.0658141036401503e-14,7.3879170681244808e-13,1.7763568394002505e-14,0.0027347580552373029,256,1.1251856217586731e-11,5.7692045585255869e-13,1.1102230246251565e-15,3.3556553369340492e-11,1.5993872011924397e-12,9.5923269327613525e-14,0.076401336991693825,2.9296422797488049,4.4408920985006242e-16,3.859197056632369e-13,1.5187850976872141e-13
quad,16,3,1.2,gll,coupled,0,shortwave,xx,recursive,0.67037046000008482,0.014807405062868007,4.22322676765544,45.272649539462421,1.1912568026451513,0.026315413196517902,0.51276861991953193,0.28961812725124608,1.6306389082071252e-05,0.0028275601295867569,6.204739699705754e-05,2.2204460492503131e-16,1.0658141036401503e-14,7.3879170681244808e-13,1.7763568394002505e-14,0.0027347580552373029,256,1.1251856217586731e-11,5.7692045585255869e-13,1.1102230246251565e-15,3.3556553369340492e-11,1.5993872011924397e-12,9.5923269327613525e-14,0.076401336991693825,2.9296422797488049,4.4408920985006242e-16,3.859197056632369e-13,1.5187850976872141e-13
quad,16,3,1.2,gll,coupled,0,shortwave,xx,direct,0.67040470777401784,0.014808161541101145,4.212048428465458,45.272649539462421,1.191237467401548,0.026314986072052762,0.5044545272519052,0.28423556285787138,1.6306389082071252e-05,0,0,2.2204460492503131e-16,1.0658141036401503e-14,7.3879170681244808e-13,1.7763568394002505e-14,0.0027347580552373029,256,1.1251856217586731e-11,5.7692045585255869e-13,1.1102230246251565e-15,3.3556553369340492e-11,1.5993872011924397e-12,9.5923269327613525e-14,0.076401336991693825,2.9296422797488049,4.4408920985006242e-16,3.859197056632369e-13,1.5187850976872141e-13
quad,16,3,1.2,gll,coupled,0,shortwave,xx,fe_geometry,0.67040470775198147,0.014808161540614396,4.2120484284613795,45.272649539462421,1.1912374673573909,0.026314986071077313,0.50445452720645678,0.28423556282227513,1.6306389082071252e-05,7.9008195719575497e-11,1.7337395709247671e-12,2.2204460492503131e-16,1.0658141036401503e-14,7.3879170681244808e-13,1.7763568394002505e-14,0.0027347580552373029,256,1.1251856217586731e-11,5.7692045585255869e-13,1.1102230246251565e-15,3.3556553369340492e-11,1.5993872011924397e-12,9.5923269327613525e-14,0.076401336991693825,2.9296422797488049,4.4408920985006242e-16,3.859197056632369e-13,1.5187850976872141e-13
quad,16,3,1.2,gll,coupled,0,shortwave,xx,reused,0.67040470778012062,0.014808161541235945,4.2120484284737429,45.272649539462421,1.1912374674150947,0.026314986072352015,0.50445452724974915,0.28423556285599372,1.6306389082071252e-05,2.996361535408392e-11,6.5751540272768227e-13,2.2204460492503131e-16,1.0658141036401503e-14,7.3879170681244808e-13,1.7763568394002505e-14,0.0027347580552373029,256,1.1251856217586731e-11,5.7692045585255869e-13,1.1102230246251565e-15,3.3556553369340492e-11,1.5993872011924397e-12,9.5923269327613525e-14,0.076401336991693825,2.9296422797488049,4.4408920985006242e-16,3.859197056632369e-13,1.5187850976872141e-13
quad,16,3,1.2,gll,coupled,0,shortwave,xx,reused_centered,0.67040470777772698,0.014808161541183074,4.2120484284722082,45.272649539462421,1.1912374674095227,0.026314986072228926,0.50445452724455819,0.28423556285173068,1.6306389082071252e-05,2.2405882106907673e-11,4.9167006126930631e-13,2.2204460492503131e-16,1.0658141036401503e-14,7.3879170681244808e-13,1.7763568394002505e-14,0.0027347580552373029,256,1.1251856217586731e-11,5.7692045585255869e-13,1.1102230246251565e-15,3.3556553369340492e-11,1.5993872011924397e-12,9.5923269327613525e-14,0.076401336991693825,2.9296422797488049,4.4408920985006242e-16,3.859197056632369e-13,1.5187850976872141e-13
quad,16,3,1.2,gll,coupled,0,shortwave,xy,recursive,0.07665077504128659,0.002257456420775602,0.58502989030382224,33.954487154596507,0.14529310914188706,0.0042794558857901597,0.13701880149146611,0.095518303284149605,1.6306389082071252e-05,0.0034311693333964367,0.00010104606707449043,2.2204460492503131e-16,1.0658141036401503e-14,7.3879170681244808e-13,1.7763568394002505e-14,0.0027347580552373029,256,1.1251856217586731e-11,5.7692045585255869e-13,1.1102230246251565e-15,3.3556553369340492e-11,1.5993872011924397e-12,9.5923269327613525e-14,0.076401336991693825,2.9296422797488049,4.4408920985006242e-16,3.859197056632369e-13,1.5187850976872141e-13
quad,16,3,1.2,gll,coupled,0,shortwave,xy,direct,0.076703671915700447,0.0022590142965925159,0.58787097374696629,33.954487154596507,0.14552670069239293,0.0042863360795005632,0.13840822673110278,0.097321141111031351,1.6306389082071252e-05,0,0,2.2204460492503131e-16,1.0658141036401503e-14,7.3879170681244808e-13,1.7763568394002505e-14,0.0027347580552373029,256,1.1251856217586731e-11,5.7692045585255869e-13,1.1102230246251565e-15,3.3556553369340492e-11,1.5993872011924397e-12,9.5923269327613525e-14,0.076401336991693825,2.9296422797488049,4.4408920985006242e-16,3.859197056632369e-13,1.5187850976872141e-13
quad,16,3,1.2,gll,coupled,0,shortwave,xy,fe_geometry,0.076703671912290536,0.0022590142964920897,0.58787097378492348,33.954487154596507,0.14552670068579301,0.004286336079306171,0.13840822672352504,0.097321141104010023,1.6306389082071252e-05,1.9999842665186781e-11,5.8898446770193958e-13,2.2204460492503131e-16,1.0658141036401503e-14,7.3879170681244808e-13,1.7763568394002505e-14,0.0027347580552373029,256,1.1251856217586731e-11,5.7692045585255869e-13,1.1102230246251565e-15,3.3556553369340492e-11,1.5993872011924397e-12,9.5923269327613525e-14,0.076401336991693825,2.9296422797488049,4.4408920985006242e-16,3.859197056632369e-13,1.5187850976872141e-13
quad,16,3,1.2,gll,coupled,0,shortwave,xy,reused,0.076703671916318231,0.0022590142966107105,0.58787097372876218,33.954487154596507,0.14552670069399889,0.0042863360795478657,0.13840822673216563,0.097321141112586537,1.6306389082071252e-05,6.9904826787948896e-12,2.0586590547117113e-13,2.2204460492503131e-16,1.0658141036401503e-14,7.3879170681244808e-13,1.7763568394002505e-14,0.0027347580552373029,256,1.1251856217586731e-11,5.7692045585255869e-13,1.1102230246251565e-15,3.3556553369340492e-11,1.5993872011924397e-12,9.5923269327613525e-14,0.076401336991693825,2.9296422797488049,4.4408920985006242e-16,3.859197056632369e-13,1.5187850976872141e-13
quad,16,3,1.2,gll,coupled,0,shortwave,xy,reused_centered,0.076703671916046726,0.0022590142966027139,0.58787097372802322,33.954487154596507,0.14552670069354662,0.0042863360795345438,0.13840822673131967,0.097321141111865517,1.6306389082071252e-05,7.2901370732758783e-12,2.1469056409386853e-13,2.2204460492503131e-16,1.0658141036401503e-14,7.3879170681244808e-13,1.7763568394002505e-14,0.0027347580552373029,256,1.1251856217586731e-11,5.7692045585255869e-13,1.1102230246251565e-15,3.3556553369340492e-11,1.5993872011924397e-12,9.5923269327613525e-14,0.076401336991693825,2.9296422797488049,4.4408920985006242e-16,3.859197056632369e-13,1.5187850976872141e-13
quad,16,3,1.2,gll,coupled,0,shortwave,yy,recursive,0.297321557508195,0.011675297628242794,2.5886231483357065,25.465865365947316,0.52972039984439123,0.020803143808868094,0.21161449498228416,0.11471794968034098,1.6306389082071252e-05,0.0027655626128156316,0.00010812999883635229,2.2204460492503131e-16,1.0658141036401503e-14,7.3879170681244808e-13,1.7763568394002505e-14,0.0027347580552373029,256,1.1251856217586731e-11,5.7692045585255869e-13,1.1102230246251565e-15,3.3556553369340492e-11,1.5993872011924397e-12,9.5923269327613525e-14,0.076401336991693825,2.9296422797488049,4.4408920985006242e-16,3.859197056632369e-13,1.5187850976872141e-13
quad,16,3,1.2,gll,coupled,0,shortwave,yy,direct,0.29732365969826507,0.011675380177570685,2.592234106735841,25.465865365947316,0.52959336653953593,0.020798154965489216,0.20442082996544253,0.11096933751884662,1.6306389082071252e-05,0,0,2.2204460492503131e-16,1.0658141036401503e-14,7.3879170681244808e-13,1.7763568394002505e-14,0.0027347580552373029,256,1.1251856217586731e-11,5.7692045585255869e-13,1.1102230246251565e-15,3.3556553369340492e-11,1.5993872011924397e-12,9.5923269327613525e-14,0.076401336991693825,2.9296422797488049,4.4408920985006242e-16,3.859197056632369e-13,1.5187850976872141e-13
quad,16,3,1.2,gll,coupled,0,shortwave,yy,fe_geometry,0.2973236596932311,0.011675380177373008,2.5922341067455257,25.465865365947316,0.52959336652973399,0.020798154965104274,0.20442082997839167,0.11096933752959112,1.6306389082071252e-05,3.2880759754026671e-11,1.2855961016632046e-12,2.2204460492503131e-16,1.0658141036401503e-14,7.3879170681244808e-13,1.7763568394002505e-14,0.0027347580552373029,256,1.1251856217586731e-11,5.7692045585255869e-13,1.1102230246251565e-15,3.3556553369340492e-11,1.5993872011924397e-12,9.5923269327613525e-14,0.076401336991693825,2.9296422797488049,4.4408920985006242e-16,3.859197056632369e-13,1.5187850976872141e-13
quad,16,3,1.2,gll,coupled,0,shortwave,yy,reused,0.29732365970663677,0.011675380177899425,2.5922341067653889,25.465865365947316,0.52959336655647027,0.02079815496615426,0.2044208299658071,0.11096933751927016,1.6306389082071252e-05,2.7639761276718115e-11,1.0806796927464205e-12,2.2204460492503131e-16,1.0658141036401503e-14,7.3879170681244808e-13,1.7763568394002505e-14,0.0027347580552373029,256,1.1251856217586731e-11,5.7692045585255869e-13,1.1102230246251565e-15,3.3556553369340492e-11,1.5993872011924397e-12,9.5923269327613525e-14,0.076401336991693825,2.9296422797488049,4.4408920985006242e-16,3.859197056632369e-13,1.5187850976872141e-13
quad,16,3,1.2,gll,coupled,0,shortwave,yy,reused_centered,0.29732365970375918,0.011675380177786427,2.5922341067514338,25.465865365947316,0.52959336655042089,0.02079815496591669,0.20442082996337629,0.11096933751758696,1.6306389082071252e-05,2.0445798779785492e-11,7.9940486178892496e-13,2.2204460492503131e-16,1.0658141036401503e-14,7.3879170681244808e-13,1.7763568394002505e-14,0.0027347580552373029,256,1.1251856217586731e-11,5.7692045585255869e-13,1.1102230246251565e-15,3.3556553369340492e-11,1.5993872011924397e-12,9.5923269327613525e-14,0.076401336991693825,2.9296422797488049,4.4408920985006242e-16,3.859197056632369e-13,1.5187850976872141e-13
quad,16,3,1.2,gll,coupled,0,shortwave,xxx,recursive,63.866385545597424,0.17647713541957868,256.70681772447659,361.89609148943589,87.819909255474172,0.24264331069138687,146.68241390012449,89.582141093475798,1.6306389082071252e-05,0.50464402517317619,0.0013941376151266052,2.2204460492503131e-16,1.0658141036401503e-14,7.3879170681244808e-13,1.7763568394002505e-14,0.0027347580552373029,256,1.1251856217586731e-11,5.7692045585255869e-13,1.1102230246251565e-15,3.3556553369340492e-11,1.5993872011924397e-12,9.5923269327613525e-14,0.076401336991693825,2.9296422797488049,4.4408920985006242e-16,3.859197056632369e-13,1.5187850976872141e-13
quad,16,3,1.2,gll,coupled,0,shortwave,xxx,direct,63.871364453689779,0.17649089325838782,255.33226215915823,361.89609148943589,87.821522063449081,0.24264776682291628,146.85052953331328,89.691481991635541,1.6306389082071252e-05,0,0,2.2204460492503131e-16,1.0658141036401503e-14,7.3879170681244808e-13,1.7763568394002505e-14,0.0027347580552373029,256,1.1251856217586731e-11,5.7692045585255869e-13,1.1102230246251565e-15,3.3556553369340492e-11,1.5993872011924397e-12,9.5923269327613525e-14,0.076401336991693825,2.9296422797488049,4.4408920985006242e-16,3.859197056632369e-13,1.5187850976872141e-13
quad,16,3,1.2,gll,coupled,0,shortwave,xxx,fe_geometry,63.871364450589752,0.17649089324982173,255.33226215886322,361.89609148943589,87.821522058749679,0.242647766809932,146.85052952485768,89.691481984512194,1.6306389082071252e-05,9.0011188678530752e-09,2.4866634233098203e-11,2.2204460492503131e-16,1.0658141036401503e-14,7.3879170681244808e-13,1.7763568394002505e-14,0.0027347580552373029,256,1.1251856217586731e-11,5.7692045585255869e-13,1.1102230246251565e-15,3.3556553369340492e-11,1.5993872011924397e-12,9.5923269327613525e-14,0.076401336991693825,2.9296422797488049,4.4408920985006242e-16,3.859197056632369e-13,1.5187850976872141e-13
quad,16,3,1.2,gll,coupled,0,shortwave,xxx,reused,63.87136445464504,0.1764908932610274,255.33226215858144,361.89609148943589,87.821522065040313,0.24264776682731279,146.85052953620885,89.691481994028607,1.6306389082071252e-05,3.701420215500405e-09,1.0225602393783041e-11,2.2204460492503131e-16,1.0658141036401503e-14,7.3879170681244808e-13,1.7763568394002505e-14,0.0027347580552373029,256,1.1251856217586731e-11,5.7692045585255869e-13,1.1102230246251565e-15,3.3556553369340492e-11,1.5993872011924397e-12,9.5923269327613525e-14,0.076401336991693825,2.9296422797488049,4.4408920985006242e-16,3.859197056632369e-13,1.5187850976872141e-13
quad,16,3,1.2,gll,coupled,0,shortwave,xxx,reused_centered,63.871364454245274,0.17649089325992276,255.33226215864426,361.89609148943589,87.821522064342986,0.24264776682538611,146.85052953492291,89.691481992974701,1.6306389082071252e-05,2.6410149869811322e-09,7.2961100336023691e-12,2.2204460492503131e-16,1.0658141036401503e-14,7.3879170681244808e-13,1.7763568394002505e-14,0.0027347580552373029,256,1.1251856217586731e-11,5.7692045585255869e-13,1.1102230246251565e-15,3.3556553369340492e-11,1.5993872011924397e-12,9.5923269327613525e-14,0.076401336991693825,2.9296422797488049,4.4408920985006242e-16,3.859197056632369e-13,1.5187850976872141e-13
quad,16,3,1.2,gll,coupled,0,shortwave,xxy,recursive,8.1897192911443693,0.030173372905423223,45.293379231045741,271.4220686170749,12.425190787387729,0.045773818324094238,16.873157414350406,8.8677490762090923,1.6306389082071252e-05,0.096988369578345085,0.00035492015359926438,2.2204460492503131e-16,1.0658141036401503e-14,7.3879170681244808e-13,1.7763568394002505e-14,0.0027347580552373029,256,1.1251856217586731e-11,5.7692045585255869e-13,1.1102230246251565e-15,3.3556553369340492e-11,1.5993872011924397e-12,9.5923269327613525e-14,0.076401336991693825,2.9296422797488049,4.4408920985006242e-16,3.859197056632369e-13,1.5187850976872141e-13
quad,16,3,1.2,gll,coupled,0,shortwave,xxy,direct,8.189045489180117,0.030170890417659104,45.34469970311558,271.4220686170749,12.427509823424396,0.045782361543755479,16.908320334781486,8.9548423358042175,1.6306389082071252e-05,0,0,2.2204460492503131e-16,1.0658141036401503e-14,7.3879170681244808e-13,1.7763568394002505e-14,0.0027347580552373029,256,1.1251856217586731e-11,5.7692045585255869e-13,1.1102230246251565e-15,3.3556553369340492e-11,1.5993872011924397e-12,9.5923269327613525e-14,0.076401336991693825,2.9296422797488049,4.4408920985006242e-16,3.859197056632369e-13,1.5187850976872141e-13
quad,16,3,1.2,gll,coupled,0,shortwave,xxy,fe_geometry,8.1890454887319244,0.030170890416007831,45.344699710878004,271.4220686170749,12.427509822731587,0.045782361541203208,16.908320333752769,8.9548423360133711,1.6306389082071252e-05,2.8231095804091926e-09,1.0330913801958585e-11,2.2204460492503131e-16,1.0658141036401503e-14,7.3879170681244808e-13,1.7763568394002505e-14,0.0027347580552373029,256,1.1251856217586731e-11,5.7692045585255869e-13,1.1102230246251565e-15,3.3556553369340492e-11,1.5993872011924397e-12,9.5923269327613525e-14,0.076401336991693825,2.9296422797488049,4.4408920985006242e-16,3.859197056632369e-13,1.5187850976872141e-13
quad,16,3,1.2,gll,coupled,0,shortwave,xxy,reused,8.189045489265828,0.030170890417974893,45.344699700344449,271.4220686170749,12.427509823671638,0.045782361544666313,16.908320334982573,8.9548423358564992,1.6306389082071252e-05,1.0983677517285973e-09,4.0193773010803522e-12,2.2204460492503131e-16,1.0658141036401503e-14,7.3879170681244808e-13,1.7763568394002505e-14,0.0027347580552373029,256,1.1251856217586731e-11,5.7692045585255869e-13,1.1102230246251565e-15,3.3556553369340492e-11,1.5993872011924397e-12,9.5923269327613525e-14,0.076401336991693825,2.9296422797488049,4.4408920985006242e-16,3.859197056632369e-13,1.5187850976872141e-13
quad,16,3,1.2,gll,coupled,0,shortwave,xxy,reused_centered,8.1890454892203266,0.030170890417807249,45.344699698757935,271.4220686170749,12.427509823616496,0.04578236154446317,16.908320334858804,8.9548423357614233,1.6306389082071252e-05,1.2581703753303806e-09,4.6041605277794617e-12,2.2204460492503131e-16,1.0658141036401503e-14,7.3879170681244808e-13,1.7763568394002505e-14,0.0027347580552373029,256,1.1251856217586731e-11,5.7692045585255869e-13,1.1102230246251565e-15,3.3556553369340492e-11,1.5993872011924397e-12,9.5923269327613525e-14,0.076401336991693825,2.9296422797488049,4.4408920985006242e-16,3.859197056632369e-13,1.5187850976872141e-13
quad,16,3,1.2,gll,coupled,0,shortwave,xyy,recursive,3.2559352802948283,0.015994451234242524,18.676169509051618,203.56655146280957,5.1544648457142674,0.02531840800332261,5.7958426324170977,3.7151873015558721,1.6306389082071252e-05,0.61716764614156217,0.0030217112804297374,2.2204460492503131e-16,1.0658141036401503e-14,7.3879170681244808e-13,1.7763568394002505e-14,0.0027347580552373029,256,1.1251856217586731e-11,5.7692045585255869e-13,1.1102230246251565e-15,3.3556553369340492e-11,1.5993872011924397e-12,9.5923269327613525e-14,0.076401336991693825,2.9296422797488049,4.4408920985006242e-16,3.859197056632369e-13,1.5187850976872141e-13
quad,16,3,1.2,gll,coupled,0,shortwave,xyy,direct,3.312132888196321,0.01627051627291249,19.993694886413266,203.56655146280957,5.2722105832488086,0.025896767680376253,5.5630645211949297,3.5430287201945578,1.6306389082071252e-05,0,0,2.2204460492503131e-16,1.0658141036401503e-14,7.3879170681244808e-13,1.7763568394002505e-14,0.0027347580552373029,256,1.1251856217586731e-11,5.7692045585255869e-13,1.1102230246251565e-15,3.3556553369340492e-11,1.5993872011924397e-12,9.5923269327613525e-14,0.076401336991693825,2.9296422797488049,4.4408920985006242e-16,3.859197056632369e-13,1.5187850976872141e-13
quad,16,3,1.2,gll,coupled,0,shortwave,xyy,fe_geometry,3.312132888148597,0.016270516272678053,19.993694886584706,203.56655146280957,5.2722105831588486,0.02589676767993437,5.5630645210091627,3.5430287204606388,1.6306389082071252e-05,2.4601862370807681e-09,1.20453049524242e-11,2.2204460492503131e-16,1.0658141036401503e-14,7.3879170681244808e-13,1.7763568394002505e-14,0.0027347580552373029,256,1.1251856217586731e-11,5.7692045585255869e-13,1.1102230246251565e-15,3.3556553369340492e-11,1.5993872011924397e-12,9.5923269327613525e-14,0.076401336991693825,2.9296422797488049,4.4408920985006242e-16,3.859197056632369e-13,1.5187850976872141e-13
quad,16,3,1.2,gll,coupled,0,shortwave,xyy,reused,3.3121328882763739,0.016270516273305745,19.993694886919741,203.56655146280957,5.2722105834257009,0.025896767681245134,5.5630645213436303,3.5430287202507289,1.6306389082071252e-05,1.0202157699737141e-09,4.9950730889330656e-12,2.2204460492503131e-16,1.0658141036401503e-14,7.3879170681244808e-13,1.7763568394002505e-14,0.0027347580552373029,256,1.1251856217586731e-11,5.7692045585255869e-13,1.1102230246251565e-15,3.3556553369340492e-11,1.5993872011924397e-12,9.5923269327613525e-14,0.076401336991693825,2.9296422797488049,4.4408920985006242e-16,3.859197056632369e-13,1.5187850976872141e-13
quad,16,3,1.2,gll,coupled,0,shortwave,xyy,reused_centered,3.3121328882430845,0.016270516273142212,19.993694886643198,203.56655146280957,5.2722105834604447,0.025896767681415796,5.5630645212370471,3.5430287201891422,1.6306389082071252e-05,1.2361104143643651e-09,6.0521137267858796e-12,2.2204460492503131e-16,1.0658141036401503e-14,7.3879170681244808e-13,1.7763568394002505e-14,0.0027347580552373029,256,1.1251856217586731e-11,5.7692045585255869e-13,1.1102230246251565e-15,3.3556553369340492e-11,1.5993872011924397e-12,9.5923269327613525e-14,0.076401336991693825,2.9296422797488049,4.4408920985006242e-16,3.859197056632369e-13,1.5187850976872141e-13
quad,16,3,1.2,gll,coupled,0,shortwave,yyy,recursive,28.155159634463548,0.18441248120671666,159.58537015885344,152.67491359710678,38.536229733300935,0.25238339096992757,63.314953815363921,35.92360931045129,1.6306389082071252e-05,0.46265725115599382,0.0030136959026977393,2.2204460492503131e-16,1.0658141036401503e-14,7.3879170681244808e-13,1.7763568394002505e-14,0.0027347580552373029,256,1.1251856217586731e-11,5.7692045585255869e-13,1.1102230246251565e-15,3.3556553369340492e-11,1.5993872011924397e-12,9.5923269327613525e-14,0.076401336991693825,2.9296422797488049,4.4408920985006242e-16,3.859197056632369e-13,1.5187850976872141e-13
quad,16,3,1.2,gll,coupled,0,shortwave,yyy,direct,28.152318524987802,0.18439387232455778,156.34012115524513,152.67491359710678,38.52156493670644,0.25228734755524956,63.3718498808174,35.95827590817774,1.6306389082071252e-05,0,0,2.2204460492503131e-16,1.0658141036401503e-14,7.3879170681244808e-13,1.7763568394002505e-14,0.0027347580552373029,256,1.1251856217586731e-11,5.7692045585255869e-13,1.1102230246251565e-15,3.3556553369340492e-11,1.5993872011924397e-12,9.5923269327613525e-14,0.076401336991693825,2.9296422797488049,4.4408920985006242e-16,3.859197056632369e-13,1.5187850976872141e-13
quad,16,3,1.2,gll,coupled,0,shortwave,yyy,fe_geometry,28.152318524975566,0.18439387232447765,156.34012115507198,152.67491359710678,38.521564936371185,0.25228734755305388,63.371849880623657,35.95827590819642,1.6306389082071252e-05,2.0214200431361945e-09,1.3167296711354516e-11,2.2204460492503131e-16,1.0658141036401503e-14,7.3879170681244808e-13,1.7763568394002505e-14,0.0027347580552373029,256,1.1251856217586731e-11,5.7692045585255869e-13,1.1102230246251565e-15,3.3556553369340492e-11,1.5993872011924397e-12,9.5923269327613525e-14,0.076401336991693825,2.9296422797488049,4.4408920985006242e-16,3.859197056632369e-13,1.5187850976872141e-13
quad,16,3,1.2,gll,coupled,0,shortwave,yyy,reused,28.152318526047559,0.18439387233149904,156.34012115509051,152.67491359710678,38.521564938351787,0.25228734756602533,63.371849883774743,35.958275910973406,1.6306389082071252e-05,3.2288648797988059e-09,2.1032452932059111e-11,2.2204460492503131e-16,1.0658141036401503e-14,7.3879170681244808e-13,1.7763568394002505e-14,0.0027347580552373029,256,1.1251856217586731e-11,5.7692045585255869e-13,1.1102230246251565e-15,3.3556553369340492e-11,1.5993872011924397e-12,9.5923269327613525e-14,0.076401336991693825,2.9296422797488049,4.4408920985006242e-16,3.859197056632369e-13,1.5187850976872141e-13
quad,16,3,1.2,gll,coupled,0,shortwave,yyy,reused_centered,28.152318525636737,0.18439387232880822,156.34012115521966,152.67491359710678,38.521564937718558,0.25228734756187821,63.371849882599733,35.958275909868149,1.6306389082071252e-05,2.303437614938638e-09,1.5004326604447498e-11,2.2204460492503131e-16,1.0658141036401503e-14,7.3879170681244808e-13,1.7763568394002505e-14,0.0027347580552373029,256,1.1251856217586731e-11,5.7692045585255869e-13,1.1102230246251565e-15,3.3556553369340492e-11,1.5993872011924397e-12,9.5923269327613525e-14,0.076401336991693825,2.9296422797488049,4.4408920985006242e-16,3.859197056632369e-13,1.5187850976872141e-13
quad,16,3,1.2,gll,coupled,0,exponential,x,recursive,2.6673086536606766e-06,1.1384729661219312e-06,1.3929707693094429e-05,2.3428827324258186,6.1619074805062337e-06,2.5721655391422026e-06,1.1852101399933798e-05,7.5391822552401502e-06,1.0627136365912729e-08,3.0050563102229669e-08,1.2826319646984257e-08,2.2204460492503131e-16,1.0658141036401503e-14,7.3879170681244808e-13,1.7763568394002505e-14,0.0027347580552373029,256,1.1251856217586731e-11,5.7692045585255869e-13,1.1102230246251565e-15,3.3556553369340492e-11,1.5993872011924397e-12,9.5923269327613525e-14,0.076401336991693825,2.9296422797488049,4.4408920985006242e-16,3.859197056632369e-13,1.5187850976872141e-13
quad,16,3,1.2,gll,coupled,0,exponential,x,direct,2.667479726702127e-06,1.1385459843055059e-06,1.391377863857457e-05,2.3428827324258186,6.1624355590523903e-06,2.5723859750125371e-06,1.1856354781654556e-05,7.5427704515325445e-06,1.0627136365912729e-08,0,0,2.2204460492503131e-16,1.0658141036401503e-14,7.3879170681244808e-13,1.7763568394002505e-14,0.0027347580552373029,256,1.1251856217586731e-11,5.7692045585255869e-13,1.1102230246251565e-15,3.3556553369340492e-11,1.5993872011924397e-12,9.5923269327613525e-14,0.076401336991693825,2.9296422797488049,4.4408920985006242e-16,3.859197056632369e-13,1.5187850976872141e-13
quad,16,3,1.2,gll,coupled,0,exponential,x,fe_geometry,2.6674797735608206e-06,1.1385460043059494e-06,1.3913778628360518e-05,2.3428827324258186,6.162435679086715e-06,2.5723860251184751e-06,1.1856355039026312e-05,7.5427706251891997e-06,1.0627136365912729e-08,2.1020410792591e-13,8.972028478118108e-14,2.2204460492503131e-16,1.0658141036401503e-14,7.3879170681244808e-13,1.7763568394002505e-14,0.0027347580552373029,256,1.1251856217586731e-11,5.7692045585255869e-13,1.1102230246251565e-15,3.3556553369340492e-11,1.5993872011924397e-12,9.5923269327613525e-14,0.076401336991693825,2.9296422797488049,4.4408920985006242e-16,3.859197056632369e-13,1.5187850976872141e-13
quad,16,3,1.2,gll,coupled,0,exponential,x,reused,2.6674797202142422e-06,1.1385459815363169e-06,1.3913778544871747e-05,2.3428827324258186,6.162435540975988e-06,2.5723859674669029e-06,1.1856354761819999e-05,7.5427704373502492e-06,1.0627136365912729e-08,1.6094860231530152e-13,6.8696823184595709e-14,2.2204460492503131e-16,1.0658141036401503e-14,7.3879170681244808e-13,1.7763568394002505e-14,0.0027347580552373029,256,1.1251856217586731e-11,5.7692045585255869e-13,1.1102230246251565e-15,3.3556553369340492e-11,1.5993872011924397e-12,9.5923269327613525e-14,0.076401336991693825,2.9296422797488049,4.4408920985006242e-16,3.859197056632369e-13,1.5187850976872141e-13
quad,16,3,1.2,gll,coupled,0,exponential,x,reused_centered,2.667479726760413e-06,1.1385459843303839e-06,1.3913778563523493e-05,2.3428827324258186,6.1624355572093135e-06,2.5723859742431813e-06,1.1856354793067234e-05,7.5427704588474762e-06,1.0627136365912729e-08,1.3513500531929755e-13,5.7678944911139547e-14,2.2204460492503131e-16,1.0658141036401503e-14,7.3879170681244808e-13,1.7763568394002505e-14,0.0027347580552373029,256,1.1251856217586731e-11,5.7692045585255869e-13,1.1102230246251565e-15,3.3556553369340492e-11,1.5993872011924397e-12,9.5923269327613525e-14,0.076401336991693825,2.9296422797488049,4.4408920985006242e-16,3.859197056632369e-13,1.5187850976872141e-13
quad,16,3,1.2,gll,coupled,0,exponential,y,recursive,1.7679351574089473e-06,1.5091964552390795e-06,2.1862555866780653e-05,1.1714413662129093,4.3753493978924642e-06,3.652804907755933e-06,8.0490429896611324e-06,4.2807418597894701e-06,1.0627136365912729e-08,6.148941895940768e-08,5.249039441094824e-08,2.2204460492503131e-16,1.0658141036401503e-14,7.3879170681244808e-13,1.7763568394002505e-14,0.0027347580552373029,256,1.1251856217586731e-11,5.7692045585255869e-13,1.1102230246251565e-15,3.3556553369340492e-11,1.5993872011924397e-12,9.5923269327613525e-14,0.076401336991693825,2.9296422797488049,4.4408920985006242e-16,3.859197056632369e-13,1.5187850976872141e-13
quad,16,3,1.2,gll,coupled,0,exponential,y,direct,1.769021399265088e-06,1.5101237247443834e-06,2.2575741932762128e-05,1.1714413662129093,4.3797300982389923e-06,3.6564621799575354e-06,8.0483153283726557e-06,4.2771947547255021e-06,1.0627136365912729e-08,0,0,2.2204460492503131e-16,1.0658141036401503e-14,7.3879170681244808e-13,1.7763568394002505e-14,0.0027347580552373029,256,1.1251856217586731e-11,5.7692045585255869e-13,1.1102230246251565e-15,3.3556553369340492e-11,1.5993872011924397e-12,9.5923269327613525e-14,0.076401336991693825,2.9296422797488049,4.4408920985006242e-16,3.859197056632369e-13,1.5187850976872141e-13
quad,16,3,1.2,gll,coupled,0,exponential,y,fe_geometry,1.7690213480764677e-06,1.5101236810472579e-06,2.2575741182695452e-05,1.1714413662129093,4.3797299644493074e-06,3.6564620682618565e-06,8.0483150841119182e-06,4.2771946942469591e-06,1.0627136365912729e-08,1.9976689377233833e-13,1.705308526542149e-13,2.2204460492503131e-16,1.0658141036401503e-14,7.3879170681244808e-13,1.7763568394002505e-14,0.0027347580552373029,256,1.1251856217586731e-11,5.7692045585255869e-13,1.1102230246251565e-15,3.3556553369340492e-11,1.5993872011924397e-12,9.5923269327613525e-14,0.076401336991693825,2.9296422797488049,4.4408920985006242e-16,3.859197056632369e-13,1.5187850976872141e-13
quad,16,3,1.2,gll,coupled,0,exponential,y,reused,1.7690214307947146e-06,1.5101237516596244e-06,2.2575742556707468e-05,1.1714413662129093,4.3797301797642423e-06,3.6564622480197184e-06,8.0483154721444876e-06,4.2771947881393196e-06,1.0627136365912729e-08,1.3497159281441252e-13,1.1521839466037895e-13,2.2204460492503131e-16,1.0658141036401503e-14,7.3879170681244808e-13,1.7763568394002505e-14,0.0027347580552373029,256,1.1251856217586731e-11,5.7692045585255869e-13,1.1102230246251565e-15,3.3556553369340492e-11,1.5993872011924397e-12,9.5923269327613525e-14,0.076401336991693825,2.9296422797488049,4.4408920985006242e-16,3.859197056632369e-13,1.5187850976872141e-13
quad,16,3,1.2,gll,coupled,0,exponential,y,reused_centered,1.7690214250771497e-06,1.5101237467788295e-06,2.2575742498753826e-05,1.1714413662129093,4.3797301653770277e-06,3.6564622360084058e-06,8.0483154456633866e-06,4.2771947821855894e-06,1.0627136365912729e-08,1.2049775456673156e-13,1.0286281395855797e-13,2.2204460492503131e-16,1.0658141036401503e-14,7.3879170681244808e-13,1.7763568394002505e-14,0.0027347580552373029,256,1.1251856217586731e-11,5.7692045585255869e-13,1.1102230246251565e-15,3.3556553369340492e-11,1.5993872011924397e-12,9.5923269327613525e-14,0.076401336991693825,2.9296422797488049,4.4408920985006242e-16,3.859197056632369e-13,1.5187850976872141e-13
quad,16,3,1.2,gll,coupled,0,exponential,xx,recursive,0.00048744500337172703,0.00020805352168310485,0.0019420347948271299,2.3428827324258186,0.00090271504317218892,0.00037682041365574203,0.00012279384684921733,5.1747381721998158e-05,1.0627136365912729e-08,5.2355163678100446e-06,2.2344559781492664e-06,2.2204460492503131e-16,1.0658141036401503e-14,7.3879170681244808e-13,1.7763568394002505e-14,0.0027347580552373029,256,1.1251856217586731e-11,5.7692045585255869e-13,1.1102230246251565e-15,3.3556553369340492e-11,1.5993872011924397e-12,9.5923269327613525e-14,0.076401336991693825,2.9296422797488049,4.4408920985006242e-16,3.859197056632369e-13,1.5187850976872141e-13
quad,16,3,1.2,gll,coupled,0,exponential,xx,direct,0.00048748033545347266,0.00020806860228498756,0.0019455048137699826,2.3428827324258186,0.00090285610712433995,0.00037687929799272473,0.00010322742695552145,4.6370771863014488e-05,1.0627136365912729e-08,0,0,2.2204460492503131e-16,1.0658141036401503e-14,7.3879170681244808e-13,1.7763568394002505e-14,0.0027347580552373029,256,1.1251856217586731e-11,5.7692045585255869e-13,1.1102230246251565e-15,3.3556553369340492e-11,1.5993872011924397e-12,9.5923269327613525e-14,0.076401336991693825,2.9296422797488049,4.4408920985006242e-16,3.859197056632369e-13,1.5187850976872141e-13
quad,16,3,1.2,gll,coupled,0,exponential,xx,fe_geometry,0.00048748035115138639,0.00020806860898524342,0.001945504852132629,2.3428827324258186,0.00090285613997922716,0.00037687931170734298,0.00010322738487489715,4.637075574791178e-05,1.0627136365912729e-08,3.6270954973579809e-11,1.5480011231021862e-11,2.2204460492503131e-16,1.0658141036401503e-14,7.3879170681244808e-13,1.7763568394002505e-14,0.0027347580552373029,256,1.1251856217586731e-11,5.7692045585255869e-13,1.1102230246251565e-15,3.3556553369340492e-11,1.5993872011924397e-12,9.5923269327613525e-14,0.076401336991693825,2.9296422797488049,4.4408920985006242e-16,3.859197056632369e-13,1.5187850976872141e-13
quad,16,3,1.2,gll,coupled,0,exponential,xx,reused,0.0004874803276203429,0.00020806859894161506,0.0019455047702598982,2.3428827324258186,0.00090285609055457865,0.00037687929107600791,0.00010322740222822411,4.6370763106540575e-05,1.0627136365912729e-08,2.1841650849704406e-11,9.321756229020298e-12,2.2204460492503131e-16,1.0658141036401503e-14,7.3879170681244808e-13,1.7763568394002505e-14,0.0027347580552373029,256,1.1251856217586731e-11,5.7692045585255869e-13,1.1102230246251565e-15,3.3556553369340492e-11,1.5993872011924397e-12,9.5923269327613525e-14,0.076401336991693825,2.9296422797488049,4.4408920985006242e-16,3.859197056632369e-13,1.5187850976872141e-13
quad,16,3,1.2,gll,coupled,0,exponential,xx,reused_centered,0.00048748033104504114,0.00020806860040336055,0.0019455047782779289,2.3428827324258186,0.00090285609745615182,0.0003768792939569322,0.0001032273979341071,4.6370761419576801e-05,1.0627136365912729e-08,1.8132649688968058e-11,7.7387987451080654e-12,2.2204460492503131e-16,1.0658141036401503e-14,7.3879170681244808e-13,1.7763568394002505e-14,0.0027347580552373029,256,1.1251856217586731e-11,5.7692045585255869e-13,1.1102230246251565e-15,3.3556553369340492e-11,1.5993872011924397e-12,9.5923269327613525e-14,0.076401336991693825,2.9296422797488049,4.4408920985006242e-16,3.859197056632369e-13,1.5187850976872141e-13
quad,16,3,1.2,gll,coupled,0,exponential,xy,recursive,5.1909108518356668e-05,4.4312169619014626e-05,0.00068099260057219446,1.1714413662129093,0.00010131355630469167,8.4582652043799228e-05,8.4165277391752747e-05,4.6024531314041867e-05,1.0627136365912729e-08,8.8554621699919819e-06,7.559440993437977e-06,2.2204460492503131e-16,1.0658141036401503e-14,7.3879170681244808e-13,1.7763568394002505e-14,0.0027347580552373029,256,1.1251856217586731e-11,5.7692045585255869e-13,1.1102230246251565e-15,3.3556553369340492e-11,1.5993872011924397e-12,9.5923269327613525e-14,0.076401336991693825,2.9296422797488049,4.4408920985006242e-16,3.859197056632369e-13,1.5187850976872141e-13
quad,16,3,1.2,gll,coupled,0,exponential,xy,direct,5.2530045444205555e-05,4.48422319369062e-05,0.00062646177443648199,1.1714413662129093,0.00010305616286953712,8.6037484843077229e-05,9.1938210063414471e-05,6.1223113583350699e-05,1.0627136365912729e-08,0,0,2.2204460492503131e-16,1.0658141036401503e-14,7.3879170681244808e-13,1.7763568394002505e-14,0.0027347580552373029,256,1.1251856217586731e-11,5.7692045585255869e-13,1.1102230246251565e-15,3.3556553369340492e-11,1.5993872011924397e-12,9.5923269327613525e-14,0.076401336991693825,2.9296422797488049,4.4408920985006242e-16,3.859197056632369e-13,1.5187850976872141e-13
quad,16,3,1.2,gll,coupled,0,exponential,xy,fe_geometry,5.2530047038452337e-05,4.4842233297833711e-05,0.00062646166194357811,1.1714413662129093,0.00010305616560338422,8.6037487125457257e-05,9.193821238848088e-05,6.1223115278561199e-05,1.0627136365912729e-08,8.9515564331816772e-12,7.6414715976510448e-12,2.2204460492503131e-16,1.0658141036401503e-14,7.3879170681244808e-13,1.7763568394002505e-14,0.0027347580552373029,256,1.1251856217586731e-11,5.7692045585255869e-13,1.1102230246251565e-15,3.3556553369340492e-11,1.5993872011924397e-12,9.5923269327613525e-14,0.076401336991693825,2.9296422797488049,4.4408920985006242e-16,3.859197056632369e-13,1.5187850976872141e-13
quad,16,3,1.2,gll,coupled,0,exponential,xy,reused,5.2530045026765147e-05,4.4842231580558517e-05,0.00062646180937986351,1.1714413662129093,0.00010305616229838344,8.6037484366243772e-05,9.1938211787978444e-05,6.1223114521077022e-05,1.0627136365912729e-08,4.1929619871992066e-12,3.5793105002886084e-12,2.2204460492503131e-16,1.0658141036401503e-14,7.3879170681244808e-13,1.7763568394002505e-14,0.0027347580552373029,256,1.1251856217586731e-11,5.7692045585255869e-13,1.1102230246251565e-15,3.3556553369340492e-11,1.5993872011924397e-12,9.5923269327613525e-14,0.076401336991693825,2.9296422797488049,4.4408920985006242e-16,3.859197056632369e-13,1.5187850976872141e-13
quad,16,3,1.2,gll,coupled,0,exponential,xy,reused_centered,5.2530045315134112e-05,4.4842231826724459e-05,0.00062646182417047669,1.1714413662129093,0.00010305616286635896,8.6037484840423902e-05,9.193821205001741e-05,6.1223114471941969e-05,1.0627136365912729e-08,4.067047328177873e-12,3.4718237969625979e-12,2.2204460492503131e-16,1.0658141036401503e-14,7.3879170681244808e-13,1.7763568394002505e-14,0.0027347580552373029,256,1.1251856217586731e-11,5.7692045585255869e-13,1.1102230246251565e-15,3.3556553369340492e-11,1.5993872011924397e-12,9.5923269327613525e-14,0.076401336991693825,2.9296422797488049,4.4408920985006242e-16,3.859197056632369e-13,1.5187850976872141e-13
quad,16,3,1.2,gll,coupled,0,exponential,yy,recursive,0.00037239135017239018,0.00063578316578707548,0.0036957207738116393,0.58572068310645464,0.00073144153516972092,0.0012213027972995528,9.4673188397154857e-05,5.9335113243752382e-05,1.0627136365912729e-08,7.6423057664519417e-06,1.3049720181706629e-05,2.2204460492503131e-16,1.0658141036401503e-14,7.3879170681244808e-13,1.7763568394002505e-14,0.0027347580552373029,256,1.1251856217586731e-11,5.7692045585255869e-13,1.1102230246251565e-15,3.3556553369340492e-11,1.5993872011924397e-12,9.5923269327613525e-14,0.076401336991693825,2.9296422797488049,4.4408920985006242e-16,3.859197056632369e-13,1.5187850976872141e-13
quad,16,3,1.2,gll,coupled,0,exponential,yy,direct,0.00037267012127770876,0.00063625911125623678,0.0038226667771940059,0.58572068310645464,0.00073265050464361222,0.00122332143820155,7.4806915322127204e-05,4.949679260528755e-05,1.0627136365912729e-08,0,0,2.2204460492503131e-16,1.0658141036401503e-14,7.3879170681244808e-13,1.7763568394002505e-14,0.0027347580552373029,256,1.1251856217586731e-11,5.7692045585255869e-13,1.1102230246251565e-15,3.3556553369340492e-11,1.5993872011924397e-12,9.5923269327613525e-14,0.076401336991693825,2.9296422797488049,4.4408920985006242e-16,3.859197056632369e-13,1.5187850976872141e-13
quad,16,3,1.2,gll,coupled,0,exponential,yy,fe_geometry,0.00037267011698310524,0.00063625910392406696,0.0038226666416428801,0.58572068310645464,0.00073265049590249447,0.0012233214236063281,7.4806926142066238e-05,4.949680114792729e-05,1.0627136365912729e-08,1.430913745303393e-11,2.4433756710360396e-11,2.2204460492503131e-16,1.0658141036401503e-14,7.3879170681244808e-13,1.7763568394002505e-14,0.0027347580552373029,256,1.1251856217586731e-11,5.7692045585255869e-13,1.1102230246251565e-15,3.3556553369340492e-11,1.5993872011924397e-12,9.5923269327613525e-14,0.076401336991693825,2.9296422797488049,4.4408920985006242e-16,3.859197056632369e-13,1.5187850976872141e-13
quad,16,3,1.2,gll,coupled,0,exponential,yy,reused,0.00037267012940999359,0.00063625912514047385,0.0038226668939755903,0.58572068310645464,0.00073265052113984,0.001223321465745637,7.4806895620838047e-05,4.9496776177970456e-05,1.0627136365912729e-08,1.9630776775179567e-11,3.3520792244429172e-11,2.2204460492503131e-16,1.0658141036401503e-14,7.3879170681244808e-13,1.7763568394002505e-14,0.0027347580552373029,256,1.1251856217586731e-11,5.7692045585255869e-13,1.1102230246251565e-15,3.3556553369340492e-11,1.5993872011924397e-12,9.5923269327613525e-14,0.076401336991693825,2.9296422797488049,4.4408920985006242e-16,3.859197056632369e-13,1.5187850976872141e-13
quad,16,3,1.2,gll,coupled,0,exponential,yy,reused_centered,0.00037267012647070383,0.00063625912012222913,0.0038226668846802481,0.58572068310645464,0.00073265051526373495,0.001223321455934185,7.4806892348902495e-05,4.9496773602906054e-05,1.0627136365912729e-08,1.6288487649092987e-11,2.7813622288830806e-11,2.2204460492503131e-16,1.0658141036401503e-14,7.3879170681244808e-13,1.7763568394002505e-14,0.0027347580552373029,256,1.1251856217586731e-11,5.7692045585255869e-13,1.1102230246251565e-15,3.3556553369340492e-11,1.5993872011924397e-12,9.5923269327613525e-14,0.076401336991693825,2.9296422797488049,4.4408920985006242e-16,3.859197056632369e-13,1.5187850976872141e-13
quad,16,3,1.2,gll,coupled,0,exponential,xxx,recursive,0.050998418043290625,0.021767379705977391,0.15807466494352207,2.3428827324258186,0.073066290678983931,0.030500067641714975,0.1275404002184293,0.079905793167312111,1.0627136365912729e-08,0.0012386057083740465,0.00052823411413785405,2.2204460492503131e-16,1.0658141036401503e-14,7.3879170681244808e-13,1.7763568394002505e-14,0.0027347580552373029,256,1.1251856217586731e-11,5.7692045585255869e-13,1.1102230246251565e-15,3.3556553369340492e-11,1.5993872011924397e-12,9.5923269327613525e-14,0.076401336991693825,2.9296422797488049,4.4408920985006242e-16,3.859197056632369e-13,1.5187850976872141e-13
quad,16,3,1.2,gll,coupled,0,exponential,xxx,direct,0.051013533563010929,0.021773831381731838,0.1576587368768938,2.3428827324258186,0.073107745961768097,0.030517372323768409,0.12782852165523084,0.080120700749966092,1.0627136365912729e-08,0,0,2.2204460492503131e-16,1.0658141036401503e-14,7.3879170681244808e-13,1.7763568394002505e-14,0.0027347580552373029,256,1.1251856217586731e-11,5.7692045585255869e-13,1.1102230246251565e-15,3.3556553369340492e-11,1.5993872011924397e-12,9.5923269327613525e-14,0.076401336991693825,2.9296422797488049,4.4408920985006242e-16,3.859197056632369e-13,1.5187850976872141e-13
quad,16,3,1.2,gll,coupled,0,exponential,xxx,fe_geometry,0.051013535805017149,0.021773832338675258,0.15765874126312029,2.3428827324258186,0.073107749473577441,0.030517373789703268,0.12782852797269351,0.080120704255886771,1.0627136365912729e-08,4.2643920946156591e-09,1.8186557394385177e-09,2.2204460492503131e-16,1.0658141036401503e-14,7.3879170681244808e-13,1.7763568394002505e-14,0.0027347580552373029,256,1.1251856217586731e-11,5.7692045585255869e-13,1.1102230246251565e-15,3.3556553369340492e-11,1.5993872011924397e-12,9.5923269327613525e-14,0.076401336991693825,2.9296422797488049,4.4408920985006242e-16,3.859197056632369e-13,1.5187850976872141e-13
quad,16,3,1.2,gll,coupled,0,exponential,xxx,reused,0.051013532315020982,0.021773830849059022,0.15765872903994138,2.3428827324258186,0.073107744072215722,0.030517371535012411,0.1278285183236173,0.080120698771331086,1.0627136365912729e-08,2.2973837911657067e-09,9.7977627872727352e-10,2.2204460492503131e-16,1.0658141036401503e-14,7.3879170681244808e-13,1.7763568394002505e-14,0.0027347580552373029,256,1.1251856217586731e-11,5.7692045585255869e-13,1.1102230246251565e-15,3.3556553369340492e-11,1.5993872011924397e-12,9.5923269327613525e-14,0.076401336991693825,2.9296422797488049,4.4408920985006242e-16,3.859197056632369e-13,1.5187850976872141e-13
quad,16,3,1.2,gll,coupled,0,exponential,xxx,reused_centered,0.051013532819878159,0.021773831064544485,0.15765872931393021,2.3428827324258186,0.073107744778683897,0.030517371829913473,0.12782851972505213,0.080120699613642432,1.0627136365912729e-08,1.6704723696577008e-09,7.1241435947865123e-10,2.2204460492503131e-16,1.0658141036401503e-14,7.3879170681244808e-13,1.7763568394002505e-14,0.0027347580552373029,256,1.1251856217586731e-11,5.7692045585255869e-13,1.1102230246251565e-15,3.3556553369340492e-11,1.5993872011924397e-12,9.5923269327613525e-14,0.076401336991693825,2.9296422797488049,4.4408920985006242e-16,3.859197056632369e-13,1.5187850976872141e-13
quad,16,3,1.2,gll,coupled,0,exponential,xxy,recursive,0.0061121543012034457,0.0052176357071656984,0.06453466980149436,1.1714413662129093,0.0098288833108658661,0.0082057431145922,0.012674615547120341,0.0070673641261560522,1.0627136365912729e-08,0.00020014306016843128,0.00017089220751847711,2.2204460492503131e-16,1.0658141036401503e-14,7.3879170681244808e-13,1.7763568394002505e-14,0.0027347580552373029,256,1.1251856217586731e-11,5.7692045585255869e-13,1.1102230246251565e-15,3.3556553369340492e-11,1.5993872011924397e-12,9.5923269327613525e-14,0.076401336991693825,2.9296422797488049,4.4408920985006242e-16,3.859197056632369e-13,1.5187850976872141e-13
quad,16,3,1.2,gll,coupled,0,exponential,xxy,direct,0.0061098449954941096,0.0052156643701650246,0.064043741238238416,1.1714413662129093,0.0098292228063103868,0.0082060265458140606,0.012723573193209535,0.007185428893963057,1.0627136365912729e-08,0,0,2.2204460492503131e-16,1.0658141036401503e-14,7.3879170681244808e-13,1.7763568394002505e-14,0.0027347580552373029,256,1.1251856217586731e-11,5.7692045585255869e-13,1.1102230246251565e-15,3.3556553369340492e-11,1.5993872011924397e-12,9.5923269327613525e-14,0.076401336991693825,2.9296422797488049,4.4408920985006242e-16,3.859197056632369e-13,1.5187850976872141e-13
quad,16,3,1.2,gll,coupled,0,exponential,xxy,fe_geometry,0.0061098451646488796,0.0052156645145638603,0.064043732586997582,1.1714413662129093,0.0098292228830804927,0.0082060266099063632,0.01272357378408411,0.0071854289958923822,1.0627136365912729e-08,1.3246730869505144e-09,1.1310724832466388e-09,2.2204460492503131e-16,1.0658141036401503e-14,7.3879170681244808e-13,1.7763568394002505e-14,0.0027347580552373029,256,1.1251856217586731e-11,5.7692045585255869e-13,1.1102230246251565e-15,3.3556553369340492e-11,1.5993872011924397e-12,9.5923269327613525e-14,0.076401336991693825,2.9296422797488049,4.4408920985006242e-16,3.859197056632369e-13,1.5187850976872141e-13
quad,16,3,1.2,gll,coupled,0,exponential,xxy,reused,0.0061098449113417422,0.0052156642983284219,0.064043743093963323,1.1714413662129093,0.0098292227144776423,0.0082060264691465601,0.012723572910682299,0.0071854288080393609,1.0627136365912729e-08,5.0935239860800407e-10,4.3491068703406732e-10,2.2204460492503131e-16,1.0658141036401503e-14,7.3879170681244808e-13,1.7763568394002505e-14,0.0027347580552373029,256,1.1251856217586731e-11,5.7692045585255869e-13,1.1102230246251565e-15,3.3556553369340492e-11,1.5993872011924397e-12,9.5923269327613525e-14,0.076401336991693825,2.9296422797488049,4.4408920985006242e-16,3.859197056632369e-13,1.5187850976872141e-13
quad,16,3,1.2,gll,coupled,0,exponential,xxy,reused_centered,0.0061098449700748968,0.0052156643484659333,0.064043751420620465,1.1714413662129093,0.0098292228251642567,0.0082060265615544036,0.01272357304738961,0.0071854288945718591,1.0627136365912729e-08,5.8546893947804653e-10,4.9990281659881577e-10,2.2204460492503131e-16,1.0658141036401503e-14,7.3879170681244808e-13,1.7763568394002505e-14,0.0027347580552373029,256,1.1251856217586731e-11,5.7692045585255869e-13,1.1102230246251565e-15,3.3556553369340492e-11,1.5993872011924397e-12,9.5923269327613525e-14,0.076401336991693825,2.9296422797488049,4.4408920985006242e-16,3.859197056632369e-13,1.5187850976872141e-13
quad,16,3,1.2,gll,coupled,0,exponential,xyy,recursive,0.0022424053031898971,0.0038284550432758752,0.041123963571743416,0.58572068310645464,0.0038689187496354195,0.0064600122692759403,0.0041333660654733675,0.0026166003686896714,1.0627136365912729e-08,0.0018378023672969302,0.0031386754170253748,2.2204460492503131e-16,1.0658141036401503e-14,7.3879170681244808e-13,1.7763568394002505e-14,0.0027347580552373029,256,1.1251856217586731e-11,5.7692045585255869e-13,1.1102230246251565e-15,3.3556553369340492e-11,1.5993872011924397e-12,9.5923269327613525e-14,0.076401336991693825,2.9296422797488049,4.4408920985006242e-16,3.859197056632369e-13,1.5187850976872141e-13
quad,16,3,1.2,gll,coupled,0,exponential,xyy,direct,0.0027796826538244888,0.0047457478180248612,0.038587010228064988,0.58572068310645464,0.0049701392396302143,0.0082987425029400104,0.0042580491714455928,0.0026550229098053226,1.0627136365912729e-08,0,0,2.2204460492503131e-16,1.0658141036401503e-14,7.3879170681244808e-13,1.7763568394002505e-14,0.0027347580552373029,256,1.1251856217586731e-11,5.7692045585255869e-13,1.1102230246251565e-15,3.3556553369340492e-11,1.5993872011924397e-12,9.5923269327613525e-14,0.076401336991693825,2.9296422797488049,4.4408920985006242e-16,3.859197056632369e-13,1.5187850976872141e-13
quad,16,3,1.2,gll,coupled,0,exponential,xyy,fe_geometry,0.0027796825992669801,0.0047457477248789128,0.038586997310963267,0.58572068310645464,0.004970138989496619,0.008298742085286864,0.0042580490970721583,0.0026550232633545424,1.0627136365912729e-08,1.0917470319805033e-09,1.8645310463537923e-09,2.2204460492503131e-16,1.0658141036401503e-14,7.3879170681244808e-13,1.7763568394002505e-14,0.0027347580552373029,256,1.1251856217586731e-11,5.7692045585255869e-13,1.1102230246251565e-15,3.3556553369340492e-11,1.5993872011924397e-12,9.5923269327613525e-14,0.076401336991693825,2.9296422797488049,4.4408920985006242e-16,3.859197056632369e-13,1.5187850976872141e-13
quad,16,3,1.2,gll,coupled,0,exponential,xyy,reused,0.0027796826864435321,0.0047457478737153022,0.038587012769722873,0.58572068310645464,0.0049701393169325914,0.0082987426320133614,0.0042580493096860249,0.0026550228397587395,1.0627136365912729e-08,4.8154732404604862e-10,8.2240657374966129e-10,2.2204460492503131e-16,1.0658141036401503e-14,7.3879170681244808e-13,1.7763568394002505e-14,0.0027347580552373029,256,1.1251856217586731e-11,5.7692045585255869e-13,1.1102230246251565e-15,3.3556553369340492e-11,1.5993872011924397e-12,9.5923269327613525e-14,0.076401336991693825,2.9296422797488049,4.4408920985006242e-16,3.859197056632369e-13,1.5187850976872141e-13
quad,16,3,1.2,gll,coupled,0,exponential,xyy,reused_centered,0.0027796826934773848,0.0047457478857241891,0.038587020474723177,0.58572068310645464,0.0049701393618735946,0.008298742707052267,0.0042580493036986408,0.0026550228429921248,1.0627136365912729e-08,5.6067013735373889e-10,9.5753580933770743e-10,2.2204460492503131e-16,1.0658141036401503e-14,7.3879170681244808e-13,1.7763568394002505e-14,0.0027347580552373029,256,1.1251856217586731e-11,5.7692045585255869e-13,1.1102230246251565e-15,3.3556553369340492e-11,1.5993872011924397e-12,9.5923269327613525e-14,0.076401336991693825,2.9296422797488049,4.4408920985006242e-16,3.859197056632369e-13,1.5187850976872141e-13
quad,16,3,1.2,gll,coupled,0,exponential,yyy,recursive,0.044778006187525185,0.15289883891427064,0.34290062548798006,0.29286034155322732,0.067173758709706516,0.22432278035250935,0.11050861234965621,0.045690703077761033,1.0627136365912729e-08,0.0014170315817677705,0.0048004601310902076,2.2204460492503131e-16,1.0658141036401503e-14,7.3879170681244808e-13,1.7763568394002505e-14,0.0027347580552373029,256,1.1251856217586731e-11,5.7692045585255869e-13,1.1102230246251565e-15,3.3556553369340492e-11,1.5993872011924397e-12,9.5923269327613525e-14,0.076401336991693825,2.9296422797488049,4.4408920985006242e-16,3.859197056632369e-13,1.5187850976872141e-13
quad,16,3,1.2,gll,coupled,0,exponential,yyy,direct,0.044895297020579046,0.15329933982344732,0.357466379924605,0.29286034155322732,0.06751438366344184,0.22546027716893077,0.11057030359451613,0.045746050521385452,1.0627136365912729e-08,0,0,2.2204460492503131e-16,1.0658141036401503e-14,7.3879170681244808e-13,1.7763568394002505e-14,0.0027347580552373029,256,1.1251856217586731e-11,5.7692045585255869e-13,1.1102230246251565e-15,3.3556553369340492e-11,1.5993872011924397e-12,9.5923269327613525e-14,0.076401336991693825,2.9296422797488049,4.4408920985006242e-16,3.859197056632369e-13,1.5187850976872141e-13
quad,16,3,1.2,gll,coupled,0,exponential,yyy,fe_geometry,0.044895296873660208,0.15329933932177869,0.35746635000258514,0.29286034155322732,0.06751438318635361,0.22546027557572298,0.11057030317580729,0.045746050365732933,1.0627136365912729e-08,8.5383934707877333e-10,2.8925408556486777e-09,2.2204460492503131e-16,1.0658141036401503e-14,7.3879170681244808e-13,1.7763568394002505e-14,0.0027347580552373029,256,1.1251856217586731e-11,5.7692045585255869e-13,1.1102230246251565e-15,3.3556553369340492e-11,1.5993872011924397e-12,9.5923269327613525e-14,0.076401336991693825,2.9296422797488049,4.4408920985006242e-16,3.859197056632369e-13,1.5187850976872141e-13
quad,16,3,1.2,gll,coupled,0,exponential,yyy,reused,0.044895298045206922,0.1532993433221384,0.35746637988542901,0.29286034155322732,0.067514385227682883,0.22546028239262092,0.11057030614848667,0.045746051278109698,1.0627136365912729e-08,1.7602573817437987e-09,5.963201872308851e-09,2.2204460492503131e-16,1.0658141036401503e-14,7.3879170681244808e-13,1.7763568394002505e-14,0.0027347580552373029,256,1.1251856217586731e-11,5.7692045585255869e-13,1.1102230246251565e-15,3.3556553369340492e-11,1.5993872011924397e-12,9.5923269327613525e-14,0.076401336991693825,2.9296422797488049,4.4408920985006242e-16,3.859197056632369e-13,1.5187850976872141e-13
quad,16,3,1.2,gll,coupled,0,exponential,yyy,reused_centered,0.0448952976212331,0.15329934187443875,0.35746638755098237,0.29286034155322732,0.067514384680322129,0.22546028056474213,0.11057030505442679,0.045746050965269625,1.0627136365912729e-08,1.2697449590164074e-09,4.3014990850147251e-09,2.2204460492503131e-16,1.0658141036401503e-14,7.3879170681244808e-13,1.7763568394002505e-14,0.0027347580552373029,256,1.1251856217586731e-11,5.7692045585255869e-13,1.1102230246251565e-15,3.3556553369340492e-11,1.5993872011924397e-12,9.5923269327613525e-14,0.076401336991693825,2.9296422797488049,4.4408920985006242e-16,3.859197056632369e-13,1.5187850976872141e-13
quad,16,3,1.2,gll,coupled,0,constant,x,recursive,1.8256716864970239e-13,nan,2.5310108780665543e-12,0,3.7318913496047227e-13,nan,5.2245939949429006e-13,3.7511387237044551e-13,1.2891643254700588e-15,6.7179293935353996e-14,nan,2.2204460492503131e-16,1.0658141036401503e-14,7.3879170681244808e-13,1.7763568394002505e-14,0.0027347580552373029,256,1.1251856217586731e-11,5.7692045585255869e-13,1.1102230246251565e-15,3.3556553369340492e-11,1.5993872011924397e-12,9.5923269327613525e-14,0.076401336991693825,2.9296422797488049,4.4408920985006242e-16,3.859197056632369e-13,1.5187850976872141e-13
quad,16,3,1.2,gll,coupled,0,constant,x,direct,1.8413392110078501e-13,nan,2.5512653975144819e-12,0,3.7122406117364227e-13,nan,5.0953828269694789e-13,3.6248504673990998e-13,1.2891643254700588e-15,0,nan,2.2204460492503131e-16,1.0658141036401503e-14,7.3879170681244808e-13,1.7763568394002505e-14,0.0027347580552373029,256,1.1251856217586731e-11,5.7692045585255869e-13,1.1102230246251565e-15,3.3556553369340492e-11,1.5993872011924397e-12,9.5923269327613525e-14,0.076401336991693825,2.9296422797488049,4.4408920985006242e-16,3.859197056632369e-13,1.5187850976872141e-13
quad,16,3,1.2,gll,coupled,0,constant,x,fe_geometry,1.841339211007758e-13,nan,2.551265397514187e-12,0,3.7122406117361047e-13,nan,5.0953828269690548e-13,3.624850467398859e-13,1.2891643254700588e-15,2.0472322405199741e-26,nan,2.2204460492503131e-16,1.0658141036401503e-14,7.3879170681244808e-13,1.7763568394002505e-14,0.0027347580552373029,256,1.1251856217586731e-11,5.7692045585255869e-13,1.1102230246251565e-15,3.3556553369340492e-11,1.5993872011924397e-12,9.5923269327613525e-14,0.076401336991693825,2.9296422797488049,4.4408920985006242e-16,3.859197056632369e-13,1.5187850976872141e-13
quad,16,3,1.2,gll,coupled,0,constant,x,reused,1.7613178964377326e-13,nan,2.3637889635802767e-12,0,3.5897617189084584e-13,nan,5.0350072091735551e-13,3.5741201627986092e-13,1.2891643254700588e-15,4.8470611237512656e-14,nan,2.2204460492503131e-16,1.0658141036401503e-14,7.3879170681244808e-13,1.7763568394002505e-14,0.0027347580552373029,256,1.1251856217586731e-11,5.7692045585255869e-13,1.1102230246251565e-15,3.3556553369340492e-11,1.5993872011924397e-12,9.5923269327613525e-14,0.076401336991693825,2.9296422797488049,4.4408920985006242e-16,3.859197056632369e-13,1.5187850976872141e-13
quad,16,3,1.2,gll,coupled,0,constant,x,reused_centered,1.7633371283595351e-13,nan,2.3597433133367385e-12,0,3.5902920039667483e-13,nan,5.0343042182134085e-13,3.5744334903806913e-13,1.2891643254700588e-15,4.4698478289948348e-14,nan,2.2204460492503131e-16,1.0658141036401503e-14,7.3879170681244808e-13,1.7763568394002505e-14,0.0027347580552373029,256,1.1251856217586731e-11,5.7692045585255869e-13,1.1102230246251565e-15,3.3556553369340492e-11,1.5993872011924397e-12,9.5923269327613525e-14,0.076401336991693825,2.9296422797488049,4.4408920985006242e-16,3.859197056632369e-13,1.5187850976872141e-13
quad,16,3,1.2,gll,coupled,0,constant,y,recursive,1.8448744718730409e-13,nan,2.9660086902555497e-12,0,3.726818116792705e-13,nan,5.4863556704439663e-13,3.9762010574929793e-13,1.2891643254700588e-15,5.8999782109393187e-14,nan,2.2204460492503131e-16,1.0658141036401503e-14,7.3879170681244808e-13,1.7763568394002505e-14,0.0027347580552373029,256,1.1251856217586731e-11,5.7692045585255869e-13,1.1102230246251565e-15,3.3556553369340492e-11,1.5993872011924397e-12,9.5923269327613525e-14,0.076401336991693825,2.9296422797488049,4.4408920985006242e-16,3.859197056632369e-13,1.5187850976872141e-13
quad,16,3,1.2,gll,coupled,0,constant,y,direct,1.8238370979018885e-13,nan,2.9640181170907347e-12,0,3.6435304496689779e-13,nan,5.1984679209575915e-13,3.7617291716912903e-13,1.2891643254700588e-15,0,nan,2.2204460492503131e-16,1.0658141036401503e-14,7.3879170681244808e-13,1.7763568394002505e-14,0.0027347580552373029,256,1.1251856217586731e-11,5.7692045585255869e-13,1.1102230246251565e-15,3.3556553369340492e-11,1.5993872011924397e-12,9.5923269327613525e-14,0.076401336991693825,2.9296422797488049,4.4408920985006242e-16,3.859197056632369e-13,1.5187850976872141e-13
quad,16,3,1.2,gll,coupled,0,constant,y,fe_geometry,1.8238370979018529e-13,nan,2.9640181170908535e-12,0,3.6435304496689294e-13,nan,5.1984679209574865e-13,3.7617291716912166e-13,1.2891643254700588e-15,1.7953684380227951e-26,nan,2.2204460492503131e-16,1.0658141036401503e-14,7.3879170681244808e-13,1.7763568394002505e-14,0.0027347580552373029,256,1.1251856217586731e-11,5.7692045585255869e-13,1.1102230246251565e-15,3.3556553369340492e-11,1.5993872011924397e-12,9.5923269327613525e-14,0.076401336991693825,2.9296422797488049,4.4408920985006242e-16,3.859197056632369e-13,1.5187850976872141e-13
quad,16,3,1.2,gll,coupled,0,constant,y,reused,1.7724208288622818e-13,nan,2.8445738309007927e-12,0,3.5646910287475664e-13,nan,5.1957512239478003e-13,3.7639920852530461e-13,1.2891643254700588e-15,3.7129853320186313e-14,nan,2.2204460492503131e-16,1.0658141036401503e-14,7.3879170681244808e-13,1.7763568394002505e-14,0.0027347580552373029,256,1.1251856217586731e-11,5.7692045585255869e-13,1.1102230246251565e-15,3.3556553369340492e-11,1.5993872011924397e-12,9.5923269327613525e-14,0.076401336991693825,2.9296422797488049,4.4408920985006242e-16,3.859197056632369e-13,1.5187850976872141e-13
quad,16,3,1.2,gll,coupled,0,constant,y,reused_centered,1.7744763968340943e-13,nan,2.8398442546233905e-12,0,3.5652725768129683e-13,nan,5.19526957553366e-13,3.7634522174704138e-13,1.2891643254700588e-15,3.7638479466900984e-14,nan,2.2204460492503131e-16,1.0658141036401503e-14,7.3879170681244808e-13,1.7763568394002505e-14,0.0027347580552373029,256,1.1251856217586731e-11,5.7692045585255869e-13,1.1102230246251565e-15,3.3556553369340492e-11,1.5993872011924397e-12,9.5923269327613525e-14,0.076401336991693825,2.9296422797488049,4.4408920985006242e-16,3.859197056632369e-13,1.5187850976872141e-13
quad,16,3,1.2,gll,coupled,0,constant,xx,recursive,2.2845068516509104e-11,nan,4.2178996990602274e-10,0,4.0405029668937568e-11,nan,5.8240653231758449e-11,4.0647681615725695e-11,1.2891643254700588e-15,8.9360229136383748e-12,0.40342261665739276,2.2204460492503131e-16,1.0658141036401503e-14,7.3879170681244808e-13,1.7763568394002505e-14,0.0027347580552373029,256,1.1251856217586731e-11,5.7692045585255869e-13,1.1102230246251565e-15,3.3556553369340492e-11,1.5993872011924397e-12,9.5923269327613525e-14,0.076401336991693825,2.9296422797488049,4.4408920985006242e-16,3.859197056632369e-13,1.5187850976872141e-13
quad,16,3,1.2,gll,coupled,0,constant,xx,direct,2.2150525391161461e-11,nan,3.7951846088791678e-10,0,3.7832863420002505e-11,nan,5.5416965213828864e-11,3.8504800785310075e-11,1.2891643254700588e-15,0,0,2.2204460492503131e-16,1.0658141036401503e-14,7.3879170681244808e-13,1.7763568394002505e-14,0.0027347580552373029,256,1.1251856217586731e-11,5.7692045585255869e-13,1.1102230246251565e-15,3.3556553369340492e-11,1.5993872011924397e-12,9.5923269327613525e-14,0.076401336991693825,2.9296422797488049,4.4408920985006242e-16,3.859197056632369e-13,1.5187850976872141e-13
quad,16,3,1.2,gll,coupled,0,constant,xx,fe_geometry,2.2150525391158265e-11,nan,3.7951846088736686e-10,0,3.7832863419992974e-11,nan,5.5416965213813348e-11,3.8504800785302069e-11,1.2891643254700588e-15,8.6981877318545236e-24,3.9268539135082047e-13,2.2204460492503131e-16,1.0658141036401503e-14,7.3879170681244808e-13,1.7763568394002505e-14,0.0027347580552373029,256,1.1251856217586731e-11,5.7692045585255869e-13,1.1102230246251565e-15,3.3556553369340492e-11,1.5993872011924397e-12,9.5923269327613525e-14,0.076401336991693825,2.9296422797488049,4.4408920985006242e-16,3.859197056632369e-13,1.5187850976872141e-13
quad,16,3,1.2,gll,coupled,0,constant,xx,reused,2.149012256409053e-11,nan,3.7062497829192277e-10,0,3.7057506646044603e-11,nan,5.3765864953671174e-11,3.7267920679412001e-11,1.2891643254700588e-15,4.7461807239173937e-12,0.21426944237680351,2.2204460492503131e-16,1.0658141036401503e-14,7.3879170681244808e-13,1.7763568394002505e-14,0.0027347580552373029,256,1.1251856217586731e-11,5.7692045585255869e-13,1.1102230246251565e-15,3.3556553369340492e-11,1.5993872011924397e-12,9.5923269327613525e-14,0.076401336991693825,2.9296422797488049,4.4408920985006242e-16,3.859197056632369e-13,1.5187850976872141e-13
quad,16,3,1.2,gll,coupled,0,constant,xx,reused_centered,2.147687812627506e-11,nan,3.6833001322134716e-10,0,3.7006899442901997e-11,nan,5.3773055536251535e-11,3.7285240547593986e-11,1.2891643254700588e-15,4.5732678416489101e-12,0.20646317687226248,2.2204460492503131e-16,1.0658141036401503e-14,7.3879170681244808e-13,1.7763568394002505e-14,0.0027347580552373029,256,1.1251856217586731e-11,5.7692045585255869e-13,1.1102230246251565e-15,3.3556553369340492e-11,1.5993872011924397e-12,9.5923269327613525e-14,0.076401336991693825,2.9296422797488049,4.4408920985006242e-16,3.859197056632369e-13,1.5187850976872141e-13
quad,16,3,1.2,gll,coupled,0,constant,xy,recursive,2.620102262924351e-11,nan,4.3849736458187523e-10,0,6.2851086961991783e-11,nan,9.0565943270163154e-11,5.9258192846819535e-11,1.2891643254700588e-15,6.7666035956491192e-12,0.26913933844777221,2.2204460492503131e-16,1.0658141036401503e-14,7.3879170681244808e-13,1.7763568394002505e-14,0.0027347580552373029,256,1.1251856217586731e-11,5.7692045585255869e-13,1.1102230246251565e-15,3.3556553369340492e-11,1.5993872011924397e-12,9.5923269327613525e-14,0.076401336991693825,2.9296422797488049,4.4408920985006242e-16,3.859197056632369e-13,1.5187850976872141e-13
quad,16,3,1.2,gll,coupled,0,constant,xy,direct,2.5141637170822621e-11,nan,4.284201755814051e-10,0,6.0293046038748429e-11,nan,8.7309074066813978e-11,5.650385094643743e-11,1.2891643254700588e-15,0,0,2.2204460492503131e-16,1.0658141036401503e-14,7.3879170681244808e-13,1.7763568394002505e-14,0.0027347580552373029,256,1.1251856217586731e-11,5.7692045585255869e-13,1.1102230246251565e-15,3.3556553369340492e-11,1.5993872011924397e-12,9.5923269327613525e-14,0.076401336991693825,2.9296422797488049,4.4408920985006242e-16,3.859197056632369e-13,1.5187850976872141e-13
quad,16,3,1.2,gll,coupled,0,constant,xy,fe_geometry,2.5141637170820837e-11,nan,4.2842017558126448e-10,0,6.0293046038743789e-11,nan,8.7309074066806482e-11,5.6503850946433398e-11,1.2891643254700588e-15,5.0553309601791943e-24,2.0107405599051476e-13,2.2204460492503131e-16,1.0658141036401503e-14,7.3879170681244808e-13,1.7763568394002505e-14,0.0027347580552373029,256,1.1251856217586731e-11,5.7692045585255869e-13,1.1102230246251565e-15,3.3556553369340492e-11,1.5993872011924397e-12,9.5923269327613525e-14,0.076401336991693825,2.9296422797488049,4.4408920985006242e-16,3.859197056632369e-13,1.5187850976872141e-13
quad,16,3,1.2,gll,coupled,0,constant,xy,reused,2.515103551792075e-11,nan,4.329868272116513e-10,0,6.0357730729206866e-11,nan,8.7442711755278227e-11,5.654636888211564e-11,1.2891643254700588e-15,9.9304278389407714e-13,0.03949793631762865,2.2204460492503131e-16,1.0658141036401503e-14,7.3879170681244808e-13,1.7763568394002505e-14,0.0027347580552373029,256,1.1251856217586731e-11,5.7692045585255869e-13,1.1102230246251565e-15,3.3556553369340492e-11,1.5993872011924397e-12,9.5923269327613525e-14,0.076401336991693825,2.9296422797488049,4.4408920985006242e-16,3.859197056632369e-13,1.5187850976872141e-13
quad,16,3,1.2,gll,coupled,0,constant,xy,reused_centered,2.5149868454805281e-11,nan,4.3285806497414994e-10,0,6.0354624633838179e-11,nan,8.7426997938325143e-11,5.6543920354543634e-11,1.2891643254700588e-15,9.6180032321147839e-13,0.038255278153789728,2.2204460492503131e-16,1.0658141036401503e-14,7.3879170681244808e-13,1.7763568394002505e-14,0.0027347580552373029,256,1.1251856217586731e-11,5.7692045585255869e-13,1.1102230246251565e-15,3.3556553369340492e-11,1.5993872011924397e-12,9.5923269327613525e-14,0.076401336991693825,2.9296422797488049,4.4408920985006242e-16,3.859197056632369e-13,1.5187850976872141e-13
quad,16,3,1.2,gll,coupled,0,constant,yy,recursive,2.2526821434359398e-11,nan,4.0277711039412042e-10,0,3.9771262734059424e-11,nan,5.5588150750351499e-11,4.0413657595533093e-11,1.2891643254700588e-15,8.6393995829662924e-12,0.39705276456680738,2.2204460492503131e-16,1.0658141036401503e-14,7.3879170681244808e-13,1.7763568394002505e-14,0.0027347580552373029,256,1.1251856217586731e-11,5.7692045585255869e-13,1.1102230246251565e-15,3.3556553369340492e-11,1.5993872011924397e-12,9.5923269327613525e-14,0.076401336991693825,2.9296422797488049,4.4408920985006242e-16,3.859197056632369e-13,1.5187850976872141e-13
quad,16,3,1.2,gll,coupled,0,constant,yy,direct,2.1758819869676649e-11,nan,3.8207235137827665e-10,0,3.7120003114729833e-11,nan,5.2725277659503983e-11,3.8517418331755851e-11,1.2891643254700588e-15,0,0,2.2204460492503131e-16,1.0658141036401503e-14,7.3879170681244808e-13,1.7763568394002505e-14,0.0027347580552373029,256,1.1251856217586731e-11,5.7692045585255869e-13,1.1102230246251565e-15,3.3556553369340492e-11,1.5993872011924397e-12,9.5923269327613525e-14,0.076401336991693825,2.9296422797488049,4.4408920985006242e-16,3.859197056632369e-13,1.5187850976872141e-13
quad,16,3,1.2,gll,coupled,0,constant,yy,fe_geometry,2.1758819869676355e-11,nan,3.8207235137827494e-10,0,3.7120003114729975e-11,nan,5.2725277659503628e-11,3.8517418331755489e-11,1.2891643254700588e-15,6.3833167109899727e-24,2.933668622297774e-13,2.2204460492503131e-16,1.0658141036401503e-14,7.3879170681244808e-13,1.7763568394002505e-14,0.0027347580552373029,256,1.1251856217586731e-11,5.7692045585255869e-13,1.1102230246251565e-15,3.3556553369340492e-11,1.5993872011924397e-12,9.5923269327613525e-14,0.076401336991693825,2.9296422797488049,4.4408920985006242e-16,3.859197056632369e-13,1.5187850976872141e-13
quad,16,3,1.2,gll,coupled,0,constant,yy,reused,2.1100695121033572e-11,nan,3.7317473149676853e-10,0,3.6390665058518071e-11,nan,5.1191416868931161e-11,3.7345448596820429e-11,1.2891643254700588e-15,4.5438094645820187e-12,0.20882609864859103,2.2204460492503131e-16,1.0658141036401503e-14,7.3879170681244808e-13,1.7763568394002505e-14,0.0027347580552373029,256,1.1251856217586731e-11,5.7692045585255869e-13,1.1102230246251565e-15,3.3556553369340492e-11,1.5993872011924397e-12,9.5923269327613525e-14,0.076401336991693825,2.9296422797488049,4.4408920985006242e-16,3.859197056632369e-13,1.5187850976872141e-13
quad,16,3,1.2,gll,coupled,0,constant,yy,reused_centered,2.1092218680275946e-11,nan,3.7144390450382738e-10,0,3.6365295584223053e-11,nan,5.1182499993828302e-11,3.7345072937633889e-11,1.2891643254700588e-15,4.3872262894279665e-12,0.20162979038868084,2.2204460492503131e-16,1.0658141036401503e-14,7.3879170681244808e-13,1.7763568394002505e-14,0.0027347580552373029,256,1.1251856217586731e-11,5.7692045585255869e-13,1.1102230246251565e-15,3.3556553369340492e-11,1.5993872011924397e-12,9.5923269327613525e-14,0.076401336991693825,2.9296422797488049,4.4408920985006242e-16,3.859197056632369e-13,1.5187850976872141e-13
quad,16,3,1.2,gll,coupled,0,constant,xxx,recursive,1.8342039866026742e-09,nan,4.4324425191040784e-08,0,3.1859934056958581e-09,nan,4.719567972671357e-09,2.9485297748727253e-09,1.2891643254700588e-15,8.9856962660314625e-10,0.54940223303167202,2.2204460492503131e-16,1.0658141036401503e-14,7.3879170681244808e-13,1.7763568394002505e-14,0.0027347580552373029,256,1.1251856217586731e-11,5.7692045585255869e-13,1.1102230246251565e-15,3.3556553369340492e-11,1.5993872011924397e-12,9.5923269327613525e-14,0.076401336991693825,2.9296422797488049,4.4408920985006242e-16,3.859197056632369e-13,1.5187850976872141e-13
quad,16,3,1.2,gll,coupled,0,constant,xxx,direct,1.6355405431185158e-09,nan,4.1130272761346769e-08,0,2.7736028543374887e-09,nan,4.0787265414479097e-09,2.4110785132720669e-09,1.2891643254700588e-15,0,0,2.2204460492503131e-16,1.0658141036401503e-14,7.3879170681244808e-13,1.7763568394002505e-14,0.0027347580552373029,256,1.1251856217586731e-11,5.7692045585255869e-13,1.1102230246251565e-15,3.3556553369340492e-11,1.5993872011924397e-12,9.5923269327613525e-14,0.076401336991693825,2.9296422797488049,4.4408920985006242e-16,3.859197056632369e-13,1.5187850976872141e-13
quad,16,3,1.2,gll,coupled,0,constant,xxx,fe_geometry,1.6355405431179246e-09,nan,4.1130272761544373e-08,0,2.7736028543362583e-09,nan,4.0787265414460949e-09,2.4110785132707355e-09,1.2891643254700588e-15,2.6267826866550833e-21,1.6060639387431801e-12,2.2204460492503131e-16,1.0658141036401503e-14,7.3879170681244808e-13,1.7763568394002505e-14,0.0027347580552373029,256,1.1251856217586731e-11,5.7692045585255869e-13,1.1102230246251565e-15,3.3556553369340492e-11,1.5993872011924397e-12,9.5923269327613525e-14,0.076401336991693825,2.9296422797488049,4.4408920985006242e-16,3.859197056632369e-13,1.5187850976872141e-13
quad,16,3,1.2,gll,coupled,0,constant,xxx,reused,1.6130782355795995e-09,nan,4.2003291197134477e-08,0,2.7702882789251604e-09,nan,4.101556093427878e-09,2.4261084707157061e-09,1.2891643254700588e-15,2.9111912981833964e-10,0.17799566696356997,2.2204460492503131e-16,1.0658141036401503e-14,7.3879170681244808e-13,1.7763568394002505e-14,0.0027347580552373029,256,1.1251856217586731e-11,5.7692045585255869e-13,1.1102230246251565e-15,3.3556553369340492e-11,1.5993872011924397e-12,9.5923269327613525e-14,0.076401336991693825,2.9296422797488049,4.4408920985006242e-16,3.859197056632369e-13,1.5187850976872141e-13
quad,16,3,1.2,gll,coupled,0,constant,xxx,reused_centered,1.6066033081901287e-09,nan,4.1616520777757141e-08,0,2.7575111875554382e-09,nan,4.085025296925653e-09,2.414856117508021e-09,1.2891643254700588e-15,2.592989705772199e-10,0.15854022798041417,2.2204460492503131e-16,1.0658141036401503e-14,7.3879170681244808e-13,1.7763568394002505e-14,0.0027347580552373029,256,1.1251856217586731e-11,5.7692045585255869e-13,1.1102230246251565e-15,3.3556553369340492e-11,1.5993872011924397e-12,9.5923269327613525e-14,0.076401336991693825,2.9296422797488049,4.4408920985006242e-16,3.859197056632369e-13,1.5187850976872141e-13
quad,16,3,1.2,gll,coupled,0,constant,xxy,recursive,3.2278791594295157e-09,nan,5.8662527412184502e-08,0,6.9171332448206544e-09,nan,1.0160335877707983e-08,6.5971054642857036e-09,1.2891643254700588e-15,1.0579036112401689e-09,0.34928529073204434,2.2204460492503131e-16,1.0658141036401503e-14,7.3879170681244808e-13,1.7763568394002505e-14,0.0027347580552373029,256,1.1251856217586731e-11,5.7692045585255869e-13,1.1102230246251565e-15,3.3556553369340492e-11,1.5993872011924397e-12,9.5923269327613525e-14,0.076401336991693825,2.9296422797488049,4.4408920985006242e-16,3.859197056632369e-13,1.5187850976872141e-13
quad,16,3,1.2,gll,coupled,0,constant,xxy,direct,3.028766567933558e-09,nan,5.4288160828424455e-08,0,6.4071033609934038e-09,nan,9.4257705587961939e-09,6.0161545060350208e-09,1.2891643254700588e-15,0,0,2.2204460492503131e-16,1.0658141036401503e-14,7.3879170681244808e-13,1.7763568394002505e-14,0.0027347580552373029,256,1.1251856217586731e-11,5.7692045585255869e-13,1.1102230246251565e-15,3.3556553369340492e-11,1.5993872011924397e-12,9.5923269327613525e-14,0.076401336991693825,2.9296422797488049,4.4408920985006242e-16,3.859197056632369e-13,1.5187850976872141e-13
quad,16,3,1.2,gll,coupled,0,constant,xxy,fe_geometry,3.0287665679331456e-09,nan,5.42881608283332e-08,0,6.4071033609924211e-09,nan,9.4257705587944982e-09,6.0161545060339827e-09,1.2891643254700588e-15,1.6390967351294356e-21,5.4117631661780557e-13,2.2204460492503131e-16,1.0658141036401503e-14,7.3879170681244808e-13,1.7763568394002505e-14,0.0027347580552373029,256,1.1251856217586731e-11,5.7692045585255869e-13,1.1102230246251565e-15,3.3556553369340492e-11,1.5993872011924397e-12,9.5923269327613525e-14,0.076401336991693825,2.9296422797488049,4.4408920985006242e-16,3.859197056632369e-13,1.5187850976872141e-13
quad,16,3,1.2,gll,coupled,0,constant,xxy,reused,3.0306904813714374e-09,nan,5.4277471525455094e-08,0,6.4125216471736734e-09,nan,9.4370737297255467e-09,6.0234162392207016e-09,1.2891643254700588e-15,5.7387897667615336e-11,0.018947613287599606,2.2204460492503131e-16,1.0658141036401503e-14,7.3879170681244808e-13,1.7763568394002505e-14,0.0027347580552373029,256,1.1251856217586731e-11,5.7692045585255869e-13,1.1102230246251565e-15,3.3556553369340492e-11,1.5993872011924397e-12,9.5923269327613525e-14,0.076401336991693825,2.9296422797488049,4.4408920985006242e-16,3.859197056632369e-13,1.5187850976872141e-13
quad,16,3,1.2,gll,coupled,0,constant,xxy,reused_centered,3.0305898068462798e-09,nan,5.4333756363918604e-08,0,6.4123500668519733e-09,nan,9.4358147920526007e-09,6.0234831114015992e-09,1.2891643254700588e-15,5.2364011136615776e-11,0.017288889705469202,2.2204460492503131e-16,1.0658141036401503e-14,7.3879170681244808e-13,1.7763568394002505e-14,0.0027347580552373029,256,1.1251856217586731e-11,5.7692045585255869e-13,1.1102230246251565e-15,3.3556553369340492e-11,1.5993872011924397e-12,9.5923269327613525e-14,0.076401336991693825,2.9296422797488049,4.4408920985006242e-16,3.859197056632369e-13,1.5187850976872141e-13
quad,16,3,1.2,gll,coupled,0,constant,xyy,recursive,3.0996090958400809e-09,nan,4.5506612345014731e-08,0,6.5648913709613718e-09,nan,8.9896969492854962e-09,6.0161739242583601e-09,1.2891643254700588e-15,7.9255412743454049e-10,0.26735304840952262,2.2204460492503131e-16,1.0658141036401503e-14,7.3879170681244808e-13,1.7763568394002505e-14,0.0027347580552373029,256,1.1251856217586731e-11,5.7692045585255869e-13,1.1102230246251565e-15,3.3556553369340492e-11,1.5993872011924397e-12,9.5923269327613525e-14,0.076401336991693825,2.9296422797488049,4.4408920985006242e-16,3.859197056632369e-13,1.5187850976872141e-13
quad,16,3,1.2,gll,coupled,0,constant,xyy,direct,2.9644476924778955e-09,nan,4.5411731105062493e-08,0,6.2794277477072408e-09,nan,8.7251603072928546e-09,5.7961442116906485e-09,1.2891643254700588e-15,0,0,2.2204460492503131e-16,1.0658141036401503e-14,7.3879170681244808e-13,1.7763568394002505e-14,0.0027347580552373029,256,1.1251856217586731e-11,5.7692045585255869e-13,1.1102230246251565e-15,3.3556553369340492e-11,1.5993872011924397e-12,9.5923269327613525e-14,0.076401336991693825,2.9296422797488049,4.4408920985006242e-16,3.859197056632369e-13,1.5187850976872141e-13
quad,16,3,1.2,gll,coupled,0,constant,xyy,fe_geometry,2.9644476924777354e-09,nan,4.5411731105146753e-08,0,6.2794277477069852e-09,nan,8.7251603072922276e-09,5.7961442116903152e-09,1.2891643254700588e-15,1.3861956956957369e-21,4.6760673133586522e-13,2.2204460492503131e-16,1.0658141036401503e-14,7.3879170681244808e-13,1.7763568394002505e-14,0.0027347580552373029,256,1.1251856217586731e-11,5.7692045585255869e-13,1.1102230246251565e-15,3.3556553369340492e-11,1.5993872011924397e-12,9.5923269327613525e-14,0.076401336991693825,2.9296422797488049,4.4408920985006242e-16,3.859197056632369e-13,1.5187850976872141e-13
quad,16,3,1.2,gll,coupled,0,constant,xyy,reused,2.9667038066675035e-09,nan,4.558714930159172e-08,0,6.2858523335614141e-09,nan,8.7353130872255841e-09,5.7971455244818262e-09,1.2891643254700588e-15,5.5407709126316407e-11,0.018690735973149426,2.2204460492503131e-16,1.0658141036401503e-14,7.3879170681244808e-13,1.7763568394002505e-14,0.0027347580552373029,256,1.1251856217586731e-11,5.7692045585255869e-13,1.1102230246251565e-15,3.3556553369340492e-11,1.5993872011924397e-12,9.5923269327613525e-14,0.076401336991693825,2.9296422797488049,4.4408920985006242e-16,3.859197056632369e-13,1.5187850976872141e-13
quad,16,3,1.2,gll,coupled,0,constant,xyy,reused_centered,2.9666590845138901e-09,nan,4.5571255944656204e-08,0,6.2855549512259838e-09,nan,8.7337984090848445e-09,5.7980672673121705e-09,1.2891643254700588e-15,5.1893135956461499e-11,0.017505161615142394,2.2204460492503131e-16,1.0658141036401503e-14,7.3879170681244808e-13,1.7763568394002505e-14,0.0027347580552373029,256,1.1251856217586731e-11,5.7692045585255869e-13,1.1102230246251565e-15,3.3556553369340492e-11,1.5993872011924397e-12,9.5923269327613525e-14,0.076401336991693825,2.9296422797488049,4.4408920985006242e-16,3.859197056632369e-13,1.5187850976872141e-13
quad,16,3,1.2,gll,coupled,0,constant,yyy,recursive,1.8166443472558109e-09,nan,3.6786921804907506e-08,0,3.2353145554996165e-09,nan,4.5385290538536373e-09,3.0608264469569272e-09,1.2891643254700588e-15,8.8562559105237492e-10,0.54180183563472772,2.2204460492503131e-16,1.0658141036401503e-14,7.3879170681244808e-13,1.7763568394002505e-14,0.0027347580552373029,256,1.1251856217586731e-11,5.7692045585255869e-13,1.1102230246251565e-15,3.3556553369340492e-11,1.5993872011924397e-12,9.5923269327613525e-14,0.076401336991693825,2.9296422797488049,4.4408920985006242e-16,3.859197056632369e-13,1.5187850976872141e-13
quad,16,3,1.2,gll,coupled,0,constant,yyy,direct,1.63459319035871e-09,nan,3.8655062747438612e-08,0,2.8728822168045596e-09,nan,3.9784444544476e-09,2.538528776326116e-09,1.2891643254700588e-15,0,0,2.2204460492503131e-16,1.0658141036401503e-14,7.3879170681244808e-13,1.7763568394002505e-14,0.0027347580552373029,256,1.1251856217586731e-11,5.7692045585255869e-13,1.1102230246251565e-15,3.3556553369340492e-11,1.5993872011924397e-12,9.5923269327613525e-14,0.076401336991693825,2.9296422797488049,4.4408920985006242e-16,3.859197056632369e-13,1.5187850976872141e-13
quad,16,3,1.2,gll,coupled,0,constant,yyy,fe_geometry,1.6345931903587637e-09,nan,3.8655062747575699e-08,0,2.8728822168050646e-09,nan,3.9784444544480508e-09,2.5385287763263965e-09,1.2891643254700588e-15,1.4914294849836572e-21,9.124163087063667e-13,2.2204460492503131e-16,1.0658141036401503e-14,7.3879170681244808e-13,1.7763568394002505e-14,0.0027347580552373029,256,1.1251856217586731e-11,5.7692045585255869e-13,1.1102230246251565e-15,3.3556553369340492e-11,1.5993872011924397e-12,9.5923269327613525e-14,0.076401336991693825,2.9296422797488049,4.4408920985006242e-16,3.859197056632369e-13,1.5187850976872141e-13
quad,16,3,1.2,gll,coupled,0,constant,yyy,reused,1.6069691917635484e-09,nan,3.9841841584242424e-08,0,2.8603892922471274e-09,nan,3.9914286507142962e-09,2.5594969726815852e-09,1.2891643254700588e-15,2.7672394324911016e-10,0.16929224034536897,2.2204460492503131e-16,1.0658141036401503e-14,7.3879170681244808e-13,1.7763568394002505e-14,0.0027347580552373029,256,1.1251856217586731e-11,5.7692045585255869e-13,1.1102230246251565e-15,3.3556553369340492e-11,1.5993872011924397e-12,9.5923269327613525e-14,0.076401336991693825,2.9296422797488049,4.4408920985006242e-16,3.859197056632369e-13,1.5187850976872141e-13
quad,16,3,1.2,gll,coupled,0,constant,yyy,reused_centered,1.6045677204189113e-09,nan,3.953244788574901e-08,0,2.8590328083364613e-09,nan,3.9818399504432033e-09,2.5417541734806193e-09,1.2891643254700588e-15,2.4876643827374098e-10,0.15218859330935386,2.2204460492503131e-16,1.0658141036401503e-14,7.3879170681244808e-13,1.7763568394002505e-14,0.0027347580552373029,256,1.1251856217586731e-11,5.7692045585255869e-13,1.1102230246251565e-15,3.3556553369340492e-11,1.5993872011924397e-12,9.5923269327613525e-14,0.076401336991693825,2.9296422797488049,4.4408920985006242e-16,3.859197056632369e-13,1.5187850976872141e-13
