family,n,p,amplitude,basis,map,extra,field,derivative,method,error_l2,relative_l2,sampled_linf,truth_l2,face_rms,face_relative_l2,jump_rms,jump_mean_abs,input_error_l2,operator_error_l2,operator_relative_l2,inverse_residual,representation_residual,first_derivative_residual,geometry_residual,min_jacobian,elements,geometry_derivative_residual,geometry_jacobian_residual,fe_inverse_residual,method_agreement,fe_first_residual,face_geometry_residual,initialization_seconds,evaluation_seconds,reused_inverse_residual,reused_first_residual,reused_geometry_residual
tri,4,3,1.2,gll,coupled,8,sine,x,recursive,0.015197745589659806,0.010713979437249253,0.24798337766268419,1.4184968039813348,0.03183075154471314,0.022274505759648282,0.043237034422472564,0.027458873525187669,0.00034121672209163636,0.00062008573876294148,0.00043687941742231572,4.4408920985006262e-16,1.4210854715202004e-14,2.5363400355510269e-12,3.907985046680551e-14,0.043750051210224628,32,6.1397831263576563e-12,9.6178620623277311e-13,9.9920072216264089e-16,7.1452510574943062e-11,3.3037310140492243e-12,5.595524044110789e-14,0.10353341905283742,2.1848858546873089,4.4408920985006242e-16,2.5061874948058082e-12,7.9203310576758668e-13
tri,4,3,1.2,gll,coupled,8,sine,x,direct,0.015232360241047441,0.010738381784360984,0.24715752367860244,1.4184968039813348,0.031930982214070702,0.022344645122168896,0.043301110364819206,0.027503504846794345,0.00034121672209163636,0,0,4.4408920985006262e-16,1.4210854715202004e-14,2.5363400355510269e-12,3.907985046680551e-14,0.043750051210224628,32,6.1397831263576563e-12,9.6178620623277311e-13,9.9920072216264089e-16,7.1452510574943062e-11,3.3037310140492243e-12,5.595524044110789e-14,0.10353341905283742,2.1848858546873089,4.4408920985006242e-16,2.5061874948058082e-12,7.9203310576758668e-13
tri,4,3,1.2,gll,coupled,8,sine,x,fe_geometry,0.015232360241025597,0.010738381784345585,0.24715752367857802,1.4184968039813348,0.031930982214046791,0.022344645122152163,0.043301110364786455,0.027503504846711688,0.00034121672209163636,2.0799835401835282e-13,1.465445728676534e-13,4.4408920985006262e-16,1.4210854715202004e-14,2.5363400355510269e-12,3.907985046680551e-14,0.043750051210224628,32,6.1397831263576563e-12,9.6178620623277311e-13,9.9920072216264089e-16,7.1452510574943062e-11,3.3037310140492243e-12,5.595524044110789e-14,0.10353341905283742,2.1848858546873089,4.4408920985006242e-16,2.5061874948058082e-12,7.9203310576758668e-13
tri,4,3,1.2,gll,coupled,8,sine,x,reused,0.01523236024103212,0.010738381784350184,0.24715752367861354,1.4184968039813348,0.031930982214058136,0.022344645122160105,0.043301110364818256,0.027503504846813787,0.00034121672209163636,2.2717130168648725e-13,1.6005281162223853e-13,4.4408920985006262e-16,1.4210854715202004e-14,2.5363400355510269e-12,3.907985046680551e-14,0.043750051210224628,32,6.1397831263576563e-12,9.6178620623277311e-13,9.9920072216264089e-16,7.1452510574943062e-11,3.3037310140492243e-12,5.595524044110789e-14,0.10353341905283742,2.1848858546873089,4.4408920985006242e-16,2.5061874948058082e-12,7.9203310576758668e-13
tri,4,3,1.2,gll,coupled,8,sine,x,reused_centered,0.015232360241042684,0.010738381784357631,0.24715752367864841,1.4184968039813348,0.0319309822140596,0.022344645122161128,0.043301110364813981,0.027503504846786833,0.00034121672209163636,4.1416973164282566e-14,2.9180195537967157e-14,4.4408920985006262e-16,1.4210854715202004e-14,2.5363400355510269e-12,3.907985046680551e-14,0.043750051210224628,32,6.1397831263576563e-12,9.6178620623277311e-13,9.9920072216264089e-16,7.1452510574943062e-11,3.3037310140492243e-12,5.595524044110789e-14,0.10353341905283742,2.1848858546873089,4.4408920985006242e-16,2.5061874948058082e-12,7.9203310576758668e-13
tri,4,3,1.2,gll,coupled,8,sine,y,recursive,0.018008479402510734,0.0084636446845071881,0.27099403305675862,2.1277452059720194,0.037113261517637115,0.017314065116615134,0.046572893353066934,0.029335901594941014,0.00034121672209163636,0.00065256602528501685,0.00030651833655548534,4.4408920985006262e-16,1.4210854715202004e-14,2.5363400355510269e-12,3.907985046680551e-14,0.043750051210224628,32,6.1397831263576563e-12,9.6178620623277311e-13,9.9920072216264089e-16,7.1452510574943062e-11,3.3037310140492243e-12,5.595524044110789e-14,0.10353341905283742,2.1848858546873089,4.4408920985006242e-16,2.5061874948058082e-12,7.9203310576758668e-13
tri,4,3,1.2,gll,coupled,8,sine,y,direct,0.018048604201043979,0.0084825025808477027,0.27483130308999248,2.1277452059720194,0.037236460852012203,0.01737154002478725,0.046706943850821026,0.029354952465970887,0.00034121672209163636,0,0,4.4408920985006262e-16,1.4210854715202004e-14,2.5363400355510269e-12,3.907985046680551e-14,0.043750051210224628,32,6.1397831263576563e-12,9.6178620623277311e-13,9.9920072216264089e-16,7.1452510574943062e-11,3.3037310140492243e-12,5.595524044110789e-14,0.10353341905283742,2.1848858546873089,4.4408920985006242e-16,2.5061874948058082e-12,7.9203310576758668e-13
tri,4,3,1.2,gll,coupled,8,sine,y,fe_geometry,0.018048604201031979,0.0084825025808420614,0.27483130308965809,2.1277452059720194,0.037236460851978827,0.017371540024771683,0.046706943850788933,0.029354952465890181,0.00034121672209163636,1.8760688058807612e-13,8.8121273152558958e-14,4.4408920985006262e-16,1.4210854715202004e-14,2.5363400355510269e-12,3.907985046680551e-14,0.043750051210224628,32,6.1397831263576563e-12,9.6178620623277311e-13,9.9920072216264089e-16,7.1452510574943062e-11,3.3037310140492243e-12,5.595524044110789e-14,0.10353341905283742,2.1848858546873089,4.4408920985006242e-16,2.5061874948058082e-12,7.9203310576758668e-13
tri,4,3,1.2,gll,coupled,8,sine,y,reused,0.01804860420104926,0.0084825025808501851,0.27483130308980153,2.1277452059720194,0.037236460852002239,0.017371540024782604,0.046706943850829873,0.029354952465990083,0.00034121672209163636,1.3672802513683719e-13,6.4222845201227451e-14,4.4408920985006262e-16,1.4210854715202004e-14,2.5363400355510269e-12,3.907985046680551e-14,0.043750051210224628,32,6.1397831263576563e-12,9.6178620623277311e-13,9.9920072216264089e-16,7.1452510574943062e-11,3.3037310140492243e-12,5.595524044110789e-14,0.10353341905283742,2.1848858546873089,4.4408920985006242e-16,2.5061874948058082e-12,7.9203310576758668e-13
tri,4,3,1.2,gll,coupled,8,sine,y,reused_centered,0.018048604201051671,0.0084825025808513161,0.27483130309004888,2.1277452059720194,0.037236460852028287,0.017371540024794758,0.046706943850828041,0.029354952465983634,0.00034121672209163636,4.9737215194288673e-14,2.3362185396637769e-14,4.4408920985006262e-16,1.4210854715202004e-14,2.5363400355510269e-12,3.907985046680551e-14,0.043750051210224628,32,6.1397831263576563e-12,9.6178620623277311e-13,9.9920072216264089e-16,7.1452510574943062e-11,3.3037310140492243e-12,5.595524044110789e-14,0.10353341905283742,2.1848858546873089,4.4408920985006242e-16,2.5061874948058082e-12,7.9203310576758668e-13
tri,4,3,1.2,gll,coupled,8,sine,xx,recursive,0.39792751305298352,0.1411173232023176,3.8856105043009537,2.8198346172034556,0.66037609070882752,0.23597523065165882,0.90038956584789798,0.6191877545476957,0.00034121672209163636,0.033533805095207703,0.011534079034538351,4.4408920985006262e-16,1.4210854715202004e-14,2.5363400355510269e-12,3.907985046680551e-14,0.043750051210224628,32,6.1397831263576563e-12,9.6178620623277311e-13,9.9920072216264089e-16,7.1452510574943062e-11,3.3037310140492243e-12,5.595524044110789e-14,0.10353341905283742,2.1848858546873089,4.4408920985006242e-16,2.5061874948058082e-12,7.9203310576758668e-13
tri,4,3,1.2,gll,coupled,8,sine,xx,direct,0.4007277524358504,0.14211037413012129,4.2007053156027592,2.8198346172034556,0.66880095564342845,0.23898572644961782,0.89718566727840177,0.6121216480792494,0.00034121672209163636,0,0,4.4408920985006262e-16,1.4210854715202004e-14,2.5363400355510269e-12,3.907985046680551e-14,0.043750051210224628,32,6.1397831263576563e-12,9.6178620623277311e-13,9.9920072216264089e-16,7.1452510574943062e-11,3.3037310140492243e-12,5.595524044110789e-14,0.10353341905283742,2.1848858546873089,4.4408920985006242e-16,2.5061874948058082e-12,7.9203310576758668e-13
tri,4,3,1.2,gll,coupled,8,sine,xx,fe_geometry,0.40072775243272379,0.14211037412901251,4.2007053155170899,2.8198346172034556,0.66880095563806463,0.23898572644770114,0.89718566727013527,0.6121216480717433,0.00034121672209163636,1.0394908400731401e-11,3.5753680416051819e-12,4.4408920985006262e-16,1.4210854715202004e-14,2.5363400355510269e-12,3.907985046680551e-14,0.043750051210224628,32,6.1397831263576563e-12,9.6178620623277311e-13,9.9920072216264089e-16,7.1452510574943062e-11,3.3037310140492243e-12,5.595524044110789e-14,0.10353341905283742,2.1848858546873089,4.4408920985006242e-16,2.5061874948058082e-12,7.9203310576758668e-13
tri,4,3,1.2,gll,coupled,8,sine,xx,reused,0.40072775243149678,0.14211037412857735,4.2007053154990066,2.8198346172034556,0.66880095563440345,0.23898572644639285,0.89718566727178239,0.61212164806594271,0.00034121672209163636,1.4345830514848068e-11,4.934302638921112e-12,4.4408920985006262e-16,1.4210854715202004e-14,2.5363400355510269e-12,3.907985046680551e-14,0.043750051210224628,32,6.1397831263576563e-12,9.6178620623277311e-13,9.9920072216264089e-16,7.1452510574943062e-11,3.3037310140492243e-12,5.595524044110789e-14,0.10353341905283742,2.1848858546873089,4.4408920985006242e-16,2.5061874948058082e-12,7.9203310576758668e-13
tri,4,3,1.2,gll,coupled,8,sine,xx,reused_centered,0.40072775243592862,0.14211037413014901,4.2007053156079248,2.8198346172034556,0.66880095564356778,0.23898572644966759,0.89718566727819904,0.61212164807902014,0.00034121672209163636,1.8657494774423771e-12,6.4173158609263745e-13,4.4408920985006262e-16,1.4210854715202004e-14,2.5363400355510269e-12,3.907985046680551e-14,0.043750051210224628,32,6.1397831263576563e-12,9.6178620623277311e-13,9.9920072216264089e-16,7.1452510574943062e-11,3.3037310140492243e-12,5.595524044110789e-14,0.10353341905283742,2.1848858546873089,4.4408920985006242e-16,2.5061874948058082e-12,7.9203310576758668e-13
tri,4,3,1.2,gll,coupled,8,sine,xy,recursive,0.32017042195630496,0.075694846310722333,2.816103878566921,4.2297519258051803,0.57832708464145954,0.1377708542252907,0.58947895844977805,0.41415850416293126,0.00034121672209163636,0.035968618254007628,0.008396010379724381,4.4408920985006262e-16,1.4210854715202004e-14,2.5363400355510269e-12,3.907985046680551e-14,0.043750051210224628,32,6.1397831263576563e-12,9.6178620623277311e-13,9.9920072216264089e-16,7.1452510574943062e-11,3.3037310140492243e-12,5.595524044110789e-14,0.10353341905283742,2.1848858546873089,4.4408920985006242e-16,2.5061874948058082e-12,7.9203310576758668e-13
tri,4,3,1.2,gll,coupled,8,sine,xy,direct,0.32297802626225447,0.076358621481275632,3.0290163432259338,4.2297519258051803,0.58552428610838136,0.1394853936623362,0.58037134686987413,0.40151986850037491,0.00034121672209163636,0,0,4.4408920985006262e-16,1.4210854715202004e-14,2.5363400355510269e-12,3.907985046680551e-14,0.043750051210224628,32,6.1397831263576563e-12,9.6178620623277311e-13,9.9920072216264089e-16,7.1452510574943062e-11,3.3037310140492243e-12,5.595524044110789e-14,0.10353341905283742,2.1848858546873089,4.4408920985006242e-16,2.5061874948058082e-12,7.9203310576758668e-13
tri,4,3,1.2,gll,coupled,8,sine,xy,fe_geometry,0.3229780262622699,0.076358621481279296,3.0290163432467785,4.2297519258051803,0.58552428610882012,0.13948539366244073,0.58037134686838221,0.40151986849888022,0.00034121672209163636,7.7582573441746756e-12,1.8109789130697495e-12,4.4408920985006262e-16,1.4210854715202004e-14,2.5363400355510269e-12,3.907985046680551e-14,0.043750051210224628,32,6.1397831263576563e-12,9.6178620623277311e-13,9.9920072216264089e-16,7.1452510574943062e-11,3.3037310140492243e-12,5.595524044110789e-14,0.10353341905283742,2.1848858546873089,4.4408920985006242e-16,2.5061874948058082e-12,7.9203310576758668e-13
tri,4,3,1.2,gll,coupled,8,sine,xy,reused,0.32297802626466704,0.076358621481846023,3.0290163432478017,4.2297519258051803,0.58552428611342289,0.13948539366353721,0.58037134687666847,0.40151986850476812,0.00034121672209163636,8.4461463953293415e-12,1.9715500968946889e-12,4.4408920985006262e-16,1.4210854715202004e-14,2.5363400355510269e-12,3.907985046680551e-14,0.043750051210224628,32,6.1397831263576563e-12,9.6178620623277311e-13,9.9920072216264089e-16,7.1452510574943062e-11,3.3037310140492243e-12,5.595524044110789e-14,0.10353341905283742,2.1848858546873089,4.4408920985006242e-16,2.5061874948058082e-12,7.9203310576758668e-13
tri,4,3,1.2,gll,coupled,8,sine,xy,reused_centered,0.32297802626212069,0.076358621481244018,3.0290163432202166,4.2297519258051803,0.5855242861080463,0.1394853936622564,0.58037134687018865,0.40151986850057642,0.00034121672209163636,1.6954468398303831e-12,3.9576135966526128e-13,4.4408920985006262e-16,1.4210854715202004e-14,2.5363400355510269e-12,3.907985046680551e-14,0.043750051210224628,32,6.1397831263576563e-12,9.6178620623277311e-13,9.9920072216264089e-16,7.1452510574943062e-11,3.3037310140492243e-12,5.595524044110789e-14,0.10353341905283742,2.1848858546873089,4.4408920985006242e-16,2.5061874948058082e-12,7.9203310576758668e-13
tri,4,3,1.2,gll,coupled,8,sine,yy,recursive,0.58384595539624407,0.092022095800980447,5.4454675888032096,6.3446278887078291,0.95014206518956179,0.15089717385759513,1.1661981636837637,0.82026141686705512,0.00034121672209163636,0.038044790415533374,0.0058417228885494898,4.4408920985006262e-16,1.4210854715202004e-14,2.5363400355510269e-12,3.907985046680551e-14,0.043750051210224628,32,6.1397831263576563e-12,9.6178620623277311e-13,9.9920072216264089e-16,7.1452510574943062e-11,3.3037310140492243e-12,5.595524044110789e-14,0.10353341905283742,2.1848858546873089,4.4408920985006242e-16,2.5061874948058082e-12,7.9203310576758668e-13
tri,4,3,1.2,gll,coupled,8,sine,yy,direct,0.5873592497580078,0.092575838971327234,5.8282520241967948,6.3446278887078291,0.96086147397805066,0.15259958084584327,1.1544356835129597,0.80566814384614704,0.00034121672209163636,0,0,4.4408920985006262e-16,1.4210854715202004e-14,2.5363400355510269e-12,3.907985046680551e-14,0.043750051210224628,32,6.1397831263576563e-12,9.6178620623277311e-13,9.9920072216264089e-16,7.1452510574943062e-11,3.3037310140492243e-12,5.595524044110789e-14,0.10353341905283742,2.1848858546873089,4.4408920985006242e-16,2.5061874948058082e-12,7.9203310576758668e-13
tri,4,3,1.2,gll,coupled,8,sine,yy,fe_geometry,0.58735924975901366,0.09257583897148576,5.8282520241981945,6.3446278887078291,0.96086147397908617,0.15259958084600775,1.1544356835143967,0.80566814384770691,0.00034121672209163636,8.7907358993628991e-12,1.3498048628895826e-12,4.4408920985006262e-16,1.4210854715202004e-14,2.5363400355510269e-12,3.907985046680551e-14,0.043750051210224628,32,6.1397831263576563e-12,9.6178620623277311e-13,9.9920072216264089e-16,7.1452510574943062e-11,3.3037310140492243e-12,5.595524044110789e-14,0.10353341905283742,2.1848858546873089,4.4408920985006242e-16,2.5061874948058082e-12,7.9203310576758668e-13
tri,4,3,1.2,gll,coupled,8,sine,yy,reused,0.58735924975887566,0.092575838971464014,5.8282520242014755,6.3446278887078291,0.96086147397878541,0.15259958084595998,1.1544356835132166,0.80566814384671404,0.00034121672209163636,4.6973317476099383e-12,7.2126853862018953e-13,4.4408920985006262e-16,1.4210854715202004e-14,2.5363400355510269e-12,3.907985046680551e-14,0.043750051210224628,32,6.1397831263576563e-12,9.6178620623277311e-13,9.9920072216264089e-16,7.1452510574943062e-11,3.3037310140492243e-12,5.595524044110789e-14,0.10353341905283742,2.1848858546873089,4.4408920985006242e-16,2.5061874948058082e-12,7.9203310576758668e-13
tri,4,3,1.2,gll,coupled,8,sine,yy,reused_centered,0.5873592497585377,0.092575838971410737,5.8282520242050264,6.3446278887078291,0.96086147397922028,0.15259958084602904,1.1544356835132137,0.80566814384628516,0.00034121672209163636,2.1103695370095875e-12,3.2404420928582631e-13,4.4408920985006262e-16,1.4210854715202004e-14,2.5363400355510269e-12,3.907985046680551e-14,0.043750051210224628,32,6.1397831263576563e-12,9.6178620623277311e-13,9.9920072216264089e-16,7.1452510574943062e-11,3.3037310140492243e-12,5.595524044110789e-14,0.10353341905283742,2.1848858546873089,4.4408920985006242e-16,2.5061874948058082e-12,7.9203310576758668e-13
tri,4,3,1.2,gll,coupled,8,sine,xxx,recursive,4.9187798898699926,0.86690006563009414,48.713269319553319,5.6739872159253411,6.6301746105233175,1.1599149830166722,8.7817319766377704,6.8597878257155802,0.00034121672209163636,1.0205936429379852,0.13030052032009692,4.4408920985006262e-16,1.4210854715202004e-14,2.5363400355510269e-12,3.907985046680551e-14,0.043750051210224628,32,6.1397831263576563e-12,9.6178620623277311e-13,9.9920072216264089e-16,7.1452510574943062e-11,3.3037310140492243e-12,5.595524044110789e-14,0.10353341905283742,2.1848858546873089,4.4408920985006242e-16,2.5061874948058082e-12,7.9203310576758668e-13
tri,4,3,1.2,gll,coupled,8,sine,xxx,direct,5.1759395154268226,0.91222262554617084,61.691907575432239,5.6739872159253411,7.2698515488560629,1.2718231767895385,9.2394724971416267,7.0866794999481382,0.00034121672209163636,0,0,4.4408920985006262e-16,1.4210854715202004e-14,2.5363400355510269e-12,3.907985046680551e-14,0.043750051210224628,32,6.1397831263576563e-12,9.6178620623277311e-13,9.9920072216264089e-16,7.1452510574943062e-11,3.3037310140492243e-12,5.595524044110789e-14,0.10353341905283742,2.1848858546873089,4.4408920985006242e-16,2.5061874948058082e-12,7.9203310576758668e-13
tri,4,3,1.2,gll,coupled,8,sine,xxx,fe_geometry,5.1759395155061823,0.91222262556015743,61.691907575752836,5.6739872159253411,7.2698515489631008,1.2718231768082644,9.2394724972878635,7.0866795000675937,0.00034121672209163636,1.5490562621490419e-10,1.9777003154955896e-11,4.4408920985006262e-16,1.4210854715202004e-14,2.5363400355510269e-12,3.907985046680551e-14,0.043750051210224628,32,6.1397831263576563e-12,9.6178620623277311e-13,9.9920072216264089e-16,7.1452510574943062e-11,3.3037310140492243e-12,5.595524044110789e-14,0.10353341905283742,2.1848858546873089,4.4408920985006242e-16,2.5061874948058082e-12,7.9203310576758668e-13
tri,4,3,1.2,gll,coupled,8,sine,xxx,reused,5.175939515553635,0.91222262556852074,61.691907578691328,5.6739872159253411,7.2698515491209914,1.2718231768358865,9.2394724973755196,7.0866795000491178,0.00034121672209163636,3.7696035099561078e-10,4.8127019225181508e-11,4.4408920985006262e-16,1.4210854715202004e-14,2.5363400355510269e-12,3.907985046680551e-14,0.043750051210224628,32,6.1397831263576563e-12,9.6178620623277311e-13,9.9920072216264089e-16,7.1452510574943062e-11,3.3037310140492243e-12,5.595524044110789e-14,0.10353341905283742,2.1848858546873089,4.4408920985006242e-16,2.5061874948058082e-12,7.9203310576758668e-13
tri,4,3,1.2,gll,coupled,8,sine,xxx,reused_centered,5.1759395154030408,0.91222262554197953,61.691907574661656,5.6739872159253411,7.2698515488135849,1.2718231767821073,9.239472497098502,7.0866794999179623,0.00034121672209163636,8.4073110183028508e-11,1.0733723531965114e-11,4.4408920985006262e-16,1.4210854715202004e-14,2.5363400355510269e-12,3.907985046680551e-14,0.043750051210224628,32,6.1397831263576563e-12,9.6178620623277311e-13,9.9920072216264089e-16,7.1452510574943062e-11,3.3037310140492243e-12,5.595524044110789e-14,0.10353341905283742,2.1848858546873089,4.4408920985006242e-16,2.5061874948058082e-12,7.9203310576758668e-13
tri,4,3,1.2,gll,coupled,8,sine,xxy,recursive,5.2275523354770517,0.61421267931948487,32.854018968422629,8.510980823888076,7.3156462096674755,0.85322314494043994,8.6446287276215816,7.0091638663577216,0.00034121672209163636,0.88268698965710912,0.088056590718753047,4.4408920985006262e-16,1.4210854715202004e-14,2.5363400355510269e-12,3.907985046680551e-14,0.043750051210224628,32,6.1397831263576563e-12,9.6178620623277311e-13,9.9920072216264089e-16,7.1452510574943062e-11,3.3037310140492243e-12,5.595524044110789e-14,0.10353341905283742,2.1848858546873089,4.4408920985006242e-16,2.5061874948058082e-12,7.9203310576758668e-13
tri,4,3,1.2,gll,coupled,8,sine,xxy,direct,5.3195409258619568,0.62502090369319241,32.846483734317367,8.510980823888076,7.5242882531465192,0.87755704729191542,8.9289653705503671,7.1870118735552087,0.00034121672209163636,0,0,4.4408920985006262e-16,1.4210854715202004e-14,2.5363400355510269e-12,3.907985046680551e-14,0.043750051210224628,32,6.1397831263576563e-12,9.6178620623277311e-13,9.9920072216264089e-16,7.1452510574943062e-11,3.3037310140492243e-12,5.595524044110789e-14,0.10353341905283742,2.1848858546873089,4.4408920985006242e-16,2.5061874948058082e-12,7.9203310576758668e-13
tri,4,3,1.2,gll,coupled,8,sine,xxy,fe_geometry,5.3195409257833637,0.62502090368395813,32.846483733709917,8.510980823888076,7.5242882530375219,0.87755704727920303,8.9289653703970053,7.1870118734055941,0.00034121672209163636,2.102464806571714e-10,2.0974126178611297e-11,4.4408920985006262e-16,1.4210854715202004e-14,2.5363400355510269e-12,3.907985046680551e-14,0.043750051210224628,32,6.1397831263576563e-12,9.6178620623277311e-13,9.9920072216264089e-16,7.1452510574943062e-11,3.3037310140492243e-12,5.595524044110789e-14,0.10353341905283742,2.1848858546873089,4.4408920985006242e-16,2.5061874948058082e-12,7.9203310576758668e-13
tri,4,3,1.2,gll,coupled,8,sine,xxy,reused,5.3195409257358186,0.62502090367837182,32.846483732781486,8.510980823888076,7.5242882529026689,0.87755704726347517,8.9289653705260417,7.1870118735403636,0.00034121672209163636,3.9652108765197901e-10,3.9556825393210786e-11,4.4408920985006262e-16,1.4210854715202004e-14,2.5363400355510269e-12,3.907985046680551e-14,0.043750051210224628,32,6.1397831263576563e-12,9.6178620623277311e-13,9.9920072216264089e-16,7.1452510574943062e-11,3.3037310140492243e-12,5.595524044110789e-14,0.10353341905283742,2.1848858546873089,4.4408920985006242e-16,2.5061874948058082e-12,7.9203310576758668e-13
tri,4,3,1.2,gll,coupled,8,sine,xxy,reused_centered,5.3195409258658453,0.62502090369364938,32.846483734601321,8.510980823888076,7.5242882531516129,0.87755704729250938,8.928965370568152,7.1870118735683128,0.00034121672209163636,6.3068073956598617e-11,6.2916522401373598e-12,4.4408920985006262e-16,1.4210854715202004e-14,2.5363400355510269e-12,3.907985046680551e-14,0.043750051210224628,32,6.1397831263576563e-12,9.6178620623277311e-13,9.9920072216264089e-16,7.1452510574943062e-11,3.3037310140492243e-12,5.595524044110789e-14,0.10353341905283742,2.1848858546873089,4.4408920985006242e-16,2.5061874948058082e-12,7.9203310576758668e-13
tri,4,3,1.2,gll,coupled,8,sine,xyy,recursive,6.2084360516424644,0.48630791837113446,44.909910697881784,12.766471235832082,8.6931336828501067,0.67591958820784026,9.4578290962909737,7.2095527044011947,0.00034121672209163636,1.3604750414967144,0.095374036692073658,4.4408920985006262e-16,1.4210854715202004e-14,2.5363400355510269e-12,3.907985046680551e-14,0.043750051210224628,32,6.1397831263576563e-12,9.6178620623277311e-13,9.9920072216264089e-16,7.1452510574943062e-11,3.3037310140492243e-12,5.595524044110789e-14,0.10353341905283742,2.1848858546873089,4.4408920985006242e-16,2.5061874948058082e-12,7.9203310576758668e-13
tri,4,3,1.2,gll,coupled,8,sine,xyy,direct,6.3302590123264295,0.4958503329063304,52.13790584524542,12.766471235832082,8.9490253537881781,0.69581600291356349,9.9961491305010188,7.3513876210285618,0.00034121672209163636,0,0,4.4408920985006262e-16,1.4210854715202004e-14,2.5363400355510269e-12,3.907985046680551e-14,0.043750051210224628,32,6.1397831263576563e-12,9.6178620623277311e-13,9.9920072216264089e-16,7.1452510574943062e-11,3.3037310140492243e-12,5.595524044110789e-14,0.10353341905283742,2.1848858546873089,4.4408920985006242e-16,2.5061874948058082e-12,7.9203310576758668e-13
tri,4,3,1.2,gll,coupled,8,sine,xyy,fe_geometry,6.3302590123224087,0.49585033290601543,52.137905844812842,12.766471235832082,8.9490253537888673,0.69581600291361712,9.9961491304506378,7.3513876208754478,0.00034121672209163636,2.455202965527906e-10,1.7211827529238217e-11,4.4408920985006262e-16,1.4210854715202004e-14,2.5363400355510269e-12,3.907985046680551e-14,0.043750051210224628,32,6.1397831263576563e-12,9.6178620623277311e-13,9.9920072216264089e-16,7.1452510574943062e-11,3.3037310140492243e-12,5.595524044110789e-14,0.10353341905283742,2.1848858546873089,4.4408920985006242e-16,2.5061874948058082e-12,7.9203310576758668e-13
tri,4,3,1.2,gll,coupled,8,sine,xyy,reused,6.330259012409841,0.49585033291286407,52.137905846053123,12.766471235832082,8.9490253539382412,0.69581600292523138,9.9961491305360273,7.35138762105493,0.00034121672209163636,2.9508724449768066e-10,2.0686643139827618e-11,4.4408920985006262e-16,1.4210854715202004e-14,2.5363400355510269e-12,3.907985046680551e-14,0.043750051210224628,32,6.1397831263576563e-12,9.6178620623277311e-13,9.9920072216264089e-16,7.1452510574943062e-11,3.3037310140492243e-12,5.595524044110789e-14,0.10353341905283742,2.1848858546873089,4.4408920985006242e-16,2.5061874948058082e-12,7.9203310576758668e-13
tri,4,3,1.2,gll,coupled,8,sine,xyy,reused_centered,6.3302590123322791,0.49585033290678865,52.137905845388509,12.766471235832082,8.9490253537960776,0.69581600291417767,9.9961491305125616,7.3513876210597981,0.00034121672209163636,5.2854714076141779e-11,3.7052994622387431e-12,4.4408920985006262e-16,1.4210854715202004e-14,2.5363400355510269e-12,3.907985046680551e-14,0.043750051210224628,32,6.1397831263576563e-12,9.6178620623277311e-13,9.9920072216264089e-16,7.1452510574943062e-11,3.3037310140492243e-12,5.595524044110789e-14,0.10353341905283742,2.1848858546873089,4.4408920985006242e-16,2.5061874948058082e-12,7.9203310576758668e-13
tri,4,3,1.2,gll,coupled,8,sine,yyy,recursive,9.4760288898769165,0.49483937076677476,59.677664976291737,19.149706853748125,12.330256085407473,0.6391451705681801,15.299478169657117,11.21861633665808,0.00034121672209163636,1.3323618497989476,0.0633099885167107,4.4408920985006262e-16,1.4210854715202004e-14,2.5363400355510269e-12,3.907985046680551e-14,0.043750051210224628,32,6.1397831263576563e-12,9.6178620623277311e-13,9.9920072216264089e-16,7.1452510574943062e-11,3.3037310140492243e-12,5.595524044110789e-14,0.10353341905283742,2.1848858546873089,4.4408920985006242e-16,2.5061874948058082e-12,7.9203310576758668e-13
tri,4,3,1.2,gll,coupled,8,sine,yyy,direct,9.7478501114711094,0.5090339077207956,80.237511603548697,19.149706853748125,12.986415783990912,0.67315754626955793,15.98523222062285,11.49251312611171,0.00034121672209163636,0,0,4.4408920985006262e-16,1.4210854715202004e-14,2.5363400355510269e-12,3.907985046680551e-14,0.043750051210224628,32,6.1397831263576563e-12,9.6178620623277311e-13,9.9920072216264089e-16,7.1452510574943062e-11,3.3037310140492243e-12,5.595524044110789e-14,0.10353341905283742,2.1848858546873089,4.4408920985006242e-16,2.5061874948058082e-12,7.9203310576758668e-13
tri,4,3,1.2,gll,coupled,8,sine,yyy,fe_geometry,9.7478501115747012,0.50903390772620516,80.237511604608656,19.149706853748125,12.98641578411438,0.67315754627595792,15.985232220819691,11.492513126331717,0.00034121672209163636,2.9146618418606771e-10,1.3849631597162541e-11,4.4408920985006262e-16,1.4210854715202004e-14,2.5363400355510269e-12,3.907985046680551e-14,0.043750051210224628,32,6.1397831263576563e-12,9.6178620623277311e-13,9.9920072216264089e-16,7.1452510574943062e-11,3.3037310140492243e-12,5.595524044110789e-14,0.10353341905283742,2.1848858546873089,4.4408920985006242e-16,2.5061874948058082e-12,7.9203310576758668e-13
tri,4,3,1.2,gll,coupled,8,sine,yyy,reused,9.747850111531033,0.50903390772392476,80.237511604491161,19.149706853748125,12.986415784066551,0.67315754627347868,15.985232220731495,11.492513126196252,0.00034121672209163636,1.4795020825915691e-10,7.0301667578860902e-12,4.4408920985006262e-16,1.4210854715202004e-14,2.5363400355510269e-12,3.907985046680551e-14,0.043750051210224628,32,6.1397831263576563e-12,9.6178620623277311e-13,9.9920072216264089e-16,7.1452510574943062e-11,3.3037310140492243e-12,5.595524044110789e-14,0.10353341905283742,2.1848858546873089,4.4408920985006242e-16,2.5061874948058082e-12,7.9203310576758668e-13
tri,4,3,1.2,gll,coupled,8,sine,yyy,reused_centered,9.7478501114786127,0.5090339077211874,80.237511603452518,19.149706853748125,12.986415784004253,0.67315754627024937,15.985232220633348,11.492513126095455,0.00034121672209163636,6.4764168623469673e-11,3.0774063160581346e-12,4.4408920985006262e-16,1.4210854715202004e-14,2.5363400355510269e-12,3.907985046680551e-14,0.043750051210224628,32,6.1397831263576563e-12,9.6178620623277311e-13,9.9920072216264089e-16,7.1452510574943062e-11,3.3037310140492243e-12,5.595524044110789e-14,0.10353341905283742,2.1848858546873089,4.4408920985006242e-16,2.5061874948058082e-12,7.9203310576758668e-13
tri,4,3,1.2,gll,coupled,8,shortwave,x,recursive,0.62964052751975474,0.11134962412944606,9.3899305148652772,5.6546264295224349,1.279756803409607,0.22612163939070129,1.4220807892004486,0.89206955248028819,0.012449797873923193,0.010602931216469207,0.0018256309632787009,4.4408920985006262e-16,1.4210854715202004e-14,2.5363400355510269e-12,3.907985046680551e-14,0.043750051210224628,32,6.1397831263576563e-12,9.6178620623277311e-13,9.9920072216264089e-16,7.1452510574943062e-11,3.3037310140492243e-12,5.595524044110789e-14,0.10353341905283742,2.1848858546873089,4.4408920985006242e-16,2.5061874948058082e-12,7.9203310576758668e-13
tri,4,3,1.2,gll,coupled,8,shortwave,x,direct,0.63084680024311668,0.11156294904814698,9.4539554287487739,5.6546264295224349,1.2834363423503903,0.22677178117957486,1.4251845996751211,0.89378346534834718,0.012449797873923193,0,0,4.4408920985006262e-16,1.4210854715202004e-14,2.5363400355510269e-12,3.907985046680551e-14,0.043750051210224628,32,6.1397831263576563e-12,9.6178620623277311e-13,9.9920072216264089e-16,7.1452510574943062e-11,3.3037310140492243e-12,5.595524044110789e-14,0.10353341905283742,2.1848858546873089,4.4408920985006242e-16,2.5061874948058082e-12,7.9203310576758668e-13
tri,4,3,1.2,gll,coupled,8,shortwave,x,fe_geometry,0.63084680024309792,0.11156294904814365,9.4539554287482339,5.6546264295224349,1.2834363423503574,0.22677178117956909,1.4251845996750596,0.89378346534825848,0.012449797873923193,5.7580575840372661e-13,9.9143227463666654e-14,4.4408920985006262e-16,1.4210854715202004e-14,2.5363400355510269e-12,3.907985046680551e-14,0.043750051210224628,32,6.1397831263576563e-12,9.6178620623277311e-13,9.9920072216264089e-16,7.1452510574943062e-11,3.3037310140492243e-12,5.595524044110789e-14,0.10353341905283742,2.1848858546873089,4.4408920985006242e-16,2.5061874948058082e-12,7.9203310576758668e-13
tri,4,3,1.2,gll,coupled,8,shortwave,x,reused,0.63084680024308293,0.111562949048141,9.4539554287489054,5.6546264295224349,1.2834363423503572,0.22677178117956903,1.4251845996750963,0.89378346534835207,0.012449797873923193,6.2764993110521998e-13,1.080698464350696e-13,4.4408920985006262e-16,1.4210854715202004e-14,2.5363400355510269e-12,3.907985046680551e-14,0.043750051210224628,32,6.1397831263576563e-12,9.6178620623277311e-13,9.9920072216264089e-16,7.1452510574943062e-11,3.3037310140492243e-12,5.595524044110789e-14,0.10353341905283742,2.1848858546873089,4.4408920985006242e-16,2.5061874948058082e-12,7.9203310576758668e-13
tri,4,3,1.2,gll,coupled,8,shortwave,x,reused_centered,0.6308468002430887,0.11156294904814203,9.4539554287492535,5.6546264295224349,1.2834363423503412,0.2267717811795662,1.4251845996750723,0.89378346534830044,0.012449797873923193,1.1585192365665912e-13,1.9947583801588399e-14,4.4408920985006262e-16,1.4210854715202004e-14,2.5363400355510269e-12,3.907985046680551e-14,0.043750051210224628,32,6.1397831263576563e-12,9.6178620623277311e-13,9.9920072216264089e-16,7.1452510574943062e-11,3.3037310140492243e-12,5.595524044110789e-14,0.10353341905283742,2.1848858546873089,4.4408920985006242e-16,2.5061874948058082e-12,7.9203310576758668e-13
tri,4,3,1.2,gll,coupled,8,shortwave,y,recursive,0.53838080800248556,0.1269475687357248,8.2309734747978993,4.2409698221418379,1.105609834295405,0.26046855943388342,1.425152693582465,0.8877105336532346,0.012449797873923193,0.011672617245461385,0.0026739209635396801,4.4408920985006262e-16,1.4210854715202004e-14,2.5363400355510269e-12,3.907985046680551e-14,0.043750051210224628,32,6.1397831263576563e-12,9.6178620623277311e-13,9.9920072216264089e-16,7.1452510574943062e-11,3.3037310140492243e-12,5.595524044110789e-14,0.10353341905283742,2.1848858546873089,4.4408920985006242e-16,2.5061874948058082e-12,7.9203310576758668e-13
tri,4,3,1.2,gll,coupled,8,shortwave,y,direct,0.53956108522907875,0.12722587234930655,8.3713752064965483,4.2409698221418379,1.1085563172567008,0.26116271586096901,1.4252782619373296,0.88800016938169102,0.012449797873923193,0,0,4.4408920985006262e-16,1.4210854715202004e-14,2.5363400355510269e-12,3.907985046680551e-14,0.043750051210224628,32,6.1397831263576563e-12,9.6178620623277311e-13,9.9920072216264089e-16,7.1452510574943062e-11,3.3037310140492243e-12,5.595524044110789e-14,0.10353341905283742,2.1848858546873089,4.4408920985006242e-16,2.5061874948058082e-12,7.9203310576758668e-13
tri,4,3,1.2,gll,coupled,8,shortwave,y,fe_geometry,0.53956108522910506,0.12722587234931274,8.3713752064954079,4.2409698221418379,1.1085563172567399,0.26116271586097822,1.4252782619373716,0.88800016938169335,0.012449797873923193,5.1982850553156654e-13,1.1908043493217585e-13,4.4408920985006262e-16,1.4210854715202004e-14,2.5363400355510269e-12,3.907985046680551e-14,0.043750051210224628,32,6.1397831263576563e-12,9.6178620623277311e-13,9.9920072216264089e-16,7.1452510574943062e-11,3.3037310140492243e-12,5.595524044110789e-14,0.10353341905283742,2.1848858546873089,4.4408920985006242e-16,2.5061874948058082e-12,7.9203310576758668e-13
tri,4,3,1.2,gll,coupled,8,shortwave,y,reused,0.53956108522911561,0.12722587234931523,8.3713752064961291,4.2409698221418379,1.1085563172567656,0.26116271586098427,1.4252782619374316,0.88800016938176862,0.012449797873923193,3.6598580539986325e-13,8.3838705308114137e-14,4.4408920985006262e-16,1.4210854715202004e-14,2.5363400355510269e-12,3.907985046680551e-14,0.043750051210224628,32,6.1397831263576563e-12,9.6178620623277311e-13,9.9920072216264089e-16,7.1452510574943062e-11,3.3037310140492243e-12,5.595524044110789e-14,0.10353341905283742,2.1848858546873089,4.4408920985006242e-16,2.5061874948058082e-12,7.9203310576758668e-13
tri,4,3,1.2,gll,coupled,8,shortwave,y,reused_centered,0.53956108522911195,0.12722587234931435,8.3713752064968752,4.2409698221418379,1.1085563172567674,0.26116271586098466,1.4252782619374167,0.88800016938174831,0.012449797873923193,1.3867149326941034e-13,3.1766364398061906e-14,4.4408920985006262e-16,1.4210854715202004e-14,2.5363400355510269e-12,3.907985046680551e-14,0.043750051210224628,32,6.1397831263576563e-12,9.6178620623277311e-13,9.9920072216264089e-16,7.1452510574943062e-11,3.3037310140492243e-12,5.595524044110789e-14,0.10353341905283742,2.1848858546873089,4.4408920985006242e-16,2.5061874948058082e-12,7.9203310576758668e-13
tri,4,3,1.2,gll,coupled,8,shortwave,xx,recursive,20.212491845580825,0.44646142983000392,163.38138456615303,45.272649539461888,32.042907302858566,0.70839824011284291,43.319009949522183,29.657816957828647,0.012449797873923193,0.57937989540209822,0.010980590676644471,4.4408920985006262e-16,1.4210854715202004e-14,2.5363400355510269e-12,3.907985046680551e-14,0.043750051210224628,32,6.1397831263576563e-12,9.6178620623277311e-13,9.9920072216264089e-16,7.1452510574943062e-11,3.3037310140492243e-12,5.595524044110789e-14,0.10353341905283742,2.1848858546873089,4.4408920985006242e-16,2.5061874948058082e-12,7.9203310576758668e-13
tri,4,3,1.2,gll,coupled,8,shortwave,xx,direct,20.301345976214066,0.4484240746395548,173.18508342835023,45.272649539461888,32.291320808232932,0.71389011662592583,43.406040225720751,29.693728447885146,0.012449797873923193,0,0,4.4408920985006262e-16,1.4210854715202004e-14,2.5363400355510269e-12,3.907985046680551e-14,0.043750051210224628,32,6.1397831263576563e-12,9.6178620623277311e-13,9.9920072216264089e-16,7.1452510574943062e-11,3.3037310140492243e-12,5.595524044110789e-14,0.10353341905283742,2.1848858546873089,4.4408920985006242e-16,2.5061874948058082e-12,7.9203310576758668e-13
tri,4,3,1.2,gll,coupled,8,shortwave,xx,fe_geometry,20.301345976214829,0.44842407463957168,173.18508342828878,45.272649539461888,32.291320808234822,0.71389011662596769,43.406040225723984,29.693728447879348,0.012449797873923193,3.2026431345115118e-11,6.0697503697518154e-13,4.4408920985006262e-16,1.4210854715202004e-14,2.5363400355510269e-12,3.907985046680551e-14,0.043750051210224628,32,6.1397831263576563e-12,9.6178620623277311e-13,9.9920072216264089e-16,7.1452510574943062e-11,3.3037310140492243e-12,5.595524044110789e-14,0.10353341905283742,2.1848858546873089,4.4408920985006242e-16,2.5061874948058082e-12,7.9203310576758668e-13
tri,4,3,1.2,gll,coupled,8,shortwave,xx,reused,20.30134597621273,0.44842407463952538,173.18508342825317,45.272649539461888,32.291320808231724,0.71389011662589918,43.406040225722073,29.693728447880197,0.012449797873923193,4.2983279661161007e-11,8.146326851251615e-13,4.4408920985006262e-16,1.4210854715202004e-14,2.5363400355510269e-12,3.907985046680551e-14,0.043750051210224628,32,6.1397831263576563e-12,9.6178620623277311e-13,9.9920072216264089e-16,7.1452510574943062e-11,3.3037310140492243e-12,5.595524044110789e-14,0.10353341905283742,2.1848858546873089,4.4408920985006242e-16,2.5061874948058082e-12,7.9203310576758668e-13
tri,4,3,1.2,gll,coupled,8,shortwave,xx,reused_centered,20.301345976213415,0.44842407463954048,173.18508342833036,45.272649539461888,32.29132080823144,0.71389011662589286,43.40604022572051,29.693728447884155,0.012449797873923193,5.6245274261547153e-12,1.0659781933458841e-13,4.4408920985006262e-16,1.4210854715202004e-14,2.5363400355510269e-12,3.907985046680551e-14,0.043750051210224628,32,6.1397831263576563e-12,9.6178620623277311e-13,9.9920072216264089e-16,7.1452510574943062e-11,3.3037310140492243e-12,5.595524044110789e-14,0.10353341905283742,2.1848858546873089,4.4408920985006242e-16,2.5061874948058082e-12,7.9203310576758668e-13
tri,4,3,1.2,gll,coupled,8,shortwave,xy,recursive,11.107928646336717,0.32714169988083569,89.585529708697294,33.954487154596556,19.77275807729713,0.58284295249262996,20.712338723327658,14.508757359686223,0.012449797873923193,0.56175187490493617,0.015049033534710154,4.4408920985006262e-16,1.4210854715202004e-14,2.5363400355510269e-12,3.907985046680551e-14,0.043750051210224628,32,6.1397831263576563e-12,9.6178620623277311e-13,9.9920072216264089e-16,7.1452510574943062e-11,3.3037310140492243e-12,5.595524044110789e-14,0.10353341905283742,2.1848858546873089,4.4408920985006242e-16,2.5061874948058082e-12,7.9203310576758668e-13
tri,4,3,1.2,gll,coupled,8,shortwave,xy,direct,11.199082755384151,0.32982629672461672,98.554730651773824,33.954487154596556,20.011886947094883,0.58989177066732745,20.774280762838554,14.446907065986331,0.012449797873923193,0,0,4.4408920985006262e-16,1.4210854715202004e-14,2.5363400355510269e-12,3.907985046680551e-14,0.043750051210224628,32,6.1397831263576563e-12,9.6178620623277311e-13,9.9920072216264089e-16,7.1452510574943062e-11,3.3037310140492243e-12,5.595524044110789e-14,0.10353341905283742,2.1848858546873089,4.4408920985006242e-16,2.5061874948058082e-12,7.9203310576758668e-13
tri,4,3,1.2,gll,coupled,8,shortwave,xy,fe_geometry,11.199082755384419,0.32982629672462466,98.554730651755577,33.954487154596556,20.01188694709526,0.58989177066733856,20.77428076284065,14.446907065985824,0.012449797873923193,2.1506744838991113e-11,5.7615423955496943e-13,4.4408920985006262e-16,1.4210854715202004e-14,2.5363400355510269e-12,3.907985046680551e-14,0.043750051210224628,32,6.1397831263576563e-12,9.6178620623277311e-13,9.9920072216264089e-16,7.1452510574943062e-11,3.3037310140492243e-12,5.595524044110789e-14,0.10353341905283742,2.1848858546873089,4.4408920985006242e-16,2.5061874948058082e-12,7.9203310576758668e-13
tri,4,3,1.2,gll,coupled,8,shortwave,xy,reused,11.199082755385717,0.32982629672466285,98.554730651837616,33.954487154596556,20.011886947097651,0.58989177066740917,20.774280762834081,14.446907065987732,0.012449797873923193,2.6123739321703093e-11,6.998410626949233e-13,4.4408920985006262e-16,1.4210854715202004e-14,2.5363400355510269e-12,3.907985046680551e-14,0.043750051210224628,32,6.1397831263576563e-12,9.6178620623277311e-13,9.9920072216264089e-16,7.1452510574943062e-11,3.3037310140492243e-12,5.595524044110789e-14,0.10353341905283742,2.1848858546873089,4.4408920985006242e-16,2.5061874948058082e-12,7.9203310576758668e-13
tri,4,3,1.2,gll,coupled,8,shortwave,xy,reused_centered,11.199082755384113,0.32982629672461561,98.554730651765524,33.954487154596556,20.011886947094855,0.58989177066732656,20.774280762837659,14.446907065985085,0.012449797873923193,4.719049772088317e-12,1.2642082998680057e-13,4.4408920985006262e-16,1.4210854715202004e-14,2.5363400355510269e-12,3.907985046680551e-14,0.043750051210224628,32,6.1397831263576563e-12,9.6178620623277311e-13,9.9920072216264089e-16,7.1452510574943062e-11,3.3037310140492243e-12,5.595524044110789e-14,0.10353341905283742,2.1848858546873089,4.4408920985006242e-16,2.5061874948058082e-12,7.9203310576758668e-13
tri,4,3,1.2,gll,coupled,8,shortwave,yy,recursive,13.323526031918238,0.52319156802478395,119.28116837681227,25.465865365947742,20.940425248822699,0.82301647757063212,29.75219649655023,20.668461056350083,0.012449797873923193,0.61073240320523858,0.0200742582955264,4.4408920985006262e-16,1.4210854715202004e-14,2.5363400355510269e-12,3.907985046680551e-14,0.043750051210224628,32,6.1397831263576563e-12,9.6178620623277311e-13,9.9920072216264089e-16,7.1452510574943062e-11,3.3037310140492243e-12,5.595524044110789e-14,0.10353341905283742,2.1848858546873089,4.4408920985006242e-16,2.5061874948058082e-12,7.9203310576758668e-13
tri,4,3,1.2,gll,coupled,8,shortwave,yy,direct,13.392843980336362,0.52591356264079314,128.37889416320942,25.465865365947742,21.168797712225761,0.83199214536012389,29.708255761547289,20.579191497218471,0.012449797873923193,0,0,4.4408920985006262e-16,1.4210854715202004e-14,2.5363400355510269e-12,3.907985046680551e-14,0.043750051210224628,32,6.1397831263576563e-12,9.6178620623277311e-13,9.9920072216264089e-16,7.1452510574943062e-11,3.3037310140492243e-12,5.595524044110789e-14,0.10353341905283742,2.1848858546873089,4.4408920985006242e-16,2.5061874948058082e-12,7.9203310576758668e-13
tri,4,3,1.2,gll,coupled,8,shortwave,yy,fe_geometry,13.392843980339174,0.52591356264090361,128.37889416319186,25.465865365947742,21.1687977122298,0.83199214536028254,29.708255761550184,20.579191497221146,0.012449797873923193,2.4476030806164136e-11,8.045064612153621e-13,4.4408920985006262e-16,1.4210854715202004e-14,2.5363400355510269e-12,3.907985046680551e-14,0.043750051210224628,32,6.1397831263576563e-12,9.6178620623277311e-13,9.9920072216264089e-16,7.1452510574943062e-11,3.3037310140492243e-12,5.595524044110789e-14,0.10353341905283742,2.1848858546873089,4.4408920985006242e-16,2.5061874948058082e-12,7.9203310576758668e-13
tri,4,3,1.2,gll,coupled,8,shortwave,yy,reused,13.392843980337467,0.52591356264083655,128.37889416318134,25.465865365947742,21.168797712227533,0.83199214536019339,29.708255761552014,20.579191497220357,0.012449797873923193,1.4365413027162808e-11,4.7217899380438908e-13,4.4408920985006262e-16,1.4210854715202004e-14,2.5363400355510269e-12,3.907985046680551e-14,0.043750051210224628,32,6.1397831263576563e-12,9.6178620623277311e-13,9.9920072216264089e-16,7.1452510574943062e-11,3.3037310140492243e-12,5.595524044110789e-14,0.10353341905283742,2.1848858546873089,4.4408920985006242e-16,2.5061874948058082e-12,7.9203310576758668e-13
tri,4,3,1.2,gll,coupled,8,shortwave,yy,reused_centered,13.392843980337256,0.52591356264082822,128.37889416323029,25.465865365947742,21.168797712227729,0.83199214536020116,29.708255761550252,20.579191497219842,0.012449797873923193,6.3692217057721475e-12,2.0935093830313186e-13,4.4408920985006262e-16,1.4210854715202004e-14,2.5363400355510269e-12,3.907985046680551e-14,0.043750051210224628,32,6.1397831263576563e-12,9.6178620623277311e-13,9.9920072216264089e-16,7.1452510574943062e-11,3.3037310140492243e-12,5.595524044110789e-14,0.10353341905283742,2.1848858546873089,4.4408920985006242e-16,2.5061874948058082e-12,7.9203310576758668e-13
tri,4,3,1.2,gll,coupled,8,shortwave,xxx,recursive,332.8814515064127,0.91982604768233589,1741.3197346889378,361.89609148943578,413.73530145835196,1.1422397842298395,453.94400398968924,351.75134166572923,0.012449797873923193,19.644982812242926,0.052632251592592778,4.4408920985006262e-16,1.4210854715202004e-14,2.5363400355510269e-12,3.907985046680551e-14,0.043750051210224628,32,6.1397831263576563e-12,9.6178620623277311e-13,9.9920072216264089e-16,7.1452510574943062e-11,3.3037310140492243e-12,5.595524044110789e-14,0.10353341905283742,2.1848858546873089,4.4408920985006242e-16,2.5061874948058082e-12,7.9203310576758668e-13
tri,4,3,1.2,gll,coupled,8,shortwave,xxx,direct,337.57018902954542,0.93278208018281272,1841.8781475935482,361.89609148943578,424.21966217670814,1.1711849911834415,464.68087608725364,357.43437082576713,0.012449797873923193,0,0,4.4408920985006262e-16,1.4210854715202004e-14,2.5363400355510269e-12,3.907985046680551e-14,0.043750051210224628,32,6.1397831263576563e-12,9.6178620623277311e-13,9.9920072216264089e-16,7.1452510574943062e-11,3.3037310140492243e-12,5.595524044110789e-14,0.10353341905283742,2.1848858546873089,4.4408920985006242e-16,2.5061874948058082e-12,7.9203310576758668e-13
tri,4,3,1.2,gll,coupled,8,shortwave,xxx,fe_geometry,337.57018902981474,0.93278208018355691,1841.8781476117717,361.89609148943578,424.21966217719711,1.1711849911847916,464.68087608777307,357.43437082602111,0.012449797873923193,9.8401245934550595e-10,2.6363368105490103e-12,4.4408920985006262e-16,1.4210854715202004e-14,2.5363400355510269e-12,3.907985046680551e-14,0.043750051210224628,32,6.1397831263576563e-12,9.6178620623277311e-13,9.9920072216264089e-16,7.1452510574943062e-11,3.3037310140492243e-12,5.595524044110789e-14,0.10353341905283742,2.1848858546873089,4.4408920985006242e-16,2.5061874948058082e-12,7.9203310576758668e-13
tri,4,3,1.2,gll,coupled,8,shortwave,xxx,reused,337.57018902987335,0.93278208018371889,1841.8781476132406,361.89609148943578,424.21966217746416,1.171184991185529,464.68087608788443,357.43437082611104,0.012449797873923193,1.4663886555487182e-09,3.9287047175864753e-12,4.4408920985006262e-16,1.4210854715202004e-14,2.5363400355510269e-12,3.907985046680551e-14,0.043750051210224628,32,6.1397831263576563e-12,9.6178620623277311e-13,9.9920072216264089e-16,7.1452510574943062e-11,3.3037310140492243e-12,5.595524044110789e-14,0.10353341905283742,2.1848858546873089,4.4408920985006242e-16,2.5061874948058082e-12,7.9203310576758668e-13
tri,4,3,1.2,gll,coupled,8,shortwave,xxx,reused_centered,337.57018902962562,0.93278208018303432,1841.8781475939224,361.89609148943578,424.21966217686673,1.1711849911838794,464.68087608745572,357.43437082590845,0.012449797873923193,2.7620409853320064e-10,7.3999777672724471e-13,4.4408920985006262e-16,1.4210854715202004e-14,2.5363400355510269e-12,3.907985046680551e-14,0.043750051210224628,32,6.1397831263576563e-12,9.6178620623277311e-13,9.9920072216264089e-16,7.1452510574943062e-11,3.3037310140492243e-12,5.595524044110789e-14,0.10353341905283742,2.1848858546873089,4.4408920985006242e-16,2.5061874948058082e-12,7.9203310576758668e-13
tri,4,3,1.2,gll,coupled,8,shortwave,xxy,recursive,209.35290200386459,0.77131864431856423,1047.9638158583564,271.42206861707757,283.49487408152413,1.0435629500624659,296.48430405663237,208.68312039448784,0.012449797873923193,13.107482431023421,0.048890225206293832,4.4408920985006262e-16,1.4210854715202004e-14,2.5363400355510269e-12,3.907985046680551e-14,0.043750051210224628,32,6.1397831263576563e-12,9.6178620623277311e-13,9.9920072216264089e-16,7.1452510574943062e-11,3.3037310140492243e-12,5.595524044110789e-14,0.10353341905283742,2.1848858546873089,4.4408920985006242e-16,2.5061874948058082e-12,7.9203310576758668e-13
tri,4,3,1.2,gll,coupled,8,shortwave,xxy,direct,210.91700539211308,0.77708126854517101,1146.4715904793657,271.42206861707757,287.24833324855956,1.0573796757933309,299.89587377920213,209.56567363279532,0.012449797873923193,0,0,4.4408920985006262e-16,1.4210854715202004e-14,2.5363400355510269e-12,3.907985046680551e-14,0.043750051210224628,32,6.1397831263576563e-12,9.6178620623277311e-13,9.9920072216264089e-16,7.1452510574943062e-11,3.3037310140492243e-12,5.595524044110789e-14,0.10353341905283742,2.1848858546873089,4.4408920985006242e-16,2.5061874948058082e-12,7.9203310576758668e-13
tri,4,3,1.2,gll,coupled,8,shortwave,xxy,fe_geometry,210.91700539206624,0.77708126854499848,1146.4715904787756,271.42206861707757,287.24833324850209,1.0573796757931193,299.89587377919815,209.56567363260044,0.012449797873923193,6.0328019753564932e-10,2.2502036432416884e-12,4.4408920985006262e-16,1.4210854715202004e-14,2.5363400355510269e-12,3.907985046680551e-14,0.043750051210224628,32,6.1397831263576563e-12,9.6178620623277311e-13,9.9920072216264089e-16,7.1452510574943062e-11,3.3037310140492243e-12,5.595524044110789e-14,0.10353341905283742,2.1848858546873089,4.4408920985006242e-16,2.5061874948058082e-12,7.9203310576758668e-13
tri,4,3,1.2,gll,coupled,8,shortwave,xxy,reused,210.91700539201432,0.77708126854480708,1146.4715904767243,271.42206861707757,287.24833324841859,1.057379675792812,299.89587377901273,209.56567363261826,0.012449797873923193,1.1655925436427835e-09,4.3475993393357632e-12,4.4408920985006262e-16,1.4210854715202004e-14,2.5363400355510269e-12,3.907985046680551e-14,0.043750051210224628,32,6.1397831263576563e-12,9.6178620623277311e-13,9.9920072216264089e-16,7.1452510574943062e-11,3.3037310140492243e-12,5.595524044110789e-14,0.10353341905283742,2.1848858546873089,4.4408920985006242e-16,2.5061874948058082e-12,7.9203310576758668e-13
tri,4,3,1.2,gll,coupled,8,shortwave,xxy,reused_centered,210.91700539206428,0.77708126854499115,1146.4715904784475,271.42206861707757,287.24833324845156,1.0573796757929332,299.89587377907645,209.56567363271651,0.012449797873923193,1.9245976839235438e-10,7.1786488895706868e-13,4.4408920985006262e-16,1.4210854715202004e-14,2.5363400355510269e-12,3.907985046680551e-14,0.043750051210224628,32,6.1397831263576563e-12,9.6178620623277311e-13,9.9920072216264089e-16,7.1452510574943062e-11,3.3037310140492243e-12,5.595524044110789e-14,0.10353341905283742,2.1848858546873089,4.4408920985006242e-16,2.5061874948058082e-12,7.9203310576758668e-13
tri,4,3,1.2,gll,coupled,8,shortwave,xyy,recursive,163.50882957495912,0.80322051142489481,1113.1456981842175,203.56655146280841,220.07551900786575,1.0801496080964195,246.38034755443124,202.80863587605594,0.012449797873923193,18.578824058289264,0.088499738267643874,4.4408920985006262e-16,1.4210854715202004e-14,2.5363400355510269e-12,3.907985046680551e-14,0.043750051210224628,32,6.1397831263576563e-12,9.6178620623277311e-13,9.9920072216264089e-16,7.1452510574943062e-11,3.3037310140492243e-12,5.595524044110789e-14,0.10353341905283742,2.1848858546873089,4.4408920985006242e-16,2.5061874948058082e-12,7.9203310576758668e-13
tri,4,3,1.2,gll,coupled,8,shortwave,xyy,direct,167.57878246711709,0.82321374146643012,1203.9385298691984,203.56655146280841,228.0630187324052,1.1193529449147375,248.67830040167905,201.41841511940638,0.012449797873923193,0,0,4.4408920985006262e-16,1.4210854715202004e-14,2.5363400355510269e-12,3.907985046680551e-14,0.043750051210224628,32,6.1397831263576563e-12,9.6178620623277311e-13,9.9920072216264089e-16,7.1452510574943062e-11,3.3037310140492243e-12,5.595524044110789e-14,0.10353341905283742,2.1848858546873089,4.4408920985006242e-16,2.5061874948058082e-12,7.9203310576758668e-13
tri,4,3,1.2,gll,coupled,8,shortwave,xyy,fe_geometry,167.57878246715595,0.82321374146662096,1203.9385298719055,203.56655146280841,228.0630187324731,1.1193529449150708,248.67830040172922,201.41841511943295,0.012449797873923193,7.0075490903210391e-10,3.3380275223306177e-12,4.4408920985006262e-16,1.4210854715202004e-14,2.5363400355510269e-12,3.907985046680551e-14,0.043750051210224628,32,6.1397831263576563e-12,9.6178620623277311e-13,9.9920072216264089e-16,7.1452510574943062e-11,3.3037310140492243e-12,5.595524044110789e-14,0.10353341905283742,2.1848858546873089,4.4408920985006242e-16,2.5061874948058082e-12,7.9203310576758668e-13
tri,4,3,1.2,gll,coupled,8,shortwave,xyy,reused,167.57878246715069,0.82321374146659521,1203.9385298634331,203.56655146280841,228.06301873239769,1.1193529449147006,248.67830040164606,201.41841511947743,0.012449797873923193,1.0233773022298287e-09,4.8748307811214001e-12,4.4408920985006262e-16,1.4210854715202004e-14,2.5363400355510269e-12,3.907985046680551e-14,0.043750051210224628,32,6.1397831263576563e-12,9.6178620623277311e-13,9.9920072216264089e-16,7.1452510574943062e-11,3.3037310140492243e-12,5.595524044110789e-14,0.10353341905283742,2.1848858546873089,4.4408920985006242e-16,2.5061874948058082e-12,7.9203310576758668e-13
tri,4,3,1.2,gll,coupled,8,shortwave,xyy,reused_centered,167.57878246715006,0.8232137414665921,1203.9385298687516,203.56655146280841,228.06301873246576,1.1193529449150348,248.67830040173902,201.41841511944725,0.012449797873923193,1.5098746561776331e-10,7.1922480922063993e-13,4.4408920985006262e-16,1.4210854715202004e-14,2.5363400355510269e-12,3.907985046680551e-14,0.043750051210224628,32,6.1397831263576563e-12,9.6178620623277311e-13,9.9920072216264089e-16,7.1452510574943062e-11,3.3037310140492243e-12,5.595524044110789e-14,0.10353341905283742,2.1848858546873089,4.4408920985006242e-16,2.5061874948058082e-12,7.9203310576758668e-13
tri,4,3,1.2,gll,coupled,8,shortwave,yyy,recursive,159.60639516927569,1.0454002652358587,936.0878671439151,152.6749135971053,195.87686274651477,1.2818406910780604,238.22389025352544,193.22603178032199,0.012449797873923193,18.192028650104554,0.1021105835956596,4.4408920985006262e-16,1.4210854715202004e-14,2.5363400355510269e-12,3.907985046680551e-14,0.043750051210224628,32,6.1397831263576563e-12,9.6178620623277311e-13,9.9920072216264089e-16,7.1452510574943062e-11,3.3037310140492243e-12,5.595524044110789e-14,0.10353341905283742,2.1848858546873089,4.4408920985006242e-16,2.5061874948058082e-12,7.9203310576758668e-13
tri,4,3,1.2,gll,coupled,8,shortwave,yyy,direct,163.97276839228257,1.0739994182999262,1374.6116785706167,152.6749135971053,207.50388954924424,1.3579292901244993,246.94445030712993,198.13194549154846,0.012449797873923193,0,0,4.4408920985006262e-16,1.4210854715202004e-14,2.5363400355510269e-12,3.907985046680551e-14,0.043750051210224628,32,6.1397831263576563e-12,9.6178620623277311e-13,9.9920072216264089e-16,7.1452510574943062e-11,3.3037310140492243e-12,5.595524044110789e-14,0.10353341905283742,2.1848858546873089,4.4408920985006242e-16,2.5061874948058082e-12,7.9203310576758668e-13
tri,4,3,1.2,gll,coupled,8,shortwave,yyy,fe_geometry,163.97276839233206,1.0739994183002504,1374.6116785698748,152.6749135971053,207.50388954923523,1.3579292901244404,246.94445030710855,198.13194549168736,0.012449797873923193,8.9736046782950973e-10,5.0368215017745552e-12,4.4408920985006262e-16,1.4210854715202004e-14,2.5363400355510269e-12,3.907985046680551e-14,0.043750051210224628,32,6.1397831263576563e-12,9.6178620623277311e-13,9.9920072216264089e-16,7.1452510574943062e-11,3.3037310140492243e-12,5.595524044110789e-14,0.10353341905283742,2.1848858546873089,4.4408920985006242e-16,2.5061874948058082e-12,7.9203310576758668e-13
tri,4,3,1.2,gll,coupled,8,shortwave,yyy,reused,163.97276839226501,1.0739994182998109,1374.6116785691859,152.6749135971053,207.50388954919228,1.3579292901241593,246.94445030709159,198.13194549150435,0.012449797873923193,5.5520181619852714e-10,3.1163089370506195e-12,4.4408920985006262e-16,1.4210854715202004e-14,2.5363400355510269e-12,3.907985046680551e-14,0.043750051210224628,32,6.1397831263576563e-12,9.6178620623277311e-13,9.9920072216264089e-16,7.1452510574943062e-11,3.3037310140492243e-12,5.595524044110789e-14,0.10353341905283742,2.1848858546873089,4.4408920985006242e-16,2.5061874948058082e-12,7.9203310576758668e-13
tri,4,3,1.2,gll,coupled,8,shortwave,yyy,reused_centered,163.9727683922402,1.0739994182996486,1374.6116785686752,152.6749135971053,207.50388954916468,1.3579292901239788,246.94445030707053,198.13194549145891,0.012449797873923193,2.1263323200453962e-10,1.1934954495407547e-12,4.4408920985006262e-16,1.4210854715202004e-14,2.5363400355510269e-12,3.907985046680551e-14,0.043750051210224628,32,6.1397831263576563e-12,9.6178620623277311e-13,9.9920072216264089e-16,7.1452510574943062e-11,3.3037310140492243e-12,5.595524044110789e-14,0.10353341905283742,2.1848858546873089,4.4408920985006242e-16,2.5061874948058082e-12,7.9203310576758668e-13
tri,4,3,1.2,gll,coupled,8,exponential,x,recursive,0.0036137687663412147,0.0015424454311460767,0.085170525470005032,2.3428827324258021,0.0079563056234032131,0.0033326880591736958,0.0096107450972686449,0.0053715547485413831,5.7199247177252799e-05,0.00017404357877995642,7.428828475952548e-05,4.4408920985006262e-16,1.4210854715202004e-14,2.5363400355510269e-12,3.907985046680551e-14,0.043750051210224628,32,6.1397831263576563e-12,9.6178620623277311e-13,9.9920072216264089e-16,7.1452510574943062e-11,3.3037310140492243e-12,5.595524044110789e-14,0.10353341905283742,2.1848858546873089,4.4408920985006242e-16,2.5061874948058082e-12,7.9203310576758668e-13
tri,4,3,1.2,gll,coupled,8,exponential,x,direct,0.0036196888998297552,0.0015449722897918831,0.083918762547839698,2.3428827324258021,0.0079590944599052058,0.0033338562297479685,0.009537012028008154,0.0053401348102282056,5.7199247177252799e-05,0,0,4.4408920985006262e-16,1.4210854715202004e-14,2.5363400355510269e-12,3.907985046680551e-14,0.043750051210224628,32,6.1397831263576563e-12,9.6178620623277311e-13,9.9920072216264089e-16,7.1452510574943062e-11,3.3037310140492243e-12,5.595524044110789e-14,0.10353341905283742,2.1848858546873089,4.4408920985006242e-16,2.5061874948058082e-12,7.9203310576758668e-13
tri,4,3,1.2,gll,coupled,8,exponential,x,fe_geometry,0.0036196888997457322,0.0015449722897560201,0.083918762548204739,2.3428827324258021,0.0079590944597820699,0.0033338562296963904,0.0095370120278153378,0.0053401348099941046,5.7199247177252799e-05,2.4732189690959324e-13,1.055662014863245e-13,4.4408920985006262e-16,1.4210854715202004e-14,2.5363400355510269e-12,3.907985046680551e-14,0.043750051210224628,32,6.1397831263576563e-12,9.6178620623277311e-13,9.9920072216264089e-16,7.1452510574943062e-11,3.3037310140492243e-12,5.595524044110789e-14,0.10353341905283742,2.1848858546873089,4.4408920985006242e-16,2.5061874948058082e-12,7.9203310576758668e-13
tri,4,3,1.2,gll,coupled,8,exponential,x,reused,0.0036196888997932684,0.0015449722897763096,0.083918762547591896,2.3428827324258021,0.0079590944598678798,0.0033338562297323339,0.009537012028035358,0.0053401348102427703,5.7199247177252799e-05,2.9118761185703624e-13,1.2428972318151906e-13,4.4408920985006262e-16,1.4210854715202004e-14,2.5363400355510269e-12,3.907985046680551e-14,0.043750051210224628,32,6.1397831263576563e-12,9.6178620623277311e-13,9.9920072216264089e-16,7.1452510574943062e-11,3.3037310140492243e-12,5.595524044110789e-14,0.10353341905283742,2.1848858546873089,4.4408920985006242e-16,2.5061874948058082e-12,7.9203310576758668e-13
tri,4,3,1.2,gll,coupled,8,exponential,x,reused_centered,0.0036196888998265716,0.0015449722897905242,0.083918762547457781,2.3428827324258021,0.0079590944598948062,0.0033338562297436126,0.009537012028022096,0.0053401348102608895,5.7199247177252799e-05,6.2854076504847418e-14,2.6828461965796143e-14,4.4408920985006262e-16,1.4210854715202004e-14,2.5363400355510269e-12,3.907985046680551e-14,0.043750051210224628,32,6.1397831263576563e-12,9.6178620623277311e-13,9.9920072216264089e-16,7.1452510574943062e-11,3.3037310140492243e-12,5.595524044110789e-14,0.10353341905283742,2.1848858546873089,4.4408920985006242e-16,2.5061874948058082e-12,7.9203310576758668e-13
tri,4,3,1.2,gll,coupled,8,exponential,y,recursive,0.0033621721822103177,0.0028701156363290545,0.084547421375302356,1.1714413662129011,0.0073783883804427438,0.0061812273221675124,0.0093169966140512137,0.0051228513888039989,5.7199247177252799e-05,0.00015579008816782948,0.00013299775972998553,4.4408920985006262e-16,1.4210854715202004e-14,2.5363400355510269e-12,3.907985046680551e-14,0.043750051210224628,32,6.1397831263576563e-12,9.6178620623277311e-13,9.9920072216264089e-16,7.1452510574943062e-11,3.3037310140492243e-12,5.595524044110789e-14,0.10353341905283742,2.1848858546873089,4.4408920985006242e-16,2.5061874948058082e-12,7.9203310576758668e-13
tri,4,3,1.2,gll,coupled,8,exponential,y,direct,0.003366588999209726,0.0028738860486832701,0.083784519759813936,1.1714413662129011,0.007373972779615004,0.0061775281630730202,0.009265855062600109,0.0050936934353326092,5.7199247177252799e-05,0,0,4.4408920985006262e-16,1.4210854715202004e-14,2.5363400355510269e-12,3.907985046680551e-14,0.043750051210224628,32,6.1397831263576563e-12,9.6178620623277311e-13,9.9920072216264089e-16,7.1452510574943062e-11,3.3037310140492243e-12,5.595524044110789e-14,0.10353341905283742,2.1848858546873089,4.4408920985006242e-16,2.5061874948058082e-12,7.9203310576758668e-13
tri,4,3,1.2,gll,coupled,8,exponential,y,fe_geometry,0.0033665889991460977,0.0028738860486289541,0.083784519758292042,1.1714413662129011,0.0073739727794728607,0.0061775281629539392,0.0092658550623984388,0.0050936934351126541,5.7199247177252799e-05,2.1808025805994612e-13,1.8617478239093325e-13,4.4408920985006262e-16,1.4210854715202004e-14,2.5363400355510269e-12,3.907985046680551e-14,0.043750051210224628,32,6.1397831263576563e-12,9.6178620623277311e-13,9.9920072216264089e-16,7.1452510574943062e-11,3.3037310140492243e-12,5.595524044110789e-14,0.10353341905283742,2.1848858546873089,4.4408920985006242e-16,2.5061874948058082e-12,7.9203310576758668e-13
tri,4,3,1.2,gll,coupled,8,exponential,y,reused,0.0033665889992087012,0.0028738860486823953,0.083784519758818288,1.1714413662129011,0.0073739727795604781,0.0061775281630273406,0.0092658550625849597,0.0050936934353245722,5.7199247177252799e-05,1.6109155938434651e-13,1.3752361759014796e-13,4.4408920985006262e-16,1.4210854715202004e-14,2.5363400355510269e-12,3.907985046680551e-14,0.043750051210224628,32,6.1397831263576563e-12,9.6178620623277311e-13,9.9920072216264089e-16,7.1452510574943062e-11,3.3037310140492243e-12,5.595524044110789e-14,0.10353341905283742,2.1848858546873089,4.4408920985006242e-16,2.5061874948058082e-12,7.9203310576758668e-13
tri,4,3,1.2,gll,coupled,8,exponential,y,reused_centered,0.0033665889992211474,0.0028738860486930201,0.083784519760037313,1.1714413662129011,0.007373972779635073,0.0061775281630898323,0.0092658550625988913,0.0050936934353601653,5.7199247177252799e-05,5.9186675068904258e-14,5.0527573882305255e-14,4.4408920985006262e-16,1.4210854715202004e-14,2.5363400355510269e-12,3.907985046680551e-14,0.043750051210224628,32,6.1397831263576563e-12,9.6178620623277311e-13,9.9920072216264089e-16,7.1452510574943062e-11,3.3037310140492243e-12,5.595524044110789e-14,0.10353341905283742,2.1848858546873089,4.4408920985006242e-16,2.5061874948058082e-12,7.9203310576758668e-13
tri,4,3,1.2,gll,coupled,8,exponential,xx,recursive,0.13070168806802621,0.055786696559370137,2.1172777658089368,2.3428827324258021,0.22800868369771618,0.095506866316462685,0.30094393104261918,0.15508421228195901,5.7199247177252799e-05,0.011389048030388926,0.004929604718811177,4.4408920985006262e-16,1.4210854715202004e-14,2.5363400355510269e-12,3.907985046680551e-14,0.043750051210224628,32,6.1397831263576563e-12,9.6178620623277311e-13,9.9920072216264089e-16,7.1452510574943062e-11,3.3037310140492243e-12,5.595524044110789e-14,0.10353341905283742,2.1848858546873089,4.4408920985006242e-16,2.5061874948058082e-12,7.9203310576758668e-13
tri,4,3,1.2,gll,coupled,8,exponential,xx,direct,0.13117801538562768,0.055990004779200797,1.9763078593899159,2.3428827324258021,0.22840931460675001,0.095674680112195404,0.29342908898789127,0.15174914089378483,5.7199247177252799e-05,0,0,4.4408920985006262e-16,1.4210854715202004e-14,2.5363400355510269e-12,3.907985046680551e-14,0.043750051210224628,32,6.1397831263576563e-12,9.6178620623277311e-13,9.9920072216264089e-16,7.1452510574943062e-11,3.3037310140492243e-12,5.595524044110789e-14,0.10353341905283742,2.1848858546873089,4.4408920985006242e-16,2.5061874948058082e-12,7.9203310576758668e-13
tri,4,3,1.2,gll,coupled,8,exponential,xx,fe_geometry,0.13117801537628135,0.055990004775211558,1.9763078592837469,2.3428827324258021,0.22840931459072816,0.095674680105484272,0.29342908895943642,0.15174914087994149,5.7199247177252799e-05,1.2850575481460093e-11,5.5622083043126473e-12,4.4408920985006262e-16,1.4210854715202004e-14,2.5363400355510269e-12,3.907985046680551e-14,0.043750051210224628,32,6.1397831263576563e-12,9.6178620623277311e-13,9.9920072216264089e-16,7.1452510574943062e-11,3.3037310140492243e-12,5.595524044110789e-14,0.10353341905283742,2.1848858546873089,4.4408920985006242e-16,2.5061874948058082e-12,7.9203310576758668e-13
tri,4,3,1.2,gll,coupled,8,exponential,xx,reused,0.13117801537661264,0.055990004775352958,1.976307859259131,2.3428827324258021,0.22840931458890015,0.095674680104718565,0.29342908897533726,0.15174914088488903,5.7199247177252799e-05,1.7616701736373874e-11,7.6251654903726029e-12,4.4408920985006262e-16,1.4210854715202004e-14,2.5363400355510269e-12,3.907985046680551e-14,0.043750051210224628,32,6.1397831263576563e-12,9.6178620623277311e-13,9.9920072216264089e-16,7.1452510574943062e-11,3.3037310140492243e-12,5.595524044110789e-14,0.10353341905283742,2.1848858546873089,4.4408920985006242e-16,2.5061874948058082e-12,7.9203310576758668e-13
tri,4,3,1.2,gll,coupled,8,exponential,xx,reused_centered,0.13117801538621299,0.055990004779450618,1.9763078593937125,2.3428827324258021,0.22840931460775904,0.095674680112618066,0.29342908898910919,0.1517491408946961,5.7199247177252799e-05,2.4867275491122907e-12,1.0763484206750757e-12,4.4408920985006262e-16,1.4210854715202004e-14,2.5363400355510269e-12,3.907985046680551e-14,0.043750051210224628,32,6.1397831263576563e-12,9.6178620623277311e-13,9.9920072216264089e-16,7.1452510574943062e-11,3.3037310140492243e-12,5.595524044110789e-14,0.10353341905283742,2.1848858546873089,4.4408920985006242e-16,2.5061874948058082e-12,7.9203310576758668e-13
tri,4,3,1.2,gll,coupled,8,exponential,xy,recursive,0.099351240867084661,0.084811108547645647,1.2977731368320753,1.1714413662129011,0.18557250427215,0.15546292421939853,0.18483686553145129,0.098796540531885552,5.7199247177252799e-05,0.0098253945249134975,0.0085226720398508555,4.4408920985006262e-16,1.4210854715202004e-14,2.5363400355510269e-12,3.907985046680551e-14,0.043750051210224628,32,6.1397831263576563e-12,9.6178620623277311e-13,9.9920072216264089e-16,7.1452510574943062e-11,3.3037310140492243e-12,5.595524044110789e-14,0.10353341905283742,2.1848858546873089,4.4408920985006242e-16,2.5061874948058082e-12,7.9203310576758668e-13
tri,4,3,1.2,gll,coupled,8,exponential,xy,direct,0.099303690045799808,0.084770516826492254,1.1827376234409397,1.1714413662129011,0.18378143798715554,0.15396246269775166,0.17925042225674534,0.094326950610222032,5.7199247177252799e-05,0,0,4.4408920985006262e-16,1.4210854715202004e-14,2.5363400355510269e-12,3.907985046680551e-14,0.043750051210224628,32,6.1397831263576563e-12,9.6178620623277311e-13,9.9920072216264089e-16,7.1452510574943062e-11,3.3037310140492243e-12,5.595524044110789e-14,0.10353341905283742,2.1848858546873089,4.4408920985006242e-16,2.5061874948058082e-12,7.9203310576758668e-13
tri,4,3,1.2,gll,coupled,8,exponential,xy,fe_geometry,0.099303690044681439,0.084770516825537573,1.1827376234163081,1.1714413662129011,0.18378143798617011,0.15396246269692612,0.17925042225161805,0.09432695060709255,5.7199247177252799e-05,9.1278429790486627e-12,7.9176069667667475e-12,4.4408920985006262e-16,1.4210854715202004e-14,2.5363400355510269e-12,3.907985046680551e-14,0.043750051210224628,32,6.1397831263576563e-12,9.6178620623277311e-13,9.9920072216264089e-16,7.1452510574943062e-11,3.3037310140492243e-12,5.595524044110789e-14,0.10353341905283742,2.1848858546873089,4.4408920985006242e-16,2.5061874948058082e-12,7.9203310576758668e-13
tri,4,3,1.2,gll,coupled,8,exponential,xy,reused,0.099303690051587831,0.084770516831433204,1.1827376235671283,1.1714413662129011,0.1837814379989717,0.1539624627076506,0.17925042227550664,0.094326950618333086,5.7199247177252799e-05,1.0401228401094198e-11,9.0221576598613547e-12,4.4408920985006262e-16,1.4210854715202004e-14,2.5363400355510269e-12,3.907985046680551e-14,0.043750051210224628,32,6.1397831263576563e-12,9.6178620623277311e-13,9.9920072216264089e-16,7.1452510574943062e-11,3.3037310140492243e-12,5.595524044110789e-14,0.10353341905283742,2.1848858546873089,4.4408920985006242e-16,2.5061874948058082e-12,7.9203310576758668e-13
tri,4,3,1.2,gll,coupled,8,exponential,xy,reused_centered,0.099303690045690812,0.084770516826399217,1.1827376234359708,1.1714413662129011,0.1837814379867134,0.15396246269738123,0.1792504222573271,0.094326950610806079,5.7199247177252799e-05,1.9587608309337475e-12,1.6990540302707131e-12,4.4408920985006262e-16,1.4210854715202004e-14,2.5363400355510269e-12,3.907985046680551e-14,0.043750051210224628,32,6.1397831263576563e-12,9.6178620623277311e-13,9.9920072216264089e-16,7.1452510574943062e-11,3.3037310140492243e-12,5.595524044110789e-14,0.10353341905283742,2.1848858546873089,4.4408920985006242e-16,2.5061874948058082e-12,7.9203310576758668e-13
tri,4,3,1.2,gll,coupled,8,exponential,yy,recursive,0.1050735839081291,0.17939196435894469,1.7517335597261643,0.58572068310645053,0.18302978364970821,0.30666553212751801,0.24617274489530155,0.1342249732098911,5.7199247177252799e-05,0.0091044105745504353,0.016274421304551315,4.4408920985006262e-16,1.4210854715202004e-14,2.5363400355510269e-12,3.907985046680551e-14,0.043750051210224628,32,6.1397831263576563e-12,9.6178620623277311e-13,9.9920072216264089e-16,7.1452510574943062e-11,3.3037310140492243e-12,5.595524044110789e-14,0.10353341905283742,2.1848858546873089,4.4408920985006242e-16,2.5061874948058082e-12,7.9203310576758668e-13
tri,4,3,1.2,gll,coupled,8,exponential,yy,direct,0.1052025680144964,0.179612178720649,1.6289063022054875,0.58572068310645053,0.182130002819134,0.30515795362469755,0.24029517278569631,0.1311353969417178,5.7199247177252799e-05,0,0,4.4408920985006262e-16,1.4210854715202004e-14,2.5363400355510269e-12,3.907985046680551e-14,0.043750051210224628,32,6.1397831263576563e-12,9.6178620623277311e-13,9.9920072216264089e-16,7.1452510574943062e-11,3.3037310140492243e-12,5.595524044110789e-14,0.10353341905283742,2.1848858546873089,4.4408920985006242e-16,2.5061874948058082e-12,7.9203310576758668e-13
tri,4,3,1.2,gll,coupled,8,exponential,yy,fe_geometry,0.1052025680146222,0.17961217872086377,1.6289063022052317,0.58572068310645053,0.18213000281842937,0.30515795362351694,0.2402951727895889,0.13113539694431353,5.7199247177252799e-05,1.0060275981245101e-11,1.7983060893200735e-11,4.4408920985006262e-16,1.4210854715202004e-14,2.5363400355510269e-12,3.907985046680551e-14,0.043750051210224628,32,6.1397831263576563e-12,9.6178620623277311e-13,9.9920072216264089e-16,7.1452510574943062e-11,3.3037310140492243e-12,5.595524044110789e-14,0.10353341905283742,2.1848858546873089,4.4408920985006242e-16,2.5061874948058082e-12,7.9203310576758668e-13
tri,4,3,1.2,gll,coupled,8,exponential,yy,reused,0.10520256801503568,0.1796121787215697,1.6289063021911856,0.58572068310645053,0.18213000281793562,0.30515795362268966,0.24029517278418566,0.13113539694198972,5.7199247177252799e-05,5.7037418643089607e-12,1.0195618634735679e-11,4.4408920985006262e-16,1.4210854715202004e-14,2.5363400355510269e-12,3.907985046680551e-14,0.043750051210224628,32,6.1397831263576563e-12,9.6178620623277311e-13,9.9920072216264089e-16,7.1452510574943062e-11,3.3037310140492243e-12,5.595524044110789e-14,0.10353341905283742,2.1848858546873089,4.4408920985006242e-16,2.5061874948058082e-12,7.9203310576758668e-13
tri,4,3,1.2,gll,coupled,8,exponential,yy,reused_centered,0.10520256801555117,0.17961217872244978,1.6289063022234493,0.58572068310645053,0.18213000282118877,0.30515795362814035,0.24029517278506543,0.1311353969411837,5.7199247177252799e-05,2.2775874886489591e-12,4.0712595334683095e-12,4.4408920985006262e-16,1.4210854715202004e-14,2.5363400355510269e-12,3.907985046680551e-14,0.043750051210224628,32,6.1397831263576563e-12,9.6178620623277311e-13,9.9920072216264089e-16,7.1452510574943062e-11,3.3037310140492243e-12,5.595524044110789e-14,0.10353341905283742,2.1848858546873089,4.4408920985006242e-16,2.5061874948058082e-12,7.9203310576758668e-13
tri,4,3,1.2,gll,coupled,8,exponential,xxx,recursive,1.5319984777671776,0.65389464720710055,14.241840948035861,2.3428827324258021,2.0722684880493927,0.86801899932170867,3.0079986034401132,2.05707222645428,5.7199247177252799e-05,0.44841503741730049,0.15898518848816373,4.4408920985006262e-16,1.4210854715202004e-14,2.5363400355510269e-12,3.907985046680551e-14,0.043750051210224628,32,6.1397831263576563e-12,9.6178620623277311e-13,9.9920072216264089e-16,7.1452510574943062e-11,3.3037310140492243e-12,5.595524044110789e-14,0.10353341905283742,2.1848858546873089,4.4408920985006242e-16,2.5061874948058082e-12,7.9203310576758668e-13
tri,4,3,1.2,gll,coupled,8,exponential,xxx,direct,1.5841562785589411,0.67615687999830809,14.707628161519612,2.3428827324258021,2.1850707187907226,0.91526889961890034,2.9596997983582938,2.0621084859710477,5.7199247177252799e-05,0,0,4.4408920985006262e-16,1.4210854715202004e-14,2.5363400355510269e-12,3.907985046680551e-14,0.043750051210224628,32,6.1397831263576563e-12,9.6178620623277311e-13,9.9920072216264089e-16,7.1452510574943062e-11,3.3037310140492243e-12,5.595524044110789e-14,0.10353341905283742,2.1848858546873089,4.4408920985006242e-16,2.5061874948058082e-12,7.9203310576758668e-13
tri,4,3,1.2,gll,coupled,8,exponential,xxx,fe_geometry,1.5841562785892269,0.67615688001123475,14.707628161471156,2.3428827324258021,2.1850707188187948,0.91526889963065894,2.9596997983416751,2.0621084859443264,5.7199247177252799e-05,1.7951748073222228e-10,6.3647777459729585e-11,4.4408920985006262e-16,1.4210854715202004e-14,2.5363400355510269e-12,3.907985046680551e-14,0.043750051210224628,32,6.1397831263576563e-12,9.6178620623277311e-13,9.9920072216264089e-16,7.1452510574943062e-11,3.3037310140492243e-12,5.595524044110789e-14,0.10353341905283742,2.1848858546873089,4.4408920985006242e-16,2.5061874948058082e-12,7.9203310576758668e-13
tri,4,3,1.2,gll,coupled,8,exponential,xxx,reused,1.5841562786234971,0.67615688002586205,14.707628165873931,2.3428827324258021,2.1850707189551017,0.91526889968775427,2.9596997982153903,2.0621084858523768,5.7199247177252799e-05,4.4205852957587047e-10,1.5673149377909049e-10,4.4408920985006262e-16,1.4210854715202004e-14,2.5363400355510269e-12,3.907985046680551e-14,0.043750051210224628,32,6.1397831263576563e-12,9.6178620623277311e-13,9.9920072216264089e-16,7.1452510574943062e-11,3.3037310140492243e-12,5.595524044110789e-14,0.10353341905283742,2.1848858546873089,4.4408920985006242e-16,2.5061874948058082e-12,7.9203310576758668e-13
tri,4,3,1.2,gll,coupled,8,exponential,xxx,reused_centered,1.5841562785215593,0.67615687998235252,14.70762816070004,2.3428827324258021,2.1850707187191794,0.91526889958893276,2.9596997982693147,2.0621084859242367,5.7199247177252799e-05,9.229725744747229e-11,3.2723917905927067e-11,4.4408920985006262e-16,1.4210854715202004e-14,2.5363400355510269e-12,3.907985046680551e-14,0.043750051210224628,32,6.1397831263576563e-12,9.6178620623277311e-13,9.9920072216264089e-16,7.1452510574943062e-11,3.3037310140492243e-12,5.595524044110789e-14,0.10353341905283742,2.1848858546873089,4.4408920985006242e-16,2.5061874948058082e-12,7.9203310576758668e-13
tri,4,3,1.2,gll,coupled,8,exponential,xxy,recursive,2.4144177291503013,2.0610657936348633,20.907616730563468,1.1714413662129011,3.4533898850991256,2.8930691651380314,4.448699379313064,2.8641623133438574,5.7199247177252799e-05,0.30704321208401109,0.11973440952617928,4.4408920985006262e-16,1.4210854715202004e-14,2.5363400355510269e-12,3.907985046680551e-14,0.043750051210224628,32,6.1397831263576563e-12,9.6178620623277311e-13,9.9920072216264089e-16,7.1452510574943062e-11,3.3037310140492243e-12,5.595524044110789e-14,0.10353341905283742,2.1848858546873089,4.4408920985006242e-16,2.5061874948058082e-12,7.9203310576758668e-13
tri,4,3,1.2,gll,coupled,8,exponential,xxy,direct,2.411104800441795,2.0582377146510926,18.138407053881988,1.1714413662129011,3.4112268244745918,2.8577471613506766,4.3322311268986216,2.8084980993914117,5.7199247177252799e-05,0,0,4.4408920985006262e-16,1.4210854715202004e-14,2.5363400355510269e-12,3.907985046680551e-14,0.043750051210224628,32,6.1397831263576563e-12,9.6178620623277311e-13,9.9920072216264089e-16,7.1452510574943062e-11,3.3037310140492243e-12,5.595524044110789e-14,0.10353341905283742,2.1848858546873089,4.4408920985006242e-16,2.5061874948058082e-12,7.9203310576758668e-13
tri,4,3,1.2,gll,coupled,8,exponential,xxy,fe_geometry,2.411104800250222,2.0582377144875563,18.138407052442112,1.1714413662129011,3.4112268242109134,2.8577471611297804,4.3322311264952251,2.8084980990324362,5.7199247177252799e-05,2.4694551105861093e-10,9.6298741636578486e-11,4.4408920985006262e-16,1.4210854715202004e-14,2.5363400355510269e-12,3.907985046680551e-14,0.043750051210224628,32,6.1397831263576563e-12,9.6178620623277311e-13,9.9920072216264089e-16,7.1452510574943062e-11,3.3037310140492243e-12,5.595524044110789e-14,0.10353341905283742,2.1848858546873089,4.4408920985006242e-16,2.5061874948058082e-12,7.9203310576758668e-13
tri,4,3,1.2,gll,coupled,8,exponential,xxy,reused,2.4111048002146975,2.0582377144572308,18.138407050409011,1.1714413662129011,3.411226824030742,2.8577471609788425,4.3322311269328244,2.8084980994339581,5.7199247177252799e-05,4.6630730777919059e-10,1.8184095253474316e-10,4.4408920985006262e-16,1.4210854715202004e-14,2.5363400355510269e-12,3.907985046680551e-14,0.043750051210224628,32,6.1397831263576563e-12,9.6178620623277311e-13,9.9920072216264089e-16,7.1452510574943062e-11,3.3037310140492243e-12,5.595524044110789e-14,0.10353341905283742,2.1848858546873089,4.4408920985006242e-16,2.5061874948058082e-12,7.9203310576758668e-13
tri,4,3,1.2,gll,coupled,8,exponential,xxy,reused_centered,2.4111048004636881,2.0582377146697812,18.138407053925675,1.1714413662129011,3.4112268245106443,2.8577471613808796,4.3322311269561116,2.808498099456981,5.7199247177252799e-05,6.8644492173062253e-11,2.6768570071228888e-11,4.4408920985006262e-16,1.4210854715202004e-14,2.5363400355510269e-12,3.907985046680551e-14,0.043750051210224628,32,6.1397831263576563e-12,9.6178620623277311e-13,9.9920072216264089e-16,7.1452510574943062e-11,3.3037310140492243e-12,5.595524044110789e-14,0.10353341905283742,2.1848858546873089,4.4408920985006242e-16,2.5061874948058082e-12,7.9203310576758668e-13
tri,4,3,1.2,gll,coupled,8,exponential,xyy,recursive,2.130451190525712,3.6373159630057281,20.540588147664085,0.58572068310645053,3.0343761678916681,5.0840828396676132,4.0587326083708151,2.6976612212100228,5.7199247177252799e-05,0.32005934623642557,0.15058057551104589,4.4408920985006262e-16,1.4210854715202004e-14,2.5363400355510269e-12,3.907985046680551e-14,0.043750051210224628,32,6.1397831263576563e-12,9.6178620623277311e-13,9.9920072216264089e-16,7.1452510574943062e-11,3.3037310140492243e-12,5.595524044110789e-14,0.10353341905283742,2.1848858546873089,4.4408920985006242e-16,2.5061874948058082e-12,7.9203310576758668e-13
tri,4,3,1.2,gll,coupled,8,exponential,xyy,direct,2.0892116764766384,3.5669078056049099,16.80994945863873,0.58572068310645053,2.9102475925260709,4.8761060019220457,3.9141857734568744,2.6615119398607883,5.7199247177252799e-05,0,0,4.4408920985006262e-16,1.4210854715202004e-14,2.5363400355510269e-12,3.907985046680551e-14,0.043750051210224628,32,6.1397831263576563e-12,9.6178620623277311e-13,9.9920072216264089e-16,7.1452510574943062e-11,3.3037310140492243e-12,5.595524044110789e-14,0.10353341905283742,2.1848858546873089,4.4408920985006242e-16,2.5061874948058082e-12,7.9203310576758668e-13
tri,4,3,1.2,gll,coupled,8,exponential,xyy,fe_geometry,2.0892116763958239,3.5669078054669359,16.8099494578926,0.58572068310645053,2.9102475924250939,4.8761060017528592,3.914185773147425,2.6615119395195741,5.7199247177252799e-05,2.8671142374686762e-10,1.3489114347406986e-10,4.4408920985006262e-16,1.4210854715202004e-14,2.5363400355510269e-12,3.907985046680551e-14,0.043750051210224628,32,6.1397831263576563e-12,9.6178620623277311e-13,9.9920072216264089e-16,7.1452510574943062e-11,3.3037310140492243e-12,5.595524044110789e-14,0.10353341905283742,2.1848858546873089,4.4408920985006242e-16,2.5061874948058082e-12,7.9203310576758668e-13
tri,4,3,1.2,gll,coupled,8,exponential,xyy,reused,2.0892116766901725,3.566907805969477,16.809949461243768,0.58572068310645053,2.9102475929105842,4.8761060025662957,3.9141857735023624,2.6615119398971285,5.7199247177252799e-05,3.4917010101789592e-10,1.642765174046367e-10,4.4408920985006262e-16,1.4210854715202004e-14,2.5363400355510269e-12,3.907985046680551e-14,0.043750051210224628,32,6.1397831263576563e-12,9.6178620623277311e-13,9.9920072216264089e-16,7.1452510574943062e-11,3.3037310140492243e-12,5.595524044110789e-14,0.10353341905283742,2.1848858546873089,4.4408920985006242e-16,2.5061874948058082e-12,7.9203310576758668e-13
tri,4,3,1.2,gll,coupled,8,exponential,xyy,reused_centered,2.0892116764988713,3.566907805642868,16.809949458860995,0.58572068310645053,2.910247592552738,4.8761060019667264,3.9141857735207952,2.6615119399315108,5.7199247177252799e-05,5.7335375364425759e-11,2.6974977987799489e-11,4.4408920985006262e-16,1.4210854715202004e-14,2.5363400355510269e-12,3.907985046680551e-14,0.043750051210224628,32,6.1397831263576563e-12,9.6178620623277311e-13,9.9920072216264089e-16,7.1452510574943062e-11,3.3037310140492243e-12,5.595524044110789e-14,0.10353341905283742,2.1848858546873089,4.4408920985006242e-16,2.5061874948058082e-12,7.9203310576758668e-13
tri,4,3,1.2,gll,coupled,8,exponential,yyy,recursive,0.93282971563517902,3.1852374093664841,9.0065118499480992,0.29286034155322527,1.3022593402234095,4.3638586635927448,1.8073027489666551,1.2633713278334704,5.7199247177252799e-05,0.30165682839954139,0.29628272387530985,4.4408920985006262e-16,1.4210854715202004e-14,2.5363400355510269e-12,3.907985046680551e-14,0.043750051210224628,32,6.1397831263576563e-12,9.6178620623277311e-13,9.9920072216264089e-16,7.1452510574943062e-11,3.3037310140492243e-12,5.595524044110789e-14,0.10353341905283742,2.1848858546873089,4.4408920985006242e-16,2.5061874948058082e-12,7.9203310576758668e-13
tri,4,3,1.2,gll,coupled,8,exponential,yyy,direct,0.99419689616014495,3.3947815907312147,10.925971295247198,0.29286034155322527,1.41638967383051,4.746308326042187,1.778706701845866,1.2481918234369149,5.7199247177252799e-05,0,0,4.4408920985006262e-16,1.4210854715202004e-14,2.5363400355510269e-12,3.907985046680551e-14,0.043750051210224628,32,6.1397831263576563e-12,9.6178620623277311e-13,9.9920072216264089e-16,7.1452510574943062e-11,3.3037310140492243e-12,5.595524044110789e-14,0.10353341905283742,2.1848858546873089,4.4408920985006242e-16,2.5061874948058082e-12,7.9203310576758668e-13
tri,4,3,1.2,gll,coupled,8,exponential,yyy,fe_geometry,0.99419689634092989,3.3947815913485226,10.925971296101574,0.29286034155322527,1.4163896740548141,4.7463083267938275,1.7787067022159593,1.2481918236194987,5.7199247177252799e-05,3.2622397634413935e-10,3.2041220090220642e-10,4.4408920985006262e-16,1.4210854715202004e-14,2.5363400355510269e-12,3.907985046680551e-14,0.043750051210224628,32,6.1397831263576563e-12,9.6178620623277311e-13,9.9920072216264089e-16,7.1452510574943062e-11,3.3037310140492243e-12,5.595524044110789e-14,0.10353341905283742,2.1848858546873089,4.4408920985006242e-16,2.5061874948058082e-12,7.9203310576758668e-13
tri,4,3,1.2,gll,coupled,8,exponential,yyy,reused,0.99419689626533536,3.3947815910903976,10.925971296465651,0.29286034155322527,1.4163896739750792,4.7463083265266368,1.7787067020332619,1.2481918235399381,5.7199247177252799e-05,1.7460088867470286e-10,1.7149032283490437e-10,4.4408920985006262e-16,1.4210854715202004e-14,2.5363400355510269e-12,3.907985046680551e-14,0.043750051210224628,32,6.1397831263576563e-12,9.6178620623277311e-13,9.9920072216264089e-16,7.1452510574943062e-11,3.3037310140492243e-12,5.595524044110789e-14,0.10353341905283742,2.1848858546873089,4.4408920985006242e-16,2.5061874948058082e-12,7.9203310576758668e-13
tri,4,3,1.2,gll,coupled,8,exponential,yyy,reused_centered,0.99419689616480234,3.3947815907471179,10.925971295294865,0.29286034155322527,1.4163896738401949,4.7463083260746401,1.7787067018325187,1.248191823435771,5.7199247177252799e-05,6.503255487826979e-11,6.3873980914445083e-11,4.4408920985006262e-16,1.4210854715202004e-14,2.5363400355510269e-12,3.907985046680551e-14,0.043750051210224628,32,6.1397831263576563e-12,9.6178620623277311e-13,9.9920072216264089e-16,7.1452510574943062e-11,3.3037310140492243e-12,5.595524044110789e-14,0.10353341905283742,2.1848858546873089,4.4408920985006242e-16,2.5061874948058082e-12,7.9203310576758668e-13
tri,4,3,1.2,gll,coupled,8,constant,x,recursive,1.8847212449584227e-13,nan,1.1902522704326411e-12,0,3.0994359525448371e-13,nan,4.3133855032218143e-13,3.315354726914902e-13,4.5401276560914028e-15,4.7693673889324511e-14,nan,4.4408920985006262e-16,1.4210854715202004e-14,2.5363400355510269e-12,3.907985046680551e-14,0.043750051210224628,32,6.1397831263576563e-12,9.6178620623277311e-13,9.9920072216264089e-16,7.1452510574943062e-11,3.3037310140492243e-12,5.595524044110789e-14,0.10353341905283742,2.1848858546873089,4.4408920985006242e-16,2.5061874948058082e-12,7.9203310576758668e-13
tri,4,3,1.2,gll,coupled,8,constant,x,direct,1.8026285570917068e-13,nan,1.2792638626519643e-12,0,2.9461028953855704e-13,nan,4.1046396947298208e-13,3.1561444740315058e-13,4.5401276560914028e-15,0,nan,4.4408920985006262e-16,1.4210854715202004e-14,2.5363400355510269e-12,3.907985046680551e-14,0.043750051210224628,32,6.1397831263576563e-12,9.6178620623277311e-13,9.9920072216264089e-16,7.1452510574943062e-11,3.3037310140492243e-12,5.595524044110789e-14,0.10353341905283742,2.1848858546873089,4.4408920985006242e-16,2.5061874948058082e-12,7.9203310576758668e-13
tri,4,3,1.2,gll,coupled,8,constant,x,fe_geometry,1.8026285570917099e-13,nan,1.2792638626518225e-12,0,2.9461028953855841e-13,nan,4.1046396947298137e-13,3.1561444740314997e-13,4.5401276560914028e-15,1.8377486636030085e-26,nan,4.4408920985006262e-16,1.4210854715202004e-14,2.5363400355510269e-12,3.907985046680551e-14,0.043750051210224628,32,6.1397831263576563e-12,9.6178620623277311e-13,9.9920072216264089e-16,7.1452510574943062e-11,3.3037310140492243e-12,5.595524044110789e-14,0.10353341905283742,2.1848858546873089,4.4408920985006242e-16,2.5061874948058082e-12,7.9203310576758668e-13
tri,4,3,1.2,gll,coupled,8,constant,x,reused,1.8192462635801917e-13,nan,1.2561337195284389e-12,0,2.9492236791681443e-13,nan,4.1180803287113891e-13,3.1138503687521218e-13,4.5401276560914028e-15,2.1751283548399884e-14,nan,4.4408920985006262e-16,1.4210854715202004e-14,2.5363400355510269e-12,3.907985046680551e-14,0.043750051210224628,32,6.1397831263576563e-12,9.6178620623277311e-13,9.9920072216264089e-16,7.1452510574943062e-11,3.3037310140492243e-12,5.595524044110789e-14,0.10353341905283742,2.1848858546873089,4.4408920985006242e-16,2.5061874948058082e-12,7.9203310576758668e-13
tri,4,3,1.2,gll,coupled,8,constant,x,reused_centered,1.8260370512243889e-13,nan,1.2429456549579552e-12,0,2.9735256784784197e-13,nan,4.1948751190279336e-13,3.1904663516988519e-13,4.5401276560914028e-15,1.7875966575863563e-14,nan,4.4408920985006262e-16,1.4210854715202004e-14,2.5363400355510269e-12,3.907985046680551e-14,0.043750051210224628,32,6.1397831263576563e-12,9.6178620623277311e-13,9.9920072216264089e-16,7.1452510574943062e-11,3.3037310140492243e-12,5.595524044110789e-14,0.10353341905283742,2.1848858546873089,4.4408920985006242e-16,2.5061874948058082e-12,7.9203310576758668e-13
tri,4,3,1.2,gll,coupled,8,constant,y,recursive,1.9397960705814814e-13,nan,1.4649876801694485e-12,0,3.201443477345778e-13,nan,4.8342986290958397e-13,3.743807393876265e-13,4.5401276560914028e-15,5.118015432188007e-14,nan,4.4408920985006262e-16,1.4210854715202004e-14,2.5363400355510269e-12,3.907985046680551e-14,0.043750051210224628,32,6.1397831263576563e-12,9.6178620623277311e-13,9.9920072216264089e-16,7.1452510574943062e-11,3.3037310140492243e-12,5.595524044110789e-14,0.10353341905283742,2.1848858546873089,4.4408920985006242e-16,2.5061874948058082e-12,7.9203310576758668e-13
tri,4,3,1.2,gll,coupled,8,constant,y,direct,1.8235525580403053e-13,nan,1.4003390404385255e-12,0,2.9637274379031152e-13,nan,4.3258288073140017e-13,3.327090059033637e-13,4.5401276560914028e-15,0,nan,4.4408920985006262e-16,1.4210854715202004e-14,2.5363400355510269e-12,3.907985046680551e-14,0.043750051210224628,32,6.1397831263576563e-12,9.6178620623277311e-13,9.9920072216264089e-16,7.1452510574943062e-11,3.3037310140492243e-12,5.595524044110789e-14,0.10353341905283742,2.1848858546873089,4.4408920985006242e-16,2.5061874948058082e-12,7.9203310576758668e-13
tri,4,3,1.2,gll,coupled,8,constant,y,fe_geometry,1.8235525580402937e-13,nan,1.4003390404385429e-12,0,2.9637274379031046e-13,nan,4.3258288073139891e-13,3.3270900590336148e-13,4.5401276560914028e-15,1.3949044579187643e-26,nan,4.4408920985006262e-16,1.4210854715202004e-14,2.5363400355510269e-12,3.907985046680551e-14,0.043750051210224628,32,6.1397831263576563e-12,9.6178620623277311e-13,9.9920072216264089e-16,7.1452510574943062e-11,3.3037310140492243e-12,5.595524044110789e-14,0.10353341905283742,2.1848858546873089,4.4408920985006242e-16,2.5061874948058082e-12,7.9203310576758668e-13
tri,4,3,1.2,gll,coupled,8,constant,y,reused,1.8225809344003604e-13,nan,1.3870888140296474e-12,0,2.9608513070204941e-13,nan,4.3158753623598136e-13,3.3219806581734078e-13,4.5401276560914028e-15,1.1568977862685012e-14,nan,4.4408920985006262e-16,1.4210854715202004e-14,2.5363400355510269e-12,3.907985046680551e-14,0.043750051210224628,32,6.1397831263576563e-12,9.6178620623277311e-13,9.9920072216264089e-16,7.1452510574943062e-11,3.3037310140492243e-12,5.595524044110789e-14,0.10353341905283742,2.1848858546873089,4.4408920985006242e-16,2.5061874948058082e-12,7.9203310576758668e-13
tri,4,3,1.2,gll,coupled,8,constant,y,reused_centered,1.8328238242158836e-13,nan,1.3965657925880778e-12,0,2.98409964345558e-13,nan,4.3797405323395006e-13,3.3827765762091596e-13,4.5401276560914028e-15,1.4652770816730354e-14,nan,4.4408920985006262e-16,1.4210854715202004e-14,2.5363400355510269e-12,3.907985046680551e-14,0.043750051210224628,32,6.1397831263576563e-12,9.6178620623277311e-13,9.9920072216264089e-16,7.1452510574943062e-11,3.3037310140492243e-12,5.595524044110789e-14,0.10353341905283742,2.1848858546873089,4.4408920985006242e-16,2.5061874948058082e-12,7.9203310576758668e-13
tri,4,3,1.2,gll,coupled,8,constant,xx,recursive,5.4754816709979711e-12,nan,3.0662652707676285e-11,0,7.3198094303092807e-12,nan,1.0194221622396888e-11,7.2203272862183538e-12,4.5401276560914028e-15,2.1070012559251777e-12,0.40177613295277398,4.4408920985006262e-16,1.4210854715202004e-14,2.5363400355510269e-12,3.907985046680551e-14,0.043750051210224628,32,6.1397831263576563e-12,9.6178620623277311e-13,9.9920072216264089e-16,7.1452510574943062e-11,3.3037310140492243e-12,5.595524044110789e-14,0.10353341905283742,2.1848858546873089,4.4408920985006242e-16,2.5061874948058082e-12,7.9203310576758668e-13
tri,4,3,1.2,gll,coupled,8,constant,xx,direct,5.2442170729261338e-12,nan,2.8596678731974136e-11,0,6.7984563006117008e-12,nan,9.5950827091847157e-12,7.1308610891651368e-12,4.5401276560914028e-15,0,0,4.4408920985006262e-16,1.4210854715202004e-14,2.5363400355510269e-12,3.907985046680551e-14,0.043750051210224628,32,6.1397831263576563e-12,9.6178620623277311e-13,9.9920072216264089e-16,7.1452510574943062e-11,3.3037310140492243e-12,5.595524044110789e-14,0.10353341905283742,2.1848858546873089,4.4408920985006242e-16,2.5061874948058082e-12,7.9203310576758668e-13
tri,4,3,1.2,gll,coupled,8,constant,xx,fe_geometry,5.2442170729261685e-12,nan,2.8596678731983286e-11,0,6.7984563006118147e-12,nan,9.5950827091849678e-12,7.1308610891648864e-12,4.5401276560914028e-15,1.6441381451104439e-24,3.1351450983951328e-13,4.4408920985006262e-16,1.4210854715202004e-14,2.5363400355510269e-12,3.907985046680551e-14,0.043750051210224628,32,6.1397831263576563e-12,9.6178620623277311e-13,9.9920072216264089e-16,7.1452510574943062e-11,3.3037310140492243e-12,5.595524044110789e-14,0.10353341905283742,2.1848858546873089,4.4408920985006242e-16,2.5061874948058082e-12,7.9203310576758668e-13
tri,4,3,1.2,gll,coupled,8,constant,xx,reused,5.2852825269465475e-12,nan,2.9631912449910564e-11,0,6.8313114164419085e-12,nan,9.6236615002956382e-12,7.1454424912024238e-12,4.5401276560914028e-15,5.4995460702508129e-13,0.10486877247402369,4.4408920985006262e-16,1.4210854715202004e-14,2.5363400355510269e-12,3.907985046680551e-14,0.043750051210224628,32,6.1397831263576563e-12,9.6178620623277311e-13,9.9920072216264089e-16,7.1452510574943062e-11,3.3037310140492243e-12,5.595524044110789e-14,0.10353341905283742,2.1848858546873089,4.4408920985006242e-16,2.5061874948058082e-12,7.9203310576758668e-13
tri,4,3,1.2,gll,coupled,8,constant,xx,reused_centered,5.3212063792320039e-12,nan,2.9263299174090883e-11,0,6.8796356787261081e-12,nan,9.6109455040909988e-12,7.1513224198782819e-12,4.5401276560914028e-15,3.8498545887657578e-13,0.07341142701054594,4.4408920985006262e-16,1.4210854715202004e-14,2.5363400355510269e-12,3.907985046680551e-14,0.043750051210224628,32,6.1397831263576563e-12,9.6178620623277311e-13,9.9920072216264089e-16,7.1452510574943062e-11,3.3037310140492243e-12,5.595524044110789e-14,0.10353341905283742,2.1848858546873089,4.4408920985006242e-16,2.5061874948058082e-12,7.9203310576758668e-13
tri,4,3,1.2,gll,coupled,8,constant,xy,recursive,4.3328870200855912e-12,nan,2.2804676272167314e-11,0,6.3877756243345643e-12,nan,9.4218316796078336e-12,6.9783348078993137e-12,4.5401276560914028e-15,1.8458576397507724e-12,0.48212347723486154,4.4408920985006262e-16,1.4210854715202004e-14,2.5363400355510269e-12,3.907985046680551e-14,0.043750051210224628,32,6.1397831263576563e-12,9.6178620623277311e-13,9.9920072216264089e-16,7.1452510574943062e-11,3.3037310140492243e-12,5.595524044110789e-14,0.10353341905283742,2.1848858546873089,4.4408920985006242e-16,2.5061874948058082e-12,7.9203310576758668e-13
tri,4,3,1.2,gll,coupled,8,constant,xy,direct,3.8285993669866059e-12,nan,2.3598074842755875e-11,0,5.3897248291844577e-12,nan,7.7776658504619621e-12,5.7951947672894484e-12,4.5401276560914028e-15,0,0,4.4408920985006262e-16,1.4210854715202004e-14,2.5363400355510269e-12,3.907985046680551e-14,0.043750051210224628,32,6.1397831263576563e-12,9.6178620623277311e-13,9.9920072216264089e-16,7.1452510574943062e-11,3.3037310140492243e-12,5.595524044110789e-14,0.10353341905283742,2.1848858546873089,4.4408920985006242e-16,2.5061874948058082e-12,7.9203310576758668e-13
tri,4,3,1.2,gll,coupled,8,constant,xy,fe_geometry,3.8285993669866003e-12,nan,2.359807484276088e-11,0,5.3897248291844948e-12,nan,7.7776658504621479e-12,5.7951947672892223e-12,4.5401276560914028e-15,1.0447320622109687e-24,2.7287578617379621e-13,4.4408920985006262e-16,1.4210854715202004e-14,2.5363400355510269e-12,3.907985046680551e-14,0.043750051210224628,32,6.1397831263576563e-12,9.6178620623277311e-13,9.9920072216264089e-16,7.1452510574943062e-11,3.3037310140492243e-12,5.595524044110789e-14,0.10353341905283742,2.1848858546873089,4.4408920985006242e-16,2.5061874948058082e-12,7.9203310576758668e-13
tri,4,3,1.2,gll,coupled,8,constant,xy,reused,3.7926606216979136e-12,nan,2.316156982009706e-11,0,5.338966210818669e-12,nan,7.7586778798021803e-12,5.7749956118259829e-12,4.5401276560914028e-15,2.959022246110264e-13,0.077287330495466169,4.4408920985006262e-16,1.4210854715202004e-14,2.5363400355510269e-12,3.907985046680551e-14,0.043750051210224628,32,6.1397831263576563e-12,9.6178620623277311e-13,9.9920072216264089e-16,7.1452510574943062e-11,3.3037310140492243e-12,5.595524044110789e-14,0.10353341905283742,2.1848858546873089,4.4408920985006242e-16,2.5061874948058082e-12,7.9203310576758668e-13
tri,4,3,1.2,gll,coupled,8,constant,xy,reused_centered,3.8657749545548943e-12,nan,2.3406893478994304e-11,0,5.4302717517882032e-12,nan,7.7810941762361038e-12,5.8026687176831913e-12,4.5401276560914028e-15,1.6335210659644316e-13,0.04266628365584605,4.4408920985006262e-16,1.4210854715202004e-14,2.5363400355510269e-12,3.907985046680551e-14,0.043750051210224628,32,6.1397831263576563e-12,9.6178620623277311e-13,9.9920072216264089e-16,7.1452510574943062e-11,3.3037310140492243e-12,5.595524044110789e-14,0.10353341905283742,2.1848858546873089,4.4408920985006242e-16,2.5061874948058082e-12,7.9203310576758668e-13
tri,4,3,1.2,gll,coupled,8,constant,yy,recursive,5.8100679825713531e-12,nan,3.6273123792406154e-11,0,7.9263297428667802e-12,nan,1.1045195374134378e-11,8.5895040725480945e-12,4.5401276560914028e-15,2.2133590172067853e-12,0.42949836294048216,4.4408920985006262e-16,1.4210854715202004e-14,2.5363400355510269e-12,3.907985046680551e-14,0.043750051210224628,32,6.1397831263576563e-12,9.6178620623277311e-13,9.9920072216264089e-16,7.1452510574943062e-11,3.3037310140492243e-12,5.595524044110789e-14,0.10353341905283742,2.1848858546873089,4.4408920985006242e-16,2.5061874948058082e-12,7.9203310576758668e-13
tri,4,3,1.2,gll,coupled,8,constant,yy,direct,5.1533584483382593e-12,nan,2.802978202011689e-11,0,6.6741746449130621e-12,nan,9.4640097088408935e-12,7.1883423257774013e-12,4.5401276560914028e-15,0,0,4.4408920985006262e-16,1.4210854715202004e-14,2.5363400355510269e-12,3.907985046680551e-14,0.043750051210224628,32,6.1397831263576563e-12,9.6178620623277311e-13,9.9920072216264089e-16,7.1452510574943062e-11,3.3037310140492243e-12,5.595524044110789e-14,0.10353341905283742,2.1848858546873089,4.4408920985006242e-16,2.5061874948058082e-12,7.9203310576758668e-13
tri,4,3,1.2,gll,coupled,8,constant,yy,fe_geometry,5.153358448338273e-12,nan,2.8029782020123203e-11,0,6.674174644913117e-12,nan,9.4640097088412634e-12,7.1883423257776291e-12,4.5401276560914028e-15,1.1396812776165363e-24,2.2115311578685846e-13,4.4408920985006262e-16,1.4210854715202004e-14,2.5363400355510269e-12,3.907985046680551e-14,0.043750051210224628,32,6.1397831263576563e-12,9.6178620623277311e-13,9.9920072216264089e-16,7.1452510574943062e-11,3.3037310140492243e-12,5.595524044110789e-14,0.10353341905283742,2.1848858546873089,4.4408920985006242e-16,2.5061874948058082e-12,7.9203310576758668e-13
tri,4,3,1.2,gll,coupled,8,constant,yy,reused,5.1370981915017465e-12,nan,2.7476517876534833e-11,0,6.6338613379163543e-12,nan,9.3942511781904956e-12,7.1557146049975311e-12,4.5401276560914028e-15,2.9684600147986702e-13,0.057602436247295656,4.4408920985006262e-16,1.4210854715202004e-14,2.5363400355510269e-12,3.907985046680551e-14,0.043750051210224628,32,6.1397831263576563e-12,9.6178620623277311e-13,9.9920072216264089e-16,7.1452510574943062e-11,3.3037310140492243e-12,5.595524044110789e-14,0.10353341905283742,2.1848858546873089,4.4408920985006242e-16,2.5061874948058082e-12,7.9203310576758668e-13
tri,4,3,1.2,gll,coupled,8,constant,yy,reused_centered,5.1708556592859024e-12,nan,2.8221740437323501e-11,0,6.6921296187869914e-12,nan,9.4786396293150053e-12,7.1895024491543147e-12,4.5401276560914028e-15,1.0134819274090661e-13,0.019666435734464995,4.4408920985006262e-16,1.4210854715202004e-14,2.5363400355510269e-12,3.907985046680551e-14,0.043750051210224628,32,6.1397831263576563e-12,9.6178620623277311e-13,9.9920072216264089e-16,7.1452510574943062e-11,3.3037310140492243e-12,5.595524044110789e-14,0.10353341905283742,2.1848858546873089,4.4408920985006242e-16,2.5061874948058082e-12,7.9203310576758668e-13
tri,4,3,1.2,gll,coupled,8,constant,xxx,recursive,8.0653318931462991e-11,nan,4.9316484991348784e-10,0,1.0092980143886541e-10,nan,1.4727279022549008e-10,1.1509868724113125e-10,4.5401276560914028e-15,6.5119319731428606e-11,1.0816104418228707,4.4408920985006262e-16,1.4210854715202004e-14,2.5363400355510269e-12,3.907985046680551e-14,0.043750051210224628,32,6.1397831263576563e-12,9.6178620623277311e-13,9.9920072216264089e-16,7.1452510574943062e-11,3.3037310140492243e-12,5.595524044110789e-14,0.10353341905283742,2.1848858546873089,4.4408920985006242e-16,2.5061874948058082e-12,7.9203310576758668e-13
tri,4,3,1.2,gll,coupled,8,constant,xxx,direct,6.0205890414372338e-11,nan,3.0127563688072495e-10,0,6.3414919230150733e-11,nan,9.98919507694469e-11,7.3860868496931132e-11,4.5401276560914028e-15,0,0,4.4408920985006262e-16,1.4210854715202004e-14,2.5363400355510269e-12,3.907985046680551e-14,0.043750051210224628,32,6.1397831263576563e-12,9.6178620623277311e-13,9.9920072216264089e-16,7.1452510574943062e-11,3.3037310140492243e-12,5.595524044110789e-14,0.10353341905283742,2.1848858546873089,4.4408920985006242e-16,2.5061874948058082e-12,7.9203310576758668e-13
tri,4,3,1.2,gll,coupled,8,constant,xxx,fe_geometry,6.0205890414367272e-11,nan,3.0127563687963881e-10,0,6.3414919230133414e-11,nan,9.9891950769411125e-11,7.3860868496929206e-11,4.5401276560914028e-15,9.258820222551243e-23,1.5378595281668616e-12,4.4408920985006262e-16,1.4210854715202004e-14,2.5363400355510269e-12,3.907985046680551e-14,0.043750051210224628,32,6.1397831263576563e-12,9.6178620623277311e-13,9.9920072216264089e-16,7.1452510574943062e-11,3.3037310140492243e-12,5.595524044110789e-14,0.10353341905283742,2.1848858546873089,4.4408920985006242e-16,2.5061874948058082e-12,7.9203310576758668e-13
tri,4,3,1.2,gll,coupled,8,constant,xxx,reused,6.0404761936898826e-11,nan,3.2702763866138291e-10,0,6.4003257806372999e-11,nan,1.0040888643490777e-10,6.9776848642978586e-11,4.5401276560914028e-15,1.1287253123696653e-11,0.18747755487064705,4.4408920985006262e-16,1.4210854715202004e-14,2.5363400355510269e-12,3.907985046680551e-14,0.043750051210224628,32,6.1397831263576563e-12,9.6178620623277311e-13,9.9920072216264089e-16,7.1452510574943062e-11,3.3037310140492243e-12,5.595524044110789e-14,0.10353341905283742,2.1848858546873089,4.4408920985006242e-16,2.5061874948058082e-12,7.9203310576758668e-13
tri,4,3,1.2,gll,coupled,8,constant,xxx,reused_centered,6.0383506302118643e-11,nan,3.0235451285551012e-10,0,6.3656158439443043e-11,nan,1.0020095049862566e-10,7.3918895017665816e-11,4.5401276560914028e-15,1.0489278403004165e-12,0.017422345771835254,4.4408920985006262e-16,1.4210854715202004e-14,2.5363400355510269e-12,3.907985046680551e-14,0.043750051210224628,32,6.1397831263576563e-12,9.6178620623277311e-13,9.9920072216264089e-16,7.1452510574943062e-11,3.3037310140492243e-12,5.595524044110789e-14,0.10353341905283742,2.1848858546873089,4.4408920985006242e-16,2.5061874948058082e-12,7.9203310576758668e-13
tri,4,3,1.2,gll,coupled,8,constant,xxy,recursive,6.5376194464927589e-11,nan,2.2310071778572933e-10,0,7.8350472692483744e-11,nan,1.2181702068228505e-10,9.5781289141191244e-11,4.5401276560914028e-15,4.5494769041044291e-11,0.90248143471373321,4.4408920985006262e-16,1.4210854715202004e-14,2.5363400355510269e-12,3.907985046680551e-14,0.043750051210224628,32,6.1397831263576563e-12,9.6178620623277311e-13,9.9920072216264089e-16,7.1452510574943062e-11,3.3037310140492243e-12,5.595524044110789e-14,0.10353341905283742,2.1848858546873089,4.4408920985006242e-16,2.5061874948058082e-12,7.9203310576758668e-13
tri,4,3,1.2,gll,coupled,8,constant,xxy,direct,5.0410753386273499e-11,nan,1.8204299233730341e-10,0,5.136118542692554e-11,nan,7.3283792989735506e-11,5.614939485585267e-11,4.5401276560914028e-15,0,0,4.4408920985006262e-16,1.4210854715202004e-14,2.5363400355510269e-12,3.907985046680551e-14,0.043750051210224628,32,6.1397831263576563e-12,9.6178620623277311e-13,9.9920072216264089e-16,7.1452510574943062e-11,3.3037310140492243e-12,5.595524044110789e-14,0.10353341905283742,2.1848858546873089,4.4408920985006242e-16,2.5061874948058082e-12,7.9203310576758668e-13
tri,4,3,1.2,gll,coupled,8,constant,xxy,fe_geometry,5.0410753386275263e-11,nan,1.8204299233703716e-10,0,5.136118542693082e-11,nan,7.3283792989740689e-11,5.6149394855853103e-11,4.5401276560914028e-15,6.2142992795412513e-23,1.2327328718783565e-12,4.4408920985006262e-16,1.4210854715202004e-14,2.5363400355510269e-12,3.907985046680551e-14,0.043750051210224628,32,6.1397831263576563e-12,9.6178620623277311e-13,9.9920072216264089e-16,7.1452510574943062e-11,3.3037310140492243e-12,5.595524044110789e-14,0.10353341905283742,2.1848858546873089,4.4408920985006242e-16,2.5061874948058082e-12,7.9203310576758668e-13
tri,4,3,1.2,gll,coupled,8,constant,xxy,reused,4.9144483798558232e-11,nan,1.9964525132796833e-10,0,5.0311752298912295e-11,nan,7.0516897371391873e-11,5.2642797858558854e-11,4.5401276560914028e-15,8.2549898311241282e-12,0.16375454196984693,4.4408920985006262e-16,1.4210854715202004e-14,2.5363400355510269e-12,3.907985046680551e-14,0.043750051210224628,32,6.1397831263576563e-12,9.6178620623277311e-13,9.9920072216264089e-16,7.1452510574943062e-11,3.3037310140492243e-12,5.595524044110789e-14,0.10353341905283742,2.1848858546873089,4.4408920985006242e-16,2.5061874948058082e-12,7.9203310576758668e-13
tri,4,3,1.2,gll,coupled,8,constant,xxy,reused_centered,5.0682772189365847e-11,nan,1.7984424157848419e-10,0,5.162414959171153e-11,nan,7.4054704494372784e-11,5.7194291326393017e-11,4.5401276560914028e-15,1.3409837955528209e-12,0.02660114569757574,4.4408920985006262e-16,1.4210854715202004e-14,2.5363400355510269e-12,3.907985046680551e-14,0.043750051210224628,32,6.1397831263576563e-12,9.6178620623277311e-13,9.9920072216264089e-16,7.1452510574943062e-11,3.3037310140492243e-12,5.595524044110789e-14,0.10353341905283742,2.1848858546873089,4.4408920985006242e-16,2.5061874948058082e-12,7.9203310576758668e-13
tri,4,3,1.2,gll,coupled,8,constant,xyy,recursive,7.0277102065871865e-11,nan,3.0232830252662732e-10,0,8.3043491980957247e-11,nan,1.1812871661418261e-10,9.0157281486822974e-11,4.5401276560914028e-15,4.7894755298550583e-11,0.94432429559240016,4.4408920985006262e-16,1.4210854715202004e-14,2.5363400355510269e-12,3.907985046680551e-14,0.043750051210224628,32,6.1397831263576563e-12,9.6178620623277311e-13,9.9920072216264089e-16,7.1452510574943062e-11,3.3037310140492243e-12,5.595524044110789e-14,0.10353341905283742,2.1848858546873089,4.4408920985006242e-16,2.5061874948058082e-12,7.9203310576758668e-13
tri,4,3,1.2,gll,coupled,8,constant,xyy,direct,5.0718546077970918e-11,nan,1.6835074686800929e-10,0,5.1499811377076496e-11,nan,8.0471642246461978e-11,6.6322407064594634e-11,4.5401276560914028e-15,0,0,4.4408920985006262e-16,1.4210854715202004e-14,2.5363400355510269e-12,3.907985046680551e-14,0.043750051210224628,32,6.1397831263576563e-12,9.6178620623277311e-13,9.9920072216264089e-16,7.1452510574943062e-11,3.3037310140492243e-12,5.595524044110789e-14,0.10353341905283742,2.1848858546873089,4.4408920985006242e-16,2.5061874948058082e-12,7.9203310576758668e-13
tri,4,3,1.2,gll,coupled,8,constant,xyy,fe_geometry,5.0718546077972721e-11,nan,1.6835074686802999e-10,0,5.1499811377080219e-11,nan,8.0471642246471891e-11,6.6322407064580443e-11,4.5401276560914028e-15,5.5669356428722787e-23,1.0976134123233906e-12,4.4408920985006262e-16,1.4210854715202004e-14,2.5363400355510269e-12,3.907985046680551e-14,0.043750051210224628,32,6.1397831263576563e-12,9.6178620623277311e-13,9.9920072216264089e-16,7.1452510574943062e-11,3.3037310140492243e-12,5.595524044110789e-14,0.10353341905283742,2.1848858546873089,4.4408920985006242e-16,2.5061874948058082e-12,7.9203310576758668e-13
tri,4,3,1.2,gll,coupled,8,constant,xyy,reused,4.9561624030885756e-11,nan,1.4582533781852114e-10,0,5.0659702756015374e-11,nan,7.7152940954397815e-11,6.2756247282690703e-11,4.5401276560914028e-15,8.132371621413547e-12,0.16034315354607057,4.4408920985006262e-16,1.4210854715202004e-14,2.5363400355510269e-12,3.907985046680551e-14,0.043750051210224628,32,6.1397831263576563e-12,9.6178620623277311e-13,9.9920072216264089e-16,7.1452510574943062e-11,3.3037310140492243e-12,5.595524044110789e-14,0.10353341905283742,2.1848858546873089,4.4408920985006242e-16,2.5061874948058082e-12,7.9203310576758668e-13
tri,4,3,1.2,gll,coupled,8,constant,xyy,reused_centered,5.0861871395102219e-11,nan,1.6931691014467446e-10,0,5.1649663620278129e-11,nan,8.0768187028075327e-11,6.6558566936509708e-11,4.5401276560914028e-15,5.2920788520479061e-13,0.010434208512034745,4.4408920985006262e-16,1.4210854715202004e-14,2.5363400355510269e-12,3.907985046680551e-14,0.043750051210224628,32,6.1397831263576563e-12,9.6178620623277311e-13,9.9920072216264089e-16,7.1452510574943062e-11,3.3037310140492243e-12,5.595524044110789e-14,0.10353341905283742,2.1848858546873089,4.4408920985006242e-16,2.5061874948058082e-12,7.9203310576758668e-13
tri,4,3,1.2,gll,coupled,8,constant,yyy,recursive,8.9868172239152533e-11,nan,3.1629758712430226e-10,0,1.0177553361199782e-10,nan,1.4747125082094733e-10,1.2174516639785954e-10,4.5401276560914028e-15,5.4800016332068158e-11,0.86246592130540034,4.4408920985006262e-16,1.4210854715202004e-14,2.5363400355510269e-12,3.907985046680551e-14,0.043750051210224628,32,6.1397831263576563e-12,9.6178620623277311e-13,9.9920072216264089e-16,7.1452510574943062e-11,3.3037310140492243e-12,5.595524044110789e-14,0.10353341905283742,2.1848858546873089,4.4408920985006242e-16,2.5061874948058082e-12,7.9203310576758668e-13
tri,4,3,1.2,gll,coupled,8,constant,yyy,direct,6.3538761333461886e-11,nan,2.6889988619999451e-10,0,6.4745875108786231e-11,nan,9.7513627850976041e-11,7.8946773136503362e-11,4.5401276560914028e-15,0,0,4.4408920985006262e-16,1.4210854715202004e-14,2.5363400355510269e-12,3.907985046680551e-14,0.043750051210224628,32,6.1397831263576563e-12,9.6178620623277311e-13,9.9920072216264089e-16,7.1452510574943062e-11,3.3037310140492243e-12,5.595524044110789e-14,0.10353341905283742,2.1848858546873089,4.4408920985006242e-16,2.5061874948058082e-12,7.9203310576758668e-13
tri,4,3,1.2,gll,coupled,8,constant,yyy,fe_geometry,6.3538761333463734e-11,nan,2.688998861998115e-10,0,6.4745875108792306e-11,nan,9.7513627851000792e-11,7.8946773136513133e-11,4.5401276560914028e-15,6.4715531773947539e-23,1.0185205127671558e-12,4.4408920985006262e-16,1.4210854715202004e-14,2.5363400355510269e-12,3.907985046680551e-14,0.043750051210224628,32,6.1397831263576563e-12,9.6178620623277311e-13,9.9920072216264089e-16,7.1452510574943062e-11,3.3037310140492243e-12,5.595524044110789e-14,0.10353341905283742,2.1848858546873089,4.4408920985006242e-16,2.5061874948058082e-12,7.9203310576758668e-13
tri,4,3,1.2,gll,coupled,8,constant,yyy,reused,6.4123849666452272e-11,nan,2.6921660860294372e-10,0,6.5530759575156578e-11,nan,9.8507209402139492e-11,7.9087079332338561e-11,4.5401276560914028e-15,8.7190833325252416e-12,0.13722463500297175,4.4408920985006262e-16,1.4210854715202004e-14,2.5363400355510269e-12,3.907985046680551e-14,0.043750051210224628,32,6.1397831263576563e-12,9.6178620623277311e-13,9.9920072216264089e-16,7.1452510574943062e-11,3.3037310140492243e-12,5.595524044110789e-14,0.10353341905283742,2.1848858546873089,4.4408920985006242e-16,2.5061874948058082e-12,7.9203310576758668e-13
tri,4,3,1.2,gll,coupled,8,constant,yyy,reused_centered,6.3489106550111303e-11,nan,2.6714181665715176e-10,0,6.4671244442448326e-11,nan,9.7248613063231968e-11,7.8571480692355337e-11,4.5401276560914028e-15,1.102306553835621e-12,0.017348568506876213,4.4408920985006262e-16,1.4210854715202004e-14,2.5363400355510269e-12,3.907985046680551e-14,0.043750051210224628,32,6.1397831263576563e-12,9.6178620623277311e-13,9.9920072216264089e-16,7.1452510574943062e-11,3.3037310140492243e-12,5.595524044110789e-14,0.10353341905283742,2.1848858546873089,4.4408920985006242e-16,2.5061874948058082e-12,7.9203310576758668e-13
