family,n,p,amplitude,basis,map,extra,field,derivative,method,error_l2,relative_l2,sampled_linf,truth_l2,face_rms,face_relative_l2,jump_rms,jump_mean_abs,input_error_l2,operator_error_l2,operator_relative_l2,inverse_residual,representation_residual,first_derivative_residual,geometry_residual,min_jacobian,elements,geometry_derivative_residual,geometry_jacobian_residual,fe_inverse_residual,method_agreement,fe_first_residual,face_geometry_residual,initialization_seconds,evaluation_seconds,reused_inverse_residual,reused_first_residual,reused_geometry_residual
tri,4,3,1.2,gll,coupled,0,sine,x,recursive,0.015197745589659641,0.010713979437248979,0.24741884281242321,1.4184968039813559,0.031830751544713223,0.02227450575964833,0.043237034422472495,0.027472870147428791,0.00034121672209149883,0.00062008573876295265,0.0004368794174223264,4.4408920985006262e-16,1.4210854715202004e-14,2.4343288254288337e-12,3.3306690738754696e-14,0.043750095902323052,32,6.1361471459520089e-12,1.053046538856961e-12,9.9920072216264089e-16,7.1411543345334394e-11,3.2983717250180194e-12,5.4622972811557702e-14,0.10554733095341362,1.5770500215003267,4.4408920985006242e-16,2.4116073113021214e-12,8.6841644986179745e-13
tri,4,3,1.2,gll,coupled,0,sine,x,direct,0.01523236024104738,0.010738381784360783,0.24660023876496873,1.4184968039813559,0.031930982214070702,0.022344645122168896,0.043301110364819227,0.027511604239830449,0.00034121672209149883,0,0,4.4408920985006262e-16,1.4210854715202004e-14,2.4343288254288337e-12,3.3306690738754696e-14,0.043750095902323052,32,6.1361471459520089e-12,1.053046538856961e-12,9.9920072216264089e-16,7.1411543345334394e-11,3.2983717250180194e-12,5.4622972811557702e-14,0.10554733095341362,1.5770500215003267,4.4408920985006242e-16,2.4116073113021214e-12,8.6841644986179745e-13
tri,4,3,1.2,gll,coupled,0,sine,x,fe_geometry,0.015232360241025564,0.010738381784345405,0.24660023876494563,1.4184968039813559,0.031930982214046839,0.022344645122152198,0.043301110364786476,0.027511604239749465,0.00034121672209149883,2.0800245814017273e-13,1.4654746441351263e-13,4.4408920985006262e-16,1.4210854715202004e-14,2.4343288254288337e-12,3.3306690738754696e-14,0.043750095902323052,32,6.1361471459520089e-12,1.053046538856961e-12,9.9920072216264089e-16,7.1411543345334394e-11,3.2983717250180194e-12,5.4622972811557702e-14,0.10554733095341362,1.5770500215003267,4.4408920985006242e-16,2.4116073113021214e-12,8.6841644986179745e-13
tri,4,3,1.2,gll,coupled,0,sine,x,reused,0.015232360241032134,0.010738381784350035,0.2466002387649785,1.4184968039813559,0.031930982214058115,0.022344645122160084,0.043301110364818145,0.027511604239850249,0.00034121672209149883,2.2717320779694552e-13,1.6005415456624631e-13,4.4408920985006262e-16,1.4210854715202004e-14,2.4343288254288337e-12,3.3306690738754696e-14,0.043750095902323052,32,6.1361471459520089e-12,1.053046538856961e-12,9.9920072216264089e-16,7.1411543345334394e-11,3.2983717250180194e-12,5.4622972811557702e-14,0.10554733095341362,1.5770500215003267,4.4408920985006242e-16,2.4116073113021214e-12,8.6841644986179745e-13
tri,4,3,1.2,gll,coupled,0,sine,x,reused_centered,0.01523236024104271,0.010738381784357492,0.24660023876501336,1.4184968039813559,0.031930982214059545,0.022344645122161087,0.043301110364813891,0.027511604239822351,0.00034121672209149883,4.1394848058845387e-14,2.9164607365929901e-14,4.4408920985006262e-16,1.4210854715202004e-14,2.4343288254288337e-12,3.3306690738754696e-14,0.043750095902323052,32,6.1361471459520089e-12,1.053046538856961e-12,9.9920072216264089e-16,7.1411543345334394e-11,3.2983717250180194e-12,5.4622972811557702e-14,0.10554733095341362,1.5770500215003267,4.4408920985006242e-16,2.4116073113021214e-12,8.6841644986179745e-13
tri,4,3,1.2,gll,coupled,0,sine,y,recursive,0.018008479402510925,0.0084636446845072731,0.27045136824578853,2.1277452059720203,0.037113261517637212,0.017314065116615179,0.04657289335306692,0.029345548988466405,0.00034121672209149883,0.0006525660252850136,0.00030651833655548642,4.4408920985006262e-16,1.4210854715202004e-14,2.4343288254288337e-12,3.3306690738754696e-14,0.043750095902323052,32,6.1361471459520089e-12,1.053046538856961e-12,9.9920072216264089e-16,7.1411543345334394e-11,3.2983717250180194e-12,5.4622972811557702e-14,0.10554733095341362,1.5770500215003267,4.4408920985006242e-16,2.4116073113021214e-12,8.6841644986179745e-13
tri,4,3,1.2,gll,coupled,0,sine,y,direct,0.018048604201043979,0.0084825025808476975,0.27427226004247318,2.1277452059720203,0.037236460852012258,0.017371540024787278,0.046706943850821005,0.029364362169068181,0.00034121672209149883,0,0,4.4408920985006262e-16,1.4210854715202004e-14,2.4343288254288337e-12,3.3306690738754696e-14,0.043750095902323052,32,6.1361471459520089e-12,1.053046538856961e-12,9.9920072216264089e-16,7.1411543345334394e-11,3.2983717250180194e-12,5.4622972811557702e-14,0.10554733095341362,1.5770500215003267,4.4408920985006242e-16,2.4116073113021214e-12,8.6841644986179745e-13
tri,4,3,1.2,gll,coupled,0,sine,y,fe_geometry,0.018048604201031982,0.0084825025808420596,0.27427226004213967,2.1277452059720203,0.037236460851978979,0.017371540024771755,0.046706943850788975,0.029364362168989768,0.00034121672209149883,1.8761706687423491e-13,8.8126057777207785e-14,4.4408920985006262e-16,1.4210854715202004e-14,2.4343288254288337e-12,3.3306690738754696e-14,0.043750095902323052,32,6.1361471459520089e-12,1.053046538856961e-12,9.9920072216264089e-16,7.1411543345334394e-11,3.2983717250180194e-12,5.4622972811557702e-14,0.10554733095341362,1.5770500215003267,4.4408920985006242e-16,2.4116073113021214e-12,8.6841644986179745e-13
tri,4,3,1.2,gll,coupled,0,sine,y,reused,0.018048604201049204,0.0084825025808501538,0.27427226004227689,2.1277452059720203,0.037236460852002162,0.017371540024782566,0.046706943850829789,0.029364362169088876,0.00034121672209149883,1.3671054047237822e-13,6.4214632437986389e-14,4.4408920985006262e-16,1.4210854715202004e-14,2.4343288254288337e-12,3.3306690738754696e-14,0.043750095902323052,32,6.1361471459520089e-12,1.053046538856961e-12,9.9920072216264089e-16,7.1411543345334394e-11,3.2983717250180194e-12,5.4622972811557702e-14,0.10554733095341362,1.5770500215003267,4.4408920985006242e-16,2.4116073113021214e-12,8.6841644986179745e-13
tri,4,3,1.2,gll,coupled,0,sine,y,reused_centered,0.018048604201051536,0.0084825025808512484,0.27427226004252425,2.1277452059720203,0.037236460852028246,0.017371540024794737,0.046706943850828075,0.029364362169079408,0.00034121672209149883,4.9638087096973391e-14,2.3315623702774548e-14,4.4408920985006262e-16,1.4210854715202004e-14,2.4343288254288337e-12,3.3306690738754696e-14,0.043750095902323052,32,6.1361471459520089e-12,1.053046538856961e-12,9.9920072216264089e-16,7.1411543345334394e-11,3.2983717250180194e-12,5.4622972811557702e-14,0.10554733095341362,1.5770500215003267,4.4408920985006242e-16,2.4116073113021214e-12,8.6841644986179745e-13
tri,4,3,1.2,gll,coupled,0,sine,xx,recursive,0.3979275130529798,0.1411173232023171,3.8798269599586153,2.8198346172034388,0.66037609070882741,0.23597523065165868,0.90038956584789842,0.61923018413066322,0.00034121672209149883,0.033533805095207571,0.01153407903453821,4.4408920985006262e-16,1.4210854715202004e-14,2.4343288254288337e-12,3.3306690738754696e-14,0.043750095902323052,32,6.1361471459520089e-12,1.053046538856961e-12,9.9920072216264089e-16,7.1411543345334394e-11,3.2983717250180194e-12,5.4622972811557702e-14,0.10554733095341362,1.5770500215003267,4.4408920985006242e-16,2.4116073113021214e-12,8.6841644986179745e-13
tri,4,3,1.2,gll,coupled,0,sine,xx,direct,0.40072775243584452,0.14211037413012007,4.1952167902278941,2.8198346172034388,0.66880095564342956,0.2389857264496181,0.8971856672784021,0.61226658302821502,0.00034121672209149883,0,0,4.4408920985006262e-16,1.4210854715202004e-14,2.4343288254288337e-12,3.3306690738754696e-14,0.043750095902323052,32,6.1361471459520089e-12,1.053046538856961e-12,9.9920072216264089e-16,7.1411543345334394e-11,3.2983717250180194e-12,5.4622972811557702e-14,0.10554733095341362,1.5770500215003267,4.4408920985006242e-16,2.4116073113021214e-12,8.6841644986179745e-13
tri,4,3,1.2,gll,coupled,0,sine,xx,fe_geometry,0.40072775243271475,0.14211037412901015,4.1952167901423634,2.8198346172034388,0.66880095563806508,0.23898572644770119,0.89718566727013582,0.61226658302070647,0.00034121672209149883,1.0394924513184303e-11,3.5753735835442397e-12,4.4408920985006262e-16,1.4210854715202004e-14,2.4343288254288337e-12,3.3306690738754696e-14,0.043750095902323052,32,6.1361471459520089e-12,1.053046538856961e-12,9.9920072216264089e-16,7.1411543345334394e-11,3.2983717250180194e-12,5.4622972811557702e-14,0.10554733095341362,1.5770500215003267,4.4408920985006242e-16,2.4116073113021214e-12,8.6841644986179745e-13
tri,4,3,1.2,gll,coupled,0,sine,xx,reused,0.40072775243148234,0.14211037412857311,4.195216790124551,2.8198346172034388,0.66880095563440378,0.2389857264463929,0.89718566727178306,0.6122665830149483,0.00034121672209149883,1.4345876043157798e-11,4.9343182985553203e-12,4.4408920985006262e-16,1.4210854715202004e-14,2.4343288254288337e-12,3.3306690738754696e-14,0.043750095902323052,32,6.1361471459520089e-12,1.053046538856961e-12,9.9920072216264089e-16,7.1411543345334394e-11,3.2983717250180194e-12,5.4622972811557702e-14,0.10554733095341362,1.5770500215003267,4.4408920985006242e-16,2.4116073113021214e-12,8.6841644986179745e-13
tri,4,3,1.2,gll,coupled,0,sine,xx,reused_centered,0.40072775243591913,0.14211037413014652,4.1952167902329931,2.8198346172034388,0.66880095564356712,0.23898572644966726,0.89718566727819871,0.61226658302799308,0.00034121672209149883,1.866040779127729e-12,6.4183178040855317e-13,4.4408920985006262e-16,1.4210854715202004e-14,2.4343288254288337e-12,3.3306690738754696e-14,0.043750095902323052,32,6.1361471459520089e-12,1.053046538856961e-12,9.9920072216264089e-16,7.1411543345334394e-11,3.2983717250180194e-12,5.4622972811557702e-14,0.10554733095341362,1.5770500215003267,4.4408920985006242e-16,2.4116073113021214e-12,8.6841644986179745e-13
tri,4,3,1.2,gll,coupled,0,sine,xy,recursive,0.32017042195630002,0.075694846310721001,2.8116069192561133,4.2297519258051901,0.57832708464146021,0.13777085422529062,0.58947895844977882,0.4142223608202088,0.00034121672209149883,0.035968618254007649,0.0083960103797242648,4.4408920985006262e-16,1.4210854715202004e-14,2.4343288254288337e-12,3.3306690738754696e-14,0.043750095902323052,32,6.1361471459520089e-12,1.053046538856961e-12,9.9920072216264089e-16,7.1411543345334394e-11,3.2983717250180194e-12,5.4622972811557702e-14,0.10554733095341362,1.5770500215003267,4.4408920985006242e-16,2.4116073113021214e-12,8.6841644986179745e-13
tri,4,3,1.2,gll,coupled,0,sine,xy,direct,0.32297802626225386,0.076358621481275341,3.0234667346101771,4.2297519258051901,0.58552428610838181,0.13948539366233609,0.58037134686987346,0.40166733099020485,0.00034121672209149883,0,0,4.4408920985006262e-16,1.4210854715202004e-14,2.4343288254288337e-12,3.3306690738754696e-14,0.043750095902323052,32,6.1361471459520089e-12,1.053046538856961e-12,9.9920072216264089e-16,7.1411543345334394e-11,3.2983717250180194e-12,5.4622972811557702e-14,0.10554733095341362,1.5770500215003267,4.4408920985006242e-16,2.4116073113021214e-12,8.6841644986179745e-13
tri,4,3,1.2,gll,coupled,0,sine,xy,fe_geometry,0.32297802626227318,0.076358621481279892,3.0234667346309392,4.2297519258051901,0.58552428610882146,0.13948539366244078,0.58037134686838188,0.40166733098863644,0.00034121672209149883,7.7582522995956687e-12,1.8109777355338667e-12,4.4408920985006262e-16,1.4210854715202004e-14,2.4343288254288337e-12,3.3306690738754696e-14,0.043750095902323052,32,6.1361471459520089e-12,1.053046538856961e-12,9.9920072216264089e-16,7.1411543345334394e-11,3.2983717250180194e-12,5.4622972811557702e-14,0.10554733095341362,1.5770500215003267,4.4408920985006242e-16,2.4116073113021214e-12,8.6841644986179745e-13
tri,4,3,1.2,gll,coupled,0,sine,xy,reused,0.32297802626466626,0.076358621481845676,3.0234667346318878,4.2297519258051901,0.585524286113422,0.13948539366353677,0.58037134687666903,0.40166733099444279,0.00034121672209149883,8.4461567881918112e-12,1.9715525228588873e-12,4.4408920985006262e-16,1.4210854715202004e-14,2.4343288254288337e-12,3.3306690738754696e-14,0.043750095902323052,32,6.1361471459520089e-12,1.053046538856961e-12,9.9920072216264089e-16,7.1411543345334394e-11,3.2983717250180194e-12,5.4622972811557702e-14,0.10554733095341362,1.5770500215003267,4.4408920985006242e-16,2.4116073113021214e-12,8.6841644986179745e-13
tri,4,3,1.2,gll,coupled,0,sine,xy,reused_centered,0.32297802626212135,0.076358621481243991,3.0234667346044715,4.2297519258051901,0.58552428610804441,0.13948539366225568,0.58037134687018876,0.40166733099039009,0.00034121672209149883,1.6952747227290703e-12,3.9572118306022326e-13,4.4408920985006262e-16,1.4210854715202004e-14,2.4343288254288337e-12,3.3306690738754696e-14,0.043750095902323052,32,6.1361471459520089e-12,1.053046538856961e-12,9.9920072216264089e-16,7.1411543345334394e-11,3.2983717250180194e-12,5.4622972811557702e-14,0.10554733095341362,1.5770500215003267,4.4408920985006242e-16,2.4116073113021214e-12,8.6841644986179745e-13
tri,4,3,1.2,gll,coupled,0,sine,yy,recursive,0.58384595539624995,0.09202209580098196,5.4394119317192793,6.3446278887077865,0.95014206518956146,0.15089717385759518,1.1661981636837631,0.82041338012874077,0.00034121672209149883,0.038044790415533422,0.0058417228885493788,4.4408920985006262e-16,1.4210854715202004e-14,2.4343288254288337e-12,3.3306690738754696e-14,0.043750095902323052,32,6.1361471459520089e-12,1.053046538856961e-12,9.9920072216264089e-16,7.1411543345334394e-11,3.2983717250180194e-12,5.4622972811557702e-14,0.10554733095341362,1.5770500215003267,4.4408920985006242e-16,2.4116073113021214e-12,8.6841644986179745e-13
tri,4,3,1.2,gll,coupled,0,sine,yy,direct,0.58735924975800879,0.092575838971327998,5.8190219384633224,6.3446278887077865,0.96086147397805355,0.15259958084584385,1.1544356835129597,0.80565182655676837,0.00034121672209149883,0,0,4.4408920985006262e-16,1.4210854715202004e-14,2.4343288254288337e-12,3.3306690738754696e-14,0.043750095902323052,32,6.1361471459520089e-12,1.053046538856961e-12,9.9920072216264089e-16,7.1411543345334394e-11,3.2983717250180194e-12,5.4622972811557702e-14,0.10554733095341362,1.5770500215003267,4.4408920985006242e-16,2.4116073113021214e-12,8.6841644986179745e-13
tri,4,3,1.2,gll,coupled,0,sine,yy,fe_geometry,0.58735924975901355,0.092575838971486343,5.8190219384648003,6.3446278887077865,0.96086147397908694,0.15259958084600794,1.154435683514397,0.80565182655834189,0.00034121672209149883,8.7907305055357216e-12,1.3498040346751444e-12,4.4408920985006262e-16,1.4210854715202004e-14,2.4343288254288337e-12,3.3306690738754696e-14,0.043750095902323052,32,6.1361471459520089e-12,1.053046538856961e-12,9.9920072216264089e-16,7.1411543345334394e-11,3.2983717250180194e-12,5.4622972811557702e-14,0.10554733095341362,1.5770500215003267,4.4408920985006242e-16,2.4116073113021214e-12,8.6841644986179745e-13
tri,4,3,1.2,gll,coupled,0,sine,yy,reused,0.58735924975887188,0.092575838971464028,5.8190219384680297,6.3446278887077865,0.96086147397878463,0.15259958084595995,1.154435683513217,0.80565182655734524,0.00034121672209149883,4.6971918325926561e-12,7.2124705487036371e-13,4.4408920985006262e-16,1.4210854715202004e-14,2.4343288254288337e-12,3.3306690738754696e-14,0.043750095902323052,32,6.1361471459520089e-12,1.053046538856961e-12,9.9920072216264089e-16,7.1411543345334394e-11,3.2983717250180194e-12,5.4622972811557702e-14,0.10554733095341362,1.5770500215003267,4.4408920985006242e-16,2.4116073113021214e-12,8.6841644986179745e-13
tri,4,3,1.2,gll,coupled,0,sine,yy,reused_centered,0.58735924975853226,0.092575838971410501,5.819021938471499,6.3446278887077865,0.96086147397921773,0.15259958084602873,1.1544356835132135,0.80565182655689116,0.00034121672209149883,2.1102988566417992e-12,3.24033356416931e-13,4.4408920985006262e-16,1.4210854715202004e-14,2.4343288254288337e-12,3.3306690738754696e-14,0.043750095902323052,32,6.1361471459520089e-12,1.053046538856961e-12,9.9920072216264089e-16,7.1411543345334394e-11,3.2983717250180194e-12,5.4622972811557702e-14,0.10554733095341362,1.5770500215003267,4.4408920985006242e-16,2.4116073113021214e-12,8.6841644986179745e-13
tri,4,3,1.2,gll,coupled,0,sine,xxx,recursive,4.9187798898699997,0.86690006563008271,48.670982590456333,5.6739872159254237,6.6301746105233281,1.1599149830166737,8.7817319766377704,6.8594750361959234,0.00034121672209149883,1.0205936429379872,0.13030052032009759,4.4408920985006262e-16,1.4210854715202004e-14,2.4343288254288337e-12,3.3306690738754696e-14,0.043750095902323052,32,6.1361471459520089e-12,1.053046538856961e-12,9.9920072216264089e-16,7.1411543345334394e-11,3.2983717250180194e-12,5.4622972811557702e-14,0.10554733095341362,1.5770500215003267,4.4408920985006242e-16,2.4116073113021214e-12,8.6841644986179745e-13
tri,4,3,1.2,gll,coupled,0,sine,xxx,direct,5.175939515426756,0.91222262554614575,61.655110085734009,5.6739872159254237,7.2698515488560824,1.2718231767895418,9.2394724971416373,7.0868530672152721,0.00034121672209149883,0,0,4.4408920985006262e-16,1.4210854715202004e-14,2.4343288254288337e-12,3.3306690738754696e-14,0.043750095902323052,32,6.1361471459520089e-12,1.053046538856961e-12,9.9920072216264089e-16,7.1411543345334394e-11,3.2983717250180194e-12,5.4622972811557702e-14,0.10554733095341362,1.5770500215003267,4.4408920985006242e-16,2.4116073113021214e-12,8.6841644986179745e-13
tri,4,3,1.2,gll,coupled,0,sine,xxx,fe_geometry,5.1759395155061831,0.91222262556014433,61.655110086053867,5.6739872159254237,7.269851548963107,1.2718231768082653,9.2394724972878581,7.0868530673347481,0.00034121672209149883,1.5490563805813106e-10,1.9777004666996164e-11,4.4408920985006262e-16,1.4210854715202004e-14,2.4343288254288337e-12,3.3306690738754696e-14,0.043750095902323052,32,6.1361471459520089e-12,1.053046538856961e-12,9.9920072216264089e-16,7.1411543345334394e-11,3.2983717250180194e-12,5.4622972811557702e-14,0.10554733095341362,1.5770500215003267,4.4408920985006242e-16,2.4116073113021214e-12,8.6841644986179745e-13
tri,4,3,1.2,gll,coupled,0,sine,xxx,reused,5.1759395155536865,0.91222262556851641,61.655110088988465,5.6739872159254237,7.269851549120987,1.2718231768358856,9.2394724973755249,7.0868530673165981,0.00034121672209149883,3.769596499416101e-10,4.812692972070386e-11,4.4408920985006262e-16,1.4210854715202004e-14,2.4343288254288337e-12,3.3306690738754696e-14,0.043750095902323052,32,6.1361471459520089e-12,1.053046538856961e-12,9.9920072216264089e-16,7.1411543345334394e-11,3.2983717250180194e-12,5.4622972811557702e-14,0.10554733095341362,1.5770500215003267,4.4408920985006242e-16,2.4116073113021214e-12,8.6841644986179745e-13
tri,4,3,1.2,gll,coupled,0,sine,xxx,reused_centered,5.1759395154030505,0.91222262554196798,61.65511008496533,5.6739872159254237,7.2698515488135955,1.2718231767821091,9.2394724970985127,7.0868530671853458,0.00034121672209149883,8.4069675464489198e-11,1.0733285016973485e-11,4.4408920985006262e-16,1.4210854715202004e-14,2.4343288254288337e-12,3.3306690738754696e-14,0.043750095902323052,32,6.1361471459520089e-12,1.053046538856961e-12,9.9920072216264089e-16,7.1411543345334394e-11,3.2983717250180194e-12,5.4622972811557702e-14,0.10554733095341362,1.5770500215003267,4.4408920985006242e-16,2.4116073113021214e-12,8.6841644986179745e-13
tri,4,3,1.2,gll,coupled,0,sine,xxy,recursive,5.227552335477017,0.61421267931948043,32.828610433002396,8.5109808238880813,7.3156462096674826,0.85322314494044094,8.6446287276215728,7.0090435906888446,0.00034121672209149883,0.88268698965711634,0.088056590718753672,4.4408920985006262e-16,1.4210854715202004e-14,2.4343288254288337e-12,3.3306690738754696e-14,0.043750095902323052,32,6.1361471459520089e-12,1.053046538856961e-12,9.9920072216264089e-16,7.1411543345334394e-11,3.2983717250180194e-12,5.4622972811557702e-14,0.10554733095341362,1.5770500215003267,4.4408920985006242e-16,2.4116073113021214e-12,8.6841644986179745e-13
tri,4,3,1.2,gll,coupled,0,sine,xxy,direct,5.3195409258620607,0.62502090369320429,32.792439517855165,8.5109808238880813,7.5242882531465112,0.87755704729191453,8.92896537055036,7.1870120920813498,0.00034121672209149883,0,0,4.4408920985006262e-16,1.4210854715202004e-14,2.4343288254288337e-12,3.3306690738754696e-14,0.043750095902323052,32,6.1361471459520089e-12,1.053046538856961e-12,9.9920072216264089e-16,7.1411543345334394e-11,3.2983717250180194e-12,5.4622972811557702e-14,0.10554733095341362,1.5770500215003267,4.4408920985006242e-16,2.4116073113021214e-12,8.6841644986179745e-13
tri,4,3,1.2,gll,coupled,0,sine,xxy,fe_geometry,5.3195409257834481,0.62502090368396768,32.792439517248511,8.5109808238880813,7.5242882530375299,0.87755704727920414,8.9289653703969964,7.1870120919317495,0.00034121672209149883,2.1024627627739558e-10,2.0974105789745818e-11,4.4408920985006262e-16,1.4210854715202004e-14,2.4343288254288337e-12,3.3306690738754696e-14,0.043750095902323052,32,6.1361471459520089e-12,1.053046538856961e-12,9.9920072216264089e-16,7.1411543345334394e-11,3.2983717250180194e-12,5.4622972811557702e-14,0.10554733095341362,1.5770500215003267,4.4408920985006242e-16,2.4116073113021214e-12,8.6841644986179745e-13
tri,4,3,1.2,gll,coupled,0,sine,xxy,reused,5.3195409257357884,0.62502090367836782,32.792439516323178,8.5109808238880813,7.5242882529026476,0.87755704726347283,8.9289653705260434,7.1870120920665288,0.00034121672209149883,3.9652134019597518e-10,3.9556850586924447e-11,4.4408920985006262e-16,1.4210854715202004e-14,2.4343288254288337e-12,3.3306690738754696e-14,0.043750095902323052,32,6.1361471459520089e-12,1.053046538856961e-12,9.9920072216264089e-16,7.1411543345334394e-11,3.2983717250180194e-12,5.4622972811557702e-14,0.10554733095341362,1.5770500215003267,4.4408920985006242e-16,2.4116073113021214e-12,8.6841644986179745e-13
tri,4,3,1.2,gll,coupled,0,sine,xxy,reused_centered,5.3195409258658595,0.6250209036936506,32.792439518138025,8.5109808238880813,7.5242882531516209,0.87755704729251061,8.928965370568152,7.187012092094454,0.00034121672209149883,6.3072285559902067e-11,6.2920723884262779e-12,4.4408920985006262e-16,1.4210854715202004e-14,2.4343288254288337e-12,3.3306690738754696e-14,0.043750095902323052,32,6.1361471459520089e-12,1.053046538856961e-12,9.9920072216264089e-16,7.1411543345334394e-11,3.2983717250180194e-12,5.4622972811557702e-14,0.10554733095341362,1.5770500215003267,4.4408920985006242e-16,2.4116073113021214e-12,8.6841644986179745e-13
tri,4,3,1.2,gll,coupled,0,sine,xyy,recursive,6.2084360516424661,0.48630791837113929,44.862912927930182,12.766471235831959,8.6931336828501031,0.67591958820783937,9.4578290962909684,7.2093627804093137,0.00034121672209149883,1.3604750414966909,0.09537403669207295,4.4408920985006262e-16,1.4210854715202004e-14,2.4343288254288337e-12,3.3306690738754696e-14,0.043750095902323052,32,6.1361471459520089e-12,1.053046538856961e-12,9.9920072216264089e-16,7.1411543345334394e-11,3.2983717250180194e-12,5.4622972811557702e-14,0.10554733095341362,1.5770500215003267,4.4408920985006242e-16,2.4116073113021214e-12,8.6841644986179745e-13
tri,4,3,1.2,gll,coupled,0,sine,xyy,direct,6.3302590123263984,0.49585033290633279,52.100150078060153,12.766471235831959,8.949025353788171,0.69581600291356238,9.9961491305010224,7.3514686729607179,0.00034121672209149883,0,0,4.4408920985006262e-16,1.4210854715202004e-14,2.4343288254288337e-12,3.3306690738754696e-14,0.043750095902323052,32,6.1361471459520089e-12,1.053046538856961e-12,9.9920072216264089e-16,7.1411543345334394e-11,3.2983717250180194e-12,5.4622972811557702e-14,0.10554733095341362,1.5770500215003267,4.4408920985006242e-16,2.4116073113021214e-12,8.6841644986179745e-13
tri,4,3,1.2,gll,coupled,0,sine,xyy,fe_geometry,6.3302590123224087,0.49585033290602026,52.100150077628186,12.766471235831959,8.9490253537888602,0.69581600291361601,9.9961491304506342,7.3514686728083687,0.00034121672209149883,2.4552041822054772e-10,1.721183605857173e-11,4.4408920985006262e-16,1.4210854715202004e-14,2.4343288254288337e-12,3.3306690738754696e-14,0.043750095902323052,32,6.1361471459520089e-12,1.053046538856961e-12,9.9920072216264089e-16,7.1411543345334394e-11,3.2983717250180194e-12,5.4622972811557702e-14,0.10554733095341362,1.5770500215003267,4.4408920985006242e-16,2.4116073113021214e-12,8.6841644986179745e-13
tri,4,3,1.2,gll,coupled,0,sine,xyy,reused,6.3302590124099076,0.495850332912874,52.10015007886625,12.766471235831959,8.9490253539382483,0.69581600292523138,9.9961491305360148,7.3514686729872114,0.00034121672209149883,2.9508684237718762e-10,2.0686614949781344e-11,4.4408920985006262e-16,1.4210854715202004e-14,2.4343288254288337e-12,3.3306690738754696e-14,0.043750095902323052,32,6.1361471459520089e-12,1.053046538856961e-12,9.9920072216264089e-16,7.1411543345334394e-11,3.2983717250180194e-12,5.4622972811557702e-14,0.10554733095341362,1.5770500215003267,4.4408920985006242e-16,2.4116073113021214e-12,8.6841644986179745e-13
tri,4,3,1.2,gll,coupled,0,sine,xyy,reused_centered,6.3302590123322595,0.49585033290679181,52.100150078202446,12.766471235831959,8.9490253537960776,0.69581600291417722,9.9961491305125634,7.3514686729918104,0.00034121672209149883,5.2851032850429291e-11,3.7050413955007172e-12,4.4408920985006262e-16,1.4210854715202004e-14,2.4343288254288337e-12,3.3306690738754696e-14,0.043750095902323052,32,6.1361471459520089e-12,1.053046538856961e-12,9.9920072216264089e-16,7.1411543345334394e-11,3.2983717250180194e-12,5.4622972811557702e-14,0.10554733095341362,1.5770500215003267,4.4408920985006242e-16,2.4116073113021214e-12,8.6841644986179745e-13
tri,4,3,1.2,gll,coupled,0,sine,yyy,recursive,9.4760288898769645,0.49483937076678786,59.645196144317595,19.149706853747716,12.330256085407472,0.63914517056818065,15.299478169657107,11.218536575901711,0.00034121672209149883,1.332361849798936,0.063309988516709742,4.4408920985006262e-16,1.4210854715202004e-14,2.4343288254288337e-12,3.3306690738754696e-14,0.043750095902323052,32,6.1361471459520089e-12,1.053046538856961e-12,9.9920072216264089e-16,7.1411543345334394e-11,3.2983717250180194e-12,5.4622972811557702e-14,0.10554733095341362,1.5770500215003267,4.4408920985006242e-16,2.4116073113021214e-12,8.6841644986179745e-13
tri,4,3,1.2,gll,coupled,0,sine,yyy,direct,9.7478501114711147,0.5090339077208067,80.138488127363516,19.149706853747716,12.986415783990912,0.67315754626955848,15.985232220622839,11.492277990009402,0.00034121672209149883,0,0,4.4408920985006262e-16,1.4210854715202004e-14,2.4343288254288337e-12,3.3306690738754696e-14,0.043750095902323052,32,6.1361471459520089e-12,1.053046538856961e-12,9.9920072216264089e-16,7.1411543345334394e-11,3.2983717250180194e-12,5.4622972811557702e-14,0.10554733095341362,1.5770500215003267,4.4408920985006242e-16,2.4116073113021214e-12,8.6841644986179745e-13
tri,4,3,1.2,gll,coupled,0,sine,yyy,fe_geometry,9.7478501115747598,0.50903390772621904,80.13848812842204,19.149706853747716,12.98641578411436,0.67315754627595747,15.985232220819677,11.492277990229832,0.00034121672209149883,2.914663324519718e-10,1.3849638642330161e-11,4.4408920985006262e-16,1.4210854715202004e-14,2.4343288254288337e-12,3.3306690738754696e-14,0.043750095902323052,32,6.1361471459520089e-12,1.053046538856961e-12,9.9920072216264089e-16,7.1411543345334394e-11,3.2983717250180194e-12,5.4622972811557702e-14,0.10554733095341362,1.5770500215003267,4.4408920985006242e-16,2.4116073113021214e-12,8.6841644986179745e-13
tri,4,3,1.2,gll,coupled,0,sine,yyy,reused,9.7478501115310152,0.50903390772393464,80.138488128302868,19.149706853747716,12.986415784066519,0.67315754627347757,15.985232220731509,11.492277990094312,0.00034121672209149883,1.4795236400836012e-10,7.0302691928644412e-12,4.4408920985006262e-16,1.4210854715202004e-14,2.4343288254288337e-12,3.3306690738754696e-14,0.043750095902323052,32,6.1361471459520089e-12,1.053046538856961e-12,9.9920072216264089e-16,7.1411543345334394e-11,3.2983717250180194e-12,5.4622972811557702e-14,0.10554733095341362,1.5770500215003267,4.4408920985006242e-16,2.4116073113021214e-12,8.6841644986179745e-13
tri,4,3,1.2,gll,coupled,0,sine,yyy,reused_centered,9.7478501114785345,0.50903390772119417,80.138488127266896,19.149706853747716,12.986415784004256,0.67315754627025015,15.98523222063333,11.492277989993104,0.00034121672209149883,6.4765751740755033e-11,3.0774815412209876e-12,4.4408920985006262e-16,1.4210854715202004e-14,2.4343288254288337e-12,3.3306690738754696e-14,0.043750095902323052,32,6.1361471459520089e-12,1.053046538856961e-12,9.9920072216264089e-16,7.1411543345334394e-11,3.2983717250180194e-12,5.4622972811557702e-14,0.10554733095341362,1.5770500215003267,4.4408920985006242e-16,2.4116073113021214e-12,8.6841644986179745e-13
tri,4,3,1.2,gll,coupled,0,shortwave,x,recursive,0.62964052751975519,0.11134962412944589,9.3705421439811687,5.6546264295224473,1.2797568034096076,0.22612163939070171,1.4220807892004468,0.89209466887944844,0.012449797873923151,0.010602931216469279,0.0018256309632786961,4.4408920985006262e-16,1.4210854715202004e-14,2.4343288254288337e-12,3.3306690738754696e-14,0.043750095902323052,32,6.1361471459520089e-12,1.053046538856961e-12,9.9920072216264089e-16,7.1411543345334394e-11,3.2983717250180194e-12,5.4622972811557702e-14,0.10554733095341362,1.5770500215003267,4.4408920985006242e-16,2.4116073113021214e-12,8.6841644986179745e-13
tri,4,3,1.2,gll,coupled,0,shortwave,x,direct,0.63084680024311512,0.11156294904814647,9.4344822500248604,5.6546264295224473,1.2834363423503898,0.22677178117957508,1.4251845996751225,0.89377385150263522,0.012449797873923151,0,0,4.4408920985006262e-16,1.4210854715202004e-14,2.4343288254288337e-12,3.3306690738754696e-14,0.043750095902323052,32,6.1361471459520089e-12,1.053046538856961e-12,9.9920072216264089e-16,7.1411543345334394e-11,3.2983717250180194e-12,5.4622972811557702e-14,0.10554733095341362,1.5770500215003267,4.4408920985006242e-16,2.4116073113021214e-12,8.6841644986179745e-13
tri,4,3,1.2,gll,coupled,0,shortwave,x,fe_geometry,0.63084680024309381,0.11156294904814268,9.4344822500243417,5.6546264295224473,1.2834363423503596,0.22677178117956978,1.4251845996750616,0.89377385150254118,0.012449797873923151,5.7581818874939525e-13,9.9145367741997588e-14,4.4408920985006262e-16,1.4210854715202004e-14,2.4343288254288337e-12,3.3306690738754696e-14,0.043750095902323052,32,6.1361471459520089e-12,1.053046538856961e-12,9.9920072216264089e-16,7.1411543345334394e-11,3.2983717250180194e-12,5.4622972811557702e-14,0.10554733095341362,1.5770500215003267,4.4408920985006242e-16,2.4116073113021214e-12,8.6841644986179745e-13
tri,4,3,1.2,gll,coupled,0,shortwave,x,reused,0.63084680024308248,0.11156294904814069,9.4344822500249848,5.6546264295224473,1.2834363423503565,0.22677178117956923,1.4251845996750965,0.89377385150264044,0.012449797873923151,6.2763752286945186e-13,1.0806770996365748e-13,4.4408920985006262e-16,1.4210854715202004e-14,2.4343288254288337e-12,3.3306690738754696e-14,0.043750095902323052,32,6.1361471459520089e-12,1.053046538856961e-12,9.9920072216264089e-16,7.1411543345334394e-11,3.2983717250180194e-12,5.4622972811557702e-14,0.10554733095341362,1.5770500215003267,4.4408920985006242e-16,2.4116073113021214e-12,8.6841644986179745e-13
tri,4,3,1.2,gll,coupled,0,shortwave,x,reused_centered,0.63084680024308804,0.11156294904814167,9.4344822500253152,5.6546264295224473,1.2834363423503423,0.2267717811795667,1.4251845996750732,0.89377385150258759,0.012449797873923151,1.1586072349815319e-13,1.9949098973456772e-14,4.4408920985006262e-16,1.4210854715202004e-14,2.4343288254288337e-12,3.3306690738754696e-14,0.043750095902323052,32,6.1361471459520089e-12,1.053046538856961e-12,9.9920072216264089e-16,7.1411543345334394e-11,3.2983717250180194e-12,5.4622972811557702e-14,0.10554733095341362,1.5770500215003267,4.4408920985006242e-16,2.4116073113021214e-12,8.6841644986179745e-13
tri,4,3,1.2,gll,coupled,0,shortwave,y,recursive,0.53838080800248955,0.12694756873572613,8.214081111119599,4.2409698221418246,1.1056098342954057,0.26046855943388342,1.4251526935824665,0.88819646054356427,0.012449797873923151,0.011672617245461326,0.0026739209635396597,4.4408920985006262e-16,1.4210854715202004e-14,2.4343288254288337e-12,3.3306690738754696e-14,0.043750095902323052,32,6.1361471459520089e-12,1.053046538856961e-12,9.9920072216264089e-16,7.1411543345334394e-11,3.2983717250180194e-12,5.4622972811557702e-14,0.10554733095341362,1.5770500215003267,4.4408920985006242e-16,2.4116073113021214e-12,8.6841644986179745e-13
tri,4,3,1.2,gll,coupled,0,shortwave,y,direct,0.53956108522908997,0.1272258723493096,8.3539145833062722,4.2409698221418246,1.1085563172567026,0.26116271586096923,1.4252782619373312,0.88841344626992502,0.012449797873923151,0,0,4.4408920985006262e-16,1.4210854715202004e-14,2.4343288254288337e-12,3.3306690738754696e-14,0.043750095902323052,32,6.1361471459520089e-12,1.053046538856961e-12,9.9920072216264089e-16,7.1411543345334394e-11,3.2983717250180194e-12,5.4622972811557702e-14,0.10554733095341362,1.5770500215003267,4.4408920985006242e-16,2.4116073113021214e-12,8.6841644986179745e-13
tri,4,3,1.2,gll,coupled,0,shortwave,y,fe_geometry,0.53956108522911228,0.12722587234931484,8.3539145833051389,4.2409698221418246,1.108556317256741,0.26116271586097833,1.4252782619373723,0.8884134462699006,0.012449797873923151,5.1985773648171287e-13,1.1908713105256885e-13,4.4408920985006262e-16,1.4210854715202004e-14,2.4343288254288337e-12,3.3306690738754696e-14,0.043750095902323052,32,6.1361471459520089e-12,1.053046538856961e-12,9.9920072216264089e-16,7.1411543345334394e-11,3.2983717250180194e-12,5.4622972811557702e-14,0.10554733095341362,1.5770500215003267,4.4408920985006242e-16,2.4116073113021214e-12,8.6841644986179745e-13
tri,4,3,1.2,gll,coupled,0,shortwave,y,reused,0.53956108522912383,0.12722587234931756,8.3539145833058317,4.2409698221418246,1.1085563172567647,0.26116271586098394,1.4252782619374309,0.88841344626998497,0.012449797873923151,3.6594403956504455e-13,8.3829137741651927e-14,4.4408920985006262e-16,1.4210854715202004e-14,2.4343288254288337e-12,3.3306690738754696e-14,0.043750095902323052,32,6.1361471459520089e-12,1.053046538856961e-12,9.9920072216264089e-16,7.1411543345334394e-11,3.2983717250180194e-12,5.4622972811557702e-14,0.10554733095341362,1.5770500215003267,4.4408920985006242e-16,2.4116073113021214e-12,8.6841644986179745e-13
tri,4,3,1.2,gll,coupled,0,shortwave,y,reused_centered,0.53956108522912327,0.12722587234931745,8.3539145833065724,4.2409698221418246,1.1085563172567667,0.26116271586098438,1.4252782619374174,0.8884134462699842,0.012449797873923151,1.3847923091252e-13,3.1722321632349735e-14,4.4408920985006262e-16,1.4210854715202004e-14,2.4343288254288337e-12,3.3306690738754696e-14,0.043750095902323052,32,6.1361471459520089e-12,1.053046538856961e-12,9.9920072216264089e-16,7.1411543345334394e-11,3.2983717250180194e-12,5.4622972811557702e-14,0.10554733095341362,1.5770500215003267,4.4408920985006242e-16,2.4116073113021214e-12,8.6841644986179745e-13
tri,4,3,1.2,gll,coupled,0,shortwave,xx,recursive,20.212491845580853,0.44646142983000081,163.21136230307346,45.272649539462272,32.042907302858566,0.70839824011284225,43.319009949522169,29.655703571089198,0.012449797873923151,0.57937989540209345,0.010980590676644288,4.4408920985006262e-16,1.4210854715202004e-14,2.4343288254288337e-12,3.3306690738754696e-14,0.043750095902323052,32,6.1361471459520089e-12,1.053046538856961e-12,9.9920072216264089e-16,7.1411543345334394e-11,3.2983717250180194e-12,5.4622972811557702e-14,0.10554733095341362,1.5770500215003267,4.4408920985006242e-16,2.4116073113021214e-12,8.6841644986179745e-13
tri,4,3,1.2,gll,coupled,0,shortwave,xx,direct,20.301345976213774,0.44842407463954465,172.98208577174043,45.272649539462272,32.291320808232989,0.71389011662592639,43.406040225720744,29.700403129037454,0.012449797873923151,0,0,4.4408920985006262e-16,1.4210854715202004e-14,2.4343288254288337e-12,3.3306690738754696e-14,0.043750095902323052,32,6.1361471459520089e-12,1.053046538856961e-12,9.9920072216264089e-16,7.1411543345334394e-11,3.2983717250180194e-12,5.4622972811557702e-14,0.10554733095341362,1.5770500215003267,4.4408920985006242e-16,2.4116073113021214e-12,8.6841644986179745e-13
tri,4,3,1.2,gll,coupled,0,shortwave,xx,fe_geometry,20.301345976214414,0.44842407463955875,172.98208577167918,45.272649539462272,32.291320808234893,0.71389011662596846,43.40604022572402,29.700403129031837,0.012449797873923151,3.2026193140572667e-11,6.0697052244749126e-13,4.4408920985006262e-16,1.4210854715202004e-14,2.4343288254288337e-12,3.3306690738754696e-14,0.043750095902323052,32,6.1361471459520089e-12,1.053046538856961e-12,9.9920072216264089e-16,7.1411543345334394e-11,3.2983717250180194e-12,5.4622972811557702e-14,0.10554733095341362,1.5770500215003267,4.4408920985006242e-16,2.4116073113021214e-12,8.6841644986179745e-13
tri,4,3,1.2,gll,coupled,0,shortwave,xx,reused,20.301345976212733,0.44842407463952166,172.98208577164348,45.272649539462272,32.291320808231738,0.71389011662589874,43.406040225722045,29.700403129032654,0.012449797873923151,4.2983771147500917e-11,8.1464199992942115e-13,4.4408920985006262e-16,1.4210854715202004e-14,2.4343288254288337e-12,3.3306690738754696e-14,0.043750095902323052,32,6.1361471459520089e-12,1.053046538856961e-12,9.9920072216264089e-16,7.1411543345334394e-11,3.2983717250180194e-12,5.4622972811557702e-14,0.10554733095341362,1.5770500215003267,4.4408920985006242e-16,2.4116073113021214e-12,8.6841644986179745e-13
tri,4,3,1.2,gll,coupled,0,shortwave,xx,reused_centered,20.301345976213348,0.44842407463953515,172.98208577172059,45.272649539462272,32.291320808231418,0.71389011662589164,43.406040225720488,29.70040312903642,0.012449797873923151,5.6286066318516916e-12,1.0667512972868263e-13,4.4408920985006262e-16,1.4210854715202004e-14,2.4343288254288337e-12,3.3306690738754696e-14,0.043750095902323052,32,6.1361471459520089e-12,1.053046538856961e-12,9.9920072216264089e-16,7.1411543345334394e-11,3.2983717250180194e-12,5.4622972811557702e-14,0.10554733095341362,1.5770500215003267,4.4408920985006242e-16,2.4116073113021214e-12,8.6841644986179745e-13
tri,4,3,1.2,gll,coupled,0,shortwave,xy,recursive,11.107928646336681,0.3271416998808338,89.473881236798221,33.954487154596642,19.772758077297151,0.58284295249262974,20.712338723327655,14.515499634392359,0.012449797873923151,0.5617518749049345,0.015049033534709865,4.4408920985006262e-16,1.4210854715202004e-14,2.4343288254288337e-12,3.3306690738754696e-14,0.043750095902323052,32,6.1361471459520089e-12,1.053046538856961e-12,9.9920072216264089e-16,7.1411543345334394e-11,3.2983717250180194e-12,5.4622972811557702e-14,0.10554733095341362,1.5770500215003267,4.4408920985006242e-16,2.4116073113021214e-12,8.6841644986179745e-13
tri,4,3,1.2,gll,coupled,0,shortwave,xy,direct,11.199082755384097,0.32982629672461433,98.427219555495086,33.954487154596642,20.011886947094876,0.58989177066732634,20.774280762838547,14.451139134143357,0.012449797873923151,0,0,4.4408920985006262e-16,1.4210854715202004e-14,2.4343288254288337e-12,3.3306690738754696e-14,0.043750095902323052,32,6.1361471459520089e-12,1.053046538856961e-12,9.9920072216264089e-16,7.1411543345334394e-11,3.2983717250180194e-12,5.4622972811557702e-14,0.10554733095341362,1.5770500215003267,4.4408920985006242e-16,2.4116073113021214e-12,8.6841644986179745e-13
tri,4,3,1.2,gll,coupled,0,shortwave,xy,fe_geometry,11.199082755384282,0.32982629672461977,98.427219555476867,33.954487154596642,20.011886947095306,0.58989177066733911,20.774280762840675,14.45113913414302,0.012449797873923151,2.1506865364013564e-11,5.7615746835611874e-13,4.4408920985006262e-16,1.4210854715202004e-14,2.4343288254288337e-12,3.3306690738754696e-14,0.043750095902323052,32,6.1361471459520089e-12,1.053046538856961e-12,9.9920072216264089e-16,7.1411543345334394e-11,3.2983717250180194e-12,5.4622972811557702e-14,0.10554733095341362,1.5770500215003267,4.4408920985006242e-16,2.4116073113021214e-12,8.6841644986179745e-13
tri,4,3,1.2,gll,coupled,0,shortwave,xy,reused,11.199082755385598,0.32982629672465852,98.427219555558509,33.954487154596642,20.011886947097647,0.58989177066740817,20.774280762834081,14.451139134144874,0.012449797873923151,2.6123491678446422e-11,6.9983442846396259e-13,4.4408920985006262e-16,1.4210854715202004e-14,2.4343288254288337e-12,3.3306690738754696e-14,0.043750095902323052,32,6.1361471459520089e-12,1.053046538856961e-12,9.9920072216264089e-16,7.1411543345334394e-11,3.2983717250180194e-12,5.4622972811557702e-14,0.10554733095341362,1.5770500215003267,4.4408920985006242e-16,2.4116073113021214e-12,8.6841644986179745e-13
tri,4,3,1.2,gll,coupled,0,shortwave,xy,reused_centered,11.199082755384124,0.32982629672461511,98.427219555486431,33.954487154596642,20.011886947094844,0.58989177066732557,20.774280762837648,14.451139134142117,0.012449797873923151,4.7178566908328609e-12,1.2638886797541039e-13,4.4408920985006262e-16,1.4210854715202004e-14,2.4343288254288337e-12,3.3306690738754696e-14,0.043750095902323052,32,6.1361471459520089e-12,1.053046538856961e-12,9.9920072216264089e-16,7.1411543345334394e-11,3.2983717250180194e-12,5.4622972811557702e-14,0.10554733095341362,1.5770500215003267,4.4408920985006242e-16,2.4116073113021214e-12,8.6841644986179745e-13
tri,4,3,1.2,gll,coupled,0,shortwave,yy,recursive,13.323526031918172,0.52319156802479116,119.12826730337585,25.465865365947266,20.940425248822681,0.82301647757063223,29.752196496550226,20.668748431385197,0.012449797873923151,0.61073240320523559,0.020074258295526191,4.4408920985006262e-16,1.4210854715202004e-14,2.4343288254288337e-12,3.3306690738754696e-14,0.043750095902323052,32,6.1361471459520089e-12,1.053046538856961e-12,9.9920072216264089e-16,7.1411543345334394e-11,3.2983717250180194e-12,5.4622972811557702e-14,0.10554733095341362,1.5770500215003267,4.4408920985006242e-16,2.4116073113021214e-12,8.6841644986179745e-13
tri,4,3,1.2,gll,coupled,0,shortwave,yy,direct,13.392843980336307,0.5259135626408008,128.19429954987078,25.465865365947266,21.168797712225764,0.83199214536012478,29.708255761547264,20.584140618745248,0.012449797873923151,0,0,4.4408920985006262e-16,1.4210854715202004e-14,2.4343288254288337e-12,3.3306690738754696e-14,0.043750095902323052,32,6.1361471459520089e-12,1.053046538856961e-12,9.9920072216264089e-16,7.1411543345334394e-11,3.2983717250180194e-12,5.4622972811557702e-14,0.10554733095341362,1.5770500215003267,4.4408920985006242e-16,2.4116073113021214e-12,8.6841644986179745e-13
tri,4,3,1.2,gll,coupled,0,shortwave,yy,fe_geometry,13.392843980338945,0.52591356264090439,128.1942995498533,25.465865365947266,21.168797712229814,0.83199214536028399,29.708255761550173,20.584140618747867,0.012449797873923151,2.4476188466525745e-11,8.0451164337829087e-13,4.4408920985006262e-16,1.4210854715202004e-14,2.4343288254288337e-12,3.3306690738754696e-14,0.043750095902323052,32,6.1361471459520089e-12,1.053046538856961e-12,9.9920072216264089e-16,7.1411543345334394e-11,3.2983717250180194e-12,5.4622972811557702e-14,0.10554733095341362,1.5770500215003267,4.4408920985006242e-16,2.4116073113021214e-12,8.6841644986179745e-13
tri,4,3,1.2,gll,coupled,0,shortwave,yy,reused,13.392843980337418,0.52591356264084432,128.19429954984224,25.465865365947266,21.168797712227484,0.83199214536019239,29.708255761552014,20.584140618747025,0.012449797873923151,1.4365501632584923e-11,4.7218190618977919e-13,4.4408920985006262e-16,1.4210854715202004e-14,2.4343288254288337e-12,3.3306690738754696e-14,0.043750095902323052,32,6.1361471459520089e-12,1.053046538856961e-12,9.9920072216264089e-16,7.1411543345334394e-11,3.2983717250180194e-12,5.4622972811557702e-14,0.10554733095341362,1.5770500215003267,4.4408920985006242e-16,2.4116073113021214e-12,8.6841644986179745e-13
tri,4,3,1.2,gll,coupled,0,shortwave,yy,reused_centered,13.392843980337293,0.52591356264083944,128.19429954989093,25.465865365947266,21.168797712227711,0.83199214536020138,29.708255761550237,20.584140618746559,0.012449797873923151,6.3683934837155373e-12,2.0932371534361002e-13,4.4408920985006262e-16,1.4210854715202004e-14,2.4343288254288337e-12,3.3306690738754696e-14,0.043750095902323052,32,6.1361471459520089e-12,1.053046538856961e-12,9.9920072216264089e-16,7.1411543345334394e-11,3.2983717250180194e-12,5.4622972811557702e-14,0.10554733095341362,1.5770500215003267,4.4408920985006242e-16,2.4116073113021214e-12,8.6841644986179745e-13
tri,4,3,1.2,gll,coupled,0,shortwave,xxx,recursive,332.88145150641509,0.91982604768234011,1740.0320635749374,361.89609148943663,413.7353014583519,1.1422397842298411,453.94400398968963,351.74837648736695,0.012449797873923151,19.644982812243004,0.052632251592592827,4.4408920985006262e-16,1.4210854715202004e-14,2.4343288254288337e-12,3.3306690738754696e-14,0.043750095902323052,32,6.1361471459520089e-12,1.053046538856961e-12,9.9920072216264089e-16,7.1411543345334394e-11,3.2983717250180194e-12,5.4622972811557702e-14,0.10554733095341362,1.5770500215003267,4.4408920985006242e-16,2.4116073113021214e-12,8.6841644986179745e-13
tri,4,3,1.2,gll,coupled,0,shortwave,xxx,direct,337.57018902955036,0.93278208018282416,1841.0402463821899,361.89609148943663,424.21966217670939,1.1711849911834469,464.68087608725381,357.43088477645716,0.012449797873923151,0,0,4.4408920985006262e-16,1.4210854715202004e-14,2.4343288254288337e-12,3.3306690738754696e-14,0.043750095902323052,32,6.1361471459520089e-12,1.053046538856961e-12,9.9920072216264089e-16,7.1411543345334394e-11,3.2983717250180194e-12,5.4622972811557702e-14,0.10554733095341362,1.5770500215003267,4.4408920985006242e-16,2.4116073113021214e-12,8.6841644986179745e-13
tri,4,3,1.2,gll,coupled,0,shortwave,xxx,fe_geometry,337.5701890298198,0.93278208018356867,1841.0402464003844,361.89609148943663,424.21966217719705,1.1711849911847931,464.68087608777273,357.43088477671444,0.012449797873923151,9.8401944408065533e-10,2.636355523842936e-12,4.4408920985006262e-16,1.4210854715202004e-14,2.4343288254288337e-12,3.3306690738754696e-14,0.043750095902323052,32,6.1361471459520089e-12,1.053046538856961e-12,9.9920072216264089e-16,7.1411543345334394e-11,3.2983717250180194e-12,5.4622972811557702e-14,0.10554733095341362,1.5770500215003267,4.4408920985006242e-16,2.4116073113021214e-12,8.6841644986179745e-13
tri,4,3,1.2,gll,coupled,0,shortwave,xxx,reused,337.57018902988017,0.93278208018373543,1841.0402464018023,361.89609148943663,424.21966217746444,1.1711849911855314,464.68087608788403,357.43088477680908,0.012449797873923151,1.4663723199300782e-09,3.9286609516845837e-12,4.4408920985006262e-16,1.4210854715202004e-14,2.4343288254288337e-12,3.3306690738754696e-14,0.043750095902323052,32,6.1361471459520089e-12,1.053046538856961e-12,9.9920072216264089e-16,7.1411543345334394e-11,3.2983717250180194e-12,5.4622972811557702e-14,0.10554733095341362,1.5770500215003267,4.4408920985006242e-16,2.4116073113021214e-12,8.6841644986179745e-13
tri,4,3,1.2,gll,coupled,0,shortwave,xxx,reused_centered,337.57018902962869,0.93278208018304054,1841.0402463825606,361.89609148943663,424.21966217686634,1.1711849911838801,464.68087608745537,357.43088477660041,0.012449797873923151,2.7612443858606249e-10,7.397843541745379e-13,4.4408920985006262e-16,1.4210854715202004e-14,2.4343288254288337e-12,3.3306690738754696e-14,0.043750095902323052,32,6.1361471459520089e-12,1.053046538856961e-12,9.9920072216264089e-16,7.1411543345334394e-11,3.2983717250180194e-12,5.4622972811557702e-14,0.10554733095341362,1.5770500215003267,4.4408920985006242e-16,2.4116073113021214e-12,8.6841644986179745e-13
tri,4,3,1.2,gll,coupled,0,shortwave,xxy,recursive,209.35290200386578,0.771318644318571,1047.1259128060685,271.42206861707677,283.49487408152373,1.0435629500624637,296.48430405663282,208.68244817249931,0.012449797873923151,13.107482431023536,0.048890225206294775,4.4408920985006262e-16,1.4210854715202004e-14,2.4343288254288337e-12,3.3306690738754696e-14,0.043750095902323052,32,6.1361471459520089e-12,1.053046538856961e-12,9.9920072216264089e-16,7.1411543345334394e-11,3.2983717250180194e-12,5.4622972811557702e-14,0.10554733095341362,1.5770500215003267,4.4408920985006242e-16,2.4116073113021214e-12,8.6841644986179745e-13
tri,4,3,1.2,gll,coupled,0,shortwave,xxy,direct,210.91700539211342,0.77708126854517456,1145.566800484678,271.42206861707677,287.24833324855945,1.0573796757933298,299.89587377920191,209.56401959053713,0.012449797873923151,0,0,4.4408920985006262e-16,1.4210854715202004e-14,2.4343288254288337e-12,3.3306690738754696e-14,0.043750095902323052,32,6.1361471459520089e-12,1.053046538856961e-12,9.9920072216264089e-16,7.1411543345334394e-11,3.2983717250180194e-12,5.4622972811557702e-14,0.10554733095341362,1.5770500215003267,4.4408920985006242e-16,2.4116073113021214e-12,8.6841644986179745e-13
tri,4,3,1.2,gll,coupled,0,shortwave,xxy,fe_geometry,210.91700539207096,0.77708126854501813,1145.5668004840868,271.42206861707677,287.24833324850204,1.0573796757931184,299.89587377919815,209.56401959033909,0.012449797873923151,6.0328052170219723e-10,2.250204852366013e-12,4.4408920985006262e-16,1.4210854715202004e-14,2.4343288254288337e-12,3.3306690738754696e-14,0.043750095902323052,32,6.1361471459520089e-12,1.053046538856961e-12,9.9920072216264089e-16,7.1411543345334394e-11,3.2983717250180194e-12,5.4622972811557702e-14,0.10554733095341362,1.5770500215003267,4.4408920985006242e-16,2.4116073113021214e-12,8.6841644986179745e-13
tri,4,3,1.2,gll,coupled,0,shortwave,xxy,reused,210.91700539201446,0.77708126854480997,1145.5668004820423,271.42206861707677,287.24833324841887,1.0573796757928122,299.89587377901313,209.56401959036302,0.012449797873923151,1.1656062104163468e-09,4.3476503156877418e-12,4.4408920985006262e-16,1.4210854715202004e-14,2.4343288254288337e-12,3.3306690738754696e-14,0.043750095902323052,32,6.1361471459520089e-12,1.053046538856961e-12,9.9920072216264089e-16,7.1411543345334394e-11,3.2983717250180194e-12,5.4622972811557702e-14,0.10554733095341362,1.5770500215003267,4.4408920985006242e-16,2.4116073113021214e-12,8.6841644986179745e-13
tri,4,3,1.2,gll,coupled,0,shortwave,xxy,reused_centered,210.91700539206568,0.7770812685449987,1145.566800483763,271.42206861707677,287.24833324845127,1.0573796757929315,299.89587377907702,209.56401959045905,0.012449797873923151,1.9255031471525559e-10,7.1820262201462854e-13,4.4408920985006262e-16,1.4210854715202004e-14,2.4343288254288337e-12,3.3306690738754696e-14,0.043750095902323052,32,6.1361471459520089e-12,1.053046538856961e-12,9.9920072216264089e-16,7.1411543345334394e-11,3.2983717250180194e-12,5.4622972811557702e-14,0.10554733095341362,1.5770500215003267,4.4408920985006242e-16,2.4116073113021214e-12,8.6841644986179745e-13
tri,4,3,1.2,gll,coupled,0,shortwave,xyy,recursive,163.50882957495992,0.80322051142489914,1111.827952248525,203.56655146280826,220.07551900786564,1.0801496080964192,246.38034755443093,202.80931478619109,0.012449797873923151,18.578824058289214,0.088499738267643568,4.4408920985006262e-16,1.4210854715202004e-14,2.4343288254288337e-12,3.3306690738754696e-14,0.043750095902323052,32,6.1361471459520089e-12,1.053046538856961e-12,9.9920072216264089e-16,7.1411543345334394e-11,3.2983717250180194e-12,5.4622972811557702e-14,0.10554733095341362,1.5770500215003267,4.4408920985006242e-16,2.4116073113021214e-12,8.6841644986179745e-13
tri,4,3,1.2,gll,coupled,0,shortwave,xyy,direct,167.57878246711533,0.82321374146642201,1202.8531542045098,203.56655146280826,228.06301873240511,1.1193529449147375,248.67830040167914,201.41842513174817,0.012449797873923151,0,0,4.4408920985006262e-16,1.4210854715202004e-14,2.4343288254288337e-12,3.3306690738754696e-14,0.043750095902323052,32,6.1361471459520089e-12,1.053046538856961e-12,9.9920072216264089e-16,7.1411543345334394e-11,3.2983717250180194e-12,5.4622972811557702e-14,0.10554733095341362,1.5770500215003267,4.4408920985006242e-16,2.4116073113021214e-12,8.6841644986179745e-13
tri,4,3,1.2,gll,coupled,0,shortwave,xyy,fe_geometry,167.57878246715501,0.82321374146661697,1202.8531542072058,203.56655146280826,228.06301873247352,1.1193529449150734,248.67830040172936,201.41842513177428,0.012449797873923151,7.0075505545069532e-10,3.3380282197917129e-12,4.4408920985006262e-16,1.4210854715202004e-14,2.4343288254288337e-12,3.3306690738754696e-14,0.043750095902323052,32,6.1361471459520089e-12,1.053046538856961e-12,9.9920072216264089e-16,7.1411543345334394e-11,3.2983717250180194e-12,5.4622972811557702e-14,0.10554733095341362,1.5770500215003267,4.4408920985006242e-16,2.4116073113021214e-12,8.6841644986179745e-13
tri,4,3,1.2,gll,coupled,0,shortwave,xyy,reused,167.5787824671485,0.82321374146658488,1202.8531541987331,203.56655146280826,228.06301873239806,1.1193529449147028,248.67830040164571,201.41842513181928,0.012449797873923151,1.0233761884199486e-09,4.8748254755174172e-12,4.4408920985006262e-16,1.4210854715202004e-14,2.4343288254288337e-12,3.3306690738754696e-14,0.043750095902323052,32,6.1361471459520089e-12,1.053046538856961e-12,9.9920072216264089e-16,7.1411543345334394e-11,3.2983717250180194e-12,5.4622972811557702e-14,0.10554733095341362,1.5770500215003267,4.4408920985006242e-16,2.4116073113021214e-12,8.6841644986179745e-13
tri,4,3,1.2,gll,coupled,0,shortwave,xyy,reused_centered,167.57878246714731,0.82321374146657922,1202.8531542040523,203.56655146280826,228.06301873246571,1.1193529449150348,248.67830040173914,201.41842513178915,0.012449797873923151,1.5092811564990347e-10,7.1894209721446986e-13,4.4408920985006262e-16,1.4210854715202004e-14,2.4343288254288337e-12,3.3306690738754696e-14,0.043750095902323052,32,6.1361471459520089e-12,1.053046538856961e-12,9.9920072216264089e-16,7.1411543345334394e-11,3.2983717250180194e-12,5.4622972811557702e-14,0.10554733095341362,1.5770500215003267,4.4408920985006242e-16,2.4116073113021214e-12,8.6841644986179745e-13
tri,4,3,1.2,gll,coupled,0,shortwave,yyy,recursive,159.60639516927478,1.0454002652358496,934.85407684817233,152.67491359710573,195.87686274651503,1.2818406910780629,238.22389025352538,193.22789705560899,0.012449797873923151,18.192028650104234,0.10211058359565874,4.4408920985006262e-16,1.4210854715202004e-14,2.4343288254288337e-12,3.3306690738754696e-14,0.043750095902323052,32,6.1361471459520089e-12,1.053046538856961e-12,9.9920072216264089e-16,7.1411543345334394e-11,3.2983717250180194e-12,5.4622972811557702e-14,0.10554733095341362,1.5770500215003267,4.4408920985006242e-16,2.4116073113021214e-12,8.6841644986179745e-13
tri,4,3,1.2,gll,coupled,0,shortwave,yyy,direct,163.97276839228158,1.0739994182999166,1372.7640092037018,152.67491359710573,207.50388954924463,1.3579292901245026,246.94445030712981,198.1312896015325,0.012449797873923151,0,0,4.4408920985006262e-16,1.4210854715202004e-14,2.4343288254288337e-12,3.3306690738754696e-14,0.043750095902323052,32,6.1361471459520089e-12,1.053046538856961e-12,9.9920072216264089e-16,7.1411543345334394e-11,3.2983717250180194e-12,5.4622972811557702e-14,0.10554733095341362,1.5770500215003267,4.4408920985006242e-16,2.4116073113021214e-12,8.6841644986179745e-13
tri,4,3,1.2,gll,coupled,0,shortwave,yyy,fe_geometry,163.97276839233331,1.0739994183002555,1372.7640092029505,152.67491359710573,207.50388954923505,1.35792929012444,246.94445030710847,198.13128960167546,0.012449797873923151,8.9736050393503729e-10,5.0368217044324006e-12,4.4408920985006262e-16,1.4210854715202004e-14,2.4343288254288337e-12,3.3306690738754696e-14,0.043750095902323052,32,6.1361471459520089e-12,1.053046538856961e-12,9.9920072216264089e-16,7.1411543345334394e-11,3.2983717250180194e-12,5.4622972811557702e-14,0.10554733095341362,1.5770500215003267,4.4408920985006242e-16,2.4116073113021214e-12,8.6841644986179745e-13
tri,4,3,1.2,gll,coupled,0,shortwave,yyy,reused,163.9727683922639,1.0739994182998007,1372.7640092022468,152.67491359710573,207.50388954919202,1.3579292901241584,246.94445030709176,198.13128960148953,0.012449797873923151,5.5520592026146808e-10,3.1163319728687015e-12,4.4408920985006262e-16,1.4210854715202004e-14,2.4343288254288337e-12,3.3306690738754696e-14,0.043750095902323052,32,6.1361471459520089e-12,1.053046538856961e-12,9.9920072216264089e-16,7.1411543345334394e-11,3.2983717250180194e-12,5.4622972811557702e-14,0.10554733095341362,1.5770500215003267,4.4408920985006242e-16,2.4116073113021214e-12,8.6841644986179745e-13
tri,4,3,1.2,gll,coupled,0,shortwave,yyy,reused_centered,163.97276839223827,1.0739994182996329,1372.7640092017523,152.67491359710573,207.50388954916446,1.3579292901239779,246.94445030707053,198.13128960144238,0.012449797873923151,2.1263701093438071e-10,1.1935166604094852e-12,4.4408920985006262e-16,1.4210854715202004e-14,2.4343288254288337e-12,3.3306690738754696e-14,0.043750095902323052,32,6.1361471459520089e-12,1.053046538856961e-12,9.9920072216264089e-16,7.1411543345334394e-11,3.2983717250180194e-12,5.4622972811557702e-14,0.10554733095341362,1.5770500215003267,4.4408920985006242e-16,2.4116073113021214e-12,8.6841644986179745e-13
tri,4,3,1.2,gll,coupled,0,exponential,x,recursive,0.0036137687663412425,0.0015424454311461001,0.084995678718879475,2.3428827324257848,0.0079563056234032599,0.0033326880591737123,0.0096107450972686727,0.00536891983945213,5.7199247176940644e-05,0.00017404357877994937,7.4288284759523e-05,4.4408920985006262e-16,1.4210854715202004e-14,2.4343288254288337e-12,3.3306690738754696e-14,0.043750095902323052,32,6.1361471459520089e-12,1.053046538856961e-12,9.9920072216264089e-16,7.1411543345334394e-11,3.2983717250180194e-12,5.4622972811557702e-14,0.10554733095341362,1.5770500215003267,4.4408920985006242e-16,2.4116073113021214e-12,8.6841644986179745e-13
tri,4,3,1.2,gll,coupled,0,exponential,x,direct,0.0036196888998297691,0.0015449722897919003,0.083754200920071575,2.3428827324257848,0.0079590944599052353,0.0033338562297479772,0.0095370120280081749,0.0053377711308592226,5.7199247176940644e-05,0,0,4.4408920985006262e-16,1.4210854715202004e-14,2.4343288254288337e-12,3.3306690738754696e-14,0.043750095902323052,32,6.1361471459520089e-12,1.053046538856961e-12,9.9920072216264089e-16,7.1411543345334394e-11,3.2983717250180194e-12,5.4622972811557702e-14,0.10554733095341362,1.5770500215003267,4.4408920985006242e-16,2.4116073113021214e-12,8.6841644986179745e-13
tri,4,3,1.2,gll,coupled,0,exponential,x,fe_geometry,0.0036196888997457278,0.0015449722897560294,0.083754200920424182,2.3428827324257848,0.0079590944597821098,0.0033338562296964039,0.0095370120278153621,0.0053377711306146786,5.7199247176940644e-05,2.4732974700104576e-13,1.0556955219787287e-13,4.4408920985006262e-16,1.4210854715202004e-14,2.4343288254288337e-12,3.3306690738754696e-14,0.043750095902323052,32,6.1361471459520089e-12,1.053046538856961e-12,9.9920072216264089e-16,7.1411543345334394e-11,3.2983717250180194e-12,5.4622972811557702e-14,0.10554733095341362,1.5770500215003267,4.4408920985006242e-16,2.4116073113021214e-12,8.6841644986179745e-13
tri,4,3,1.2,gll,coupled,0,exponential,x,reused,0.0036196888997932727,0.0015449722897763229,0.08375420091981578,2.3428827324257848,0.0079590944598678815,0.0033338562297323309,0.0095370120280350787,0.0053377711308689024,5.7199247176940644e-05,2.9116070500255499e-13,1.2427823833340488e-13,4.4408920985006262e-16,1.4210854715202004e-14,2.4343288254288337e-12,3.3306690738754696e-14,0.043750095902323052,32,6.1361471459520089e-12,1.053046538856961e-12,9.9920072216264089e-16,7.1411543345334394e-11,3.2983717250180194e-12,5.4622972811557702e-14,0.10554733095341362,1.5770500215003267,4.4408920985006242e-16,2.4116073113021214e-12,8.6841644986179745e-13
tri,4,3,1.2,gll,coupled,0,exponential,x,reused_centered,0.0036196888998266032,0.0015449722897905491,0.083754200919696764,2.3428827324257848,0.0079590944598948547,0.0033338562297436296,0.0095370120280219919,0.0053377711308937982,5.7199247176940644e-05,6.278167764580664e-14,2.679755943497969e-14,4.4408920985006262e-16,1.4210854715202004e-14,2.4343288254288337e-12,3.3306690738754696e-14,0.043750095902323052,32,6.1361471459520089e-12,1.053046538856961e-12,9.9920072216264089e-16,7.1411543345334394e-11,3.2983717250180194e-12,5.4622972811557702e-14,0.10554733095341362,1.5770500215003267,4.4408920985006242e-16,2.4116073113021214e-12,8.6841644986179745e-13
tri,4,3,1.2,gll,coupled,0,exponential,y,recursive,0.0033621721822103493,0.002870115636329103,0.084330377102673548,1.1714413662128924,0.0073783883804427316,0.006181227322167495,0.0093169966140512119,0.0051212305683226919,5.7199247176940644e-05,0.00015579008816782953,0.00013299775972998491,4.4408920985006262e-16,1.4210854715202004e-14,2.4343288254288337e-12,3.3306690738754696e-14,0.043750095902323052,32,6.1361471459520089e-12,1.053046538856961e-12,9.9920072216264089e-16,7.1411543345334394e-11,3.2983717250180194e-12,5.4622972811557702e-14,0.10554733095341362,1.5770500215003267,4.4408920985006242e-16,2.4116073113021214e-12,8.6841644986179745e-13
tri,4,3,1.2,gll,coupled,0,exponential,y,direct,0.003366588999209726,0.0028738860486832917,0.083575217861798556,1.1714413662128924,0.0073739727796149988,0.0061775281630730089,0.0092658550626000969,0.0050916315282595924,5.7199247176940644e-05,0,0,4.4408920985006262e-16,1.4210854715202004e-14,2.4343288254288337e-12,3.3306690738754696e-14,0.043750095902323052,32,6.1361471459520089e-12,1.053046538856961e-12,9.9920072216264089e-16,7.1411543345334394e-11,3.2983717250180194e-12,5.4622972811557702e-14,0.10554733095341362,1.5770500215003267,4.4408920985006242e-16,2.4116073113021214e-12,8.6841644986179745e-13
tri,4,3,1.2,gll,coupled,0,exponential,y,fe_geometry,0.0033665889991461029,0.0028738860486289797,0.083575217860281104,1.1714413662128924,0.0073739727794728356,0.0061775281629539115,0.0092658550623984006,0.005091631528037403,5.7199247176940644e-05,2.1808453207201738e-13,1.8617843110849337e-13,4.4408920985006262e-16,1.4210854715202004e-14,2.4343288254288337e-12,3.3306690738754696e-14,0.043750095902323052,32,6.1361471459520089e-12,1.053046538856961e-12,9.9920072216264089e-16,7.1411543345334394e-11,3.2983717250180194e-12,5.4622972811557702e-14,0.10554733095341362,1.5770500215003267,4.4408920985006242e-16,2.4116073113021214e-12,8.6841644986179745e-13
tri,4,3,1.2,gll,coupled,0,exponential,y,reused,0.0033665889992087095,0.0028738860486824235,0.083575217860808237,1.1714413662128924,0.0073739727795605666,0.0061775281630274083,0.0092658550625850065,0.0050916315282508234,5.7199247176940644e-05,1.6109164909356849e-13,1.3752369417477273e-13,4.4408920985006262e-16,1.4210854715202004e-14,2.4343288254288337e-12,3.3306690738754696e-14,0.043750095902323052,32,6.1361471459520089e-12,1.053046538856961e-12,9.9920072216264089e-16,7.1411543345334394e-11,3.2983717250180194e-12,5.4622972811557702e-14,0.10554733095341362,1.5770500215003267,4.4408920985006242e-16,2.4116073113021214e-12,8.6841644986179745e-13
tri,4,3,1.2,gll,coupled,0,exponential,y,reused_centered,0.003366588999221144,0.0028738860486930383,0.083575217862027262,1.1714413662128924,0.0073739727796351537,0.0061775281630898939,0.0092658550625989381,0.0050916315282872413,5.7199247176940644e-05,5.9157216672857578e-14,5.0502425294705344e-14,4.4408920985006262e-16,1.4210854715202004e-14,2.4343288254288337e-12,3.3306690738754696e-14,0.043750095902323052,32,6.1361471459520089e-12,1.053046538856961e-12,9.9920072216264089e-16,7.1411543345334394e-11,3.2983717250180194e-12,5.4622972811557702e-14,0.10554733095341362,1.5770500215003267,4.4408920985006242e-16,2.4116073113021214e-12,8.6841644986179745e-13
tri,4,3,1.2,gll,coupled,0,exponential,xx,recursive,0.13070168806802551,0.055786696559370255,2.1141589556694731,2.3428827324257848,0.22800868369771632,0.095506866316462644,0.30094393104261929,0.15506866577632486,5.7199247176940644e-05,0.011389048030388928,0.0049296047188111917,4.4408920985006262e-16,1.4210854715202004e-14,2.4343288254288337e-12,3.3306690738754696e-14,0.043750095902323052,32,6.1361471459520089e-12,1.053046538856961e-12,9.9920072216264089e-16,7.1411543345334394e-11,3.2983717250180194e-12,5.4622972811557702e-14,0.10554733095341362,1.5770500215003267,4.4408920985006242e-16,2.4116073113021214e-12,8.6841644986179745e-13
tri,4,3,1.2,gll,coupled,0,exponential,xx,direct,0.13117801538562729,0.05599000477920104,1.9735261771906474,2.3428827324257848,0.22840931460675004,0.095674680112195321,0.29342908898789127,0.15181766539650227,5.7199247176940644e-05,0,0,4.4408920985006262e-16,1.4210854715202004e-14,2.4343288254288337e-12,3.3306690738754696e-14,0.043750095902323052,32,6.1361471459520089e-12,1.053046538856961e-12,9.9920072216264089e-16,7.1411543345334394e-11,3.2983717250180194e-12,5.4622972811557702e-14,0.10554733095341362,1.5770500215003267,4.4408920985006242e-16,2.4116073113021214e-12,8.6841644986179745e-13
tri,4,3,1.2,gll,coupled,0,exponential,xx,fe_geometry,0.13117801537628096,0.0559900047752118,1.9735261770847308,2.3428827324257848,0.22840931459072847,0.0956746801054843,0.29342908895943642,0.15181766538260072,5.7199247176940644e-05,1.2850557698306375e-11,5.5622006071005477e-12,4.4408920985006262e-16,1.4210854715202004e-14,2.4343288254288337e-12,3.3306690738754696e-14,0.043750095902323052,32,6.1361471459520089e-12,1.053046538856961e-12,9.9920072216264089e-16,7.1411543345334394e-11,3.2983717250180194e-12,5.4622972811557702e-14,0.10554733095341362,1.5770500215003267,4.4408920985006242e-16,2.4116073113021214e-12,8.6841644986179745e-13
tri,4,3,1.2,gll,coupled,0,exponential,xx,reused,0.13117801537661283,0.055990004775353458,1.973526177060517,2.3428827324257848,0.22840931458890004,0.095674680104718426,0.29342908897533704,0.15181766538766972,5.7199247176940644e-05,1.7616630047950677e-11,7.6251344609495913e-12,4.4408920985006262e-16,1.4210854715202004e-14,2.4343288254288337e-12,3.3306690738754696e-14,0.043750095902323052,32,6.1361471459520089e-12,1.053046538856961e-12,9.9920072216264089e-16,7.1411543345334394e-11,3.2983717250180194e-12,5.4622972811557702e-14,0.10554733095341362,1.5770500215003267,4.4408920985006242e-16,2.4116073113021214e-12,8.6841644986179745e-13
tri,4,3,1.2,gll,coupled,0,exponential,xx,reused_centered,0.13117801538621307,0.055990004779451069,1.9735261771944412,2.3428827324257848,0.2284093146077589,0.095674680112617913,0.29342908898910869,0.15181766539742245,5.7199247176940644e-05,2.485948549993506e-12,1.0760112408052892e-12,4.4408920985006262e-16,1.4210854715202004e-14,2.4343288254288337e-12,3.3306690738754696e-14,0.043750095902323052,32,6.1361471459520089e-12,1.053046538856961e-12,9.9920072216264089e-16,7.1411543345334394e-11,3.2983717250180194e-12,5.4622972811557702e-14,0.10554733095341362,1.5770500215003267,4.4408920985006242e-16,2.4116073113021214e-12,8.6841644986179745e-13
tri,4,3,1.2,gll,coupled,0,exponential,xy,recursive,0.099351240867085786,0.084811108547647229,1.2960798338252324,1.1714413662128924,0.18557250427215,0.15546292421939836,0.1848368655314514,0.09875126411950598,5.7199247176940644e-05,0.0098253945249135322,0.0085226720398509405,4.4408920985006262e-16,1.4210854715202004e-14,2.4343288254288337e-12,3.3306690738754696e-14,0.043750095902323052,32,6.1361471459520089e-12,1.053046538856961e-12,9.9920072216264089e-16,7.1411543345334394e-11,3.2983717250180194e-12,5.4622972811557702e-14,0.10554733095341362,1.5770500215003267,4.4408920985006242e-16,2.4116073113021214e-12,8.6841644986179745e-13
tri,4,3,1.2,gll,coupled,0,exponential,xy,direct,0.099303690045799892,0.084770516826492961,1.1809936672313202,1.1714413662128924,0.18378143798715577,0.15396246269775166,0.17925042225674545,0.094302790285265808,5.7199247176940644e-05,0,0,4.4408920985006262e-16,1.4210854715202004e-14,2.4343288254288337e-12,3.3306690738754696e-14,0.043750095902323052,32,6.1361471459520089e-12,1.053046538856961e-12,9.9920072216264089e-16,7.1411543345334394e-11,3.2983717250180194e-12,5.4622972811557702e-14,0.10554733095341362,1.5770500215003267,4.4408920985006242e-16,2.4116073113021214e-12,8.6841644986179745e-13
tri,4,3,1.2,gll,coupled,0,exponential,xy,fe_geometry,0.099303690044682147,0.084770516825538794,1.1809936672066947,1.1714413662128924,0.1837814379861703,0.15396246269692612,0.17925042225161802,0.094302790282129664,5.7199247176940644e-05,9.1278447820669892e-12,7.9176085307278043e-12,4.4408920985006262e-16,1.4210854715202004e-14,2.4343288254288337e-12,3.3306690738754696e-14,0.043750095902323052,32,6.1361471459520089e-12,1.053046538856961e-12,9.9920072216264089e-16,7.1411543345334394e-11,3.2983717250180194e-12,5.4622972811557702e-14,0.10554733095341362,1.5770500215003267,4.4408920985006242e-16,2.4116073113021214e-12,8.6841644986179745e-13
tri,4,3,1.2,gll,coupled,0,exponential,xy,reused,0.099303690051588289,0.084770516831434217,1.180993667357334,1.1714413662128924,0.18378143799897195,0.15396246270765065,0.1792504222755063,0.09430279029338505,5.7199247176940644e-05,1.0401170824107311e-11,9.0221077168514899e-12,4.4408920985006262e-16,1.4210854715202004e-14,2.4343288254288337e-12,3.3306690738754696e-14,0.043750095902323052,32,6.1361471459520089e-12,1.053046538856961e-12,9.9920072216264089e-16,7.1411543345334394e-11,3.2983717250180194e-12,5.4622972811557702e-14,0.10554733095341362,1.5770500215003267,4.4408920985006242e-16,2.4116073113021214e-12,8.6841644986179745e-13
tri,4,3,1.2,gll,coupled,0,exponential,xy,reused_centered,0.099303690045691437,0.084770516826400369,1.1809936672263848,1.1714413662128924,0.18378143798671379,0.15396246269738142,0.17925042225732674,0.094302790285879831,5.7199247176940644e-05,1.9590663407018723e-12,1.6993190333250138e-12,4.4408920985006262e-16,1.4210854715202004e-14,2.4343288254288337e-12,3.3306690738754696e-14,0.043750095902323052,32,6.1361471459520089e-12,1.053046538856961e-12,9.9920072216264089e-16,7.1411543345334394e-11,3.2983717250180194e-12,5.4622972811557702e-14,0.10554733095341362,1.5770500215003267,4.4408920985006242e-16,2.4116073113021214e-12,8.6841644986179745e-13
tri,4,3,1.2,gll,coupled,0,exponential,yy,recursive,0.10507358390812931,0.17939196435894633,1.7487780061695326,0.5857206831064462,0.18302978364970826,0.30666553212751779,0.24617274489530147,0.13422582502808519,5.7199247176940644e-05,0.0091044105745503173,0.016274421304551208,4.4408920985006262e-16,1.4210854715202004e-14,2.4343288254288337e-12,3.3306690738754696e-14,0.043750095902323052,32,6.1361471459520089e-12,1.053046538856961e-12,9.9920072216264089e-16,7.1411543345334394e-11,3.2983717250180194e-12,5.4622972811557702e-14,0.10554733095341362,1.5770500215003267,4.4408920985006242e-16,2.4116073113021214e-12,8.6841644986179745e-13
tri,4,3,1.2,gll,coupled,0,exponential,yy,direct,0.10520256801449714,0.17961217872065155,1.6263429734301531,0.5857206831064462,0.18213000281913419,0.30515795362469755,0.24029517278569631,0.13111779846808433,5.7199247176940644e-05,0,0,4.4408920985006262e-16,1.4210854715202004e-14,2.4343288254288337e-12,3.3306690738754696e-14,0.043750095902323052,32,6.1361471459520089e-12,1.053046538856961e-12,9.9920072216264089e-16,7.1411543345334394e-11,3.2983717250180194e-12,5.4622972811557702e-14,0.10554733095341362,1.5770500215003267,4.4408920985006242e-16,2.4116073113021214e-12,8.6841644986179745e-13
tri,4,3,1.2,gll,coupled,0,exponential,yy,fe_geometry,0.10520256801462172,0.17961217872086427,1.6263429734300354,0.5857206831064462,0.18213000281842959,0.305157953623517,0.24029517278958898,0.13111779847072011,5.7199247176940644e-05,1.0060270055104486e-11,1.7983050300037425e-11,4.4408920985006262e-16,1.4210854715202004e-14,2.4343288254288337e-12,3.3306690738754696e-14,0.043750095902323052,32,6.1361471459520089e-12,1.053046538856961e-12,9.9920072216264089e-16,7.1411543345334394e-11,3.2983717250180194e-12,5.4622972811557702e-14,0.10554733095341362,1.5770500215003267,4.4408920985006242e-16,2.4116073113021214e-12,8.6841644986179745e-13
tri,4,3,1.2,gll,coupled,0,exponential,yy,reused,0.10520256801503541,0.17961217872157056,1.6263429734159871,0.5857206831064462,0.18213000281793576,0.30515795362268955,0.24029517278418538,0.13111779846837637,5.7199247176940644e-05,5.7039545212102441e-12,1.019599876565981e-11,4.4408920985006262e-16,1.4210854715202004e-14,2.4343288254288337e-12,3.3306690738754696e-14,0.043750095902323052,32,6.1361471459520089e-12,1.053046538856961e-12,9.9920072216264089e-16,7.1411543345334394e-11,3.2983717250180194e-12,5.4622972811557702e-14,0.10554733095341362,1.5770500215003267,4.4408920985006242e-16,2.4116073113021214e-12,8.6841644986179745e-13
tri,4,3,1.2,gll,coupled,0,exponential,yy,reused_centered,0.10520256801555224,0.17961217872245294,1.6263429734480819,0.5857206831064462,0.18213000282118871,0.30515795362813986,0.24029517278506507,0.1311177984675842,5.7199247176940644e-05,2.2775632949144937e-12,4.0712162864042442e-12,4.4408920985006262e-16,1.4210854715202004e-14,2.4343288254288337e-12,3.3306690738754696e-14,0.043750095902323052,32,6.1361471459520089e-12,1.053046538856961e-12,9.9920072216264089e-16,7.1411543345334394e-11,3.2983717250180194e-12,5.4622972811557702e-14,0.10554733095341362,1.5770500215003267,4.4408920985006242e-16,2.4116073113021214e-12,8.6841644986179745e-13
tri,4,3,1.2,gll,coupled,0,exponential,xxx,recursive,1.5319984777671674,0.65389464720710089,14.231050067462629,2.3428827324257848,2.0722684880493936,0.86801899932170801,3.0079986034401123,2.0570615165222192,5.7199247176940644e-05,0.44841503741729588,0.15898518848816409,4.4408920985006262e-16,1.4210854715202004e-14,2.4343288254288337e-12,3.3306690738754696e-14,0.043750095902323052,32,6.1361471459520089e-12,1.053046538856961e-12,9.9920072216264089e-16,7.1411543345334394e-11,3.2983717250180194e-12,5.4622972811557702e-14,0.10554733095341362,1.5770500215003267,4.4408920985006242e-16,2.4116073113021214e-12,8.6841644986179745e-13
tri,4,3,1.2,gll,coupled,0,exponential,xxx,direct,1.5841562785589358,0.67615687999831076,14.702073372051068,2.3428827324257848,2.1850707187907243,0.9152688996188999,2.9596997983582942,2.0620398672900278,5.7199247176940644e-05,0,0,4.4408920985006262e-16,1.4210854715202004e-14,2.4343288254288337e-12,3.3306690738754696e-14,0.043750095902323052,32,6.1361471459520089e-12,1.053046538856961e-12,9.9920072216264089e-16,7.1411543345334394e-11,3.2983717250180194e-12,5.4622972811557702e-14,0.10554733095341362,1.5770500215003267,4.4408920985006242e-16,2.4116073113021214e-12,8.6841644986179745e-13
tri,4,3,1.2,gll,coupled,0,exponential,xxx,fe_geometry,1.5841562785892347,0.67615688001124308,14.702073372002957,2.3428827324257848,2.1850707188187926,0.91526889963065716,2.9596997983416768,2.0620398672631697,5.7199247176940644e-05,1.7951746208416145e-10,6.3647770848075518e-11,4.4408920985006262e-16,1.4210854715202004e-14,2.4343288254288337e-12,3.3306690738754696e-14,0.043750095902323052,32,6.1361471459520089e-12,1.053046538856961e-12,9.9920072216264089e-16,7.1411543345334394e-11,3.2983717250180194e-12,5.4622972811557702e-14,0.10554733095341362,1.5770500215003267,4.4408920985006242e-16,2.4116073113021214e-12,8.6841644986179745e-13
tri,4,3,1.2,gll,coupled,0,exponential,xxx,reused,1.5841562786234713,0.67615688002585606,14.702073376401199,2.3428827324257848,2.1850707189551031,0.91526889968775393,2.9596997982153903,2.0620398671712725,5.7199247176940644e-05,4.4205860644840195e-10,1.5673152103418627e-10,4.4408920985006262e-16,1.4210854715202004e-14,2.4343288254288337e-12,3.3306690738754696e-14,0.043750095902323052,32,6.1361471459520089e-12,1.053046538856961e-12,9.9920072216264089e-16,7.1411543345334394e-11,3.2983717250180194e-12,5.4622972811557702e-14,0.10554733095341362,1.5770500215003267,4.4408920985006242e-16,2.4116073113021214e-12,8.6841644986179745e-13
tri,4,3,1.2,gll,coupled,0,exponential,xxx,reused_centered,1.5841562785215644,0.67615687998235963,14.702073371233261,2.3428827324257848,2.1850707187191794,0.91526889958893165,2.9596997982693138,2.0620398672430111,5.7199247176940644e-05,9.2297674740543171e-11,3.2724065856847929e-11,4.4408920985006262e-16,1.4210854715202004e-14,2.4343288254288337e-12,3.3306690738754696e-14,0.043750095902323052,32,6.1361471459520089e-12,1.053046538856961e-12,9.9920072216264089e-16,7.1411543345334394e-11,3.2983717250180194e-12,5.4622972811557702e-14,0.10554733095341362,1.5770500215003267,4.4408920985006242e-16,2.4116073113021214e-12,8.6841644986179745e-13
tri,4,3,1.2,gll,coupled,0,exponential,xxy,recursive,2.414417729150292,2.0610657936348704,20.893406801338273,1.1714413662128924,3.4533898850991274,2.8930691651380296,4.448699379313064,2.8641566367539188,5.7199247176940644e-05,0.30704321208401475,0.11973440952618079,4.4408920985006262e-16,1.4210854715202004e-14,2.4343288254288337e-12,3.3306690738754696e-14,0.043750095902323052,32,6.1361471459520089e-12,1.053046538856961e-12,9.9920072216264089e-16,7.1411543345334394e-11,3.2983717250180194e-12,5.4622972811557702e-14,0.10554733095341362,1.5770500215003267,4.4408920985006242e-16,2.4116073113021214e-12,8.6841644986179745e-13
tri,4,3,1.2,gll,coupled,0,exponential,xxy,direct,2.4111048004418185,2.0582377146511277,18.129513514480688,1.1714413662128924,3.4112268244745905,2.8577471613506726,4.3322311268986207,2.808498099391409,5.7199247176940644e-05,0,0,4.4408920985006262e-16,1.4210854715202004e-14,2.4343288254288337e-12,3.3306690738754696e-14,0.043750095902323052,32,6.1361471459520089e-12,1.053046538856961e-12,9.9920072216264089e-16,7.1411543345334394e-11,3.2983717250180194e-12,5.4622972811557702e-14,0.10554733095341362,1.5770500215003267,4.4408920985006242e-16,2.4116073113021214e-12,8.6841644986179745e-13
tri,4,3,1.2,gll,coupled,0,exponential,xxy,fe_geometry,2.4111048002502304,2.0582377144875785,18.129513513041609,1.1714413662128924,3.4112268242109134,2.8577471611297778,4.3322311264952242,2.8084980990324406,5.7199247176940644e-05,2.4694550873601009e-10,9.6298740730858341e-11,4.4408920985006262e-16,1.4210854715202004e-14,2.4343288254288337e-12,3.3306690738754696e-14,0.043750095902323052,32,6.1361471459520089e-12,1.053046538856961e-12,9.9920072216264089e-16,7.1411543345334394e-11,3.2983717250180194e-12,5.4622972811557702e-14,0.10554733095341362,1.5770500215003267,4.4408920985006242e-16,2.4116073113021214e-12,8.6841644986179745e-13
tri,4,3,1.2,gll,coupled,0,exponential,xxy,reused,2.4111048002147144,2.0582377144572606,18.129513511012199,1.1714413662128924,3.4112268240307428,2.8577471609788399,4.3322311269328262,2.808498099433959,5.7199247176940644e-05,4.6630683992940748e-10,1.8184077009228782e-10,4.4408920985006262e-16,1.4210854715202004e-14,2.4343288254288337e-12,3.3306690738754696e-14,0.043750095902323052,32,6.1361471459520089e-12,1.053046538856961e-12,9.9920072216264089e-16,7.1411543345334394e-11,3.2983717250180194e-12,5.4622972811557702e-14,0.10554733095341362,1.5770500215003267,4.4408920985006242e-16,2.4116073113021214e-12,8.6841644986179745e-13
tri,4,3,1.2,gll,coupled,0,exponential,xxy,reused_centered,2.4111048004636859,2.058237714669795,18.129513514524334,1.1714413662128924,3.4112268245106425,2.8577471613808751,4.3322311269561151,2.8084980994569841,5.7199247176940644e-05,6.8644920948681765e-11,2.676873727634402e-11,4.4408920985006262e-16,1.4210854715202004e-14,2.4343288254288337e-12,3.3306690738754696e-14,0.043750095902323052,32,6.1361471459520089e-12,1.053046538856961e-12,9.9920072216264089e-16,7.1411543345334394e-11,3.2983717250180194e-12,5.4622972811557702e-14,0.10554733095341362,1.5770500215003267,4.4408920985006242e-16,2.4116073113021214e-12,8.6841644986179745e-13
tri,4,3,1.2,gll,coupled,0,exponential,xyy,recursive,2.1304511905256942,3.6373159630057246,20.521597322672054,0.5857206831064462,3.0343761678916694,5.0840828396676105,4.058732608370816,2.6976695070115353,5.7199247176940644e-05,0.32005934623642912,0.1505805755110487,4.4408920985006262e-16,1.4210854715202004e-14,2.4343288254288337e-12,3.3306690738754696e-14,0.043750095902323052,32,6.1361471459520089e-12,1.053046538856961e-12,9.9920072216264089e-16,7.1411543345334394e-11,3.2983717250180194e-12,5.4622972811557702e-14,0.10554733095341362,1.5770500215003267,4.4408920985006242e-16,2.4116073113021214e-12,8.6841644986179745e-13
tri,4,3,1.2,gll,coupled,0,exponential,xyy,direct,2.0892116764766455,3.5669078056049486,16.802186046365623,0.5857206831064462,2.91024759252607,4.8761060019220395,3.9141857734568735,2.6615131465078994,5.7199247176940644e-05,0,0,4.4408920985006262e-16,1.4210854715202004e-14,2.4343288254288337e-12,3.3306690738754696e-14,0.043750095902323052,32,6.1361471459520089e-12,1.053046538856961e-12,9.9920072216264089e-16,7.1411543345334394e-11,3.2983717250180194e-12,5.4622972811557702e-14,0.10554733095341362,1.5770500215003267,4.4408920985006242e-16,2.4116073113021214e-12,8.6841644986179745e-13
tri,4,3,1.2,gll,coupled,0,exponential,xyy,fe_geometry,2.0892116763958199,3.5669078054669554,16.802186045619329,0.5857206831064462,2.9102475924250952,4.8761060017528575,3.9141857731474237,2.6615131461666675,5.7199247176940644e-05,2.8671140488953286e-10,1.3489113460212773e-10,4.4408920985006262e-16,1.4210854715202004e-14,2.4343288254288337e-12,3.3306690738754696e-14,0.043750095902323052,32,6.1361471459520089e-12,1.053046538856961e-12,9.9920072216264089e-16,7.1411543345334394e-11,3.2983717250180194e-12,5.4622972811557702e-14,0.10554733095341362,1.5770500215003267,4.4408920985006242e-16,2.4116073113021214e-12,8.6841644986179745e-13
tri,4,3,1.2,gll,coupled,0,exponential,xyy,reused,2.0892116766901694,3.5669078059694979,16.802186048964888,0.5857206831064462,2.9102475929105833,4.8761060025662895,3.9141857735023629,2.6615131465443334,5.7199247176940644e-05,3.4917007546812117e-10,1.6427650538405538e-10,4.4408920985006262e-16,1.4210854715202004e-14,2.4343288254288337e-12,3.3306690738754696e-14,0.043750095902323052,32,6.1361471459520089e-12,1.053046538856961e-12,9.9920072216264089e-16,7.1411543345334394e-11,3.2983717250180194e-12,5.4622972811557702e-14,0.10554733095341362,1.5770500215003267,4.4408920985006242e-16,2.4116073113021214e-12,8.6841644986179745e-13
tri,4,3,1.2,gll,coupled,0,exponential,xyy,reused_centered,2.089211676498862,3.5669078056428791,16.802186046587583,0.5857206831064462,2.9102475925527385,4.8761060019667219,3.9141857735207961,2.661513146578621,5.7199247176940644e-05,5.7335956702286645e-11,2.6975251493918751e-11,4.4408920985006262e-16,1.4210854715202004e-14,2.4343288254288337e-12,3.3306690738754696e-14,0.043750095902323052,32,6.1361471459520089e-12,1.053046538856961e-12,9.9920072216264089e-16,7.1411543345334394e-11,3.2983717250180194e-12,5.4622972811557702e-14,0.10554733095341362,1.5770500215003267,4.4408920985006242e-16,2.4116073113021214e-12,8.6841644986179745e-13
tri,4,3,1.2,gll,coupled,0,exponential,yyy,recursive,0.93282971563517336,3.1852374093664886,8.9979342217779816,0.2928603415532231,1.3022593402234097,4.3638586635927403,1.8073027489666542,1.2634204198349264,5.7199247176940644e-05,0.30165682839954011,0.29628272387530391,4.4408920985006262e-16,1.4210854715202004e-14,2.4343288254288337e-12,3.3306690738754696e-14,0.043750095902323052,32,6.1361471459520089e-12,1.053046538856961e-12,9.9920072216264089e-16,7.1411543345334394e-11,3.2983717250180194e-12,5.4622972811557702e-14,0.10554733095341362,1.5770500215003267,4.4408920985006242e-16,2.4116073113021214e-12,8.6841644986179745e-13
tri,4,3,1.2,gll,coupled,0,exponential,yyy,direct,0.99419689616014784,3.3947815907312497,10.913442862990109,0.2928603415532231,1.4163896738305111,4.7463083260421852,1.7787067018458649,1.2481206007847374,5.7199247176940644e-05,0,0,4.4408920985006262e-16,1.4210854715202004e-14,2.4343288254288337e-12,3.3306690738754696e-14,0.043750095902323052,32,6.1361471459520089e-12,1.053046538856961e-12,9.9920072216264089e-16,7.1411543345334394e-11,3.2983717250180194e-12,5.4622972811557702e-14,0.10554733095341362,1.5770500215003267,4.4408920985006242e-16,2.4116073113021214e-12,8.6841644986179745e-13
tri,4,3,1.2,gll,coupled,0,exponential,yyy,fe_geometry,0.99419689634093411,3.3947815913485617,10.913442863843947,0.2928603415532231,1.4163896740548141,4.7463083267938222,1.7787067022159584,1.2481206009680514,5.7199247176940644e-05,3.2622397850525349e-10,3.2041220302481459e-10,4.4408920985006262e-16,1.4210854715202004e-14,2.4343288254288337e-12,3.3306690738754696e-14,0.043750095902323052,32,6.1361471459520089e-12,1.053046538856961e-12,9.9920072216264089e-16,7.1411543345334394e-11,3.2983717250180194e-12,5.4622972811557702e-14,0.10554733095341362,1.5770500215003267,4.4408920985006242e-16,2.4116073113021214e-12,8.6841644986179745e-13
tri,4,3,1.2,gll,coupled,0,exponential,yyy,reused,0.99419689626533903,3.3947815910904353,10.913442864207422,0.2928603415532231,1.4163896739750792,4.7463083265266315,1.7787067020332645,1.248120600888216,5.7199247176940644e-05,1.746012230851498e-10,1.7149065128772877e-10,4.4408920985006262e-16,1.4210854715202004e-14,2.4343288254288337e-12,3.3306690738754696e-14,0.043750095902323052,32,6.1361471459520089e-12,1.053046538856961e-12,9.9920072216264089e-16,7.1411543345334394e-11,3.2983717250180194e-12,5.4622972811557702e-14,0.10554733095341362,1.5770500215003267,4.4408920985006242e-16,2.4116073113021214e-12,8.6841644986179745e-13
tri,4,3,1.2,gll,coupled,0,exponential,yyy,reused_centered,0.99419689616481166,3.3947815907471748,10.913442863037867,0.2928603415532231,1.416389673840194,4.7463083260746322,1.7787067018325209,1.2481206007838894,5.7199247176940644e-05,6.5032490558945001e-11,6.3873917740986843e-11,4.4408920985006262e-16,1.4210854715202004e-14,2.4343288254288337e-12,3.3306690738754696e-14,0.043750095902323052,32,6.1361471459520089e-12,1.053046538856961e-12,9.9920072216264089e-16,7.1411543345334394e-11,3.2983717250180194e-12,5.4622972811557702e-14,0.10554733095341362,1.5770500215003267,4.4408920985006242e-16,2.4116073113021214e-12,8.6841644986179745e-13
tri,4,3,1.2,gll,coupled,0,constant,x,recursive,1.8847212449584288e-13,nan,1.1888511392168941e-12,0,3.0994359525448386e-13,nan,4.3133855032218137e-13,3.3142280506248547e-13,4.5465738487860221e-15,4.7693673889325066e-14,nan,4.4408920985006262e-16,1.4210854715202004e-14,2.4343288254288337e-12,3.3306690738754696e-14,0.043750095902323052,32,6.1361471459520089e-12,1.053046538856961e-12,9.9920072216264089e-16,7.1411543345334394e-11,3.2983717250180194e-12,5.4622972811557702e-14,0.10554733095341362,1.5770500215003267,4.4408920985006242e-16,2.4116073113021214e-12,8.6841644986179745e-13
tri,4,3,1.2,gll,coupled,0,constant,x,direct,1.8026285570916957e-13,nan,1.2769044018573883e-12,0,2.9461028953855729e-13,nan,4.1046396947298188e-13,3.154012118638618e-13,4.5465738487860221e-15,0,nan,4.4408920985006262e-16,1.4210854715202004e-14,2.4343288254288337e-12,3.3306690738754696e-14,0.043750095902323052,32,6.1361471459520089e-12,1.053046538856961e-12,9.9920072216264089e-16,7.1411543345334394e-11,3.2983717250180194e-12,5.4622972811557702e-14,0.10554733095341362,1.5770500215003267,4.4408920985006242e-16,2.4116073113021214e-12,8.6841644986179745e-13
tri,4,3,1.2,gll,coupled,0,constant,x,fe_geometry,1.8026285570917003e-13,nan,1.2769044018572455e-12,0,2.9461028953855836e-13,nan,4.1046396947298127e-13,3.1540121186386155e-13,4.5465738487860221e-15,1.8377008869604677e-26,nan,4.4408920985006262e-16,1.4210854715202004e-14,2.4343288254288337e-12,3.3306690738754696e-14,0.043750095902323052,32,6.1361471459520089e-12,1.053046538856961e-12,9.9920072216264089e-16,7.1411543345334394e-11,3.2983717250180194e-12,5.4622972811557702e-14,0.10554733095341362,1.5770500215003267,4.4408920985006242e-16,2.4116073113021214e-12,8.6841644986179745e-13
tri,4,3,1.2,gll,coupled,0,constant,x,reused,1.8192462635801881e-13,nan,1.2537258587359285e-12,0,2.9492236791681488e-13,nan,4.1180803287113916e-13,3.1132861612931305e-13,4.5465738487860221e-15,2.1751283548399836e-14,nan,4.4408920985006262e-16,1.4210854715202004e-14,2.4343288254288337e-12,3.3306690738754696e-14,0.043750095902323052,32,6.1361471459520089e-12,1.053046538856961e-12,9.9920072216264089e-16,7.1411543345334394e-11,3.2983717250180194e-12,5.4622972811557702e-14,0.10554733095341362,1.5770500215003267,4.4408920985006242e-16,2.4116073113021214e-12,8.6841644986179745e-13
tri,4,3,1.2,gll,coupled,0,constant,x,reused_centered,1.8260370512243498e-13,nan,1.2407056329589495e-12,0,2.9735256784784212e-13,nan,4.1948751190279326e-13,3.1884831346794216e-13,4.5465738487860221e-15,1.7875966575863228e-14,nan,4.4408920985006262e-16,1.4210854715202004e-14,2.4343288254288337e-12,3.3306690738754696e-14,0.043750095902323052,32,6.1361471459520089e-12,1.053046538856961e-12,9.9920072216264089e-16,7.1411543345334394e-11,3.2983717250180194e-12,5.4622972811557702e-14,0.10554733095341362,1.5770500215003267,4.4408920985006242e-16,2.4116073113021214e-12,8.6841644986179745e-13
tri,4,3,1.2,gll,coupled,0,constant,y,recursive,1.9397960705814935e-13,nan,1.4623849872732276e-12,0,3.2014434773457851e-13,nan,4.8342986290958427e-13,3.7444167182091527e-13,4.5465738487860221e-15,5.1180154321879357e-14,nan,4.4408920985006262e-16,1.4210854715202004e-14,2.4343288254288337e-12,3.3306690738754696e-14,0.043750095902323052,32,6.1361471459520089e-12,1.053046538856961e-12,9.9920072216264089e-16,7.1411543345334394e-11,3.2983717250180194e-12,5.4622972811557702e-14,0.10554733095341362,1.5770500215003267,4.4408920985006242e-16,2.4116073113021214e-12,8.6841644986179745e-13
tri,4,3,1.2,gll,coupled,0,constant,y,direct,1.8235525580403563e-13,nan,1.3980921829059336e-12,0,2.9637274379031147e-13,nan,4.3258288073139962e-13,3.3271527406251777e-13,4.5465738487860221e-15,0,nan,4.4408920985006262e-16,1.4210854715202004e-14,2.4343288254288337e-12,3.3306690738754696e-14,0.043750095902323052,32,6.1361471459520089e-12,1.053046538856961e-12,9.9920072216264089e-16,7.1411543345334394e-11,3.2983717250180194e-12,5.4622972811557702e-14,0.10554733095341362,1.5770500215003267,4.4408920985006242e-16,2.4116073113021214e-12,8.6841644986179745e-13
tri,4,3,1.2,gll,coupled,0,constant,y,fe_geometry,1.8235525580403477e-13,nan,1.3980921829059506e-12,0,2.9637274379030986e-13,nan,4.3258288073139896e-13,3.327152740625156e-13,4.5465738487860221e-15,1.3948535909834993e-26,nan,4.4408920985006262e-16,1.4210854715202004e-14,2.4343288254288337e-12,3.3306690738754696e-14,0.043750095902323052,32,6.1361471459520089e-12,1.053046538856961e-12,9.9920072216264089e-16,7.1411543345334394e-11,3.2983717250180194e-12,5.4622972811557702e-14,0.10554733095341362,1.5770500215003267,4.4408920985006242e-16,2.4116073113021214e-12,8.6841644986179745e-13
tri,4,3,1.2,gll,coupled,0,constant,y,reused,1.8225809344003533e-13,nan,1.3848684904150276e-12,0,2.9608513070204921e-13,nan,4.3158753623598141e-13,3.3225148089944291e-13,4.5465738487860221e-15,1.1568977862684891e-14,nan,4.4408920985006262e-16,1.4210854715202004e-14,2.4343288254288337e-12,3.3306690738754696e-14,0.043750095902323052,32,6.1361471459520089e-12,1.053046538856961e-12,9.9920072216264089e-16,7.1411543345334394e-11,3.2983717250180194e-12,5.4622972811557702e-14,0.10554733095341362,1.5770500215003267,4.4408920985006242e-16,2.4116073113021214e-12,8.6841644986179745e-13
tri,4,3,1.2,gll,coupled,0,constant,y,reused_centered,1.8328238242158738e-13,nan,1.394986870117701e-12,0,2.9840996434555805e-13,nan,4.3797405323395022e-13,3.3825198599270015e-13,4.5465738487860221e-15,1.4652770816730237e-14,nan,4.4408920985006262e-16,1.4210854715202004e-14,2.4343288254288337e-12,3.3306690738754696e-14,0.043750095902323052,32,6.1361471459520089e-12,1.053046538856961e-12,9.9920072216264089e-16,7.1411543345334394e-11,3.2983717250180194e-12,5.4622972811557702e-14,0.10554733095341362,1.5770500215003267,4.4408920985006242e-16,2.4116073113021214e-12,8.6841644986179745e-13
tri,4,3,1.2,gll,coupled,0,constant,xx,recursive,5.4754816709979784e-12,nan,3.0645886377330698e-11,0,7.3198094303092678e-12,nan,1.0194221622396879e-11,7.2194830260460086e-12,4.5465738487860221e-15,2.1070012559251886e-12,0.40177613295277909,4.4408920985006262e-16,1.4210854715202004e-14,2.4343288254288337e-12,3.3306690738754696e-14,0.043750095902323052,32,6.1361471459520089e-12,1.053046538856961e-12,9.9920072216264089e-16,7.1411543345334394e-11,3.2983717250180194e-12,5.4622972811557702e-14,0.10554733095341362,1.5770500215003267,4.4408920985006242e-16,2.4116073113021214e-12,8.6841644986179745e-13
tri,4,3,1.2,gll,coupled,0,constant,xx,direct,5.244217072926095e-12,nan,2.8579972795492431e-11,0,6.7984563006117081e-12,nan,9.5950827091847109e-12,7.1315133819488867e-12,4.5465738487860221e-15,0,0,4.4408920985006262e-16,1.4210854715202004e-14,2.4343288254288337e-12,3.3306690738754696e-14,0.043750095902323052,32,6.1361471459520089e-12,1.053046538856961e-12,9.9920072216264089e-16,7.1411543345334394e-11,3.2983717250180194e-12,5.4622972811557702e-14,0.10554733095341362,1.5770500215003267,4.4408920985006242e-16,2.4116073113021214e-12,8.6841644986179745e-13
tri,4,3,1.2,gll,coupled,0,constant,xx,fe_geometry,5.2442170729261265e-12,nan,2.8579972795501459e-11,0,6.7984563006118188e-12,nan,9.5950827091849645e-12,7.1315133819486638e-12,4.5465738487860221e-15,1.6442087092895374e-24,3.1352796545702959e-13,4.4408920985006262e-16,1.4210854715202004e-14,2.4343288254288337e-12,3.3306690738754696e-14,0.043750095902323052,32,6.1361471459520089e-12,1.053046538856961e-12,9.9920072216264089e-16,7.1411543345334394e-11,3.2983717250180194e-12,5.4622972811557702e-14,0.10554733095341362,1.5770500215003267,4.4408920985006242e-16,2.4116073113021214e-12,8.6841644986179745e-13
tri,4,3,1.2,gll,coupled,0,constant,xx,reused,5.285282526946575e-12,nan,2.9614199807353929e-11,0,6.8313114164419231e-12,nan,9.6236615002956317e-12,7.1455528805324748e-12,4.5465738487860221e-15,5.4995460702507513e-13,0.10486877247402332,4.4408920985006262e-16,1.4210854715202004e-14,2.4343288254288337e-12,3.3306690738754696e-14,0.043750095902323052,32,6.1361471459520089e-12,1.053046538856961e-12,9.9920072216264089e-16,7.1411543345334394e-11,3.2983717250180194e-12,5.4622972811557702e-14,0.10554733095341362,1.5770500215003267,4.4408920985006242e-16,2.4116073113021214e-12,8.6841644986179745e-13
tri,4,3,1.2,gll,coupled,0,constant,xx,reused_centered,5.3212063792320031e-12,nan,2.9246317248173845e-11,0,6.8796356787261186e-12,nan,9.610945504090994e-12,7.1521295307838309e-12,4.5465738487860221e-15,3.8498545887656725e-13,0.073411427010544872,4.4408920985006262e-16,1.4210854715202004e-14,2.4343288254288337e-12,3.3306690738754696e-14,0.043750095902323052,32,6.1361471459520089e-12,1.053046538856961e-12,9.9920072216264089e-16,7.1411543345334394e-11,3.2983717250180194e-12,5.4622972811557702e-14,0.10554733095341362,1.5770500215003267,4.4408920985006242e-16,2.4116073113021214e-12,8.6841644986179745e-13
tri,4,3,1.2,gll,coupled,0,constant,xy,recursive,4.3328870200855411e-12,nan,2.278049292982617e-11,0,6.3877756243345732e-12,nan,9.4218316796078385e-12,6.9784053980969265e-12,4.5465738487860221e-15,1.8458576397507878e-12,0.4821234772348722,4.4408920985006262e-16,1.4210854715202004e-14,2.4343288254288337e-12,3.3306690738754696e-14,0.043750095902323052,32,6.1361471459520089e-12,1.053046538856961e-12,9.9920072216264089e-16,7.1411543345334394e-11,3.2983717250180194e-12,5.4622972811557702e-14,0.10554733095341362,1.5770500215003267,4.4408920985006242e-16,2.4116073113021214e-12,8.6841644986179745e-13
tri,4,3,1.2,gll,coupled,0,constant,xy,direct,3.8285993669865534e-12,nan,2.3575224334581782e-11,0,5.3897248291844625e-12,nan,7.7776658504619524e-12,5.7959028831440451e-12,4.5465738487860221e-15,0,0,4.4408920985006262e-16,1.4210854715202004e-14,2.4343288254288337e-12,3.3306690738754696e-14,0.043750095902323052,32,6.1361471459520089e-12,1.053046538856961e-12,9.9920072216264089e-16,7.1411543345334394e-11,3.2983717250180194e-12,5.4622972811557702e-14,0.10554733095341362,1.5770500215003267,4.4408920985006242e-16,2.4116073113021214e-12,8.6841644986179745e-13
tri,4,3,1.2,gll,coupled,0,constant,xy,fe_geometry,3.8285993669865462e-12,nan,2.3575224334586745e-11,0,5.3897248291844972e-12,nan,7.7776658504621495e-12,5.7959028831438092e-12,4.5465738487860221e-15,1.0447289739305341e-24,2.7287497953927425e-13,4.4408920985006262e-16,1.4210854715202004e-14,2.4343288254288337e-12,3.3306690738754696e-14,0.043750095902323052,32,6.1361471459520089e-12,1.053046538856961e-12,9.9920072216264089e-16,7.1411543345334394e-11,3.2983717250180194e-12,5.4622972811557702e-14,0.10554733095341362,1.5770500215003267,4.4408920985006242e-16,2.4116073113021214e-12,8.6841644986179745e-13
tri,4,3,1.2,gll,coupled,0,constant,xy,reused,3.7926606216979864e-12,nan,2.3134899779058824e-11,0,5.3389662108186731e-12,nan,7.7586778798021787e-12,5.7758946534068542e-12,4.5465738487860221e-15,2.9590222461102822e-13,0.077287330495467696,4.4408920985006262e-16,1.4210854715202004e-14,2.4343288254288337e-12,3.3306690738754696e-14,0.043750095902323052,32,6.1361471459520089e-12,1.053046538856961e-12,9.9920072216264089e-16,7.1411543345334394e-11,3.2983717250180194e-12,5.4622972811557702e-14,0.10554733095341362,1.5770500215003267,4.4408920985006242e-16,2.4116073113021214e-12,8.6841644986179745e-13
tri,4,3,1.2,gll,coupled,0,constant,xy,reused_centered,3.8657749545549024e-12,nan,2.3384277890359305e-11,0,5.4302717517881967e-12,nan,7.7810941762360989e-12,5.8028682583353982e-12,4.5465738487860221e-15,1.6335210659644344e-13,0.042666283655846703,4.4408920985006262e-16,1.4210854715202004e-14,2.4343288254288337e-12,3.3306690738754696e-14,0.043750095902323052,32,6.1361471459520089e-12,1.053046538856961e-12,9.9920072216264089e-16,7.1411543345334394e-11,3.2983717250180194e-12,5.4622972811557702e-14,0.10554733095341362,1.5770500215003267,4.4408920985006242e-16,2.4116073113021214e-12,8.6841644986179745e-13
tri,4,3,1.2,gll,coupled,0,constant,yy,recursive,5.8100679825713547e-12,nan,3.6243357434626816e-11,0,7.9263297428667721e-12,nan,1.1045195374134378e-11,8.5888078968394604e-12,4.5465738487860221e-15,2.2133590172067898e-12,0.42949836294048838,4.4408920985006262e-16,1.4210854715202004e-14,2.4343288254288337e-12,3.3306690738754696e-14,0.043750095902323052,32,6.1361471459520089e-12,1.053046538856961e-12,9.9920072216264089e-16,7.1411543345334394e-11,3.2983717250180194e-12,5.4622972811557702e-14,0.10554733095341362,1.5770500215003267,4.4408920985006242e-16,2.4116073113021214e-12,8.6841644986179745e-13
tri,4,3,1.2,gll,coupled,0,constant,yy,direct,5.1533584483381938e-12,nan,2.8009696614294354e-11,0,6.6741746449130637e-12,nan,9.4640097088408919e-12,7.1873101450939196e-12,4.5465738487860221e-15,0,0,4.4408920985006262e-16,1.4210854715202004e-14,2.4343288254288337e-12,3.3306690738754696e-14,0.043750095902323052,32,6.1361471459520089e-12,1.053046538856961e-12,9.9920072216264089e-16,7.1411543345334394e-11,3.2983717250180194e-12,5.4622972811557702e-14,0.10554733095341362,1.5770500215003267,4.4408920985006242e-16,2.4116073113021214e-12,8.6841644986179745e-13
tri,4,3,1.2,gll,coupled,0,constant,yy,fe_geometry,5.1533584483382051e-12,nan,2.8009696614300662e-11,0,6.6741746449131105e-12,nan,9.4640097088412441e-12,7.1873101450941821e-12,4.5465738487860221e-15,1.1396909850669599e-24,2.2115499950027283e-13,4.4408920985006262e-16,1.4210854715202004e-14,2.4343288254288337e-12,3.3306690738754696e-14,0.043750095902323052,32,6.1361471459520089e-12,1.053046538856961e-12,9.9920072216264089e-16,7.1411543345334394e-11,3.2983717250180194e-12,5.4622972811557702e-14,0.10554733095341362,1.5770500215003267,4.4408920985006242e-16,2.4116073113021214e-12,8.6841644986179745e-13
tri,4,3,1.2,gll,coupled,0,constant,yy,reused,5.1370981915017602e-12,nan,2.7459404914815316e-11,0,6.6338613379163535e-12,nan,9.3942511781904826e-12,7.1526889331910991e-12,4.5465738487860221e-15,2.9684600147987045e-13,0.057602436247297044,4.4408920985006262e-16,1.4210854715202004e-14,2.4343288254288337e-12,3.3306690738754696e-14,0.043750095902323052,32,6.1361471459520089e-12,1.053046538856961e-12,9.9920072216264089e-16,7.1411543345334394e-11,3.2983717250180194e-12,5.4622972811557702e-14,0.10554733095341362,1.5770500215003267,4.4408920985006242e-16,2.4116073113021214e-12,8.6841644986179745e-13
tri,4,3,1.2,gll,coupled,0,constant,yy,reused_centered,5.1708556592859598e-12,nan,2.820156701962539e-11,0,6.6921296187870043e-12,nan,9.4786396293150053e-12,7.1880912299173285e-12,4.5465738487860221e-15,1.0134819274090793e-13,0.019666435734465498,4.4408920985006262e-16,1.4210854715202004e-14,2.4343288254288337e-12,3.3306690738754696e-14,0.043750095902323052,32,6.1361471459520089e-12,1.053046538856961e-12,9.9920072216264089e-16,7.1411543345334394e-11,3.2983717250180194e-12,5.4622972811557702e-14,0.10554733095341362,1.5770500215003267,4.4408920985006242e-16,2.4116073113021214e-12,8.6841644986179745e-13
tri,4,3,1.2,gll,coupled,0,constant,xxx,recursive,8.0653318931463469e-11,nan,4.9285237988559489e-10,0,1.0092980143886537e-10,nan,1.4727279022548995e-10,1.1511496900704932e-10,4.5465738487860221e-15,6.5119319731427986e-11,1.0816104418228496,4.4408920985006262e-16,1.4210854715202004e-14,2.4343288254288337e-12,3.3306690738754696e-14,0.043750095902323052,32,6.1361471459520089e-12,1.053046538856961e-12,9.9920072216264089e-16,7.1411543345334394e-11,3.2983717250180194e-12,5.4622972811557702e-14,0.10554733095341362,1.5770500215003267,4.4408920985006242e-16,2.4116073113021214e-12,8.6841644986179745e-13
tri,4,3,1.2,gll,coupled,0,constant,xxx,direct,6.0205890414372946e-11,nan,3.0101145551793133e-10,0,6.3414919230150733e-11,nan,9.9891950769446913e-11,7.3860554689842963e-11,4.5465738487860221e-15,0,0,4.4408920985006262e-16,1.4210854715202004e-14,2.4343288254288337e-12,3.3306690738754696e-14,0.043750095902323052,32,6.1361471459520089e-12,1.053046538856961e-12,9.9920072216264089e-16,7.1411543345334394e-11,3.2983717250180194e-12,5.4622972811557702e-14,0.10554733095341362,1.5770500215003267,4.4408920985006242e-16,2.4116073113021214e-12,8.6841644986179745e-13
tri,4,3,1.2,gll,coupled,0,constant,xxx,fe_geometry,6.020589041436744e-11,nan,3.0101145551684891e-10,0,6.3414919230133518e-11,nan,9.9891950769411176e-11,7.3860554689841257e-11,4.5465738487860221e-15,9.2588635038477465e-23,1.5378667170475697e-12,4.4408920985006262e-16,1.4210854715202004e-14,2.4343288254288337e-12,3.3306690738754696e-14,0.043750095902323052,32,6.1361471459520089e-12,1.053046538856961e-12,9.9920072216264089e-16,7.1411543345334394e-11,3.2983717250180194e-12,5.4622972811557702e-14,0.10554733095341362,1.5770500215003267,4.4408920985006242e-16,2.4116073113021214e-12,8.6841644986179745e-13
tri,4,3,1.2,gll,coupled,0,constant,xxx,reused,6.0404761936898994e-11,nan,3.2673785589765031e-10,0,6.4003257806372934e-11,nan,1.0040888643490781e-10,6.9777136510333051e-11,4.5465738487860221e-15,1.128725312369654e-11,0.1874775548706433,4.4408920985006262e-16,1.4210854715202004e-14,2.4343288254288337e-12,3.3306690738754696e-14,0.043750095902323052,32,6.1361471459520089e-12,1.053046538856961e-12,9.9920072216264089e-16,7.1411543345334394e-11,3.2983717250180194e-12,5.4622972811557702e-14,0.10554733095341362,1.5770500215003267,4.4408920985006242e-16,2.4116073113021214e-12,8.6841644986179745e-13
tri,4,3,1.2,gll,coupled,0,constant,xxx,reused_centered,6.0383506302119134e-11,nan,3.0208634844048957e-10,0,6.3656158439443056e-11,nan,1.0020095049862564e-10,7.3918728741894586e-11,4.5465738487860221e-15,1.048927840300424e-12,0.017422345771835202,4.4408920985006262e-16,1.4210854715202004e-14,2.4343288254288337e-12,3.3306690738754696e-14,0.043750095902323052,32,6.1361471459520089e-12,1.053046538856961e-12,9.9920072216264089e-16,7.1411543345334394e-11,3.2983717250180194e-12,5.4622972811557702e-14,0.10554733095341362,1.5770500215003267,4.4408920985006242e-16,2.4116073113021214e-12,8.6841644986179745e-13
tri,4,3,1.2,gll,coupled,0,constant,xxy,recursive,6.5376194464927124e-11,nan,2.2306653856036011e-10,0,7.8350472692483808e-11,nan,1.21817020682285e-10,9.5797798215184293e-11,4.5465738487860221e-15,4.5494769041044834e-11,0.9024814347137462,4.4408920985006262e-16,1.4210854715202004e-14,2.4343288254288337e-12,3.3306690738754696e-14,0.043750095902323052,32,6.1361471459520089e-12,1.053046538856961e-12,9.9920072216264089e-16,7.1411543345334394e-11,3.2983717250180194e-12,5.4622972811557702e-14,0.10554733095341362,1.5770500215003267,4.4408920985006242e-16,2.4116073113021214e-12,8.6841644986179745e-13
tri,4,3,1.2,gll,coupled,0,constant,xxy,direct,5.041075338627337e-11,nan,1.8195307555521549e-10,0,5.1361185426925527e-11,nan,7.3283792989735416e-11,5.6147388621720631e-11,4.5465738487860221e-15,0,0,4.4408920985006262e-16,1.4210854715202004e-14,2.4343288254288337e-12,3.3306690738754696e-14,0.043750095902323052,32,6.1361471459520089e-12,1.053046538856961e-12,9.9920072216264089e-16,7.1411543345334394e-11,3.2983717250180194e-12,5.4622972811557702e-14,0.10554733095341362,1.5770500215003267,4.4408920985006242e-16,2.4116073113021214e-12,8.6841644986179745e-13
tri,4,3,1.2,gll,coupled,0,constant,xxy,fe_geometry,5.0410753386275438e-11,nan,1.8195307555495054e-10,0,5.1361185426930833e-11,nan,7.3283792989740663e-11,5.6147388621721646e-11,4.5465738487860221e-15,6.2143448106869823e-23,1.2327419039087644e-12,4.4408920985006262e-16,1.4210854715202004e-14,2.4343288254288337e-12,3.3306690738754696e-14,0.043750095902323052,32,6.1361471459520089e-12,1.053046538856961e-12,9.9920072216264089e-16,7.1411543345334394e-11,3.2983717250180194e-12,5.4622972811557702e-14,0.10554733095341362,1.5770500215003267,4.4408920985006242e-16,2.4116073113021214e-12,8.6841644986179745e-13
tri,4,3,1.2,gll,coupled,0,constant,xxy,reused,4.914448379855862e-11,nan,1.995521912584674e-10,0,5.0311752298912392e-11,nan,7.0516897371391873e-11,5.2644189421291513e-11,4.5465738487860221e-15,8.2549898311240572e-12,0.16375454196984596,4.4408920985006262e-16,1.4210854715202004e-14,2.4343288254288337e-12,3.3306690738754696e-14,0.043750095902323052,32,6.1361471459520089e-12,1.053046538856961e-12,9.9920072216264089e-16,7.1411543345334394e-11,3.2983717250180194e-12,5.4622972811557702e-14,0.10554733095341362,1.5770500215003267,4.4408920985006242e-16,2.4116073113021214e-12,8.6841644986179745e-13
tri,4,3,1.2,gll,coupled,0,constant,xxy,reused_centered,5.068277218936586e-11,nan,1.7975538544850813e-10,0,5.1624149591711582e-11,nan,7.4054704494372707e-11,5.7192463709414384e-11,4.5465738487860221e-15,1.340983795552829e-12,0.026601145697575965,4.4408920985006262e-16,1.4210854715202004e-14,2.4343288254288337e-12,3.3306690738754696e-14,0.043750095902323052,32,6.1361471459520089e-12,1.053046538856961e-12,9.9920072216264089e-16,7.1411543345334394e-11,3.2983717250180194e-12,5.4622972811557702e-14,0.10554733095341362,1.5770500215003267,4.4408920985006242e-16,2.4116073113021214e-12,8.6841644986179745e-13
tri,4,3,1.2,gll,coupled,0,constant,xyy,recursive,7.02771020658714e-11,nan,3.0207465682838077e-10,0,8.3043491980957311e-11,nan,1.1812871661418245e-10,9.016335061576069e-11,4.5465738487860221e-15,4.7894755298550486e-11,0.94432429559238951,4.4408920985006262e-16,1.4210854715202004e-14,2.4343288254288337e-12,3.3306690738754696e-14,0.043750095902323052,32,6.1361471459520089e-12,1.053046538856961e-12,9.9920072216264089e-16,7.1411543345334394e-11,3.2983717250180194e-12,5.4622972811557702e-14,0.10554733095341362,1.5770500215003267,4.4408920985006242e-16,2.4116073113021214e-12,8.6841644986179745e-13
tri,4,3,1.2,gll,coupled,0,constant,xyy,direct,5.0718546077971396e-11,nan,1.6833244314212046e-10,0,5.149981137707649e-11,nan,8.0471642246461978e-11,6.6322570046069663e-11,4.5465738487860221e-15,0,0,4.4408920985006262e-16,1.4210854715202004e-14,2.4343288254288337e-12,3.3306690738754696e-14,0.043750095902323052,32,6.1361471459520089e-12,1.053046538856961e-12,9.9920072216264089e-16,7.1411543345334394e-11,3.2983717250180194e-12,5.4622972811557702e-14,0.10554733095341362,1.5770500215003267,4.4408920985006242e-16,2.4116073113021214e-12,8.6841644986179745e-13
tri,4,3,1.2,gll,coupled,0,constant,xyy,fe_geometry,5.0718546077973425e-11,nan,1.6833244314214021e-10,0,5.1499811377080309e-11,nan,8.0471642246471943e-11,6.6322570046054839e-11,4.5465738487860221e-15,5.5669603256711931e-23,1.0976182789453211e-12,4.4408920985006262e-16,1.4210854715202004e-14,2.4343288254288337e-12,3.3306690738754696e-14,0.043750095902323052,32,6.1361471459520089e-12,1.053046538856961e-12,9.9920072216264089e-16,7.1411543345334394e-11,3.2983717250180194e-12,5.4622972811557702e-14,0.10554733095341362,1.5770500215003267,4.4408920985006242e-16,2.4116073113021214e-12,8.6841644986179745e-13
tri,4,3,1.2,gll,coupled,0,constant,xyy,reused,4.9561624030885633e-11,nan,1.4581850494646397e-10,0,5.0659702756015491e-11,nan,7.7152940954397789e-11,6.2756207488506774e-11,4.5465738487860221e-15,8.1323716214134613e-12,0.16034315354606737,4.4408920985006262e-16,1.4210854715202004e-14,2.4343288254288337e-12,3.3306690738754696e-14,0.043750095902323052,32,6.1361471459520089e-12,1.053046538856961e-12,9.9920072216264089e-16,7.1411543345334394e-11,3.2983717250180194e-12,5.4622972811557702e-14,0.10554733095341362,1.5770500215003267,4.4408920985006242e-16,2.4116073113021214e-12,8.6841644986179745e-13
tri,4,3,1.2,gll,coupled,0,constant,xyy,reused_centered,5.0861871395102303e-11,nan,1.6929782661810014e-10,0,5.1649663620278207e-11,nan,8.0768187028075456e-11,6.655804834453295e-11,4.5465738487860221e-15,5.2920788520480151e-13,0.010434208512034861,4.4408920985006262e-16,1.4210854715202004e-14,2.4343288254288337e-12,3.3306690738754696e-14,0.043750095902323052,32,6.1361471459520089e-12,1.053046538856961e-12,9.9920072216264089e-16,7.1411543345334394e-11,3.2983717250180194e-12,5.4622972811557702e-14,0.10554733095341362,1.5770500215003267,4.4408920985006242e-16,2.4116073113021214e-12,8.6841644986179745e-13
tri,4,3,1.2,gll,coupled,0,constant,yyy,recursive,8.9868172239152843e-11,nan,3.1619724735536467e-10,0,1.0177553361199788e-10,nan,1.4747125082094726e-10,1.2175338461961386e-10,4.5465738487860221e-15,5.4800016332068345e-11,0.86246592130540356,4.4408920985006262e-16,1.4210854715202004e-14,2.4343288254288337e-12,3.3306690738754696e-14,0.043750095902323052,32,6.1361471459520089e-12,1.053046538856961e-12,9.9920072216264089e-16,7.1411543345334394e-11,3.2983717250180194e-12,5.4622972811557702e-14,0.10554733095341362,1.5770500215003267,4.4408920985006242e-16,2.4116073113021214e-12,8.6841644986179745e-13
tri,4,3,1.2,gll,coupled,0,constant,yyy,direct,6.3538761333461873e-11,nan,2.6883108866107881e-10,0,6.4745875108786141e-11,nan,9.7513627850976002e-11,7.8947713112786762e-11,4.5465738487860221e-15,0,0,4.4408920985006262e-16,1.4210854715202004e-14,2.4343288254288337e-12,3.3306690738754696e-14,0.043750095902323052,32,6.1361471459520089e-12,1.053046538856961e-12,9.9920072216264089e-16,7.1411543345334394e-11,3.2983717250180194e-12,5.4622972811557702e-14,0.10554733095341362,1.5770500215003267,4.4408920985006242e-16,2.4116073113021214e-12,8.6841644986179745e-13
tri,4,3,1.2,gll,coupled,0,constant,yyy,fe_geometry,6.3538761333463915e-11,nan,2.6883108866089921e-10,0,6.4745875108792319e-11,nan,9.7513627851000934e-11,7.8947713112796895e-11,4.5465738487860221e-15,6.4715538186553586e-23,1.0185206136914724e-12,4.4408920985006262e-16,1.4210854715202004e-14,2.4343288254288337e-12,3.3306690738754696e-14,0.043750095902323052,32,6.1361471459520089e-12,1.053046538856961e-12,9.9920072216264089e-16,7.1411543345334394e-11,3.2983717250180194e-12,5.4622972811557702e-14,0.10554733095341362,1.5770500215003267,4.4408920985006242e-16,2.4116073113021214e-12,8.6841644986179745e-13
tri,4,3,1.2,gll,coupled,0,constant,yyy,reused,6.4123849666452918e-11,nan,2.6913964598185531e-10,0,6.5530759575156643e-11,nan,9.8507209402139531e-11,7.908717198687637e-11,4.5465738487860221e-15,8.7190833325252901e-12,0.13722463500297252,4.4408920985006262e-16,1.4210854715202004e-14,2.4343288254288337e-12,3.3306690738754696e-14,0.043750095902323052,32,6.1361471459520089e-12,1.053046538856961e-12,9.9920072216264089e-16,7.1411543345334394e-11,3.2983717250180194e-12,5.4622972811557702e-14,0.10554733095341362,1.5770500215003267,4.4408920985006242e-16,2.4116073113021214e-12,8.6841644986179745e-13
tri,4,3,1.2,gll,coupled,0,constant,yyy,reused_centered,6.3489106550111471e-11,nan,2.6707274141061032e-10,0,6.4671244442448404e-11,nan,9.7248613063231994e-11,7.8571359023544697e-11,4.5465738487860221e-15,1.1023065538356248e-12,0.017348568506876279,4.4408920985006262e-16,1.4210854715202004e-14,2.4343288254288337e-12,3.3306690738754696e-14,0.043750095902323052,32,6.1361471459520089e-12,1.053046538856961e-12,9.9920072216264089e-16,7.1411543345334394e-11,3.2983717250180194e-12,5.4622972811557702e-14,0.10554733095341362,1.5770500215003267,4.4408920985006242e-16,2.4116073113021214e-12,8.6841644986179745e-13
