family,n,p,amplitude,basis,map,extra,field,derivative,method,error_l2,relative_l2,sampled_linf,truth_l2,face_rms,face_relative_l2,jump_rms,jump_mean_abs,input_error_l2,operator_error_l2,operator_relative_l2,inverse_residual,representation_residual,first_derivative_residual,geometry_residual,min_jacobian,elements,geometry_derivative_residual,geometry_jacobian_residual,fe_inverse_residual,method_agreement,fe_first_residual,face_geometry_residual,initialization_seconds,evaluation_seconds,reused_inverse_residual,reused_first_residual,reused_geometry_residual
hex,2,2,0,gll,shear,0,constant,x,recursive,2.6531411550311128e-13,nan,1.8252417386505337e-12,0,4.2775168461649951e-13,nan,6.5146569865932258e-13,3.7202273599578546e-13,2.1609935475602767e-14,1.1425563194316193e-14,nan,0,3.1086244689504383e-15,1.7541523789077473e-14,1.1102230246251565e-15,0.12499999999999924,8,2.2204460492503131e-16,4.42115961896139e-15,0,0,1.7541523789077473e-14,6.6613381477509392e-16,0.067280999035574496,3.1146864744951017,0,1.6320278461989801e-14,4.42115961896139e-15
hex,2,2,0,gll,shear,0,constant,x,direct,2.6169677001981033e-13,nan,1.8071060602010834e-12,0,4.2261800166360367e-13,nan,6.4366058318839794e-13,3.6954411059254696e-13,2.1609935475602767e-14,0,nan,0,3.1086244689504383e-15,1.7541523789077473e-14,1.1102230246251565e-15,0.12499999999999924,8,2.2204460492503131e-16,4.42115961896139e-15,0,0,1.7541523789077473e-14,6.6613381477509392e-16,0.067280999035574496,3.1146864744951017,0,1.6320278461989801e-14,4.42115961896139e-15
hex,2,2,0,gll,shear,0,constant,x,fe_geometry,2.6169677001981033e-13,nan,1.8071060602010834e-12,0,4.2261800166360367e-13,nan,6.4366058318839794e-13,3.6954411059254696e-13,2.1609935475602767e-14,0,nan,0,3.1086244689504383e-15,1.7541523789077473e-14,1.1102230246251565e-15,0.12499999999999924,8,2.2204460492503131e-16,4.42115961896139e-15,0,0,1.7541523789077473e-14,6.6613381477509392e-16,0.067280999035574496,3.1146864744951017,0,1.6320278461989801e-14,4.42115961896139e-15
hex,2,2,0,gll,shear,0,constant,x,reused,2.6168555235595344e-13,nan,1.8066719972784326e-12,0,4.225963628171026e-13,nan,6.4359398189155446e-13,3.6948745326973436e-13,2.1609935475602767e-14,1.7905633129389756e-16,nan,0,3.1086244689504383e-15,1.7541523789077473e-14,1.1102230246251565e-15,0.12499999999999924,8,2.2204460492503131e-16,4.42115961896139e-15,0,0,1.7541523789077473e-14,6.6613381477509392e-16,0.067280999035574496,3.1146864744951017,0,1.6320278461989801e-14,4.42115961896139e-15
hex,2,2,0,gll,shear,0,constant,x,reused_centered,2.6169815346469596e-13,nan,1.8071247393929483e-12,0,4.2260857416853948e-13,nan,6.4363416013133109e-13,3.6950743811241637e-13,2.1609935475602767e-14,1.3088464463653204e-16,nan,0,3.1086244689504383e-15,1.7541523789077473e-14,1.1102230246251565e-15,0.12499999999999924,8,2.2204460492503131e-16,4.42115961896139e-15,0,0,1.7541523789077473e-14,6.6613381477509392e-16,0.067280999035574496,3.1146864744951017,0,1.6320278461989801e-14,4.42115961896139e-15
hex,2,2,0,gll,shear,0,constant,y,recursive,2.6213557159315729e-13,nan,1.8072445385763775e-12,0,4.2430783285587074e-13,nan,6.4277074809267249e-13,3.5398004696686718e-13,2.1609935475602767e-14,1.1426494551972476e-14,nan,0,3.1086244689504383e-15,1.7541523789077473e-14,1.1102230246251565e-15,0.12499999999999924,8,2.2204460492503131e-16,4.42115961896139e-15,0,0,1.7541523789077473e-14,6.6613381477509392e-16,0.067280999035574496,3.1146864744951017,0,1.6320278461989801e-14,4.42115961896139e-15
hex,2,2,0,gll,shear,0,constant,y,direct,2.5759650003412234e-13,nan,1.7765836263705381e-12,0,4.1740494249182198e-13,nan,6.3306070674924362e-13,3.4975267234193934e-13,2.1609935475602767e-14,0,nan,0,3.1086244689504383e-15,1.7541523789077473e-14,1.1102230246251565e-15,0.12499999999999924,8,2.2204460492503131e-16,4.42115961896139e-15,0,0,1.7541523789077473e-14,6.6613381477509392e-16,0.067280999035574496,3.1146864744951017,0,1.6320278461989801e-14,4.42115961896139e-15
hex,2,2,0,gll,shear,0,constant,y,fe_geometry,2.5759650003412234e-13,nan,1.7765836263705381e-12,0,4.1740494249182198e-13,nan,6.3306070674924362e-13,3.4975267234193934e-13,2.1609935475602767e-14,0,nan,0,3.1086244689504383e-15,1.7541523789077473e-14,1.1102230246251565e-15,0.12499999999999924,8,2.2204460492503131e-16,4.42115961896139e-15,0,0,1.7541523789077473e-14,6.6613381477509392e-16,0.067280999035574496,3.1146864744951017,0,1.6320278461989801e-14,4.42115961896139e-15
hex,2,2,0,gll,shear,0,constant,y,reused,2.5759334536780713e-13,nan,1.7770019067212866e-12,0,4.1739238514913575e-13,nan,6.3303098179122577e-13,3.497722790027144e-13,2.1609935475602767e-14,1.8576355787975196e-16,nan,0,3.1086244689504383e-15,1.7541523789077473e-14,1.1102230246251565e-15,0.12499999999999924,8,2.2204460492503131e-16,4.42115961896139e-15,0,0,1.7541523789077473e-14,6.6613381477509392e-16,0.067280999035574496,3.1146864744951017,0,1.6320278461989801e-14,4.42115961896139e-15
hex,2,2,0,gll,shear,0,constant,y,reused_centered,2.5759756333958038e-13,nan,1.7765676145714973e-12,0,4.1739518417755558e-13,nan,6.3303849387738312e-13,3.4975225010878024e-13,2.1609935475602767e-14,1.3328671521549751e-16,nan,0,3.1086244689504383e-15,1.7541523789077473e-14,1.1102230246251565e-15,0.12499999999999924,8,2.2204460492503131e-16,4.42115961896139e-15,0,0,1.7541523789077473e-14,6.6613381477509392e-16,0.067280999035574496,3.1146864744951017,0,1.6320278461989801e-14,4.42115961896139e-15
hex,2,2,0,gll,shear,0,constant,z,recursive,1.4732943495606845e-13,nan,6.123471794805915e-13,0,2.1424921502574344e-13,nan,2.1959615052112067e-13,1.1978546029232658e-13,2.1609935475602767e-14,3.2349047380481041e-14,nan,0,3.1086244689504383e-15,1.7541523789077473e-14,1.1102230246251565e-15,0.12499999999999924,8,2.2204460492503131e-16,4.42115961896139e-15,0,0,1.7541523789077473e-14,6.6613381477509392e-16,0.067280999035574496,3.1146864744951017,0,1.6320278461989801e-14,4.42115961896139e-15
hex,2,2,0,gll,shear,0,constant,z,direct,1.5927867171242561e-13,nan,7.6278066646093617e-13,0,2.4332873461856078e-13,nan,2.4787178035491449e-13,1.3204159096775582e-13,2.1609935475602767e-14,0,nan,0,3.1086244689504383e-15,1.7541523789077473e-14,1.1102230246251565e-15,0.12499999999999924,8,2.2204460492503131e-16,4.42115961896139e-15,0,0,1.7541523789077473e-14,6.6613381477509392e-16,0.067280999035574496,3.1146864744951017,0,1.6320278461989801e-14,4.42115961896139e-15
hex,2,2,0,gll,shear,0,constant,z,fe_geometry,1.5927867171242561e-13,nan,7.6278066646093617e-13,0,2.4332873461856078e-13,nan,2.4787178035491449e-13,1.3204159096775582e-13,2.1609935475602767e-14,0,nan,0,3.1086244689504383e-15,1.7541523789077473e-14,1.1102230246251565e-15,0.12499999999999924,8,2.2204460492503131e-16,4.42115961896139e-15,0,0,1.7541523789077473e-14,6.6613381477509392e-16,0.067280999035574496,3.1146864744951017,0,1.6320278461989801e-14,4.42115961896139e-15
hex,2,2,0,gll,shear,0,constant,z,reused,1.5927931549163632e-13,nan,7.632191886681127e-13,0,2.4332942808271464e-13,nan,2.4784917296657031e-13,1.3205296582891451e-13,2.1609935475602767e-14,2.6526440734147193e-16,nan,0,3.1086244689504383e-15,1.7541523789077473e-14,1.1102230246251565e-15,0.12499999999999924,8,2.2204460492503131e-16,4.42115961896139e-15,0,0,1.7541523789077473e-14,6.6613381477509392e-16,0.067280999035574496,3.1146864744951017,0,1.6320278461989801e-14,4.42115961896139e-15
hex,2,2,0,gll,shear,0,constant,z,reused_centered,1.5928082932197038e-13,nan,7.6279541783129468e-13,0,2.4332725018118967e-13,nan,2.4787063843326026e-13,1.3203068976435443e-13,2.1609935475602767e-14,2.431766730265969e-16,nan,0,3.1086244689504383e-15,1.7541523789077473e-14,1.1102230246251565e-15,0.12499999999999924,8,2.2204460492503131e-16,4.42115961896139e-15,0,0,1.7541523789077473e-14,6.6613381477509392e-16,0.067280999035574496,3.1146864744951017,0,1.6320278461989801e-14,4.42115961896139e-15
hex,2,2,0,gll,shear,0,constant,xx,recursive,1.8381930641934225e-12,nan,7.389447574678314e-12,0,2.5555669483266003e-12,nan,2.6154008638107235e-12,1.4881700567457319e-12,2.1609935475602767e-14,8.1533847667812297e-14,0.044971519287585103,0,3.1086244689504383e-15,1.7541523789077473e-14,1.1102230246251565e-15,0.12499999999999924,8,2.2204460492503131e-16,4.42115961896139e-15,0,0,1.7541523789077473e-14,6.6613381477509392e-16,0.067280999035574496,3.1146864744951017,0,1.6320278461989801e-14,4.42115961896139e-15
hex,2,2,0,gll,shear,0,constant,xx,direct,1.8130107445651863e-12,nan,7.2724535566582948e-12,0,2.5260870301273845e-12,nan,2.5899615755019186e-12,1.465408244100387e-12,2.1609935475602767e-14,0,0,0,3.1086244689504383e-15,1.7541523789077473e-14,1.1102230246251565e-15,0.12499999999999924,8,2.2204460492503131e-16,4.42115961896139e-15,0,0,1.7541523789077473e-14,6.6613381477509392e-16,0.067280999035574496,3.1146864744951017,0,1.6320278461989801e-14,4.42115961896139e-15
hex,2,2,0,gll,shear,0,constant,xx,fe_geometry,1.8130107445651863e-12,nan,7.2724535566582948e-12,0,2.5260870301273845e-12,nan,2.5899615755019186e-12,1.465408244100387e-12,2.1609935475602767e-14,0,0,0,3.1086244689504383e-15,1.7541523789077473e-14,1.1102230246251565e-15,0.12499999999999924,8,2.2204460492503131e-16,4.42115961896139e-15,0,0,1.7541523789077473e-14,6.6613381477509392e-16,0.067280999035574496,3.1146864744951017,0,1.6320278461989801e-14,4.42115961896139e-15
hex,2,2,0,gll,shear,0,constant,xx,reused,1.8129332983917686e-12,nan,7.2761700723866906e-12,0,2.525951000010204e-12,nan,2.5892979426882346e-12,1.465024962326725e-12,2.1609935475602767e-14,1.3367557875986238e-15,0.00073731266712333667,0,3.1086244689504383e-15,1.7541523789077473e-14,1.1102230246251565e-15,0.12499999999999924,8,2.2204460492503131e-16,4.42115961896139e-15,0,0,1.7541523789077473e-14,6.6613381477509392e-16,0.067280999035574496,3.1146864744951017,0,1.6320278461989801e-14,4.42115961896139e-15
hex,2,2,0,gll,shear,0,constant,xx,reused_centered,1.8130204917504045e-12,nan,7.2725260818378712e-12,0,2.5260068704896538e-12,nan,2.589616800897061e-12,1.4649964209855682e-12,2.1609935475602767e-14,8.5396608906382806e-16,0.00047102097526103437,0,3.1086244689504383e-15,1.7541523789077473e-14,1.1102230246251565e-15,0.12499999999999924,8,2.2204460492503131e-16,4.42115961896139e-15,0,0,1.7541523789077473e-14,6.6613381477509392e-16,0.067280999035574496,3.1146864744951017,0,1.6320278461989801e-14,4.42115961896139e-15
hex,2,2,0,gll,shear,0,constant,xy,recursive,3.0946275534661957e-12,nan,2.6363712203186879e-11,0,5.6463647229041825e-12,nan,9.8939828794456372e-12,6.1320596799249048e-12,2.1609935475602767e-14,1.7060530443915617e-13,0.056546879676710425,0,3.1086244689504383e-15,1.7541523789077473e-14,1.1102230246251565e-15,0.12499999999999924,8,2.2204460492503131e-16,4.42115961896139e-15,0,0,1.7541523789077473e-14,6.6613381477509392e-16,0.067280999035574496,3.1146864744951017,0,1.6320278461989801e-14,4.42115961896139e-15
hex,2,2,0,gll,shear,0,constant,xy,direct,3.0170595692377741e-12,nan,2.5881698292607629e-11,0,5.5373540283082777e-12,nan,9.6477430991401227e-12,6.0234755515354616e-12,2.1609935475602767e-14,0,0,0,3.1086244689504383e-15,1.7541523789077473e-14,1.1102230246251565e-15,0.12499999999999924,8,2.2204460492503131e-16,4.42115961896139e-15,0,0,1.7541523789077473e-14,6.6613381477509392e-16,0.067280999035574496,3.1146864744951017,0,1.6320278461989801e-14,4.42115961896139e-15
hex,2,2,0,gll,shear,0,constant,xy,fe_geometry,3.0170595692377741e-12,nan,2.5881698292607629e-11,0,5.5373540283082777e-12,nan,9.6477430991401227e-12,6.0234755515354616e-12,2.1609935475602767e-14,0,0,0,3.1086244689504383e-15,1.7541523789077473e-14,1.1102230246251565e-15,0.12499999999999924,8,2.2204460492503131e-16,4.42115961896139e-15,0,0,1.7541523789077473e-14,6.6613381477509392e-16,0.067280999035574496,3.1146864744951017,0,1.6320278461989801e-14,4.42115961896139e-15
hex,2,2,0,gll,shear,0,constant,xy,reused,3.016756653963586e-12,nan,2.5874315003219342e-11,0,5.5368242348975148e-12,nan,9.6471479661113169e-12,6.0232625981310389e-12,2.1609935475602767e-14,1.5328763346768718e-15,0.00050806962855696471,0,3.1086244689504383e-15,1.7541523789077473e-14,1.1102230246251565e-15,0.12499999999999924,8,2.2204460492503131e-16,4.42115961896139e-15,0,0,1.7541523789077473e-14,6.6613381477509392e-16,0.067280999035574496,3.1146864744951017,0,1.6320278461989801e-14,4.42115961896139e-15
hex,2,2,0,gll,shear,0,constant,xy,reused_centered,3.0168487041485617e-12,nan,2.5879929762314547e-11,0,5.5369608594393978e-12,nan,9.6475595121576747e-12,6.0235285463356984e-12,2.1609935475602767e-14,1.086280091593784e-15,0.00036004595423623682,0,3.1086244689504383e-15,1.7541523789077473e-14,1.1102230246251565e-15,0.12499999999999924,8,2.2204460492503131e-16,4.42115961896139e-15,0,0,1.7541523789077473e-14,6.6613381477509392e-16,0.067280999035574496,3.1146864744951017,0,1.6320278461989801e-14,4.42115961896139e-15
hex,2,2,0,gll,shear,0,constant,xz,recursive,2.129669606079628e-12,nan,1.1242714536196367e-11,0,3.2848316641782097e-12,nan,5.4688475633498246e-12,3.5452440193007319e-12,2.1609935475602767e-14,7.5532033811876447e-14,0.03487338901002239,0,3.1086244689504383e-15,1.7541523789077473e-14,1.1102230246251565e-15,0.12499999999999924,8,2.2204460492503131e-16,4.42115961896139e-15,0,0,1.7541523789077473e-14,6.6613381477509392e-16,0.067280999035574496,3.1146864744951017,0,1.6320278461989801e-14,4.42115961896139e-15
hex,2,2,0,gll,shear,0,constant,xz,direct,2.1658931338783569e-12,nan,1.1457851797327718e-11,0,3.3615100211590118e-12,nan,5.59137504280794e-12,3.6243350942097707e-12,2.1609935475602767e-14,0,0,0,3.1086244689504383e-15,1.7541523789077473e-14,1.1102230246251565e-15,0.12499999999999924,8,2.2204460492503131e-16,4.42115961896139e-15,0,0,1.7541523789077473e-14,6.6613381477509392e-16,0.067280999035574496,3.1146864744951017,0,1.6320278461989801e-14,4.42115961896139e-15
hex,2,2,0,gll,shear,0,constant,xz,fe_geometry,2.1658931338783569e-12,nan,1.1457851797327718e-11,0,3.3615100211590118e-12,nan,5.59137504280794e-12,3.6243350942097707e-12,2.1609935475602767e-14,0,0,0,3.1086244689504383e-15,1.7541523789077473e-14,1.1102230246251565e-15,0.12499999999999924,8,2.2204460492503131e-16,4.42115961896139e-15,0,0,1.7541523789077473e-14,6.6613381477509392e-16,0.067280999035574496,3.1146864744951017,0,1.6320278461989801e-14,4.42115961896139e-15
hex,2,2,0,gll,shear,0,constant,xz,reused,2.165890554948577e-12,nan,1.1459576882685337e-11,0,3.3614488101711862e-12,nan,5.5914049432652338e-12,3.6240865199814364e-12,2.1609935475602767e-14,1.4847193178160192e-15,0.00068549980356482612,0,3.1086244689504383e-15,1.7541523789077473e-14,1.1102230246251565e-15,0.12499999999999924,8,2.2204460492503131e-16,4.42115961896139e-15,0,0,1.7541523789077473e-14,6.6613381477509392e-16,0.067280999035574496,3.1146864744951017,0,1.6320278461989801e-14,4.42115961896139e-15
hex,2,2,0,gll,shear,0,constant,xz,reused_centered,2.1658487835657047e-12,nan,1.1461330302819898e-11,0,3.3613463698138388e-12,nan,5.5912411212602471e-12,3.6239537667574258e-12,2.1609935475602767e-14,1.1415258854457995e-15,0.00052704626446722512,0,3.1086244689504383e-15,1.7541523789077473e-14,1.1102230246251565e-15,0.12499999999999924,8,2.2204460492503131e-16,4.42115961896139e-15,0,0,1.7541523789077473e-14,6.6613381477509392e-16,0.067280999035574496,3.1146864744951017,0,1.6320278461989801e-14,4.42115961896139e-15
hex,2,2,0,gll,shear,0,constant,yy,recursive,1.8147946393656837e-12,nan,7.3966132048582625e-12,0,2.5376626939668688e-12,nan,2.5798821387074225e-12,1.3923216669579732e-12,2.1609935475602767e-14,9.0529532491404091e-14,0.050761965040656498,0,3.1086244689504383e-15,1.7541523789077473e-14,1.1102230246251565e-15,0.12499999999999924,8,2.2204460492503131e-16,4.42115961896139e-15,0,0,1.7541523789077473e-14,6.6613381477509392e-16,0.067280999035574496,3.1146864744951017,0,1.6320278461989801e-14,4.42115961896139e-15
hex,2,2,0,gll,shear,0,constant,yy,direct,1.7834126874106779e-12,nan,7.1463086091865694e-12,0,2.4966439001050713e-12,nan,2.5479062520334249e-12,1.333266155720869e-12,2.1609935475602767e-14,0,0,0,3.1086244689504383e-15,1.7541523789077473e-14,1.1102230246251565e-15,0.12499999999999924,8,2.2204460492503131e-16,4.42115961896139e-15,0,0,1.7541523789077473e-14,6.6613381477509392e-16,0.067280999035574496,3.1146864744951017,0,1.6320278461989801e-14,4.42115961896139e-15
hex,2,2,0,gll,shear,0,constant,yy,fe_geometry,1.7834126874106779e-12,nan,7.1463086091865694e-12,0,2.4966439001050713e-12,nan,2.5479062520334249e-12,1.333266155720869e-12,2.1609935475602767e-14,0,0,0,3.1086244689504383e-15,1.7541523789077473e-14,1.1102230246251565e-15,0.12499999999999924,8,2.2204460492503131e-16,4.42115961896139e-15,0,0,1.7541523789077473e-14,6.6613381477509392e-16,0.067280999035574496,3.1146864744951017,0,1.6320278461989801e-14,4.42115961896139e-15
hex,2,2,0,gll,shear,0,constant,yy,reused,1.783391194358272e-12,nan,7.1497451122939661e-12,0,2.4965546811684581e-12,nan,2.5479715466425553e-12,1.3339889951599076e-12,2.1609935475602767e-14,1.4290812546547149e-15,0.0008013183178199691,0,3.1086244689504383e-15,1.7541523789077473e-14,1.1102230246251565e-15,0.12499999999999924,8,2.2204460492503131e-16,4.42115961896139e-15,0,0,1.7541523789077473e-14,6.6613381477509392e-16,0.067280999035574496,3.1146864744951017,0,1.6320278461989801e-14,4.42115961896139e-15
hex,2,2,0,gll,shear,0,constant,yy,reused_centered,1.7834204928371912e-12,nan,7.1462465938786347e-12,0,2.4965634642217764e-12,nan,2.5476207526241518e-12,1.3331760782075701e-12,2.1609935475602767e-14,8.8174046504689455e-16,0.00049441190548391023,0,3.1086244689504383e-15,1.7541523789077473e-14,1.1102230246251565e-15,0.12499999999999924,8,2.2204460492503131e-16,4.42115961896139e-15,0,0,1.7541523789077473e-14,6.6613381477509392e-16,0.067280999035574496,3.1146864744951017,0,1.6320278461989801e-14,4.42115961896139e-15
hex,2,2,0,gll,shear,0,constant,yz,recursive,2.0977254939424498e-12,nan,1.1243505626463271e-11,0,3.2730385070933984e-12,nan,5.3427695217725654e-12,3.3185635024408403e-12,2.1609935475602767e-14,7.5137471689184534e-14,0.035492016010031664,0,3.1086244689504383e-15,1.7541523789077473e-14,1.1102230246251565e-15,0.12499999999999924,8,2.2204460492503131e-16,4.42115961896139e-15,0,0,1.7541523789077473e-14,6.6613381477509392e-16,0.067280999035574496,3.1146864744951017,0,1.6320278461989801e-14,4.42115961896139e-15
hex,2,2,0,gll,shear,0,constant,yz,direct,2.1170246195073067e-12,nan,1.1053514053229957e-11,0,3.3194131751941585e-12,nan,5.4177040196347629e-12,3.3716788198339394e-12,2.1609935475602767e-14,0,0,0,3.1086244689504383e-15,1.7541523789077473e-14,1.1102230246251565e-15,0.12499999999999924,8,2.2204460492503131e-16,4.42115961896139e-15,0,0,1.7541523789077473e-14,6.6613381477509392e-16,0.067280999035574496,3.1146864744951017,0,1.6320278461989801e-14,4.42115961896139e-15
hex,2,2,0,gll,shear,0,constant,yz,fe_geometry,2.1170246195073067e-12,nan,1.1053514053229957e-11,0,3.3194131751941585e-12,nan,5.4177040196347629e-12,3.3716788198339394e-12,2.1609935475602767e-14,0,0,0,3.1086244689504383e-15,1.7541523789077473e-14,1.1102230246251565e-15,0.12499999999999924,8,2.2204460492503131e-16,4.42115961896139e-15,0,0,1.7541523789077473e-14,6.6613381477509392e-16,0.067280999035574496,3.1146864744951017,0,1.6320278461989801e-14,4.42115961896139e-15
hex,2,2,0,gll,shear,0,constant,yz,reused,2.1170585193296149e-12,nan,1.1063459625453509e-11,0,3.3193623399312743e-12,nan,5.4180685540152839e-12,3.3720026166826574e-12,2.1609935475602767e-14,1.3840186658774023e-15,0.00065375652844297278,0,3.1086244689504383e-15,1.7541523789077473e-14,1.1102230246251565e-15,0.12499999999999924,8,2.2204460492503131e-16,4.42115961896139e-15,0,0,1.7541523789077473e-14,6.6613381477509392e-16,0.067280999035574496,3.1146864744951017,0,1.6320278461989801e-14,4.42115961896139e-15
hex,2,2,0,gll,shear,0,constant,yz,reused_centered,2.1169895003122574e-12,nan,1.1058714572811891e-11,0,3.3192647156964804e-12,nan,5.4176315652628898e-12,3.3715700529793959e-12,2.1609935475602767e-14,1.0741935023899221e-15,0.00050740718482523745,0,3.1086244689504383e-15,1.7541523789077473e-14,1.1102230246251565e-15,0.12499999999999924,8,2.2204460492503131e-16,4.42115961896139e-15,0,0,1.7541523789077473e-14,6.6613381477509392e-16,0.067280999035574496,3.1146864744951017,0,1.6320278461989801e-14,4.42115961896139e-15
hex,2,2,0,gll,shear,0,constant,zz,recursive,8.6523502188769418e-13,nan,3.1930452146287684e-12,0,1.2939870668543572e-12,nan,8.7811254665340298e-13,5.2296348797576387e-13,2.1609935475602767e-14,4.3895412061578975e-13,nan,0,3.1086244689504383e-15,1.7541523789077473e-14,1.1102230246251565e-15,0.12499999999999924,8,2.2204460492503131e-16,4.42115961896139e-15,0,0,1.7541523789077473e-14,6.6613381477509392e-16,0.067280999035574496,3.1146864744951017,0,1.6320278461989801e-14,4.42115961896139e-15
hex,2,2,0,gll,shear,0,constant,zz,direct,8.5258143083185687e-13,nan,2.3788051595317772e-12,0,1.3003166835363078e-12,nan,2.2298105127835649e-13,1.4039660660298481e-13,2.1609935475602767e-14,0,nan,0,3.1086244689504383e-15,1.7541523789077473e-14,1.1102230246251565e-15,0.12499999999999924,8,2.2204460492503131e-16,4.42115961896139e-15,0,0,1.7541523789077473e-14,6.6613381477509392e-16,0.067280999035574496,3.1146864744951017,0,1.6320278461989801e-14,4.42115961896139e-15
hex,2,2,0,gll,shear,0,constant,zz,fe_geometry,8.5258143083185687e-13,nan,2.3788051595317772e-12,0,1.3003166835363078e-12,nan,2.2298105127835649e-13,1.4039660660298481e-13,2.1609935475602767e-14,0,nan,0,3.1086244689504383e-15,1.7541523789077473e-14,1.1102230246251565e-15,0.12499999999999924,8,2.2204460492503131e-16,4.42115961896139e-15,0,0,1.7541523789077473e-14,6.6613381477509392e-16,0.067280999035574496,3.1146864744951017,0,1.6320278461989801e-14,4.42115961896139e-15
hex,2,2,0,gll,shear,0,constant,zz,reused,8.5263282251320487e-13,nan,2.3822757389279466e-12,0,1.3003605997934297e-12,nan,2.2280022619461013e-13,1.4043891880891846e-13,2.1609935475602767e-14,1.9041634533201983e-15,nan,0,3.1086244689504383e-15,1.7541523789077473e-14,1.1102230246251565e-15,0.12499999999999924,8,2.2204460492503131e-16,4.42115961896139e-15,0,0,1.7541523789077473e-14,6.6613381477509392e-16,0.067280999035574496,3.1146864744951017,0,1.6320278461989801e-14,4.42115961896139e-15
hex,2,2,0,gll,shear,0,constant,zz,reused_centered,8.5260010831885614e-13,nan,2.3788672818178052e-12,0,1.3002960235642646e-12,nan,2.2268903206546337e-13,1.4021419350877533e-13,2.1609935475602767e-14,1.6515767338609698e-15,nan,0,3.1086244689504383e-15,1.7541523789077473e-14,1.1102230246251565e-15,0.12499999999999924,8,2.2204460492503131e-16,4.42115961896139e-15,0,0,1.7541523789077473e-14,6.6613381477509392e-16,0.067280999035574496,3.1146864744951017,0,1.6320278461989801e-14,4.42115961896139e-15
hex,2,2,0,gll,shear,0,constant,xxx,recursive,1.5997702198938548e-13,nan,1.1566684572986492e-12,0,2.3898815451902599e-13,nan,2.2138306832442809e-13,1.4654881615200585e-13,2.1609935475602767e-14,1.5997702198938548e-13,nan,0,3.1086244689504383e-15,1.7541523789077473e-14,1.1102230246251565e-15,0.12499999999999924,8,2.2204460492503131e-16,4.42115961896139e-15,0,0,1.7541523789077473e-14,6.6613381477509392e-16,0.067280999035574496,3.1146864744951017,0,1.6320278461989801e-14,4.42115961896139e-15
hex,2,2,0,gll,shear,0,constant,xxx,direct,0,nan,0,0,0,nan,0,0,2.1609935475602767e-14,0,nan,0,3.1086244689504383e-15,1.7541523789077473e-14,1.1102230246251565e-15,0.12499999999999924,8,2.2204460492503131e-16,4.42115961896139e-15,0,0,1.7541523789077473e-14,6.6613381477509392e-16,0.067280999035574496,3.1146864744951017,0,1.6320278461989801e-14,4.42115961896139e-15
hex,2,2,0,gll,shear,0,constant,xxx,fe_geometry,0,nan,0,0,0,nan,0,0,2.1609935475602767e-14,0,nan,0,3.1086244689504383e-15,1.7541523789077473e-14,1.1102230246251565e-15,0.12499999999999924,8,2.2204460492503131e-16,4.42115961896139e-15,0,0,1.7541523789077473e-14,6.6613381477509392e-16,0.067280999035574496,3.1146864744951017,0,1.6320278461989801e-14,4.42115961896139e-15
hex,2,2,0,gll,shear,0,constant,xxx,reused,0,nan,0,0,0,nan,0,0,2.1609935475602767e-14,0,nan,0,3.1086244689504383e-15,1.7541523789077473e-14,1.1102230246251565e-15,0.12499999999999924,8,2.2204460492503131e-16,4.42115961896139e-15,0,0,1.7541523789077473e-14,6.6613381477509392e-16,0.067280999035574496,3.1146864744951017,0,1.6320278461989801e-14,4.42115961896139e-15
hex,2,2,0,gll,shear,0,constant,xxx,reused_centered,0,nan,0,0,0,nan,0,0,2.1609935475602767e-14,0,nan,0,3.1086244689504383e-15,1.7541523789077473e-14,1.1102230246251565e-15,0.12499999999999924,8,2.2204460492503131e-16,4.42115961896139e-15,0,0,1.7541523789077473e-14,6.6613381477509392e-16,0.067280999035574496,3.1146864744951017,0,1.6320278461989801e-14,4.42115961896139e-15
hex,2,2,0,gll,shear,0,constant,xxy,recursive,2.1440549974430836e-11,nan,1.0707632820697693e-10,0,3.4985429749654872e-11,nan,5.347291527854129e-11,3.2663757392378336e-11,2.1609935475602767e-14,1.2039347351876618e-12,0.057600121435006507,0,3.1086244689504383e-15,1.7541523789077473e-14,1.1102230246251565e-15,0.12499999999999924,8,2.2204460492503131e-16,4.42115961896139e-15,0,0,1.7541523789077473e-14,6.6613381477509392e-16,0.067280999035574496,3.1146864744951017,0,1.6320278461989801e-14,4.42115961896139e-15
hex,2,2,0,gll,shear,0,constant,xxy,direct,2.0901600642389788e-11,nan,1.0421159613070497e-10,0,3.4357425151548236e-11,nan,5.2117511726116087e-11,3.18709141883513e-11,2.1609935475602767e-14,0,0,0,3.1086244689504383e-15,1.7541523789077473e-14,1.1102230246251565e-15,0.12499999999999924,8,2.2204460492503131e-16,4.42115961896139e-15,0,0,1.7541523789077473e-14,6.6613381477509392e-16,0.067280999035574496,3.1146864744951017,0,1.6320278461989801e-14,4.42115961896139e-15
hex,2,2,0,gll,shear,0,constant,xxy,fe_geometry,2.0901600642389788e-11,nan,1.0421159613070497e-10,0,3.4357425151548236e-11,nan,5.2117511726116087e-11,3.18709141883513e-11,2.1609935475602767e-14,0,0,0,3.1086244689504383e-15,1.7541523789077473e-14,1.1102230246251565e-15,0.12499999999999924,8,2.2204460492503131e-16,4.42115961896139e-15,0,0,1.7541523789077473e-14,6.6613381477509392e-16,0.067280999035574496,3.1146864744951017,0,1.6320278461989801e-14,4.42115961896139e-15
hex,2,2,0,gll,shear,0,constant,xxy,reused,2.0899500494998975e-11,nan,1.0425335596225707e-10,0,3.4354173529515399e-11,nan,5.2114776801726487e-11,3.1871059400383488e-11,2.1609935475602767e-14,1.0702457822298836e-14,0.00051204010666023182,0,3.1086244689504383e-15,1.7541523789077473e-14,1.1102230246251565e-15,0.12499999999999924,8,2.2204460492503131e-16,4.42115961896139e-15,0,0,1.7541523789077473e-14,6.6613381477509392e-16,0.067280999035574496,3.1146864744951017,0,1.6320278461989801e-14,4.42115961896139e-15
hex,2,2,0,gll,shear,0,constant,xxy,reused_centered,2.0900136756052959e-11,nan,1.0420798314042911e-10,0,3.4354971574450546e-11,nan,5.21171803674825e-11,3.1871488333511735e-11,2.1609935475602767e-14,6.9331035252231214e-15,0.00033170203774548931,0,3.1086244689504383e-15,1.7541523789077473e-14,1.1102230246251565e-15,0.12499999999999924,8,2.2204460492503131e-16,4.42115961896139e-15,0,0,1.7541523789077473e-14,6.6613381477509392e-16,0.067280999035574496,3.1146864744951017,0,1.6320278461989801e-14,4.42115961896139e-15
hex,2,2,0,gll,shear,0,constant,xxz,recursive,1.4755754412577001e-11,nan,4.6441793975714195e-11,0,1.9311094537801589e-11,nan,2.3675840896225723e-11,1.4001154629819906e-11,2.1609935475602767e-14,5.7713614140880462e-13,0.038464677573881285,0,3.1086244689504383e-15,1.7541523789077473e-14,1.1102230246251565e-15,0.12499999999999924,8,2.2204460492503131e-16,4.42115961896139e-15,0,0,1.7541523789077473e-14,6.6613381477509392e-16,0.067280999035574496,3.1146864744951017,0,1.6320278461989801e-14,4.42115961896139e-15
hex,2,2,0,gll,shear,0,constant,xxz,direct,1.5004315070632442e-11,nan,4.5983108642123808e-11,0,1.9803843713153921e-11,nan,2.4393824608032535e-11,1.4176064174168688e-11,2.1609935475602767e-14,0,0,0,3.1086244689504383e-15,1.7541523789077473e-14,1.1102230246251565e-15,0.12499999999999924,8,2.2204460492503131e-16,4.42115961896139e-15,0,0,1.7541523789077473e-14,6.6613381477509392e-16,0.067280999035574496,3.1146864744951017,0,1.6320278461989801e-14,4.42115961896139e-15
hex,2,2,0,gll,shear,0,constant,xxz,fe_geometry,1.5004315070632442e-11,nan,4.5983108642123808e-11,0,1.9803843713153921e-11,nan,2.4393824608032535e-11,1.4176064174168688e-11,2.1609935475602767e-14,0,0,0,3.1086244689504383e-15,1.7541523789077473e-14,1.1102230246251565e-15,0.12499999999999924,8,2.2204460492503131e-16,4.42115961896139e-15,0,0,1.7541523789077473e-14,6.6613381477509392e-16,0.067280999035574496,3.1146864744951017,0,1.6320278461989801e-14,4.42115961896139e-15
hex,2,2,0,gll,shear,0,constant,xxz,reused,1.5004295841190827e-11,nan,4.6007877740370076e-11,0,1.9803351986391943e-11,nan,2.4394232573389183e-11,1.4175687046306002e-11,2.1609935475602767e-14,1.1221135740267005e-14,0.00074786057793666601,0,3.1086244689504383e-15,1.7541523789077473e-14,1.1102230246251565e-15,0.12499999999999924,8,2.2204460492503131e-16,4.42115961896139e-15,0,0,1.7541523789077473e-14,6.6613381477509392e-16,0.067280999035574496,3.1146864744951017,0,1.6320278461989801e-14,4.42115961896139e-15
hex,2,2,0,gll,shear,0,constant,xxz,reused_centered,1.5004010562504421e-11,nan,4.5993608858084367e-11,0,1.9802665573649757e-11,nan,2.4392678562323236e-11,1.4172990190974697e-11,2.1609935475602767e-14,7.4639875502937155e-15,0.00049745606614878324,0,3.1086244689504383e-15,1.7541523789077473e-14,1.1102230246251565e-15,0.12499999999999924,8,2.2204460492503131e-16,4.42115961896139e-15,0,0,1.7541523789077473e-14,6.6613381477509392e-16,0.067280999035574496,3.1146864744951017,0,1.6320278461989801e-14,4.42115961896139e-15
hex,2,2,0,gll,shear,0,constant,xyy,recursive,2.1420368782367332e-11,nan,1.0547756024149554e-10,0,3.4966221305614782e-11,nan,5.3450400305744041e-11,3.2533068587486894e-11,2.1609935475602767e-14,1.1795966366835538e-12,0.056492372292488387,0,3.1086244689504383e-15,1.7541523789077473e-14,1.1102230246251565e-15,0.12499999999999924,8,2.2204460492503131e-16,4.42115961896139e-15,0,0,1.7541523789077473e-14,6.6613381477509392e-16,0.067280999035574496,3.1146864744951017,0,1.6320278461989801e-14,4.42115961896139e-15
hex,2,2,0,gll,shear,0,constant,xyy,direct,2.0880635540957817e-11,nan,1.0368691301142618e-10,0,3.4340425563622692e-11,nan,5.2127663738373617e-11,3.1857115218960572e-11,2.1609935475602767e-14,0,0,0,3.1086244689504383e-15,1.7541523789077473e-14,1.1102230246251565e-15,0.12499999999999924,8,2.2204460492503131e-16,4.42115961896139e-15,0,0,1.7541523789077473e-14,6.6613381477509392e-16,0.067280999035574496,3.1146864744951017,0,1.6320278461989801e-14,4.42115961896139e-15
hex,2,2,0,gll,shear,0,constant,xyy,fe_geometry,2.0880635540957817e-11,nan,1.0368691301142618e-10,0,3.4340425563622692e-11,nan,5.2127663738373617e-11,3.1857115218960572e-11,2.1609935475602767e-14,0,0,0,3.1086244689504383e-15,1.7541523789077473e-14,1.1102230246251565e-15,0.12499999999999924,8,2.2204460492503131e-16,4.42115961896139e-15,0,0,1.7541523789077473e-14,6.6613381477509392e-16,0.067280999035574496,3.1146864744951017,0,1.6320278461989801e-14,4.42115961896139e-15
hex,2,2,0,gll,shear,0,constant,xyy,reused,2.0878500986640791e-11,nan,1.036764380113016e-10,0,3.4337179144497759e-11,nan,5.2125400760527354e-11,3.1855441298055501e-11,2.1609935475602767e-14,9.858380370183645e-15,0.00047213028314421838,0,3.1086244689504383e-15,1.7541523789077473e-14,1.1102230246251565e-15,0.12499999999999924,8,2.2204460492503131e-16,4.42115961896139e-15,0,0,1.7541523789077473e-14,6.6613381477509392e-16,0.067280999035574496,3.1146864744951017,0,1.6320278461989801e-14,4.42115961896139e-15
hex,2,2,0,gll,shear,0,constant,xyy,reused_centered,2.0879178476640769e-11,nan,1.0367626766240624e-10,0,3.4337993201046435e-11,nan,5.2128167433235368e-11,3.1858189744756668e-11,2.1609935475602767e-14,7.0683230446826656e-15,0.00033851091509250268,0,3.1086244689504383e-15,1.7541523789077473e-14,1.1102230246251565e-15,0.12499999999999924,8,2.2204460492503131e-16,4.42115961896139e-15,0,0,1.7541523789077473e-14,6.6613381477509392e-16,0.067280999035574496,3.1146864744951017,0,1.6320278461989801e-14,4.42115961896139e-15
hex,2,2,0,gll,shear,0,constant,xyz,recursive,2.7743108755970324e-11,nan,1.727929267843384e-10,0,4.6219873479376046e-11,nan,9.06380106832608e-11,6.5552504960766941e-11,2.1609935475602767e-14,1.1246642331328317e-12,0.039688581660173604,0,3.1086244689504383e-15,1.7541523789077473e-14,1.1102230246251565e-15,0.12499999999999924,8,2.2204460492503131e-16,4.42115961896139e-15,0,0,1.7541523789077473e-14,6.6613381477509392e-16,0.067280999035574496,3.1146864744951017,0,1.6320278461989801e-14,4.42115961896139e-15
hex,2,2,0,gll,shear,0,constant,xyz,direct,2.833722411051542e-11,nan,1.76265190266743e-10,0,4.7380260669769819e-11,nan,9.3074165958043379e-11,6.7495117742768607e-11,2.1609935475602767e-14,0,0,0,3.1086244689504383e-15,1.7541523789077473e-14,1.1102230246251565e-15,0.12499999999999924,8,2.2204460492503131e-16,4.42115961896139e-15,0,0,1.7541523789077473e-14,6.6613381477509392e-16,0.067280999035574496,3.1146864744951017,0,1.6320278461989801e-14,4.42115961896139e-15
hex,2,2,0,gll,shear,0,constant,xyz,fe_geometry,2.833722411051542e-11,nan,1.76265190266743e-10,0,4.7380260669769819e-11,nan,9.3074165958043379e-11,6.7495117742768607e-11,2.1609935475602767e-14,0,0,0,3.1086244689504383e-15,1.7541523789077473e-14,1.1102230246251565e-15,0.12499999999999924,8,2.2204460492503131e-16,4.42115961896139e-15,0,0,1.7541523789077473e-14,6.6613381477509392e-16,0.067280999035574496,3.1146864744951017,0,1.6320278461989801e-14,4.42115961896139e-15
hex,2,2,0,gll,shear,0,constant,xyz,reused,2.8336272667308662e-11,nan,1.7630186309927868e-10,0,4.7378774521167955e-11,nan,9.3073059224755606e-11,6.7494819088143617e-11,2.1609935475602767e-14,8.8154577142766022e-15,0.00031109108217150137,0,3.1086244689504383e-15,1.7541523789077473e-14,1.1102230246251565e-15,0.12499999999999924,8,2.2204460492503131e-16,4.42115961896139e-15,0,0,1.7541523789077473e-14,6.6613381477509392e-16,0.067280999035574496,3.1146864744951017,0,1.6320278461989801e-14,4.42115961896139e-15
hex,2,2,0,gll,shear,0,constant,xyz,reused_centered,2.8335683902724405e-11,nan,1.7628706667102416e-10,0,4.7377612499320727e-11,nan,9.3071055111603858e-11,6.7492860113249492e-11,2.1609935475602767e-14,7.344274259209057e-15,0.00025917408954971469,0,3.1086244689504383e-15,1.7541523789077473e-14,1.1102230246251565e-15,0.12499999999999924,8,2.2204460492503131e-16,4.42115961896139e-15,0,0,1.7541523789077473e-14,6.6613381477509392e-16,0.067280999035574496,3.1146864744951017,0,1.6320278461989801e-14,4.42115961896139e-15
hex,2,2,0,gll,shear,0,constant,xzz,recursive,1.1721290406778415e-11,nan,3.5158300351028516e-11,0,1.678446701052344e-11,nan,2.3777058674572735e-11,1.3879201289187097e-11,2.1609935475602767e-14,4.7939904036284929e-13,0.039611123021461254,0,3.1086244689504383e-15,1.7541523789077473e-14,1.1102230246251565e-15,0.12499999999999924,8,2.2204460492503131e-16,4.42115961896139e-15,0,0,1.7541523789077473e-14,6.6613381477509392e-16,0.067280999035574496,3.1146864744951017,0,1.6320278461989801e-14,4.42115961896139e-15
hex,2,2,0,gll,shear,0,constant,xzz,direct,1.210263693112441e-11,nan,3.6709518490818449e-11,0,1.7485395655017835e-11,nan,2.4522065743636246e-11,1.4211499796972855e-11,2.1609935475602767e-14,0,0,0,3.1086244689504383e-15,1.7541523789077473e-14,1.1102230246251565e-15,0.12499999999999924,8,2.2204460492503131e-16,4.42115961896139e-15,0,0,1.7541523789077473e-14,6.6613381477509392e-16,0.067280999035574496,3.1146864744951017,0,1.6320278461989801e-14,4.42115961896139e-15
hex,2,2,0,gll,shear,0,constant,xzz,fe_geometry,1.210263693112441e-11,nan,3.6709518490818449e-11,0,1.7485395655017835e-11,nan,2.4522065743636246e-11,1.4211499796972855e-11,2.1609935475602767e-14,0,0,0,3.1086244689504383e-15,1.7541523789077473e-14,1.1102230246251565e-15,0.12499999999999924,8,2.2204460492503131e-16,4.42115961896139e-15,0,0,1.7541523789077473e-14,6.6613381477509392e-16,0.067280999035574496,3.1146864744951017,0,1.6320278461989801e-14,4.42115961896139e-15
hex,2,2,0,gll,shear,0,constant,xzz,reused,1.2103050018964025e-11,nan,3.6706014765102131e-11,0,1.7485173699295202e-11,nan,2.4523301353700642e-11,1.4208948219024421e-11,2.1609935475602767e-14,9.4349653202121764e-15,0.00077957930770840777,0,3.1086244689504383e-15,1.7541523789077473e-14,1.1102230246251565e-15,0.12499999999999924,8,2.2204460492503131e-16,4.42115961896139e-15,0,0,1.7541523789077473e-14,6.6613381477509392e-16,0.067280999035574496,3.1146864744951017,0,1.6320278461989801e-14,4.42115961896139e-15
hex,2,2,0,gll,shear,0,constant,xzz,reused_centered,1.2102274209850223e-11,nan,3.6720018706778995e-11,0,1.7484200752605742e-11,nan,2.4520970737044296e-11,1.4207937665791983e-11,2.1609935475602767e-14,7.3360646111120149e-15,0.00060615423340064205,0,3.1086244689504383e-15,1.7541523789077473e-14,1.1102230246251565e-15,0.12499999999999924,8,2.2204460492503131e-16,4.42115961896139e-15,0,0,1.7541523789077473e-14,6.6613381477509392e-16,0.067280999035574496,3.1146864744951017,0,1.6320278461989801e-14,4.42115961896139e-15
hex,2,2,0,gll,shear,0,constant,yyy,recursive,3.7611152006919098e-13,nan,1.3877825164467927e-12,0,5.706031245788031e-13,nan,3.0797505204794111e-13,2.3747934675167652e-13,2.1609935475602767e-14,3.7611152006919098e-13,nan,0,3.1086244689504383e-15,1.7541523789077473e-14,1.1102230246251565e-15,0.12499999999999924,8,2.2204460492503131e-16,4.42115961896139e-15,0,0,1.7541523789077473e-14,6.6613381477509392e-16,0.067280999035574496,3.1146864744951017,0,1.6320278461989801e-14,4.42115961896139e-15
hex,2,2,0,gll,shear,0,constant,yyy,direct,0,nan,0,0,0,nan,0,0,2.1609935475602767e-14,0,nan,0,3.1086244689504383e-15,1.7541523789077473e-14,1.1102230246251565e-15,0.12499999999999924,8,2.2204460492503131e-16,4.42115961896139e-15,0,0,1.7541523789077473e-14,6.6613381477509392e-16,0.067280999035574496,3.1146864744951017,0,1.6320278461989801e-14,4.42115961896139e-15
hex,2,2,0,gll,shear,0,constant,yyy,fe_geometry,0,nan,0,0,0,nan,0,0,2.1609935475602767e-14,0,nan,0,3.1086244689504383e-15,1.7541523789077473e-14,1.1102230246251565e-15,0.12499999999999924,8,2.2204460492503131e-16,4.42115961896139e-15,0,0,1.7541523789077473e-14,6.6613381477509392e-16,0.067280999035574496,3.1146864744951017,0,1.6320278461989801e-14,4.42115961896139e-15
hex,2,2,0,gll,shear,0,constant,yyy,reused,0,nan,0,0,0,nan,0,0,2.1609935475602767e-14,0,nan,0,3.1086244689504383e-15,1.7541523789077473e-14,1.1102230246251565e-15,0.12499999999999924,8,2.2204460492503131e-16,4.42115961896139e-15,0,0,1.7541523789077473e-14,6.6613381477509392e-16,0.067280999035574496,3.1146864744951017,0,1.6320278461989801e-14,4.42115961896139e-15
hex,2,2,0,gll,shear,0,constant,yyy,reused_centered,0,nan,0,0,0,nan,0,0,2.1609935475602767e-14,0,nan,0,3.1086244689504383e-15,1.7541523789077473e-14,1.1102230246251565e-15,0.12499999999999924,8,2.2204460492503131e-16,4.42115961896139e-15,0,0,1.7541523789077473e-14,6.6613381477509392e-16,0.067280999035574496,3.1146864744951017,0,1.6320278461989801e-14,4.42115961896139e-15
hex,2,2,0,gll,shear,0,constant,yyz,recursive,1.451327208430672e-11,nan,4.5653305425192006e-11,0,1.9294573025701521e-11,nan,2.29815591146549e-11,1.2675682943324773e-11,2.1609935475602767e-14,7.4154564780783326e-13,0.050634943057916847,0,3.1086244689504383e-15,1.7541523789077473e-14,1.1102230246251565e-15,0.12499999999999924,8,2.2204460492503131e-16,4.42115961896139e-15,0,0,1.7541523789077473e-14,6.6613381477509392e-16,0.067280999035574496,3.1146864744951017,0,1.6320278461989801e-14,4.42115961896139e-15
hex,2,2,0,gll,shear,0,constant,yyz,direct,1.4644938910262909e-11,nan,4.3019789407850808e-11,0,1.9599137970611496e-11,nan,2.3436676380495349e-11,1.252702450378303e-11,2.1609935475602767e-14,0,0,0,3.1086244689504383e-15,1.7541523789077473e-14,1.1102230246251565e-15,0.12499999999999924,8,2.2204460492503131e-16,4.42115961896139e-15,0,0,1.7541523789077473e-14,6.6613381477509392e-16,0.067280999035574496,3.1146864744951017,0,1.6320278461989801e-14,4.42115961896139e-15
hex,2,2,0,gll,shear,0,constant,yyz,fe_geometry,1.4644938910262909e-11,nan,4.3019789407850808e-11,0,1.9599137970611496e-11,nan,2.3436676380495349e-11,1.252702450378303e-11,2.1609935475602767e-14,0,0,0,3.1086244689504383e-15,1.7541523789077473e-14,1.1102230246251565e-15,0.12499999999999924,8,2.2204460492503131e-16,4.42115961896139e-15,0,0,1.7541523789077473e-14,6.6613381477509392e-16,0.067280999035574496,3.1146864744951017,0,1.6320278461989801e-14,4.42115961896139e-15
hex,2,2,0,gll,shear,0,constant,yyz,reused,1.4645181691648232e-11,nan,4.3057830974224974e-11,0,1.9598628210114954e-11,nan,2.3437640812302412e-11,1.2532422559801175e-11,2.1609935475602767e-14,1.0124483708606024e-14,0.00069132986970064914,0,3.1086244689504383e-15,1.7541523789077473e-14,1.1102230246251565e-15,0.12499999999999924,8,2.2204460492503131e-16,4.42115961896139e-15,0,0,1.7541523789077473e-14,6.6613381477509392e-16,0.067280999035574496,3.1146864744951017,0,1.6320278461989801e-14,4.42115961896139e-15
hex,2,2,0,gll,shear,0,constant,yyz,reused_centered,1.4644710931793071e-11,nan,4.3033721281059275e-11,0,1.9598094088882625e-11,nan,2.3436447470061525e-11,1.252864271761629e-11,2.1609935475602767e-14,7.0409889456351776e-15,0.00048077967335875875,0,3.1086244689504383e-15,1.7541523789077473e-14,1.1102230246251565e-15,0.12499999999999924,8,2.2204460492503131e-16,4.42115961896139e-15,0,0,1.7541523789077473e-14,6.6613381477509392e-16,0.067280999035574496,3.1146864744951017,0,1.6320278461989801e-14,4.42115961896139e-15
hex,2,2,0,gll,shear,0,constant,yzz,recursive,1.150711051212578e-11,nan,3.5013550535717828e-11,0,1.6796377310240391e-11,nan,2.2947663351140846e-11,1.2290552419557485e-11,2.1609935475602767e-14,4.6479070173407135e-13,0.039516651827626197,0,3.1086244689504383e-15,1.7541523789077473e-14,1.1102230246251565e-15,0.12499999999999924,8,2.2204460492503131e-16,4.42115961896139e-15,0,0,1.7541523789077473e-14,6.6613381477509392e-16,0.067280999035574496,3.1146864744951017,0,1.6320278461989801e-14,4.42115961896139e-15
hex,2,2,0,gll,shear,0,constant,yzz,direct,1.1761894802259917e-11,nan,3.484619775358551e-11,0,1.7295326707828817e-11,nan,2.3456233060863703e-11,1.2485010873468055e-11,2.1609935475602767e-14,0,0,0,3.1086244689504383e-15,1.7541523789077473e-14,1.1102230246251565e-15,0.12499999999999924,8,2.2204460492503131e-16,4.42115961896139e-15,0,0,1.7541523789077473e-14,6.6613381477509392e-16,0.067280999035574496,3.1146864744951017,0,1.6320278461989801e-14,4.42115961896139e-15
hex,2,2,0,gll,shear,0,constant,yzz,fe_geometry,1.1761894802259917e-11,nan,3.484619775358551e-11,0,1.7295326707828817e-11,nan,2.3456233060863703e-11,1.2485010873468055e-11,2.1609935475602767e-14,0,0,0,3.1086244689504383e-15,1.7541523789077473e-14,1.1102230246251565e-15,0.12499999999999924,8,2.2204460492503131e-16,4.42115961896139e-15,0,0,1.7541523789077473e-14,6.6613381477509392e-16,0.067280999035574496,3.1146864744951017,0,1.6320278461989801e-14,4.42115961896139e-15
hex,2,2,0,gll,shear,0,constant,yzz,reused,1.1761984299063258e-11,nan,3.4884478853470868e-11,0,1.7294765000620431e-11,nan,2.3459235713450552e-11,1.2487149594740191e-11,2.1609935475602767e-14,8.672066629764228e-15,0.00073730183576357,0,3.1086244689504383e-15,1.7541523789077473e-14,1.1102230246251565e-15,0.12499999999999924,8,2.2204460492503131e-16,4.42115961896139e-15,0,0,1.7541523789077473e-14,6.6613381477509392e-16,0.067280999035574496,3.1146864744951017,0,1.6320278461989801e-14,4.42115961896139e-15
hex,2,2,0,gll,shear,0,constant,yzz,reused_centered,1.1761605991275559e-11,nan,3.4867161985538015e-11,0,1.7294234044270287e-11,nan,2.3455777730063292e-11,1.2483295218220824e-11,2.1609935475602767e-14,6.7667564598924193e-15,0.00057531176512412466,0,3.1086244689504383e-15,1.7541523789077473e-14,1.1102230246251565e-15,0.12499999999999924,8,2.2204460492503131e-16,4.42115961896139e-15,0,0,1.7541523789077473e-14,6.6613381477509392e-16,0.067280999035574496,3.1146864744951017,0,1.6320278461989801e-14,4.42115961896139e-15
hex,2,2,0,gll,shear,0,constant,zzz,recursive,2.9464339838189658e-12,nan,6.7125547933052622e-12,0,2.9716673578928719e-12,nan,3.1529645150496344e-13,2.3815184420193683e-13,2.1609935475602767e-14,2.9464339838189658e-12,nan,0,3.1086244689504383e-15,1.7541523789077473e-14,1.1102230246251565e-15,0.12499999999999924,8,2.2204460492503131e-16,4.42115961896139e-15,0,0,1.7541523789077473e-14,6.6613381477509392e-16,0.067280999035574496,3.1146864744951017,0,1.6320278461989801e-14,4.42115961896139e-15
hex,2,2,0,gll,shear,0,constant,zzz,direct,0,nan,0,0,0,nan,0,0,2.1609935475602767e-14,0,nan,0,3.1086244689504383e-15,1.7541523789077473e-14,1.1102230246251565e-15,0.12499999999999924,8,2.2204460492503131e-16,4.42115961896139e-15,0,0,1.7541523789077473e-14,6.6613381477509392e-16,0.067280999035574496,3.1146864744951017,0,1.6320278461989801e-14,4.42115961896139e-15
hex,2,2,0,gll,shear,0,constant,zzz,fe_geometry,0,nan,0,0,0,nan,0,0,2.1609935475602767e-14,0,nan,0,3.1086244689504383e-15,1.7541523789077473e-14,1.1102230246251565e-15,0.12499999999999924,8,2.2204460492503131e-16,4.42115961896139e-15,0,0,1.7541523789077473e-14,6.6613381477509392e-16,0.067280999035574496,3.1146864744951017,0,1.6320278461989801e-14,4.42115961896139e-15
hex,2,2,0,gll,shear,0,constant,zzz,reused,0,nan,0,0,0,nan,0,0,2.1609935475602767e-14,0,nan,0,3.1086244689504383e-15,1.7541523789077473e-14,1.1102230246251565e-15,0.12499999999999924,8,2.2204460492503131e-16,4.42115961896139e-15,0,0,1.7541523789077473e-14,6.6613381477509392e-16,0.067280999035574496,3.1146864744951017,0,1.6320278461989801e-14,4.42115961896139e-15
hex,2,2,0,gll,shear,0,constant,zzz,reused_centered,0,nan,0,0,0,nan,0,0,2.1609935475602767e-14,0,nan,0,3.1086244689504383e-15,1.7541523789077473e-14,1.1102230246251565e-15,0.12499999999999924,8,2.2204460492503131e-16,4.42115961896139e-15,0,0,1.7541523789077473e-14,6.6613381477509392e-16,0.067280999035574496,3.1146864744951017,0,1.6320278461989801e-14,4.42115961896139e-15
hex,2,2,0,gll,shear,0,represented_polynomial,x,recursive,9.9654787384620557e-14,7.1466151763540707e-14,1.9668711104259273e-12,1.3944333775567948,1.8659220153377446e-13,1.316362493445891e-13,2.2831626335902756e-13,1.4385722370803955e-13,8.0297716247034712e-15,1.9703142559333567e-14,1.4129855808425711e-14,0,3.1086244689504383e-15,1.7541523789077473e-14,1.1102230246251565e-15,0.12499999999999924,8,2.2204460492503131e-16,4.42115961896139e-15,0,0,1.7541523789077473e-14,6.6613381477509392e-16,0.067280999035574496,3.1146864744951017,0,1.6320278461989801e-14,4.42115961896139e-15
hex,2,2,0,gll,shear,0,represented_polynomial,x,direct,9.7250569704455572e-14,6.9741997910900263e-14,1.9482193636122247e-12,1.3944333775567948,1.800504663560015e-13,1.2702121465434391e-13,2.264730754966281e-13,1.4422135122091274e-13,8.0297716247034712e-15,0,0,0,3.1086244689504383e-15,1.7541523789077473e-14,1.1102230246251565e-15,0.12499999999999924,8,2.2204460492503131e-16,4.42115961896139e-15,0,0,1.7541523789077473e-14,6.6613381477509392e-16,0.067280999035574496,3.1146864744951017,0,1.6320278461989801e-14,4.42115961896139e-15
hex,2,2,0,gll,shear,0,represented_polynomial,x,fe_geometry,9.7250569704455572e-14,6.9741997910900263e-14,1.9482193636122247e-12,1.3944333775567948,1.800504663560015e-13,1.2702121465434391e-13,2.264730754966281e-13,1.4422135122091274e-13,8.0297716247034712e-15,0,0,0,3.1086244689504383e-15,1.7541523789077473e-14,1.1102230246251565e-15,0.12499999999999924,8,2.2204460492503131e-16,4.42115961896139e-15,0,0,1.7541523789077473e-14,6.6613381477509392e-16,0.067280999035574496,3.1146864744951017,0,1.6320278461989801e-14,4.42115961896139e-15
hex,2,2,0,gll,shear,0,represented_polynomial,x,reused,9.7275713215040124e-14,6.9760029256814108e-14,1.950439809661475e-12,1.3944333775567948,1.8014482383965446e-13,1.2708778155876743e-13,2.2665218555064211e-13,1.4436116479048929e-13,8.0297716247034712e-15,5.0270174648302186e-16,3.6050610561532317e-16,0,3.1086244689504383e-15,1.7541523789077473e-14,1.1102230246251565e-15,0.12499999999999924,8,2.2204460492503131e-16,4.42115961896139e-15,0,0,1.7541523789077473e-14,6.6613381477509392e-16,0.067280999035574496,3.1146864744951017,0,1.6320278461989801e-14,4.42115961896139e-15
hex,2,2,0,gll,shear,0,represented_polynomial,x,reused_centered,9.7275057514409068e-14,6.9759559029522073e-14,1.9508838988713251e-12,1.3944333775567948,1.8014159022714366e-13,1.2708550032397166e-13,2.2664875220537853e-13,1.4433902157475286e-13,8.0297716247034712e-15,4.7955580677171475e-16,3.4390729201559315e-16,0,3.1086244689504383e-15,1.7541523789077473e-14,1.1102230246251565e-15,0.12499999999999924,8,2.2204460492503131e-16,4.42115961896139e-15,0,0,1.7541523789077473e-14,6.6613381477509392e-16,0.067280999035574496,3.1146864744951017,0,1.6320278461989801e-14,4.42115961896139e-15
hex,2,2,0,gll,shear,0,represented_polynomial,y,recursive,1.0167506352912664e-13,7.2914966871542607e-14,1.9801937867214292e-12,1.3944333775567905,1.910820956808802e-13,1.3480376020849952e-13,2.2811301741703797e-13,1.4397846392007429e-13,8.0297716247034712e-15,2.0513469224163336e-14,1.471097117605237e-14,0,3.1086244689504383e-15,1.7541523789077473e-14,1.1102230246251565e-15,0.12499999999999924,8,2.2204460492503131e-16,4.42115961896139e-15,0,0,1.7541523789077473e-14,6.6613381477509392e-16,0.067280999035574496,3.1146864744951017,0,1.6320278461989801e-14,4.42115961896139e-15
hex,2,2,0,gll,shear,0,represented_polynomial,y,direct,9.8511402930103145e-14,7.0646188276636492e-14,1.9038104426272184e-12,1.3944333775567905,1.8291683351501725e-13,1.2904336680730519e-13,2.2707929383709251e-13,1.4378300585571042e-13,8.0297716247034712e-15,0,0,0,3.1086244689504383e-15,1.7541523789077473e-14,1.1102230246251565e-15,0.12499999999999924,8,2.2204460492503131e-16,4.42115961896139e-15,0,0,1.7541523789077473e-14,6.6613381477509392e-16,0.067280999035574496,3.1146864744951017,0,1.6320278461989801e-14,4.42115961896139e-15
hex,2,2,0,gll,shear,0,represented_polynomial,y,fe_geometry,9.8511402930103145e-14,7.0646188276636492e-14,1.9038104426272184e-12,1.3944333775567905,1.8291683351501725e-13,1.2904336680730519e-13,2.2707929383709251e-13,1.4378300585571042e-13,8.0297716247034712e-15,0,0,0,3.1086244689504383e-15,1.7541523789077473e-14,1.1102230246251565e-15,0.12499999999999924,8,2.2204460492503131e-16,4.42115961896139e-15,0,0,1.7541523789077473e-14,6.6613381477509392e-16,0.067280999035574496,3.1146864744951017,0,1.6320278461989801e-14,4.42115961896139e-15
hex,2,2,0,gll,shear,0,represented_polynomial,y,reused,9.8514853560755229e-14,7.0648662852121853e-14,1.9060308886764687e-12,1.3944333775567905,1.829870018023463e-13,1.2909286882341844e-13,2.2708726233191977e-13,1.437593904911886e-13,8.0297716247034712e-15,5.0565470735210572e-16,3.6262378360310811e-16,0,3.1086244689504383e-15,1.7541523789077473e-14,1.1102230246251565e-15,0.12499999999999924,8,2.2204460492503131e-16,4.42115961896139e-15,0,0,1.7541523789077473e-14,6.6613381477509392e-16,0.067280999035574496,3.1146864744951017,0,1.6320278461989801e-14,4.42115961896139e-15
hex,2,2,0,gll,shear,0,represented_polynomial,y,reused_centered,9.8514442788791507e-14,7.0648368272280085e-14,1.9060308886764687e-12,1.3944333775567905,1.8298803312199016e-13,1.2909359639428517e-13,2.2712781383412988e-13,1.4376419591406087e-13,8.0297716247034712e-15,4.8734703329892545e-16,3.4949467012387018e-16,0,3.1086244689504383e-15,1.7541523789077473e-14,1.1102230246251565e-15,0.12499999999999924,8,2.2204460492503131e-16,4.42115961896139e-15,0,0,1.7541523789077473e-14,6.6613381477509392e-16,0.067280999035574496,3.1146864744951017,0,1.6320278461989801e-14,4.42115961896139e-15
hex,2,2,0,gll,shear,0,represented_polynomial,z,recursive,1.0465533240051343e-13,7.5052228442696821e-14,2.4718005420254485e-12,1.3944333775567888,2.0148610313722429e-13,1.4214353383488134e-13,2.4615218078587914e-13,1.4797104991827853e-13,8.0297716247034712e-15,3.0797379522357701e-14,2.2085945458590774e-14,0,3.1086244689504383e-15,1.7541523789077473e-14,1.1102230246251565e-15,0.12499999999999924,8,2.2204460492503131e-16,4.42115961896139e-15,0,0,1.7541523789077473e-14,6.6613381477509392e-16,0.067280999035574496,3.1146864744951017,0,1.6320278461989801e-14,4.42115961896139e-15
hex,2,2,0,gll,shear,0,represented_polynomial,z,direct,1.0604338849645153e-13,7.6047655057032562e-14,2.454036973631446e-12,1.3944333775567888,1.9856819086724679e-13,1.4008501786272875e-13,2.5728950494885603e-13,1.615119868035999e-13,8.0297716247034712e-15,0,0,0,3.1086244689504383e-15,1.7541523789077473e-14,1.1102230246251565e-15,0.12499999999999924,8,2.2204460492503131e-16,4.42115961896139e-15,0,0,1.7541523789077473e-14,6.6613381477509392e-16,0.067280999035574496,3.1146864744951017,0,1.6320278461989801e-14,4.42115961896139e-15
hex,2,2,0,gll,shear,0,represented_polynomial,z,fe_geometry,1.0604338849645153e-13,7.6047655057032562e-14,2.454036973631446e-12,1.3944333775567888,1.9856819086724679e-13,1.4008501786272875e-13,2.5728950494885603e-13,1.615119868035999e-13,8.0297716247034712e-15,0,0,0,3.1086244689504383e-15,1.7541523789077473e-14,1.1102230246251565e-15,0.12499999999999924,8,2.2204460492503131e-16,4.42115961896139e-15,0,0,1.7541523789077473e-14,6.6613381477509392e-16,0.067280999035574496,3.1146864744951017,0,1.6320278461989801e-14,4.42115961896139e-15
hex,2,2,0,gll,shear,0,represented_polynomial,z,reused,1.0607239292605917e-13,7.606845521147126e-14,2.4602542225693469e-12,1.3944333775567888,1.9870874438167551e-13,1.4018417494067473e-13,2.5745967882589614e-13,1.6154805730507851e-13,8.0297716247034712e-15,5.9324217413067119e-16,4.2543601127083046e-16,0,3.1086244689504383e-15,1.7541523789077473e-14,1.1102230246251565e-15,0.12499999999999924,8,2.2204460492503131e-16,4.42115961896139e-15,0,0,1.7541523789077473e-14,6.6613381477509392e-16,0.067280999035574496,3.1146864744951017,0,1.6320278461989801e-14,4.42115961896139e-15
hex,2,2,0,gll,shear,0,represented_polynomial,z,reused_centered,1.0607266661537412e-13,7.6068651484250832e-14,2.4593660441496468e-12,1.3944333775567888,1.9872373823549755e-13,1.4019475273901856e-13,2.5748245017017644e-13,1.6156040744144647e-13,8.0297716247034712e-15,5.7780779062454918e-16,4.1436744123045684e-16,0,3.1086244689504383e-15,1.7541523789077473e-14,1.1102230246251565e-15,0.12499999999999924,8,2.2204460492503131e-16,4.42115961896139e-15,0,0,1.7541523789077473e-14,6.6613381477509392e-16,0.067280999035574496,3.1146864744951017,0,1.6320278461989801e-14,4.42115961896139e-15
hex,2,2,0,gll,shear,0,represented_polynomial,xx,recursive,7.0698599162259497e-13,3.5349299581131571e-13,8.2973627968385699e-12,1.9999999999998967,1.1827055712593659e-12,5.9135278562968293e-13,1.2953034269693124e-12,8.5102422842873216e-13,8.0297716247034712e-15,2.1113479626573308e-13,1.0556739813287227e-13,0,3.1086244689504383e-15,1.7541523789077473e-14,1.1102230246251565e-15,0.12499999999999924,8,2.2204460492503131e-16,4.42115961896139e-15,0,0,1.7541523789077473e-14,6.6613381477509392e-16,0.067280999035574496,3.1146864744951017,0,1.6320278461989801e-14,4.42115961896139e-15
hex,2,2,0,gll,shear,0,represented_polynomial,xx,direct,6.6521324233745744e-13,3.3260662116874588e-13,7.58904050712772e-12,1.9999999999998967,1.1115089739099419e-12,5.5575448695497097e-13,1.3027581589124409e-12,8.5244173607278916e-13,8.0297716247034712e-15,0,0,0,3.1086244689504383e-15,1.7541523789077473e-14,1.1102230246251565e-15,0.12499999999999924,8,2.2204460492503131e-16,4.42115961896139e-15,0,0,1.7541523789077473e-14,6.6613381477509392e-16,0.067280999035574496,3.1146864744951017,0,1.6320278461989801e-14,4.42115961896139e-15
hex,2,2,0,gll,shear,0,represented_polynomial,xx,fe_geometry,6.6521324233745744e-13,3.3260662116874588e-13,7.58904050712772e-12,1.9999999999998967,1.1115089739099419e-12,5.5575448695497097e-13,1.3027581589124409e-12,8.5244173607278916e-13,8.0297716247034712e-15,0,0,0,3.1086244689504383e-15,1.7541523789077473e-14,1.1102230246251565e-15,0.12499999999999924,8,2.2204460492503131e-16,4.42115961896139e-15,0,0,1.7541523789077473e-14,6.6613381477509392e-16,0.067280999035574496,3.1146864744951017,0,1.6320278461989801e-14,4.42115961896139e-15
hex,2,2,0,gll,shear,0,represented_polynomial,xx,reused,6.6540157117097112e-13,3.3270078558550268e-13,7.6094686107808229e-12,1.9999999999998967,1.1122236880772733e-12,5.5611184403863665e-13,1.3033795109074105e-12,8.5275187225221965e-13,8.0297716247034712e-15,2.1783885035343913e-15,1.0891942517672548e-15,0,3.1086244689504383e-15,1.7541523789077473e-14,1.1102230246251565e-15,0.12499999999999924,8,2.2204460492503131e-16,4.42115961896139e-15,0,0,1.7541523789077473e-14,6.6613381477509392e-16,0.067280999035574496,3.1146864744951017,0,1.6320278461989801e-14,4.42115961896139e-15
hex,2,2,0,gll,shear,0,represented_polynomial,xx,reused_centered,6.6539460427533609e-13,3.3269730213768521e-13,7.6072481647315726e-12,1.9999999999998967,1.1122418476349698e-12,5.5612092381748492e-13,1.3035897213783233e-12,8.5278705267752736e-13,8.0297716247034712e-15,1.8363155854128348e-15,9.181577927064673e-16,0,3.1086244689504383e-15,1.7541523789077473e-14,1.1102230246251565e-15,0.12499999999999924,8,2.2204460492503131e-16,4.42115961896139e-15,0,0,1.7541523789077473e-14,6.6613381477509392e-16,0.067280999035574496,3.1146864744951017,0,1.6320278461989801e-14,4.42115961896139e-15
hex,2,2,0,gll,shear,0,represented_polynomial,xy,recursive,1.1993307286051695e-12,2.0773017570227612e-12,1.7976731214730535e-11,0.57735026918962373,2.1000901996410948e-12,3.5639712510471142e-12,2.8348518902679819e-12,1.7052456845641134e-12,8.0297716247034712e-15,2.8597006251614464e-13,4.9531467772161698e-13,0,3.1086244689504383e-15,1.7541523789077473e-14,1.1102230246251565e-15,0.12499999999999924,8,2.2204460492503131e-16,4.42115961896139e-15,0,0,1.7541523789077473e-14,6.6613381477509392e-16,0.067280999035574496,3.1146864744951017,0,1.6320278461989801e-14,4.42115961896139e-15
hex,2,2,0,gll,shear,0,represented_polynomial,xy,direct,1.156637925974271e-12,2.0033556537485345e-12,1.6839751815211912e-11,0.57735026918962373,2.0177537598863856e-12,3.4242416793127643e-12,2.8183343373436542e-12,1.7400950178358915e-12,8.0297716247034712e-15,0,0,0,3.1086244689504383e-15,1.7541523789077473e-14,1.1102230246251565e-15,0.12499999999999924,8,2.2204460492503131e-16,4.42115961896139e-15,0,0,1.7541523789077473e-14,6.6613381477509392e-16,0.067280999035574496,3.1146864744951017,0,1.6320278461989801e-14,4.42115961896139e-15
hex,2,2,0,gll,shear,0,represented_polynomial,xy,fe_geometry,1.156637925974271e-12,2.0033556537485345e-12,1.6839751815211912e-11,0.57735026918962373,2.0177537598863856e-12,3.4242416793127643e-12,2.8183343373436542e-12,1.7400950178358915e-12,8.0297716247034712e-15,0,0,0,3.1086244689504383e-15,1.7541523789077473e-14,1.1102230246251565e-15,0.12499999999999924,8,2.2204460492503131e-16,4.42115961896139e-15,0,0,1.7541523789077473e-14,6.6613381477509392e-16,0.067280999035574496,3.1146864744951017,0,1.6320278461989801e-14,4.42115961896139e-15
hex,2,2,0,gll,shear,0,represented_polynomial,xy,reused,1.1566391059762368e-12,2.0033576975718924e-12,1.6856516182883752e-11,0.57735026918962373,2.0183712205137483e-12,3.4252895447449014e-12,2.819661804058701e-12,1.7405452918967247e-12,8.0297716247034712e-15,2.344189645456186e-15,4.0602555685070392e-15,0,3.1086244689504383e-15,1.7541523789077473e-14,1.1102230246251565e-15,0.12499999999999924,8,2.2204460492503131e-16,4.42115961896139e-15,0,0,1.7541523789077473e-14,6.6613381477509392e-16,0.067280999035574496,3.1146864744951017,0,1.6320278461989801e-14,4.42115961896139e-15
hex,2,2,0,gll,shear,0,represented_polynomial,xy,reused_centered,1.15672285435109e-12,2.0035027540121895e-12,1.686439876635859e-11,0.57735026918962373,2.0185110414684053e-12,3.4255268287733573e-12,2.8199797250753422e-12,1.7405306178998371e-12,8.0297716247034712e-15,2.1425455517391658e-15,3.7109977531429758e-15,0,3.1086244689504383e-15,1.7541523789077473e-14,1.1102230246251565e-15,0.12499999999999924,8,2.2204460492503131e-16,4.42115961896139e-15,0,0,1.7541523789077473e-14,6.6613381477509392e-16,0.067280999035574496,3.1146864744951017,0,1.6320278461989801e-14,4.42115961896139e-15
hex,2,2,0,gll,shear,0,represented_polynomial,xz,recursive,1.3574226809639329e-12,2.3511250507759013e-12,2.6201152358851232e-11,0.57735026918962307,2.5088950634329046e-12,4.2577361103332583e-12,3.5608557642060635e-12,2.0516677470378725e-12,8.0297716247034712e-15,2.2526295956258053e-13,3.9016689102572434e-13,0,3.1086244689504383e-15,1.7541523789077473e-14,1.1102230246251565e-15,0.12499999999999924,8,2.2204460492503131e-16,4.42115961896139e-15,0,0,1.7541523789077473e-14,6.6613381477509392e-16,0.067280999035574496,3.1146864744951017,0,1.6320278461989801e-14,4.42115961896139e-15
hex,2,2,0,gll,shear,0,represented_polynomial,xz,direct,1.2992142128541552e-12,2.2503050265790134e-12,2.4491408900928491e-11,0.57735026918962307,2.3732229705588176e-12,4.0274929337995675e-12,3.4077103477418115e-12,1.9628179755743384e-12,8.0297716247034712e-15,0,0,0,3.1086244689504383e-15,1.7541523789077473e-14,1.1102230246251565e-15,0.12499999999999924,8,2.2204460492503131e-16,4.42115961896139e-15,0,0,1.7541523789077473e-14,6.6613381477509392e-16,0.067280999035574496,3.1146864744951017,0,1.6320278461989801e-14,4.42115961896139e-15
hex,2,2,0,gll,shear,0,represented_polynomial,xz,fe_geometry,1.2992142128541552e-12,2.2503050265790134e-12,2.4491408900928491e-11,0.57735026918962307,2.3732229705588176e-12,4.0274929337995675e-12,3.4077103477418115e-12,1.9628179755743384e-12,8.0297716247034712e-15,0,0,0,3.1086244689504383e-15,1.7541523789077473e-14,1.1102230246251565e-15,0.12499999999999924,8,2.2204460492503131e-16,4.42115961896139e-15,0,0,1.7541523789077473e-14,6.6613381477509392e-16,0.067280999035574496,3.1146864744951017,0,1.6320278461989801e-14,4.42115961896139e-15
hex,2,2,0,gll,shear,0,represented_polynomial,xz,reused,1.3000373998667984e-12,2.2517308283090421e-12,2.4516610963587482e-11,0.57735026918962307,2.3747496483829584e-12,4.0300837919806967e-12,3.4102174960340484e-12,1.9639530498587646e-12,8.0297716247034712e-15,2.3059666069195207e-15,3.9940513237418347e-15,0,3.1086244689504383e-15,1.7541523789077473e-14,1.1102230246251565e-15,0.12499999999999924,8,2.2204460492503131e-16,4.42115961896139e-15,0,0,1.7541523789077473e-14,6.6613381477509392e-16,0.067280999035574496,3.1146864744951017,0,1.6320278461989801e-14,4.42115961896139e-15
hex,2,2,0,gll,shear,0,represented_polynomial,xz,reused_centered,1.2999606471254436e-12,2.2515978886613957e-12,2.4515056651353007e-11,0.57735026918962307,2.3746885366093561e-12,4.0299800818618374e-12,3.4102022936104012e-12,1.9638332496243445e-12,8.0297716247034712e-15,2.0673944955912503e-15,3.58083230565229e-15,0,3.1086244689504383e-15,1.7541523789077473e-14,1.1102230246251565e-15,0.12499999999999924,8,2.2204460492503131e-16,4.42115961896139e-15,0,0,1.7541523789077473e-14,6.6613381477509392e-16,0.067280999035574496,3.1146864744951017,0,1.6320278461989801e-14,4.42115961896139e-15
hex,2,2,0,gll,shear,0,represented_polynomial,yy,recursive,7.3113869260702441e-13,3.6556934630353104e-13,8.7863050168834889e-12,1.9999999999998967,1.2304559030393528e-12,6.1522795151967641e-13,1.2846549714500169e-12,8.6337586114399575e-13,8.0297716247034712e-15,2.5558106455308956e-13,1.2779053227655167e-13,0,3.1086244689504383e-15,1.7541523789077473e-14,1.1102230246251565e-15,0.12499999999999924,8,2.2204460492503131e-16,4.42115961896139e-15,0,0,1.7541523789077473e-14,6.6613381477509392e-16,0.067280999035574496,3.1146864744951017,0,1.6320278461989801e-14,4.42115961896139e-15
hex,2,2,0,gll,shear,0,represented_polynomial,yy,direct,6.7249053062630198e-13,3.3624526531316836e-13,7.3168138214896317e-12,1.9999999999998967,1.1304976296914503e-12,5.6524881484572514e-13,1.2884644511282898e-12,8.423927769556976e-13,8.0297716247034712e-15,0,0,0,3.1086244689504383e-15,1.7541523789077473e-14,1.1102230246251565e-15,0.12499999999999924,8,2.2204460492503131e-16,4.42115961896139e-15,0,0,1.7541523789077473e-14,6.6613381477509392e-16,0.067280999035574496,3.1146864744951017,0,1.6320278461989801e-14,4.42115961896139e-15
hex,2,2,0,gll,shear,0,represented_polynomial,yy,fe_geometry,6.7249053062630198e-13,3.3624526531316836e-13,7.3168138214896317e-12,1.9999999999998967,1.1304976296914503e-12,5.6524881484572514e-13,1.2884644511282898e-12,8.423927769556976e-13,8.0297716247034712e-15,0,0,0,3.1086244689504383e-15,1.7541523789077473e-14,1.1102230246251565e-15,0.12499999999999924,8,2.2204460492503131e-16,4.42115961896139e-15,0,0,1.7541523789077473e-14,6.6613381477509392e-16,0.067280999035574496,3.1146864744951017,0,1.6320278461989801e-14,4.42115961896139e-15
hex,2,2,0,gll,shear,0,represented_polynomial,yy,reused,6.7255781184428676e-13,3.3627890592216075e-13,7.3256956056866329e-12,1.9999999999998967,1.1310655601088789e-12,5.6553278005443947e-13,1.2883438558139552e-12,8.4160159307702383e-13,8.0297716247034712e-15,2.2274257347140631e-15,1.1137128673570919e-15,0,3.1086244689504383e-15,1.7541523789077473e-14,1.1102230246251565e-15,0.12499999999999924,8,2.2204460492503131e-16,4.42115961896139e-15,0,0,1.7541523789077473e-14,6.6613381477509392e-16,0.067280999035574496,3.1146864744951017,0,1.6320278461989801e-14,4.42115961896139e-15
hex,2,2,0,gll,shear,0,represented_polynomial,yy,reused_centered,6.7257520370869568e-13,3.3628760185436521e-13,7.3256956056866329e-12,1.9999999999998967,1.1310908825602283e-12,5.6554544128011416e-13,1.2886197890719767e-12,8.4175897363314094e-13,8.0297716247034712e-15,1.9553024245660555e-15,9.7765121228308061e-16,0,3.1086244689504383e-15,1.7541523789077473e-14,1.1102230246251565e-15,0.12499999999999924,8,2.2204460492503131e-16,4.42115961896139e-15,0,0,1.7541523789077473e-14,6.6613381477509392e-16,0.067280999035574496,3.1146864744951017,0,1.6320278461989801e-14,4.42115961896139e-15
hex,2,2,0,gll,shear,0,represented_polynomial,yz,recursive,1.3943250548713696e-12,2.4150418373034614e-12,2.6920465856505871e-11,0.57735026918962895,2.5748787354010802e-12,4.3697141148843323e-12,3.6921952647695728e-12,2.1628007970591577e-12,8.0297716247034712e-15,2.4604883810832867e-13,4.2616908874692547e-13,0,3.1086244689504383e-15,1.7541523789077473e-14,1.1102230246251565e-15,0.12499999999999924,8,2.2204460492503131e-16,4.42115961896139e-15,0,0,1.7541523789077473e-14,6.6613381477509392e-16,0.067280999035574496,3.1146864744951017,0,1.6320278461989801e-14,4.42115961896139e-15
hex,2,2,0,gll,shear,0,represented_polynomial,yz,direct,1.3281720043190074e-12,2.3004613926710983e-12,2.4057422720602517e-11,0.57735026918962895,2.4226877229382361e-12,4.1114374022088374e-12,3.5240922016524001e-12,2.0577211893387487e-12,8.0297716247034712e-15,0,0,0,3.1086244689504383e-15,1.7541523789077473e-14,1.1102230246251565e-15,0.12499999999999924,8,2.2204460492503131e-16,4.42115961896139e-15,0,0,1.7541523789077473e-14,6.6613381477509392e-16,0.067280999035574496,3.1146864744951017,0,1.6320278461989801e-14,4.42115961896139e-15
hex,2,2,0,gll,shear,0,represented_polynomial,yz,fe_geometry,1.3281720043190074e-12,2.3004613926710983e-12,2.4057422720602517e-11,0.57735026918962895,2.4226877229382361e-12,4.1114374022088374e-12,3.5240922016524001e-12,2.0577211893387487e-12,8.0297716247034712e-15,0,0,0,3.1086244689504383e-15,1.7541523789077473e-14,1.1102230246251565e-15,0.12499999999999924,8,2.2204460492503131e-16,4.42115961896139e-15,0,0,1.7541523789077473e-14,6.6613381477509392e-16,0.067280999035574496,3.1146864744951017,0,1.6320278461989801e-14,4.42115961896139e-15
hex,2,2,0,gll,shear,0,represented_polynomial,yz,reused,1.3286064512094515e-12,2.3012138767585374e-12,2.4082624783261508e-11,0.57735026918962895,2.4237226993294405e-12,4.1131938153878498e-12,3.525477310482036e-12,2.0585027280469458e-12,8.0297716247034712e-15,2.3393584356644143e-15,4.0518876676857173e-15,0,3.1086244689504383e-15,1.7541523789077473e-14,1.1102230246251565e-15,0.12499999999999924,8,2.2204460492503131e-16,4.42115961896139e-15,0,0,1.7541523789077473e-14,6.6613381477509392e-16,0.067280999035574496,3.1146864744951017,0,1.6320278461989801e-14,4.42115961896139e-15
hex,2,2,0,gll,shear,0,represented_polynomial,yz,reused_centered,1.3286920967728761e-12,2.3013622192258321e-12,2.4075741400508832e-11,0.57735026918962895,2.423871766980852e-12,4.1134467915810545e-12,3.526041161001091e-12,2.0586838789085517e-12,8.0297716247034712e-15,2.1654159798195634e-15,3.750610496569122e-15,0,3.1086244689504383e-15,1.7541523789077473e-14,1.1102230246251565e-15,0.12499999999999924,8,2.2204460492503131e-16,4.42115961896139e-15,0,0,1.7541523789077473e-14,6.6613381477509392e-16,0.067280999035574496,3.1146864744951017,0,1.6320278461989801e-14,4.42115961896139e-15
hex,2,2,0,gll,shear,0,represented_polynomial,zz,recursive,7.7291257290862231e-13,3.864562864543311e-13,1.0414336060193818e-11,1.9999999999998967,1.3007779475187198e-12,6.5038897375935988e-13,1.5610693327372192e-12,1.0891989955559308e-12,8.0297716247034712e-15,3.4369152525686573e-13,1.7184576262844574e-13,0,3.1086244689504383e-15,1.7541523789077473e-14,1.1102230246251565e-15,0.12499999999999924,8,2.2204460492503131e-16,4.42115961896139e-15,0,0,1.7541523789077473e-14,6.6613381477509392e-16,0.067280999035574496,3.1146864744951017,0,1.6320278461989801e-14,4.42115961896139e-15
hex,2,2,0,gll,shear,0,represented_polynomial,zz,direct,7.2634682261364685e-13,3.6317341130684216e-13,9.7002406107549177e-12,1.9999999999998967,1.2326117394782833e-12,6.1630586973914167e-13,1.3056957269856066e-12,8.9553739567259822e-13,8.0297716247034712e-15,0,0,0,3.1086244689504383e-15,1.7541523789077473e-14,1.1102230246251565e-15,0.12499999999999924,8,2.2204460492503131e-16,4.42115961896139e-15,0,0,1.7541523789077473e-14,6.6613381477509392e-16,0.067280999035574496,3.1146864744951017,0,1.6320278461989801e-14,4.42115961896139e-15
hex,2,2,0,gll,shear,0,represented_polynomial,zz,fe_geometry,7.2634682261364685e-13,3.6317341130684216e-13,9.7002406107549177e-12,1.9999999999998967,1.2326117394782833e-12,6.1630586973914167e-13,1.3056957269856066e-12,8.9553739567259822e-13,8.0297716247034712e-15,0,0,0,3.1086244689504383e-15,1.7541523789077473e-14,1.1102230246251565e-15,0.12499999999999924,8,2.2204460492503131e-16,4.42115961896139e-15,0,0,1.7541523789077473e-14,6.6613381477509392e-16,0.067280999035574496,3.1146864744951017,0,1.6320278461989801e-14,4.42115961896139e-15
hex,2,2,0,gll,shear,0,represented_polynomial,zz,reused,7.2656628057953505e-13,3.6328314028978626e-13,9.7259977849262214e-12,1.9999999999998967,1.2337353539541203e-12,6.1686767697706016e-13,1.3070685583285177e-12,8.9638373248768252e-13,8.0297716247034712e-15,3.1658820423993363e-15,1.5829410211997867e-15,0,3.1086244689504383e-15,1.7541523789077473e-14,1.1102230246251565e-15,0.12499999999999924,8,2.2204460492503131e-16,4.42115961896139e-15,0,0,1.7541523789077473e-14,6.6613381477509392e-16,0.067280999035574496,3.1146864744951017,0,1.6320278461989801e-14,4.42115961896139e-15
hex,2,2,0,gll,shear,0,represented_polynomial,zz,reused_centered,7.2657786763030886e-13,3.6328893381517316e-13,9.7228891604572709e-12,1.9999999999998967,1.233850527756751e-12,6.1692526387837549e-13,1.3073071908504589e-12,8.9642160832131079e-13,8.0297716247034712e-15,2.9474330403694134e-15,1.4737165201848169e-15,0,3.1086244689504383e-15,1.7541523789077473e-14,1.1102230246251565e-15,0.12499999999999924,8,2.2204460492503131e-16,4.42115961896139e-15,0,0,1.7541523789077473e-14,6.6613381477509392e-16,0.067280999035574496,3.1146864744951017,0,1.6320278461989801e-14,4.42115961896139e-15
hex,2,2,0,gll,shear,0,represented_polynomial,xxx,recursive,1.3529797888528255e-12,nan,5.91735575373292e-12,0,1.6986445245731277e-12,nan,4.0570507187936888e-13,2.8542767887581686e-13,8.0297716247034712e-15,1.3529797888528255e-12,nan,0,3.1086244689504383e-15,1.7541523789077473e-14,1.1102230246251565e-15,0.12499999999999924,8,2.2204460492503131e-16,4.42115961896139e-15,0,0,1.7541523789077473e-14,6.6613381477509392e-16,0.067280999035574496,3.1146864744951017,0,1.6320278461989801e-14,4.42115961896139e-15
hex,2,2,0,gll,shear,0,represented_polynomial,xxx,direct,0,nan,0,0,0,nan,0,0,8.0297716247034712e-15,0,nan,0,3.1086244689504383e-15,1.7541523789077473e-14,1.1102230246251565e-15,0.12499999999999924,8,2.2204460492503131e-16,4.42115961896139e-15,0,0,1.7541523789077473e-14,6.6613381477509392e-16,0.067280999035574496,3.1146864744951017,0,1.6320278461989801e-14,4.42115961896139e-15
hex,2,2,0,gll,shear,0,represented_polynomial,xxx,fe_geometry,0,nan,0,0,0,nan,0,0,8.0297716247034712e-15,0,nan,0,3.1086244689504383e-15,1.7541523789077473e-14,1.1102230246251565e-15,0.12499999999999924,8,2.2204460492503131e-16,4.42115961896139e-15,0,0,1.7541523789077473e-14,6.6613381477509392e-16,0.067280999035574496,3.1146864744951017,0,1.6320278461989801e-14,4.42115961896139e-15
hex,2,2,0,gll,shear,0,represented_polynomial,xxx,reused,0,nan,0,0,0,nan,0,0,8.0297716247034712e-15,0,nan,0,3.1086244689504383e-15,1.7541523789077473e-14,1.1102230246251565e-15,0.12499999999999924,8,2.2204460492503131e-16,4.42115961896139e-15,0,0,1.7541523789077473e-14,6.6613381477509392e-16,0.067280999035574496,3.1146864744951017,0,1.6320278461989801e-14,4.42115961896139e-15
hex,2,2,0,gll,shear,0,represented_polynomial,xxx,reused_centered,0,nan,0,0,0,nan,0,0,8.0297716247034712e-15,0,nan,0,3.1086244689504383e-15,1.7541523789077473e-14,1.1102230246251565e-15,0.12499999999999924,8,2.2204460492503131e-16,4.42115961896139e-15,0,0,1.7541523789077473e-14,6.6613381477509392e-16,0.067280999035574496,3.1146864744951017,0,1.6320278461989801e-14,4.42115961896139e-15
hex,2,2,0,gll,shear,0,represented_polynomial,xxy,recursive,8.5821936630931389e-12,nan,7.6271952870536562e-11,0,1.3287292863675756e-11,nan,1.7903896318712853e-11,1.1643523393259605e-11,8.0297716247034712e-15,3.0060228973321355e-12,0.38051331716044279,0,3.1086244689504383e-15,1.7541523789077473e-14,1.1102230246251565e-15,0.12499999999999924,8,2.2204460492503131e-16,4.42115961896139e-15,0,0,1.7541523789077473e-14,6.6613381477509392e-16,0.067280999035574496,3.1146864744951017,0,1.6320278461989801e-14,4.42115961896139e-15
hex,2,2,0,gll,shear,0,represented_polynomial,xxy,direct,7.8999150930232785e-12,nan,6.4901002023755231e-11,0,1.2244453341756827e-11,nan,1.7364874089968417e-11,1.119335868665724e-11,8.0297716247034712e-15,0,0,0,3.1086244689504383e-15,1.7541523789077473e-14,1.1102230246251565e-15,0.12499999999999924,8,2.2204460492503131e-16,4.42115961896139e-15,0,0,1.7541523789077473e-14,6.6613381477509392e-16,0.067280999035574496,3.1146864744951017,0,1.6320278461989801e-14,4.42115961896139e-15
hex,2,2,0,gll,shear,0,represented_polynomial,xxy,fe_geometry,7.8999150930232785e-12,nan,6.4901002023755231e-11,0,1.2244453341756827e-11,nan,1.7364874089968417e-11,1.119335868665724e-11,8.0297716247034712e-15,0,0,0,3.1086244689504383e-15,1.7541523789077473e-14,1.1102230246251565e-15,0.12499999999999924,8,2.2204460492503131e-16,4.42115961896139e-15,0,0,1.7541523789077473e-14,6.6613381477509392e-16,0.067280999035574496,3.1146864744951017,0,1.6320278461989801e-14,4.42115961896139e-15
hex,2,2,0,gll,shear,0,represented_polynomial,xxy,reused,7.900081669229379e-12,nan,6.5051737187241481e-11,0,1.2249695611453791e-11,nan,1.7366340784221554e-11,1.1191957999234229e-11,8.0297716247034712e-15,1.6133222166030672e-14,0.0020422019700285826,0,3.1086244689504383e-15,1.7541523789077473e-14,1.1102230246251565e-15,0.12499999999999924,8,2.2204460492503131e-16,4.42115961896139e-15,0,0,1.7541523789077473e-14,6.6613381477509392e-16,0.067280999035574496,3.1146864744951017,0,1.6320278461989801e-14,4.42115961896139e-15
hex,2,2,0,gll,shear,0,represented_polynomial,xxy,reused_centered,7.9005592403658932e-12,nan,6.5032147414442224e-11,0,1.2250607566532967e-11,nan,1.7370438835690764e-11,1.1193260487086238e-11,8.0297716247034712e-15,1.3665204334318591e-14,0.0017297912918566509,0,3.1086244689504383e-15,1.7541523789077473e-14,1.1102230246251565e-15,0.12499999999999924,8,2.2204460492503131e-16,4.42115961896139e-15,0,0,1.7541523789077473e-14,6.6613381477509392e-16,0.067280999035574496,3.1146864744951017,0,1.6320278461989801e-14,4.42115961896139e-15
hex,2,2,0,gll,shear,0,represented_polynomial,xxz,recursive,9.5336266882067129e-12,nan,1.1297417955364363e-10,0,1.5843233595597411e-11,nan,2.1280272256800649e-11,1.2953611236081265e-11,8.0297716247034712e-15,2.3283589487085624e-12,0.26161128653250548,0,3.1086244689504383e-15,1.7541523789077473e-14,1.1102230246251565e-15,0.12499999999999924,8,2.2204460492503131e-16,4.42115961896139e-15,0,0,1.7541523789077473e-14,6.6613381477509392e-16,0.067280999035574496,3.1146864744951017,0,1.6320278461989801e-14,4.42115961896139e-15
hex,2,2,0,gll,shear,0,represented_polynomial,xxz,direct,8.9000707101345232e-12,nan,9.4814440770787378e-11,0,1.4591946493298225e-11,nan,2.0136899045173371e-11,1.204188397018743e-11,8.0297716247034712e-15,0,0,0,3.1086244689504383e-15,1.7541523789077473e-14,1.1102230246251565e-15,0.12499999999999924,8,2.2204460492503131e-16,4.42115961896139e-15,0,0,1.7541523789077473e-14,6.6613381477509392e-16,0.067280999035574496,3.1146864744951017,0,1.6320278461989801e-14,4.42115961896139e-15
hex,2,2,0,gll,shear,0,represented_polynomial,xxz,fe_geometry,8.9000707101345232e-12,nan,9.4814440770787378e-11,0,1.4591946493298225e-11,nan,2.0136899045173371e-11,1.204188397018743e-11,8.0297716247034712e-15,0,0,0,3.1086244689504383e-15,1.7541523789077473e-14,1.1102230246251565e-15,0.12499999999999924,8,2.2204460492503131e-16,4.42115961896139e-15,0,0,1.7541523789077473e-14,6.6613381477509392e-16,0.067280999035574496,3.1146864744951017,0,1.6320278461989801e-14,4.42115961896139e-15
hex,2,2,0,gll,shear,0,represented_polynomial,xxz,reused,8.9059796252965101e-12,nan,9.4926751696451716e-11,0,1.4602220246923803e-11,nan,2.0152757175036728e-11,1.2047876468115356e-11,8.0297716247034712e-15,1.4700949333841511e-14,0.0016517789366663703,0,3.1086244689504383e-15,1.7541523789077473e-14,1.1102230246251565e-15,0.12499999999999924,8,2.2204460492503131e-16,4.42115961896139e-15,0,0,1.7541523789077473e-14,6.6613381477509392e-16,0.067280999035574496,3.1146864744951017,0,1.6320278461989801e-14,4.42115961896139e-15
hex,2,2,0,gll,shear,0,represented_polynomial,xxz,reused_centered,8.9053832543949887e-12,nan,9.4927957360097226e-11,0,1.4601943463430194e-11,nan,2.0154368082547847e-11,1.2048419699040925e-11,8.0297716247034712e-15,1.1598929814092809e-14,0.001303240186719538,0,3.1086244689504383e-15,1.7541523789077473e-14,1.1102230246251565e-15,0.12499999999999924,8,2.2204460492503131e-16,4.42115961896139e-15,0,0,1.7541523789077473e-14,6.6613381477509392e-16,0.067280999035574496,3.1146864744951017,0,1.6320278461989801e-14,4.42115961896139e-15
hex,2,2,0,gll,shear,0,represented_polynomial,xyy,recursive,8.1844605244928025e-12,nan,6.9547784901403447e-11,0,1.2762904398319874e-11,nan,1.7190183755789937e-11,1.1052944586695181e-11,8.0297716247034712e-15,1.9839834443850461e-12,0.25191157433885303,0,3.1086244689504383e-15,1.7541523789077473e-14,1.1102230246251565e-15,0.12499999999999924,8,2.2204460492503131e-16,4.42115961896139e-15,0,0,1.7541523789077473e-14,6.6613381477509392e-16,0.067280999035574496,3.1146864744951017,0,1.6320278461989801e-14,4.42115961896139e-15
hex,2,2,0,gll,shear,0,represented_polynomial,xyy,direct,7.8757137284860795e-12,nan,6.3863994814723355e-11,0,1.2231623798846472e-11,nan,1.7370854496239278e-11,1.1331365066179927e-11,8.0297716247034712e-15,0,0,0,3.1086244689504383e-15,1.7541523789077473e-14,1.1102230246251565e-15,0.12499999999999924,8,2.2204460492503131e-16,4.42115961896139e-15,0,0,1.7541523789077473e-14,6.6613381477509392e-16,0.067280999035574496,3.1146864744951017,0,1.6320278461989801e-14,4.42115961896139e-15
hex,2,2,0,gll,shear,0,represented_polynomial,xyy,fe_geometry,7.8757137284860795e-12,nan,6.3863994814723355e-11,0,1.2231623798846472e-11,nan,1.7370854496239278e-11,1.1331365066179927e-11,8.0297716247034712e-15,0,0,0,3.1086244689504383e-15,1.7541523789077473e-14,1.1102230246251565e-15,0.12499999999999924,8,2.2204460492503131e-16,4.42115961896139e-15,0,0,1.7541523789077473e-14,6.6613381477509392e-16,0.067280999035574496,3.1146864744951017,0,1.6320278461989801e-14,4.42115961896139e-15
hex,2,2,0,gll,shear,0,represented_polynomial,xyy,reused,7.8757016179670073e-12,nan,6.3898989227830212e-11,0,1.2236237861515415e-11,nan,1.7377512305214121e-11,1.1333638027126255e-11,8.0297716247034712e-15,1.4915262550237034e-14,0.0018938299517273266,0,3.1086244689504383e-15,1.7541523789077473e-14,1.1102230246251565e-15,0.12499999999999924,8,2.2204460492503131e-16,4.42115961896139e-15,0,0,1.7541523789077473e-14,6.6613381477509392e-16,0.067280999035574496,3.1146864744951017,0,1.6320278461989801e-14,4.42115961896139e-15
hex,2,2,0,gll,shear,0,represented_polynomial,xyy,reused_centered,7.8762864786217689e-12,nan,6.3934064881728663e-11,0,1.2237156777474939e-11,nan,1.7379349436996814e-11,1.1332765560112423e-11,8.0297716247034712e-15,1.3713147545725045e-14,0.0017411942610515727,0,3.1086244689504383e-15,1.7541523789077473e-14,1.1102230246251565e-15,0.12499999999999924,8,2.2204460492503131e-16,4.42115961896139e-15,0,0,1.7541523789077473e-14,6.6613381477509392e-16,0.067280999035574496,3.1146864744951017,0,1.6320278461989801e-14,4.42115961896139e-15
hex,2,2,0,gll,shear,0,represented_polynomial,xyz,recursive,1.5962004334204577e-11,1.5962004334205401e-11,2.5016300142510772e-10,0.99999999999994837,2.7561695839876364e-11,2.7561695839876364e-11,3.8703898964307959e-11,1.9861080749291402e-11,8.0297716247034712e-15,2.97801017865484e-12,2.9780101786549446e-12,0,3.1086244689504383e-15,1.7541523789077473e-14,1.1102230246251565e-15,0.12499999999999924,8,2.2204460492503131e-16,4.42115961896139e-15,0,0,1.7541523789077473e-14,6.6613381477509392e-16,0.067280999035574496,3.1146864744951017,0,1.6320278461989801e-14,4.42115961896139e-15
hex,2,2,0,gll,shear,0,represented_polynomial,xyz,direct,1.4972051431942018e-11,1.497205143194279e-11,2.2238866304036264e-10,0.99999999999994837,2.5694714013026826e-11,2.5694714013026826e-11,3.5265453336700776e-11,1.8433533807374818e-11,8.0297716247034712e-15,0,0,0,3.1086244689504383e-15,1.7541523789077473e-14,1.1102230246251565e-15,0.12499999999999924,8,2.2204460492503131e-16,4.42115961896139e-15,0,0,1.7541523789077473e-14,6.6613381477509392e-16,0.067280999035574496,3.1146864744951017,0,1.6320278461989801e-14,4.42115961896139e-15
hex,2,2,0,gll,shear,0,represented_polynomial,xyz,fe_geometry,1.4972051431942018e-11,1.497205143194279e-11,2.2238866304036264e-10,0.99999999999994837,2.5694714013026826e-11,2.5694714013026826e-11,3.5265453336700776e-11,1.8433533807374818e-11,8.0297716247034712e-15,0,0,0,3.1086244689504383e-15,1.7541523789077473e-14,1.1102230246251565e-15,0.12499999999999924,8,2.2204460492503131e-16,4.42115961896139e-15,0,0,1.7541523789077473e-14,6.6613381477509392e-16,0.067280999035574496,3.1146864744951017,0,1.6320278461989801e-14,4.42115961896139e-15
hex,2,2,0,gll,shear,0,represented_polynomial,xyz,reused,1.4977435940555896e-11,1.4977435940556668e-11,2.2250012943203501e-10,0.99999999999994837,2.5704183056327442e-11,2.5704183056327442e-11,3.5283633168970662e-11,1.8437545100894077e-11,8.0297716247034712e-15,1.2886675778629406e-14,1.2886675778629857e-14,0,3.1086244689504383e-15,1.7541523789077473e-14,1.1102230246251565e-15,0.12499999999999924,8,2.2204460492503131e-16,4.42115961896139e-15,0,0,1.7541523789077473e-14,6.6613381477509392e-16,0.067280999035574496,3.1146864744951017,0,1.6320278461989801e-14,4.42115961896139e-15
hex,2,2,0,gll,shear,0,represented_polynomial,xyz,reused_centered,1.4978118293129165e-11,1.4978118293129938e-11,2.2249879716440546e-10,0.99999999999994837,2.5705369636988008e-11,2.5705369636988008e-11,3.5287677313747918e-11,1.8438988331348288e-11,8.0297716247034712e-15,1.3043501946170427e-14,1.3043501946170884e-14,0,3.1086244689504383e-15,1.7541523789077473e-14,1.1102230246251565e-15,0.12499999999999924,8,2.2204460492503131e-16,4.42115961896139e-15,0,0,1.7541523789077473e-14,6.6613381477509392e-16,0.067280999035574496,3.1146864744951017,0,1.6320278461989801e-14,4.42115961896139e-15
hex,2,2,0,gll,shear,0,represented_polynomial,xzz,recursive,9.3211673103588539e-12,nan,1.0470735213926466e-10,0,1.5532248190994655e-11,nan,1.9850517131726754e-11,1.2536372559452751e-11,8.0297716247034712e-15,1.6017569637600034e-12,0.17987144386255124,0,3.1086244689504383e-15,1.7541523789077473e-14,1.1102230246251565e-15,0.12499999999999924,8,2.2204460492503131e-16,4.42115961896139e-15,0,0,1.7541523789077473e-14,6.6613381477509392e-16,0.067280999035574496,3.1146864744951017,0,1.6320278461989801e-14,4.42115961896139e-15
hex,2,2,0,gll,shear,0,represented_polynomial,xzz,direct,8.9050097634396361e-12,nan,9.7396073948001362e-11,0,1.4634579865958596e-11,nan,1.9084356743767821e-11,1.2108301833345333e-11,8.0297716247034712e-15,0,0,0,3.1086244689504383e-15,1.7541523789077473e-14,1.1102230246251565e-15,0.12499999999999924,8,2.2204460492503131e-16,4.42115961896139e-15,0,0,1.7541523789077473e-14,6.6613381477509392e-16,0.067280999035574496,3.1146864744951017,0,1.6320278461989801e-14,4.42115961896139e-15
hex,2,2,0,gll,shear,0,represented_polynomial,xzz,fe_geometry,8.9050097634396361e-12,nan,9.7396073948001362e-11,0,1.4634579865958596e-11,nan,1.9084356743767821e-11,1.2108301833345333e-11,8.0297716247034712e-15,0,0,0,3.1086244689504383e-15,1.7541523789077473e-14,1.1102230246251565e-15,0.12499999999999924,8,2.2204460492503131e-16,4.42115961896139e-15,0,0,1.7541523789077473e-14,6.6613381477509392e-16,0.067280999035574496,3.1146864744951017,0,1.6320278461989801e-14,4.42115961896139e-15
hex,2,2,0,gll,shear,0,represented_polynomial,xzz,reused,8.9108501035313239e-12,nan,9.7490467843747834e-11,0,1.4644142202098671e-11,nan,1.9097368110472669e-11,1.2117093527127752e-11,8.0297716247034712e-15,1.4327779777958494e-14,0.001608957222796381,0,3.1086244689504383e-15,1.7541523789077473e-14,1.1102230246251565e-15,0.12499999999999924,8,2.2204460492503131e-16,4.42115961896139e-15,0,0,1.7541523789077473e-14,6.6613381477509392e-16,0.067280999035574496,3.1146864744951017,0,1.6320278461989801e-14,4.42115961896139e-15
hex,2,2,0,gll,shear,0,represented_polynomial,xzz,reused_centered,8.9102546058653129e-12,nan,9.7472879248782649e-11,0,1.4643851675281305e-11,nan,1.9097529054395609e-11,1.2116249837291679e-11,8.0297716247034712e-15,1.2814736314516087e-14,0.0014390479802872541,0,3.1086244689504383e-15,1.7541523789077473e-14,1.1102230246251565e-15,0.12499999999999924,8,2.2204460492503131e-16,4.42115961896139e-15,0,0,1.7541523789077473e-14,6.6613381477509392e-16,0.067280999035574496,3.1146864744951017,0,1.6320278461989801e-14,4.42115961896139e-15
hex,2,2,0,gll,shear,0,represented_polynomial,yyy,recursive,1.6927165767457196e-12,nan,8.8589349619837304e-12,0,2.3071395624617598e-12,nan,5.4649923324907401e-13,3.6868315435623522e-13,8.0297716247034712e-15,1.6927165767457196e-12,nan,0,3.1086244689504383e-15,1.7541523789077473e-14,1.1102230246251565e-15,0.12499999999999924,8,2.2204460492503131e-16,4.42115961896139e-15,0,0,1.7541523789077473e-14,6.6613381477509392e-16,0.067280999035574496,3.1146864744951017,0,1.6320278461989801e-14,4.42115961896139e-15
hex,2,2,0,gll,shear,0,represented_polynomial,yyy,direct,0,nan,0,0,0,nan,0,0,8.0297716247034712e-15,0,nan,0,3.1086244689504383e-15,1.7541523789077473e-14,1.1102230246251565e-15,0.12499999999999924,8,2.2204460492503131e-16,4.42115961896139e-15,0,0,1.7541523789077473e-14,6.6613381477509392e-16,0.067280999035574496,3.1146864744951017,0,1.6320278461989801e-14,4.42115961896139e-15
hex,2,2,0,gll,shear,0,represented_polynomial,yyy,fe_geometry,0,nan,0,0,0,nan,0,0,8.0297716247034712e-15,0,nan,0,3.1086244689504383e-15,1.7541523789077473e-14,1.1102230246251565e-15,0.12499999999999924,8,2.2204460492503131e-16,4.42115961896139e-15,0,0,1.7541523789077473e-14,6.6613381477509392e-16,0.067280999035574496,3.1146864744951017,0,1.6320278461989801e-14,4.42115961896139e-15
hex,2,2,0,gll,shear,0,represented_polynomial,yyy,reused,0,nan,0,0,0,nan,0,0,8.0297716247034712e-15,0,nan,0,3.1086244689504383e-15,1.7541523789077473e-14,1.1102230246251565e-15,0.12499999999999924,8,2.2204460492503131e-16,4.42115961896139e-15,0,0,1.7541523789077473e-14,6.6613381477509392e-16,0.067280999035574496,3.1146864744951017,0,1.6320278461989801e-14,4.42115961896139e-15
hex,2,2,0,gll,shear,0,represented_polynomial,yyy,reused_centered,0,nan,0,0,0,nan,0,0,8.0297716247034712e-15,0,nan,0,3.1086244689504383e-15,1.7541523789077473e-14,1.1102230246251565e-15,0.12499999999999924,8,2.2204460492503131e-16,4.42115961896139e-15,0,0,1.7541523789077473e-14,6.6613381477509392e-16,0.067280999035574496,3.1146864744951017,0,1.6320278461989801e-14,4.42115961896139e-15
hex,2,2,0,gll,shear,0,represented_polynomial,yyz,recursive,9.9560174524755516e-12,nan,1.2361258858925986e-10,0,1.6526796855779088e-11,nan,2.2472759977102282e-11,1.4206325242726133e-11,8.0297716247034712e-15,3.0864894171526617e-12,0.33914193127150144,0,3.1086244689504383e-15,1.7541523789077473e-14,1.1102230246251565e-15,0.12499999999999924,8,2.2204460492503131e-16,4.42115961896139e-15,0,0,1.7541523789077473e-14,6.6613381477509392e-16,0.067280999035574496,3.1146864744951017,0,1.6320278461989801e-14,4.42115961896139e-15
hex,2,2,0,gll,shear,0,represented_polynomial,yyz,direct,9.1008782239957236e-12,nan,9.2376952512635226e-11,0,1.4897508814576568e-11,nan,2.0693377426881919e-11,1.2350278345492278e-11,8.0297716247034712e-15,0,0,0,3.1086244689504383e-15,1.7541523789077473e-14,1.1102230246251565e-15,0.12499999999999924,8,2.2204460492503131e-16,4.42115961896139e-15,0,0,1.7541523789077473e-14,6.6613381477509392e-16,0.067280999035574496,3.1146864744951017,0,1.6320278461989801e-14,4.42115961896139e-15
hex,2,2,0,gll,shear,0,represented_polynomial,yyz,fe_geometry,9.1008782239957236e-12,nan,9.2376952512635226e-11,0,1.4897508814576568e-11,nan,2.0693377426881919e-11,1.2350278345492278e-11,8.0297716247034712e-15,0,0,0,3.1086244689504383e-15,1.7541523789077473e-14,1.1102230246251565e-15,0.12499999999999924,8,2.2204460492503131e-16,4.42115961896139e-15,0,0,1.7541523789077473e-14,6.6613381477509392e-16,0.067280999035574496,3.1146864744951017,0,1.6320278461989801e-14,4.42115961896139e-15
hex,2,2,0,gll,shear,0,represented_polynomial,yyz,reused,9.1037424265615788e-12,nan,9.2474641079589602e-11,0,1.4904080215559256e-11,nan,2.0706746225790145e-11,1.2353604777984387e-11,8.0297716247034712e-15,1.4934649626260525e-14,0.0016410119176062873,0,3.1086244689504383e-15,1.7541523789077473e-14,1.1102230246251565e-15,0.12499999999999924,8,2.2204460492503131e-16,4.42115961896139e-15,0,0,1.7541523789077473e-14,6.6613381477509392e-16,0.067280999035574496,3.1146864744951017,0,1.6320278461989801e-14,4.42115961896139e-15
hex,2,2,0,gll,shear,0,represented_polynomial,yyz,reused_centered,9.1043408920617913e-12,nan,9.2419067531320028e-11,0,1.4905031634662426e-11,nan,2.0708571917404172e-11,1.2353986984009538e-11,8.0297716247034712e-15,1.3024848195427793e-14,0.0014311638805457236,0,3.1086244689504383e-15,1.7541523789077473e-14,1.1102230246251565e-15,0.12499999999999924,8,2.2204460492503131e-16,4.42115961896139e-15,0,0,1.7541523789077473e-14,6.6613381477509392e-16,0.067280999035574496,3.1146864744951017,0,1.6320278461989801e-14,4.42115961896139e-15
hex,2,2,0,gll,shear,0,represented_polynomial,yzz,recursive,9.5806544809712114e-12,nan,1.0822413540646041e-10,0,1.5939345612179933e-11,nan,2.0280129805638141e-11,1.3003191243910173e-11,8.0297716247034712e-15,1.7401249080537354e-12,0.19097554109910375,0,3.1086244689504383e-15,1.7541523789077473e-14,1.1102230246251565e-15,0.12499999999999924,8,2.2204460492503131e-16,4.42115961896139e-15,0,0,1.7541523789077473e-14,6.6613381477509392e-16,0.067280999035574496,3.1146864744951017,0,1.6320278461989801e-14,4.42115961896139e-15
hex,2,2,0,gll,shear,0,represented_polynomial,yzz,direct,9.1117684392407353e-12,nan,9.6052436317741907e-11,0,1.4939651112370006e-11,nan,1.954509246924474e-11,1.244318373820713e-11,8.0297716247034712e-15,0,0,0,3.1086244689504383e-15,1.7541523789077473e-14,1.1102230246251565e-15,0.12499999999999924,8,2.2204460492503131e-16,4.42115961896139e-15,0,0,1.7541523789077473e-14,6.6613381477509392e-16,0.067280999035574496,3.1146864744951017,0,1.6320278461989801e-14,4.42115961896139e-15
hex,2,2,0,gll,shear,0,represented_polynomial,yzz,fe_geometry,9.1117684392407353e-12,nan,9.6052436317741907e-11,0,1.4939651112370006e-11,nan,1.954509246924474e-11,1.244318373820713e-11,8.0297716247034712e-15,0,0,0,3.1086244689504383e-15,1.7541523789077473e-14,1.1102230246251565e-15,0.12499999999999924,8,2.2204460492503131e-16,4.42115961896139e-15,0,0,1.7541523789077473e-14,6.6613381477509392e-16,0.067280999035574496,3.1146864744951017,0,1.6320278461989801e-14,4.42115961896139e-15
hex,2,2,0,gll,shear,0,represented_polynomial,yzz,reused,9.1150854550529797e-12,nan,9.6139919633581577e-11,0,1.4946688987407625e-11,nan,1.9548388482709366e-11,1.2446606360348739e-11,8.0297716247034712e-15,1.3600316136316955e-14,0.0014926099392238551,0,3.1086244689504383e-15,1.7541523789077473e-14,1.1102230246251565e-15,0.12499999999999924,8,2.2204460492503131e-16,4.42115961896139e-15,0,0,1.7541523789077473e-14,6.6613381477509392e-16,0.067280999035574496,3.1146864744951017,0,1.6320278461989801e-14,4.42115961896139e-15
hex,2,2,0,gll,shear,0,represented_polynomial,yzz,reused_centered,9.1155888301164648e-12,nan,9.6111933877706074e-11,0,1.4947522978355729e-11,nan,1.9553052542462529e-11,1.2447771909798781e-11,8.0297716247034712e-15,1.2534287742069808e-14,0.0013756152634531024,0,3.1086244689504383e-15,1.7541523789077473e-14,1.1102230246251565e-15,0.12499999999999924,8,2.2204460492503131e-16,4.42115961896139e-15,0,0,1.7541523789077473e-14,6.6613381477509392e-16,0.067280999035574496,3.1146864744951017,0,1.6320278461989801e-14,4.42115961896139e-15
hex,2,2,0,gll,shear,0,represented_polynomial,zzz,recursive,2.299687829655508e-12,nan,1.1132652688256616e-11,0,2.2620917463166676e-12,nan,1.1600603607242519e-12,8.495103115106353e-13,8.0297716247034712e-15,2.299687829655508e-12,nan,0,3.1086244689504383e-15,1.7541523789077473e-14,1.1102230246251565e-15,0.12499999999999924,8,2.2204460492503131e-16,4.42115961896139e-15,0,0,1.7541523789077473e-14,6.6613381477509392e-16,0.067280999035574496,3.1146864744951017,0,1.6320278461989801e-14,4.42115961896139e-15
hex,2,2,0,gll,shear,0,represented_polynomial,zzz,direct,0,nan,0,0,0,nan,0,0,8.0297716247034712e-15,0,nan,0,3.1086244689504383e-15,1.7541523789077473e-14,1.1102230246251565e-15,0.12499999999999924,8,2.2204460492503131e-16,4.42115961896139e-15,0,0,1.7541523789077473e-14,6.6613381477509392e-16,0.067280999035574496,3.1146864744951017,0,1.6320278461989801e-14,4.42115961896139e-15
hex,2,2,0,gll,shear,0,represented_polynomial,zzz,fe_geometry,0,nan,0,0,0,nan,0,0,8.0297716247034712e-15,0,nan,0,3.1086244689504383e-15,1.7541523789077473e-14,1.1102230246251565e-15,0.12499999999999924,8,2.2204460492503131e-16,4.42115961896139e-15,0,0,1.7541523789077473e-14,6.6613381477509392e-16,0.067280999035574496,3.1146864744951017,0,1.6320278461989801e-14,4.42115961896139e-15
hex,2,2,0,gll,shear,0,represented_polynomial,zzz,reused,0,nan,0,0,0,nan,0,0,8.0297716247034712e-15,0,nan,0,3.1086244689504383e-15,1.7541523789077473e-14,1.1102230246251565e-15,0.12499999999999924,8,2.2204460492503131e-16,4.42115961896139e-15,0,0,1.7541523789077473e-14,6.6613381477509392e-16,0.067280999035574496,3.1146864744951017,0,1.6320278461989801e-14,4.42115961896139e-15
hex,2,2,0,gll,shear,0,represented_polynomial,zzz,reused_centered,0,nan,0,0,0,nan,0,0,8.0297716247034712e-15,0,nan,0,3.1086244689504383e-15,1.7541523789077473e-14,1.1102230246251565e-15,0.12499999999999924,8,2.2204460492503131e-16,4.42115961896139e-15,0,0,1.7541523789077473e-14,6.6613381477509392e-16,0.067280999035574496,3.1146864744951017,0,1.6320278461989801e-14,4.42115961896139e-15
hex,2,2,0,gll,shear,0,sine,x,recursive,0.059312572643112571,0.041582598156879057,0.24310910732515945,1.4263796701529683,0.098721916453023847,0.069474852776462231,0.065184190278561815,0.045491032830306186,0.0077419077541080236,1.6424280688709681e-14,1.1337971138835318e-14,0,3.1086244689504383e-15,1.7541523789077473e-14,1.1102230246251565e-15,0.12499999999999924,8,2.2204460492503131e-16,4.42115961896139e-15,0,0,1.7541523789077473e-14,6.6613381477509392e-16,0.067280999035574496,3.1146864744951017,0,1.6320278461989801e-14,4.42115961896139e-15
hex,2,2,0,gll,shear,0,sine,x,direct,0.059312572643110448,0.041582598156877565,0.24310910732519542,1.4263796701529683,0.098721916453023612,0.069474852776462065,0.06518419027855929,0.045491032830305575,0.0077419077541080236,0,0,0,3.1086244689504383e-15,1.7541523789077473e-14,1.1102230246251565e-15,0.12499999999999924,8,2.2204460492503131e-16,4.42115961896139e-15,0,0,1.7541523789077473e-14,6.6613381477509392e-16,0.067280999035574496,3.1146864744951017,0,1.6320278461989801e-14,4.42115961896139e-15
hex,2,2,0,gll,shear,0,sine,x,fe_geometry,0.059312572643110448,0.041582598156877565,0.24310910732519542,1.4263796701529683,0.098721916453023612,0.069474852776462065,0.06518419027855929,0.045491032830305575,0.0077419077541080236,0,0,0,3.1086244689504383e-15,1.7541523789077473e-14,1.1102230246251565e-15,0.12499999999999924,8,2.2204460492503131e-16,4.42115961896139e-15,0,0,1.7541523789077473e-14,6.6613381477509392e-16,0.067280999035574496,3.1146864744951017,0,1.6320278461989801e-14,4.42115961896139e-15
hex,2,2,0,gll,shear,0,sine,x,reused,0.05931257264311042,0.041582598156877551,0.24310910732519408,1.4263796701529683,0.098721916453023653,0.069474852776462093,0.065184190278559428,0.045491032830305533,0.0077419077541080236,4.8143217399834191e-16,3.3234113551482235e-16,0,3.1086244689504383e-15,1.7541523789077473e-14,1.1102230246251565e-15,0.12499999999999924,8,2.2204460492503131e-16,4.42115961896139e-15,0,0,1.7541523789077473e-14,6.6613381477509392e-16,0.067280999035574496,3.1146864744951017,0,1.6320278461989801e-14,4.42115961896139e-15
hex,2,2,0,gll,shear,0,sine,x,reused_centered,0.059312572643110427,0.041582598156877551,0.24310910732519408,1.4263796701529683,0.098721916453023653,0.069474852776462093,0.065184190278559401,0.045491032830305499,0.0077419077541080236,4.7894513079488486e-16,3.3062428565111919e-16,0,3.1086244689504383e-15,1.7541523789077473e-14,1.1102230246251565e-15,0.12499999999999924,8,2.2204460492503131e-16,4.42115961896139e-15,0,0,1.7541523789077473e-14,6.6613381477509392e-16,0.067280999035574496,3.1146864744951017,0,1.6320278461989801e-14,4.42115961896139e-15
hex,2,2,0,gll,shear,0,sine,y,recursive,0.19143281824322253,0.089472586786888519,0.66281969363524107,2.139569505229455,0.3113209932423433,0.1460599695848746,0.22871479887610735,0.12485287382491755,0.0077419077541080236,2.2334587384564932e-14,1.0110461599271395e-14,0,3.1086244689504383e-15,1.7541523789077473e-14,1.1102230246251565e-15,0.12499999999999924,8,2.2204460492503131e-16,4.42115961896139e-15,0,0,1.7541523789077473e-14,6.6613381477509392e-16,0.067280999035574496,3.1146864744951017,0,1.6320278461989801e-14,4.42115961896139e-15
hex,2,2,0,gll,shear,0,sine,y,direct,0.19143281824321925,0.089472586786886993,0.66281969363519799,2.139569505229455,0.31132099324234125,0.14605996958487363,0.22871479887610155,0.12485287382491594,0.0077419077541080236,0,0,0,3.1086244689504383e-15,1.7541523789077473e-14,1.1102230246251565e-15,0.12499999999999924,8,2.2204460492503131e-16,4.42115961896139e-15,0,0,1.7541523789077473e-14,6.6613381477509392e-16,0.067280999035574496,3.1146864744951017,0,1.6320278461989801e-14,4.42115961896139e-15
hex,2,2,0,gll,shear,0,sine,y,fe_geometry,0.19143281824321925,0.089472586786886993,0.66281969363519799,2.139569505229455,0.31132099324234125,0.14605996958487363,0.22871479887610155,0.12485287382491594,0.0077419077541080236,0,0,0,3.1086244689504383e-15,1.7541523789077473e-14,1.1102230246251565e-15,0.12499999999999924,8,2.2204460492503131e-16,4.42115961896139e-15,0,0,1.7541523789077473e-14,6.6613381477509392e-16,0.067280999035574496,3.1146864744951017,0,1.6320278461989801e-14,4.42115961896139e-15
hex,2,2,0,gll,shear,0,sine,y,reused,0.19143281824321931,0.089472586786887007,0.66281969363519844,2.139569505229455,0.31132099324234136,0.14605996958487369,0.22871479887610169,0.12485287382491583,0.0077419077541080236,6.8108356211916149e-16,3.0831414443141255e-16,0,3.1086244689504383e-15,1.7541523789077473e-14,1.1102230246251565e-15,0.12499999999999924,8,2.2204460492503131e-16,4.42115961896139e-15,0,0,1.7541523789077473e-14,6.6613381477509392e-16,0.067280999035574496,3.1146864744951017,0,1.6320278461989801e-14,4.42115961896139e-15
hex,2,2,0,gll,shear,0,sine,y,reused_centered,0.19143281824321931,0.089472586786887007,0.66281969363519844,2.139569505229455,0.31132099324234136,0.14605996958487369,0.22871479887610177,0.12485287382491594,0.0077419077541080236,6.9365176185447149e-16,3.1400353992405733e-16,0,3.1086244689504383e-15,1.7541523789077473e-14,1.1102230246251565e-15,0.12499999999999924,8,2.2204460492503131e-16,4.42115961896139e-15,0,0,1.7541523789077473e-14,6.6613381477509392e-16,0.067280999035574496,3.1146864744951017,0,1.6320278461989801e-14,4.42115961896139e-15
hex,2,2,0,gll,shear,0,sine,z,recursive,0.010468083551497189,0.014677836161776715,0.054645425963473993,0.71318983507648415,0.018341758338852227,0.025815766266238757,0.015867096364331958,0.012172672402057447,0.0077419077541080236,2.1386169233894598e-14,2.9865850968924098e-14,0,3.1086244689504383e-15,1.7541523789077473e-14,1.1102230246251565e-15,0.12499999999999924,8,2.2204460492503131e-16,4.42115961896139e-15,0,0,1.7541523789077473e-14,6.6613381477509392e-16,0.067280999035574496,3.1146864744951017,0,1.6320278461989801e-14,4.42115961896139e-15
hex,2,2,0,gll,shear,0,sine,z,direct,0.01046808355149609,0.014677836161775171,0.054645425963395056,0.71318983507648415,0.018341758338851728,0.025815766266238056,0.015867096364332714,0.012172672402056241,0.0077419077541080236,0,0,0,3.1086244689504383e-15,1.7541523789077473e-14,1.1102230246251565e-15,0.12499999999999924,8,2.2204460492503131e-16,4.42115961896139e-15,0,0,1.7541523789077473e-14,6.6613381477509392e-16,0.067280999035574496,3.1146864744951017,0,1.6320278461989801e-14,4.42115961896139e-15
hex,2,2,0,gll,shear,0,sine,z,fe_geometry,0.01046808355149609,0.014677836161775171,0.054645425963395056,0.71318983507648415,0.018341758338851728,0.025815766266238056,0.015867096364332714,0.012172672402056241,0.0077419077541080236,0,0,0,3.1086244689504383e-15,1.7541523789077473e-14,1.1102230246251565e-15,0.12499999999999924,8,2.2204460492503131e-16,4.42115961896139e-15,0,0,1.7541523789077473e-14,6.6613381477509392e-16,0.067280999035574496,3.1146864744951017,0,1.6320278461989801e-14,4.42115961896139e-15
hex,2,2,0,gll,shear,0,sine,z,reused,0.010468083551496088,0.014677836161775169,0.0546454259633955,0.71318983507648415,0.018341758338851752,0.025815766266238088,0.015867096364332707,0.012172672402056153,0.0077419077541080236,3.1704428792949008e-16,4.4275332109706994e-16,0,3.1086244689504383e-15,1.7541523789077473e-14,1.1102230246251565e-15,0.12499999999999924,8,2.2204460492503131e-16,4.42115961896139e-15,0,0,1.7541523789077473e-14,6.6613381477509392e-16,0.067280999035574496,3.1146864744951017,0,1.6320278461989801e-14,4.42115961896139e-15
hex,2,2,0,gll,shear,0,sine,z,reused_centered,0.010468083551496095,0.014677836161775178,0.054645425963395722,0.71318983507648415,0.018341758338851752,0.025815766266238088,0.015867096364332655,0.012172672402056108,0.0077419077541080236,3.2542729552360237e-16,4.544602169295557e-16,0,3.1086244689504383e-15,1.7541523789077473e-14,1.1102230246251565e-15,0.12499999999999924,8,2.2204460492503131e-16,4.42115961896139e-15,0,0,1.7541523789077473e-14,6.6613381477509392e-16,0.067280999035574496,3.1146864744951017,0,1.6320278461989801e-14,4.42115961896139e-15
hex,2,2,0,gll,shear,0,sine,xx,recursive,0.81409254778170281,0.29034461379901294,2.0445124871220846,2.8038837611957459,1.0468234615631093,0.37189414388122943,1.569143163382793,0.87136538244610007,0.0077419077541080236,2.0958011142726162e-13,7.6226467360453916e-14,0,3.1086244689504383e-15,1.7541523789077473e-14,1.1102230246251565e-15,0.12499999999999924,8,2.2204460492503131e-16,4.42115961896139e-15,0,0,1.7541523789077473e-14,6.6613381477509392e-16,0.067280999035574496,3.1146864744951017,0,1.6320278461989801e-14,4.42115961896139e-15
hex,2,2,0,gll,shear,0,sine,xx,direct,0.81409254778163809,0.29034461379898985,2.0445124871223448,2.8038837611957459,1.046823461563118,0.37189414388123249,1.5691431633826836,0.87136538244605466,0.0077419077541080236,0,0,0,3.1086244689504383e-15,1.7541523789077473e-14,1.1102230246251565e-15,0.12499999999999924,8,2.2204460492503131e-16,4.42115961896139e-15,0,0,1.7541523789077473e-14,6.6613381477509392e-16,0.067280999035574496,3.1146864744951017,0,1.6320278461989801e-14,4.42115961896139e-15
hex,2,2,0,gll,shear,0,sine,xx,fe_geometry,0.81409254778163809,0.29034461379898985,2.0445124871223448,2.8038837611957459,1.046823461563118,0.37189414388123249,1.5691431633826836,0.87136538244605466,0.0077419077541080236,0,0,0,3.1086244689504383e-15,1.7541523789077473e-14,1.1102230246251565e-15,0.12499999999999924,8,2.2204460492503131e-16,4.42115961896139e-15,0,0,1.7541523789077473e-14,6.6613381477509392e-16,0.067280999035574496,3.1146864744951017,0,1.6320278461989801e-14,4.42115961896139e-15
hex,2,2,0,gll,shear,0,sine,xx,reused,0.81409254778163787,0.29034461379898979,2.0445124871223439,2.8038837611957459,1.0468234615631182,0.3718941438812326,1.5691431633826824,0.87136538244605388,0.0077419077541080236,1.6801412666343641e-15,6.1108486177375362e-16,0,3.1086244689504383e-15,1.7541523789077473e-14,1.1102230246251565e-15,0.12499999999999924,8,2.2204460492503131e-16,4.42115961896139e-15,0,0,1.7541523789077473e-14,6.6613381477509392e-16,0.067280999035574496,3.1146864744951017,0,1.6320278461989801e-14,4.42115961896139e-15
hex,2,2,0,gll,shear,0,sine,xx,reused_centered,0.81409254778163775,0.29034461379898979,2.0445124871223466,2.8038837611957459,1.046823461563118,0.37189414388123249,1.5691431633826829,0.87136538244605399,0.0077419077541080236,1.6099700718437488e-15,5.8556286804579764e-16,0,3.1086244689504383e-15,1.7541523789077473e-14,1.1102230246251565e-15,0.12499999999999924,8,2.2204460492503131e-16,4.42115961896139e-15,0,0,1.7541523789077473e-14,6.6613381477509392e-16,0.067280999035574496,3.1146864744951017,0,1.6320278461989801e-14,4.42115961896139e-15
hex,2,2,0,gll,shear,0,sine,xy,recursive,0.43480926162793365,0.10338261703176668,1.9673955773959282,4.2058256417936155,0.73401260234819143,0.17384337688974486,0.70655861909494622,0.48156686032563722,0.0077419077541080236,2.2225612643070807e-13,5.0410728229252885e-14,0,3.1086244689504383e-15,1.7541523789077473e-14,1.1102230246251565e-15,0.12499999999999924,8,2.2204460492503131e-16,4.42115961896139e-15,0,0,1.7541523789077473e-14,6.6613381477509392e-16,0.067280999035574496,3.1146864744951017,0,1.6320278461989801e-14,4.42115961896139e-15
hex,2,2,0,gll,shear,0,sine,xy,direct,0.43480926162792305,0.10338261703176417,1.9673955773964389,4.2058256417936155,0.73401260234818477,0.17384337688974327,0.70655861909479623,0.48156686032555485,0.0077419077541080236,0,0,0,3.1086244689504383e-15,1.7541523789077473e-14,1.1102230246251565e-15,0.12499999999999924,8,2.2204460492503131e-16,4.42115961896139e-15,0,0,1.7541523789077473e-14,6.6613381477509392e-16,0.067280999035574496,3.1146864744951017,0,1.6320278461989801e-14,4.42115961896139e-15
hex,2,2,0,gll,shear,0,sine,xy,fe_geometry,0.43480926162792305,0.10338261703176417,1.9673955773964389,4.2058256417936155,0.73401260234818477,0.17384337688974327,0.70655861909479623,0.48156686032555485,0.0077419077541080236,0,0,0,3.1086244689504383e-15,1.7541523789077473e-14,1.1102230246251565e-15,0.12499999999999924,8,2.2204460492503131e-16,4.42115961896139e-15,0,0,1.7541523789077473e-14,6.6613381477509392e-16,0.067280999035574496,3.1146864744951017,0,1.6320278461989801e-14,4.42115961896139e-15
hex,2,2,0,gll,shear,0,sine,xy,reused,0.43480926162792355,0.10338261703176428,1.967395577396438,4.2058256417936155,0.73401260234818511,0.17384337688974333,0.706558619094797,0.48156686032555596,0.0077419077541080236,2.1605335715770302e-15,4.9003855351947959e-16,0,3.1086244689504383e-15,1.7541523789077473e-14,1.1102230246251565e-15,0.12499999999999924,8,2.2204460492503131e-16,4.42115961896139e-15,0,0,1.7541523789077473e-14,6.6613381477509392e-16,0.067280999035574496,3.1146864744951017,0,1.6320278461989801e-14,4.42115961896139e-15
hex,2,2,0,gll,shear,0,sine,xy,reused_centered,0.43480926162792372,0.10338261703176432,1.9673955773964407,4.2058256417936155,0.73401260234818477,0.17384337688974327,0.70655861909479623,0.48156686032555523,0.0077419077541080236,2.2146409519290208e-15,5.0231084715621483e-16,0,3.1086244689504383e-15,1.7541523789077473e-14,1.1102230246251565e-15,0.12499999999999924,8,2.2204460492503131e-16,4.42115961896139e-15,0,0,1.7541523789077473e-14,6.6613381477509392e-16,0.067280999035574496,3.1146864744951017,0,1.6320278461989801e-14,4.42115961896139e-15
hex,2,2,0,gll,shear,0,sine,xz,recursive,0.062211549244668263,0.044375269835107201,0.2952797158787237,1.4019418805978729,0.10640698387996794,0.075604217188513581,0.074724109962544943,0.059799888161112737,0.0077419077541080236,2.0920115836975515e-13,1.4634160580008034e-13,0,3.1086244689504383e-15,1.7541523789077473e-14,1.1102230246251565e-15,0.12499999999999924,8,2.2204460492503131e-16,4.42115961896139e-15,0,0,1.7541523789077473e-14,6.6613381477509392e-16,0.067280999035574496,3.1146864744951017,0,1.6320278461989801e-14,4.42115961896139e-15
hex,2,2,0,gll,shear,0,sine,xz,direct,0.062211549244660443,0.044375269835101629,0.29527971587874191,1.4019418805978729,0.10640698387996092,0.075604217188508585,0.074724109962531468,0.059799888161053756,0.0077419077541080236,0,0,0,3.1086244689504383e-15,1.7541523789077473e-14,1.1102230246251565e-15,0.12499999999999924,8,2.2204460492503131e-16,4.42115961896139e-15,0,0,1.7541523789077473e-14,6.6613381477509392e-16,0.067280999035574496,3.1146864744951017,0,1.6320278461989801e-14,4.42115961896139e-15
hex,2,2,0,gll,shear,0,sine,xz,fe_geometry,0.062211549244660443,0.044375269835101629,0.29527971587874191,1.4019418805978729,0.10640698387996092,0.075604217188508585,0.074724109962531468,0.059799888161053756,0.0077419077541080236,0,0,0,3.1086244689504383e-15,1.7541523789077473e-14,1.1102230246251565e-15,0.12499999999999924,8,2.2204460492503131e-16,4.42115961896139e-15,0,0,1.7541523789077473e-14,6.6613381477509392e-16,0.067280999035574496,3.1146864744951017,0,1.6320278461989801e-14,4.42115961896139e-15
hex,2,2,0,gll,shear,0,sine,xz,reused,0.062211549244660568,0.044375269835101719,0.29527971587872992,1.4019418805978729,0.10640698387996096,0.075604217188508627,0.074724109962530816,0.059799888161053312,0.0077419077541080236,1.7285174716689867e-15,1.2091425517369635e-15,0,3.1086244689504383e-15,1.7541523789077473e-14,1.1102230246251565e-15,0.12499999999999924,8,2.2204460492503131e-16,4.42115961896139e-15,0,0,1.7541523789077473e-14,6.6613381477509392e-16,0.067280999035574496,3.1146864744951017,0,1.6320278461989801e-14,4.42115961896139e-15
hex,2,2,0,gll,shear,0,sine,xz,reused_centered,0.062211549244660581,0.044375269835101726,0.29527971587873125,1.4019418805978729,0.1064069838799611,0.075604217188508724,0.074724109962530788,0.059799888161053173,0.0077419077541080236,1.7396857174563887e-15,1.2169550277061915e-15,0,3.1086244689504383e-15,1.7541523789077473e-14,1.1102230246251565e-15,0.12499999999999924,8,2.2204460492503131e-16,4.42115961896139e-15,0,0,1.7541523789077473e-14,6.6613381477509392e-16,0.067280999035574496,3.1146864744951017,0,1.6320278461989801e-14,4.42115961896139e-15
hex,2,2,0,gll,shear,0,sine,yy,recursive,2.7057944629089676,0.42889628075579778,6.497160841563927,6.3087384626904131,3.4620469651391379,0.54663360769309355,5.6257493234049951,3.1715065038236352,0.0077419077541080236,2.9614163151508435e-13,4.9092962166945774e-14,0,3.1086244689504383e-15,1.7541523789077473e-14,1.1102230246251565e-15,0.12499999999999924,8,2.2204460492503131e-16,4.42115961896139e-15,0,0,1.7541523789077473e-14,6.6613381477509392e-16,0.067280999035574496,3.1146864744951017,0,1.6320278461989801e-14,4.42115961896139e-15
hex,2,2,0,gll,shear,0,sine,yy,direct,2.7057944629088633,0.42889628075578123,6.4971608415650692,6.3087384626904131,3.4620469651391503,0.54663360769309555,5.6257493234048095,3.1715065038235393,0.0077419077541080236,0,0,0,3.1086244689504383e-15,1.7541523789077473e-14,1.1102230246251565e-15,0.12499999999999924,8,2.2204460492503131e-16,4.42115961896139e-15,0,0,1.7541523789077473e-14,6.6613381477509392e-16,0.067280999035574496,3.1146864744951017,0,1.6320278461989801e-14,4.42115961896139e-15
hex,2,2,0,gll,shear,0,sine,yy,fe_geometry,2.7057944629088633,0.42889628075578123,6.4971608415650692,6.3087384626904131,3.4620469651391503,0.54663360769309555,5.6257493234048095,3.1715065038235393,0.0077419077541080236,0,0,0,3.1086244689504383e-15,1.7541523789077473e-14,1.1102230246251565e-15,0.12499999999999924,8,2.2204460492503131e-16,4.42115961896139e-15,0,0,1.7541523789077473e-14,6.6613381477509392e-16,0.067280999035574496,3.1146864744951017,0,1.6320278461989801e-14,4.42115961896139e-15
hex,2,2,0,gll,shear,0,sine,yy,reused,2.7057944629088642,0.42889628075578135,6.4971608415650728,6.3087384626904131,3.4620469651391508,0.54663360769309566,5.6257493234048095,3.1715065038235397,0.0077419077541080236,2.6866251229150005e-15,4.4537603457254524e-16,0,3.1086244689504383e-15,1.7541523789077473e-14,1.1102230246251565e-15,0.12499999999999924,8,2.2204460492503131e-16,4.42115961896139e-15,0,0,1.7541523789077473e-14,6.6613381477509392e-16,0.067280999035574496,3.1146864744951017,0,1.6320278461989801e-14,4.42115961896139e-15
hex,2,2,0,gll,shear,0,sine,yy,reused_centered,2.7057944629088646,0.4288962807557814,6.4971608415650719,6.3087384626904131,3.4620469651391503,0.54663360769309555,5.6257493234048104,3.171506503823541,0.0077419077541080236,2.6481764598093668e-15,4.3900219664385684e-16,0,3.1086244689504383e-15,1.7541523789077473e-14,1.1102230246251565e-15,0.12499999999999924,8,2.2204460492503131e-16,4.42115961896139e-15,0,0,1.7541523789077473e-14,6.6613381477509392e-16,0.067280999035574496,3.1146864744951017,0,1.6320278461989801e-14,4.42115961896139e-15
hex,2,2,0,gll,shear,0,sine,yz,recursive,0.19147847949857513,0.091053931287991899,0.74493757187253706,2.1029128208968078,0.31589966299872668,0.14963520789246662,0.33726785466068293,0.20408514468351921,0.0077419077541080236,2.8907065357018627e-13,1.3263073334402345e-13,0,3.1086244689504383e-15,1.7541523789077473e-14,1.1102230246251565e-15,0.12499999999999924,8,2.2204460492503131e-16,4.42115961896139e-15,0,0,1.7541523789077473e-14,6.6613381477509392e-16,0.067280999035574496,3.1146864744951017,0,1.6320278461989801e-14,4.42115961896139e-15
hex,2,2,0,gll,shear,0,sine,yz,direct,0.19147847949855976,0.091053931287984599,0.74493757187238518,2.1029128208968078,0.31589966299870881,0.14963520789245816,0.33726785466066156,0.20408514468343586,0.0077419077541080236,0,0,0,3.1086244689504383e-15,1.7541523789077473e-14,1.1102230246251565e-15,0.12499999999999924,8,2.2204460492503131e-16,4.42115961896139e-15,0,0,1.7541523789077473e-14,6.6613381477509392e-16,0.067280999035574496,3.1146864744951017,0,1.6320278461989801e-14,4.42115961896139e-15
hex,2,2,0,gll,shear,0,sine,yz,fe_geometry,0.19147847949855976,0.091053931287984599,0.74493757187238518,2.1029128208968078,0.31589966299870881,0.14963520789245816,0.33726785466066156,0.20408514468343586,0.0077419077541080236,0,0,0,3.1086244689504383e-15,1.7541523789077473e-14,1.1102230246251565e-15,0.12499999999999924,8,2.2204460492503131e-16,4.42115961896139e-15,0,0,1.7541523789077473e-14,6.6613381477509392e-16,0.067280999035574496,3.1146864744951017,0,1.6320278461989801e-14,4.42115961896139e-15
hex,2,2,0,gll,shear,0,sine,yz,reused,0.19147847949855965,0.09105393128798453,0.74493757187238074,2.1029128208968078,0.31589966299870903,0.14963520789245824,0.33726785466066062,0.20408514468343553,0.0077419077541080236,1.8920817198815962e-15,8.6812058905103315e-16,0,3.1086244689504383e-15,1.7541523789077473e-14,1.1102230246251565e-15,0.12499999999999924,8,2.2204460492503131e-16,4.42115961896139e-15,0,0,1.7541523789077473e-14,6.6613381477509392e-16,0.067280999035574496,3.1146864744951017,0,1.6320278461989801e-14,4.42115961896139e-15
hex,2,2,0,gll,shear,0,sine,yz,reused_centered,0.19147847949855984,0.091053931287984627,0.7449375718723843,2.1029128208968078,0.31589966299870931,0.14963520789245838,0.33726785466066156,0.20408514468343616,0.0077419077541080236,2.1083692272747799e-15,9.6735712643182902e-16,0,3.1086244689504383e-15,1.7541523789077473e-14,1.1102230246251565e-15,0.12499999999999924,8,2.2204460492503131e-16,4.42115961896139e-15,0,0,1.7541523789077473e-14,6.6613381477509392e-16,0.067280999035574496,3.1146864744951017,0,1.6320278461989801e-14,4.42115961896139e-15
hex,2,2,0,gll,shear,0,sine,zz,recursive,0.10291157390459182,0.14681289621036797,0.2769696595122822,0.70097094029893647,0.13289288878525862,0.18884592834364058,0.20430278781435712,0.12072515718763825,0.0077419077541080236,2.9657600169987605e-13,4.25173501672104e-13,0,3.1086244689504383e-15,1.7541523789077473e-14,1.1102230246251565e-15,0.12499999999999924,8,2.2204460492503131e-16,4.42115961896139e-15,0,0,1.7541523789077473e-14,6.6613381477509392e-16,0.067280999035574496,3.1146864744951017,0,1.6320278461989801e-14,4.42115961896139e-15
hex,2,2,0,gll,shear,0,sine,zz,direct,0.10291157390455233,0.14681289621031166,0.27696965951139452,0.70097094029893647,0.13289288878526662,0.18884592834365196,0.20430278781428871,0.12072515718765607,0.0077419077541080236,0,0,0,3.1086244689504383e-15,1.7541523789077473e-14,1.1102230246251565e-15,0.12499999999999924,8,2.2204460492503131e-16,4.42115961896139e-15,0,0,1.7541523789077473e-14,6.6613381477509392e-16,0.067280999035574496,3.1146864744951017,0,1.6320278461989801e-14,4.42115961896139e-15
hex,2,2,0,gll,shear,0,sine,zz,fe_geometry,0.10291157390455233,0.14681289621031166,0.27696965951139452,0.70097094029893647,0.13289288878526662,0.18884592834365196,0.20430278781428871,0.12072515718765607,0.0077419077541080236,0,0,0,3.1086244689504383e-15,1.7541523789077473e-14,1.1102230246251565e-15,0.12499999999999924,8,2.2204460492503131e-16,4.42115961896139e-15,0,0,1.7541523789077473e-14,6.6613381477509392e-16,0.067280999035574496,3.1146864744951017,0,1.6320278461989801e-14,4.42115961896139e-15
hex,2,2,0,gll,shear,0,sine,zz,reused,0.10291157390455233,0.14681289621031166,0.27696965951139457,0.70097094029893647,0.13289288878526651,0.1888459283436518,0.2043027878142889,0.12072515718765632,0.0077419077541080236,1.6549514582654035e-15,2.3725503836285304e-15,0,3.1086244689504383e-15,1.7541523789077473e-14,1.1102230246251565e-15,0.12499999999999924,8,2.2204460492503131e-16,4.42115961896139e-15,0,0,1.7541523789077473e-14,6.6613381477509392e-16,0.067280999035574496,3.1146864744951017,0,1.6320278461989801e-14,4.42115961896139e-15
hex,2,2,0,gll,shear,0,sine,zz,reused_centered,0.10291157390455234,0.14681289621031168,0.27696965951139663,0.70097094029893647,0.13289288878526664,0.18884592834365199,0.20430278781428898,0.12072515718765599,0.0077419077541080236,1.610285670973408e-15,2.3085171878236416e-15,0,3.1086244689504383e-15,1.7541523789077473e-14,1.1102230246251565e-15,0.12499999999999924,8,2.2204460492503131e-16,4.42115961896139e-15,0,0,1.7541523789077473e-14,6.6613381477509392e-16,0.067280999035574496,3.1146864744951017,0,1.6320278461989801e-14,4.42115961896139e-15
hex,2,2,0,gll,shear,0,sine,xxx,recursive,5.7055186806123297,1.0000000000000799,7.9999999997296074,5.7055186806118732,5.6838935245049216,0.99999999999992673,1.3282038471278344e-12,8.2812868462292071e-13,0.0077419077541080236,1.431998462707064e-12,nan,0,3.1086244689504383e-15,1.7541523789077473e-14,1.1102230246251565e-15,0.12499999999999924,8,2.2204460492503131e-16,4.42115961896139e-15,0,0,1.7541523789077473e-14,6.6613381477509392e-16,0.067280999035574496,3.1146864744951017,0,1.6320278461989801e-14,4.42115961896139e-15
hex,2,2,0,gll,shear,0,sine,xxx,direct,5.7055186806118732,1,7.9999999997277147,5.7055186806118732,5.6838935245053381,1,0,0,0.0077419077541080236,0,nan,0,3.1086244689504383e-15,1.7541523789077473e-14,1.1102230246251565e-15,0.12499999999999924,8,2.2204460492503131e-16,4.42115961896139e-15,0,0,1.7541523789077473e-14,6.6613381477509392e-16,0.067280999035574496,3.1146864744951017,0,1.6320278461989801e-14,4.42115961896139e-15
hex,2,2,0,gll,shear,0,sine,xxx,fe_geometry,5.7055186806118732,1,7.9999999997277147,5.7055186806118732,5.6838935245053381,1,0,0,0.0077419077541080236,0,nan,0,3.1086244689504383e-15,1.7541523789077473e-14,1.1102230246251565e-15,0.12499999999999924,8,2.2204460492503131e-16,4.42115961896139e-15,0,0,1.7541523789077473e-14,6.6613381477509392e-16,0.067280999035574496,3.1146864744951017,0,1.6320278461989801e-14,4.42115961896139e-15
hex,2,2,0,gll,shear,0,sine,xxx,reused,5.7055186806118732,1,7.9999999997277147,5.7055186806118732,5.6838935245053381,1,0,0,0.0077419077541080236,0,nan,0,3.1086244689504383e-15,1.7541523789077473e-14,1.1102230246251565e-15,0.12499999999999924,8,2.2204460492503131e-16,4.42115961896139e-15,0,0,1.7541523789077473e-14,6.6613381477509392e-16,0.067280999035574496,3.1146864744951017,0,1.6320278461989801e-14,4.42115961896139e-15
hex,2,2,0,gll,shear,0,sine,xxx,reused_centered,5.7055186806118732,1,7.9999999997277147,5.7055186806118732,5.6838935245053381,1,0,0,0.0077419077541080236,0,nan,0,3.1086244689504383e-15,1.7541523789077473e-14,1.1102230246251565e-15,0.12499999999999924,8,2.2204460492503131e-16,4.42115961896139e-15,0,0,1.7541523789077473e-14,6.6613381477509392e-16,0.067280999035574496,3.1146864744951017,0,1.6320278461989801e-14,4.42115961896139e-15
hex,2,2,0,gll,shear,0,sine,xxy,recursive,2.5287172544501417,0.29547033273160167,7.8350651368099182,8.55827802091782,3.377805683765184,0.39618448975773751,4.7463681622280713,2.8443063563636857,0.0077419077541080236,2.7976942025234542e-12,3.2180852580500862e-13,0,3.1086244689504383e-15,1.7541523789077473e-14,1.1102230246251565e-15,0.12499999999999924,8,2.2204460492503131e-16,4.42115961896139e-15,0,0,1.7541523789077473e-14,6.6613381477509392e-16,0.067280999035574496,3.1146864744951017,0,1.6320278461989801e-14,4.42115961896139e-15
hex,2,2,0,gll,shear,0,sine,xxy,direct,2.5287172544495933,0.29547033273153755,7.8350651368197406,8.55827802091782,3.3778056837646782,0.39618448975767817,4.7463681622268874,2.8443063563629933,0.0077419077541080236,0,0,0,3.1086244689504383e-15,1.7541523789077473e-14,1.1102230246251565e-15,0.12499999999999924,8,2.2204460492503131e-16,4.42115961896139e-15,0,0,1.7541523789077473e-14,6.6613381477509392e-16,0.067280999035574496,3.1146864744951017,0,1.6320278461989801e-14,4.42115961896139e-15
hex,2,2,0,gll,shear,0,sine,xxy,fe_geometry,2.5287172544495933,0.29547033273153755,7.8350651368197406,8.55827802091782,3.3778056837646782,0.39618448975767817,4.7463681622268874,2.8443063563629933,0.0077419077541080236,0,0,0,3.1086244689504383e-15,1.7541523789077473e-14,1.1102230246251565e-15,0.12499999999999924,8,2.2204460492503131e-16,4.42115961896139e-15,0,0,1.7541523789077473e-14,6.6613381477509392e-16,0.067280999035574496,3.1146864744951017,0,1.6320278461989801e-14,4.42115961896139e-15
hex,2,2,0,gll,shear,0,sine,xxy,reused,2.5287172544495933,0.29547033273153761,7.8350651368197202,8.55827802091782,3.3778056837646786,0.39618448975767823,4.7463681622268892,2.8443063563629978,0.0077419077541080236,9.9083003117197598e-15,1.1397155249032663e-15,0,3.1086244689504383e-15,1.7541523789077473e-14,1.1102230246251565e-15,0.12499999999999924,8,2.2204460492503131e-16,4.42115961896139e-15,0,0,1.7541523789077473e-14,6.6613381477509392e-16,0.067280999035574496,3.1146864744951017,0,1.6320278461989801e-14,4.42115961896139e-15
hex,2,2,0,gll,shear,0,sine,xxy,reused_centered,2.5287172544495951,0.29547033273153783,7.8350651368197504,8.55827802091782,3.3778056837646777,0.39618448975767812,4.746368162226891,2.8443063563629951,0.0077419077541080236,8.7318912333695528e-15,1.0043974937524563e-15,0,3.1086244689504383e-15,1.7541523789077473e-14,1.1102230246251565e-15,0.12499999999999924,8,2.2204460492503131e-16,4.42115961896139e-15,0,0,1.7541523789077473e-14,6.6613381477509392e-16,0.067280999035574496,3.1146864744951017,0,1.6320278461989801e-14,4.42115961896139e-15
hex,2,2,0,gll,shear,0,sine,xxz,recursive,0.79975903355553302,0.28034577689605078,2.0870849195170069,2.8527593403059366,1.0350045262580507,0.36418856961192841,1.51559466415837,0.81905569267835743,0.0077419077541080236,2.5299167752480608e-12,8.9776512862368523e-13,0,3.1086244689504383e-15,1.7541523789077473e-14,1.1102230246251565e-15,0.12499999999999924,8,2.2204460492503131e-16,4.42115961896139e-15,0,0,1.7541523789077473e-14,6.6613381477509392e-16,0.067280999035574496,3.1146864744951017,0,1.6320278461989801e-14,4.42115961896139e-15
hex,2,2,0,gll,shear,0,sine,xxz,direct,0.79975903355539046,0.28034577689600082,2.0870849195151746,2.8527593403059366,1.0350045262579315,0.36418856961188645,1.5155946641580897,0.81905569267826317,0.0077419077541080236,0,0,0,3.1086244689504383e-15,1.7541523789077473e-14,1.1102230246251565e-15,0.12499999999999924,8,2.2204460492503131e-16,4.42115961896139e-15,0,0,1.7541523789077473e-14,6.6613381477509392e-16,0.067280999035574496,3.1146864744951017,0,1.6320278461989801e-14,4.42115961896139e-15
hex,2,2,0,gll,shear,0,sine,xxz,fe_geometry,0.79975903355539046,0.28034577689600082,2.0870849195151746,2.8527593403059366,1.0350045262579315,0.36418856961188645,1.5155946641580897,0.81905569267826317,0.0077419077541080236,0,0,0,3.1086244689504383e-15,1.7541523789077473e-14,1.1102230246251565e-15,0.12499999999999924,8,2.2204460492503131e-16,4.42115961896139e-15,0,0,1.7541523789077473e-14,6.6613381477509392e-16,0.067280999035574496,3.1146864744951017,0,1.6320278461989801e-14,4.42115961896139e-15
hex,2,2,0,gll,shear,0,sine,xxz,reused,0.79975903355538891,0.28034577689600026,2.0870849195152132,2.8527593403059366,1.0350045262579306,0.36418856961188617,1.5155946641580869,0.81905569267826317,0.0077419077541080236,1.1710269258806226e-14,4.1555008805850315e-15,0,3.1086244689504383e-15,1.7541523789077473e-14,1.1102230246251565e-15,0.12499999999999924,8,2.2204460492503131e-16,4.42115961896139e-15,0,0,1.7541523789077473e-14,6.6613381477509392e-16,0.067280999035574496,3.1146864744951017,0,1.6320278461989801e-14,4.42115961896139e-15
hex,2,2,0,gll,shear,0,sine,xxz,reused_centered,0.79975903355539013,0.28034577689600071,2.0870849195152084,2.8527593403059366,1.0350045262579333,0.36418856961188711,1.515594664158092,0.81905569267826783,0.0077419077541080236,1.0501421318968108e-14,3.726529644529713e-15,0,3.1086244689504383e-15,1.7541523789077473e-14,1.1102230246251565e-15,0.12499999999999924,8,2.2204460492503131e-16,4.42115961896139e-15,0,0,1.7541523789077473e-14,6.6613381477509392e-16,0.067280999035574496,3.1146864744951017,0,1.6320278461989801e-14,4.42115961896139e-15
hex,2,2,0,gll,shear,0,sine,xyy,recursive,5.3335642990438252,0.41547020603971302,13.995239661659838,12.837417031376765,6.9051759925684184,0.53994099195855016,7.7816983585224291,4.1557871441122742,0.0077419077541080236,1.6580914834737627e-12,1.3184535073471342e-13,0,3.1086244689504383e-15,1.7541523789077473e-14,1.1102230246251565e-15,0.12499999999999924,8,2.2204460492503131e-16,4.42115961896139e-15,0,0,1.7541523789077473e-14,6.6613381477509392e-16,0.067280999035574496,3.1146864744951017,0,1.6320278461989801e-14,4.42115961896139e-15
hex,2,2,0,gll,shear,0,sine,xyy,direct,5.3335642990436929,0.41547020603970264,13.995239661658516,12.837417031376765,6.9051759925684335,0.53994099195855139,7.7816983585225232,4.1557871441115521,0.0077419077541080236,0,0,0,3.1086244689504383e-15,1.7541523789077473e-14,1.1102230246251565e-15,0.12499999999999924,8,2.2204460492503131e-16,4.42115961896139e-15,0,0,1.7541523789077473e-14,6.6613381477509392e-16,0.067280999035574496,3.1146864744951017,0,1.6320278461989801e-14,4.42115961896139e-15
hex,2,2,0,gll,shear,0,sine,xyy,fe_geometry,5.3335642990436929,0.41547020603970264,13.995239661658516,12.837417031376765,6.9051759925684335,0.53994099195855139,7.7816983585225232,4.1557871441115521,0.0077419077541080236,0,0,0,3.1086244689504383e-15,1.7541523789077473e-14,1.1102230246251565e-15,0.12499999999999924,8,2.2204460492503131e-16,4.42115961896139e-15,0,0,1.7541523789077473e-14,6.6613381477509392e-16,0.067280999035574496,3.1146864744951017,0,1.6320278461989801e-14,4.42115961896139e-15
hex,2,2,0,gll,shear,0,sine,xyy,reused,5.3335642990436911,0.41547020603970258,13.995239661658523,12.837417031376765,6.9051759925684353,0.5399409919585515,7.7816983585225259,4.1557871441115477,0.0077419077541080236,1.0437175931391159e-14,8.2992593295950773e-16,0,3.1086244689504383e-15,1.7541523789077473e-14,1.1102230246251565e-15,0.12499999999999924,8,2.2204460492503131e-16,4.42115961896139e-15,0,0,1.7541523789077473e-14,6.6613381477509392e-16,0.067280999035574496,3.1146864744951017,0,1.6320278461989801e-14,4.42115961896139e-15
hex,2,2,0,gll,shear,0,sine,xyy,reused_centered,5.3335642990436929,0.41547020603970269,13.995239661658495,12.837417031376765,6.9051759925684344,0.53994099195855139,7.7816983585225277,4.1557871441115504,0.0077419077541080236,1.1066687237768875e-14,8.7998236217833065e-16,0,3.1086244689504383e-15,1.7541523789077473e-14,1.1102230246251565e-15,0.12499999999999924,8,2.2204460492503131e-16,4.42115961896139e-15,0,0,1.7541523789077473e-14,6.6613381477509392e-16,0.067280999035574496,3.1146864744951017,0,1.6320278461989801e-14,4.42115961896139e-15
hex,2,2,0,gll,shear,0,sine,xyz,recursive,0.45685989020004131,0.10676444235239885,2.1351026648913844,4.27913901045891,0.77810032058195278,0.18252753849739992,0.49940317123483957,0.33808637871728187,0.0077419077541080236,2.5551427605178171e-12,5.6710115509410964e-13,0,3.1086244689504383e-15,1.7541523789077473e-14,1.1102230246251565e-15,0.12499999999999924,8,2.2204460492503131e-16,4.42115961896139e-15,0,0,1.7541523789077473e-14,6.6613381477509392e-16,0.067280999035574496,3.1146864744951017,0,1.6320278461989801e-14,4.42115961896139e-15
hex,2,2,0,gll,shear,0,sine,xyz,direct,0.45685989019998152,0.10676444235238487,2.1351026648960403,4.27913901045891,0.7781003205818624,0.18252753849737871,0.49940317123417838,0.33808637871602187,0.0077419077541080236,0,0,0,3.1086244689504383e-15,1.7541523789077473e-14,1.1102230246251565e-15,0.12499999999999924,8,2.2204460492503131e-16,4.42115961896139e-15,0,0,1.7541523789077473e-14,6.6613381477509392e-16,0.067280999035574496,3.1146864744951017,0,1.6320278461989801e-14,4.42115961896139e-15
hex,2,2,0,gll,shear,0,sine,xyz,fe_geometry,0.45685989019998152,0.10676444235238487,2.1351026648960403,4.27913901045891,0.7781003205818624,0.18252753849737871,0.49940317123417838,0.33808637871602187,0.0077419077541080236,0,0,0,3.1086244689504383e-15,1.7541523789077473e-14,1.1102230246251565e-15,0.12499999999999924,8,2.2204460492503131e-16,4.42115961896139e-15,0,0,1.7541523789077473e-14,6.6613381477509392e-16,0.067280999035574496,3.1146864744951017,0,1.6320278461989801e-14,4.42115961896139e-15
hex,2,2,0,gll,shear,0,sine,xyz,reused,0.45685989019998163,0.1067644423523849,2.1351026648960731,4.27913901045891,0.77810032058186396,0.1825275384973791,0.49940317123417677,0.33808637871602221,0.0077419077541080236,9.9572427872357434e-15,2.2099602313608206e-15,0,3.1086244689504383e-15,1.7541523789077473e-14,1.1102230246251565e-15,0.12499999999999924,8,2.2204460492503131e-16,4.42115961896139e-15,0,0,1.7541523789077473e-14,6.6613381477509392e-16,0.067280999035574496,3.1146864744951017,0,1.6320278461989801e-14,4.42115961896139e-15
hex,2,2,0,gll,shear,0,sine,xyz,reused_centered,0.45685989019998224,0.10676444235238504,2.135102664896114,4.27913901045891,0.7781003205818644,0.18252753849737918,0.49940317123417499,0.33808637871602082,0.0077419077541080236,1.0422755688063931e-14,2.3132784912444193e-15,0,3.1086244689504383e-15,1.7541523789077473e-14,1.1102230246251565e-15,0.12499999999999924,8,2.2204460492503131e-16,4.42115961896139e-15,0,0,1.7541523789077473e-14,6.6613381477509392e-16,0.067280999035574496,3.1146864744951017,0,1.6320278461989801e-14,4.42115961896139e-15
hex,2,2,0,gll,shear,0,sine,xzz,recursive,0.2109495141837826,0.14789155972838558,0.66279096687271,1.4263796701529683,0.28130226823442134,0.19796448826609764,0.40937522778683133,0.25324499811918577,0.0077419077541080236,1.5356614824691814e-12,1.0644504913522458e-12,0,3.1086244689504383e-15,1.7541523789077473e-14,1.1102230246251565e-15,0.12499999999999924,8,2.2204460492503131e-16,4.42115961896139e-15,0,0,1.7541523789077473e-14,6.6613381477509392e-16,0.067280999035574496,3.1146864744951017,0,1.6320278461989801e-14,4.42115961896139e-15
hex,2,2,0,gll,shear,0,sine,xzz,direct,0.21094951418362745,0.14789155972827681,0.66279096687434647,1.4263796701529683,0.28130226823431997,0.19796448826602633,0.40937522778674101,0.2532449981191589,0.0077419077541080236,0,0,0,3.1086244689504383e-15,1.7541523789077473e-14,1.1102230246251565e-15,0.12499999999999924,8,2.2204460492503131e-16,4.42115961896139e-15,0,0,1.7541523789077473e-14,6.6613381477509392e-16,0.067280999035574496,3.1146864744951017,0,1.6320278461989801e-14,4.42115961896139e-15
hex,2,2,0,gll,shear,0,sine,xzz,fe_geometry,0.21094951418362745,0.14789155972827681,0.66279096687434647,1.4263796701529683,0.28130226823431997,0.19796448826602633,0.40937522778674101,0.2532449981191589,0.0077419077541080236,0,0,0,3.1086244689504383e-15,1.7541523789077473e-14,1.1102230246251565e-15,0.12499999999999924,8,2.2204460492503131e-16,4.42115961896139e-15,0,0,1.7541523789077473e-14,6.6613381477509392e-16,0.067280999035574496,3.1146864744951017,0,1.6320278461989801e-14,4.42115961896139e-15
hex,2,2,0,gll,shear,0,sine,xzz,reused,0.21094951418362756,0.14789155972827686,0.66279096687439598,1.4263796701529683,0.28130226823431898,0.19796448826602561,0.40937522778674001,0.25324499811916013,0.0077419077541080236,1.0522087631145589e-14,7.2934311870709331e-15,0,3.1086244689504383e-15,1.7541523789077473e-14,1.1102230246251565e-15,0.12499999999999924,8,2.2204460492503131e-16,4.42115961896139e-15,0,0,1.7541523789077473e-14,6.6613381477509392e-16,0.067280999035574496,3.1146864744951017,0,1.6320278461989801e-14,4.42115961896139e-15
hex,2,2,0,gll,shear,0,sine,xzz,reused_centered,0.21094951418362773,0.14789155972827697,0.66279096687438621,1.4263796701529683,0.28130226823432003,0.19796448826602633,0.40937522778674251,0.25324499811916068,0.0077419077541080236,1.0372369334494254e-14,7.1896532931442779e-15,0,3.1086244689504383e-15,1.7541523789077473e-14,1.1102230246251565e-15,0.12499999999999924,8,2.2204460492503131e-16,4.42115961896139e-15,0,0,1.7541523789077473e-14,6.6613381477509392e-16,0.067280999035574496,3.1146864744951017,0,1.6320278461989801e-14,4.42115961896139e-15
hex,2,2,0,gll,shear,0,sine,yyy,recursive,19.256125547065924,1.0000000000000373,26.999999999077879,19.256125547065206,19.183140645205011,0.99999999999997458,1.7510129235517393e-12,1.1629679119809378e-12,0.0077419077541080236,2.1131323993482007e-12,nan,0,3.1086244689504383e-15,1.7541523789077473e-14,1.1102230246251565e-15,0.12499999999999924,8,2.2204460492503131e-16,4.42115961896139e-15,0,0,1.7541523789077473e-14,6.6613381477509392e-16,0.067280999035574496,3.1146864744951017,0,1.6320278461989801e-14,4.42115961896139e-15
hex,2,2,0,gll,shear,0,sine,yyy,direct,19.256125547065206,1,26.999999999081037,19.256125547065206,19.183140645205498,1,0,0,0.0077419077541080236,0,nan,0,3.1086244689504383e-15,1.7541523789077473e-14,1.1102230246251565e-15,0.12499999999999924,8,2.2204460492503131e-16,4.42115961896139e-15,0,0,1.7541523789077473e-14,6.6613381477509392e-16,0.067280999035574496,3.1146864744951017,0,1.6320278461989801e-14,4.42115961896139e-15
hex,2,2,0,gll,shear,0,sine,yyy,fe_geometry,19.256125547065206,1,26.999999999081037,19.256125547065206,19.183140645205498,1,0,0,0.0077419077541080236,0,nan,0,3.1086244689504383e-15,1.7541523789077473e-14,1.1102230246251565e-15,0.12499999999999924,8,2.2204460492503131e-16,4.42115961896139e-15,0,0,1.7541523789077473e-14,6.6613381477509392e-16,0.067280999035574496,3.1146864744951017,0,1.6320278461989801e-14,4.42115961896139e-15
hex,2,2,0,gll,shear,0,sine,yyy,reused,19.256125547065206,1,26.999999999081037,19.256125547065206,19.183140645205498,1,0,0,0.0077419077541080236,0,nan,0,3.1086244689504383e-15,1.7541523789077473e-14,1.1102230246251565e-15,0.12499999999999924,8,2.2204460492503131e-16,4.42115961896139e-15,0,0,1.7541523789077473e-14,6.6613381477509392e-16,0.067280999035574496,3.1146864744951017,0,1.6320278461989801e-14,4.42115961896139e-15
hex,2,2,0,gll,shear,0,sine,yyy,reused_centered,19.256125547065206,1,26.999999999081037,19.256125547065206,19.183140645205498,1,0,0,0.0077419077541080236,0,nan,0,3.1086244689504383e-15,1.7541523789077473e-14,1.1102230246251565e-15,0.12499999999999924,8,2.2204460492503131e-16,4.42115961896139e-15,0,0,1.7541523789077473e-14,6.6613381477509392e-16,0.067280999035574496,3.1146864744951017,0,1.6320278461989801e-14,4.42115961896139e-15
hex,2,2,0,gll,shear,0,sine,yyz,recursive,2.6473928825448581,0.41244946332649207,6.6010459901256606,6.4187085156883823,3.4055024780640233,0.53257741384206159,3.8424764754062988,1.9654079210191329,0.0077419077541080236,3.4815710052142746e-12,5.6005379931950167e-13,0,3.1086244689504383e-15,1.7541523789077473e-14,1.1102230246251565e-15,0.12499999999999924,8,2.2204460492503131e-16,4.42115961896139e-15,0,0,1.7541523789077473e-14,6.6613381477509392e-16,0.067280999035574496,3.1146864744951017,0,1.6320278461989801e-14,4.42115961896139e-15
hex,2,2,0,gll,shear,0,sine,yyz,direct,2.6473928825446005,0.41244946332645199,6.6010459901239171,6.4187085156883823,3.405502478063799,0.5325774138420265,3.8424764754055523,1.9654079210185103,0.0077419077541080236,0,0,0,3.1086244689504383e-15,1.7541523789077473e-14,1.1102230246251565e-15,0.12499999999999924,8,2.2204460492503131e-16,4.42115961896139e-15,0,0,1.7541523789077473e-14,6.6613381477509392e-16,0.067280999035574496,3.1146864744951017,0,1.6320278461989801e-14,4.42115961896139e-15
hex,2,2,0,gll,shear,0,sine,yyz,fe_geometry,2.6473928825446005,0.41244946332645199,6.6010459901239171,6.4187085156883823,3.405502478063799,0.5325774138420265,3.8424764754055523,1.9654079210185103,0.0077419077541080236,0,0,0,3.1086244689504383e-15,1.7541523789077473e-14,1.1102230246251565e-15,0.12499999999999924,8,2.2204460492503131e-16,4.42115961896139e-15,0,0,1.7541523789077473e-14,6.6613381477509392e-16,0.067280999035574496,3.1146864744951017,0,1.6320278461989801e-14,4.42115961896139e-15
hex,2,2,0,gll,shear,0,sine,yyz,reused,2.6473928825445978,0.41244946332645155,6.6010459901239225,6.4187085156883823,3.4055024780637955,0.53257741384202595,3.8424764754055558,1.9654079210185067,0.0077419077541080236,1.1295532434825261e-14,1.817026234991639e-15,0,3.1086244689504383e-15,1.7541523789077473e-14,1.1102230246251565e-15,0.12499999999999924,8,2.2204460492503131e-16,4.42115961896139e-15,0,0,1.7541523789077473e-14,6.6613381477509392e-16,0.067280999035574496,3.1146864744951017,0,1.6320278461989801e-14,4.42115961896139e-15
hex,2,2,0,gll,shear,0,sine,yyz,reused_centered,2.6473928825446009,0.41244946332645205,6.6010459901238949,6.4187085156883823,3.4055024780637972,0.53257741384202628,3.8424764754055594,1.9654079210185094,0.0077419077541080236,1.3206897005452089e-14,2.1244928895740177e-15,0,3.1086244689504383e-15,1.7541523789077473e-14,1.1102230246251565e-15,0.12499999999999924,8,2.2204460492503131e-16,4.42115961896139e-15,0,0,1.7541523789077473e-14,6.6613381477509392e-16,0.067280999035574496,3.1146864744951017,0,1.6320278461989801e-14,4.42115961896139e-15
hex,2,2,0,gll,shear,0,sine,yzz,recursive,0.35971921013949398,0.16812691023137222,1.2680449747167604,2.139569505229455,0.50525648792931488,0.23704712776009135,0.65602887692290679,0.43969170100562044,0.0077419077541080236,2.1519828406009292e-12,9.7816231858852537e-13,0,3.1086244689504383e-15,1.7541523789077473e-14,1.1102230246251565e-15,0.12499999999999924,8,2.2204460492503131e-16,4.42115961896139e-15,0,0,1.7541523789077473e-14,6.6613381477509392e-16,0.067280999035574496,3.1146864744951017,0,1.6320278461989801e-14,4.42115961896139e-15
hex,2,2,0,gll,shear,0,sine,yzz,direct,0.35971921013913316,0.16812691023120357,1.2680449747197189,2.139569505229455,0.50525648792902456,0.23704712775995512,0.65602887692257106,0.43969170100553062,0.0077419077541080236,0,0,0,3.1086244689504383e-15,1.7541523789077473e-14,1.1102230246251565e-15,0.12499999999999924,8,2.2204460492503131e-16,4.42115961896139e-15,0,0,1.7541523789077473e-14,6.6613381477509392e-16,0.067280999035574496,3.1146864744951017,0,1.6320278461989801e-14,4.42115961896139e-15
hex,2,2,0,gll,shear,0,sine,yzz,fe_geometry,0.35971921013913316,0.16812691023120357,1.2680449747197189,2.139569505229455,0.50525648792902456,0.23704712775995512,0.65602887692257106,0.43969170100553062,0.0077419077541080236,0,0,0,3.1086244689504383e-15,1.7541523789077473e-14,1.1102230246251565e-15,0.12499999999999924,8,2.2204460492503131e-16,4.42115961896139e-15,0,0,1.7541523789077473e-14,6.6613381477509392e-16,0.067280999035574496,3.1146864744951017,0,1.6320278461989801e-14,4.42115961896139e-15
hex,2,2,0,gll,shear,0,sine,yzz,reused,0.35971921013913316,0.16812691023120355,1.2680449747197127,2.139569505229455,0.50525648792902444,0.23704712775995512,0.6560288769225715,0.43969170100553384,0.0077419077541080236,1.0546405548308256e-14,4.7937633652447624e-15,0,3.1086244689504383e-15,1.7541523789077473e-14,1.1102230246251565e-15,0.12499999999999924,8,2.2204460492503131e-16,4.42115961896139e-15,0,0,1.7541523789077473e-14,6.6613381477509392e-16,0.067280999035574496,3.1146864744951017,0,1.6320278461989801e-14,4.42115961896139e-15
hex,2,2,0,gll,shear,0,sine,yzz,reused_centered,0.35971921013913338,0.16812691023120366,1.2680449747196998,2.139569505229455,0.50525648792902544,0.23704712775995557,0.65602887692257328,0.43969170100553284,0.0077419077541080236,1.1906371002490849e-14,5.4119220869435247e-15,0,3.1086244689504383e-15,1.7541523789077473e-14,1.1102230246251565e-15,0.12499999999999924,8,2.2204460492503131e-16,4.42115961896139e-15,0,0,1.7541523789077473e-14,6.6613381477509392e-16,0.067280999035574496,3.1146864744951017,0,1.6320278461989801e-14,4.42115961896139e-15
hex,2,2,0,gll,shear,0,sine,zzz,recursive,0.71318983507675837,1.0000000000003846,0.99999999996583999,0.71318983507648415,0.71048669056290559,0.99999999999963174,2.0935803342682044e-12,1.346189844603126e-12,0.0077419077541080236,2.0099787033837276e-12,nan,0,3.1086244689504383e-15,1.7541523789077473e-14,1.1102230246251565e-15,0.12499999999999924,8,2.2204460492503131e-16,4.42115961896139e-15,0,0,1.7541523789077473e-14,6.6613381477509392e-16,0.067280999035574496,3.1146864744951017,0,1.6320278461989801e-14,4.42115961896139e-15
hex,2,2,0,gll,shear,0,sine,zzz,direct,0.71318983507648415,1,0.99999999996596434,0.71318983507648415,0.71048669056316727,1,0,0,0.0077419077541080236,0,nan,0,3.1086244689504383e-15,1.7541523789077473e-14,1.1102230246251565e-15,0.12499999999999924,8,2.2204460492503131e-16,4.42115961896139e-15,0,0,1.7541523789077473e-14,6.6613381477509392e-16,0.067280999035574496,3.1146864744951017,0,1.6320278461989801e-14,4.42115961896139e-15
hex,2,2,0,gll,shear,0,sine,zzz,fe_geometry,0.71318983507648415,1,0.99999999996596434,0.71318983507648415,0.71048669056316727,1,0,0,0.0077419077541080236,0,nan,0,3.1086244689504383e-15,1.7541523789077473e-14,1.1102230246251565e-15,0.12499999999999924,8,2.2204460492503131e-16,4.42115961896139e-15,0,0,1.7541523789077473e-14,6.6613381477509392e-16,0.067280999035574496,3.1146864744951017,0,1.6320278461989801e-14,4.42115961896139e-15
hex,2,2,0,gll,shear,0,sine,zzz,reused,0.71318983507648415,1,0.99999999996596434,0.71318983507648415,0.71048669056316727,1,0,0,0.0077419077541080236,0,nan,0,3.1086244689504383e-15,1.7541523789077473e-14,1.1102230246251565e-15,0.12499999999999924,8,2.2204460492503131e-16,4.42115961896139e-15,0,0,1.7541523789077473e-14,6.6613381477509392e-16,0.067280999035574496,3.1146864744951017,0,1.6320278461989801e-14,4.42115961896139e-15
hex,2,2,0,gll,shear,0,sine,zzz,reused_centered,0.71318983507648415,1,0.99999999996596434,0.71318983507648415,0.71048669056316727,1,0,0,0.0077419077541080236,0,nan,0,3.1086244689504383e-15,1.7541523789077473e-14,1.1102230246251565e-15,0.12499999999999924,8,2.2204460492503131e-16,4.42115961896139e-15,0,0,1.7541523789077473e-14,6.6613381477509392e-16,0.067280999035574496,3.1146864744951017,0,1.6320278461989801e-14,4.42115961896139e-15
