family,n,p,amplitude,basis,map,extra,field,derivative,method,error_l2,relative_l2,sampled_linf,truth_l2,face_rms,face_relative_l2,jump_rms,jump_mean_abs,input_error_l2,operator_error_l2,operator_relative_l2,inverse_residual,representation_residual,first_derivative_residual,geometry_residual,min_jacobian,elements,geometry_derivative_residual,geometry_jacobian_residual,fe_inverse_residual,method_agreement,fe_first_residual,face_geometry_residual,initialization_seconds,evaluation_seconds,reused_inverse_residual,reused_first_residual,reused_geometry_residual
hex,2,2,0.20000000000000001,gll,shear,0,constant,x,recursive,2.6246128008597342e-13,nan,1.8230835370244289e-12,0,4.2166367522798271e-13,nan,6.4449688606746793e-13,3.6903135045630877e-13,2.1436032903855557e-14,1.1350038545828976e-14,nan,0,3.1086244689504383e-15,2.3203661214665772e-14,1.7763568394002505e-15,0.12499999999999921,8,3.1560759038526543e-14,6.3594962629309748e-15,6.6613381477509392e-16,1.0402789740737717e-13,2.3203661214665772e-14,1.3322676295501878e-15,0.067332042031921446,3.0999128221883439,2.2204460492503126e-16,1.9984014443252818e-14,5.3760164722693737e-15
hex,2,2,0.20000000000000001,gll,shear,0,constant,x,direct,2.5892677637283698e-13,nan,1.7984218241328677e-12,0,4.1659013410744541e-13,nan,6.3692323795576736e-13,3.6714017069650657e-13,2.1436032903855557e-14,0,nan,0,3.1086244689504383e-15,2.3203661214665772e-14,1.7763568394002505e-15,0.12499999999999921,8,3.1560759038526543e-14,6.3594962629309748e-15,6.6613381477509392e-16,1.0402789740737717e-13,2.3203661214665772e-14,1.3322676295501878e-15,0.067332042031921446,3.0999128221883439,2.2204460492503126e-16,1.9984014443252818e-14,5.3760164722693737e-15
hex,2,2,0.20000000000000001,gll,shear,0,constant,x,fe_geometry,2.5892677637283713e-13,nan,1.7984218241328677e-12,0,4.1659013410744551e-13,nan,6.3692323795576786e-13,3.6714017069650647e-13,2.1436032903855557e-14,2.6171136428915629e-28,nan,0,3.1086244689504383e-15,2.3203661214665772e-14,1.7763568394002505e-15,0.12499999999999921,8,3.1560759038526543e-14,6.3594962629309748e-15,6.6613381477509392e-16,1.0402789740737717e-13,2.3203661214665772e-14,1.3322676295501878e-15,0.067332042031921446,3.0999128221883439,2.2204460492503126e-16,1.9984014443252818e-14,5.3760164722693737e-15
hex,2,2,0.20000000000000001,gll,shear,0,constant,x,reused,2.5894244409159222e-13,nan,1.7988704673265248e-12,0,4.1660858475795339e-13,nan,6.3692171727800187e-13,3.6712466838776393e-13,2.1436032903855557e-14,1.9531723000908553e-16,nan,0,3.1086244689504383e-15,2.3203661214665772e-14,1.7763568394002505e-15,0.12499999999999921,8,3.1560759038526543e-14,6.3594962629309748e-15,6.6613381477509392e-16,1.0402789740737717e-13,2.3203661214665772e-14,1.3322676295501878e-15,0.067332042031921446,3.0999128221883439,2.2204460492503126e-16,1.9984014443252818e-14,5.3760164722693737e-15
hex,2,2,0.20000000000000001,gll,shear,0,constant,x,reused_centered,2.5893336733236451e-13,nan,1.7988681905600944e-12,0,4.1659183917591164e-13,nan,6.3692146536473589e-13,3.6714011187071119e-13,2.1436032903855557e-14,1.6310583158940414e-16,nan,0,3.1086244689504383e-15,2.3203661214665772e-14,1.7763568394002505e-15,0.12499999999999921,8,3.1560759038526543e-14,6.3594962629309748e-15,6.6613381477509392e-16,1.0402789740737717e-13,2.3203661214665772e-14,1.3322676295501878e-15,0.067332042031921446,3.0999128221883439,2.2204460492503126e-16,1.9984014443252818e-14,5.3760164722693737e-15
hex,2,2,0.20000000000000001,gll,shear,0,constant,y,recursive,2.5742969041371601e-13,nan,1.8043304814223522e-12,0,4.1638114996367488e-13,nan,6.3648079751837262e-13,3.7074884449766162e-13,2.1436032903855557e-14,1.2074239219827476e-14,nan,0,3.1086244689504383e-15,2.3203661214665772e-14,1.7763568394002505e-15,0.12499999999999921,8,3.1560759038526543e-14,6.3594962629309748e-15,6.6613381477509392e-16,1.0402789740737717e-13,2.3203661214665772e-14,1.3322676295501878e-15,0.067332042031921446,3.0999128221883439,2.2204460492503126e-16,1.9984014443252818e-14,5.3760164722693737e-15
hex,2,2,0.20000000000000001,gll,shear,0,constant,y,direct,2.564058537985001e-13,nan,1.8039294286700881e-12,0,4.1411077546561457e-13,nan,6.3047211629924636e-13,3.6623851762185915e-13,2.1436032903855557e-14,0,nan,0,3.1086244689504383e-15,2.3203661214665772e-14,1.7763568394002505e-15,0.12499999999999921,8,3.1560759038526543e-14,6.3594962629309748e-15,6.6613381477509392e-16,1.0402789740737717e-13,2.3203661214665772e-14,1.3322676295501878e-15,0.067332042031921446,3.0999128221883439,2.2204460492503126e-16,1.9984014443252818e-14,5.3760164722693737e-15
hex,2,2,0.20000000000000001,gll,shear,0,constant,y,fe_geometry,2.5640585379850015e-13,nan,1.8039294286700885e-12,0,4.1411077546561452e-13,nan,6.3047211629924656e-13,3.6623851762185915e-13,2.1436032903855557e-14,1.2131823281046132e-28,nan,0,3.1086244689504383e-15,2.3203661214665772e-14,1.7763568394002505e-15,0.12499999999999921,8,3.1560759038526543e-14,6.3594962629309748e-15,6.6613381477509392e-16,1.0402789740737717e-13,2.3203661214665772e-14,1.3322676295501878e-15,0.067332042031921446,3.0999128221883439,2.2204460492503126e-16,1.9984014443252818e-14,5.3760164722693737e-15
hex,2,2,0.20000000000000001,gll,shear,0,constant,y,reused,2.5641794066221813e-13,nan,1.8039150447299893e-12,0,4.1411820557761226e-13,nan,6.3051961693802765e-13,3.6626474122837318e-13,2.1436032903855557e-14,2.0540542699248597e-16,nan,0,3.1086244689504383e-15,2.3203661214665772e-14,1.7763568394002505e-15,0.12499999999999921,8,3.1560759038526543e-14,6.3594962629309748e-15,6.6613381477509392e-16,1.0402789740737717e-13,2.3203661214665772e-14,1.3322676295501878e-15,0.067332042031921446,3.0999128221883439,2.2204460492503126e-16,1.9984014443252818e-14,5.3760164722693737e-15
hex,2,2,0.20000000000000001,gll,shear,0,constant,y,reused_centered,2.5641839146778366e-13,nan,1.8039108883987508e-12,0,4.1411830565772938e-13,nan,6.3051605925486794e-13,3.6625258000466369e-13,2.1436032903855557e-14,1.731391286560901e-16,nan,0,3.1086244689504383e-15,2.3203661214665772e-14,1.7763568394002505e-15,0.12499999999999921,8,3.1560759038526543e-14,6.3594962629309748e-15,6.6613381477509392e-16,1.0402789740737717e-13,2.3203661214665772e-14,1.3322676295501878e-15,0.067332042031921446,3.0999128221883439,2.2204460492503126e-16,1.9984014443252818e-14,5.3760164722693737e-15
hex,2,2,0.20000000000000001,gll,shear,0,constant,z,recursive,1.5345010048857384e-13,nan,8.3094937999450669e-13,0,2.3266326591899915e-13,nan,2.3450522532706698e-13,1.3067190693836132e-13,2.1436032903855557e-14,1.2079947969550651e-14,nan,0,3.1086244689504383e-15,2.3203661214665772e-14,1.7763568394002505e-15,0.12499999999999921,8,3.1560759038526543e-14,6.3594962629309748e-15,6.6613381477509392e-16,1.0402789740737717e-13,2.3203661214665772e-14,1.3322676295501878e-15,0.067332042031921446,3.0999128221883439,2.2204460492503126e-16,1.9984014443252818e-14,5.3760164722693737e-15
hex,2,2,0.20000000000000001,gll,shear,0,constant,z,direct,1.5710455605113131e-13,nan,8.9157162525818389e-13,0,2.3967743550560578e-13,nan,2.4600844656263773e-13,1.3784965368314152e-13,2.1436032903855557e-14,0,nan,0,3.1086244689504383e-15,2.3203661214665772e-14,1.7763568394002505e-15,0.12499999999999921,8,3.1560759038526543e-14,6.3594962629309748e-15,6.6613381477509392e-16,1.0402789740737717e-13,2.3203661214665772e-14,1.3322676295501878e-15,0.067332042031921446,3.0999128221883439,2.2204460492503126e-16,1.9984014443252818e-14,5.3760164722693737e-15
hex,2,2,0.20000000000000001,gll,shear,0,constant,z,fe_geometry,1.5710455605113131e-13,nan,8.9157162525818348e-13,0,2.3967743550560583e-13,nan,2.4600844656263773e-13,1.3784965368314155e-13,2.1436032903855557e-14,1.6987307115599462e-28,nan,0,3.1086244689504383e-15,2.3203661214665772e-14,1.7763568394002505e-15,0.12499999999999921,8,3.1560759038526543e-14,6.3594962629309748e-15,6.6613381477509392e-16,1.0402789740737717e-13,2.3203661214665772e-14,1.3322676295501878e-15,0.067332042031921446,3.0999128221883439,2.2204460492503126e-16,1.9984014443252818e-14,5.3760164722693737e-15
hex,2,2,0.20000000000000001,gll,shear,0,constant,z,reused,1.5710021387604471e-13,nan,8.9147872766263212e-13,0,2.3967421782475914e-13,nan,2.4600940687734171e-13,1.3790934278655571e-13,2.1436032903855557e-14,3.3011973976908673e-16,nan,0,3.1086244689504383e-15,2.3203661214665772e-14,1.7763568394002505e-15,0.12499999999999921,8,3.1560759038526543e-14,6.3594962629309748e-15,6.6613381477509392e-16,1.0402789740737717e-13,2.3203661214665772e-14,1.3322676295501878e-15,0.067332042031921446,3.0999128221883439,2.2204460492503126e-16,1.9984014443252818e-14,5.3760164722693737e-15
hex,2,2,0.20000000000000001,gll,shear,0,constant,z,reused_centered,1.5711428330767912e-13,nan,8.9108795977098972e-13,0,2.3968795322822692e-13,nan,2.4606166238846977e-13,1.3794850353976032e-13,2.1436032903855557e-14,3.0795275405934278e-16,nan,0,3.1086244689504383e-15,2.3203661214665772e-14,1.7763568394002505e-15,0.12499999999999921,8,3.1560759038526543e-14,6.3594962629309748e-15,6.6613381477509392e-16,1.0402789740737717e-13,2.3203661214665772e-14,1.3322676295501878e-15,0.067332042031921446,3.0999128221883439,2.2204460492503126e-16,1.9984014443252818e-14,5.3760164722693737e-15
hex,2,2,0.20000000000000001,gll,shear,0,constant,xx,recursive,1.8185178293364174e-12,nan,7.396976492716469e-12,0,2.515173210022205e-12,nan,2.5854683421235011e-12,1.4855187796456475e-12,2.1436032903855557e-14,8.2237750872343063e-14,0.045844342110912102,0,3.1086244689504383e-15,2.3203661214665772e-14,1.7763568394002505e-15,0.12499999999999921,8,3.1560759038526543e-14,6.3594962629309748e-15,6.6613381477509392e-16,1.0402789740737717e-13,2.3203661214665772e-14,1.3322676295501878e-15,0.067332042031921446,3.0999128221883439,2.2204460492503126e-16,1.9984014443252818e-14,5.3760164722693737e-15
hex,2,2,0.20000000000000001,gll,shear,0,constant,xx,direct,1.7938473339498183e-12,nan,7.2380410508242515e-12,0,2.4858468356360205e-12,nan,2.5593038670761526e-12,1.4573429809823685e-12,2.1436032903855557e-14,0,0,0,3.1086244689504383e-15,2.3203661214665772e-14,1.7763568394002505e-15,0.12499999999999921,8,3.1560759038526543e-14,6.3594962629309748e-15,6.6613381477509392e-16,1.0402789740737717e-13,2.3203661214665772e-14,1.3322676295501878e-15,0.067332042031921446,3.0999128221883439,2.2204460492503126e-16,1.9984014443252818e-14,5.3760164722693737e-15
hex,2,2,0.20000000000000001,gll,shear,0,constant,xx,fe_geometry,1.7938473339498175e-12,nan,7.2380410508242515e-12,0,2.4858468356360201e-12,nan,2.5593038670761538e-12,1.4573429809823683e-12,2.1436032903855557e-14,4.7520864897560133e-27,2.6491030757297151e-15,0,3.1086244689504383e-15,2.3203661214665772e-14,1.7763568394002505e-15,0.12499999999999921,8,3.1560759038526543e-14,6.3594962629309748e-15,6.6613381477509392e-16,1.0402789740737717e-13,2.3203661214665772e-14,1.3322676295501878e-15,0.067332042031921446,3.0999128221883439,2.2204460492503126e-16,1.9984014443252818e-14,5.3760164722693737e-15
hex,2,2,0.20000000000000001,gll,shear,0,constant,xx,reused,1.7939560274091949e-12,nan,7.2398895060114405e-12,0,2.4859437437863391e-12,nan,2.5591157310027468e-12,1.457077186617258e-12,2.1436032903855557e-14,1.4183071981462667e-15,0.00079065100541378776,0,3.1086244689504383e-15,2.3203661214665772e-14,1.7763568394002505e-15,0.12499999999999921,8,3.1560759038526543e-14,6.3594962629309748e-15,6.6613381477509392e-16,1.0402789740737717e-13,2.3203661214665772e-14,1.3322676295501878e-15,0.067332042031921446,3.0999128221883439,2.2204460492503126e-16,1.9984014443252818e-14,5.3760164722693737e-15
hex,2,2,0.20000000000000001,gll,shear,0,constant,xx,reused_centered,1.7938931941425212e-12,nan,7.2398753296992678e-12,0,2.4858393587122118e-12,nan,2.5591318502667416e-12,1.4571130875514086e-12,2.1436032903855557e-14,1.0731900677991976e-15,0.00059826165108274436,0,3.1086244689504383e-15,2.3203661214665772e-14,1.7763568394002505e-15,0.12499999999999921,8,3.1560759038526543e-14,6.3594962629309748e-15,6.6613381477509392e-16,1.0402789740737717e-13,2.3203661214665772e-14,1.3322676295501878e-15,0.067332042031921446,3.0999128221883439,2.2204460492503126e-16,1.9984014443252818e-14,5.3760164722693737e-15
hex,2,2,0.20000000000000001,gll,shear,0,constant,xy,recursive,3.056629921825587e-12,nan,2.6803269530734711e-11,0,5.5650258638306434e-12,nan,9.7954044269324556e-12,6.0729937187071654e-12,2.1436032903855557e-14,1.8143308999506741e-13,0.060895264754354486,0,3.1086244689504383e-15,2.3203661214665772e-14,1.7763568394002505e-15,0.12499999999999921,8,3.1560759038526543e-14,6.3594962629309748e-15,6.6613381477509392e-16,1.0402789740737717e-13,2.3203661214665772e-14,1.3322676295501878e-15,0.067332042031921446,3.0999128221883439,2.2204460492503126e-16,1.9984014443252818e-14,5.3760164722693737e-15
hex,2,2,0.20000000000000001,gll,shear,0,constant,xy,direct,2.9794285438605233e-12,nan,2.6746985300852196e-11,0,5.4565054372909858e-12,nan,9.5480519495299532e-12,5.9598038945275721e-12,2.1436032903855557e-14,0,0,0,3.1086244689504383e-15,2.3203661214665772e-14,1.7763568394002505e-15,0.12499999999999921,8,3.1560759038526543e-14,6.3594962629309748e-15,6.6613381477509392e-16,1.0402789740737717e-13,2.3203661214665772e-14,1.3322676295501878e-15,0.067332042031921446,3.0999128221883439,2.2204460492503126e-16,1.9984014443252818e-14,5.3760164722693737e-15
hex,2,2,0.20000000000000001,gll,shear,0,constant,xy,fe_geometry,2.9794285438605237e-12,nan,2.6746985300852138e-11,0,5.4565054372909858e-12,nan,9.5480519495299613e-12,5.9598038945275754e-12,2.1436032903855557e-14,3.3416319086847213e-27,1.1215680656515703e-15,0,3.1086244689504383e-15,2.3203661214665772e-14,1.7763568394002505e-15,0.12499999999999921,8,3.1560759038526543e-14,6.3594962629309748e-15,6.6613381477509392e-16,1.0402789740737717e-13,2.3203661214665772e-14,1.3322676295501878e-15,0.067332042031921446,3.0999128221883439,2.2204460492503126e-16,1.9984014443252818e-14,5.3760164722693737e-15
hex,2,2,0.20000000000000001,gll,shear,0,constant,xy,reused,2.9793598047024e-12,nan,2.6743575898089936e-11,0,5.4564057467852007e-12,nan,9.5476075990891293e-12,5.9596138955681663e-12,2.1436032903855557e-14,1.5484012883162111e-15,0.00051969740690941606,0,3.1086244689504383e-15,2.3203661214665772e-14,1.7763568394002505e-15,0.12499999999999921,8,3.1560759038526543e-14,6.3594962629309748e-15,6.6613381477509392e-16,1.0402789740737717e-13,2.3203661214665772e-14,1.3322676295501878e-15,0.067332042031921446,3.0999128221883439,2.2204460492503126e-16,1.9984014443252818e-14,5.3760164722693737e-15
hex,2,2,0.20000000000000001,gll,shear,0,constant,xy,reused_centered,2.9792935480012658e-12,nan,2.6741521952206828e-11,0,5.456259246768087e-12,nan,9.5474484882220879e-12,5.9594721432228174e-12,2.1436032903855557e-14,1.2135505821654688e-15,0.00040730984626771407,0,3.1086244689504383e-15,2.3203661214665772e-14,1.7763568394002505e-15,0.12499999999999921,8,3.1560759038526543e-14,6.3594962629309748e-15,6.6613381477509392e-16,1.0402789740737717e-13,2.3203661214665772e-14,1.3322676295501878e-15,0.067332042031921446,3.0999128221883439,2.2204460492503126e-16,1.9984014443252818e-14,5.3760164722693737e-15
hex,2,2,0.20000000000000001,gll,shear,0,constant,xz,recursive,2.0873283234568728e-12,nan,1.1633136574363069e-11,0,3.2208402407973135e-12,nan,5.3773282555465197e-12,3.5147451133967811e-12,2.1436032903855557e-14,9.4728449811151703e-14,0.044633324334574377,0,3.1086244689504383e-15,2.3203661214665772e-14,1.7763568394002505e-15,0.12499999999999921,8,3.1560759038526543e-14,6.3594962629309748e-15,6.6613381477509392e-16,1.0402789740737717e-13,2.3203661214665772e-14,1.3322676295501878e-15,0.067332042031921446,3.0999128221883439,2.2204460492503126e-16,1.9984014443252818e-14,5.3760164722693737e-15
hex,2,2,0.20000000000000001,gll,shear,0,constant,xz,direct,2.1223704759488879e-12,nan,1.2346874679808143e-11,0,3.292752230776118e-12,nan,5.4840492633622908e-12,3.6057577860943961e-12,2.1436032903855557e-14,0,0,0,3.1086244689504383e-15,2.3203661214665772e-14,1.7763568394002505e-15,0.12499999999999921,8,3.1560759038526543e-14,6.3594962629309748e-15,6.6613381477509392e-16,1.0402789740737717e-13,2.3203661214665772e-14,1.3322676295501878e-15,0.067332042031921446,3.0999128221883439,2.2204460492503126e-16,1.9984014443252818e-14,5.3760164722693737e-15
hex,2,2,0.20000000000000001,gll,shear,0,constant,xz,fe_geometry,2.1223704759488875e-12,nan,1.234687467980815e-11,0,3.2927522307761167e-12,nan,5.4840492633622932e-12,3.6057577860943949e-12,2.1436032903855557e-14,3.9044871385515771e-27,1.8396821774511e-15,0,3.1086244689504383e-15,2.3203661214665772e-14,1.7763568394002505e-15,0.12499999999999921,8,3.1560759038526543e-14,6.3594962629309748e-15,6.6613381477509392e-16,1.0402789740737717e-13,2.3203661214665772e-14,1.3322676295501878e-15,0.067332042031921446,3.0999128221883439,2.2204460492503126e-16,1.9984014443252818e-14,5.3760164722693737e-15
hex,2,2,0.20000000000000001,gll,shear,0,constant,xz,reused,2.1226262569595637e-12,nan,1.2347067258951842e-11,0,3.2929623044569738e-12,nan,5.4848856179154391e-12,3.6065581390491526e-12,2.1436032903855557e-14,1.3699066925956616e-15,0.00064546068093186779,0,3.1086244689504383e-15,2.3203661214665772e-14,1.7763568394002505e-15,0.12499999999999921,8,3.1560759038526543e-14,6.3594962629309748e-15,6.6613381477509392e-16,1.0402789740737717e-13,2.3203661214665772e-14,1.3322676295501878e-15,0.067332042031921446,3.0999128221883439,2.2204460492503126e-16,1.9984014443252818e-14,5.3760164722693737e-15
hex,2,2,0.20000000000000001,gll,shear,0,constant,xz,reused_centered,2.122417847381612e-12,nan,1.2340781858138226e-11,0,3.2926903737534271e-12,nan,5.4842165563798117e-12,3.6061126960287008e-12,2.1436032903855557e-14,1.2783407005147056e-15,0.00060231741583343214,0,3.1086244689504383e-15,2.3203661214665772e-14,1.7763568394002505e-15,0.12499999999999921,8,3.1560759038526543e-14,6.3594962629309748e-15,6.6613381477509392e-16,1.0402789740737717e-13,2.3203661214665772e-14,1.3322676295501878e-15,0.067332042031921446,3.0999128221883439,2.2204460492503126e-16,1.9984014443252818e-14,5.3760164722693737e-15
hex,2,2,0.20000000000000001,gll,shear,0,constant,yy,recursive,1.8907964259600335e-12,nan,1.3034503103241609e-11,0,2.7385732207570073e-12,nan,3.0059368128223357e-12,1.8437311389465847e-12,2.1436032903855557e-14,2.7266695696883505e-13,0.14146258170143225,0,3.1086244689504383e-15,2.3203661214665772e-14,1.7763568394002505e-15,0.12499999999999921,8,3.1560759038526543e-14,6.3594962629309748e-15,6.6613381477509392e-16,1.0402789740737717e-13,2.3203661214665772e-14,1.3322676295501878e-15,0.067332042031921446,3.0999128221883439,2.2204460492503126e-16,1.9984014443252818e-14,5.3760164722693737e-15
hex,2,2,0.20000000000000001,gll,shear,0,constant,yy,direct,1.9274846654807971e-12,nan,1.6471412881394592e-11,0,2.8559996056515901e-12,nan,3.1736275166229003e-12,1.8510646953923518e-12,2.1436032903855557e-14,0,0,0,3.1086244689504383e-15,2.3203661214665772e-14,1.7763568394002505e-15,0.12499999999999921,8,3.1560759038526543e-14,6.3594962629309748e-15,6.6613381477509392e-16,1.0402789740737717e-13,2.3203661214665772e-14,1.3322676295501878e-15,0.067332042031921446,3.0999128221883439,2.2204460492503126e-16,1.9984014443252818e-14,5.3760164722693737e-15
hex,2,2,0.20000000000000001,gll,shear,0,constant,yy,fe_geometry,1.9274846654807971e-12,nan,1.647141288139454e-11,0,2.8559996056515913e-12,nan,3.1736275166229019e-12,1.8510646953923518e-12,2.1436032903855557e-14,3.1237217843869571e-27,1.6206208227383056e-15,0,3.1086244689504383e-15,2.3203661214665772e-14,1.7763568394002505e-15,0.12499999999999921,8,3.1560759038526543e-14,6.3594962629309748e-15,6.6613381477509392e-16,1.0402789740737717e-13,2.3203661214665772e-14,1.3322676295501878e-15,0.067332042031921446,3.0999128221883439,2.2204460492503126e-16,1.9984014443252818e-14,5.3760164722693737e-15
hex,2,2,0.20000000000000001,gll,shear,0,constant,yy,reused,1.9275703862445748e-12,nan,1.6464659875730423e-11,0,2.8560347408838963e-12,nan,3.1737507495184487e-12,1.8513485898437857e-12,2.1436032903855557e-14,1.586467519663972e-15,0.00082307659722327252,0,3.1086244689504383e-15,2.3203661214665772e-14,1.7763568394002505e-15,0.12499999999999921,8,3.1560759038526543e-14,6.3594962629309748e-15,6.6613381477509392e-16,1.0402789740737717e-13,2.3203661214665772e-14,1.3322676295501878e-15,0.067332042031921446,3.0999128221883439,2.2204460492503126e-16,1.9984014443252818e-14,5.3760164722693737e-15
hex,2,2,0.20000000000000001,gll,shear,0,constant,yy,reused_centered,1.9275568799648836e-12,nan,1.6465553603284878e-11,0,2.8559995508277514e-12,nan,3.1736474656704484e-12,1.8512089939912514e-12,2.1436032903855557e-14,1.217658835671391e-15,0.00063173464229229282,0,3.1086244689504383e-15,2.3203661214665772e-14,1.7763568394002505e-15,0.12499999999999921,8,3.1560759038526543e-14,6.3594962629309748e-15,6.6613381477509392e-16,1.0402789740737717e-13,2.3203661214665772e-14,1.3322676295501878e-15,0.067332042031921446,3.0999128221883439,2.2204460492503126e-16,1.9984014443252818e-14,5.3760164722693737e-15
hex,2,2,0.20000000000000001,gll,shear,0,constant,yz,recursive,2.105631819182001e-12,nan,1.2142965984681632e-11,0,3.2931058638039686e-12,nan,5.4487538014283349e-12,3.5398253931139622e-12,2.1436032903855557e-14,1.2531249034703722e-13,0.060064325829188331,0,3.1086244689504383e-15,2.3203661214665772e-14,1.7763568394002505e-15,0.12499999999999921,8,3.1560759038526543e-14,6.3594962629309748e-15,6.6613381477509392e-16,1.0402789740737717e-13,2.3203661214665772e-14,1.3322676295501878e-15,0.067332042031921446,3.0999128221883439,2.2204460492503126e-16,1.9984014443252818e-14,5.3760164722693737e-15
hex,2,2,0.20000000000000001,gll,shear,0,constant,yz,direct,2.086304784364057e-12,nan,1.2837699327992859e-11,0,3.2610267975398438e-12,nan,5.329503114827143e-12,3.4756286730848942e-12,2.1436032903855557e-14,0,0,0,3.1086244689504383e-15,2.3203661214665772e-14,1.7763568394002505e-15,0.12499999999999921,8,3.1560759038526543e-14,6.3594962629309748e-15,6.6613381477509392e-16,1.0402789740737717e-13,2.3203661214665772e-14,1.3322676295501878e-15,0.067332042031921446,3.0999128221883439,2.2204460492503126e-16,1.9984014443252818e-14,5.3760164722693737e-15
hex,2,2,0.20000000000000001,gll,shear,0,constant,yz,fe_geometry,2.086304784364057e-12,nan,1.2837699327992864e-11,0,3.2610267975398458e-12,nan,5.3295031148271439e-12,3.475628673084893e-12,2.1436032903855557e-14,2.2651731382576342e-27,1.0857345270135586e-15,0,3.1086244689504383e-15,2.3203661214665772e-14,1.7763568394002505e-15,0.12499999999999921,8,3.1560759038526543e-14,6.3594962629309748e-15,6.6613381477509392e-16,1.0402789740737717e-13,2.3203661214665772e-14,1.3322676295501878e-15,0.067332042031921446,3.0999128221883439,2.2204460492503126e-16,1.9984014443252818e-14,5.3760164722693737e-15
hex,2,2,0.20000000000000001,gll,shear,0,constant,yz,reused,2.086377608612374e-12,nan,1.2839495127829219e-11,0,3.2609341990274863e-12,nan,5.3296875953120249e-12,3.4756491263696273e-12,2.1436032903855557e-14,1.4255490028128047e-15,0.00068328894871769056,0,3.1086244689504383e-15,2.3203661214665772e-14,1.7763568394002505e-15,0.12499999999999921,8,3.1560759038526543e-14,6.3594962629309748e-15,6.6613381477509392e-16,1.0402789740737717e-13,2.3203661214665772e-14,1.3322676295501878e-15,0.067332042031921446,3.0999128221883439,2.2204460492503126e-16,1.9984014443252818e-14,5.3760164722693737e-15
hex,2,2,0.20000000000000001,gll,shear,0,constant,yz,reused_centered,2.086380883980462e-12,nan,1.2837746506818323e-11,0,3.2609643053624806e-12,nan,5.3297116673187298e-12,3.4756024862524388e-12,2.1436032903855557e-14,1.3030395673056334e-15,0.00062456817291095036,0,3.1086244689504383e-15,2.3203661214665772e-14,1.7763568394002505e-15,0.12499999999999921,8,3.1560759038526543e-14,6.3594962629309748e-15,6.6613381477509392e-16,1.0402789740737717e-13,2.3203661214665772e-14,1.3322676295501878e-15,0.067332042031921446,3.0999128221883439,2.2204460492503126e-16,1.9984014443252818e-14,5.3760164722693737e-15
hex,2,2,0.20000000000000001,gll,shear,0,constant,zz,recursive,8.8781702160419967e-13,nan,4.7339961318407465e-12,0,1.3619069050651704e-12,nan,6.9996428114945214e-13,4.0559518326240119e-13,2.1436032903855557e-14,1.6603282973534586e-13,nan,0,3.1086244689504383e-15,2.3203661214665772e-14,1.7763568394002505e-15,0.12499999999999921,8,3.1560759038526543e-14,6.3594962629309748e-15,6.6613381477509392e-16,1.0402789740737717e-13,2.3203661214665772e-14,1.3322676295501878e-15,0.067332042031921446,3.0999128221883439,2.2204460492503126e-16,1.9984014443252818e-14,5.3760164722693737e-15
hex,2,2,0.20000000000000001,gll,shear,0,constant,zz,direct,9.1505487546704787e-13,nan,5.5157380786606209e-12,0,1.4131302983659518e-12,nan,8.1695657017270958e-13,3.8832929270896424e-13,2.1436032903855557e-14,0,nan,0,3.1086244689504383e-15,2.3203661214665772e-14,1.7763568394002505e-15,0.12499999999999921,8,3.1560759038526543e-14,6.3594962629309748e-15,6.6613381477509392e-16,1.0402789740737717e-13,2.3203661214665772e-14,1.3322676295501878e-15,0.067332042031921446,3.0999128221883439,2.2204460492503126e-16,1.9984014443252818e-14,5.3760164722693737e-15
hex,2,2,0.20000000000000001,gll,shear,0,constant,zz,fe_geometry,9.1505487546704828e-13,nan,5.5157380786606088e-12,0,1.4131302983659514e-12,nan,8.1695657017270746e-13,3.8832929270896293e-13,2.1436032903855557e-14,3.0953819189928908e-27,nan,0,3.1086244689504383e-15,2.3203661214665772e-14,1.7763568394002505e-15,0.12499999999999921,8,3.1560759038526543e-14,6.3594962629309748e-15,6.6613381477509392e-16,1.0402789740737717e-13,2.3203661214665772e-14,1.3322676295501878e-15,0.067332042031921446,3.0999128221883439,2.2204460492503126e-16,1.9984014443252818e-14,5.3760164722693737e-15
hex,2,2,0.20000000000000001,gll,shear,0,constant,zz,reused,9.1512541883481665e-13,nan,5.5149853358448349e-12,0,1.413114883989287e-12,nan,8.1745231841850549e-13,3.8864396508046738e-13,2.1436032903855557e-14,2.3455878638704201e-15,nan,0,3.1086244689504383e-15,2.3203661214665772e-14,1.7763568394002505e-15,0.12499999999999921,8,3.1560759038526543e-14,6.3594962629309748e-15,6.6613381477509392e-16,1.0402789740737717e-13,2.3203661214665772e-14,1.3322676295501878e-15,0.067332042031921446,3.0999128221883439,2.2204460492503126e-16,1.9984014443252818e-14,5.3760164722693737e-15
hex,2,2,0.20000000000000001,gll,shear,0,constant,zz,reused_centered,9.1513100445889864e-13,nan,5.5136838088595423e-12,0,1.4131827328481026e-12,nan,8.1757511672827925e-13,3.8884300592048188e-13,2.1436032903855557e-14,2.1318253519308749e-15,nan,0,3.1086244689504383e-15,2.3203661214665772e-14,1.7763568394002505e-15,0.12499999999999921,8,3.1560759038526543e-14,6.3594962629309748e-15,6.6613381477509392e-16,1.0402789740737717e-13,2.3203661214665772e-14,1.3322676295501878e-15,0.067332042031921446,3.0999128221883439,2.2204460492503126e-16,1.9984014443252818e-14,5.3760164722693737e-15
hex,2,2,0.20000000000000001,gll,shear,0,constant,xxx,recursive,1.9834195624958877e-13,nan,8.8198349163394683e-13,0,2.5721113050191694e-13,nan,1.5849998768667251e-13,1.2544522414194431e-13,2.1436032903855557e-14,1.9834195624958877e-13,nan,0,3.1086244689504383e-15,2.3203661214665772e-14,1.7763568394002505e-15,0.12499999999999921,8,3.1560759038526543e-14,6.3594962629309748e-15,6.6613381477509392e-16,1.0402789740737717e-13,2.3203661214665772e-14,1.3322676295501878e-15,0.067332042031921446,3.0999128221883439,2.2204460492503126e-16,1.9984014443252818e-14,5.3760164722693737e-15
hex,2,2,0.20000000000000001,gll,shear,0,constant,xxx,direct,0,nan,0,0,0,nan,0,0,2.1436032903855557e-14,0,nan,0,3.1086244689504383e-15,2.3203661214665772e-14,1.7763568394002505e-15,0.12499999999999921,8,3.1560759038526543e-14,6.3594962629309748e-15,6.6613381477509392e-16,1.0402789740737717e-13,2.3203661214665772e-14,1.3322676295501878e-15,0.067332042031921446,3.0999128221883439,2.2204460492503126e-16,1.9984014443252818e-14,5.3760164722693737e-15
hex,2,2,0.20000000000000001,gll,shear,0,constant,xxx,fe_geometry,4.9362106390846447e-26,nan,1.4056808147396965e-24,0,1.0929841996342549e-25,nan,1.8632247544665924e-25,8.8154862447023386e-26,2.1436032903855557e-14,4.9362106390846447e-26,nan,0,3.1086244689504383e-15,2.3203661214665772e-14,1.7763568394002505e-15,0.12499999999999921,8,3.1560759038526543e-14,6.3594962629309748e-15,6.6613381477509392e-16,1.0402789740737717e-13,2.3203661214665772e-14,1.3322676295501878e-15,0.067332042031921446,3.0999128221883439,2.2204460492503126e-16,1.9984014443252818e-14,5.3760164722693737e-15
hex,2,2,0.20000000000000001,gll,shear,0,constant,xxx,reused,7.4565966539645977e-27,nan,7.5237186315966729e-26,0,1.0106767969338287e-26,nan,1.067609885068321e-26,4.6584010208745729e-27,2.1436032903855557e-14,7.4565966539645977e-27,nan,0,3.1086244689504383e-15,2.3203661214665772e-14,1.7763568394002505e-15,0.12499999999999921,8,3.1560759038526543e-14,6.3594962629309748e-15,6.6613381477509392e-16,1.0402789740737717e-13,2.3203661214665772e-14,1.3322676295501878e-15,0.067332042031921446,3.0999128221883439,2.2204460492503126e-16,1.9984014443252818e-14,5.3760164722693737e-15
hex,2,2,0.20000000000000001,gll,shear,0,constant,xxx,reused_centered,6.6190150878971045e-27,nan,3.8156316636005318e-26,0,8.7043006846049357e-27,nan,1.0574697715820682e-26,5.7363887476495896e-27,2.1436032903855557e-14,6.6190150878971045e-27,nan,0,3.1086244689504383e-15,2.3203661214665772e-14,1.7763568394002505e-15,0.12499999999999921,8,3.1560759038526543e-14,6.3594962629309748e-15,6.6613381477509392e-16,1.0402789740737717e-13,2.3203661214665772e-14,1.3322676295501878e-15,0.067332042031921446,3.0999128221883439,2.2204460492503126e-16,1.9984014443252818e-14,5.3760164722693737e-15
hex,2,2,0.20000000000000001,gll,shear,0,constant,xxy,recursive,2.1139873492460829e-11,nan,1.0593891275480435e-10,0,3.4415235113922388e-11,nan,5.2941632591458254e-11,3.2345135696578144e-11,2.1436032903855557e-14,1.1901226139370358e-12,0.057778277102823128,0,3.1086244689504383e-15,2.3203661214665772e-14,1.7763568394002505e-15,0.12499999999999921,8,3.1560759038526543e-14,6.3594962629309748e-15,6.6613381477509392e-16,1.0402789740737717e-13,2.3203661214665772e-14,1.3322676295501878e-15,0.067332042031921446,3.0999128221883439,2.2204460492503126e-16,1.9984014443252818e-14,5.3760164722693737e-15
hex,2,2,0.20000000000000001,gll,shear,0,constant,xxy,direct,2.0598097998302628e-11,nan,1.0341939493441756e-10,0,3.378035826962604e-11,nan,5.1606713998992455e-11,3.1480955180038393e-11,2.1436032903855557e-14,0,0,0,3.1086244689504383e-15,2.3203661214665772e-14,1.7763568394002505e-15,0.12499999999999921,8,3.1560759038526543e-14,6.3594962629309748e-15,6.6613381477509392e-16,1.0402789740737717e-13,2.3203661214665772e-14,1.3322676295501878e-15,0.067332042031921446,3.0999128221883439,2.2204460492503126e-16,1.9984014443252818e-14,5.3760164722693737e-15
hex,2,2,0.20000000000000001,gll,shear,0,constant,xxy,fe_geometry,2.0598097998302634e-11,nan,1.034193949344178e-10,0,3.3780358269626059e-11,nan,5.1606713998992449e-11,3.1480955180038367e-11,2.1436032903855557e-14,5.9554935630543401e-26,2.891283245445817e-15,0,3.1086244689504383e-15,2.3203661214665772e-14,1.7763568394002505e-15,0.12499999999999921,8,3.1560759038526543e-14,6.3594962629309748e-15,6.6613381477509392e-16,1.0402789740737717e-13,2.3203661214665772e-14,1.3322676295501878e-15,0.067332042031921446,3.0999128221883439,2.2204460492503126e-16,1.9984014443252818e-14,5.3760164722693737e-15
hex,2,2,0.20000000000000001,gll,shear,0,constant,xxy,reused,2.0597652497264178e-11,nan,1.0341579364639666e-10,0,3.3779823615115123e-11,nan,5.1604174821630328e-11,3.1476655074471871e-11,2.1436032903855557e-14,1.1408602278426724e-14,0.00055386678320332497,0,3.1086244689504383e-15,2.3203661214665772e-14,1.7763568394002505e-15,0.12499999999999921,8,3.1560759038526543e-14,6.3594962629309748e-15,6.6613381477509392e-16,1.0402789740737717e-13,2.3203661214665772e-14,1.3322676295501878e-15,0.067332042031921446,3.0999128221883439,2.2204460492503126e-16,1.9984014443252818e-14,5.3760164722693737e-15
hex,2,2,0.20000000000000001,gll,shear,0,constant,xxy,reused_centered,2.0597162764623581e-11,nan,1.034019347596502e-10,0,3.3778836525416865e-11,nan,5.1603429878800906e-11,3.1477034093825369e-11,2.1436032903855557e-14,7.6335133151325545e-15,0.00037059311572173261,0,3.1086244689504383e-15,2.3203661214665772e-14,1.7763568394002505e-15,0.12499999999999921,8,3.1560759038526543e-14,6.3594962629309748e-15,6.6613381477509392e-16,1.0402789740737717e-13,2.3203661214665772e-14,1.3322676295501878e-15,0.067332042031921446,3.0999128221883439,2.2204460492503126e-16,1.9984014443252818e-14,5.3760164722693737e-15
hex,2,2,0.20000000000000001,gll,shear,0,constant,xxz,recursive,1.4463651733275467e-11,nan,4.8075529918736124e-11,0,1.8929851200771092e-11,nan,2.3400004416108613e-11,1.4131351781227686e-11,2.1436032903855557e-14,7.2087109127849042e-13,0.049029740076804322,0,3.1086244689504383e-15,2.3203661214665772e-14,1.7763568394002505e-15,0.12499999999999921,8,3.1560759038526543e-14,6.3594962629309748e-15,6.6613381477509392e-16,1.0402789740737717e-13,2.3203661214665772e-14,1.3322676295501878e-15,0.067332042031921446,3.0999128221883439,2.2204460492503126e-16,1.9984014443252818e-14,5.3760164722693737e-15
hex,2,2,0.20000000000000001,gll,shear,0,constant,xxz,direct,1.4702731243307779e-11,nan,4.938004712383908e-11,0,1.9385982793387584e-11,nan,2.3949845367836775e-11,1.4270611382378717e-11,2.1436032903855557e-14,0,0,0,3.1086244689504383e-15,2.3203661214665772e-14,1.7763568394002505e-15,0.12499999999999921,8,3.1560759038526543e-14,6.3594962629309748e-15,6.6613381477509392e-16,1.0402789740737717e-13,2.3203661214665772e-14,1.3322676295501878e-15,0.067332042031921446,3.0999128221883439,2.2204460492503126e-16,1.9984014443252818e-14,5.3760164722693737e-15
hex,2,2,0.20000000000000001,gll,shear,0,constant,xxz,fe_geometry,1.4702731243307776e-11,nan,4.9380047123839235e-11,0,1.9385982793387578e-11,nan,2.3949845367836772e-11,1.4270611382378696e-11,2.1436032903855557e-14,6.4991557003285883e-26,4.420373053671099e-15,0,3.1086244689504383e-15,2.3203661214665772e-14,1.7763568394002505e-15,0.12499999999999921,8,3.1560759038526543e-14,6.3594962629309748e-15,6.6613381477509392e-16,1.0402789740737717e-13,2.3203661214665772e-14,1.3322676295501878e-15,0.067332042031921446,3.0999128221883439,2.2204460492503126e-16,1.9984014443252818e-14,5.3760164722693737e-15
hex,2,2,0.20000000000000001,gll,shear,0,constant,xxz,reused,1.4704509529225271e-11,nan,4.9399748710161596e-11,0,1.9386824480320885e-11,nan,2.3953326539307128e-11,1.4275446355334916e-11,2.1436032903855557e-14,9.7672638519721627e-15,0.00066431628860915987,0,3.1086244689504383e-15,2.3203661214665772e-14,1.7763568394002505e-15,0.12499999999999921,8,3.1560759038526543e-14,6.3594962629309748e-15,6.6613381477509392e-16,1.0402789740737717e-13,2.3203661214665772e-14,1.3322676295501878e-15,0.067332042031921446,3.0999128221883439,2.2204460492503126e-16,1.9984014443252818e-14,5.3760164722693737e-15
hex,2,2,0.20000000000000001,gll,shear,0,constant,xxz,reused_centered,1.4703069292600562e-11,nan,4.9365063370785041e-11,0,1.9385338426282521e-11,nan,2.395133391320914e-11,1.4274226799927313e-11,2.1436032903855557e-14,8.1989359302775258e-15,0.00055764713335213975,0,3.1086244689504383e-15,2.3203661214665772e-14,1.7763568394002505e-15,0.12499999999999921,8,3.1560759038526543e-14,6.3594962629309748e-15,6.6613381477509392e-16,1.0402789740737717e-13,2.3203661214665772e-14,1.3322676295501878e-15,0.067332042031921446,3.0999128221883439,2.2204460492503126e-16,1.9984014443252818e-14,5.3760164722693737e-15
hex,2,2,0.20000000000000001,gll,shear,0,constant,xyy,recursive,2.160562473247127e-11,nan,1.3679716064403975e-10,0,3.5228554040489712e-11,nan,5.3427356657161698e-11,3.2512024619415957e-11,2.1436032903855557e-14,2.0668755111038601e-12,0.097354946016149052,0,3.1086244689504383e-15,2.3203661214665772e-14,1.7763568394002505e-15,0.12499999999999921,8,3.1560759038526543e-14,6.3594962629309748e-15,6.6613381477509392e-16,1.0402789740737717e-13,2.3203661214665772e-14,1.3322676295501878e-15,0.067332042031921446,3.0999128221883439,2.2204460492503126e-16,1.9984014443252818e-14,5.3760164722693737e-15
hex,2,2,0.20000000000000001,gll,shear,0,constant,xyy,direct,2.1230308224514972e-11,nan,1.4609866739657487e-10,0,3.4981100338266057e-11,nan,5.2254143057076723e-11,3.1896163496275341e-11,2.1436032903855557e-14,0,0,0,3.1086244689504383e-15,2.3203661214665772e-14,1.7763568394002505e-15,0.12499999999999921,8,3.1560759038526543e-14,6.3594962629309748e-15,6.6613381477509392e-16,1.0402789740737717e-13,2.3203661214665772e-14,1.3322676295501878e-15,0.067332042031921446,3.0999128221883439,2.2204460492503126e-16,1.9984014443252818e-14,5.3760164722693737e-15
hex,2,2,0.20000000000000001,gll,shear,0,constant,xyy,fe_geometry,2.1230308224514965e-11,nan,1.4609866739657396e-10,0,3.4981100338266057e-11,nan,5.2254143057076736e-11,3.1896163496275322e-11,2.1436032903855557e-14,4.413319845797935e-26,2.0787827473469296e-15,0,3.1086244689504383e-15,2.3203661214665772e-14,1.7763568394002505e-15,0.12499999999999921,8,3.1560759038526543e-14,6.3594962629309748e-15,6.6613381477509392e-16,1.0402789740737717e-13,2.3203661214665772e-14,1.3322676295501878e-15,0.067332042031921446,3.0999128221883439,2.2204460492503126e-16,1.9984014443252818e-14,5.3760164722693737e-15
hex,2,2,0.20000000000000001,gll,shear,0,constant,xyy,reused,2.1229803780331865e-11,nan,1.4607904679924875e-10,0,3.4980483573836632e-11,nan,5.2250859058698221e-11,3.1894138078397261e-11,2.1436032903855557e-14,1.0635814504759116e-14,0.0005009731555605854,0,3.1086244689504383e-15,2.3203661214665772e-14,1.7763568394002505e-15,0.12499999999999921,8,3.1560759038526543e-14,6.3594962629309748e-15,6.6613381477509392e-16,1.0402789740737717e-13,2.3203661214665772e-14,1.3322676295501878e-15,0.067332042031921446,3.0999128221883439,2.2204460492503126e-16,1.9984014443252818e-14,5.3760164722693737e-15
hex,2,2,0.20000000000000001,gll,shear,0,constant,xyy,reused_centered,2.1229371501492854e-11,nan,1.4606584460834561e-10,0,3.4979577076090244e-11,nan,5.2250041881687141e-11,3.1893687000628245e-11,2.1436032903855557e-14,8.3787655473123788e-15,0.00039466057010125203,0,3.1086244689504383e-15,2.3203661214665772e-14,1.7763568394002505e-15,0.12499999999999921,8,3.1560759038526543e-14,6.3594962629309748e-15,6.6613381477509392e-16,1.0402789740737717e-13,2.3203661214665772e-14,1.3322676295501878e-15,0.067332042031921446,3.0999128221883439,2.2204460492503126e-16,1.9984014443252818e-14,5.3760164722693737e-15
hex,2,2,0.20000000000000001,gll,shear,0,constant,xyz,recursive,2.7100811747508785e-11,nan,1.7826139935496471e-10,0,4.5112713973918487e-11,nan,8.8532044372370844e-11,6.4018155256578337e-11,2.1436032903855557e-14,1.3309885798779765e-12,0.048092876825744819,0,3.1086244689504383e-15,2.3203661214665772e-14,1.7763568394002505e-15,0.12499999999999921,8,3.1560759038526543e-14,6.3594962629309748e-15,6.6613381477509392e-16,1.0402789740737717e-13,2.3203661214665772e-14,1.3322676295501878e-15,0.067332042031921446,3.0999128221883439,2.2204460492503126e-16,1.9984014443252818e-14,5.3760164722693737e-15
hex,2,2,0.20000000000000001,gll,shear,0,constant,xyz,direct,2.7675378719816546e-11,nan,1.8042435322719385e-10,0,4.6223541640242704e-11,nan,9.0805488755965235e-11,6.5880424067459418e-11,2.1436032903855557e-14,0,0,0,3.1086244689504383e-15,2.3203661214665772e-14,1.7763568394002505e-15,0.12499999999999921,8,3.1560759038526543e-14,6.3594962629309748e-15,6.6613381477509392e-16,1.0402789740737717e-13,2.3203661214665772e-14,1.3322676295501878e-15,0.067332042031921446,3.0999128221883439,2.2204460492503126e-16,1.9984014443252818e-14,5.3760164722693737e-15
hex,2,2,0.20000000000000001,gll,shear,0,constant,xyz,fe_geometry,2.7675378719816546e-11,nan,1.8042435322719315e-10,0,4.6223541640242691e-11,nan,9.0805488755965313e-11,6.588042406745947e-11,2.1436032903855557e-14,5.3258428822286159e-26,1.9243974711771966e-15,0,3.1086244689504383e-15,2.3203661214665772e-14,1.7763568394002505e-15,0.12499999999999921,8,3.1560759038526543e-14,6.3594962629309748e-15,6.6613381477509392e-16,1.0402789740737717e-13,2.3203661214665772e-14,1.3322676295501878e-15,0.067332042031921446,3.0999128221883439,2.2204460492503126e-16,1.9984014443252818e-14,5.3760164722693737e-15
hex,2,2,0.20000000000000001,gll,shear,0,constant,xyz,reused,2.7676024471963906e-11,nan,1.8041398994802006e-10,0,4.6224710758162344e-11,nan,9.080778080062728e-11,6.5882122830692789e-11,2.1436032903855557e-14,8.7914609723688295e-15,0.00031766361939877748,0,3.1086244689504383e-15,2.3203661214665772e-14,1.7763568394002505e-15,0.12499999999999921,8,3.1560759038526543e-14,6.3594962629309748e-15,6.6613381477509392e-16,1.0402789740737717e-13,2.3203661214665772e-14,1.3322676295501878e-15,0.067332042031921446,3.0999128221883439,2.2204460492503126e-16,1.9984014443252818e-14,5.3760164722693737e-15
hex,2,2,0.20000000000000001,gll,shear,0,constant,xyz,reused_centered,2.7674149929103563e-11,nan,1.8039487863594925e-10,0,4.6221481380714128e-11,nan,9.0799377201404257e-11,6.5875957861386594e-11,2.1436032903855557e-14,6.8531196667572631e-15,0.00024762514493975791,0,3.1086244689504383e-15,2.3203661214665772e-14,1.7763568394002505e-15,0.12499999999999921,8,3.1560759038526543e-14,6.3594962629309748e-15,6.6613381477509392e-16,1.0402789740737717e-13,2.3203661214665772e-14,1.3322676295501878e-15,0.067332042031921446,3.0999128221883439,2.2204460492503126e-16,1.9984014443252818e-14,5.3760164722693737e-15
hex,2,2,0.20000000000000001,gll,shear,0,constant,xzz,recursive,1.2161575302098289e-11,nan,6.976272502774757e-11,0,1.7833917435452193e-11,nan,2.6131351582974312e-11,1.668457626587392e-11,2.1436032903855557e-14,1.5794748829675714e-12,0.12412994235496783,0,3.1086244689504383e-15,2.3203661214665772e-14,1.7763568394002505e-15,0.12499999999999921,8,3.1560759038526543e-14,6.3594962629309748e-15,6.6613381477509392e-16,1.0402789740737717e-13,2.3203661214665772e-14,1.3322676295501878e-15,0.067332042031921446,3.0999128221883439,2.2204460492503126e-16,1.9984014443252818e-14,5.3760164722693737e-15
hex,2,2,0.20000000000000001,gll,shear,0,constant,xzz,direct,1.272436652271078e-11,nan,8.2222597267570305e-11,0,1.8992404555006847e-11,nan,2.7587246062729234e-11,1.7358401893684027e-11,2.1436032903855557e-14,0,0,0,3.1086244689504383e-15,2.3203661214665772e-14,1.7763568394002505e-15,0.12499999999999921,8,3.1560759038526543e-14,6.3594962629309748e-15,6.6613381477509392e-16,1.0402789740737717e-13,2.3203661214665772e-14,1.3322676295501878e-15,0.067332042031921446,3.0999128221883439,2.2204460492503126e-16,1.9984014443252818e-14,5.3760164722693737e-15
hex,2,2,0.20000000000000001,gll,shear,0,constant,xzz,fe_geometry,1.2724366522710778e-11,nan,8.2222597267570382e-11,0,1.8992404555006835e-11,nan,2.7587246062729243e-11,1.735840189368403e-11,2.1436032903855557e-14,5.0127543148888966e-26,3.9394922379373489e-15,0,3.1086244689504383e-15,2.3203661214665772e-14,1.7763568394002505e-15,0.12499999999999921,8,3.1560759038526543e-14,6.3594962629309748e-15,6.6613381477509392e-16,1.0402789740737717e-13,2.3203661214665772e-14,1.3322676295501878e-15,0.067332042031921446,3.0999128221883439,2.2204460492503126e-16,1.9984014443252818e-14,5.3760164722693737e-15
hex,2,2,0.20000000000000001,gll,shear,0,constant,xzz,reused,1.27263932780359e-11,nan,8.2230705243123397e-11,0,1.8993929752596949e-11,nan,2.7593721531640429e-11,1.7363000248316497e-11,2.1436032903855557e-14,8.9140680745597041e-15,0.00070055103007679348,0,3.1086244689504383e-15,2.3203661214665772e-14,1.7763568394002505e-15,0.12499999999999921,8,3.1560759038526543e-14,6.3594962629309748e-15,6.6613381477509392e-16,1.0402789740737717e-13,2.3203661214665772e-14,1.3322676295501878e-15,0.067332042031921446,3.0999128221883439,2.2204460492503126e-16,1.9984014443252818e-14,5.3760164722693737e-15
hex,2,2,0.20000000000000001,gll,shear,0,constant,xzz,reused_centered,1.2724783781044413e-11,nan,8.218806186287612e-11,0,1.8991838010225062e-11,nan,2.7586992687371709e-11,1.7360107310128522e-11,2.1436032903855557e-14,8.6008846675361296e-15,0.00067593814216095147,0,3.1086244689504383e-15,2.3203661214665772e-14,1.7763568394002505e-15,0.12499999999999921,8,3.1560759038526543e-14,6.3594962629309748e-15,6.6613381477509392e-16,1.0402789740737717e-13,2.3203661214665772e-14,1.3322676295501878e-15,0.067332042031921446,3.0999128221883439,2.2204460492503126e-16,1.9984014443252818e-14,5.3760164722693737e-15
hex,2,2,0.20000000000000001,gll,shear,0,constant,yyy,recursive,7.14242513602078e-12,nan,6.6705646587090731e-11,0,1.200423998865745e-11,nan,1.7792897456389322e-11,9.6910069074838848e-12,2.1436032903855557e-14,3.7233505231562917e-12,0.39087038172178745,0,3.1086244689504383e-15,2.3203661214665772e-14,1.7763568394002505e-15,0.12499999999999921,8,3.1560759038526543e-14,6.3594962629309748e-15,6.6613381477509392e-16,1.0402789740737717e-13,2.3203661214665772e-14,1.3322676295501878e-15,0.067332042031921446,3.0999128221883439,2.2204460492503126e-16,1.9984014443252818e-14,5.3760164722693737e-15
hex,2,2,0.20000000000000001,gll,shear,0,constant,yyy,direct,9.5257934529469859e-12,nan,1.0578696379985355e-10,0,1.6747464760931643e-11,nan,2.485185553246265e-11,1.4231329002026359e-11,2.1436032903855557e-14,0,0,0,3.1086244689504383e-15,2.3203661214665772e-14,1.7763568394002505e-15,0.12499999999999921,8,3.1560759038526543e-14,6.3594962629309748e-15,6.6613381477509392e-16,1.0402789740737717e-13,2.3203661214665772e-14,1.3322676295501878e-15,0.067332042031921446,3.0999128221883439,2.2204460492503126e-16,1.9984014443252818e-14,5.3760164722693737e-15
hex,2,2,0.20000000000000001,gll,shear,0,constant,yyy,fe_geometry,9.5257934529469892e-12,nan,1.0578696379985273e-10,0,1.6747464760931666e-11,nan,2.4851855532462666e-11,1.4231329002026365e-11,2.1436032903855557e-14,4.7271222021963469e-26,4.9624445727761619e-15,0,3.1086244689504383e-15,2.3203661214665772e-14,1.7763568394002505e-15,0.12499999999999921,8,3.1560759038526543e-14,6.3594962629309748e-15,6.6613381477509392e-16,1.0402789740737717e-13,2.3203661214665772e-14,1.3322676295501878e-15,0.067332042031921446,3.0999128221883439,2.2204460492503126e-16,1.9984014443252818e-14,5.3760164722693737e-15
hex,2,2,0.20000000000000001,gll,shear,0,constant,yyy,reused,9.5255844349218566e-12,nan,1.0577199606522658e-10,0,1.6747184293486696e-11,nan,2.4850306704884094e-11,1.4230776897305133e-11,2.1436032903855557e-14,4.7951092534844973e-15,0.00050338161090413306,0,3.1086244689504383e-15,2.3203661214665772e-14,1.7763568394002505e-15,0.12499999999999921,8,3.1560759038526543e-14,6.3594962629309748e-15,6.6613381477509392e-16,1.0402789740737717e-13,2.3203661214665772e-14,1.3322676295501878e-15,0.067332042031921446,3.0999128221883439,2.2204460492503126e-16,1.9984014443252818e-14,5.3760164722693737e-15
hex,2,2,0.20000000000000001,gll,shear,0,constant,yyy,reused_centered,9.5253854633302469e-12,nan,1.0576369639882208e-10,0,1.6746760119431818e-11,nan,2.4849921939183323e-11,1.423041067462037e-11,2.1436032903855557e-14,3.7617199965351769e-15,0.0003948983373528236,0,3.1086244689504383e-15,2.3203661214665772e-14,1.7763568394002505e-15,0.12499999999999921,8,3.1560759038526543e-14,6.3594962629309748e-15,6.6613381477509392e-16,1.0402789740737717e-13,2.3203661214665772e-14,1.3322676295501878e-15,0.067332042031921446,3.0999128221883439,2.2204460492503126e-16,1.9984014443252818e-14,5.3760164722693737e-15
hex,2,2,0.20000000000000001,gll,shear,0,constant,yyz,recursive,1.5587368074577218e-11,nan,9.198280273481476e-11,0,2.1562901157100994e-11,nan,2.7454626885762272e-11,1.7448741231588408e-11,2.1436032903855557e-14,2.6264290847798497e-12,0.16435193500003303,0,3.1086244689504383e-15,2.3203661214665772e-14,1.7763568394002505e-15,0.12499999999999921,8,3.1560759038526543e-14,6.3594962629309748e-15,6.6613381477509392e-16,1.0402789740737717e-13,2.3203661214665772e-14,1.3322676295501878e-15,0.067332042031921446,3.0999128221883439,2.2204460492503126e-16,1.9984014443252818e-14,5.3760164722693737e-15
hex,2,2,0.20000000000000001,gll,shear,0,constant,yyz,direct,1.598051817752752e-11,nan,1.1737218952805935e-10,0,2.2736272405435472e-11,nan,2.9343253605939897e-11,1.8005790383848479e-11,2.1436032903855557e-14,0,0,0,3.1086244689504383e-15,2.3203661214665772e-14,1.7763568394002505e-15,0.12499999999999921,8,3.1560759038526543e-14,6.3594962629309748e-15,6.6613381477509392e-16,1.0402789740737717e-13,2.3203661214665772e-14,1.3322676295501878e-15,0.067332042031921446,3.0999128221883439,2.2204460492503126e-16,1.9984014443252818e-14,5.3760164722693737e-15
hex,2,2,0.20000000000000001,gll,shear,0,constant,yyz,fe_geometry,1.598051817752752e-11,nan,1.1737218952805956e-10,0,2.2736272405435492e-11,nan,2.9343253605939903e-11,1.8005790383848469e-11,2.1436032903855557e-14,3.9035251471887857e-26,2.442677455026513e-15,0,3.1086244689504383e-15,2.3203661214665772e-14,1.7763568394002505e-15,0.12499999999999921,8,3.1560759038526543e-14,6.3594962629309748e-15,6.6613381477509392e-16,1.0402789740737717e-13,2.3203661214665772e-14,1.3322676295501878e-15,0.067332042031921446,3.0999128221883439,2.2204460492503126e-16,1.9984014443252818e-14,5.3760164722693737e-15
hex,2,2,0.20000000000000001,gll,shear,0,constant,yyz,reused,1.5981200761985914e-11,nan,1.1739982915607482e-10,0,2.2736024687148902e-11,nan,2.9345980142529068e-11,1.8006832112421759e-11,2.1436032903855557e-14,1.0849677422432788e-14,0.00067893151535536951,0,3.1086244689504383e-15,2.3203661214665772e-14,1.7763568394002505e-15,0.12499999999999921,8,3.1560759038526543e-14,6.3594962629309748e-15,6.6613381477509392e-16,1.0402789740737717e-13,2.3203661214665772e-14,1.3322676295501878e-15,0.067332042031921446,3.0999128221883439,2.2204460492503126e-16,1.9984014443252818e-14,5.3760164722693737e-15
hex,2,2,0.20000000000000001,gll,shear,0,constant,yyz,reused_centered,1.5980937301018661e-11,nan,1.1737222245586886e-10,0,2.2735537397540901e-11,nan,2.9343371637542045e-11,1.8006303595912513e-11,2.1436032903855557e-14,8.6913837966545109e-15,0.00054387371548919486,0,3.1086244689504383e-15,2.3203661214665772e-14,1.7763568394002505e-15,0.12499999999999921,8,3.1560759038526543e-14,6.3594962629309748e-15,6.6613381477509392e-16,1.0402789740737717e-13,2.3203661214665772e-14,1.3322676295501878e-15,0.067332042031921446,3.0999128221883439,2.2204460492503126e-16,1.9984014443252818e-14,5.3760164722693737e-15
hex,2,2,0.20000000000000001,gll,shear,0,constant,yzz,recursive,1.1910237108296085e-11,nan,5.0971040519034501e-11,0,1.7407777850564366e-11,nan,2.3807785897770782e-11,1.4053622616597688e-11,2.1436032903855557e-14,1.2223429773989388e-12,0.10299058976064458,0,3.1086244689504383e-15,2.3203661214665772e-14,1.7763568394002505e-15,0.12499999999999921,8,3.1560759038526543e-14,6.3594962629309748e-15,6.6613381477509392e-16,1.0402789740737717e-13,2.3203661214665772e-14,1.3322676295501878e-15,0.067332042031921446,3.0999128221883439,2.2204460492503126e-16,1.9984014443252818e-14,5.3760164722693737e-15
hex,2,2,0.20000000000000001,gll,shear,0,constant,yzz,direct,1.1868491871342097e-11,nan,6.809007858406931e-11,0,1.7429694186375979e-11,nan,2.3201991928731476e-11,1.387719705350498e-11,2.1436032903855557e-14,0,0,0,3.1086244689504383e-15,2.3203661214665772e-14,1.7763568394002505e-15,0.12499999999999921,8,3.1560759038526543e-14,6.3594962629309748e-15,6.6613381477509392e-16,1.0402789740737717e-13,2.3203661214665772e-14,1.3322676295501878e-15,0.067332042031921446,3.0999128221883439,2.2204460492503126e-16,1.9984014443252818e-14,5.3760164722693737e-15
hex,2,2,0.20000000000000001,gll,shear,0,constant,yzz,fe_geometry,1.18684918713421e-11,nan,6.8090078584069452e-11,0,1.7429694186375995e-11,nan,2.3201991928731486e-11,1.3877197053504981e-11,2.1436032903855557e-14,4.0920273985153454e-26,3.4478073902515271e-15,0,3.1086244689504383e-15,2.3203661214665772e-14,1.7763568394002505e-15,0.12499999999999921,8,3.1560759038526543e-14,6.3594962629309748e-15,6.6613381477509392e-16,1.0402789740737717e-13,2.3203661214665772e-14,1.3322676295501878e-15,0.067332042031921446,3.0999128221883439,2.2204460492503126e-16,1.9984014443252818e-14,5.3760164722693737e-15
hex,2,2,0.20000000000000001,gll,shear,0,constant,yzz,reused,1.18689014994615e-11,nan,6.8108463455044136e-11,0,1.7428730910450431e-11,nan,2.3203896473966027e-11,1.3879221588689059e-11,2.1436032903855557e-14,8.9792408302436217e-15,0.00075656123183814785,0,3.1086244689504383e-15,2.3203661214665772e-14,1.7763568394002505e-15,0.12499999999999921,8,3.1560759038526543e-14,6.3594962629309748e-15,6.6613381477509392e-16,1.0402789740737717e-13,2.3203661214665772e-14,1.3322676295501878e-15,0.067332042031921446,3.0999128221883439,2.2204460492503126e-16,1.9984014443252818e-14,5.3760164722693737e-15
hex,2,2,0.20000000000000001,gll,shear,0,constant,yzz,reused_centered,1.1869127742183045e-11,nan,6.8096957092821165e-11,0,1.7429027463382962e-11,nan,2.3203463392783793e-11,1.3877868894077518e-11,2.1436032903855557e-14,8.6791347979532438e-15,0.00073127528687196226,0,3.1086244689504383e-15,2.3203661214665772e-14,1.7763568394002505e-15,0.12499999999999921,8,3.1560759038526543e-14,6.3594962629309748e-15,6.6613381477509392e-16,1.0402789740737717e-13,2.3203661214665772e-14,1.3322676295501878e-15,0.067332042031921446,3.0999128221883439,2.2204460492503126e-16,1.9984014443252818e-14,5.3760164722693737e-15
hex,2,2,0.20000000000000001,gll,shear,0,constant,zzz,recursive,3.2176380258976675e-12,nan,1.7828900402673864e-11,0,4.8008375404838915e-12,nan,5.8435480061935784e-12,3.1305780412434833e-12,2.1436032903855557e-14,1.7362719100751636e-12,0.42056707582344138,0,3.1086244689504383e-15,2.3203661214665772e-14,1.7763568394002505e-15,0.12499999999999921,8,3.1560759038526543e-14,6.3594962629309748e-15,6.6613381477509392e-16,1.0402789740737717e-13,2.3203661214665772e-14,1.3322676295501878e-15,0.067332042031921446,3.0999128221883439,2.2204460492503126e-16,1.9984014443252818e-14,5.3760164722693737e-15
hex,2,2,0.20000000000000001,gll,shear,0,constant,zzz,direct,4.1284066439952833e-12,nan,3.2479223778553396e-11,0,6.5025542518275405e-12,nan,8.7621852170985651e-12,5.2200920764714079e-12,2.1436032903855557e-14,0,0,0,3.1086244689504383e-15,2.3203661214665772e-14,1.7763568394002505e-15,0.12499999999999921,8,3.1560759038526543e-14,6.3594962629309748e-15,6.6613381477509392e-16,1.0402789740737717e-13,2.3203661214665772e-14,1.3322676295501878e-15,0.067332042031921446,3.0999128221883439,2.2204460492503126e-16,1.9984014443252818e-14,5.3760164722693737e-15
hex,2,2,0.20000000000000001,gll,shear,0,constant,zzz,fe_geometry,4.128406643995272e-12,nan,3.2479223778553376e-11,0,6.5025542518275235e-12,nan,8.7621852170985296e-12,5.2200920764713877e-12,2.1436032903855557e-14,3.3650095840144796e-26,8.1508675723813331e-15,0,3.1086244689504383e-15,2.3203661214665772e-14,1.7763568394002505e-15,0.12499999999999921,8,3.1560759038526543e-14,6.3594962629309748e-15,6.6613381477509392e-16,1.0402789740737717e-13,2.3203661214665772e-14,1.3322676295501878e-15,0.067332042031921446,3.0999128221883439,2.2204460492503126e-16,1.9984014443252818e-14,5.3760164722693737e-15
hex,2,2,0.20000000000000001,gll,shear,0,constant,zzz,reused,4.1285101913538501e-12,nan,3.2487117355451257e-11,0,6.5023361645090037e-12,nan,8.7626094455449066e-12,5.2204716492322439e-12,2.1436032903855557e-14,2.9814341453683658e-15,0.00072217550315805865,0,3.1086244689504383e-15,2.3203661214665772e-14,1.7763568394002505e-15,0.12499999999999921,8,3.1560759038526543e-14,6.3594962629309748e-15,6.6613381477509392e-16,1.0402789740737717e-13,2.3203661214665772e-14,1.3322676295501878e-15,0.067332042031921446,3.0999128221883439,2.2204460492503126e-16,1.9984014443252818e-14,5.3760164722693737e-15
hex,2,2,0.20000000000000001,gll,shear,0,constant,zzz,reused_centered,4.1285672684632235e-12,nan,3.2482448207440527e-11,0,6.5024394029064691e-12,nan,8.7625762331254039e-12,5.2202830456888552e-12,2.1436032903855557e-14,2.9054534186129878e-15,0.00070377113234204624,0,3.1086244689504383e-15,2.3203661214665772e-14,1.7763568394002505e-15,0.12499999999999921,8,3.1560759038526543e-14,6.3594962629309748e-15,6.6613381477509392e-16,1.0402789740737717e-13,2.3203661214665772e-14,1.3322676295501878e-15,0.067332042031921446,3.0999128221883439,2.2204460492503126e-16,1.9984014443252818e-14,5.3760164722693737e-15
hex,2,2,0.20000000000000001,gll,shear,0,represented_polynomial,x,recursive,1.0300460628333965e-13,7.3868431393843569e-14,2.1462831512053526e-12,1.3944333775567948,1.937712199478054e-13,1.3669259751555584e-13,2.3987420397990794e-13,1.4945118159518684e-13,8.2693566325377432e-15,1.9801496069899129e-14,1.4200388766219564e-14,0,3.1086244689504383e-15,2.3203661214665772e-14,1.7763568394002505e-15,0.12499999999999921,8,3.1560759038526543e-14,6.3594962629309748e-15,6.6613381477509392e-16,1.0402789740737717e-13,2.3203661214665772e-14,1.3322676295501878e-15,0.067332042031921446,3.0999128221883439,2.2204460492503126e-16,1.9984014443252818e-14,5.3760164722693737e-15
hex,2,2,0.20000000000000001,gll,shear,0,represented_polynomial,x,direct,1.0053109801407702e-13,7.2094586684534827e-14,2.099209694961246e-12,1.3944333775567948,1.8706688461882279e-13,1.3196313866722537e-13,2.3638474801703089e-13,1.4958048141403556e-13,8.2693566325377432e-15,0,0,0,3.1086244689504383e-15,2.3203661214665772e-14,1.7763568394002505e-15,0.12499999999999921,8,3.1560759038526543e-14,6.3594962629309748e-15,6.6613381477509392e-16,1.0402789740737717e-13,2.3203661214665772e-14,1.3322676295501878e-15,0.067332042031921446,3.0999128221883439,2.2204460492503126e-16,1.9984014443252818e-14,5.3760164722693737e-15
hex,2,2,0.20000000000000001,gll,shear,0,represented_polynomial,x,fe_geometry,1.004297230833184e-13,7.2021886954027635e-14,2.1014301410104963e-12,1.3944333775567948,1.8689261640284939e-13,1.3184020413075384e-13,2.3662741507962281e-13,1.4967338651088191e-13,8.2693566325377432e-15,8.0992198490273374e-16,5.8082515661078632e-16,0,3.1086244689504383e-15,2.3203661214665772e-14,1.7763568394002505e-15,0.12499999999999921,8,3.1560759038526543e-14,6.3594962629309748e-15,6.6613381477509392e-16,1.0402789740737717e-13,2.3203661214665772e-14,1.3322676295501878e-15,0.067332042031921446,3.0999128221883439,2.2204460492503126e-16,1.9984014443252818e-14,5.3760164722693737e-15
hex,2,2,0.20000000000000001,gll,shear,0,represented_polynomial,x,reused,1.0049654373346298e-13,7.2069806525675904e-14,2.099653784171096e-12,1.3944333775567948,1.8695797180743681e-13,1.3188630798465507e-13,2.3630752789239339e-13,1.4957452340317324e-13,8.2693566325377432e-15,6.2566559567164709e-16,4.4868805189379762e-16,0,3.1086244689504383e-15,2.3203661214665772e-14,1.7763568394002505e-15,0.12499999999999921,8,3.1560759038526543e-14,6.3594962629309748e-15,6.6613381477509392e-16,1.0402789740737717e-13,2.3203661214665772e-14,1.3322676295501878e-15,0.067332042031921446,3.0999128221883439,2.2204460492503126e-16,1.9984014443252818e-14,5.3760164722693737e-15
hex,2,2,0.20000000000000001,gll,shear,0,represented_polynomial,x,reused_centered,1.0051607032561622e-13,7.2083809770626514e-14,2.099653784171096e-12,1.3944333775567948,1.8699458692239508e-13,1.3191213749211918e-13,2.3634868410702135e-13,1.4961734769197973e-13,8.2693566325377432e-15,5.9981697273038338e-16,4.3015104370302019e-16,0,3.1086244689504383e-15,2.3203661214665772e-14,1.7763568394002505e-15,0.12499999999999921,8,3.1560759038526543e-14,6.3594962629309748e-15,6.6613381477509392e-16,1.0402789740737717e-13,2.3203661214665772e-14,1.3322676295501878e-15,0.067332042031921446,3.0999128221883439,2.2204460492503126e-16,1.9984014443252818e-14,5.3760164722693737e-15
hex,2,2,0.20000000000000001,gll,shear,0,represented_polynomial,y,recursive,1.0585309185981466e-13,7.1663545514302051e-14,2.6521007612245739e-12,1.4770842148563432,1.9716997770951869e-13,1.3033001565107895e-13,2.3082179334917752e-13,1.4741203664087006e-13,8.2693566325377432e-15,1.9915347505981882e-14,1.3482878840404317e-14,0,3.1086244689504383e-15,2.3203661214665772e-14,1.7763568394002505e-15,0.12499999999999921,8,3.1560759038526543e-14,6.3594962629309748e-15,6.6613381477509392e-16,1.0402789740737717e-13,2.3203661214665772e-14,1.3322676295501878e-15,0.067332042031921446,3.0999128221883439,2.2204460492503126e-16,1.9984014443252818e-14,5.3760164722693737e-15
hex,2,2,0.20000000000000001,gll,shear,0,represented_polynomial,y,direct,1.038238616154313e-13,7.0289737424029611e-14,2.4704682743958983e-12,1.4770842148563432,1.9317405635939218e-13,1.2768869825503136e-13,2.313244269539764e-13,1.4505720939719695e-13,8.2693566325377432e-15,0,0,0,3.1086244689504383e-15,2.3203661214665772e-14,1.7763568394002505e-15,0.12499999999999921,8,3.1560759038526543e-14,6.3594962629309748e-15,6.6613381477509392e-16,1.0402789740737717e-13,2.3203661214665772e-14,1.3322676295501878e-15,0.067332042031921446,3.0999128221883439,2.2204460492503126e-16,1.9984014443252818e-14,5.3760164722693737e-15
hex,2,2,0.20000000000000001,gll,shear,0,represented_polynomial,y,fe_geometry,1.0384049901651051e-13,7.030100110210015e-14,2.4766855233337992e-12,1.4770842148563432,1.9331926801478922e-13,1.2778468364560892e-13,2.3142927785417029e-13,1.4507713909407911e-13,8.2693566325377432e-15,5.0327304639491309e-16,3.4072061791267481e-16,0,3.1086244689504383e-15,2.3203661214665772e-14,1.7763568394002505e-15,0.12499999999999921,8,3.1560759038526543e-14,6.3594962629309748e-15,6.6613381477509392e-16,1.0402789740737717e-13,2.3203661214665772e-14,1.3322676295501878e-15,0.067332042031921446,3.0999128221883439,2.2204460492503126e-16,1.9984014443252818e-14,5.3760164722693737e-15
hex,2,2,0.20000000000000001,gll,shear,0,represented_polynomial,y,reused,1.0374208444231378e-13,7.0234373503479223e-14,2.4722446312352986e-12,1.4770842148563432,1.9298086759122762e-13,1.2756099983222384e-13,2.3118553796748094e-13,1.4499744703059298e-13,8.2693566325377432e-15,7.3664636643208942e-16,4.9871656539483827e-16,0,3.1086244689504383e-15,2.3203661214665772e-14,1.7763568394002505e-15,0.12499999999999921,8,3.1560759038526543e-14,6.3594962629309748e-15,6.6613381477509392e-16,1.0402789740737717e-13,2.3203661214665772e-14,1.3322676295501878e-15,0.067332042031921446,3.0999128221883439,2.2204460492503126e-16,1.9984014443252818e-14,5.3760164722693737e-15
hex,2,2,0.20000000000000001,gll,shear,0,represented_polynomial,y,reused_centered,1.0374835392561975e-13,7.0238618003043257e-14,2.4718005420254485e-12,1.4770842148563432,1.9298475491496388e-13,1.275635693662334e-13,2.3112482642348442e-13,1.4493764707704726e-13,8.2693566325377432e-15,6.5513422444095596e-16,4.4353207342661239e-16,0,3.1086244689504383e-15,2.3203661214665772e-14,1.7763568394002505e-15,0.12499999999999921,8,3.1560759038526543e-14,6.3594962629309748e-15,6.6613381477509392e-16,1.0402789740737717e-13,2.3203661214665772e-14,1.3322676295501878e-15,0.067332042031921446,3.0999128221883439,2.2204460492503126e-16,1.9984014443252818e-14,5.3760164722693737e-15
hex,2,2,0.20000000000000001,gll,shear,0,represented_polynomial,z,recursive,1.1005954711035707e-13,7.5526998351427643e-14,2.6334490144108713e-12,1.4572212521706376,2.0536503965439541e-13,1.3781930859915615e-13,2.589192005788719e-13,1.641563997439029e-13,8.2693566325377432e-15,1.5103802941006937e-14,1.0364797328139948e-14,0,3.1086244689504383e-15,2.3203661214665772e-14,1.7763568394002505e-15,0.12499999999999921,8,3.1560759038526543e-14,6.3594962629309748e-15,6.6613381477509392e-16,1.0402789740737717e-13,2.3203661214665772e-14,1.3322676295501878e-15,0.067332042031921446,3.0999128221883439,2.2204460492503126e-16,1.9984014443252818e-14,5.3760164722693737e-15
hex,2,2,0.20000000000000001,gll,shear,0,represented_polynomial,z,direct,1.1045118625820639e-13,7.5795755856347328e-14,2.8248514638562483e-12,1.4572212521706376,2.0802063877498451e-13,1.396014660458766e-13,2.632020088609981e-13,1.6585979741376322e-13,8.2693566325377432e-15,0,0,0,3.1086244689504383e-15,2.3203661214665772e-14,1.7763568394002505e-15,0.12499999999999921,8,3.1560759038526543e-14,6.3594962629309748e-15,6.6613381477509392e-16,1.0402789740737717e-13,2.3203661214665772e-14,1.3322676295501878e-15,0.067332042031921446,3.0999128221883439,2.2204460492503126e-16,1.9984014443252818e-14,5.3760164722693737e-15
hex,2,2,0.20000000000000001,gll,shear,0,represented_polynomial,z,fe_geometry,1.1052348730897555e-13,7.584537155517238e-14,2.8257396422759484e-12,1.4572212521706376,2.0788233353218816e-13,1.395086501850567e-13,2.6313416662139003e-13,1.6582893676182777e-13,8.2693566325377432e-15,7.1299828271089719e-16,4.892862231104823e-16,0,3.1086244689504383e-15,2.3203661214665772e-14,1.7763568394002505e-15,0.12499999999999921,8,3.1560759038526543e-14,6.3594962629309748e-15,6.6613381477509392e-16,1.0402789740737717e-13,2.3203661214665772e-14,1.3322676295501878e-15,0.067332042031921446,3.0999128221883439,2.2204460492503126e-16,1.9984014443252818e-14,5.3760164722693737e-15
hex,2,2,0.20000000000000001,gll,shear,0,represented_polynomial,z,reused,1.1042134869441611e-13,7.5775280198484243e-14,2.8270719099054986e-12,1.4572212521706376,2.0786546238966454e-13,1.394973280573869e-13,2.6300238040068231e-13,1.6575886203843611e-13,8.2693566325377432e-15,6.6541815318797251e-16,4.5663494970086748e-16,0,3.1086244689504383e-15,2.3203661214665772e-14,1.7763568394002505e-15,0.12499999999999921,8,3.1560759038526543e-14,6.3594962629309748e-15,6.6613381477509392e-16,1.0402789740737717e-13,2.3203661214665772e-14,1.3322676295501878e-15,0.067332042031921446,3.0999128221883439,2.2204460492503126e-16,1.9984014443252818e-14,5.3760164722693737e-15
hex,2,2,0.20000000000000001,gll,shear,0,represented_polynomial,z,reused_centered,1.1042218410360019e-13,7.577585348766927e-14,2.8235191962266981e-12,1.4572212521706376,2.0784372211673766e-13,1.3948273828403219e-13,2.6306010854616175e-13,1.657681052916292e-13,8.2693566325377432e-15,5.6504913039358444e-16,3.877579534006273e-16,0,3.1086244689504383e-15,2.3203661214665772e-14,1.7763568394002505e-15,0.12499999999999921,8,3.1560759038526543e-14,6.3594962629309748e-15,6.6613381477509392e-16,1.0402789740737717e-13,2.3203661214665772e-14,1.3322676295501878e-15,0.067332042031921446,3.0999128221883439,2.2204460492503126e-16,1.9984014443252818e-14,5.3760164722693737e-15
hex,2,2,0.20000000000000001,gll,shear,0,represented_polynomial,xx,recursive,7.2847657972667348e-13,3.6423828986335552e-13,9.0873975011618313e-12,1.9999999999998967,1.2257348518819626e-12,6.1286742594098128e-13,1.3523784415987812e-12,8.7798029868798828e-13,8.2693566325377432e-15,2.0630968468233337e-13,1.0315484234117176e-13,0,3.1086244689504383e-15,2.3203661214665772e-14,1.7763568394002505e-15,0.12499999999999921,8,3.1560759038526543e-14,6.3594962629309748e-15,6.6613381477509392e-16,1.0402789740737717e-13,2.3203661214665772e-14,1.3322676295501878e-15,0.067332042031921446,3.0999128221883439,2.2204460492503126e-16,1.9984014443252818e-14,5.3760164722693737e-15
hex,2,2,0.20000000000000001,gll,shear,0,represented_polynomial,xx,direct,6.8778461641673722e-13,3.4389230820838638e-13,8.120615291318245e-12,1.9999999999998967,1.1556553256278738e-12,5.7782766281393689e-13,1.3539108756763758e-12,8.862002734767817e-13,8.2693566325377432e-15,0,0,0,3.1086244689504383e-15,2.3203661214665772e-14,1.7763568394002505e-15,0.12499999999999921,8,3.1560759038526543e-14,6.3594962629309748e-15,6.6613381477509392e-16,1.0402789740737717e-13,2.3203661214665772e-14,1.3322676295501878e-15,0.067332042031921446,3.0999128221883439,2.2204460492503126e-16,1.9984014443252818e-14,5.3760164722693737e-15
hex,2,2,0.20000000000000001,gll,shear,0,represented_polynomial,xx,fe_geometry,6.8730814816409461e-13,3.4365407408206503e-13,8.1366025028728473e-12,1.9999999999998967,1.1547150194420356e-12,5.7735750972101782e-13,1.3552837043170544e-12,8.8688411369665055e-13,8.2693566325377432e-15,5.9135570773448807e-15,2.9567785386725859e-15,0,3.1086244689504383e-15,2.3203661214665772e-14,1.7763568394002505e-15,0.12499999999999921,8,3.1560759038526543e-14,6.3594962629309748e-15,6.6613381477509392e-16,1.0402789740737717e-13,2.3203661214665772e-14,1.3322676295501878e-15,0.067332042031921446,3.0999128221883439,2.2204460492503126e-16,1.9984014443252818e-14,5.3760164722693737e-15
hex,2,2,0.20000000000000001,gll,shear,0,represented_polynomial,xx,reused,6.875915738785205e-13,3.4379578693927802e-13,8.1268325402561459e-12,1.9999999999998967,1.1549039193968788e-12,5.7745195969843938e-13,1.3536198595197752e-12,8.8640163531878498e-13,8.2693566325377432e-15,3.4717796431299881e-15,1.7358898215650795e-15,0,3.1086244689504383e-15,2.3203661214665772e-14,1.7763568394002505e-15,0.12499999999999921,8,3.1560759038526543e-14,6.3594962629309748e-15,6.6613381477509392e-16,1.0402789740737717e-13,2.3203661214665772e-14,1.3322676295501878e-15,0.067332042031921446,3.0999128221883439,2.2204460492503126e-16,1.9984014443252818e-14,5.3760164722693737e-15
hex,2,2,0.20000000000000001,gll,shear,0,represented_polynomial,xx,reused_centered,6.8770983582549837e-13,3.4385491791276696e-13,8.1241680049970455e-12,1.9999999999998967,1.1551418685196469e-12,5.7757093425982345e-13,1.3537567586029401e-12,8.8648304672299144e-13,8.2693566325377432e-15,2.9772343014519656e-15,1.4886171507260562e-15,0,3.1086244689504383e-15,2.3203661214665772e-14,1.7763568394002505e-15,0.12499999999999921,8,3.1560759038526543e-14,6.3594962629309748e-15,6.6613381477509392e-16,1.0402789740737717e-13,2.3203661214665772e-14,1.3322676295501878e-15,0.067332042031921446,3.0999128221883439,2.2204460492503126e-16,1.9984014443252818e-14,5.3760164722693737e-15
hex,2,2,0.20000000000000001,gll,shear,0,represented_polynomial,xy,recursive,1.2373717663008148e-12,1.9899026713582341e-12,2.0359824937088433e-11,0.62182527020591938,2.1800923420580499e-12,3.4064904082327741e-12,2.9543838152992434e-12,1.7726375879180148e-12,8.2693566325377432e-15,2.7949966136485675e-13,4.494826356482911e-13,0,3.1086244689504383e-15,2.3203661214665772e-14,1.7763568394002505e-15,0.12499999999999921,8,3.1560759038526543e-14,6.3594962629309748e-15,6.6613381477509392e-16,1.0402789740737717e-13,2.3203661214665772e-14,1.3322676295501878e-15,0.067332042031921446,3.0999128221883439,2.2204460492503126e-16,1.9984014443252818e-14,5.3760164722693737e-15
hex,2,2,0.20000000000000001,gll,shear,0,represented_polynomial,xy,direct,1.1950224200794564e-12,1.9217977739690782e-12,1.9632406811354031e-11,0.62182527020591938,2.0951661367188532e-12,3.2737894678577094e-12,2.9407547425928689e-12,1.8152107955644756e-12,8.2693566325377432e-15,0,0,0,3.1086244689504383e-15,2.3203661214665772e-14,1.7763568394002505e-15,0.12499999999999921,8,3.1560759038526543e-14,6.3594962629309748e-15,6.6613381477509392e-16,1.0402789740737717e-13,2.3203661214665772e-14,1.3322676295501878e-15,0.067332042031921446,3.0999128221883439,2.2204460492503126e-16,1.9984014443252818e-14,5.3760164722693737e-15
hex,2,2,0.20000000000000001,gll,shear,0,represented_polynomial,xy,fe_geometry,1.1955083963970526e-12,1.9225793059216722e-12,1.9707568910121154e-11,0.62182527020591938,2.0971479721039472e-12,3.2768861730292188e-12,2.9450336976731443e-12,1.8169596669653029e-12,8.2693566325377432e-15,4.2685269592840737e-15,6.8645118875125492e-15,0,3.1086244689504383e-15,2.3203661214665772e-14,1.7763568394002505e-15,0.12499999999999921,8,3.1560759038526543e-14,6.3594962629309748e-15,6.6613381477509392e-16,1.0402789740737717e-13,2.3203661214665772e-14,1.3322676295501878e-15,0.067332042031921446,3.0999128221883439,2.2204460492503126e-16,1.9984014443252818e-14,5.3760164722693737e-15
hex,2,2,0.20000000000000001,gll,shear,0,represented_polynomial,xy,reused,1.1944500863892189e-12,1.9208773647839574e-12,1.9645951532254458e-11,0.62182527020591938,2.0943536790477853e-12,3.2725199669241047e-12,2.9385223316667284e-12,1.8135249987082537e-12,8.2693566325377432e-15,3.2735584947668878e-15,5.2644346436467014e-15,0,3.1086244689504383e-15,2.3203661214665772e-14,1.7763568394002505e-15,0.12499999999999921,8,3.1560759038526543e-14,6.3594962629309748e-15,6.6613381477509392e-16,1.0402789740737717e-13,2.3203661214665772e-14,1.3322676295501878e-15,0.067332042031921446,3.0999128221883439,2.2204460492503126e-16,1.9984014443252818e-14,5.3760164722693737e-15
hex,2,2,0.20000000000000001,gll,shear,0,represented_polynomial,xy,reused_centered,1.1947000716835494e-12,1.921279383335323e-12,1.9652723892704671e-11,0.62182527020591938,2.0949233218287107e-12,3.2734100588857639e-12,2.9394758797378938e-12,1.8140177191563889e-12,8.2693566325377432e-15,3.0347218644760112e-15,4.8803450259767816e-15,0,3.1086244689504383e-15,2.3203661214665772e-14,1.7763568394002505e-15,0.12499999999999921,8,3.1560759038526543e-14,6.3594962629309748e-15,6.6613381477509392e-16,1.0402789740737717e-13,2.3203661214665772e-14,1.3322676295501878e-15,0.067332042031921446,3.0999128221883439,2.2204460492503126e-16,1.9984014443252818e-14,5.3760164722693737e-15
hex,2,2,0.20000000000000001,gll,shear,0,represented_polynomial,xz,recursive,1.4200912740093121e-12,2.3611413864572526e-12,2.9270363910427477e-11,0.60144270993448279,2.6268460749001325e-12,4.2559307961290226e-12,3.681321600802614e-12,2.1104645295916788e-12,8.2693566325377432e-15,2.1358334999551016e-13,3.5511836201119999e-13,0,3.1086244689504383e-15,2.3203661214665772e-14,1.7763568394002505e-15,0.12499999999999921,8,3.1560759038526543e-14,6.3594962629309748e-15,6.6613381477509392e-16,1.0402789740737717e-13,2.3203661214665772e-14,1.3322676295501878e-15,0.067332042031921446,3.0999128221883439,2.2204460492503126e-16,1.9984014443252818e-14,5.3760164722693737e-15
hex,2,2,0.20000000000000001,gll,shear,0,represented_polynomial,xz,direct,1.363687375052015e-12,2.2673603861630746e-12,2.7993385387503622e-11,0.60144270993448279,2.499952928376969e-12,4.0503426365235248e-12,3.5417419400244576e-12,2.0438423756886877e-12,8.2693566325377432e-15,0,0,0,3.1086244689504383e-15,2.3203661214665772e-14,1.7763568394002505e-15,0.12499999999999921,8,3.1560759038526543e-14,6.3594962629309748e-15,6.6613381477509392e-16,1.0402789740737717e-13,2.3203661214665772e-14,1.3322676295501878e-15,0.067332042031921446,3.0999128221883439,2.2204460492503126e-16,1.9984014443252818e-14,5.3760164722693737e-15
hex,2,2,0.20000000000000001,gll,shear,0,represented_polynomial,xz,fe_geometry,1.3631202805745954e-12,2.2664174958959677e-12,2.8004709662354799e-11,0.60144270993448279,2.4995557464037853e-12,4.0496991351750848e-12,3.5417740552077765e-12,2.0419147511202764e-12,8.2693566325377432e-15,3.7487185908093178e-15,6.2328772614397296e-15,0,3.1086244689504383e-15,2.3203661214665772e-14,1.7763568394002505e-15,0.12499999999999921,8,3.1560759038526543e-14,6.3594962629309748e-15,6.6613381477509392e-16,1.0402789740737717e-13,2.3203661214665772e-14,1.3322676295501878e-15,0.067332042031921446,3.0999128221883439,2.2204460492503126e-16,1.9984014443252818e-14,5.3760164722693737e-15
hex,2,2,0.20000000000000001,gll,shear,0,represented_polynomial,xz,reused,1.3635634312393422e-12,2.2671543086587244e-12,2.798050680041797e-11,0.60144270993448279,2.4995864453289634e-12,4.0497488725777909e-12,3.5413503753453211e-12,2.0431202927694677e-12,8.2693566325377432e-15,2.0148498433322179e-15,3.3500278747276005e-15,0,3.1086244689504383e-15,2.3203661214665772e-14,1.7763568394002505e-15,0.12499999999999921,8,3.1560759038526543e-14,6.3594962629309748e-15,6.6613381477509392e-16,1.0402789740737717e-13,2.3203661214665772e-14,1.3322676295501878e-15,0.067332042031921446,3.0999128221883439,2.2204460492503126e-16,1.9984014443252818e-14,5.3760164722693737e-15
hex,2,2,0.20000000000000001,gll,shear,0,represented_polynomial,xz,reused_centered,1.3637951406164182e-12,2.2675395645995625e-12,2.7992053119874072e-11,0.60144270993448279,2.50004314513318e-12,4.0504888027853216e-12,3.5419124981667016e-12,2.0434723596776421e-12,8.2693566325377432e-15,1.7014871707859688e-15,2.8290095510033245e-15,0,3.1086244689504383e-15,2.3203661214665772e-14,1.7763568394002505e-15,0.12499999999999921,8,3.1560759038526543e-14,6.3594962629309748e-15,6.6613381477509392e-16,1.0402789740737717e-13,2.3203661214665772e-14,1.3322676295501878e-15,0.067332042031921446,3.0999128221883439,2.2204460492503126e-16,1.9984014443252818e-14,5.3760164722693737e-15
hex,2,2,0.20000000000000001,gll,shear,0,represented_polynomial,yy,recursive,8.4262915959125819e-13,3.309833078894474e-13,1.7764456572422205e-11,2.5458358156016345,1.4321611277284604e-12,5.607796723009583e-13,1.4055119159035235e-12,8.7428239104102444e-13,8.2693566325377432e-15,2.9596561793026865e-13,1.1625479385454065e-13,0,3.1086244689504383e-15,2.3203661214665772e-14,1.7763568394002505e-15,0.12499999999999921,8,3.1560759038526543e-14,6.3594962629309748e-15,6.6613381477509392e-16,1.0402789740737717e-13,2.3203661214665772e-14,1.3322676295501878e-15,0.067332042031921446,3.0999128221883439,2.2204460492503126e-16,1.9984014443252818e-14,5.3760164722693737e-15
hex,2,2,0.20000000000000001,gll,shear,0,represented_polynomial,yy,direct,8.0350322767900496e-13,3.1561470804790306e-13,1.6210144337946986e-11,2.5458358156016345,1.3817831957841595e-12,5.4105359566059209e-13,1.3985830697795237e-12,8.6230881356525637e-13,8.2693566325377432e-15,0,0,0,3.1086244689504383e-15,2.3203661214665772e-14,1.7763568394002505e-15,0.12499999999999921,8,3.1560759038526543e-14,6.3594962629309748e-15,6.6613381477509392e-16,1.0402789740737717e-13,2.3203661214665772e-14,1.3322676295501878e-15,0.067332042031921446,3.0999128221883439,2.2204460492503126e-16,1.9984014443252818e-14,5.3760164722693737e-15
hex,2,2,0.20000000000000001,gll,shear,0,represented_polynomial,yy,fe_geometry,8.036268554475529e-13,3.1566326882617095e-13,1.6276757719424495e-11,2.5458358156016345,1.3831031677424369e-12,5.4157044633324177e-13,1.4001384658232327e-12,8.626018525623909e-13,8.2693566325377432e-15,3.775380518276388e-15,1.4829630784278444e-15,0,3.1086244689504383e-15,2.3203661214665772e-14,1.7763568394002505e-15,0.12499999999999921,8,3.1560759038526543e-14,6.3594962629309748e-15,6.6613381477509392e-16,1.0402789740737717e-13,2.3203661214665772e-14,1.3322676295501878e-15,0.067332042031921446,3.0999128221883439,2.2204460492503126e-16,1.9984014443252818e-14,5.3760164722693737e-15
hex,2,2,0.20000000000000001,gll,shear,0,represented_polynomial,yy,reused,8.0280191911752565e-13,3.1533923523179231e-13,1.6216805676094737e-11,2.5458358156016345,1.3804431324936124e-12,5.4052887798854668e-13,1.3978504269676072e-12,8.6157685157407154e-13,8.2693566325377432e-15,4.5373027620631443e-15,1.7822448463711995e-15,0,3.1086244689504383e-15,2.3203661214665772e-14,1.7763568394002505e-15,0.12499999999999921,8,3.1560759038526543e-14,6.3594962629309748e-15,6.6613381477509392e-16,1.0402789740737717e-13,2.3203661214665772e-14,1.3322676295501878e-15,0.067332042031921446,3.0999128221883439,2.2204460492503126e-16,1.9984014443252818e-14,5.3760164722693737e-15
hex,2,2,0.20000000000000001,gll,shear,0,represented_polynomial,yy,reused_centered,8.0291317701601947e-13,3.1538293714603677e-13,1.6216805676094737e-11,2.5458358156016345,1.3806050002567203e-12,5.4059225923063902e-13,1.3976518663689056e-12,8.612850429528241e-13,8.2693566325377432e-15,3.5366700203809097e-15,1.3891979988289971e-15,0,3.1086244689504383e-15,2.3203661214665772e-14,1.7763568394002505e-15,0.12499999999999921,8,3.1560759038526543e-14,6.3594962629309748e-15,6.6613381477509392e-16,1.0402789740737717e-13,2.3203661214665772e-14,1.3322676295501878e-15,0.067332042031921446,3.0999128221883439,2.2204460492503126e-16,1.9984014443252818e-14,5.3760164722693737e-15
hex,2,2,0.20000000000000001,gll,shear,0,represented_polynomial,yz,recursive,1.4373669838326427e-12,2.1995916642972244e-12,3.2858382681411058e-11,0.65346991769578533,2.6258864456603353e-12,3.8804416919831409e-12,3.5187588402025622e-12,2.0456998947128586e-12,8.2693566325377432e-15,2.4375311721092362e-13,3.7301352458646362e-13,0,3.1086244689504383e-15,2.3203661214665772e-14,1.7763568394002505e-15,0.12499999999999921,8,3.1560759038526543e-14,6.3594962629309748e-15,6.6613381477509392e-16,1.0402789740737717e-13,2.3203661214665772e-14,1.3322676295501878e-15,0.067332042031921446,3.0999128221883439,2.2204460492503126e-16,1.9984014443252818e-14,5.3760164722693737e-15
hex,2,2,0.20000000000000001,gll,shear,0,represented_polynomial,yz,direct,1.4173305681468314e-12,2.1689300911425453e-12,3.1747937612180976e-11,0.65346991769578533,2.5901668207439839e-12,3.8276564993955191e-12,3.5925771192378247e-12,2.0723586319579286e-12,8.2693566325377432e-15,0,0,0,3.1086244689504383e-15,2.3203661214665772e-14,1.7763568394002505e-15,0.12499999999999921,8,3.1560759038526543e-14,6.3594962629309748e-15,6.6613381477509392e-16,1.0402789740737717e-13,2.3203661214665772e-14,1.3322676295501878e-15,0.067332042031921446,3.0999128221883439,2.2204460492503126e-16,1.9984014443252818e-14,5.3760164722693737e-15
hex,2,2,0.20000000000000001,gll,shear,0,represented_polynomial,yz,fe_geometry,1.4180723991567546e-12,2.1700653094438548e-12,3.1783686793573906e-11,0.65346991769578533,2.5916253505077416e-12,3.8298118628590211e-12,3.5921444140715977e-12,2.0726936253633647e-12,8.2693566325377432e-15,2.9070882066606492e-15,4.4486947722268337e-15,0,3.1086244689504383e-15,2.3203661214665772e-14,1.7763568394002505e-15,0.12499999999999921,8,3.1560759038526543e-14,6.3594962629309748e-15,6.6613381477509392e-16,1.0402789740737717e-13,2.3203661214665772e-14,1.3322676295501878e-15,0.067332042031921446,3.0999128221883439,2.2204460492503126e-16,1.9984014443252818e-14,5.3760164722693737e-15
hex,2,2,0.20000000000000001,gll,shear,0,represented_polynomial,yz,reused,1.4162876012562172e-12,2.1673340469140801e-12,3.1721292259589973e-11,0.65346991769578533,2.5884708480628467e-12,3.8251502512250293e-12,3.5887942721946534e-12,2.0701791852995815e-12,8.2693566325377432e-15,3.0243821975809892e-15,4.6281888663604034e-15,0,3.1086244689504383e-15,2.3203661214665772e-14,1.7763568394002505e-15,0.12499999999999921,8,3.1560759038526543e-14,6.3594962629309748e-15,6.6613381477509392e-16,1.0402789740737717e-13,2.3203661214665772e-14,1.3322676295501878e-15,0.067332042031921446,3.0999128221883439,2.2204460492503126e-16,1.9984014443252818e-14,5.3760164722693737e-15
hex,2,2,0.20000000000000001,gll,shear,0,represented_polynomial,yz,reused_centered,1.4162767607340753e-12,2.1673174577462417e-12,3.1726399285503248e-11,0.65346991769578533,2.58843413762022e-12,3.8250960018372328e-12,3.5890885714217609e-12,2.0701124215111207e-12,8.2693566325377432e-15,2.4900508540729762e-15,3.8105057121118545e-15,0,3.1086244689504383e-15,2.3203661214665772e-14,1.7763568394002505e-15,0.12499999999999921,8,3.1560759038526543e-14,6.3594962629309748e-15,6.6613381477509392e-16,1.0402789740737717e-13,2.3203661214665772e-14,1.3322676295501878e-15,0.067332042031921446,3.0999128221883439,2.2204460492503126e-16,1.9984014443252818e-14,5.3760164722693737e-15
hex,2,2,0.20000000000000001,gll,shear,0,represented_polynomial,zz,recursive,8.5042006427071308e-05,3.5219258807143532e-05,0.00043049406379669364,2.4146449785542394,0.00015020622180206506,6.2025915635127658e-05,0.00025935784885770959,0.00012458989398245234,8.2693566325377432e-15,8.5042006426578525e-05,3.5219258806940847e-05,0,3.1086244689504383e-15,2.3203661214665772e-14,1.7763568394002505e-15,0.12499999999999921,8,3.1560759038526543e-14,6.3594962629309748e-15,6.6613381477509392e-16,1.0402789740737717e-13,2.3203661214665772e-14,1.3322676295501878e-15,0.067332042031921446,3.0999128221883439,2.2204460492503126e-16,1.9984014443252818e-14,5.3760164722693737e-15
hex,2,2,0.20000000000000001,gll,shear,0,represented_polynomial,zz,direct,8.1966104013317656e-13,3.3945405946341059e-13,2.0138113399070789e-11,2.4146449785542394,1.4332870762363052e-12,5.9185925992267802e-13,1.3428939816039542e-12,8.9859025762445546e-13,8.2693566325377432e-15,0,0,0,3.1086244689504383e-15,2.3203661214665772e-14,1.7763568394002505e-15,0.12499999999999921,8,3.1560759038526543e-14,6.3594962629309748e-15,6.6613381477509392e-16,1.0402789740737717e-13,2.3203661214665772e-14,1.3322676295501878e-15,0.067332042031921446,3.0999128221883439,2.2204460492503126e-16,1.9984014443252818e-14,5.3760164722693737e-15
hex,2,2,0.20000000000000001,gll,shear,0,represented_polynomial,zz,fe_geometry,8.2017701868916077e-13,3.3966774659363754e-13,2.0148327450897341e-11,2.4146449785542394,1.4322969826532499e-12,5.9145041227098498e-13,1.3414794553691376e-12,8.9747619092237229e-13,8.2693566325377432e-15,4.8154925486576254e-15,1.9942859473863838e-15,0,3.1086244689504383e-15,2.3203661214665772e-14,1.7763568394002505e-15,0.12499999999999921,8,3.1560759038526543e-14,6.3594962629309748e-15,6.6613381477509392e-16,1.0402789740737717e-13,2.3203661214665772e-14,1.3322676295501878e-15,0.067332042031921446,3.0999128221883439,2.2204460492503126e-16,1.9984014443252818e-14,5.3760164722693737e-15
hex,2,2,0.20000000000000001,gll,shear,0,represented_polynomial,zz,reused,8.1964963030994269e-13,3.3944933420427924e-13,2.0146995183267791e-11,2.4146449785542394,1.4326336577706985e-12,5.9158943835246666e-13,1.342233420611327e-12,8.9826806928527922e-13,8.2693566325377432e-15,3.9114074098749204e-15,1.6198685291686302e-15,0,3.1086244689504383e-15,2.3203661214665772e-14,1.7763568394002505e-15,0.12499999999999921,8,3.1560759038526543e-14,6.3594962629309748e-15,6.6613381477509392e-16,1.0402789740737717e-13,2.3203661214665772e-14,1.3322676295501878e-15,0.067332042031921446,3.0999128221883439,2.2204460492503126e-16,1.9984014443252818e-14,5.3760164722693737e-15
hex,2,2,0.20000000000000001,gll,shear,0,represented_polynomial,zz,reused_centered,8.194259216634172e-13,3.3935668760467039e-13,2.0120793919886637e-11,2.4146449785542394,1.4320572941718232e-12,5.913514356949861e-13,1.3421262188384684e-12,8.9816453171231639e-13,8.2693566325377432e-15,2.5246222005849159e-15,1.0455459179330887e-15,0,3.1086244689504383e-15,2.3203661214665772e-14,1.7763568394002505e-15,0.12499999999999921,8,3.1560759038526543e-14,6.3594962629309748e-15,6.6613381477509392e-16,1.0402789740737717e-13,2.3203661214665772e-14,1.3322676295501878e-15,0.067332042031921446,3.0999128221883439,2.2204460492503126e-16,1.9984014443252818e-14,5.3760164722693737e-15
hex,2,2,0.20000000000000001,gll,shear,0,represented_polynomial,xxx,recursive,1.3146019432165153e-12,nan,5.682652838659407e-12,0,1.6538196760009111e-12,nan,4.4513234974645444e-13,2.9792998022861386e-13,8.2693566325377432e-15,1.3146019432165153e-12,nan,0,3.1086244689504383e-15,2.3203661214665772e-14,1.7763568394002505e-15,0.12499999999999921,8,3.1560759038526543e-14,6.3594962629309748e-15,6.6613381477509392e-16,1.0402789740737717e-13,2.3203661214665772e-14,1.3322676295501878e-15,0.067332042031921446,3.0999128221883439,2.2204460492503126e-16,1.9984014443252818e-14,5.3760164722693737e-15
hex,2,2,0.20000000000000001,gll,shear,0,represented_polynomial,xxx,direct,0,nan,0,0,0,nan,0,0,8.2693566325377432e-15,0,nan,0,3.1086244689504383e-15,2.3203661214665772e-14,1.7763568394002505e-15,0.12499999999999921,8,3.1560759038526543e-14,6.3594962629309748e-15,6.6613381477509392e-16,1.0402789740737717e-13,2.3203661214665772e-14,1.3322676295501878e-15,0.067332042031921446,3.0999128221883439,2.2204460492503126e-16,1.9984014443252818e-14,5.3760164722693737e-15
hex,2,2,0.20000000000000001,gll,shear,0,represented_polynomial,xxx,fe_geometry,1.829152696995279e-14,nan,5.2979589547105542e-14,0,2.1784907710549755e-14,nan,1.5878320819468106e-14,1.1047540038632884e-14,8.2693566325377432e-15,1.829152696995279e-14,nan,0,3.1086244689504383e-15,2.3203661214665772e-14,1.7763568394002505e-15,0.12499999999999921,8,3.1560759038526543e-14,6.3594962629309748e-15,6.6613381477509392e-16,1.0402789740737717e-13,2.3203661214665772e-14,1.3322676295501878e-15,0.067332042031921446,3.0999128221883439,2.2204460492503126e-16,1.9984014443252818e-14,5.3760164722693737e-15
hex,2,2,0.20000000000000001,gll,shear,0,represented_polynomial,xxx,reused,7.2090329750917348e-15,nan,2.1118639885981984e-14,0,7.0413268427153028e-15,nan,2.3803590652721133e-15,1.111607984062998e-15,8.2693566325377432e-15,7.2090329750917348e-15,nan,0,3.1086244689504383e-15,2.3203661214665772e-14,1.7763568394002505e-15,0.12499999999999921,8,3.1560759038526543e-14,6.3594962629309748e-15,6.6613381477509392e-16,1.0402789740737717e-13,2.3203661214665772e-14,1.3322676295501878e-15,0.067332042031921446,3.0999128221883439,2.2204460492503126e-16,1.9984014443252818e-14,5.3760164722693737e-15
hex,2,2,0.20000000000000001,gll,shear,0,represented_polynomial,xxx,reused_centered,6.4317855895380915e-15,nan,1.0783568254621334e-14,0,5.9519188057732999e-15,nan,4.6049120002512961e-15,2.6404065011792777e-15,8.2693566325377432e-15,6.4317855895380915e-15,nan,0,3.1086244689504383e-15,2.3203661214665772e-14,1.7763568394002505e-15,0.12499999999999921,8,3.1560759038526543e-14,6.3594962629309748e-15,6.6613381477509392e-16,1.0402789740737717e-13,2.3203661214665772e-14,1.3322676295501878e-15,0.067332042031921446,3.0999128221883439,2.2204460492503126e-16,1.9984014443252818e-14,5.3760164722693737e-15
hex,2,2,0.20000000000000001,gll,shear,0,represented_polynomial,xxy,recursive,8.7766679952146794e-12,nan,8.2748044083908006e-11,0,1.3666598370006979e-11,nan,1.8477884785989073e-11,1.1914748479810194e-11,8.2693566325377432e-15,2.9640813407294589e-12,0.36615299783472777,0,3.1086244689504383e-15,2.3203661214665772e-14,1.7763568394002505e-15,0.12499999999999921,8,3.1560759038526543e-14,6.3594962629309748e-15,6.6613381477509392e-16,1.0402789740737717e-13,2.3203661214665772e-14,1.3322676295501878e-15,0.067332042031921446,3.0999128221883439,2.2204460492503126e-16,1.9984014443252818e-14,5.3760164722693737e-15
hex,2,2,0.20000000000000001,gll,shear,0,represented_polynomial,xxy,direct,8.0951988875081404e-12,nan,6.8841401112083573e-11,0,1.261756441981933e-11,nan,1.8186760669168411e-11,1.1670449035342344e-11,8.2693566325377432e-15,0,0,0,3.1086244689504383e-15,2.3203661214665772e-14,1.7763568394002505e-15,0.12499999999999921,8,3.1560759038526543e-14,6.3594962629309748e-15,6.6613381477509392e-16,1.0402789740737717e-13,2.3203661214665772e-14,1.3322676295501878e-15,0.067332042031921446,3.0999128221883439,2.2204460492503126e-16,1.9984014443252818e-14,5.3760164722693737e-15
hex,2,2,0.20000000000000001,gll,shear,0,represented_polynomial,xxy,fe_geometry,8.0991764736451446e-12,nan,6.9161611787650972e-11,0,1.2631661139737661e-11,nan,1.8208362715757703e-11,1.1683995219669493e-11,8.2693566325377432e-15,2.856645461807202e-14,0.0035288144263081011,0,3.1086244689504383e-15,2.3203661214665772e-14,1.7763568394002505e-15,0.12499999999999921,8,3.1560759038526543e-14,6.3594962629309748e-15,6.6613381477509392e-16,1.0402789740737717e-13,2.3203661214665772e-14,1.3322676295501878e-15,0.067332042031921446,3.0999128221883439,2.2204460492503126e-16,1.9984014443252818e-14,5.3760164722693737e-15
hex,2,2,0.20000000000000001,gll,shear,0,represented_polynomial,xxy,reused,8.0916456761659439e-12,nan,6.8894552265822165e-11,0,1.2612738851339671e-11,nan,1.8177218491705248e-11,1.1665331481110088e-11,8.2693566325377432e-15,2.2042177240322637e-14,0.0027228703762098238,0,3.1086244689504383e-15,2.3203661214665772e-14,1.7763568394002505e-15,0.12499999999999921,8,3.1560759038526543e-14,6.3594962629309748e-15,6.6613381477509392e-16,1.0402789740737717e-13,2.3203661214665772e-14,1.3322676295501878e-15,0.067332042031921446,3.0999128221883439,2.2204460492503126e-16,1.9984014443252818e-14,5.3760164722693737e-15
hex,2,2,0.20000000000000001,gll,shear,0,represented_polynomial,xxy,reused_centered,8.0931468614566537e-12,nan,6.8906570994179843e-11,0,1.2616053940501437e-11,nan,1.8179266532807232e-11,1.1665593968182362e-11,8.2693566325377432e-15,1.8620611616849697e-14,0.0023002043403261563,0,3.1086244689504383e-15,2.3203661214665772e-14,1.7763568394002505e-15,0.12499999999999921,8,3.1560759038526543e-14,6.3594962629309748e-15,6.6613381477509392e-16,1.0402789740737717e-13,2.3203661214665772e-14,1.3322676295501878e-15,0.067332042031921446,3.0999128221883439,2.2204460492503126e-16,1.9984014443252818e-14,5.3760164722693737e-15
hex,2,2,0.20000000000000001,gll,shear,0,represented_polynomial,xxz,recursive,9.963502401255511e-12,nan,1.2612843369499209e-10,0,1.6543003430510693e-11,nan,2.1602788139139193e-11,1.3088991621042668e-11,8.2693566325377432e-15,2.2880708303560636e-12,0.24484413701825938,0,3.1086244689504383e-15,2.3203661214665772e-14,1.7763568394002505e-15,0.12499999999999921,8,3.1560759038526543e-14,6.3594962629309748e-15,6.6613381477509392e-16,1.0402789740737717e-13,2.3203661214665772e-14,1.3322676295501878e-15,0.067332042031921446,3.0999128221883439,2.2204460492503126e-16,1.9984014443252818e-14,5.3760164722693737e-15
hex,2,2,0.20000000000000001,gll,shear,0,represented_polynomial,xxz,direct,9.3450096793023467e-12,nan,1.0747926152664188e-10,0,1.537516774178251e-11,nan,2.0613844908790216e-11,1.2394110991049572e-11,8.2693566325377432e-15,0,0,0,3.1086244689504383e-15,2.3203661214665772e-14,1.7763568394002505e-15,0.12499999999999921,8,3.1560759038526543e-14,6.3594962629309748e-15,6.6613381477509392e-16,1.0402789740737717e-13,2.3203661214665772e-14,1.3322676295501878e-15,0.067332042031921446,3.0999128221883439,2.2204460492503126e-16,1.9984014443252818e-14,5.3760164722693737e-15
hex,2,2,0.20000000000000001,gll,shear,0,represented_polynomial,xxz,fe_geometry,9.3411068922105381e-12,nan,1.0754432786808444e-10,0,1.5373740886688592e-11,nan,2.0606665329717657e-11,1.2381766177351207e-11,8.2693566325377432e-15,2.8425710550116047e-14,0.0030418064320547797,0,3.1086244689504383e-15,2.3203661214665772e-14,1.7763568394002505e-15,0.12499999999999921,8,3.1560759038526543e-14,6.3594962629309748e-15,6.6613381477509392e-16,1.0402789740737717e-13,2.3203661214665772e-14,1.3322676295501878e-15,0.067332042031921446,3.0999128221883439,2.2204460492503126e-16,1.9984014443252818e-14,5.3760164722693737e-15
hex,2,2,0.20000000000000001,gll,shear,0,represented_polynomial,xxz,reused,9.3444920686299801e-12,nan,1.0743059969666386e-10,0,1.5372849814809688e-11,nan,2.0612078142092147e-11,1.239000731816365e-11,8.2693566325377432e-15,1.3108971300552412e-14,0.001402777712428337,0,3.1086244689504383e-15,2.3203661214665772e-14,1.7763568394002505e-15,0.12499999999999921,8,3.1560759038526543e-14,6.3594962629309748e-15,6.6613381477509392e-16,1.0402789740737717e-13,2.3203661214665772e-14,1.3322676295501878e-15,0.067332042031921446,3.0999128221883439,2.2204460492503126e-16,1.9984014443252818e-14,5.3760164722693737e-15
hex,2,2,0.20000000000000001,gll,shear,0,represented_polynomial,xxz,reused_centered,9.3460692318231143e-12,nan,1.0747578574390643e-10,0,1.5375637793578059e-11,nan,2.0614295343773931e-11,1.2390117586378946e-11,8.2693566325377432e-15,9.4826837010796751e-15,0.00101473235732246,0,3.1086244689504383e-15,2.3203661214665772e-14,1.7763568394002505e-15,0.12499999999999921,8,3.1560759038526543e-14,6.3594962629309748e-15,6.6613381477509392e-16,1.0402789740737717e-13,2.3203661214665772e-14,1.3322676295501878e-15,0.067332042031921446,3.0999128221883439,2.2204460492503126e-16,1.9984014443252818e-14,5.3760164722693737e-15
hex,2,2,0.20000000000000001,gll,shear,0,represented_polynomial,xyy,recursive,8.7470468399692963e-12,1.0933808549961584e-11,1.0065792643842997e-10,0.80000000000000271,1.3790289645656823e-11,1.7237862057070894e-11,1.8317008122534671e-11,1.1532102299078988e-11,8.2693566325377432e-15,2.2128116649342757e-12,2.76601458116859e-12,0,3.1086244689504383e-15,2.3203661214665772e-14,1.7763568394002505e-15,0.12499999999999921,8,3.1560759038526543e-14,6.3594962629309748e-15,6.6613381477509392e-16,1.0402789740737717e-13,2.3203661214665772e-14,1.3322676295501878e-15,0.067332042031921446,3.0999128221883439,2.2204460492503126e-16,1.9984014443252818e-14,5.3760164722693737e-15
hex,2,2,0.20000000000000001,gll,shear,0,represented_polynomial,xyy,direct,8.483790555758636e-12,1.0604738194698258e-11,9.8808738968614307e-11,0.80000000000000271,1.3329124669077419e-11,1.6661405836346647e-11,1.8372296184388069e-11,1.1730541343744356e-11,8.2693566325377432e-15,0,0,0,3.1086244689504383e-15,2.3203661214665772e-14,1.7763568394002505e-15,0.12499999999999921,8,3.1560759038526543e-14,6.3594962629309748e-15,6.6613381477509392e-16,1.0402789740737717e-13,2.3203661214665772e-14,1.3322676295501878e-15,0.067332042031921446,3.0999128221883439,2.2204460492503126e-16,1.9984014443252818e-14,5.3760164722693737e-15
hex,2,2,0.20000000000000001,gll,shear,0,represented_polynomial,xyy,fe_geometry,8.4871181630275599e-12,1.0608897703784414e-11,9.9328878455651193e-11,0.80000000000000271,1.3344181522050147e-11,1.6680226902562553e-11,1.8407014655008053e-11,1.1748408286141528e-11,8.2693566325377432e-15,3.3257367801830387e-14,4.1571709752299185e-14,0,3.1086244689504383e-15,2.3203661214665772e-14,1.7763568394002505e-15,0.12499999999999921,8,3.1560759038526543e-14,6.3594962629309748e-15,6.6613381477509392e-16,1.0402789740737717e-13,2.3203661214665772e-14,1.3322676295501878e-15,0.067332042031921446,3.0999128221883439,2.2204460492503126e-16,1.9984014443252818e-14,5.3760164722693737e-15
hex,2,2,0.20000000000000001,gll,shear,0,represented_polynomial,xyy,reused,8.4794263144044176e-12,1.0599282893005486e-11,9.8878905063770617e-11,0.80000000000000271,1.3324456682953179e-11,1.6655570853691346e-11,1.8359148617936663e-11,1.172164311438219e-11,8.2693566325377432e-15,2.4092024884509775e-14,3.0115031105645332e-14,0,3.1086244689504383e-15,2.3203661214665772e-14,1.7763568394002505e-15,0.12499999999999921,8,3.1560759038526543e-14,6.3594962629309748e-15,6.6613381477509392e-16,1.0402789740737717e-13,2.3203661214665772e-14,1.3322676295501878e-15,0.067332042031921446,3.0999128221883439,2.2204460492503126e-16,1.9984014443252818e-14,5.3760164722693737e-15
hex,2,2,0.20000000000000001,gll,shear,0,represented_polynomial,xyy,reused_centered,8.4809861030338755e-12,1.0601232628792307e-11,9.8915431401280784e-11,0.80000000000000271,1.3328250672212749e-11,1.6660313340265808e-11,1.8366519714820858e-11,1.1726113126035626e-11,8.2693566325377432e-15,2.1452416357065882e-14,2.6815520446339578e-14,0,3.1086244689504383e-15,2.3203661214665772e-14,1.7763568394002505e-15,0.12499999999999921,8,3.1560759038526543e-14,6.3594962629309748e-15,6.6613381477509392e-16,1.0402789740737717e-13,2.3203661214665772e-14,1.3322676295501878e-15,0.067332042031921446,3.0999128221883439,2.2204460492503126e-16,1.9984014443252818e-14,5.3760164722693737e-15
hex,2,2,0.20000000000000001,gll,shear,0,represented_polynomial,xyz,recursive,1.6693489721715553e-11,1.6653569003620499e-11,2.8966562481969049e-10,1.0023971268913214,2.8829886683276183e-11,2.8749471074457702e-11,3.9465050914614378e-11,2.0007320045645491e-11,8.2693566325377432e-15,2.9804494607709546e-12,2.9733220305748581e-12,0,3.1086244689504383e-15,2.3203661214665772e-14,1.7763568394002505e-15,0.12499999999999921,8,3.1560759038526543e-14,6.3594962629309748e-15,6.6613381477509392e-16,1.0402789740737717e-13,2.3203661214665772e-14,1.3322676295501878e-15,0.067332042031921446,3.0999128221883439,2.2204460492503126e-16,1.9984014443252818e-14,5.3760164722693737e-15
hex,2,2,0.20000000000000001,gll,shear,0,represented_polynomial,xyz,direct,1.568730919093709e-11,1.5649794647344283e-11,2.6466673297420584e-10,1.0023971268913214,2.6949434421749316e-11,2.6874263984898589e-11,3.6262071206498996e-11,1.9191449870383413e-11,8.2693566325377432e-15,0,0,0,3.1086244689504383e-15,2.3203661214665772e-14,1.7763568394002505e-15,0.12499999999999921,8,3.1560759038526543e-14,6.3594962629309748e-15,6.6613381477509392e-16,1.0402789740737717e-13,2.3203661214665772e-14,1.3322676295501878e-15,0.067332042031921446,3.0999128221883439,2.2204460492503126e-16,1.9984014443252818e-14,5.3760164722693737e-15
hex,2,2,0.20000000000000001,gll,shear,0,represented_polynomial,xyz,fe_geometry,1.5696586278431238e-11,1.5659049549663208e-11,2.6488944371294565e-10,1.0023971268913214,2.6966087537480062e-11,2.6890870649859173e-11,3.6286511286223944e-11,1.9205929293103246e-11,8.2693566325377432e-15,2.6459357858945085e-14,2.639608309832412e-14,0,3.1086244689504383e-15,2.3203661214665772e-14,1.7763568394002505e-15,0.12499999999999921,8,3.1560759038526543e-14,6.3594962629309748e-15,6.6613381477509392e-16,1.0402789740737717e-13,2.3203661214665772e-14,1.3322676295501878e-15,0.067332042031921446,3.0999128221883439,2.2204460492503126e-16,1.9984014443252818e-14,5.3760164722693737e-15
hex,2,2,0.20000000000000001,gll,shear,0,represented_polynomial,xyz,reused,1.568149121658466e-11,1.5643990586063228e-11,2.6453794710334932e-10,1.0023971268913214,2.6939242740910587e-11,2.6864100731858713e-11,3.6244861057120263e-11,1.9182769789120279e-11,8.2693566325377432e-15,1.3027973527439892e-14,1.29968185043014e-14,0,3.1086244689504383e-15,2.3203661214665772e-14,1.7763568394002505e-15,0.12499999999999921,8,3.1560759038526543e-14,6.3594962629309748e-15,6.6613381477509392e-16,1.0402789740737717e-13,2.3203661214665772e-14,1.3322676295501878e-15,0.067332042031921446,3.0999128221883439,2.2204460492503126e-16,1.9984014443252818e-14,5.3760164722693737e-15
hex,2,2,0.20000000000000001,gll,shear,0,represented_polynomial,xyz,reused_centered,1.568588665431665e-11,1.5648375512569974e-11,2.6463231606044246e-10,1.0023971268913214,2.694687481921305e-11,2.6871711521897716e-11,3.6258548550015875e-11,1.9187374600418877e-11,8.2693566325377432e-15,9.1349641239760298e-15,9.1131188217843784e-15,0,3.1086244689504383e-15,2.3203661214665772e-14,1.7763568394002505e-15,0.12499999999999921,8,3.1560759038526543e-14,6.3594962629309748e-15,6.6613381477509392e-16,1.0402789740737717e-13,2.3203661214665772e-14,1.3322676295501878e-15,0.067332042031921446,3.0999128221883439,2.2204460492503126e-16,1.9984014443252818e-14,5.3760164722693737e-15
hex,2,2,0.20000000000000001,gll,shear,0,represented_polynomial,xzz,recursive,1.0312602377868895e-11,3.3169131083559242e-11,1.7619228298570988e-10,0.31090963317337206,1.7311706270537186e-11,5.2415075649379993e-11,2.1177414376671838e-11,1.2991384256241691e-11,8.2693566325377432e-15,1.7935530404373932e-12,5.7687277879786097e-12,0,3.1086244689504383e-15,2.3203661214665772e-14,1.7763568394002505e-15,0.12499999999999921,8,3.1560759038526543e-14,6.3594962629309748e-15,6.6613381477509392e-16,1.0402789740737717e-13,2.3203661214665772e-14,1.3322676295501878e-15,0.067332042031921446,3.0999128221883439,2.2204460492503126e-16,1.9984014443252818e-14,5.3760164722693737e-15
hex,2,2,0.20000000000000001,gll,shear,0,represented_polynomial,xzz,direct,1.0112527476421825e-11,3.2525616441040901e-11,1.8555446068546644e-10,0.31090963317337206,1.6906792924159952e-11,5.1189109626728212e-11,2.0264849675860325e-11,1.2460993455213365e-11,8.2693566325377432e-15,0,0,0,3.1086244689504383e-15,2.3203661214665772e-14,1.7763568394002505e-15,0.12499999999999921,8,3.1560759038526543e-14,6.3594962629309748e-15,6.6613381477509392e-16,1.0402789740737717e-13,2.3203661214665772e-14,1.3322676295501878e-15,0.067332042031921446,3.0999128221883439,2.2204460492503126e-16,1.9984014443252818e-14,5.3760164722693737e-15
hex,2,2,0.20000000000000001,gll,shear,0,represented_polynomial,xzz,fe_geometry,1.0109855924577735e-11,3.2517023745417992e-11,1.8568124815487863e-10,0.31090963317337206,1.6907372097372553e-11,5.1190863203601461e-11,2.0279937667269106e-11,1.2458038072069665e-11,8.2693566325377432e-15,2.63141330319655e-14,8.4635952779543123e-14,0,3.1086244689504383e-15,2.3203661214665772e-14,1.7763568394002505e-15,0.12499999999999921,8,3.1560759038526543e-14,6.3594962629309748e-15,6.6613381477509392e-16,1.0402789740737717e-13,2.3203661214665772e-14,1.3322676295501878e-15,0.067332042031921446,3.0999128221883439,2.2204460492503126e-16,1.9984014443252818e-14,5.3760164722693737e-15
hex,2,2,0.20000000000000001,gll,shear,0,represented_polynomial,xzz,reused,1.0111307144737769e-11,3.2521691404458402e-11,1.8549239921838989e-10,0.31090963317337206,1.6903325212212625e-11,5.1178610350619383e-11,2.0258566131318075e-11,1.2454558983397244e-11,8.2693566325377432e-15,1.1790045630804465e-14,3.792113325813385e-14,0,3.1086244689504383e-15,2.3203661214665772e-14,1.7763568394002505e-15,0.12499999999999921,8,3.1560759038526543e-14,6.3594962629309748e-15,6.6613381477509392e-16,1.0402789740737717e-13,2.3203661214665772e-14,1.3322676295501878e-15,0.067332042031921446,3.0999128221883439,2.2204460492503126e-16,1.9984014443252818e-14,5.3760164722693737e-15
hex,2,2,0.20000000000000001,gll,shear,0,represented_polynomial,xzz,reused_centered,1.0113605321340622e-11,3.252908318765726e-11,1.8554069391996109e-10,0.31090963317337206,1.6907496569851598e-11,5.1191240071964621e-11,2.0262905058728602e-11,1.245910640957787e-11,8.2693566325377432e-15,9.3632176848830225e-15,3.0115559911462165e-14,0,3.1086244689504383e-15,2.3203661214665772e-14,1.7763568394002505e-15,0.12499999999999921,8,3.1560759038526543e-14,6.3594962629309748e-15,6.6613381477509392e-16,1.0402789740737717e-13,2.3203661214665772e-14,1.3322676295501878e-15,0.067332042031921446,3.0999128221883439,2.2204460492503126e-16,1.9984014443252818e-14,5.3760164722693737e-15
hex,2,2,0.20000000000000001,gll,shear,0,represented_polynomial,yyy,recursive,4.0104582257778305e-12,5.3745781678746958e-12,7.4048545073424066e-11,0.74619032424710496,6.5105630550386994e-12,8.4775348622187757e-12,7.2599691088897877e-12,3.7467691596501169e-12,8.2693566325377432e-15,2.4782099926015457e-12,3.3211499962861475e-12,0,3.1086244689504383e-15,2.3203661214665772e-14,1.7763568394002505e-15,0.12499999999999921,8,3.1560759038526543e-14,6.3594962629309748e-15,6.6613381477509392e-16,1.0402789740737717e-13,2.3203661214665772e-14,1.3322676295501878e-15,0.067332042031921446,3.0999128221883439,2.2204460492503126e-16,1.9984014443252818e-14,5.3760164722693737e-15
hex,2,2,0.20000000000000001,gll,shear,0,represented_polynomial,yyy,direct,3.8936849611897536e-12,5.218085567001186e-12,7.2494454883553772e-11,0.74619032424710496,6.5445848409966539e-12,8.5218353127474426e-12,8.1311472700805721e-12,4.2703048874420494e-12,8.2693566325377432e-15,0,0,0,3.1086244689504383e-15,2.3203661214665772e-14,1.7763568394002505e-15,0.12499999999999921,8,3.1560759038526543e-14,6.3594962629309748e-15,6.6613381477509392e-16,1.0402789740737717e-13,2.3203661214665772e-14,1.3322676295501878e-15,0.067332042031921446,3.0999128221883439,2.2204460492503126e-16,1.9984014443252818e-14,5.3760164722693737e-15
hex,2,2,0.20000000000000001,gll,shear,0,represented_polynomial,yyy,fe_geometry,3.8960074748247466e-12,5.2211980619766957e-12,7.2924555283293557e-11,0.74619032424710496,6.5547357885453123e-12,8.5350530653443856e-12,8.1545266241163696e-12,4.2778884633554259e-12,8.2693566325377432e-15,1.9954972513416429e-14,2.6742470204977013e-14,0,3.1086244689504383e-15,2.3203661214665772e-14,1.7763568394002505e-15,0.12499999999999921,8,3.1560759038526543e-14,6.3594962629309748e-15,6.6613381477509392e-16,1.0402789740737717e-13,2.3203661214665772e-14,1.3322676295501878e-15,0.067332042031921446,3.0999128221883439,2.2204460492503126e-16,1.9984014443252818e-14,5.3760164722693737e-15
hex,2,2,0.20000000000000001,gll,shear,0,represented_polynomial,yyy,reused,3.8911650143338503e-12,5.2147084837370125e-12,7.2522432503774326e-11,0.74619032424710496,6.54184239274246e-12,8.5182643158173426e-12,8.1248039693847944e-12,4.2663230918499119e-12,8.2693566325377432e-15,1.2007011605016568e-14,1.6091084559604577e-14,0,3.1086244689504383e-15,2.3203661214665772e-14,1.7763568394002505e-15,0.12499999999999921,8,3.1560759038526543e-14,6.3594962629309748e-15,6.6613381477509392e-16,1.0402789740737717e-13,2.3203661214665772e-14,1.3322676295501878e-15,0.067332042031921446,3.0999128221883439,2.2204460492503126e-16,1.9984014443252818e-14,5.3760164722693737e-15
hex,2,2,0.20000000000000001,gll,shear,0,represented_polynomial,yyy,reused_centered,3.8921089853128839e-12,5.2159735376359436e-12,7.2559958042006656e-11,0.74619032424710496,6.5439264280198102e-12,8.5209779799917732e-12,8.1284846841587639e-12,4.2678136083142458e-12,8.2693566325377432e-15,1.0750500399079988e-14,1.4407182792043294e-14,0,3.1086244689504383e-15,2.3203661214665772e-14,1.7763568394002505e-15,0.12499999999999921,8,3.1560759038526543e-14,6.3594962629309748e-15,6.6613381477509392e-16,1.0402789740737717e-13,2.3203661214665772e-14,1.3322676295501878e-15,0.067332042031921446,3.0999128221883439,2.2204460492503126e-16,1.9984014443252818e-14,5.3760164722693737e-15
hex,2,2,0.20000000000000001,gll,shear,0,represented_polynomial,yyz,recursive,1.1405182110592801e-11,2.7117098450971103e-11,2.2695456625143606e-10,0.42059006169903712,1.9052143946709937e-11,4.2540984502899926e-11,2.3315580854488728e-11,1.3353772534540031e-11,8.2693566325377432e-15,3.5589986083821868e-12,8.4619179873311178e-12,0,3.1086244689504383e-15,2.3203661214665772e-14,1.7763568394002505e-15,0.12499999999999921,8,3.1560759038526543e-14,6.3594962629309748e-15,6.6613381477509392e-16,1.0402789740737717e-13,2.3203661214665772e-14,1.3322676295501878e-15,0.067332042031921446,3.0999128221883439,2.2204460492503126e-16,1.9984014443252818e-14,5.3760164722693737e-15
hex,2,2,0.20000000000000001,gll,shear,0,represented_polynomial,yyz,direct,1.1034489576481187e-11,2.6235735413969838e-11,2.1020962748252714e-10,0.42059006169903712,1.8465514243555884e-11,4.1231115903301876e-11,2.2289902368613543e-11,1.2294859856795619e-11,8.2693566325377432e-15,0,0,0,3.1086244689504383e-15,2.3203661214665772e-14,1.7763568394002505e-15,0.12499999999999921,8,3.1560759038526543e-14,6.3594962629309748e-15,6.6613381477509392e-16,1.0402789740737717e-13,2.3203661214665772e-14,1.3322676295501878e-15,0.067332042031921446,3.0999128221883439,2.2204460492503126e-16,1.9984014443252818e-14,5.3760164722693737e-15
hex,2,2,0.20000000000000001,gll,shear,0,represented_polynomial,yyz,fe_geometry,1.1040731845871101e-11,2.6250577108908367e-11,2.1050539089628728e-10,0.42059006169903712,1.8477177211185617e-11,4.1257157808432456e-11,2.2287521881188332e-11,1.229855762351078e-11,8.2693566325377432e-15,2.4264346294828467e-14,5.7691202204873503e-14,0,3.1086244689504383e-15,2.3203661214665772e-14,1.7763568394002505e-15,0.12499999999999921,8,3.1560759038526543e-14,6.3594962629309748e-15,6.6613381477509392e-16,1.0402789740737717e-13,2.3203661214665772e-14,1.3322676295501878e-15,0.067332042031921446,3.0999128221883439,2.2204460492503126e-16,1.9984014443252818e-14,5.3760164722693737e-15
hex,2,2,0.20000000000000001,gll,shear,0,represented_polynomial,yyz,reused,1.1025300536395203e-11,2.6213887441507381e-11,2.0997514837972631e-10,0.42059006169903712,1.8451788662041406e-11,4.1200468446924582e-11,2.2270941317868134e-11,1.2285070389550854e-11,8.2693566325377432e-15,2.1311288612306834e-14,5.0669976666177615e-14,0,3.1086244689504383e-15,2.3203661214665772e-14,1.7763568394002505e-15,0.12499999999999921,8,3.1560759038526543e-14,6.3594962629309748e-15,6.6613381477509392e-16,1.0402789740737717e-13,2.3203661214665772e-14,1.3322676295501878e-15,0.067332042031921446,3.0999128221883439,2.2204460492503126e-16,1.9984014443252818e-14,5.3760164722693737e-15
hex,2,2,0.20000000000000001,gll,shear,0,represented_polynomial,yyz,reused_centered,1.1027595771809201e-11,2.6219344620891804e-11,2.1009882722466955e-10,0.42059006169903712,1.8455980345813698e-11,4.1209827937116182e-11,2.2273720972354416e-11,1.2283905307792254e-11,8.2693566325377432e-15,1.4991390262559775e-14,3.5643710177093885e-14,0,3.1086244689504383e-15,2.3203661214665772e-14,1.7763568394002505e-15,0.12499999999999921,8,3.1560759038526543e-14,6.3594962629309748e-15,6.6613381477509392e-16,1.0402789740737717e-13,2.3203661214665772e-14,1.3322676295501878e-15,0.067332042031921446,3.0999128221883439,2.2204460492503126e-16,1.9984014443252818e-14,5.3760164722693737e-15
hex,2,2,0.20000000000000001,gll,shear,0,represented_polynomial,yzz,recursive,0.00025512601928122765,0.00032922653068415066,0.00064740942615926222,0.77492545558543502,0.00044139366838255866,0.00056582764745302335,0.00077807354660889064,0.00044844330139601733,8.2693566325377432e-15,0.00025512601928089871,0.00032922653068351857,0,3.1086244689504383e-15,2.3203661214665772e-14,1.7763568394002505e-15,0.12499999999999921,8,3.1560759038526543e-14,6.3594962629309748e-15,6.6613381477509392e-16,1.0402789740737717e-13,2.3203661214665772e-14,1.3322676295501878e-15,0.067332042031921446,3.0999128221883439,2.2204460492503126e-16,1.9984014443252818e-14,5.3760164722693737e-15
hex,2,2,0.20000000000000001,gll,shear,0,represented_polynomial,yzz,direct,1.0090980837676183e-11,1.3021872962029262e-11,1.8653634192844493e-10,0.77492545558543502,1.6707389774171226e-11,2.1417396143540947e-11,1.9093064114513437e-11,1.2053801698983449e-11,8.2693566325377432e-15,0,0,0,3.1086244689504383e-15,2.3203661214665772e-14,1.7763568394002505e-15,0.12499999999999921,8,3.1560759038526543e-14,6.3594962629309748e-15,6.6613381477509392e-16,1.0402789740737717e-13,2.3203661214665772e-14,1.3322676295501878e-15,0.067332042031921446,3.0999128221883439,2.2204460492503126e-16,1.9984014443252818e-14,5.3760164722693737e-15
hex,2,2,0.20000000000000001,gll,shear,0,represented_polynomial,yzz,fe_geometry,1.0096686858870454e-11,1.3029236278272319e-11,1.8678436575214619e-10,0.77492545558543502,1.6717764874569971e-11,2.1430696104712165e-11,1.9088997044550608e-11,1.205105528880539e-11,8.2693566325377432e-15,1.959947608440852e-14,2.5292079313086051e-14,0,3.1086244689504383e-15,2.3203661214665772e-14,1.7763568394002505e-15,0.12499999999999921,8,3.1560759038526543e-14,6.3594962629309748e-15,6.6613381477509392e-16,1.0402789740737717e-13,2.3203661214665772e-14,1.3322676295501878e-15,0.067332042031921446,3.0999128221883439,2.2204460492503126e-16,1.9984014443252818e-14,5.3760164722693737e-15
hex,2,2,0.20000000000000001,gll,shear,0,represented_polynomial,yzz,reused,1.0083379462067924e-11,1.3012063791929773e-11,1.863720289208004e-10,0.77492545558543502,1.6696103589327439e-11,2.1402928252684512e-11,1.9078433821477497e-11,1.2045476071050337e-11,8.2693566325377432e-15,1.6594776003101359e-14,2.1414673996680102e-14,0,3.1086244689504383e-15,2.3203661214665772e-14,1.7763568394002505e-15,0.12499999999999921,8,3.1560759038526543e-14,6.3594962629309748e-15,6.6613381477509392e-16,1.0402789740737717e-13,2.3203661214665772e-14,1.3322676295501878e-15,0.067332042031921446,3.0999128221883439,2.2204460492503126e-16,1.9984014443252818e-14,5.3760164722693737e-15
hex,2,2,0.20000000000000001,gll,shear,0,represented_polynomial,yzz,reused_centered,1.0083596794381608e-11,1.301234424769764e-11,1.8641399535113123e-10,0.77492545558543502,1.669655304551462e-11,2.1403504415768039e-11,1.907751810615905e-11,1.2044717715980634e-11,8.2693566325377432e-15,1.4160497026448236e-14,1.8273366714662173e-14,0,3.1086244689504383e-15,2.3203661214665772e-14,1.7763568394002505e-15,0.12499999999999921,8,3.1560759038526543e-14,6.3594962629309748e-15,6.6613381477509392e-16,1.0402789740737717e-13,2.3203661214665772e-14,1.3322676295501878e-15,0.067332042031921446,3.0999128221883439,2.2204460492503126e-16,1.9984014443252818e-14,5.3760164722693737e-15
hex,2,2,0.20000000000000001,gll,shear,0,represented_polynomial,zzz,recursive,0.0022107349209601443,0.0037254172391206286,0.01100473529897994,0.59341941561476763,0.0036981584275271786,0.0060083518393357401,0.00012855884848694444,6.7266496126880222e-05,8.2693566325377432e-15,0.0022107349208675339,0.0037254172389643357,0,3.1086244689504383e-15,2.3203661214665772e-14,1.7763568394002505e-15,0.12499999999999921,8,3.1560759038526543e-14,6.3594962629309748e-15,6.6613381477509392e-16,1.0402789740737717e-13,2.3203661214665772e-14,1.3322676295501878e-15,0.067332042031921446,3.0999128221883439,2.2204460492503126e-16,1.9984014443252818e-14,5.3760164722693737e-15
hex,2,2,0.20000000000000001,gll,shear,0,represented_polynomial,zzz,direct,3.4329089655368147e-12,5.7849623305304344e-12,9.6326502330157382e-11,0.59341941561476763,6.043393168486321e-12,9.818625451366489e-12,6.5279527100275453e-12,3.5177061031240234e-12,8.2693566325377432e-15,0,0,0,3.1086244689504383e-15,2.3203661214665772e-14,1.7763568394002505e-15,0.12499999999999921,8,3.1560759038526543e-14,6.3594962629309748e-15,6.6613381477509392e-16,1.0402789740737717e-13,2.3203661214665772e-14,1.3322676295501878e-15,0.067332042031921446,3.0999128221883439,2.2204460492503126e-16,1.9984014443252818e-14,5.3760164722693737e-15
hex,2,2,0.20000000000000001,gll,shear,0,represented_polynomial,zzz,fe_geometry,3.435279373639472e-12,5.7889568208357464e-12,9.6443741881557798e-11,0.59341941561476763,6.0476824463860238e-12,9.8255941876343215e-12,6.5246455609201795e-12,3.5169911782124482e-12,8.2693566325377432e-15,8.5643780081024055e-15,1.4432251090452435e-14,0,3.1086244689504383e-15,2.3203661214665772e-14,1.7763568394002505e-15,0.12499999999999921,8,3.1560759038526543e-14,6.3594962629309748e-15,6.6613381477509392e-16,1.0402789740737717e-13,2.3203661214665772e-14,1.3322676295501878e-15,0.067332042031921446,3.0999128221883439,2.2204460492503126e-16,1.9984014443252818e-14,5.3760164722693737e-15
hex,2,2,0.20000000000000001,gll,shear,0,represented_polynomial,zzz,reused,3.4309147753304145e-12,5.7816018233513181e-12,9.6259222814865097e-11,0.59341941561476763,6.0401426193708631e-12,9.813344324789722e-12,6.5218803778591032e-12,3.5144205249998217e-12,8.2693566325377432e-15,6.2373217871230525e-15,1.0510815155350046e-14,0,3.1086244689504383e-15,2.3203661214665772e-14,1.7763568394002505e-15,0.12499999999999921,8,3.1560759038526543e-14,6.3594962629309748e-15,6.6613381477509392e-16,1.0402789740737717e-13,2.3203661214665772e-14,1.3322676295501878e-15,0.067332042031921446,3.0999128221883439,2.2204460492503126e-16,1.9984014443252818e-14,5.3760164722693737e-15
hex,2,2,0.20000000000000001,gll,shear,0,represented_polynomial,zzz,reused_centered,3.4306736898603062e-12,5.7811955584672173e-12,9.6249896941458246e-11,0.59341941561476763,6.0393901586765085e-12,9.8121218112912995e-12,6.5218025607560943e-12,3.514363450750031e-12,8.2693566325377432e-15,5.2679937998664e-15,8.8773532871494692e-15,0,3.1086244689504383e-15,2.3203661214665772e-14,1.7763568394002505e-15,0.12499999999999921,8,3.1560759038526543e-14,6.3594962629309748e-15,6.6613381477509392e-16,1.0402789740737717e-13,2.3203661214665772e-14,1.3322676295501878e-15,0.067332042031921446,3.0999128221883439,2.2204460492503126e-16,1.9984014443252818e-14,5.3760164722693737e-15
hex,2,2,0.20000000000000001,gll,shear,0,sine,x,recursive,0.059506680094506374,0.041704969773858694,0.25315964977463556,1.4268486565791989,0.099153612674520025,0.069765936679169402,0.065826620812202294,0.047696302459394595,0.008391135440092113,1.6626186062981301e-14,1.1473623416028644e-14,0,3.1086244689504383e-15,2.3203661214665772e-14,1.7763568394002505e-15,0.12499999999999921,8,3.1560759038526543e-14,6.3594962629309748e-15,6.6613381477509392e-16,1.0402789740737717e-13,2.3203661214665772e-14,1.3322676295501878e-15,0.067332042031921446,3.0999128221883439,2.2204460492503126e-16,1.9984014443252818e-14,5.3760164722693737e-15
hex,2,2,0.20000000000000001,gll,shear,0,sine,x,direct,0.059506680094504424,0.041704969773857327,0.25315964977459582,1.4268486565791989,0.099153612674519859,0.069765936679169277,0.065826620812201295,0.047696302459396302,0.008391135440092113,0,0,0,3.1086244689504383e-15,2.3203661214665772e-14,1.7763568394002505e-15,0.12499999999999921,8,3.1560759038526543e-14,6.3594962629309748e-15,6.6613381477509392e-16,1.0402789740737717e-13,2.3203661214665772e-14,1.3322676295501878e-15,0.067332042031921446,3.0999128221883439,2.2204460492503126e-16,1.9984014443252818e-14,5.3760164722693737e-15
hex,2,2,0.20000000000000001,gll,shear,0,sine,x,fe_geometry,0.059506680094504459,0.041704969773857348,0.25315964977460248,1.4268486565791989,0.099153612674519928,0.069765936679169333,0.065826620812201364,0.047696302459396406,0.008391135440092113,7.4801698594604176e-16,5.1620168167411458e-16,0,3.1086244689504383e-15,2.3203661214665772e-14,1.7763568394002505e-15,0.12499999999999921,8,3.1560759038526543e-14,6.3594962629309748e-15,6.6613381477509392e-16,1.0402789740737717e-13,2.3203661214665772e-14,1.3322676295501878e-15,0.067332042031921446,3.0999128221883439,2.2204460492503126e-16,1.9984014443252818e-14,5.3760164722693737e-15
hex,2,2,0.20000000000000001,gll,shear,0,sine,x,reused,0.059506680094504411,0.04170496977385732,0.25315964977459537,1.4268486565791989,0.099153612674519748,0.069765936679169194,0.065826620812201059,0.047696302459396135,0.008391135440092113,5.548582419867901e-16,3.8290408237465441e-16,0,3.1086244689504383e-15,2.3203661214665772e-14,1.7763568394002505e-15,0.12499999999999921,8,3.1560759038526543e-14,6.3594962629309748e-15,6.6613381477509392e-16,1.0402789740737717e-13,2.3203661214665772e-14,1.3322676295501878e-15,0.067332042031921446,3.0999128221883439,2.2204460492503126e-16,1.9984014443252818e-14,5.3760164722693737e-15
hex,2,2,0.20000000000000001,gll,shear,0,sine,x,reused_centered,0.059506680094504473,0.041704969773857362,0.2531596497745956,1.4268486565791989,0.099153612674519789,0.069765936679169221,0.0658266208122011,0.0476963024593961,0.008391135440092113,5.4336880444312673e-16,3.7497529587253005e-16,0,3.1086244689504383e-15,2.3203661214665772e-14,1.7763568394002505e-15,0.12499999999999921,8,3.1560759038526543e-14,6.3594962629309748e-15,6.6613381477509392e-16,1.0402789740737717e-13,2.3203661214665772e-14,1.3322676295501878e-15,0.067332042031921446,3.0999128221883439,2.2204460492503126e-16,1.9984014443252818e-14,5.3760164722693737e-15
hex,2,2,0.20000000000000001,gll,shear,0,sine,y,recursive,0.20758815889599219,0.096991440046941796,0.81359227171660731,2.1402729848688082,0.33678144863836157,0.15797624572389513,0.28898148762681936,0.15726319147892268,0.008391135440092113,0.0060537059273938435,0.0027378880692588894,0,3.1086244689504383e-15,2.3203661214665772e-14,1.7763568394002505e-15,0.12499999999999921,8,3.1560759038526543e-14,6.3594962629309748e-15,6.6613381477509392e-16,1.0402789740737717e-13,2.3203661214665772e-14,1.3322676295501878e-15,0.067332042031921446,3.0999128221883439,2.2204460492503126e-16,1.9984014443252818e-14,5.3760164722693737e-15
hex,2,2,0.20000000000000001,gll,shear,0,sine,y,direct,0.20771556035610875,0.097050965846228729,0.8391873579888891,2.1402729848688082,0.33712441197282161,0.158137121746663,0.27917181126223289,0.1521546367696649,0.008391135440092113,0,0,0,3.1086244689504383e-15,2.3203661214665772e-14,1.7763568394002505e-15,0.12499999999999921,8,3.1560759038526543e-14,6.3594962629309748e-15,6.6613381477509392e-16,1.0402789740737717e-13,2.3203661214665772e-14,1.3322676295501878e-15,0.067332042031921446,3.0999128221883439,2.2204460492503126e-16,1.9984014443252818e-14,5.3760164722693737e-15
hex,2,2,0.20000000000000001,gll,shear,0,sine,y,fe_geometry,0.20771556035610875,0.097050965846228729,0.83918735798888644,2.1402729848688082,0.33712441197282195,0.15813712174666317,0.27917181126223345,0.15215463676966512,0.008391135440092113,7.5094139234823428e-16,3.3962559521090035e-16,0,3.1086244689504383e-15,2.3203661214665772e-14,1.7763568394002505e-15,0.12499999999999921,8,3.1560759038526543e-14,6.3594962629309748e-15,6.6613381477509392e-16,1.0402789740737717e-13,2.3203661214665772e-14,1.3322676295501878e-15,0.067332042031921446,3.0999128221883439,2.2204460492503126e-16,1.9984014443252818e-14,5.3760164722693737e-15
hex,2,2,0.20000000000000001,gll,shear,0,sine,y,reused,0.20771556035610864,0.097050965846228673,0.839187357988886,2.1402729848688082,0.33712441197282156,0.15813712174666297,0.27917181126223245,0.15215463676966462,0.008391135440092113,8.3112284736306791e-16,3.7588897696314867e-16,0,3.1086244689504383e-15,2.3203661214665772e-14,1.7763568394002505e-15,0.12499999999999921,8,3.1560759038526543e-14,6.3594962629309748e-15,6.6613381477509392e-16,1.0402789740737717e-13,2.3203661214665772e-14,1.3322676295501878e-15,0.067332042031921446,3.0999128221883439,2.2204460492503126e-16,1.9984014443252818e-14,5.3760164722693737e-15
hex,2,2,0.20000000000000001,gll,shear,0,sine,y,reused_centered,0.20771556035610872,0.097050965846228715,0.839187357988886,2.1402729848688082,0.33712441197282172,0.15813712174666306,0.27917181126223295,0.15215463676966484,0.008391135440092113,7.9786363107580457e-16,3.6084694939227827e-16,0,3.1086244689504383e-15,2.3203661214665772e-14,1.7763568394002505e-15,0.12499999999999921,8,3.1560759038526543e-14,6.3594962629309748e-15,6.6613381477509392e-16,1.0402789740737717e-13,2.3203661214665772e-14,1.3322676295501878e-15,0.067332042031921446,3.0999128221883439,2.2204460492503126e-16,1.9984014443252818e-14,5.3760164722693737e-15
hex,2,2,0.20000000000000001,gll,shear,0,sine,z,recursive,0.028983599780349267,0.040626032265869118,0.17261234488442878,0.71342432828959945,0.048171025538221689,0.067787680686975924,0.03886932158060169,0.029211911867623796,0.008391135440092113,0.0012351054935344219,0.0017223515844273683,0,3.1086244689504383e-15,2.3203661214665772e-14,1.7763568394002505e-15,0.12499999999999921,8,3.1560759038526543e-14,6.3594962629309748e-15,6.6613381477509392e-16,1.0402789740737717e-13,2.3203661214665772e-14,1.3322676295501878e-15,0.067332042031921446,3.0999128221883439,2.2204460492503126e-16,1.9984014443252818e-14,5.3760164722693737e-15
hex,2,2,0.20000000000000001,gll,shear,0,sine,z,direct,0.029028876913899954,0.040689496787270053,0.17266308891348092,0.71342432828959945,0.048180552807018759,0.067801087739199101,0.036809261383910656,0.027426392006910976,0.008391135440092113,0,0,0,3.1086244689504383e-15,2.3203661214665772e-14,1.7763568394002505e-15,0.12499999999999921,8,3.1560759038526543e-14,6.3594962629309748e-15,6.6613381477509392e-16,1.0402789740737717e-13,2.3203661214665772e-14,1.3322676295501878e-15,0.067332042031921446,3.0999128221883439,2.2204460492503126e-16,1.9984014443252818e-14,5.3760164722693737e-15
hex,2,2,0.20000000000000001,gll,shear,0,sine,z,fe_geometry,0.029028876913899888,0.040689496787269963,0.17266308891348114,0.71342432828959945,0.048180552807018641,0.067801087739198934,0.036809261383910233,0.027426392006910473,0.008391135440092113,7.6585561844120876e-16,1.0679837833852658e-15,0,3.1086244689504383e-15,2.3203661214665772e-14,1.7763568394002505e-15,0.12499999999999921,8,3.1560759038526543e-14,6.3594962629309748e-15,6.6613381477509392e-16,1.0402789740737717e-13,2.3203661214665772e-14,1.3322676295501878e-15,0.067332042031921446,3.0999128221883439,2.2204460492503126e-16,1.9984014443252818e-14,5.3760164722693737e-15
hex,2,2,0.20000000000000001,gll,shear,0,sine,z,reused,0.02902887691389994,0.040689496787270039,0.1726630889134807,0.71342432828959945,0.04818055280701878,0.067801087739199128,0.036809261383910746,0.027426392006911,0.008391135440092113,5.937244195070995e-16,8.2794724823460816e-16,0,3.1086244689504383e-15,2.3203661214665772e-14,1.7763568394002505e-15,0.12499999999999921,8,3.1560759038526543e-14,6.3594962629309748e-15,6.6613381477509392e-16,1.0402789740737717e-13,2.3203661214665772e-14,1.3322676295501878e-15,0.067332042031921446,3.0999128221883439,2.2204460492503126e-16,1.9984014443252818e-14,5.3760164722693737e-15
hex,2,2,0.20000000000000001,gll,shear,0,sine,z,reused_centered,0.029028876913899923,0.040689496787270012,0.17266308891348037,0.71342432828959945,0.048180552807018696,0.067801087739199004,0.036809261383910552,0.027426392006910851,0.008391135440092113,5.1844759088842236e-16,7.2297389517225072e-16,0,3.1086244689504383e-15,2.3203661214665772e-14,1.7763568394002505e-15,0.12499999999999921,8,3.1560759038526543e-14,6.3594962629309748e-15,6.6613381477509392e-16,1.0402789740737717e-13,2.3203661214665772e-14,1.3322676295501878e-15,0.067332042031921446,3.0999128221883439,2.2204460492503126e-16,1.9984014443252818e-14,5.3760164722693737e-15
hex,2,2,0.20000000000000001,gll,shear,0,sine,xx,recursive,0.81449381087644357,0.29058666001252131,2.0709465384294017,2.8029291187742316,1.0476787439767317,0.37226718660236924,1.5704115814107924,0.87781644048727225,0.008391135440092113,2.1210748914034334e-13,7.7177901623777496e-14,0,3.1086244689504383e-15,2.3203661214665772e-14,1.7763568394002505e-15,0.12499999999999921,8,3.1560759038526543e-14,6.3594962629309748e-15,6.6613381477509392e-16,1.0402789740737717e-13,2.3203661214665772e-14,1.3322676295501878e-15,0.067332042031921446,3.0999128221883439,2.2204460492503126e-16,1.9984014443252818e-14,5.3760164722693737e-15
hex,2,2,0.20000000000000001,gll,shear,0,sine,xx,direct,0.81449381087637873,0.29058666001249817,2.0709465384301473,2.8029291187742316,1.0476787439767423,0.37226718660237296,1.5704115814106789,0.87781644048722218,0.008391135440092113,0,0,0,3.1086244689504383e-15,2.3203661214665772e-14,1.7763568394002505e-15,0.12499999999999921,8,3.1560759038526543e-14,6.3594962629309748e-15,6.6613381477509392e-16,1.0402789740737717e-13,2.3203661214665772e-14,1.3322676295501878e-15,0.067332042031921446,3.0999128221883439,2.2204460492503126e-16,1.9984014443252818e-14,5.3760164722693737e-15
hex,2,2,0.20000000000000001,gll,shear,0,sine,xx,fe_geometry,0.81449381087637884,0.29058666001249822,2.0709465384301491,2.8029291187742316,1.0476787439767419,0.37226718660237285,1.5704115814106832,0.87781644048722385,0.008391135440092113,5.8691346110583318e-15,2.1355563420453126e-15,0,3.1086244689504383e-15,2.3203661214665772e-14,1.7763568394002505e-15,0.12499999999999921,8,3.1560759038526543e-14,6.3594962629309748e-15,6.6613381477509392e-16,1.0402789740737717e-13,2.3203661214665772e-14,1.3322676295501878e-15,0.067332042031921446,3.0999128221883439,2.2204460492503126e-16,1.9984014443252818e-14,5.3760164722693737e-15
hex,2,2,0.20000000000000001,gll,shear,0,sine,xx,reused,0.81449381087637818,0.29058666001249794,2.0709465384301469,2.8029291187742316,1.0476787439767412,0.37226718660237262,1.5704115814106785,0.87781644048722163,0.008391135440092113,2.7675254545934856e-15,1.0069979525078941e-15,0,3.1086244689504383e-15,2.3203661214665772e-14,1.7763568394002505e-15,0.12499999999999921,8,3.1560759038526543e-14,6.3594962629309748e-15,6.6613381477509392e-16,1.0402789740737717e-13,2.3203661214665772e-14,1.3322676295501878e-15,0.067332042031921446,3.0999128221883439,2.2204460492503126e-16,1.9984014443252818e-14,5.3760164722693737e-15
hex,2,2,0.20000000000000001,gll,shear,0,sine,xx,reused_centered,0.81449381087637962,0.29058666001249844,2.0709465384301415,2.8029291187742316,1.0476787439767421,0.37226718660237296,1.5704115814106805,0.87781644048722252,0.008391135440092113,2.5129563942655922e-15,9.1436988937786517e-16,0,3.1086244689504383e-15,2.3203661214665772e-14,1.7763568394002505e-15,0.12499999999999921,8,3.1560759038526543e-14,6.3594962629309748e-15,6.6613381477509392e-16,1.0402789740737717e-13,2.3203661214665772e-14,1.3322676295501878e-15,0.067332042031921446,3.0999128221883439,2.2204460492503126e-16,1.9984014443252818e-14,5.3760164722693737e-15
hex,2,2,0.20000000000000001,gll,shear,0,sine,xy,recursive,0.45556433016309517,0.10835434667533773,2.41224282914437,4.2043936781613676,0.76490516509706907,0.18119364386291881,0.75306362786847181,0.49424342056054904,0.008391135440092113,0.011280700951519777,0.0025580198417921858,0,3.1086244689504383e-15,2.3203661214665772e-14,1.7763568394002505e-15,0.12499999999999921,8,3.1560759038526543e-14,6.3594962629309748e-15,6.6613381477509392e-16,1.0402789740737717e-13,2.3203661214665772e-14,1.3322676295501878e-15,0.067332042031921446,3.0999128221883439,2.2204460492503126e-16,1.9984014443252818e-14,5.3760164722693737e-15
hex,2,2,0.20000000000000001,gll,shear,0,sine,xy,direct,0.45603138245191721,0.10846543339189522,2.4578173045247276,4.2043936781613676,0.76607029475301236,0.18146964420592385,0.74677792016295452,0.49351057041527846,0.008391135440092113,0,0,0,3.1086244689504383e-15,2.3203661214665772e-14,1.7763568394002505e-15,0.12499999999999921,8,3.1560759038526543e-14,6.3594962629309748e-15,6.6613381477509392e-16,1.0402789740737717e-13,2.3203661214665772e-14,1.3322676295501878e-15,0.067332042031921446,3.0999128221883439,2.2204460492503126e-16,1.9984014443252818e-14,5.3760164722693737e-15
hex,2,2,0.20000000000000001,gll,shear,0,sine,xy,fe_geometry,0.45603138245191782,0.10846543339189536,2.4578173045247187,4.2043936781613676,0.76607029475301391,0.18146964420592421,0.74677792016295474,0.49351057041527896,0.008391135440092113,4.7007632286251682e-15,1.0659484425717599e-15,0,3.1086244689504383e-15,2.3203661214665772e-14,1.7763568394002505e-15,0.12499999999999921,8,3.1560759038526543e-14,6.3594962629309748e-15,6.6613381477509392e-16,1.0402789740737717e-13,2.3203661214665772e-14,1.3322676295501878e-15,0.067332042031921446,3.0999128221883439,2.2204460492503126e-16,1.9984014443252818e-14,5.3760164722693737e-15
hex,2,2,0.20000000000000001,gll,shear,0,sine,xy,reused,0.4560313824519176,0.10846543339189532,2.4578173045247302,4.2043936781613676,0.76607029475301225,0.18146964420592382,0.74677792016295652,0.49351057041528013,0.008391135440092113,3.4418031189611249e-15,7.8046574478677703e-16,0,3.1086244689504383e-15,2.3203661214665772e-14,1.7763568394002505e-15,0.12499999999999921,8,3.1560759038526543e-14,6.3594962629309748e-15,6.6613381477509392e-16,1.0402789740737717e-13,2.3203661214665772e-14,1.3322676295501878e-15,0.067332042031921446,3.0999128221883439,2.2204460492503126e-16,1.9984014443252818e-14,5.3760164722693737e-15
hex,2,2,0.20000000000000001,gll,shear,0,sine,xy,reused_centered,0.45603138245191754,0.10846543339189529,2.4578173045247302,4.2043936781613676,0.76607029475301225,0.18146964420592382,0.74677792016295541,0.49351057041527963,0.008391135440092113,3.1118580127665178e-15,7.0564715576688754e-16,0,3.1086244689504383e-15,2.3203661214665772e-14,1.7763568394002505e-15,0.12499999999999921,8,3.1560759038526543e-14,6.3594962629309748e-15,6.6613381477509392e-16,1.0402789740737717e-13,2.3203661214665772e-14,1.3322676295501878e-15,0.067332042031921446,3.0999128221883439,2.2204460492503126e-16,1.9984014443252818e-14,5.3760164722693737e-15
hex,2,2,0.20000000000000001,gll,shear,0,sine,xz,recursive,0.083379932096042164,0.059494855961613205,0.53888961756599807,1.4014645593871158,0.14154774891831606,0.10059110688780065,0.11609710585591215,0.095918457463315482,0.008391135440092113,0.0024780866536852032,0.0017317349040727186,0,3.1086244689504383e-15,2.3203661214665772e-14,1.7763568394002505e-15,0.12499999999999921,8,3.1560759038526543e-14,6.3594962629309748e-15,6.6613381477509392e-16,1.0402789740737717e-13,2.3203661214665772e-14,1.3322676295501878e-15,0.067332042031921446,3.0999128221883439,2.2204460492503126e-16,1.9984014443252818e-14,5.3760164722693737e-15
hex,2,2,0.20000000000000001,gll,shear,0,sine,xz,direct,0.083431617885792217,0.059531735802351132,0.53652016215054754,1.4014645593871158,0.14148935710680158,0.10054961066480657,0.11327269001738517,0.09267647231848844,0.008391135440092113,0,0,0,3.1086244689504383e-15,2.3203661214665772e-14,1.7763568394002505e-15,0.12499999999999921,8,3.1560759038526543e-14,6.3594962629309748e-15,6.6613381477509392e-16,1.0402789740737717e-13,2.3203661214665772e-14,1.3322676295501878e-15,0.067332042031921446,3.0999128221883439,2.2204460492503126e-16,1.9984014443252818e-14,5.3760164722693737e-15
hex,2,2,0.20000000000000001,gll,shear,0,sine,xz,fe_geometry,0.083431617885792314,0.059531735802351202,0.5365201621505542,1.4014645593871158,0.14148935710680161,0.10054961066480657,0.11327269001738524,0.092676472318487954,0.008391135440092113,5.0060987270539225e-15,3.4983586574670909e-15,0,3.1086244689504383e-15,2.3203661214665772e-14,1.7763568394002505e-15,0.12499999999999921,8,3.1560759038526543e-14,6.3594962629309748e-15,6.6613381477509392e-16,1.0402789740737717e-13,2.3203661214665772e-14,1.3322676295501878e-15,0.067332042031921446,3.0999128221883439,2.2204460492503126e-16,1.9984014443252818e-14,5.3760164722693737e-15
hex,2,2,0.20000000000000001,gll,shear,0,sine,xz,reused,0.083431617885792092,0.059531735802351042,0.53652016215055287,1.4014645593871158,0.14148935710680138,0.10054961066480642,0.11327269001738488,0.092676472318488218,0.008391135440092113,2.0211874643495286e-15,1.4124449096576853e-15,0,3.1086244689504383e-15,2.3203661214665772e-14,1.7763568394002505e-15,0.12499999999999921,8,3.1560759038526543e-14,6.3594962629309748e-15,6.6613381477509392e-16,1.0402789740737717e-13,2.3203661214665772e-14,1.3322676295501878e-15,0.067332042031921446,3.0999128221883439,2.2204460492503126e-16,1.9984014443252818e-14,5.3760164722693737e-15
hex,2,2,0.20000000000000001,gll,shear,0,sine,xz,reused_centered,0.083431617885792092,0.059531735802351042,0.53652016215055109,1.4014645593871158,0.14148935710680138,0.10054961066480643,0.11327269001738476,0.092676472318487746,0.008391135440092113,1.874575616143611e-15,1.3099897132216646e-15,0,3.1086244689504383e-15,2.3203661214665772e-14,1.7763568394002505e-15,0.12499999999999921,8,3.1560759038526543e-14,6.3594962629309748e-15,6.6613381477509392e-16,1.0402789740737717e-13,2.3203661214665772e-14,1.3322676295501878e-15,0.067332042031921446,3.0999128221883439,2.2204460492503126e-16,1.9984014443252818e-14,5.3760164722693737e-15
hex,2,2,0.20000000000000001,gll,shear,0,sine,yy,recursive,2.9335994419873619,0.46516409048073959,8.1261274463077413,6.3065905172420642,3.7485841863510938,0.5919859167253122,5.7928855592717827,3.2762973765598415,0.008391135440092113,0.15701207735874018,0.025786501291092782,0,3.1086244689504383e-15,2.3203661214665772e-14,1.7763568394002505e-15,0.12499999999999921,8,3.1560759038526543e-14,6.3594962629309748e-15,6.6613381477509392e-16,1.0402789740737717e-13,2.3203661214665772e-14,1.3322676295501878e-15,0.067332042031921446,3.0999128221883439,2.2204460492503126e-16,1.9984014443252818e-14,5.3760164722693737e-15
hex,2,2,0.20000000000000001,gll,shear,0,sine,yy,direct,2.9410829786529593,0.46635071210222229,8.750812055464765,6.3065905172420642,3.7624715804172695,0.59417904919840014,5.7415256006124205,3.2312272534848234,0.008391135440092113,0,0,0,3.1086244689504383e-15,2.3203661214665772e-14,1.7763568394002505e-15,0.12499999999999921,8,3.1560759038526543e-14,6.3594962629309748e-15,6.6613381477509392e-16,1.0402789740737717e-13,2.3203661214665772e-14,1.3322676295501878e-15,0.067332042031921446,3.0999128221883439,2.2204460492503126e-16,1.9984014443252818e-14,5.3760164722693737e-15
hex,2,2,0.20000000000000001,gll,shear,0,sine,yy,fe_geometry,2.9410829786529602,0.46635071210222251,8.7508120554647579,6.3065905172420642,3.7624715804172713,0.59417904919840037,5.7415256006124276,3.2312272534848248,0.008391135440092113,5.7021113721503572e-15,9.364725614320718e-16,0,3.1086244689504383e-15,2.3203661214665772e-14,1.7763568394002505e-15,0.12499999999999921,8,3.1560759038526543e-14,6.3594962629309748e-15,6.6613381477509392e-16,1.0402789740737717e-13,2.3203661214665772e-14,1.3322676295501878e-15,0.067332042031921446,3.0999128221883439,2.2204460492503126e-16,1.9984014443252818e-14,5.3760164722693737e-15
hex,2,2,0.20000000000000001,gll,shear,0,sine,yy,reused,2.941082978652958,0.46635071210222212,8.7508120554647615,6.3065905172420642,3.762471580417269,0.59417904919840003,5.7415256006124231,3.2312272534848248,0.008391135440092113,5.191045846115214e-15,8.5253894263899102e-16,0,3.1086244689504383e-15,2.3203661214665772e-14,1.7763568394002505e-15,0.12499999999999921,8,3.1560759038526543e-14,6.3594962629309748e-15,6.6613381477509392e-16,1.0402789740737717e-13,2.3203661214665772e-14,1.3322676295501878e-15,0.067332042031921446,3.0999128221883439,2.2204460492503126e-16,1.9984014443252818e-14,5.3760164722693737e-15
hex,2,2,0.20000000000000001,gll,shear,0,sine,yy,reused_centered,2.9410829786529589,0.46635071210222229,8.7508120554647597,6.3065905172420642,3.762471580417269,0.59417904919840003,5.7415256006124249,3.2312272534848265,0.008391135440092113,4.2094514854880891e-15,6.9132915117939309e-16,0,3.1086244689504383e-15,2.3203661214665772e-14,1.7763568394002505e-15,0.12499999999999921,8,3.1560759038526543e-14,6.3594962629309748e-15,6.6613381477509392e-16,1.0402789740737717e-13,2.3203661214665772e-14,1.3322676295501878e-15,0.067332042031921446,3.0999128221883439,2.2204460492503126e-16,1.9984014443252818e-14,5.3760164722693737e-15
hex,2,2,0.20000000000000001,gll,shear,0,sine,yz,recursive,0.32852458546698626,0.15627679547394524,1.6495957351722432,2.1021968390806838,0.48938106424583816,0.23185289448781202,0.51881195405321023,0.27608623633154583,0.008391135440092113,0.01521802879276031,0.006945670705519191,0,3.1086244689504383e-15,2.3203661214665772e-14,1.7763568394002505e-15,0.12499999999999921,8,3.1560759038526543e-14,6.3594962629309748e-15,6.6613381477509392e-16,1.0402789740737717e-13,2.3203661214665772e-14,1.3322676295501878e-15,0.067332042031921446,3.0999128221883439,2.2204460492503126e-16,1.9984014443252818e-14,5.3760164722693737e-15
hex,2,2,0.20000000000000001,gll,shear,0,sine,yz,direct,0.32920479566899735,0.15660036660171298,1.7260299053859613,2.1021968390806838,0.49115749770333617,0.23269451111149692,0.51042232308653368,0.26727151090464368,0.008391135440092113,0,0,0,3.1086244689504383e-15,2.3203661214665772e-14,1.7763568394002505e-15,0.12499999999999921,8,3.1560759038526543e-14,6.3594962629309748e-15,6.6613381477509392e-16,1.0402789740737717e-13,2.3203661214665772e-14,1.3322676295501878e-15,0.067332042031921446,3.0999128221883439,2.2204460492503126e-16,1.9984014443252818e-14,5.3760164722693737e-15
hex,2,2,0.20000000000000001,gll,shear,0,sine,yz,fe_geometry,0.3292047956689978,0.1566003666017132,1.7260299053859569,2.1021968390806838,0.49115749770333644,0.23269451111149703,0.51042232308653335,0.26727151090464141,0.008391135440092113,4.1665856506049882e-15,1.9016741451567771e-15,0,3.1086244689504383e-15,2.3203661214665772e-14,1.7763568394002505e-15,0.12499999999999921,8,3.1560759038526543e-14,6.3594962629309748e-15,6.6613381477509392e-16,1.0402789740737717e-13,2.3203661214665772e-14,1.3322676295501878e-15,0.067332042031921446,3.0999128221883439,2.2204460492503126e-16,1.9984014443252818e-14,5.3760164722693737e-15
hex,2,2,0.20000000000000001,gll,shear,0,sine,yz,reused,0.32920479566899707,0.15660036660171286,1.7260299053859676,2.1021968390806838,0.49115749770333589,0.23269451111149678,0.5104223230865319,0.26727151090464274,0.008391135440092113,3.5393594545991164e-15,1.6154014172851655e-15,0,3.1086244689504383e-15,2.3203661214665772e-14,1.7763568394002505e-15,0.12499999999999921,8,3.1560759038526543e-14,6.3594962629309748e-15,6.6613381477509392e-16,1.0402789740737717e-13,2.3203661214665772e-14,1.3322676295501878e-15,0.067332042031921446,3.0999128221883439,2.2204460492503126e-16,1.9984014443252818e-14,5.3760164722693737e-15
hex,2,2,0.20000000000000001,gll,shear,0,sine,yz,reused_centered,0.3292047956689973,0.15660036660171298,1.7260299053859667,2.1021968390806838,0.49115749770333589,0.23269451111149678,0.51042232308653224,0.26727151090464218,0.008391135440092113,3.1334224090294501e-15,1.4301274186553583e-15,0,3.1086244689504383e-15,2.3203661214665772e-14,1.7763568394002505e-15,0.12499999999999921,8,3.1560759038526543e-14,6.3594962629309748e-15,6.6613381477509392e-16,1.0402789740737717e-13,2.3203661214665772e-14,1.3322676295501878e-15,0.067332042031921446,3.0999128221883439,2.2204460492503126e-16,1.9984014443252818e-14,5.3760164722693737e-15
hex,2,2,0.20000000000000001,gll,shear,0,sine,zz,recursive,0.32432874909161891,0.46284259836503233,1.3613427648786876,0.70073227969355789,0.43288329630422534,0.61525824693418718,0.58339573816564738,0.36368163736862424,0.008391135440092113,0.029366276034376148,0.039297451873960755,0,3.1086244689504383e-15,2.3203661214665772e-14,1.7763568394002505e-15,0.12499999999999921,8,3.1560759038526543e-14,6.3594962629309748e-15,6.6613381477509392e-16,1.0402789740737717e-13,2.3203661214665772e-14,1.3322676295501878e-15,0.067332042031921446,3.0999128221883439,2.2204460492503126e-16,1.9984014443252818e-14,5.3760164722693737e-15
hex,2,2,0.20000000000000001,gll,shear,0,sine,zz,direct,0.32608685449607228,0.46535155286220803,1.4492305123427109,0.70073227969355789,0.4351271003089191,0.61844737187889642,0.57949933384721741,0.35945178612784362,0.008391135440092113,0,0,0,3.1086244689504383e-15,2.3203661214665772e-14,1.7763568394002505e-15,0.12499999999999921,8,3.1560759038526543e-14,6.3594962629309748e-15,6.6613381477509392e-16,1.0402789740737717e-13,2.3203661214665772e-14,1.3322676295501878e-15,0.067332042031921446,3.0999128221883439,2.2204460492503126e-16,1.9984014443252818e-14,5.3760164722693737e-15
hex,2,2,0.20000000000000001,gll,shear,0,sine,zz,fe_geometry,0.32608685449607161,0.46535155286220709,1.4492305123427016,0.70073227969355789,0.43512710030891727,0.61844737187889387,0.57949933384721575,0.35945178612784118,0.008391135440092113,5.3604296051849243e-15,7.1732358637139009e-15,0,3.1086244689504383e-15,2.3203661214665772e-14,1.7763568394002505e-15,0.12499999999999921,8,3.1560759038526543e-14,6.3594962629309748e-15,6.6613381477509392e-16,1.0402789740737717e-13,2.3203661214665772e-14,1.3322676295501878e-15,0.067332042031921446,3.0999128221883439,2.2204460492503126e-16,1.9984014443252818e-14,5.3760164722693737e-15
hex,2,2,0.20000000000000001,gll,shear,0,sine,zz,reused,0.32608685449607222,0.46535155286220792,1.4492305123427149,0.70073227969355789,0.4351271003089186,0.61844737187889576,0.57949933384721686,0.3594517861278434,0.008391135440092113,4.1546553798274954e-15,5.5596892725023224e-15,0,3.1086244689504383e-15,2.3203661214665772e-14,1.7763568394002505e-15,0.12499999999999921,8,3.1560759038526543e-14,6.3594962629309748e-15,6.6613381477509392e-16,1.0402789740737717e-13,2.3203661214665772e-14,1.3322676295501878e-15,0.067332042031921446,3.0999128221883439,2.2204460492503126e-16,1.9984014443252818e-14,5.3760164722693737e-15
hex,2,2,0.20000000000000001,gll,shear,0,sine,zz,reused_centered,0.32608685449607183,0.46535155286220747,1.4492305123427158,0.70073227969355789,0.43512710030891821,0.61844737187889509,0.57949933384721686,0.35945178612784356,0.008391135440092113,3.2392060771023107e-15,4.3346505622899096e-15,0,3.1086244689504383e-15,2.3203661214665772e-14,1.7763568394002505e-15,0.12499999999999921,8,3.1560759038526543e-14,6.3594962629309748e-15,6.6613381477509392e-16,1.0402789740737717e-13,2.3203661214665772e-14,1.3322676295501878e-15,0.067332042031921446,3.0999128221883439,2.2204460492503126e-16,1.9984014443252818e-14,5.3760164722693737e-15
hex,2,2,0.20000000000000001,gll,shear,0,sine,xxx,recursive,5.7073946263172664,1.0000000000000824,7.9999999705607623,5.7073946263167965,5.6849297748548926,0.99999999999992695,1.2866227131164307e-12,8.1332688239607232e-13,0.008391135440092113,1.4515983949350767e-12,nan,0,3.1086244689504383e-15,2.3203661214665772e-14,1.7763568394002505e-15,0.12499999999999921,8,3.1560759038526543e-14,6.3594962629309748e-15,6.6613381477509392e-16,1.0402789740737717e-13,2.3203661214665772e-14,1.3322676295501878e-15,0.067332042031921446,3.0999128221883439,2.2204460492503126e-16,1.9984014443252818e-14,5.3760164722693737e-15
hex,2,2,0.20000000000000001,gll,shear,0,sine,xxx,direct,5.7073946263167965,1,7.9999999705614568,5.7073946263167965,5.6849297748553083,1,0,0,0.008391135440092113,0,nan,0,3.1086244689504383e-15,2.3203661214665772e-14,1.7763568394002505e-15,0.12499999999999921,8,3.1560759038526543e-14,6.3594962629309748e-15,6.6613381477509392e-16,1.0402789740737717e-13,2.3203661214665772e-14,1.3322676295501878e-15,0.067332042031921446,3.0999128221883439,2.2204460492503126e-16,1.9984014443252818e-14,5.3760164722693737e-15
hex,2,2,0.20000000000000001,gll,shear,0,sine,xxx,fe_geometry,5.7073946263167965,1,7.9999999705614782,5.7073946263167965,5.6849297748553109,1.0000000000000004,3.9170608734064755e-14,2.6265244198797617e-14,0.008391135440092113,2.6479334968206534e-14,nan,0,3.1086244689504383e-15,2.3203661214665772e-14,1.7763568394002505e-15,0.12499999999999921,8,3.1560759038526543e-14,6.3594962629309748e-15,6.6613381477509392e-16,1.0402789740737717e-13,2.3203661214665772e-14,1.3322676295501878e-15,0.067332042031921446,3.0999128221883439,2.2204460492503126e-16,1.9984014443252818e-14,5.3760164722693737e-15
hex,2,2,0.20000000000000001,gll,shear,0,sine,xxx,reused,5.7073946263167947,0.99999999999999978,7.9999999705614577,5.7073946263167965,5.6849297748553065,0.99999999999999967,2.4850318961806559e-15,1.1285797580528149e-15,0.008391135440092113,9.642048964181806e-15,nan,0,3.1086244689504383e-15,2.3203661214665772e-14,1.7763568394002505e-15,0.12499999999999921,8,3.1560759038526543e-14,6.3594962629309748e-15,6.6613381477509392e-16,1.0402789740737717e-13,2.3203661214665772e-14,1.3322676295501878e-15,0.067332042031921446,3.0999128221883439,2.2204460492503126e-16,1.9984014443252818e-14,5.3760164722693737e-15
hex,2,2,0.20000000000000001,gll,shear,0,sine,xxx,reused_centered,5.7073946263167965,1,7.9999999705614648,5.7073946263167965,5.6849297748553074,0.99999999999999989,7.0907861329079165e-15,3.9719068809738812e-15,0.008391135440092113,8.5498581713859395e-15,nan,0,3.1086244689504383e-15,2.3203661214665772e-14,1.7763568394002505e-15,0.12499999999999921,8,3.1560759038526543e-14,6.3594962629309748e-15,6.6613381477509392e-16,1.0402789740737717e-13,2.3203661214665772e-14,1.3322676295501878e-15,0.067332042031921446,3.0999128221883439,2.2204460492503126e-16,1.9984014443252818e-14,5.3760164722693737e-15
hex,2,2,0.20000000000000001,gll,shear,0,sine,xxy,recursive,2.6065206129612624,0.30446123361233679,9.5432757022891117,8.5610919394752329,3.4656462796558247,0.40641326183535581,4.824863955350204,2.9632564477706298,0.008391135440092113,2.826752770130995e-12,3.2423213060663114e-13,0,3.1086244689504383e-15,2.3203661214665772e-14,1.7763568394002505e-15,0.12499999999999921,8,3.1560759038526543e-14,6.3594962629309748e-15,6.6613381477509392e-16,1.0402789740737717e-13,2.3203661214665772e-14,1.3322676295501878e-15,0.067332042031921446,3.0999128221883439,2.2204460492503126e-16,1.9984014443252818e-14,5.3760164722693737e-15
hex,2,2,0.20000000000000001,gll,shear,0,sine,xxy,direct,2.6065206129607152,0.30446123361227284,9.5432757023017984,8.5610919394752329,3.465646279655306,0.40641326183529497,4.8248639553490467,2.9632564477701084,0.008391135440092113,0,0,0,3.1086244689504383e-15,2.3203661214665772e-14,1.7763568394002505e-15,0.12499999999999921,8,3.1560759038526543e-14,6.3594962629309748e-15,6.6613381477509392e-16,1.0402789740737717e-13,2.3203661214665772e-14,1.3322676295501878e-15,0.067332042031921446,3.0999128221883439,2.2204460492503126e-16,1.9984014443252818e-14,5.3760164722693737e-15
hex,2,2,0.20000000000000001,gll,shear,0,sine,xxy,fe_geometry,2.6065206129607192,0.30446123361227334,9.5432757023017789,8.5610919394752329,3.4656462796553149,0.40641326183529602,4.8248639553490582,2.9632564477701111,0.008391135440092113,3.7942643914983625e-14,4.352069415972932e-15,0,3.1086244689504383e-15,2.3203661214665772e-14,1.7763568394002505e-15,0.12499999999999921,8,3.1560759038526543e-14,6.3594962629309748e-15,6.6613381477509392e-16,1.0402789740737717e-13,2.3203661214665772e-14,1.3322676295501878e-15,0.067332042031921446,3.0999128221883439,2.2204460492503126e-16,1.9984014443252818e-14,5.3760164722693737e-15
hex,2,2,0.20000000000000001,gll,shear,0,sine,xxy,reused,2.6065206129607152,0.30446123361227284,9.543275702301834,8.5610919394752329,3.4656462796553078,0.40641326183529519,4.8248639553490431,2.9632564477700969,0.008391135440092113,2.0351678587106053e-14,2.3343633654290036e-15,0,3.1086244689504383e-15,2.3203661214665772e-14,1.7763568394002505e-15,0.12499999999999921,8,3.1560759038526543e-14,6.3594962629309748e-15,6.6613381477509392e-16,1.0402789740737717e-13,2.3203661214665772e-14,1.3322676295501878e-15,0.067332042031921446,3.0999128221883439,2.2204460492503126e-16,1.9984014443252818e-14,5.3760164722693737e-15
hex,2,2,0.20000000000000001,gll,shear,0,sine,xxy,reused_centered,2.6065206129607161,0.30446123361227295,9.543275702301786,8.5610919394752329,3.4656462796553105,0.40641326183529547,4.8248639553490493,2.9632564477700951,0.008391135440092113,1.8575636799270333e-14,2.1306491181127447e-15,0,3.1086244689504383e-15,2.3203661214665772e-14,1.7763568394002505e-15,0.12499999999999921,8,3.1560759038526543e-14,6.3594962629309748e-15,6.6613381477509392e-16,1.0402789740737717e-13,2.3203661214665772e-14,1.3322676295501878e-15,0.067332042031921446,3.0999128221883439,2.2204460492503126e-16,1.9984014443252818e-14,5.3760164722693737e-15
hex,2,2,0.20000000000000001,gll,shear,0,sine,xxz,recursive,0.80893146333012234,0.28346785750546821,2.3603846515049796,2.8536973131583983,1.0532244472327155,0.37053208709496227,1.5175440122420965,0.88975370409202015,0.008391135440092113,0.0044686599350043646,0.0015779132758708863,0,3.1086244689504383e-15,2.3203661214665772e-14,1.7763568394002505e-15,0.12499999999999921,8,3.1560759038526543e-14,6.3594962629309748e-15,6.6613381477509392e-16,1.0402789740737717e-13,2.3203661214665772e-14,1.3322676295501878e-15,0.067332042031921446,3.0999128221883439,2.2204460492503126e-16,1.9984014443252818e-14,5.3760164722693737e-15
hex,2,2,0.20000000000000001,gll,shear,0,sine,xxz,direct,0.80895218168781247,0.28347511768600475,2.3486381986090112,2.8536973131583983,1.053169386311597,0.37051271625898041,1.5168985481869037,0.88410906963716329,0.008391135440092113,0,0,0,3.1086244689504383e-15,2.3203661214665772e-14,1.7763568394002505e-15,0.12499999999999921,8,3.1560759038526543e-14,6.3594962629309748e-15,6.6613381477509392e-16,1.0402789740737717e-13,2.3203661214665772e-14,1.3322676295501878e-15,0.067332042031921446,3.0999128221883439,2.2204460492503126e-16,1.9984014443252818e-14,5.3760164722693737e-15
hex,2,2,0.20000000000000001,gll,shear,0,sine,xxz,fe_geometry,0.80895218168781635,0.28347511768600608,2.3486381986090796,2.8536973131583983,1.0531693863116001,0.37051271625898147,1.5168985481869108,0.88410906963717062,0.008391135440092113,3.5721492852664519e-14,1.2613494565701665e-14,0,3.1086244689504383e-15,2.3203661214665772e-14,1.7763568394002505e-15,0.12499999999999921,8,3.1560759038526543e-14,6.3594962629309748e-15,6.6613381477509392e-16,1.0402789740737717e-13,2.3203661214665772e-14,1.3322676295501878e-15,0.067332042031921446,3.0999128221883439,2.2204460492503126e-16,1.9984014443252818e-14,5.3760164722693737e-15
hex,2,2,0.20000000000000001,gll,shear,0,sine,xxz,reused,0.80895218168781158,0.28347511768600442,2.3486381986090201,2.8536973131583983,1.0531693863115961,0.37051271625898008,1.5168985481869037,0.88410906963716096,0.008391135440092113,1.0014543430530203e-14,3.5362012909142392e-15,0,3.1086244689504383e-15,2.3203661214665772e-14,1.7763568394002505e-15,0.12499999999999921,8,3.1560759038526543e-14,6.3594962629309748e-15,6.6613381477509392e-16,1.0402789740737717e-13,2.3203661214665772e-14,1.3322676295501878e-15,0.067332042031921446,3.0999128221883439,2.2204460492503126e-16,1.9984014443252818e-14,5.3760164722693737e-15
hex,2,2,0.20000000000000001,gll,shear,0,sine,xxz,reused_centered,0.80895218168781291,0.28347511768600492,2.3486381986090126,2.8536973131583983,1.0531693863115974,0.37051271625898052,1.5168985481869079,0.88410906963716396,0.008391135440092113,8.5707527729131168e-15,3.0263892937231545e-15,0,3.1086244689504383e-15,2.3203661214665772e-14,1.7763568394002505e-15,0.12499999999999921,8,3.1560759038526543e-14,6.3594962629309748e-15,6.6613381477509392e-16,1.0402789740737717e-13,2.3203661214665772e-14,1.3322676295501878e-15,0.067332042031921446,3.0999128221883439,2.2204460492503126e-16,1.9984014443252818e-14,5.3760164722693737e-15
hex,2,2,0.20000000000000001,gll,shear,0,sine,xyy,recursive,5.5292652800613782,0.43057321185598924,18.66703987114942,12.841637909212782,7.163122930683004,0.56000871030912525,8.1268820224788847,4.6373735328038892,0.008391135440092113,0.29242919105238252,0.023189931466928833,0,3.1086244689504383e-15,2.3203661214665772e-14,1.7763568394002505e-15,0.12499999999999921,8,3.1560759038526543e-14,6.3594962629309748e-15,6.6613381477509392e-16,1.0402789740737717e-13,2.3203661214665772e-14,1.3322676295501878e-15,0.067332042031921446,3.0999128221883439,2.2204460492503126e-16,1.9984014443252818e-14,5.3760164722693737e-15
hex,2,2,0.20000000000000001,gll,shear,0,sine,xyy,direct,5.5558739314859755,0.43264527241498602,19.787918215223623,12.841637909212782,7.2168212127609737,0.56420681021377561,8.2378076832940366,4.6816922662297138,0.008391135440092113,0,0,0,3.1086244689504383e-15,2.3203661214665772e-14,1.7763568394002505e-15,0.12499999999999921,8,3.1560759038526543e-14,6.3594962629309748e-15,6.6613381477509392e-16,1.0402789740737717e-13,2.3203661214665772e-14,1.3322676295501878e-15,0.067332042031921446,3.0999128221883439,2.2204460492503126e-16,1.9984014443252818e-14,5.3760164722693737e-15
hex,2,2,0.20000000000000001,gll,shear,0,sine,xyy,fe_geometry,5.5558739314859853,0.43264527241498674,19.787918215223531,12.841637909212782,7.2168212127609896,0.56420681021377694,8.2378076832940774,4.6816922662297458,0.008391135440092113,4.5420239346255334e-14,3.6018710507682883e-15,0,3.1086244689504383e-15,2.3203661214665772e-14,1.7763568394002505e-15,0.12499999999999921,8,3.1560759038526543e-14,6.3594962629309748e-15,6.6613381477509392e-16,1.0402789740737717e-13,2.3203661214665772e-14,1.3322676295501878e-15,0.067332042031921446,3.0999128221883439,2.2204460492503126e-16,1.9984014443252818e-14,5.3760164722693737e-15
hex,2,2,0.20000000000000001,gll,shear,0,sine,xyy,reused,5.5558739314859791,0.43264527241498624,19.787918215223648,12.841637909212782,7.2168212127609763,0.56420681021377583,8.237807683294049,4.6816922662297111,0.008391135440092113,2.7331296173958287e-14,2.1673995092469855e-15,0,3.1086244689504383e-15,2.3203661214665772e-14,1.7763568394002505e-15,0.12499999999999921,8,3.1560759038526543e-14,6.3594962629309748e-15,6.6613381477509392e-16,1.0402789740737717e-13,2.3203661214665772e-14,1.3322676295501878e-15,0.067332042031921446,3.0999128221883439,2.2204460492503126e-16,1.9984014443252818e-14,5.3760164722693737e-15
hex,2,2,0.20000000000000001,gll,shear,0,sine,xyy,reused_centered,5.5558739314859791,0.43264527241498624,19.787918215223634,12.841637909212782,7.2168212127609781,0.56420681021377594,8.2378076832940508,4.6816922662297209,0.008391135440092113,2.2158217414832052e-14,1.7571691164963738e-15,0,3.1086244689504383e-15,2.3203661214665772e-14,1.7763568394002505e-15,0.12499999999999921,8,3.1560759038526543e-14,6.3594962629309748e-15,6.6613381477509392e-16,1.0402789740737717e-13,2.3203661214665772e-14,1.3322676295501878e-15,0.067332042031921446,3.0999128221883439,2.2204460492503126e-16,1.9984014443252818e-14,5.3760164722693737e-15
hex,2,2,0.20000000000000001,gll,shear,0,sine,xyz,recursive,0.70721460433141992,0.16521598163674664,4.3224707876665018,4.2805459697376165,1.1021735818248615,0.25850183449344077,0.95474317771419515,0.59311737686586041,0.008391135440092113,0.028877432032914388,0.0063476455165326681,0,3.1086244689504383e-15,2.3203661214665772e-14,1.7763568394002505e-15,0.12499999999999921,8,3.1560759038526543e-14,6.3594962629309748e-15,6.6613381477509392e-16,1.0402789740737717e-13,2.3203661214665772e-14,1.3322676295501878e-15,0.067332042031921446,3.0999128221883439,2.2204460492503126e-16,1.9984014443252818e-14,5.3760164722693737e-15
hex,2,2,0.20000000000000001,gll,shear,0,sine,xyz,direct,0.70723859478311413,0.16522158616753868,4.1860879705306981,4.2805459697376165,1.102164499006125,0.2584997042252648,0.94525376560493046,0.56611154459382207,0.008391135440092113,0,0,0,3.1086244689504383e-15,2.3203661214665772e-14,1.7763568394002505e-15,0.12499999999999921,8,3.1560759038526543e-14,6.3594962629309748e-15,6.6613381477509392e-16,1.0402789740737717e-13,2.3203661214665772e-14,1.3322676295501878e-15,0.067332042031921446,3.0999128221883439,2.2204460492503126e-16,1.9984014443252818e-14,5.3760164722693737e-15
hex,2,2,0.20000000000000001,gll,shear,0,sine,xyz,fe_geometry,0.70723859478311402,0.16522158616753865,4.1860879705310321,4.2805459697376165,1.1021644990061223,0.25849970422526419,0.94525376560493557,0.56611154459382462,0.008391135440092113,3.5722309810570849e-14,7.8522411359434356e-15,0,3.1086244689504383e-15,2.3203661214665772e-14,1.7763568394002505e-15,0.12499999999999921,8,3.1560759038526543e-14,6.3594962629309748e-15,6.6613381477509392e-16,1.0402789740737717e-13,2.3203661214665772e-14,1.3322676295501878e-15,0.067332042031921446,3.0999128221883439,2.2204460492503126e-16,1.9984014443252818e-14,5.3760164722693737e-15
hex,2,2,0.20000000000000001,gll,shear,0,sine,xyz,reused,0.70723859478311324,0.16522158616753849,4.1860879705306075,4.2805459697376165,1.1021644990061243,0.25849970422526464,0.94525376560493024,0.56611154459382174,0.008391135440092113,1.1927202066906054e-14,2.6217584250040592e-15,0,3.1086244689504383e-15,2.3203661214665772e-14,1.7763568394002505e-15,0.12499999999999921,8,3.1560759038526543e-14,6.3594962629309748e-15,6.6613381477509392e-16,1.0402789740737717e-13,2.3203661214665772e-14,1.3322676295501878e-15,0.067332042031921446,3.0999128221883439,2.2204460492503126e-16,1.9984014443252818e-14,5.3760164722693737e-15
hex,2,2,0.20000000000000001,gll,shear,0,sine,xyz,reused_centered,0.70723859478311302,0.16522158616753843,4.1860879705306644,4.2805459697376165,1.1021644990061246,0.25849970422526469,0.94525376560493279,0.56611154459382396,0.008391135440092113,1.1242175392407726e-14,2.4711804063586196e-15,0,3.1086244689504383e-15,2.3203661214665772e-14,1.7763568394002505e-15,0.12499999999999921,8,3.1560759038526543e-14,6.3594962629309748e-15,6.6613381477509392e-16,1.0402789740737717e-13,2.3203661214665772e-14,1.3322676295501878e-15,0.067332042031921446,3.0999128221883439,2.2204460492503126e-16,1.9984014443252818e-14,5.3760164722693737e-15
hex,2,2,0.20000000000000001,gll,shear,0,sine,xzz,recursive,0.67456945862037054,0.47276875196954549,2.7688795555922083,1.4268486565791991,0.9138497081293101,0.64299806282308514,1.2191419812416604,0.79507119093298062,0.008391135440092113,0.059583293493396902,0.038491580567216979,0,3.1086244689504383e-15,2.3203661214665772e-14,1.7763568394002505e-15,0.12499999999999921,8,3.1560759038526543e-14,6.3594962629309748e-15,6.6613381477509392e-16,1.0402789740737717e-13,2.3203661214665772e-14,1.3322676295501878e-15,0.067332042031921446,3.0999128221883439,2.2204460492503126e-16,1.9984014443252818e-14,5.3760164722693737e-15
hex,2,2,0.20000000000000001,gll,shear,0,sine,xzz,direct,0.67759781660119089,0.47489116205617704,2.8896867576078762,1.4268486565791991,0.91707556404232093,0.64526782237387426,1.2119973889815525,0.7861817543841243,0.008391135440092113,0,0,0,3.1086244689504383e-15,2.3203661214665772e-14,1.7763568394002505e-15,0.12499999999999921,8,3.1560759038526543e-14,6.3594962629309748e-15,6.6613381477509392e-16,1.0402789740737717e-13,2.3203661214665772e-14,1.3322676295501878e-15,0.067332042031921446,3.0999128221883439,2.2204460492503126e-16,1.9984014443252818e-14,5.3760164722693737e-15
hex,2,2,0.20000000000000001,gll,shear,0,sine,xzz,fe_geometry,0.67759781660118823,0.47489116205617515,2.8896867576077927,1.4268486565791991,0.91707556404231849,0.64526782237387259,1.2119973889815501,0.7861817543841203,0.008391135440092113,3.3960110868029995e-14,2.1938672183222981e-14,0,3.1086244689504383e-15,2.3203661214665772e-14,1.7763568394002505e-15,0.12499999999999921,8,3.1560759038526543e-14,6.3594962629309748e-15,6.6613381477509392e-16,1.0402789740737717e-13,2.3203661214665772e-14,1.3322676295501878e-15,0.067332042031921446,3.0999128221883439,2.2204460492503126e-16,1.9984014443252818e-14,5.3760164722693737e-15
hex,2,2,0.20000000000000001,gll,shear,0,sine,xzz,reused,0.67759781660118923,0.47489116205617582,2.8896867576078566,1.4268486565791991,0.91707556404231882,0.64526782237387281,1.2119973889815521,0.78618175438412252,0.008391135440092113,1.2893903964827477e-14,8.3296292331191227e-15,0,3.1086244689504383e-15,2.3203661214665772e-14,1.7763568394002505e-15,0.12499999999999921,8,3.1560759038526543e-14,6.3594962629309748e-15,6.6613381477509392e-16,1.0402789740737717e-13,2.3203661214665772e-14,1.3322676295501878e-15,0.067332042031921446,3.0999128221883439,2.2204460492503126e-16,1.9984014443252818e-14,5.3760164722693737e-15
hex,2,2,0.20000000000000001,gll,shear,0,sine,xzz,reused_centered,0.67759781660118867,0.47489116205617543,2.8896867576078655,1.4268486565791991,0.9170755640423186,0.64526782237387259,1.2119973889815481,0.78618175438412063,0.008391135440092113,1.1231036369739145e-14,7.2553951944107702e-15,0,3.1086244689504383e-15,2.3203661214665772e-14,1.7763568394002505e-15,0.12499999999999921,8,3.1560759038526543e-14,6.3594962629309748e-15,6.6613381477509392e-16,1.0402789740737717e-13,2.3203661214665772e-14,1.3322676295501878e-15,0.067332042031921446,3.0999128221883439,2.2204460492503126e-16,1.9984014443252818e-14,5.3760164722693737e-15
hex,2,2,0.20000000000000001,gll,shear,0,sine,yyy,recursive,20.824246232043006,1.0810794479263595,34.162211575308731,19.262456863819228,20.709277409495073,1.0793593656241995,4.5382051394369798,2.6764123166094311,0.008391135440092113,2.2260893190775959,0.26492900080285142,0,3.1086244689504383e-15,2.3203661214665772e-14,1.7763568394002505e-15,0.12499999999999921,8,3.1560759038526543e-14,6.3594962629309748e-15,6.6613381477509392e-16,1.0402789740737717e-13,2.3203661214665772e-14,1.3322676295501878e-15,0.067332042031921446,3.0999128221883439,2.2204460492503126e-16,1.9984014443252818e-14,5.3760164722693737e-15
hex,2,2,0.20000000000000001,gll,shear,0,sine,yyy,direct,21.020055922039855,1.091244801774063,37.726745874324095,19.262456863819228,21.02895310766872,1.096020736852342,0.92432989469029259,0.62664642174779239,0.008391135440092113,0,0,0,3.1086244689504383e-15,2.3203661214665772e-14,1.7763568394002505e-15,0.12499999999999921,8,3.1560759038526543e-14,6.3594962629309748e-15,6.6613381477509392e-16,1.0402789740737717e-13,2.3203661214665772e-14,1.3322676295501878e-15,0.067332042031921446,3.0999128221883439,2.2204460492503126e-16,1.9984014443252818e-14,5.3760164722693737e-15
hex,2,2,0.20000000000000001,gll,shear,0,sine,yyy,fe_geometry,21.020055922039855,1.0912448017740632,37.726745874324124,19.262456863819228,21.028953107668723,1.0960207368523422,0.92432989469030824,0.62664642174780461,0.008391135440092113,3.885550646634298e-14,4.624230670170228e-15,0,3.1086244689504383e-15,2.3203661214665772e-14,1.7763568394002505e-15,0.12499999999999921,8,3.1560759038526543e-14,6.3594962629309748e-15,6.6613381477509392e-16,1.0402789740737717e-13,2.3203661214665772e-14,1.3322676295501878e-15,0.067332042031921446,3.0999128221883439,2.2204460492503126e-16,1.9984014443252818e-14,5.3760164722693737e-15
hex,2,2,0.20000000000000001,gll,shear,0,sine,yyy,reused,21.02005592203987,1.0912448017740639,37.726745874324124,19.262456863819228,21.028953107668741,1.0960207368523431,0.92432989469030902,0.62664642174780183,0.008391135440092113,3.1673486301931705e-14,3.7694916398909646e-15,0,3.1086244689504383e-15,2.3203661214665772e-14,1.7763568394002505e-15,0.12499999999999921,8,3.1560759038526543e-14,6.3594962629309748e-15,6.6613381477509392e-16,1.0402789740737717e-13,2.3203661214665772e-14,1.3322676295501878e-15,0.067332042031921446,3.0999128221883439,2.2204460492503126e-16,1.9984014443252818e-14,5.3760164722693737e-15
hex,2,2,0.20000000000000001,gll,shear,0,sine,yyy,reused_centered,21.020055922039855,1.0912448017740632,37.726745874324109,19.262456863819228,21.028953107668723,1.0960207368523422,0.92432989469030558,0.62664642174779972,0.008391135440092113,2.4583106084971626e-14,2.925658766657516e-15,0,3.1086244689504383e-15,2.3203661214665772e-14,1.7763568394002505e-15,0.12499999999999921,8,3.1560759038526543e-14,6.3594962629309748e-15,6.6613381477509392e-16,1.0402789740737717e-13,2.3203661214665772e-14,1.3322676295501878e-15,0.067332042031921446,3.0999128221883439,2.2204460492503126e-16,1.9984014443252818e-14,5.3760164722693737e-15
hex,2,2,0.20000000000000001,gll,shear,0,sine,yyz,recursive,3.2735193152824027,0.50982893902247961,11.768691580060969,6.420818954606391,4.0437852395250564,0.63228147238779231,3.9748158559733606,2.0687161919395196,0.008391135440092113,0.25105615583359808,0.038939143218129371,0,3.1086244689504383e-15,2.3203661214665772e-14,1.7763568394002505e-15,0.12499999999999921,8,3.1560759038526543e-14,6.3594962629309748e-15,6.6613381477509392e-16,1.0402789740737717e-13,2.3203661214665772e-14,1.3322676295501878e-15,0.067332042031921446,3.0999128221883439,2.2204460492503126e-16,1.9984014443252818e-14,5.3760164722693737e-15
hex,2,2,0.20000000000000001,gll,shear,0,sine,yyz,direct,3.3014291505433224,0.51417571089974867,12.977804140811525,6.420818954606391,4.092787008528032,0.63994333097315259,4.0233139564641318,2.1063021463081455,0.008391135440092113,0,0,0,3.1086244689504383e-15,2.3203661214665772e-14,1.7763568394002505e-15,0.12499999999999921,8,3.1560759038526543e-14,6.3594962629309748e-15,6.6613381477509392e-16,1.0402789740737717e-13,2.3203661214665772e-14,1.3322676295501878e-15,0.067332042031921446,3.0999128221883439,2.2204460492503126e-16,1.9984014443252818e-14,5.3760164722693737e-15
hex,2,2,0.20000000000000001,gll,shear,0,sine,yyz,fe_geometry,3.3014291505433238,0.51417571089974889,12.977804140811607,6.420818954606391,4.0927870085280293,0.63994333097315215,4.023313956464146,2.1063021463081628,0.008391135440092113,3.6283993842491839e-14,5.6276956367282746e-15,0,3.1086244689504383e-15,2.3203661214665772e-14,1.7763568394002505e-15,0.12499999999999921,8,3.1560759038526543e-14,6.3594962629309748e-15,6.6613381477509392e-16,1.0402789740737717e-13,2.3203661214665772e-14,1.3322676295501878e-15,0.067332042031921446,3.0999128221883439,2.2204460492503126e-16,1.9984014443252818e-14,5.3760164722693737e-15
hex,2,2,0.20000000000000001,gll,shear,0,sine,yyz,reused,3.3014291505433224,0.51417571089974867,12.9778041408115,6.420818954606391,4.0927870085280285,0.63994333097315204,4.0233139564641354,2.1063021463081522,0.008391135440092113,2.4014757276324024e-14,3.7247207495330095e-15,0,3.1086244689504383e-15,2.3203661214665772e-14,1.7763568394002505e-15,0.12499999999999921,8,3.1560759038526543e-14,6.3594962629309748e-15,6.6613381477509392e-16,1.0402789740737717e-13,2.3203661214665772e-14,1.3322676295501878e-15,0.067332042031921446,3.0999128221883439,2.2204460492503126e-16,1.9984014443252818e-14,5.3760164722693737e-15
hex,2,2,0.20000000000000001,gll,shear,0,sine,yyz,reused_centered,3.3014291505433224,0.51417571089974867,12.977804140811525,6.420818954606391,4.092787008528032,0.63994333097315248,4.023313956464138,2.1063021463081566,0.008391135440092113,2.0964462054435484e-14,3.2516159092700241e-15,0,3.1086244689504383e-15,2.3203661214665772e-14,1.7763568394002505e-15,0.12499999999999921,8,3.1560759038526543e-14,6.3594962629309748e-15,6.6613381477509392e-16,1.0402789740737717e-13,2.3203661214665772e-14,1.3322676295501878e-15,0.067332042031921446,3.0999128221883439,2.2204460492503126e-16,1.9984014443252818e-14,5.3760164722693737e-15
hex,2,2,0.20000000000000001,gll,shear,0,sine,yzz,recursive,1.3459036865837166,0.62884673875665253,6.000250353824125,2.1402729848688082,1.7451825684837516,0.81862404056552862,2.2454014041565649,1.6501113989518714,0.008391135440092113,0.095374159576147935,0.040491480066932588,0,3.1086244689504383e-15,2.3203661214665772e-14,1.7763568394002505e-15,0.12499999999999921,8,3.1560759038526543e-14,6.3594962629309748e-15,6.6613381477509392e-16,1.0402789740737717e-13,2.3203661214665772e-14,1.3322676295501878e-15,0.067332042031921446,3.0999128221883439,2.2204460492503126e-16,1.9984014443252818e-14,5.3760164722693737e-15
hex,2,2,0.20000000000000001,gll,shear,0,sine,yzz,direct,1.345497208883355,0.62865682013261004,5.9721454650776238,2.1402729848688082,1.7540707502967632,0.82279327732072383,2.2394059485446762,1.6422479854771586,0.008391135440092113,0,0,0,3.1086244689504383e-15,2.3203661214665772e-14,1.7763568394002505e-15,0.12499999999999921,8,3.1560759038526543e-14,6.3594962629309748e-15,6.6613381477509392e-16,1.0402789740737717e-13,2.3203661214665772e-14,1.3322676295501878e-15,0.067332042031921446,3.0999128221883439,2.2204460492503126e-16,1.9984014443252818e-14,5.3760164722693737e-15
hex,2,2,0.20000000000000001,gll,shear,0,sine,yzz,fe_geometry,1.3454972088833541,0.6286568201326096,5.9721454650774017,2.1402729848688082,1.7540707502967585,0.82279327732072161,2.2394059485446602,1.6422479854771421,0.008391135440092113,2.848629661373726e-14,1.2093970910379983e-14,0,3.1086244689504383e-15,2.3203661214665772e-14,1.7763568394002505e-15,0.12499999999999921,8,3.1560759038526543e-14,6.3594962629309748e-15,6.6613381477509392e-16,1.0402789740737717e-13,2.3203661214665772e-14,1.3322676295501878e-15,0.067332042031921446,3.0999128221883439,2.2204460492503126e-16,1.9984014443252818e-14,5.3760164722693737e-15
hex,2,2,0.20000000000000001,gll,shear,0,sine,yzz,reused,1.3454972088833477,0.62865682013260671,5.9721454650775065,2.1402729848688082,1.7540707502967534,0.82279327732071927,2.2394059485446549,1.6422479854771395,0.008391135440092113,2.4204689743620583e-14,1.0276197626649483e-14,0,3.1086244689504383e-15,2.3203661214665772e-14,1.7763568394002505e-15,0.12499999999999921,8,3.1560759038526543e-14,6.3594962629309748e-15,6.6613381477509392e-16,1.0402789740737717e-13,2.3203661214665772e-14,1.3322676295501878e-15,0.067332042031921446,3.0999128221883439,2.2204460492503126e-16,1.9984014443252818e-14,5.3760164722693737e-15
hex,2,2,0.20000000000000001,gll,shear,0,sine,yzz,reused_centered,1.345497208883349,0.62865682013260726,5.9721454650775634,2.1402729848688082,1.7540707502967554,0.82279327732072016,2.239405948544654,1.6422479854771366,0.008391135440092113,2.0749645481104131e-14,8.8093447966189678e-15,0,3.1086244689504383e-15,2.3203661214665772e-14,1.7763568394002505e-15,0.12499999999999921,8,3.1560759038526543e-14,6.3594962629309748e-15,6.6613381477509392e-16,1.0402789740737717e-13,2.3203661214665772e-14,1.3322676295501878e-15,0.067332042031921446,3.0999128221883439,2.2204460492503126e-16,1.9984014443252818e-14,5.3760164722693737e-15
hex,2,2,0.20000000000000001,gll,shear,0,sine,zzz,recursive,2.2209148150268163,3.113034875543637,5.5389001332162691,0.71342432828959956,2.3397071973254442,3.292504625368033,0.84700864099529127,0.58836200340964306,0.008391135440092113,0.41365279434882274,0.19092831773218891,0,3.1086244689504383e-15,2.3203661214665772e-14,1.7763568394002505e-15,0.12499999999999921,8,3.1560759038526543e-14,6.3594962629309748e-15,6.6613381477509392e-16,1.0402789740737717e-13,2.3203661214665772e-14,1.3322676295501878e-15,0.067332042031921446,3.0999128221883439,2.2204460492503126e-16,1.9984014443252818e-14,5.3760164722693737e-15
hex,2,2,0.20000000000000001,gll,shear,0,sine,zzz,direct,2.279678651664959,3.1954035785832797,6.7463784312786315,0.71342432828959956,2.4388266267284657,3.4319883950236316,0.39589450565952239,0.22167932576446842,0.008391135440092113,0,0,0,3.1086244689504383e-15,2.3203661214665772e-14,1.7763568394002505e-15,0.12499999999999921,8,3.1560759038526543e-14,6.3594962629309748e-15,6.6613381477509392e-16,1.0402789740737717e-13,2.3203661214665772e-14,1.3322676295501878e-15,0.067332042031921446,3.0999128221883439,2.2204460492503126e-16,1.9984014443252818e-14,5.3760164722693737e-15
hex,2,2,0.20000000000000001,gll,shear,0,sine,zzz,fe_geometry,2.2796786516649523,3.19540357858327,6.7463784312785799,0.71342432828959956,2.4388266267284533,3.4319883950236147,0.39589450565951989,0.22167932576446403,0.008391135440092113,1.7851247094514855e-14,8.239539593931057e-15,0,3.1086244689504383e-15,2.3203661214665772e-14,1.7763568394002505e-15,0.12499999999999921,8,3.1560759038526543e-14,6.3594962629309748e-15,6.6613381477509392e-16,1.0402789740737717e-13,2.3203661214665772e-14,1.3322676295501878e-15,0.067332042031921446,3.0999128221883439,2.2204460492503126e-16,1.9984014443252818e-14,5.3760164722693737e-15
hex,2,2,0.20000000000000001,gll,shear,0,sine,zzz,reused,2.2796786516649576,3.1954035785832779,6.7463784312785871,0.71342432828959956,2.4388266267284604,3.4319883950236245,0.39589450565951573,0.22167932576446567,0.008391135440092113,1.4261857843298632e-14,6.5827973676406552e-15,0,3.1086244689504383e-15,2.3203661214665772e-14,1.7763568394002505e-15,0.12499999999999921,8,3.1560759038526543e-14,6.3594962629309748e-15,6.6613381477509392e-16,1.0402789740737717e-13,2.3203661214665772e-14,1.3322676295501878e-15,0.067332042031921446,3.0999128221883439,2.2204460492503126e-16,1.9984014443252818e-14,5.3760164722693737e-15
hex,2,2,0.20000000000000001,gll,shear,0,sine,zzz,reused_centered,2.2796786516649585,3.1954035785832788,6.7463784312786306,0.71342432828959956,2.4388266267284608,3.4319883950236254,0.39589450565951678,0.22167932576446639,0.008391135440092113,1.0996337669608075e-14,5.0755422933343068e-15,0,3.1086244689504383e-15,2.3203661214665772e-14,1.7763568394002505e-15,0.12499999999999921,8,3.1560759038526543e-14,6.3594962629309748e-15,6.6613381477509392e-16,1.0402789740737717e-13,2.3203661214665772e-14,1.3322676295501878e-15,0.067332042031921446,3.0999128221883439,2.2204460492503126e-16,1.9984014443252818e-14,5.3760164722693737e-15
