family,n,p,amplitude,basis,map,extra,field,derivative,method,error_l2,relative_l2,sampled_linf,truth_l2,face_rms,face_relative_l2,jump_rms,jump_mean_abs,input_error_l2,operator_error_l2,operator_relative_l2,inverse_residual,representation_residual,first_derivative_residual,geometry_residual,min_jacobian,elements,geometry_derivative_residual,geometry_jacobian_residual,fe_inverse_residual,method_agreement,fe_first_residual,face_geometry_residual,initialization_seconds,evaluation_seconds,reused_inverse_residual,reused_first_residual,reused_geometry_residual
hex,2,3,0,gll,shear,0,constant,x,recursive,3.9696731821819267e-14,nan,2.4740463208906738e-13,0,6.7398204010748366e-14,nan,1.0600616168600556e-13,8.6418969320909653e-14,6.5963595797920995e-15,2.4199586184637974e-14,nan,0,2.3314683517128287e-14,1.155742168634788e-13,1.3322676295501878e-15,0.12499999999999933,8,2.2204460492503131e-16,4.7378008634357816e-15,0,0,1.155742168634788e-13,6.6613381477509392e-16,0.18029287704848684,4.4923045678879134,0,2.5757174171303632e-14,4.7378008634357816e-15
hex,2,3,0,gll,shear,0,constant,x,direct,3.807363847888894e-14,nan,2.5882808125402369e-13,0,6.4834445901349404e-14,nan,9.3236269304325774e-14,7.1496051064226173e-14,6.5963595797920995e-15,0,nan,0,2.3314683517128287e-14,1.155742168634788e-13,1.3322676295501878e-15,0.12499999999999933,8,2.2204460492503131e-16,4.7378008634357816e-15,0,0,1.155742168634788e-13,6.6613381477509392e-16,0.18029287704848684,4.4923045678879134,0,2.5757174171303632e-14,4.7378008634357816e-15
hex,2,3,0,gll,shear,0,constant,x,fe_geometry,3.807363847888894e-14,nan,2.5882808125402369e-13,0,6.4834445901349404e-14,nan,9.3236269304325774e-14,7.1496051064226173e-14,6.5963595797920995e-15,0,nan,0,2.3314683517128287e-14,1.155742168634788e-13,1.3322676295501878e-15,0.12499999999999933,8,2.2204460492503131e-16,4.7378008634357816e-15,0,0,1.155742168634788e-13,6.6613381477509392e-16,0.18029287704848684,4.4923045678879134,0,2.5757174171303632e-14,4.7378008634357816e-15
hex,2,3,0,gll,shear,0,constant,x,reused,3.4187026461800685e-14,nan,2.4200041561550849e-13,0,5.9543088629603599e-14,nan,8.8924947465234051e-14,6.9100264483304955e-14,6.5963595797920995e-15,7.9786576608044155e-15,nan,0,2.3314683517128287e-14,1.155742168634788e-13,1.3322676295501878e-15,0.12499999999999933,8,2.2204460492503131e-16,4.7378008634357816e-15,0,0,1.155742168634788e-13,6.6613381477509392e-16,0.18029287704848684,4.4923045678879134,0,2.5757174171303632e-14,4.7378008634357816e-15
hex,2,3,0,gll,shear,0,constant,x,reused_centered,3.4498141444996586e-14,nan,2.426026643503198e-13,0,5.9866123935301748e-14,nan,8.8914095576505833e-14,6.9091645743629842e-14,6.5963595797920995e-15,7.7165599523474246e-15,nan,0,2.3314683517128287e-14,1.155742168634788e-13,1.3322676295501878e-15,0.12499999999999933,8,2.2204460492503131e-16,4.7378008634357816e-15,0,0,1.155742168634788e-13,6.6613381477509392e-16,0.18029287704848684,4.4923045678879134,0,2.5757174171303632e-14,4.7378008634357816e-15
hex,2,3,0,gll,shear,0,constant,y,recursive,4.433763699474635e-14,nan,3.44591423864221e-13,0,7.8626652252727392e-14,nan,1.0930340652285944e-13,8.534521440461437e-14,6.5963595797920995e-15,2.5803579896723006e-14,nan,0,2.3314683517128287e-14,1.155742168634788e-13,1.3322676295501878e-15,0.12499999999999933,8,2.2204460492503131e-16,4.7378008634357816e-15,0,0,1.155742168634788e-13,6.6613381477509392e-16,0.18029287704848684,4.4923045678879134,0,2.5757174171303632e-14,4.7378008634357816e-15
hex,2,3,0,gll,shear,0,constant,y,direct,4.1026503990911573e-14,nan,3.259659489811945e-13,0,7.557900986485594e-14,nan,1.0306728996338862e-13,7.2754030091951255e-14,6.5963595797920995e-15,0,nan,0,2.3314683517128287e-14,1.155742168634788e-13,1.3322676295501878e-15,0.12499999999999933,8,2.2204460492503131e-16,4.7378008634357816e-15,0,0,1.155742168634788e-13,6.6613381477509392e-16,0.18029287704848684,4.4923045678879134,0,2.5757174171303632e-14,4.7378008634357816e-15
hex,2,3,0,gll,shear,0,constant,y,fe_geometry,4.1026503990911573e-14,nan,3.259659489811945e-13,0,7.557900986485594e-14,nan,1.0306728996338862e-13,7.2754030091951255e-14,6.5963595797920995e-15,0,nan,0,2.3314683517128287e-14,1.155742168634788e-13,1.3322676295501878e-15,0.12499999999999933,8,2.2204460492503131e-16,4.7378008634357816e-15,0,0,1.155742168634788e-13,6.6613381477509392e-16,0.18029287704848684,4.4923045678879134,0,2.5757174171303632e-14,4.7378008634357816e-15
hex,2,3,0,gll,shear,0,constant,y,reused,3.9645126674779243e-14,nan,3.1890617745449187e-13,0,7.2793168654101396e-14,nan,9.7014346587547296e-14,6.9314926164685954e-14,6.5963595797920995e-15,1.2611393959994633e-14,nan,0,2.3314683517128287e-14,1.155742168634788e-13,1.3322676295501878e-15,0.12499999999999933,8,2.2204460492503131e-16,4.7378008634357816e-15,0,0,1.155742168634788e-13,6.6613381477509392e-16,0.18029287704848684,4.4923045678879134,0,2.5757174171303632e-14,4.7378008634357816e-15
hex,2,3,0,gll,shear,0,constant,y,reused_centered,3.9981643308109321e-14,nan,3.1902932608009757e-13,0,7.3095893203125612e-14,nan,9.7095297403007042e-14,6.9400555911345338e-14,6.5963595797920995e-15,1.278023772896633e-14,nan,0,2.3314683517128287e-14,1.155742168634788e-13,1.3322676295501878e-15,0.12499999999999933,8,2.2204460492503131e-16,4.7378008634357816e-15,0,0,1.155742168634788e-13,6.6613381477509392e-16,0.18029287704848684,4.4923045678879134,0,2.5757174171303632e-14,4.7378008634357816e-15
hex,2,3,0,gll,shear,0,constant,z,recursive,1.3165862375557874e-13,nan,7.4586462336125843e-13,0,2.3828445879507992e-13,nan,1.2207024662427488e-13,8.8087868679281006e-14,6.5963595797920995e-15,2.2259794497355537e-14,nan,0,2.3314683517128287e-14,1.155742168634788e-13,1.3322676295501878e-15,0.12499999999999933,8,2.2204460492503131e-16,4.7378008634357816e-15,0,0,1.155742168634788e-13,6.6613381477509392e-16,0.18029287704848684,4.4923045678879134,0,2.5757174171303632e-14,4.7378008634357816e-15
hex,2,3,0,gll,shear,0,constant,z,direct,1.2417187960474333e-13,nan,7.9204121565856051e-13,0,2.3091220742677265e-13,nan,9.2450963520949514e-14,6.2670442801172533e-14,6.5963595797920995e-15,0,nan,0,2.3314683517128287e-14,1.155742168634788e-13,1.3322676295501878e-15,0.12499999999999933,8,2.2204460492503131e-16,4.7378008634357816e-15,0,0,1.155742168634788e-13,6.6613381477509392e-16,0.18029287704848684,4.4923045678879134,0,2.5757174171303632e-14,4.7378008634357816e-15
hex,2,3,0,gll,shear,0,constant,z,fe_geometry,1.2417187960474333e-13,nan,7.9204121565856051e-13,0,2.3091220742677265e-13,nan,9.2450963520949514e-14,6.2670442801172533e-14,6.5963595797920995e-15,0,nan,0,2.3314683517128287e-14,1.155742168634788e-13,1.3322676295501878e-15,0.12499999999999933,8,2.2204460492503131e-16,4.7378008634357816e-15,0,0,1.155742168634788e-13,6.6613381477509392e-16,0.18029287704848684,4.4923045678879134,0,2.5757174171303632e-14,4.7378008634357816e-15
hex,2,3,0,gll,shear,0,constant,z,reused,1.223888252438547e-13,nan,7.5106243041044028e-13,0,2.2652289498203949e-13,nan,8.9498615658310939e-14,6.070873134378318e-14,6.5963595797920995e-15,8.7347994173354093e-15,nan,0,2.3314683517128287e-14,1.155742168634788e-13,1.3322676295501878e-15,0.12499999999999933,8,2.2204460492503131e-16,4.7378008634357816e-15,0,0,1.155742168634788e-13,6.6613381477509392e-16,0.18029287704848684,4.4923045678879134,0,2.5757174171303632e-14,4.7378008634357816e-15
hex,2,3,0,gll,shear,0,constant,z,reused_centered,1.2258262787923968e-13,nan,7.5147884539575891e-13,0,2.2664907168719003e-13,nan,8.9448076330106614e-14,6.0660637801825016e-14,6.5963595797920995e-15,8.8208374847705476e-15,nan,0,2.3314683517128287e-14,1.155742168634788e-13,1.3322676295501878e-15,0.12499999999999933,8,2.2204460492503131e-16,4.7378008634357816e-15,0,0,1.155742168634788e-13,6.6613381477509392e-16,0.18029287704848684,4.4923045678879134,0,2.5757174171303632e-14,4.7378008634357816e-15
hex,2,3,0,gll,shear,0,constant,xx,recursive,5.7796292802006203e-13,nan,4.67649594499271e-12,0,9.5128526385825315e-13,nan,1.0267010035908793e-12,7.6408019612368233e-13,6.5963595797920995e-15,5.6108309055502987e-13,nan,0,2.3314683517128287e-14,1.155742168634788e-13,1.3322676295501878e-15,0.12499999999999933,8,2.2204460492503131e-16,4.7378008634357816e-15,0,0,1.155742168634788e-13,6.6613381477509392e-16,0.18029287704848684,4.4923045678879134,0,2.5757174171303632e-14,4.7378008634357816e-15
hex,2,3,0,gll,shear,0,constant,xx,direct,3.1868179830009476e-13,nan,1.7254914953223972e-12,0,4.7228980605769675e-13,nan,6.4920814613119919e-13,5.2735465452782706e-13,6.5963595797920995e-15,0,nan,0,2.3314683517128287e-14,1.155742168634788e-13,1.3322676295501878e-15,0.12499999999999933,8,2.2204460492503131e-16,4.7378008634357816e-15,0,0,1.155742168634788e-13,6.6613381477509392e-16,0.18029287704848684,4.4923045678879134,0,2.5757174171303632e-14,4.7378008634357816e-15
hex,2,3,0,gll,shear,0,constant,xx,fe_geometry,3.1868179830009476e-13,nan,1.7254914953223972e-12,0,4.7228980605769675e-13,nan,6.4920814613119919e-13,5.2735465452782706e-13,6.5963595797920995e-15,0,nan,0,2.3314683517128287e-14,1.155742168634788e-13,1.3322676295501878e-15,0.12499999999999933,8,2.2204460492503131e-16,4.7378008634357816e-15,0,0,1.155742168634788e-13,6.6613381477509392e-16,0.18029287704848684,4.4923045678879134,0,2.5757174171303632e-14,4.7378008634357816e-15
hex,2,3,0,gll,shear,0,constant,xx,reused,2.8835437342703133e-13,nan,1.7229260925320543e-12,0,4.564555760920921e-13,nan,6.6799114403751829e-13,5.3545916076933504e-13,6.5963595797920995e-15,8.0176029113918337e-14,nan,0,2.3314683517128287e-14,1.155742168634788e-13,1.3322676295501878e-15,0.12499999999999933,8,2.2204460492503131e-16,4.7378008634357816e-15,0,0,1.155742168634788e-13,6.6613381477509392e-16,0.18029287704848684,4.4923045678879134,0,2.5757174171303632e-14,4.7378008634357816e-15
hex,2,3,0,gll,shear,0,constant,xx,reused_centered,2.8784506286470628e-13,nan,1.7067083593618979e-12,0,4.542187961177664e-13,nan,6.6828513594944761e-13,5.3522311087850244e-13,6.5963595797920995e-15,7.9626289540822706e-14,nan,0,2.3314683517128287e-14,1.155742168634788e-13,1.3322676295501878e-15,0.12499999999999933,8,2.2204460492503131e-16,4.7378008634357816e-15,0,0,1.155742168634788e-13,6.6613381477509392e-16,0.18029287704848684,4.4923045678879134,0,2.5757174171303632e-14,4.7378008634357816e-15
hex,2,3,0,gll,shear,0,constant,xy,recursive,4.3204507371904236e-13,nan,4.5814519816419994e-12,0,7.7531116045306102e-13,nan,1.0107731658751951e-12,6.9399714110023691e-13,6.5963595797920995e-15,2.6099870316376673e-13,nan,0,2.3314683517128287e-14,1.155742168634788e-13,1.3322676295501878e-15,0.12499999999999933,8,2.2204460492503131e-16,4.7378008634357816e-15,0,0,1.155742168634788e-13,6.6613381477509392e-16,0.18029287704848684,4.4923045678879134,0,2.5757174171303632e-14,4.7378008634357816e-15
hex,2,3,0,gll,shear,0,constant,xy,direct,4.217603106791724e-13,nan,4.6445148597161547e-12,0,7.259153026949495e-13,nan,1.0577434398436031e-12,7.3367410900711858e-13,6.5963595797920995e-15,0,nan,0,2.3314683517128287e-14,1.155742168634788e-13,1.3322676295501878e-15,0.12499999999999933,8,2.2204460492503131e-16,4.7378008634357816e-15,0,0,1.155742168634788e-13,6.6613381477509392e-16,0.18029287704848684,4.4923045678879134,0,2.5757174171303632e-14,4.7378008634357816e-15
hex,2,3,0,gll,shear,0,constant,xy,fe_geometry,4.217603106791724e-13,nan,4.6445148597161547e-12,0,7.259153026949495e-13,nan,1.0577434398436031e-12,7.3367410900711858e-13,6.5963595797920995e-15,0,nan,0,2.3314683517128287e-14,1.155742168634788e-13,1.3322676295501878e-15,0.12499999999999933,8,2.2204460492503131e-16,4.7378008634357816e-15,0,0,1.155742168634788e-13,6.6613381477509392e-16,0.18029287704848684,4.4923045678879134,0,2.5757174171303632e-14,4.7378008634357816e-15
hex,2,3,0,gll,shear,0,constant,xy,reused,3.8411489342168125e-13,nan,4.3331669573991092e-12,0,6.8126533395337752e-13,nan,9.409025236527839e-13,6.485038222428284e-13,6.5963595797920995e-15,8.0006125951064795e-14,nan,0,2.3314683517128287e-14,1.155742168634788e-13,1.3322676295501878e-15,0.12499999999999933,8,2.2204460492503131e-16,4.7378008634357816e-15,0,0,1.155742168634788e-13,6.6613381477509392e-16,0.18029287704848684,4.4923045678879134,0,2.5757174171303632e-14,4.7378008634357816e-15
hex,2,3,0,gll,shear,0,constant,xy,reused_centered,3.842149764668343e-13,nan,4.328062744005885e-12,0,6.8155447658297188e-13,nan,9.4051598966020016e-13,6.4858669623761693e-13,6.5963595797920995e-15,8.0130298807715658e-14,nan,0,2.3314683517128287e-14,1.155742168634788e-13,1.3322676295501878e-15,0.12499999999999933,8,2.2204460492503131e-16,4.7378008634357816e-15,0,0,1.155742168634788e-13,6.6613381477509392e-16,0.18029287704848684,4.4923045678879134,0,2.5757174171303632e-14,4.7378008634357816e-15
hex,2,3,0,gll,shear,0,constant,xz,recursive,5.9668751182324391e-13,nan,6.4486573882627916e-12,0,9.6289935727550494e-13,nan,1.0174632901014203e-12,6.6670219851437548e-13,6.5963595797920995e-15,3.6771474663539057e-13,nan,0,2.3314683517128287e-14,1.155742168634788e-13,1.3322676295501878e-15,0.12499999999999933,8,2.2204460492503131e-16,4.7378008634357816e-15,0,0,1.155742168634788e-13,6.6613381477509392e-16,0.18029287704848684,4.4923045678879134,0,2.5757174171303632e-14,4.7378008634357816e-15
hex,2,3,0,gll,shear,0,constant,xz,direct,5.5954305859752879e-13,nan,5.9759572355630632e-12,0,1.0039503001443082e-12,nan,1.2451282359989147e-12,8.1249537029085681e-13,6.5963595797920995e-15,0,nan,0,2.3314683517128287e-14,1.155742168634788e-13,1.3322676295501878e-15,0.12499999999999933,8,2.2204460492503131e-16,4.7378008634357816e-15,0,0,1.155742168634788e-13,6.6613381477509392e-16,0.18029287704848684,4.4923045678879134,0,2.5757174171303632e-14,4.7378008634357816e-15
hex,2,3,0,gll,shear,0,constant,xz,fe_geometry,5.5954305859752879e-13,nan,5.9759572355630632e-12,0,1.0039503001443082e-12,nan,1.2451282359989147e-12,8.1249537029085681e-13,6.5963595797920995e-15,0,nan,0,2.3314683517128287e-14,1.155742168634788e-13,1.3322676295501878e-15,0.12499999999999933,8,2.2204460492503131e-16,4.7378008634357816e-15,0,0,1.155742168634788e-13,6.6613381477509392e-16,0.18029287704848684,4.4923045678879134,0,2.5757174171303632e-14,4.7378008634357816e-15
hex,2,3,0,gll,shear,0,constant,xz,reused,5.559307897383899e-13,nan,5.8708862917249006e-12,0,1.0005832075789967e-12,nan,1.2486835045747976e-12,8.1751608469111325e-13,6.5963595797920995e-15,4.5495544969303626e-14,nan,0,2.3314683517128287e-14,1.155742168634788e-13,1.3322676295501878e-15,0.12499999999999933,8,2.2204460492503131e-16,4.7378008634357816e-15,0,0,1.155742168634788e-13,6.6613381477509392e-16,0.18029287704848684,4.4923045678879134,0,2.5757174171303632e-14,4.7378008634357816e-15
hex,2,3,0,gll,shear,0,constant,xz,reused_centered,5.5539271677869185e-13,nan,5.8579588662400385e-12,0,9.9952870215185638e-13,nan,1.2477450940894032e-12,8.1716263939376916e-13,6.5963595797920995e-15,4.5491683771865778e-14,nan,0,2.3314683517128287e-14,1.155742168634788e-13,1.3322676295501878e-15,0.12499999999999933,8,2.2204460492503131e-16,4.7378008634357816e-15,0,0,1.155742168634788e-13,6.6613381477509392e-16,0.18029287704848684,4.4923045678879134,0,2.5757174171303632e-14,4.7378008634357816e-15
hex,2,3,0,gll,shear,0,constant,yy,recursive,5.9031331732433385e-13,nan,5.2145097566864745e-12,0,9.922864432216323e-13,nan,1.2204435406450877e-12,8.6317722054611756e-13,6.5963595797920995e-15,5.0716619690984304e-13,nan,0,2.3314683517128287e-14,1.155742168634788e-13,1.3322676295501878e-15,0.12499999999999933,8,2.2204460492503131e-16,4.7378008634357816e-15,0,0,1.155742168634788e-13,6.6613381477509392e-16,0.18029287704848684,4.4923045678879134,0,2.5757174171303632e-14,4.7378008634357816e-15
hex,2,3,0,gll,shear,0,constant,yy,direct,4.201568955138818e-13,nan,3.172682575766578e-12,0,7.3097238308121907e-13,nan,1.156786285981455e-12,8.7869174996059973e-13,6.5963595797920995e-15,0,nan,0,2.3314683517128287e-14,1.155742168634788e-13,1.3322676295501878e-15,0.12499999999999933,8,2.2204460492503131e-16,4.7378008634357816e-15,0,0,1.155742168634788e-13,6.6613381477509392e-16,0.18029287704848684,4.4923045678879134,0,2.5757174171303632e-14,4.7378008634357816e-15
hex,2,3,0,gll,shear,0,constant,yy,fe_geometry,4.201568955138818e-13,nan,3.172682575766578e-12,0,7.3097238308121907e-13,nan,1.156786285981455e-12,8.7869174996059973e-13,6.5963595797920995e-15,0,nan,0,2.3314683517128287e-14,1.155742168634788e-13,1.3322676295501878e-15,0.12499999999999933,8,2.2204460492503131e-16,4.7378008634357816e-15,0,0,1.155742168634788e-13,6.6613381477509392e-16,0.18029287704848684,4.4923045678879134,0,2.5757174171303632e-14,4.7378008634357816e-15
hex,2,3,0,gll,shear,0,constant,yy,reused,4.0731350166531153e-13,nan,2.6319761213994618e-12,0,6.8992477675636049e-13,nan,1.0698020563409102e-12,8.152735097541967e-13,6.5963595797920995e-15,1.1826256163027998e-13,nan,0,2.3314683517128287e-14,1.155742168634788e-13,1.3322676295501878e-15,0.12499999999999933,8,2.2204460492503131e-16,4.7378008634357816e-15,0,0,1.155742168634788e-13,6.6613381477509392e-16,0.18029287704848684,4.4923045678879134,0,2.5757174171303632e-14,4.7378008634357816e-15
hex,2,3,0,gll,shear,0,constant,yy,reused_centered,4.0702050993341952e-13,nan,2.6527136622434076e-12,0,6.8831065854094638e-13,nan,1.0698095627098541e-12,8.1503397523912021e-13,6.5963595797920995e-15,1.1707069315045619e-13,nan,0,2.3314683517128287e-14,1.155742168634788e-13,1.3322676295501878e-15,0.12499999999999933,8,2.2204460492503131e-16,4.7378008634357816e-15,0,0,1.155742168634788e-13,6.6613381477509392e-16,0.18029287704848684,4.4923045678879134,0,2.5757174171303632e-14,4.7378008634357816e-15
hex,2,3,0,gll,shear,0,constant,yz,recursive,6.9504381326755345e-13,nan,7.0316965810137501e-12,0,1.2611341693663153e-12,nan,7.5755099808514374e-13,5.1997278311438255e-13,6.5963595797920995e-15,3.5170766098894351e-13,nan,0,2.3314683517128287e-14,1.155742168634788e-13,1.3322676295501878e-15,0.12499999999999933,8,2.2204460492503131e-16,4.7378008634357816e-15,0,0,1.155742168634788e-13,6.6613381477509392e-16,0.18029287704848684,4.4923045678879134,0,2.5757174171303632e-14,4.7378008634357816e-15
hex,2,3,0,gll,shear,0,constant,yz,direct,7.1045942867713706e-13,nan,7.1765685125766054e-12,0,1.3718993443571597e-12,nan,1.1497514393808014e-12,7.1212874695418083e-13,6.5963595797920995e-15,0,nan,0,2.3314683517128287e-14,1.155742168634788e-13,1.3322676295501878e-15,0.12499999999999933,8,2.2204460492503131e-16,4.7378008634357816e-15,0,0,1.155742168634788e-13,6.6613381477509392e-16,0.18029287704848684,4.4923045678879134,0,2.5757174171303632e-14,4.7378008634357816e-15
hex,2,3,0,gll,shear,0,constant,yz,fe_geometry,7.1045942867713706e-13,nan,7.1765685125766054e-12,0,1.3718993443571597e-12,nan,1.1497514393808014e-12,7.1212874695418083e-13,6.5963595797920995e-15,0,nan,0,2.3314683517128287e-14,1.155742168634788e-13,1.3322676295501878e-15,0.12499999999999933,8,2.2204460492503131e-16,4.7378008634357816e-15,0,0,1.155742168634788e-13,6.6613381477509392e-16,0.18029287704848684,4.4923045678879134,0,2.5757174171303632e-14,4.7378008634357816e-15
hex,2,3,0,gll,shear,0,constant,yz,reused,6.7940702231679859e-13,nan,7.0647952841004045e-12,0,1.321542473822586e-12,nan,1.0934288799761448e-12,6.8103587722176001e-13,6.5963595797920995e-15,6.8439498688487807e-14,nan,0,2.3314683517128287e-14,1.155742168634788e-13,1.3322676295501878e-15,0.12499999999999933,8,2.2204460492503131e-16,4.7378008634357816e-15,0,0,1.155742168634788e-13,6.6613381477509392e-16,0.18029287704848684,4.4923045678879134,0,2.5757174171303632e-14,4.7378008634357816e-15
hex,2,3,0,gll,shear,0,constant,yz,reused_centered,6.7940863112188469e-13,nan,7.0679786862592174e-12,0,1.3213915747591856e-12,nan,1.0952643133099514e-12,6.8229917681337777e-13,6.5963595797920995e-15,6.8408561181745647e-14,nan,0,2.3314683517128287e-14,1.155742168634788e-13,1.3322676295501878e-15,0.12499999999999933,8,2.2204460492503131e-16,4.7378008634357816e-15,0,0,1.155742168634788e-13,6.6613381477509392e-16,0.18029287704848684,4.4923045678879134,0,2.5757174171303632e-14,4.7378008634357816e-15
hex,2,3,0,gll,shear,0,constant,zz,recursive,1.8917124520601293e-12,nan,8.1224144381618689e-12,0,2.8927936511795049e-12,nan,3.7523260298965596e-12,2.4359273063096232e-12,6.5963595797920995e-15,4.5140629779751103e-13,0.25877165059443569,0,2.3314683517128287e-14,1.155742168634788e-13,1.3322676295501878e-15,0.12499999999999933,8,2.2204460492503131e-16,4.7378008634357816e-15,0,0,1.155742168634788e-13,6.6613381477509392e-16,0.18029287704848684,4.4923045678879134,0,2.5757174171303632e-14,4.7378008634357816e-15
hex,2,3,0,gll,shear,0,constant,zz,direct,1.7444194399215135e-12,nan,7.9090461281683016e-12,0,2.7776285110597821e-12,nan,3.5360635102470106e-12,2.2226178613158413e-12,6.5963595797920995e-15,0,0,0,2.3314683517128287e-14,1.155742168634788e-13,1.3322676295501878e-15,0.12499999999999933,8,2.2204460492503131e-16,4.7378008634357816e-15,0,0,1.155742168634788e-13,6.6613381477509392e-16,0.18029287704848684,4.4923045678879134,0,2.5757174171303632e-14,4.7378008634357816e-15
hex,2,3,0,gll,shear,0,constant,zz,fe_geometry,1.7444194399215135e-12,nan,7.9090461281683016e-12,0,2.7776285110597821e-12,nan,3.5360635102470106e-12,2.2226178613158413e-12,6.5963595797920995e-15,0,0,0,2.3314683517128287e-14,1.155742168634788e-13,1.3322676295501878e-15,0.12499999999999933,8,2.2204460492503131e-16,4.7378008634357816e-15,0,0,1.155742168634788e-13,6.6613381477509392e-16,0.18029287704848684,4.4923045678879134,0,2.5757174171303632e-14,4.7378008634357816e-15
hex,2,3,0,gll,shear,0,constant,zz,reused,1.7450819424573879e-12,nan,7.6827244593010389e-12,0,2.7548163014468508e-12,nan,3.5338840175852638e-12,2.2151982503799294e-12,6.5963595797920995e-15,7.1002660560761586e-14,0.04070274553002929,0,2.3314683517128287e-14,1.155742168634788e-13,1.3322676295501878e-15,0.12499999999999933,8,2.2204460492503131e-16,4.7378008634357816e-15,0,0,1.155742168634788e-13,6.6613381477509392e-16,0.18029287704848684,4.4923045678879134,0,2.5757174171303632e-14,4.7378008634357816e-15
hex,2,3,0,gll,shear,0,constant,zz,reused_centered,1.7462606598898775e-12,nan,7.6672321191510918e-12,0,2.7558810042029652e-12,nan,3.5358968027552535e-12,2.2164201175389165e-12,6.5963595797920995e-15,7.0460867583326868e-14,0.040392159116558066,0,2.3314683517128287e-14,1.155742168634788e-13,1.3322676295501878e-15,0.12499999999999933,8,2.2204460492503131e-16,4.7378008634357816e-15,0,0,1.155742168634788e-13,6.6613381477509392e-16,0.18029287704848684,4.4923045678879134,0,2.5757174171303632e-14,4.7378008634357816e-15
hex,2,3,0,gll,shear,0,constant,xxx,recursive,7.4841454159730256e-12,nan,4.2479049881413435e-11,0,1.0476110499345244e-11,nan,1.9424657899062462e-11,1.4406887078922308e-11,6.5963595797920995e-15,7.4044086246220475e-12,5.2734038575380318,0,2.3314683517128287e-14,1.155742168634788e-13,1.3322676295501878e-15,0.12499999999999933,8,2.2204460492503131e-16,4.7378008634357816e-15,0,0,1.155742168634788e-13,6.6613381477509392e-16,0.18029287704848684,4.4923045678879134,0,2.5757174171303632e-14,4.7378008634357816e-15
hex,2,3,0,gll,shear,0,constant,xxx,direct,1.4041042227474887e-12,nan,5.6351781118025364e-12,0,1.7417421338069064e-12,nan,2.699794242105508e-12,2.0355028412783966e-12,6.5963595797920995e-15,0,0,0,2.3314683517128287e-14,1.155742168634788e-13,1.3322676295501878e-15,0.12499999999999933,8,2.2204460492503131e-16,4.7378008634357816e-15,0,0,1.155742168634788e-13,6.6613381477509392e-16,0.18029287704848684,4.4923045678879134,0,2.5757174171303632e-14,4.7378008634357816e-15
hex,2,3,0,gll,shear,0,constant,xxx,fe_geometry,1.4041042227474887e-12,nan,5.6351781118025364e-12,0,1.7417421338069064e-12,nan,2.699794242105508e-12,2.0355028412783966e-12,6.5963595797920995e-15,0,0,0,2.3314683517128287e-14,1.155742168634788e-13,1.3322676295501878e-15,0.12499999999999933,8,2.2204460492503131e-16,4.7378008634357816e-15,0,0,1.155742168634788e-13,6.6613381477509392e-16,0.18029287704848684,4.4923045678879134,0,2.5757174171303632e-14,4.7378008634357816e-15
hex,2,3,0,gll,shear,0,constant,xxx,reused,1.2697192836814113e-12,nan,6.2218193162199559e-12,0,1.8842478673224773e-12,nan,3.1830674021921609e-12,2.3563893140084897e-12,6.5963595797920995e-15,4.9799995565183217e-13,0.35467449465921264,0,2.3314683517128287e-14,1.155742168634788e-13,1.3322676295501878e-15,0.12499999999999933,8,2.2204460492503131e-16,4.7378008634357816e-15,0,0,1.155742168634788e-13,6.6613381477509392e-16,0.18029287704848684,4.4923045678879134,0,2.5757174171303632e-14,4.7378008634357816e-15
hex,2,3,0,gll,shear,0,constant,xxx,reused_centered,1.2567062177128175e-12,nan,5.9653081474667447e-12,0,1.8749496680513751e-12,nan,3.1693270638295221e-12,2.3151401759460865e-12,6.5963595797920995e-15,4.7065184574625266e-13,0.33519722975072463,0,2.3314683517128287e-14,1.155742168634788e-13,1.3322676295501878e-15,0.12499999999999933,8,2.2204460492503131e-16,4.7378008634357816e-15,0,0,1.155742168634788e-13,6.6613381477509392e-16,0.18029287704848684,4.4923045678879134,0,2.5757174171303632e-14,4.7378008634357816e-15
hex,2,3,0,gll,shear,0,constant,xxy,recursive,6.3733236434775692e-12,nan,6.9677440743193612e-11,0,1.1672018866104233e-11,nan,1.1250238618084455e-11,7.7237662141810355e-12,6.5963595797920995e-15,5.566950863587952e-12,1.2327420515355623,0,2.3314683517128287e-14,1.155742168634788e-13,1.3322676295501878e-15,0.12499999999999933,8,2.2204460492503131e-16,4.7378008634357816e-15,0,0,1.155742168634788e-13,6.6613381477509392e-16,0.18029287704848684,4.4923045678879134,0,2.5757174171303632e-14,4.7378008634357816e-15
hex,2,3,0,gll,shear,0,constant,xxy,direct,4.5159089500139083e-12,nan,3.9810285216730516e-11,0,7.5136878281354302e-12,nan,9.9788189107338049e-12,6.9894279647062245e-12,6.5963595797920995e-15,0,0,0,2.3314683517128287e-14,1.155742168634788e-13,1.3322676295501878e-15,0.12499999999999933,8,2.2204460492503131e-16,4.7378008634357816e-15,0,0,1.155742168634788e-13,6.6613381477509392e-16,0.18029287704848684,4.4923045678879134,0,2.5757174171303632e-14,4.7378008634357816e-15
hex,2,3,0,gll,shear,0,constant,xxy,fe_geometry,4.5159089500139083e-12,nan,3.9810285216730516e-11,0,7.5136878281354302e-12,nan,9.9788189107338049e-12,6.9894279647062245e-12,6.5963595797920995e-15,0,0,0,2.3314683517128287e-14,1.155742168634788e-13,1.3322676295501878e-15,0.12499999999999933,8,2.2204460492503131e-16,4.7378008634357816e-15,0,0,1.155742168634788e-13,6.6613381477509392e-16,0.18029287704848684,4.4923045678879134,0,2.5757174171303632e-14,4.7378008634357816e-15
hex,2,3,0,gll,shear,0,constant,xxy,reused,4.2740738756349593e-12,nan,3.7249855901010186e-11,0,7.2772292359396401e-12,nan,9.4345722793477004e-12,6.4712886628515461e-12,6.5963595797920995e-15,7.7234919388109962e-13,0.17102851329159791,0,2.3314683517128287e-14,1.155742168634788e-13,1.3322676295501878e-15,0.12499999999999933,8,2.2204460492503131e-16,4.7378008634357816e-15,0,0,1.155742168634788e-13,6.6613381477509392e-16,0.18029287704848684,4.4923045678879134,0,2.5757174171303632e-14,4.7378008634357816e-15
hex,2,3,0,gll,shear,0,constant,xxy,reused_centered,4.2764687200208977e-12,nan,3.7361131621117858e-11,0,7.2825209033525364e-12,nan,9.4400791138899447e-12,6.4743010321804069e-12,6.5963595797920995e-15,7.7340784577630149e-13,0.17126294049261545,0,2.3314683517128287e-14,1.155742168634788e-13,1.3322676295501878e-15,0.12499999999999933,8,2.2204460492503131e-16,4.7378008634357816e-15,0,0,1.155742168634788e-13,6.6613381477509392e-16,0.18029287704848684,4.4923045678879134,0,2.5757174171303632e-14,4.7378008634357816e-15
hex,2,3,0,gll,shear,0,constant,xxz,recursive,8.629686056882309e-12,nan,8.3142116639485296e-11,0,1.7017136035606187e-11,nan,1.064006821866954e-11,7.375304472536329e-12,6.5963595797920995e-15,9.1858437438705376e-12,2.0973450786502572,0,2.3314683517128287e-14,1.155742168634788e-13,1.3322676295501878e-15,0.12499999999999933,8,2.2204460492503131e-16,4.7378008634357816e-15,0,0,1.155742168634788e-13,6.6613381477509392e-16,0.18029287704848684,4.4923045678879134,0,2.5757174171303632e-14,4.7378008634357816e-15
hex,2,3,0,gll,shear,0,constant,xxz,direct,4.3797483959015798e-12,nan,4.4881011476741985e-11,0,7.3660163658427953e-12,nan,7.364719289154573e-12,5.2651418367036486e-12,6.5963595797920995e-15,0,0,0,2.3314683517128287e-14,1.155742168634788e-13,1.3322676295501878e-15,0.12499999999999933,8,2.2204460492503131e-16,4.7378008634357816e-15,0,0,1.155742168634788e-13,6.6613381477509392e-16,0.18029287704848684,4.4923045678879134,0,2.5757174171303632e-14,4.7378008634357816e-15
hex,2,3,0,gll,shear,0,constant,xxz,fe_geometry,4.3797483959015798e-12,nan,4.4881011476741985e-11,0,7.3660163658427953e-12,nan,7.364719289154573e-12,5.2651418367036486e-12,6.5963595797920995e-15,0,0,0,2.3314683517128287e-14,1.155742168634788e-13,1.3322676295501878e-15,0.12499999999999933,8,2.2204460492503131e-16,4.7378008634357816e-15,0,0,1.155742168634788e-13,6.6613381477509392e-16,0.18029287704848684,4.4923045678879134,0,2.5757174171303632e-14,4.7378008634357816e-15
hex,2,3,0,gll,shear,0,constant,xxz,reused,4.3718613852598833e-12,nan,4.3560582146942234e-11,0,7.404079388633326e-12,nan,7.5533472993665032e-12,5.3623826889961742e-12,6.5963595797920995e-15,5.9935245832091459e-13,0.13684632178455006,0,2.3314683517128287e-14,1.155742168634788e-13,1.3322676295501878e-15,0.12499999999999933,8,2.2204460492503131e-16,4.7378008634357816e-15,0,0,1.155742168634788e-13,6.6613381477509392e-16,0.18029287704848684,4.4923045678879134,0,2.5757174171303632e-14,4.7378008634357816e-15
hex,2,3,0,gll,shear,0,constant,xxz,reused_centered,4.3664103148415104e-12,nan,4.3464255160534488e-11,0,7.3960171846184584e-12,nan,7.5598782677498549e-12,5.364526251196874e-12,6.5963595797920995e-15,6.0064310144094037e-13,0.13714100609135488,0,2.3314683517128287e-14,1.155742168634788e-13,1.3322676295501878e-15,0.12499999999999933,8,2.2204460492503131e-16,4.7378008634357816e-15,0,0,1.155742168634788e-13,6.6613381477509392e-16,0.18029287704848684,4.4923045678879134,0,2.5757174171303632e-14,4.7378008634357816e-15
hex,2,3,0,gll,shear,0,constant,xyy,recursive,4.9169224053762141e-12,nan,4.5111589246055891e-11,0,8.6262427468720676e-12,nan,1.256198026359273e-11,8.5228071406597367e-12,6.5963595797920995e-15,3.0263686122630396e-12,0.66463809833785226,0,2.3314683517128287e-14,1.155742168634788e-13,1.3322676295501878e-15,0.12499999999999933,8,2.2204460492503131e-16,4.7378008634357816e-15,0,0,1.155742168634788e-13,6.6613381477509392e-16,0.18029287704848684,4.4923045678879134,0,2.5757174171303632e-14,4.7378008634357816e-15
hex,2,3,0,gll,shear,0,constant,xyy,direct,4.5534082680957903e-12,nan,4.0525805303354573e-11,0,7.5823761188401027e-12,nan,1.0556018885198851e-11,7.2825118420739478e-12,6.5963595797920995e-15,0,0,0,2.3314683517128287e-14,1.155742168634788e-13,1.3322676295501878e-15,0.12499999999999933,8,2.2204460492503131e-16,4.7378008634357816e-15,0,0,1.155742168634788e-13,6.6613381477509392e-16,0.18029287704848684,4.4923045678879134,0,2.5757174171303632e-14,4.7378008634357816e-15
hex,2,3,0,gll,shear,0,constant,xyy,fe_geometry,4.5534082680957903e-12,nan,4.0525805303354573e-11,0,7.5823761188401027e-12,nan,1.0556018885198851e-11,7.2825118420739478e-12,6.5963595797920995e-15,0,0,0,2.3314683517128287e-14,1.155742168634788e-13,1.3322676295501878e-15,0.12499999999999933,8,2.2204460492503131e-16,4.7378008634357816e-15,0,0,1.155742168634788e-13,6.6613381477509392e-16,0.18029287704848684,4.4923045678879134,0,2.5757174171303632e-14,4.7378008634357816e-15
hex,2,3,0,gll,shear,0,constant,xyy,reused,4.2239563886331955e-12,nan,3.6105302497022206e-11,0,7.1711546723969043e-12,nan,9.7371499151051915e-12,6.7872541368583002e-12,6.5963595797920995e-15,8.9828808167570994e-13,0.19727817687021701,0,2.3314683517128287e-14,1.155742168634788e-13,1.3322676295501878e-15,0.12499999999999933,8,2.2204460492503131e-16,4.7378008634357816e-15,0,0,1.155742168634788e-13,6.6613381477509392e-16,0.18029287704848684,4.4923045678879134,0,2.5757174171303632e-14,4.7378008634357816e-15
hex,2,3,0,gll,shear,0,constant,xyy,reused_centered,4.2272931424394747e-12,nan,3.606768762418008e-11,0,7.1774513725669567e-12,nan,9.7370749855111043e-12,6.7852534679537726e-12,6.5963595797920995e-15,8.9888788872727038e-13,0.19740990392306293,0,2.3314683517128287e-14,1.155742168634788e-13,1.3322676295501878e-15,0.12499999999999933,8,2.2204460492503131e-16,4.7378008634357816e-15,0,0,1.155742168634788e-13,6.6613381477509392e-16,0.18029287704848684,4.4923045678879134,0,2.5757174171303632e-14,4.7378008634357816e-15
hex,2,3,0,gll,shear,0,constant,xyz,recursive,4.9890219849393388e-12,nan,8.7682867625565738e-11,0,1.0316199194660959e-11,nan,1.396759245538093e-11,8.9912330521706403e-12,6.5963595797920995e-15,1.9337460602190766e-12,0.45885610267160387,0,2.3314683517128287e-14,1.155742168634788e-13,1.3322676295501878e-15,0.12499999999999933,8,2.2204460492503131e-16,4.7378008634357816e-15,0,0,1.155742168634788e-13,6.6613381477509392e-16,0.18029287704848684,4.4923045678879134,0,2.5757174171303632e-14,4.7378008634357816e-15
hex,2,3,0,gll,shear,0,constant,xyz,direct,4.2142755625569793e-12,nan,1.1032511562009897e-10,0,8.8980439218152567e-12,nan,1.2183692081615328e-11,7.6600295879676614e-12,6.5963595797920995e-15,0,0,0,2.3314683517128287e-14,1.155742168634788e-13,1.3322676295501878e-15,0.12499999999999933,8,2.2204460492503131e-16,4.7378008634357816e-15,0,0,1.155742168634788e-13,6.6613381477509392e-16,0.18029287704848684,4.4923045678879134,0,2.5757174171303632e-14,4.7378008634357816e-15
hex,2,3,0,gll,shear,0,constant,xyz,fe_geometry,4.2142755625569793e-12,nan,1.1032511562009897e-10,0,8.8980439218152567e-12,nan,1.2183692081615328e-11,7.6600295879676614e-12,6.5963595797920995e-15,0,0,0,2.3314683517128287e-14,1.155742168634788e-13,1.3322676295501878e-15,0.12499999999999933,8,2.2204460492503131e-16,4.7378008634357816e-15,0,0,1.155742168634788e-13,6.6613381477509392e-16,0.18029287704848684,4.4923045678879134,0,2.5757174171303632e-14,4.7378008634357816e-15
hex,2,3,0,gll,shear,0,constant,xyz,reused,4.0964592279452618e-12,nan,1.0822781008333289e-10,0,8.6207174505272733e-12,nan,1.2139654318218658e-11,7.6216815308166621e-12,6.5963595797920995e-15,4.1474231047059525e-13,0.098413666670376335,0,2.3314683517128287e-14,1.155742168634788e-13,1.3322676295501878e-15,0.12499999999999933,8,2.2204460492503131e-16,4.7378008634357816e-15,0,0,1.155742168634788e-13,6.6613381477509392e-16,0.18029287704848684,4.4923045678879134,0,2.5757174171303632e-14,4.7378008634357816e-15
hex,2,3,0,gll,shear,0,constant,xyz,reused_centered,4.0946140271606628e-12,nan,1.0808403309223426e-10,0,8.6162355624729627e-12,nan,1.2118637438383673e-11,7.6137423160750083e-12,6.5963595797920995e-15,4.1321151094364809e-13,0.098050425229653279,0,2.3314683517128287e-14,1.155742168634788e-13,1.3322676295501878e-15,0.12499999999999933,8,2.2204460492503131e-16,4.7378008634357816e-15,0,0,1.155742168634788e-13,6.6613381477509392e-16,0.18029287704848684,4.4923045678879134,0,2.5757174171303632e-14,4.7378008634357816e-15
hex,2,3,0,gll,shear,0,constant,xzz,recursive,8.1107852886212301e-12,nan,5.8244086937048697e-11,0,1.0512189625647506e-11,nan,1.9709281673665498e-11,1.3847928020339675e-11,6.5963595797920995e-15,5.0825544824249426e-12,0.65471451389065116,0,2.3314683517128287e-14,1.155742168634788e-13,1.3322676295501878e-15,0.12499999999999933,8,2.2204460492503131e-16,4.7378008634357816e-15,0,0,1.155742168634788e-13,6.6613381477509392e-16,0.18029287704848684,4.4923045678879134,0,2.5757174171303632e-14,4.7378008634357816e-15
hex,2,3,0,gll,shear,0,constant,xzz,direct,7.7630087230261372e-12,nan,5.676355898461148e-11,0,1.1829831637037137e-11,nan,2.2144991062314475e-11,1.67327361810308e-11,6.5963595797920995e-15,0,0,0,2.3314683517128287e-14,1.155742168634788e-13,1.3322676295501878e-15,0.12499999999999933,8,2.2204460492503131e-16,4.7378008634357816e-15,0,0,1.155742168634788e-13,6.6613381477509392e-16,0.18029287704848684,4.4923045678879134,0,2.5757174171303632e-14,4.7378008634357816e-15
hex,2,3,0,gll,shear,0,constant,xzz,fe_geometry,7.7630087230261372e-12,nan,5.676355898461148e-11,0,1.1829831637037137e-11,nan,2.2144991062314475e-11,1.67327361810308e-11,6.5963595797920995e-15,0,0,0,2.3314683517128287e-14,1.155742168634788e-13,1.3322676295501878e-15,0.12499999999999933,8,2.2204460492503131e-16,4.7378008634357816e-15,0,0,1.155742168634788e-13,6.6613381477509392e-16,0.18029287704848684,4.4923045678879134,0,2.5757174171303632e-14,4.7378008634357816e-15
hex,2,3,0,gll,shear,0,constant,xzz,reused,7.6948489264318802e-12,nan,5.6726924577805538e-11,0,1.1773389208346946e-11,nan,2.2026012868506694e-11,1.6672808358778031e-11,6.5963595797920995e-15,5.3000566337401022e-13,0.068273227853260232,0,2.3314683517128287e-14,1.155742168634788e-13,1.3322676295501878e-15,0.12499999999999933,8,2.2204460492503131e-16,4.7378008634357816e-15,0,0,1.155742168634788e-13,6.6613381477509392e-16,0.18029287704848684,4.4923045678879134,0,2.5757174171303632e-14,4.7378008634357816e-15
hex,2,3,0,gll,shear,0,constant,xzz,reused_centered,7.6866495992589443e-12,nan,5.6622105327385932e-11,0,1.175958940398115e-11,nan,2.2000547691123219e-11,1.6655786086779597e-11,6.5963595797920995e-15,5.2968191920384318e-13,0.068231524413045516,0,2.3314683517128287e-14,1.155742168634788e-13,1.3322676295501878e-15,0.12499999999999933,8,2.2204460492503131e-16,4.7378008634357816e-15,0,0,1.155742168634788e-13,6.6613381477509392e-16,0.18029287704848684,4.4923045678879134,0,2.5757174171303632e-14,4.7378008634357816e-15
hex,2,3,0,gll,shear,0,constant,yyy,recursive,6.7139264466570879e-12,nan,4.3318235161438864e-11,0,9.8443247306998218e-12,nan,1.7542538018333401e-11,1.2540088282150204e-11,6.5963595797920995e-15,6.3835129889602248e-12,2.5837911760170886,0,2.3314683517128287e-14,1.155742168634788e-13,1.3322676295501878e-15,0.12499999999999933,8,2.2204460492503131e-16,4.7378008634357816e-15,0,0,1.155742168634788e-13,6.6613381477509392e-16,0.18029287704848684,4.4923045678879134,0,2.5757174171303632e-14,4.7378008634357816e-15
hex,2,3,0,gll,shear,0,constant,yyy,direct,2.4705994231315562e-12,nan,1.2637483252008904e-11,0,4.0427201096991875e-12,nan,6.006745476992728e-12,4.5098481589590159e-12,6.5963595797920995e-15,0,0,0,2.3314683517128287e-14,1.155742168634788e-13,1.3322676295501878e-15,0.12499999999999933,8,2.2204460492503131e-16,4.7378008634357816e-15,0,0,1.155742168634788e-13,6.6613381477509392e-16,0.18029287704848684,4.4923045678879134,0,2.5757174171303632e-14,4.7378008634357816e-15
hex,2,3,0,gll,shear,0,constant,yyy,fe_geometry,2.4705994231315562e-12,nan,1.2637483252008904e-11,0,4.0427201096991875e-12,nan,6.006745476992728e-12,4.5098481589590159e-12,6.5963595797920995e-15,0,0,0,2.3314683517128287e-14,1.155742168634788e-13,1.3322676295501878e-15,0.12499999999999933,8,2.2204460492503131e-16,4.7378008634357816e-15,0,0,1.155742168634788e-13,6.6613381477509392e-16,0.18029287704848684,4.4923045678879134,0,2.5757174171303632e-14,4.7378008634357816e-15
hex,2,3,0,gll,shear,0,constant,yyy,reused,2.3638377380798004e-12,nan,1.0720215488021568e-11,0,3.7026497244057317e-12,nan,5.3946783250208383e-12,3.9945825236134881e-12,6.5963595797920995e-15,7.6398587652583309e-13,0.30923097826901413,0,2.3314683517128287e-14,1.155742168634788e-13,1.3322676295501878e-15,0.12499999999999933,8,2.2204460492503131e-16,4.7378008634357816e-15,0,0,1.155742168634788e-13,6.6613381477509392e-16,0.18029287704848684,4.4923045678879134,0,2.5757174171303632e-14,4.7378008634357816e-15
hex,2,3,0,gll,shear,0,constant,yyy,reused_centered,2.355871293410626e-12,nan,1.0467929893571974e-11,0,3.6977096133181993e-12,nan,5.3904478928561559e-12,3.9606835714367132e-12,6.5963595797920995e-15,7.3936354993352437e-13,0.29926484358858935,0,2.3314683517128287e-14,1.155742168634788e-13,1.3322676295501878e-15,0.12499999999999933,8,2.2204460492503131e-16,4.7378008634357816e-15,0,0,1.155742168634788e-13,6.6613381477509392e-16,0.18029287704848684,4.4923045678879134,0,2.5757174171303632e-14,4.7378008634357816e-15
hex,2,3,0,gll,shear,0,constant,yyz,recursive,9.9645092480951572e-12,nan,9.5738767203518655e-11,0,1.9411643097341295e-11,nan,1.4372718444703231e-11,8.966513252779651e-12,6.5963595797920995e-15,8.5731769502365166e-12,1.0939257946936038,0,2.3314683517128287e-14,1.155742168634788e-13,1.3322676295501878e-15,0.12499999999999933,8,2.2204460492503131e-16,4.7378008634357816e-15,0,0,1.155742168634788e-13,6.6613381477509392e-16,0.18029287704848684,4.4923045678879134,0,2.5757174171303632e-14,4.7378008634357816e-15
hex,2,3,0,gll,shear,0,constant,yyz,direct,7.8370735856336268e-12,nan,6.2823871334126323e-11,0,1.4107639750319178e-11,nan,1.4938704332763659e-11,9.0212705646878841e-12,6.5963595797920995e-15,0,0,0,2.3314683517128287e-14,1.155742168634788e-13,1.3322676295501878e-15,0.12499999999999933,8,2.2204460492503131e-16,4.7378008634357816e-15,0,0,1.155742168634788e-13,6.6613381477509392e-16,0.18029287704848684,4.4923045678879134,0,2.5757174171303632e-14,4.7378008634357816e-15
hex,2,3,0,gll,shear,0,constant,yyz,fe_geometry,7.8370735856336268e-12,nan,6.2823871334126323e-11,0,1.4107639750319178e-11,nan,1.4938704332763659e-11,9.0212705646878841e-12,6.5963595797920995e-15,0,0,0,2.3314683517128287e-14,1.155742168634788e-13,1.3322676295501878e-15,0.12499999999999933,8,2.2204460492503131e-16,4.7378008634357816e-15,0,0,1.155742168634788e-13,6.6613381477509392e-16,0.18029287704848684,4.4923045678879134,0,2.5757174171303632e-14,4.7378008634357816e-15
hex,2,3,0,gll,shear,0,constant,yyz,reused,7.667263074832674e-12,nan,6.224002984956348e-11,0,1.3907820576837191e-11,nan,1.4795589566343562e-11,9.0553512246382019e-12,6.5963595797920995e-15,6.5178247731794505e-13,0.083166563411213465,0,2.3314683517128287e-14,1.155742168634788e-13,1.3322676295501878e-15,0.12499999999999933,8,2.2204460492503131e-16,4.7378008634357816e-15,0,0,1.155742168634788e-13,6.6613381477509392e-16,0.18029287704848684,4.4923045678879134,0,2.5757174171303632e-14,4.7378008634357816e-15
hex,2,3,0,gll,shear,0,constant,yyz,reused_centered,7.6653622526314773e-12,nan,6.2414713368942671e-11,0,1.3902743096031831e-11,nan,1.4792170071434452e-11,9.0600358293704922e-12,6.5963595797920995e-15,6.50071543035253e-13,0.082948250508572297,0,2.3314683517128287e-14,1.155742168634788e-13,1.3322676295501878e-15,0.12499999999999933,8,2.2204460492503131e-16,4.7378008634357816e-15,0,0,1.155742168634788e-13,6.6613381477509392e-16,0.18029287704848684,4.4923045678879134,0,2.5757174171303632e-14,4.7378008634357816e-15
hex,2,3,0,gll,shear,0,constant,yzz,recursive,9.460188930288982e-12,nan,6.8950075782204751e-11,0,1.4633947926550426e-11,nan,1.9649276543370311e-11,1.2887091656302943e-11,6.5963595797920995e-15,4.8183652888406363e-12,0.49927023644904511,0,2.3314683517128287e-14,1.155742168634788e-13,1.3322676295501878e-15,0.12499999999999933,8,2.2204460492503131e-16,4.7378008634357816e-15,0,0,1.155742168634788e-13,6.6613381477509392e-16,0.18029287704848684,4.4923045678879134,0,2.5757174171303632e-14,4.7378008634357816e-15
hex,2,3,0,gll,shear,0,constant,yzz,direct,9.650816205488734e-12,nan,6.4357353921100368e-11,0,1.6259158377190129e-11,nan,2.3516969823356397e-11,1.5456984123931051e-11,6.5963595797920995e-15,0,0,0,2.3314683517128287e-14,1.155742168634788e-13,1.3322676295501878e-15,0.12499999999999933,8,2.2204460492503131e-16,4.7378008634357816e-15,0,0,1.155742168634788e-13,6.6613381477509392e-16,0.18029287704848684,4.4923045678879134,0,2.5757174171303632e-14,4.7378008634357816e-15
hex,2,3,0,gll,shear,0,constant,yzz,fe_geometry,9.650816205488734e-12,nan,6.4357353921100368e-11,0,1.6259158377190129e-11,nan,2.3516969823356397e-11,1.5456984123931051e-11,6.5963595797920995e-15,0,0,0,2.3314683517128287e-14,1.155742168634788e-13,1.3322676295501878e-15,0.12499999999999933,8,2.2204460492503131e-16,4.7378008634357816e-15,0,0,1.155742168634788e-13,6.6613381477509392e-16,0.18029287704848684,4.4923045678879134,0,2.5757174171303632e-14,4.7378008634357816e-15
hex,2,3,0,gll,shear,0,constant,yzz,reused,9.2742112238427059e-12,nan,6.3948997855310316e-11,0,1.5805842111689195e-11,nan,2.2315414714264245e-11,1.4622636076264621e-11,6.5963595797920995e-15,7.6065433759165486e-13,0.078817617224856695,0,2.3314683517128287e-14,1.155742168634788e-13,1.3322676295501878e-15,0.12499999999999933,8,2.2204460492503131e-16,4.7378008634357816e-15,0,0,1.155742168634788e-13,6.6613381477509392e-16,0.18029287704848684,4.4923045678879134,0,2.5757174171303632e-14,4.7378008634357816e-15
hex,2,3,0,gll,shear,0,constant,yzz,reused_centered,9.2725407779431519e-12,nan,6.3965796441402073e-11,0,1.5800028008106315e-11,nan,2.2322065114352563e-11,1.4634254568510064e-11,6.5963595797920995e-15,7.5937821327426329e-13,0.078685387547053301,0,2.3314683517128287e-14,1.155742168634788e-13,1.3322676295501878e-15,0.12499999999999933,8,2.2204460492503131e-16,4.7378008634357816e-15,0,0,1.155742168634788e-13,6.6613381477509392e-16,0.18029287704848684,4.4923045678879134,0,2.5757174171303632e-14,4.7378008634357816e-15
hex,2,3,0,gll,shear,0,constant,zzz,recursive,1.3732157012876873e-11,nan,3.6397788166701949e-11,0,1.7730341067275765e-11,nan,1.3769874663538804e-11,9.6500699714623386e-12,6.5963595797920995e-15,5.5445612576183382e-12,0.46304137802332851,0,2.3314683517128287e-14,1.155742168634788e-13,1.3322676295501878e-15,0.12499999999999933,8,2.2204460492503131e-16,4.7378008634357816e-15,0,0,1.155742168634788e-13,6.6613381477509392e-16,0.18029287704848684,4.4923045678879134,0,2.5757174171303632e-14,4.7378008634357816e-15
hex,2,3,0,gll,shear,0,constant,zzz,direct,1.1974224163912621e-11,nan,3.1501538005162302e-11,0,1.6438664994503503e-11,nan,5.4550988533666083e-12,3.4104900580150651e-12,6.5963595797920995e-15,0,0,0,2.3314683517128287e-14,1.155742168634788e-13,1.3322676295501878e-15,0.12499999999999933,8,2.2204460492503131e-16,4.7378008634357816e-15,0,0,1.155742168634788e-13,6.6613381477509392e-16,0.18029287704848684,4.4923045678879134,0,2.5757174171303632e-14,4.7378008634357816e-15
hex,2,3,0,gll,shear,0,constant,zzz,fe_geometry,1.1974224163912621e-11,nan,3.1501538005162302e-11,0,1.6438664994503503e-11,nan,5.4550988533666083e-12,3.4104900580150651e-12,6.5963595797920995e-15,0,0,0,2.3314683517128287e-14,1.155742168634788e-13,1.3322676295501878e-15,0.12499999999999933,8,2.2204460492503131e-16,4.7378008634357816e-15,0,0,1.155742168634788e-13,6.6613381477509392e-16,0.18029287704848684,4.4923045678879134,0,2.5757174171303632e-14,4.7378008634357816e-15
hex,2,3,0,gll,shear,0,constant,zzz,reused,1.1982806606329384e-11,nan,3.0835185976068696e-11,0,1.6244162545908869e-11,nan,5.272669339035206e-12,3.2950772575270978e-12,6.5963595797920995e-15,4.9009161860687212e-13,0.040928882898642258,0,2.3314683517128287e-14,1.155742168634788e-13,1.3322676295501878e-15,0.12499999999999933,8,2.2204460492503131e-16,4.7378008634357816e-15,0,0,1.155742168634788e-13,6.6613381477509392e-16,0.18029287704848684,4.4923045678879134,0,2.5757174171303632e-14,4.7378008634357816e-15
hex,2,3,0,gll,shear,0,constant,zzz,reused_centered,1.1990214225496388e-11,nan,3.0619780401396516e-11,0,1.625270087263559e-11,nan,5.252281862347061e-12,3.2076356413320816e-12,6.5963595797920995e-15,4.5865520608992151e-13,0.038303542660592244,0,2.3314683517128287e-14,1.155742168634788e-13,1.3322676295501878e-15,0.12499999999999933,8,2.2204460492503131e-16,4.7378008634357816e-15,0,0,1.155742168634788e-13,6.6613381477509392e-16,0.18029287704848684,4.4923045678879134,0,2.5757174171303632e-14,4.7378008634357816e-15
hex,2,3,0,gll,shear,0,represented_polynomial,x,recursive,1.0532677199375798e-13,7.5533742729468302e-14,1.5445422718585178e-12,1.3944333775567881,1.8835298665871512e-13,1.3287844032493912e-13,2.6302938998198869e-13,1.6366324011859758e-13,7.1320208621695498e-15,2.773940231705434e-14,1.9892956353108052e-14,0,2.3314683517128287e-14,1.155742168634788e-13,1.3322676295501878e-15,0.12499999999999933,8,2.2204460492503131e-16,4.7378008634357816e-15,0,0,1.155742168634788e-13,6.6613381477509392e-16,0.18029287704848684,4.4923045678879134,0,2.5757174171303632e-14,4.7378008634357816e-15
hex,2,3,0,gll,shear,0,represented_polynomial,x,direct,1.0522266174628182e-13,7.5459081401683261e-14,1.3948842081390467e-12,1.3944333775567881,1.8571326285535042e-13,1.3101617953416505e-13,2.4741715711113591e-13,1.5494426807751845e-13,7.1320208621695498e-15,0,0,0,2.3314683517128287e-14,1.155742168634788e-13,1.3322676295501878e-15,0.12499999999999933,8,2.2204460492503131e-16,4.7378008634357816e-15,0,0,1.155742168634788e-13,6.6613381477509392e-16,0.18029287704848684,4.4923045678879134,0,2.5757174171303632e-14,4.7378008634357816e-15
hex,2,3,0,gll,shear,0,represented_polynomial,x,fe_geometry,1.0522266174628182e-13,7.5459081401683261e-14,1.3948842081390467e-12,1.3944333775567881,1.8571326285535042e-13,1.3101617953416505e-13,2.4741715711113591e-13,1.5494426807751845e-13,7.1320208621695498e-15,0,0,0,2.3314683517128287e-14,1.155742168634788e-13,1.3322676295501878e-15,0.12499999999999933,8,2.2204460492503131e-16,4.7378008634357816e-15,0,0,1.155742168634788e-13,6.6613381477509392e-16,0.18029287704848684,4.4923045678879134,0,2.5757174171303632e-14,4.7378008634357816e-15
hex,2,3,0,gll,shear,0,represented_polynomial,x,reused,1.0313890475472678e-13,7.3964741818958971e-14,1.3722356584366935e-12,1.3944333775567881,1.8395996503727019e-13,1.2977927066627563e-13,2.473568720661921e-13,1.554014979324191e-13,7.1320208621695498e-15,9.9509335528172798e-15,7.1361842831476457e-15,0,2.3314683517128287e-14,1.155742168634788e-13,1.3322676295501878e-15,0.12499999999999933,8,2.2204460492503131e-16,4.7378008634357816e-15,0,0,1.155742168634788e-13,6.6613381477509392e-16,0.18029287704848684,4.4923045678879134,0,2.5757174171303632e-14,4.7378008634357816e-15
hex,2,3,0,gll,shear,0,represented_polynomial,x,reused_centered,1.0313172382030465e-13,7.3959592104001117e-14,1.3744561044859438e-12,1.3944333775567881,1.8404144527449999e-13,1.2983675298727551e-13,2.4733414149729259e-13,1.5543200660305289e-13,7.1320208621695498e-15,1.0157143127714283e-14,7.2840648332089948e-15,0,2.3314683517128287e-14,1.155742168634788e-13,1.3322676295501878e-15,0.12499999999999933,8,2.2204460492503131e-16,4.7378008634357816e-15,0,0,1.155742168634788e-13,6.6613381477509392e-16,0.18029287704848684,4.4923045678879134,0,2.5757174171303632e-14,4.7378008634357816e-15
hex,2,3,0,gll,shear,0,represented_polynomial,y,recursive,1.0304596573425063e-13,7.3898091793240752e-14,1.6564527527407336e-12,1.394433377556793,1.8610826740765978e-13,1.3129484561620154e-13,2.6787825551414607e-13,1.7158073842688782e-13,7.1320208621695498e-15,3.0439649311087728e-14,2.1829403828830847e-14,0,2.3314683517128287e-14,1.155742168634788e-13,1.3322676295501878e-15,0.12499999999999933,8,2.2204460492503131e-16,4.7378008634357816e-15,0,0,1.155742168634788e-13,6.6613381477509392e-16,0.18029287704848684,4.4923045678879134,0,2.5757174171303632e-14,4.7378008634357816e-15
hex,2,3,0,gll,shear,0,represented_polynomial,y,direct,1.0163911783501389e-13,7.2889188878350902e-14,1.6286971771251046e-12,1.394433377556793,1.8227145350605899e-13,1.2858806694437969e-13,2.6795955176265715e-13,1.7076493785401989e-13,7.1320208621695498e-15,0,0,0,2.3314683517128287e-14,1.155742168634788e-13,1.3322676295501878e-15,0.12499999999999933,8,2.2204460492503131e-16,4.7378008634357816e-15,0,0,1.155742168634788e-13,6.6613381477509392e-16,0.18029287704848684,4.4923045678879134,0,2.5757174171303632e-14,4.7378008634357816e-15
hex,2,3,0,gll,shear,0,represented_polynomial,y,fe_geometry,1.0163911783501389e-13,7.2889188878350902e-14,1.6286971771251046e-12,1.394433377556793,1.8227145350605899e-13,1.2858806694437969e-13,2.6795955176265715e-13,1.7076493785401989e-13,7.1320208621695498e-15,0,0,0,2.3314683517128287e-14,1.155742168634788e-13,1.3322676295501878e-15,0.12499999999999933,8,2.2204460492503131e-16,4.7378008634357816e-15,0,0,1.155742168634788e-13,6.6613381477509392e-16,0.18029287704848684,4.4923045678879134,0,2.5757174171303632e-14,4.7378008634357816e-15
hex,2,3,0,gll,shear,0,represented_polynomial,y,reused,1.0159454918747883e-13,7.2857227044782957e-14,1.6020518245341009e-12,1.394433377556793,1.8299019518406943e-13,1.2909512167637397e-13,2.655973970746108e-13,1.6778211937285312e-13,7.1320208621695498e-15,1.9467141077481913e-14,1.3960610374653115e-14,0,2.3314683517128287e-14,1.155742168634788e-13,1.3322676295501878e-15,0.12499999999999933,8,2.2204460492503131e-16,4.7378008634357816e-15,0,0,1.155742168634788e-13,6.6613381477509392e-16,0.18029287704848684,4.4923045678879134,0,2.5757174171303632e-14,4.7378008634357816e-15
hex,2,3,0,gll,shear,0,represented_polynomial,y,reused_centered,1.0161721243892536e-13,7.2873479704688621e-14,1.6047163597932013e-12,1.394433377556793,1.8311212027313514e-13,1.2918113685435937e-13,2.6566991056623925e-13,1.6786011561194161e-13,7.1320208621695498e-15,1.9765137695842494e-14,1.4174314824902796e-14,0,2.3314683517128287e-14,1.155742168634788e-13,1.3322676295501878e-15,0.12499999999999933,8,2.2204460492503131e-16,4.7378008634357816e-15,0,0,1.155742168634788e-13,6.6613381477509392e-16,0.18029287704848684,4.4923045678879134,0,2.5757174171303632e-14,4.7378008634357816e-15
hex,2,3,0,gll,shear,0,represented_polynomial,z,recursive,1.3811740303124822e-13,9.9049122929949914e-14,2.688071987222429e-12,1.3944333775567948,2.4061577518102429e-13,1.6974856353917734e-13,2.3058997654926023e-13,1.518583768554178e-13,7.1320208621695498e-15,2.5922958425377714e-14,1.8590316929158242e-14,0,2.3314683517128287e-14,1.155742168634788e-13,1.3322676295501878e-15,0.12499999999999933,8,2.2204460492503131e-16,4.7378008634357816e-15,0,0,1.155742168634788e-13,6.6613381477509392e-16,0.18029287704848684,4.4923045678879134,0,2.5757174171303632e-14,4.7378008634357816e-15
hex,2,3,0,gll,shear,0,represented_polynomial,z,direct,1.301298552870734e-13,9.3320955580592638e-14,2.6907365224815294e-12,1.3944333775567948,2.3137108297709316e-13,1.632266585610082e-13,2.2699368002311228e-13,1.4476703630355047e-13,7.1320208621695498e-15,0,0,0,2.3314683517128287e-14,1.155742168634788e-13,1.3322676295501878e-15,0.12499999999999933,8,2.2204460492503131e-16,4.7378008634357816e-15,0,0,1.155742168634788e-13,6.6613381477509392e-16,0.18029287704848684,4.4923045678879134,0,2.5757174171303632e-14,4.7378008634357816e-15
hex,2,3,0,gll,shear,0,represented_polynomial,z,fe_geometry,1.301298552870734e-13,9.3320955580592638e-14,2.6907365224815294e-12,1.3944333775567948,2.3137108297709316e-13,1.632266585610082e-13,2.2699368002311228e-13,1.4476703630355047e-13,7.1320208621695498e-15,0,0,0,2.3314683517128287e-14,1.155742168634788e-13,1.3322676295501878e-15,0.12499999999999933,8,2.2204460492503131e-16,4.7378008634357816e-15,0,0,1.155742168634788e-13,6.6613381477509392e-16,0.18029287704848684,4.4923045678879134,0,2.5757174171303632e-14,4.7378008634357816e-15
hex,2,3,0,gll,shear,0,represented_polynomial,z,reused,1.2863719180459986e-13,9.2250511121576e-14,2.6534330288541241e-12,1.3944333775567948,2.2837514281542097e-13,1.6111309581346775e-13,2.2385282462039444e-13,1.4262661928658747e-13,7.1320208621695498e-15,1.0082345775142237e-14,7.2304248717909513e-15,0,2.3314683517128287e-14,1.155742168634788e-13,1.3322676295501878e-15,0.12499999999999933,8,2.2204460492503131e-16,4.7378008634357816e-15,0,0,1.155742168634788e-13,6.6613381477509392e-16,0.18029287704848684,4.4923045678879134,0,2.5757174171303632e-14,4.7378008634357816e-15
hex,2,3,0,gll,shear,0,represented_polynomial,z,reused_centered,1.2876698058616003e-13,9.2343587480510821e-14,2.6556534749033744e-12,1.3944333775567948,2.2843003428164364e-13,1.6115182040471639e-13,2.2390740374013876e-13,1.4268315122600362e-13,7.1320208621695498e-15,1.0199407965349284e-14,7.3143745190750343e-15,0,2.3314683517128287e-14,1.155742168634788e-13,1.3322676295501878e-15,0.12499999999999933,8,2.2204460492503131e-16,4.7378008634357816e-15,0,0,1.155742168634788e-13,6.6613381477509392e-16,0.18029287704848684,4.4923045678879134,0,2.5757174171303632e-14,4.7378008634357816e-15
hex,2,3,0,gll,shear,0,represented_polynomial,xx,recursive,1.5001490273104775e-12,7.5007451365521986e-13,2.0687895840865167e-11,2.0000000000000502,2.322260059578631e-12,1.1611300297893155e-12,2.6559778241118202e-12,1.813752019237942e-12,7.1320208621695498e-15,6.0091818152539721e-13,3.0045909076269341e-13,0,2.3314683517128287e-14,1.155742168634788e-13,1.3322676295501878e-15,0.12499999999999933,8,2.2204460492503131e-16,4.7378008634357816e-15,0,0,1.155742168634788e-13,6.6613381477509392e-16,0.18029287704848684,4.4923045678879134,0,2.5757174171303632e-14,4.7378008634357816e-15
hex,2,3,0,gll,shear,0,represented_polynomial,xx,direct,1.4216706576133113e-12,7.1083532880663768e-13,1.3130163623031876e-11,2.0000000000000502,2.1282752169776373e-12,1.0641376084888186e-12,2.4806184199502012e-12,1.6952652398103031e-12,7.1320208621695498e-15,0,0,0,2.3314683517128287e-14,1.155742168634788e-13,1.3322676295501878e-15,0.12499999999999933,8,2.2204460492503131e-16,4.7378008634357816e-15,0,0,1.155742168634788e-13,6.6613381477509392e-16,0.18029287704848684,4.4923045678879134,0,2.5757174171303632e-14,4.7378008634357816e-15
hex,2,3,0,gll,shear,0,represented_polynomial,xx,fe_geometry,1.4216706576133113e-12,7.1083532880663768e-13,1.3130163623031876e-11,2.0000000000000502,2.1282752169776373e-12,1.0641376084888186e-12,2.4806184199502012e-12,1.6952652398103031e-12,7.1320208621695498e-15,0,0,0,2.3314683517128287e-14,1.155742168634788e-13,1.3322676295501878e-15,0.12499999999999933,8,2.2204460492503131e-16,4.7378008634357816e-15,0,0,1.155742168634788e-13,6.6613381477509392e-16,0.18029287704848684,4.4923045678879134,0,2.5757174171303632e-14,4.7378008634357816e-15
hex,2,3,0,gll,shear,0,represented_polynomial,xx,reused,1.4096774799749268e-12,7.0483873998744563e-13,1.3055556635777066e-11,2.0000000000000502,2.1313242450478557e-12,1.0656621225239279e-12,2.4783855701675581e-12,1.690852072235149e-12,7.1320208621695498e-15,1.0621102294838865e-13,5.3105511474193398e-14,0,2.3314683517128287e-14,1.155742168634788e-13,1.3322676295501878e-15,0.12499999999999933,8,2.2204460492503131e-16,4.7378008634357816e-15,0,0,1.155742168634788e-13,6.6613381477509392e-16,0.18029287704848684,4.4923045678879134,0,2.5757174171303632e-14,4.7378008634357816e-15
hex,2,3,0,gll,shear,0,represented_polynomial,xx,reused_centered,1.4090739366684856e-12,7.0453696833422503e-13,1.3034684442914113e-11,2.0000000000000502,2.1307750753027133e-12,1.0653875376513566e-12,2.4775680207196659e-12,1.690974926648797e-12,7.1320208621695498e-15,1.0495762455002123e-13,5.2478812275009698e-14,0,2.3314683517128287e-14,1.155742168634788e-13,1.3322676295501878e-15,0.12499999999999933,8,2.2204460492503131e-16,4.7378008634357816e-15,0,0,1.155742168634788e-13,6.6613381477509392e-16,0.18029287704848684,4.4923045678879134,0,2.5757174171303632e-14,4.7378008634357816e-15
hex,2,3,0,gll,shear,0,represented_polynomial,xy,recursive,1.8668906018511723e-12,3.2335493745790533e-12,3.730216135977571e-11,0.57735026918962895,3.7725992724838554e-12,6.402313267854672e-12,5.997149895979057e-12,3.3539210950835346e-12,7.1320208621695498e-15,3.0190654936581758e-13,5.2291748263937264e-13,0,2.3314683517128287e-14,1.155742168634788e-13,1.3322676295501878e-15,0.12499999999999933,8,2.2204460492503131e-16,4.7378008634357816e-15,0,0,1.155742168634788e-13,6.6613381477509392e-16,0.18029287704848684,4.4923045678879134,0,2.5757174171303632e-14,4.7378008634357816e-15
hex,2,3,0,gll,shear,0,represented_polynomial,xy,direct,1.8577083020244813e-12,3.2176451647488934e-12,3.6354474985955676e-11,0.57735026918962895,3.7293673371566255e-12,6.3289462407337845e-12,5.762811941913152e-12,3.2058144419454655e-12,7.1320208621695498e-15,0,0,0,2.3314683517128287e-14,1.155742168634788e-13,1.3322676295501878e-15,0.12499999999999933,8,2.2204460492503131e-16,4.7378008634357816e-15,0,0,1.155742168634788e-13,6.6613381477509392e-16,0.18029287704848684,4.4923045678879134,0,2.5757174171303632e-14,4.7378008634357816e-15
hex,2,3,0,gll,shear,0,represented_polynomial,xy,fe_geometry,1.8577083020244813e-12,3.2176451647488934e-12,3.6354474985955676e-11,0.57735026918962895,3.7293673371566255e-12,6.3289462407337845e-12,5.762811941913152e-12,3.2058144419454655e-12,7.1320208621695498e-15,0,0,0,2.3314683517128287e-14,1.155742168634788e-13,1.3322676295501878e-15,0.12499999999999933,8,2.2204460492503131e-16,4.7378008634357816e-15,0,0,1.155742168634788e-13,6.6613381477509392e-16,0.18029287704848684,4.4923045678879134,0,2.5757174171303632e-14,4.7378008634357816e-15
hex,2,3,0,gll,shear,0,represented_polynomial,xy,reused,1.849180192719908e-12,3.2028740461408712e-12,3.5826008826234101e-11,0.57735026918962895,3.7269251633626587e-12,6.3248017343724645e-12,5.7610993581048459e-12,3.198180289202581e-12,7.1320208621695498e-15,1.0856814866157212e-13,1.88045549565525e-13,0,2.3314683517128287e-14,1.155742168634788e-13,1.3322676295501878e-15,0.12499999999999933,8,2.2204460492503131e-16,4.7378008634357816e-15,0,0,1.155742168634788e-13,6.6613381477509392e-16,0.18029287704848684,4.4923045678879134,0,2.5757174171303632e-14,4.7378008634357816e-15
hex,2,3,0,gll,shear,0,represented_polynomial,xy,reused_centered,1.848855546112683e-12,3.2023117417226529e-12,3.5824232469394701e-11,0.57735026918962895,3.7263163220513355e-12,6.3237684964046988e-12,5.7599060956177502e-12,3.1970579567112295e-12,7.1320208621695498e-15,1.0819706021070474e-13,1.8740280551452069e-13,0,2.3314683517128287e-14,1.155742168634788e-13,1.3322676295501878e-15,0.12499999999999933,8,2.2204460492503131e-16,4.7378008634357816e-15,0,0,1.155742168634788e-13,6.6613381477509392e-16,0.18029287704848684,4.4923045678879134,0,2.5757174171303632e-14,4.7378008634357816e-15
hex,2,3,0,gll,shear,0,represented_polynomial,xz,recursive,1.6101783628515879e-12,2.7889107337070317e-12,3.6029734751252818e-11,0.5773502691896244,3.2534716655552938e-12,5.521324505069884e-12,4.7716451314659317e-12,2.8581731650317231e-12,7.1320208621695498e-15,3.8928751534989371e-13,6.7426575533826904e-13,0,2.3314683517128287e-14,1.155742168634788e-13,1.3322676295501878e-15,0.12499999999999933,8,2.2204460492503131e-16,4.7378008634357816e-15,0,0,1.155742168634788e-13,6.6613381477509392e-16,0.18029287704848684,4.4923045678879134,0,2.5757174171303632e-14,4.7378008634357816e-15
hex,2,3,0,gll,shear,0,represented_polynomial,xz,direct,1.5873449897223894e-12,2.7493621713390819e-12,3.2148728124070658e-11,0.5773502691896244,3.2169132375477625e-12,5.4592827954211338e-12,4.7631403857476539e-12,2.836671197711643e-12,7.1320208621695498e-15,0,0,0,2.3314683517128287e-14,1.155742168634788e-13,1.3322676295501878e-15,0.12499999999999933,8,2.2204460492503131e-16,4.7378008634357816e-15,0,0,1.155742168634788e-13,6.6613381477509392e-16,0.18029287704848684,4.4923045678879134,0,2.5757174171303632e-14,4.7378008634357816e-15
hex,2,3,0,gll,shear,0,represented_polynomial,xz,fe_geometry,1.5873449897223894e-12,2.7493621713390819e-12,3.2148728124070658e-11,0.5773502691896244,3.2169132375477625e-12,5.4592827954211338e-12,4.7631403857476539e-12,2.836671197711643e-12,7.1320208621695498e-15,0,0,0,2.3314683517128287e-14,1.155742168634788e-13,1.3322676295501878e-15,0.12499999999999933,8,2.2204460492503131e-16,4.7378008634357816e-15,0,0,1.155742168634788e-13,6.6613381477509392e-16,0.18029287704848684,4.4923045678879134,0,2.5757174171303632e-14,4.7378008634357816e-15
hex,2,3,0,gll,shear,0,represented_polynomial,xz,reused,1.5740029303801382e-12,2.7262530466807041e-12,3.244937651913915e-11,0.5773502691896244,3.1966536560978759e-12,5.4249011455958153e-12,4.7426154906487576e-12,2.8204833427979868e-12,7.1320208621695498e-15,5.8423900324650679e-14,1.0119316373863541e-13,0,2.3314683517128287e-14,1.155742168634788e-13,1.3322676295501878e-15,0.12499999999999933,8,2.2204460492503131e-16,4.7378008634357816e-15,0,0,1.155742168634788e-13,6.6613381477509392e-16,0.18029287704848684,4.4923045678879134,0,2.5757174171303632e-14,4.7378008634357816e-15
hex,2,3,0,gll,shear,0,represented_polynomial,xz,reused_centered,1.573741716920047e-12,2.7258006116962053e-12,3.243261215146731e-11,0.5773502691896244,3.1962622758720019e-12,5.4242369513276449e-12,4.7427844610518239e-12,2.8206800641120709e-12,7.1320208621695498e-15,5.8078628327285614e-14,1.0059513509676832e-13,0,2.3314683517128287e-14,1.155742168634788e-13,1.3322676295501878e-15,0.12499999999999933,8,2.2204460492503131e-16,4.7378008634357816e-15,0,0,1.155742168634788e-13,6.6613381477509392e-16,0.18029287704848684,4.4923045678879134,0,2.5757174171303632e-14,4.7378008634357816e-15
hex,2,3,0,gll,shear,0,represented_polynomial,yy,recursive,1.4572404084960347e-12,7.2862020424799905e-13,2.1227464230832993e-11,2.0000000000000502,2.2765432936093757e-12,1.1382716468046878e-12,2.6663368804341807e-12,1.8724968554307232e-12,7.1320208621695498e-15,5.5189281483954252e-13,2.7594640741976228e-13,0,2.3314683517128287e-14,1.155742168634788e-13,1.3322676295501878e-15,0.12499999999999933,8,2.2204460492503131e-16,4.7378008634357816e-15,0,0,1.155742168634788e-13,6.6613381477509392e-16,0.18029287704848684,4.4923045678879134,0,2.5757174171303632e-14,4.7378008634357816e-15
hex,2,3,0,gll,shear,0,represented_polynomial,yy,direct,1.3794361522682228e-12,6.8971807613409402e-13,1.6192158724948058e-11,2.0000000000000502,2.1224313195380616e-12,1.0612156597690308e-12,2.5297283860468543e-12,1.7652372171729701e-12,7.1320208621695498e-15,0,0,0,2.3314683517128287e-14,1.155742168634788e-13,1.3322676295501878e-15,0.12499999999999933,8,2.2204460492503131e-16,4.7378008634357816e-15,0,0,1.155742168634788e-13,6.6613381477509392e-16,0.18029287704848684,4.4923045678879134,0,2.5757174171303632e-14,4.7378008634357816e-15
hex,2,3,0,gll,shear,0,represented_polynomial,yy,fe_geometry,1.3794361522682228e-12,6.8971807613409402e-13,1.6192158724948058e-11,2.0000000000000502,2.1224313195380616e-12,1.0612156597690308e-12,2.5297283860468543e-12,1.7652372171729701e-12,7.1320208621695498e-15,0,0,0,2.3314683517128287e-14,1.155742168634788e-13,1.3322676295501878e-15,0.12499999999999933,8,2.2204460492503131e-16,4.7378008634357816e-15,0,0,1.155742168634788e-13,6.6613381477509392e-16,0.18029287704848684,4.4923045678879134,0,2.5757174171303632e-14,4.7378008634357816e-15
hex,2,3,0,gll,shear,0,represented_polynomial,yy,reused,1.3960962314648532e-12,6.9804811573240904e-13,1.5691448140842112e-11,2.0000000000000502,2.1395544886728394e-12,1.0697772443364197e-12,2.5811460580808549e-12,1.8109843246610804e-12,7.1320208621695498e-15,2.2092243645209997e-13,1.1046121822604639e-13,0,2.3314683517128287e-14,1.155742168634788e-13,1.3322676295501878e-15,0.12499999999999933,8,2.2204460492503131e-16,4.7378008634357816e-15,0,0,1.155742168634788e-13,6.6613381477509392e-16,0.18029287704848684,4.4923045678879134,0,2.5757174171303632e-14,4.7378008634357816e-15
hex,2,3,0,gll,shear,0,represented_polynomial,yy,reused_centered,1.3956990952693291e-12,6.9784954763464699e-13,1.5663026431411708e-11,2.0000000000000502,2.1390928474879708e-12,1.0695464237439854e-12,2.5820611739691054e-12,1.8123373803335661e-12,7.1320208621695498e-15,2.1942117748770541e-13,1.0971058874384912e-13,0,2.3314683517128287e-14,1.155742168634788e-13,1.3322676295501878e-15,0.12499999999999933,8,2.2204460492503131e-16,4.7378008634357816e-15,0,0,1.155742168634788e-13,6.6613381477509392e-16,0.18029287704848684,4.4923045678879134,0,2.5757174171303632e-14,4.7378008634357816e-15
hex,2,3,0,gll,shear,0,represented_polynomial,yz,recursive,1.5271326662978068e-12,2.6450713679259419e-12,4.3819281536627841e-11,0.57735026918962296,3.1796734153437075e-12,5.3960847214755034e-12,4.6772862550684927e-12,2.8446319072973353e-12,7.1320208621695498e-15,3.8157358663134652e-13,6.60904838871677e-13,0,2.3314683517128287e-14,1.155742168634788e-13,1.3322676295501878e-15,0.12499999999999933,8,2.2204460492503131e-16,4.7378008634357816e-15,0,0,1.155742168634788e-13,6.6613381477509392e-16,0.18029287704848684,4.4923045678879134,0,2.5757174171303632e-14,4.7378008634357816e-15
hex,2,3,0,gll,shear,0,represented_polynomial,yz,direct,1.5149641995244423e-12,2.6239949652242604e-12,4.3630654644744027e-11,0.57735026918962296,3.1761445577332954e-12,5.3900960515247087e-12,4.7747737065027968e-12,2.8712160212909331e-12,7.1320208621695498e-15,0,0,0,2.3314683517128287e-14,1.155742168634788e-13,1.3322676295501878e-15,0.12499999999999933,8,2.2204460492503131e-16,4.7378008634357816e-15,0,0,1.155742168634788e-13,6.6613381477509392e-16,0.18029287704848684,4.4923045678879134,0,2.5757174171303632e-14,4.7378008634357816e-15
hex,2,3,0,gll,shear,0,represented_polynomial,yz,fe_geometry,1.5149641995244423e-12,2.6239949652242604e-12,4.3630654644744027e-11,0.57735026918962296,3.1761445577332954e-12,5.3900960515247087e-12,4.7747737065027968e-12,2.8712160212909331e-12,7.1320208621695498e-15,0,0,0,2.3314683517128287e-14,1.155742168634788e-13,1.3322676295501878e-15,0.12499999999999933,8,2.2204460492503131e-16,4.7378008634357816e-15,0,0,1.155742168634788e-13,6.6613381477509392e-16,0.18029287704848684,4.4923045678879134,0,2.5757174171303632e-14,4.7378008634357816e-15
hex,2,3,0,gll,shear,0,represented_polynomial,yz,reused,1.5044488116955891e-12,2.6057817792433954e-12,4.3104964042584015e-11,0.57735026918962296,3.1661128399561643e-12,5.3730716619235274e-12,4.7622516465219406e-12,2.8578118500454874e-12,7.1320208621695498e-15,9.9072250397239845e-14,1.7159817130817943e-13,0,2.3314683517128287e-14,1.155742168634788e-13,1.3322676295501878e-15,0.12499999999999933,8,2.2204460492503131e-16,4.7378008634357816e-15,0,0,1.155742168634788e-13,6.6613381477509392e-16,0.18029287704848684,4.4923045678879134,0,2.5757174171303632e-14,4.7378008634357816e-15
hex,2,3,0,gll,shear,0,represented_polynomial,yz,reused_centered,1.5045328748663103e-12,2.60592738092613e-12,4.312195045486078e-11,0.57735026918962296,3.1663840227069762e-12,5.373531874312423e-12,4.7621560047347129e-12,2.8574829133948799e-12,7.1320208621695498e-15,9.9383237763633329e-14,1.7213681722728489e-13,0,2.3314683517128287e-14,1.155742168634788e-13,1.3322676295501878e-15,0.12499999999999933,8,2.2204460492503131e-16,4.7378008634357816e-15,0,0,1.155742168634788e-13,6.6613381477509392e-16,0.18029287704848684,4.4923045678879134,0,2.5757174171303632e-14,4.7378008634357816e-15
hex,2,3,0,gll,shear,0,represented_polynomial,zz,recursive,1.9604596697505859e-12,9.8022983487526833e-13,2.9769298137694022e-11,2.0000000000000502,2.8589367982620718e-12,1.4294683991310359e-12,3.8615547795061821e-12,2.4478006837255411e-12,7.1320208621695498e-15,4.9369828993942694e-13,2.468491449697217e-13,0,2.3314683517128287e-14,1.155742168634788e-13,1.3322676295501878e-15,0.12499999999999933,8,2.2204460492503131e-16,4.7378008634357816e-15,0,0,1.155742168634788e-13,6.6613381477509392e-16,0.18029287704848684,4.4923045678879134,0,2.5757174171303632e-14,4.7378008634357816e-15
hex,2,3,0,gll,shear,0,represented_polynomial,zz,direct,1.8162867982433439e-12,9.0814339912164905e-13,2.8373525751135276e-11,2.0000000000000502,2.7206428258758021e-12,1.3603214129379011e-12,3.5544199048426215e-12,2.1935102133795112e-12,7.1320208621695498e-15,0,0,0,2.3314683517128287e-14,1.155742168634788e-13,1.3322676295501878e-15,0.12499999999999933,8,2.2204460492503131e-16,4.7378008634357816e-15,0,0,1.155742168634788e-13,6.6613381477509392e-16,0.18029287704848684,4.4923045678879134,0,2.5757174171303632e-14,4.7378008634357816e-15
hex,2,3,0,gll,shear,0,represented_polynomial,zz,fe_geometry,1.8162867982433439e-12,9.0814339912164905e-13,2.8373525751135276e-11,2.0000000000000502,2.7206428258758021e-12,1.3603214129379011e-12,3.5544199048426215e-12,2.1935102133795112e-12,7.1320208621695498e-15,0,0,0,2.3314683517128287e-14,1.155742168634788e-13,1.3322676295501878e-15,0.12499999999999933,8,2.2204460492503131e-16,4.7378008634357816e-15,0,0,1.155742168634788e-13,6.6613381477509392e-16,0.18029287704848684,4.4923045678879134,0,2.5757174171303632e-14,4.7378008634357816e-15
hex,2,3,0,gll,shear,0,represented_polynomial,zz,reused,1.8146473591841298e-12,9.0732367959204199e-13,2.8344437907890097e-11,2.0000000000000502,2.7118546276347854e-12,1.3559273138173927e-12,3.5644811576276813e-12,2.2142866587134866e-12,7.1320208621695498e-15,1.0396678819151321e-13,5.198339409575834e-14,0,2.3314683517128287e-14,1.155742168634788e-13,1.3322676295501878e-15,0.12499999999999933,8,2.2204460492503131e-16,4.7378008634357816e-15,0,0,1.155742168634788e-13,6.6613381477509392e-16,0.18029287704848684,4.4923045678879134,0,2.5757174171303632e-14,4.7378008634357816e-15
hex,2,3,0,gll,shear,0,represented_polynomial,zz,reused_centered,1.8151609566055114e-12,9.0758047830273279e-13,2.8307356458867616e-11,2.0000000000000502,2.7119107735555007e-12,1.3559553867777503e-12,3.5611169971524364e-12,2.2122380306088108e-12,7.1320208621695498e-15,1.0453555149038935e-13,5.226777574519641e-14,0,2.3314683517128287e-14,1.155742168634788e-13,1.3322676295501878e-15,0.12499999999999933,8,2.2204460492503131e-16,4.7378008634357816e-15,0,0,1.155742168634788e-13,6.6613381477509392e-16,0.18029287704848684,4.4923045678879134,0,2.5757174171303632e-14,4.7378008634357816e-15
hex,2,3,0,gll,shear,0,represented_polynomial,xxx,recursive,1.2239134227958416e-11,nan,1.3117771894445065e-10,0,1.6443807190995907e-11,nan,2.4550721455063861e-11,1.7921461394366927e-11,7.1320208621695498e-15,7.7509515392320317e-12,0.80749279943465269,0,2.3314683517128287e-14,1.155742168634788e-13,1.3322676295501878e-15,0.12499999999999933,8,2.2204460492503131e-16,4.7378008634357816e-15,0,0,1.155742168634788e-13,6.6613381477509392e-16,0.18029287704848684,4.4923045678879134,0,2.5757174171303632e-14,4.7378008634357816e-15
hex,2,3,0,gll,shear,0,represented_polynomial,xxx,direct,9.5987871900017925e-12,nan,5.2216626541385826e-11,0,1.2081213286095901e-11,nan,1.4049160065134083e-11,1.0384890823196627e-11,7.1320208621695498e-15,0,0,0,2.3314683517128287e-14,1.155742168634788e-13,1.3322676295501878e-15,0.12499999999999933,8,2.2204460492503131e-16,4.7378008634357816e-15,0,0,1.155742168634788e-13,6.6613381477509392e-16,0.18029287704848684,4.4923045678879134,0,2.5757174171303632e-14,4.7378008634357816e-15
hex,2,3,0,gll,shear,0,represented_polynomial,xxx,fe_geometry,9.5987871900017925e-12,nan,5.2216626541385826e-11,0,1.2081213286095901e-11,nan,1.4049160065134083e-11,1.0384890823196627e-11,7.1320208621695498e-15,0,0,0,2.3314683517128287e-14,1.155742168634788e-13,1.3322676295501878e-15,0.12499999999999933,8,2.2204460492503131e-16,4.7378008634357816e-15,0,0,1.155742168634788e-13,6.6613381477509392e-16,0.18029287704848684,4.4923045678879134,0,2.5757174171303632e-14,4.7378008634357816e-15
hex,2,3,0,gll,shear,0,represented_polynomial,xxx,reused,9.5524123895298259e-12,nan,5.0968256916606004e-11,0,1.2172265601059653e-11,nan,1.414875182750031e-11,1.0406433318721662e-11,7.1320208621695498e-15,6.8196227990766839e-13,0.071046713132468256,0,2.3314683517128287e-14,1.155742168634788e-13,1.3322676295501878e-15,0.12499999999999933,8,2.2204460492503131e-16,4.7378008634357816e-15,0,0,1.155742168634788e-13,6.6613381477509392e-16,0.18029287704848684,4.4923045678879134,0,2.5757174171303632e-14,4.7378008634357816e-15
hex,2,3,0,gll,shear,0,represented_polynomial,xxx,reused_centered,9.545688744811884e-12,nan,5.099259952823006e-11,0,1.2168231487489961e-11,nan,1.4145965365895579e-11,1.039582143810422e-11,7.1320208621695498e-15,6.3889133564897879e-13,0.066559589560903618,0,2.3314683517128287e-14,1.155742168634788e-13,1.3322676295501878e-15,0.12499999999999933,8,2.2204460492503131e-16,4.7378008634357816e-15,0,0,1.155742168634788e-13,6.6613381477509392e-16,0.18029287704848684,4.4923045678879134,0,2.5757174171303632e-14,4.7378008634357816e-15
hex,2,3,0,gll,shear,0,represented_polynomial,xxy,recursive,2.612062920209238e-11,nan,3.8548358552496562e-10,0,4.7181838808637136e-11,nan,7.2243359401447858e-11,4.1549412675772004e-11,7.1320208621695498e-15,6.1169607060901462e-12,0.23885349409980353,0,2.3314683517128287e-14,1.155742168634788e-13,1.3322676295501878e-15,0.12499999999999933,8,2.2204460492503131e-16,4.7378008634357816e-15,0,0,1.155742168634788e-13,6.6613381477509392e-16,0.18029287704848684,4.4923045678879134,0,2.5757174171303632e-14,4.7378008634357816e-15
hex,2,3,0,gll,shear,0,represented_polynomial,xxy,direct,2.5609676463573987e-11,nan,3.5042577079839765e-10,0,4.5921813218802534e-11,nan,7.1609900831871262e-11,4.0809708255841799e-11,7.1320208621695498e-15,0,0,0,2.3314683517128287e-14,1.155742168634788e-13,1.3322676295501878e-15,0.12499999999999933,8,2.2204460492503131e-16,4.7378008634357816e-15,0,0,1.155742168634788e-13,6.6613381477509392e-16,0.18029287704848684,4.4923045678879134,0,2.5757174171303632e-14,4.7378008634357816e-15
hex,2,3,0,gll,shear,0,represented_polynomial,xxy,fe_geometry,2.5609676463573987e-11,nan,3.5042577079839765e-10,0,4.5921813218802534e-11,nan,7.1609900831871262e-11,4.0809708255841799e-11,7.1320208621695498e-15,0,0,0,2.3314683517128287e-14,1.155742168634788e-13,1.3322676295501878e-15,0.12499999999999933,8,2.2204460492503131e-16,4.7378008634357816e-15,0,0,1.155742168634788e-13,6.6613381477509392e-16,0.18029287704848684,4.4923045678879134,0,2.5757174171303632e-14,4.7378008634357816e-15
hex,2,3,0,gll,shear,0,represented_polynomial,xxy,reused,2.5691523514812893e-11,nan,3.4885552811194481e-10,0,4.6123025609114231e-11,nan,7.2060484007584435e-11,4.0988725066502561e-11,7.1320208621695498e-15,1.07261086187084e-12,0.041883030556691021,0,2.3314683517128287e-14,1.155742168634788e-13,1.3322676295501878e-15,0.12499999999999933,8,2.2204460492503131e-16,4.7378008634357816e-15,0,0,1.155742168634788e-13,6.6613381477509392e-16,0.18029287704848684,4.4923045678879134,0,2.5757174171303632e-14,4.7378008634357816e-15
hex,2,3,0,gll,shear,0,represented_polynomial,xxy,reused_centered,2.5686734601304263e-11,nan,3.4927691894791564e-10,0,4.6114326416680859e-11,nan,7.2043008362667525e-11,4.0976481293447681e-11,7.1320208621695498e-15,1.0655630539068509e-12,0.041607829580450117,0,2.3314683517128287e-14,1.155742168634788e-13,1.3322676295501878e-15,0.12499999999999933,8,2.2204460492503131e-16,4.7378008634357816e-15,0,0,1.155742168634788e-13,6.6613381477509392e-16,0.18029287704848684,4.4923045678879134,0,2.5757174171303632e-14,4.7378008634357816e-15
hex,2,3,0,gll,shear,0,represented_polynomial,xxz,recursive,2.2863900056039944e-11,nan,4.2982802383587977e-10,0,4.2809656853324063e-11,nan,5.7339054974916236e-11,3.5358538355418426e-11,7.1320208621695498e-15,9.5457433509951698e-12,0.44604397591055384,0,2.3314683517128287e-14,1.155742168634788e-13,1.3322676295501878e-15,0.12499999999999933,8,2.2204460492503131e-16,4.7378008634357816e-15,0,0,1.155742168634788e-13,6.6613381477509392e-16,0.18029287704848684,4.4923045678879134,0,2.5757174171303632e-14,4.7378008634357816e-15
hex,2,3,0,gll,shear,0,represented_polynomial,xxz,direct,2.1400901853922578e-11,nan,2.9128845387645218e-10,0,3.9049997935642759e-11,nan,5.7359159500525162e-11,3.5249353359527309e-11,7.1320208621695498e-15,0,0,0,2.3314683517128287e-14,1.155742168634788e-13,1.3322676295501878e-15,0.12499999999999933,8,2.2204460492503131e-16,4.7378008634357816e-15,0,0,1.155742168634788e-13,6.6613381477509392e-16,0.18029287704848684,4.4923045678879134,0,2.5757174171303632e-14,4.7378008634357816e-15
hex,2,3,0,gll,shear,0,represented_polynomial,xxz,fe_geometry,2.1400901853922578e-11,nan,2.9128845387645218e-10,0,3.9049997935642759e-11,nan,5.7359159500525162e-11,3.5249353359527309e-11,7.1320208621695498e-15,0,0,0,2.3314683517128287e-14,1.155742168634788e-13,1.3322676295501878e-15,0.12499999999999933,8,2.2204460492503131e-16,4.7378008634357816e-15,0,0,1.155742168634788e-13,6.6613381477509392e-16,0.18029287704848684,4.4923045678879134,0,2.5757174171303632e-14,4.7378008634357816e-15
hex,2,3,0,gll,shear,0,represented_polynomial,xxz,reused,2.1214039378332271e-11,nan,2.9372959313300045e-10,0,3.8785988285365466e-11,nan,5.6778009687492126e-11,3.4803782154053456e-11,7.1320208621695498e-15,7.9963283443545095e-13,0.03736444566184887,0,2.3314683517128287e-14,1.155742168634788e-13,1.3322676295501878e-15,0.12499999999999933,8,2.2204460492503131e-16,4.7378008634357816e-15,0,0,1.155742168634788e-13,6.6613381477509392e-16,0.18029287704848684,4.4923045678879134,0,2.5757174171303632e-14,4.7378008634357816e-15
hex,2,3,0,gll,shear,0,represented_polynomial,xxz,reused_centered,2.1212719786289507e-11,nan,2.9342069456648881e-10,0,3.8784732955819049e-11,nan,5.679231779545594e-11,3.4805660456943569e-11,7.1320208621695498e-15,7.9247651342670914e-13,0.037030052230320187,0,2.3314683517128287e-14,1.155742168634788e-13,1.3322676295501878e-15,0.12499999999999933,8,2.2204460492503131e-16,4.7378008634357816e-15,0,0,1.155742168634788e-13,6.6613381477509392e-16,0.18029287704848684,4.4923045678879134,0,2.5757174171303632e-14,4.7378008634357816e-15
hex,2,3,0,gll,shear,0,represented_polynomial,xyy,recursive,2.6060959590135247e-11,nan,3.6277906804024261e-10,0,4.7283465447403686e-11,nan,6.8891141004662003e-11,3.8771662514980996e-11,7.1320208621695498e-15,3.635914069742423e-12,0.14079348337510725,0,2.3314683517128287e-14,1.155742168634788e-13,1.3322676295501878e-15,0.12499999999999933,8,2.2204460492503131e-16,4.7378008634357816e-15,0,0,1.155742168634788e-13,6.6613381477509392e-16,0.18029287704848684,4.4923045678879134,0,2.5757174171303632e-14,4.7378008634357816e-15
hex,2,3,0,gll,shear,0,represented_polynomial,xyy,direct,2.5824448565247054e-11,nan,3.6204496160999507e-10,0,4.6627701240120563e-11,nan,6.2255459724020808e-11,3.599269595013064e-11,7.1320208621695498e-15,0,0,0,2.3314683517128287e-14,1.155742168634788e-13,1.3322676295501878e-15,0.12499999999999933,8,2.2204460492503131e-16,4.7378008634357816e-15,0,0,1.155742168634788e-13,6.6613381477509392e-16,0.18029287704848684,4.4923045678879134,0,2.5757174171303632e-14,4.7378008634357816e-15
hex,2,3,0,gll,shear,0,represented_polynomial,xyy,fe_geometry,2.5824448565247054e-11,nan,3.6204496160999507e-10,0,4.6627701240120563e-11,nan,6.2255459724020808e-11,3.599269595013064e-11,7.1320208621695498e-15,0,0,0,2.3314683517128287e-14,1.155742168634788e-13,1.3322676295501878e-15,0.12499999999999933,8,2.2204460492503131e-16,4.7378008634357816e-15,0,0,1.155742168634788e-13,6.6613381477509392e-16,0.18029287704848684,4.4923045678879134,0,2.5757174171303632e-14,4.7378008634357816e-15
hex,2,3,0,gll,shear,0,represented_polynomial,xyy,reused,2.5846748260185687e-11,nan,3.554885442198838e-10,0,4.6674096770377517e-11,nan,6.2823444115915346e-11,3.626093707807839e-11,7.1320208621695498e-15,1.21380229746149e-12,0.047002060640123411,0,2.3314683517128287e-14,1.155742168634788e-13,1.3322676295501878e-15,0.12499999999999933,8,2.2204460492503131e-16,4.7378008634357816e-15,0,0,1.155742168634788e-13,6.6613381477509392e-16,0.18029287704848684,4.4923045678879134,0,2.5757174171303632e-14,4.7378008634357816e-15
hex,2,3,0,gll,shear,0,represented_polynomial,xyy,reused_centered,2.5839760232299366e-11,nan,3.5543753132574571e-10,0,4.6664121393664673e-11,nan,6.2793126143788436e-11,3.624009926719282e-11,7.1320208621695498e-15,1.2094045197244713e-12,0.046831765513553433,0,2.3314683517128287e-14,1.155742168634788e-13,1.3322676295501878e-15,0.12499999999999933,8,2.2204460492503131e-16,4.7378008634357816e-15,0,0,1.155742168634788e-13,6.6613381477509392e-16,0.18029287704848684,4.4923045678879134,0,2.5757174171303632e-14,4.7378008634357816e-15
hex,2,3,0,gll,shear,0,represented_polynomial,xyz,recursive,2.5643735431314896e-11,2.5643735431314249e-11,8.3473117307164557e-10,1.0000000000000251,5.9064603879940947e-11,5.9064603879940947e-11,9.6077453013150584e-11,5.2300340234259041e-11,7.1320208621695498e-15,2.7466111346153821e-12,2.7466111346154152e-12,0,2.3314683517128287e-14,1.155742168634788e-13,1.3322676295501878e-15,0.12499999999999933,8,2.2204460492503131e-16,4.7378008634357816e-15,0,0,1.155742168634788e-13,6.6613381477509392e-16,0.18029287704848684,4.4923045678879134,0,2.5757174171303632e-14,4.7378008634357816e-15
hex,2,3,0,gll,shear,0,represented_polynomial,xyz,direct,2.5256029798205536e-11,2.5256029798204899e-11,7.9603923452964409e-10,1.0000000000000251,5.7885802562836611e-11,5.7885802562836611e-11,9.4150385516462043e-11,5.1097180305549064e-11,7.1320208621695498e-15,0,0,0,2.3314683517128287e-14,1.155742168634788e-13,1.3322676295501878e-15,0.12499999999999933,8,2.2204460492503131e-16,4.7378008634357816e-15,0,0,1.155742168634788e-13,6.6613381477509392e-16,0.18029287704848684,4.4923045678879134,0,2.5757174171303632e-14,4.7378008634357816e-15
hex,2,3,0,gll,shear,0,represented_polynomial,xyz,fe_geometry,2.5256029798205536e-11,2.5256029798204899e-11,7.9603923452964409e-10,1.0000000000000251,5.7885802562836611e-11,5.7885802562836611e-11,9.4150385516462043e-11,5.1097180305549064e-11,7.1320208621695498e-15,0,0,0,2.3314683517128287e-14,1.155742168634788e-13,1.3322676295501878e-15,0.12499999999999933,8,2.2204460492503131e-16,4.7378008634357816e-15,0,0,1.155742168634788e-13,6.6613381477509392e-16,0.18029287704848684,4.4923045678879134,0,2.5757174171303632e-14,4.7378008634357816e-15
hex,2,3,0,gll,shear,0,represented_polynomial,xyz,reused,2.5217018600722903e-11,2.5217018600722267e-11,7.9099482519495723e-10,1.0000000000000251,5.7790273378308097e-11,5.7790273378308097e-11,9.4104286082883597e-11,5.1008254743276724e-11,7.1320208621695498e-15,6.2008744569590006e-13,6.2008744569590763e-13,0,2.3314683517128287e-14,1.155742168634788e-13,1.3322676295501878e-15,0.12499999999999933,8,2.2204460492503131e-16,4.7378008634357816e-15,0,0,1.155742168634788e-13,6.6613381477509392e-16,0.18029287704848684,4.4923045678879134,0,2.5757174171303632e-14,4.7378008634357816e-15
hex,2,3,0,gll,shear,0,represented_polynomial,xyz,reused_centered,2.5220798384103553e-11,2.522079838410292e-11,7.9086093229818744e-10,1.0000000000000251,5.7799471338897508e-11,5.7799471338897508e-11,9.4128973303885721e-11,5.1017289001176581e-11,7.1320208621695498e-15,6.1721315817552436e-13,6.1721315817553183e-13,0,2.3314683517128287e-14,1.155742168634788e-13,1.3322676295501878e-15,0.12499999999999933,8,2.2204460492503131e-16,4.7378008634357816e-15,0,0,1.155742168634788e-13,6.6613381477509392e-16,0.18029287704848684,4.4923045678879134,0,2.5757174171303632e-14,4.7378008634357816e-15
hex,2,3,0,gll,shear,0,represented_polynomial,xzz,recursive,2.1758828973401568e-11,nan,3.081426571724591e-10,0,3.9208892673093014e-11,nan,5.4401231947989741e-11,3.5034739345488659e-11,7.1320208621695498e-15,5.3977778162736165e-12,0.25107326845520594,0,2.3314683517128287e-14,1.155742168634788e-13,1.3322676295501878e-15,0.12499999999999933,8,2.2204460492503131e-16,4.7378008634357816e-15,0,0,1.155742168634788e-13,6.6613381477509392e-16,0.18029287704848684,4.4923045678879134,0,2.5757174171303632e-14,4.7378008634357816e-15
hex,2,3,0,gll,shear,0,represented_polynomial,xzz,direct,2.1498815264105406e-11,nan,3.1893746335331549e-10,0,3.885711789910593e-11,nan,5.3517987425789386e-11,3.4665711055877395e-11,7.1320208621695498e-15,0,0,0,2.3314683517128287e-14,1.155742168634788e-13,1.3322676295501878e-15,0.12499999999999933,8,2.2204460492503131e-16,4.7378008634357816e-15,0,0,1.155742168634788e-13,6.6613381477509392e-16,0.18029287704848684,4.4923045678879134,0,2.5757174171303632e-14,4.7378008634357816e-15
hex,2,3,0,gll,shear,0,represented_polynomial,xzz,fe_geometry,2.1498815264105406e-11,nan,3.1893746335331549e-10,0,3.885711789910593e-11,nan,5.3517987425789386e-11,3.4665711055877395e-11,7.1320208621695498e-15,0,0,0,2.3314683517128287e-14,1.155742168634788e-13,1.3322676295501878e-15,0.12499999999999933,8,2.2204460492503131e-16,4.7378008634357816e-15,0,0,1.155742168634788e-13,6.6613381477509392e-16,0.18029287704848684,4.4923045678879134,0,2.5757174171303632e-14,4.7378008634357816e-15
hex,2,3,0,gll,shear,0,represented_polynomial,xzz,reused,2.1290261433419545e-11,nan,3.1991708251824822e-10,0,3.858875371481098e-11,nan,5.3246660736272217e-11,3.4432787686688351e-11,7.1320208621695498e-15,7.5181317069551488e-13,0.034969981436639819,0,2.3314683517128287e-14,1.155742168634788e-13,1.3322676295501878e-15,0.12499999999999933,8,2.2204460492503131e-16,4.7378008634357816e-15,0,0,1.155742168634788e-13,6.6613381477509392e-16,0.18029287704848684,4.4923045678879134,0,2.5757174171303632e-14,4.7378008634357816e-15
hex,2,3,0,gll,shear,0,represented_polynomial,xzz,reused_centered,2.1285227797632102e-11,nan,3.1987616127977175e-10,0,3.8581736400610645e-11,nan,5.3244234629578929e-11,3.4426062865105777e-11,7.1320208621695498e-15,7.4651879259640651e-13,0.03472371772238074,0,2.3314683517128287e-14,1.155742168634788e-13,1.3322676295501878e-15,0.12499999999999933,8,2.2204460492503131e-16,4.7378008634357816e-15,0,0,1.155742168634788e-13,6.6613381477509392e-16,0.18029287704848684,4.4923045678879134,0,2.5757174171303632e-14,4.7378008634357816e-15
hex,2,3,0,gll,shear,0,represented_polynomial,yyy,recursive,1.1493951856914762e-11,nan,1.2075501209455646e-10,0,1.5647123080515117e-11,nan,2.2595877368958302e-11,1.7013296192041396e-11,7.1320208621695498e-15,6.6856917499979548e-12,0.71690417319994137,0,2.3314683517128287e-14,1.155742168634788e-13,1.3322676295501878e-15,0.12499999999999933,8,2.2204460492503131e-16,4.7378008634357816e-15,0,0,1.155742168634788e-13,6.6613381477509392e-16,0.18029287704848684,4.4923045678879134,0,2.5757174171303632e-14,4.7378008634357816e-15
hex,2,3,0,gll,shear,0,represented_polynomial,yyy,direct,9.3257816036360901e-12,nan,6.3632168386726778e-11,0,1.2216372994779208e-11,nan,1.5558815314197929e-11,1.1564761135486385e-11,7.1320208621695498e-15,0,0,0,2.3314683517128287e-14,1.155742168634788e-13,1.3322676295501878e-15,0.12499999999999933,8,2.2204460492503131e-16,4.7378008634357816e-15,0,0,1.155742168634788e-13,6.6613381477509392e-16,0.18029287704848684,4.4923045678879134,0,2.5757174171303632e-14,4.7378008634357816e-15
hex,2,3,0,gll,shear,0,represented_polynomial,yyy,fe_geometry,9.3257816036360901e-12,nan,6.3632168386726778e-11,0,1.2216372994779208e-11,nan,1.5558815314197929e-11,1.1564761135486385e-11,7.1320208621695498e-15,0,0,0,2.3314683517128287e-14,1.155742168634788e-13,1.3322676295501878e-15,0.12499999999999933,8,2.2204460492503131e-16,4.7378008634357816e-15,0,0,1.155742168634788e-13,6.6613381477509392e-16,0.18029287704848684,4.4923045678879134,0,2.5757174171303632e-14,4.7378008634357816e-15
hex,2,3,0,gll,shear,0,represented_polynomial,yyy,reused,9.4792964291786072e-12,nan,6.1928307820236442e-11,0,1.2290310894437537e-11,nan,1.5750007265468138e-11,1.1786290167361341e-11,7.1320208621695498e-15,1.4599494337082192e-12,0.15654982024659359,0,2.3314683517128287e-14,1.155742168634788e-13,1.3322676295501878e-15,0.12499999999999933,8,2.2204460492503131e-16,4.7378008634357816e-15,0,0,1.155742168634788e-13,6.6613381477509392e-16,0.18029287704848684,4.4923045678879134,0,2.5757174171303632e-14,4.7378008634357816e-15
hex,2,3,0,gll,shear,0,represented_polynomial,yyy,reused_centered,9.4746370538618951e-12,nan,6.1402350575332539e-11,0,1.2287478726902396e-11,nan,1.5766503822659216e-11,1.1792572968281565e-11,7.1320208621695498e-15,1.432984498269897e-12,0.15365838051699401,0,2.3314683517128287e-14,1.155742168634788e-13,1.3322676295501878e-15,0.12499999999999933,8,2.2204460492503131e-16,4.7378008634357816e-15,0,0,1.155742168634788e-13,6.6613381477509392e-16,0.18029287704848684,4.4923045678879134,0,2.5757174171303632e-14,4.7378008634357816e-15
hex,2,3,0,gll,shear,0,represented_polynomial,yyz,recursive,2.1932821269889707e-11,nan,4.8626452665034343e-10,0,4.2426780990279974e-11,nan,5.8003646172208119e-11,3.5287547197787913e-11,7.1320208621695498e-15,8.8171990312432598e-12,0.4263826779360651,0,2.3314683517128287e-14,1.155742168634788e-13,1.3322676295501878e-15,0.12499999999999933,8,2.2204460492503131e-16,4.7378008634357816e-15,0,0,1.155742168634788e-13,6.6613381477509392e-16,0.18029287704848684,4.4923045678879134,0,2.5757174171303632e-14,4.7378008634357816e-15
hex,2,3,0,gll,shear,0,represented_polynomial,yyz,direct,2.0679074192046266e-11,nan,4.2389948648669775e-10,0,3.9648199998617169e-11,nan,5.840149489781678e-11,3.5126153239229966e-11,7.1320208621695498e-15,0,0,0,2.3314683517128287e-14,1.155742168634788e-13,1.3322676295501878e-15,0.12499999999999933,8,2.2204460492503131e-16,4.7378008634357816e-15,0,0,1.155742168634788e-13,6.6613381477509392e-16,0.18029287704848684,4.4923045678879134,0,2.5757174171303632e-14,4.7378008634357816e-15
hex,2,3,0,gll,shear,0,represented_polynomial,yyz,fe_geometry,2.0679074192046266e-11,nan,4.2389948648669775e-10,0,3.9648199998617169e-11,nan,5.840149489781678e-11,3.5126153239229966e-11,7.1320208621695498e-15,0,0,0,2.3314683517128287e-14,1.155742168634788e-13,1.3322676295501878e-15,0.12499999999999933,8,2.2204460492503131e-16,4.7378008634357816e-15,0,0,1.155742168634788e-13,6.6613381477509392e-16,0.18029287704848684,4.4923045678879134,0,2.5757174171303632e-14,4.7378008634357816e-15
hex,2,3,0,gll,shear,0,represented_polynomial,yyz,reused,2.0701585803024891e-11,nan,4.2187533566549632e-10,0,3.9700876824817433e-11,nan,5.827473034799478e-11,3.4961698834635092e-11,7.1320208621695498e-15,1.0563053693376598e-12,0.051080882999295175,0,2.3314683517128287e-14,1.155742168634788e-13,1.3322676295501878e-15,0.12499999999999933,8,2.2204460492503131e-16,4.7378008634357816e-15,0,0,1.155742168634788e-13,6.6613381477509392e-16,0.18029287704848684,4.4923045678879134,0,2.5757174171303632e-14,4.7378008634357816e-15
hex,2,3,0,gll,shear,0,represented_polynomial,yyz,reused_centered,2.0703157044750875e-11,nan,4.2202552634292789e-10,0,3.9704809987818183e-11,nan,5.8276879810876501e-11,3.495437237748942e-11,7.1320208621695498e-15,1.0628868641996085e-12,0.051399151351196548,0,2.3314683517128287e-14,1.155742168634788e-13,1.3322676295501878e-15,0.12499999999999933,8,2.2204460492503131e-16,4.7378008634357816e-15,0,0,1.155742168634788e-13,6.6613381477509392e-16,0.18029287704848684,4.4923045678879134,0,2.5757174171303632e-14,4.7378008634357816e-15
hex,2,3,0,gll,shear,0,represented_polynomial,yzz,recursive,2.050107452817478e-11,nan,3.9236144528997199e-10,0,3.8736846553842807e-11,nan,5.394170879284686e-11,3.5039849211099897e-11,7.1320208621695498e-15,5.1763718681082974e-12,0.25362193150728418,0,2.3314683517128287e-14,1.155742168634788e-13,1.3322676295501878e-15,0.12499999999999933,8,2.2204460492503131e-16,4.7378008634357816e-15,0,0,1.155742168634788e-13,6.6613381477509392e-16,0.18029287704848684,4.4923045678879134,0,2.5757174171303632e-14,4.7378008634357816e-15
hex,2,3,0,gll,shear,0,represented_polynomial,yzz,direct,2.0409795940536117e-11,nan,4.3325671242476094e-10,0,3.8829877620665179e-11,nan,5.4585731033897254e-11,3.4922829374385802e-11,7.1320208621695498e-15,0,0,0,2.3314683517128287e-14,1.155742168634788e-13,1.3322676295501878e-15,0.12499999999999933,8,2.2204460492503131e-16,4.7378008634357816e-15,0,0,1.155742168634788e-13,6.6613381477509392e-16,0.18029287704848684,4.4923045678879134,0,2.5757174171303632e-14,4.7378008634357816e-15
hex,2,3,0,gll,shear,0,represented_polynomial,yzz,fe_geometry,2.0409795940536117e-11,nan,4.3325671242476094e-10,0,3.8829877620665179e-11,nan,5.4585731033897254e-11,3.4922829374385802e-11,7.1320208621695498e-15,0,0,0,2.3314683517128287e-14,1.155742168634788e-13,1.3322676295501878e-15,0.12499999999999933,8,2.2204460492503131e-16,4.7378008634357816e-15,0,0,1.155742168634788e-13,6.6613381477509392e-16,0.18029287704848684,4.4923045678879134,0,2.5757174171303632e-14,4.7378008634357816e-15
hex,2,3,0,gll,shear,0,represented_polynomial,yzz,reused,2.0217325866976901e-11,nan,4.3218516424750196e-10,0,3.8716914569363271e-11,nan,5.4261909041414541e-11,3.4538945403470258e-11,7.1320208621695498e-15,1.0769912643674436e-12,0.052768350428649774,0,2.3314683517128287e-14,1.155742168634788e-13,1.3322676295501878e-15,0.12499999999999933,8,2.2204460492503131e-16,4.7378008634357816e-15,0,0,1.155742168634788e-13,6.6613381477509392e-16,0.18029287704848684,4.4923045678879134,0,2.5757174171303632e-14,4.7378008634357816e-15
hex,2,3,0,gll,shear,0,represented_polynomial,yzz,reused_centered,2.021944561870191e-11,nan,4.3238816012049981e-10,0,3.8723122086212805e-11,nan,5.4271909709678218e-11,3.454088494456426e-11,7.1320208621695498e-15,1.0804215440121e-12,0.052936420685434832,0,2.3314683517128287e-14,1.155742168634788e-13,1.3322676295501878e-15,0.12499999999999933,8,2.2204460492503131e-16,4.7378008634357816e-15,0,0,1.155742168634788e-13,6.6613381477509392e-16,0.18029287704848684,4.4923045678879134,0,2.5757174171303632e-14,4.7378008634357816e-15
hex,2,3,0,gll,shear,0,represented_polynomial,zzz,recursive,1.4237943643241065e-11,nan,1.2749735554903374e-10,0,1.7282522944762184e-11,nan,1.6946862475705022e-11,1.3192013676834771e-11,7.1320208621695498e-15,5.9220425311091872e-12,0.47665677445300642,0,2.3314683517128287e-14,1.155742168634788e-13,1.3322676295501878e-15,0.12499999999999933,8,2.2204460492503131e-16,4.7378008634357816e-15,0,0,1.155742168634788e-13,6.6613381477509392e-16,0.18029287704848684,4.4923045678879134,0,2.5757174171303632e-14,4.7378008634357816e-15
hex,2,3,0,gll,shear,0,represented_polynomial,zzz,direct,1.2424123286415267e-11,nan,1.1310153439782897e-10,0,1.5634677696933465e-11,nan,1.2228780014166498e-11,9.2747507489152575e-12,7.1320208621695498e-15,0,0,0,2.3314683517128287e-14,1.155742168634788e-13,1.3322676295501878e-15,0.12499999999999933,8,2.2204460492503131e-16,4.7378008634357816e-15,0,0,1.155742168634788e-13,6.6613381477509392e-16,0.18029287704848684,4.4923045678879134,0,2.5757174171303632e-14,4.7378008634357816e-15
hex,2,3,0,gll,shear,0,represented_polynomial,zzz,fe_geometry,1.2424123286415267e-11,nan,1.1310153439782897e-10,0,1.5634677696933465e-11,nan,1.2228780014166498e-11,9.2747507489152575e-12,7.1320208621695498e-15,0,0,0,2.3314683517128287e-14,1.155742168634788e-13,1.3322676295501878e-15,0.12499999999999933,8,2.2204460492503131e-16,4.7378008634357816e-15,0,0,1.155742168634788e-13,6.6613381477509392e-16,0.18029287704848684,4.4923045678879134,0,2.5757174171303632e-14,4.7378008634357816e-15
hex,2,3,0,gll,shear,0,represented_polynomial,zzz,reused,1.2414818417061334e-11,nan,1.1369437257075188e-10,0,1.5552618690916332e-11,nan,1.2196018905480496e-11,9.2396970379293926e-12,7.1320208621695498e-15,7.3610695811556879e-13,0.059248201353606957,0,2.3314683517128287e-14,1.155742168634788e-13,1.3322676295501878e-15,0.12499999999999933,8,2.2204460492503131e-16,4.7378008634357816e-15,0,0,1.155742168634788e-13,6.6613381477509392e-16,0.18029287704848684,4.4923045678879134,0,2.5757174171303632e-14,4.7378008634357816e-15
hex,2,3,0,gll,shear,0,represented_polynomial,zzz,reused_centered,1.2417071490133039e-11,nan,1.1319513033584274e-10,0,1.5553420023295339e-11,nan,1.2197434262127682e-11,9.2445110611725653e-12,7.1320208621695498e-15,7.1114111390864706e-13,0.057238736087416323,0,2.3314683517128287e-14,1.155742168634788e-13,1.3322676295501878e-15,0.12499999999999933,8,2.2204460492503131e-16,4.7378008634357816e-15,0,0,1.155742168634788e-13,6.6613381477509392e-16,0.18029287704848684,4.4923045678879134,0,2.5757174171303632e-14,4.7378008634357816e-15
hex,2,3,0,gll,shear,0,sine,x,recursive,0.0053953817419002056,0.0037825705559317163,0.024818982555076197,1.4263796701529667,0.010679413441753072,0.0075155619264929809,0.017368711233974255,0.010093558409808483,0.00069901451141066455,1.9102454498545724e-14,1.3385700690931671e-14,0,2.3314683517128287e-14,1.155742168634788e-13,1.3322676295501878e-15,0.12499999999999933,8,2.2204460492503131e-16,4.7378008634357816e-15,0,0,1.155742168634788e-13,6.6613381477509392e-16,0.18029287704848684,4.4923045678879134,0,2.5757174171303632e-14,4.7378008634357816e-15
hex,2,3,0,gll,shear,0,sine,x,direct,0.0053953817418939884,0.0037825705559273583,0.024818982555115054,1.4263796701529667,0.010679413441744603,0.0075155619264870212,0.017368711233947946,0.010093558409793618,0.00069901451141066455,0,0,0,2.3314683517128287e-14,1.155742168634788e-13,1.3322676295501878e-15,0.12499999999999933,8,2.2204460492503131e-16,4.7378008634357816e-15,0,0,1.155742168634788e-13,6.6613381477509392e-16,0.18029287704848684,4.4923045678879134,0,2.5757174171303632e-14,4.7378008634357816e-15
hex,2,3,0,gll,shear,0,sine,x,fe_geometry,0.0053953817418939884,0.0037825705559273583,0.024818982555115054,1.4263796701529667,0.010679413441744603,0.0075155619264870212,0.017368711233947946,0.010093558409793618,0.00069901451141066455,0,0,0,2.3314683517128287e-14,1.155742168634788e-13,1.3322676295501878e-15,0.12499999999999933,8,2.2204460492503131e-16,4.7378008634357816e-15,0,0,1.155742168634788e-13,6.6613381477509392e-16,0.18029287704848684,4.4923045678879134,0,2.5757174171303632e-14,4.7378008634357816e-15
hex,2,3,0,gll,shear,0,sine,x,reused,0.0053953817418935807,0.003782570555927072,0.024818982555102842,1.4263796701529667,0.01067941344174401,0.0075155619264866032,0.017368711233950972,0.010093558409796083,0.00069901451141066455,7.4238519743658014e-15,5.2021304649728702e-15,0,2.3314683517128287e-14,1.155742168634788e-13,1.3322676295501878e-15,0.12499999999999933,8,2.2204460492503131e-16,4.7378008634357816e-15,0,0,1.155742168634788e-13,6.6613381477509392e-16,0.18029287704848684,4.4923045678879134,0,2.5757174171303632e-14,4.7378008634357816e-15
hex,2,3,0,gll,shear,0,sine,x,reused_centered,0.0053953817418935608,0.0037825705559270582,0.024818982555101954,1.4263796701529667,0.010679413441743973,0.007515561926486578,0.017368711233950909,0.010093558409796,0.00069901451141066455,7.2563996033134479e-15,5.0847912340868976e-15,0,2.3314683517128287e-14,1.155742168634788e-13,1.3322676295501878e-15,0.12499999999999933,8,2.2204460492503131e-16,4.7378008634357816e-15,0,0,1.155742168634788e-13,6.6613381477509392e-16,0.18029287704848684,4.4923045678879134,0,2.5757174171303632e-14,4.7378008634357816e-15
hex,2,3,0,gll,shear,0,sine,y,recursive,0.025925984644769591,0.012117383698637657,0.11440045824623013,2.1395695052294514,0.051683028335219247,0.024247711238734489,0.061643232611924788,0.031146556299114836,0.00069901451141066455,2.1402027393771148e-14,9.9793070868750701e-15,0,2.3314683517128287e-14,1.155742168634788e-13,1.3322676295501878e-15,0.12499999999999933,8,2.2204460492503131e-16,4.7378008634357816e-15,0,0,1.155742168634788e-13,6.6613381477509392e-16,0.18029287704848684,4.4923045678879134,0,2.5757174171303632e-14,4.7378008634357816e-15
hex,2,3,0,gll,shear,0,sine,y,direct,0.02592598464475962,0.012117383698632996,0.11440045824612155,2.1395695052294514,0.051683028335202649,0.0242477112387267,0.061643232611901452,0.031146556299098137,0.00069901451141066455,0,0,0,2.3314683517128287e-14,1.155742168634788e-13,1.3322676295501878e-15,0.12499999999999933,8,2.2204460492503131e-16,4.7378008634357816e-15,0,0,1.155742168634788e-13,6.6613381477509392e-16,0.18029287704848684,4.4923045678879134,0,2.5757174171303632e-14,4.7378008634357816e-15
hex,2,3,0,gll,shear,0,sine,y,fe_geometry,0.02592598464475962,0.012117383698632996,0.11440045824612155,2.1395695052294514,0.051683028335202649,0.0242477112387267,0.061643232611901452,0.031146556299098137,0.00069901451141066455,0,0,0,2.3314683517128287e-14,1.155742168634788e-13,1.3322676295501878e-15,0.12499999999999933,8,2.2204460492503131e-16,4.7378008634357816e-15,0,0,1.155742168634788e-13,6.6613381477509392e-16,0.18029287704848684,4.4923045678879134,0,2.5757174171303632e-14,4.7378008634357816e-15
hex,2,3,0,gll,shear,0,sine,y,reused,0.025925984644762781,0.012117383698634474,0.11440045824614198,2.1395695052294514,0.051683028335209068,0.024247711238729711,0.061643232611908842,0.031146556299106194,0.00069901451141066455,1.1317183733618063e-14,5.2769604373663882e-15,0,2.3314683517128287e-14,1.155742168634788e-13,1.3322676295501878e-15,0.12499999999999933,8,2.2204460492503131e-16,4.7378008634357816e-15,0,0,1.155742168634788e-13,6.6613381477509392e-16,0.18029287704848684,4.4923045678879134,0,2.5757174171303632e-14,4.7378008634357816e-15
hex,2,3,0,gll,shear,0,sine,y,reused_centered,0.025925984644762735,0.012117383698634453,0.11440045824614309,2.1395695052294514,0.051683028335209019,0.024247711238729687,0.061643232611908731,0.031146556299105996,0.00069901451141066455,1.1443732239263982e-14,5.3359672957350159e-15,0,2.3314683517128287e-14,1.155742168634788e-13,1.3322676295501878e-15,0.12499999999999933,8,2.2204460492503131e-16,4.7378008634357816e-15,0,0,1.155742168634788e-13,6.6613381477509392e-16,0.18029287704848684,4.4923045678879134,0,2.5757174171303632e-14,4.7378008634357816e-15
hex,2,3,0,gll,shear,0,sine,z,recursive,0.00078879829391859601,0.001106014493089353,0.0040721318023854147,0.71318983507648337,0.0015068251693129532,0.0021208351814705623,0.001673437076463138,0.0013000288758256504,0.00069901451141066455,1.6770043556068888e-14,2.3513407734215602e-14,0,2.3314683517128287e-14,1.155742168634788e-13,1.3322676295501878e-15,0.12499999999999933,8,2.2204460492503131e-16,4.7378008634357816e-15,0,0,1.155742168634788e-13,6.6613381477509392e-16,0.18029287704848684,4.4923045678879134,0,2.5757174171303632e-14,4.7378008634357816e-15
hex,2,3,0,gll,shear,0,sine,z,direct,0.00078879829391481995,0.0011060144930840584,0.004072131802376644,0.71318983507648337,0.0015068251693058005,0.0021208351814604952,0.0016734370764380424,0.0013000288758080506,0.00069901451141066455,0,0,0,2.3314683517128287e-14,1.155742168634788e-13,1.3322676295501878e-15,0.12499999999999933,8,2.2204460492503131e-16,4.7378008634357816e-15,0,0,1.155742168634788e-13,6.6613381477509392e-16,0.18029287704848684,4.4923045678879134,0,2.5757174171303632e-14,4.7378008634357816e-15
hex,2,3,0,gll,shear,0,sine,z,fe_geometry,0.00078879829391481995,0.0011060144930840584,0.004072131802376644,0.71318983507648337,0.0015068251693058005,0.0021208351814604952,0.0016734370764380424,0.0013000288758080506,0.00069901451141066455,0,0,0,2.3314683517128287e-14,1.155742168634788e-13,1.3322676295501878e-15,0.12499999999999933,8,2.2204460492503131e-16,4.7378008634357816e-15,0,0,1.155742168634788e-13,6.6613381477509392e-16,0.18029287704848684,4.4923045678879134,0,2.5757174171303632e-14,4.7378008634357816e-15
hex,2,3,0,gll,shear,0,sine,z,reused,0.00078879829391503918,0.0011060144930843659,0.0040721318023637654,0.71318983507648337,0.0015068251693071092,0.0021208351814623371,0.0016734370764408782,0.0013000288758087581,0.00069901451141066455,5.6868187353387004e-15,7.9735325187157735e-15,0,2.3314683517128287e-14,1.155742168634788e-13,1.3322676295501878e-15,0.12499999999999933,8,2.2204460492503131e-16,4.7378008634357816e-15,0,0,1.155742168634788e-13,6.6613381477509392e-16,0.18029287704848684,4.4923045678879134,0,2.5757174171303632e-14,4.7378008634357816e-15
hex,2,3,0,gll,shear,0,sine,z,reused_centered,0.00078879829391503744,0.0011060144930843635,0.0040721318023649866,0.71318983507648337,0.0015068251693070691,0.0021208351814622807,0.001673437076440832,0.0013000288758087529,0.00069901451141066455,5.7572151230993203e-15,8.0722358382925661e-15,0,2.3314683517128287e-14,1.155742168634788e-13,1.3322676295501878e-15,0.12499999999999933,8,2.2204460492503131e-16,4.7378008634357816e-15,0,0,1.155742168634788e-13,6.6613381477509392e-16,0.18029287704848684,4.4923045678879134,0,2.5757174171303632e-14,4.7378008634357816e-15
hex,2,3,0,gll,shear,0,sine,xx,recursive,0.12233128594401199,0.043629228728027949,0.42171938967750133,2.8038837611957343,0.19733399180646413,0.070104806241110956,0.12728017400645084,0.070595824516405059,0.00069901451141066455,4.1614864166437452e-13,1.451311968995659e-13,0,2.3314683517128287e-14,1.155742168634788e-13,1.3322676295501878e-15,0.12499999999999933,8,2.2204460492503131e-16,4.7378008634357816e-15,0,0,1.155742168634788e-13,6.6613381477509392e-16,0.18029287704848684,4.4923045678879134,0,2.5757174171303632e-14,4.7378008634357816e-15
hex,2,3,0,gll,shear,0,sine,xx,direct,0.12233128594385138,0.043629228727970669,0.42171938967745959,2.8038837611957343,0.19733399180634315,0.070104806241067977,0.12728017400639977,0.070595824516418632,0.00069901451141066455,0,0,0,2.3314683517128287e-14,1.155742168634788e-13,1.3322676295501878e-15,0.12499999999999933,8,2.2204460492503131e-16,4.7378008634357816e-15,0,0,1.155742168634788e-13,6.6613381477509392e-16,0.18029287704848684,4.4923045678879134,0,2.5757174171303632e-14,4.7378008634357816e-15
hex,2,3,0,gll,shear,0,sine,xx,fe_geometry,0.12233128594385138,0.043629228727970669,0.42171938967745959,2.8038837611957343,0.19733399180634315,0.070104806241067977,0.12728017400639977,0.070595824516418632,0.00069901451141066455,0,0,0,2.3314683517128287e-14,1.155742168634788e-13,1.3322676295501878e-15,0.12499999999999933,8,2.2204460492503131e-16,4.7378008634357816e-15,0,0,1.155742168634788e-13,6.6613381477509392e-16,0.18029287704848684,4.4923045678879134,0,2.5757174171303632e-14,4.7378008634357816e-15
hex,2,3,0,gll,shear,0,sine,xx,reused,0.12233128594385771,0.043629228727972931,0.4217193896775564,2.8038837611957343,0.19733399180635514,0.070104806241072237,0.12728017400632316,0.070595824516395747,0.00069901451141066455,7.9755144930699443e-14,2.7814483777712307e-14,0,2.3314683517128287e-14,1.155742168634788e-13,1.3322676295501878e-15,0.12499999999999933,8,2.2204460492503131e-16,4.7378008634357816e-15,0,0,1.155742168634788e-13,6.6613381477509392e-16,0.18029287704848684,4.4923045678879134,0,2.5757174171303632e-14,4.7378008634357816e-15
hex,2,3,0,gll,shear,0,sine,xx,reused_centered,0.12233128594385169,0.04362922872797078,0.42171938967753508,2.8038837611957343,0.19733399180634503,0.070104806241068643,0.12728017400631311,0.070595824516389849,0.00069901451141066455,7.9237609519389623e-14,2.7633994101281068e-14,0,2.3314683517128287e-14,1.155742168634788e-13,1.3322676295501878e-15,0.12499999999999933,8,2.2204460492503131e-16,4.7378008634357816e-15,0,0,1.155742168634788e-13,6.6613381477509392e-16,0.18029287704848684,4.4923045678879134,0,2.5757174171303632e-14,4.7378008634357816e-15
hex,2,3,0,gll,shear,0,sine,xy,recursive,0.055932243331466791,0.013298754654891942,0.29609750032947124,4.20582564179362,0.11200508340868108,0.026527258341739184,0.18906773518928544,0.12928741043165012,0.00069901451141066455,2.4329166753508334e-13,5.7664974580877429e-14,0,2.3314683517128287e-14,1.155742168634788e-13,1.3322676295501878e-15,0.12499999999999933,8,2.2204460492503131e-16,4.7378008634357816e-15,0,0,1.155742168634788e-13,6.6613381477509392e-16,0.18029287704848684,4.4923045678879134,0,2.5757174171303632e-14,4.7378008634357816e-15
hex,2,3,0,gll,shear,0,sine,xy,direct,0.055932243331447432,0.01329875465488734,0.29609750033094517,4.20582564179362,0.11200508340864955,0.026527258341731717,0.18906773518928738,0.1292874104316695,0.00069901451141066455,0,0,0,2.3314683517128287e-14,1.155742168634788e-13,1.3322676295501878e-15,0.12499999999999933,8,2.2204460492503131e-16,4.7378008634357816e-15,0,0,1.155742168634788e-13,6.6613381477509392e-16,0.18029287704848684,4.4923045678879134,0,2.5757174171303632e-14,4.7378008634357816e-15
hex,2,3,0,gll,shear,0,sine,xy,fe_geometry,0.055932243331447432,0.01329875465488734,0.29609750033094517,4.20582564179362,0.11200508340864955,0.026527258341731717,0.18906773518928738,0.1292874104316695,0.00069901451141066455,0,0,0,2.3314683517128287e-14,1.155742168634788e-13,1.3322676295501878e-15,0.12499999999999933,8,2.2204460492503131e-16,4.7378008634357816e-15,0,0,1.155742168634788e-13,6.6613381477509392e-16,0.18029287704848684,4.4923045678879134,0,2.5757174171303632e-14,4.7378008634357816e-15
hex,2,3,0,gll,shear,0,sine,xy,reused,0.055932243331451692,0.013298754654888353,0.29609750033094073,4.20582564179362,0.11200508340865849,0.026527258341733834,0.18906773518926637,0.12928741043166028,0.00069901451141066455,5.3432646042081289e-14,1.2664602150261976e-14,0,2.3314683517128287e-14,1.155742168634788e-13,1.3322676295501878e-15,0.12499999999999933,8,2.2204460492503131e-16,4.7378008634357816e-15,0,0,1.155742168634788e-13,6.6613381477509392e-16,0.18029287704848684,4.4923045678879134,0,2.5757174171303632e-14,4.7378008634357816e-15
hex,2,3,0,gll,shear,0,sine,xy,reused_centered,0.055932243331451623,0.013298754654888336,0.29609750033092475,4.20582564179362,0.1120050834086585,0.026527258341733837,0.18906773518926631,0.12928741043166017,0.00069901451141066455,5.3173756876803126e-14,1.2603240257821179e-14,0,2.3314683517128287e-14,1.155742168634788e-13,1.3322676295501878e-15,0.12499999999999933,8,2.2204460492503131e-16,4.7378008634357816e-15,0,0,1.155742168634788e-13,6.6613381477509392e-16,0.18029287704848684,4.4923045678879134,0,2.5757174171303632e-14,4.7378008634357816e-15
hex,2,3,0,gll,shear,0,sine,xz,recursive,0.005536431435937488,0.0039491162312495021,0.027577056572789638,1.4019418805978672,0.010947911015438856,0.0077787022241458965,0.018364254020324832,0.012549451402923753,0.00069901451141066455,2.7379526599109376e-13,1.9518629328417964e-13,0,2.3314683517128287e-14,1.155742168634788e-13,1.3322676295501878e-15,0.12499999999999933,8,2.2204460492503131e-16,4.7378008634357816e-15,0,0,1.155742168634788e-13,6.6613381477509392e-16,0.18029287704848684,4.4923045678879134,0,2.5757174171303632e-14,4.7378008634357816e-15
hex,2,3,0,gll,shear,0,sine,xz,direct,0.0055364314359384603,0.0039491162312501951,0.027577056571612302,1.4019418805978672,0.010947911015448054,0.007778702224152432,0.018364254020321099,0.012549451402884309,0.00069901451141066455,0,0,0,2.3314683517128287e-14,1.155742168634788e-13,1.3322676295501878e-15,0.12499999999999933,8,2.2204460492503131e-16,4.7378008634357816e-15,0,0,1.155742168634788e-13,6.6613381477509392e-16,0.18029287704848684,4.4923045678879134,0,2.5757174171303632e-14,4.7378008634357816e-15
hex,2,3,0,gll,shear,0,sine,xz,fe_geometry,0.0055364314359384603,0.0039491162312501951,0.027577056571612302,1.4019418805978672,0.010947911015448054,0.007778702224152432,0.018364254020321099,0.012549451402884309,0.00069901451141066455,0,0,0,2.3314683517128287e-14,1.155742168634788e-13,1.3322676295501878e-15,0.12499999999999933,8,2.2204460492503131e-16,4.7378008634357816e-15,0,0,1.155742168634788e-13,6.6613381477509392e-16,0.18029287704848684,4.4923045678879134,0,2.5757174171303632e-14,4.7378008634357816e-15
hex,2,3,0,gll,shear,0,sine,xz,reused,0.0055364314359375652,0.0039491162312495576,0.027577056571656156,1.4019418805978672,0.010947911015447554,0.0077787022241520764,0.018364254020327563,0.012549451402885469,0.00069901451141066455,3.9758762272348965e-14,2.8343680104969804e-14,0,2.3314683517128287e-14,1.155742168634788e-13,1.3322676295501878e-15,0.12499999999999933,8,2.2204460492503131e-16,4.7378008634357816e-15,0,0,1.155742168634788e-13,6.6613381477509392e-16,0.18029287704848684,4.4923045678879134,0,2.5757174171303632e-14,4.7378008634357816e-15
hex,2,3,0,gll,shear,0,sine,xz,reused_centered,0.005536431435937586,0.0039491162312495715,0.02757705657167514,1.4019418805978672,0.010947911015447578,0.0077787022241520929,0.018364254020327601,0.012549451402885872,0.00069901451141066455,3.9685379248298543e-14,2.8291365977468232e-14,0,2.3314683517128287e-14,1.155742168634788e-13,1.3322676295501878e-15,0.12499999999999933,8,2.2204460492503131e-16,4.7378008634357816e-15,0,0,1.155742168634788e-13,6.6613381477509392e-16,0.18029287704848684,4.4923045678879134,0,2.5757174171303632e-14,4.7378008634357816e-15
hex,2,3,0,gll,shear,0,sine,yy,recursive,0.60819345390161528,0.096404924296425082,2.0713458065664545,6.3087384626904219,0.98162770638577024,0.15499232100439911,1.0555445949816085,0.5898447619278121,0.00069901451141066455,3.9922501801926848e-13,6.0387322399806393e-14,0,2.3314683517128287e-14,1.155742168634788e-13,1.3322676295501878e-15,0.12499999999999933,8,2.2204460492503131e-16,4.7378008634357816e-15,0,0,1.155742168634788e-13,6.6613381477509392e-16,0.18029287704848684,4.4923045678879134,0,2.5757174171303632e-14,4.7378008634357816e-15
hex,2,3,0,gll,shear,0,sine,yy,direct,0.60819345390144708,0.096404924296398409,2.0713458065660495,6.3087384626904219,0.98162770638560548,0.1549923210043731,1.0555445949814568,0.58984476192779556,0.00069901451141066455,0,0,0,2.3314683517128287e-14,1.155742168634788e-13,1.3322676295501878e-15,0.12499999999999933,8,2.2204460492503131e-16,4.7378008634357816e-15,0,0,1.155742168634788e-13,6.6613381477509392e-16,0.18029287704848684,4.4923045678879134,0,2.5757174171303632e-14,4.7378008634357816e-15
hex,2,3,0,gll,shear,0,sine,yy,fe_geometry,0.60819345390144708,0.096404924296398409,2.0713458065660495,6.3087384626904219,0.98162770638560548,0.1549923210043731,1.0555445949814568,0.58984476192779556,0.00069901451141066455,0,0,0,2.3314683517128287e-14,1.155742168634788e-13,1.3322676295501878e-15,0.12499999999999933,8,2.2204460492503131e-16,4.7378008634357816e-15,0,0,1.155742168634788e-13,6.6613381477509392e-16,0.18029287704848684,4.4923045678879134,0,2.5757174171303632e-14,4.7378008634357816e-15
hex,2,3,0,gll,shear,0,sine,yy,reused,0.60819345390147905,0.096404924296403488,2.0713458065666801,6.3087384626904219,0.98162770638565022,0.15499232100438018,1.0555445949814268,0.58984476192776281,0.00069901451141066455,1.1481996466799988e-13,1.7367824939283332e-14,0,2.3314683517128287e-14,1.155742168634788e-13,1.3322676295501878e-15,0.12499999999999933,8,2.2204460492503131e-16,4.7378008634357816e-15,0,0,1.155742168634788e-13,6.6613381477509392e-16,0.18029287704848684,4.4923045678879134,0,2.5757174171303632e-14,4.7378008634357816e-15
hex,2,3,0,gll,shear,0,sine,yy,reused_centered,0.60819345390147228,0.096404924296402392,2.0713458065666535,6.3087384626904219,0.98162770638563912,0.1549923210043784,1.0555445949814071,0.58984476192775059,0.00069901451141066455,1.1360996676786551e-13,1.7184799001527654e-14,0,2.3314683517128287e-14,1.155742168634788e-13,1.3322676295501878e-15,0.12499999999999933,8,2.2204460492503131e-16,4.7378008634357816e-15,0,0,1.155742168634788e-13,6.6613381477509392e-16,0.18029287704848684,4.4923045678879134,0,2.5757174171303632e-14,4.7378008634357816e-15
hex,2,3,0,gll,shear,0,sine,yz,recursive,0.026626563022968074,0.012661753144675245,0.1182154036189651,2.10291282089681,0.053037324043133501,0.02512269539612148,0.090692945365413793,0.052752702735996762,0.00069901451141066455,2.7889221174631568e-13,1.3227211788364851e-13,0,2.3314683517128287e-14,1.155742168634788e-13,1.3322676295501878e-15,0.12499999999999933,8,2.2204460492503131e-16,4.7378008634357816e-15,0,0,1.155742168634788e-13,6.6613381477509392e-16,0.18029287704848684,4.4923045678879134,0,2.5757174171303632e-14,4.7378008634357816e-15
hex,2,3,0,gll,shear,0,sine,yz,direct,0.026626563022957173,0.012661753144670062,0.11821540361947624,2.10291282089681,0.053037324043122933,0.025122695396116477,0.090692945365475786,0.052752702735998691,0.00069901451141066455,0,0,0,2.3314683517128287e-14,1.155742168634788e-13,1.3322676295501878e-15,0.12499999999999933,8,2.2204460492503131e-16,4.7378008634357816e-15,0,0,1.155742168634788e-13,6.6613381477509392e-16,0.18029287704848684,4.4923045678879134,0,2.5757174171303632e-14,4.7378008634357816e-15
hex,2,3,0,gll,shear,0,sine,yz,fe_geometry,0.026626563022957173,0.012661753144670062,0.11821540361947624,2.10291282089681,0.053037324043122933,0.025122695396116477,0.090692945365475786,0.052752702735998691,0.00069901451141066455,0,0,0,2.3314683517128287e-14,1.155742168634788e-13,1.3322676295501878e-15,0.12499999999999933,8,2.2204460492503131e-16,4.7378008634357816e-15,0,0,1.155742168634788e-13,6.6613381477509392e-16,0.18029287704848684,4.4923045678879134,0,2.5757174171303632e-14,4.7378008634357816e-15
hex,2,3,0,gll,shear,0,sine,yz,reused,0.026626563022966461,0.012661753144674479,0.11821540361966454,2.10291282089681,0.053037324043140419,0.025122695396124758,0.090692945365464531,0.052752702735986416,0.00069901451141066455,5.3029702319722806e-14,2.5150759831721357e-14,0,2.3314683517128287e-14,1.155742168634788e-13,1.3322676295501878e-15,0.12499999999999933,8,2.2204460492503131e-16,4.7378008634357816e-15,0,0,1.155742168634788e-13,6.6613381477509392e-16,0.18029287704848684,4.4923045678879134,0,2.5757174171303632e-14,4.7378008634357816e-15
hex,2,3,0,gll,shear,0,sine,yz,reused_centered,0.026626563022966312,0.012661753144674407,0.11821540361967542,2.10291282089681,0.053037324043140176,0.025122695396124644,0.090692945365463934,0.052752702735985729,0.00069901451141066455,5.3153271695566337e-14,2.5209365925258494e-14,0,2.3314683517128287e-14,1.155742168634788e-13,1.3322676295501878e-15,0.12499999999999933,8,2.2204460492503131e-16,4.7378008634357816e-15,0,0,1.155742168634788e-13,6.6613381477509392e-16,0.18029287704848684,4.4923045678879134,0,2.5757174171303632e-14,4.7378008634357816e-15
hex,2,3,0,gll,shear,0,sine,zz,recursive,0.0077550973250528898,0.011063364940272245,0.027778171600531754,0.70097094029893359,0.01237307229222805,0.01758261367366698,0.0044153172278021896,0.0031930798304035499,0.00069901451141066455,3.2205285486866826e-13,4.5675352510225067e-13,0,2.3314683517128287e-14,1.155742168634788e-13,1.3322676295501878e-15,0.12499999999999933,8,2.2204460492503131e-16,4.7378008634357816e-15,0,0,1.155742168634788e-13,6.6613381477509392e-16,0.18029287704848684,4.4923045678879134,0,2.5757174171303632e-14,4.7378008634357816e-15
hex,2,3,0,gll,shear,0,sine,zz,direct,0.0077550973248694081,0.01106336494001049,0.027778171599447066,0.70097094029893359,0.012373072292045298,0.017582613673407282,0.004415317227721656,0.0031930798304064417,0.00069901451141066455,0,0,0,2.3314683517128287e-14,1.155742168634788e-13,1.3322676295501878e-15,0.12499999999999933,8,2.2204460492503131e-16,4.7378008634357816e-15,0,0,1.155742168634788e-13,6.6613381477509392e-16,0.18029287704848684,4.4923045678879134,0,2.5757174171303632e-14,4.7378008634357816e-15
hex,2,3,0,gll,shear,0,sine,zz,fe_geometry,0.0077550973248694081,0.01106336494001049,0.027778171599447066,0.70097094029893359,0.012373072292045298,0.017582613673407282,0.004415317227721656,0.0031930798304064417,0.00069901451141066455,0,0,0,2.3314683517128287e-14,1.155742168634788e-13,1.3322676295501878e-15,0.12499999999999933,8,2.2204460492503131e-16,4.7378008634357816e-15,0,0,1.155742168634788e-13,6.6613381477509392e-16,0.18029287704848684,4.4923045678879134,0,2.5757174171303632e-14,4.7378008634357816e-15
hex,2,3,0,gll,shear,0,sine,zz,reused,0.0077550973248791556,0.011063364940024396,0.027778171599410206,0.70097094029893359,0.01237307229205988,0.017582613673428005,0.0044153172277727106,0.0031930798304291136,0.00069901451141066455,5.1787275807137516e-14,7.3447635761522958e-14,0,2.3314683517128287e-14,1.155742168634788e-13,1.3322676295501878e-15,0.12499999999999933,8,2.2204460492503131e-16,4.7378008634357816e-15,0,0,1.155742168634788e-13,6.6613381477509392e-16,0.18029287704848684,4.4923045678879134,0,2.5757174171303632e-14,4.7378008634357816e-15
hex,2,3,0,gll,shear,0,sine,zz,reused_centered,0.0077550973248731959,0.011063364940015894,0.027778171599405321,0.70097094029893359,0.012373072292050112,0.017582613673414123,0.0044153172277679913,0.0031930798304266104,0.00069901451141066455,5.1196629254728418e-14,7.2609947503760537e-14,0,2.3314683517128287e-14,1.155742168634788e-13,1.3322676295501878e-15,0.12499999999999933,8,2.2204460492503131e-16,4.7378008634357816e-15,0,0,1.155742168634788e-13,6.6613381477509392e-16,0.18029287704848684,4.4923045678879134,0,2.5757174171303632e-14,4.7378008634357816e-15
hex,2,3,0,gll,shear,0,sine,xxx,recursive,1.5976794233257738,0.28002351981685852,3.9178484682216768,5.7055186806118678,2.0607634006566151,0.36256192903190626,3.0291010261133282,1.572646401547964,0.00069901451141066455,5.4831972185672199e-12,9.7293689868291593e-13,0,2.3314683517128287e-14,1.155742168634788e-13,1.3322676295501878e-15,0.12499999999999933,8,2.2204460492503131e-16,4.7378008634357816e-15,0,0,1.155742168634788e-13,6.6613381477509392e-16,0.18029287704848684,4.4923045678879134,0,2.5757174171303632e-14,4.7378008634357816e-15
hex,2,3,0,gll,shear,0,sine,xxx,direct,1.5976794233236626,0.28002351981648849,3.9178484682260422,5.7055186806118678,2.0607634006562829,0.36256192903184781,3.0291010261091391,1.5726464015457631,0.00069901451141066455,0,0,0,2.3314683517128287e-14,1.155742168634788e-13,1.3322676295501878e-15,0.12499999999999933,8,2.2204460492503131e-16,4.7378008634357816e-15,0,0,1.155742168634788e-13,6.6613381477509392e-16,0.18029287704848684,4.4923045678879134,0,2.5757174171303632e-14,4.7378008634357816e-15
hex,2,3,0,gll,shear,0,sine,xxx,fe_geometry,1.5976794233236626,0.28002351981648849,3.9178484682260422,5.7055186806118678,2.0607634006562829,0.36256192903184781,3.0291010261091391,1.5726464015457631,0.00069901451141066455,0,0,0,2.3314683517128287e-14,1.155742168634788e-13,1.3322676295501878e-15,0.12499999999999933,8,2.2204460492503131e-16,4.7378008634357816e-15,0,0,1.155742168634788e-13,6.6613381477509392e-16,0.18029287704848684,4.4923045678879134,0,2.5757174171303632e-14,4.7378008634357816e-15
hex,2,3,0,gll,shear,0,sine,xxx,reused,1.5976794233238161,0.28002351981651535,3.9178484682265786,5.7055186806118678,2.0607634006564894,0.36256192903188417,3.0291010261095441,1.5726464015460861,0.00069901451141066455,5.2061504458867362e-13,9.2377780097818388e-14,0,2.3314683517128287e-14,1.155742168634788e-13,1.3322676295501878e-15,0.12499999999999933,8,2.2204460492503131e-16,4.7378008634357816e-15,0,0,1.155742168634788e-13,6.6613381477509392e-16,0.18029287704848684,4.4923045678879134,0,2.5757174171303632e-14,4.7378008634357816e-15
hex,2,3,0,gll,shear,0,sine,xxx,reused_centered,1.5976794233237095,0.2800235198164967,3.917848468226266,5.7055186806118678,2.0607634006563496,0.36256192903185952,3.0291010261093598,1.5726464015459858,0.00069901451141066455,5.0761304207661568e-13,9.0070708603487819e-14,0,2.3314683517128287e-14,1.155742168634788e-13,1.3322676295501878e-15,0.12499999999999933,8,2.2204460492503131e-16,4.7378008634357816e-15,0,0,1.155742168634788e-13,6.6613381477509392e-16,0.18029287704848684,4.4923045678879134,0,2.5757174171303632e-14,4.7378008634357816e-15
hex,2,3,0,gll,shear,0,sine,xxy,recursive,0.39926511299444589,0.046652505564621506,1.6815795002077127,8.5582780209178058,0.671393813857459,0.078748110599754284,0.44595868600426469,0.31630277365682569,0.00069901451141066455,5.4580823415318219e-12,6.2210861990781938e-13,0,2.3314683517128287e-14,1.155742168634788e-13,1.3322676295501878e-15,0.12499999999999933,8,2.2204460492503131e-16,4.7378008634357816e-15,0,0,1.155742168634788e-13,6.6613381477509392e-16,0.18029287704848684,4.4923045678879134,0,2.5757174171303632e-14,4.7378008634357816e-15
hex,2,3,0,gll,shear,0,sine,xxy,direct,0.39926511299406803,0.046652505564577354,1.6815795002371132,8.5582780209178058,0.67139381385714014,0.078748110599716883,0.44595868600259503,0.3163027736553346,0.00069901451141066455,0,0,0,2.3314683517128287e-14,1.155742168634788e-13,1.3322676295501878e-15,0.12499999999999933,8,2.2204460492503131e-16,4.7378008634357816e-15,0,0,1.155742168634788e-13,6.6613381477509392e-16,0.18029287704848684,4.4923045678879134,0,2.5757174171303632e-14,4.7378008634357816e-15
hex,2,3,0,gll,shear,0,sine,xxy,fe_geometry,0.39926511299406803,0.046652505564577354,1.6815795002371132,8.5582780209178058,0.67139381385714014,0.078748110599716883,0.44595868600259503,0.3163027736553346,0.00069901451141066455,0,0,0,2.3314683517128287e-14,1.155742168634788e-13,1.3322676295501878e-15,0.12499999999999933,8,2.2204460492503131e-16,4.7378008634357816e-15,0,0,1.155742168634788e-13,6.6613381477509392e-16,0.18029287704848684,4.4923045678879134,0,2.5757174171303632e-14,4.7378008634357816e-15
hex,2,3,0,gll,shear,0,sine,xxy,reused,0.3992651129941599,0.046652505564588095,1.681579500237607,8.5582780209178058,0.67139381385729691,0.078748110599735271,0.44595868600243943,0.31630277365526732,0.00069901451141066455,5.790710929634092e-13,6.6002140665923979e-14,0,2.3314683517128287e-14,1.155742168634788e-13,1.3322676295501878e-15,0.12499999999999933,8,2.2204460492503131e-16,4.7378008634357816e-15,0,0,1.155742168634788e-13,6.6613381477509392e-16,0.18029287704848684,4.4923045678879134,0,2.5757174171303632e-14,4.7378008634357816e-15
hex,2,3,0,gll,shear,0,sine,xxy,reused_centered,0.39926511299415735,0.046652505564587797,1.6815795002376372,8.5582780209178058,0.67139381385729435,0.078748110599734966,0.44595868600243838,0.31630277365526566,0.00069901451141066455,5.7687085822841694e-13,6.5751359364212232e-14,0,2.3314683517128287e-14,1.155742168634788e-13,1.3322676295501878e-15,0.12499999999999933,8,2.2204460492503131e-16,4.7378008634357816e-15,0,0,1.155742168634788e-13,6.6613381477509392e-16,0.18029287704848684,4.4923045678879134,0,2.5757174171303632e-14,4.7378008634357816e-15
hex,2,3,0,gll,shear,0,sine,xxz,recursive,0.12487321624221666,0.043772783241093544,0.42497614957759167,2.8527593403059339,0.20096986648273277,0.070715563413099994,0.12253428675339444,0.068220172076669902,0.00069901451141066455,6.6313224991687787e-12,2.2728040186004122e-12,0,2.3314683517128287e-14,1.155742168634788e-13,1.3322676295501878e-15,0.12499999999999933,8,2.2204460492503131e-16,4.7378008634357816e-15,0,0,1.155742168634788e-13,6.6613381477509392e-16,0.18029287704848684,4.4923045678879134,0,2.5757174171303632e-14,4.7378008634357816e-15
hex,2,3,0,gll,shear,0,sine,xxz,direct,0.12487321624229221,0.043772783241120029,0.42497614959100849,2.8527593403059339,0.20096986648308177,0.070715563413222812,0.12253428675347088,0.068220172075554308,0.00069901451141066455,0,0,0,2.3314683517128287e-14,1.155742168634788e-13,1.3322676295501878e-15,0.12499999999999933,8,2.2204460492503131e-16,4.7378008634357816e-15,0,0,1.155742168634788e-13,6.6613381477509392e-16,0.18029287704848684,4.4923045678879134,0,2.5757174171303632e-14,4.7378008634357816e-15
hex,2,3,0,gll,shear,0,sine,xxz,fe_geometry,0.12487321624229221,0.043772783241120029,0.42497614959100849,2.8527593403059339,0.20096986648308177,0.070715563413222812,0.12253428675347088,0.068220172075554308,0.00069901451141066455,0,0,0,2.3314683517128287e-14,1.155742168634788e-13,1.3322676295501878e-15,0.12499999999999933,8,2.2204460492503131e-16,4.7378008634357816e-15,0,0,1.155742168634788e-13,6.6613381477509392e-16,0.18029287704848684,4.4923045678879134,0,2.5757174171303632e-14,4.7378008634357816e-15
hex,2,3,0,gll,shear,0,sine,xxz,reused,0.1248732162422992,0.043772783241122479,0.42497614958895502,2.8527593403059339,0.20096986648310999,0.070715563413232735,0.1225342867533005,0.06822017207549555,0.00069901451141066455,4.8546971828449935e-13,1.6638875982341775e-13,0,2.3314683517128287e-14,1.155742168634788e-13,1.3322676295501878e-15,0.12499999999999933,8,2.2204460492503131e-16,4.7378008634357816e-15,0,0,1.155742168634788e-13,6.6613381477509392e-16,0.18029287704848684,4.4923045678879134,0,2.5757174171303632e-14,4.7378008634357816e-15
hex,2,3,0,gll,shear,0,sine,xxz,reused_centered,0.12487321624229852,0.043772783241122243,0.42497614958848517,2.8527593403059339,0.20096986648310858,0.070715563413232235,0.12253428675330409,0.068220172075504987,0.00069901451141066455,4.8570430898669687e-13,1.6646916289395874e-13,0,2.3314683517128287e-14,1.155742168634788e-13,1.3322676295501878e-15,0.12499999999999933,8,2.2204460492503131e-16,4.7378008634357816e-15,0,0,1.155742168634788e-13,6.6613381477509392e-16,0.18029287704848684,4.4923045678879134,0,2.5757174171303632e-14,4.7378008634357816e-15
hex,2,3,0,gll,shear,0,sine,xyy,recursive,1.2513031138283506,0.097473121794669701,4.3285230077935584,12.837417031376726,2.022472166000246,0.15814450329636698,1.4469109775677735,0.80270786215541712,0.00069901451141066455,3.2358396194825404e-12,2.4032809217624825e-13,0,2.3314683517128287e-14,1.155742168634788e-13,1.3322676295501878e-15,0.12499999999999933,8,2.2204460492503131e-16,4.7378008634357816e-15,0,0,1.155742168634788e-13,6.6613381477509392e-16,0.18029287704848684,4.4923045678879134,0,2.5757174171303632e-14,4.7378008634357816e-15
hex,2,3,0,gll,shear,0,sine,xyy,direct,1.2513031138280091,0.097473121794643097,4.3285230077721106,12.837417031376726,2.0224721659998037,0.15814450329633239,1.446910977566978,0.80270786215359236,0.00069901451141066455,0,0,0,2.3314683517128287e-14,1.155742168634788e-13,1.3322676295501878e-15,0.12499999999999933,8,2.2204460492503131e-16,4.7378008634357816e-15,0,0,1.155742168634788e-13,6.6613381477509392e-16,0.18029287704848684,4.4923045678879134,0,2.5757174171303632e-14,4.7378008634357816e-15
hex,2,3,0,gll,shear,0,sine,xyy,fe_geometry,1.2513031138280091,0.097473121794643097,4.3285230077721106,12.837417031376726,2.0224721659998037,0.15814450329633239,1.446910977566978,0.80270786215359236,0.00069901451141066455,0,0,0,2.3314683517128287e-14,1.155742168634788e-13,1.3322676295501878e-15,0.12499999999999933,8,2.2204460492503131e-16,4.7378008634357816e-15,0,0,1.155742168634788e-13,6.6613381477509392e-16,0.18029287704848684,4.4923045678879134,0,2.5757174171303632e-14,4.7378008634357816e-15
hex,2,3,0,gll,shear,0,sine,xyy,reused,1.2513031138280315,0.097473121794644832,4.3285230077719543,12.837417031376726,2.0224721659998437,0.15814450329633553,1.4469109775671463,0.80270786215380396,0.00069901451141066455,6.6672369670452317e-13,4.9518039482845938e-14,0,2.3314683517128287e-14,1.155742168634788e-13,1.3322676295501878e-15,0.12499999999999933,8,2.2204460492503131e-16,4.7378008634357816e-15,0,0,1.155742168634788e-13,6.6613381477509392e-16,0.18029287704848684,4.4923045678879134,0,2.5757174171303632e-14,4.7378008634357816e-15
hex,2,3,0,gll,shear,0,sine,xyy,reused_centered,1.2513031138280344,0.097473121794645054,4.3285230077718193,12.837417031376726,2.0224721659998424,0.15814450329633542,1.4469109775671474,0.80270786215380618,0.00069901451141066455,6.6443117360846289e-13,4.9347772174593418e-14,0,2.3314683517128287e-14,1.155742168634788e-13,1.3322676295501878e-15,0.12499999999999933,8,2.2204460492503131e-16,4.7378008634357816e-15,0,0,1.155742168634788e-13,6.6613381477509392e-16,0.18029287704848684,4.4923045678879134,0,2.5757174171303632e-14,4.7378008634357816e-15
hex,2,3,0,gll,shear,0,sine,xyz,recursive,0.054680030428801013,0.012778278596501363,0.30428045892962396,4.2791390104589029,0.10976800166331023,0.025749485791751858,0.13404479966504532,0.092172556751958901,0.00069901451141066455,2.9638598183306897e-12,6.9063115501621015e-13,0,2.3314683517128287e-14,1.155742168634788e-13,1.3322676295501878e-15,0.12499999999999933,8,2.2204460492503131e-16,4.7378008634357816e-15,0,0,1.155742168634788e-13,6.6613381477509392e-16,0.18029287704848684,4.4923045678879134,0,2.5757174171303632e-14,4.7378008634357816e-15
hex,2,3,0,gll,shear,0,sine,xyz,direct,0.05468003042878529,0.012778278596497687,0.30428045897887568,4.2791390104589029,0.10976800166326987,0.025749485791742389,0.13404479966472241,0.092172556751500601,0.00069901451141066455,0,0,0,2.3314683517128287e-14,1.155742168634788e-13,1.3322676295501878e-15,0.12499999999999933,8,2.2204460492503131e-16,4.7378008634357816e-15,0,0,1.155742168634788e-13,6.6613381477509392e-16,0.18029287704848684,4.4923045678879134,0,2.5757174171303632e-14,4.7378008634357816e-15
hex,2,3,0,gll,shear,0,sine,xyz,fe_geometry,0.05468003042878529,0.012778278596497687,0.30428045897887568,4.2791390104589029,0.10976800166326987,0.025749485791742389,0.13404479966472241,0.092172556751500601,0.00069901451141066455,0,0,0,2.3314683517128287e-14,1.155742168634788e-13,1.3322676295501878e-15,0.12499999999999933,8,2.2204460492503131e-16,4.7378008634357816e-15,0,0,1.155742168634788e-13,6.6613381477509392e-16,0.18029287704848684,4.4923045678879134,0,2.5757174171303632e-14,4.7378008634357816e-15
hex,2,3,0,gll,shear,0,sine,xyz,reused,0.054680030428772383,0.01277827859649467,0.30428045897627376,4.2791390104589029,0.10976800166323764,0.025749485791734826,0.13404479966471261,0.092172556751566256,0.00069901451141066455,3.8228249155089832e-13,8.9078503999885926e-14,0,2.3314683517128287e-14,1.155742168634788e-13,1.3322676295501878e-15,0.12499999999999933,8,2.2204460492503131e-16,4.7378008634357816e-15,0,0,1.155742168634788e-13,6.6613381477509392e-16,0.18029287704848684,4.4923045678879134,0,2.5757174171303632e-14,4.7378008634357816e-15
hex,2,3,0,gll,shear,0,sine,xyz,reused_centered,0.054680030428772265,0.012778278596494644,0.30428045897632749,4.2791390104589029,0.10976800166323807,0.025749485791734927,0.13404479966471708,0.092172556751571252,0.00069901451141066455,3.8298717305842217e-13,8.9242707111129504e-14,0,2.3314683517128287e-14,1.155742168634788e-13,1.3322676295501878e-15,0.12499999999999933,8,2.2204460492503131e-16,4.7378008634357816e-15,0,0,1.155742168634788e-13,6.6613381477509392e-16,0.18029287704848684,4.4923045678879134,0,2.5757174171303632e-14,4.7378008634357816e-15
hex,2,3,0,gll,shear,0,sine,xzz,recursive,0.016984995167714116,0.011907765879678178,0.070907270063547356,1.426379670152967,0.028315835797686727,0.019927069833808,0.019192280253746391,0.014257413896663261,0.00069901451141066455,3.8467354696155527e-12,2.6797657458531485e-12,0,2.3314683517128287e-14,1.155742168634788e-13,1.3322676295501878e-15,0.12499999999999933,8,2.2204460492503131e-16,4.7378008634357816e-15,0,0,1.155742168634788e-13,6.6613381477509392e-16,0.18029287704848684,4.4923045678879134,0,2.5757174171303632e-14,4.7378008634357816e-15
hex,2,3,0,gll,shear,0,sine,xzz,direct,0.016984995167196672,0.011907765879315413,0.070907270046414839,1.426379670152967,0.028315835796912631,0.019927069833263238,0.019192280251909485,0.014257413895599702,0.00069901451141066455,0,0,0,2.3314683517128287e-14,1.155742168634788e-13,1.3322676295501878e-15,0.12499999999999933,8,2.2204460492503131e-16,4.7378008634357816e-15,0,0,1.155742168634788e-13,6.6613381477509392e-16,0.18029287704848684,4.4923045678879134,0,2.5757174171303632e-14,4.7378008634357816e-15
hex,2,3,0,gll,shear,0,sine,xzz,fe_geometry,0.016984995167196672,0.011907765879315413,0.070907270046414839,1.426379670152967,0.028315835796912631,0.019927069833263238,0.019192280251909485,0.014257413895599702,0.00069901451141066455,0,0,0,2.3314683517128287e-14,1.155742168634788e-13,1.3322676295501878e-15,0.12499999999999933,8,2.2204460492503131e-16,4.7378008634357816e-15,0,0,1.155742168634788e-13,6.6613381477509392e-16,0.18029287704848684,4.4923045678879134,0,2.5757174171303632e-14,4.7378008634357816e-15
hex,2,3,0,gll,shear,0,sine,xzz,reused,0.016984995167179121,0.011907765879303107,0.070907270046200122,1.426379670152967,0.028315835796885996,0.019927069833244489,0.019192280251958339,0.014257413895693396,0.00069901451141066455,4.4750249470551375e-13,3.1174533990389399e-13,0,2.3314683517128287e-14,1.155742168634788e-13,1.3322676295501878e-15,0.12499999999999933,8,2.2204460492503131e-16,4.7378008634357816e-15,0,0,1.155742168634788e-13,6.6613381477509392e-16,0.18029287704848684,4.4923045678879134,0,2.5757174171303632e-14,4.7378008634357816e-15
hex,2,3,0,gll,shear,0,sine,xzz,reused_centered,0.016984995167179523,0.011907765879303391,0.070907270046144166,1.426379670152967,0.028315835796886089,0.019927069833244555,0.019192280251953429,0.01425741389569184,0.00069901451141066455,4.4930546963663416e-13,3.130013530868154e-13,0,2.3314683517128287e-14,1.155742168634788e-13,1.3322676295501878e-15,0.12499999999999933,8,2.2204460492503131e-16,4.7378008634357816e-15,0,0,1.155742168634788e-13,6.6613381477509392e-16,0.18029287704848684,4.4923045678879134,0,2.5757174171303632e-14,4.7378008634357816e-15
hex,2,3,0,gll,shear,0,sine,yyy,recursive,7.9532015677285184,0.41302190039681508,19.376754031750007,19.256125547065174,10.217407180021128,0.53262431678906519,11.583732968784982,5.7949767026367764,0.00069901451141066455,5.0275580144676725e-12,2.6825540435191966e-13,0,2.3314683517128287e-14,1.155742168634788e-13,1.3322676295501878e-15,0.12499999999999933,8,2.2204460492503131e-16,4.7378008634357816e-15,0,0,1.155742168634788e-13,6.6613381477509392e-16,0.18029287704848684,4.4923045678879134,0,2.5757174171303632e-14,4.7378008634357816e-15
hex,2,3,0,gll,shear,0,sine,yyy,direct,7.9532015677266434,0.41302190039671766,19.376754031741275,19.256125547065174,10.217407180020439,0.53262431678902933,11.583732968782137,5.7949767026360144,0.00069901451141066455,0,0,0,2.3314683517128287e-14,1.155742168634788e-13,1.3322676295501878e-15,0.12499999999999933,8,2.2204460492503131e-16,4.7378008634357816e-15,0,0,1.155742168634788e-13,6.6613381477509392e-16,0.18029287704848684,4.4923045678879134,0,2.5757174171303632e-14,4.7378008634357816e-15
hex,2,3,0,gll,shear,0,sine,yyy,fe_geometry,7.9532015677266434,0.41302190039671766,19.376754031741275,19.256125547065174,10.217407180020439,0.53262431678902933,11.583732968782137,5.7949767026360144,0.00069901451141066455,0,0,0,2.3314683517128287e-14,1.155742168634788e-13,1.3322676295501878e-15,0.12499999999999933,8,2.2204460492503131e-16,4.7378008634357816e-15,0,0,1.155742168634788e-13,6.6613381477509392e-16,0.18029287704848684,4.4923045678879134,0,2.5757174171303632e-14,4.7378008634357816e-15
hex,2,3,0,gll,shear,0,sine,yyy,reused,7.9532015677268086,0.4130219003967262,19.376754031741427,19.256125547065174,10.217407180020642,0.53262431678903988,11.583732968782465,5.7949767026358066,0.00069901451141066455,7.1743259516820771e-13,3.8280049749455182e-14,0,2.3314683517128287e-14,1.155742168634788e-13,1.3322676295501878e-15,0.12499999999999933,8,2.2204460492503131e-16,4.7378008634357816e-15,0,0,1.155742168634788e-13,6.6613381477509392e-16,0.18029287704848684,4.4923045678879134,0,2.5757174171303632e-14,4.7378008634357816e-15
hex,2,3,0,gll,shear,0,sine,yyy,reused_centered,7.9532015677266843,0.41302190039671982,19.376754031741189,19.256125547065174,10.217407180020503,0.53262431678903266,11.583732968782339,5.7949767026357408,0.00069901451141066455,7.0353574494355803e-13,3.7538555535862073e-14,0,2.3314683517128287e-14,1.155742168634788e-13,1.3322676295501878e-15,0.12499999999999933,8,2.2204460492503131e-16,4.7378008634357816e-15,0,0,1.155742168634788e-13,6.6613381477509392e-16,0.18029287704848684,4.4923045678879134,0,2.5757174171303632e-14,4.7378008634357816e-15
hex,2,3,0,gll,shear,0,sine,yyz,recursive,0.62357627520744274,0.097149804151928906,2.0793826417409047,6.4187085156883628,1.0046791505465322,0.15711908218704052,0.71814325295707759,0.36572720400710906,0.00069901451141066455,6.5612825081920178e-12,9.7506945349382945e-13,0,2.3314683517128287e-14,1.155742168634788e-13,1.3322676295501878e-15,0.12499999999999933,8,2.2204460492503131e-16,4.7378008634357816e-15,0,0,1.155742168634788e-13,6.6613381477509392e-16,0.18029287704848684,4.4923045678879134,0,2.5757174171303632e-14,4.7378008634357816e-15
hex,2,3,0,gll,shear,0,sine,yyz,direct,0.62357627520755721,0.097149804151946739,2.0793826417340053,6.4187085156883628,1.0046791505471113,0.15711908218713108,0.71814325295616266,0.36572720400554204,0.00069901451141066455,0,0,0,2.3314683517128287e-14,1.155742168634788e-13,1.3322676295501878e-15,0.12499999999999933,8,2.2204460492503131e-16,4.7378008634357816e-15,0,0,1.155742168634788e-13,6.6613381477509392e-16,0.18029287704848684,4.4923045678879134,0,2.5757174171303632e-14,4.7378008634357816e-15
hex,2,3,0,gll,shear,0,sine,yyz,fe_geometry,0.62357627520755721,0.097149804151946739,2.0793826417340053,6.4187085156883628,1.0046791505471113,0.15711908218713108,0.71814325295616266,0.36572720400554204,0.00069901451141066455,0,0,0,2.3314683517128287e-14,1.155742168634788e-13,1.3322676295501878e-15,0.12499999999999933,8,2.2204460492503131e-16,4.7378008634357816e-15,0,0,1.155742168634788e-13,6.6613381477509392e-16,0.18029287704848684,4.4923045678879134,0,2.5757174171303632e-14,4.7378008634357816e-15
hex,2,3,0,gll,shear,0,sine,yyz,reused,0.62357627520761871,0.097149804151956329,2.0793826417379346,6.4187085156883628,1.0046791505471944,0.15711908218714404,0.71814325295626169,0.365727204005662,0.00069901451141066455,5.9451891299487126e-13,8.8351207383903982e-14,0,2.3314683517128287e-14,1.155742168634788e-13,1.3322676295501878e-15,0.12499999999999933,8,2.2204460492503131e-16,4.7378008634357816e-15,0,0,1.155742168634788e-13,6.6613381477509392e-16,0.18029287704848684,4.4923045678879134,0,2.5757174171303632e-14,4.7378008634357816e-15
hex,2,3,0,gll,shear,0,sine,yyz,reused_centered,0.62357627520761583,0.097149804151955871,2.0793826417382206,6.4187085156883628,1.0046791505471879,0.15711908218714307,0.71814325295625536,0.36572720400566106,0.00069901451141066455,5.9660918874820813e-13,8.866184239069006e-14,0,2.3314683517128287e-14,1.155742168634788e-13,1.3322676295501878e-15,0.12499999999999933,8,2.2204460492503131e-16,4.7378008634357816e-15,0,0,1.155742168634788e-13,6.6613381477509392e-16,0.18029287704848684,4.4923045678879134,0,2.5757174171303632e-14,4.7378008634357816e-15
hex,2,3,0,gll,shear,0,sine,yzz,recursive,0.036904186096079448,0.017248416565051845,0.18248127504401124,2.1395695052294514,0.069148454295577935,0.032441824838298543,0.06314056241018258,0.037493946711078537,0.00069901451141066455,3.896185548584404e-12,1.8060829262020956e-12,0,2.3314683517128287e-14,1.155742168634788e-13,1.3322676295501878e-15,0.12499999999999933,8,2.2204460492503131e-16,4.7378008634357816e-15,0,0,1.155742168634788e-13,6.6613381477509392e-16,0.18029287704848684,4.4923045678879134,0,2.5757174171303632e-14,4.7378008634357816e-15
hex,2,3,0,gll,shear,0,sine,yzz,direct,0.036904186095361891,0.017248416564716471,0.18248127506192757,2.1395695052294514,0.069148454294538628,0.032441824837810933,0.063140562408204384,0.037493946709949141,0.00069901451141066455,0,0,0,2.3314683517128287e-14,1.155742168634788e-13,1.3322676295501878e-15,0.12499999999999933,8,2.2204460492503131e-16,4.7378008634357816e-15,0,0,1.155742168634788e-13,6.6613381477509392e-16,0.18029287704848684,4.4923045678879134,0,2.5757174171303632e-14,4.7378008634357816e-15
hex,2,3,0,gll,shear,0,sine,yzz,fe_geometry,0.036904186095361891,0.017248416564716471,0.18248127506192757,2.1395695052294514,0.069148454294538628,0.032441824837810933,0.063140562408204384,0.037493946709949141,0.00069901451141066455,0,0,0,2.3314683517128287e-14,1.155742168634788e-13,1.3322676295501878e-15,0.12499999999999933,8,2.2204460492503131e-16,4.7378008634357816e-15,0,0,1.155742168634788e-13,6.6613381477509392e-16,0.18029287704848684,4.4923045678879134,0,2.5757174171303632e-14,4.7378008634357816e-15
hex,2,3,0,gll,shear,0,sine,yzz,reused,0.036904186095399638,0.017248416564734113,0.18248127505861467,2.1395695052294514,0.069148454294591932,0.032441824837835948,0.063140562408419615,0.037493946710160306,0.00069901451141066455,5.2682424205784524e-13,2.4421020426907989e-13,0,2.3314683517128287e-14,1.155742168634788e-13,1.3322676295501878e-15,0.12499999999999933,8,2.2204460492503131e-16,4.7378008634357816e-15,0,0,1.155742168634788e-13,6.6613381477509392e-16,0.18029287704848684,4.4923045678879134,0,2.5757174171303632e-14,4.7378008634357816e-15
hex,2,3,0,gll,shear,0,sine,yzz,reused_centered,0.036904186095398445,0.017248416564733554,0.18248127505852674,2.1395695052294514,0.069148454294589254,0.032441824837834692,0.063140562408417561,0.037493946710163872,0.00069901451141066455,5.3013645800599153e-13,2.4574558717044473e-13,0,2.3314683517128287e-14,1.155742168634788e-13,1.3322676295501878e-15,0.12499999999999933,8,2.2204460492503131e-16,4.7378008634357816e-15,0,0,1.155742168634788e-13,6.6613381477509392e-16,0.18029287704848684,4.4923045678879134,0,2.5757174171303632e-14,4.7378008634357816e-15
hex,2,3,0,gll,shear,0,sine,zzz,recursive,0.10084886177367115,0.14140535494712425,0.24888234252704722,0.71318983507648348,0.13038046045745874,0.18350865989356213,0.19922984904101576,0.10380029238775394,0.00069901451141066455,3.9268112036961958e-12,5.5231305379273644e-12,0,2.3314683517128287e-14,1.155742168634788e-13,1.3322676295501878e-15,0.12499999999999933,8,2.2204460492503131e-16,4.7378008634357816e-15,0,0,1.155742168634788e-13,6.6613381477509392e-16,0.18029287704848684,4.4923045678879134,0,2.5757174171303632e-14,4.7378008634357816e-15
hex,2,3,0,gll,shear,0,sine,zzz,direct,0.10084886177142074,0.14140535494396883,0.24888234253944147,0.71318983507648348,0.13038046045646262,0.18350865989216011,0.19922984903660804,0.10380029238539236,0.00069901451141066455,0,0,0,2.3314683517128287e-14,1.155742168634788e-13,1.3322676295501878e-15,0.12499999999999933,8,2.2204460492503131e-16,4.7378008634357816e-15,0,0,1.155742168634788e-13,6.6613381477509392e-16,0.18029287704848684,4.4923045678879134,0,2.5757174171303632e-14,4.7378008634357816e-15
hex,2,3,0,gll,shear,0,sine,zzz,fe_geometry,0.10084886177142074,0.14140535494396883,0.24888234253944147,0.71318983507648348,0.13038046045646262,0.18350865989216011,0.19922984903660804,0.10380029238539236,0.00069901451141066455,0,0,0,2.3314683517128287e-14,1.155742168634788e-13,1.3322676295501878e-15,0.12499999999999933,8,2.2204460492503131e-16,4.7378008634357816e-15,0,0,1.155742168634788e-13,6.6613381477509392e-16,0.18029287704848684,4.4923045678879134,0,2.5757174171303632e-14,4.7378008634357816e-15
hex,2,3,0,gll,shear,0,sine,zzz,reused,0.10084886177153952,0.14140535494413539,0.24888234253987776,0.71318983507648348,0.13038046045661053,0.18350865989236831,0.19922984903680477,0.10380029238558605,0.00069901451141066455,3.461721974915405e-13,4.8689741782015943e-13,0,2.3314683517128287e-14,1.155742168634788e-13,1.3322676295501878e-15,0.12499999999999933,8,2.2204460492503131e-16,4.7378008634357816e-15,0,0,1.155742168634788e-13,6.6613381477509392e-16,0.18029287704848684,4.4923045678879134,0,2.5757174171303632e-14,4.7378008634357816e-15
hex,2,3,0,gll,shear,0,sine,zzz,reused_centered,0.10084886177142977,0.14140535494398149,0.24888234253960612,0.71318983507648348,0.13038046045648344,0.18350865989218942,0.19922984903659186,0.10380029238546781,0.00069901451141066455,3.2725563528722993e-13,4.6029093307628199e-13,0,2.3314683517128287e-14,1.155742168634788e-13,1.3322676295501878e-15,0.12499999999999933,8,2.2204460492503131e-16,4.7378008634357816e-15,0,0,1.155742168634788e-13,6.6613381477509392e-16,0.18029287704848684,4.4923045678879134,0,2.5757174171303632e-14,4.7378008634357816e-15
