family,n,p,amplitude,basis,map,extra,field,derivative,method,error_l2,relative_l2,sampled_linf,truth_l2,face_rms,face_relative_l2,jump_rms,jump_mean_abs,input_error_l2,operator_error_l2,operator_relative_l2,inverse_residual,representation_residual,first_derivative_residual,geometry_residual,min_jacobian,elements,geometry_derivative_residual,geometry_jacobian_residual,fe_inverse_residual,method_agreement,fe_first_residual,face_geometry_residual,initialization_seconds,evaluation_seconds,reused_inverse_residual,reused_first_residual,reused_geometry_residual
hex,4,3,0.20000000000000001,gll,shear,8,constant,x,recursive,7.8775103133894218e-14,nan,6.5855056004455906e-13,0,1.3561307054687309e-13,nan,2.1408923952788842e-13,1.7264894487970937e-13,6.5902559063581817e-15,4.6297990523869443e-14,nan,0,3.2862601528904634e-14,2.3503421431314564e-13,5.3290705182007514e-15,0.015624999999999814,64,9.8656855845733988e-14,1.5099033134902129e-14,1.1102230246251565e-15,7.8333173281208701e-14,2.3503421431314564e-13,3.5527136788005009e-15,1.592064712109277,61.500029763934435,2.2204460492503126e-16,5.3290705182007514e-14,1.2934098236883074e-14
hex,4,3,0.20000000000000001,gll,shear,8,constant,x,direct,7.6536781114006355e-14,nan,6.789996822332896e-13,0,1.3389472151370463e-13,nan,1.9526624404360902e-13,1.4738689605145965e-13,6.5902559063581817e-15,0,nan,0,3.2862601528904634e-14,2.3503421431314564e-13,5.3290705182007514e-15,0.015624999999999814,64,9.8656855845733988e-14,1.5099033134902129e-14,1.1102230246251565e-15,7.8333173281208701e-14,2.3503421431314564e-13,3.5527136788005009e-15,1.592064712109277,61.500029763934435,2.2204460492503126e-16,5.3290705182007514e-14,1.2934098236883074e-14
hex,4,3,0.20000000000000001,gll,shear,8,constant,x,fe_geometry,7.6536781114006355e-14,nan,6.7899968223329253e-13,0,1.3389472151370468e-13,nan,1.9526624404360909e-13,1.473868960514597e-13,6.5902559063581817e-15,1.0476470028462073e-28,nan,0,3.2862601528904634e-14,2.3503421431314564e-13,5.3290705182007514e-15,0.015624999999999814,64,9.8656855845733988e-14,1.5099033134902129e-14,1.1102230246251565e-15,7.8333173281208701e-14,2.3503421431314564e-13,3.5527136788005009e-15,1.592064712109277,61.500029763934435,2.2204460492503126e-16,5.3290705182007514e-14,1.2934098236883074e-14
hex,4,3,0.20000000000000001,gll,shear,8,constant,x,reused,6.8964273534420066e-14,nan,6.4539975590976726e-13,0,1.2357347899884421e-13,nan,1.8743148745168379e-13,1.4354195717364866e-13,6.5902559063581817e-15,1.5943156965675058e-14,nan,0,3.2862601528904634e-14,2.3503421431314564e-13,5.3290705182007514e-15,0.015624999999999814,64,9.8656855845733988e-14,1.5099033134902129e-14,1.1102230246251565e-15,7.8333173281208701e-14,2.3503421431314564e-13,3.5527136788005009e-15,1.592064712109277,61.500029763934435,2.2204460492503126e-16,5.3290705182007514e-14,1.2934098236883074e-14
hex,4,3,0.20000000000000001,gll,shear,8,constant,x,reused_centered,6.9627713864167401e-14,nan,6.4574504180325862e-13,0,1.2418614646083464e-13,nan,1.8737516855750281e-13,1.4349826473691963e-13,6.5902559063581817e-15,1.5385774937877975e-14,nan,0,3.2862601528904634e-14,2.3503421431314564e-13,5.3290705182007514e-15,0.015624999999999814,64,9.8656855845733988e-14,1.5099033134902129e-14,1.1102230246251565e-15,7.8333173281208701e-14,2.3503421431314564e-13,3.5527136788005009e-15,1.592064712109277,61.500029763934435,2.2204460492503126e-16,5.3290705182007514e-14,1.2934098236883074e-14
hex,4,3,0.20000000000000001,gll,shear,8,constant,y,recursive,8.7004742263759884e-14,nan,1.2519862975706595e-12,0,1.6279620423695276e-13,nan,2.2268814504417087e-13,1.644597917346049e-13,6.5902559063581817e-15,4.2880504576504725e-14,nan,0,3.2862601528904634e-14,2.3503421431314564e-13,5.3290705182007514e-15,0.015624999999999814,64,9.8656855845733988e-14,1.5099033134902129e-14,1.1102230246251565e-15,7.8333173281208701e-14,2.3503421431314564e-13,3.5527136788005009e-15,1.592064712109277,61.500029763934435,2.2204460492503126e-16,5.3290705182007514e-14,1.2934098236883074e-14
hex,4,3,0.20000000000000001,gll,shear,8,constant,y,direct,8.3270989507940721e-14,nan,8.4798281458596754e-13,0,1.5361314826856302e-13,nan,2.0908708611167264e-13,1.4735732257311381e-13,6.5902559063581817e-15,0,nan,0,3.2862601528904634e-14,2.3503421431314564e-13,5.3290705182007514e-15,0.015624999999999814,64,9.8656855845733988e-14,1.5099033134902129e-14,1.1102230246251565e-15,7.8333173281208701e-14,2.3503421431314564e-13,3.5527136788005009e-15,1.592064712109277,61.500029763934435,2.2204460492503126e-16,5.3290705182007514e-14,1.2934098236883074e-14
hex,4,3,0.20000000000000001,gll,shear,8,constant,y,fe_geometry,8.3270989507940734e-14,nan,8.4798281458596512e-13,0,1.5361314826856302e-13,nan,2.0908708611167269e-13,1.4735732257311379e-13,6.5902559063581817e-15,1.2026380118554809e-28,nan,0,3.2862601528904634e-14,2.3503421431314564e-13,5.3290705182007514e-15,0.015624999999999814,64,9.8656855845733988e-14,1.5099033134902129e-14,1.1102230246251565e-15,7.8333173281208701e-14,2.3503421431314564e-13,3.5527136788005009e-15,1.592064712109277,61.500029763934435,2.2204460492503126e-16,5.3290705182007514e-14,1.2934098236883074e-14
hex,4,3,0.20000000000000001,gll,shear,8,constant,y,reused,8.0478663261876535e-14,nan,7.3478960338247462e-13,0,1.4780660794246771e-13,nan,1.9853298871351003e-13,1.4343500374534384e-13,6.5902559063581817e-15,2.5599225787524222e-14,nan,0,3.2862601528904634e-14,2.3503421431314564e-13,5.3290705182007514e-15,0.015624999999999814,64,9.8656855845733988e-14,1.5099033134902129e-14,1.1102230246251565e-15,7.8333173281208701e-14,2.3503421431314564e-13,3.5527136788005009e-15,1.592064712109277,61.500029763934435,2.2204460492503126e-16,5.3290705182007514e-14,1.2934098236883074e-14
hex,4,3,0.20000000000000001,gll,shear,8,constant,y,reused_centered,8.1161744495579088e-14,nan,7.3343506236437462e-13,0,1.4838342913206716e-13,nan,1.9848031486314041e-13,1.4338551841675869e-13,6.5902559063581817e-15,2.5990551279662636e-14,nan,0,3.2862601528904634e-14,2.3503421431314564e-13,5.3290705182007514e-15,0.015624999999999814,64,9.8656855845733988e-14,1.5099033134902129e-14,1.1102230246251565e-15,7.8333173281208701e-14,2.3503421431314564e-13,3.5527136788005009e-15,1.592064712109277,61.500029763934435,2.2204460492503126e-16,5.3290705182007514e-14,1.2934098236883074e-14
hex,4,3,0.20000000000000001,gll,shear,8,constant,z,recursive,2.449272749097852e-13,nan,2.1490232554433605e-12,0,4.5877950711996359e-13,nan,2.0690449652332791e-13,1.4816034969716046e-13,6.5902559063581817e-15,4.1020483069251e-14,nan,0,3.2862601528904634e-14,2.3503421431314564e-13,5.3290705182007514e-15,0.015624999999999814,64,9.8656855845733988e-14,1.5099033134902129e-14,1.1102230246251565e-15,7.8333173281208701e-14,2.3503421431314564e-13,3.5527136788005009e-15,1.592064712109277,61.500029763934435,2.2204460492503126e-16,5.3290705182007514e-14,1.2934098236883074e-14
hex,4,3,0.20000000000000001,gll,shear,8,constant,z,direct,2.4507872141043153e-13,nan,1.9626157613335933e-12,0,4.6002709291042687e-13,nan,1.8001814511290548e-13,1.2640084070307259e-13,6.5902559063581817e-15,0,nan,0,3.2862601528904634e-14,2.3503421431314564e-13,5.3290705182007514e-15,0.015624999999999814,64,9.8656855845733988e-14,1.5099033134902129e-14,1.1102230246251565e-15,7.8333173281208701e-14,2.3503421431314564e-13,3.5527136788005009e-15,1.592064712109277,61.500029763934435,2.2204460492503126e-16,5.3290705182007514e-14,1.2934098236883074e-14
hex,4,3,0.20000000000000001,gll,shear,8,constant,z,fe_geometry,2.4507872141043148e-13,nan,1.9626157613335901e-12,0,4.6002709291042697e-13,nan,1.8001814511290556e-13,1.2640084070307275e-13,6.5902559063581817e-15,1.2771491168551986e-28,nan,0,3.2862601528904634e-14,2.3503421431314564e-13,5.3290705182007514e-15,0.015624999999999814,64,9.8656855845733988e-14,1.5099033134902129e-14,1.1102230246251565e-15,7.8333173281208701e-14,2.3503421431314564e-13,3.5527136788005009e-15,1.592064712109277,61.500029763934435,2.2204460492503126e-16,5.3290705182007514e-14,1.2934098236883074e-14
hex,4,3,0.20000000000000001,gll,shear,8,constant,z,reused,2.4111637661985704e-13,nan,1.8953186699402045e-12,0,4.5039528610823215e-13,nan,1.7130543336193949e-13,1.2118432307053598e-13,6.5902559063581817e-15,1.7433044380700791e-14,nan,0,3.2862601528904634e-14,2.3503421431314564e-13,5.3290705182007514e-15,0.015624999999999814,64,9.8656855845733988e-14,1.5099033134902129e-14,1.1102230246251565e-15,7.8333173281208701e-14,2.3503421431314564e-13,3.5527136788005009e-15,1.592064712109277,61.500029763934435,2.2204460492503126e-16,5.3290705182007514e-14,1.2934098236883074e-14
hex,4,3,0.20000000000000001,gll,shear,8,constant,z,reused_centered,2.4146135876215867e-13,nan,1.8935591841021616e-12,0,4.5052821192602044e-13,nan,1.7124528467726136e-13,1.2116568129051275e-13,6.5902559063581817e-15,1.7567925599036021e-14,nan,0,3.2862601528904634e-14,2.3503421431314564e-13,5.3290705182007514e-15,0.015624999999999814,64,9.8656855845733988e-14,1.5099033134902129e-14,1.1102230246251565e-15,7.8333173281208701e-14,2.3503421431314564e-13,3.5527136788005009e-15,1.592064712109277,61.500029763934435,2.2204460492503126e-16,5.3290705182007514e-14,1.2934098236883074e-14
hex,4,3,0.20000000000000001,gll,shear,8,constant,xx,recursive,2.2180513491843508e-12,nan,2.2720596378939654e-11,0,3.6836291524766208e-12,nan,4.14285387855635e-12,3.0698953357115792e-12,6.5902559063581817e-15,2.1186291913647835e-12,1.6421296952008371,0,3.2862601528904634e-14,2.3503421431314564e-13,5.3290705182007514e-15,0.015624999999999814,64,9.8656855845733988e-14,1.5099033134902129e-14,1.1102230246251565e-15,7.8333173281208701e-14,2.3503421431314564e-13,3.5527136788005009e-15,1.592064712109277,61.500029763934435,2.2204460492503126e-16,5.3290705182007514e-14,1.2934098236883074e-14
hex,4,3,0.20000000000000001,gll,shear,8,constant,xx,direct,1.2901716579126042e-12,nan,9.8744842537624062e-12,0,2.0341154568575749e-12,nan,2.8973919578393934e-12,2.3069408136440323e-12,6.5902559063581817e-15,0,0,0,3.2862601528904634e-14,2.3503421431314564e-13,5.3290705182007514e-15,0.015624999999999814,64,9.8656855845733988e-14,1.5099033134902129e-14,1.1102230246251565e-15,7.8333173281208701e-14,2.3503421431314564e-13,3.5527136788005009e-15,1.592064712109277,61.500029763934435,2.2204460492503126e-16,5.3290705182007514e-14,1.2934098236883074e-14
hex,4,3,0.20000000000000001,gll,shear,8,constant,xx,fe_geometry,1.2901716579126046e-12,nan,9.8744842537623916e-12,0,2.0341154568575753e-12,nan,2.8973919578393934e-12,2.3069408136440335e-12,6.5902559063581817e-15,3.7693128668525124e-27,2.9215591923255878e-15,0,3.2862601528904634e-14,2.3503421431314564e-13,5.3290705182007514e-15,0.015624999999999814,64,9.8656855845733988e-14,1.5099033134902129e-14,1.1102230246251565e-15,7.8333173281208701e-14,2.3503421431314564e-13,3.5527136788005009e-15,1.592064712109277,61.500029763934435,2.2204460492503126e-16,5.3290705182007514e-14,1.2934098236883074e-14
hex,4,3,0.20000000000000001,gll,shear,8,constant,xx,reused,1.1785363525815255e-12,nan,9.9614795507709063e-12,0,1.9684059804873912e-12,nan,2.9532965381090852e-12,2.3199900151859505e-12,6.5902559063581817e-15,3.2179752059709747e-13,0.24942225216584002,0,3.2862601528904634e-14,2.3503421431314564e-13,5.3290705182007514e-15,0.015624999999999814,64,9.8656855845733988e-14,1.5099033134902129e-14,1.1102230246251565e-15,7.8333173281208701e-14,2.3503421431314564e-13,3.5527136788005009e-15,1.592064712109277,61.500029763934435,2.2204460492503126e-16,5.3290705182007514e-14,1.2934098236883074e-14
hex,4,3,0.20000000000000001,gll,shear,8,constant,xx,reused_centered,1.1769169511060678e-12,nan,9.8628567438065805e-12,0,1.9586949267119735e-12,nan,2.9530405602175191e-12,2.3194590692994539e-12,6.5902559063581817e-15,3.1776345426851795e-13,0.24629548503850573,0,3.2862601528904634e-14,2.3503421431314564e-13,5.3290705182007514e-15,0.015624999999999814,64,9.8656855845733988e-14,1.5099033134902129e-14,1.1102230246251565e-15,7.8333173281208701e-14,2.3503421431314564e-13,3.5527136788005009e-15,1.592064712109277,61.500029763934435,2.2204460492503126e-16,5.3290705182007514e-14,1.2934098236883074e-14
hex,4,3,0.20000000000000001,gll,shear,8,constant,xy,recursive,1.7148604554913917e-12,nan,2.499390813258267e-11,0,3.1400636520015698e-12,nan,4.3371911274797423e-12,3.0835193764544891e-12,6.5902559063581817e-15,1.0531927420446089e-12,0.62128552881376053,0,3.2862601528904634e-14,2.3503421431314564e-13,5.3290705182007514e-15,0.015624999999999814,64,9.8656855845733988e-14,1.5099033134902129e-14,1.1102230246251565e-15,7.8333173281208701e-14,2.3503421431314564e-13,3.5527136788005009e-15,1.592064712109277,61.500029763934435,2.2204460492503126e-16,5.3290705182007514e-14,1.2934098236883074e-14
hex,4,3,0.20000000000000001,gll,shear,8,constant,xy,direct,1.6951831214473993e-12,nan,2.5579082808327474e-11,0,3.0029770879212709e-12,nan,4.1566857955067643e-12,3.0071381733552626e-12,6.5902559063581817e-15,0,0,0,3.2862601528904634e-14,2.3503421431314564e-13,5.3290705182007514e-15,0.015624999999999814,64,9.8656855845733988e-14,1.5099033134902129e-14,1.1102230246251565e-15,7.8333173281208701e-14,2.3503421431314564e-13,3.5527136788005009e-15,1.592064712109277,61.500029763934435,2.2204460492503126e-16,5.3290705182007514e-14,1.2934098236883074e-14
hex,4,3,0.20000000000000001,gll,shear,8,constant,xy,fe_geometry,1.6951831214473987e-12,nan,2.5579082808327425e-11,0,3.0029770879212705e-12,nan,4.156685795506766e-12,3.0071381733552655e-12,6.5902559063581817e-15,3.9349498309132646e-27,2.3212535454892237e-15,0,3.2862601528904634e-14,2.3503421431314564e-13,5.3290705182007514e-15,0.015624999999999814,64,9.8656855845733988e-14,1.5099033134902129e-14,1.1102230246251565e-15,7.8333173281208701e-14,2.3503421431314564e-13,3.5527136788005009e-15,1.592064712109277,61.500029763934435,2.2204460492503126e-16,5.3290705182007514e-14,1.2934098236883074e-14
hex,4,3,0.20000000000000001,gll,shear,8,constant,xy,reused,1.546508932826621e-12,nan,2.4182067166382522e-11,0,2.8285896640449827e-12,nan,3.7503053889748378e-12,2.6777203525250894e-12,6.5902559063581817e-15,3.2063964899457952e-13,0.18914749972310221,0,3.2862601528904634e-14,2.3503421431314564e-13,5.3290705182007514e-15,0.015624999999999814,64,9.8656855845733988e-14,1.5099033134902129e-14,1.1102230246251565e-15,7.8333173281208701e-14,2.3503421431314564e-13,3.5527136788005009e-15,1.592064712109277,61.500029763934435,2.2204460492503126e-16,5.3290705182007514e-14,1.2934098236883074e-14
hex,4,3,0.20000000000000001,gll,shear,8,constant,xy,reused_centered,1.5470437666436326e-12,nan,2.4132869682561977e-11,0,2.8299264316137749e-12,nan,3.7494272080389925e-12,2.6771735063899771e-12,6.5902559063581817e-15,3.2034763268696231e-13,0.18897523732624219,0,3.2862601528904634e-14,2.3503421431314564e-13,5.3290705182007514e-15,0.015624999999999814,64,9.8656855845733988e-14,1.5099033134902129e-14,1.1102230246251565e-15,7.8333173281208701e-14,2.3503421431314564e-13,3.5527136788005009e-15,1.592064712109277,61.500029763934435,2.2204460492503126e-16,5.3290705182007514e-14,1.2934098236883074e-14
hex,4,3,0.20000000000000001,gll,shear,8,constant,xz,recursive,2.4056072391403916e-12,nan,3.0692349499847077e-11,0,3.8663692748888821e-12,nan,3.5412255757525564e-12,2.4448095780424548e-12,6.5902559063581817e-15,1.3974812248287737e-12,0.60813561080799805,0,3.2862601528904634e-14,2.3503421431314564e-13,5.3290705182007514e-15,0.015624999999999814,64,9.8656855845733988e-14,1.5099033134902129e-14,1.1102230246251565e-15,7.8333173281208701e-14,2.3503421431314564e-13,3.5527136788005009e-15,1.592064712109277,61.500029763934435,2.2204460492503126e-16,5.3290705182007514e-14,1.2934098236883074e-14
hex,4,3,0.20000000000000001,gll,shear,8,constant,xz,direct,2.2979763065872978e-12,nan,2.942503946647652e-11,0,4.167258813076657e-12,nan,5.1477502477632817e-12,3.2962541814109303e-12,6.5902559063581817e-15,0,0,0,3.2862601528904634e-14,2.3503421431314564e-13,5.3290705182007514e-15,0.015624999999999814,64,9.8656855845733988e-14,1.5099033134902129e-14,1.1102230246251565e-15,7.8333173281208701e-14,2.3503421431314564e-13,3.5527136788005009e-15,1.592064712109277,61.500029763934435,2.2204460492503126e-16,5.3290705182007514e-14,1.2934098236883074e-14
hex,4,3,0.20000000000000001,gll,shear,8,constant,xz,fe_geometry,2.2979763065872978e-12,nan,2.9425039466476429e-11,0,4.1672588130766579e-12,nan,5.1477502477632817e-12,3.2962541814109331e-12,6.5902559063581817e-15,5.1277176140371735e-27,2.231405780528824e-15,0,3.2862601528904634e-14,2.3503421431314564e-13,5.3290705182007514e-15,0.015624999999999814,64,9.8656855845733988e-14,1.5099033134902129e-14,1.1102230246251565e-15,7.8333173281208701e-14,2.3503421431314564e-13,3.5527136788005009e-15,1.592064712109277,61.500029763934435,2.2204460492503126e-16,5.3290705182007514e-14,1.2934098236883074e-14
hex,4,3,0.20000000000000001,gll,shear,8,constant,xz,reused,2.2883871023523741e-12,nan,2.88104764820137e-11,0,4.166566632509563e-12,nan,5.1383995482329658e-12,3.2926420420707799e-12,6.5902559063581817e-15,1.8364917209435478e-13,0.079917783124183031,0,3.2862601528904634e-14,2.3503421431314564e-13,5.3290705182007514e-15,0.015624999999999814,64,9.8656855845733988e-14,1.5099033134902129e-14,1.1102230246251565e-15,7.8333173281208701e-14,2.3503421431314564e-13,3.5527136788005009e-15,1.592064712109277,61.500029763934435,2.2204460492503126e-16,5.3290705182007514e-14,1.2934098236883074e-14
hex,4,3,0.20000000000000001,gll,shear,8,constant,xz,reused_centered,2.2876847946003057e-12,nan,2.8744070682594013e-11,0,4.1650382791793393e-12,nan,5.1357258601265729e-12,3.2913201775314149e-12,6.5902559063581817e-15,1.8299098867215426e-13,0.079631364408588007,0,3.2862601528904634e-14,2.3503421431314564e-13,5.3290705182007514e-15,0.015624999999999814,64,9.8656855845733988e-14,1.5099033134902129e-14,1.1102230246251565e-15,7.8333173281208701e-14,2.3503421431314564e-13,3.5527136788005009e-15,1.592064712109277,61.500029763934435,2.2204460492503126e-16,5.3290705182007514e-14,1.2934098236883074e-14
hex,4,3,0.20000000000000001,gll,shear,8,constant,yy,recursive,2.1159195678539244e-12,nan,3.5077302883959663e-11,0,3.8478941787111612e-12,nan,5.7568688354247545e-12,4.204866182053173e-12,6.5902559063581817e-15,1.404271264800672e-12,0.78932758805476055,0,3.2862601528904634e-14,2.3503421431314564e-13,5.3290705182007514e-15,0.015624999999999814,64,9.8656855845733988e-14,1.5099033134902129e-14,1.1102230246251565e-15,7.8333173281208701e-14,2.3503421431314564e-13,3.5527136788005009e-15,1.592064712109277,61.500029763934435,2.2204460492503126e-16,5.3290705182007514e-14,1.2934098236883074e-14
hex,4,3,0.20000000000000001,gll,shear,8,constant,yy,direct,1.7790728286355665e-12,nan,1.8319045350833721e-11,0,3.0635230319061321e-12,nan,4.5981582860322949e-12,3.4123250412639487e-12,6.5902559063581817e-15,0,0,0,3.2862601528904634e-14,2.3503421431314564e-13,5.3290705182007514e-15,0.015624999999999814,64,9.8656855845733988e-14,1.5099033134902129e-14,1.1102230246251565e-15,7.8333173281208701e-14,2.3503421431314564e-13,3.5527136788005009e-15,1.592064712109277,61.500029763934435,2.2204460492503126e-16,5.3290705182007514e-14,1.2934098236883074e-14
hex,4,3,0.20000000000000001,gll,shear,8,constant,yy,fe_geometry,1.7790728286355667e-12,nan,1.8319045350833631e-11,0,3.0635230319061297e-12,nan,4.5981582860322973e-12,3.4123250412639495e-12,6.5902559063581817e-15,5.3921358754986605e-27,3.0308685449566893e-15,0,3.2862601528904634e-14,2.3503421431314564e-13,5.3290705182007514e-15,0.015624999999999814,64,9.8656855845733988e-14,1.5099033134902129e-14,1.1102230246251565e-15,7.8333173281208701e-14,2.3503421431314564e-13,3.5527136788005009e-15,1.592064712109277,61.500029763934435,2.2204460492503126e-16,5.3290705182007514e-14,1.2934098236883074e-14
hex,4,3,0.20000000000000001,gll,shear,8,constant,yy,reused,1.6995475454420995e-12,nan,1.7412599936809537e-11,0,2.848410046830355e-12,nan,4.2324533324456382e-12,3.2102442848456787e-12,6.5902559063581817e-15,4.9352432251837645e-13,0.2774053510203276,0,3.2862601528904634e-14,2.3503421431314564e-13,5.3290705182007514e-15,0.015624999999999814,64,9.8656855845733988e-14,1.5099033134902129e-14,1.1102230246251565e-15,7.8333173281208701e-14,2.3503421431314564e-13,3.5527136788005009e-15,1.592064712109277,61.500029763934435,2.2204460492503126e-16,5.3290705182007514e-14,1.2934098236883074e-14
hex,4,3,0.20000000000000001,gll,shear,8,constant,yy,reused_centered,1.6995800067758285e-12,nan,1.7323710207285494e-11,0,2.8424989548686254e-12,nan,4.2343722995530955e-12,3.2114852341616353e-12,6.5902559063581817e-15,4.9005114802972088e-13,0.27545311251004734,0,3.2862601528904634e-14,2.3503421431314564e-13,5.3290705182007514e-15,0.015624999999999814,64,9.8656855845733988e-14,1.5099033134902129e-14,1.1102230246251565e-15,7.8333173281208701e-14,2.3503421431314564e-13,3.5527136788005009e-15,1.592064712109277,61.500029763934435,2.2204460492503126e-16,5.3290705182007514e-14,1.2934098236883074e-14
hex,4,3,0.20000000000000001,gll,shear,8,constant,yz,recursive,2.8947505189390714e-12,nan,5.456729644076354e-11,0,5.8187898813651072e-12,nan,6.3495838351275227e-12,3.9796353536841549e-12,6.5902559063581817e-15,1.3252426824843415e-12,0.45880045780192619,0,3.2862601528904634e-14,2.3503421431314564e-13,5.3290705182007514e-15,0.015624999999999814,64,9.8656855845733988e-14,1.5099033134902129e-14,1.1102230246251565e-15,7.8333173281208701e-14,2.3503421431314564e-13,3.5527136788005009e-15,1.592064712109277,61.500029763934435,2.2204460492503126e-16,5.3290705182007514e-14,1.2934098236883074e-14
hex,4,3,0.20000000000000001,gll,shear,8,constant,yz,direct,2.8884946820529913e-12,nan,3.9098765029760088e-11,0,5.5363213366140079e-12,nan,5.1289887122749237e-12,3.298656328887403e-12,6.5902559063581817e-15,0,0,0,3.2862601528904634e-14,2.3503421431314564e-13,5.3290705182007514e-15,0.015624999999999814,64,9.8656855845733988e-14,1.5099033134902129e-14,1.1102230246251565e-15,7.8333173281208701e-14,2.3503421431314564e-13,3.5527136788005009e-15,1.592064712109277,61.500029763934435,2.2204460492503126e-16,5.3290705182007514e-14,1.2934098236883074e-14
hex,4,3,0.20000000000000001,gll,shear,8,constant,yz,fe_geometry,2.8884946820529909e-12,nan,3.9098765029759868e-11,0,5.5363213366140087e-12,nan,5.1289887122749261e-12,3.2986563288874039e-12,6.5902559063581817e-15,5.5913881897178195e-27,1.9357446715961245e-15,0,3.2862601528904634e-14,2.3503421431314564e-13,5.3290705182007514e-15,0.015624999999999814,64,9.8656855845733988e-14,1.5099033134902129e-14,1.1102230246251565e-15,7.8333173281208701e-14,2.3503421431314564e-13,3.5527136788005009e-15,1.592064712109277,61.500029763934435,2.2204460492503126e-16,5.3290705182007514e-14,1.2934098236883074e-14
hex,4,3,0.20000000000000001,gll,shear,8,constant,yz,reused,2.7631534569503584e-12,nan,3.8471117049560813e-11,0,5.3266535459266369e-12,nan,4.9087742020650183e-12,3.166895457363353e-12,6.5902559063581817e-15,2.8573456451123124e-13,0.098921616953833558,0,3.2862601528904634e-14,2.3503421431314564e-13,5.3290705182007514e-15,0.015624999999999814,64,9.8656855845733988e-14,1.5099033134902129e-14,1.1102230246251565e-15,7.8333173281208701e-14,2.3503421431314564e-13,3.5527136788005009e-15,1.592064712109277,61.500029763934435,2.2204460492503126e-16,5.3290705182007514e-14,1.2934098236883074e-14
hex,4,3,0.20000000000000001,gll,shear,8,constant,yz,reused_centered,2.7628762735461528e-12,nan,3.8449154027651585e-11,0,5.3257790255813422e-12,nan,4.9030915505062773e-12,3.1634899191980326e-12,6.5902559063581817e-15,2.8602203201883453e-13,0.099021138517570342,0,3.2862601528904634e-14,2.3503421431314564e-13,5.3290705182007514e-15,0.015624999999999814,64,9.8656855845733988e-14,1.5099033134902129e-14,1.1102230246251565e-15,7.8333173281208701e-14,2.3503421431314564e-13,3.5527136788005009e-15,1.592064712109277,61.500029763934435,2.2204460492503126e-16,5.3290705182007514e-14,1.2934098236883074e-14
hex,4,3,0.20000000000000001,gll,shear,8,constant,zz,recursive,7.0904877742795293e-12,nan,5.4293449435679539e-11,0,1.1518647407689938e-11,nan,1.4518093781958996e-11,9.6170615254301492e-12,6.5902559063581817e-15,1.4782418838257029e-12,0.21232248946499183,0,3.2862601528904634e-14,2.3503421431314564e-13,5.3290705182007514e-15,0.015624999999999814,64,9.8656855845733988e-14,1.5099033134902129e-14,1.1102230246251565e-15,7.8333173281208701e-14,2.3503421431314564e-13,3.5527136788005009e-15,1.592064712109277,61.500029763934435,2.2204460492503126e-16,5.3290705182007514e-14,1.2934098236883074e-14
hex,4,3,0.20000000000000001,gll,shear,8,constant,zz,direct,6.962248264658928e-12,nan,4.892814949763082e-11,0,1.131748590676755e-11,nan,1.4016687890565163e-11,8.9459048527988238e-12,6.5902559063581817e-15,0,0,0,3.2862601528904634e-14,2.3503421431314564e-13,5.3290705182007514e-15,0.015624999999999814,64,9.8656855845733988e-14,1.5099033134902129e-14,1.1102230246251565e-15,7.8333173281208701e-14,2.3503421431314564e-13,3.5527136788005009e-15,1.592064712109277,61.500029763934435,2.2204460492503126e-16,5.3290705182007514e-14,1.2934098236883074e-14
hex,4,3,0.20000000000000001,gll,shear,8,constant,zz,fe_geometry,6.9622482646589288e-12,nan,4.8928149497630361e-11,0,1.1317485906767554e-11,nan,1.4016687890565168e-11,8.9459048527988287e-12,6.5902559063581817e-15,8.080161621152833e-27,1.1605678674471501e-15,0,3.2862601528904634e-14,2.3503421431314564e-13,5.3290705182007514e-15,0.015624999999999814,64,9.8656855845733988e-14,1.5099033134902129e-14,1.1102230246251565e-15,7.8333173281208701e-14,2.3503421431314564e-13,3.5527136788005009e-15,1.592064712109277,61.500029763934435,2.2204460492503126e-16,5.3290705182007514e-14,1.2934098236883074e-14
hex,4,3,0.20000000000000001,gll,shear,8,constant,zz,reused,6.9411983566857667e-12,nan,4.8034746900996402e-11,0,1.1189624847768888e-11,nan,1.3968089980102434e-11,8.896179443459219e-12,6.5902559063581817e-15,2.8694272208986137e-13,0.041214089354786654,0,3.2862601528904634e-14,2.3503421431314564e-13,5.3290705182007514e-15,0.015624999999999814,64,9.8656855845733988e-14,1.5099033134902129e-14,1.1102230246251565e-15,7.8333173281208701e-14,2.3503421431314564e-13,3.5527136788005009e-15,1.592064712109277,61.500029763934435,2.2204460492503126e-16,5.3290705182007514e-14,1.2934098236883074e-14
hex,4,3,0.20000000000000001,gll,shear,8,constant,zz,reused_centered,6.94463278921434e-12,nan,4.7888909621531601e-11,0,1.1191204654505061e-11,nan,1.3975135137080167e-11,8.9018563392112643e-12,6.5902559063581817e-15,2.8422250275318873e-13,0.04082337945286018,0,3.2862601528904634e-14,2.3503421431314564e-13,5.3290705182007514e-15,0.015624999999999814,64,9.8656855845733988e-14,1.5099033134902129e-14,1.1102230246251565e-15,7.8333173281208701e-14,2.3503421431314564e-13,3.5527136788005009e-15,1.592064712109277,61.500029763934435,2.2204460492503126e-16,5.3290705182007514e-14,1.2934098236883074e-14
hex,4,3,0.20000000000000001,gll,shear,8,constant,xxx,recursive,5.6535370729815718e-11,nan,3.7710503992737053e-10,0,8.0278239439591725e-11,nan,1.4844775353171511e-10,1.1020977577528036e-10,6.5902559063581817e-15,5.5730798293241718e-11,4.8130519691613092,0,3.2862601528904634e-14,2.3503421431314564e-13,5.3290705182007514e-15,0.015624999999999814,64,9.8656855845733988e-14,1.5099033134902129e-14,1.1102230246251565e-15,7.8333173281208701e-14,2.3503421431314564e-13,3.5527136788005009e-15,1.592064712109277,61.500029763934435,2.2204460492503126e-16,5.3290705182007514e-14,1.2934098236883074e-14
hex,4,3,0.20000000000000001,gll,shear,8,constant,xxx,direct,1.1579097556046751e-11,nan,6.5182129233782808e-11,0,1.6812888186123517e-11,nan,2.6564923477628159e-11,1.9812089146407328e-11,6.5902559063581817e-15,0,0,0,3.2862601528904634e-14,2.3503421431314564e-13,5.3290705182007514e-15,0.015624999999999814,64,9.8656855845733988e-14,1.5099033134902129e-14,1.1102230246251565e-15,7.8333173281208701e-14,2.3503421431314564e-13,3.5527136788005009e-15,1.592064712109277,61.500029763934435,2.2204460492503126e-16,5.3290705182007514e-14,1.2934098236883074e-14
hex,4,3,0.20000000000000001,gll,shear,8,constant,xxx,fe_geometry,1.1579097556046761e-11,nan,6.5182129233783687e-11,0,1.6812888186123549e-11,nan,2.656492347762812e-11,1.9812089146407322e-11,6.5902559063581817e-15,1.1369998973383276e-25,9.8194172027212248e-15,0,3.2862601528904634e-14,2.3503421431314564e-13,5.3290705182007514e-15,0.015624999999999814,64,9.8656855845733988e-14,1.5099033134902129e-14,1.1102230246251565e-15,7.8333173281208701e-14,2.3503421431314564e-13,3.5527136788005009e-15,1.592064712109277,61.500029763934435,2.2204460492503126e-16,5.3290705182007514e-14,1.2934098236883074e-14
hex,4,3,0.20000000000000001,gll,shear,8,constant,xxx,reused,1.0711095647801034e-11,nan,6.8012884869668529e-11,0,1.7567546381308141e-11,nan,2.9333794705597538e-11,2.1757659714977311e-11,6.5902559063581817e-15,4.0308368757748086e-12,0.34811321489124641,0,3.2862601528904634e-14,2.3503421431314564e-13,5.3290705182007514e-15,0.015624999999999814,64,9.8656855845733988e-14,1.5099033134902129e-14,1.1102230246251565e-15,7.8333173281208701e-14,2.3503421431314564e-13,3.5527136788005009e-15,1.592064712109277,61.500029763934435,2.2204460492503126e-16,5.3290705182007514e-14,1.2934098236883074e-14
hex,4,3,0.20000000000000001,gll,shear,8,constant,xxx,reused_centered,1.0610912608169486e-11,nan,6.5918109043524335e-11,0,1.7477659471056039e-11,nan,2.920668784227343e-11,2.1365269280096851e-11,6.5902559063581817e-15,3.7601654046839582e-12,0.32473734559049056,0,3.2862601528904634e-14,2.3503421431314564e-13,5.3290705182007514e-15,0.015624999999999814,64,9.8656855845733988e-14,1.5099033134902129e-14,1.1102230246251565e-15,7.8333173281208701e-14,2.3503421431314564e-13,3.5527136788005009e-15,1.592064712109277,61.500029763934435,2.2204460492503126e-16,5.3290705182007514e-14,1.2934098236883074e-14
hex,4,3,0.20000000000000001,gll,shear,8,constant,xxy,recursive,5.0689647616941258e-11,nan,7.9866445744769299e-10,0,9.3766836955607458e-11,nan,1.0287730224835166e-10,7.2452082524133333e-11,6.5902559063581817e-15,4.317678417527429e-11,1.1636936358102679,0,3.2862601528904634e-14,2.3503421431314564e-13,5.3290705182007514e-15,0.015624999999999814,64,9.8656855845733988e-14,1.5099033134902129e-14,1.1102230246251565e-15,7.8333173281208701e-14,2.3503421431314564e-13,3.5527136788005009e-15,1.592064712109277,61.500029763934435,2.2204460492503126e-16,5.3290705182007514e-14,1.2934098236883074e-14
hex,4,3,0.20000000000000001,gll,shear,8,constant,xxy,direct,3.7103222744026387e-11,nan,4.4341313045717467e-10,0,6.4516852483673978e-11,nan,8.828862468814911e-11,6.3854822416608891e-11,6.5902559063581817e-15,0,0,0,3.2862601528904634e-14,2.3503421431314564e-13,5.3290705182007514e-15,0.015624999999999814,64,9.8656855845733988e-14,1.5099033134902129e-14,1.1102230246251565e-15,7.8333173281208701e-14,2.3503421431314564e-13,3.5527136788005009e-15,1.592064712109277,61.500029763934435,2.2204460492503126e-16,5.3290705182007514e-14,1.2934098236883074e-14
hex,4,3,0.20000000000000001,gll,shear,8,constant,xxy,fe_geometry,3.71032227440264e-11,nan,4.434131304571725e-10,0,6.4516852483674042e-11,nan,8.8288624688149162e-11,6.3854822416608956e-11,6.5902559063581817e-15,1.5276451840739802e-25,4.1172843518557453e-15,0,3.2862601528904634e-14,2.3503421431314564e-13,5.3290705182007514e-15,0.015624999999999814,64,9.8656855845733988e-14,1.5099033134902129e-14,1.1102230246251565e-15,7.8333173281208701e-14,2.3503421431314564e-13,3.5527136788005009e-15,1.592064712109277,61.500029763934435,2.2204460492503126e-16,5.3290705182007514e-14,1.2934098236883074e-14
hex,4,3,0.20000000000000001,gll,shear,8,constant,xxy,reused,3.5258496836246099e-11,nan,4.4173232356471911e-10,0,6.2618703603381941e-11,nan,8.4746616100096121e-11,6.0240033264985968e-11,6.5902559063581817e-15,6.1412746061159836e-12,0.1655186302409466,0,3.2862601528904634e-14,2.3503421431314564e-13,5.3290705182007514e-15,0.015624999999999814,64,9.8656855845733988e-14,1.5099033134902129e-14,1.1102230246251565e-15,7.8333173281208701e-14,2.3503421431314564e-13,3.5527136788005009e-15,1.592064712109277,61.500029763934435,2.2204460492503126e-16,5.3290705182007514e-14,1.2934098236883074e-14
hex,4,3,0.20000000000000001,gll,shear,8,constant,xxy,reused_centered,3.5279459533128714e-11,nan,4.4142986139540814e-10,0,6.2657727486617436e-11,nan,8.4794574267701602e-11,6.02553982721642e-11,6.5902559063581817e-15,6.1168617027835969e-12,0.16486065765724922,0,3.2862601528904634e-14,2.3503421431314564e-13,5.3290705182007514e-15,0.015624999999999814,64,9.8656855845733988e-14,1.5099033134902129e-14,1.1102230246251565e-15,7.8333173281208701e-14,2.3503421431314564e-13,3.5527136788005009e-15,1.592064712109277,61.500029763934435,2.2204460492503126e-16,5.3290705182007514e-14,1.2934098236883074e-14
hex,4,3,0.20000000000000001,gll,shear,8,constant,xxz,recursive,6.6592371302137934e-11,nan,8.0165480440510641e-10,0,1.2970655937374863e-10,nan,8.5859841557598606e-11,5.9304210205960804e-11,6.5902559063581817e-15,6.9578263264258323e-11,1.8874260877396041,0,3.2862601528904634e-14,2.3503421431314564e-13,5.3290705182007514e-15,0.015624999999999814,64,9.8656855845733988e-14,1.5099033134902129e-14,1.1102230246251565e-15,7.8333173281208701e-14,2.3503421431314564e-13,3.5527136788005009e-15,1.592064712109277,61.500029763934435,2.2204460492503126e-16,5.3290705182007514e-14,1.2934098236883074e-14
hex,4,3,0.20000000000000001,gll,shear,8,constant,xxz,direct,3.6864099588443108e-11,nan,4.602841848278779e-10,0,6.2497719333519351e-11,nan,6.5496989357185785e-11,4.6854004415013254e-11,6.5902559063581817e-15,0,0,0,3.2862601528904634e-14,2.3503421431314564e-13,5.3290705182007514e-15,0.015624999999999814,64,9.8656855845733988e-14,1.5099033134902129e-14,1.1102230246251565e-15,7.8333173281208701e-14,2.3503421431314564e-13,3.5527136788005009e-15,1.592064712109277,61.500029763934435,2.2204460492503126e-16,5.3290705182007514e-14,1.2934098236883074e-14
hex,4,3,0.20000000000000001,gll,shear,8,constant,xxz,fe_geometry,3.6864099588443102e-11,nan,4.6028418482787428e-10,0,6.2497719333519377e-11,nan,6.5496989357185849e-11,4.6854004415013273e-11,6.5902559063581817e-15,1.6330482644799873e-25,4.4299149652686696e-15,0,3.2862601528904634e-14,2.3503421431314564e-13,5.3290705182007514e-15,0.015624999999999814,64,9.8656855845733988e-14,1.5099033134902129e-14,1.1102230246251565e-15,7.8333173281208701e-14,2.3503421431314564e-13,3.5527136788005009e-15,1.592064712109277,61.500029763934435,2.2204460492503126e-16,5.3290705182007514e-14,1.2934098236883074e-14
hex,4,3,0.20000000000000001,gll,shear,8,constant,xxz,reused,3.7116827516710338e-11,nan,4.6092517921227881e-10,0,6.3501668205912352e-11,nan,6.6847893746419841e-11,4.7591522833046868e-11,6.5902559063581817e-15,4.8788166364922679e-12,0.13234601389862174,0,3.2862601528904634e-14,2.3503421431314564e-13,5.3290705182007514e-15,0.015624999999999814,64,9.8656855845733988e-14,1.5099033134902129e-14,1.1102230246251565e-15,7.8333173281208701e-14,2.3503421431314564e-13,3.5527136788005009e-15,1.592064712109277,61.500029763934435,2.2204460492503126e-16,5.3290705182007514e-14,1.2934098236883074e-14
hex,4,3,0.20000000000000001,gll,shear,8,constant,xxz,reused_centered,3.7089933454878954e-11,nan,4.609275405181455e-10,0,6.3455152276919221e-11,nan,6.6796341137708879e-11,4.7560009120679706e-11,6.5902559063581817e-15,4.8544935790097127e-12,0.13168621051934212,0,3.2862601528904634e-14,2.3503421431314564e-13,5.3290705182007514e-15,0.015624999999999814,64,9.8656855845733988e-14,1.5099033134902129e-14,1.1102230246251565e-15,7.8333173281208701e-14,2.3503421431314564e-13,3.5527136788005009e-15,1.592064712109277,61.500029763934435,2.2204460492503126e-16,5.3290705182007514e-14,1.2934098236883074e-14
hex,4,3,0.20000000000000001,gll,shear,8,constant,xyy,recursive,4.0196297945133093e-11,nan,6.3371120935338825e-10,0,7.230693357231625e-11,nan,1.127155398406376e-10,7.8019987345292916e-11,6.5902559063581817e-15,2.5531932556534446e-11,0.66911572367684102,0,3.2862601528904634e-14,2.3503421431314564e-13,5.3290705182007514e-15,0.015624999999999814,64,9.8656855845733988e-14,1.5099033134902129e-14,1.1102230246251565e-15,7.8333173281208701e-14,2.3503421431314564e-13,3.5527136788005009e-15,1.592064712109277,61.500029763934435,2.2204460492503126e-16,5.3290705182007514e-14,1.2934098236883074e-14
hex,4,3,0.20000000000000001,gll,shear,8,constant,xyy,direct,3.8157723175648247e-11,nan,5.6923797150501609e-10,0,6.6533161016656042e-11,nan,8.6778290951829162e-11,6.2078017373585829e-11,6.5902559063581817e-15,0,0,0,3.2862601528904634e-14,2.3503421431314564e-13,5.3290705182007514e-15,0.015624999999999814,64,9.8656855845733988e-14,1.5099033134902129e-14,1.1102230246251565e-15,7.8333173281208701e-14,2.3503421431314564e-13,3.5527136788005009e-15,1.592064712109277,61.500029763934435,2.2204460492503126e-16,5.3290705182007514e-14,1.2934098236883074e-14
hex,4,3,0.20000000000000001,gll,shear,8,constant,xyy,fe_geometry,3.8157723175648234e-11,nan,5.6923797150502105e-10,0,6.6533161016656016e-11,nan,8.6778290951829175e-11,6.2078017373585906e-11,6.5902559063581817e-15,1.8348456036739037e-25,4.8085825121895056e-15,0,3.2862601528904634e-14,2.3503421431314564e-13,5.3290705182007514e-15,0.015624999999999814,64,9.8656855845733988e-14,1.5099033134902129e-14,1.1102230246251565e-15,7.8333173281208701e-14,2.3503421431314564e-13,3.5527136788005009e-15,1.592064712109277,61.500029763934435,2.2204460492503126e-16,5.3290705182007514e-14,1.2934098236883074e-14
hex,4,3,0.20000000000000001,gll,shear,8,constant,xyy,reused,3.5452775699920876e-11,nan,5.3030307506037298e-10,0,6.3148421851592634e-11,nan,8.2315797001647902e-11,5.8060805353138432e-11,6.5902559063581817e-15,7.1344767737929883e-12,0.18697333540975308,0,3.2862601528904634e-14,2.3503421431314564e-13,5.3290705182007514e-15,0.015624999999999814,64,9.8656855845733988e-14,1.5099033134902129e-14,1.1102230246251565e-15,7.8333173281208701e-14,2.3503421431314564e-13,3.5527136788005009e-15,1.592064712109277,61.500029763934435,2.2204460492503126e-16,5.3290705182007514e-14,1.2934098236883074e-14
hex,4,3,0.20000000000000001,gll,shear,8,constant,xyy,reused_centered,3.5471708964940298e-11,nan,5.2760925065342861e-10,0,6.3188340754474295e-11,nan,8.2347395996287059e-11,5.8058508031867368e-11,6.5902559063581817e-15,7.1298954240531108e-12,0.18685327191123696,0,3.2862601528904634e-14,2.3503421431314564e-13,5.3290705182007514e-15,0.015624999999999814,64,9.8656855845733988e-14,1.5099033134902129e-14,1.1102230246251565e-15,7.8333173281208701e-14,2.3503421431314564e-13,3.5527136788005009e-15,1.592064712109277,61.500029763934435,2.2204460492503126e-16,5.3290705182007514e-14,1.2934098236883074e-14
hex,4,3,0.20000000000000001,gll,shear,8,constant,xyz,recursive,4.0106862745276519e-11,nan,1.0870034227784139e-09,0,8.4139752090819551e-11,nan,1.08783738425252e-10,7.0479054994355891e-11,6.5902559063581817e-15,1.7588193644971689e-11,0.52176183379513008,0,3.2862601528904634e-14,2.3503421431314564e-13,5.3290705182007514e-15,0.015624999999999814,64,9.8656855845733988e-14,1.5099033134902129e-14,1.1102230246251565e-15,7.8333173281208701e-14,2.3503421431314564e-13,3.5527136788005009e-15,1.592064712109277,61.500029763934435,2.2204460492503126e-16,5.3290705182007514e-14,1.2934098236883074e-14
hex,4,3,0.20000000000000001,gll,shear,8,constant,xyz,direct,3.3709237636338308e-11,nan,1.0255993530597999e-09,0,7.1993987138976007e-11,nan,9.3584811445069769e-11,5.9086414642644758e-11,6.5902559063581817e-15,0,0,0,3.2862601528904634e-14,2.3503421431314564e-13,5.3290705182007514e-15,0.015624999999999814,64,9.8656855845733988e-14,1.5099033134902129e-14,1.1102230246251565e-15,7.8333173281208701e-14,2.3503421431314564e-13,3.5527136788005009e-15,1.592064712109277,61.500029763934435,2.2204460492503126e-16,5.3290705182007514e-14,1.2934098236883074e-14
hex,4,3,0.20000000000000001,gll,shear,8,constant,xyz,fe_geometry,3.3709237636338288e-11,nan,1.0255993530597887e-09,0,7.1993987138975955e-11,nan,9.3584811445069576e-11,5.9086414642644732e-11,6.5902559063581817e-15,1.6704080620074782e-25,4.9553421528785647e-15,0,3.2862601528904634e-14,2.3503421431314564e-13,5.3290705182007514e-15,0.015624999999999814,64,9.8656855845733988e-14,1.5099033134902129e-14,1.1102230246251565e-15,7.8333173281208701e-14,2.3503421431314564e-13,3.5527136788005009e-15,1.592064712109277,61.500029763934435,2.2204460492503126e-16,5.3290705182007514e-14,1.2934098236883074e-14
hex,4,3,0.20000000000000001,gll,shear,8,constant,xyz,reused,3.3410287220799736e-11,nan,1.0079778167500019e-09,0,7.1512950203905518e-11,nan,9.3272380605924283e-11,5.8733344536272363e-11,6.5902559063581817e-15,3.4278297526865241e-12,0.1016881422732429,0,3.2862601528904634e-14,2.3503421431314564e-13,5.3290705182007514e-15,0.015624999999999814,64,9.8656855845733988e-14,1.5099033134902129e-14,1.1102230246251565e-15,7.8333173281208701e-14,2.3503421431314564e-13,3.5527136788005009e-15,1.592064712109277,61.500029763934435,2.2204460492503126e-16,5.3290705182007514e-14,1.2934098236883074e-14
hex,4,3,0.20000000000000001,gll,shear,8,constant,xyz,reused_centered,3.340187166413931e-11,nan,1.0046803920984956e-09,0,7.1492966494823213e-11,nan,9.3204500168982038e-11,5.868513209034468e-11,6.5902559063581817e-15,3.4009707893873538e-12,0.10089135880430392,0,3.2862601528904634e-14,2.3503421431314564e-13,5.3290705182007514e-15,0.015624999999999814,64,9.8656855845733988e-14,1.5099033134902129e-14,1.1102230246251565e-15,7.8333173281208701e-14,2.3503421431314564e-13,3.5527136788005009e-15,1.592064712109277,61.500029763934435,2.2204460492503126e-16,5.3290705182007514e-14,1.2934098236883074e-14
hex,4,3,0.20000000000000001,gll,shear,8,constant,xzz,recursive,6.5686352430947963e-11,nan,6.6035327796842573e-10,0,8.4502081639562878e-11,nan,1.4804395660787918e-10,1.0424039078207266e-10,6.5902559063581817e-15,3.8684470688947654e-11,0.60675781682199426,0,3.2862601528904634e-14,2.3503421431314564e-13,5.3290705182007514e-15,0.015624999999999814,64,9.8656855845733988e-14,1.5099033134902129e-14,1.1102230246251565e-15,7.8333173281208701e-14,2.3503421431314564e-13,3.5527136788005009e-15,1.592064712109277,61.500029763934435,2.2204460492503126e-16,5.3290705182007514e-14,1.2934098236883074e-14
hex,4,3,0.20000000000000001,gll,shear,8,constant,xzz,direct,6.3756031840783996e-11,nan,8.3595744515967126e-10,0,9.8618217218154129e-11,nan,1.8216504626585391e-10,1.3551851247410408e-10,6.5902559063581817e-15,0,0,0,3.2862601528904634e-14,2.3503421431314564e-13,5.3290705182007514e-15,0.015624999999999814,64,9.8656855845733988e-14,1.5099033134902129e-14,1.1102230246251565e-15,7.8333173281208701e-14,2.3503421431314564e-13,3.5527136788005009e-15,1.592064712109277,61.500029763934435,2.2204460492503126e-16,5.3290705182007514e-14,1.2934098236883074e-14
hex,4,3,0.20000000000000001,gll,shear,8,constant,xzz,fe_geometry,6.3756031840784009e-11,nan,8.3595744515965958e-10,0,9.8618217218154258e-11,nan,1.8216504626585406e-10,1.3551851247410424e-10,6.5902559063581817e-15,2.5261724329053739e-25,3.9622485276591676e-15,0,3.2862601528904634e-14,2.3503421431314564e-13,5.3290705182007514e-15,0.015624999999999814,64,9.8656855845733988e-14,1.5099033134902129e-14,1.1102230246251565e-15,7.8333173281208701e-14,2.3503421431314564e-13,3.5527136788005009e-15,1.592064712109277,61.500029763934435,2.2204460492503126e-16,5.3290705182007514e-14,1.2934098236883074e-14
hex,4,3,0.20000000000000001,gll,shear,8,constant,xzz,reused,6.3549523808531314e-11,nan,8.3395895484730906e-10,0,9.8817987505876103e-11,nan,1.8136448790932659e-10,1.3483012870875506e-10,6.5902559063581817e-15,4.3238289663562942e-12,0.067818351323276529,0,3.2862601528904634e-14,2.3503421431314564e-13,5.3290705182007514e-15,0.015624999999999814,64,9.8656855845733988e-14,1.5099033134902129e-14,1.1102230246251565e-15,7.8333173281208701e-14,2.3503421431314564e-13,3.5527136788005009e-15,1.592064712109277,61.500029763934435,2.2204460492503126e-16,5.3290705182007514e-14,1.2934098236883074e-14
hex,4,3,0.20000000000000001,gll,shear,8,constant,xzz,reused_centered,6.3529811986571053e-11,nan,8.3292800575467228e-10,0,9.8778542121635518e-11,nan,1.8129234426720018e-10,1.3479860636264151e-10,6.5902559063581817e-15,4.2929829311888581e-12,0.067334537725145666,0,3.2862601528904634e-14,2.3503421431314564e-13,5.3290705182007514e-15,0.015624999999999814,64,9.8656855845733988e-14,1.5099033134902129e-14,1.1102230246251565e-15,7.8333173281208701e-14,2.3503421431314564e-13,3.5527136788005009e-15,1.592064712109277,61.500029763934435,2.2204460492503126e-16,5.3290705182007514e-14,1.2934098236883074e-14
hex,4,3,0.20000000000000001,gll,shear,8,constant,yyy,recursive,4.0872640480656122e-11,nan,7.1785593132530568e-10,0,7.5075225273280148e-11,nan,1.1270237184576809e-10,8.0181266174962692e-11,6.5902559063581817e-15,3.5280736841459015e-11,1.4242604760246931,0,3.2862601528904634e-14,2.3503421431314564e-13,5.3290705182007514e-15,0.015624999999999814,64,9.8656855845733988e-14,1.5099033134902129e-14,1.1102230246251565e-15,7.8333173281208701e-14,2.3503421431314564e-13,3.5527136788005009e-15,1.592064712109277,61.500029763934435,2.2204460492503126e-16,5.3290705182007514e-14,1.2934098236883074e-14
hex,4,3,0.20000000000000001,gll,shear,8,constant,yyy,direct,2.4771267219274669e-11,nan,3.9957263184608275e-10,0,4.1119749834710347e-11,nan,5.1922526736252626e-11,3.9662788782804268e-11,6.5902559063581817e-15,0,0,0,3.2862601528904634e-14,2.3503421431314564e-13,5.3290705182007514e-15,0.015624999999999814,64,9.8656855845733988e-14,1.5099033134902129e-14,1.1102230246251565e-15,7.8333173281208701e-14,2.3503421431314564e-13,3.5527136788005009e-15,1.592064712109277,61.500029763934435,2.2204460492503126e-16,5.3290705182007514e-14,1.2934098236883074e-14
hex,4,3,0.20000000000000001,gll,shear,8,constant,yyy,fe_geometry,2.4771267219274662e-11,nan,3.9957263184608714e-10,0,4.1119749834710315e-11,nan,5.1922526736252633e-11,3.9662788782804314e-11,6.5902559063581817e-15,2.1031658901089828e-25,8.4903443634587131e-15,0,3.2862601528904634e-14,2.3503421431314564e-13,5.3290705182007514e-15,0.015624999999999814,64,9.8656855845733988e-14,1.5099033134902129e-14,1.1102230246251565e-15,7.8333173281208701e-14,2.3503421431314564e-13,3.5527136788005009e-15,1.592064712109277,61.500029763934435,2.2204460492503126e-16,5.3290705182007514e-14,1.2934098236883074e-14
hex,4,3,0.20000000000000001,gll,shear,8,constant,yyy,reused,2.3087503844403945e-11,nan,3.6528665780086563e-10,0,3.7194820127557855e-11,nan,4.7019003654832578e-11,3.5938385036978449e-11,6.5902559063581817e-15,6.9452003489675947e-12,0.28037323595473929,0,3.2862601528904634e-14,2.3503421431314564e-13,5.3290705182007514e-15,0.015624999999999814,64,9.8656855845733988e-14,1.5099033134902129e-14,1.1102230246251565e-15,7.8333173281208701e-14,2.3503421431314564e-13,3.5527136788005009e-15,1.592064712109277,61.500029763934435,2.2204460492503126e-16,5.3290705182007514e-14,1.2934098236883074e-14
hex,4,3,0.20000000000000001,gll,shear,8,constant,yyy,reused_centered,2.3026560103025185e-11,nan,3.6611994508384772e-10,0,3.7156090803167749e-11,nan,4.6909020769066605e-11,3.5697980542342895e-11,6.5902559063581817e-15,6.7967333752292023e-12,0.2743797204666471,0,3.2862601528904634e-14,2.3503421431314564e-13,5.3290705182007514e-15,0.015624999999999814,64,9.8656855845733988e-14,1.5099033134902129e-14,1.1102230246251565e-15,7.8333173281208701e-14,2.3503421431314564e-13,3.5527136788005009e-15,1.592064712109277,61.500029763934435,2.2204460492503126e-16,5.3290705182007514e-14,1.2934098236883074e-14
hex,4,3,0.20000000000000001,gll,shear,8,constant,yyz,recursive,7.5022853833844576e-11,nan,1.5562572044586039e-09,0,1.5034403950103295e-10,nan,1.7454270405058035e-10,1.1169205357360264e-10,6.5902559063581817e-15,4.8560458028011248e-11,0.77987454995753969,0,3.2862601528904634e-14,2.3503421431314564e-13,5.3290705182007514e-15,0.015624999999999814,64,9.8656855845733988e-14,1.5099033134902129e-14,1.1102230246251565e-15,7.8333173281208701e-14,2.3503421431314564e-13,3.5527136788005009e-15,1.592064712109277,61.500029763934435,2.2204460492503126e-16,5.3290705182007514e-14,1.2934098236883074e-14
hex,4,3,0.20000000000000001,gll,shear,8,constant,yyz,direct,6.2267012086309423e-11,nan,9.6209818079802413e-10,0,1.10558058602735e-10,nan,1.2273647420905692e-10,7.9424156035703239e-11,6.5902559063581817e-15,0,0,0,3.2862601528904634e-14,2.3503421431314564e-13,5.3290705182007514e-15,0.015624999999999814,64,9.8656855845733988e-14,1.5099033134902129e-14,1.1102230246251565e-15,7.8333173281208701e-14,2.3503421431314564e-13,3.5527136788005009e-15,1.592064712109277,61.500029763934435,2.2204460492503126e-16,5.3290705182007514e-14,1.2934098236883074e-14
hex,4,3,0.20000000000000001,gll,shear,8,constant,yyz,fe_geometry,6.2267012086309449e-11,nan,9.6209818079801896e-10,0,1.1055805860273501e-10,nan,1.2273647420905698e-10,7.9424156035703239e-11,6.5902559063581817e-15,2.085574018579851e-25,3.3494043614763453e-15,0,3.2862601528904634e-14,2.3503421431314564e-13,5.3290705182007514e-15,0.015624999999999814,64,9.8656855845733988e-14,1.5099033134902129e-14,1.1102230246251565e-15,7.8333173281208701e-14,2.3503421431314564e-13,3.5527136788005009e-15,1.592064712109277,61.500029763934435,2.2204460492503126e-16,5.3290705182007514e-14,1.2934098236883074e-14
hex,4,3,0.20000000000000001,gll,shear,8,constant,yyz,reused,6.1045797762404275e-11,nan,9.4123858604073709e-10,0,1.0906520962533055e-10,nan,1.2171814067653019e-10,7.9815554576507852e-11,6.5902559063581817e-15,5.4736479236371608e-12,0.08790606358387712,0,3.2862601528904634e-14,2.3503421431314564e-13,5.3290705182007514e-15,0.015624999999999814,64,9.8656855845733988e-14,1.5099033134902129e-14,1.1102230246251565e-15,7.8333173281208701e-14,2.3503421431314564e-13,3.5527136788005009e-15,1.592064712109277,61.500029763934435,2.2204460492503126e-16,5.3290705182007514e-14,1.2934098236883074e-14
hex,4,3,0.20000000000000001,gll,shear,8,constant,yyz,reused_centered,6.1056571809465504e-11,nan,9.3811629314259716e-10,0,1.0907710318075436e-10,nan,1.2176588055829939e-10,7.9839668036827058e-11,6.5902559063581817e-15,5.476607987747069e-12,0.087953601822998106,0,3.2862601528904634e-14,2.3503421431314564e-13,5.3290705182007514e-15,0.015624999999999814,64,9.8656855845733988e-14,1.5099033134902129e-14,1.1102230246251565e-15,7.8333173281208701e-14,2.3503421431314564e-13,3.5527136788005009e-15,1.592064712109277,61.500029763934435,2.2204460492503126e-16,5.3290705182007514e-14,1.2934098236883074e-14
hex,4,3,0.20000000000000001,gll,shear,8,constant,yzz,recursive,8.0878824744633392e-11,nan,1.4083118493420507e-09,0,1.4571093721686318e-10,nan,2.260679148401027e-10,1.539298253652689e-10,6.5902559063581817e-15,3.7165989408765482e-11,0.45903903866471929,0,3.2862601528904634e-14,2.3503421431314564e-13,5.3290705182007514e-15,0.015624999999999814,64,9.8656855845733988e-14,1.5099033134902129e-14,1.1102230246251565e-15,7.8333173281208701e-14,2.3503421431314564e-13,3.5527136788005009e-15,1.592064712109277,61.500029763934435,2.2204460492503126e-16,5.3290705182007514e-14,1.2934098236883074e-14
hex,4,3,0.20000000000000001,gll,shear,8,constant,yzz,direct,8.0964768305711385e-11,nan,1.0706241183575834e-09,0,1.3572688035415246e-10,nan,2.0236295056634686e-10,1.3920533375935831e-10,6.5902559063581817e-15,0,0,0,3.2862601528904634e-14,2.3503421431314564e-13,5.3290705182007514e-15,0.015624999999999814,64,9.8656855845733988e-14,1.5099033134902129e-14,1.1102230246251565e-15,7.8333173281208701e-14,2.3503421431314564e-13,3.5527136788005009e-15,1.592064712109277,61.500029763934435,2.2204460492503126e-16,5.3290705182007514e-14,1.2934098236883074e-14
hex,4,3,0.20000000000000001,gll,shear,8,constant,yzz,fe_geometry,8.0964768305711411e-11,nan,1.0706241183575646e-09,0,1.3572688035415259e-10,nan,2.0236295056634699e-10,1.3920533375935846e-10,6.5902559063581817e-15,2.9186244815384045e-25,3.6048080450475642e-15,0,3.2862601528904634e-14,2.3503421431314564e-13,5.3290705182007514e-15,0.015624999999999814,64,9.8656855845733988e-14,1.5099033134902129e-14,1.1102230246251565e-15,7.8333173281208701e-14,2.3503421431314564e-13,3.5527136788005009e-15,1.592064712109277,61.500029763934435,2.2204460492503126e-16,5.3290705182007514e-14,1.2934098236883074e-14
hex,4,3,0.20000000000000001,gll,shear,8,constant,yzz,reused,7.7889245160130456e-11,nan,1.054735084646373e-09,0,1.318620568222146e-10,nan,1.92649224491075e-10,1.3213428317284452e-10,6.5902559063581817e-15,6.2686467705418815e-12,0.077424377315233814,0,3.2862601528904634e-14,2.3503421431314564e-13,5.3290705182007514e-15,0.015624999999999814,64,9.8656855845733988e-14,1.5099033134902129e-14,1.1102230246251565e-15,7.8333173281208701e-14,2.3503421431314564e-13,3.5527136788005009e-15,1.592064712109277,61.500029763934435,2.2204460492503126e-16,5.3290705182007514e-14,1.2934098236883074e-14
hex,4,3,0.20000000000000001,gll,shear,8,constant,yzz,reused_centered,7.7874359300664812e-11,nan,1.0532615902647437e-09,0,1.3182630266427052e-10,nan,1.9252391230644028e-10,1.3202916234624305e-10,6.5902559063581817e-15,6.2942798839846303e-12,0.077740973212179515,0,3.2862601528904634e-14,2.3503421431314564e-13,5.3290705182007514e-15,0.015624999999999814,64,9.8656855845733988e-14,1.5099033134902129e-14,1.1102230246251565e-15,7.8333173281208701e-14,2.3503421431314564e-13,3.5527136788005009e-15,1.592064712109277,61.500029763934435,2.2204460492503126e-16,5.3290705182007514e-14,1.2934098236883074e-14
hex,4,3,0.20000000000000001,gll,shear,8,constant,zzz,recursive,1.0521801603080506e-10,nan,8.305607848809575e-10,0,1.5363551114996699e-10,nan,1.1172735928704014e-10,8.2955019362089218e-11,6.5902559063581817e-15,3.8418707714013398e-11,0.38548616934945273,0,3.2862601528904634e-14,2.3503421431314564e-13,5.3290705182007514e-15,0.015624999999999814,64,9.8656855845733988e-14,1.5099033134902129e-14,1.1102230246251565e-15,7.8333173281208701e-14,2.3503421431314564e-13,3.5527136788005009e-15,1.592064712109277,61.500029763934435,2.2204460492503126e-16,5.3290705182007514e-14,1.2934098236883074e-14
hex,4,3,0.20000000000000001,gll,shear,8,constant,zzz,direct,9.9662999009403855e-11,nan,7.4610676755860817e-10,0,1.4471930139329863e-10,nan,6.8288200305831509e-11,4.5919641626628102e-11,6.5902559063581817e-15,0,0,0,3.2862601528904634e-14,2.3503421431314564e-13,5.3290705182007514e-15,0.015624999999999814,64,9.8656855845733988e-14,1.5099033134902129e-14,1.1102230246251565e-15,7.8333173281208701e-14,2.3503421431314564e-13,3.5527136788005009e-15,1.592064712109277,61.500029763934435,2.2204460492503126e-16,5.3290705182007514e-14,1.2934098236883074e-14
hex,4,3,0.20000000000000001,gll,shear,8,constant,zzz,fe_geometry,9.9662999009403933e-11,nan,7.4610676755858294e-10,0,1.4471930139329871e-10,nan,6.8288200305831587e-11,4.5919641626628238e-11,6.5902559063581817e-15,3.9187681070784515e-25,3.9320190502281493e-15,0,3.2862601528904634e-14,2.3503421431314564e-13,5.3290705182007514e-15,0.015624999999999814,64,9.8656855845733988e-14,1.5099033134902129e-14,1.1102230246251565e-15,7.8333173281208701e-14,2.3503421431314564e-13,3.5527136788005009e-15,1.592064712109277,61.500029763934435,2.2204460492503126e-16,5.3290705182007514e-14,1.2934098236883074e-14
hex,4,3,0.20000000000000001,gll,shear,8,constant,zzz,reused,9.9110085618119228e-11,nan,7.3665225447512924e-10,0,1.4237723409093387e-10,nan,6.491662452790342e-11,4.3714673272095104e-11,6.5902559063581817e-15,4.3412703392055066e-12,0.043559499336317177,0,3.2862601528904634e-14,2.3503421431314564e-13,5.3290705182007514e-15,0.015624999999999814,64,9.8656855845733988e-14,1.5099033134902129e-14,1.1102230246251565e-15,7.8333173281208701e-14,2.3503421431314564e-13,3.5527136788005009e-15,1.592064712109277,61.500029763934435,2.2204460492503126e-16,5.3290705182007514e-14,1.2934098236883074e-14
hex,4,3,0.20000000000000001,gll,shear,8,constant,zzz,reused_centered,9.915029979695436e-11,nan,7.3326795817181763e-10,0,1.4241533290003651e-10,nan,6.4860564015967984e-11,4.373238736091124e-11,6.5902559063581817e-15,4.152237660077921e-12,0.041662780584057382,0,3.2862601528904634e-14,2.3503421431314564e-13,5.3290705182007514e-15,0.015624999999999814,64,9.8656855845733988e-14,1.5099033134902129e-14,1.1102230246251565e-15,7.8333173281208701e-14,2.3503421431314564e-13,3.5527136788005009e-15,1.592064712109277,61.500029763934435,2.2204460492503126e-16,5.3290705182007514e-14,1.2934098236883074e-14
hex,4,3,0.20000000000000001,gll,shear,8,represented_polynomial,x,recursive,2.1804768621461168e-13,1.563700996577259e-13,6.2283511681471282e-12,1.3944333775567714,4.0297646221885279e-13,2.8778403993668867e-13,5.7712470208699259e-13,3.6103617604324167e-13,7.9718074532104266e-15,5.6431183169347422e-14,4.0468898749556422e-14,0,3.2862601528904634e-14,2.3503421431314564e-13,5.3290705182007514e-15,0.015624999999999814,64,9.8656855845733988e-14,1.5099033134902129e-14,1.1102230246251565e-15,7.8333173281208701e-14,2.3503421431314564e-13,3.5527136788005009e-15,1.592064712109277,61.500029763934435,2.2204460492503126e-16,5.3290705182007514e-14,1.2934098236883074e-14
hex,4,3,0.20000000000000001,gll,shear,8,represented_polynomial,x,direct,2.1350893053791001e-13,1.5311518927638224e-13,5.1341153550765739e-12,1.3944333775567714,3.9576804680818908e-13,2.8263617870181571e-13,5.6819192519447421e-13,3.4559125998406819e-13,7.9718074532104266e-15,0,0,0,3.2862601528904634e-14,2.3503421431314564e-13,5.3290705182007514e-15,0.015624999999999814,64,9.8656855845733988e-14,1.5099033134902129e-14,1.1102230246251565e-15,7.8333173281208701e-14,2.3503421431314564e-13,3.5527136788005009e-15,1.592064712109277,61.500029763934435,2.2204460492503126e-16,5.3290705182007514e-14,1.2934098236883074e-14
hex,4,3,0.20000000000000001,gll,shear,8,represented_polynomial,x,fe_geometry,2.1355513820866588e-13,1.531483265144171e-13,5.1305626413977734e-12,1.3944333775567714,3.9586148810835301e-13,2.8270290943519416e-13,5.682269879435786e-13,3.4558730156065419e-13,7.9718074532104266e-15,1.2705233362104625e-15,9.1113950415944163e-16,0,3.2862601528904634e-14,2.3503421431314564e-13,5.3290705182007514e-15,0.015624999999999814,64,9.8656855845733988e-14,1.5099033134902129e-14,1.1102230246251565e-15,7.8333173281208701e-14,2.3503421431314564e-13,3.5527136788005009e-15,1.592064712109277,61.500029763934435,2.2204460492503126e-16,5.3290705182007514e-14,1.2934098236883074e-14
hex,4,3,0.20000000000000001,gll,shear,8,represented_polynomial,x,reused,2.1158306742634522e-13,1.517340812632198e-13,5.2460258359587897e-12,1.3944333775567714,3.9238661982620587e-13,2.8022134605310989e-13,5.6247752781350261e-13,3.4147802863055028e-13,7.9718074532104266e-15,1.8935785990720633e-14,1.3579555893805725e-14,0,3.2862601528904634e-14,2.3503421431314564e-13,5.3290705182007514e-15,0.015624999999999814,64,9.8656855845733988e-14,1.5099033134902129e-14,1.1102230246251565e-15,7.8333173281208701e-14,2.3503421431314564e-13,3.5527136788005009e-15,1.592064712109277,61.500029763934435,2.2204460492503126e-16,5.3290705182007514e-14,1.2934098236883074e-14
hex,4,3,0.20000000000000001,gll,shear,8,represented_polynomial,x,reused_centered,2.1174128586163566e-13,1.5184754558344977e-13,5.2433613006996893e-12,1.3944333775567714,3.9261539565356025e-13,2.803847254015547e-13,5.6252413357402782e-13,3.415615506486759e-13,7.9718074532104266e-15,1.8853129535484628e-14,1.352027987777918e-14,0,3.2862601528904634e-14,2.3503421431314564e-13,5.3290705182007514e-15,0.015624999999999814,64,9.8656855845733988e-14,1.5099033134902129e-14,1.1102230246251565e-15,7.8333173281208701e-14,2.3503421431314564e-13,3.5527136788005009e-15,1.592064712109277,61.500029763934435,2.2204460492503126e-16,5.3290705182007514e-14,1.2934098236883074e-14
hex,4,3,0.20000000000000001,gll,shear,8,represented_polynomial,y,recursive,2.2408781117138045e-13,1.5170957005533745e-13,7.744915819785092e-12,1.4770842148563361,4.1905098588458496e-13,2.8192875293474768e-13,6.0190713899574043e-13,3.6727727984523434e-13,7.9718074532104266e-15,5.764349219526208e-14,3.9025190043662221e-14,0,3.2862601528904634e-14,2.3503421431314564e-13,5.3290705182007514e-15,0.015624999999999814,64,9.8656855845733988e-14,1.5099033134902129e-14,1.1102230246251565e-15,7.8333173281208701e-14,2.3503421431314564e-13,3.5527136788005009e-15,1.592064712109277,61.500029763934435,2.2204460492503126e-16,5.3290705182007514e-14,1.2934098236883074e-14
hex,4,3,0.20000000000000001,gll,shear,8,represented_polynomial,y,direct,2.1907306285067772e-13,1.483145379574618e-13,6.2452265581214306e-12,1.4770842148563361,4.0610564141272129e-13,2.7321939549090563e-13,5.7919429463717295e-13,3.5596051199735633e-13,7.9718074532104266e-15,0,0,0,3.2862601528904634e-14,2.3503421431314564e-13,5.3290705182007514e-15,0.015624999999999814,64,9.8656855845733988e-14,1.5099033134902129e-14,1.1102230246251565e-15,7.8333173281208701e-14,2.3503421431314564e-13,3.5527136788005009e-15,1.592064712109277,61.500029763934435,2.2204460492503126e-16,5.3290705182007514e-14,1.2934098236883074e-14
hex,4,3,0.20000000000000001,gll,shear,8,represented_polynomial,y,fe_geometry,2.1908503439218027e-13,1.4832264280441781e-13,6.2354565955047292e-12,1.4770842148563361,4.0615268141902704e-13,2.7325104302488725e-13,5.7926614698807475e-13,3.5602533022922558e-13,7.9718074532104266e-15,1.5291281361462407e-15,1.0352342275182782e-15,0,3.2862601528904634e-14,2.3503421431314564e-13,5.3290705182007514e-15,0.015624999999999814,64,9.8656855845733988e-14,1.5099033134902129e-14,1.1102230246251565e-15,7.8333173281208701e-14,2.3503421431314564e-13,3.5527136788005009e-15,1.592064712109277,61.500029763934435,2.2204460492503126e-16,5.3290705182007514e-14,1.2934098236883074e-14
hex,4,3,0.20000000000000001,gll,shear,8,represented_polynomial,y,reused,2.1712038841866107e-13,1.4699255887707024e-13,6.3238303482648917e-12,1.4770842148563361,4.0252296879728958e-13,2.708090481664387e-13,5.738356493756277e-13,3.5163203632053062e-13,7.9718074532104266e-15,3.6185112133944099e-14,2.4497663552286724e-14,0,3.2862601528904634e-14,2.3503421431314564e-13,5.3290705182007514e-15,0.015624999999999814,64,9.8656855845733988e-14,1.5099033134902129e-14,1.1102230246251565e-15,7.8333173281208701e-14,2.3503421431314564e-13,3.5527136788005009e-15,1.592064712109277,61.500029763934435,2.2204460492503126e-16,5.3290705182007514e-14,1.2934098236883074e-14
hex,4,3,0.20000000000000001,gll,shear,8,represented_polynomial,y,reused_centered,2.1721693963846018e-13,1.4705792496711982e-13,6.3180571885368408e-12,1.4770842148563361,4.0266040062879187e-13,2.7090150943290532e-13,5.7364629133767251e-13,3.5160763398335931e-13,7.9718074532104266e-15,3.6724267062349624e-14,2.4862676544086898e-14,0,3.2862601528904634e-14,2.3503421431314564e-13,5.3290705182007514e-15,0.015624999999999814,64,9.8656855845733988e-14,1.5099033134902129e-14,1.1102230246251565e-15,7.8333173281208701e-14,2.3503421431314564e-13,3.5527136788005009e-15,1.592064712109277,61.500029763934435,2.2204460492503126e-16,5.3290705182007514e-14,1.2934098236883074e-14
hex,4,3,0.20000000000000001,gll,shear,8,represented_polynomial,z,recursive,3.0002667446605136e-13,2.0588958198292941e-13,8.099299009245442e-12,1.4572212521706269,5.4684768998139413e-13,3.7310659961516025e-13,6.2501140792280132e-13,3.6742242780542157e-13,7.9718074532104266e-15,5.1148226355511456e-14,3.5099835580438434e-14,0,3.2862601528904634e-14,2.3503421431314564e-13,5.3290705182007514e-15,0.015624999999999814,64,9.8656855845733988e-14,1.5099033134902129e-14,1.1102230246251565e-15,7.8333173281208701e-14,2.3503421431314564e-13,3.5527136788005009e-15,1.592064712109277,61.500029763934435,2.2204460492503126e-16,5.3290705182007514e-14,1.2934098236883074e-14
hex,4,3,0.20000000000000001,gll,shear,8,represented_polynomial,z,direct,2.9444925789357193e-13,2.0206214907651833e-13,8.1463724654895486e-12,1.4572212521706269,5.3671050543937596e-13,3.6619013910259514e-13,5.9712128118993622e-13,3.5073922310265748e-13,7.9718074532104266e-15,0,0,0,3.2862601528904634e-14,2.3503421431314564e-13,5.3290705182007514e-15,0.015624999999999814,64,9.8656855845733988e-14,1.5099033134902129e-14,1.1102230246251565e-15,7.8333173281208701e-14,2.3503421431314564e-13,3.5527136788005009e-15,1.592064712109277,61.500029763934435,2.2204460492503126e-16,5.3290705182007514e-14,1.2934098236883074e-14
hex,4,3,0.20000000000000001,gll,shear,8,represented_polynomial,z,fe_geometry,2.9450966390314634e-13,2.0210360195094246e-13,8.1423756626008981e-12,1.4572212521706269,5.368025820462325e-13,3.6625296169527991e-13,5.9730856946944487e-13,3.5084892318475719e-13,7.9718074532104266e-15,1.3970624033626435e-15,9.5871673658449391e-16,0,3.2862601528904634e-14,2.3503421431314564e-13,5.3290705182007514e-15,0.015624999999999814,64,9.8656855845733988e-14,1.5099033134902129e-14,1.1102230246251565e-15,7.8333173281208701e-14,2.3503421431314564e-13,3.5527136788005009e-15,1.592064712109277,61.500029763934435,2.2204460492503126e-16,5.3290705182007514e-14,1.2934098236883074e-14
hex,4,3,0.20000000000000001,gll,shear,8,represented_polynomial,z,reused,2.9295618033264121e-13,2.0103754312961307e-13,8.0158102377936302e-12,1.4572212521706269,5.3096102476983404e-13,3.6226734812904475e-13,5.9519439987408349e-13,3.5010643148096855e-13,7.9718074532104266e-15,2.152942106337661e-14,1.4774298021873029e-14,0,3.2862601528904634e-14,2.3503421431314564e-13,5.3290705182007514e-15,0.015624999999999814,64,9.8656855845733988e-14,1.5099033134902129e-14,1.1102230246251565e-15,7.8333173281208701e-14,2.3503421431314564e-13,3.5527136788005009e-15,1.592064712109277,61.500029763934435,2.2204460492503126e-16,5.3290705182007514e-14,1.2934098236883074e-14
hex,4,3,0.20000000000000001,gll,shear,8,represented_polynomial,z,reused_centered,2.9328016904402664e-13,2.0125987636206001e-13,8.0166984162133303e-12,1.4572212521706269,5.3117183568743745e-13,3.6241118149630544e-13,5.9526699960799589e-13,3.5015273574230491e-13,7.9718074532104266e-15,2.1759016685886676e-14,1.4931855168509521e-14,0,3.2862601528904634e-14,2.3503421431314564e-13,5.3290705182007514e-15,0.015624999999999814,64,9.8656855845733988e-14,1.5099033134902129e-14,1.1102230246251565e-15,7.8333173281208701e-14,2.3503421431314564e-13,3.5527136788005009e-15,1.592064712109277,61.500029763934435,2.2204460492503126e-16,5.3290705182007514e-14,1.2934098236883074e-14
hex,4,3,0.20000000000000001,gll,shear,8,represented_polynomial,xx,recursive,6.2983659651375939e-12,3.1491829825683248e-12,1.2736123267131916e-10,2.0000000000002998,1.017225010622227e-11,5.0861250531111348e-12,1.3551889187634113e-11,8.7904598164901217e-12,7.9718074532104266e-15,2.5049286100137866e-12,1.252464305006692e-12,0,3.2862601528904634e-14,2.3503421431314564e-13,5.3290705182007514e-15,0.015624999999999814,64,9.8656855845733988e-14,1.5099033134902129e-14,1.1102230246251565e-15,7.8333173281208701e-14,2.3503421431314564e-13,3.5527136788005009e-15,1.592064712109277,61.500029763934435,2.2204460492503126e-16,5.3290705182007514e-14,1.2934098236883074e-14
hex,4,3,0.20000000000000001,gll,shear,8,represented_polynomial,xx,direct,5.8406163645269125e-12,2.9203081822630184e-12,9.9774188910828343e-11,2.0000000000002998,9.4350147495571834e-12,4.7175073747785917e-12,1.2974144243715908e-11,8.3043886934744432e-12,7.9718074532104266e-15,0,0,0,3.2862601528904634e-14,2.3503421431314564e-13,5.3290705182007514e-15,0.015624999999999814,64,9.8656855845733988e-14,1.5099033134902129e-14,1.1102230246251565e-15,7.8333173281208701e-14,2.3503421431314564e-13,3.5527136788005009e-15,1.592064712109277,61.500029763934435,2.2204460492503126e-16,5.3290705182007514e-14,1.2934098236883074e-14
hex,4,3,0.20000000000000001,gll,shear,8,represented_polynomial,xx,fe_geometry,5.8409232190712459e-12,2.9204616095351855e-12,9.9759089877693441e-11,2.0000000000002998,9.4354607626480878e-12,4.7177303813240439e-12,1.2974263914127641e-11,8.3043107434492758e-12,7.9718074532104266e-15,1.7330401507902456e-14,8.6652007539498348e-15,0,3.2862601528904634e-14,2.3503421431314564e-13,5.3290705182007514e-15,0.015624999999999814,64,9.8656855845733988e-14,1.5099033134902129e-14,1.1102230246251565e-15,7.8333173281208701e-14,2.3503421431314564e-13,3.5527136788005009e-15,1.592064712109277,61.500029763934435,2.2204460492503126e-16,5.3290705182007514e-14,1.2934098236883074e-14
hex,4,3,0.20000000000000001,gll,shear,8,represented_polynomial,xx,reused,5.8481106958819324e-12,2.924055347940528e-12,9.9963148869619545e-11,2.0000000000002998,9.3964666957560194e-12,4.6982333478780097e-12,1.2958549427385182e-11,8.2908991018968447e-12,7.9718074532104266e-15,3.9800125135059927e-13,1.9900062567526765e-13,0,3.2862601528904634e-14,2.3503421431314564e-13,5.3290705182007514e-15,0.015624999999999814,64,9.8656855845733988e-14,1.5099033134902129e-14,1.1102230246251565e-15,7.8333173281208701e-14,2.3503421431314564e-13,3.5527136788005009e-15,1.592064712109277,61.500029763934435,2.2204460492503126e-16,5.3290705182007514e-14,1.2934098236883074e-14
hex,4,3,0.20000000000000001,gll,shear,8,represented_polynomial,xx,reused_centered,5.8481610917207955e-12,2.9240805458599595e-12,9.9764640992816567e-11,2.0000000000002998,9.3954853932282982e-12,4.6977426966141491e-12,1.2959022161409439e-11,8.2923112590838238e-12,7.9718074532104266e-15,3.9325228449869013e-13,1.9662614224931346e-13,0,3.2862601528904634e-14,2.3503421431314564e-13,5.3290705182007514e-15,0.015624999999999814,64,9.8656855845733988e-14,1.5099033134902129e-14,1.1102230246251565e-15,7.8333173281208701e-14,2.3503421431314564e-13,3.5527136788005009e-15,1.592064712109277,61.500029763934435,2.2204460492503126e-16,5.3290705182007514e-14,1.2934098236883074e-14
hex,4,3,0.20000000000000001,gll,shear,8,represented_polynomial,xy,recursive,7.2098227342272729e-12,1.1594611990984691e-11,3.182093477605008e-10,0.62182527020595602,1.508917235007743e-11,2.4084087645803123e-11,2.1776294395283201e-11,1.2520563245339212e-11,7.9718074532104266e-15,1.283475495724516e-12,2.0640452506849621e-12,0,3.2862601528904634e-14,2.3503421431314564e-13,5.3290705182007514e-15,0.015624999999999814,64,9.8656855845733988e-14,1.5099033134902129e-14,1.1102230246251565e-15,7.8333173281208701e-14,2.3503421431314564e-13,3.5527136788005009e-15,1.592064712109277,61.500029763934435,2.2204460492503126e-16,5.3290705182007514e-14,1.2934098236883074e-14
hex,4,3,0.20000000000000001,gll,shear,8,represented_polynomial,xy,direct,7.1618535546644301e-12,1.1517469452941881e-11,2.9865021566877203e-10,0.62182527020595602,1.4943766470469357e-11,2.3852002819183859e-11,2.1889955816676574e-11,1.2496741553529489e-11,7.9718074532104266e-15,0,0,0,3.2862601528904634e-14,2.3503421431314564e-13,5.3290705182007514e-15,0.015624999999999814,64,9.8656855845733988e-14,1.5099033134902129e-14,1.1102230246251565e-15,7.8333173281208701e-14,2.3503421431314564e-13,3.5527136788005009e-15,1.592064712109277,61.500029763934435,2.2204460492503126e-16,5.3290705182007514e-14,1.2934098236883074e-14
hex,4,3,0.20000000000000001,gll,shear,8,represented_polynomial,xy,fe_geometry,7.1617338923563425e-12,1.151727701575121e-11,2.9875746321295082e-10,0.62182527020595602,1.4943770694772019e-11,2.3852009561666031e-11,2.1892190752793157e-11,1.2499441604361565e-11,7.9718074532104266e-15,1.786656072237612e-14,2.8732445557348016e-14,0,3.2862601528904634e-14,2.3503421431314564e-13,5.3290705182007514e-15,0.015624999999999814,64,9.8656855845733988e-14,1.5099033134902129e-14,1.1102230246251565e-15,7.8333173281208701e-14,2.3503421431314564e-13,3.5527136788005009e-15,1.592064712109277,61.500029763934435,2.2204460492503126e-16,5.3290705182007514e-14,1.2934098236883074e-14
hex,4,3,0.20000000000000001,gll,shear,8,represented_polynomial,xy,reused,7.126920266098656e-12,1.1461290828110176e-11,3.0175839604851262e-10,0.62182527020595602,1.4923487945728446e-11,2.3819635916887514e-11,2.1699585128424879e-11,1.235916989725379e-11,7.9718074532104266e-15,4.2755468347691577e-13,6.8758010322626171e-13,0,3.2862601528904634e-14,2.3503421431314564e-13,5.3290705182007514e-15,0.015624999999999814,64,9.8656855845733988e-14,1.5099033134902129e-14,1.1102230246251565e-15,7.8333173281208701e-14,2.3503421431314564e-13,3.5527136788005009e-15,1.592064712109277,61.500029763934435,2.2204460492503126e-16,5.3290705182007514e-14,1.2934098236883074e-14
hex,4,3,0.20000000000000001,gll,shear,8,represented_polynomial,xy,reused_centered,7.1278630299202282e-12,1.1462806951475926e-11,3.0154212460331564e-10,0.62182527020595602,1.4925055876066876e-11,2.3822138517481973e-11,2.1701416814560395e-11,1.2359703050467942e-11,7.9718074532104266e-15,4.2891505950394085e-13,6.8976781751226119e-13,0,3.2862601528904634e-14,2.3503421431314564e-13,5.3290705182007514e-15,0.015624999999999814,64,9.8656855845733988e-14,1.5099033134902129e-14,1.1102230246251565e-15,7.8333173281208701e-14,2.3503421431314564e-13,3.5527136788005009e-15,1.592064712109277,61.500029763934435,2.2204460492503126e-16,5.3290705182007514e-14,1.2934098236883074e-14
hex,4,3,0.20000000000000001,gll,shear,8,represented_polynomial,xz,recursive,7.84961246992333e-12,1.3051305370014076e-11,3.3983882374855057e-10,0.60144270993445192,1.6413994316708806e-11,2.7106150869467576e-11,2.3736391922365935e-11,1.3006594879452802e-11,7.9718074532104266e-15,1.6496996810588697e-12,2.7429041100830149e-12,0,3.2862601528904634e-14,2.3503421431314564e-13,5.3290705182007514e-15,0.015624999999999814,64,9.8656855845733988e-14,1.5099033134902129e-14,1.1102230246251565e-15,7.8333173281208701e-14,2.3503421431314564e-13,3.5527136788005009e-15,1.592064712109277,61.500029763934435,2.2204460492503126e-16,5.3290705182007514e-14,1.2934098236883074e-14
hex,4,3,0.20000000000000001,gll,shear,8,represented_polynomial,xz,direct,7.7035719529125712e-12,1.2808488365836446e-11,3.1066926808875905e-10,0.60144270993445192,1.6200085744454887e-11,2.6752901202146517e-11,2.3692368559122939e-11,1.2682861123879719e-11,7.9718074532104266e-15,0,0,0,3.2862601528904634e-14,2.3503421431314564e-13,5.3290705182007514e-15,0.015624999999999814,64,9.8656855845733988e-14,1.5099033134902129e-14,1.1102230246251565e-15,7.8333173281208701e-14,2.3503421431314564e-13,3.5527136788005009e-15,1.592064712109277,61.500029763934435,2.2204460492503126e-16,5.3290705182007514e-14,1.2934098236883074e-14
hex,4,3,0.20000000000000001,gll,shear,8,represented_polynomial,xz,fe_geometry,7.7037756694247615e-12,1.2808827078915556e-11,3.1062219463251495e-10,0.60144270993445192,1.6200297638922735e-11,2.6753251125711921e-11,2.369324545528608e-11,1.2683457320930417e-11,7.9718074532104266e-15,1.5880937237178424e-14,2.6404738098674977e-14,0,3.2862601528904634e-14,2.3503421431314564e-13,5.3290705182007514e-15,0.015624999999999814,64,9.8656855845733988e-14,1.5099033134902129e-14,1.1102230246251565e-15,7.8333173281208701e-14,2.3503421431314564e-13,3.5527136788005009e-15,1.592064712109277,61.500029763934435,2.2204460492503126e-16,5.3290705182007514e-14,1.2934098236883074e-14
hex,4,3,0.20000000000000001,gll,shear,8,represented_polynomial,xz,reused,7.7207966368919189e-12,1.2837127309654093e-11,3.0973168474446311e-10,0.60144270993445192,1.6235750478866899e-11,2.6811798119803382e-11,2.3670292026260385e-11,1.2680964398595946e-11,7.9718074532104266e-15,2.3671150207070572e-13,3.935728177609397e-13,0,3.2862601528904634e-14,2.3503421431314564e-13,5.3290705182007514e-15,0.015624999999999814,64,9.8656855845733988e-14,1.5099033134902129e-14,1.1102230246251565e-15,7.8333173281208701e-14,2.3503421431314564e-13,3.5527136788005009e-15,1.592064712109277,61.500029763934435,2.2204460492503126e-16,5.3290705182007514e-14,1.2934098236883074e-14
hex,4,3,0.20000000000000001,gll,shear,8,represented_polynomial,xz,reused_centered,7.7214796305164664e-12,1.2838262901811529e-11,3.0975255693732606e-10,0.60144270993445192,1.6237471872156268e-11,2.6814640837140008e-11,2.3670774212521232e-11,1.2681798035597507e-11,7.9718074532104266e-15,2.3634129607082466e-13,3.9295728781308915e-13,0,3.2862601528904634e-14,2.3503421431314564e-13,5.3290705182007514e-15,0.015624999999999814,64,9.8656855845733988e-14,1.5099033134902129e-14,1.1102230246251565e-15,7.8333173281208701e-14,2.3503421431314564e-13,3.5527136788005009e-15,1.592064712109277,61.500029763934435,2.2204460492503126e-16,5.3290705182007514e-14,1.2934098236883074e-14
hex,4,3,0.20000000000000001,gll,shear,8,represented_polynomial,yy,recursive,6.5140998779015091e-12,2.5587274080996339e-12,2.4131852072173388e-10,2.5458358156016034,1.1015870863896971e-11,4.3235129612913656e-12,1.5175556995623746e-11,9.5725849289694839e-12,7.9718074532104266e-15,1.8718172346077129e-12,7.3524664204058048e-13,0,3.2862601528904634e-14,2.3503421431314564e-13,5.3290705182007514e-15,0.015624999999999814,64,9.8656855845733988e-14,1.5099033134902129e-14,1.1102230246251565e-15,7.8333173281208701e-14,2.3503421431314564e-13,3.5527136788005009e-15,1.592064712109277,61.500029763934435,2.2204460492503126e-16,5.3290705182007514e-14,1.2934098236883074e-14
hex,4,3,0.20000000000000001,gll,shear,8,represented_polynomial,yy,direct,6.2341687259659789e-12,2.4487709253523834e-12,2.0039436776642106e-10,2.5458358156016034,1.0335384762308901e-11,4.0564355312320723e-12,1.4033315249786208e-11,8.9792681328549387e-12,7.9718074532104266e-15,0,0,0,3.2862601528904634e-14,2.3503421431314564e-13,5.3290705182007514e-15,0.015624999999999814,64,9.8656855845733988e-14,1.5099033134902129e-14,1.1102230246251565e-15,7.8333173281208701e-14,2.3503421431314564e-13,3.5527136788005009e-15,1.592064712109277,61.500029763934435,2.2204460492503126e-16,5.3290705182007514e-14,1.2934098236883074e-14
hex,4,3,0.20000000000000001,gll,shear,8,represented_polynomial,yy,fe_geometry,6.2343642889069593e-12,2.4488477421446457e-12,2.0038015691170585e-10,2.5458358156016034,1.0335387472274001e-11,4.0564365948401504e-12,1.4032550290089148e-11,8.9790206058963674e-12,7.9718074532104266e-15,2.1481444972551956e-14,8.4378752317441957e-15,0,3.2862601528904634e-14,2.3503421431314564e-13,5.3290705182007514e-15,0.015624999999999814,64,9.8656855845733988e-14,1.5099033134902129e-14,1.1102230246251565e-15,7.8333173281208701e-14,2.3503421431314564e-13,3.5527136788005009e-15,1.592064712109277,61.500029763934435,2.2204460492503126e-16,5.3290705182007514e-14,1.2934098236883074e-14
hex,4,3,0.20000000000000001,gll,shear,8,represented_polynomial,yy,reused,6.2122117836815982e-12,2.4401462755812468e-12,1.9961809982760315e-10,2.5458358156016034,1.0244255634588683e-11,4.0206691383869258e-12,1.3956720785804083e-11,8.890955178330679e-12,7.9718074532104266e-15,7.7827495477188662e-13,3.0570508514429746e-13,0,3.2862601528904634e-14,2.3503421431314564e-13,5.3290705182007514e-15,0.015624999999999814,64,9.8656855845733988e-14,1.5099033134902129e-14,1.1102230246251565e-15,7.8333173281208701e-14,2.3503421431314564e-13,3.5527136788005009e-15,1.592064712109277,61.500029763934435,2.2204460492503126e-16,5.3290705182007514e-14,1.2934098236883074e-14
hex,4,3,0.20000000000000001,gll,shear,8,represented_polynomial,yy,reused_centered,6.2106145565712615e-12,2.4395188874753254e-12,1.9968471320908066e-10,2.5458358156016034,1.0241392756874053e-11,4.0195455151111337e-12,1.3955698923550619e-11,8.8901942766667279e-12,7.9718074532104266e-15,7.7061244818603955e-13,3.0269526552478817e-13,0,3.2862601528904634e-14,2.3503421431314564e-13,5.3290705182007514e-15,0.015624999999999814,64,9.8656855845733988e-14,1.5099033134902129e-14,1.1102230246251565e-15,7.8333173281208701e-14,2.3503421431314564e-13,3.5527136788005009e-15,1.592064712109277,61.500029763934435,2.2204460492503126e-16,5.3290705182007514e-14,1.2934098236883074e-14
hex,4,3,0.20000000000000001,gll,shear,8,represented_polynomial,yz,recursive,8.2230957434287871e-12,1.2583740308084045e-11,4.0739034368186822e-10,0.65346991769578289,1.7392456705705631e-11,2.6374389048476512e-11,2.4632024104352907e-11,1.3259991254134969e-11,7.9718074532104266e-15,1.7895481138049369e-12,2.738531744680682e-12,0,3.2862601528904634e-14,2.3503421431314564e-13,5.3290705182007514e-15,0.015624999999999814,64,9.8656855845733988e-14,1.5099033134902129e-14,1.1102230246251565e-15,7.8333173281208701e-14,2.3503421431314564e-13,3.5527136788005009e-15,1.592064712109277,61.500029763934435,2.2204460492503126e-16,5.3290705182007514e-14,1.2934098236883074e-14
hex,4,3,0.20000000000000001,gll,shear,8,represented_polynomial,yz,direct,7.9113016468837992e-12,1.2106604195002647e-11,3.3169134106003639e-10,0.65346991769578289,1.6549603417303643e-11,2.509626365680546e-11,2.3752226280812558e-11,1.2753427789383429e-11,7.9718074532104266e-15,0,0,0,3.2862601528904634e-14,2.3503421431314564e-13,5.3290705182007514e-15,0.015624999999999814,64,9.8656855845733988e-14,1.5099033134902129e-14,1.1102230246251565e-15,7.8333173281208701e-14,2.3503421431314564e-13,3.5527136788005009e-15,1.592064712109277,61.500029763934435,2.2204460492503126e-16,5.3290705182007514e-14,1.2934098236883074e-14
hex,4,3,0.20000000000000001,gll,shear,8,represented_polynomial,yz,fe_geometry,7.9116319564989256e-12,1.2107109665271717e-11,3.3143776612121201e-10,0.65346991769578289,1.6549726451392154e-11,2.5096450229005785e-11,2.3753725537250467e-11,1.2755101178224196e-11,7.9718074532104266e-15,2.1301458197211608e-14,3.259745800129467e-14,0,3.2862601528904634e-14,2.3503421431314564e-13,5.3290705182007514e-15,0.015624999999999814,64,9.8656855845733988e-14,1.5099033134902129e-14,1.1102230246251565e-15,7.8333173281208701e-14,2.3503421431314564e-13,3.5527136788005009e-15,1.592064712109277,61.500029763934435,2.2204460492503126e-16,5.3290705182007514e-14,1.2934098236883074e-14
hex,4,3,0.20000000000000001,gll,shear,8,represented_polynomial,yz,reused,7.9094445332575955e-12,1.2103762268272871e-11,3.3501157403748039e-10,0.65346991769578289,1.6561339426574928e-11,2.511406045685705e-11,2.3705770003082875e-11,1.274945571869223e-11,7.9718074532104266e-15,3.9879597932581192e-13,6.102744266052178e-13,0,3.2862601528904634e-14,2.3503421431314564e-13,5.3290705182007514e-15,0.015624999999999814,64,9.8656855845733988e-14,1.5099033134902129e-14,1.1102230246251565e-15,7.8333173281208701e-14,2.3503421431314564e-13,3.5527136788005009e-15,1.592064712109277,61.500029763934435,2.2204460492503126e-16,5.3290705182007514e-14,1.2934098236883074e-14
hex,4,3,0.20000000000000001,gll,shear,8,represented_polynomial,yz,reused_centered,7.9090233171470341e-12,1.2103117684491498e-11,3.347784272023091e-10,0.65346991769578289,1.6560377875494756e-11,2.5112602334942042e-11,2.3699572668876772e-11,1.274738364853124e-11,7.9718074532104266e-15,3.9756004792786183e-13,6.08383090272082e-13,0,3.2862601528904634e-14,2.3503421431314564e-13,5.3290705182007514e-15,0.015624999999999814,64,9.8656855845733988e-14,1.5099033134902129e-14,1.1102230246251565e-15,7.8333173281208701e-14,2.3503421431314564e-13,3.5527136788005009e-15,1.592064712109277,61.500029763934435,2.2204460492503126e-16,5.3290705182007514e-14,1.2934098236883074e-14
hex,4,3,0.20000000000000001,gll,shear,8,represented_polynomial,zz,recursive,8.755141670771052e-12,3.6258504867299759e-12,2.4069635173873394e-10,2.414644978554259,1.3915670280077278e-11,5.7587383296085536e-12,1.8125620542646907e-11,1.1617807784621949e-11,7.9718074532104266e-15,1.8377572671672641e-12,7.6108797918106527e-13,0,3.2862601528904634e-14,2.3503421431314564e-13,5.3290705182007514e-15,0.015624999999999814,64,9.8656855845733988e-14,1.5099033134902129e-14,1.1102230246251565e-15,7.8333173281208701e-14,2.3503421431314564e-13,3.5527136788005009e-15,1.592064712109277,61.500029763934435,2.2204460492503126e-16,5.3290705182007514e-14,1.2934098236883074e-14
hex,4,3,0.20000000000000001,gll,shear,8,represented_polynomial,zz,direct,8.4616976789011074e-12,3.5043237221429766e-12,2.4181945335044475e-10,2.414644978554259,1.3391242400689539e-11,5.5417137185505285e-12,1.7152184359937602e-11,1.1018239729899501e-11,7.9718074532104266e-15,0,0,0,3.2862601528904634e-14,2.3503421431314564e-13,5.3290705182007514e-15,0.015624999999999814,64,9.8656855845733988e-14,1.5099033134902129e-14,1.1102230246251565e-15,7.8333173281208701e-14,2.3503421431314564e-13,3.5527136788005009e-15,1.592064712109277,61.500029763934435,2.2204460492503126e-16,5.3290705182007514e-14,1.2934098236883074e-14
hex,4,3,0.20000000000000001,gll,shear,8,represented_polynomial,zz,fe_geometry,8.4620142254281139e-12,3.5044548165812139e-12,2.4179058755180449e-10,2.414644978554259,1.3391703925021908e-11,5.5419047117121484e-12,1.7151175676967489e-11,1.1017582019887404e-11,7.9718074532104266e-15,1.8741463763386349e-14,7.7615814870684153e-15,0,3.2862601528904634e-14,2.3503421431314564e-13,5.3290705182007514e-15,0.015624999999999814,64,9.8656855845733988e-14,1.5099033134902129e-14,1.1102230246251565e-15,7.8333173281208701e-14,2.3503421431314564e-13,3.5527136788005009e-15,1.592064712109277,61.500029763934435,2.2204460492503126e-16,5.3290705182007514e-14,1.2934098236883074e-14
hex,4,3,0.20000000000000001,gll,shear,8,represented_polynomial,zz,reused,8.507438992391998e-12,3.523267009415906e-12,2.3950352812107667e-10,2.414644978554259,1.3356246852114764e-11,5.5272314691951547e-12,1.725180842046067e-11,1.1111238469294222e-11,7.9718074532104266e-15,3.8007459783986846e-13,1.5740392530395776e-13,0,3.2862601528904634e-14,2.3503421431314564e-13,5.3290705182007514e-15,0.015624999999999814,64,9.8656855845733988e-14,1.5099033134902129e-14,1.1102230246251565e-15,7.8333173281208701e-14,2.3503421431314564e-13,3.5527136788005009e-15,1.592064712109277,61.500029763934435,2.2204460492503126e-16,5.3290705182007514e-14,1.2934098236883074e-14
hex,4,3,0.20000000000000001,gll,shear,8,represented_polynomial,zz,reused_centered,8.5116842224437118e-12,3.5250251271058431e-12,2.3987523078972117e-10,2.414644978554259,1.3360415914928249e-11,5.5289567574018557e-12,1.7248254148258895e-11,1.1107756547108508e-11,7.9718074532104266e-15,3.7689717298118289e-13,1.5608802798285819e-13,0,3.2862601528904634e-14,2.3503421431314564e-13,5.3290705182007514e-15,0.015624999999999814,64,9.8656855845733988e-14,1.5099033134902129e-14,1.1102230246251565e-15,7.8333173281208701e-14,2.3503421431314564e-13,3.5527136788005009e-15,1.592064712109277,61.500029763934435,2.2204460492503126e-16,5.3290705182007514e-14,1.2934098236883074e-14
hex,4,3,0.20000000000000001,gll,shear,8,represented_polynomial,xxx,recursive,1.0287005917275244e-10,nan,1.3421698251938563e-09,0,1.4358503904186835e-10,nan,2.2315674916768335e-10,1.5643162422978969e-10,7.9718074532104266e-15,6.5102637105955804e-11,0.82102991469857667,0,3.2862601528904634e-14,2.3503421431314564e-13,5.3290705182007514e-15,0.015624999999999814,64,9.8656855845733988e-14,1.5099033134902129e-14,1.1102230246251565e-15,7.8333173281208701e-14,2.3503421431314564e-13,3.5527136788005009e-15,1.592064712109277,61.500029763934435,2.2204460492503126e-16,5.3290705182007514e-14,1.2934098236883074e-14
hex,4,3,0.20000000000000001,gll,shear,8,represented_polynomial,xxx,direct,7.9293867300629147e-11,nan,7.9318924731930853e-10,0,1.1100102331861976e-10,nan,1.5341484672365786e-10,1.0343301576823842e-10,7.9718074532104266e-15,0,0,0,3.2862601528904634e-14,2.3503421431314564e-13,5.3290705182007514e-15,0.015624999999999814,64,9.8656855845733988e-14,1.5099033134902129e-14,1.1102230246251565e-15,7.8333173281208701e-14,2.3503421431314564e-13,3.5527136788005009e-15,1.592064712109277,61.500029763934435,2.2204460492503126e-16,5.3290705182007514e-14,1.2934098236883074e-14
hex,4,3,0.20000000000000001,gll,shear,8,represented_polynomial,xxx,fe_geometry,7.9293484718977194e-11,nan,7.9307714064886766e-10,0,1.109982176055646e-10,nan,1.5341460604973354e-10,1.0343385589385352e-10,7.9718074532104266e-15,5.2505695408288076e-14,0.00066216590507840549,0,3.2862601528904634e-14,2.3503421431314564e-13,5.3290705182007514e-15,0.015624999999999814,64,9.8656855845733988e-14,1.5099033134902129e-14,1.1102230246251565e-15,7.8333173281208701e-14,2.3503421431314564e-13,3.5527136788005009e-15,1.592064712109277,61.500029763934435,2.2204460492503126e-16,5.3290705182007514e-14,1.2934098236883074e-14
hex,4,3,0.20000000000000001,gll,shear,8,represented_polynomial,xxx,reused,7.9631458270558114e-11,nan,8.0034385396974154e-10,0,1.1047048577422107e-10,nan,1.5243937767796081e-10,1.0295291631689638e-10,7.9718074532104266e-15,5.1105547590577256e-12,0.064450819880961671,0,3.2862601528904634e-14,2.3503421431314564e-13,5.3290705182007514e-15,0.015624999999999814,64,9.8656855845733988e-14,1.5099033134902129e-14,1.1102230246251565e-15,7.8333173281208701e-14,2.3503421431314564e-13,3.5527136788005009e-15,1.592064712109277,61.500029763934435,2.2204460492503126e-16,5.3290705182007514e-14,1.2934098236883074e-14
hex,4,3,0.20000000000000001,gll,shear,8,represented_polynomial,xxx,reused_centered,7.9618379537381497e-11,nan,7.9490598622502791e-10,0,1.1045487266943878e-10,nan,1.5243488732975069e-10,1.0288275305188032e-10,7.9718074532104266e-15,4.7828030671776982e-12,0.060317439797008737,0,3.2862601528904634e-14,2.3503421431314564e-13,5.3290705182007514e-15,0.015624999999999814,64,9.8656855845733988e-14,1.5099033134902129e-14,1.1102230246251565e-15,7.8333173281208701e-14,2.3503421431314564e-13,3.5527136788005009e-15,1.592064712109277,61.500029763934435,2.2204460492503126e-16,5.3290705182007514e-14,1.2934098236883074e-14
hex,4,3,0.20000000000000001,gll,shear,8,represented_polynomial,xxy,recursive,2.0305005046373338e-10,nan,5.829775264234336e-09,0,3.8542507937157066e-10,nan,5.5006170231666322e-10,3.234659452313984e-10,7.9718074532104266e-15,5.1209096464498619e-11,0.25927836253431996,0,3.2862601528904634e-14,2.3503421431314564e-13,5.3290705182007514e-15,0.015624999999999814,64,9.8656855845733988e-14,1.5099033134902129e-14,1.1102230246251565e-15,7.8333173281208701e-14,2.3503421431314564e-13,3.5527136788005009e-15,1.592064712109277,61.500029763934435,2.2204460492503126e-16,5.3290705182007514e-14,1.2934098236883074e-14
hex,4,3,0.20000000000000001,gll,shear,8,represented_polynomial,xxy,direct,1.9750624758639556e-10,nan,5.3574318218107145e-09,0,3.745688331900167e-10,nan,5.4376019099921031e-10,3.1906462848324537e-10,7.9718074532104266e-15,0,0,0,3.2862601528904634e-14,2.3503421431314564e-13,5.3290705182007514e-15,0.015624999999999814,64,9.8656855845733988e-14,1.5099033134902129e-14,1.1102230246251565e-15,7.8333173281208701e-14,2.3503421431314564e-13,3.5527136788005009e-15,1.592064712109277,61.500029763934435,2.2204460492503126e-16,5.3290705182007514e-14,1.2934098236883074e-14
hex,4,3,0.20000000000000001,gll,shear,8,represented_polynomial,xxy,fe_geometry,1.9750528312946353e-10,nan,5.3584541860426258e-09,0,3.7456901766999725e-10,nan,5.4377349234026385e-10,3.1908290345150731e-10,7.9718074532104266e-15,2.3724157916034332e-13,0.0012011851881119167,0,3.2862601528904634e-14,2.3503421431314564e-13,5.3290705182007514e-15,0.015624999999999814,64,9.8656855845733988e-14,1.5099033134902129e-14,1.1102230246251565e-15,7.8333173281208701e-14,2.3503421431314564e-13,3.5527136788005009e-15,1.592064712109277,61.500029763934435,2.2204460492503126e-16,5.3290705182007514e-14,1.2934098236883074e-14
hex,4,3,0.20000000000000001,gll,shear,8,represented_polynomial,xxy,reused,1.9780499568468058e-10,nan,5.4109337046713966e-09,0,3.7518928967046067e-10,nan,5.4391963409316877e-10,3.1895890703109007e-10,7.9718074532104266e-15,8.2411297615440469e-12,0.041725919368394225,0,3.2862601528904634e-14,2.3503421431314564e-13,5.3290705182007514e-15,0.015624999999999814,64,9.8656855845733988e-14,1.5099033134902129e-14,1.1102230246251565e-15,7.8333173281208701e-14,2.3503421431314564e-13,3.5527136788005009e-15,1.592064712109277,61.500029763934435,2.2204460492503126e-16,5.3290705182007514e-14,1.2934098236883074e-14
hex,4,3,0.20000000000000001,gll,shear,8,represented_polynomial,xxy,reused_centered,1.9782172932632568e-10,nan,5.4064358257871609e-09,0,3.7521811281869329e-10,nan,5.4397681781815936e-10,3.1898797817983637e-10,7.9718074532104266e-15,8.2875498834236597e-12,0.041960950525367156,0,3.2862601528904634e-14,2.3503421431314564e-13,5.3290705182007514e-15,0.015624999999999814,64,9.8656855845733988e-14,1.5099033134902129e-14,1.1102230246251565e-15,7.8333173281208701e-14,2.3503421431314564e-13,3.5527136788005009e-15,1.592064712109277,61.500029763934435,2.2204460492503126e-16,5.3290705182007514e-14,1.2934098236883074e-14
hex,4,3,0.20000000000000001,gll,shear,8,represented_polynomial,xxz,recursive,2.2878048047213319e-10,nan,6.2114963316598834e-09,0,4.3635324154472749e-10,nan,5.8699766307646788e-10,3.322747708132349e-10,7.9718074532104266e-15,8.1306185813663489e-11,0.37644009984764243,0,3.2862601528904634e-14,2.3503421431314564e-13,5.3290705182007514e-15,0.015624999999999814,64,9.8656855845733988e-14,1.5099033134902129e-14,1.1102230246251565e-15,7.8333173281208701e-14,2.3503421431314564e-13,3.5527136788005009e-15,1.592064712109277,61.500029763934435,2.2204460492503126e-16,5.3290705182007514e-14,1.2934098236883074e-14
hex,4,3,0.20000000000000001,gll,shear,8,represented_polynomial,xxz,direct,2.1598704773102219e-10,nan,5.2951751740903532e-09,0,4.092781566181878e-10,nan,5.8011118724814133e-10,3.2586486510155411e-10,7.9718074532104266e-15,0,0,0,3.2862601528904634e-14,2.3503421431314564e-13,5.3290705182007514e-15,0.015624999999999814,64,9.8656855845733988e-14,1.5099033134902129e-14,1.1102230246251565e-15,7.8333173281208701e-14,2.3503421431314564e-13,3.5527136788005009e-15,1.592064712109277,61.500029763934435,2.2204460492503126e-16,5.3290705182007514e-14,1.2934098236883074e-14
hex,4,3,0.20000000000000001,gll,shear,8,represented_polynomial,xxz,fe_geometry,2.1598731074206055e-10,nan,5.2952337050211233e-09,0,4.0927787899916484e-10,nan,5.8011730178912603e-10,3.2586930436982733e-10,7.9718074532104266e-15,2.17366701382032e-13,0.0010063876684528229,0,3.2862601528904634e-14,2.3503421431314564e-13,5.3290705182007514e-15,0.015624999999999814,64,9.8656855845733988e-14,1.5099033134902129e-14,1.1102230246251565e-15,7.8333173281208701e-14,2.3503421431314564e-13,3.5527136788005009e-15,1.592064712109277,61.500029763934435,2.2204460492503126e-16,5.3290705182007514e-14,1.2934098236883074e-14
hex,4,3,0.20000000000000001,gll,shear,8,represented_polynomial,xxz,reused,2.1681655712587042e-10,nan,5.2811306249635455e-09,0,4.1065524625499995e-10,nan,5.8098388707605907e-10,3.2663097952583015e-10,7.9718074532104266e-15,6.3603020911151855e-12,0.029447608816969149,0,3.2862601528904634e-14,2.3503421431314564e-13,5.3290705182007514e-15,0.015624999999999814,64,9.8656855845733988e-14,1.5099033134902129e-14,1.1102230246251565e-15,7.8333173281208701e-14,2.3503421431314564e-13,3.5527136788005009e-15,1.592064712109277,61.500029763934435,2.2204460492503126e-16,5.3290705182007514e-14,1.2934098236883074e-14
hex,4,3,0.20000000000000001,gll,shear,8,represented_polynomial,xxz,reused_centered,2.1683051341695276e-10,nan,5.2826495675703428e-09,0,4.1069214181332288e-10,nan,5.8100481704748254e-10,3.2668764694317608e-10,7.9718074532104266e-15,6.37145319690657e-12,0.029499237402611341,0,3.2862601528904634e-14,2.3503421431314564e-13,5.3290705182007514e-15,0.015624999999999814,64,9.8656855845733988e-14,1.5099033134902129e-14,1.1102230246251565e-15,7.8333173281208701e-14,2.3503421431314564e-13,3.5527136788005009e-15,1.592064712109277,61.500029763934435,2.2204460492503126e-16,5.3290705182007514e-14,1.2934098236883074e-14
hex,4,3,0.20000000000000001,gll,shear,8,represented_polynomial,xyy,recursive,2.0385322086834019e-10,2.5481652608542881e-10,6.57238474754962e-09,0.79999999999998872,3.8716008046277388e-10,4.8395010057848762e-10,5.4336141097392633e-10,3.183861076632472e-10,7.9718074532104266e-15,3.1017962872029065e-11,3.8772453590147581e-11,0,3.2862601528904634e-14,2.3503421431314564e-13,5.3290705182007514e-15,0.015624999999999814,64,9.8656855845733988e-14,1.5099033134902129e-14,1.1102230246251565e-15,7.8333173281208701e-14,2.3503421431314564e-13,3.5527136788005009e-15,1.592064712109277,61.500029763934435,2.2204460492503126e-16,5.3290705182007514e-14,1.2934098236883074e-14
hex,4,3,0.20000000000000001,gll,shear,8,represented_polynomial,xyy,direct,2.0353530214975812e-10,2.5441912768720124e-10,6.2112212040332793e-09,0.79999999999998872,3.8592012016488275e-10,4.8240015020612354e-10,5.4411586437299478e-10,3.1731716984481596e-10,7.9718074532104266e-15,0,0,0,3.2862601528904634e-14,2.3503421431314564e-13,5.3290705182007514e-15,0.015624999999999814,64,9.8656855845733988e-14,1.5099033134902129e-14,1.1102230246251565e-15,7.8333173281208701e-14,2.3503421431314564e-13,3.5527136788005009e-15,1.592064712109277,61.500029763934435,2.2204460492503126e-16,5.3290705182007514e-14,1.2934098236883074e-14
hex,4,3,0.20000000000000001,gll,shear,8,represented_polynomial,xyy,fe_geometry,2.0353143536520081e-10,2.5441429420650457e-10,6.2121413568760886e-09,0.79999999999998872,3.8591651061620821e-10,4.8239563827028037e-10,5.4412444297818481e-10,3.1733870199676929e-10,7.9718074532104266e-15,2.4888880831643554e-13,3.1111101039643709e-13,0,3.2862601528904634e-14,2.3503421431314564e-13,5.3290705182007514e-15,0.015624999999999814,64,9.8656855845733988e-14,1.5099033134902129e-14,1.1102230246251565e-15,7.8333173281208701e-14,2.3503421431314564e-13,3.5527136788005009e-15,1.592064712109277,61.500029763934435,2.2204460492503126e-16,5.3290705182007514e-14,1.2934098236883074e-14
hex,4,3,0.20000000000000001,gll,shear,8,represented_polynomial,xyy,reused,2.0369067226971529e-10,2.546133403371477e-10,6.2678707779539877e-09,0.79999999999998872,3.8655996821378802e-10,4.831999602672552e-10,5.4261826703428358e-10,3.1598049967192325e-10,7.9718074532104266e-15,9.7527714612440493e-12,1.2190964326590042e-11,0,3.2862601528904634e-14,2.3503421431314564e-13,5.3290705182007514e-15,0.015624999999999814,64,9.8656855845733988e-14,1.5099033134902129e-14,1.1102230246251565e-15,7.8333173281208701e-14,2.3503421431314564e-13,3.5527136788005009e-15,1.592064712109277,61.500029763934435,2.2204460492503126e-16,5.3290705182007514e-14,1.2934098236883074e-14
hex,4,3,0.20000000000000001,gll,shear,8,represented_polynomial,xyy,reused_centered,2.0372205159147883e-10,2.5465256448935214e-10,6.2616273277527057e-09,0.79999999999998872,3.8659978749342218e-10,4.8324973436679791e-10,5.4266195679871116e-10,3.1602137097164198e-10,7.9718074532104266e-15,9.771464015375844e-12,1.2214330019254851e-11,0,3.2862601528904634e-14,2.3503421431314564e-13,5.3290705182007514e-15,0.015624999999999814,64,9.8656855845733988e-14,1.5099033134902129e-14,1.1102230246251565e-15,7.8333173281208701e-14,2.3503421431314564e-13,3.5527136788005009e-15,1.592064712109277,61.500029763934435,2.2204460492503126e-16,5.3290705182007514e-14,1.2934098236883074e-14
hex,4,3,0.20000000000000001,gll,shear,8,represented_polynomial,xyz,recursive,2.5721147184145497e-10,2.5659637776408441e-10,1.6003632419270275e-08,1.002397126891386,6.0247198690293349e-10,6.0097019634332413e-10,8.5754133653668669e-10,4.4277436849427123e-10,7.9718074532104266e-15,2.3418939030853694e-11,2.3362935110838042e-11,0,3.2862601528904634e-14,2.3503421431314564e-13,5.3290705182007514e-15,0.015624999999999814,64,9.8656855845733988e-14,1.5099033134902129e-14,1.1102230246251565e-15,7.8333173281208701e-14,2.3503421431314564e-13,3.5527136788005009e-15,1.592064712109277,61.500029763934435,2.2204460492503126e-16,5.3290705182007514e-14,1.2934098236883074e-14
hex,4,3,0.20000000000000001,gll,shear,8,represented_polynomial,xyz,direct,2.5380934129908868e-10,2.5320238305769807e-10,1.5732677605129197e-08,1.002397126891386,5.95039688702098e-10,5.9355642473877343e-10,8.5335737616268406e-10,4.3703764437759656e-10,7.9718074532104266e-15,0,0,0,3.2862601528904634e-14,2.3503421431314564e-13,5.3290705182007514e-15,0.015624999999999814,64,9.8656855845733988e-14,1.5099033134902129e-14,1.1102230246251565e-15,7.8333173281208701e-14,2.3503421431314564e-13,3.5527136788005009e-15,1.592064712109277,61.500029763934435,2.2204460492503126e-16,5.3290705182007514e-14,1.2934098236883074e-14
hex,4,3,0.20000000000000001,gll,shear,8,represented_polynomial,xyz,fe_geometry,2.5381197499932237e-10,2.5320501045971565e-10,1.5733198965861561e-08,1.002397126891386,5.9504490100811164e-10,5.9356162405199711e-10,8.5335860321865914e-10,4.3703449621076965e-10,7.9718074532104266e-15,2.612130284580045e-13,2.6058836508049051e-13,0,3.2862601528904634e-14,2.3503421431314564e-13,5.3290705182007514e-15,0.015624999999999814,64,9.8656855845733988e-14,1.5099033134902129e-14,1.1102230246251565e-15,7.8333173281208701e-14,2.3503421431314564e-13,3.5527136788005009e-15,1.592064712109277,61.500029763934435,2.2204460492503126e-16,5.3290705182007514e-14,1.2934098236883074e-14
hex,4,3,0.20000000000000001,gll,shear,8,represented_polynomial,xyz,reused,2.5486800699816538e-10,2.5425851706953404e-10,1.5750194704011733e-08,1.002397126891386,5.9768583421945137e-10,5.9619597417125698e-10,8.5297813898891984e-10,4.3690240908098129e-10,7.9718074532104266e-15,4.9023926214822226e-12,4.8906690671445522e-12,0,3.2862601528904634e-14,2.3503421431314564e-13,5.3290705182007514e-15,0.015624999999999814,64,9.8656855845733988e-14,1.5099033134902129e-14,1.1102230246251565e-15,7.8333173281208701e-14,2.3503421431314564e-13,3.5527136788005009e-15,1.592064712109277,61.500029763934435,2.2204460492503126e-16,5.3290705182007514e-14,1.2934098236883074e-14
hex,4,3,0.20000000000000001,gll,shear,8,represented_polynomial,xyz,reused_centered,2.5491788629415428e-10,2.543082770844531e-10,1.5746227211010932e-08,1.002397126891386,5.9780050446893807e-10,5.9631035858056865e-10,8.531232672022924e-10,4.36944342878556e-10,7.9718074532104266e-15,4.896429959003955e-12,4.884720663744037e-12,0,3.2862601528904634e-14,2.3503421431314564e-13,5.3290705182007514e-15,0.015624999999999814,64,9.8656855845733988e-14,1.5099033134902129e-14,1.1102230246251565e-15,7.8333173281208701e-14,2.3503421431314564e-13,3.5527136788005009e-15,1.592064712109277,61.500029763934435,2.2204460492503126e-16,5.3290705182007514e-14,1.2934098236883074e-14
hex,4,3,0.20000000000000001,gll,shear,8,represented_polynomial,xzz,recursive,2.2742114961470452e-10,7.3147025807299589e-10,8.0485753062298215e-09,0.31090963317336873,4.3228058276025619e-10,1.3681591999799147e-09,6.2493125864344867e-10,3.5594712739748618e-10,7.9718074532104266e-15,4.5847951424430465e-11,1.4746391405148421e-10,0,3.2862601528904634e-14,2.3503421431314564e-13,5.3290705182007514e-15,0.015624999999999814,64,9.8656855845733988e-14,1.5099033134902129e-14,1.1102230246251565e-15,7.8333173281208701e-14,2.3503421431314564e-13,3.5527136788005009e-15,1.592064712109277,61.500029763934435,2.2204460492503126e-16,5.3290705182007514e-14,1.2934098236883074e-14
hex,4,3,0.20000000000000001,gll,shear,8,represented_polynomial,xzz,direct,2.2401613372339013e-10,7.2051847167589927e-10,7.1992904970841209e-09,0.31090963317336873,4.2886691709422299e-10,1.3573550179904845e-09,6.1657569092821792e-10,3.3848418581042512e-10,7.9718074532104266e-15,0,0,0,3.2862601528904634e-14,2.3503421431314564e-13,5.3290705182007514e-15,0.015624999999999814,64,9.8656855845733988e-14,1.5099033134902129e-14,1.1102230246251565e-15,7.8333173281208701e-14,2.3503421431314564e-13,3.5527136788005009e-15,1.592064712109277,61.500029763934435,2.2204460492503126e-16,5.3290705182007514e-14,1.2934098236883074e-14
hex,4,3,0.20000000000000001,gll,shear,8,represented_polynomial,xzz,fe_geometry,2.2401699855615561e-10,7.2052125329690162e-10,7.1986826499781387e-09,0.31090963317336873,4.2886744252588131e-10,1.3573566809709327e-09,6.1657530912400441e-10,3.3849032410545037e-10,7.9718074532104266e-15,2.1374162501356907e-13,6.8747186386675194e-13,0,3.2862601528904634e-14,2.3503421431314564e-13,5.3290705182007514e-15,0.015624999999999814,64,9.8656855845733988e-14,1.5099033134902129e-14,1.1102230246251565e-15,7.8333173281208701e-14,2.3503421431314564e-13,3.5527136788005009e-15,1.592064712109277,61.500029763934435,2.2204460492503126e-16,5.3290705182007514e-14,1.2934098236883074e-14
hex,4,3,0.20000000000000001,gll,shear,8,represented_polynomial,xzz,reused,2.2476631534416027e-10,7.2293133232969519e-10,7.1807040868954175e-09,0.31090963317336873,4.3022210405571652e-10,1.3616441569965002e-09,6.173999960031809e-10,3.3937741611384893e-10,7.9718074532104266e-15,5.8672447916882492e-12,1.88712222640225e-11,0,3.2862601528904634e-14,2.3503421431314564e-13,5.3290705182007514e-15,0.015624999999999814,64,9.8656855845733988e-14,1.5099033134902129e-14,1.1102230246251565e-15,7.8333173281208701e-14,2.3503421431314564e-13,3.5527136788005009e-15,1.592064712109277,61.500029763934435,2.2204460492503126e-16,5.3290705182007514e-14,1.2934098236883074e-14
hex,4,3,0.20000000000000001,gll,shear,8,represented_polynomial,xzz,reused_centered,2.2480439056869081e-10,7.230537962885694e-10,7.1816420033066208e-09,0.31090963317336873,4.3029436853246966e-10,1.3618728725868934e-09,6.1745722854994652e-10,3.394180378855981e-10,7.9718074532104266e-15,5.8630184673666227e-12,1.8857628846930675e-11,0,3.2862601528904634e-14,2.3503421431314564e-13,5.3290705182007514e-15,0.015624999999999814,64,9.8656855845733988e-14,1.5099033134902129e-14,1.1102230246251565e-15,7.8333173281208701e-14,2.3503421431314564e-13,3.5527136788005009e-15,1.592064712109277,61.500029763934435,2.2204460492503126e-16,5.3290705182007514e-14,1.2934098236883074e-14
hex,4,3,0.20000000000000001,gll,shear,8,represented_polynomial,yyy,recursive,1.1873185207550013e-10,1.5911738361831573e-10,4.8562802668072891e-09,0.74619032424709331,2.0268976862279077e-10,2.6959718969133293e-10,2.7217858092830268e-10,1.6832264593945923e-10,7.9718074532104266e-15,4.7387640078745971e-11,6.3506103655047883e-11,0,3.2862601528904634e-14,2.3503421431314564e-13,5.3290705182007514e-15,0.015624999999999814,64,9.8656855845733988e-14,1.5099033134902129e-14,1.1102230246251565e-15,7.8333173281208701e-14,2.3503421431314564e-13,3.5527136788005009e-15,1.592064712109277,61.500029763934435,2.2204460492503126e-16,5.3290705182007514e-14,1.2934098236883074e-14
hex,4,3,0.20000000000000001,gll,shear,8,represented_polynomial,yyy,direct,1.0865189584801187e-10,1.4560882434068245e-10,4.0163399273041023e-09,0.74619032424709331,1.8057816766494086e-10,2.4018660069951033e-10,2.3696919347699732e-10,1.4563544807618032e-10,7.9718074532104266e-15,0,0,0,3.2862601528904634e-14,2.3503421431314564e-13,5.3290705182007514e-15,0.015624999999999814,64,9.8656855845733988e-14,1.5099033134902129e-14,1.1102230246251565e-15,7.8333173281208701e-14,2.3503421431314564e-13,3.5527136788005009e-15,1.592064712109277,61.500029763934435,2.2204460492503126e-16,5.3290705182007514e-14,1.2934098236883074e-14
hex,4,3,0.20000000000000001,gll,shear,8,represented_polynomial,yyy,fe_geometry,1.0865493279284388e-10,1.4561289427395995e-10,4.0176000304370518e-09,0.74619032424709331,1.8057335028670218e-10,2.4018019311592264e-10,2.3695724997482107e-10,1.4562967156337066e-10,7.9718074532104266e-15,1.1751879693640231e-13,1.5749171909083991e-13,0,3.2862601528904634e-14,2.3503421431314564e-13,5.3290705182007514e-15,0.015624999999999814,64,9.8656855845733988e-14,1.5099033134902129e-14,1.1102230246251565e-15,7.8333173281208701e-14,2.3503421431314564e-13,3.5527136788005009e-15,1.592064712109277,61.500029763934435,2.2204460492503126e-16,5.3290705182007514e-14,1.2934098236883074e-14
hex,4,3,0.20000000000000001,gll,shear,8,represented_polynomial,yyy,reused,1.0867620853734145e-10,1.4564140676441477e-10,3.9959504594122564e-09,0.74619032424709331,1.8008373237651568e-10,2.3952895347267019e-10,2.3637933923117209e-10,1.4528784536899719e-10,7.9718074532104266e-15,1.0819653050260327e-11,1.4499857072006159e-11,0,3.2862601528904634e-14,2.3503421431314564e-13,5.3290705182007514e-15,0.015624999999999814,64,9.8656855845733988e-14,1.5099033134902129e-14,1.1102230246251565e-15,7.8333173281208701e-14,2.3503421431314564e-13,3.5527136788005009e-15,1.592064712109277,61.500029763934435,2.2204460492503126e-16,5.3290705182007514e-14,1.2934098236883074e-14
hex,4,3,0.20000000000000001,gll,shear,8,represented_polynomial,yyy,reused_centered,1.086265406165291e-10,1.4557484476381196e-10,3.9975780463663568e-09,0.74619032424709331,1.8001442402476582e-10,2.3943676659525221e-10,2.3634895341549393e-10,1.4520471970444877e-10,7.9718074532104266e-15,1.0546519798235772e-11,1.4133820093041017e-11,0,3.2862601528904634e-14,2.3503421431314564e-13,5.3290705182007514e-15,0.015624999999999814,64,9.8656855845733988e-14,1.5099033134902129e-14,1.1102230246251565e-15,7.8333173281208701e-14,2.3503421431314564e-13,3.5527136788005009e-15,1.592064712109277,61.500029763934435,2.2204460492503126e-16,5.3290705182007514e-14,1.2934098236883074e-14
hex,4,3,0.20000000000000001,gll,shear,8,represented_polynomial,yyz,recursive,2.4281648805424928e-10,5.7732340862580125e-10,1.2381329184130152e-08,0.42059006169908064,4.7603921895714247e-10,1.1127837991717357e-09,6.2212064876940125e-10,3.4777172320103578e-10,7.9718074532104266e-15,6.5290805137447181e-11,1.5523620523204236e-10,0,3.2862601528904634e-14,2.3503421431314564e-13,5.3290705182007514e-15,0.015624999999999814,64,9.8656855845733988e-14,1.5099033134902129e-14,1.1102230246251565e-15,7.8333173281208701e-14,2.3503421431314564e-13,3.5527136788005009e-15,1.592064712109277,61.500029763934435,2.2204460492503126e-16,5.3290705182007514e-14,1.2934098236883074e-14
hex,4,3,0.20000000000000001,gll,shear,8,represented_polynomial,yyz,direct,2.2722027475561321e-10,5.4024166390831739e-10,1.0019571949904105e-08,0.42059006169908064,4.3732570273543661e-10,1.0222875292323362e-09,5.9706721045273794e-10,3.3351350655479786e-10,7.9718074532104266e-15,0,0,0,3.2862601528904634e-14,2.3503421431314564e-13,5.3290705182007514e-15,0.015624999999999814,64,9.8656855845733988e-14,1.5099033134902129e-14,1.1102230246251565e-15,7.8333173281208701e-14,2.3503421431314564e-13,3.5527136788005009e-15,1.592064712109277,61.500029763934435,2.2204460492503126e-16,5.3290705182007514e-14,1.2934098236883074e-14
hex,4,3,0.20000000000000001,gll,shear,8,represented_polynomial,yyz,fe_geometry,2.2722105682122239e-10,5.4024352335693586e-10,1.0017519813665388e-08,0.42059006169908064,4.3732482283126115e-10,1.0222854723784632e-09,5.9707899164535356e-10,3.3352882892604762e-10,7.9718074532104266e-15,3.0192720997660962e-13,7.1786577350973531e-13,0,3.2862601528904634e-14,2.3503421431314564e-13,5.3290705182007514e-15,0.015624999999999814,64,9.8656855845733988e-14,1.5099033134902129e-14,1.1102230246251565e-15,7.8333173281208701e-14,2.3503421431314564e-13,3.5527136788005009e-15,1.592064712109277,61.500029763934435,2.2204460492503126e-16,5.3290705182007514e-14,1.2934098236883074e-14
hex,4,3,0.20000000000000001,gll,shear,8,represented_polynomial,yyz,reused,2.2838675930748622e-10,5.4301511163830108e-10,1.0100151048852979e-08,0.42059006169908064,4.3913355568575375e-10,1.0265135454811757e-09,5.9864860025158291e-10,3.3462543372598536e-10,7.9718074532104266e-15,8.175172764925713e-12,1.9437389299638695e-11,0,3.2862601528904634e-14,2.3503421431314564e-13,5.3290705182007514e-15,0.015624999999999814,64,9.8656855845733988e-14,1.5099033134902129e-14,1.1102230246251565e-15,7.8333173281208701e-14,2.3503421431314564e-13,3.5527136788005009e-15,1.592064712109277,61.500029763934435,2.2204460492503126e-16,5.3290705182007514e-14,1.2934098236883074e-14
hex,4,3,0.20000000000000001,gll,shear,8,represented_polynomial,yyz,reused_centered,2.2836730958988679e-10,5.4296886775531241e-10,1.0094236557733893e-08,0.42059006169908064,4.3910333339627689e-10,1.0264428982051437e-09,5.9859116513724055e-10,3.3460286483233184e-10,7.9718074532104266e-15,8.1275770830938136e-12,1.9324225232853769e-11,0,3.2862601528904634e-14,2.3503421431314564e-13,5.3290705182007514e-15,0.015624999999999814,64,9.8656855845733988e-14,1.5099033134902129e-14,1.1102230246251565e-15,7.8333173281208701e-14,2.3503421431314564e-13,3.5527136788005009e-15,1.592064712109277,61.500029763934435,2.2204460492503126e-16,5.3290705182007514e-14,1.2934098236883074e-14
hex,4,3,0.20000000000000001,gll,shear,8,represented_polynomial,yzz,recursive,2.3752086121402763e-10,3.0650801248306621e-10,8.3546125573263907e-09,0.77492545558543946,4.5210043468547925e-10,5.8241387482489212e-10,6.5092260234545094e-10,3.5804428660288355e-10,7.9718074532104266e-15,5.0616993630138738e-11,6.5318532595977925e-11,0,3.2862601528904634e-14,2.3503421431314564e-13,5.3290705182007514e-15,0.015624999999999814,64,9.8656855845733988e-14,1.5099033134902129e-14,1.1102230246251565e-15,7.8333173281208701e-14,2.3503421431314564e-13,3.5527136788005009e-15,1.592064712109277,61.500029763934435,2.2204460492503126e-16,5.3290705182007514e-14,1.2934098236883074e-14
hex,4,3,0.20000000000000001,gll,shear,8,represented_polynomial,yzz,direct,2.280729910437123e-10,2.9431603956203518e-10,6.8290162413831013e-09,0.77492545558543946,4.2857508826333382e-10,5.5210758198566582e-10,6.074514844665475e-10,3.3581026953467277e-10,7.9718074532104266e-15,0,0,0,3.2862601528904634e-14,2.3503421431314564e-13,5.3290705182007514e-15,0.015624999999999814,64,9.8656855845733988e-14,1.5099033134902129e-14,1.1102230246251565e-15,7.8333173281208701e-14,2.3503421431314564e-13,3.5527136788005009e-15,1.592064712109277,61.500029763934435,2.2204460492503126e-16,5.3290705182007514e-14,1.2934098236883074e-14
hex,4,3,0.20000000000000001,gll,shear,8,represented_polynomial,yzz,fe_geometry,2.2807479470124007e-10,2.9431836708594698e-10,6.8290966215300841e-09,0.77492545558543946,4.2857467879431355e-10,5.5210705449128535e-10,6.0744616131323986e-10,3.3581648010280735e-10,7.9718074532104266e-15,2.8731773381903379e-13,3.7076822260511697e-13,0,3.2862601528904634e-14,2.3503421431314564e-13,5.3290705182007514e-15,0.015624999999999814,64,9.8656855845733988e-14,1.5099033134902129e-14,1.1102230246251565e-15,7.8333173281208701e-14,2.3503421431314564e-13,3.5527136788005009e-15,1.592064712109277,61.500029763934435,2.2204460492503126e-16,5.3290705182007514e-14,1.2934098236883074e-14
hex,4,3,0.20000000000000001,gll,shear,8,represented_polynomial,yzz,reused,2.2858031733061351e-10,2.9497071709681548e-10,6.788949402647404e-09,0.77492545558543946,4.2999600092345351e-10,5.5393805854502538e-10,6.069179436418368e-10,3.3596225965068761e-10,7.9718074532104266e-15,8.5861380681178691e-12,1.1079953570019775e-11,0,3.2862601528904634e-14,2.3503421431314564e-13,5.3290705182007514e-15,0.015624999999999814,64,9.8656855845733988e-14,1.5099033134902129e-14,1.1102230246251565e-15,7.8333173281208701e-14,2.3503421431314564e-13,3.5527136788005009e-15,1.592064712109277,61.500029763934435,2.2204460492503126e-16,5.3290705182007514e-14,1.2934098236883074e-14
hex,4,3,0.20000000000000001,gll,shear,8,represented_polynomial,yzz,reused_centered,2.2856518963728641e-10,2.9495119561482251e-10,6.7888394905679661e-09,0.77492545558543946,4.2996110222553298e-10,5.53893100645579e-10,6.0677134721022252e-10,3.3591616196258193e-10,7.9718074532104266e-15,8.5810216424299495e-12,1.1073351095354582e-11,0,3.2862601528904634e-14,2.3503421431314564e-13,5.3290705182007514e-15,0.015624999999999814,64,9.8656855845733988e-14,1.5099033134902129e-14,1.1102230246251565e-15,7.8333173281208701e-14,2.3503421431314564e-13,3.5527136788005009e-15,1.592064712109277,61.500029763934435,2.2204460492503126e-16,5.3290705182007514e-14,1.2934098236883074e-14
hex,4,3,0.20000000000000001,gll,shear,8,represented_polynomial,zzz,recursive,6.0267858773688405e-07,1.0156030825390753e-06,1.731767801715911e-06,0.5934194156147572,1.1525615465660215e-06,1.9237754606505624e-06,2.5015139943256929e-10,1.5815162028561763e-10,7.9718074532104266e-15,6.0267859193374733e-07,1.0156030894945266e-06,0,3.2862601528904634e-14,2.3503421431314564e-13,5.3290705182007514e-15,0.015624999999999814,64,9.8656855845733988e-14,1.5099033134902129e-14,1.1102230246251565e-15,7.8333173281208701e-14,2.3503421431314564e-13,3.5527136788005009e-15,1.592064712109277,61.500029763934435,2.2204460492503126e-16,5.3290705182007514e-14,1.2934098236883074e-14
hex,4,3,0.20000000000000001,gll,shear,8,represented_polynomial,zzz,direct,1.3263965072373274e-10,2.235175446464348e-10,4.2531411725832413e-09,0.5934194156147572,2.0056310790499315e-10,3.3476597102255908e-10,2.225882779317036e-10,1.3756994950048536e-10,7.9718074532104266e-15,0,0,0,3.2862601528904634e-14,2.3503421431314564e-13,5.3290705182007514e-15,0.015624999999999814,64,9.8656855845733988e-14,1.5099033134902129e-14,1.1102230246251565e-15,7.8333173281208701e-14,2.3503421431314564e-13,3.5527136788005009e-15,1.592064712109277,61.500029763934435,2.2204460492503126e-16,5.3290705182007514e-14,1.2934098236883074e-14
hex,4,3,0.20000000000000001,gll,shear,8,represented_polynomial,zzz,fe_geometry,1.3263874682865641e-10,2.2351602144875618e-10,4.2531458355199447e-09,0.5934194156147572,2.0056297252101944e-10,3.3476574504905935e-10,2.2258534459591537e-10,1.3756881504368598e-10,7.9718074532104266e-15,7.265098094966303e-14,1.2242771137853348e-13,0,3.2862601528904634e-14,2.3503421431314564e-13,5.3290705182007514e-15,0.015624999999999814,64,9.8656855845733988e-14,1.5099033134902129e-14,1.1102230246251565e-15,7.8333173281208701e-14,2.3503421431314564e-13,3.5527136788005009e-15,1.592064712109277,61.500029763934435,2.2204460492503126e-16,5.3290705182007514e-14,1.2934098236883074e-14
hex,4,3,0.20000000000000001,gll,shear,8,represented_polynomial,zzz,reused,1.3315506289332946e-10,2.2438609083153525e-10,4.2198922134417671e-09,0.5934194156147572,1.9988592179353629e-10,3.3363565912954523e-10,2.2253962805658405e-10,1.377156626438783e-10,7.9718074532104266e-15,5.9011373458905071e-12,9.9442943556169432e-12,0,3.2862601528904634e-14,2.3503421431314564e-13,5.3290705182007514e-15,0.015624999999999814,64,9.8656855845733988e-14,1.5099033134902129e-14,1.1102230246251565e-15,7.8333173281208701e-14,2.3503421431314564e-13,3.5527136788005009e-15,1.592064712109277,61.500029763934435,2.2204460492503126e-16,5.3290705182007514e-14,1.2934098236883074e-14
hex,4,3,0.20000000000000001,gll,shear,8,represented_polynomial,zzz,reused_centered,1.3320752880989643e-10,2.2447450370645378e-10,4.227101779719078e-09,0.5934194156147572,1.9995641002998357e-10,3.337533131845029e-10,2.2236716860125649e-10,1.3754892868825093e-10,7.9718074532104266e-15,5.6047306166790647e-12,9.4448049196835671e-12,0,3.2862601528904634e-14,2.3503421431314564e-13,5.3290705182007514e-15,0.015624999999999814,64,9.8656855845733988e-14,1.5099033134902129e-14,1.1102230246251565e-15,7.8333173281208701e-14,2.3503421431314564e-13,3.5527136788005009e-15,1.592064712109277,61.500029763934435,2.2204460492503126e-16,5.3290705182007514e-14,1.2934098236883074e-14
hex,4,3,0.20000000000000001,gll,shear,8,sine,x,recursive,0.00066618322337189595,0.00046689129943818956,0.0032973297165479754,1.4268486565791962,0.0013302379785025036,0.00093325971438394336,0.0023466862915891029,0.0012823546349000142,5.140332995374195e-05,3.3917904382640738e-14,2.3770451597015408e-14,0,3.2862601528904634e-14,2.3503421431314564e-13,5.3290705182007514e-15,0.015624999999999814,64,9.8656855845733988e-14,1.5099033134902129e-14,1.1102230246251565e-15,7.8333173281208701e-14,2.3503421431314564e-13,3.5527136788005009e-15,1.592064712109277,61.500029763934435,2.2204460492503126e-16,5.3290705182007514e-14,1.2934098236883074e-14
hex,4,3,0.20000000000000001,gll,shear,8,sine,x,direct,0.00066618322336093141,0.00046689129943050512,0.003297329716943409,1.4268486565791962,0.0013302379784885007,0.00093325971437411919,0.0023466862915468975,0.0012823546348756766,5.140332995374195e-05,0,0,0,3.2862601528904634e-14,2.3503421431314564e-13,5.3290705182007514e-15,0.015624999999999814,64,9.8656855845733988e-14,1.5099033134902129e-14,1.1102230246251565e-15,7.8333173281208701e-14,2.3503421431314564e-13,3.5527136788005009e-15,1.592064712109277,61.500029763934435,2.2204460492503126e-16,5.3290705182007514e-14,1.2934098236883074e-14
hex,4,3,0.20000000000000001,gll,shear,8,sine,x,fe_geometry,0.00066618322336087406,0.00046689129943046495,0.0032973297169437699,1.4268486565791962,0.0013302379784883812,0.00093325971437403538,0.0023466862915467361,0.0012823546348755101,5.140332995374195e-05,1.1207231269625085e-15,7.8542867927750051e-16,0,3.2862601528904634e-14,2.3503421431314564e-13,5.3290705182007514e-15,0.015624999999999814,64,9.8656855845733988e-14,1.5099033134902129e-14,1.1102230246251565e-15,7.8333173281208701e-14,2.3503421431314564e-13,3.5527136788005009e-15,1.592064712109277,61.500029763934435,2.2204460492503126e-16,5.3290705182007514e-14,1.2934098236883074e-14
hex,4,3,0.20000000000000001,gll,shear,8,sine,x,reused,0.000666183223359408,0.00046689129942943739,0.0032973297168848448,1.4268486565791962,0.0013302379784850351,0.00093325971437168776,0.0023466862915438457,0.001282354634875723,5.140332995374195e-05,1.2517490813587653e-14,8.7725469753006111e-15,0,3.2862601528904634e-14,2.3503421431314564e-13,5.3290705182007514e-15,0.015624999999999814,64,9.8656855845733988e-14,1.5099033134902129e-14,1.1102230246251565e-15,7.8333173281208701e-14,2.3503421431314564e-13,3.5527136788005009e-15,1.592064712109277,61.500029763934435,2.2204460492503126e-16,5.3290705182007514e-14,1.2934098236883074e-14
hex,4,3,0.20000000000000001,gll,shear,8,sine,x,reused_centered,0.00066618322335941439,0.00046689129942944195,0.0032973297168846782,1.4268486565791962,0.0013302379784850208,0.00093325971437167789,0.0023466862915437503,0.0012823546348755973,5.140332995374195e-05,1.2145523538556338e-14,8.5118637088152291e-15,0,3.2862601528904634e-14,2.3503421431314564e-13,5.3290705182007514e-15,0.015624999999999814,64,9.8656855845733988e-14,1.5099033134902129e-14,1.1102230246251565e-15,7.8333173281208701e-14,2.3503421431314564e-13,3.5527136788005009e-15,1.592064712109277,61.500029763934435,2.2204460492503126e-16,5.3290705182007514e-14,1.2934098236883074e-14
hex,4,3,0.20000000000000001,gll,shear,8,sine,y,recursive,0.0038323140604545258,0.001790572551981945,0.023531745640348323,2.1402729848687909,0.0076607112845101799,0.0035830346854719267,0.012251345018260718,0.0064396179997820461,5.140332995374195e-05,4.9717472152294664e-05,2.3225730572544456e-05,0,3.2862601528904634e-14,2.3503421431314564e-13,5.3290705182007514e-15,0.015624999999999814,64,9.8656855845733988e-14,1.5099033134902129e-14,1.1102230246251565e-15,7.8333173281208701e-14,2.3503421431314564e-13,3.5527136788005009e-15,1.592064712109277,61.500029763934435,2.2204460492503126e-16,5.3290705182007514e-14,1.2934098236883074e-14
hex,4,3,0.20000000000000001,gll,shear,8,sine,y,direct,0.0038332833825379421,0.001791025448453689,0.023789628090558512,2.1402729848687909,0.0076638147652753818,0.003584486232046968,0.012251508366324751,0.0064421421758326042,5.140332995374195e-05,0,0,0,3.2862601528904634e-14,2.3503421431314564e-13,5.3290705182007514e-15,0.015624999999999814,64,9.8656855845733988e-14,1.5099033134902129e-14,1.1102230246251565e-15,7.8333173281208701e-14,2.3503421431314564e-13,3.5527136788005009e-15,1.592064712109277,61.500029763934435,2.2204460492503126e-16,5.3290705182007514e-14,1.2934098236883074e-14
hex,4,3,0.20000000000000001,gll,shear,8,sine,y,fe_geometry,0.0038332833825378471,0.0017910254484536446,0.023789628090557624,2.1402729848687909,0.0076638147652752092,0.0035844862320468874,0.012251508366324555,0.0064421421758324455,5.140332995374195e-05,1.3995360529641616e-15,6.5379927589918047e-16,0,3.2862601528904634e-14,2.3503421431314564e-13,5.3290705182007514e-15,0.015624999999999814,64,9.8656855845733988e-14,1.5099033134902129e-14,1.1102230246251565e-15,7.8333173281208701e-14,2.3503421431314564e-13,3.5527136788005009e-15,1.592064712109277,61.500029763934435,2.2204460492503126e-16,5.3290705182007514e-14,1.2934098236883074e-14
hex,4,3,0.20000000000000001,gll,shear,8,sine,y,reused,0.0038332833825430301,0.0017910254484560665,0.023789628090543413,2.1402729848687909,0.0076638147652847597,0.0035844862320513547,0.012251508366343028,0.0064421421758379047,5.140332995374195e-05,1.9110240122723376e-14,8.9274307210833646e-15,0,3.2862601528904634e-14,2.3503421431314564e-13,5.3290705182007514e-15,0.015624999999999814,64,9.8656855845733988e-14,1.5099033134902129e-14,1.1102230246251565e-15,7.8333173281208701e-14,2.3503421431314564e-13,3.5527136788005009e-15,1.592064712109277,61.500029763934435,2.2204460492503126e-16,5.3290705182007514e-14,1.2934098236883074e-14
hex,4,3,0.20000000000000001,gll,shear,8,sine,y,reused_centered,0.0038332833825430361,0.0017910254484560691,0.023789628090543857,2.1402729848687909,0.0076638147652847693,0.003584486232051359,0.012251508366343037,0.0064421421758378778,5.140332995374195e-05,1.9366886767466836e-14,9.0473243030599367e-15,0,3.2862601528904634e-14,2.3503421431314564e-13,5.3290705182007514e-15,0.015624999999999814,64,9.8656855845733988e-14,1.5099033134902129e-14,1.1102230246251565e-15,7.8333173281208701e-14,2.3503421431314564e-13,3.5527136788005009e-15,1.592064712109277,61.500029763934435,2.2204460492503126e-16,5.3290705182007514e-14,1.2934098236883074e-14
hex,4,3,0.20000000000000001,gll,shear,8,sine,z,recursive,0.00043279271800601173,0.0006066413785518253,0.0037267036114042584,0.71342432828959812,0.00086339610658984611,0.0012114716567381961,0.0014066928223428997,0.00093912916729620166,5.140332995374195e-05,7.5730706209380332e-06,1.0615111061361855e-05,0,3.2862601528904634e-14,2.3503421431314564e-13,5.3290705182007514e-15,0.015624999999999814,64,9.8656855845733988e-14,1.5099033134902129e-14,1.1102230246251565e-15,7.8333173281208701e-14,2.3503421431314564e-13,3.5527136788005009e-15,1.592064712109277,61.500029763934435,2.2204460492503126e-16,5.3290705182007514e-14,1.2934098236883074e-14
hex,4,3,0.20000000000000001,gll,shear,8,sine,z,direct,0.00043287334614519764,0.00060675439423686531,0.0037201601957925767,0.71342432828959812,0.00086372041884263766,0.0012119267145027507,0.0014065362041128081,0.00093914324136165454,5.140332995374195e-05,0,0,0,3.2862601528904634e-14,2.3503421431314564e-13,5.3290705182007514e-15,0.015624999999999814,64,9.8656855845733988e-14,1.5099033134902129e-14,1.1102230246251565e-15,7.8333173281208701e-14,2.3503421431314564e-13,3.5527136788005009e-15,1.592064712109277,61.500029763934435,2.2204460492503126e-16,5.3290705182007514e-14,1.2934098236883074e-14
hex,4,3,0.20000000000000001,gll,shear,8,sine,z,fe_geometry,0.00043287334614515742,0.00060675439423680904,0.003720160195791633,0.71342432828959812,0.0008637204188425725,0.0012119267145026592,0.001406536204112422,0.00093914324136140084,5.140332995374195e-05,1.5225333111633489e-15,2.1341224717933605e-15,0,3.2862601528904634e-14,2.3503421431314564e-13,5.3290705182007514e-15,0.015624999999999814,64,9.8656855845733988e-14,1.5099033134902129e-14,1.1102230246251565e-15,7.8333173281208701e-14,2.3503421431314564e-13,3.5527136788005009e-15,1.592064712109277,61.500029763934435,2.2204460492503126e-16,5.3290705182007514e-14,1.2934098236883074e-14
hex,4,3,0.20000000000000001,gll,shear,8,sine,z,reused,0.00043287334614530346,0.00060675439423701373,0.0037201601957406738,0.71342432828959812,0.00086372041884262259,0.0012119267145027294,0.0014065362041129942,0.00093914324136143423,5.140332995374195e-05,1.1832296282906299e-14,1.6585232786120767e-14,0,3.2862601528904634e-14,2.3503421431314564e-13,5.3290705182007514e-15,0.015624999999999814,64,9.8656855845733988e-14,1.5099033134902129e-14,1.1102230246251565e-15,7.8333173281208701e-14,2.3503421431314564e-13,3.5527136788005009e-15,1.592064712109277,61.500029763934435,2.2204460492503126e-16,5.3290705182007514e-14,1.2934098236883074e-14
hex,4,3,0.20000000000000001,gll,shear,8,sine,z,reused_centered,0.00043287334614530915,0.00060675439423702165,0.003720160195741673,0.71342432828959812,0.00086372041884263885,0.0012119267145027522,0.0014065362041132184,0.00093914324136162798,5.140332995374195e-05,1.1880305725591833e-14,1.6652527228706847e-14,0,3.2862601528904634e-14,2.3503421431314564e-13,5.3290705182007514e-15,0.015624999999999814,64,9.8656855845733988e-14,1.5099033134902129e-14,1.1102230246251565e-15,7.8333173281208701e-14,2.3503421431314564e-13,3.5527136788005009e-15,1.592064712109277,61.500029763934435,2.2204460492503126e-16,5.3290705182007514e-14,1.2934098236883074e-14
hex,4,3,0.20000000000000001,gll,shear,8,sine,xx,recursive,0.030883898492828517,0.011018437207693283,0.10615569881384346,2.8029291187741934,0.050035681961713027,0.017832043679770641,0.016274684102520483,0.0086537278476246753,5.140332995374195e-05,1.5131772356536853e-12,5.3670084278617798e-13,0,3.2862601528904634e-14,2.3503421431314564e-13,5.3290705182007514e-15,0.015624999999999814,64,9.8656855845733988e-14,1.5099033134902129e-14,1.1102230246251565e-15,7.8333173281208701e-14,2.3503421431314564e-13,3.5527136788005009e-15,1.592064712109277,61.500029763934435,2.2204460492503126e-16,5.3290705182007514e-14,1.2934098236883074e-14
hex,4,3,0.20000000000000001,gll,shear,8,sine,xx,direct,0.030883898492255236,0.011018437207488753,0.10615569880930309,2.8029291187741934,0.050035681961279235,0.017832043679616043,0.016274684102457006,0.0086537278479823267,5.140332995374195e-05,0,0,0,3.2862601528904634e-14,2.3503421431314564e-13,5.3290705182007514e-15,0.015624999999999814,64,9.8656855845733988e-14,1.5099033134902129e-14,1.1102230246251565e-15,7.8333173281208701e-14,2.3503421431314564e-13,3.5527136788005009e-15,1.592064712109277,61.500029763934435,2.2204460492503126e-16,5.3290705182007514e-14,1.2934098236883074e-14
hex,4,3,0.20000000000000001,gll,shear,8,sine,xx,fe_geometry,0.03088389849225455,0.011018437207488508,0.10615569880929865,2.8029291187741934,0.050035681961278146,0.017832043679615654,0.016274684102459015,0.0086537278479825331,5.140332995374195e-05,1.5395627010293932e-14,5.4605936416145521e-15,0,3.2862601528904634e-14,2.3503421431314564e-13,5.3290705182007514e-15,0.015624999999999814,64,9.8656855845733988e-14,1.5099033134902129e-14,1.1102230246251565e-15,7.8333173281208701e-14,2.3503421431314564e-13,3.5527136788005009e-15,1.592064712109277,61.500029763934435,2.2204460492503126e-16,5.3290705182007514e-14,1.2934098236883074e-14
hex,4,3,0.20000000000000001,gll,shear,8,sine,xx,reused,0.030883898492263646,0.011018437207491754,0.10615569881005893,2.8029291187741934,0.050035681961292655,0.017832043679620824,0.016274684102276098,0.0086537278479248657,5.140332995374195e-05,2.5597974021477111e-13,9.0792102255031016e-14,0,3.2862601528904634e-14,2.3503421431314564e-13,5.3290705182007514e-15,0.015624999999999814,64,9.8656855845733988e-14,1.5099033134902129e-14,1.1102230246251565e-15,7.8333173281208701e-14,2.3503421431314564e-13,3.5527136788005009e-15,1.592064712109277,61.500029763934435,2.2204460492503126e-16,5.3290705182007514e-14,1.2934098236883074e-14
hex,4,3,0.20000000000000001,gll,shear,8,sine,xx,reused_centered,0.030883898492237966,0.011018437207482591,0.10615569880994435,2.8029291187741934,0.050035681961248142,0.017832043679604961,0.016274684102257891,0.0086537278479158122,5.140332995374195e-05,2.5305228247303765e-13,8.9753777728208146e-14,0,3.2862601528904634e-14,2.3503421431314564e-13,5.3290705182007514e-15,0.015624999999999814,64,9.8656855845733988e-14,1.5099033134902129e-14,1.1102230246251565e-15,7.8333173281208701e-14,2.3503421431314564e-13,3.5527136788005009e-15,1.592064712109277,61.500029763934435,2.2204460492503126e-16,5.3290705182007514e-14,1.2934098236883074e-14
hex,4,3,0.20000000000000001,gll,shear,8,sine,xy,recursive,0.009153618573193769,0.0021771554411614742,0.058051114316502783,4.2043936781612956,0.017628877337748046,0.0041884630912341235,0.029478113555245988,0.018354199129446403,5.140332995374195e-05,0.00010299812618987377,2.4492469899049584e-05,0,3.2862601528904634e-14,2.3503421431314564e-13,5.3290705182007514e-15,0.015624999999999814,64,9.8656855845733988e-14,1.5099033134902129e-14,1.1102230246251565e-15,7.8333173281208701e-14,2.3503421431314564e-13,3.5527136788005009e-15,1.592064712109277,61.500029763934435,2.2204460492503126e-16,5.3290705182007514e-14,1.2934098236883074e-14
hex,4,3,0.20000000000000001,gll,shear,8,sine,xy,direct,0.0091546779485257527,0.002177407409795498,0.057566085688309343,4.2043936781612956,0.017628288373918322,0.0041883231587122958,0.029472164325089194,0.018347926012228243,5.140332995374195e-05,0,0,0,3.2862601528904634e-14,2.3503421431314564e-13,5.3290705182007514e-15,0.015624999999999814,64,9.8656855845733988e-14,1.5099033134902129e-14,1.1102230246251565e-15,7.8333173281208701e-14,2.3503421431314564e-13,3.5527136788005009e-15,1.592064712109277,61.500029763934435,2.2204460492503126e-16,5.3290705182007514e-14,1.2934098236883074e-14
hex,4,3,0.20000000000000001,gll,shear,8,sine,xy,fe_geometry,0.0091546779485259591,0.002177407409795547,0.057566085688254054,4.2043936781612956,0.017628288373918846,0.0041883231587124198,0.029472164325090311,0.018347926012229471,5.140332995374195e-05,1.7432903294383928e-14,4.1454623980598065e-15,0,3.2862601528904634e-14,2.3503421431314564e-13,5.3290705182007514e-15,0.015624999999999814,64,9.8656855845733988e-14,1.5099033134902129e-14,1.1102230246251565e-15,7.8333173281208701e-14,2.3503421431314564e-13,3.5527136788005009e-15,1.592064712109277,61.500029763934435,2.2204460492503126e-16,5.3290705182007514e-14,1.2934098236883074e-14
hex,4,3,0.20000000000000001,gll,shear,8,sine,xy,reused,0.0091546779485401821,0.0021774074097989302,0.05756608568768673,4.2043936781612956,0.017628288373944472,0.0041883231587185087,0.029472164325082716,0.018347926012260395,5.140332995374195e-05,2.1890875971461092e-13,5.2055473301178481e-14,0,3.2862601528904634e-14,2.3503421431314564e-13,5.3290705182007514e-15,0.015624999999999814,64,9.8656855845733988e-14,1.5099033134902129e-14,1.1102230246251565e-15,7.8333173281208701e-14,2.3503421431314564e-13,3.5527136788005009e-15,1.592064712109277,61.500029763934435,2.2204460492503126e-16,5.3290705182007514e-14,1.2934098236883074e-14
hex,4,3,0.20000000000000001,gll,shear,8,sine,xy,reused_centered,0.0091546779485387388,0.0021774074097985867,0.057566085687671187,4.2043936781612956,0.017628288373942477,0.0041883231587180342,0.029472164325082286,0.018347926012260589,5.140332995374195e-05,2.1827358032503601e-13,5.1904430630256674e-14,0,3.2862601528904634e-14,2.3503421431314564e-13,5.3290705182007514e-15,0.015624999999999814,64,9.8656855845733988e-14,1.5099033134902129e-14,1.1102230246251565e-15,7.8333173281208701e-14,2.3503421431314564e-13,3.5527136788005009e-15,1.592064712109277,61.500029763934435,2.2204460492503126e-16,5.3290705182007514e-14,1.2934098236883074e-14
hex,4,3,0.20000000000000001,gll,shear,8,sine,xz,recursive,0.0011514159341567531,0.00082158048624526208,0.010219801220886504,1.4014645593870967,0.0022574884764238845,0.0016090770242313446,0.0038896149237914006,0.0032432417135845985,5.140332995374195e-05,1.5115472571286167e-05,1.0784891494404586e-05,0,3.2862601528904634e-14,2.3503421431314564e-13,5.3290705182007514e-15,0.015624999999999814,64,9.8656855845733988e-14,1.5099033134902129e-14,1.1102230246251565e-15,7.8333173281208701e-14,2.3503421431314564e-13,3.5527136788005009e-15,1.592064712109277,61.500029763934435,2.2204460492503126e-16,5.3290705182007514e-14,1.2934098236883074e-14
hex,4,3,0.20000000000000001,gll,shear,8,sine,xz,direct,0.0011515764119558471,0.00082169499345703526,0.010242008526295532,1.4014645593870967,0.0022582013632336286,0.00160958515076152,0.0038892639089969034,0.003242807971235287,5.140332995374195e-05,0,0,0,3.2862601528904634e-14,2.3503421431314564e-13,5.3290705182007514e-15,0.015624999999999814,64,9.8656855845733988e-14,1.5099033134902129e-14,1.1102230246251565e-15,7.8333173281208701e-14,2.3503421431314564e-13,3.5527136788005009e-15,1.592064712109277,61.500029763934435,2.2204460492503126e-16,5.3290705182007514e-14,1.2934098236883074e-14
hex,4,3,0.20000000000000001,gll,shear,8,sine,xz,fe_geometry,0.0011515764119561333,0.00082169499345723931,0.010242008526205382,1.4014645593870967,0.0022582013632344517,0.0016095851507621068,0.0038892639089979134,0.0032428079712355424,5.140332995374195e-05,1.6399589828781596e-14,1.1701109311801095e-14,0,3.2862601528904634e-14,2.3503421431314564e-13,5.3290705182007514e-15,0.015624999999999814,64,9.8656855845733988e-14,1.5099033134902129e-14,1.1102230246251565e-15,7.8333173281208701e-14,2.3503421431314564e-13,3.5527136788005009e-15,1.592064712109277,61.500029763934435,2.2204460492503126e-16,5.3290705182007514e-14,1.2934098236883074e-14
hex,4,3,0.20000000000000001,gll,shear,8,sine,xz,reused,0.0011515764119508914,0.00082169499345349914,0.01024200852697299,1.4014645593870967,0.0022582013632227583,0.0016095851507537721,0.0038892639089867518,0.0032428079712232645,5.140332995374195e-05,1.3828830028439636e-13,9.8668718856068763e-14,0,3.2862601528904634e-14,2.3503421431314564e-13,5.3290705182007514e-15,0.015624999999999814,64,9.8656855845733988e-14,1.5099033134902129e-14,1.1102230246251565e-15,7.8333173281208701e-14,2.3503421431314564e-13,3.5527136788005009e-15,1.592064712109277,61.500029763934435,2.2204460492503126e-16,5.3290705182007514e-14,1.2934098236883074e-14
hex,4,3,0.20000000000000001,gll,shear,8,sine,xz,reused_centered,0.0011515764119508563,0.00082169499345347398,0.010242008526943014,1.4014645593870967,0.0022582013632227926,0.0016095851507537966,0.0038892639089872045,0.0032428079712242017,5.140332995374195e-05,1.3782512638781431e-13,9.8338244225247949e-14,0,3.2862601528904634e-14,2.3503421431314564e-13,5.3290705182007514e-15,0.015624999999999814,64,9.8656855845733988e-14,1.5099033134902129e-14,1.1102230246251565e-15,7.8333173281208701e-14,2.3503421431314564e-13,3.5527136788005009e-15,1.592064712109277,61.500029763934435,2.2204460492503126e-16,5.3290705182007514e-14,1.2934098236883074e-14
hex,4,3,0.20000000000000001,gll,shear,8,sine,yy,recursive,0.18004652664035159,0.028548948302273593,0.84557317025355783,6.3065905172420305,0.29156403874753328,0.04618199981875807,0.17667055495770412,0.088613329115879796,5.140332995374195e-05,0.0037734364947879509,0.00059055571850734681,0,3.2862601528904634e-14,2.3503421431314564e-13,5.3290705182007514e-15,0.015624999999999814,64,9.8656855845733988e-14,1.5099033134902129e-14,1.1102230246251565e-15,7.8333173281208701e-14,2.3503421431314564e-13,3.5527136788005009e-15,1.592064712109277,61.500029763934435,2.2204460492503126e-16,5.3290705182007514e-14,1.2934098236883074e-14
hex,4,3,0.20000000000000001,gll,shear,8,sine,yy,direct,0.18018652382302369,0.028571146855087409,0.86652771099773407,6.3065905172420305,0.29185138132740723,0.046227513164740879,0.17053420691821808,0.085607924866188886,5.140332995374195e-05,0,0,0,3.2862601528904634e-14,2.3503421431314564e-13,5.3290705182007514e-15,0.015624999999999814,64,9.8656855845733988e-14,1.5099033134902129e-14,1.1102230246251565e-15,7.8333173281208701e-14,2.3503421431314564e-13,3.5527136788005009e-15,1.592064712109277,61.500029763934435,2.2204460492503126e-16,5.3290705182007514e-14,1.2934098236883074e-14
hex,4,3,0.20000000000000001,gll,shear,8,sine,yy,fe_geometry,0.18018652382302297,0.028571146855087291,0.86652771099772607,6.3065905172420305,0.29185138132740723,0.046227513164740879,0.17053420691821294,0.085607924866183946,5.140332995374195e-05,2.1284210720449958e-14,3.3310517805821573e-15,0,3.2862601528904634e-14,2.3503421431314564e-13,5.3290705182007514e-15,0.015624999999999814,64,9.8656855845733988e-14,1.5099033134902129e-14,1.1102230246251565e-15,7.8333173281208701e-14,2.3503421431314564e-13,3.5527136788005009e-15,1.592064712109277,61.500029763934435,2.2204460492503126e-16,5.3290705182007514e-14,1.2934098236883074e-14
hex,4,3,0.20000000000000001,gll,shear,8,sine,yy,reused,0.18018652382311315,0.028571146855101589,0.86652771099768078,6.3065905172420305,0.2918513813275182,0.046227513164758455,0.17053420691831089,0.085607924866236279,5.140332995374195e-05,3.8020603867141506e-13,5.9503545550207356e-14,0,3.2862601528904634e-14,2.3503421431314564e-13,5.3290705182007514e-15,0.015624999999999814,64,9.8656855845733988e-14,1.5099033134902129e-14,1.1102230246251565e-15,7.8333173281208701e-14,2.3503421431314564e-13,3.5527136788005009e-15,1.592064712109277,61.500029763934435,2.2204460492503126e-16,5.3290705182007514e-14,1.2934098236883074e-14
hex,4,3,0.20000000000000001,gll,shear,8,sine,yy,reused_centered,0.18018652382309025,0.02857114685509796,0.86652771099759196,6.3065905172420305,0.29185138132747879,0.04622751316475221,0.17053420691828067,0.085607924866221791,5.140332995374195e-05,3.7660039854311412e-13,5.8939250537004182e-14,0,3.2862601528904634e-14,2.3503421431314564e-13,5.3290705182007514e-15,0.015624999999999814,64,9.8656855845733988e-14,1.5099033134902129e-14,1.1102230246251565e-15,7.8333173281208701e-14,2.3503421431314564e-13,3.5527136788005009e-15,1.592064712109277,61.500029763934435,2.2204460492503126e-16,5.3290705182007514e-14,1.2934098236883074e-14
hex,4,3,0.20000000000000001,gll,shear,8,sine,yz,recursive,0.016198148388131085,0.00770534332798969,0.12716353089667054,2.1021968390806478,0.026859689310341463,0.012763242396325173,0.023955525991294083,0.011671447629590595,5.140332995374195e-05,0.00033291807573783481,0.00015835080101979205,0,3.2862601528904634e-14,2.3503421431314564e-13,5.3290705182007514e-15,0.015624999999999814,64,9.8656855845733988e-14,1.5099033134902129e-14,1.1102230246251565e-15,7.8333173281208701e-14,2.3503421431314564e-13,3.5527136788005009e-15,1.592064712109277,61.500029763934435,2.2204460492503126e-16,5.3290705182007514e-14,1.2934098236883074e-14
hex,4,3,0.20000000000000001,gll,shear,8,sine,yz,direct,0.016201422763666453,0.0077069009250112907,0.13018043954483338,2.1021968390806478,0.026863659208766291,0.012765128820821727,0.023519217006904309,0.011416550415328193,5.140332995374195e-05,0,0,0,3.2862601528904634e-14,2.3503421431314564e-13,5.3290705182007514e-15,0.015624999999999814,64,9.8656855845733988e-14,1.5099033134902129e-14,1.1102230246251565e-15,7.8333173281208701e-14,2.3503421431314564e-13,3.5527136788005009e-15,1.592064712109277,61.500029763934435,2.2204460492503126e-16,5.3290705182007514e-14,1.2934098236883074e-14
hex,4,3,0.20000000000000001,gll,shear,8,sine,yz,fe_geometry,0.016201422763665742,0.0077069009250109524,0.13018043954485092,2.1021968390806478,0.026863659208765482,0.012765128820821344,0.023519217006902942,0.011416550415329896,5.140332995374195e-05,1.8493457856793644e-14,8.7963198115897119e-15,0,3.2862601528904634e-14,2.3503421431314564e-13,5.3290705182007514e-15,0.015624999999999814,64,9.8656855845733988e-14,1.5099033134902129e-14,1.1102230246251565e-15,7.8333173281208701e-14,2.3503421431314564e-13,3.5527136788005009e-15,1.592064712109277,61.500029763934435,2.2204460492503126e-16,5.3290705182007514e-14,1.2934098236883074e-14
hex,4,3,0.20000000000000001,gll,shear,8,sine,yz,reused,0.016201422763667751,0.0077069009250119065,0.13018043954526348,2.1021968390806478,0.026863659208766256,0.012765128820821712,0.023519217006882823,0.011416550415365797,5.140332995374195e-05,2.0258429289454322e-13,9.635819557944596e-14,0,3.2862601528904634e-14,2.3503421431314564e-13,5.3290705182007514e-15,0.015624999999999814,64,9.8656855845733988e-14,1.5099033134902129e-14,1.1102230246251565e-15,7.8333173281208701e-14,2.3503421431314564e-13,3.5527136788005009e-15,1.592064712109277,61.500029763934435,2.2204460492503126e-16,5.3290705182007514e-14,1.2934098236883074e-14
hex,4,3,0.20000000000000001,gll,shear,8,sine,yz,reused_centered,0.016201422763666155,0.0077069009250111484,0.13018043954525305,2.1021968390806478,0.026863659208763567,0.012765128820820433,0.02351921700688063,0.011416550415366551,5.140332995374195e-05,2.0220726395920523e-13,9.6178863670879281e-14,0,3.2862601528904634e-14,2.3503421431314564e-13,5.3290705182007514e-15,0.015624999999999814,64,9.8656855845733988e-14,1.5099033134902129e-14,1.1102230246251565e-15,7.8333173281208701e-14,2.3503421431314564e-13,3.5527136788005009e-15,1.592064712109277,61.500029763934435,2.2204460492503126e-16,5.3290705182007514e-14,1.2934098236883074e-14
hex,4,3,0.20000000000000001,gll,shear,8,sine,zz,recursive,0.013108655708380842,0.018707081275196366,0.078822914252340143,0.70073227969354834,0.021193276456413657,0.030211994054755123,0.011021676322091677,0.007440425814277468,5.140332995374195e-05,0.00047406986639854468,0.00067683554858896709,0,3.2862601528904634e-14,2.3503421431314564e-13,5.3290705182007514e-15,0.015624999999999814,64,9.8656855845733988e-14,1.5099033134902129e-14,1.1102230246251565e-15,7.8333173281208701e-14,2.3503421431314564e-13,3.5527136788005009e-15,1.592064712109277,61.500029763934435,2.2204460492503126e-16,5.3290705182007514e-14,1.2934098236883074e-14
hex,4,3,0.20000000000000001,gll,shear,8,sine,zz,direct,0.013125794862801786,0.018731540194697607,0.081743580184263767,0.70073227969354834,0.021231625910555066,0.030266662972178351,0.0096623491917554264,0.0066040744476388745,5.140332995374195e-05,0,0,0,3.2862601528904634e-14,2.3503421431314564e-13,5.3290705182007514e-15,0.015624999999999814,64,9.8656855845733988e-14,1.5099033134902129e-14,1.1102230246251565e-15,7.8333173281208701e-14,2.3503421431314564e-13,3.5527136788005009e-15,1.592064712109277,61.500029763934435,2.2204460492503126e-16,5.3290705182007514e-14,1.2934098236883074e-14
hex,4,3,0.20000000000000001,gll,shear,8,sine,zz,fe_geometry,0.013125794862801375,0.01873154019469702,0.081743580184253872,0.70073227969354834,0.021231625910555059,0.030266662972178341,0.0096623491917583321,0.0066040744476399283,5.140332995374195e-05,2.0610980344458566e-14,2.9426557512242792e-14,0,3.2862601528904634e-14,2.3503421431314564e-13,5.3290705182007514e-15,0.015624999999999814,64,9.8656855845733988e-14,1.5099033134902129e-14,1.1102230246251565e-15,7.8333173281208701e-14,2.3503421431314564e-13,3.5527136788005009e-15,1.592064712109277,61.500029763934435,2.2204460492503126e-16,5.3290705182007514e-14,1.2934098236883074e-14
hex,4,3,0.20000000000000001,gll,shear,8,sine,zz,reused,0.013125794862803851,0.018731540194700552,0.081743580184313686,0.70073227969354834,0.02123162591055551,0.030266662972178986,0.0096623491915939497,0.0066040744475215985,5.140332995374195e-05,2.0548711634546259e-13,2.9337655686962057e-13,0,3.2862601528904634e-14,2.3503421431314564e-13,5.3290705182007514e-15,0.015624999999999814,64,9.8656855845733988e-14,1.5099033134902129e-14,1.1102230246251565e-15,7.8333173281208701e-14,2.3503421431314564e-13,3.5527136788005009e-15,1.592064712109277,61.500029763934435,2.2204460492503126e-16,5.3290705182007514e-14,1.2934098236883074e-14
hex,4,3,0.20000000000000001,gll,shear,8,sine,zz,reused_centered,0.013125794862807202,0.018731540194705333,0.081743580184256828,0.70073227969354834,0.021231625910560659,0.030266662972186328,0.0096623491915960435,0.0066040744475224346,5.140332995374195e-05,2.0307593132726001e-13,2.8993407750061408e-13,0,3.2862601528904634e-14,2.3503421431314564e-13,5.3290705182007514e-15,0.015624999999999814,64,9.8656855845733988e-14,1.5099033134902129e-14,1.1102230246251565e-15,7.8333173281208701e-14,2.3503421431314564e-13,3.5527136788005009e-15,1.592064712109277,61.500029763934435,2.2204460492503126e-16,5.3290705182007514e-14,1.2934098236883074e-14
hex,4,3,0.20000000000000001,gll,shear,8,sine,xxx,recursive,0.8064881036207987,0.14130582453543405,1.984147889384857,5.7073946263167841,1.041981569916929,0.18275666423024467,1.5926423037041795,0.82622052415368508,5.140332995374195e-05,3.9747840027041677e-11,6.9858591893825001e-12,0,3.2862601528904634e-14,2.3503421431314564e-13,5.3290705182007514e-15,0.015624999999999814,64,9.8656855845733988e-14,1.5099033134902129e-14,1.1102230246251565e-15,7.8333173281208701e-14,2.3503421431314564e-13,3.5527136788005009e-15,1.592064712109277,61.500029763934435,2.2204460492503126e-16,5.3290705182007514e-14,1.2934098236883074e-14
hex,4,3,0.20000000000000001,gll,shear,8,sine,xxx,direct,0.80648810360531364,0.14130582453272089,1.9841478894621836,5.7073946263167841,1.041981569913822,0.18275666422969972,1.5926423036733222,0.82622052413878455,5.140332995374195e-05,0,0,0,3.2862601528904634e-14,2.3503421431314564e-13,5.3290705182007514e-15,0.015624999999999814,64,9.8656855845733988e-14,1.5099033134902129e-14,1.1102230246251565e-15,7.8333173281208701e-14,2.3503421431314564e-13,3.5527136788005009e-15,1.592064712109277,61.500029763934435,2.2204460492503126e-16,5.3290705182007514e-14,1.2934098236883074e-14
hex,4,3,0.20000000000000001,gll,shear,8,sine,xxx,fe_geometry,0.80648810360531753,0.14130582453272159,1.9841478894620139,5.7073946263167841,1.0419815699138268,0.1827566642297006,1.5926423036733528,0.82622052413879954,5.140332995374195e-05,8.90329260451944e-14,1.5647931664897701e-14,0,3.2862601528904634e-14,2.3503421431314564e-13,5.3290705182007514e-15,0.015624999999999814,64,9.8656855845733988e-14,1.5099033134902129e-14,1.1102230246251565e-15,7.8333173281208701e-14,2.3503421431314564e-13,3.5527136788005009e-15,1.592064712109277,61.500029763934435,2.2204460492503126e-16,5.3290705182007514e-14,1.2934098236883074e-14
hex,4,3,0.20000000000000001,gll,shear,8,sine,xxx,reused,0.80648810360635104,0.14130582453290266,1.9841478894693485,5.7073946263167841,1.0419815699151822,0.1827566642299383,1.592642303675637,0.82622052414021951,5.140332995374195e-05,3.2174925993759861e-12,5.6548859577851671e-13,0,3.2862601528904634e-14,2.3503421431314564e-13,5.3290705182007514e-15,0.015624999999999814,64,9.8656855845733988e-14,1.5099033134902129e-14,1.1102230246251565e-15,7.8333173281208701e-14,2.3503421431314564e-13,3.5527136788005009e-15,1.592064712109277,61.500029763934435,2.2204460492503126e-16,5.3290705182007514e-14,1.2934098236883074e-14
hex,4,3,0.20000000000000001,gll,shear,8,sine,xxx,reused_centered,0.80648810360539758,0.1413058245327356,1.98414788946751,5.7073946263167841,1.0419815699139721,0.18275666422972606,1.5926423036737793,0.82622052413925007,5.140332995374195e-05,3.0612775806425652e-12,5.3803311333227593e-13,0,3.2862601528904634e-14,2.3503421431314564e-13,5.3290705182007514e-15,0.015624999999999814,64,9.8656855845733988e-14,1.5099033134902129e-14,1.1102230246251565e-15,7.8333173281208701e-14,2.3503421431314564e-13,3.5527136788005009e-15,1.592064712109277,61.500029763934435,2.2204460492503126e-16,5.3290705182007514e-14,1.2934098236883074e-14
hex,4,3,0.20000000000000001,gll,shear,8,sine,xxy,recursive,0.14172958914042688,0.016555083176587822,0.61702444671663237,8.5610919394751637,0.20921496065103237,0.024463278698677121,0.22110982364451293,0.12043340731199569,5.140332995374195e-05,0.00019804470033225481,2.2992349347438787e-05,0,3.2862601528904634e-14,2.3503421431314564e-13,5.3290705182007514e-15,0.015624999999999814,64,9.8656855845733988e-14,1.5099033134902129e-14,1.1102230246251565e-15,7.8333173281208701e-14,2.3503421431314564e-13,3.5527136788005009e-15,1.592064712109277,61.500029763934435,2.2204460492503126e-16,5.3290705182007514e-14,1.2934098236883074e-14
hex,4,3,0.20000000000000001,gll,shear,8,sine,xxy,direct,0.14173000683994438,0.016555131967036566,0.61805771898820083,8.5610919394751637,0.20922647415206139,0.024464624959879448,0.22111004509705792,0.12044305427944263,5.140332995374195e-05,0,0,0,3.2862601528904634e-14,2.3503421431314564e-13,5.3290705182007514e-15,0.015624999999999814,64,9.8656855845733988e-14,1.5099033134902129e-14,1.1102230246251565e-15,7.8333173281208701e-14,2.3503421431314564e-13,3.5527136788005009e-15,1.592064712109277,61.500029763934435,2.2204460492503126e-16,5.3290705182007514e-14,1.2934098236883074e-14
hex,4,3,0.20000000000000001,gll,shear,8,sine,xxy,fe_geometry,0.14173000683994669,0.01655513196703684,0.61805771898797168,8.5610919394751637,0.20922647415206647,0.024464624959880041,0.22111004509705381,0.12044305427943798,5.140332995374195e-05,2.3597346002598461e-13,2.7395755708377696e-14,0,3.2862601528904634e-14,2.3503421431314564e-13,5.3290705182007514e-15,0.015624999999999814,64,9.8656855845733988e-14,1.5099033134902129e-14,1.1102230246251565e-15,7.8333173281208701e-14,2.3503421431314564e-13,3.5527136788005009e-15,1.592064712109277,61.500029763934435,2.2204460492503126e-16,5.3290705182007514e-14,1.2934098236883074e-14
hex,4,3,0.20000000000000001,gll,shear,8,sine,xxy,reused,0.14173000684068185,0.016555131967122712,0.61805771900666961,8.5610919394751637,0.20922647415322332,0.024464624960015311,0.22111004509818954,0.12044305428158993,5.140332995374195e-05,4.3884621176013093e-12,5.0948626212471753e-13,0,3.2862601528904634e-14,2.3503421431314564e-13,5.3290705182007514e-15,0.015624999999999814,64,9.8656855845733988e-14,1.5099033134902129e-14,1.1102230246251565e-15,7.8333173281208701e-14,2.3503421431314564e-13,3.5527136788005009e-15,1.592064712109277,61.500029763934435,2.2204460492503126e-16,5.3290705182007514e-14,1.2934098236883074e-14
hex,4,3,0.20000000000000001,gll,shear,8,sine,xxy,reused_centered,0.14173000684058837,0.016555131967111791,0.61805771900657014,8.5610919394751637,0.20922647415311943,0.024464624960003161,0.22111004509795093,0.12044305428148767,5.140332995374195e-05,4.3619710246409766e-12,5.0641073188877789e-13,0,3.2862601528904634e-14,2.3503421431314564e-13,5.3290705182007514e-15,0.015624999999999814,64,9.8656855845733988e-14,1.5099033134902129e-14,1.1102230246251565e-15,7.8333173281208701e-14,2.3503421431314564e-13,3.5527136788005009e-15,1.592064712109277,61.500029763934435,2.2204460492503126e-16,5.3290705182007514e-14,1.2934098236883074e-14
hex,4,3,0.20000000000000001,gll,shear,8,sine,xxz,recursive,0.032689689867699281,0.011455205749035538,0.13456228340663934,2.853697313158392,0.052262913096322375,0.018333137430061305,0.026701016467040997,0.014644438384424344,5.140332995374195e-05,3.0381502174384147e-05,1.0584716039371144e-05,0,3.2862601528904634e-14,2.3503421431314564e-13,5.3290705182007514e-15,0.015624999999999814,64,9.8656855845733988e-14,1.5099033134902129e-14,1.1102230246251565e-15,7.8333173281208701e-14,2.3503421431314564e-13,3.5527136788005009e-15,1.592064712109277,61.500029763934435,2.2204460492503126e-16,5.3290705182007514e-14,1.2934098236883074e-14
hex,4,3,0.20000000000000001,gll,shear,8,sine,xxz,direct,0.032689706989041126,0.011455211748740469,0.13465429129264539,2.853697313158392,0.052269881782936845,0.018335581952990489,0.02670088621571327,0.014644499087224445,5.140332995374195e-05,0,0,0,3.2862601528904634e-14,2.3503421431314564e-13,5.3290705182007514e-15,0.015624999999999814,64,9.8656855845733988e-14,1.5099033134902129e-14,1.1102230246251565e-15,7.8333173281208701e-14,2.3503421431314564e-13,3.5527136788005009e-15,1.592064712109277,61.500029763934435,2.2204460492503126e-16,5.3290705182007514e-14,1.2934098236883074e-14
hex,4,3,0.20000000000000001,gll,shear,8,sine,xxz,fe_geometry,0.032689706989049522,0.011455211748743413,0.13465429129341411,2.853697313158392,0.052269881782953179,0.01833558195299622,0.026700886215710734,0.014644499087226369,5.140332995374195e-05,2.2619321010964673e-13,7.8804230459120036e-14,0,3.2862601528904634e-14,2.3503421431314564e-13,5.3290705182007514e-15,0.015624999999999814,64,9.8656855845733988e-14,1.5099033134902129e-14,1.1102230246251565e-15,7.8333173281208701e-14,2.3503421431314564e-13,3.5527136788005009e-15,1.592064712109277,61.500029763934435,2.2204460492503126e-16,5.3290705182007514e-14,1.2934098236883074e-14
hex,4,3,0.20000000000000001,gll,shear,8,sine,xxz,reused,0.032689706989113186,0.011455211748765721,0.13465429129518558,2.853697313158392,0.052269881783103211,0.018335581953048852,0.026700886215339451,0.014644499087464137,5.140332995374195e-05,3.5744483105615748e-12,1.2453143411915943e-12,0,3.2862601528904634e-14,2.3503421431314564e-13,5.3290705182007514e-15,0.015624999999999814,64,9.8656855845733988e-14,1.5099033134902129e-14,1.1102230246251565e-15,7.8333173281208701e-14,2.3503421431314564e-13,3.5527136788005009e-15,1.592064712109277,61.500029763934435,2.2204460492503126e-16,5.3290705182007514e-14,1.2934098236883074e-14
hex,4,3,0.20000000000000001,gll,shear,8,sine,xxz,reused_centered,0.032689706989105276,0.011455211748762949,0.13465429129426454,2.853697313158392,0.05226988178309621,0.018335581953046395,0.026700886215313989,0.014644499087457576,5.140332995374195e-05,3.5609916273077284e-12,1.2406261210286751e-12,0,3.2862601528904634e-14,2.3503421431314564e-13,5.3290705182007514e-15,0.015624999999999814,64,9.8656855845733988e-14,1.5099033134902129e-14,1.1102230246251565e-15,7.8333173281208701e-14,2.3503421431314564e-13,3.5527136788005009e-15,1.592064712109277,61.500029763934435,2.2204460492503126e-16,5.3290705182007514e-14,1.2934098236883074e-14
hex,4,3,0.20000000000000001,gll,shear,8,sine,xyy,recursive,0.38128992240951493,0.02969168926153689,1.7110146765688778,12.841637909212672,0.6151313386248024,0.047951094020689831,0.31212831144572351,0.17296018092260118,5.140332995374195e-05,0.0078177965098147131,0.00060088759091489669,0,3.2862601528904634e-14,2.3503421431314564e-13,5.3290705182007514e-15,0.015624999999999814,64,9.8656855845733988e-14,1.5099033134902129e-14,1.1102230246251565e-15,7.8333173281208701e-14,2.3503421431314564e-13,3.5527136788005009e-15,1.592064712109277,61.500029763934435,2.2204460492503126e-16,5.3290705182007514e-14,1.2934098236883074e-14
hex,4,3,0.20000000000000001,gll,shear,8,sine,xyy,direct,0.38144114000285251,0.029703464830541922,1.7527875447419206,12.841637909212672,0.61540012716625037,0.04797204678933184,0.29630619369025368,0.16419287882966022,5.140332995374195e-05,0,0,0,3.2862601528904634e-14,2.3503421431314564e-13,5.3290705182007514e-15,0.015624999999999814,64,9.8656855845733988e-14,1.5099033134902129e-14,1.1102230246251565e-15,7.8333173281208701e-14,2.3503421431314564e-13,3.5527136788005009e-15,1.592064712109277,61.500029763934435,2.2204460492503126e-16,5.3290705182007514e-14,1.2934098236883074e-14
hex,4,3,0.20000000000000001,gll,shear,8,sine,xyy,fe_geometry,0.38144114000285134,0.029703464830541832,1.7527875447418104,12.841637909212672,0.61540012716624837,0.047972046789331688,0.29630619369023709,0.16419287882964387,5.140332995374195e-05,2.5115654348954755e-13,1.9304269453736847e-14,0,3.2862601528904634e-14,2.3503421431314564e-13,5.3290705182007514e-15,0.015624999999999814,64,9.8656855845733988e-14,1.5099033134902129e-14,1.1102230246251565e-15,7.8333173281208701e-14,2.3503421431314564e-13,3.5527136788005009e-15,1.592064712109277,61.500029763934435,2.2204460492503126e-16,5.3290705182007514e-14,1.2934098236883074e-14
hex,4,3,0.20000000000000001,gll,shear,8,sine,xyy,reused,0.3814411400030675,0.029703464830558666,1.7527875447413219,12.841637909212672,0.61540012716658055,0.047972046789357577,0.29630619369146388,0.16419287883024611,5.140332995374195e-05,5.0164058986634301e-12,3.855684976853646e-13,0,3.2862601528904634e-14,2.3503421431314564e-13,5.3290705182007514e-15,0.015624999999999814,64,9.8656855845733988e-14,1.5099033134902129e-14,1.1102230246251565e-15,7.8333173281208701e-14,2.3503421431314564e-13,3.5527136788005009e-15,1.592064712109277,61.500029763934435,2.2204460492503126e-16,5.3290705182007514e-14,1.2934098236883074e-14
hex,4,3,0.20000000000000001,gll,shear,8,sine,xyy,reused_centered,0.38144114000306756,0.029703464830558669,1.7527875447409222,12.841637909212672,0.61540012716658299,0.047972046789357771,0.29630619369148664,0.16419287883027156,5.140332995374195e-05,5.0078720135308671e-12,3.8491257044653046e-13,0,3.2862601528904634e-14,2.3503421431314564e-13,5.3290705182007514e-15,0.015624999999999814,64,9.8656855845733988e-14,1.5099033134902129e-14,1.1102230246251565e-15,7.8333173281208701e-14,2.3503421431314564e-13,3.5527136788005009e-15,1.592064712109277,61.500029763934435,2.2204460492503126e-16,5.3290705182007514e-14,1.2934098236883074e-14
hex,4,3,0.20000000000000001,gll,shear,8,sine,xyz,recursive,0.03366958480738972,0.0078657220470065015,0.25074675517058775,4.2805459697375818,0.055397621955269968,0.012955167841903915,0.04181053123911687,0.024185012942663908,5.140332995374195e-05,0.00068347152350212821,0.00015961904185241116,0,3.2862601528904634e-14,2.3503421431314564e-13,5.3290705182007514e-15,0.015624999999999814,64,9.8656855845733988e-14,1.5099033134902129e-14,1.1102230246251565e-15,7.8333173281208701e-14,2.3503421431314564e-13,3.5527136788005009e-15,1.592064712109277,61.500029763934435,2.2204460492503126e-16,5.3290705182007514e-14,1.2934098236883074e-14
hex,4,3,0.20000000000000001,gll,shear,8,sine,xyz,direct,0.033681871416871165,0.0078685923840075053,0.25705863116171557,4.2805459697375818,0.05543440887249098,0.012963770750659985,0.040997244026842593,0.023588214423194052,5.140332995374195e-05,0,0,0,3.2862601528904634e-14,2.3503421431314564e-13,5.3290705182007514e-15,0.015624999999999814,64,9.8656855845733988e-14,1.5099033134902129e-14,1.1102230246251565e-15,7.8333173281208701e-14,2.3503421431314564e-13,3.5527136788005009e-15,1.592064712109277,61.500029763934435,2.2204460492503126e-16,5.3290705182007514e-14,1.2934098236883074e-14
hex,4,3,0.20000000000000001,gll,shear,8,sine,xyz,fe_geometry,0.033681871416868132,0.0078685923840067975,0.25705863116201666,4.2805459697375818,0.05543440887248479,0.012963770750658538,0.04099724402683784,0.023588214423204371,5.140332995374195e-05,2.8488188410138171e-13,6.6531774650053285e-14,0,3.2862601528904634e-14,2.3503421431314564e-13,5.3290705182007514e-15,0.015624999999999814,64,9.8656855845733988e-14,1.5099033134902129e-14,1.1102230246251565e-15,7.8333173281208701e-14,2.3503421431314564e-13,3.5527136788005009e-15,1.592064712109277,61.500029763934435,2.2204460492503126e-16,5.3290705182007514e-14,1.2934098236883074e-14
hex,4,3,0.20000000000000001,gll,shear,8,sine,xyz,reused,0.033681871416827269,0.0078685923839972513,0.25705863115670713,4.2805459697375818,0.055434408872377737,0.012963770750633504,0.040997244026556634,0.023588214423311809,5.140332995374195e-05,2.6326795539699938e-12,6.1484022883041892e-13,0,3.2862601528904634e-14,2.3503421431314564e-13,5.3290705182007514e-15,0.015624999999999814,64,9.8656855845733988e-14,1.5099033134902129e-14,1.1102230246251565e-15,7.8333173281208701e-14,2.3503421431314564e-13,3.5527136788005009e-15,1.592064712109277,61.500029763934435,2.2204460492503126e-16,5.3290705182007514e-14,1.2934098236883074e-14
hex,4,3,0.20000000000000001,gll,shear,8,sine,xyz,reused_centered,0.03368187141682541,0.0078685923839968176,0.25705863115764505,4.2805459697375818,0.055434408872369112,0.012963770750631485,0.040997244026554157,0.023588214423308513,5.140332995374195e-05,2.6278981278874487e-12,6.1372356687196122e-13,0,3.2862601528904634e-14,2.3503421431314564e-13,5.3290705182007514e-15,0.015624999999999814,64,9.8656855845733988e-14,1.5099033134902129e-14,1.1102230246251565e-15,7.8333173281208701e-14,2.3503421431314564e-13,3.5527136788005009e-15,1.592064712109277,61.500029763934435,2.2204460492503126e-16,5.3290705182007514e-14,1.2934098236883074e-14
hex,4,3,0.20000000000000001,gll,shear,8,sine,xzz,recursive,0.025887174051998297,0.018142901093702264,0.16315626566007788,1.426848656579196,0.041891171255063746,0.029389735635664729,0.021929254683245435,0.016061246834885821,5.140332995374195e-05,0.00093279274204826962,0.00065407036538307577,0,3.2862601528904634e-14,2.3503421431314564e-13,5.3290705182007514e-15,0.015624999999999814,64,9.8656855845733988e-14,1.5099033134902129e-14,1.1102230246251565e-15,7.8333173281208701e-14,2.3503421431314564e-13,3.5527136788005009e-15,1.592064712109277,61.500029763934435,2.2204460492503126e-16,5.3290705182007514e-14,1.2934098236883074e-14
hex,4,3,0.20000000000000001,gll,shear,8,sine,xzz,direct,0.025921455956598571,0.018166927401217219,0.16877686650314461,1.426848656579196,0.041968010045701928,0.029443643694946967,0.019281129350039321,0.014425160233437871,5.140332995374195e-05,0,0,0,3.2862601528904634e-14,2.3503421431314564e-13,5.3290705182007514e-15,0.015624999999999814,64,9.8656855845733988e-14,1.5099033134902129e-14,1.1102230246251565e-15,7.8333173281208701e-14,2.3503421431314564e-13,3.5527136788005009e-15,1.592064712109277,61.500029763934435,2.2204460492503126e-16,5.3290705182007514e-14,1.2934098236883074e-14
hex,4,3,0.20000000000000001,gll,shear,8,sine,xzz,fe_geometry,0.025921455956595618,0.018166927401215147,0.16877686650361606,1.426848656579196,0.041968010045699715,0.029443643694945416,0.019281129350031224,0.014425160233451783,5.140332995374195e-05,2.2277583924340724e-13,1.5620948577762044e-13,0,3.2862601528904634e-14,2.3503421431314564e-13,5.3290705182007514e-15,0.015624999999999814,64,9.8656855845733988e-14,1.5099033134902129e-14,1.1102230246251565e-15,7.8333173281208701e-14,2.3503421431314564e-13,3.5527136788005009e-15,1.592064712109277,61.500029763934435,2.2204460492503126e-16,5.3290705182007514e-14,1.2934098236883074e-14
hex,4,3,0.20000000000000001,gll,shear,8,sine,xzz,reused,0.025921455956435104,0.018166927401102654,0.16877686649908227,1.426848656579196,0.041968010045365003,0.02944364369471059,0.019281129349630433,0.014425160233033611,5.140332995374195e-05,3.2338143283482498e-12,2.2675370679656425e-12,0,3.2862601528904634e-14,2.3503421431314564e-13,5.3290705182007514e-15,0.015624999999999814,64,9.8656855845733988e-14,1.5099033134902129e-14,1.1102230246251565e-15,7.8333173281208701e-14,2.3503421431314564e-13,3.5527136788005009e-15,1.592064712109277,61.500029763934435,2.2204460492503126e-16,5.3290705182007514e-14,1.2934098236883074e-14
hex,4,3,0.20000000000000001,gll,shear,8,sine,xzz,reused_centered,0.025921455956438202,0.018166927401104822,0.16877686649983764,1.426848656579196,0.041968010045368619,0.029443643694713126,0.019281129349619799,0.014425160233024936,5.140332995374195e-05,3.2205392849016128e-12,2.2582286630797387e-12,0,3.2862601528904634e-14,2.3503421431314564e-13,5.3290705182007514e-15,0.015624999999999814,64,9.8656855845733988e-14,1.5099033134902129e-14,1.1102230246251565e-15,7.8333173281208701e-14,2.3503421431314564e-13,3.5527136788005009e-15,1.592064712109277,61.500029763934435,2.2204460492503126e-16,5.3290705182007514e-14,1.2934098236883074e-14
hex,4,3,0.20000000000000001,gll,shear,8,sine,yyy,recursive,4.6960953229555518,0.24379524149778797,15.704856632793932,19.262456863819306,6.0580976909969886,0.31482968891050112,8.4666573647093397,4.3608460219679728,5.140332995374195e-05,0.17730993491928651,0.0092206311322177281,0,3.2862601528904634e-14,2.3503421431314564e-13,5.3290705182007514e-15,0.015624999999999814,64,9.8656855845733988e-14,1.5099033134902129e-14,1.1102230246251565e-15,7.8333173281208701e-14,2.3503421431314564e-13,3.5527136788005009e-15,1.592064712109277,61.500029763934435,2.2204460492503126e-16,5.3290705182007514e-14,1.2934098236883074e-14
hex,4,3,0.20000000000000001,gll,shear,8,sine,yyy,direct,4.7040490581723073,0.24420815534740678,16.462301085727404,19.262456863819306,6.0721506821492444,0.31556000047997312,8.4616910794371147,4.3651372762715663,5.140332995374195e-05,0,0,0,3.2862601528904634e-14,2.3503421431314564e-13,5.3290705182007514e-15,0.015624999999999814,64,9.8656855845733988e-14,1.5099033134902129e-14,1.1102230246251565e-15,7.8333173281208701e-14,2.3503421431314564e-13,3.5527136788005009e-15,1.592064712109277,61.500029763934435,2.2204460492503126e-16,5.3290705182007514e-14,1.2934098236883074e-14
hex,4,3,0.20000000000000001,gll,shear,8,sine,yyy,fe_geometry,4.7040490581723216,0.2442081553474075,16.462301085727212,19.262456863819306,6.0721506821492639,0.31556000047997412,8.4616910794371432,4.3651372762715868,5.140332995374195e-05,2.1139544921876109e-13,1.0993176784837003e-14,0,3.2862601528904634e-14,2.3503421431314564e-13,5.3290705182007514e-15,0.015624999999999814,64,9.8656855845733988e-14,1.5099033134902129e-14,1.1102230246251565e-15,7.8333173281208701e-14,2.3503421431314564e-13,3.5527136788005009e-15,1.592064712109277,61.500029763934435,2.2204460492503126e-16,5.3290705182007514e-14,1.2934098236883074e-14
hex,4,3,0.20000000000000001,gll,shear,8,sine,yyy,reused,4.704049058173136,0.2442081553474498,16.462301085729734,19.262456863819306,6.0721506821501121,0.3155600004800182,8.4616910794386744,4.3651372762734839,5.140332995374195e-05,5.2933971998576321e-12,2.752720147261889e-13,0,3.2862601528904634e-14,2.3503421431314564e-13,5.3290705182007514e-15,0.015624999999999814,64,9.8656855845733988e-14,1.5099033134902129e-14,1.1102230246251565e-15,7.8333173281208701e-14,2.3503421431314564e-13,3.5527136788005009e-15,1.592064712109277,61.500029763934435,2.2204460492503126e-16,5.3290705182007514e-14,1.2934098236883074e-14
hex,4,3,0.20000000000000001,gll,shear,8,sine,yyy,reused_centered,4.7040490581722887,0.24420815534740578,16.462301085727692,19.262456863819306,6.0721506821490321,0.31556000047996208,8.4616910794372373,4.3651372762728311,5.140332995374195e-05,5.1809124035917274e-12,2.6942247891296612e-13,0,3.2862601528904634e-14,2.3503421431314564e-13,5.3290705182007514e-15,0.015624999999999814,64,9.8656855845733988e-14,1.5099033134902129e-14,1.1102230246251565e-15,7.8333173281208701e-14,2.3503421431314564e-13,3.5527136788005009e-15,1.592064712109277,61.500029763934435,2.2204460492503126e-16,5.3290705182007514e-14,1.2934098236883074e-14
hex,4,3,0.20000000000000001,gll,shear,8,sine,yyz,recursive,0.4525377122617375,0.070479749617777976,2.6217658342997936,6.4208189546063359,0.62046247372406083,0.096733339843702193,0.72813601721995946,0.32911255974183373,5.140332995374195e-05,0.015927314139733993,0.0024420246301827841,0,3.2862601528904634e-14,2.3503421431314564e-13,5.3290705182007514e-15,0.015624999999999814,64,9.8656855845733988e-14,1.5099033134902129e-14,1.1102230246251565e-15,7.8333173281208701e-14,2.3503421431314564e-13,3.5527136788005009e-15,1.592064712109277,61.500029763934435,2.2204460492503126e-16,5.3290705182007514e-14,1.2934098236883074e-14
hex,4,3,0.20000000000000001,gll,shear,8,sine,yyz,direct,0.45256131257233928,0.070483425209749762,2.7364430676213392,6.4208189546063359,0.62042896384436352,0.096728115478461496,0.72552141961679462,0.32719130323770196,5.140332995374195e-05,0,0,0,3.2862601528904634e-14,2.3503421431314564e-13,5.3290705182007514e-15,0.015624999999999814,64,9.8656855845733988e-14,1.5099033134902129e-14,1.1102230246251565e-15,7.8333173281208701e-14,2.3503421431314564e-13,3.5527136788005009e-15,1.592064712109277,61.500029763934435,2.2204460492503126e-16,5.3290705182007514e-14,1.2934098236883074e-14
hex,4,3,0.20000000000000001,gll,shear,8,sine,yyz,fe_geometry,0.45256131257232562,0.070483425209747638,2.736443067621515,6.4208189546063359,0.62042896384434487,0.096728115478458596,0.72552141961677241,0.32719130323763279,5.140332995374195e-05,2.8109732730707454e-13,4.3098703945943042e-14,0,3.2862601528904634e-14,2.3503421431314564e-13,5.3290705182007514e-15,0.015624999999999814,64,9.8656855845733988e-14,1.5099033134902129e-14,1.1102230246251565e-15,7.8333173281208701e-14,2.3503421431314564e-13,3.5527136788005009e-15,1.592064712109277,61.500029763934435,2.2204460492503126e-16,5.3290705182007514e-14,1.2934098236883074e-14
hex,4,3,0.20000000000000001,gll,shear,8,sine,yyz,reused,0.45256131257237969,0.070483425209756048,2.7364430676413374,6.4208189546063359,0.62042896384434942,0.096728115478459303,0.72552141961758065,0.3271913032380403,5.140332995374195e-05,4.168192571033146e-12,6.3908006287228578e-13,0,3.2862601528904634e-14,2.3503421431314564e-13,5.3290705182007514e-15,0.015624999999999814,64,9.8656855845733988e-14,1.5099033134902129e-14,1.1102230246251565e-15,7.8333173281208701e-14,2.3503421431314564e-13,3.5527136788005009e-15,1.592064712109277,61.500029763934435,2.2204460492503126e-16,5.3290705182007514e-14,1.2934098236883074e-14
hex,4,3,0.20000000000000001,gll,shear,8,sine,yyz,reused_centered,0.45256131257231735,0.070483425209746348,2.7364430676416074,6.4208189546063359,0.62042896384425905,0.096728115478445217,0.72552141961747052,0.32719130323797679,5.140332995374195e-05,4.1432015593747243e-12,6.3524836435314863e-13,0,3.2862601528904634e-14,2.3503421431314564e-13,5.3290705182007514e-15,0.015624999999999814,64,9.8656855845733988e-14,1.5099033134902129e-14,1.1102230246251565e-15,7.8333173281208701e-14,2.3503421431314564e-13,3.5527136788005009e-15,1.592064712109277,61.500029763934435,2.2204460492503126e-16,5.3290705182007514e-14,1.2934098236883074e-14
hex,4,3,0.20000000000000001,gll,shear,8,sine,yzz,recursive,0.080551775147751303,0.037636215434775251,0.54582927003905646,2.1402729848687909,0.11932882070178562,0.055811958925468919,0.11164193292888359,0.064940660167107769,5.140332995374195e-05,0.0026862515438277278,0.0012538233554928049,0,3.2862601528904634e-14,2.3503421431314564e-13,5.3290705182007514e-15,0.015624999999999814,64,9.8656855845733988e-14,1.5099033134902129e-14,1.1102230246251565e-15,7.8333173281208701e-14,2.3503421431314564e-13,3.5527136788005009e-15,1.592064712109277,61.500029763934435,2.2204460492503126e-16,5.3290705182007514e-14,1.2934098236883074e-14
hex,4,3,0.20000000000000001,gll,shear,8,sine,yzz,direct,0.079559247787619497,0.037172476758845253,0.52698628265153058,2.1402729848687909,0.11738161947077309,0.054901222403598071,0.10650409914704349,0.060566388008809771,5.140332995374195e-05,0,0,0,3.2862601528904634e-14,2.3503421431314564e-13,5.3290705182007514e-15,0.015624999999999814,64,9.8656855845733988e-14,1.5099033134902129e-14,1.1102230246251565e-15,7.8333173281208701e-14,2.3503421431314564e-13,3.5527136788005009e-15,1.592064712109277,61.500029763934435,2.2204460492503126e-16,5.3290705182007514e-14,1.2934098236883074e-14
hex,4,3,0.20000000000000001,gll,shear,8,sine,yzz,fe_geometry,0.079559247787604342,0.037172476758838176,0.52698628265104674,2.1402729848687909,0.11738161947074645,0.054901222403585616,0.10650409914699381,0.060566388008799731,5.140332995374195e-05,2.4804569942058485e-13,1.157767566025911e-13,0,3.2862601528904634e-14,2.3503421431314564e-13,5.3290705182007514e-15,0.015624999999999814,64,9.8656855845733988e-14,1.5099033134902129e-14,1.1102230246251565e-15,7.8333173281208701e-14,2.3503421431314564e-13,3.5527136788005009e-15,1.592064712109277,61.500029763934435,2.2204460492503126e-16,5.3290705182007514e-14,1.2934098236883074e-14
hex,4,3,0.20000000000000001,gll,shear,8,sine,yzz,reused,0.079559247787571702,0.037172476758822924,0.52698628264069847,2.1402729848687909,0.11738161947069121,0.054901222403559775,0.10650409914687085,0.060566388007706723,5.140332995374195e-05,4.4120957606030165e-12,2.0593710682180352e-12,0,3.2862601528904634e-14,2.3503421431314564e-13,5.3290705182007514e-15,0.015624999999999814,64,9.8656855845733988e-14,1.5099033134902129e-14,1.1102230246251565e-15,7.8333173281208701e-14,2.3503421431314564e-13,3.5527136788005009e-15,1.592064712109277,61.500029763934435,2.2204460492503126e-16,5.3290705182007514e-14,1.2934098236883074e-14
hex,4,3,0.20000000000000001,gll,shear,8,sine,yzz,reused_centered,0.079559247787566234,0.037172476758820371,0.5269862826408005,2.1402729848687909,0.11738161947068373,0.054901222403556285,0.1065040991468446,0.060566388007688592,5.140332995374195e-05,4.3970486024274646e-12,2.0523477206102314e-12,0,3.2862601528904634e-14,2.3503421431314564e-13,5.3290705182007514e-15,0.015624999999999814,64,9.8656855845733988e-14,1.5099033134902129e-14,1.1102230246251565e-15,7.8333173281208701e-14,2.3503421431314564e-13,3.5527136788005009e-15,1.592064712109277,61.500029763934435,2.2204460492503126e-16,5.3290705182007514e-14,1.2934098236883074e-14
hex,4,3,0.20000000000000001,gll,shear,8,sine,zzz,recursive,0.33584591456279561,0.47075197921547018,1.227092791528797,0.71342432828959801,0.4328510848494333,0.60735370113566756,0.62140888635794578,0.32119742618998998,5.140332995374195e-05,0.022183412451790504,0.028416284455901074,0,3.2862601528904634e-14,2.3503421431314564e-13,5.3290705182007514e-15,0.015624999999999814,64,9.8656855845733988e-14,1.5099033134902129e-14,1.1102230246251565e-15,7.8333173281208701e-14,2.3503421431314564e-13,3.5527136788005009e-15,1.592064712109277,61.500029763934435,2.2204460492503126e-16,5.3290705182007514e-14,1.2934098236883074e-14
hex,4,3,0.20000000000000001,gll,shear,8,sine,zzz,direct,0.33690345767813679,0.47223432720026154,1.3202371609927082,0.71342432828959801,0.43485254565521109,0.61016204486083114,0.62020973589317296,0.32005962042392477,5.140332995374195e-05,0,0,0,3.2862601528904634e-14,2.3503421431314564e-13,5.3290705182007514e-15,0.015624999999999814,64,9.8656855845733988e-14,1.5099033134902129e-14,1.1102230246251565e-15,7.8333173281208701e-14,2.3503421431314564e-13,3.5527136788005009e-15,1.592064712109277,61.500029763934435,2.2204460492503126e-16,5.3290705182007514e-14,1.2934098236883074e-14
hex,4,3,0.20000000000000001,gll,shear,8,sine,zzz,fe_geometry,0.33690345767813812,0.47223432720026337,1.3202371609927037,0.71342432828959801,0.43485254565521086,0.61016204486083081,0.62020973589316997,0.32005962042392549,5.140332995374195e-05,8.1530116800310431e-14,1.0443762859998866e-13,0,3.2862601528904634e-14,2.3503421431314564e-13,5.3290705182007514e-15,0.015624999999999814,64,9.8656855845733988e-14,1.5099033134902129e-14,1.1102230246251565e-15,7.8333173281208701e-14,2.3503421431314564e-13,3.5527136788005009e-15,1.592064712109277,61.500029763934435,2.2204460492503126e-16,5.3290705182007514e-14,1.2934098236883074e-14
hex,4,3,0.20000000000000001,gll,shear,8,sine,zzz,reused,0.33690345767811891,0.47223432720023639,1.3202371609935393,0.71342432828959801,0.43485254565516396,0.61016204486076497,0.62020973589295625,0.32005962042328107,5.140332995374195e-05,3.0531581480767316e-12,3.9110038012928837e-12,0,3.2862601528904634e-14,2.3503421431314564e-13,5.3290705182007514e-15,0.015624999999999814,64,9.8656855845733988e-14,1.5099033134902129e-14,1.1102230246251565e-15,7.8333173281208701e-14,2.3503421431314564e-13,3.5527136788005009e-15,1.592064712109277,61.500029763934435,2.2204460492503126e-16,5.3290705182007514e-14,1.2934098236883074e-14
hex,4,3,0.20000000000000001,gll,shear,8,sine,zzz,reused_centered,0.33690345767825364,0.4722343272004253,1.3202371609916381,0.71342432828959801,0.43485254565533082,0.61016204486099912,0.62020973589330985,0.32005962042352387,5.140332995374195e-05,2.9217438257107406e-12,3.742666005020693e-12,0,3.2862601528904634e-14,2.3503421431314564e-13,5.3290705182007514e-15,0.015624999999999814,64,9.8656855845733988e-14,1.5099033134902129e-14,1.1102230246251565e-15,7.8333173281208701e-14,2.3503421431314564e-13,3.5527136788005009e-15,1.592064712109277,61.500029763934435,2.2204460492503126e-16,5.3290705182007514e-14,1.2934098236883074e-14
