family,n,p,amplitude,basis,map,extra,field,derivative,method,error_l2,relative_l2,sampled_linf,truth_l2,face_rms,face_relative_l2,jump_rms,jump_mean_abs,input_error_l2,operator_error_l2,operator_relative_l2,inverse_residual,representation_residual,first_derivative_residual,geometry_residual,min_jacobian,elements,geometry_derivative_residual,geometry_jacobian_residual,fe_inverse_residual,method_agreement,fe_first_residual,face_geometry_residual,initialization_seconds,evaluation_seconds,reused_inverse_residual,reused_first_residual,reused_geometry_residual
hex,4,3,0.20000000000000001,gll,shear,0,constant,x,recursive,7.8775103133894697e-14,nan,6.4235234437591261e-13,0,1.3561307054688216e-13,nan,2.1408923952788789e-13,1.7266103321739116e-13,6.5942557733189839e-15,4.6297990523868061e-14,nan,0,3.3306690738754696e-14,2.18512641867292e-13,4.4408920985006262e-15,0.015624999999999811,64,9.8325080419624623e-14,1.6321960376997498e-14,1.2212453270876722e-15,7.8038270290292644e-14,2.18512641867292e-13,3.5527136788005009e-15,1.4254838718334213,36.934457118972205,2.2204460492503126e-16,4.9719610914157326e-14,1.1941727988407091e-14
hex,4,3,0.20000000000000001,gll,shear,0,constant,x,direct,7.6536781114006342e-14,nan,6.7009200291298425e-13,0,1.3389472151371296e-13,nan,1.9526624404360879e-13,1.4737389893028269e-13,6.5942557733189839e-15,0,nan,0,3.3306690738754696e-14,2.18512641867292e-13,4.4408920985006262e-15,0.015624999999999811,64,9.8325080419624623e-14,1.6321960376997498e-14,1.2212453270876722e-15,7.8038270290292644e-14,2.18512641867292e-13,3.5527136788005009e-15,1.4254838718334213,36.934457118972205,2.2204460492503126e-16,4.9719610914157326e-14,1.1941727988407091e-14
hex,4,3,0.20000000000000001,gll,shear,0,constant,x,fe_geometry,7.6536781114006342e-14,nan,6.7009200291298738e-13,0,1.3389472151371296e-13,nan,1.9526624404360879e-13,1.4737389893028269e-13,6.5942557733189839e-15,1.0467428890589584e-28,nan,0,3.3306690738754696e-14,2.18512641867292e-13,4.4408920985006262e-15,0.015624999999999811,64,9.8325080419624623e-14,1.6321960376997498e-14,1.2212453270876722e-15,7.8038270290292644e-14,2.18512641867292e-13,3.5527136788005009e-15,1.4254838718334213,36.934457118972205,2.2204460492503126e-16,4.9719610914157326e-14,1.1941727988407091e-14
hex,4,3,0.20000000000000001,gll,shear,0,constant,x,reused,6.8964273534420293e-14,nan,6.3644428462230157e-13,0,1.2357347899885022e-13,nan,1.8743148745168174e-13,1.4355278234629426e-13,6.5942557733189839e-15,1.5943156965675358e-14,nan,0,3.3306690738754696e-14,2.18512641867292e-13,4.4408920985006262e-15,0.015624999999999811,64,9.8325080419624623e-14,1.6321960376997498e-14,1.2212453270876722e-15,7.8038270290292644e-14,2.18512641867292e-13,3.5527136788005009e-15,1.4254838718334213,36.934457118972205,2.2204460492503126e-16,4.9719610914157326e-14,1.1941727988407091e-14
hex,4,3,0.20000000000000001,gll,shear,0,constant,x,reused_centered,6.9627713864168853e-14,nan,6.367899569785646e-13,0,1.2418614646084158e-13,nan,1.8737516855750473e-13,1.4350991837625052e-13,6.5942557733189839e-15,1.5385774937877764e-14,nan,0,3.3306690738754696e-14,2.18512641867292e-13,4.4408920985006262e-15,0.015624999999999811,64,9.8325080419624623e-14,1.6321960376997498e-14,1.2212453270876722e-15,7.8038270290292644e-14,2.18512641867292e-13,3.5527136788005009e-15,1.4254838718334213,36.934457118972205,2.2204460492503126e-16,4.9719610914157326e-14,1.1941727988407091e-14
hex,4,3,0.20000000000000001,gll,shear,0,constant,y,recursive,8.700474226376227e-14,nan,1.2225602537968141e-12,0,1.6279620423696036e-13,nan,2.2268814504417122e-13,1.6447394479681659e-13,6.5942557733189839e-15,4.288050457650504e-14,nan,0,3.3306690738754696e-14,2.18512641867292e-13,4.4408920985006262e-15,0.015624999999999811,64,9.8325080419624623e-14,1.6321960376997498e-14,1.2212453270876722e-15,7.8038270290292644e-14,2.18512641867292e-13,3.5527136788005009e-15,1.4254838718334213,36.934457118972205,2.2204460492503126e-16,4.9719610914157326e-14,1.1941727988407091e-14
hex,4,3,0.20000000000000001,gll,shear,0,constant,y,direct,8.3270989507940671e-14,nan,8.3296078283514479e-13,0,1.5361314826857175e-13,nan,2.0908708611167332e-13,1.4736219020406207e-13,6.5942557733189839e-15,0,nan,0,3.3306690738754696e-14,2.18512641867292e-13,4.4408920985006262e-15,0.015624999999999811,64,9.8325080419624623e-14,1.6321960376997498e-14,1.2212453270876722e-15,7.8038270290292644e-14,2.18512641867292e-13,3.5527136788005009e-15,1.4254838718334213,36.934457118972205,2.2204460492503126e-16,4.9719610914157326e-14,1.1941727988407091e-14
hex,4,3,0.20000000000000001,gll,shear,0,constant,y,fe_geometry,8.3270989507940658e-14,nan,8.3296078283514257e-13,0,1.5361314826857175e-13,nan,2.090870861116734e-13,1.4736219020406212e-13,6.5942557733189839e-15,1.2006887641978928e-28,nan,0,3.3306690738754696e-14,2.18512641867292e-13,4.4408920985006262e-15,0.015624999999999811,64,9.8325080419624623e-14,1.6321960376997498e-14,1.2212453270876722e-15,7.8038270290292644e-14,2.18512641867292e-13,3.5527136788005009e-15,1.4254838718334213,36.934457118972205,2.2204460492503126e-16,4.9719610914157326e-14,1.1941727988407091e-14
hex,4,3,0.20000000000000001,gll,shear,0,constant,y,reused,8.0478663261874617e-14,nan,7.2046064196160584e-13,0,1.478066079424765e-13,nan,1.9853298871351137e-13,1.4343155234673653e-13,6.5942557733189839e-15,2.5599225787524695e-14,nan,0,3.3306690738754696e-14,2.18512641867292e-13,4.4408920985006262e-15,0.015624999999999811,64,9.8325080419624623e-14,1.6321960376997498e-14,1.2212453270876722e-15,7.8038270290292644e-14,2.18512641867292e-13,3.5527136788005009e-15,1.4254838718334213,36.934457118972205,2.2204460492503126e-16,4.9719610914157326e-14,1.1941727988407091e-14
hex,4,3,0.20000000000000001,gll,shear,0,constant,y,reused_centered,8.1161744495578873e-14,nan,7.190894802786536e-13,0,1.4838342913207397e-13,nan,1.9848031486314162e-13,1.4338315893460687e-13,6.5942557733189839e-15,2.5990551279663197e-14,nan,0,3.3306690738754696e-14,2.18512641867292e-13,4.4408920985006262e-15,0.015624999999999811,64,9.8325080419624623e-14,1.6321960376997498e-14,1.2212453270876722e-15,7.8038270290292644e-14,2.18512641867292e-13,3.5527136788005009e-15,1.4254838718334213,36.934457118972205,2.2204460492503126e-16,4.9719610914157326e-14,1.1941727988407091e-14
hex,4,3,0.20000000000000001,gll,shear,0,constant,z,recursive,2.4492727490978389e-13,nan,2.1205936073009433e-12,0,4.5877950711998984e-13,nan,2.0690449652332937e-13,1.4814531925729724e-13,6.5942557733189839e-15,4.1020483069251783e-14,nan,0,3.3306690738754696e-14,2.18512641867292e-13,4.4408920985006262e-15,0.015624999999999811,64,9.8325080419624623e-14,1.6321960376997498e-14,1.2212453270876722e-15,7.8038270290292644e-14,2.18512641867292e-13,3.5527136788005009e-15,1.4254838718334213,36.934457118972205,2.2204460492503126e-16,4.9719610914157326e-14,1.1941727988407091e-14
hex,4,3,0.20000000000000001,gll,shear,0,constant,z,direct,2.4507872141043436e-13,nan,1.9392984035515475e-12,0,4.6002709291045575e-13,nan,1.8001814511290301e-13,1.2638515935795017e-13,6.5942557733189839e-15,0,nan,0,3.3306690738754696e-14,2.18512641867292e-13,4.4408920985006262e-15,0.015624999999999811,64,9.8325080419624623e-14,1.6321960376997498e-14,1.2212453270876722e-15,7.8038270290292644e-14,2.18512641867292e-13,3.5527136788005009e-15,1.4254838718334213,36.934457118972205,2.2204460492503126e-16,4.9719610914157326e-14,1.1941727988407091e-14
hex,4,3,0.20000000000000001,gll,shear,0,constant,z,fe_geometry,2.4507872141043441e-13,nan,1.9392984035515439e-12,0,4.6002709291045575e-13,nan,1.8001814511290301e-13,1.2638515935795014e-13,6.5942557733189839e-15,1.2765937847597307e-28,nan,0,3.3306690738754696e-14,2.18512641867292e-13,4.4408920985006262e-15,0.015624999999999811,64,9.8325080419624623e-14,1.6321960376997498e-14,1.2212453270876722e-15,7.8038270290292644e-14,2.18512641867292e-13,3.5527136788005009e-15,1.4254838718334213,36.934457118972205,2.2204460492503126e-16,4.9719610914157326e-14,1.1941727988407091e-14
hex,4,3,0.20000000000000001,gll,shear,0,constant,z,reused,2.4111637661985427e-13,nan,1.872223677541323e-12,0,4.5039528610825048e-13,nan,1.7130543336193879e-13,1.2119844159760343e-13,6.5942557733189839e-15,1.7433044380700608e-14,nan,0,3.3306690738754696e-14,2.18512641867292e-13,4.4408920985006262e-15,0.015624999999999811,64,9.8325080419624623e-14,1.6321960376997498e-14,1.2212453270876722e-15,7.8038270290292644e-14,2.18512641867292e-13,3.5527136788005009e-15,1.4254838718334213,36.934457118972205,2.2204460492503126e-16,4.9719610914157326e-14,1.1941727988407091e-14
hex,4,3,0.20000000000000001,gll,shear,0,constant,z,reused_centered,2.4146135876215296e-13,nan,1.8705246699930587e-12,0,4.5052821192604856e-13,nan,1.7124528467726341e-13,1.2117964302938497e-13,6.5942557733189839e-15,1.7567925599036519e-14,nan,0,3.3306690738754696e-14,2.18512641867292e-13,4.4408920985006262e-15,0.015624999999999811,64,9.8325080419624623e-14,1.6321960376997498e-14,1.2212453270876722e-15,7.8038270290292644e-14,2.18512641867292e-13,3.5527136788005009e-15,1.4254838718334213,36.934457118972205,2.2204460492503126e-16,4.9719610914157326e-14,1.1941727988407091e-14
hex,4,3,0.20000000000000001,gll,shear,0,constant,xx,recursive,2.2180513491843605e-12,nan,2.2396750670010528e-11,0,3.6836291524768122e-12,nan,4.142853878556342e-12,3.069132746960847e-12,6.5942557733189839e-15,2.1186291913647758e-12,1.6421296952008437,0,3.3306690738754696e-14,2.18512641867292e-13,4.4408920985006262e-15,0.015624999999999811,64,9.8325080419624623e-14,1.6321960376997498e-14,1.2212453270876722e-15,7.8038270290292644e-14,2.18512641867292e-13,3.5527136788005009e-15,1.4254838718334213,36.934457118972205,2.2204460492503126e-16,4.9719610914157326e-14,1.1941727988407091e-14
hex,4,3,0.20000000000000001,gll,shear,0,constant,xx,direct,1.2901716579125946e-12,nan,9.7309886339729188e-12,0,2.0341154568576565e-12,nan,2.8973919578394148e-12,2.3073941533650732e-12,6.5942557733189839e-15,0,0,0,3.3306690738754696e-14,2.18512641867292e-13,4.4408920985006262e-15,0.015624999999999811,64,9.8325080419624623e-14,1.6321960376997498e-14,1.2212453270876722e-15,7.8038270290292644e-14,2.18512641867292e-13,3.5527136788005009e-15,1.4254838718334213,36.934457118972205,2.2204460492503126e-16,4.9719610914157326e-14,1.1941727988407091e-14
hex,4,3,0.20000000000000001,gll,shear,0,constant,xx,fe_geometry,1.2901716579125946e-12,nan,9.7309886339729058e-12,0,2.0341154568576569e-12,nan,2.897391957839416e-12,2.3073941533650744e-12,6.5942557733189839e-15,3.7632083503168303e-27,2.9168276385837156e-15,0,3.3306690738754696e-14,2.18512641867292e-13,4.4408920985006262e-15,0.015624999999999811,64,9.8325080419624623e-14,1.6321960376997498e-14,1.2212453270876722e-15,7.8038270290292644e-14,2.18512641867292e-13,3.5527136788005009e-15,1.4254838718334213,36.934457118972205,2.2204460492503126e-16,4.9719610914157326e-14,1.1941727988407091e-14
hex,4,3,0.20000000000000001,gll,shear,0,constant,xx,reused,1.1785363525814872e-12,nan,9.9150662748796541e-12,0,1.9684059804874829e-12,nan,2.9532965381090828e-12,2.3198011645950398e-12,6.5942557733189839e-15,3.2179752059709692e-13,0.24942225216584146,0,3.3306690738754696e-14,2.18512641867292e-13,4.4408920985006262e-15,0.015624999999999811,64,9.8325080419624623e-14,1.6321960376997498e-14,1.2212453270876722e-15,7.8038270290292644e-14,2.18512641867292e-13,3.5527136788005009e-15,1.4254838718334213,36.934457118972205,2.2204460492503126e-16,4.9719610914157326e-14,1.1941727988407091e-14
hex,4,3,0.20000000000000001,gll,shear,0,constant,xx,reused_centered,1.1769169511060906e-12,nan,9.8173993775615233e-12,0,1.9586949267120809e-12,nan,2.9530405602175486e-12,2.3192859374528046e-12,6.5942557733189839e-15,3.1776345426851406e-13,0.24629548503850457,0,3.3306690738754696e-14,2.18512641867292e-13,4.4408920985006262e-15,0.015624999999999811,64,9.8325080419624623e-14,1.6321960376997498e-14,1.2212453270876722e-15,7.8038270290292644e-14,2.18512641867292e-13,3.5527136788005009e-15,1.4254838718334213,36.934457118972205,2.2204460492503126e-16,4.9719610914157326e-14,1.1941727988407091e-14
hex,4,3,0.20000000000000001,gll,shear,0,constant,xy,recursive,1.7148604554914197e-12,nan,2.4644685108771002e-11,0,3.1400636520017508e-12,nan,4.3371911274797932e-12,3.0829230350211325e-12,6.5942557733189839e-15,1.0531927420446277e-12,0.62128552881376353,0,3.3306690738754696e-14,2.18512641867292e-13,4.4408920985006262e-15,0.015624999999999811,64,9.8325080419624623e-14,1.6321960376997498e-14,1.2212453270876722e-15,7.8038270290292644e-14,2.18512641867292e-13,3.5527136788005009e-15,1.4254838718334213,36.934457118972205,2.2204460492503126e-16,4.9719610914157326e-14,1.1941727988407091e-14
hex,4,3,0.20000000000000001,gll,shear,0,constant,xy,direct,1.6951831214474217e-12,nan,2.5392623420590863e-11,0,3.0029770879214749e-12,nan,4.1566857955067668e-12,3.0075777893808156e-12,6.5942557733189839e-15,0,0,0,3.3306690738754696e-14,2.18512641867292e-13,4.4408920985006262e-15,0.015624999999999811,64,9.8325080419624623e-14,1.6321960376997498e-14,1.2212453270876722e-15,7.8038270290292644e-14,2.18512641867292e-13,3.5527136788005009e-15,1.4254838718334213,36.934457118972205,2.2204460492503126e-16,4.9719610914157326e-14,1.1941727988407091e-14
hex,4,3,0.20000000000000001,gll,shear,0,constant,xy,fe_geometry,1.6951831214474209e-12,nan,2.5392623420590805e-11,0,3.0029770879214749e-12,nan,4.1566857955067668e-12,3.0075777893808156e-12,6.5942557733189839e-15,3.912409789546469e-27,2.3079570224872704e-15,0,3.3306690738754696e-14,2.18512641867292e-13,4.4408920985006262e-15,0.015624999999999811,64,9.8325080419624623e-14,1.6321960376997498e-14,1.2212453270876722e-15,7.8038270290292644e-14,2.18512641867292e-13,3.5527136788005009e-15,1.4254838718334213,36.934457118972205,2.2204460492503126e-16,4.9719610914157326e-14,1.1941727988407091e-14
hex,4,3,0.20000000000000001,gll,shear,0,constant,xy,reused,1.5465089328265978e-12,nan,2.3948390174430723e-11,0,2.8285896640451402e-12,nan,3.7503053889748248e-12,2.6777352088087747e-12,6.5942557733189839e-15,3.2063964899457927e-13,0.18914749972309958,0,3.3306690738754696e-14,2.18512641867292e-13,4.4408920985006262e-15,0.015624999999999811,64,9.8325080419624623e-14,1.6321960376997498e-14,1.2212453270876722e-15,7.8038270290292644e-14,2.18512641867292e-13,3.5527136788005009e-15,1.4254838718334213,36.934457118972205,2.2204460492503126e-16,4.9719610914157326e-14,1.1941727988407091e-14
hex,4,3,0.20000000000000001,gll,shear,0,constant,xy,reused_centered,1.5470437666435977e-12,nan,2.3901816510321613e-11,0,2.8299264316139138e-12,nan,3.7494272080389949e-12,2.677183328529427e-12,6.5942557733189839e-15,3.2034763268696438e-13,0.18897523732624089,0,3.3306690738754696e-14,2.18512641867292e-13,4.4408920985006262e-15,0.015624999999999811,64,9.8325080419624623e-14,1.6321960376997498e-14,1.2212453270876722e-15,7.8038270290292644e-14,2.18512641867292e-13,3.5527136788005009e-15,1.4254838718334213,36.934457118972205,2.2204460492503126e-16,4.9719610914157326e-14,1.1941727988407091e-14
hex,4,3,0.20000000000000001,gll,shear,0,constant,xz,recursive,2.4056072391403875e-12,nan,3.0226145511323711e-11,0,3.8663692748891156e-12,nan,3.5412255757525713e-12,2.4450845281126892e-12,6.5942557733189839e-15,1.3974812248287602e-12,0.60813561080799383,0,3.3306690738754696e-14,2.18512641867292e-13,4.4408920985006262e-15,0.015624999999999811,64,9.8325080419624623e-14,1.6321960376997498e-14,1.2212453270876722e-15,7.8038270290292644e-14,2.18512641867292e-13,3.5527136788005009e-15,1.4254838718334213,36.934457118972205,2.2204460492503126e-16,4.9719610914157326e-14,1.1941727988407091e-14
hex,4,3,0.20000000000000001,gll,shear,0,constant,xz,direct,2.2979763065872913e-12,nan,2.8990985866491196e-11,0,4.1672588130768428e-12,nan,5.1477502477632656e-12,3.2978795109317918e-12,6.5942557733189839e-15,0,0,0,3.3306690738754696e-14,2.18512641867292e-13,4.4408920985006262e-15,0.015624999999999811,64,9.8325080419624623e-14,1.6321960376997498e-14,1.2212453270876722e-15,7.8038270290292644e-14,2.18512641867292e-13,3.5527136788005009e-15,1.4254838718334213,36.934457118972205,2.2204460492503126e-16,4.9719610914157326e-14,1.1941727988407091e-14
hex,4,3,0.20000000000000001,gll,shear,0,constant,xz,fe_geometry,2.2979763065872917e-12,nan,2.8990985866491132e-11,0,4.1672588130768428e-12,nan,5.1477502477632688e-12,3.2978795109317942e-12,6.5942557733189839e-15,5.123089597087129e-27,2.2293918272357618e-15,0,3.3306690738754696e-14,2.18512641867292e-13,4.4408920985006262e-15,0.015624999999999811,64,9.8325080419624623e-14,1.6321960376997498e-14,1.2212453270876722e-15,7.8038270290292644e-14,2.18512641867292e-13,3.5527136788005009e-15,1.4254838718334213,36.934457118972205,2.2204460492503126e-16,4.9719610914157326e-14,1.1941727988407091e-14
hex,4,3,0.20000000000000001,gll,shear,0,constant,xz,reused,2.2883871023523725e-12,nan,2.8384344881800538e-11,0,4.166566632509836e-12,nan,5.1383995482329901e-12,3.2947596223186728e-12,6.5942557733189839e-15,1.8364917209436241e-13,0.079917783124186556,0,3.3306690738754696e-14,2.18512641867292e-13,4.4408920985006262e-15,0.015624999999999811,64,9.8325080419624623e-14,1.6321960376997498e-14,1.2212453270876722e-15,7.8038270290292644e-14,2.18512641867292e-13,3.5527136788005009e-15,1.4254838718334213,36.934457118972205,2.2204460492503126e-16,4.9719610914157326e-14,1.1941727988407091e-14
hex,4,3,0.20000000000000001,gll,shear,0,constant,xz,reused_centered,2.2876847946003129e-12,nan,2.8319580275742514e-11,0,4.1650382791795502e-12,nan,5.135725860126589e-12,3.293440507896517e-12,6.5942557733189839e-15,1.8299098867215312e-13,0.079631364408587729,0,3.3306690738754696e-14,2.18512641867292e-13,4.4408920985006262e-15,0.015624999999999811,64,9.8325080419624623e-14,1.6321960376997498e-14,1.2212453270876722e-15,7.8038270290292644e-14,2.18512641867292e-13,3.5527136788005009e-15,1.4254838718334213,36.934457118972205,2.2204460492503126e-16,4.9719610914157326e-14,1.1941727988407091e-14
hex,4,3,0.20000000000000001,gll,shear,0,constant,yy,recursive,2.1159195678538933e-12,nan,3.4292331465899632e-11,0,3.8478941787113987e-12,nan,5.7568688354248078e-12,4.2050389394189001e-12,6.5942557733189839e-15,1.404271264800714e-12,0.78932758805477488,0,3.3306690738754696e-14,2.18512641867292e-13,4.4408920985006262e-15,0.015624999999999811,64,9.8325080419624623e-14,1.6321960376997498e-14,1.2212453270876722e-15,7.8038270290292644e-14,2.18512641867292e-13,3.5527136788005009e-15,1.4254838718334213,36.934457118972205,2.2204460492503126e-16,4.9719610914157326e-14,1.1941727988407091e-14
hex,4,3,0.20000000000000001,gll,shear,0,constant,yy,direct,1.7790728286355875e-12,nan,1.8049925261254399e-11,0,3.063523031906265e-12,nan,4.5981582860323014e-12,3.4124662182419059e-12,6.5942557733189839e-15,0,0,0,3.3306690738754696e-14,2.18512641867292e-13,4.4408920985006262e-15,0.015624999999999811,64,9.8325080419624623e-14,1.6321960376997498e-14,1.2212453270876722e-15,7.8038270290292644e-14,2.18512641867292e-13,3.5527136788005009e-15,1.4254838718334213,36.934457118972205,2.2204460492503126e-16,4.9719610914157326e-14,1.1941727988407091e-14
hex,4,3,0.20000000000000001,gll,shear,0,constant,yy,fe_geometry,1.7790728286355869e-12,nan,1.8049925261254282e-11,0,3.0635230319062626e-12,nan,4.5981582860322998e-12,3.4124662182419099e-12,6.5942557733189839e-15,5.4024960058346778e-27,3.0366918761712404e-15,0,3.3306690738754696e-14,2.18512641867292e-13,4.4408920985006262e-15,0.015624999999999811,64,9.8325080419624623e-14,1.6321960376997498e-14,1.2212453270876722e-15,7.8038270290292644e-14,2.18512641867292e-13,3.5527136788005009e-15,1.4254838718334213,36.934457118972205,2.2204460492503126e-16,4.9719610914157326e-14,1.1941727988407091e-14
hex,4,3,0.20000000000000001,gll,shear,0,constant,yy,reused,1.6995475454421463e-12,nan,1.7154957305346032e-11,0,2.8484100468305282e-12,nan,4.2324533324456632e-12,3.2102160309480556e-12,6.5942557733189839e-15,4.935243225183715e-13,0.27740535102032154,0,3.3306690738754696e-14,2.18512641867292e-13,4.4408920985006262e-15,0.015624999999999811,64,9.8325080419624623e-14,1.6321960376997498e-14,1.2212453270876722e-15,7.8038270290292644e-14,2.18512641867292e-13,3.5527136788005009e-15,1.4254838718334213,36.934457118972205,2.2204460492503126e-16,4.9719610914157326e-14,1.1941727988407091e-14
hex,4,3,0.20000000000000001,gll,shear,0,constant,yy,reused_centered,1.6995800067757709e-12,nan,1.7067074459780107e-11,0,2.8424989548688092e-12,nan,4.2343722995530486e-12,3.2114738201902008e-12,6.5942557733189839e-15,4.900511480297225e-13,0.27545311251004501,0,3.3306690738754696e-14,2.18512641867292e-13,4.4408920985006262e-15,0.015624999999999811,64,9.8325080419624623e-14,1.6321960376997498e-14,1.2212453270876722e-15,7.8038270290292644e-14,2.18512641867292e-13,3.5527136788005009e-15,1.4254838718334213,36.934457118972205,2.2204460492503126e-16,4.9719610914157326e-14,1.1941727988407091e-14
hex,4,3,0.20000000000000001,gll,shear,0,constant,yz,recursive,2.8947505189390787e-12,nan,5.3553464133904038e-11,0,5.8187898813654739e-12,nan,6.3495838351275437e-12,3.9805085208844209e-12,6.5942557733189839e-15,1.3252426824843397e-12,0.45880045780191864,0,3.3306690738754696e-14,2.18512641867292e-13,4.4408920985006262e-15,0.015624999999999811,64,9.8325080419624623e-14,1.6321960376997498e-14,1.2212453270876722e-15,7.8038270290292644e-14,2.18512641867292e-13,3.5527136788005009e-15,1.4254838718334213,36.934457118972205,2.2204460492503126e-16,4.9719610914157326e-14,1.1941727988407091e-14
hex,4,3,0.20000000000000001,gll,shear,0,constant,yz,direct,2.8884946820530345e-12,nan,3.8635819042446468e-11,0,5.5363213366142575e-12,nan,5.1289887122750141e-12,3.2998930375168257e-12,6.5942557733189839e-15,0,0,0,3.3306690738754696e-14,2.18512641867292e-13,4.4408920985006262e-15,0.015624999999999811,64,9.8325080419624623e-14,1.6321960376997498e-14,1.2212453270876722e-15,7.8038270290292644e-14,2.18512641867292e-13,3.5527136788005009e-15,1.4254838718334213,36.934457118972205,2.2204460492503126e-16,4.9719610914157326e-14,1.1941727988407091e-14
hex,4,3,0.20000000000000001,gll,shear,0,constant,yz,fe_geometry,2.8884946820530349e-12,nan,3.8635819042446248e-11,0,5.5363213366142591e-12,nan,5.1289887122750125e-12,3.2998930375168273e-12,6.5942557733189839e-15,5.5891328692480572e-27,1.9349638771969314e-15,0,3.3306690738754696e-14,2.18512641867292e-13,4.4408920985006262e-15,0.015624999999999811,64,9.8325080419624623e-14,1.6321960376997498e-14,1.2212453270876722e-15,7.8038270290292644e-14,2.18512641867292e-13,3.5527136788005009e-15,1.4254838718334213,36.934457118972205,2.2204460492503126e-16,4.9719610914157326e-14,1.1941727988407091e-14
hex,4,3,0.20000000000000001,gll,shear,0,constant,yz,reused,2.7631534569502861e-12,nan,3.8016762688525496e-11,0,5.3266535459268534e-12,nan,4.9087742020650321e-12,3.167873349055616e-12,6.5942557733189839e-15,2.857345645112321e-13,0.098921616953832364,0,3.3306690738754696e-14,2.18512641867292e-13,4.4408920985006262e-15,0.015624999999999811,64,9.8325080419624623e-14,1.6321960376997498e-14,1.2212453270876722e-15,7.8038270290292644e-14,2.18512641867292e-13,3.5527136788005009e-15,1.4254838718334213,36.934457118972205,2.2204460492503126e-16,4.9719610914157326e-14,1.1941727988407091e-14
hex,4,3,0.20000000000000001,gll,shear,0,constant,yz,reused_centered,2.7628762735461242e-12,nan,3.7995653429317713e-11,0,5.3257790255815958e-12,nan,4.9030915505063056e-12,3.1644654793703292e-12,6.5942557733189839e-15,2.8602203201882963e-13,0.099021138517567164,0,3.3306690738754696e-14,2.18512641867292e-13,4.4408920985006262e-15,0.015624999999999811,64,9.8325080419624623e-14,1.6321960376997498e-14,1.2212453270876722e-15,7.8038270290292644e-14,2.18512641867292e-13,3.5527136788005009e-15,1.4254838718334213,36.934457118972205,2.2204460492503126e-16,4.9719610914157326e-14,1.1941727988407091e-14
hex,4,3,0.20000000000000001,gll,shear,0,constant,zz,recursive,7.0904877742795753e-12,nan,5.3641020641038624e-11,0,1.1518647407690612e-11,nan,1.4518093781958955e-11,9.6163919539130436e-12,6.5942557733189839e-15,1.4782418838257219e-12,0.21232248946499621,0,3.3306690738754696e-14,2.18512641867292e-13,4.4408920985006262e-15,0.015624999999999811,64,9.8325080419624623e-14,1.6321960376997498e-14,1.2212453270876722e-15,7.8038270290292644e-14,2.18512641867292e-13,3.5527136788005009e-15,1.4254838718334213,36.934457118972205,2.2204460492503126e-16,4.9719610914157326e-14,1.1941727988407091e-14
hex,4,3,0.20000000000000001,gll,shear,0,constant,zz,direct,6.9622482646588747e-12,nan,4.8406715449024101e-11,0,1.1317485906768194e-11,nan,1.4016687890565281e-11,8.9459662416486585e-12,6.5942557733189839e-15,0,0,0,3.3306690738754696e-14,2.18512641867292e-13,4.4408920985006262e-15,0.015624999999999811,64,9.8325080419624623e-14,1.6321960376997498e-14,1.2212453270876722e-15,7.8038270290292644e-14,2.18512641867292e-13,3.5527136788005009e-15,1.4254838718334213,36.934457118972205,2.2204460492503126e-16,4.9719610914157326e-14,1.1941727988407091e-14
hex,4,3,0.20000000000000001,gll,shear,0,constant,zz,fe_geometry,6.9622482646588771e-12,nan,4.8406715449023649e-11,0,1.1317485906768197e-11,nan,1.4016687890565284e-11,8.9459662416486585e-12,6.5942557733189839e-15,8.0810623810555417e-27,1.1606972451809694e-15,0,3.3306690738754696e-14,2.18512641867292e-13,4.4408920985006262e-15,0.015624999999999811,64,9.8325080419624623e-14,1.6321960376997498e-14,1.2212453270876722e-15,7.8038270290292644e-14,2.18512641867292e-13,3.5527136788005009e-15,1.4254838718334213,36.934457118972205,2.2204460492503126e-16,4.9719610914157326e-14,1.1941727988407091e-14
hex,4,3,0.20000000000000001,gll,shear,0,constant,zz,reused,6.9411983566858046e-12,nan,4.7518207295033101e-11,0,1.1189624847769463e-11,nan,1.3968089980102379e-11,8.8961901644039714e-12,6.5942557733189839e-15,2.8694272208985208e-13,0.041214089354785634,0,3.3306690738754696e-14,2.18512641867292e-13,4.4408920985006262e-15,0.015624999999999811,64,9.8325080419624623e-14,1.6321960376997498e-14,1.2212453270876722e-15,7.8038270290292644e-14,2.18512641867292e-13,3.5527136788005009e-15,1.4254838718334213,36.934457118972205,2.2204460492503126e-16,4.9719610914157326e-14,1.1941727988407091e-14
hex,4,3,0.20000000000000001,gll,shear,0,constant,zz,reused_centered,6.9446327892142551e-12,nan,4.7374158186721085e-11,0,1.1191204654505743e-11,nan,1.3975135137080136e-11,8.9018754438607057e-12,6.5942557733189839e-15,2.8422250275319509e-13,0.040823379452861408,0,3.3306690738754696e-14,2.18512641867292e-13,4.4408920985006262e-15,0.015624999999999811,64,9.8325080419624623e-14,1.6321960376997498e-14,1.2212453270876722e-15,7.8038270290292644e-14,2.18512641867292e-13,3.5527136788005009e-15,1.4254838718334213,36.934457118972205,2.2204460492503126e-16,4.9719610914157326e-14,1.1941727988407091e-14
hex,4,3,0.20000000000000001,gll,shear,0,constant,xxx,recursive,5.6535370729815459e-11,nan,3.7331894229322553e-10,0,8.0278239439597127e-11,nan,1.4844775353171405e-10,1.1022049775105131e-10,6.5942557733189839e-15,5.5730798293241427e-11,4.8130519691613536,0,3.3306690738754696e-14,2.18512641867292e-13,4.4408920985006262e-15,0.015624999999999811,64,9.8325080419624623e-14,1.6321960376997498e-14,1.2212453270876722e-15,7.8038270290292644e-14,2.18512641867292e-13,3.5527136788005009e-15,1.4254838718334213,36.934457118972205,2.2204460492503126e-16,4.9719610914157326e-14,1.1941727988407091e-14
hex,4,3,0.20000000000000001,gll,shear,0,constant,xxx,direct,1.1579097556046583e-11,nan,6.4323689725006443e-11,0,1.6812888186124599e-11,nan,2.6564923477628304e-11,1.9817365503166716e-11,6.5942557733189839e-15,0,0,0,3.3306690738754696e-14,2.18512641867292e-13,4.4408920985006262e-15,0.015624999999999811,64,9.8325080419624623e-14,1.6321960376997498e-14,1.2212453270876722e-15,7.8038270290292644e-14,2.18512641867292e-13,3.5527136788005009e-15,1.4254838718334213,36.934457118972205,2.2204460492503126e-16,4.9719610914157326e-14,1.1941727988407091e-14
hex,4,3,0.20000000000000001,gll,shear,0,constant,xxx,fe_geometry,1.1579097556046586e-11,nan,6.4323689725007309e-11,0,1.6812888186124628e-11,nan,2.6564923477628288e-11,1.98173655031667e-11,6.5942557733189839e-15,1.1354122446452425e-25,9.8057058345823523e-15,0,3.3306690738754696e-14,2.18512641867292e-13,4.4408920985006262e-15,0.015624999999999811,64,9.8325080419624623e-14,1.6321960376997498e-14,1.2212453270876722e-15,7.8038270290292644e-14,2.18512641867292e-13,3.5527136788005009e-15,1.4254838718334213,36.934457118972205,2.2204460492503126e-16,4.9719610914157326e-14,1.1941727988407091e-14
hex,4,3,0.20000000000000001,gll,shear,0,constant,xxx,reused,1.0711095647801133e-11,nan,6.7838953673952324e-11,0,1.7567546381308981e-11,nan,2.9333794705597615e-11,2.1749329946433157e-11,6.5942557733189839e-15,4.0308368757748546e-12,0.34811321489125546,0,3.3306690738754696e-14,2.18512641867292e-13,4.4408920985006262e-15,0.015624999999999811,64,9.8325080419624623e-14,1.6321960376997498e-14,1.2212453270876722e-15,7.8038270290292644e-14,2.18512641867292e-13,3.5527136788005009e-15,1.4254838718334213,36.934457118972205,2.2204460492503126e-16,4.9719610914157326e-14,1.1941727988407091e-14
hex,4,3,0.20000000000000001,gll,shear,0,constant,xxx,reused_centered,1.0610912608169297e-11,nan,6.5733003199957016e-11,0,1.7477659471057067e-11,nan,2.9206687842273649e-11,2.1356300734553226e-11,6.5942557733189839e-15,3.7601654046838717e-12,0.32473734559048778,0,3.3306690738754696e-14,2.18512641867292e-13,4.4408920985006262e-15,0.015624999999999811,64,9.8325080419624623e-14,1.6321960376997498e-14,1.2212453270876722e-15,7.8038270290292644e-14,2.18512641867292e-13,3.5527136788005009e-15,1.4254838718334213,36.934457118972205,2.2204460492503126e-16,4.9719610914157326e-14,1.1941727988407091e-14
hex,4,3,0.20000000000000001,gll,shear,0,constant,xxy,recursive,5.0689647616941756e-11,nan,7.9273490910480732e-10,0,9.376683695561299e-11,nan,1.0287730224835267e-10,7.2458111915299649e-11,6.5942557733189839e-15,4.317678417527429e-11,1.1636936358102543,0,3.3306690738754696e-14,2.18512641867292e-13,4.4408920985006262e-15,0.015624999999999811,64,9.8325080419624623e-14,1.6321960376997498e-14,1.2212453270876722e-15,7.8038270290292644e-14,2.18512641867292e-13,3.5527136788005009e-15,1.4254838718334213,36.934457118972205,2.2204460492503126e-16,4.9719610914157326e-14,1.1941727988407091e-14
hex,4,3,0.20000000000000001,gll,shear,0,constant,xxy,direct,3.710322274402682e-11,nan,4.436223304504243e-10,0,6.451685248367695e-11,nan,8.8288624688149136e-11,6.38572681588521e-11,6.5942557733189839e-15,0,0,0,3.3306690738754696e-14,2.18512641867292e-13,4.4408920985006262e-15,0.015624999999999811,64,9.8325080419624623e-14,1.6321960376997498e-14,1.2212453270876722e-15,7.8038270290292644e-14,2.18512641867292e-13,3.5527136788005009e-15,1.4254838718334213,36.934457118972205,2.2204460492503126e-16,4.9719610914157326e-14,1.1941727988407091e-14
hex,4,3,0.20000000000000001,gll,shear,0,constant,xxy,fe_geometry,3.7103222744026833e-11,nan,4.436223304504214e-10,0,6.4516852483676989e-11,nan,8.8288624688149278e-11,6.3857268158852139e-11,6.5942557733189839e-15,1.5283605646381192e-25,4.1192124338691502e-15,0,3.3306690738754696e-14,2.18512641867292e-13,4.4408920985006262e-15,0.015624999999999811,64,9.8325080419624623e-14,1.6321960376997498e-14,1.2212453270876722e-15,7.8038270290292644e-14,2.18512641867292e-13,3.5527136788005009e-15,1.4254838718334213,36.934457118972205,2.2204460492503126e-16,4.9719610914157326e-14,1.1941727988407091e-14
hex,4,3,0.20000000000000001,gll,shear,0,constant,xxy,reused,3.5258496836246306e-11,nan,4.3757906388941767e-10,0,6.2618703603385095e-11,nan,8.4746616100097012e-11,6.0227891927259449e-11,6.5942557733189839e-15,6.1412746061158535e-12,0.16551863024094116,0,3.3306690738754696e-14,2.18512641867292e-13,4.4408920985006262e-15,0.015624999999999811,64,9.8325080419624623e-14,1.6321960376997498e-14,1.2212453270876722e-15,7.8038270290292644e-14,2.18512641867292e-13,3.5527136788005009e-15,1.4254838718334213,36.934457118972205,2.2204460492503126e-16,4.9719610914157326e-14,1.1941727988407091e-14
hex,4,3,0.20000000000000001,gll,shear,0,constant,xxy,reused_centered,3.5279459533129057e-11,nan,4.3729562710207979e-10,0,6.2657727486621391e-11,nan,8.479457426770248e-11,6.0244410209049327e-11,6.5942557733189839e-15,6.1168617027837164e-12,0.1648606576572505,0,3.3306690738754696e-14,2.18512641867292e-13,4.4408920985006262e-15,0.015624999999999811,64,9.8325080419624623e-14,1.6321960376997498e-14,1.2212453270876722e-15,7.8038270290292644e-14,2.18512641867292e-13,3.5527136788005009e-15,1.4254838718334213,36.934457118972205,2.2204460492503126e-16,4.9719610914157326e-14,1.1941727988407091e-14
hex,4,3,0.20000000000000001,gll,shear,0,constant,xxz,recursive,6.6592371302140506e-11,nan,7.9402114073850843e-10,0,1.2970655937375669e-10,nan,8.5859841557598774e-11,5.9308507454924209e-11,6.5942557733189839e-15,6.9578263264258737e-11,1.8874260877396356,0,3.3306690738754696e-14,2.18512641867292e-13,4.4408920985006262e-15,0.015624999999999811,64,9.8325080419624623e-14,1.6321960376997498e-14,1.2212453270876722e-15,7.8038270290292644e-14,2.18512641867292e-13,3.5527136788005009e-15,1.4254838718334213,36.934457118972205,2.2204460492503126e-16,4.9719610914157326e-14,1.1941727988407091e-14
hex,4,3,0.20000000000000001,gll,shear,0,constant,xxz,direct,3.6864099588442714e-11,nan,4.5365780096520333e-10,0,6.2497719333522078e-11,nan,6.5496989357185991e-11,4.6855120164070086e-11,6.5942557733189839e-15,0,0,0,3.3306690738754696e-14,2.18512641867292e-13,4.4408920985006262e-15,0.015624999999999811,64,9.8325080419624623e-14,1.6321960376997498e-14,1.2212453270876722e-15,7.8038270290292644e-14,2.18512641867292e-13,3.5527136788005009e-15,1.4254838718334213,36.934457118972205,2.2204460492503126e-16,4.9719610914157326e-14,1.1941727988407091e-14
hex,4,3,0.20000000000000001,gll,shear,0,constant,xxz,fe_geometry,3.6864099588442714e-11,nan,4.5365780096519982e-10,0,6.2497719333522065e-11,nan,6.5496989357186004e-11,4.6855120164070067e-11,6.5942557733189839e-15,1.629429877210628e-25,4.4200994881249497e-15,0,3.3306690738754696e-14,2.18512641867292e-13,4.4408920985006262e-15,0.015624999999999811,64,9.8325080419624623e-14,1.6321960376997498e-14,1.2212453270876722e-15,7.8038270290292644e-14,2.18512641867292e-13,3.5527136788005009e-15,1.4254838718334213,36.934457118972205,2.2204460492503126e-16,4.9719610914157326e-14,1.1941727988407091e-14
hex,4,3,0.20000000000000001,gll,shear,0,constant,xxz,reused,3.7116827516711308e-11,nan,4.5471696834773666e-10,0,6.3501668205916332e-11,nan,6.6847893746420009e-11,4.7590206272079953e-11,6.5942557733189839e-15,4.8788166364921855e-12,0.13234601389862094,0,3.3306690738754696e-14,2.18512641867292e-13,4.4408920985006262e-15,0.015624999999999811,64,9.8325080419624623e-14,1.6321960376997498e-14,1.2212453270876722e-15,7.8038270290292644e-14,2.18512641867292e-13,3.5527136788005009e-15,1.4254838718334213,36.934457118972205,2.2204460492503126e-16,4.9719610914157326e-14,1.1941727988407091e-14
hex,4,3,0.20000000000000001,gll,shear,0,constant,xxz,reused_centered,3.7089933454879522e-11,nan,4.5472518108480816e-10,0,6.3455152276922995e-11,nan,6.6796341137708737e-11,4.7558641465125196e-11,6.5942557733189839e-15,4.8544935790097006e-12,0.13168621051934321,0,3.3306690738754696e-14,2.18512641867292e-13,4.4408920985006262e-15,0.015624999999999811,64,9.8325080419624623e-14,1.6321960376997498e-14,1.2212453270876722e-15,7.8038270290292644e-14,2.18512641867292e-13,3.5527136788005009e-15,1.4254838718334213,36.934457118972205,2.2204460492503126e-16,4.9719610914157326e-14,1.1941727988407091e-14
hex,4,3,0.20000000000000001,gll,shear,0,constant,xyy,recursive,4.0196297945133791e-11,nan,6.2510998641257505e-10,0,7.2306933572320282e-11,nan,1.1271553984063674e-10,7.8015457481000512e-11,6.5942557733189839e-15,2.5531932556534957e-11,0.66911572367686845,0,3.3306690738754696e-14,2.18512641867292e-13,4.4408920985006262e-15,0.015624999999999811,64,9.8325080419624623e-14,1.6321960376997498e-14,1.2212453270876722e-15,7.8038270290292644e-14,2.18512641867292e-13,3.5527136788005009e-15,1.4254838718334213,36.934457118972205,2.2204460492503126e-16,4.9719610914157326e-14,1.1941727988407091e-14
hex,4,3,0.20000000000000001,gll,shear,0,constant,xyy,direct,3.8157723175647452e-11,nan,5.6979210048860949e-10,0,6.6533161016659583e-11,nan,8.6778290951830079e-11,6.2077612414259701e-11,6.5942557733189839e-15,0,0,0,3.3306690738754696e-14,2.18512641867292e-13,4.4408920985006262e-15,0.015624999999999811,64,9.8325080419624623e-14,1.6321960376997498e-14,1.2212453270876722e-15,7.8038270290292644e-14,2.18512641867292e-13,3.5527136788005009e-15,1.4254838718334213,36.934457118972205,2.2204460492503126e-16,4.9719610914157326e-14,1.1941727988407091e-14
hex,4,3,0.20000000000000001,gll,shear,0,constant,xyy,fe_geometry,3.8157723175647452e-11,nan,5.6979210048861414e-10,0,6.6533161016659545e-11,nan,8.6778290951830053e-11,6.2077612414259688e-11,6.5942557733189839e-15,1.8284236054790085e-25,4.7917523722849445e-15,0,3.3306690738754696e-14,2.18512641867292e-13,4.4408920985006262e-15,0.015624999999999811,64,9.8325080419624623e-14,1.6321960376997498e-14,1.2212453270876722e-15,7.8038270290292644e-14,2.18512641867292e-13,3.5527136788005009e-15,1.4254838718334213,36.934457118972205,2.2204460492503126e-16,4.9719610914157326e-14,1.1941727988407091e-14
hex,4,3,0.20000000000000001,gll,shear,0,constant,xyy,reused,3.5452775699921367e-11,nan,5.2935746347698999e-10,0,6.3148421851595594e-11,nan,8.2315797001647941e-11,5.8059476019098837e-11,6.5942557733189839e-15,7.1344767737929656e-12,0.18697333540975639,0,3.3306690738754696e-14,2.18512641867292e-13,4.4408920985006262e-15,0.015624999999999811,64,9.8325080419624623e-14,1.6321960376997498e-14,1.2212453270876722e-15,7.8038270290292644e-14,2.18512641867292e-13,3.5527136788005009e-15,1.4254838718334213,36.934457118972205,2.2204460492503126e-16,4.9719610914157326e-14,1.1941727988407091e-14
hex,4,3,0.20000000000000001,gll,shear,0,constant,xyy,reused_centered,3.5471708964940867e-11,nan,5.2686198537909794e-10,0,6.3188340754477862e-11,nan,8.2347395996287162e-11,5.8057132273778633e-11,6.5942557733189839e-15,7.1298954240529734e-12,0.18685327191123727,0,3.3306690738754696e-14,2.18512641867292e-13,4.4408920985006262e-15,0.015624999999999811,64,9.8325080419624623e-14,1.6321960376997498e-14,1.2212453270876722e-15,7.8038270290292644e-14,2.18512641867292e-13,3.5527136788005009e-15,1.4254838718334213,36.934457118972205,2.2204460492503126e-16,4.9719610914157326e-14,1.1941727988407091e-14
hex,4,3,0.20000000000000001,gll,shear,0,constant,xyz,recursive,4.010686274527657e-11,nan,1.0745050946063764e-09,0,8.4139752090823751e-11,nan,1.0878373842525266e-10,7.0484986682016833e-11,6.5942557733189839e-15,1.7588193644972067e-11,0.52176183379513608,0,3.3306690738754696e-14,2.18512641867292e-13,4.4408920985006262e-15,0.015624999999999811,64,9.8325080419624623e-14,1.6321960376997498e-14,1.2212453270876722e-15,7.8038270290292644e-14,2.18512641867292e-13,3.5527136788005009e-15,1.4254838718334213,36.934457118972205,2.2204460492503126e-16,4.9719610914157326e-14,1.1941727988407091e-14
hex,4,3,0.20000000000000001,gll,shear,0,constant,xyz,direct,3.3709237636338637e-11,nan,1.0136577313211663e-09,0,7.1993987138980065e-11,nan,9.3584811445071023e-11,5.9088644095454477e-11,6.5942557733189839e-15,0,0,0,3.3306690738754696e-14,2.18512641867292e-13,4.4408920985006262e-15,0.015624999999999811,64,9.8325080419624623e-14,1.6321960376997498e-14,1.2212453270876722e-15,7.8038270290292644e-14,2.18512641867292e-13,3.5527136788005009e-15,1.4254838718334213,36.934457118972205,2.2204460492503126e-16,4.9719610914157326e-14,1.1941727988407091e-14
hex,4,3,0.20000000000000001,gll,shear,0,constant,xyz,fe_geometry,3.3709237636338611e-11,nan,1.0136577313211551e-09,0,7.1993987138980065e-11,nan,9.358481144507092e-11,5.9088644095454515e-11,6.5942557733189839e-15,1.6692788289021509e-25,4.9519922310632873e-15,0,3.3306690738754696e-14,2.18512641867292e-13,4.4408920985006262e-15,0.015624999999999811,64,9.8325080419624623e-14,1.6321960376997498e-14,1.2212453270876722e-15,7.8038270290292644e-14,2.18512641867292e-13,3.5527136788005009e-15,1.4254838718334213,36.934457118972205,2.2204460492503126e-16,4.9719610914157326e-14,1.1941727988407091e-14
hex,4,3,0.20000000000000001,gll,shear,0,constant,xyz,reused,3.3410287220799271e-11,nan,9.9633471778800091e-10,0,7.1512950203909964e-11,nan,9.3272380605924218e-11,5.8739568377799524e-11,6.5942557733189839e-15,3.4278297526864502e-12,0.1016881422732397,0,3.3306690738754696e-14,2.18512641867292e-13,4.4408920985006262e-15,0.015624999999999811,64,9.8325080419624623e-14,1.6321960376997498e-14,1.2212453270876722e-15,7.8038270290292644e-14,2.18512641867292e-13,3.5527136788005009e-15,1.4254838718334213,36.934457118972205,2.2204460492503126e-16,4.9719610914157326e-14,1.1941727988407091e-14
hex,4,3,0.20000000000000001,gll,shear,0,constant,xyz,reused_centered,3.3401871664140053e-11,nan,9.9308098857576488e-10,0,7.1492966494827543e-11,nan,9.3204500168983046e-11,5.8691749134475671e-11,6.5942557733189839e-15,3.4009707893873348e-12,0.10089135880430236,0,3.3306690738754696e-14,2.18512641867292e-13,4.4408920985006262e-15,0.015624999999999811,64,9.8325080419624623e-14,1.6321960376997498e-14,1.2212453270876722e-15,7.8038270290292644e-14,2.18512641867292e-13,3.5527136788005009e-15,1.4254838718334213,36.934457118972205,2.2204460492503126e-16,4.9719610914157326e-14,1.1941727988407091e-14
hex,4,3,0.20000000000000001,gll,shear,0,constant,xzz,recursive,6.5686352430946697e-11,nan,6.5244525823307514e-10,0,8.450208163956828e-11,nan,1.4804395660787843e-10,1.0422863481395156e-10,6.5942557733189839e-15,3.8684470688947796e-11,0.60675781682200025,0,3.3306690738754696e-14,2.18512641867292e-13,4.4408920985006262e-15,0.015624999999999811,64,9.8325080419624623e-14,1.6321960376997498e-14,1.2212453270876722e-15,7.8038270290292644e-14,2.18512641867292e-13,3.5527136788005009e-15,1.4254838718334213,36.934457118972205,2.2204460492503126e-16,4.9719610914157326e-14,1.1941727988407091e-14
hex,4,3,0.20000000000000001,gll,shear,0,constant,xzz,direct,6.3756031840783609e-11,nan,8.249752420052021e-10,0,9.8618217218159661e-11,nan,1.8216504626585484e-10,1.3553596949847997e-10,6.5942557733189839e-15,0,0,0,3.3306690738754696e-14,2.18512641867292e-13,4.4408920985006262e-15,0.015624999999999811,64,9.8325080419624623e-14,1.6321960376997498e-14,1.2212453270876722e-15,7.8038270290292644e-14,2.18512641867292e-13,3.5527136788005009e-15,1.4254838718334213,36.934457118972205,2.2204460492503126e-16,4.9719610914157326e-14,1.1941727988407091e-14
hex,4,3,0.20000000000000001,gll,shear,0,constant,xzz,fe_geometry,6.3756031840783609e-11,nan,8.2497524200519052e-10,0,9.8618217218159738e-11,nan,1.8216504626585497e-10,1.3553596949848013e-10,6.5942557733189839e-15,2.5224385183777207e-25,3.9563919609629168e-15,0,3.3306690738754696e-14,2.18512641867292e-13,4.4408920985006262e-15,0.015624999999999811,64,9.8325080419624623e-14,1.6321960376997498e-14,1.2212453270876722e-15,7.8038270290292644e-14,2.18512641867292e-13,3.5527136788005009e-15,1.4254838718334213,36.934457118972205,2.2204460492503126e-16,4.9719610914157326e-14,1.1941727988407091e-14
hex,4,3,0.20000000000000001,gll,shear,0,constant,xzz,reused,6.3549523808532775e-11,nan,8.2331651538876278e-10,0,9.8817987505880316e-11,nan,1.8136448790932564e-10,1.3484956656688758e-10,6.5942557733189839e-15,4.3238289663564388e-12,0.067818351323279208,0,3.3306690738754696e-14,2.18512641867292e-13,4.4408920985006262e-15,0.015624999999999811,64,9.8325080419624623e-14,1.6321960376997498e-14,1.2212453270876722e-15,7.8038270290292644e-14,2.18512641867292e-13,3.5527136788005009e-15,1.4254838718334213,36.934457118972205,2.2204460492503126e-16,4.9719610914157326e-14,1.1941727988407091e-14
hex,4,3,0.20000000000000001,gll,shear,0,constant,xzz,reused_centered,6.3529811986571958e-11,nan,8.2231061277401941e-10,0,9.8778542121641283e-11,nan,1.812923442672015e-10,1.3481805089859776e-10,6.5942557733189839e-15,4.2929829311889672e-12,0.067334537725147775,0,3.3306690738754696e-14,2.18512641867292e-13,4.4408920985006262e-15,0.015624999999999811,64,9.8325080419624623e-14,1.6321960376997498e-14,1.2212453270876722e-15,7.8038270290292644e-14,2.18512641867292e-13,3.5527136788005009e-15,1.4254838718334213,36.934457118972205,2.2204460492503126e-16,4.9719610914157326e-14,1.1941727988407091e-14
hex,4,3,0.20000000000000001,gll,shear,0,constant,yyy,recursive,4.0872640480655463e-11,nan,7.0426946363004723e-10,0,7.507522527328524e-11,nan,1.1270237184576719e-10,8.0196737502516993e-11,6.5942557733189839e-15,3.5280736841458918e-11,1.4242604760247108,0,3.3306690738754696e-14,2.18512641867292e-13,4.4408920985006262e-15,0.015624999999999811,64,9.8325080419624623e-14,1.6321960376997498e-14,1.2212453270876722e-15,7.8038270290292644e-14,2.18512641867292e-13,3.5527136788005009e-15,1.4254838718334213,36.934457118972205,2.2204460492503126e-16,4.9719610914157326e-14,1.1941727988407091e-14
hex,4,3,0.20000000000000001,gll,shear,0,constant,yyy,direct,2.4771267219274291e-11,nan,3.9951793315705823e-10,0,4.1119749834712473e-11,nan,5.192252673625295e-11,3.9665863083202285e-11,6.5942557733189839e-15,0,0,0,3.3306690738754696e-14,2.18512641867292e-13,4.4408920985006262e-15,0.015624999999999811,64,9.8325080419624623e-14,1.6321960376997498e-14,1.2212453270876722e-15,7.8038270290292644e-14,2.18512641867292e-13,3.5527136788005009e-15,1.4254838718334213,36.934457118972205,2.2204460492503126e-16,4.9719610914157326e-14,1.1941727988407091e-14
hex,4,3,0.20000000000000001,gll,shear,0,constant,yyy,fe_geometry,2.4771267219274265e-11,nan,3.995179331570636e-10,0,4.111974983471248e-11,nan,5.1922526736252943e-11,3.9665863083202259e-11,6.5942557733189839e-15,2.1024813585684702e-25,8.4875809540036351e-15,0,3.3306690738754696e-14,2.18512641867292e-13,4.4408920985006262e-15,0.015624999999999811,64,9.8325080419624623e-14,1.6321960376997498e-14,1.2212453270876722e-15,7.8038270290292644e-14,2.18512641867292e-13,3.5527136788005009e-15,1.4254838718334213,36.934457118972205,2.2204460492503126e-16,4.9719610914157326e-14,1.1941727988407091e-14
hex,4,3,0.20000000000000001,gll,shear,0,constant,yyy,reused,2.308750384440325e-11,nan,3.6548403775293483e-10,0,3.7194820127560285e-11,nan,4.7019003654832998e-11,3.5934347597349385e-11,6.5942557733189839e-15,6.9452003489675034e-12,0.28037323595473984,0,3.3306690738754696e-14,2.18512641867292e-13,4.4408920985006262e-15,0.015624999999999811,64,9.8325080419624623e-14,1.6321960376997498e-14,1.2212453270876722e-15,7.8038270290292644e-14,2.18512641867292e-13,3.5527136788005009e-15,1.4254838718334213,36.934457118972205,2.2204460492503126e-16,4.9719610914157326e-14,1.1941727988407091e-14
hex,4,3,0.20000000000000001,gll,shear,0,constant,yyy,reused_centered,2.3026560103024672e-11,nan,3.6624333912598417e-10,0,3.7156090803169914e-11,nan,4.6909020769066534e-11,3.5694757168795059e-11,6.5942557733189839e-15,6.7967333752291741e-12,0.27437972046665016,0,3.3306690738754696e-14,2.18512641867292e-13,4.4408920985006262e-15,0.015624999999999811,64,9.8325080419624623e-14,1.6321960376997498e-14,1.2212453270876722e-15,7.8038270290292644e-14,2.18512641867292e-13,3.5527136788005009e-15,1.4254838718334213,36.934457118972205,2.2204460492503126e-16,4.9719610914157326e-14,1.1941727988407091e-14
hex,4,3,0.20000000000000001,gll,shear,0,constant,yyz,recursive,7.5022853833846372e-11,nan,1.5313165513052852e-09,0,1.5034403950104135e-10,nan,1.7454270405058097e-10,1.1168767611510252e-10,6.5942557733189839e-15,4.856045802801338e-11,0.77987454995757644,0,3.3306690738754696e-14,2.18512641867292e-13,4.4408920985006262e-15,0.015624999999999811,64,9.8325080419624623e-14,1.6321960376997498e-14,1.2212453270876722e-15,7.8038270290292644e-14,2.18512641867292e-13,3.5527136788005009e-15,1.4254838718334213,36.934457118972205,2.2204460492503126e-16,4.9719610914157326e-14,1.1941727988407091e-14
hex,4,3,0.20000000000000001,gll,shear,0,constant,yyz,direct,6.226701208630923e-11,nan,9.4824355670107567e-10,0,1.1055805860274191e-10,nan,1.2273647420905726e-10,7.9402763434172619e-11,6.5942557733189839e-15,0,0,0,3.3306690738754696e-14,2.18512641867292e-13,4.4408920985006262e-15,0.015624999999999811,64,9.8325080419624623e-14,1.6321960376997498e-14,1.2212453270876722e-15,7.8038270290292644e-14,2.18512641867292e-13,3.5527136788005009e-15,1.4254838718334213,36.934457118972205,2.2204460492503126e-16,4.9719610914157326e-14,1.1941727988407091e-14
hex,4,3,0.20000000000000001,gll,shear,0,constant,yyz,fe_geometry,6.2267012086309242e-11,nan,9.4824355670107009e-10,0,1.10558058602742e-10,nan,1.2273647420905734e-10,7.9402763434172645e-11,6.5942557733189839e-15,2.0877514317785384e-25,3.352901258349566e-15,0,3.3306690738754696e-14,2.18512641867292e-13,4.4408920985006262e-15,0.015624999999999811,64,9.8325080419624623e-14,1.6321960376997498e-14,1.2212453270876722e-15,7.8038270290292644e-14,2.18512641867292e-13,3.5527136788005009e-15,1.4254838718334213,36.934457118972205,2.2204460492503126e-16,4.9719610914157326e-14,1.1941727988407091e-14
hex,4,3,0.20000000000000001,gll,shear,0,constant,yyz,reused,6.1045797762404508e-11,nan,9.2783848795986156e-10,0,1.0906520962533737e-10,nan,1.2171814067652945e-10,7.9786002288616508e-11,6.5942557733189839e-15,5.4736479236371753e-12,0.087906063583877619,0,3.3306690738754696e-14,2.18512641867292e-13,4.4408920985006262e-15,0.015624999999999811,64,9.8325080419624623e-14,1.6321960376997498e-14,1.2212453270876722e-15,7.8038270290292644e-14,2.18512641867292e-13,3.5527136788005009e-15,1.4254838718334213,36.934457118972205,2.2204460492503126e-16,4.9719610914157326e-14,1.1941727988407091e-14
hex,4,3,0.20000000000000001,gll,shear,0,constant,yyz,reused_centered,6.1056571809466667e-11,nan,9.2476729300499292e-10,0,1.090771031807626e-10,nan,1.2176588055829905e-10,7.9809369617381305e-11,6.5942557733189839e-15,5.4766079877469704e-12,0.087953601822996788,0,3.3306690738754696e-14,2.18512641867292e-13,4.4408920985006262e-15,0.015624999999999811,64,9.8325080419624623e-14,1.6321960376997498e-14,1.2212453270876722e-15,7.8038270290292644e-14,2.18512641867292e-13,3.5527136788005009e-15,1.4254838718334213,36.934457118972205,2.2204460492503126e-16,4.9719610914157326e-14,1.1941727988407091e-14
hex,4,3,0.20000000000000001,gll,shear,0,constant,yzz,recursive,8.0878824744633121e-11,nan,1.3872735698982846e-09,0,1.4571093721687238e-10,nan,2.260679148401044e-10,1.5393943995151103e-10,6.5942557733189839e-15,3.7165989408766064e-11,0.45903903866473172,0,3.3306690738754696e-14,2.18512641867292e-13,4.4408920985006262e-15,0.015624999999999811,64,9.8325080419624623e-14,1.6321960376997498e-14,1.2212453270876722e-15,7.8038270290292644e-14,2.18512641867292e-13,3.5527136788005009e-15,1.4254838718334213,36.934457118972205,2.2204460492503126e-16,4.9719610914157326e-14,1.1941727988407091e-14
hex,4,3,0.20000000000000001,gll,shear,0,constant,yzz,direct,8.0964768305710442e-11,nan,1.0573553029491393e-09,0,1.3572688035415884e-10,nan,2.0236295056634701e-10,1.3922142088926249e-10,6.5942557733189839e-15,0,0,0,3.3306690738754696e-14,2.18512641867292e-13,4.4408920985006262e-15,0.015624999999999811,64,9.8325080419624623e-14,1.6321960376997498e-14,1.2212453270876722e-15,7.8038270290292644e-14,2.18512641867292e-13,3.5527136788005009e-15,1.4254838718334213,36.934457118972205,2.2204460492503126e-16,4.9719610914157326e-14,1.1941727988407091e-14
hex,4,3,0.20000000000000001,gll,shear,0,constant,yzz,fe_geometry,8.0964768305710481e-11,nan,1.0573553029491203e-09,0,1.3572688035415897e-10,nan,2.0236295056634706e-10,1.3922142088926249e-10,6.5942557733189839e-15,2.9178949066312151e-25,3.6039069433431779e-15,0,3.3306690738754696e-14,2.18512641867292e-13,4.4408920985006262e-15,0.015624999999999811,64,9.8325080419624623e-14,1.6321960376997498e-14,1.2212453270876722e-15,7.8038270290292644e-14,2.18512641867292e-13,3.5527136788005009e-15,1.4254838718334213,36.934457118972205,2.2204460492503126e-16,4.9719610914157326e-14,1.1941727988407091e-14
hex,4,3,0.20000000000000001,gll,shear,0,constant,yzz,reused,7.7889245160129073e-11,nan,1.0418245788528572e-09,0,1.3186205682222344e-10,nan,1.9264922449107556e-10,1.3215329306801152e-10,6.5942557733189839e-15,6.2686467705417967e-12,0.077424377315233661,0,3.3306690738754696e-14,2.18512641867292e-13,4.4408920985006262e-15,0.015624999999999811,64,9.8325080419624623e-14,1.6321960376997498e-14,1.2212453270876722e-15,7.8038270290292644e-14,2.18512641867292e-13,3.5527136788005009e-15,1.4254838718334213,36.934457118972205,2.2204460492503126e-16,4.9719610914157326e-14,1.1941727988407091e-14
hex,4,3,0.20000000000000001,gll,shear,0,constant,yzz,reused_centered,7.7874359300666518e-11,nan,1.0403921149779748e-09,0,1.318263026642791e-10,nan,1.9252391230644028e-10,1.320484818967953e-10,6.5942557733189839e-15,6.2942798839846634e-12,0.077740973212180833,0,3.3306690738754696e-14,2.18512641867292e-13,4.4408920985006262e-15,0.015624999999999811,64,9.8325080419624623e-14,1.6321960376997498e-14,1.2212453270876722e-15,7.8038270290292644e-14,2.18512641867292e-13,3.5527136788005009e-15,1.4254838718334213,36.934457118972205,2.2204460492503126e-16,4.9719610914157326e-14,1.1941727988407091e-14
hex,4,3,0.20000000000000001,gll,shear,0,constant,zzz,recursive,1.0521801603080227e-10,nan,8.2387812625058343e-10,0,1.5363551114997738e-10,nan,1.1172735928704013e-10,8.2967580647699995e-11,6.5942557733189839e-15,3.8418707714013708e-11,0.38548616934946672,0,3.3306690738754696e-14,2.18512641867292e-13,4.4408920985006262e-15,0.015624999999999811,64,9.8325080419624623e-14,1.6321960376997498e-14,1.2212453270876722e-15,7.8038270290292644e-14,2.18512641867292e-13,3.5527136788005009e-15,1.4254838718334213,36.934457118972205,2.2204460492503126e-16,4.9719610914157326e-14,1.1941727988407091e-14
hex,4,3,0.20000000000000001,gll,shear,0,constant,zzz,direct,9.9662999009401051e-11,nan,7.3818971461190183e-10,0,1.4471930139330747e-10,nan,6.8288200305831548e-11,4.5916724820786336e-11,6.5942557733189839e-15,0,0,0,3.3306690738754696e-14,2.18512641867292e-13,4.4408920985006262e-15,0.015624999999999811,64,9.8325080419624623e-14,1.6321960376997498e-14,1.2212453270876722e-15,7.8038270290292644e-14,2.18512641867292e-13,3.5527136788005009e-15,1.4254838718334213,36.934457118972205,2.2204460492503126e-16,4.9719610914157326e-14,1.1941727988407091e-14
hex,4,3,0.20000000000000001,gll,shear,0,constant,zzz,fe_geometry,9.9662999009401115e-11,nan,7.3818971461187733e-10,0,1.4471930139330755e-10,nan,6.828820030583169e-11,4.5916724820786381e-11,6.5942557733189839e-15,3.9186781495305867e-25,3.9319287884974687e-15,0,3.3306690738754696e-14,2.18512641867292e-13,4.4408920985006262e-15,0.015624999999999811,64,9.8325080419624623e-14,1.6321960376997498e-14,1.2212453270876722e-15,7.8038270290292644e-14,2.18512641867292e-13,3.5527136788005009e-15,1.4254838718334213,36.934457118972205,2.2204460492503126e-16,4.9719610914157326e-14,1.1941727988407091e-14
hex,4,3,0.20000000000000001,gll,shear,0,constant,zzz,reused,9.9110085618117858e-11,nan,7.2887658580973957e-10,0,1.4237723409094127e-10,nan,6.491662452790351e-11,4.3716084150339908e-11,6.5942557733189839e-15,4.3412703392055341e-12,0.043559499336318676,0,3.3306690738754696e-14,2.18512641867292e-13,4.4408920985006262e-15,0.015624999999999811,64,9.8325080419624623e-14,1.6321960376997498e-14,1.2212453270876722e-15,7.8038270290292644e-14,2.18512641867292e-13,3.5527136788005009e-15,1.4254838718334213,36.934457118972205,2.2204460492503126e-16,4.9719610914157326e-14,1.1941727988407091e-14
hex,4,3,0.20000000000000001,gll,shear,0,constant,zzz,reused_centered,9.9150299796952576e-11,nan,7.255235418880431e-10,0,1.4241533290004336e-10,nan,6.4860564015967299e-11,4.3731989917349598e-11,6.5942557733189839e-15,4.1522376600779404e-12,0.041662780584058749,0,3.3306690738754696e-14,2.18512641867292e-13,4.4408920985006262e-15,0.015624999999999811,64,9.8325080419624623e-14,1.6321960376997498e-14,1.2212453270876722e-15,7.8038270290292644e-14,2.18512641867292e-13,3.5527136788005009e-15,1.4254838718334213,36.934457118972205,2.2204460492503126e-16,4.9719610914157326e-14,1.1941727988407091e-14
hex,4,3,0.20000000000000001,gll,shear,0,represented_polynomial,x,recursive,2.1804737541242023e-13,1.5636987676992286e-13,6.0653704281321552e-12,1.394433377556775,4.0297483650062927e-13,2.8778287893646454e-13,5.7712272430332735e-13,3.6107308995462253e-13,7.9011504841462207e-15,5.6441576498982086e-14,4.0476352192511819e-14,0,3.3306690738754696e-14,2.18512641867292e-13,4.4408920985006262e-15,0.015624999999999811,64,9.8325080419624623e-14,1.6321960376997498e-14,1.2212453270876722e-15,7.8038270290292644e-14,2.18512641867292e-13,3.5527136788005009e-15,1.4254838718334213,36.934457118972205,2.2204460492503126e-16,4.9719610914157326e-14,1.1941727988407091e-14
hex,4,3,0.20000000000000001,gll,shear,0,represented_polynomial,x,direct,2.1350246146281364e-13,1.5311055006220316e-13,4.985789558986653e-12,1.394433377556775,3.9576578164924402e-13,2.826345610475402e-13,5.6818214559558215e-13,3.4553494889745621e-13,7.9011504841462207e-15,0,0,0,3.3306690738754696e-14,2.18512641867292e-13,4.4408920985006262e-15,0.015624999999999811,64,9.8325080419624623e-14,1.6321960376997498e-14,1.2212453270876722e-15,7.8038270290292644e-14,2.18512641867292e-13,3.5527136788005009e-15,1.4254838718334213,36.934457118972205,2.2204460492503126e-16,4.9719610914157326e-14,1.1941727988407091e-14
hex,4,3,0.20000000000000001,gll,shear,0,represented_polynomial,x,fe_geometry,2.1354614689016625e-13,1.5314187850575286e-13,4.9809045776783023e-12,1.394433377556775,3.9585659018975976e-13,2.8269941160607278e-13,5.6821969191779323e-13,3.4553213934083948e-13,7.9011504841462207e-15,1.2535612936741691e-15,8.9897539305216764e-16,0,3.3306690738754696e-14,2.18512641867292e-13,4.4408920985006262e-15,0.015624999999999811,64,9.8325080419624623e-14,1.6321960376997498e-14,1.2212453270876722e-15,7.8038270290292644e-14,2.18512641867292e-13,3.5527136788005009e-15,1.4254838718334213,36.934457118972205,2.2204460492503126e-16,4.9719610914157326e-14,1.1941727988407091e-14
hex,4,3,0.20000000000000001,gll,shear,0,represented_polynomial,x,reused,2.1157359788004116e-13,1.517272902996234e-13,5.099032307498419e-12,1.394433377556775,3.9238338377028319e-13,2.8021903503661417e-13,5.6247947702745123e-13,3.4148185452747017e-13,7.9011504841462207e-15,1.8950138251057035e-14,1.3589848433103348e-14,0,3.3306690738754696e-14,2.18512641867292e-13,4.4408920985006262e-15,0.015624999999999811,64,9.8325080419624623e-14,1.6321960376997498e-14,1.2212453270876722e-15,7.8038270290292644e-14,2.18512641867292e-13,3.5527136788005009e-15,1.4254838718334213,36.934457118972205,2.2204460492503126e-16,4.9719610914157326e-14,1.1941727988407091e-14
hex,4,3,0.20000000000000001,gll,shear,0,represented_polynomial,x,reused_centered,2.117327075303271e-13,1.5184139374324915e-13,5.0954795938196185e-12,1.394433377556775,3.9261279631491959e-13,2.8038286909417696e-13,5.6252869186761115e-13,3.4156380922125547e-13,7.9011504841462207e-15,1.8871549230818058e-14,1.3533489325881837e-14,0,3.3306690738754696e-14,2.18512641867292e-13,4.4408920985006262e-15,0.015624999999999811,64,9.8325080419624623e-14,1.6321960376997498e-14,1.2212453270876722e-15,7.8038270290292644e-14,2.18512641867292e-13,3.5527136788005009e-15,1.4254838718334213,36.934457118972205,2.2204460492503126e-16,4.9719610914157326e-14,1.1941727988407091e-14
hex,4,3,0.20000000000000001,gll,shear,0,represented_polynomial,y,recursive,2.2407645015576369e-13,1.5170187854018724e-13,7.5441874969328637e-12,1.4770842148563359,4.1904080819041926e-13,2.8192190559462089e-13,6.019035889054728e-13,3.6738434122785788e-13,7.9011504841462207e-15,5.7657734153120459e-14,3.9034831983989796e-14,0,3.3306690738754696e-14,2.18512641867292e-13,4.4408920985006262e-15,0.015624999999999811,64,9.8325080419624623e-14,1.6321960376997498e-14,1.2212453270876722e-15,7.8038270290292644e-14,2.18512641867292e-13,3.5527136788005009e-15,1.4254838718334213,36.934457118972205,2.2204460492503126e-16,4.9719610914157326e-14,1.1941727988407091e-14
hex,4,3,0.20000000000000001,gll,shear,0,represented_polynomial,y,direct,2.190763335410485e-13,1.4831675224581307e-13,6.085354442575408e-12,1.4770842148563359,4.0609222192481013e-13,2.7321036713964062e-13,5.7918022383583779e-13,3.5599193293910098e-13,7.9011504841462207e-15,0,0,0,3.3306690738754696e-14,2.18512641867292e-13,4.4408920985006262e-15,0.015624999999999811,64,9.8325080419624623e-14,1.6321960376997498e-14,1.2212453270876722e-15,7.8038270290292644e-14,2.18512641867292e-13,3.5527136788005009e-15,1.4254838718334213,36.934457118972205,2.2204460492503126e-16,4.9719610914157326e-14,1.1941727988407091e-14
hex,4,3,0.20000000000000001,gll,shear,0,represented_polynomial,y,fe_geometry,2.1908755881076451e-13,1.4832435185970311e-13,6.0760285691685567e-12,1.4770842148563359,4.0613679276834739e-13,2.7324035347247115e-13,5.7924349860590003e-13,3.5604952162462404e-13,7.9011504841462207e-15,1.5265989010766934e-15,1.0335219114268144e-15,0,3.3306690738754696e-14,2.18512641867292e-13,4.4408920985006262e-15,0.015624999999999811,64,9.8325080419624623e-14,1.6321960376997498e-14,1.2212453270876722e-15,7.8038270290292644e-14,2.18512641867292e-13,3.5527136788005009e-15,1.4254838718334213,36.934457118972205,2.2204460492503126e-16,4.9719610914157326e-14,1.1941727988407091e-14
hex,4,3,0.20000000000000001,gll,shear,0,represented_polynomial,y,reused,2.1710761139295452e-13,1.46983908709681e-13,6.1617377866696188e-12,1.4770842148563359,4.0251156807927483e-13,2.7080137800140537e-13,5.7383838670229768e-13,3.516812777480859e-13,7.9011504841462207e-15,3.6167149345948848e-14,2.4485502574723944e-14,0,3.3306690738754696e-14,2.18512641867292e-13,4.4408920985006262e-15,0.015624999999999811,64,9.8325080419624623e-14,1.6321960376997498e-14,1.2212453270876722e-15,7.8038270290292644e-14,2.18512641867292e-13,3.5527136788005009e-15,1.4254838718334213,36.934457118972205,2.2204460492503126e-16,4.9719610914157326e-14,1.1941727988407091e-14
hex,4,3,0.20000000000000001,gll,shear,0,represented_polynomial,y,reused_centered,2.1720477025197473e-13,1.4704968617723701e-13,6.155964626941568e-12,1.4770842148563359,4.0264890197341795e-13,2.7089377337766181e-13,5.7364451188609471e-13,3.5165566619058016e-13,7.9011504841462207e-15,3.6709659588127126e-14,2.4852787145719812e-14,0,3.3306690738754696e-14,2.18512641867292e-13,4.4408920985006262e-15,0.015624999999999811,64,9.8325080419624623e-14,1.6321960376997498e-14,1.2212453270876722e-15,7.8038270290292644e-14,2.18512641867292e-13,3.5527136788005009e-15,1.4254838718334213,36.934457118972205,2.2204460492503126e-16,4.9719610914157326e-14,1.1941727988407091e-14
hex,4,3,0.20000000000000001,gll,shear,0,represented_polynomial,z,recursive,3.0000086127054837e-13,2.0587186799785564e-13,7.9678486031298235e-12,1.4572212521706616,5.4680764342210379e-13,3.7307927640277573e-13,6.2501216652211687e-13,3.6750592992590128e-13,7.9011504841462207e-15,5.1154953918276894e-14,3.5104452286895676e-14,0,3.3306690738754696e-14,2.18512641867292e-13,4.4408920985006262e-15,0.015624999999999811,64,9.8325080419624623e-14,1.6321960376997498e-14,1.2212453270876722e-15,7.8038270290292644e-14,2.18512641867292e-13,3.5527136788005009e-15,1.4254838718334213,36.934457118972205,2.2204460492503126e-16,4.9719610914157326e-14,1.1941727988407091e-14
hex,4,3,0.20000000000000001,gll,shear,0,represented_polynomial,z,direct,2.9442529034295276e-13,2.0204570164234148e-13,8.0135897917443799e-12,1.4572212521706616,5.3667693986655771e-13,3.6616723777745509e-13,5.9712087419003224e-13,3.5064937009839024e-13,7.9011504841462207e-15,0,0,0,3.3306690738754696e-14,2.18512641867292e-13,4.4408920985006262e-15,0.015624999999999811,64,9.8325080419624623e-14,1.6321960376997498e-14,1.2212453270876722e-15,7.8038270290292644e-14,2.18512641867292e-13,3.5527136788005009e-15,1.4254838718334213,36.934457118972205,2.2204460492503126e-16,4.9719610914157326e-14,1.1941727988407091e-14
hex,4,3,0.20000000000000001,gll,shear,0,represented_polynomial,z,fe_geometry,2.9448463295287728e-13,2.0208642477195284e-13,8.0091488996458793e-12,1.4572212521706616,5.3676811593095804e-13,3.6622944594250343e-13,5.9730785336226824e-13,3.5075959596377244e-13,7.9011504841462207e-15,1.3970556517510995e-15,9.5871210337484316e-16,0,3.3306690738754696e-14,2.18512641867292e-13,4.4408920985006262e-15,0.015624999999999811,64,9.8325080419624623e-14,1.6321960376997498e-14,1.2212453270876722e-15,7.8038270290292644e-14,2.18512641867292e-13,3.5527136788005009e-15,1.4254838718334213,36.934457118972205,2.2204460492503126e-16,4.9719610914157326e-14,1.1941727988407091e-14
hex,4,3,0.20000000000000001,gll,shear,0,represented_polynomial,z,reused,2.9291297247824616e-13,2.0100789227574472e-13,7.8843598316780117e-12,1.4572212521706616,5.309034178312731e-13,3.6222804371326982e-13,5.9519194561949758e-13,3.5002389470561932e-13,7.9011504841462207e-15,2.1599531202829833e-14,1.4822410234996746e-14,0,3.3306690738754696e-14,2.18512641867292e-13,4.4408920985006262e-15,0.015624999999999811,64,9.8325080419624623e-14,1.6321960376997498e-14,1.2212453270876722e-15,7.8038270290292644e-14,2.18512641867292e-13,3.5527136788005009e-15,1.4254838718334213,36.934457118972205,2.2204460492503126e-16,4.9719610914157326e-14,1.1941727988407091e-14
hex,4,3,0.20000000000000001,gll,shear,0,represented_polynomial,z,reused_centered,2.9323760909784391e-13,2.0123067012716171e-13,7.8861361885174119e-12,1.4572212521706616,5.3111553118971609e-13,3.6237276571786373e-13,5.9526801041291478e-13,3.5007237970201858e-13,7.9011504841462207e-15,2.1830810791862356e-14,1.4981122982761028e-14,0,3.3306690738754696e-14,2.18512641867292e-13,4.4408920985006262e-15,0.015624999999999811,64,9.8325080419624623e-14,1.6321960376997498e-14,1.2212453270876722e-15,7.8038270290292644e-14,2.18512641867292e-13,3.5527136788005009e-15,1.4254838718334213,36.934457118972205,2.2204460492503126e-16,4.9719610914157326e-14,1.1941727988407091e-14
hex,4,3,0.20000000000000001,gll,shear,0,represented_polynomial,xx,recursive,6.2983638482465242e-12,3.1491819241250614e-12,1.2478729161102819e-10,1.9999999999988571,1.017225487133509e-11,5.0861274356675449e-12,1.3551887367372845e-11,8.7899215846558767e-12,7.9011504841462207e-15,2.5049274885223703e-12,1.2524637442616983e-12,0,3.3306690738754696e-14,2.18512641867292e-13,4.4408920985006262e-15,0.015624999999999811,64,9.8325080419624623e-14,1.6321960376997498e-14,1.2212453270876722e-15,7.8038270290292644e-14,2.18512641867292e-13,3.5527136788005009e-15,1.4254838718334213,36.934457118972205,2.2204460492503126e-16,4.9719610914157326e-14,1.1941727988407091e-14
hex,4,3,0.20000000000000001,gll,shear,0,represented_polynomial,xx,direct,5.8406160917896358e-12,2.9203080458964864e-12,9.7718499958432403e-11,1.9999999999988571,9.4350141472033663e-12,4.7175070736016832e-12,1.2974144272318368e-11,8.305206368116078e-12,7.9011504841462207e-15,0,0,0,3.3306690738754696e-14,2.18512641867292e-13,4.4408920985006262e-15,0.015624999999999811,64,9.8325080419624623e-14,1.6321960376997498e-14,1.2212453270876722e-15,7.8038270290292644e-14,2.18512641867292e-13,3.5527136788005009e-15,1.4254838718334213,36.934457118972205,2.2204460492503126e-16,4.9719610914157326e-14,1.1941727988407091e-14
hex,4,3,0.20000000000000001,gll,shear,0,represented_polynomial,xx,fe_geometry,5.8409243658741152e-12,2.9204621829387261e-12,9.7702512746877801e-11,1.9999999999988571,9.4354626589018542e-12,4.7177313294509271e-12,1.2974259812441291e-11,8.3051494516445058e-12,7.9011504841462207e-15,1.7353998541736071e-14,8.67699927087159e-15,0,3.3306690738754696e-14,2.18512641867292e-13,4.4408920985006262e-15,0.015624999999999811,64,9.8325080419624623e-14,1.6321960376997498e-14,1.2212453270876722e-15,7.8038270290292644e-14,2.18512641867292e-13,3.5527136788005009e-15,1.4254838718334213,36.934457118972205,2.2204460492503126e-16,4.9719610914157326e-14,1.1941727988407091e-14
hex,4,3,0.20000000000000001,gll,shear,0,represented_polynomial,xx,reused,5.8481206433630601e-12,2.924060321683201e-12,9.7898578133026604e-11,1.9999999999988571,9.3964745200414053e-12,4.6982372600207026e-12,1.2958547866670381e-11,8.2918990237064879e-12,7.9011504841462207e-15,3.9801586288973484e-13,1.9900793144494896e-13,0,3.3306690738754696e-14,2.18512641867292e-13,4.4408920985006262e-15,0.015624999999999811,64,9.8325080419624623e-14,1.6321960376997498e-14,1.2212453270876722e-15,7.8038270290292644e-14,2.18512641867292e-13,3.5527136788005009e-15,1.4254838718334213,36.934457118972205,2.2204460492503126e-16,4.9719610914157326e-14,1.1941727988407091e-14
hex,4,3,0.20000000000000001,gll,shear,0,represented_polynomial,xx,reused_centered,5.8481721277797454e-12,2.9240860638915436e-12,9.7702512746877801e-11,1.9999999999988571,9.3954939374869297e-12,4.6977469687434649e-12,1.2959021453785909e-11,8.2932508878828547e-12,7.9011504841462207e-15,3.9326879512271527e-13,1.9663439756143819e-13,0,3.3306690738754696e-14,2.18512641867292e-13,4.4408920985006262e-15,0.015624999999999811,64,9.8325080419624623e-14,1.6321960376997498e-14,1.2212453270876722e-15,7.8038270290292644e-14,2.18512641867292e-13,3.5527136788005009e-15,1.4254838718334213,36.934457118972205,2.2204460492503126e-16,4.9719610914157326e-14,1.1941727988407091e-14
hex,4,3,0.20000000000000001,gll,shear,0,represented_polynomial,xy,recursive,7.2098226752550984e-12,1.1594611896148248e-11,3.1210456441499446e-10,0.62182527020591483,1.5089174306634869e-11,2.4084090768696848e-11,2.1776294143110412e-11,1.2522556281787633e-11,7.9011504841462207e-15,1.2834766376595067e-12,2.0640470871092753e-12,0,3.3306690738754696e-14,2.18512641867292e-13,4.4408920985006262e-15,0.015624999999999811,64,9.8325080419624623e-14,1.6321960376997498e-14,1.2212453270876722e-15,7.8038270290292644e-14,2.18512641867292e-13,3.5527136788005009e-15,1.4254838718334213,36.934457118972205,2.2204460492503126e-16,4.9719610914157326e-14,1.1941727988407091e-14
hex,4,3,0.20000000000000001,gll,shear,0,represented_polynomial,xy,direct,7.161852945472546e-12,1.1517468473259262e-11,2.9275959434471588e-10,0.62182527020591483,1.4943770524559756e-11,2.3852009289986048e-11,2.188995767632475e-11,1.250077762932643e-11,7.9011504841462207e-15,0,0,0,3.3306690738754696e-14,2.18512641867292e-13,4.4408920985006262e-15,0.015624999999999811,64,9.8325080419624623e-14,1.6321960376997498e-14,1.2212453270876722e-15,7.8038270290292644e-14,2.18512641867292e-13,3.5527136788005009e-15,1.4254838718334213,36.934457118972205,2.2204460492503126e-16,4.9719610914157326e-14,1.1941727988407091e-14
hex,4,3,0.20000000000000001,gll,shear,0,represented_polynomial,xy,fe_geometry,7.1617335851821297e-12,1.1517276521763987e-11,2.9286639779968482e-10,0.62182527020591483,1.4943774221015599e-11,2.3852015189962829e-11,2.1892189973654768e-11,1.2503450452394859e-11,7.9011504841462207e-15,1.786780812626827e-14,2.8734451593372402e-14,0,3.3306690738754696e-14,2.18512641867292e-13,4.4408920985006262e-15,0.015624999999999811,64,9.8325080419624623e-14,1.6321960376997498e-14,1.2212453270876722e-15,7.8038270290292644e-14,2.18512641867292e-13,3.5527136788005009e-15,1.4254838718334213,36.934457118972205,2.2204460492503126e-16,4.9719610914157326e-14,1.1941727988407091e-14
hex,4,3,0.20000000000000001,gll,shear,0,represented_polynomial,xy,reused,7.1269191321224346e-12,1.1461289004485755e-11,2.9584257266179748e-10,0.62182527020591483,1.4923490713678224e-11,2.3819640334858529e-11,2.1699583573530384e-11,1.2362460496016688e-11,7.9011504841462207e-15,4.2757621818589904e-13,6.8761473467344331e-13,0,3.3306690738754696e-14,2.18512641867292e-13,4.4408920985006262e-15,0.015624999999999811,64,9.8325080419624623e-14,1.6321960376997498e-14,1.2212453270876722e-15,7.8038270290292644e-14,2.18512641867292e-13,3.5527136788005009e-15,1.4254838718334213,36.934457118972205,2.2204460492503126e-16,4.9719610914157326e-14,1.1941727988407091e-14
hex,4,3,0.20000000000000001,gll,shear,0,represented_polynomial,xy,reused_centered,7.1278616226752142e-12,1.1462804688389157e-11,2.9562863268495221e-10,0.62182527020591483,1.4925058547614895e-11,2.3822142781584482e-11,2.1701416152480942e-11,1.2363062524467689e-11,7.9011504841462207e-15,4.2893618331150534e-13,6.8980178816060052e-13,0,3.3306690738754696e-14,2.18512641867292e-13,4.4408920985006262e-15,0.015624999999999811,64,9.8325080419624623e-14,1.6321960376997498e-14,1.2212453270876722e-15,7.8038270290292644e-14,2.18512641867292e-13,3.5527136788005009e-15,1.4254838718334213,36.934457118972205,2.2204460492503126e-16,4.9719610914157326e-14,1.1941727988407091e-14
hex,4,3,0.20000000000000001,gll,shear,0,represented_polynomial,xz,recursive,7.8496125355170045e-12,1.3051305479074163e-11,3.335223208722482e-10,0.60144270993447346,1.6413994163541966e-11,2.7106150616525383e-11,2.3736393189533208e-11,1.300810853950021e-11,7.9011504841462207e-15,1.6497002656215428e-12,2.7429050820170984e-12,0,3.3306690738754696e-14,2.18512641867292e-13,4.4408920985006262e-15,0.015624999999999811,64,9.8325080419624623e-14,1.6321960376997498e-14,1.2212453270876722e-15,7.8038270290292644e-14,2.18512641867292e-13,3.5527136788005009e-15,1.4254838718334213,36.934457118972205,2.2204460492503126e-16,4.9719610914157326e-14,1.1941727988407091e-14
hex,4,3,0.20000000000000001,gll,shear,0,represented_polynomial,xz,direct,7.7035731734017581e-12,1.280849039510522e-11,3.04729463884712e-10,0.60144270993447346,1.6200084712631895e-11,2.6752899498187261e-11,2.3692367631588368e-11,1.2683972855717044e-11,7.9011504841462207e-15,0,0,0,3.3306690738754696e-14,2.18512641867292e-13,4.4408920985006262e-15,0.015624999999999811,64,9.8325080419624623e-14,1.6321960376997498e-14,1.2212453270876722e-15,7.8038270290292644e-14,2.18512641867292e-13,3.5527136788005009e-15,1.4254838718334213,36.934457118972205,2.2204460492503126e-16,4.9719610914157326e-14,1.1941727988407091e-14
hex,4,3,0.20000000000000001,gll,shear,0,represented_polynomial,xz,fe_geometry,7.70377704617478e-12,1.2808829367994332e-11,3.0468227940616543e-10,0.60144270993447346,1.6200295846537655e-11,2.6753248165756699e-11,2.3693243588908997e-11,1.2684546722568246e-11,7.9011504841462207e-15,1.5880851554529946e-14,2.6404595636812686e-14,0,3.3306690738754696e-14,2.18512641867292e-13,4.4408920985006262e-15,0.015624999999999811,64,9.8325080419624623e-14,1.6321960376997498e-14,1.2212453270876722e-15,7.8038270290292644e-14,2.18512641867292e-13,3.5527136788005009e-15,1.4254838718334213,36.934457118972205,2.2204460492503126e-16,4.9719610914157326e-14,1.1941727988407091e-14
hex,4,3,0.20000000000000001,gll,shear,0,represented_polynomial,xz,reused,7.7207946651565807e-12,1.2837124031310903e-11,3.0379609938790963e-10,0.60144270993447346,1.6235750778031462e-11,2.6811798613843514e-11,2.3670291707252265e-11,1.2682381959924093e-11,7.9011504841462207e-15,2.3669303734123273e-13,3.9354211703222755e-13,0,3.3306690738754696e-14,2.18512641867292e-13,4.4408920985006262e-15,0.015624999999999811,64,9.8325080419624623e-14,1.6321960376997498e-14,1.2212453270876722e-15,7.8038270290292644e-14,2.18512641867292e-13,3.5527136788005009e-15,1.4254838718334213,36.934457118972205,2.2204460492503126e-16,4.9719610914157326e-14,1.1941727988407091e-14
hex,4,3,0.20000000000000001,gll,shear,0,represented_polynomial,xz,reused_centered,7.721477190850169e-12,1.2838258845454152e-11,3.0381708260307505e-10,0.60144270993447346,1.6237472622841399e-11,2.6814642076823417e-11,2.3670773601842931e-11,1.2683114584999756e-11,7.9011504841462207e-15,2.3632324987500077e-13,3.9292728296719713e-13,0,3.3306690738754696e-14,2.18512641867292e-13,4.4408920985006262e-15,0.015624999999999811,64,9.8325080419624623e-14,1.6321960376997498e-14,1.2212453270876722e-15,7.8038270290292644e-14,2.18512641867292e-13,3.5527136788005009e-15,1.4254838718334213,36.934457118972205,2.2204460492503126e-16,4.9719610914157326e-14,1.1941727988407091e-14
hex,4,3,0.20000000000000001,gll,shear,0,represented_polynomial,yy,recursive,6.5140998480732001e-12,2.5587273963830983e-12,2.3613511146436394e-10,2.5458358156016301,1.1015877113592107e-11,4.3235154141736197e-12,1.5175556645430278e-11,9.5705145785531749e-12,7.9011504841462207e-15,1.8718385565666539e-12,7.3525501726996001e-13,0,3.3306690738754696e-14,2.18512641867292e-13,4.4408920985006262e-15,0.015624999999999811,64,9.8325080419624623e-14,1.6321960376997498e-14,1.2212453270876722e-15,7.8038270290292644e-14,2.18512641867292e-13,3.5527136788005009e-15,1.4254838718334213,36.934457118972205,2.2204460492503126e-16,4.9719610914157326e-14,1.1941727988407091e-14
hex,4,3,0.20000000000000001,gll,shear,0,represented_polynomial,yy,direct,6.2341735250610792e-12,2.4487728104287921e-12,1.9624746272484117e-10,2.5458358156016301,1.0335384455955579e-11,4.0564354109940888e-12,1.4033308584863709e-11,8.9791938245992213e-12,7.9011504841462207e-15,0,0,0,3.3306690738754696e-14,2.18512641867292e-13,4.4408920985006262e-15,0.015624999999999811,64,9.8325080419624623e-14,1.6321960376997498e-14,1.2212453270876722e-15,7.8038270290292644e-14,2.18512641867292e-13,3.5527136788005009e-15,1.4254838718334213,36.934457118972205,2.2204460492503126e-16,4.9719610914157326e-14,1.1941727988407091e-14
hex,4,3,0.20000000000000001,gll,shear,0,represented_polynomial,yy,fe_geometry,6.2343657208825596e-12,2.4488483046222128e-12,1.9623325187012597e-10,2.5458358156016301,1.0335386703226971e-11,4.0564362930039741e-12,1.4032539289137847e-11,8.9789427037349673e-12,7.9011504841462207e-15,2.1483844849202664e-14,8.4388178992311333e-15,0,3.3306690738754696e-14,2.18512641867292e-13,4.4408920985006262e-15,0.015624999999999811,64,9.8325080419624623e-14,1.6321960376997498e-14,1.2212453270876722e-15,7.8038270290292644e-14,2.18512641867292e-13,3.5527136788005009e-15,1.4254838718334213,36.934457118972205,2.2204460492503126e-16,4.9719610914157326e-14,1.1941727988407091e-14
hex,4,3,0.20000000000000001,gll,shear,0,represented_polynomial,yy,reused,6.2122341731589699e-12,2.4401550701300428e-12,1.9545742802051791e-10,2.5458358156016301,1.024427648757861e-11,4.0206773227755993e-12,1.3956716495980509e-11,8.8931512255728648e-12,7.9011504841462207e-15,7.7841250001377999e-13,3.0575911268253897e-13,0,3.3306690738754696e-14,2.18512641867292e-13,4.4408920985006262e-15,0.015624999999999811,64,9.8325080419624623e-14,1.6321960376997498e-14,1.2212453270876722e-15,7.8038270290292644e-14,2.18512641867292e-13,3.5527136788005009e-15,1.4254838718334213,36.934457118972205,2.2204460492503126e-16,4.9719610914157326e-14,1.1941727988407091e-14
hex,4,3,0.20000000000000001,gll,shear,0,represented_polynomial,yy,reused_centered,6.2106348653268144e-12,2.4395268647201124e-12,1.9552715002646437e-10,2.5458358156016301,1.0241412699886605e-11,4.0195533423515594e-12,1.3955694931855411e-11,8.892263221918689e-12,7.9011504841462207e-15,7.7075134059149938e-13,3.0274982222659881e-13,0,3.3306690738754696e-14,2.18512641867292e-13,4.4408920985006262e-15,0.015624999999999811,64,9.8325080419624623e-14,1.6321960376997498e-14,1.2212453270876722e-15,7.8038270290292644e-14,2.18512641867292e-13,3.5527136788005009e-15,1.4254838718334213,36.934457118972205,2.2204460492503126e-16,4.9719610914157326e-14,1.1941727988407091e-14
hex,4,3,0.20000000000000001,gll,shear,0,represented_polynomial,yz,recursive,8.2230948251588516e-12,1.2583738902862727e-11,4.0020831093556808e-10,0.65346991769577689,1.7392455103900673e-11,2.6374386619455437e-11,2.4632023782694802e-11,1.3259706649194455e-11,7.9011504841462207e-15,1.7895525105111963e-12,2.7385384729266101e-12,0,3.3306690738754696e-14,2.18512641867292e-13,4.4408920985006262e-15,0.015624999999999811,64,9.8325080419624623e-14,1.6321960376997498e-14,1.2212453270876722e-15,7.8038270290292644e-14,2.18512641867292e-13,3.5527136788005009e-15,1.4254838718334213,36.934457118972205,2.2204460492503126e-16,4.9719610914157326e-14,1.1941727988407091e-14
hex,4,3,0.20000000000000001,gll,shear,0,represented_polynomial,yz,direct,7.9112982249873764e-12,1.2106598958500923e-11,3.2586888742969222e-10,0.65346991769577689,1.6549600305704615e-11,2.5096258938292108e-11,2.375222660390211e-11,1.2754389539483963e-11,7.9011504841462207e-15,0,0,0,3.3306690738754696e-14,2.18512641867292e-13,4.4408920985006262e-15,0.015624999999999811,64,9.8325080419624623e-14,1.6321960376997498e-14,1.2212453270876722e-15,7.8038270290292644e-14,2.18512641867292e-13,3.5527136788005009e-15,1.4254838718334213,36.934457118972205,2.2204460492503126e-16,4.9719610914157326e-14,1.1941727988407091e-14
hex,4,3,0.20000000000000001,gll,shear,0,represented_polynomial,yz,fe_geometry,7.9116280107321914e-12,1.2107103627095274e-11,3.2561575658007769e-10,0.65346991769577689,1.6549722736605267e-11,2.5096444595802138e-11,2.3753726329514807e-11,1.2755948795466249e-11,7.9011504841462207e-15,2.130196746544931e-14,3.2598237330571421e-14,0,3.3306690738754696e-14,2.18512641867292e-13,4.4408920985006262e-15,0.015624999999999811,64,9.8325080419624623e-14,1.6321960376997498e-14,1.2212453270876722e-15,7.8038270290292644e-14,2.18512641867292e-13,3.5527136788005009e-15,1.4254838718334213,36.934457118972205,2.2204460492503126e-16,4.9719610914157326e-14,1.1941727988407091e-14
hex,4,3,0.20000000000000001,gll,shear,0,represented_polynomial,yz,reused,7.9094404195276599e-12,1.2103755973063633e-11,3.2913649583576898e-10,0.65346991769577689,1.6561334196181828e-11,2.511405252534739e-11,2.3705769346011293e-11,1.2750350130136854e-11,7.9011504841462207e-15,3.9885516807822727e-13,6.1036500269881356e-13,0,3.3306690738754696e-14,2.18512641867292e-13,4.4408920985006262e-15,0.015624999999999811,64,9.8325080419624623e-14,1.6321960376997498e-14,1.2212453270876722e-15,7.8038270290292644e-14,2.18512641867292e-13,3.5527136788005009e-15,1.4254838718334213,36.934457118972205,2.2204460492503126e-16,4.9719610914157326e-14,1.1941727988407091e-14
hex,4,3,0.20000000000000001,gll,shear,0,represented_polynomial,yz,reused_centered,7.9090188164763399e-12,1.2103110797149786e-11,3.2890823398190605e-10,0.65346991769577689,1.6560373775448938e-11,2.5112596117521395e-11,2.3699573301292733e-11,1.2748286491888387e-11,7.9011504841462207e-15,3.9761920509270972e-13,6.0847361802746561e-13,0,3.3306690738754696e-14,2.18512641867292e-13,4.4408920985006262e-15,0.015624999999999811,64,9.8325080419624623e-14,1.6321960376997498e-14,1.2212453270876722e-15,7.8038270290292644e-14,2.18512641867292e-13,3.5527136788005009e-15,1.4254838718334213,36.934457118972205,2.2204460492503126e-16,4.9719610914157326e-14,1.1941727988407091e-14
hex,4,3,0.20000000000000001,gll,shear,0,represented_polynomial,zz,recursive,8.7551297044403478e-12,3.6258455309991256e-12,2.3777113611345158e-10,2.4146449785542337,1.39156727242809e-11,5.7587393410958779e-12,1.8125621397347202e-11,1.1615886808853362e-11,7.9011504841462207e-15,1.83775665035795e-12,7.6108772373593165e-13,0,3.3306690738754696e-14,2.18512641867292e-13,4.4408920985006262e-15,0.015624999999999811,64,9.8325080419624623e-14,1.6321960376997498e-14,1.2212453270876722e-15,7.8038270290292644e-14,2.18512641867292e-13,3.5527136788005009e-15,1.4254838718334213,36.934457118972205,2.2204460492503126e-16,4.9719610914157326e-14,1.1941727988407091e-14
hex,4,3,0.20000000000000001,gll,shear,0,represented_polynomial,zz,direct,8.4617046485767316e-12,3.5043266085613827e-12,2.3887292144308958e-10,2.4146449785542337,1.3391247833709083e-11,5.5417159669031018e-12,1.7152164319634895e-11,1.1018155763138226e-11,7.9011504841462207e-15,0,0,0,3.3306690738754696e-14,2.18512641867292e-13,4.4408920985006262e-15,0.015624999999999811,64,9.8325080419624623e-14,1.6321960376997498e-14,1.2212453270876722e-15,7.8038270290292644e-14,2.18512641867292e-13,3.5527136788005009e-15,1.4254838718334213,36.934457118972205,2.2204460492503126e-16,4.9719610914157326e-14,1.1941727988407091e-14
hex,4,3,0.20000000000000001,gll,shear,0,represented_polynomial,zz,fe_geometry,8.4620217693893282e-12,3.5044579408339997e-12,2.3884449973365918e-10,2.4146449785542337,1.3391710242255858e-11,5.5419073259802181e-12,1.7151157021729171e-11,1.101753808207229e-11,7.9011504841462207e-15,1.8742257644205255e-14,7.7619102645185179e-15,0,3.3306690738754696e-14,2.18512641867292e-13,4.4408920985006262e-15,0.015624999999999811,64,9.8325080419624623e-14,1.6321960376997498e-14,1.2212453270876722e-15,7.8038270290292644e-14,2.18512641867292e-13,3.5527136788005009e-15,1.4254838718334213,36.934457118972205,2.2204460492503126e-16,4.9719610914157326e-14,1.1941727988407091e-14
hex,4,3,0.20000000000000001,gll,shear,0,represented_polynomial,zz,reused,8.5074620162199214e-12,3.5232765444938225e-12,2.3658630610157161e-10,2.4146449785542337,1.3356278521587235e-11,5.5272445750101491e-12,1.7251806008048058e-11,1.1110636882393674e-11,7.9011504841462207e-15,3.8009433489533e-13,1.5741209919934933e-13,0,3.3306690738754696e-14,2.18512641867292e-13,4.4408920985006262e-15,0.015624999999999811,64,9.8325080419624623e-14,1.6321960376997498e-14,1.2212453270876722e-15,7.8038270290292644e-14,2.18512641867292e-13,3.5527136788005009e-15,1.4254838718334213,36.934457118972205,2.2204460492503126e-16,4.9719610914157326e-14,1.1941727988407091e-14
hex,4,3,0.20000000000000001,gll,shear,0,represented_polynomial,zz,reused_centered,8.5117070921348111e-12,3.525034598349604e-12,2.3695534423495701e-10,2.4146449785542337,1.3360450630714515e-11,5.5289711238764996e-12,1.7248249446175557e-11,1.1107216546929632e-11,7.9011504841462207e-15,3.7691204955410883e-13,1.5609418896016915e-13,0,3.3306690738754696e-14,2.18512641867292e-13,4.4408920985006262e-15,0.015624999999999811,64,9.8325080419624623e-14,1.6321960376997498e-14,1.2212453270876722e-15,7.8038270290292644e-14,2.18512641867292e-13,3.5527136788005009e-15,1.4254838718334213,36.934457118972205,2.2204460492503126e-16,4.9719610914157326e-14,1.1941727988407091e-14
hex,4,3,0.20000000000000001,gll,shear,0,represented_polynomial,xxx,recursive,1.0287005917274899e-10,nan,1.3214209862842859e-09,0,1.4358503904187584e-10,nan,2.2315674916768462e-10,1.5640153947820799e-10,7.9011504841462207e-15,6.5102637105957859e-11,0.82102991469859754,0,3.3306690738754696e-14,2.18512641867292e-13,4.4408920985006262e-15,0.015624999999999811,64,9.8325080419624623e-14,1.6321960376997498e-14,1.2212453270876722e-15,7.8038270290292644e-14,2.18512641867292e-13,3.5527136788005009e-15,1.4254838718334213,36.934457118972205,2.2204460492503126e-16,4.9719610914157326e-14,1.1941727988407091e-14
hex,4,3,0.20000000000000001,gll,shear,0,represented_polynomial,xxx,direct,7.9293867300629638e-11,nan,7.7737173479637765e-10,0,1.1100102331862477e-10,nan,1.5341484672365977e-10,1.034156152148388e-10,7.9011504841462207e-15,0,0,0,3.3306690738754696e-14,2.18512641867292e-13,4.4408920985006262e-15,0.015624999999999811,64,9.8325080419624623e-14,1.6321960376997498e-14,1.2212453270876722e-15,7.8038270290292644e-14,2.18512641867292e-13,3.5527136788005009e-15,1.4254838718334213,36.934457118972205,2.2204460492503126e-16,4.9719610914157326e-14,1.1941727988407091e-14
hex,4,3,0.20000000000000001,gll,shear,0,represented_polynomial,xxx,fe_geometry,7.9293484718973368e-11,nan,7.7725997637742876e-10,0,1.1099821760557013e-10,nan,1.5341460604973475e-10,1.0341652256784318e-10,7.9011504841462207e-15,5.2505695408286435e-14,0.00066216590507838056,0,3.3306690738754696e-14,2.18512641867292e-13,4.4408920985006262e-15,0.015624999999999811,64,9.8325080419624623e-14,1.6321960376997498e-14,1.2212453270876722e-15,7.8038270290292644e-14,2.18512641867292e-13,3.5527136788005009e-15,1.4254838718334213,36.934457118972205,2.2204460492503126e-16,4.9719610914157326e-14,1.1941727988407091e-14
hex,4,3,0.20000000000000001,gll,shear,0,represented_polynomial,xxx,reused,7.9631458270556899e-11,nan,7.8447539444319146e-10,0,1.1047048577422623e-10,nan,1.5243937767796084e-10,1.0294871177157145e-10,7.9011504841462207e-15,5.110554759057741e-12,0.064450819880961463,0,3.3306690738754696e-14,2.18512641867292e-13,4.4408920985006262e-15,0.015624999999999811,64,9.8325080419624623e-14,1.6321960376997498e-14,1.2212453270876722e-15,7.8038270290292644e-14,2.18512641867292e-13,3.5527136788005009e-15,1.4254838718334213,36.934457118972205,2.2204460492503126e-16,4.9719610914157326e-14,1.1941727988407091e-14
hex,4,3,0.20000000000000001,gll,shear,0,represented_polynomial,xxx,reused_centered,7.961837953738288e-11,nan,7.7905571698410957e-10,0,1.1045487266944511e-10,nan,1.5243488732975025e-10,1.0287666532650105e-10,7.9011504841462207e-15,4.7828030671777039e-12,0.060317439797008432,0,3.3306690738754696e-14,2.18512641867292e-13,4.4408920985006262e-15,0.015624999999999811,64,9.8325080419624623e-14,1.6321960376997498e-14,1.2212453270876722e-15,7.8038270290292644e-14,2.18512641867292e-13,3.5527136788005009e-15,1.4254838718334213,36.934457118972205,2.2204460492503126e-16,4.9719610914157326e-14,1.1941727988407091e-14
hex,4,3,0.20000000000000001,gll,shear,0,represented_polynomial,xxy,recursive,2.0305005046373175e-10,nan,5.7379520324678476e-09,0,3.8542507937158912e-10,nan,5.5006170231666725e-10,3.2342140381208774e-10,7.9011504841462207e-15,5.1209096464497662e-11,0.25927836253431591,0,3.3306690738754696e-14,2.18512641867292e-13,4.4408920985006262e-15,0.015624999999999811,64,9.8325080419624623e-14,1.6321960376997498e-14,1.2212453270876722e-15,7.8038270290292644e-14,2.18512641867292e-13,3.5527136788005009e-15,1.4254838718334213,36.934457118972205,2.2204460492503126e-16,4.9719610914157326e-14,1.1941727988407091e-14
hex,4,3,0.20000000000000001,gll,shear,0,represented_polynomial,xxy,direct,1.9750624758639491e-10,nan,5.2663990133000357e-09,0,3.745688331900352e-10,nan,5.4376019099921031e-10,3.190781233740417e-10,7.9011504841462207e-15,0,0,0,3.3306690738754696e-14,2.18512641867292e-13,4.4408920985006262e-15,0.015624999999999811,64,9.8325080419624623e-14,1.6321960376997498e-14,1.2212453270876722e-15,7.8038270290292644e-14,2.18512641867292e-13,3.5527136788005009e-15,1.4254838718334213,36.934457118972205,2.2204460492503126e-16,4.9719610914157326e-14,1.1941727988407091e-14
hex,4,3,0.20000000000000001,gll,shear,0,represented_polynomial,xxy,fe_geometry,1.9750528312945666e-10,nan,5.2674184828017028e-09,0,3.7456901767001601e-10,nan,5.4377349234026064e-10,3.1909664039113627e-10,7.9011504841462207e-15,2.3724157916034468e-13,0.0012011851881119273,0,3.3306690738754696e-14,2.18512641867292e-13,4.4408920985006262e-15,0.015624999999999811,64,9.8325080419624623e-14,1.6321960376997498e-14,1.2212453270876722e-15,7.8038270290292644e-14,2.18512641867292e-13,3.5527136788005009e-15,1.4254838718334213,36.934457118972205,2.2204460492503126e-16,4.9719610914157326e-14,1.1941727988407091e-14
hex,4,3,0.20000000000000001,gll,shear,0,represented_polynomial,xxy,reused,1.9780499568467593e-10,nan,5.3193439680538455e-09,0,3.7518928967048502e-10,nan,5.4391963409316773e-10,3.1892639675773204e-10,7.9011504841462207e-15,8.2411297615439645e-12,0.041725919368393941,0,3.3306690738754696e-14,2.18512641867292e-13,4.4408920985006262e-15,0.015624999999999811,64,9.8325080419624623e-14,1.6321960376997498e-14,1.2212453270876722e-15,7.8038270290292644e-14,2.18512641867292e-13,3.5527136788005009e-15,1.4254838718334213,36.934457118972205,2.2204460492503126e-16,4.9719610914157326e-14,1.1941727988407091e-14
hex,4,3,0.20000000000000001,gll,shear,0,represented_polynomial,xxy,reused_centered,1.9782172932632844e-10,nan,5.3149397046602261e-09,0,3.7521811281871604e-10,nan,5.4397681781815823e-10,3.1895709790931466e-10,7.9011504841462207e-15,8.2875498834236694e-12,0.041960950525367337,0,3.3306690738754696e-14,2.18512641867292e-13,4.4408920985006262e-15,0.015624999999999811,64,9.8325080419624623e-14,1.6321960376997498e-14,1.2212453270876722e-15,7.8038270290292644e-14,2.18512641867292e-13,3.5527136788005009e-15,1.4254838718334213,36.934457118972205,2.2204460492503126e-16,4.9719610914157326e-14,1.1941727988407091e-14
hex,4,3,0.20000000000000001,gll,shear,0,represented_polynomial,xxz,recursive,2.2878048047213409e-10,nan,6.1132452809757892e-09,0,4.363532415447568e-10,nan,5.869976630764685e-10,3.323753687189535e-10,7.9011504841462207e-15,8.1306185813664471e-11,0.37644009984765198,0,3.3306690738754696e-14,2.18512641867292e-13,4.4408920985006262e-15,0.015624999999999811,64,9.8325080419624623e-14,1.6321960376997498e-14,1.2212453270876722e-15,7.8038270290292644e-14,2.18512641867292e-13,3.5527136788005009e-15,1.4254838718334213,36.934457118972205,2.2204460492503126e-16,4.9719610914157326e-14,1.1941727988407091e-14
hex,4,3,0.20000000000000001,gll,shear,0,represented_polynomial,xxz,direct,2.1598704773101929e-10,nan,5.203189365550172e-09,0,4.0927815661821396e-10,nan,5.8011118724814195e-10,3.2603183310276776e-10,7.9011504841462207e-15,0,0,0,3.3306690738754696e-14,2.18512641867292e-13,4.4408920985006262e-15,0.015624999999999811,64,9.8325080419624623e-14,1.6321960376997498e-14,1.2212453270876722e-15,7.8038270290292644e-14,2.18512641867292e-13,3.5527136788005009e-15,1.4254838718334213,36.934457118972205,2.2204460492503126e-16,4.9719610914157326e-14,1.1941727988407091e-14
hex,4,3,0.20000000000000001,gll,shear,0,represented_polynomial,xxz,fe_geometry,2.1598731074205719e-10,nan,5.2032459508150014e-09,0,4.0927787899918526e-10,nan,5.8011730178912738e-10,3.2603633340442826e-10,7.9011504841462207e-15,2.173667013820293e-13,0.0010063876684528238,0,3.3306690738754696e-14,2.18512641867292e-13,4.4408920985006262e-15,0.015624999999999811,64,9.8325080419624623e-14,1.6321960376997498e-14,1.2212453270876722e-15,7.8038270290292644e-14,2.18512641867292e-13,3.5527136788005009e-15,1.4254838718334213,36.934457118972205,2.2204460492503126e-16,4.9719610914157326e-14,1.1941727988407091e-14
hex,4,3,0.20000000000000001,gll,shear,0,represented_polynomial,xxz,reused,2.1681655712587257e-10,nan,5.1888771692672565e-09,0,4.1065524625502083e-10,nan,5.8098388707606083e-10,3.2678266817682138e-10,7.9011504841462207e-15,6.3603020911150691e-12,0.029447608816969003,0,3.3306690738754696e-14,2.18512641867292e-13,4.4408920985006262e-15,0.015624999999999811,64,9.8325080419624623e-14,1.6321960376997498e-14,1.2212453270876722e-15,7.8038270290292644e-14,2.18512641867292e-13,3.5527136788005009e-15,1.4254838718334213,36.934457118972205,2.2204460492503126e-16,4.9719610914157326e-14,1.1941727988407091e-14
hex,4,3,0.20000000000000001,gll,shear,0,represented_polynomial,xxz,reused_centered,2.1683051341695271e-10,nan,5.1904424615179012e-09,0,4.1069214181334671e-10,nan,5.8100481704748585e-10,3.2683720037569728e-10,7.9011504841462207e-15,6.3714531969065482e-12,0.029499237402611633,0,3.3306690738754696e-14,2.18512641867292e-13,4.4408920985006262e-15,0.015624999999999811,64,9.8325080419624623e-14,1.6321960376997498e-14,1.2212453270876722e-15,7.8038270290292644e-14,2.18512641867292e-13,3.5527136788005009e-15,1.4254838718334213,36.934457118972205,2.2204460492503126e-16,4.9719610914157326e-14,1.1941727988407091e-14
hex,4,3,0.20000000000000001,gll,shear,0,represented_polynomial,xyy,recursive,2.0385322149642998e-10,2.5481652687046121e-10,6.4628521423415464e-09,0.80000000000023952,3.871600797284326e-10,4.8395009966056819e-10,5.4336141028793314e-10,3.1843512695639499e-10,7.9011504841462207e-15,3.1017959406072434e-11,3.8772449257701351e-11,0,3.3306690738754696e-14,2.18512641867292e-13,4.4408920985006262e-15,0.015624999999999811,64,9.8325080419624623e-14,1.6321960376997498e-14,1.2212453270876722e-15,7.8038270290292644e-14,2.18512641867292e-13,3.5527136788005009e-15,1.4254838718334213,36.934457118972205,2.2204460492503126e-16,4.9719610914157326e-14,1.1941727988407091e-14
hex,4,3,0.20000000000000001,gll,shear,0,represented_polynomial,xyy,direct,2.0353530256943754e-10,2.5441912821172075e-10,6.1066647294438781e-09,0.80000000000023952,3.8592012140386665e-10,4.8240015175486062e-10,5.4411586312902164e-10,3.1736831774349004e-10,7.9011504841462207e-15,0,0,0,3.3306690738754696e-14,2.18512641867292e-13,4.4408920985006262e-15,0.015624999999999811,64,9.8325080419624623e-14,1.6321960376997498e-14,1.2212453270876722e-15,7.8038270290292644e-14,2.18512641867292e-13,3.5527136788005009e-15,1.4254838718334213,36.934457118972205,2.2204460492503126e-16,4.9719610914157326e-14,1.1941727988407091e-14
hex,4,3,0.20000000000000001,gll,shear,0,represented_polynomial,xyy,fe_geometry,2.0353143598626275e-10,2.5441429498275226e-10,6.1075835500190578e-09,0.80000000000023952,3.8591651283919924e-10,4.8239564104902634e-10,5.4412444098418808e-10,3.1738936176452139e-10,7.9011504841462207e-15,2.4889061836450649e-13,3.1111327295652219e-13,0,3.3306690738754696e-14,2.18512641867292e-13,4.4408920985006262e-15,0.015624999999999811,64,9.8325080419624623e-14,1.6321960376997498e-14,1.2212453270876722e-15,7.8038270290292644e-14,2.18512641867292e-13,3.5527136788005009e-15,1.4254838718334213,36.934457118972205,2.2204460492503126e-16,4.9719610914157326e-14,1.1941727988407091e-14
hex,4,3,0.20000000000000001,gll,shear,0,represented_polynomial,xyy,reused,2.0369067340026258e-10,2.5461334175025198e-10,6.1626657110736005e-09,0.80000000000023952,3.8655996609775434e-10,4.8319995762222019e-10,5.426182700668278e-10,3.1607139932198322e-10,7.9011504841462207e-15,9.7527656349495786e-12,1.2190957043721813e-11,0,3.3306690738754696e-14,2.18512641867292e-13,4.4408920985006262e-15,0.015624999999999811,64,9.8325080419624623e-14,1.6321960376997498e-14,1.2212453270876722e-15,7.8038270290292644e-14,2.18512641867292e-13,3.5527136788005009e-15,1.4254838718334213,36.934457118972205,2.2204460492503126e-16,4.9719610914157326e-14,1.1941727988407091e-14
hex,4,3,0.20000000000000001,gll,shear,0,represented_polynomial,xyy,reused_centered,2.0372205335636612e-10,2.5465256669538142e-10,6.1564980891049004e-09,0.80000000000023952,3.8659978474424983e-10,4.8324973093033965e-10,5.4266196038036009e-10,3.1611429168954017e-10,7.9011504841462207e-15,9.7714567017276569e-12,1.2214320877194478e-11,0,3.3306690738754696e-14,2.18512641867292e-13,4.4408920985006262e-15,0.015624999999999811,64,9.8325080419624623e-14,1.6321960376997498e-14,1.2212453270876722e-15,7.8038270290292644e-14,2.18512641867292e-13,3.5527136788005009e-15,1.4254838718334213,36.934457118972205,2.2204460492503126e-16,4.9719610914157326e-14,1.1941727988407091e-14
hex,4,3,0.20000000000000001,gll,shear,0,represented_polynomial,xyz,recursive,2.5721147220320592e-10,2.5659637812499106e-10,1.5809288100854246e-08,1.0023971268913048,6.0247198659779452e-10,6.00970196038944e-10,8.575413345115431e-10,4.4274862930539782e-10,7.9011504841462207e-15,2.3418939977853558e-11,2.3362936055573066e-11,0,3.3306690738754696e-14,2.18512641867292e-13,4.4408920985006262e-15,0.015624999999999811,64,9.8325080419624623e-14,1.6321960376997498e-14,1.2212453270876722e-15,7.8038270290292644e-14,2.18512641867292e-13,3.5527136788005009e-15,1.4254838718334213,36.934457118972205,2.2204460492503126e-16,4.9719610914157326e-14,1.1941727988407091e-14
hex,4,3,0.20000000000000001,gll,shear,0,represented_polynomial,xyz,direct,2.5380934132792167e-10,2.5320238308648256e-10,1.5542834130854999e-08,1.0023971268913048,5.9503968840242742e-10,5.9355642443984814e-10,8.533573756177899e-10,4.3710093657474214e-10,7.9011504841462207e-15,0,0,0,3.3306690738754696e-14,2.18512641867292e-13,4.4408920985006262e-15,0.015624999999999811,64,9.8325080419624623e-14,1.6321960376997498e-14,1.2212453270876722e-15,7.8038270290292644e-14,2.18512641867292e-13,3.5527136788005009e-15,1.4254838718334213,36.934457118972205,2.2204460492503126e-16,4.9719610914157326e-14,1.1941727988407091e-14
hex,4,3,0.20000000000000001,gll,shear,0,represented_polynomial,xyz,fe_geometry,2.5381197474317545e-10,2.5320501020420184e-10,1.5543353937275128e-08,1.0023971268913048,5.9504489969627588e-10,5.9356162274342964e-10,8.5335860149351007e-10,4.3709759353468357e-10,7.9011504841462207e-15,2.6121336535796973e-13,2.6058870117479287e-13,0,3.3306690738754696e-14,2.18512641867292e-13,4.4408920985006262e-15,0.015624999999999811,64,9.8325080419624623e-14,1.6321960376997498e-14,1.2212453270876722e-15,7.8038270290292644e-14,2.18512641867292e-13,3.5527136788005009e-15,1.4254838718334213,36.934457118972205,2.2204460492503126e-16,4.9719610914157326e-14,1.1941727988407091e-14
hex,4,3,0.20000000000000001,gll,shear,0,represented_polynomial,xyz,reused,2.548679991907416e-10,2.5425850928080155e-10,1.5559449506596934e-08,1.0023971268913048,5.9768584231003835e-10,5.9619598224167471e-10,8.5297814094105047e-10,4.3694292145532407e-10,7.9011504841462207e-15,4.9023914731840329e-12,4.8906679215923566e-12,0,3.3306690738754696e-14,2.18512641867292e-13,4.4408920985006262e-15,0.015624999999999811,64,9.8325080419624623e-14,1.6321960376997498e-14,1.2212453270876722e-15,7.8038270290292644e-14,2.18512641867292e-13,3.5527136788005009e-15,1.4254838718334213,36.934457118972205,2.2204460492503126e-16,4.9719610914157326e-14,1.1941727988407091e-14
hex,4,3,0.20000000000000001,gll,shear,0,represented_polynomial,xyz,reused_centered,2.5491787849744513e-10,2.5430826930640959e-10,1.55555661685014e-08,1.0023971268913048,5.9780051259893153e-10,5.9631036669029473e-10,8.5312326851624554e-10,4.3698591022903001e-10,7.9011504841462207e-15,4.8964285905000548e-12,4.8847192985127291e-12,0,3.3306690738754696e-14,2.18512641867292e-13,4.4408920985006262e-15,0.015624999999999811,64,9.8325080419624623e-14,1.6321960376997498e-14,1.2212453270876722e-15,7.8038270290292644e-14,2.18512641867292e-13,3.5527136788005009e-15,1.4254838718334213,36.934457118972205,2.2204460492503126e-16,4.9719610914157326e-14,1.1941727988407091e-14
hex,4,3,0.20000000000000001,gll,shear,0,represented_polynomial,xzz,recursive,2.2742114956043918e-10,7.3147025789845778e-10,7.9306656797228925e-09,0.31090963317336906,4.3228058260892313e-10,1.3681591995008299e-09,6.2493125898459988e-10,3.5587892342120745e-10,7.9011504841462207e-15,4.5847951873054597e-11,1.474639154944258e-10,0,3.3306690738754696e-14,2.18512641867292e-13,4.4408920985006262e-15,0.015624999999999811,64,9.8325080419624623e-14,1.6321960376997498e-14,1.2212453270876722e-15,7.8038270290292644e-14,2.18512641867292e-13,3.5527136788005009e-15,1.4254838718334213,36.934457118972205,2.2204460492503126e-16,4.9719610914157326e-14,1.1941727988407091e-14
hex,4,3,0.20000000000000001,gll,shear,0,represented_polynomial,xzz,direct,2.2401613361797842e-10,7.2051847133685562e-10,7.0920332384538654e-09,0.31090963317336906,4.288669174576449e-10,1.357355019140589e-09,6.1657569208879533e-10,3.3846908847304853e-10,7.9011504841462207e-15,0,0,0,3.3306690738754696e-14,2.18512641867292e-13,4.4408920985006262e-15,0.015624999999999811,64,9.8325080419624623e-14,1.6321960376997498e-14,1.2212453270876722e-15,7.8038270290292644e-14,2.18512641867292e-13,3.5527136788005009e-15,1.4254838718334213,36.934457118972205,2.2204460492503126e-16,4.9719610914157326e-14,1.1941727988407091e-14
hex,4,3,0.20000000000000001,gll,shear,0,represented_polynomial,xzz,fe_geometry,2.2401699840002445e-10,7.2052125279472565e-10,7.0914258909482442e-09,0.31090963317336906,4.2886744267862306e-10,1.357356681454239e-09,6.1657531101977375e-10,3.38474524018265e-10,7.9011504841462207e-15,2.1374077837868742e-13,6.8746914077685742e-13,0,3.3306690738754696e-14,2.18512641867292e-13,4.4408920985006262e-15,0.015624999999999811,64,9.8325080419624623e-14,1.6321960376997498e-14,1.2212453270876722e-15,7.8038270290292644e-14,2.18512641867292e-13,3.5527136788005009e-15,1.4254838718334213,36.934457118972205,2.2204460492503126e-16,4.9719610914157326e-14,1.1941727988407091e-14
hex,4,3,0.20000000000000001,gll,shear,0,represented_polynomial,xzz,reused,2.2476631428307997e-10,7.2293132891686906e-10,7.0732289469965792e-09,0.31090963317336906,4.3022210480680887e-10,1.3616441593735734e-09,6.1739999660653792e-10,3.3935735790187533e-10,7.9011504841462207e-15,5.8672494368664303e-12,1.8871237204628145e-11,0,3.3306690738754696e-14,2.18512641867292e-13,4.4408920985006262e-15,0.015624999999999811,64,9.8325080419624623e-14,1.6321960376997498e-14,1.2212453270876722e-15,7.8038270290292644e-14,2.18512641867292e-13,3.5527136788005009e-15,1.4254838718334213,36.934457118972205,2.2204460492503126e-16,4.9719610914157326e-14,1.1941727988407091e-14
hex,4,3,0.20000000000000001,gll,shear,0,represented_polynomial,xzz,reused_centered,2.2480438958584814e-10,7.2305379312738443e-10,7.0741676405638998e-09,0.31090963317336906,4.3029436920238758e-10,1.3618728747070512e-09,6.1745722901690124e-10,3.3939588944761952e-10,7.9011504841462207e-15,5.863023001064499e-12,1.885764342897456e-11,0,3.3306690738754696e-14,2.18512641867292e-13,4.4408920985006262e-15,0.015624999999999811,64,9.8325080419624623e-14,1.6321960376997498e-14,1.2212453270876722e-15,7.8038270290292644e-14,2.18512641867292e-13,3.5527136788005009e-15,1.4254838718334213,36.934457118972205,2.2204460492503126e-16,4.9719610914157326e-14,1.1941727988407091e-14
hex,4,3,0.20000000000000001,gll,shear,0,represented_polynomial,yyy,recursive,1.1873184444697515e-10,1.5911737339501208e-10,4.7652339851822489e-09,0.74619032424712628,2.0268976261906229e-10,2.6959718170577415e-10,2.7217857900750291e-10,1.6833252613405478e-10,7.9011504841462207e-15,4.7387641144512343e-11,6.3506105083324814e-11,0,3.3306690738754696e-14,2.18512641867292e-13,4.4408920985006262e-15,0.015624999999999811,64,9.8325080419624623e-14,1.6321960376997498e-14,1.2212453270876722e-15,7.8038270290292644e-14,2.18512641867292e-13,3.5527136788005009e-15,1.4254838718334213,36.934457118972205,2.2204460492503126e-16,4.9719610914157326e-14,1.1941727988407091e-14
hex,4,3,0.20000000000000001,gll,shear,0,represented_polynomial,yyy,direct,1.086518838653227e-10,1.4560880828218691e-10,3.9454912670322528e-09,0.74619032424712628,1.805781579031768e-10,2.4018658771539863e-10,2.3696918782347018e-10,1.4561343877009797e-10,7.9011504841462207e-15,0,0,0,3.3306690738754696e-14,2.18512641867292e-13,4.4408920985006262e-15,0.015624999999999811,64,9.8325080419624623e-14,1.6321960376997498e-14,1.2212453270876722e-15,7.8038270290292644e-14,2.18512641867292e-13,3.5527136788005009e-15,1.4254838718334213,36.934457118972205,2.2204460492503126e-16,4.9719610914157326e-14,1.1941727988407091e-14
hex,4,3,0.20000000000000001,gll,shear,0,represented_polynomial,yyy,fe_geometry,1.0865492100302188e-10,1.4561287847393357e-10,3.946746485183894e-09,0.74619032424712628,1.8057334007356463e-10,2.401801795314401e-10,2.3695724180133988e-10,1.456077124609548e-10,7.9011504841462207e-15,1.1751713976353815e-13,1.5748949824609004e-13,0,3.3306690738754696e-14,2.18512641867292e-13,4.4408920985006262e-15,0.015624999999999811,64,9.8325080419624623e-14,1.6321960376997498e-14,1.2212453270876722e-15,7.8038270290292644e-14,2.18512641867292e-13,3.5527136788005009e-15,1.4254838718334213,36.934457118972205,2.2204460492503126e-16,4.9719610914157326e-14,1.1941727988407091e-14
hex,4,3,0.20000000000000001,gll,shear,0,represented_polynomial,yyy,reused,1.0867619226327992e-10,1.4564138495487662e-10,3.9246617067334455e-09,0.74619032424712628,1.8008372494055522e-10,2.3952894358210444e-10,2.3637934114651728e-10,1.4527381750867428e-10,7.9011504841462207e-15,1.0819776966577976e-11,1.4500023137302949e-11,0,3.3306690738754696e-14,2.18512641867292e-13,4.4408920985006262e-15,0.015624999999999811,64,9.8325080419624623e-14,1.6321960376997498e-14,1.2212453270876722e-15,7.8038270290292644e-14,2.18512641867292e-13,3.5527136788005009e-15,1.4254838718334213,36.934457118972205,2.2204460492503126e-16,4.9719610914157326e-14,1.1941727988407091e-14
hex,4,3,0.20000000000000001,gll,shear,0,represented_polynomial,yyy,reused_centered,1.0862652398885522e-10,1.4557482248038351e-10,3.926339475768259e-09,0.74619032424712628,1.8001441545946319e-10,2.3943675520255112e-10,2.3634895364594133e-10,1.4519453087608886e-10,7.9011504841462207e-15,1.0546643907138856e-11,1.4133986416429382e-11,0,3.3306690738754696e-14,2.18512641867292e-13,4.4408920985006262e-15,0.015624999999999811,64,9.8325080419624623e-14,1.6321960376997498e-14,1.2212453270876722e-15,7.8038270290292644e-14,2.18512641867292e-13,3.5527136788005009e-15,1.4254838718334213,36.934457118972205,2.2204460492503126e-16,4.9719610914157326e-14,1.1941727988407091e-14
hex,4,3,0.20000000000000001,gll,shear,0,represented_polynomial,yyz,recursive,2.4281648836040547e-10,5.7732340935378233e-10,1.2207968413946446e-08,0.42059006169903657,4.7603921820809289e-10,1.1127837974206889e-09,6.2212064876657167e-10,3.4785589979684327e-10,7.9011504841462207e-15,6.5290807974587593e-11,1.5523621197765936e-10,0,3.3306690738754696e-14,2.18512641867292e-13,4.4408920985006262e-15,0.015624999999999811,64,9.8325080419624623e-14,1.6321960376997498e-14,1.2212453270876722e-15,7.8038270290292644e-14,2.18512641867292e-13,3.5527136788005009e-15,1.4254838718334213,36.934457118972205,2.2204460492503126e-16,4.9719610914157326e-14,1.1941727988407091e-14
hex,4,3,0.20000000000000001,gll,shear,0,represented_polynomial,yyz,direct,2.2722027252832635e-10,5.4024165861274991e-10,9.8840721163284684e-09,0.42059006169903657,4.3732570041334851e-10,1.0222875238041789e-09,5.9706721044267529e-10,3.3351356415527254e-10,7.9011504841462207e-15,0,0,0,3.3306690738754696e-14,2.18512641867292e-13,4.4408920985006262e-15,0.015624999999999811,64,9.8325080419624623e-14,1.6321960376997498e-14,1.2212453270876722e-15,7.8038270290292644e-14,2.18512641867292e-13,3.5527136788005009e-15,1.4254838718334213,36.934457118972205,2.2204460492503126e-16,4.9719610914157326e-14,1.1941727988407091e-14
hex,4,3,0.20000000000000001,gll,shear,0,represented_polynomial,yyz,fe_geometry,2.2722105407638133e-10,5.4024351683082535e-10,9.8820233107588251e-09,0.42059006169903657,4.3732482020528344e-10,1.0222854662399371e-09,5.9707899183146889e-10,3.335299833109076e-10,7.9011504841462207e-15,3.0192581788834318e-13,7.1786246366388406e-13,0,3.3306690738754696e-14,2.18512641867292e-13,4.4408920985006262e-15,0.015624999999999811,64,9.8325080419624623e-14,1.6321960376997498e-14,1.2212453270876722e-15,7.8038270290292644e-14,2.18512641867292e-13,3.5527136788005009e-15,1.4254838718334213,36.934457118972205,2.2204460492503126e-16,4.9719610914157326e-14,1.1941727988407091e-14
hex,4,3,0.20000000000000001,gll,shear,0,represented_polynomial,yyz,reused,2.2838675421227517e-10,5.4301509952392276e-10,9.9631557448631725e-09,0.42059006169903657,4.3913355421376129e-10,1.026513542040192e-09,5.9864860081272808e-10,3.346415678208435e-10,7.9011504841462207e-15,8.1751909725197246e-12,1.9437432590233392e-11,0,3.3306690738754696e-14,2.18512641867292e-13,4.4408920985006262e-15,0.015624999999999811,64,9.8325080419624623e-14,1.6321960376997498e-14,1.2212453270876722e-15,7.8038270290292644e-14,2.18512641867292e-13,3.5527136788005009e-15,1.4254838718334213,36.934457118972205,2.2204460492503126e-16,4.9719610914157326e-14,1.1941727988407091e-14
hex,4,3,0.20000000000000001,gll,shear,0,represented_polynomial,yyz,reused_centered,2.2836730473035478e-10,5.4296885620128742e-10,9.9573567169386479e-09,0.42059006169903657,4.3910333261653359e-10,1.0264428963823536e-09,5.9859116633611446e-10,3.3462169550533139e-10,7.9011504841462207e-15,8.1275951184378088e-12,1.9324268113904754e-11,0,3.3306690738754696e-14,2.18512641867292e-13,4.4408920985006262e-15,0.015624999999999811,64,9.8325080419624623e-14,1.6321960376997498e-14,1.2212453270876722e-15,7.8038270290292644e-14,2.18512641867292e-13,3.5527136788005009e-15,1.4254838718334213,36.934457118972205,2.2204460492503126e-16,4.9719610914157326e-14,1.1941727988407091e-14
hex,4,3,0.20000000000000001,gll,shear,0,represented_polynomial,yzz,recursive,2.3752086019387467e-10,3.0650801116661204e-10,8.2253335254023341e-09,0.77492545558544235,4.5210043463604063e-10,5.8241387476116799e-10,6.5092260292163249e-10,3.5806860519315513e-10,7.9011504841462207e-15,5.0616993115122924e-11,6.5318531931376391e-11,0,3.3306690738754696e-14,2.18512641867292e-13,4.4408920985006262e-15,0.015624999999999811,64,9.8325080419624623e-14,1.6321960376997498e-14,1.2212453270876722e-15,7.8038270290292644e-14,2.18512641867292e-13,3.5527136788005009e-15,1.4254838718334213,36.934457118972205,2.2204460492503126e-16,4.9719610914157326e-14,1.1941727988407091e-14
hex,4,3,0.20000000000000001,gll,shear,0,represented_polynomial,yzz,direct,2.2807298982115686e-10,2.9431603798439138e-10,6.7764684974491729e-09,0.77492545558544235,4.2857508589438822e-10,5.5210757893386184e-10,6.0745148247629036e-10,3.3586740826526586e-10,7.9011504841462207e-15,0,0,0,3.3306690738754696e-14,2.18512641867292e-13,4.4408920985006262e-15,0.015624999999999811,64,9.8325080419624623e-14,1.6321960376997498e-14,1.2212453270876722e-15,7.8038270290292644e-14,2.18512641867292e-13,3.5527136788005009e-15,1.4254838718334213,36.934457118972205,2.2204460492503126e-16,4.9719610914157326e-14,1.1941727988407091e-14
hex,4,3,0.20000000000000001,gll,shear,0,represented_polynomial,yzz,fe_geometry,2.280747943388342e-10,2.9431836661828041e-10,6.7765457689716868e-09,0.77492545558544235,4.285746758528443e-10,5.5210705070193343e-10,6.0744615818827228e-10,3.3587365338417102e-10,7.9011504841462207e-15,2.8731742520604467e-13,3.707678243564963e-13,0,3.3306690738754696e-14,2.18512641867292e-13,4.4408920985006262e-15,0.015624999999999811,64,9.8325080419624623e-14,1.6321960376997498e-14,1.2212453270876722e-15,7.8038270290292644e-14,2.18512641867292e-13,3.5527136788005009e-15,1.4254838718334213,36.934457118972205,2.2204460492503126e-16,4.9719610914157326e-14,1.1941727988407091e-14
hex,4,3,0.20000000000000001,gll,shear,0,represented_polynomial,yzz,reused,2.2858031589162531e-10,2.9497071523987679e-10,6.7375820478332571e-09,0.77492545558544235,4.2999600244473114e-10,5.5393806050476256e-10,6.0691794341081219e-10,3.3605460132476507e-10,7.9011504841462207e-15,8.5861157119093487e-12,1.1079924720523995e-11,0,3.3306690738754696e-14,2.18512641867292e-13,4.4408920985006262e-15,0.015624999999999811,64,9.8325080419624623e-14,1.6321960376997498e-14,1.2212453270876722e-15,7.8038270290292644e-14,2.18512641867292e-13,3.5527136788005009e-15,1.4254838718334213,36.934457118972205,2.2204460492503126e-16,4.9719610914157326e-14,1.1941727988407091e-14
hex,4,3,0.20000000000000001,gll,shear,0,represented_polynomial,yzz,reused_centered,2.2856518712877117e-10,2.9495119237771622e-10,6.7374887890991886e-09,0.77492545558544235,4.2996110438615639e-10,5.5389310342894715e-10,6.0677134885034301e-10,3.3600848758064659e-10,7.9011504841462207e-15,8.5809993739572018e-12,1.1073322359077141e-11,0,3.3306690738754696e-14,2.18512641867292e-13,4.4408920985006262e-15,0.015624999999999811,64,9.8325080419624623e-14,1.6321960376997498e-14,1.2212453270876722e-15,7.8038270290292644e-14,2.18512641867292e-13,3.5527136788005009e-15,1.4254838718334213,36.934457118972205,2.2204460492503126e-16,4.9719610914157326e-14,1.1941727988407091e-14
hex,4,3,0.20000000000000001,gll,shear,0,represented_polynomial,zzz,recursive,6.0267858777935449e-07,1.0156030826106263e-06,1.6998548704183492e-06,0.59341941561476774,1.1525615466130065e-06,1.9237754607288787e-06,2.5015140072819288e-10,1.5813059628239766e-10,7.9011504841462207e-15,6.0267859196984861e-07,1.015603089555385e-06,0,3.3306690738754696e-14,2.18512641867292e-13,4.4408920985006262e-15,0.015624999999999811,64,9.8325080419624623e-14,1.6321960376997498e-14,1.2212453270876722e-15,7.8038270290292644e-14,2.18512641867292e-13,3.5527136788005009e-15,1.4254838718334213,36.934457118972205,2.2204460492503126e-16,4.9719610914157326e-14,1.1941727988407091e-14
hex,4,3,0.20000000000000001,gll,shear,0,represented_polynomial,zzz,direct,1.3263960535107636e-10,2.2351746818675459e-10,4.2151884205310353e-09,0.59341941561476774,2.0056308346145266e-10,3.3476593022308496e-10,2.225882813920813e-10,1.3753589479555263e-10,7.9011504841462207e-15,0,0,0,3.3306690738754696e-14,2.18512641867292e-13,4.4408920985006262e-15,0.015624999999999811,64,9.8325080419624623e-14,1.6321960376997498e-14,1.2212453270876722e-15,7.8038270290292644e-14,2.18512641867292e-13,3.5527136788005009e-15,1.4254838718334213,36.934457118972205,2.2204460492503126e-16,4.9719610914157326e-14,1.1941727988407091e-14
hex,4,3,0.20000000000000001,gll,shear,0,represented_polynomial,zzz,fe_geometry,1.32638697758494e-10,2.235159387582282e-10,4.215192195289319e-09,0.59341941561476774,2.0056294492448931e-10,3.3476569898683454e-10,2.2258534767620362e-10,1.3753491703460531e-10,7.9011504841462207e-15,7.2650854533305688e-14,1.2242749834816675e-13,0,3.3306690738754696e-14,2.18512641867292e-13,4.4408920985006262e-15,0.015624999999999811,64,9.8325080419624623e-14,1.6321960376997498e-14,1.2212453270876722e-15,7.8038270290292644e-14,2.18512641867292e-13,3.5527136788005009e-15,1.4254838718334213,36.934457118972205,2.2204460492503126e-16,4.9719610914157326e-14,1.1941727988407091e-14
hex,4,3,0.20000000000000001,gll,shear,0,represented_polynomial,zzz,reused,1.3315494009092013e-10,2.2438588389120185e-10,4.1825523044991542e-09,0.59341941561476774,1.9988587545631772e-10,3.3363558178666851e-10,2.2253962853207264e-10,1.3768156834024077e-10,7.9011504841462207e-15,5.9011014579731378e-12,9.9442338791372526e-12,0,3.3306690738754696e-14,2.18512641867292e-13,4.4408920985006262e-15,0.015624999999999811,64,9.8325080419624623e-14,1.6321960376997498e-14,1.2212453270876722e-15,7.8038270290292644e-14,2.18512641867292e-13,3.5527136788005009e-15,1.4254838718334213,36.934457118972205,2.2204460492503126e-16,4.9719610914157326e-14,1.1941727988407091e-14
hex,4,3,0.20000000000000001,gll,shear,0,represented_polynomial,zzz,reused_centered,1.3320740583294259e-10,2.2447429647198688e-10,4.1897041391791845e-09,0.59341941561476774,1.9995636374183178e-10,3.3375323592352508e-10,2.2236717038080954e-10,1.3751744444390723e-10,7.9011504841462207e-15,5.6046889426443039e-12,9.4447346927352457e-12,0,3.3306690738754696e-14,2.18512641867292e-13,4.4408920985006262e-15,0.015624999999999811,64,9.8325080419624623e-14,1.6321960376997498e-14,1.2212453270876722e-15,7.8038270290292644e-14,2.18512641867292e-13,3.5527136788005009e-15,1.4254838718334213,36.934457118972205,2.2204460492503126e-16,4.9719610914157326e-14,1.1941727988407091e-14
hex,4,3,0.20000000000000001,gll,shear,0,sine,x,recursive,0.00066618322337189508,0.00046689129943819292,0.0032660374294953554,1.426848656579184,0.0013302379785025756,0.00093325971438393664,0.0023466862915890855,0.0012823531878977208,5.1403329953788639e-05,3.3914930669458666e-14,2.3768367550063265e-14,0,3.3306690738754696e-14,2.18512641867292e-13,4.4408920985006262e-15,0.015624999999999811,64,9.8325080419624623e-14,1.6321960376997498e-14,1.2212453270876722e-15,7.8038270290292644e-14,2.18512641867292e-13,3.5527136788005009e-15,1.4254838718334213,36.934457118972205,2.2204460492503126e-16,4.9719610914157326e-14,1.1941727988407091e-14
hex,4,3,0.20000000000000001,gll,shear,0,sine,x,direct,0.00066618322336093314,0.00046689129943051032,0.0032660374298853212,1.426848656579184,0.0013302379784885813,0.00093325971437411876,0.0023466862915469265,0.0012823531878733705,5.1403329953788639e-05,0,0,0,3.3306690738754696e-14,2.18512641867292e-13,4.4408920985006262e-15,0.015624999999999811,64,9.8325080419624623e-14,1.6321960376997498e-14,1.2212453270876722e-15,7.8038270290292644e-14,2.18512641867292e-13,3.5527136788005009e-15,1.4254838718334213,36.934457118972205,2.2204460492503126e-16,4.9719610914157326e-14,1.1941727988407091e-14
hex,4,3,0.20000000000000001,gll,shear,0,sine,x,fe_geometry,0.00066618322336086701,0.00046689129943046392,0.0032660374298857653,1.426848656579184,0.0013302379784884521,0.00093325971437402801,0.0023466862915467535,0.0012823531878731942,5.1403329953788639e-05,1.1121592937521919e-15,7.7942694696190603e-16,0,3.3306690738754696e-14,2.18512641867292e-13,4.4408920985006262e-15,0.015624999999999811,64,9.8325080419624623e-14,1.6321960376997498e-14,1.2212453270876722e-15,7.8038270290292644e-14,2.18512641867292e-13,3.5527136788005009e-15,1.4254838718334213,36.934457118972205,2.2204460492503126e-16,4.9719610914157326e-14,1.1941727988407091e-14
hex,4,3,0.20000000000000001,gll,shear,0,sine,x,reused,0.00066618322335937872,0.00046689129942942086,0.003266037429827312,1.426848656579184,0.0013302379784850998,0.00093325971437167605,0.0023466862915438405,0.0012823531878734164,5.1403329953788639e-05,1.2539642091514126e-14,8.7880711030245809e-15,0,3.3306690738754696e-14,2.18512641867292e-13,4.4408920985006262e-15,0.015624999999999811,64,9.8325080419624623e-14,1.6321960376997498e-14,1.2212453270876722e-15,7.8038270290292644e-14,2.18512641867292e-13,3.5527136788005009e-15,1.4254838718334213,36.934457118972205,2.2204460492503126e-16,4.9719610914157326e-14,1.1941727988407091e-14
hex,4,3,0.20000000000000001,gll,shear,0,sine,x,reused_centered,0.00066618322335938295,0.00046689129942942384,0.0032660374298271455,1.426848656579184,0.0013302379784850917,0.00093325971437167041,0.002346686291543752,0.0012823531878732889,5.1403329953788639e-05,1.2167606184154781e-14,8.5273397374168879e-15,0,3.3306690738754696e-14,2.18512641867292e-13,4.4408920985006262e-15,0.015624999999999811,64,9.8325080419624623e-14,1.6321960376997498e-14,1.2212453270876722e-15,7.8038270290292644e-14,2.18512641867292e-13,3.5527136788005009e-15,1.4254838718334213,36.934457118972205,2.2204460492503126e-16,4.9719610914157326e-14,1.1941727988407091e-14
hex,4,3,0.20000000000000001,gll,shear,0,sine,y,recursive,0.0038323140604543723,0.0017905725519818654,0.023341055281836276,2.1402729848688007,0.0076607112845105095,0.0035830346854718691,0.012251345018260831,0.0064396183817986589,5.1403329953788639e-05,4.9717472152318902e-05,2.3225730572555755e-05,0,3.3306690738754696e-14,2.18512641867292e-13,4.4408920985006262e-15,0.015624999999999811,64,9.8325080419624623e-14,1.6321960376997498e-14,1.2212453270876722e-15,7.8038270290292644e-14,2.18512641867292e-13,3.5527136788005009e-15,1.4254838718334213,36.934457118972205,2.2204460492503126e-16,4.9719610914157326e-14,1.1941727988407091e-14
hex,4,3,0.20000000000000001,gll,shear,0,sine,y,direct,0.0038332833825379018,0.0017910254484536624,0.023594180004987031,2.1402729848688007,0.0076638147652757088,0.0035844862320469095,0.01225150836632485,0.0064421500375581994,5.1403329953788639e-05,0,0,0,3.3306690738754696e-14,2.18512641867292e-13,4.4408920985006262e-15,0.015624999999999811,64,9.8325080419624623e-14,1.6321960376997498e-14,1.2212453270876722e-15,7.8038270290292644e-14,2.18512641867292e-13,3.5527136788005009e-15,1.4254838718334213,36.934457118972205,2.2204460492503126e-16,4.9719610914157326e-14,1.1941727988407091e-14
hex,4,3,0.20000000000000001,gll,shear,0,sine,y,fe_geometry,0.0038332833825377994,0.0017910254484536144,0.023594180004986143,2.1402729848688007,0.007663814765275544,0.0035844862320468323,0.012251508366324706,0.0064421500375580311,5.1403329953788639e-05,1.4008697497952232e-15,6.5442231809989378e-16,0,3.3306690738754696e-14,2.18512641867292e-13,4.4408920985006262e-15,0.015624999999999811,64,9.8325080419624623e-14,1.6321960376997498e-14,1.2212453270876722e-15,7.8038270290292644e-14,2.18512641867292e-13,3.5527136788005009e-15,1.4254838718334213,36.934457118972205,2.2204460492503126e-16,4.9719610914157326e-14,1.1941727988407091e-14
hex,4,3,0.20000000000000001,gll,shear,0,sine,y,reused,0.0038332833825429121,0.0017910254484560034,0.023594180004972376,2.1402729848688007,0.0076638147652850807,0.0035844862320512931,0.012251508366343162,0.0064421500375634313,5.1403329953788639e-05,1.9102844659828092e-14,8.9239758988402028e-15,0,3.3306690738754696e-14,2.18512641867292e-13,4.4408920985006262e-15,0.015624999999999811,64,9.8325080419624623e-14,1.6321960376997498e-14,1.2212453270876722e-15,7.8038270290292644e-14,2.18512641867292e-13,3.5527136788005009e-15,1.4254838718334213,36.934457118972205,2.2204460492503126e-16,4.9719610914157326e-14,1.1941727988407091e-14
hex,4,3,0.20000000000000001,gll,shear,0,sine,y,reused_centered,0.0038332833825429377,0.0017910254484560151,0.023594180004971932,2.1402729848688007,0.0076638147652850893,0.003584486232051297,0.012251508366343151,0.0064421500375634235,5.1403329953788639e-05,1.9358181857938004e-14,9.0432577671999467e-15,0,3.3306690738754696e-14,2.18512641867292e-13,4.4408920985006262e-15,0.015624999999999811,64,9.8325080419624623e-14,1.6321960376997498e-14,1.2212453270876722e-15,7.8038270290292644e-14,2.18512641867292e-13,3.5527136788005009e-15,1.4254838718334213,36.934457118972205,2.2204460492503126e-16,4.9719610914157326e-14,1.1941727988407091e-14
hex,4,3,0.20000000000000001,gll,shear,0,sine,z,recursive,0.00043279271800602051,0.00060664137855184275,0.0036973063744998869,0.71342432828959201,0.00086339610658990064,0.0012114716567381983,0.0014066928223428997,0.00093913211560419871,5.1403329953788639e-05,7.5730706209696834e-06,1.0615111061406478e-05,0,3.3306690738754696e-14,2.18512641867292e-13,4.4408920985006262e-15,0.015624999999999811,64,9.8325080419624623e-14,1.6321960376997498e-14,1.2212453270876722e-15,7.8038270290292644e-14,2.18512641867292e-13,3.5527136788005009e-15,1.4254838718334213,36.934457118972205,2.2204460492503126e-16,4.9719610914157326e-14,1.1941727988407091e-14
hex,4,3,0.20000000000000001,gll,shear,0,sine,z,direct,0.00043287334614518398,0.00060675439423685132,0.0036913583682405826,0.71342432828959201,0.00086372041884268656,0.0012119267145027451,0.0014065362041128287,0.00093914294051285901,5.1403329953788639e-05,0,0,0,3.3306690738754696e-14,2.18512641867292e-13,4.4408920985006262e-15,0.015624999999999811,64,9.8325080419624623e-14,1.6321960376997498e-14,1.2212453270876722e-15,7.8038270290292644e-14,2.18512641867292e-13,3.5527136788005009e-15,1.4254838718334213,36.934457118972205,2.2204460492503126e-16,4.9719610914157326e-14,1.1941727988407091e-14
hex,4,3,0.20000000000000001,gll,shear,0,sine,z,fe_geometry,0.00043287334614514257,0.00060675439423679331,0.0036913583682398055,0.71342432828959201,0.00086372041884262042,0.0012119267145026522,0.0014065362041124397,0.00093914294051261821,5.1403329953788639e-05,1.5223832100618121e-15,2.133912076308807e-15,0,3.3306690738754696e-14,2.18512641867292e-13,4.4408920985006262e-15,0.015624999999999811,64,9.8325080419624623e-14,1.6321960376997498e-14,1.2212453270876722e-15,7.8038270290292644e-14,2.18512641867292e-13,3.5527136788005009e-15,1.4254838718334213,36.934457118972205,2.2204460492503126e-16,4.9719610914157326e-14,1.1941727988407091e-14
hex,4,3,0.20000000000000001,gll,shear,0,sine,z,reused,0.00043287334614532802,0.00060675439423705331,0.0036913583681888462,0.71342432828959201,0.000863720418842691,0.0012119267145027513,0.0014065362041129983,0.00093914294051263914,5.1403329953788639e-05,1.1815328067589414e-14,1.6561448577691388e-14,0,3.3306690738754696e-14,2.18512641867292e-13,4.4408920985006262e-15,0.015624999999999811,64,9.8325080419624623e-14,1.6321960376997498e-14,1.2212453270876722e-15,7.8038270290292644e-14,2.18512641867292e-13,3.5527136788005009e-15,1.4254838718334213,36.934457118972205,2.2204460492503126e-16,4.9719610914157326e-14,1.1941727988407091e-14
hex,4,3,0.20000000000000001,gll,shear,0,sine,z,reused_centered,0.00043287334614533469,0.00060675439423706263,0.0036913583681897899,0.71342432828959201,0.0008637204188426948,0.0012119267145027565,0.0014065362041132247,0.00093914294051283289,5.1403329953788639e-05,1.1862075035331843e-14,1.6626973419490146e-14,0,3.3306690738754696e-14,2.18512641867292e-13,4.4408920985006262e-15,0.015624999999999811,64,9.8325080419624623e-14,1.6321960376997498e-14,1.2212453270876722e-15,7.8038270290292644e-14,2.18512641867292e-13,3.5527136788005009e-15,1.4254838718334213,36.934457118972205,2.2204460492503126e-16,4.9719610914157326e-14,1.1941727988407091e-14
hex,4,3,0.20000000000000001,gll,shear,0,sine,xx,recursive,0.030883898492828448,0.011018437207693006,0.10571208611448801,2.8029291187742578,0.050035681961715636,0.017832043679770777,0.016274684102520431,0.0086537390715862271,5.1403329953788639e-05,1.5131757898549075e-12,5.3670032998343958e-13,0,3.3306690738754696e-14,2.18512641867292e-13,4.4408920985006262e-15,0.015624999999999811,64,9.8325080419624623e-14,1.6321960376997498e-14,1.2212453270876722e-15,7.8038270290292644e-14,2.18512641867292e-13,3.5527136788005009e-15,1.4254838718334213,36.934457118972205,2.2204460492503126e-16,4.9719610914157326e-14,1.1941727988407091e-14
hex,4,3,0.20000000000000001,gll,shear,0,sine,xx,direct,0.030883898492254813,0.01101843720748835,0.10571208611019367,2.8029291187742578,0.050035681961281997,0.01783204367961623,0.016274684102457079,0.0086537390719438178,5.1403329953788639e-05,0,0,0,3.3306690738754696e-14,2.18512641867292e-13,4.4408920985006262e-15,0.015624999999999811,64,9.8325080419624623e-14,1.6321960376997498e-14,1.2212453270876722e-15,7.8038270290292644e-14,2.18512641867292e-13,3.5527136788005009e-15,1.4254838718334213,36.934457118972205,2.2204460492503126e-16,4.9719610914157326e-14,1.1941727988407091e-14
hex,4,3,0.20000000000000001,gll,shear,0,sine,xx,fe_geometry,0.030883898492254147,0.011018437207488112,0.10571208611018923,2.8029291187742578,0.050035681961281053,0.017832043679615897,0.016274684102459094,0.0086537390719443764,5.1403329953788639e-05,1.5393673404495926e-14,5.4599007274907913e-15,0,3.3306690738754696e-14,2.18512641867292e-13,4.4408920985006262e-15,0.015624999999999811,64,9.8325080419624623e-14,1.6321960376997498e-14,1.2212453270876722e-15,7.8038270290292644e-14,2.18512641867292e-13,3.5527136788005009e-15,1.4254838718334213,36.934457118972205,2.2204460492503126e-16,4.9719610914157326e-14,1.1941727988407091e-14
hex,4,3,0.20000000000000001,gll,shear,0,sine,xx,reused,0.030883898492263334,0.011018437207491389,0.10571208611091221,2.8029291187742578,0.050035681961294994,0.017832043679620865,0.016274684102276185,0.0086537390718866448,5.1403329953788639e-05,2.5602099648808331e-13,9.0806735224741292e-14,0,3.3306690738754696e-14,2.18512641867292e-13,4.4408920985006262e-15,0.015624999999999811,64,9.8325080419624623e-14,1.6321960376997498e-14,1.2212453270876722e-15,7.8038270290292644e-14,2.18512641867292e-13,3.5527136788005009e-15,1.4254838718334213,36.934457118972205,2.2204460492503126e-16,4.9719610914157326e-14,1.1941727988407091e-14
hex,4,3,0.20000000000000001,gll,shear,0,sine,xx,reused_centered,0.030883898492237247,0.011018437207482083,0.10571208611079852,2.8029291187742578,0.050035681961250592,0.017832043679605041,0.016274684102257932,0.008653739071877449,5.1403329953788639e-05,2.530996147782532e-13,8.9770565773587345e-14,0,3.3306690738754696e-14,2.18512641867292e-13,4.4408920985006262e-15,0.015624999999999811,64,9.8325080419624623e-14,1.6321960376997498e-14,1.2212453270876722e-15,7.8038270290292644e-14,2.18512641867292e-13,3.5527136788005009e-15,1.4254838718334213,36.934457118972205,2.2204460492503126e-16,4.9719610914157326e-14,1.1941727988407091e-14
hex,4,3,0.20000000000000001,gll,shear,0,sine,xy,recursive,0.0091536185731936042,0.0021771554411614182,0.057594470872851744,4.2043936781613285,0.017628877337748972,0.0041884630912341365,0.029478113555246068,0.018354206587931413,5.1403329953788639e-05,0.0001029981261899415,2.4492469899066095e-05,0,3.3306690738754696e-14,2.18512641867292e-13,4.4408920985006262e-15,0.015624999999999811,64,9.8325080419624623e-14,1.6321960376997498e-14,1.2212453270876722e-15,7.8038270290292644e-14,2.18512641867292e-13,3.5527136788005009e-15,1.4254838718334213,36.934457118972205,2.2204460492503126e-16,4.9719610914157326e-14,1.1941727988407091e-14
hex,4,3,0.20000000000000001,gll,shear,0,sine,xy,direct,0.0091546779485254214,0.0021774074097954022,0.057121506271478939,4.2043936781613285,0.017628288373919315,0.0041883231587123244,0.029472164325089076,0.018347935779559107,5.1403329953788639e-05,0,0,0,3.3306690738754696e-14,2.18512641867292e-13,4.4408920985006262e-15,0.015624999999999811,64,9.8325080419624623e-14,1.6321960376997498e-14,1.2212453270876722e-15,7.8038270290292644e-14,2.18512641867292e-13,3.5527136788005009e-15,1.4254838718334213,36.934457118972205,2.2204460492503126e-16,4.9719610914157326e-14,1.1941727988407091e-14
hex,4,3,0.20000000000000001,gll,shear,0,sine,xy,fe_geometry,0.0091546779485256937,0.0021774074097954672,0.057121506271427203,4.2043936781613285,0.017628288373919668,0.0041883231587124085,0.029472164325090446,0.018347935779560239,5.1403329953788639e-05,1.7423867705663363e-14,4.1433137775660351e-15,0,3.3306690738754696e-14,2.18512641867292e-13,4.4408920985006262e-15,0.015624999999999811,64,9.8325080419624623e-14,1.6321960376997498e-14,1.2212453270876722e-15,7.8038270290292644e-14,2.18512641867292e-13,3.5527136788005009e-15,1.4254838718334213,36.934457118972205,2.2204460492503126e-16,4.9719610914157326e-14,1.1941727988407091e-14
hex,4,3,0.20000000000000001,gll,shear,0,sine,xy,reused,0.0091546779485396721,0.0021774074097987918,0.057121506270927158,4.2043936781613285,0.017628288373945242,0.0041883231587184835,0.029472164325082918,0.018347935779590787,5.1403329953788639e-05,2.1877492190830861e-13,5.2023647300421118e-14,0,3.3306690738754696e-14,2.18512641867292e-13,4.4408920985006262e-15,0.015624999999999811,64,9.8325080419624623e-14,1.6321960376997498e-14,1.2212453270876722e-15,7.8038270290292644e-14,2.18512641867292e-13,3.5527136788005009e-15,1.4254838718334213,36.934457118972205,2.2204460492503126e-16,4.9719610914157326e-14,1.1941727988407091e-14
hex,4,3,0.20000000000000001,gll,shear,0,sine,xy,reused_centered,0.0091546779485382045,0.0021774074097984427,0.05712150627090451,4.2043936781613285,0.017628288373943021,0.0041883231587179562,0.029472164325082349,0.018347935779590905,5.1403329953788639e-05,2.1813693257398846e-13,5.1871936437857027e-14,0,3.3306690738754696e-14,2.18512641867292e-13,4.4408920985006262e-15,0.015624999999999811,64,9.8325080419624623e-14,1.6321960376997498e-14,1.2212453270876722e-15,7.8038270290292644e-14,2.18512641867292e-13,3.5527136788005009e-15,1.4254838718334213,36.934457118972205,2.2204460492503126e-16,4.9719610914157326e-14,1.1941727988407091e-14
hex,4,3,0.20000000000000001,gll,shear,0,sine,xz,recursive,0.001151415934156806,0.00082158048624528094,0.010146772392342962,1.4014645593871289,0.0022574884764240198,0.0016090770242313693,0.0038896149237914218,0.0032432415713536367,5.1403329953788639e-05,1.5115472571347307e-05,1.078489149444825e-05,0,3.3306690738754696e-14,2.18512641867292e-13,4.4408920985006262e-15,0.015624999999999811,64,9.8325080419624623e-14,1.6321960376997498e-14,1.2212453270876722e-15,7.8038270290292644e-14,2.18512641867292e-13,3.5527136788005009e-15,1.4254838718334213,36.934457118972205,2.2204460492503126e-16,4.9719610914157326e-14,1.1941727988407091e-14
hex,4,3,0.20000000000000001,gll,shear,0,sine,xz,direct,0.0011515764119558515,0.00082169499345701943,0.010168551796871705,1.4014645593871289,0.0022582013632337591,0.0016095851507615417,0.003889263908996929,0.0032428047314074279,5.1403329953788639e-05,0,0,0,3.3306690738754696e-14,2.18512641867292e-13,4.4408920985006262e-15,0.015624999999999811,64,9.8325080419624623e-14,1.6321960376997498e-14,1.2212453270876722e-15,7.8038270290292644e-14,2.18512641867292e-13,3.5527136788005009e-15,1.4254838718334213,36.934457118972205,2.2204460492503126e-16,4.9719610914157326e-14,1.1941727988407091e-14
hex,4,3,0.20000000000000001,gll,shear,0,sine,xz,fe_geometry,0.0011515764119561383,0.00082169499345722413,0.010168551796781333,1.4014645593871289,0.0022582013632345679,0.001609585150762118,0.0038892639089978839,0.0032428047314076985,5.1403329953788639e-05,1.6399701680483053e-14,1.1701189118003558e-14,0,3.3306690738754696e-14,2.18512641867292e-13,4.4408920985006262e-15,0.015624999999999811,64,9.8325080419624623e-14,1.6321960376997498e-14,1.2212453270876722e-15,7.8038270290292644e-14,2.18512641867292e-13,3.5527136788005009e-15,1.4254838718334213,36.934457118972205,2.2204460492503126e-16,4.9719610914157326e-14,1.1941727988407091e-14
hex,4,3,0.20000000000000001,gll,shear,0,sine,xz,reused,0.0011515764119508949,0.00082169499345348266,0.010168551797538505,1.4014645593871289,0.0022582013632228941,0.0016095851507537974,0.0038892639089867427,0.0032428047313954322,5.1403329953788639e-05,1.3832569916772114e-13,9.8695402963811554e-14,0,3.3306690738754696e-14,2.18512641867292e-13,4.4408920985006262e-15,0.015624999999999811,64,9.8325080419624623e-14,1.6321960376997498e-14,1.2212453270876722e-15,7.8038270290292644e-14,2.18512641867292e-13,3.5527136788005009e-15,1.4254838718334213,36.934457118972205,2.2204460492503126e-16,4.9719610914157326e-14,1.1941727988407091e-14
hex,4,3,0.20000000000000001,gll,shear,0,sine,xz,reused_centered,0.0011515764119508852,0.00082169499345347583,0.010168551797510084,1.4014645593871289,0.0022582013632229392,0.0016095851507538293,0.0038892639089872024,0.0032428047313963694,5.1403329953788639e-05,1.3786176888649075e-13,9.8364388652453339e-14,0,3.3306690738754696e-14,2.18512641867292e-13,4.4408920985006262e-15,0.015624999999999811,64,9.8325080419624623e-14,1.6321960376997498e-14,1.2212453270876722e-15,7.8038270290292644e-14,2.18512641867292e-13,3.5527136788005009e-15,1.4254838718334213,36.934457118972205,2.2204460492503126e-16,4.9719610914157326e-14,1.1941727988407091e-14
hex,4,3,0.20000000000000001,gll,shear,0,sine,yy,recursive,0.18004652664035101,0.028548948302273232,0.84202028414243735,6.3065905172420891,0.29156403874754444,0.046181999818758222,0.1766705549577047,0.088613331106640256,5.1403329953788639e-05,0.0037734364947879118,0.00059055571850735039,0,3.3306690738754696e-14,2.18512641867292e-13,4.4408920985006262e-15,0.015624999999999811,64,9.8325080419624623e-14,1.6321960376997498e-14,1.2212453270876722e-15,7.8038270290292644e-14,2.18512641867292e-13,3.5527136788005009e-15,1.4254838718334213,36.934457118972205,2.2204460492503126e-16,4.9719610914157326e-14,1.1941727988407091e-14
hex,4,3,0.20000000000000001,gll,shear,0,sine,yy,direct,0.18018652382301678,0.028571146855086046,0.86280320824125312,6.3065905172420891,0.29185138132742311,0.046227513164741774,0.17053420691821805,0.085607794428154887,5.1403329953788639e-05,0,0,0,3.3306690738754696e-14,2.18512641867292e-13,4.4408920985006262e-15,0.015624999999999811,64,9.8325080419624623e-14,1.6321960376997498e-14,1.2212453270876722e-15,7.8038270290292644e-14,2.18512641867292e-13,3.5527136788005009e-15,1.4254838718334213,36.934457118972205,2.2204460492503126e-16,4.9719610914157326e-14,1.1941727988407091e-14
hex,4,3,0.20000000000000001,gll,shear,0,sine,yy,fe_geometry,0.18018652382301595,0.02857114685508591,0.86280320824124779,6.3065905172420891,0.29185138132742278,0.046227513164741725,0.17053420691821253,0.085607794428149184,5.1403329953788639e-05,2.1307712814505014e-14,3.3347299386909493e-15,0,3.3306690738754696e-14,2.18512641867292e-13,4.4408920985006262e-15,0.015624999999999811,64,9.8325080419624623e-14,1.6321960376997498e-14,1.2212453270876722e-15,7.8038270290292644e-14,2.18512641867292e-13,3.5527136788005009e-15,1.4254838718334213,36.934457118972205,2.2204460492503126e-16,4.9719610914157326e-14,1.1941727988407091e-14
hex,4,3,0.20000000000000001,gll,shear,0,sine,yy,reused,0.18018652382310729,0.028571146855100395,0.86280320824119272,6.3065905172420891,0.29185138132753757,0.046227513164759912,0.17053420691831059,0.085607794428203043,5.1403329953788639e-05,3.7981326822101961e-13,5.9442075631246618e-14,0,3.3306690738754696e-14,2.18512641867292e-13,4.4408920985006262e-15,0.015624999999999811,64,9.8325080419624623e-14,1.6321960376997498e-14,1.2212453270876722e-15,7.8038270290292644e-14,2.18512641867292e-13,3.5527136788005009e-15,1.4254838718334213,36.934457118972205,2.2204460492503126e-16,4.9719610914157326e-14,1.1941727988407091e-14
hex,4,3,0.20000000000000001,gll,shear,0,sine,yy,reused_centered,0.18018652382308442,0.02857114685509677,0.86280320824110301,6.3065905172420891,0.29185138132749716,0.046227513164753507,0.17053420691828056,0.085607794428188055,5.1403329953788639e-05,3.7620382174512884e-13,5.8877184911625989e-14,0,3.3306690738754696e-14,2.18512641867292e-13,4.4408920985006262e-15,0.015624999999999811,64,9.8325080419624623e-14,1.6321960376997498e-14,1.2212453270876722e-15,7.8038270290292644e-14,2.18512641867292e-13,3.5527136788005009e-15,1.4254838718334213,36.934457118972205,2.2204460492503126e-16,4.9719610914157326e-14,1.1941727988407091e-14
hex,4,3,0.20000000000000001,gll,shear,0,sine,yz,recursive,0.01619814838813128,0.0077053433279897221,0.12654331766961069,2.1021968390806642,0.026859689310342903,0.012763242396325225,0.023955525991294281,0.011671424738166502,5.1403329953788639e-05,0.00033291807573784457,0.0001583508010197978,0,3.3306690738754696e-14,2.18512641867292e-13,4.4408920985006262e-15,0.015624999999999811,64,9.8325080419624623e-14,1.6321960376997498e-14,1.2212453270876722e-15,7.8038270290292644e-14,2.18512641867292e-13,3.5527136788005009e-15,1.4254838718334213,36.934457118972205,2.2204460492503126e-16,4.9719610914157326e-14,1.1941727988407091e-14
hex,4,3,0.20000000000000001,gll,shear,0,sine,yz,direct,0.016201422763666585,0.0077069009250112916,0.12953272693275797,2.1021968390806642,0.026863659208767932,0.012765128820821875,0.023519217006904326,0.011416562006148502,5.1403329953788639e-05,0,0,0,3.3306690738754696e-14,2.18512641867292e-13,4.4408920985006262e-15,0.015624999999999811,64,9.8325080419624623e-14,1.6321960376997498e-14,1.2212453270876722e-15,7.8038270290292644e-14,2.18512641867292e-13,3.5527136788005009e-15,1.4254838718334213,36.934457118972205,2.2204460492503126e-16,4.9719610914157326e-14,1.1941727988407091e-14
hex,4,3,0.20000000000000001,gll,shear,0,sine,yz,fe_geometry,0.016201422763665849,0.0077069009250109429,0.12953272693277618,2.1021968390806642,0.026863659208767043,0.012765128820821453,0.023519217006902998,0.011416562006150197,5.1403329953788639e-05,1.8490213332109944e-14,8.7947765698133882e-15,0,3.3306690738754696e-14,2.18512641867292e-13,4.4408920985006262e-15,0.015624999999999811,64,9.8325080419624623e-14,1.6321960376997498e-14,1.2212453270876722e-15,7.8038270290292644e-14,2.18512641867292e-13,3.5527136788005009e-15,1.4254838718334213,36.934457118972205,2.2204460492503126e-16,4.9719610914157326e-14,1.1941727988407091e-14
hex,4,3,0.20000000000000001,gll,shear,0,sine,yz,reused,0.016201422763667973,0.0077069009250119534,0.12953272693318496,2.1021968390806642,0.026863659208767685,0.012765128820821758,0.023519217006882993,0.011416562006186026,5.1403329953788639e-05,2.0240975057595775e-13,9.6275175407295851e-14,0,3.3306690738754696e-14,2.18512641867292e-13,4.4408920985006262e-15,0.015624999999999811,64,9.8325080419624623e-14,1.6321960376997498e-14,1.2212453270876722e-15,7.8038270290292644e-14,2.18512641867292e-13,3.5527136788005009e-15,1.4254838718334213,36.934457118972205,2.2204460492503126e-16,4.9719610914157326e-14,1.1941727988407091e-14
hex,4,3,0.20000000000000001,gll,shear,0,sine,yz,reused_centered,0.016201422763666623,0.0077069009250113098,0.12953272693317497,2.1021968390806642,0.026863659208764903,0.012765128820820435,0.023519217006880744,0.011416562006186718,5.1403329953788639e-05,2.0203296036887433e-13,9.6095957048617552e-14,0,3.3306690738754696e-14,2.18512641867292e-13,4.4408920985006262e-15,0.015624999999999811,64,9.8325080419624623e-14,1.6321960376997498e-14,1.2212453270876722e-15,7.8038270290292644e-14,2.18512641867292e-13,3.5527136788005009e-15,1.4254838718334213,36.934457118972205,2.2204460492503126e-16,4.9719610914157326e-14,1.1941727988407091e-14
hex,4,3,0.20000000000000001,gll,shear,0,sine,zz,recursive,0.013108655708380832,0.018707081275195922,0.078471582244443269,0.70073227969356444,0.021193276456414865,0.030211994054755498,0.011021676322091644,0.0074403874183841257,5.1403329953788639e-05,0.00047406986639854821,0.00067683554858896449,0,3.3306690738754696e-14,2.18512641867292e-13,4.4408920985006262e-15,0.015624999999999811,64,9.8325080419624623e-14,1.6321960376997498e-14,1.2212453270876722e-15,7.8038270290292644e-14,2.18512641867292e-13,3.5527136788005009e-15,1.4254838718334213,36.934457118972205,2.2204460492503126e-16,4.9719610914157326e-14,1.1941727988407091e-14
hex,4,3,0.20000000000000001,gll,shear,0,sine,zz,direct,0.013125794862801654,0.018731540194696986,0.081368461419402946,0.70073227969356444,0.021231625910556537,0.030266662972179104,0.0096623491917554247,0.0066040599260178507,5.1403329953788639e-05,0,0,0,3.3306690738754696e-14,2.18512641867292e-13,4.4408920985006262e-15,0.015624999999999811,64,9.8325080419624623e-14,1.6321960376997498e-14,1.2212453270876722e-15,7.8038270290292644e-14,2.18512641867292e-13,3.5527136788005009e-15,1.4254838718334213,36.934457118972205,2.2204460492503126e-16,4.9719610914157326e-14,1.1941727988407091e-14
hex,4,3,0.20000000000000001,gll,shear,0,sine,zz,fe_geometry,0.013125794862801183,0.018731540194696313,0.08136846141939201,0.70073227969356444,0.021231625910556461,0.030266662972178997,0.0096623491917583772,0.0066040599260189774,5.1403329953788639e-05,2.0612567964812053e-14,2.9428824177915742e-14,0,3.3306690738754696e-14,2.18512641867292e-13,4.4408920985006262e-15,0.015624999999999811,64,9.8325080419624623e-14,1.6321960376997498e-14,1.2212453270876722e-15,7.8038270290292644e-14,2.18512641867292e-13,3.5527136788005009e-15,1.4254838718334213,36.934457118972205,2.2204460492503126e-16,4.9719610914157326e-14,1.1941727988407091e-14
hex,4,3,0.20000000000000001,gll,shear,0,sine,zz,reused,0.013125794862803618,0.018731540194699792,0.081368461419480578,0.70073227969356444,0.021231625910556703,0.03026666297217934,0.0096623491915939878,0.0066040599259004603,5.1403329953788639e-05,2.0548099468738654e-13,2.9336781690089988e-13,0,3.3306690738754696e-14,2.18512641867292e-13,4.4408920985006262e-15,0.015624999999999811,64,9.8325080419624623e-14,1.6321960376997498e-14,1.2212453270876722e-15,7.8038270290292644e-14,2.18512641867292e-13,3.5527136788005009e-15,1.4254838718334213,36.934457118972205,2.2204460492503126e-16,4.9719610914157326e-14,1.1941727988407091e-14
hex,4,3,0.20000000000000001,gll,shear,0,sine,zz,reused_centered,0.013125794862807039,0.01873154019470467,0.081368461419427329,0.70073227969356444,0.021231625910561842,0.030266662972186664,0.0096623491915961025,0.0066040599259013519,5.1403329953788639e-05,2.0307051553737866e-13,2.8992634530884925e-13,0,3.3306690738754696e-14,2.18512641867292e-13,4.4408920985006262e-15,0.015624999999999811,64,9.8325080419624623e-14,1.6321960376997498e-14,1.2212453270876722e-15,7.8038270290292644e-14,2.18512641867292e-13,3.5527136788005009e-15,1.4254838718334213,36.934457118972205,2.2204460492503126e-16,4.9719610914157326e-14,1.1941727988407091e-14
hex,4,3,0.20000000000000001,gll,shear,0,sine,xxx,recursive,0.80648810362077195,0.14130582453543056,1.9805413273234218,5.7073946263167361,1.0419815699169828,0.18275666423024292,1.5926423037041961,0.82621944766244515,5.1403329953788639e-05,3.974784055279801e-11,6.9858592817866355e-12,0,3.3306690738754696e-14,2.18512641867292e-13,4.4408920985006262e-15,0.015624999999999811,64,9.8325080419624623e-14,1.6321960376997498e-14,1.2212453270876722e-15,7.8038270290292644e-14,2.18512641867292e-13,3.5527136788005009e-15,1.4254838718334213,36.934457118972205,2.2204460492503126e-16,4.9719610914157326e-14,1.1941727988407091e-14
hex,4,3,0.20000000000000001,gll,shear,0,sine,xxx,direct,0.80648810360530299,0.14130582453272023,1.9805413273750745,5.7073946263167361,1.0419815699138824,0.18275666422969913,1.5926423036733464,0.82621944764755484,5.1403329953788639e-05,0,0,0,3.3306690738754696e-14,2.18512641867292e-13,4.4408920985006262e-15,0.015624999999999811,64,9.8325080419624623e-14,1.6321960376997498e-14,1.2212453270876722e-15,7.8038270290292644e-14,2.18512641867292e-13,3.5527136788005009e-15,1.4254838718334213,36.934457118972205,2.2204460492503126e-16,4.9719610914157326e-14,1.1941727988407091e-14
hex,4,3,0.20000000000000001,gll,shear,0,sine,xxx,fe_geometry,0.80648810360530676,0.14130582453272089,1.9805413273749806,5.7073946263167361,1.0419815699138857,0.18275666422969969,1.5926423036733779,0.8262194476475756,5.1403329953788639e-05,8.9002680559759337e-14,1.564261588667658e-14,0,3.3306690738754696e-14,2.18512641867292e-13,4.4408920985006262e-15,0.015624999999999811,64,9.8325080419624623e-14,1.6321960376997498e-14,1.2212453270876722e-15,7.8038270290292644e-14,2.18512641867292e-13,3.5527136788005009e-15,1.4254838718334213,36.934457118972205,2.2204460492503126e-16,4.9719610914157326e-14,1.1941727988407091e-14
hex,4,3,0.20000000000000001,gll,shear,0,sine,xxx,reused,0.80648810360634893,0.14130582453290347,1.9805413273848962,5.7073946263167361,1.0419815699152253,0.18275666422993467,1.5926423036756514,0.82621944764898347,5.1403329953788639e-05,3.2168522215203557e-12,5.6537604652995441e-13,0,3.3306690738754696e-14,2.18512641867292e-13,4.4408920985006262e-15,0.015624999999999811,64,9.8325080419624623e-14,1.6321960376997498e-14,1.2212453270876722e-15,7.8038270290292644e-14,2.18512641867292e-13,3.5527136788005009e-15,1.4254838718334213,36.934457118972205,2.2204460492503126e-16,4.9719610914157326e-14,1.1941727988407091e-14
hex,4,3,0.20000000000000001,gll,shear,0,sine,xxx,reused_centered,0.80648810360539014,0.14130582453273546,1.9805413273821673,5.7073946263167361,1.0419815699140218,0.18275666422972361,1.5926423036738102,0.82621944764801136,5.1403329953788639e-05,3.0606132106201126e-12,5.3791634735397504e-13,0,3.3306690738754696e-14,2.18512641867292e-13,4.4408920985006262e-15,0.015624999999999811,64,9.8325080419624623e-14,1.6321960376997498e-14,1.2212453270876722e-15,7.8038270290292644e-14,2.18512641867292e-13,3.5527136788005009e-15,1.4254838718334213,36.934457118972205,2.2204460492503126e-16,4.9719610914157326e-14,1.1941727988407091e-14
hex,4,3,0.20000000000000001,gll,shear,0,sine,xxy,recursive,0.14172958914042591,0.016555083176587635,0.61460102073603728,8.5610919394752028,0.20921496065104489,0.024463278698677142,0.2211098236445142,0.12043462812120306,5.1403329953788639e-05,0.00019804470033235312,2.2992349347449816e-05,0,3.3306690738754696e-14,2.18512641867292e-13,4.4408920985006262e-15,0.015624999999999811,64,9.8325080419624623e-14,1.6321960376997498e-14,1.2212453270876722e-15,7.8038270290292644e-14,2.18512641867292e-13,3.5527136788005009e-15,1.4254838718334213,36.934457118972205,2.2204460492503126e-16,4.9719610914157326e-14,1.1941727988407091e-14
hex,4,3,0.20000000000000001,gll,shear,0,sine,xxy,direct,0.14173000683994552,0.016555131967036629,0.61561522767025956,8.5610919394752028,0.2092264741520746,0.024464624959879548,0.22111004509705862,0.12044418426762409,5.1403329953788639e-05,0,0,0,3.3306690738754696e-14,2.18512641867292e-13,4.4408920985006262e-15,0.015624999999999811,64,9.8325080419624623e-14,1.6321960376997498e-14,1.2212453270876722e-15,7.8038270290292644e-14,2.18512641867292e-13,3.5527136788005009e-15,1.4254838718334213,36.934457118972205,2.2204460492503126e-16,4.9719610914157326e-14,1.1941727988407091e-14
hex,4,3,0.20000000000000001,gll,shear,0,sine,xxy,fe_geometry,0.14173000683994913,0.016555131967037048,0.61561522767004284,8.5610919394752028,0.20922647415207937,0.024464624959880107,0.22111004509705307,0.1204441842676164,5.1403329953788639e-05,2.3598302521415239e-13,2.7396866195795269e-14,0,3.3306690738754696e-14,2.18512641867292e-13,4.4408920985006262e-15,0.015624999999999811,64,9.8325080419624623e-14,1.6321960376997498e-14,1.2212453270876722e-15,7.8038270290292644e-14,2.18512641867292e-13,3.5527136788005009e-15,1.4254838718334213,36.934457118972205,2.2204460492503126e-16,4.9719610914157326e-14,1.1941727988407091e-14
hex,4,3,0.20000000000000001,gll,shear,0,sine,xxy,reused,0.14173000684068113,0.016555131967122553,0.61561522768926835,8.5610919394752028,0.20922647415323337,0.024464624960015044,0.22111004509819063,0.12044418426975562,5.1403329953788639e-05,4.3881314103320547e-12,5.0944786808006297e-13,0,3.3306690738754696e-14,2.18512641867292e-13,4.4408920985006262e-15,0.015624999999999811,64,9.8325080419624623e-14,1.6321960376997498e-14,1.2212453270876722e-15,7.8038270290292644e-14,2.18512641867292e-13,3.5527136788005009e-15,1.4254838718334213,36.934457118972205,2.2204460492503126e-16,4.9719610914157326e-14,1.1941727988407091e-14
hex,4,3,0.20000000000000001,gll,shear,0,sine,xxy,reused_centered,0.14173000684059006,0.016555131967111912,0.61561522768923638,8.5610919394752028,0.20922647415312967,0.024464624960002918,0.22111004509795429,0.12044418426965212,5.1403329953788639e-05,4.3616480508994803e-12,5.0637323568169055e-13,0,3.3306690738754696e-14,2.18512641867292e-13,4.4408920985006262e-15,0.015624999999999811,64,9.8325080419624623e-14,1.6321960376997498e-14,1.2212453270876722e-15,7.8038270290292644e-14,2.18512641867292e-13,3.5527136788005009e-15,1.4254838718334213,36.934457118972205,2.2204460492503126e-16,4.9719610914157326e-14,1.1941727988407091e-14
hex,4,3,0.20000000000000001,gll,shear,0,sine,xxz,recursive,0.032689689867699052,0.011455205749035555,0.13400035817808176,2.8536973131583681,0.052262913096325567,0.018333137430061302,0.026701016467041313,0.014644573101305007,5.1403329953788639e-05,3.0381502174528116e-05,1.0584716039421323e-05,0,3.3306690738754696e-14,2.18512641867292e-13,4.4408920985006262e-15,0.015624999999999811,64,9.8325080419624623e-14,1.6321960376997498e-14,1.2212453270876722e-15,7.8038270290292644e-14,2.18512641867292e-13,3.5527136788005009e-15,1.4254838718334213,36.934457118972205,2.2204460492503126e-16,4.9719610914157326e-14,1.1941727988407091e-14
hex,4,3,0.20000000000000001,gll,shear,0,sine,xxz,direct,0.032689706989041341,0.011455211748740641,0.13409065862414105,2.8536973131583681,0.052269881782939592,0.018335581952990336,0.026700886215713274,0.014644625375363542,5.1403329953788639e-05,0,0,0,3.3306690738754696e-14,2.18512641867292e-13,4.4408920985006262e-15,0.015624999999999811,64,9.8325080419624623e-14,1.6321960376997498e-14,1.2212453270876722e-15,7.8038270290292644e-14,2.18512641867292e-13,3.5527136788005009e-15,1.4254838718334213,36.934457118972205,2.2204460492503126e-16,4.9719610914157326e-14,1.1941727988407091e-14
hex,4,3,0.20000000000000001,gll,shear,0,sine,xxz,fe_geometry,0.032689706989049154,0.01145521174874338,0.13409065862490088,2.8536973131583681,0.052269881782955656,0.018335581952995967,0.026700886215710887,0.014644625375365457,5.1403329953788639e-05,2.261938148899411e-13,7.8804441160607086e-14,0,3.3306690738754696e-14,2.18512641867292e-13,4.4408920985006262e-15,0.015624999999999811,64,9.8325080419624623e-14,1.6321960376997498e-14,1.2212453270876722e-15,7.8038270290292644e-14,2.18512641867292e-13,3.5527136788005009e-15,1.4254838718334213,36.934457118972205,2.2204460492503126e-16,4.9719610914157326e-14,1.1941727988407091e-14
hex,4,3,0.20000000000000001,gll,shear,0,sine,xxz,reused,0.032689706989113228,0.011455211748765832,0.13409065862684066,2.8536973131583681,0.052269881783106223,0.018335581953048786,0.02670088621533958,0.014644625375606707,5.1403329953788639e-05,3.574429946876142e-12,1.2453079434040673e-12,0,3.3306690738754696e-14,2.18512641867292e-13,4.4408920985006262e-15,0.015624999999999811,64,9.8325080419624623e-14,1.6321960376997498e-14,1.2212453270876722e-15,7.8038270290292644e-14,2.18512641867292e-13,3.5527136788005009e-15,1.4254838718334213,36.934457118972205,2.2204460492503126e-16,4.9719610914157326e-14,1.1941727988407091e-14
hex,4,3,0.20000000000000001,gll,shear,0,sine,xxz,reused_centered,0.032689706989104887,0.011455211748762911,0.13409065862593117,2.8536973131583681,0.052269881783099284,0.018335581953046354,0.026700886215314152,0.0146446253755991,5.1403329953788639e-05,3.5609749657807344e-12,1.2406203162619811e-12,0,3.3306690738754696e-14,2.18512641867292e-13,4.4408920985006262e-15,0.015624999999999811,64,9.8325080419624623e-14,1.6321960376997498e-14,1.2212453270876722e-15,7.8038270290292644e-14,2.18512641867292e-13,3.5527136788005009e-15,1.4254838718334213,36.934457118972205,2.2204460492503126e-16,4.9719610914157326e-14,1.1941727988407091e-14
hex,4,3,0.20000000000000001,gll,shear,0,sine,xyy,recursive,0.38128992240952297,0.029691689261537098,1.704029052508389,12.841637909212853,0.61513133862484015,0.047951094020690414,0.31212831144572561,0.17296067927857356,5.1403329953788639e-05,0.007817796509814701,0.00060088759091490493,0,3.3306690738754696e-14,2.18512641867292e-13,4.4408920985006262e-15,0.015624999999999811,64,9.8325080419624623e-14,1.6321960376997498e-14,1.2212453270876722e-15,7.8038270290292644e-14,2.18512641867292e-13,3.5527136788005009e-15,1.4254838718334213,36.934457118972205,2.2204460492503126e-16,4.9719610914157326e-14,1.1941727988407091e-14
hex,4,3,0.20000000000000001,gll,shear,0,sine,xyy,direct,0.38144114000285284,0.02970346483054153,1.7454405314772536,12.841637909212853,0.61540012716628689,0.047972046789332333,0.29630619369025313,0.16419288127733039,5.1403329953788639e-05,0,0,0,3.3306690738754696e-14,2.18512641867292e-13,4.4408920985006262e-15,0.015624999999999811,64,9.8325080419624623e-14,1.6321960376997498e-14,1.2212453270876722e-15,7.8038270290292644e-14,2.18512641867292e-13,3.5527136788005009e-15,1.4254838718334213,36.934457118972205,2.2204460492503126e-16,4.9719610914157326e-14,1.1941727988407091e-14
hex,4,3,0.20000000000000001,gll,shear,0,sine,xyy,fe_geometry,0.38144114000285106,0.029703464830541391,1.7454405314771364,12.841637909212853,0.61540012716628267,0.047972046789332,0.29630619369023731,0.16419288127731418,5.1403329953788639e-05,2.511305307469857e-13,1.9302270075243284e-14,0,3.3306690738754696e-14,2.18512641867292e-13,4.4408920985006262e-15,0.015624999999999811,64,9.8325080419624623e-14,1.6321960376997498e-14,1.2212453270876722e-15,7.8038270290292644e-14,2.18512641867292e-13,3.5527136788005009e-15,1.4254838718334213,36.934457118972205,2.2204460492503126e-16,4.9719610914157326e-14,1.1941727988407091e-14
hex,4,3,0.20000000000000001,gll,shear,0,sine,xyy,reused,0.3814411400030685,0.029703464830558322,1.7454405314777599,12.841637909212853,0.61540012716661641,0.047972046789358014,0.29630619369146394,0.16419288127791823,5.1403329953788639e-05,5.016362916822389e-12,3.8556519403646076e-13,0,3.3306690738754696e-14,2.18512641867292e-13,4.4408920985006262e-15,0.015624999999999811,64,9.8325080419624623e-14,1.6321960376997498e-14,1.2212453270876722e-15,7.8038270290292644e-14,2.18512641867292e-13,3.5527136788005009e-15,1.4254838718334213,36.934457118972205,2.2204460492503126e-16,4.9719610914157326e-14,1.1941727988407091e-14
hex,4,3,0.20000000000000001,gll,shear,0,sine,xyy,reused_centered,0.38144114000306628,0.029703464830558152,1.7454405314773549,12.841637909212853,0.61540012716661374,0.047972046789357806,0.2963061936914852,0.16419288127794213,5.1403329953788639e-05,5.0078277183536421e-12,3.8490916585263335e-13,0,3.3306690738754696e-14,2.18512641867292e-13,4.4408920985006262e-15,0.015624999999999811,64,9.8325080419624623e-14,1.6321960376997498e-14,1.2212453270876722e-15,7.8038270290292644e-14,2.18512641867292e-13,3.5527136788005009e-15,1.4254838718334213,36.934457118972205,2.2204460492503126e-16,4.9719610914157326e-14,1.1941727988407091e-14
hex,4,3,0.20000000000000001,gll,shear,0,sine,xyz,recursive,0.033669584807389304,0.0078657220470063696,0.24946949272622199,4.2805459697376014,0.055397621955273653,0.012955167841904014,0.041810531239116988,0.024185068983865649,5.1403329953788639e-05,0.00068347152350213514,0.00015961904185241054,0,3.3306690738754696e-14,2.18512641867292e-13,4.4408920985006262e-15,0.015624999999999811,64,9.8325080419624623e-14,1.6321960376997498e-14,1.2212453270876722e-15,7.8038270290292644e-14,2.18512641867292e-13,3.5527136788005009e-15,1.4254838718334213,36.934457118972205,2.2204460492503126e-16,4.9719610914157326e-14,1.1941727988407091e-14
hex,4,3,0.20000000000000001,gll,shear,0,sine,xyz,direct,0.033681871416871817,0.0078685923840076232,0.25573933013577843,4.2805459697376014,0.055434408872493436,0.012963770750659796,0.04099724402684251,0.023588203155679187,5.1403329953788639e-05,0,0,0,3.3306690738754696e-14,2.18512641867292e-13,4.4408920985006262e-15,0.015624999999999811,64,9.8325080419624623e-14,1.6321960376997498e-14,1.2212453270876722e-15,7.8038270290292644e-14,2.18512641867292e-13,3.5527136788005009e-15,1.4254838718334213,36.934457118972205,2.2204460492503126e-16,4.9719610914157326e-14,1.1941727988407091e-14
hex,4,3,0.20000000000000001,gll,shear,0,sine,xyz,fe_geometry,0.033681871416868812,0.0078685923840069224,0.25573933013613992,4.2805459697376014,0.055434408872487954,0.012963770750658514,0.040997244026837611,0.023588203155690383,5.1403329953788639e-05,2.8487985455083936e-13,6.6531300665545576e-14,0,3.3306690738754696e-14,2.18512641867292e-13,4.4408920985006262e-15,0.015624999999999811,64,9.8325080419624623e-14,1.6321960376997498e-14,1.2212453270876722e-15,7.8038270290292644e-14,2.18512641867292e-13,3.5527136788005009e-15,1.4254838718334213,36.934457118972205,2.2204460492503126e-16,4.9719610914157326e-14,1.1941727988407091e-14
hex,4,3,0.20000000000000001,gll,shear,0,sine,xyz,reused,0.033681871416827949,0.0078685923839973762,0.25573933013112171,4.2805459697376014,0.055434408872381172,0.012963770750633541,0.040997244026556523,0.023588203155799237,5.1403329953788639e-05,2.6327563110842078e-12,6.1485815481065223e-13,0,3.3306690738754696e-14,2.18512641867292e-13,4.4408920985006262e-15,0.015624999999999811,64,9.8325080419624623e-14,1.6321960376997498e-14,1.2212453270876722e-15,7.8038270290292644e-14,2.18512641867292e-13,3.5527136788005009e-15,1.4254838718334213,36.934457118972205,2.2204460492503126e-16,4.9719610914157326e-14,1.1941727988407091e-14
hex,4,3,0.20000000000000001,gll,shear,0,sine,xyz,reused_centered,0.033681871416825951,0.0078685923839969096,0.25573933013205874,4.2805459697376014,0.055434408872372637,0.012963770750631544,0.040997244026554351,0.023588203155796437,5.1403329953788639e-05,2.6279819325246494e-12,6.137431387420786e-13,0,3.3306690738754696e-14,2.18512641867292e-13,4.4408920985006262e-15,0.015624999999999811,64,9.8325080419624623e-14,1.6321960376997498e-14,1.2212453270876722e-15,7.8038270290292644e-14,2.18512641867292e-13,3.5527136788005009e-15,1.4254838718334213,36.934457118972205,2.2204460492503126e-16,4.9719610914157326e-14,1.1941727988407091e-14
hex,4,3,0.20000000000000001,gll,shear,0,sine,xzz,recursive,0.025887174051997801,0.018142901093702066,0.16245075783182011,1.426848656579184,0.04189117125506598,0.029389735635664497,0.021929254683245365,0.016061293210379954,5.1403329953788639e-05,0.00093279274204824706,0.000654070365383071,0,3.3306690738754696e-14,2.18512641867292e-13,4.4408920985006262e-15,0.015624999999999811,64,9.8325080419624623e-14,1.6321960376997498e-14,1.2212453270876722e-15,7.8038270290292644e-14,2.18512641867292e-13,3.5527136788005009e-15,1.4254838718334213,36.934457118972205,2.2204460492503126e-16,4.9719610914157326e-14,1.1941727988407091e-14
hex,4,3,0.20000000000000001,gll,shear,0,sine,xzz,direct,0.025921455956599081,0.018166927401217729,0.16802741374826793,1.426848656579184,0.041968010045703802,0.029443643694946481,0.019281129350039432,0.014425143643063841,5.1403329953788639e-05,0,0,0,3.3306690738754696e-14,2.18512641867292e-13,4.4408920985006262e-15,0.015624999999999811,64,9.8325080419624623e-14,1.6321960376997498e-14,1.2212453270876722e-15,7.8038270290292644e-14,2.18512641867292e-13,3.5527136788005009e-15,1.4254838718334213,36.934457118972205,2.2204460492503126e-16,4.9719610914157326e-14,1.1941727988407091e-14
hex,4,3,0.20000000000000001,gll,shear,0,sine,xzz,fe_geometry,0.025921455956595882,0.018166927401215484,0.16802741374873509,1.426848656579184,0.041968010045701568,0.029443643694944916,0.019281129350031224,0.014425143643077714,5.1403329953788639e-05,2.2278206054884009e-13,1.562138481309457e-13,0,3.3306690738754696e-14,2.18512641867292e-13,4.4408920985006262e-15,0.015624999999999811,64,9.8325080419624623e-14,1.6321960376997498e-14,1.2212453270876722e-15,7.8038270290292644e-14,2.18512641867292e-13,3.5527136788005009e-15,1.4254838718334213,36.934457118972205,2.2204460492503126e-16,4.9719610914157326e-14,1.1941727988407091e-14
hex,4,3,0.20000000000000001,gll,shear,0,sine,xzz,reused,0.025921455956435132,0.018166927401102824,0.16802741374420987,1.426848656579184,0.041968010045367064,0.029443643694710236,0.019281129349630607,0.01442514364266243,5.1403329953788639e-05,3.2338377529028827e-12,2.2675534931653176e-12,0,3.3306690738754696e-14,2.18512641867292e-13,4.4408920985006262e-15,0.015624999999999811,64,9.8325080419624623e-14,1.6321960376997498e-14,1.2212453270876722e-15,7.8038270290292644e-14,2.18512641867292e-13,3.5527136788005009e-15,1.4254838718334213,36.934457118972205,2.2204460492503126e-16,4.9719610914157326e-14,1.1941727988407091e-14
hex,4,3,0.20000000000000001,gll,shear,0,sine,xzz,reused_centered,0.025921455956438015,0.018166927401104843,0.16802741374495106,1.426848656579184,0.041968010045370478,0.029443643694712633,0.019281129349619789,0.014425143642654105,5.1403329953788639e-05,3.2205637606465725e-12,2.2582458253696694e-12,0,3.3306690738754696e-14,2.18512641867292e-13,4.4408920985006262e-15,0.015624999999999811,64,9.8325080419624623e-14,1.6321960376997498e-14,1.2212453270876722e-15,7.8038270290292644e-14,2.18512641867292e-13,3.5527136788005009e-15,1.4254838718334213,36.934457118972205,2.2204460492503126e-16,4.9719610914157326e-14,1.1941727988407091e-14
hex,4,3,0.20000000000000001,gll,shear,0,sine,yyy,recursive,4.6960953229556317,0.24379524149780066,15.676929040870686,19.262456863818635,6.0580976909972906,0.31482968891050411,8.4666573647093468,4.3608442986442517,5.1403329953788639e-05,0.17730993491928981,0.0092206311322176777,0,3.3306690738754696e-14,2.18512641867292e-13,4.4408920985006262e-15,0.015624999999999811,64,9.8325080419624623e-14,1.6321960376997498e-14,1.2212453270876722e-15,7.8038270290292644e-14,2.18512641867292e-13,3.5527136788005009e-15,1.4254838718334213,36.934457118972205,2.2204460492503126e-16,4.9719610914157326e-14,1.1941727988407091e-14
hex,4,3,0.20000000000000001,gll,shear,0,sine,yyy,direct,4.7040490581722478,0.24420815534741225,16.431251166845083,19.262456863818635,6.0721506821494877,0.31556000047997301,8.4616910794371734,4.3651292242001896,5.1403329953788639e-05,0,0,0,3.3306690738754696e-14,2.18512641867292e-13,4.4408920985006262e-15,0.015624999999999811,64,9.8325080419624623e-14,1.6321960376997498e-14,1.2212453270876722e-15,7.8038270290292644e-14,2.18512641867292e-13,3.5527136788005009e-15,1.4254838718334213,36.934457118972205,2.2204460492503126e-16,4.9719610914157326e-14,1.1941727988407091e-14
hex,4,3,0.20000000000000001,gll,shear,0,sine,yyy,fe_geometry,4.7040490581722656,0.24420815534741316,16.431251166844891,19.262456863818635,6.0721506821495046,0.3155600004799739,8.4616910794371929,4.3651292242001984,5.1403329953788639e-05,2.1133188418900553e-13,1.0989871218837003e-14,0,3.3306690738754696e-14,2.18512641867292e-13,4.4408920985006262e-15,0.015624999999999811,64,9.8325080419624623e-14,1.6321960376997498e-14,1.2212453270876722e-15,7.8038270290292644e-14,2.18512641867292e-13,3.5527136788005009e-15,1.4254838718334213,36.934457118972205,2.2204460492503126e-16,4.9719610914157326e-14,1.1941727988407091e-14
hex,4,3,0.20000000000000001,gll,shear,0,sine,yyy,reused,4.7040490581730507,0.24420815534745388,16.431251166847353,19.262456863818635,6.0721506821504221,0.31556000048002153,8.4616910794387739,4.365129224202164,5.1403329953788639e-05,5.2918886175305599e-12,2.7519356406758355e-13,0,3.3306690738754696e-14,2.18512641867292e-13,4.4408920985006262e-15,0.015624999999999811,64,9.8325080419624623e-14,1.6321960376997498e-14,1.2212453270876722e-15,7.8038270290292644e-14,2.18512641867292e-13,3.5527136788005009e-15,1.4254838718334213,36.934457118972205,2.2204460492503126e-16,4.9719610914157326e-14,1.1941727988407091e-14
hex,4,3,0.20000000000000001,gll,shear,0,sine,yyy,reused_centered,4.7040490581722123,0.24420815534741039,16.431251166845318,19.262456863818635,6.0721506821493572,0.31556000047996619,8.4616910794373474,4.3651292242014694,5.1403329953788639e-05,5.1793714987748833e-12,2.6934234739109965e-13,0,3.3306690738754696e-14,2.18512641867292e-13,4.4408920985006262e-15,0.015624999999999811,64,9.8325080419624623e-14,1.6321960376997498e-14,1.2212453270876722e-15,7.8038270290292644e-14,2.18512641867292e-13,3.5527136788005009e-15,1.4254838718334213,36.934457118972205,2.2204460492503126e-16,4.9719610914157326e-14,1.1941727988407091e-14
hex,4,3,0.20000000000000001,gll,shear,0,sine,yyz,recursive,0.45253771226173545,0.070479749617776671,2.6147400651940824,6.4208189546064265,0.62046247372409813,0.096733339843703262,0.72813601721996368,0.32911307852858451,5.1403329953788639e-05,0.015927314139733882,0.0024420246301827589,0,3.3306690738754696e-14,2.18512641867292e-13,4.4408920985006262e-15,0.015624999999999811,64,9.8325080419624623e-14,1.6321960376997498e-14,1.2212453270876722e-15,7.8038270290292644e-14,2.18512641867292e-13,3.5527136788005009e-15,1.4254838718334213,36.934457118972205,2.2204460492503126e-16,4.9719610914157326e-14,1.1941727988407091e-14
hex,4,3,0.20000000000000001,gll,shear,0,sine,yyz,direct,0.45256131257232263,0.070483425209746167,2.7288903926395651,6.4208189546064265,0.62042896384440049,0.096728115478462509,0.72552141961679861,0.32718884701584444,5.1403329953788639e-05,0,0,0,3.3306690738754696e-14,2.18512641867292e-13,4.4408920985006262e-15,0.015624999999999811,64,9.8325080419624623e-14,1.6321960376997498e-14,1.2212453270876722e-15,7.8038270290292644e-14,2.18512641867292e-13,3.5527136788005009e-15,1.4254838718334213,36.934457118972205,2.2204460492503126e-16,4.9719610914157326e-14,1.1941727988407091e-14
hex,4,3,0.20000000000000001,gll,shear,0,sine,yyz,fe_geometry,0.45256131257231091,0.070483425209744349,2.7288903926397428,6.4208189546064265,0.62042896384438306,0.096728115478459789,0.72552141961677519,0.32718884701577178,5.1403329953788639e-05,2.8111014408664654e-13,4.3100669053877591e-14,0,3.3306690738754696e-14,2.18512641867292e-13,4.4408920985006262e-15,0.015624999999999811,64,9.8325080419624623e-14,1.6321960376997498e-14,1.2212453270876722e-15,7.8038270290292644e-14,2.18512641867292e-13,3.5527136788005009e-15,1.4254838718334213,36.934457118972205,2.2204460492503126e-16,4.9719610914157326e-14,1.1941727988407091e-14
hex,4,3,0.20000000000000001,gll,shear,0,sine,yyz,reused,0.45256131257236765,0.070483425209753175,2.7288903926597889,6.4208189546064265,0.62042896384437762,0.096728115478458956,0.72552141961757788,0.32718884701617762,5.1403329953788639e-05,4.1681417585322681e-12,6.3907227214387987e-13,0,3.3306690738754696e-14,2.18512641867292e-13,4.4408920985006262e-15,0.015624999999999811,64,9.8325080419624623e-14,1.6321960376997498e-14,1.2212453270876722e-15,7.8038270290292644e-14,2.18512641867292e-13,3.5527136788005009e-15,1.4254838718334213,36.934457118972205,2.2204460492503126e-16,4.9719610914157326e-14,1.1941727988407091e-14
hex,4,3,0.20000000000000001,gll,shear,0,sine,yyz,reused_centered,0.45256131257230275,0.070483425209743072,2.7288903926600092,6.4208189546064265,0.62042896384428736,0.096728115478444884,0.72552141961746675,0.32718884701611411,5.1403329953788639e-05,4.1431467080008846e-12,6.3523995437235878e-13,0,3.3306690738754696e-14,2.18512641867292e-13,4.4408920985006262e-15,0.015624999999999811,64,9.8325080419624623e-14,1.6321960376997498e-14,1.2212453270876722e-15,7.8038270290292644e-14,2.18512641867292e-13,3.5527136788005009e-15,1.4254838718334213,36.934457118972205,2.2204460492503126e-16,4.9719610914157326e-14,1.1941727988407091e-14
hex,4,3,0.20000000000000001,gll,shear,0,sine,yzz,recursive,0.080551775147751956,0.03763621543477539,0.54424695062629258,2.1402729848688007,0.11932882070179172,0.055811958925468481,0.11164193292888409,0.064940376768717098,5.1403329953788639e-05,0.0026862515438277608,0.0012538233554928199,0,3.3306690738754696e-14,2.18512641867292e-13,4.4408920985006262e-15,0.015624999999999811,64,9.8325080419624623e-14,1.6321960376997498e-14,1.2212453270876722e-15,7.8038270290292644e-14,2.18512641867292e-13,3.5527136788005009e-15,1.4254838718334213,36.934457118972205,2.2204460492503126e-16,4.9719610914157326e-14,1.1941727988407091e-14
hex,4,3,0.20000000000000001,gll,shear,0,sine,yzz,direct,0.079559247787618595,0.037172476758844671,0.52570743577235035,2.1402729848688007,0.11738161947078042,0.054901222403598265,0.10650409914704421,0.060566161656328409,5.1403329953788639e-05,0,0,0,3.3306690738754696e-14,2.18512641867292e-13,4.4408920985006262e-15,0.015624999999999811,64,9.8325080419624623e-14,1.6321960376997498e-14,1.2212453270876722e-15,7.8038270290292644e-14,2.18512641867292e-13,3.5527136788005009e-15,1.4254838718334213,36.934457118972205,2.2204460492503126e-16,4.9719610914157326e-14,1.1941727988407091e-14
hex,4,3,0.20000000000000001,gll,shear,0,sine,yzz,fe_geometry,0.079559247787603968,0.037172476758837836,0.52570743577188617,2.1402729848688007,0.11738161947075247,0.054901222403585193,0.10650409914699382,0.060566161656318625,5.1403329953788639e-05,2.4804083530629632e-13,1.1577448624927556e-13,0,3.3306690738754696e-14,2.18512641867292e-13,4.4408920985006262e-15,0.015624999999999811,64,9.8325080419624623e-14,1.6321960376997498e-14,1.2212453270876722e-15,7.8038270290292644e-14,2.18512641867292e-13,3.5527136788005009e-15,1.4254838718334213,36.934457118972205,2.2204460492503126e-16,4.9719610914157326e-14,1.1941727988407091e-14
hex,4,3,0.20000000000000001,gll,shear,0,sine,yzz,reused,0.079559247787570189,0.037172476758822057,0.52570743575956058,2.1402729848688007,0.11738161947069793,0.054901222403559685,0.10650409914687094,0.060566161655229697,5.1403329953788639e-05,4.4120802725697721e-12,2.0593638390894526e-12,0,3.3306690738754696e-14,2.18512641867292e-13,4.4408920985006262e-15,0.015624999999999811,64,9.8325080419624623e-14,1.6321960376997498e-14,1.2212453270876722e-15,7.8038270290292644e-14,2.18512641867292e-13,3.5527136788005009e-15,1.4254838718334213,36.934457118972205,2.2204460492503126e-16,4.9719610914157326e-14,1.1941727988407091e-14
hex,4,3,0.20000000000000001,gll,shear,0,sine,yzz,reused_centered,0.079559247787565929,0.037172476758820058,0.52570743575971657,2.1402729848688007,0.1173816194706892,0.054901222403555605,0.10650409914684442,0.060566161655209304,5.1403329953788639e-05,4.3970339424613442e-12,2.0523408779867406e-12,0,3.3306690738754696e-14,2.18512641867292e-13,4.4408920985006262e-15,0.015624999999999811,64,9.8325080419624623e-14,1.6321960376997498e-14,1.2212453270876722e-15,7.8038270290292644e-14,2.18512641867292e-13,3.5527136788005009e-15,1.4254838718334213,36.934457118972205,2.2204460492503126e-16,4.9719610914157326e-14,1.1941727988407091e-14
hex,4,3,0.20000000000000001,gll,shear,0,sine,zzz,recursive,0.33584591456279023,0.47075197921546658,1.2245955289001578,0.71342432828959201,0.43285108484946078,0.607353701135669,0.62140888635794722,0.32119746235171415,5.1403329953788639e-05,0.022183412451790487,0.028416284455900592,0,3.3306690738754696e-14,2.18512641867292e-13,4.4408920985006262e-15,0.015624999999999811,64,9.8325080419624623e-14,1.6321960376997498e-14,1.2212453270876722e-15,7.8038270290292644e-14,2.18512641867292e-13,3.5527136788005009e-15,1.4254838718334213,36.934457118972205,2.2204460492503126e-16,4.9719610914157326e-14,1.1941727988407091e-14
hex,4,3,0.20000000000000001,gll,shear,0,sine,zzz,direct,0.33690345767813695,0.4722343272002657,1.317306799732634,0.71342432828959201,0.43485254565523696,0.61016204486083003,0.62020973589317407,0.320060078666632,5.1403329953788639e-05,0,0,0,3.3306690738754696e-14,2.18512641867292e-13,4.4408920985006262e-15,0.015624999999999811,64,9.8325080419624623e-14,1.6321960376997498e-14,1.2212453270876722e-15,7.8038270290292644e-14,2.18512641867292e-13,3.5527136788005009e-15,1.4254838718334213,36.934457118972205,2.2204460492503126e-16,4.9719610914157326e-14,1.1941727988407091e-14
hex,4,3,0.20000000000000001,gll,shear,0,sine,zzz,fe_geometry,0.33690345767813668,0.47223432720026526,1.3173067997326284,0.71342432828959201,0.43485254565523712,0.61016204486083025,0.62020973589317163,0.32006007866663322,5.1403329953788639e-05,8.1528212384181472e-14,1.0443518910017778e-13,0,3.3306690738754696e-14,2.18512641867292e-13,4.4408920985006262e-15,0.015624999999999811,64,9.8325080419624623e-14,1.6321960376997498e-14,1.2212453270876722e-15,7.8038270290292644e-14,2.18512641867292e-13,3.5527136788005009e-15,1.4254838718334213,36.934457118972205,2.2204460492503126e-16,4.9719610914157326e-14,1.1941727988407091e-14
hex,4,3,0.20000000000000001,gll,shear,0,sine,zzz,reused,0.3369034576781153,0.47223432720023528,1.3173067997339785,0.71342432828959201,0.43485254565519454,0.61016204486077052,0.62020973589296102,0.3200600786659839,5.1403329953788639e-05,3.0532226690487612e-12,3.9110864507183098e-12,0,3.3306690738754696e-14,2.18512641867292e-13,4.4408920985006262e-15,0.015624999999999811,64,9.8325080419624623e-14,1.6321960376997498e-14,1.2212453270876722e-15,7.8038270290292644e-14,2.18512641867292e-13,3.5527136788005009e-15,1.4254838718334213,36.934457118972205,2.2204460492503126e-16,4.9719610914157326e-14,1.1941727988407091e-14
hex,4,3,0.20000000000000001,gll,shear,0,sine,zzz,reused_centered,0.33690345767824992,0.47223432720042408,1.3173067997320942,0.71342432828959201,0.43485254565535764,0.61016204486099945,0.62020973589331241,0.32006007866623182,5.1403329953788639e-05,2.9218025797054272e-12,3.7427412671215172e-12,0,3.3306690738754696e-14,2.18512641867292e-13,4.4408920985006262e-15,0.015624999999999811,64,9.8325080419624623e-14,1.6321960376997498e-14,1.2212453270876722e-15,7.8038270290292644e-14,2.18512641867292e-13,3.5527136788005009e-15,1.4254838718334213,36.934457118972205,2.2204460492503126e-16,4.9719610914157326e-14,1.1941727988407091e-14
