dimension,n,curved,capacity,point,xi,eta,zeta,x,y,z,field,dx,dy,dz,order,method,value,input_error,geometry_residual,inverse_residual,initialization_seconds,evaluation_seconds,reused_inverse_residual
2,8,0,10,0,0.23000000000000001,0.31,0.37,0.2287500000000002,0.33875000000000027,0,constant,1,0,0,1,recursive,-7.9419268468965698e-15,6.6613381477509392e-16,8.8817841970012523e-15,1.1102230246251565e-16,0.00087845799862407148,0.00068541601649485528,1.5509636485369269e-25
2,8,0,10,0,0.23000000000000001,0.31,0.37,0.2287500000000002,0.33875000000000027,0,constant,1,0,0,1,direct,-4.5698852345583859e-14,6.6613381477509392e-16,8.8817841970012523e-15,1.1102230246251565e-16,0.00087845799862407148,0.00068541601649485528,1.5509636485369269e-25
2,8,0,10,0,0.23000000000000001,0.31,0.37,0.2287500000000002,0.33875000000000027,0,constant,1,0,0,1,fe_geometry,-4.5698852345586724e-14,6.6613381477509392e-16,8.8817841970012523e-15,1.1102230246251565e-16,0.00087845799862407148,0.00068541601649485528,1.5509636485369269e-25
2,8,0,10,0,0.23000000000000001,0.31,0.37,0.2287500000000002,0.33875000000000027,0,constant,1,0,0,1,reused,-1.9564867736359315e-15,6.6613381477509392e-16,8.8817841970012523e-15,1.1102230246251565e-16,0.00087845799862407148,0.00068541601649485528,1.5509636485369269e-25
2,8,0,10,0,0.23000000000000001,0.31,0.37,0.2287500000000002,0.33875000000000027,0,constant,1,0,0,1,reused_centered,7.6292231868520056e-15,6.6613381477509392e-16,8.8817841970012523e-15,1.1102230246251565e-16,0.00087845799862407148,0.00068541601649485528,1.5509636485369269e-25
2,8,0,10,0,0.23000000000000001,0.31,0.37,0.2287500000000002,0.33875000000000027,0,constant,0,1,0,1,recursive,-1.8753919277146466e-14,6.6613381477509392e-16,8.8817841970012523e-15,1.1102230246251565e-16,0.00087845799862407148,0.00068541601649485528,1.5509636485369269e-25
2,8,0,10,0,0.23000000000000001,0.31,0.37,0.2287500000000002,0.33875000000000027,0,constant,0,1,0,1,direct,-1.3170438826615743e-13,6.6613381477509392e-16,8.8817841970012523e-15,1.1102230246251565e-16,0.00087845799862407148,0.00068541601649485528,1.5509636485369269e-25
2,8,0,10,0,0.23000000000000001,0.31,0.37,0.2287500000000002,0.33875000000000027,0,constant,0,1,0,1,fe_geometry,-1.3170438826615523e-13,6.6613381477509392e-16,8.8817841970012523e-15,1.1102230246251565e-16,0.00087845799862407148,0.00068541601649485528,1.5509636485369269e-25
2,8,0,10,0,0.23000000000000001,0.31,0.37,0.2287500000000002,0.33875000000000027,0,constant,0,1,0,1,reused,-6.4977687252231633e-15,6.6613381477509392e-16,8.8817841970012523e-15,1.1102230246251565e-16,0.00087845799862407148,0.00068541601649485528,1.5509636485369269e-25
2,8,0,10,0,0.23000000000000001,0.31,0.37,0.2287500000000002,0.33875000000000027,0,constant,0,1,0,1,reused_centered,3.2400679556956615e-15,6.6613381477509392e-16,8.8817841970012523e-15,1.1102230246251565e-16,0.00087845799862407148,0.00068541601649485528,1.5509636485369269e-25
2,8,0,10,0,0.23000000000000001,0.31,0.37,0.2287500000000002,0.33875000000000027,0,constant,2,0,0,2,recursive,-3.6276391798465301e-13,6.6613381477509392e-16,8.8817841970012523e-15,1.1102230246251565e-16,0.00087845799862407148,0.00068541601649485528,1.5509636485369269e-25
2,8,0,10,0,0.23000000000000001,0.31,0.37,0.2287500000000002,0.33875000000000027,0,constant,2,0,0,2,direct,3.4523284974641854e-12,6.6613381477509392e-16,8.8817841970012523e-15,1.1102230246251565e-16,0.00087845799862407148,0.00068541601649485528,1.5509636485369269e-25
2,8,0,10,0,0.23000000000000001,0.31,0.37,0.2287500000000002,0.33875000000000027,0,constant,2,0,0,2,fe_geometry,3.4523284974642229e-12,6.6613381477509392e-16,8.8817841970012523e-15,1.1102230246251565e-16,0.00087845799862407148,0.00068541601649485528,1.5509636485369269e-25
2,8,0,10,0,0.23000000000000001,0.31,0.37,0.2287500000000002,0.33875000000000027,0,constant,2,0,0,2,reused,-4.5220973277585782e-13,6.6613381477509392e-16,8.8817841970012523e-15,1.1102230246251565e-16,0.00087845799862407148,0.00068541601649485528,1.5509636485369269e-25
2,8,0,10,0,0.23000000000000001,0.31,0.37,0.2287500000000002,0.33875000000000027,0,constant,2,0,0,2,reused_centered,9.5834556846073977e-14,6.6613381477509392e-16,8.8817841970012523e-15,1.1102230246251565e-16,0.00087845799862407148,0.00068541601649485528,1.5509636485369269e-25
2,8,0,10,0,0.23000000000000001,0.31,0.37,0.2287500000000002,0.33875000000000027,0,constant,1,1,0,2,recursive,-1.6565022420386614e-12,6.6613381477509392e-16,8.8817841970012523e-15,1.1102230246251565e-16,0.00087845799862407148,0.00068541601649485528,1.5509636485369269e-25
2,8,0,10,0,0.23000000000000001,0.31,0.37,0.2287500000000002,0.33875000000000027,0,constant,1,1,0,2,direct,2.3315779411590472e-12,6.6613381477509392e-16,8.8817841970012523e-15,1.1102230246251565e-16,0.00087845799862407148,0.00068541601649485528,1.5509636485369269e-25
2,8,0,10,0,0.23000000000000001,0.31,0.37,0.2287500000000002,0.33875000000000027,0,constant,1,1,0,2,fe_geometry,2.3315779411590565e-12,6.6613381477509392e-16,8.8817841970012523e-15,1.1102230246251565e-16,0.00087845799862407148,0.00068541601649485528,1.5509636485369269e-25
2,8,0,10,0,0.23000000000000001,0.31,0.37,0.2287500000000002,0.33875000000000027,0,constant,1,1,0,2,reused,1.0455425222776283e-14,6.6613381477509392e-16,8.8817841970012523e-15,1.1102230246251565e-16,0.00087845799862407148,0.00068541601649485528,1.5509636485369269e-25
2,8,0,10,0,0.23000000000000001,0.31,0.37,0.2287500000000002,0.33875000000000027,0,constant,1,1,0,2,reused_centered,3.51838839945491e-13,6.6613381477509392e-16,8.8817841970012523e-15,1.1102230246251565e-16,0.00087845799862407148,0.00068541601649485528,1.5509636485369269e-25
2,8,0,10,0,0.23000000000000001,0.31,0.37,0.2287500000000002,0.33875000000000027,0,constant,0,2,0,2,recursive,2.8640152623926085e-12,6.6613381477509392e-16,8.8817841970012523e-15,1.1102230246251565e-16,0.00087845799862407148,0.00068541601649485528,1.5509636485369269e-25
2,8,0,10,0,0.23000000000000001,0.31,0.37,0.2287500000000002,0.33875000000000027,0,constant,0,2,0,2,direct,3.0034017531767299e-12,6.6613381477509392e-16,8.8817841970012523e-15,1.1102230246251565e-16,0.00087845799862407148,0.00068541601649485528,1.5509636485369269e-25
2,8,0,10,0,0.23000000000000001,0.31,0.37,0.2287500000000002,0.33875000000000027,0,constant,0,2,0,2,fe_geometry,3.0034017531765578e-12,6.6613381477509392e-16,8.8817841970012523e-15,1.1102230246251565e-16,0.00087845799862407148,0.00068541601649485528,1.5509636485369269e-25
2,8,0,10,0,0.23000000000000001,0.31,0.37,0.2287500000000002,0.33875000000000027,0,constant,0,2,0,2,reused,-3.5936839480244253e-13,6.6613381477509392e-16,8.8817841970012523e-15,1.1102230246251565e-16,0.00087845799862407148,0.00068541601649485528,1.5509636485369269e-25
2,8,0,10,0,0.23000000000000001,0.31,0.37,0.2287500000000002,0.33875000000000027,0,constant,0,2,0,2,reused_centered,-1.1829710836900015e-13,6.6613381477509392e-16,8.8817841970012523e-15,1.1102230246251565e-16,0.00087845799862407148,0.00068541601649485528,1.5509636485369269e-25
2,8,0,10,0,0.23000000000000001,0.31,0.37,0.2287500000000002,0.33875000000000027,0,constant,3,0,0,3,recursive,8.1741041964828578e-11,6.6613381477509392e-16,8.8817841970012523e-15,1.1102230246251565e-16,0.00087845799862407148,0.00068541601649485528,1.5509636485369269e-25
2,8,0,10,0,0.23000000000000001,0.31,0.37,0.2287500000000002,0.33875000000000027,0,constant,3,0,0,3,direct,1.5407077358267274e-10,6.6613381477509392e-16,8.8817841970012523e-15,1.1102230246251565e-16,0.00087845799862407148,0.00068541601649485528,1.5509636485369269e-25
2,8,0,10,0,0.23000000000000001,0.31,0.37,0.2287500000000002,0.33875000000000027,0,constant,3,0,0,3,fe_geometry,1.5407077358270877e-10,6.6613381477509392e-16,8.8817841970012523e-15,1.1102230246251565e-16,0.00087845799862407148,0.00068541601649485528,1.5509636485369269e-25
2,8,0,10,0,0.23000000000000001,0.31,0.37,0.2287500000000002,0.33875000000000027,0,constant,3,0,0,3,reused,7.9833804920297957e-13,6.6613381477509392e-16,8.8817841970012523e-15,1.1102230246251565e-16,0.00087845799862407148,0.00068541601649485528,1.5509636485369269e-25
2,8,0,10,0,0.23000000000000001,0.31,0.37,0.2287500000000002,0.33875000000000027,0,constant,3,0,0,3,reused_centered,-4.8015256860133169e-11,6.6613381477509392e-16,8.8817841970012523e-15,1.1102230246251565e-16,0.00087845799862407148,0.00068541601649485528,1.5509636485369269e-25
2,8,0,10,0,0.23000000000000001,0.31,0.37,0.2287500000000002,0.33875000000000027,0,constant,2,1,0,3,recursive,-5.6512152898843368e-11,6.6613381477509392e-16,8.8817841970012523e-15,1.1102230246251565e-16,0.00087845799862407148,0.00068541601649485528,1.5509636485369269e-25
2,8,0,10,0,0.23000000000000001,0.31,0.37,0.2287500000000002,0.33875000000000027,0,constant,2,1,0,3,direct,1.3145826744497756e-10,6.6613381477509392e-16,8.8817841970012523e-15,1.1102230246251565e-16,0.00087845799862407148,0.00068541601649485528,1.5509636485369269e-25
2,8,0,10,0,0.23000000000000001,0.31,0.37,0.2287500000000002,0.33875000000000027,0,constant,2,1,0,3,fe_geometry,1.3145826744498816e-10,6.6613381477509392e-16,8.8817841970012523e-15,1.1102230246251565e-16,0.00087845799862407148,0.00068541601649485528,1.5509636485369269e-25
2,8,0,10,0,0.23000000000000001,0.31,0.37,0.2287500000000002,0.33875000000000027,0,constant,2,1,0,3,reused,2.6258228558052123e-12,6.6613381477509392e-16,8.8817841970012523e-15,1.1102230246251565e-16,0.00087845799862407148,0.00068541601649485528,1.5509636485369269e-25
2,8,0,10,0,0.23000000000000001,0.31,0.37,0.2287500000000002,0.33875000000000027,0,constant,2,1,0,3,reused_centered,4.4196268062418746e-12,6.6613381477509392e-16,8.8817841970012523e-15,1.1102230246251565e-16,0.00087845799862407148,0.00068541601649485528,1.5509636485369269e-25
2,8,0,10,0,0.23000000000000001,0.31,0.37,0.2287500000000002,0.33875000000000027,0,constant,1,2,0,3,recursive,-7.5372901727277559e-11,6.6613381477509392e-16,8.8817841970012523e-15,1.1102230246251565e-16,0.00087845799862407148,0.00068541601649485528,1.5509636485369269e-25
2,8,0,10,0,0.23000000000000001,0.31,0.37,0.2287500000000002,0.33875000000000027,0,constant,1,2,0,3,direct,2.1947283790737851e-10,6.6613381477509392e-16,8.8817841970012523e-15,1.1102230246251565e-16,0.00087845799862407148,0.00068541601649485528,1.5509636485369269e-25
2,8,0,10,0,0.23000000000000001,0.31,0.37,0.2287500000000002,0.33875000000000027,0,constant,1,2,0,3,fe_geometry,2.1947283790737884e-10,6.6613381477509392e-16,8.8817841970012523e-15,1.1102230246251565e-16,0.00087845799862407148,0.00068541601649485528,1.5509636485369269e-25
2,8,0,10,0,0.23000000000000001,0.31,0.37,0.2287500000000002,0.33875000000000027,0,constant,1,2,0,3,reused,-3.8173476221349082e-13,6.6613381477509392e-16,8.8817841970012523e-15,1.1102230246251565e-16,0.00087845799862407148,0.00068541601649485528,1.5509636485369269e-25
2,8,0,10,0,0.23000000000000001,0.31,0.37,0.2287500000000002,0.33875000000000027,0,constant,1,2,0,3,reused_centered,-1.284587790953252e-11,6.6613381477509392e-16,8.8817841970012523e-15,1.1102230246251565e-16,0.00087845799862407148,0.00068541601649485528,1.5509636485369269e-25
2,8,0,10,0,0.23000000000000001,0.31,0.37,0.2287500000000002,0.33875000000000027,0,constant,0,3,0,3,recursive,-1.4273472696960054e-11,6.6613381477509392e-16,8.8817841970012523e-15,1.1102230246251565e-16,0.00087845799862407148,0.00068541601649485528,1.5509636485369269e-25
2,8,0,10,0,0.23000000000000001,0.31,0.37,0.2287500000000002,0.33875000000000027,0,constant,0,3,0,3,direct,2.3668389709491755e-10,6.6613381477509392e-16,8.8817841970012523e-15,1.1102230246251565e-16,0.00087845799862407148,0.00068541601649485528,1.5509636485369269e-25
2,8,0,10,0,0.23000000000000001,0.31,0.37,0.2287500000000002,0.33875000000000027,0,constant,0,3,0,3,fe_geometry,2.3668389709490421e-10,6.6613381477509392e-16,8.8817841970012523e-15,1.1102230246251565e-16,0.00087845799862407148,0.00068541601649485528,1.5509636485369269e-25
2,8,0,10,0,0.23000000000000001,0.31,0.37,0.2287500000000002,0.33875000000000027,0,constant,0,3,0,3,reused,2.3173766420954904e-11,6.6613381477509392e-16,8.8817841970012523e-15,1.1102230246251565e-16,0.00087845799862407148,0.00068541601649485528,1.5509636485369269e-25
2,8,0,10,0,0.23000000000000001,0.31,0.37,0.2287500000000002,0.33875000000000027,0,constant,0,3,0,3,reused_centered,-1.0209234008468885e-11,6.6613381477509392e-16,8.8817841970012523e-15,1.1102230246251565e-16,0.00087845799862407148,0.00068541601649485528,1.5509636485369269e-25
2,8,0,10,0,0.23000000000000001,0.31,0.37,0.2287500000000002,0.33875000000000027,0,constant,4,0,0,4,recursive,-1.5481789887878399e-08,6.6613381477509392e-16,8.8817841970012523e-15,1.1102230246251565e-16,0.00087845799862407148,0.00068541601649485528,1.5509636485369269e-25
2,8,0,10,0,0.23000000000000001,0.31,0.37,0.2287500000000002,0.33875000000000027,0,constant,4,0,0,4,direct,-1.8539515715651212e-08,6.6613381477509392e-16,8.8817841970012523e-15,1.1102230246251565e-16,0.00087845799862407148,0.00068541601649485528,1.5509636485369269e-25
2,8,0,10,0,0.23000000000000001,0.31,0.37,0.2287500000000002,0.33875000000000027,0,constant,4,0,0,4,fe_geometry,-1.8539515715653763e-08,6.6613381477509392e-16,8.8817841970012523e-15,1.1102230246251565e-16,0.00087845799862407148,0.00068541601649485528,1.5509636485369269e-25
2,8,0,10,0,0.23000000000000001,0.31,0.37,0.2287500000000002,0.33875000000000027,0,constant,4,0,0,4,reused,3.4060305352972119e-09,6.6613381477509392e-16,8.8817841970012523e-15,1.1102230246251565e-16,0.00087845799862407148,0.00068541601649485528,1.5509636485369269e-25
2,8,0,10,0,0.23000000000000001,0.31,0.37,0.2287500000000002,0.33875000000000027,0,constant,4,0,0,4,reused_centered,3.0534950482900886e-09,6.6613381477509392e-16,8.8817841970012523e-15,1.1102230246251565e-16,0.00087845799862407148,0.00068541601649485528,1.5509636485369269e-25
2,8,0,10,0,0.23000000000000001,0.31,0.37,0.2287500000000002,0.33875000000000027,0,constant,3,1,0,4,recursive,5.5784592574508091e-09,6.6613381477509392e-16,8.8817841970012523e-15,1.1102230246251565e-16,0.00087845799862407148,0.00068541601649485528,1.5509636485369269e-25
2,8,0,10,0,0.23000000000000001,0.31,0.37,0.2287500000000002,0.33875000000000027,0,constant,3,1,0,4,direct,-1.8391398187726738e-08,6.6613381477509392e-16,8.8817841970012523e-15,1.1102230246251565e-16,0.00087845799862407148,0.00068541601649485528,1.5509636485369269e-25
2,8,0,10,0,0.23000000000000001,0.31,0.37,0.2287500000000002,0.33875000000000027,0,constant,3,1,0,4,fe_geometry,-1.8391398187726129e-08,6.6613381477509392e-16,8.8817841970012523e-15,1.1102230246251565e-16,0.00087845799862407148,0.00068541601649485528,1.5509636485369269e-25
2,8,0,10,0,0.23000000000000001,0.31,0.37,0.2287500000000002,0.33875000000000027,0,constant,3,1,0,4,reused,3.8103701813980736e-10,6.6613381477509392e-16,8.8817841970012523e-15,1.1102230246251565e-16,0.00087845799862407148,0.00068541601649485528,1.5509636485369269e-25
2,8,0,10,0,0.23000000000000001,0.31,0.37,0.2287500000000002,0.33875000000000027,0,constant,3,1,0,4,reused_centered,-2.2143318998018132e-09,6.6613381477509392e-16,8.8817841970012523e-15,1.1102230246251565e-16,0.00087845799862407148,0.00068541601649485528,1.5509636485369269e-25
2,8,0,10,0,0.23000000000000001,0.31,0.37,0.2287500000000002,0.33875000000000027,0,constant,2,2,0,4,recursive,1.7936020275317312e-08,6.6613381477509392e-16,8.8817841970012523e-15,1.1102230246251565e-16,0.00087845799862407148,0.00068541601649485528,1.5509636485369269e-25
2,8,0,10,0,0.23000000000000001,0.31,0.37,0.2287500000000002,0.33875000000000027,0,constant,2,2,0,4,direct,3.8963442761451016e-09,6.6613381477509392e-16,8.8817841970012523e-15,1.1102230246251565e-16,0.00087845799862407148,0.00068541601649485528,1.5509636485369269e-25
2,8,0,10,0,0.23000000000000001,0.31,0.37,0.2287500000000002,0.33875000000000027,0,constant,2,2,0,4,fe_geometry,3.8963442761455177e-09,6.6613381477509392e-16,8.8817841970012523e-15,1.1102230246251565e-16,0.00087845799862407148,0.00068541601649485528,1.5509636485369269e-25
2,8,0,10,0,0.23000000000000001,0.31,0.37,0.2287500000000002,0.33875000000000027,0,constant,2,2,0,4,reused,-9.5870597524023574e-11,6.6613381477509392e-16,8.8817841970012523e-15,1.1102230246251565e-16,0.00087845799862407148,0.00068541601649485528,1.5509636485369269e-25
2,8,0,10,0,0.23000000000000001,0.31,0.37,0.2287500000000002,0.33875000000000027,0,constant,2,2,0,4,reused_centered,-1.6136361286171697e-10,6.6613381477509392e-16,8.8817841970012523e-15,1.1102230246251565e-16,0.00087845799862407148,0.00068541601649485528,1.5509636485369269e-25
2,8,0,10,0,0.23000000000000001,0.31,0.37,0.2287500000000002,0.33875000000000027,0,constant,1,3,0,4,recursive,4.3245553424349878e-09,6.6613381477509392e-16,8.8817841970012523e-15,1.1102230246251565e-16,0.00087845799862407148,0.00068541601649485528,1.5509636485369269e-25
2,8,0,10,0,0.23000000000000001,0.31,0.37,0.2287500000000002,0.33875000000000027,0,constant,1,3,0,4,direct,-1.2396232004743067e-08,6.6613381477509392e-16,8.8817841970012523e-15,1.1102230246251565e-16,0.00087845799862407148,0.00068541601649485528,1.5509636485369269e-25
2,8,0,10,0,0.23000000000000001,0.31,0.37,0.2287500000000002,0.33875000000000027,0,constant,1,3,0,4,fe_geometry,-1.2396232004743087e-08,6.6613381477509392e-16,8.8817841970012523e-15,1.1102230246251565e-16,0.00087845799862407148,0.00068541601649485528,1.5509636485369269e-25
2,8,0,10,0,0.23000000000000001,0.31,0.37,0.2287500000000002,0.33875000000000027,0,constant,1,3,0,4,reused,-3.294433456857999e-11,6.6613381477509392e-16,8.8817841970012523e-15,1.1102230246251565e-16,0.00087845799862407148,0.00068541601649485528,1.5509636485369269e-25
2,8,0,10,0,0.23000000000000001,0.31,0.37,0.2287500000000002,0.33875000000000027,0,constant,1,3,0,4,reused_centered,-1.1086202818547172e-09,6.6613381477509392e-16,8.8817841970012523e-15,1.1102230246251565e-16,0.00087845799862407148,0.00068541601649485528,1.5509636485369269e-25
2,8,0,10,0,0.23000000000000001,0.31,0.37,0.2287500000000002,0.33875000000000027,0,constant,0,4,0,4,recursive,-2.1413833774933247e-08,6.6613381477509392e-16,8.8817841970012523e-15,1.1102230246251565e-16,0.00087845799862407148,0.00068541601649485528,1.5509636485369269e-25
2,8,0,10,0,0.23000000000000001,0.31,0.37,0.2287500000000002,0.33875000000000027,0,constant,0,4,0,4,direct,-2.5555944841727612e-08,6.6613381477509392e-16,8.8817841970012523e-15,1.1102230246251565e-16,0.00087845799862407148,0.00068541601649485528,1.5509636485369269e-25
2,8,0,10,0,0.23000000000000001,0.31,0.37,0.2287500000000002,0.33875000000000027,0,constant,0,4,0,4,fe_geometry,-2.5555944841725124e-08,6.6613381477509392e-16,8.8817841970012523e-15,1.1102230246251565e-16,0.00087845799862407148,0.00068541601649485528,1.5509636485369269e-25
2,8,0,10,0,0.23000000000000001,0.31,0.37,0.2287500000000002,0.33875000000000027,0,constant,0,4,0,4,reused,1.3317146535907949e-09,6.6613381477509392e-16,8.8817841970012523e-15,1.1102230246251565e-16,0.00087845799862407148,0.00068541601649485528,1.5509636485369269e-25
2,8,0,10,0,0.23000000000000001,0.31,0.37,0.2287500000000002,0.33875000000000027,0,constant,0,4,0,4,reused_centered,1.1414567003667614e-09,6.6613381477509392e-16,8.8817841970012523e-15,1.1102230246251565e-16,0.00087845799862407148,0.00068541601649485528,1.5509636485369269e-25
2,8,0,10,0,0.23000000000000001,0.31,0.37,0.2287500000000002,0.33875000000000027,0,constant,5,0,0,5,recursive,1.4554230802187208e-06,6.6613381477509392e-16,8.8817841970012523e-15,1.1102230246251565e-16,0.00087845799862407148,0.00068541601649485528,1.5509636485369269e-25
2,8,0,10,0,0.23000000000000001,0.31,0.37,0.2287500000000002,0.33875000000000027,0,constant,5,0,0,5,direct,5.7418266490101822e-07,6.6613381477509392e-16,8.8817841970012523e-15,1.1102230246251565e-16,0.00087845799862407148,0.00068541601649485528,1.5509636485369269e-25
2,8,0,10,0,0.23000000000000001,0.31,0.37,0.2287500000000002,0.33875000000000027,0,constant,5,0,0,5,fe_geometry,5.7418266490075585e-07,6.6613381477509392e-16,8.8817841970012523e-15,1.1102230246251565e-16,0.00087845799862407148,0.00068541601649485528,1.5509636485369269e-25
2,8,0,10,0,0.23000000000000001,0.31,0.37,0.2287500000000002,0.33875000000000027,0,constant,5,0,0,5,reused,-2.8140454650708082e-07,6.6613381477509392e-16,8.8817841970012523e-15,1.1102230246251565e-16,0.00087845799862407148,0.00068541601649485528,1.5509636485369269e-25
2,8,0,10,0,0.23000000000000001,0.31,0.37,0.2287500000000002,0.33875000000000027,0,constant,5,0,0,5,reused_centered,-7.0498038567016116e-08,6.6613381477509392e-16,8.8817841970012523e-15,1.1102230246251565e-16,0.00087845799862407148,0.00068541601649485528,1.5509636485369269e-25
2,8,0,10,0,0.23000000000000001,0.31,0.37,0.2287500000000002,0.33875000000000027,0,constant,4,1,0,5,recursive,6.7022565448946725e-07,6.6613381477509392e-16,8.8817841970012523e-15,1.1102230246251565e-16,0.00087845799862407148,0.00068541601649485528,1.5509636485369269e-25
2,8,0,10,0,0.23000000000000001,0.31,0.37,0.2287500000000002,0.33875000000000027,0,constant,4,1,0,5,direct,1.1271320991218091e-06,6.6613381477509392e-16,8.8817841970012523e-15,1.1102230246251565e-16,0.00087845799862407148,0.00068541601649485528,1.5509636485369269e-25
2,8,0,10,0,0.23000000000000001,0.31,0.37,0.2287500000000002,0.33875000000000027,0,constant,4,1,0,5,fe_geometry,1.1271320991216503e-06,6.6613381477509392e-16,8.8817841970012523e-15,1.1102230246251565e-16,0.00087845799862407148,0.00068541601649485528,1.5509636485369269e-25
2,8,0,10,0,0.23000000000000001,0.31,0.37,0.2287500000000002,0.33875000000000027,0,constant,4,1,0,5,reused,-6.6670768420216149e-08,6.6613381477509392e-16,8.8817841970012523e-15,1.1102230246251565e-16,0.00087845799862407148,0.00068541601649485528,1.5509636485369269e-25
2,8,0,10,0,0.23000000000000001,0.31,0.37,0.2287500000000002,0.33875000000000027,0,constant,4,1,0,5,reused_centered,1.4081881329951916e-07,6.6613381477509392e-16,8.8817841970012523e-15,1.1102230246251565e-16,0.00087845799862407148,0.00068541601649485528,1.5509636485369269e-25
2,8,0,10,0,0.23000000000000001,0.31,0.37,0.2287500000000002,0.33875000000000027,0,constant,3,2,0,5,recursive,-1.9505996929059471e-07,6.6613381477509392e-16,8.8817841970012523e-15,1.1102230246251565e-16,0.00087845799862407148,0.00068541601649485528,1.5509636485369269e-25
2,8,0,10,0,0.23000000000000001,0.31,0.37,0.2287500000000002,0.33875000000000027,0,constant,3,2,0,5,direct,-7.1865874975919771e-07,6.6613381477509392e-16,8.8817841970012523e-15,1.1102230246251565e-16,0.00087845799862407148,0.00068541601649485528,1.5509636485369269e-25
2,8,0,10,0,0.23000000000000001,0.31,0.37,0.2287500000000002,0.33875000000000027,0,constant,3,2,0,5,fe_geometry,-7.1865874975930529e-07,6.6613381477509392e-16,8.8817841970012523e-15,1.1102230246251565e-16,0.00087845799862407148,0.00068541601649485528,1.5509636485369269e-25
2,8,0,10,0,0.23000000000000001,0.31,0.37,0.2287500000000002,0.33875000000000027,0,constant,3,2,0,5,reused,-1.391192346698967e-08,6.6613381477509392e-16,8.8817841970012523e-15,1.1102230246251565e-16,0.00087845799862407148,0.00068541601649485528,1.5509636485369269e-25
2,8,0,10,0,0.23000000000000001,0.31,0.37,0.2287500000000002,0.33875000000000027,0,constant,3,2,0,5,reused_centered,8.0846779850809485e-08,6.6613381477509392e-16,8.8817841970012523e-15,1.1102230246251565e-16,0.00087845799862407148,0.00068541601649485528,1.5509636485369269e-25
2,8,0,10,0,0.23000000000000001,0.31,0.37,0.2287500000000002,0.33875000000000027,0,constant,2,3,0,5,recursive,1.5136947760107538e-07,6.6613381477509392e-16,8.8817841970012523e-15,1.1102230246251565e-16,0.00087845799862407148,0.00068541601649485528,1.5509636485369269e-25
2,8,0,10,0,0.23000000000000001,0.31,0.37,0.2287500000000002,0.33875000000000027,0,constant,2,3,0,5,direct,-3.3063228875398652e-07,6.6613381477509392e-16,8.8817841970012523e-15,1.1102230246251565e-16,0.00087845799862407148,0.00068541601649485528,1.5509636485369269e-25
2,8,0,10,0,0.23000000000000001,0.31,0.37,0.2287500000000002,0.33875000000000027,0,constant,2,3,0,5,fe_geometry,-3.3063228875401399e-07,6.6613381477509392e-16,8.8817841970012523e-15,1.1102230246251565e-16,0.00087845799862407148,0.00068541601649485528,1.5509636485369269e-25
2,8,0,10,0,0.23000000000000001,0.31,0.37,0.2287500000000002,0.33875000000000027,0,constant,2,3,0,5,reused,-8.273789428575779e-09,6.6613381477509392e-16,8.8817841970012523e-15,1.1102230246251565e-16,0.00087845799862407148,0.00068541601649485528,1.5509636485369269e-25
2,8,0,10,0,0.23000000000000001,0.31,0.37,0.2287500000000002,0.33875000000000027,0,constant,2,3,0,5,reused_centered,-1.3925943811057804e-08,6.6613381477509392e-16,8.8817841970012523e-15,1.1102230246251565e-16,0.00087845799862407148,0.00068541601649485528,1.5509636485369269e-25
2,8,0,10,0,0.23000000000000001,0.31,0.37,0.2287500000000002,0.33875000000000027,0,constant,1,4,0,5,recursive,4.8443637995044202e-07,6.6613381477509392e-16,8.8817841970012523e-15,1.1102230246251565e-16,0.00087845799862407148,0.00068541601649485528,1.5509636485369269e-25
2,8,0,10,0,0.23000000000000001,0.31,0.37,0.2287500000000002,0.33875000000000027,0,constant,1,4,0,5,direct,-6.2678683251142501e-07,6.6613381477509392e-16,8.8817841970012523e-15,1.1102230246251565e-16,0.00087845799862407148,0.00068541601649485528,1.5509636485369269e-25
2,8,0,10,0,0.23000000000000001,0.31,0.37,0.2287500000000002,0.33875000000000027,0,constant,1,4,0,5,fe_geometry,-6.2678683251140012e-07,6.6613381477509392e-16,8.8817841970012523e-15,1.1102230246251565e-16,0.00087845799862407148,0.00068541601649485528,1.5509636485369269e-25
2,8,0,10,0,0.23000000000000001,0.31,0.37,0.2287500000000002,0.33875000000000027,0,constant,1,4,0,5,reused,3.6833842187614128e-09,6.6613381477509392e-16,8.8817841970012523e-15,1.1102230246251565e-16,0.00087845799862407148,0.00068541601649485528,1.5509636485369269e-25
2,8,0,10,0,0.23000000000000001,0.31,0.37,0.2287500000000002,0.33875000000000027,0,constant,1,4,0,5,reused_centered,1.2395073399589293e-07,6.6613381477509392e-16,8.8817841970012523e-15,1.1102230246251565e-16,0.00087845799862407148,0.00068541601649485528,1.5509636485369269e-25
2,8,0,10,0,0.23000000000000001,0.31,0.37,0.2287500000000002,0.33875000000000027,0,constant,0,5,0,5,recursive,2.0250026747858757e-06,6.6613381477509392e-16,8.8817841970012523e-15,1.1102230246251565e-16,0.00087845799862407148,0.00068541601649485528,1.5509636485369269e-25
2,8,0,10,0,0.23000000000000001,0.31,0.37,0.2287500000000002,0.33875000000000027,0,constant,0,5,0,5,direct,9.4564337074756628e-07,6.6613381477509392e-16,8.8817841970012523e-15,1.1102230246251565e-16,0.00087845799862407148,0.00068541601649485528,1.5509636485369269e-25
2,8,0,10,0,0.23000000000000001,0.31,0.37,0.2287500000000002,0.33875000000000027,0,constant,0,5,0,5,fe_geometry,9.4564337074746283e-07,6.6613381477509392e-16,8.8817841970012523e-15,1.1102230246251565e-16,0.00087845799862407148,0.00068541601649485528,1.5509636485369269e-25
2,8,0,10,0,0.23000000000000001,0.31,0.37,0.2287500000000002,0.33875000000000027,0,constant,0,5,0,5,reused,-2.3482192178112183e-07,6.6613381477509392e-16,8.8817841970012523e-15,1.1102230246251565e-16,0.00087845799862407148,0.00068541601649485528,1.5509636485369269e-25
2,8,0,10,0,0.23000000000000001,0.31,0.37,0.2287500000000002,0.33875000000000027,0,constant,0,5,0,5,reused_centered,-3.4264405398797182e-08,6.6613381477509392e-16,8.8817841970012523e-15,1.1102230246251565e-16,0.00087845799862407148,0.00068541601649485528,1.5509636485369269e-25
2,8,0,10,0,0.23000000000000001,0.31,0.37,0.2287500000000002,0.33875000000000027,0,constant,6,0,0,6,recursive,-4.8962876387195443e-05,6.6613381477509392e-16,8.8817841970012523e-15,1.1102230246251565e-16,0.00087845799862407148,0.00068541601649485528,1.5509636485369269e-25
2,8,0,10,0,0.23000000000000001,0.31,0.37,0.2287500000000002,0.33875000000000027,0,constant,6,0,0,6,direct,0,6.6613381477509392e-16,8.8817841970012523e-15,1.1102230246251565e-16,0.00087845799862407148,0.00068541601649485528,1.5509636485369269e-25
2,8,0,10,0,0.23000000000000001,0.31,0.37,0.2287500000000002,0.33875000000000027,0,constant,6,0,0,6,fe_geometry,6.4039782402856097e-17,6.6613381477509392e-16,8.8817841970012523e-15,1.1102230246251565e-16,0.00087845799862407148,0.00068541601649485528,1.5509636485369269e-25
2,8,0,10,0,0.23000000000000001,0.31,0.37,0.2287500000000002,0.33875000000000027,0,constant,6,0,0,6,reused,1.1047271868757619e-18,6.6613381477509392e-16,8.8817841970012523e-15,1.1102230246251565e-16,0.00087845799862407148,0.00068541601649485528,1.5509636485369269e-25
2,8,0,10,0,0.23000000000000001,0.31,0.37,0.2287500000000002,0.33875000000000027,0,constant,6,0,0,6,reused_centered,3.6801881599685963e-19,6.6613381477509392e-16,8.8817841970012523e-15,1.1102230246251565e-16,0.00087845799862407148,0.00068541601649485528,1.5509636485369269e-25
2,8,0,10,0,0.23000000000000001,0.31,0.37,0.2287500000000002,0.33875000000000027,0,constant,5,1,0,6,recursive,-9.005373839839313e-05,6.6613381477509392e-16,8.8817841970012523e-15,1.1102230246251565e-16,0.00087845799862407148,0.00068541601649485528,1.5509636485369269e-25
2,8,0,10,0,0.23000000000000001,0.31,0.37,0.2287500000000002,0.33875000000000027,0,constant,5,1,0,6,direct,-3.0983017086982733e-05,6.6613381477509392e-16,8.8817841970012523e-15,1.1102230246251565e-16,0.00087845799862407148,0.00068541601649485528,1.5509636485369269e-25
2,8,0,10,0,0.23000000000000001,0.31,0.37,0.2287500000000002,0.33875000000000027,0,constant,5,1,0,6,fe_geometry,-3.0983017086972555e-05,6.6613381477509392e-16,8.8817841970012523e-15,1.1102230246251565e-16,0.00087845799862407148,0.00068541601649485528,1.5509636485369269e-25
2,8,0,10,0,0.23000000000000001,0.31,0.37,0.2287500000000002,0.33875000000000027,0,constant,5,1,0,6,reused,4.2390151715252075e-06,6.6613381477509392e-16,8.8817841970012523e-15,1.1102230246251565e-16,0.00087845799862407148,0.00068541601649485528,1.5509636485369269e-25
2,8,0,10,0,0.23000000000000001,0.31,0.37,0.2287500000000002,0.33875000000000027,0,constant,5,1,0,6,reused_centered,-3.2511761027776917e-06,6.6613381477509392e-16,8.8817841970012523e-15,1.1102230246251565e-16,0.00087845799862407148,0.00068541601649485528,1.5509636485369269e-25
2,8,0,10,0,0.23000000000000001,0.31,0.37,0.2287500000000002,0.33875000000000027,0,constant,4,2,0,6,recursive,-0.00011168773913904454,6.6613381477509392e-16,8.8817841970012523e-15,1.1102230246251565e-16,0.00087845799862407148,0.00068541601649485528,1.5509636485369269e-25
2,8,0,10,0,0.23000000000000001,0.31,0.37,0.2287500000000002,0.33875000000000027,0,constant,4,2,0,6,direct,4.4543774127960238e-05,6.6613381477509392e-16,8.8817841970012523e-15,1.1102230246251565e-16,0.00087845799862407148,0.00068541601649485528,1.5509636485369269e-25
2,8,0,10,0,0.23000000000000001,0.31,0.37,0.2287500000000002,0.33875000000000027,0,constant,4,2,0,6,fe_geometry,4.4543774127964311e-05,6.6613381477509392e-16,8.8817841970012523e-15,1.1102230246251565e-16,0.00087845799862407148,0.00068541601649485528,1.5509636485369269e-25
2,8,0,10,0,0.23000000000000001,0.31,0.37,0.2287500000000002,0.33875000000000027,0,constant,4,2,0,6,reused,2.4341955862334518e-06,6.6613381477509392e-16,8.8817841970012523e-15,1.1102230246251565e-16,0.00087845799862407148,0.00068541601649485528,1.5509636485369269e-25
2,8,0,10,0,0.23000000000000001,0.31,0.37,0.2287500000000002,0.33875000000000027,0,constant,4,2,0,6,reused_centered,-5.1413916760615991e-06,6.6613381477509392e-16,8.8817841970012523e-15,1.1102230246251565e-16,0.00087845799862407148,0.00068541601649485528,1.5509636485369269e-25
2,8,0,10,0,0.23000000000000001,0.31,0.37,0.2287500000000002,0.33875000000000027,0,constant,3,3,0,6,recursive,-1.4615107192906019e-05,6.6613381477509392e-16,8.8817841970012523e-15,1.1102230246251565e-16,0.00087845799862407148,0.00068541601649485528,1.5509636485369269e-25
2,8,0,10,0,0.23000000000000001,0.31,0.37,0.2287500000000002,0.33875000000000027,0,constant,3,3,0,6,direct,7.2438815832138079e-05,6.6613381477509392e-16,8.8817841970012523e-15,1.1102230246251565e-16,0.00087845799862407148,0.00068541601649485528,1.5509636485369269e-25
2,8,0,10,0,0.23000000000000001,0.31,0.37,0.2287500000000002,0.33875000000000027,0,constant,3,3,0,6,fe_geometry,7.2438815832135734e-05,6.6613381477509392e-16,8.8817841970012523e-15,1.1102230246251565e-16,0.00087845799862407148,0.00068541601649485528,1.5509636485369269e-25
2,8,0,10,0,0.23000000000000001,0.31,0.37,0.2287500000000002,0.33875000000000027,0,constant,3,3,0,6,reused,-1.200621757713501e-06,6.6613381477509392e-16,8.8817841970012523e-15,1.1102230246251565e-16,0.00087845799862407148,0.00068541601649485528,1.5509636485369269e-25
2,8,0,10,0,0.23000000000000001,0.31,0.37,0.2287500000000002,0.33875000000000027,0,constant,3,3,0,6,reused_centered,6.9772093815978324e-06,6.6613381477509392e-16,8.8817841970012523e-15,1.1102230246251565e-16,0.00087845799862407148,0.00068541601649485528,1.5509636485369269e-25
2,8,0,10,0,0.23000000000000001,0.31,0.37,0.2287500000000002,0.33875000000000027,0,constant,2,4,0,6,recursive,-0.00013826029370599292,6.6613381477509392e-16,8.8817841970012523e-15,1.1102230246251565e-16,0.00087845799862407148,0.00068541601649485528,1.5509636485369269e-25
2,8,0,10,0,0.23000000000000001,0.31,0.37,0.2287500000000002,0.33875000000000027,0,constant,2,4,0,6,direct,1.3242409229278563e-05,6.6613381477509392e-16,8.8817841970012523e-15,1.1102230246251565e-16,0.00087845799862407148,0.00068541601649485528,1.5509636485369269e-25
2,8,0,10,0,0.23000000000000001,0.31,0.37,0.2287500000000002,0.33875000000000027,0,constant,2,4,0,6,fe_geometry,1.3242409229274136e-05,6.6613381477509392e-16,8.8817841970012523e-15,1.1102230246251565e-16,0.00087845799862407148,0.00068541601649485528,1.5509636485369269e-25
2,8,0,10,0,0.23000000000000001,0.31,0.37,0.2287500000000002,0.33875000000000027,0,constant,2,4,0,6,reused,9.2506179923361017e-07,6.6613381477509392e-16,8.8817841970012523e-15,1.1102230246251565e-16,0.00087845799862407148,0.00068541601649485528,1.5509636485369269e-25
2,8,0,10,0,0.23000000000000001,0.31,0.37,0.2287500000000002,0.33875000000000027,0,constant,2,4,0,6,reused_centered,1.5570082788655938e-06,6.6613381477509392e-16,8.8817841970012523e-15,1.1102230246251565e-16,0.00087845799862407148,0.00068541601649485528,1.5509636485369269e-25
2,8,0,10,0,0.23000000000000001,0.31,0.37,0.2287500000000002,0.33875000000000027,0,constant,1,5,0,6,recursive,-2.8705423757115718e-05,6.6613381477509392e-16,8.8817841970012523e-15,1.1102230246251565e-16,0.00087845799862407148,0.00068541601649485528,1.5509636485369269e-25
2,8,0,10,0,0.23000000000000001,0.31,0.37,0.2287500000000002,0.33875000000000027,0,constant,1,5,0,6,direct,4.0261924266815189e-05,6.6613381477509392e-16,8.8817841970012523e-15,1.1102230246251565e-16,0.00087845799862407148,0.00068541601649485528,1.5509636485369269e-25
2,8,0,10,0,0.23000000000000001,0.31,0.37,0.2287500000000002,0.33875000000000027,0,constant,1,5,0,6,fe_geometry,4.0261924266811767e-05,6.6613381477509392e-16,8.8817841970012523e-15,1.1102230246251565e-16,0.00087845799862407148,0.00068541601649485528,1.5509636485369269e-25
2,8,0,10,0,0.23000000000000001,0.31,0.37,0.2287500000000002,0.33875000000000027,0,constant,1,5,0,6,reused,-1.1056833787090627e-07,6.6613381477509392e-16,8.8817841970012523e-15,1.1102230246251565e-16,0.00087845799862407148,0.00068541601649485528,1.5509636485369269e-25
2,8,0,10,0,0.23000000000000001,0.31,0.37,0.2287500000000002,0.33875000000000027,0,constant,1,5,0,6,reused_centered,-3.7207703084567467e-06,6.6613381477509392e-16,8.8817841970012523e-15,1.1102230246251565e-16,0.00087845799862407148,0.00068541601649485528,1.5509636485369269e-25
2,8,0,10,0,0.23000000000000001,0.31,0.37,0.2287500000000002,0.33875000000000027,0,constant,0,6,0,6,recursive,-6.5357396485585565e-05,6.6613381477509392e-16,8.8817841970012523e-15,1.1102230246251565e-16,0.00087845799862407148,0.00068541601649485528,1.5509636485369269e-25
2,8,0,10,0,0.23000000000000001,0.31,0.37,0.2287500000000002,0.33875000000000027,0,constant,0,6,0,6,direct,0,6.6613381477509392e-16,8.8817841970012523e-15,1.1102230246251565e-16,0.00087845799862407148,0.00068541601649485528,1.5509636485369269e-25
2,8,0,10,0,0.23000000000000001,0.31,0.37,0.2287500000000002,0.33875000000000027,0,constant,0,6,0,6,fe_geometry,-6.1533957251699011e-19,6.6613381477509392e-16,8.8817841970012523e-15,1.1102230246251565e-16,0.00087845799862407148,0.00068541601649485528,1.5509636485369269e-25
2,8,0,10,0,0.23000000000000001,0.31,0.37,0.2287500000000002,0.33875000000000027,0,constant,0,6,0,6,reused,-5.9914872173210714e-19,6.6613381477509392e-16,8.8817841970012523e-15,1.1102230246251565e-16,0.00087845799862407148,0.00068541601649485528,1.5509636485369269e-25
2,8,0,10,0,0.23000000000000001,0.31,0.37,0.2287500000000002,0.33875000000000027,0,constant,0,6,0,6,reused_centered,1.3097618153767932e-19,6.6613381477509392e-16,8.8817841970012523e-15,1.1102230246251565e-16,0.00087845799862407148,0.00068541601649485528,1.5509636485369269e-25
2,8,0,10,0,0.23000000000000001,0.31,0.37,0.2287500000000002,0.33875000000000027,0,constant,7,0,0,7,recursive,-7.9461876797572805e-17,6.6613381477509392e-16,8.8817841970012523e-15,1.1102230246251565e-16,0.00087845799862407148,0.00068541601649485528,1.5509636485369269e-25
2,8,0,10,0,0.23000000000000001,0.31,0.37,0.2287500000000002,0.33875000000000027,0,constant,7,0,0,7,direct,0,6.6613381477509392e-16,8.8817841970012523e-15,1.1102230246251565e-16,0.00087845799862407148,0.00068541601649485528,1.5509636485369269e-25
2,8,0,10,0,0.23000000000000001,0.31,0.37,0.2287500000000002,0.33875000000000027,0,constant,7,0,0,7,fe_geometry,-5.7444342983618879e-15,6.6613381477509392e-16,8.8817841970012523e-15,1.1102230246251565e-16,0.00087845799862407148,0.00068541601649485528,1.5509636485369269e-25
2,8,0,10,0,0.23000000000000001,0.31,0.37,0.2287500000000002,0.33875000000000027,0,constant,7,0,0,7,reused,-2.687943340383603e-16,6.6613381477509392e-16,8.8817841970012523e-15,1.1102230246251565e-16,0.00087845799862407148,0.00068541601649485528,1.5509636485369269e-25
2,8,0,10,0,0.23000000000000001,0.31,0.37,0.2287500000000002,0.33875000000000027,0,constant,7,0,0,7,reused_centered,1.2664782549891501e-17,6.6613381477509392e-16,8.8817841970012523e-15,1.1102230246251565e-16,0.00087845799862407148,0.00068541601649485528,1.5509636485369269e-25
2,8,0,10,0,0.23000000000000001,0.31,0.37,0.2287500000000002,0.33875000000000027,0,constant,6,1,0,7,recursive,0.0030581542616916419,6.6613381477509392e-16,8.8817841970012523e-15,1.1102230246251565e-16,0.00087845799862407148,0.00068541601649485528,1.5509636485369269e-25
2,8,0,10,0,0.23000000000000001,0.31,0.37,0.2287500000000002,0.33875000000000027,0,constant,6,1,0,7,direct,0,6.6613381477509392e-16,8.8817841970012523e-15,1.1102230246251565e-16,0.00087845799862407148,0.00068541601649485528,1.5509636485369269e-25
2,8,0,10,0,0.23000000000000001,0.31,0.37,0.2287500000000002,0.33875000000000027,0,constant,6,1,0,7,fe_geometry,3.4245309249605565e-16,6.6613381477509392e-16,8.8817841970012523e-15,1.1102230246251565e-16,0.00087845799862407148,0.00068541601649485528,1.5509636485369269e-25
2,8,0,10,0,0.23000000000000001,0.31,0.37,0.2287500000000002,0.33875000000000027,0,constant,6,1,0,7,reused,-2.0421195453948065e-17,6.6613381477509392e-16,8.8817841970012523e-15,1.1102230246251565e-16,0.00087845799862407148,0.00068541601649485528,1.5509636485369269e-25
2,8,0,10,0,0.23000000000000001,0.31,0.37,0.2287500000000002,0.33875000000000027,0,constant,6,1,0,7,reused_centered,3.4787539797317641e-17,6.6613381477509392e-16,8.8817841970012523e-15,1.1102230246251565e-16,0.00087845799862407148,0.00068541601649485528,1.5509636485369269e-25
2,8,0,10,0,0.23000000000000001,0.31,0.37,0.2287500000000002,0.33875000000000027,0,constant,5,2,0,7,recursive,0.008881166417624986,6.6613381477509392e-16,8.8817841970012523e-15,1.1102230246251565e-16,0.00087845799862407148,0.00068541601649485528,1.5509636485369269e-25
2,8,0,10,0,0.23000000000000001,0.31,0.37,0.2287500000000002,0.33875000000000027,0,constant,5,2,0,7,direct,-0.0014120121002197271,6.6613381477509392e-16,8.8817841970012523e-15,1.1102230246251565e-16,0.00087845799862407148,0.00068541601649485528,1.5509636485369269e-25
2,8,0,10,0,0.23000000000000001,0.31,0.37,0.2287500000000002,0.33875000000000027,0,constant,5,2,0,7,fe_geometry,-0.0014120121002184943,6.6613381477509392e-16,8.8817841970012523e-15,1.1102230246251565e-16,0.00087845799862407148,0.00068541601649485528,1.5509636485369269e-25
2,8,0,10,0,0.23000000000000001,0.31,0.37,0.2287500000000002,0.33875000000000027,0,constant,5,2,0,7,reused,-0.00015476935792110735,6.6613381477509392e-16,8.8817841970012523e-15,1.1102230246251565e-16,0.00087845799862407148,0.00068541601649485528,1.5509636485369269e-25
2,8,0,10,0,0.23000000000000001,0.31,0.37,0.2287500000000002,0.33875000000000027,0,constant,5,2,0,7,reused_centered,0.00011870267445500137,6.6613381477509392e-16,8.8817841970012523e-15,1.1102230246251565e-16,0.00087845799862407148,0.00068541601649485528,1.5509636485369269e-25
2,8,0,10,0,0.23000000000000001,0.31,0.37,0.2287500000000002,0.33875000000000027,0,constant,4,3,0,7,recursive,-0.0021174846347909548,6.6613381477509392e-16,8.8817841970012523e-15,1.1102230246251565e-16,0.00087845799862407148,0.00068541601649485528,1.5509636485369269e-25
2,8,0,10,0,0.23000000000000001,0.31,0.37,0.2287500000000002,0.33875000000000027,0,constant,4,3,0,7,direct,-0.0044259967803955075,6.6613381477509392e-16,8.8817841970012523e-15,1.1102230246251565e-16,0.00087845799862407148,0.00068541601649485528,1.5509636485369269e-25
2,8,0,10,0,0.23000000000000001,0.31,0.37,0.2287500000000002,0.33875000000000027,0,constant,4,3,0,7,fe_geometry,-0.0044259967803948752,6.6613381477509392e-16,8.8817841970012523e-15,1.1102230246251565e-16,0.00087845799862407148,0.00068541601649485528,1.5509636485369269e-25
2,8,0,10,0,0.23000000000000001,0.31,0.37,0.2287500000000002,0.33875000000000027,0,constant,4,3,0,7,reused,0.00021007506189180591,6.6613381477509392e-16,8.8817841970012523e-15,1.1102230246251565e-16,0.00087845799862407148,0.00068541601649485528,1.5509636485369269e-25
2,8,0,10,0,0.23000000000000001,0.31,0.37,0.2287500000000002,0.33875000000000027,0,constant,4,3,0,7,reused_centered,-0.00044371051392377175,6.6613381477509392e-16,8.8817841970012523e-15,1.1102230246251565e-16,0.00087845799862407148,0.00068541601649485528,1.5509636485369269e-25
2,8,0,10,0,0.23000000000000001,0.31,0.37,0.2287500000000002,0.33875000000000027,0,constant,3,4,0,7,recursive,0.0018330352982106751,6.6613381477509392e-16,8.8817841970012523e-15,1.1102230246251565e-16,0.00087845799862407148,0.00068541601649485528,1.5509636485369269e-25
2,8,0,10,0,0.23000000000000001,0.31,0.37,0.2287500000000002,0.33875000000000027,0,constant,3,4,0,7,direct,-0.0001084041595458984,6.6613381477509392e-16,8.8817841970012523e-15,1.1102230246251565e-16,0.00087845799862407148,0.00068541601649485528,1.5509636485369269e-25
2,8,0,10,0,0.23000000000000001,0.31,0.37,0.2287500000000002,0.33875000000000027,0,constant,3,4,0,7,fe_geometry,-0.00010840415954533684,6.6613381477509392e-16,8.8817841970012523e-15,1.1102230246251565e-16,0.00087845799862407148,0.00068541601649485528,1.5509636485369269e-25
2,8,0,10,0,0.23000000000000001,0.31,0.37,0.2287500000000002,0.33875000000000027,0,constant,3,4,0,7,reused,0.00013423707878684236,6.6613381477509392e-16,8.8817841970012523e-15,1.1102230246251565e-16,0.00087845799862407148,0.00068541601649485528,1.5509636485369269e-25
2,8,0,10,0,0.23000000000000001,0.31,0.37,0.2287500000000002,0.33875000000000027,0,constant,3,4,0,7,reused_centered,-0.00078009597898139114,6.6613381477509392e-16,8.8817841970012523e-15,1.1102230246251565e-16,0.00087845799862407148,0.00068541601649485528,1.5509636485369269e-25
2,8,0,10,0,0.23000000000000001,0.31,0.37,0.2287500000000002,0.33875000000000027,0,constant,2,5,0,7,recursive,0.0061229971037898177,6.6613381477509392e-16,8.8817841970012523e-15,1.1102230246251565e-16,0.00087845799862407148,0.00068541601649485528,1.5509636485369269e-25
2,8,0,10,0,0.23000000000000001,0.31,0.37,0.2287500000000002,0.33875000000000027,0,constant,2,5,0,7,direct,-0.00060340690612792976,6.6613381477509392e-16,8.8817841970012523e-15,1.1102230246251565e-16,0.00087845799862407148,0.00068541601649485528,1.5509636485369269e-25
2,8,0,10,0,0.23000000000000001,0.31,0.37,0.2287500000000002,0.33875000000000027,0,constant,2,5,0,7,fe_geometry,-0.0006034069061276238,6.6613381477509392e-16,8.8817841970012523e-15,1.1102230246251565e-16,0.00087845799862407148,0.00068541601649485528,1.5509636485369269e-25
2,8,0,10,0,0.23000000000000001,0.31,0.37,0.2287500000000002,0.33875000000000027,0,constant,2,5,0,7,reused,-2.7768633271583683e-05,6.6613381477509392e-16,8.8817841970012523e-15,1.1102230246251565e-16,0.00087845799862407148,0.00068541601649485528,1.5509636485369269e-25
2,8,0,10,0,0.23000000000000001,0.31,0.37,0.2287500000000002,0.33875000000000027,0,constant,2,5,0,7,reused_centered,-4.6738490263522412e-05,6.6613381477509392e-16,8.8817841970012523e-15,1.1102230246251565e-16,0.00087845799862407148,0.00068541601649485528,1.5509636485369269e-25
2,8,0,10,0,0.23000000000000001,0.31,0.37,0.2287500000000002,0.33875000000000027,0,constant,1,6,0,7,recursive,-1.3971854223457547e-16,6.6613381477509392e-16,8.8817841970012523e-15,1.1102230246251565e-16,0.00087845799862407148,0.00068541601649485528,1.5509636485369269e-25
2,8,0,10,0,0.23000000000000001,0.31,0.37,0.2287500000000002,0.33875000000000027,0,constant,1,6,0,7,direct,0,6.6613381477509392e-16,8.8817841970012523e-15,1.1102230246251565e-16,0.00087845799862407148,0.00068541601649485528,1.5509636485369269e-25
2,8,0,10,0,0.23000000000000001,0.31,0.37,0.2287500000000002,0.33875000000000027,0,constant,1,6,0,7,fe_geometry,3.3258422313068108e-16,6.6613381477509392e-16,8.8817841970012523e-15,1.1102230246251565e-16,0.00087845799862407148,0.00068541601649485528,1.5509636485369269e-25
2,8,0,10,0,0.23000000000000001,0.31,0.37,0.2287500000000002,0.33875000000000027,0,constant,1,6,0,7,reused,-3.1103906044375418e-18,6.6613381477509392e-16,8.8817841970012523e-15,1.1102230246251565e-16,0.00087845799862407148,0.00068541601649485528,1.5509636485369269e-25
2,8,0,10,0,0.23000000000000001,0.31,0.37,0.2287500000000002,0.33875000000000027,0,constant,1,6,0,7,reused_centered,1.0665793890165097e-17,6.6613381477509392e-16,8.8817841970012523e-15,1.1102230246251565e-16,0.00087845799862407148,0.00068541601649485528,1.5509636485369269e-25
2,8,0,10,0,0.23000000000000001,0.31,0.37,0.2287500000000002,0.33875000000000027,0,constant,0,7,0,7,recursive,-2.3514885143350418e-16,6.6613381477509392e-16,8.8817841970012523e-15,1.1102230246251565e-16,0.00087845799862407148,0.00068541601649485528,1.5509636485369269e-25
2,8,0,10,0,0.23000000000000001,0.31,0.37,0.2287500000000002,0.33875000000000027,0,constant,0,7,0,7,direct,0,6.6613381477509392e-16,8.8817841970012523e-15,1.1102230246251565e-16,0.00087845799862407148,0.00068541601649485528,1.5509636485369269e-25
2,8,0,10,0,0.23000000000000001,0.31,0.37,0.2287500000000002,0.33875000000000027,0,constant,0,7,0,7,fe_geometry,-5.7328295876985738e-17,6.6613381477509392e-16,8.8817841970012523e-15,1.1102230246251565e-16,0.00087845799862407148,0.00068541601649485528,1.5509636485369269e-25
2,8,0,10,0,0.23000000000000001,0.31,0.37,0.2287500000000002,0.33875000000000027,0,constant,0,7,0,7,reused,-8.50503200076547e-17,6.6613381477509392e-16,8.8817841970012523e-15,1.1102230246251565e-16,0.00087845799862407148,0.00068541601649485528,1.5509636485369269e-25
2,8,0,10,0,0.23000000000000001,0.31,0.37,0.2287500000000002,0.33875000000000027,0,constant,0,7,0,7,reused_centered,-2.9675188405718757e-18,6.6613381477509392e-16,8.8817841970012523e-15,1.1102230246251565e-16,0.00087845799862407148,0.00068541601649485528,1.5509636485369269e-25
2,8,0,10,0,0.23000000000000001,0.31,0.37,0.2287500000000002,0.33875000000000027,0,constant,8,0,0,8,recursive,3.7801073018204783e-15,6.6613381477509392e-16,8.8817841970012523e-15,1.1102230246251565e-16,0.00087845799862407148,0.00068541601649485528,1.5509636485369269e-25
2,8,0,10,0,0.23000000000000001,0.31,0.37,0.2287500000000002,0.33875000000000027,0,constant,8,0,0,8,direct,0,6.6613381477509392e-16,8.8817841970012523e-15,1.1102230246251565e-16,0.00087845799862407148,0.00068541601649485528,1.5509636485369269e-25
2,8,0,10,0,0.23000000000000001,0.31,0.37,0.2287500000000002,0.33875000000000027,0,constant,8,0,0,8,fe_geometry,2.712229403194005e-13,6.6613381477509392e-16,8.8817841970012523e-15,1.1102230246251565e-16,0.00087845799862407148,0.00068541601649485528,1.5509636485369269e-25
2,8,0,10,0,0.23000000000000001,0.31,0.37,0.2287500000000002,0.33875000000000027,0,constant,8,0,0,8,reused,1.9967286012508329e-14,6.6613381477509392e-16,8.8817841970012523e-15,1.1102230246251565e-16,0.00087845799862407148,0.00068541601649485528,1.5509636485369269e-25
2,8,0,10,0,0.23000000000000001,0.31,0.37,0.2287500000000002,0.33875000000000027,0,constant,8,0,0,8,reused_centered,-2.8290133556126171e-15,6.6613381477509392e-16,8.8817841970012523e-15,1.1102230246251565e-16,0.00087845799862407148,0.00068541601649485528,1.5509636485369269e-25
2,8,0,10,0,0.23000000000000001,0.31,0.37,0.2287500000000002,0.33875000000000027,0,constant,7,1,0,8,recursive,7.2929930310199266e-15,6.6613381477509392e-16,8.8817841970012523e-15,1.1102230246251565e-16,0.00087845799862407148,0.00068541601649485528,1.5509636485369269e-25
2,8,0,10,0,0.23000000000000001,0.31,0.37,0.2287500000000002,0.33875000000000027,0,constant,7,1,0,8,direct,0,6.6613381477509392e-16,8.8817841970012523e-15,1.1102230246251565e-16,0.00087845799862407148,0.00068541601649485528,1.5509636485369269e-25
2,8,0,10,0,0.23000000000000001,0.31,0.37,0.2287500000000002,0.33875000000000027,0,constant,7,1,0,8,fe_geometry,-1.320548825786506e-13,6.6613381477509392e-16,8.8817841970012523e-15,1.1102230246251565e-16,0.00087845799862407148,0.00068541601649485528,1.5509636485369269e-25
2,8,0,10,0,0.23000000000000001,0.31,0.37,0.2287500000000002,0.33875000000000027,0,constant,7,1,0,8,reused,4.8331481371510576e-15,6.6613381477509392e-16,8.8817841970012523e-15,1.1102230246251565e-16,0.00087845799862407148,0.00068541601649485528,1.5509636485369269e-25
2,8,0,10,0,0.23000000000000001,0.31,0.37,0.2287500000000002,0.33875000000000027,0,constant,7,1,0,8,reused_centered,-3.0205137418980624e-15,6.6613381477509392e-16,8.8817841970012523e-15,1.1102230246251565e-16,0.00087845799862407148,0.00068541601649485528,1.5509636485369269e-25
2,8,0,10,0,0.23000000000000001,0.31,0.37,0.2287500000000002,0.33875000000000027,0,constant,6,2,0,8,recursive,-0.23021379948093212,6.6613381477509392e-16,8.8817841970012523e-15,1.1102230246251565e-16,0.00087845799862407148,0.00068541601649485528,1.5509636485369269e-25
2,8,0,10,0,0.23000000000000001,0.31,0.37,0.2287500000000002,0.33875000000000027,0,constant,6,2,0,8,direct,0,6.6613381477509392e-16,8.8817841970012523e-15,1.1102230246251565e-16,0.00087845799862407148,0.00068541601649485528,1.5509636485369269e-25
2,8,0,10,0,0.23000000000000001,0.31,0.37,0.2287500000000002,0.33875000000000027,0,constant,6,2,0,8,fe_geometry,-2.3913547969045167e-13,6.6613381477509392e-16,8.8817841970012523e-15,1.1102230246251565e-16,0.00087845799862407148,0.00068541601649485528,1.5509636485369269e-25
2,8,0,10,0,0.23000000000000001,0.31,0.37,0.2287500000000002,0.33875000000000027,0,constant,6,2,0,8,reused,-2.2188197768149913e-16,6.6613381477509392e-16,8.8817841970012523e-15,1.1102230246251565e-16,0.00087845799862407148,0.00068541601649485528,1.5509636485369269e-25
2,8,0,10,0,0.23000000000000001,0.31,0.37,0.2287500000000002,0.33875000000000027,0,constant,6,2,0,8,reused_centered,6.9098174121212809e-17,6.6613381477509392e-16,8.8817841970012523e-15,1.1102230246251565e-16,0.00087845799862407148,0.00068541601649485528,1.5509636485369269e-25
2,8,0,10,0,0.23000000000000001,0.31,0.37,0.2287500000000002,0.33875000000000027,0,constant,5,3,0,8,recursive,0.28456828803511558,6.6613381477509392e-16,8.8817841970012523e-15,1.1102230246251565e-16,0.00087845799862407148,0.00068541601649485528,1.5509636485369269e-25
2,8,0,10,0,0.23000000000000001,0.31,0.37,0.2287500000000002,0.33875000000000027,0,constant,5,3,0,8,direct,0.11817169189453122,6.6613381477509392e-16,8.8817841970012523e-15,1.1102230246251565e-16,0.00087845799862407148,0.00068541601649485528,1.5509636485369269e-25
2,8,0,10,0,0.23000000000000001,0.31,0.37,0.2287500000000002,0.33875000000000027,0,constant,5,3,0,8,fe_geometry,0.11817169189448681,6.6613381477509392e-16,8.8817841970012523e-15,1.1102230246251565e-16,0.00087845799862407148,0.00068541601649485528,1.5509636485369269e-25
2,8,0,10,0,0.23000000000000001,0.31,0.37,0.2287500000000002,0.33875000000000027,0,constant,5,3,0,8,reused,-0.013356848820245827,6.6613381477509392e-16,8.8817841970012523e-15,1.1102230246251565e-16,0.00087845799862407148,0.00068541601649485528,1.5509636485369269e-25
2,8,0,10,0,0.23000000000000001,0.31,0.37,0.2287500000000002,0.33875000000000027,0,constant,5,3,0,8,reused_centered,0.010244235025272072,6.6613381477509392e-16,8.8817841970012523e-15,1.1102230246251565e-16,0.00087845799862407148,0.00068541601649485528,1.5509636485369269e-25
2,8,0,10,0,0.23000000000000001,0.31,0.37,0.2287500000000002,0.33875000000000027,0,constant,4,4,0,8,recursive,0.92341420665373553,6.6613381477509392e-16,8.8817841970012523e-15,1.1102230246251565e-16,0.00087845799862407148,0.00068541601649485528,1.5509636485369269e-25
2,8,0,10,0,0.23000000000000001,0.31,0.37,0.2287500000000002,0.33875000000000027,0,constant,4,4,0,8,direct,-0.019143676757812481,6.6613381477509392e-16,8.8817841970012523e-15,1.1102230246251565e-16,0.00087845799862407148,0.00068541601649485528,1.5509636485369269e-25
2,8,0,10,0,0.23000000000000001,0.31,0.37,0.2287500000000002,0.33875000000000027,0,constant,4,4,0,8,fe_geometry,-0.019143676757830297,6.6613381477509392e-16,8.8817841970012523e-15,1.1102230246251565e-16,0.00087845799862407148,0.00068541601649485528,1.5509636485369269e-25
2,8,0,10,0,0.23000000000000001,0.31,0.37,0.2287500000000002,0.33875000000000027,0,constant,4,4,0,8,reused,-0.023487715804872942,6.6613381477509392e-16,8.8817841970012523e-15,1.1102230246251565e-16,0.00087845799862407148,0.00068541601649485528,1.5509636485369269e-25
2,8,0,10,0,0.23000000000000001,0.31,0.37,0.2287500000000002,0.33875000000000027,0,constant,4,4,0,8,reused_centered,0.04960963170413607,6.6613381477509392e-16,8.8817841970012523e-15,1.1102230246251565e-16,0.00087845799862407148,0.00068541601649485528,1.5509636485369269e-25
2,8,0,10,0,0.23000000000000001,0.31,0.37,0.2287500000000002,0.33875000000000027,0,constant,3,5,0,8,recursive,-0.062905034268523549,6.6613381477509392e-16,8.8817841970012523e-15,1.1102230246251565e-16,0.00087845799862407148,0.00068541601649485528,1.5509636485369269e-25
2,8,0,10,0,0.23000000000000001,0.31,0.37,0.2287500000000002,0.33875000000000027,0,constant,3,5,0,8,direct,-0.067936706542968767,6.6613381477509392e-16,8.8817841970012523e-15,1.1102230246251565e-16,0.00087845799862407148,0.00068541601649485528,1.5509636485369269e-25
2,8,0,10,0,0.23000000000000001,0.31,0.37,0.2287500000000002,0.33875000000000027,0,constant,3,5,0,8,fe_geometry,-0.067936706542965561,6.6613381477509392e-16,8.8817841970012523e-15,1.1102230246251565e-16,0.00087845799862407148,0.00068541601649485528,1.5509636485369269e-25
2,8,0,10,0,0.23000000000000001,0.31,0.37,0.2287500000000002,0.33875000000000027,0,constant,3,5,0,8,reused,-0.0040295472317300072,6.6613381477509392e-16,8.8817841970012523e-15,1.1102230246251565e-16,0.00087845799862407148,0.00068541601649485528,1.5509636485369269e-25
2,8,0,10,0,0.23000000000000001,0.31,0.37,0.2287500000000002,0.33875000000000027,0,constant,3,5,0,8,reused_centered,0.023417029191909643,6.6613381477509392e-16,8.8817841970012523e-15,1.1102230246251565e-16,0.00087845799862407148,0.00068541601649485528,1.5509636485369269e-25
2,8,0,10,0,0.23000000000000001,0.31,0.37,0.2287500000000002,0.33875000000000027,0,constant,2,6,0,8,recursive,1.8583106819806095e-14,6.6613381477509392e-16,8.8817841970012523e-15,1.1102230246251565e-16,0.00087845799862407148,0.00068541601649485528,1.5509636485369269e-25
2,8,0,10,0,0.23000000000000001,0.31,0.37,0.2287500000000002,0.33875000000000027,0,constant,2,6,0,8,direct,0,6.6613381477509392e-16,8.8817841970012523e-15,1.1102230246251565e-16,0.00087845799862407148,0.00068541601649485528,1.5509636485369269e-25
2,8,0,10,0,0.23000000000000001,0.31,0.37,0.2287500000000002,0.33875000000000027,0,constant,2,6,0,8,fe_geometry,1.6706527084228379e-14,6.6613381477509392e-16,8.8817841970012523e-15,1.1102230246251565e-16,0.00087845799862407148,0.00068541601649485528,1.5509636485369269e-25
2,8,0,10,0,0.23000000000000001,0.31,0.37,0.2287500000000002,0.33875000000000027,0,constant,2,6,0,8,reused,1.8882182893087038e-17,6.6613381477509392e-16,8.8817841970012523e-15,1.1102230246251565e-16,0.00087845799862407148,0.00068541601649485528,1.5509636485369269e-25
2,8,0,10,0,0.23000000000000001,0.31,0.37,0.2287500000000002,0.33875000000000027,0,constant,2,6,0,8,reused_centered,-9.5794120129628678e-17,6.6613381477509392e-16,8.8817841970012523e-15,1.1102230246251565e-16,0.00087845799862407148,0.00068541601649485528,1.5509636485369269e-25
2,8,0,10,0,0.23000000000000001,0.31,0.37,0.2287500000000002,0.33875000000000027,0,constant,1,7,0,8,recursive,1.0546837131383032e-14,6.6613381477509392e-16,8.8817841970012523e-15,1.1102230246251565e-16,0.00087845799862407148,0.00068541601649485528,1.5509636485369269e-25
2,8,0,10,0,0.23000000000000001,0.31,0.37,0.2287500000000002,0.33875000000000027,0,constant,1,7,0,8,direct,0,6.6613381477509392e-16,8.8817841970012523e-15,1.1102230246251565e-16,0.00087845799862407148,0.00068541601649485528,1.5509636485369269e-25
2,8,0,10,0,0.23000000000000001,0.31,0.37,0.2287500000000002,0.33875000000000027,0,constant,1,7,0,8,fe_geometry,-2.7447964491923869e-14,6.6613381477509392e-16,8.8817841970012523e-15,1.1102230246251565e-16,0.00087845799862407148,0.00068541601649485528,1.5509636485369269e-25
2,8,0,10,0,0.23000000000000001,0.31,0.37,0.2287500000000002,0.33875000000000027,0,constant,1,7,0,8,reused,5.3969364824818116e-16,6.6613381477509392e-16,8.8817841970012523e-15,1.1102230246251565e-16,0.00087845799862407148,0.00068541601649485528,1.5509636485369269e-25
2,8,0,10,0,0.23000000000000001,0.31,0.37,0.2287500000000002,0.33875000000000027,0,constant,1,7,0,8,reused_centered,-1.2526043861496974e-15,6.6613381477509392e-16,8.8817841970012523e-15,1.1102230246251565e-16,0.00087845799862407148,0.00068541601649485528,1.5509636485369269e-25
2,8,0,10,0,0.23000000000000001,0.31,0.37,0.2287500000000002,0.33875000000000027,0,constant,0,8,0,8,recursive,6.4698453722028074e-15,6.6613381477509392e-16,8.8817841970012523e-15,1.1102230246251565e-16,0.00087845799862407148,0.00068541601649485528,1.5509636485369269e-25
2,8,0,10,0,0.23000000000000001,0.31,0.37,0.2287500000000002,0.33875000000000027,0,constant,0,8,0,8,direct,0,6.6613381477509392e-16,8.8817841970012523e-15,1.1102230246251565e-16,0.00087845799862407148,0.00068541601649485528,1.5509636485369269e-25
2,8,0,10,0,0.23000000000000001,0.31,0.37,0.2287500000000002,0.33875000000000027,0,constant,0,8,0,8,fe_geometry,1.1204149091005712e-14,6.6613381477509392e-16,8.8817841970012523e-15,1.1102230246251565e-16,0.00087845799862407148,0.00068541601649485528,1.5509636485369269e-25
2,8,0,10,0,0.23000000000000001,0.31,0.37,0.2287500000000002,0.33875000000000027,0,constant,0,8,0,8,reused,1.0447464054473029e-14,6.6613381477509392e-16,8.8817841970012523e-15,1.1102230246251565e-16,0.00087845799862407148,0.00068541601649485528,1.5509636485369269e-25
2,8,0,10,0,0.23000000000000001,0.31,0.37,0.2287500000000002,0.33875000000000027,0,constant,0,8,0,8,reused_centered,-1.0556041284199971e-15,6.6613381477509392e-16,8.8817841970012523e-15,1.1102230246251565e-16,0.00087845799862407148,0.00068541601649485528,1.5509636485369269e-25
2,8,0,10,0,0.23000000000000001,0.31,0.37,0.2287500000000002,0.33875000000000027,0,constant,9,0,0,9,recursive,-2.1974892428209025e-14,6.6613381477509392e-16,8.8817841970012523e-15,1.1102230246251565e-16,0.00087845799862407148,0.00068541601649485528,1.5509636485369269e-25
2,8,0,10,0,0.23000000000000001,0.31,0.37,0.2287500000000002,0.33875000000000027,0,constant,9,0,0,9,direct,0,6.6613381477509392e-16,8.8817841970012523e-15,1.1102230246251565e-16,0.00087845799862407148,0.00068541601649485528,1.5509636485369269e-25
2,8,0,10,0,0.23000000000000001,0.31,0.37,0.2287500000000002,0.33875000000000027,0,constant,9,0,0,9,fe_geometry,-5.6580414311055324e-12,6.6613381477509392e-16,8.8817841970012523e-15,1.1102230246251565e-16,0.00087845799862407148,0.00068541601649485528,1.5509636485369269e-25
2,8,0,10,0,0.23000000000000001,0.31,0.37,0.2287500000000002,0.33875000000000027,0,constant,9,0,0,9,reused,-3.8956089099342643e-13,6.6613381477509392e-16,8.8817841970012523e-15,1.1102230246251565e-16,0.00087845799862407148,0.00068541601649485528,1.5509636485369269e-25
2,8,0,10,0,0.23000000000000001,0.31,0.37,0.2287500000000002,0.33875000000000027,0,constant,9,0,0,9,reused_centered,1.0500006448717193e-13,6.6613381477509392e-16,8.8817841970012523e-15,1.1102230246251565e-16,0.00087845799862407148,0.00068541601649485528,1.5509636485369269e-25
2,8,0,10,0,0.23000000000000001,0.31,0.37,0.2287500000000002,0.33875000000000027,0,constant,8,1,0,9,recursive,1.2032345974447984e-13,6.6613381477509392e-16,8.8817841970012523e-15,1.1102230246251565e-16,0.00087845799862407148,0.00068541601649485528,1.5509636485369269e-25
2,8,0,10,0,0.23000000000000001,0.31,0.37,0.2287500000000002,0.33875000000000027,0,constant,8,1,0,9,direct,0,6.6613381477509392e-16,8.8817841970012523e-15,1.1102230246251565e-16,0.00087845799862407148,0.00068541601649485528,1.5509636485369269e-25
2,8,0,10,0,0.23000000000000001,0.31,0.37,0.2287500000000002,0.33875000000000027,0,constant,8,1,0,9,fe_geometry,1.0859702220600653e-11,6.6613381477509392e-16,8.8817841970012523e-15,1.1102230246251565e-16,0.00087845799862407148,0.00068541601649485528,1.5509636485369269e-25
2,8,0,10,0,0.23000000000000001,0.31,0.37,0.2287500000000002,0.33875000000000027,0,constant,8,1,0,9,reused,-4.2765037941272793e-13,6.6613381477509392e-16,8.8817841970012523e-15,1.1102230246251565e-16,0.00087845799862407148,0.00068541601649485528,1.5509636485369269e-25
2,8,0,10,0,0.23000000000000001,0.31,0.37,0.2287500000000002,0.33875000000000027,0,constant,8,1,0,9,reused_centered,1.2788451822744813e-13,6.6613381477509392e-16,8.8817841970012523e-15,1.1102230246251565e-16,0.00087845799862407148,0.00068541601649485528,1.5509636485369269e-25
2,8,0,10,0,0.23000000000000001,0.31,0.37,0.2287500000000002,0.33875000000000027,0,constant,7,2,0,9,recursive,1.912099780649836e-13,6.6613381477509392e-16,8.8817841970012523e-15,1.1102230246251565e-16,0.00087845799862407148,0.00068541601649485528,1.5509636485369269e-25
2,8,0,10,0,0.23000000000000001,0.31,0.37,0.2287500000000002,0.33875000000000027,0,constant,7,2,0,9,direct,0,6.6613381477509392e-16,8.8817841970012523e-15,1.1102230246251565e-16,0.00087845799862407148,0.00068541601649485528,1.5509636485369269e-25
2,8,0,10,0,0.23000000000000001,0.31,0.37,0.2287500000000002,0.33875000000000027,0,constant,7,2,0,9,fe_geometry,2.0742303146904995e-11,6.6613381477509392e-16,8.8817841970012523e-15,1.1102230246251565e-16,0.00087845799862407148,0.00068541601649485528,1.5509636485369269e-25
2,8,0,10,0,0.23000000000000001,0.31,0.37,0.2287500000000002,0.33875000000000027,0,constant,7,2,0,9,reused,1.7424024826984587e-13,6.6613381477509392e-16,8.8817841970012523e-15,1.1102230246251565e-16,0.00087845799862407148,0.00068541601649485528,1.5509636485369269e-25
2,8,0,10,0,0.23000000000000001,0.31,0.37,0.2287500000000002,0.33875000000000027,0,constant,7,2,0,9,reused_centered,-1.8466037630934647e-13,6.6613381477509392e-16,8.8817841970012523e-15,1.1102230246251565e-16,0.00087845799862407148,0.00068541601649485528,1.5509636485369269e-25
2,8,0,10,0,0.23000000000000001,0.31,0.37,0.2287500000000002,0.33875000000000027,0,constant,6,3,0,9,recursive,-9.8790465745977052,6.6613381477509392e-16,8.8817841970012523e-15,1.1102230246251565e-16,0.00087845799862407148,0.00068541601649485528,1.5509636485369269e-25
2,8,0,10,0,0.23000000000000001,0.31,0.37,0.2287500000000002,0.33875000000000027,0,constant,6,3,0,9,direct,0,6.6613381477509392e-16,8.8817841970012523e-15,1.1102230246251565e-16,0.00087845799862407148,0.00068541601649485528,1.5509636485369269e-25
2,8,0,10,0,0.23000000000000001,0.31,0.37,0.2287500000000002,0.33875000000000027,0,constant,6,3,0,9,fe_geometry,-1.17440477335069e-12,6.6613381477509392e-16,8.8817841970012523e-15,1.1102230246251565e-16,0.00087845799862407148,0.00068541601649485528,1.5509636485369269e-25
2,8,0,10,0,0.23000000000000001,0.31,0.37,0.2287500000000002,0.33875000000000027,0,constant,6,3,0,9,reused,1.0978199370305634e-13,6.6613381477509392e-16,8.8817841970012523e-15,1.1102230246251565e-16,0.00087845799862407148,0.00068541601649485528,1.5509636485369269e-25
2,8,0,10,0,0.23000000000000001,0.31,0.37,0.2287500000000002,0.33875000000000027,0,constant,6,3,0,9,reused_centered,-2.1846313093791373e-13,6.6613381477509392e-16,8.8817841970012523e-15,1.1102230246251565e-16,0.00087845799862407148,0.00068541601649485528,1.5509636485369269e-25
2,8,0,10,0,0.23000000000000001,0.31,0.37,0.2287500000000002,0.33875000000000027,0,constant,5,4,0,9,recursive,-79.596913080894254,6.6613381477509392e-16,8.8817841970012523e-15,1.1102230246251565e-16,0.00087845799862407148,0.00068541601649485528,1.5509636485369269e-25
2,8,0,10,0,0.23000000000000001,0.31,0.37,0.2287500000000002,0.33875000000000027,0,constant,5,4,0,9,direct,1.25244140625,6.6613381477509392e-16,8.8817841970012523e-15,1.1102230246251565e-16,0.00087845799862407148,0.00068541601649485528,1.5509636485369269e-25
2,8,0,10,0,0.23000000000000001,0.31,0.37,0.2287500000000002,0.33875000000000027,0,constant,5,4,0,9,fe_geometry,1.2524414062456259,6.6613381477509392e-16,8.8817841970012523e-15,1.1102230246251565e-16,0.00087845799862407148,0.00068541601649485528,1.5509636485369269e-25
2,8,0,10,0,0.23000000000000001,0.31,0.37,0.2287500000000002,0.33875000000000027,0,constant,5,4,0,9,reused,1.4933798724770537,6.6613381477509392e-16,8.8817841970012523e-15,1.1102230246251565e-16,0.00087845799862407148,0.00068541601649485528,1.5509636485369269e-25
2,8,0,10,0,0.23000000000000001,0.31,0.37,0.2287500000000002,0.33875000000000027,0,constant,5,4,0,9,reused_centered,-1.1453700346205462,6.6613381477509392e-16,8.8817841970012523e-15,1.1102230246251565e-16,0.00087845799862407148,0.00068541601649485528,1.5509636485369269e-25
2,8,0,10,0,0.23000000000000001,0.31,0.37,0.2287500000000002,0.33875000000000027,0,constant,4,5,0,9,recursive,-38.612642967107448,6.6613381477509392e-16,8.8817841970012523e-15,1.1102230246251565e-16,0.00087845799862407148,0.00068541601649485528,1.5509636485369269e-25
2,8,0,10,0,0.23000000000000001,0.31,0.37,0.2287500000000002,0.33875000000000027,0,constant,4,5,0,9,direct,6.13037109375,6.6613381477509392e-16,8.8817841970012523e-15,1.1102230246251565e-16,0.00087845799862407148,0.00068541601649485528,1.5509636485369269e-25
2,8,0,10,0,0.23000000000000001,0.31,0.37,0.2287500000000002,0.33875000000000027,0,constant,4,5,0,9,fe_geometry,6.1303710937478506,6.6613381477509392e-16,8.8817841970012523e-15,1.1102230246251565e-16,0.00087845799862407148,0.00068541601649485528,1.5509636485369269e-25
2,8,0,10,0,0.23000000000000001,0.31,0.37,0.2287500000000002,0.33875000000000027,0,constant,4,5,0,9,reused,0.7050575076314991,6.6613381477509392e-16,8.8817841970012523e-15,1.1102230246251565e-16,0.00087845799862407148,0.00068541601649485528,1.5509636485369269e-25
2,8,0,10,0,0.23000000000000001,0.31,0.37,0.2287500000000002,0.33875000000000027,0,constant,4,5,0,9,reused_centered,-1.4891887987073107,6.6613381477509392e-16,8.8817841970012523e-15,1.1102230246251565e-16,0.00087845799862407148,0.00068541601649485528,1.5509636485369269e-25
2,8,0,10,0,0.23000000000000001,0.31,0.37,0.2287500000000002,0.33875000000000027,0,constant,3,6,0,9,recursive,3.4879969236612806e-13,6.6613381477509392e-16,8.8817841970012523e-15,1.1102230246251565e-16,0.00087845799862407148,0.00068541601649485528,1.5509636485369269e-25
2,8,0,10,0,0.23000000000000001,0.31,0.37,0.2287500000000002,0.33875000000000027,0,constant,3,6,0,9,direct,0,6.6613381477509392e-16,8.8817841970012523e-15,1.1102230246251565e-16,0.00087845799862407148,0.00068541601649485528,1.5509636485369269e-25
2,8,0,10,0,0.23000000000000001,0.31,0.37,0.2287500000000002,0.33875000000000027,0,constant,3,6,0,9,fe_geometry,-3.2124255752772539e-12,6.6613381477509392e-16,8.8817841970012523e-15,1.1102230246251565e-16,0.00087845799862407148,0.00068541601649485528,1.5509636485369269e-25
2,8,0,10,0,0.23000000000000001,0.31,0.37,0.2287500000000002,0.33875000000000027,0,constant,3,6,0,9,reused,2.1404846619749635e-14,6.6613381477509392e-16,8.8817841970012523e-15,1.1102230246251565e-16,0.00087845799862407148,0.00068541601649485528,1.5509636485369269e-25
2,8,0,10,0,0.23000000000000001,0.31,0.37,0.2287500000000002,0.33875000000000027,0,constant,3,6,0,9,reused_centered,-6.3888466210119026e-14,6.6613381477509392e-16,8.8817841970012523e-15,1.1102230246251565e-16,0.00087845799862407148,0.00068541601649485528,1.5509636485369269e-25
2,8,0,10,0,0.23000000000000001,0.31,0.37,0.2287500000000002,0.33875000000000027,0,constant,2,7,0,9,recursive,-1.0972614166015566e-12,6.6613381477509392e-16,8.8817841970012523e-15,1.1102230246251565e-16,0.00087845799862407148,0.00068541601649485528,1.5509636485369269e-25
2,8,0,10,0,0.23000000000000001,0.31,0.37,0.2287500000000002,0.33875000000000027,0,constant,2,7,0,9,direct,0,6.6613381477509392e-16,8.8817841970012523e-15,1.1102230246251565e-16,0.00087845799862407148,0.00068541601649485528,1.5509636485369269e-25
2,8,0,10,0,0.23000000000000001,0.31,0.37,0.2287500000000002,0.33875000000000027,0,constant,2,7,0,9,fe_geometry,-2.4072538649676051e-12,6.6613381477509392e-16,8.8817841970012523e-15,1.1102230246251565e-16,0.00087845799862407148,0.00068541601649485528,1.5509636485369269e-25
2,8,0,10,0,0.23000000000000001,0.31,0.37,0.2287500000000002,0.33875000000000027,0,constant,2,7,0,9,reused,-8.8399899214491135e-14,6.6613381477509392e-16,8.8817841970012523e-15,1.1102230246251565e-16,0.00087845799862407148,0.00068541601649485528,1.5509636485369269e-25
2,8,0,10,0,0.23000000000000001,0.31,0.37,0.2287500000000002,0.33875000000000027,0,constant,2,7,0,9,reused_centered,-1.1776396417184873e-13,6.6613381477509392e-16,8.8817841970012523e-15,1.1102230246251565e-16,0.00087845799862407148,0.00068541601649485528,1.5509636485369269e-25
2,8,0,10,0,0.23000000000000001,0.31,0.37,0.2287500000000002,0.33875000000000027,0,constant,1,8,0,9,recursive,-1.0593364900178298e-13,6.6613381477509392e-16,8.8817841970012523e-15,1.1102230246251565e-16,0.00087845799862407148,0.00068541601649485528,1.5509636485369269e-25
2,8,0,10,0,0.23000000000000001,0.31,0.37,0.2287500000000002,0.33875000000000027,0,constant,1,8,0,9,direct,0,6.6613381477509392e-16,8.8817841970012523e-15,1.1102230246251565e-16,0.00087845799862407148,0.00068541601649485528,1.5509636485369269e-25
2,8,0,10,0,0.23000000000000001,0.31,0.37,0.2287500000000002,0.33875000000000027,0,constant,1,8,0,9,fe_geometry,7.5124288044327412e-13,6.6613381477509392e-16,8.8817841970012523e-15,1.1102230246251565e-16,0.00087845799862407148,0.00068541601649485528,1.5509636485369269e-25
2,8,0,10,0,0.23000000000000001,0.31,0.37,0.2287500000000002,0.33875000000000027,0,constant,1,8,0,9,reused,-2.8830577531263651e-14,6.6613381477509392e-16,8.8817841970012523e-15,1.1102230246251565e-16,0.00087845799862407148,0.00068541601649485528,1.5509636485369269e-25
2,8,0,10,0,0.23000000000000001,0.31,0.37,0.2287500000000002,0.33875000000000027,0,constant,1,8,0,9,reused_centered,6.1836942116454165e-15,6.6613381477509392e-16,8.8817841970012523e-15,1.1102230246251565e-16,0.00087845799862407148,0.00068541601649485528,1.5509636485369269e-25
2,8,0,10,0,0.23000000000000001,0.31,0.37,0.2287500000000002,0.33875000000000027,0,constant,0,9,0,9,recursive,-2.1712716873172406e-13,6.6613381477509392e-16,8.8817841970012523e-15,1.1102230246251565e-16,0.00087845799862407148,0.00068541601649485528,1.5509636485369269e-25
2,8,0,10,0,0.23000000000000001,0.31,0.37,0.2287500000000002,0.33875000000000027,0,constant,0,9,0,9,direct,0,6.6613381477509392e-16,8.8817841970012523e-15,1.1102230246251565e-16,0.00087845799862407148,0.00068541601649485528,1.5509636485369269e-25
2,8,0,10,0,0.23000000000000001,0.31,0.37,0.2287500000000002,0.33875000000000027,0,constant,0,9,0,9,fe_geometry,4.2790113837987407e-13,6.6613381477509392e-16,8.8817841970012523e-15,1.1102230246251565e-16,0.00087845799862407148,0.00068541601649485528,1.5509636485369269e-25
2,8,0,10,0,0.23000000000000001,0.31,0.37,0.2287500000000002,0.33875000000000027,0,constant,0,9,0,9,reused,6.200551586355117e-15,6.6613381477509392e-16,8.8817841970012523e-15,1.1102230246251565e-16,0.00087845799862407148,0.00068541601649485528,1.5509636485369269e-25
2,8,0,10,0,0.23000000000000001,0.31,0.37,0.2287500000000002,0.33875000000000027,0,constant,0,9,0,9,reused_centered,6.5301465153599402e-14,6.6613381477509392e-16,8.8817841970012523e-15,1.1102230246251565e-16,0.00087845799862407148,0.00068541601649485528,1.5509636485369269e-25
2,8,0,10,0,0.23000000000000001,0.31,0.37,0.2287500000000002,0.33875000000000027,0,constant,10,0,0,10,recursive,4.6382921366837994e-12,6.6613381477509392e-16,8.8817841970012523e-15,1.1102230246251565e-16,0.00087845799862407148,0.00068541601649485528,1.5509636485369269e-25
2,8,0,10,0,0.23000000000000001,0.31,0.37,0.2287500000000002,0.33875000000000027,0,constant,10,0,0,10,direct,0,6.6613381477509392e-16,8.8817841970012523e-15,1.1102230246251565e-16,0.00087845799862407148,0.00068541601649485528,1.5509636485369269e-25
2,8,0,10,0,0.23000000000000001,0.31,0.37,0.2287500000000002,0.33875000000000027,0,constant,10,0,0,10,fe_geometry,-1.0193573137963794e-21,6.6613381477509392e-16,8.8817841970012523e-15,1.1102230246251565e-16,0.00087845799862407148,0.00068541601649485528,1.5509636485369269e-25
2,8,0,10,0,0.23000000000000001,0.31,0.37,0.2287500000000002,0.33875000000000027,0,constant,10,0,0,10,reused,5.8524098808760776e-23,6.6613381477509392e-16,8.8817841970012523e-15,1.1102230246251565e-16,0.00087845799862407148,0.00068541601649485528,1.5509636485369269e-25
2,8,0,10,0,0.23000000000000001,0.31,0.37,0.2287500000000002,0.33875000000000027,0,constant,10,0,0,10,reused_centered,-4.0461847639401327e-24,6.6613381477509392e-16,8.8817841970012523e-15,1.1102230246251565e-16,0.00087845799862407148,0.00068541601649485528,1.5509636485369269e-25
2,8,0,10,0,0.23000000000000001,0.31,0.37,0.2287500000000002,0.33875000000000027,0,constant,9,1,0,10,recursive,-3.3184502857726819e-11,6.6613381477509392e-16,8.8817841970012523e-15,1.1102230246251565e-16,0.00087845799862407148,0.00068541601649485528,1.5509636485369269e-25
2,8,0,10,0,0.23000000000000001,0.31,0.37,0.2287500000000002,0.33875000000000027,0,constant,9,1,0,10,direct,0,6.6613381477509392e-16,8.8817841970012523e-15,1.1102230246251565e-16,0.00087845799862407148,0.00068541601649485528,1.5509636485369269e-25
2,8,0,10,0,0.23000000000000001,0.31,0.37,0.2287500000000002,0.33875000000000027,0,constant,9,1,0,10,fe_geometry,-3.2616986214034386e-10,6.6613381477509392e-16,8.8817841970012523e-15,1.1102230246251565e-16,0.00087845799862407148,0.00068541601649485528,1.5509636485369269e-25
2,8,0,10,0,0.23000000000000001,0.31,0.37,0.2287500000000002,0.33875000000000027,0,constant,9,1,0,10,reused,1.4139076411053988e-11,6.6613381477509392e-16,8.8817841970012523e-15,1.1102230246251565e-16,0.00087845799862407148,0.00068541601649485528,1.5509636485369269e-25
2,8,0,10,0,0.23000000000000001,0.31,0.37,0.2287500000000002,0.33875000000000027,0,constant,9,1,0,10,reused_centered,-2.2710900735259652e-12,6.6613381477509392e-16,8.8817841970012523e-15,1.1102230246251565e-16,0.00087845799862407148,0.00068541601649485528,1.5509636485369269e-25
2,8,0,10,0,0.23000000000000001,0.31,0.37,0.2287500000000002,0.33875000000000027,0,constant,8,2,0,10,recursive,-3.1545197174215911e-11,6.6613381477509392e-16,8.8817841970012523e-15,1.1102230246251565e-16,0.00087845799862407148,0.00068541601649485528,1.5509636485369269e-25
2,8,0,10,0,0.23000000000000001,0.31,0.37,0.2287500000000002,0.33875000000000027,0,constant,8,2,0,10,direct,0,6.6613381477509392e-16,8.8817841970012523e-15,1.1102230246251565e-16,0.00087845799862407148,0.00068541601649485528,1.5509636485369269e-25
2,8,0,10,0,0.23000000000000001,0.31,0.37,0.2287500000000002,0.33875000000000027,0,constant,8,2,0,10,fe_geometry,-9.1600592969777704e-10,6.6613381477509392e-16,8.8817841970012523e-15,1.1102230246251565e-16,0.00087845799862407148,0.00068541601649485528,1.5509636485369269e-25
2,8,0,10,0,0.23000000000000001,0.31,0.37,0.2287500000000002,0.33875000000000027,0,constant,8,2,0,10,reused,-2.5934922919656444e-11,6.6613381477509392e-16,8.8817841970012523e-15,1.1102230246251565e-16,0.00087845799862407148,0.00068541601649485528,1.5509636485369269e-25
2,8,0,10,0,0.23000000000000001,0.31,0.37,0.2287500000000002,0.33875000000000027,0,constant,8,2,0,10,reused_centered,1.7442418352023076e-11,6.6613381477509392e-16,8.8817841970012523e-15,1.1102230246251565e-16,0.00087845799862407148,0.00068541601649485528,1.5509636485369269e-25
2,8,0,10,0,0.23000000000000001,0.31,0.37,0.2287500000000002,0.33875000000000027,0,constant,7,3,0,10,recursive,-7.820542852171264e-11,6.6613381477509392e-16,8.8817841970012523e-15,1.1102230246251565e-16,0.00087845799862407148,0.00068541601649485528,1.5509636485369269e-25
2,8,0,10,0,0.23000000000000001,0.31,0.37,0.2287500000000002,0.33875000000000027,0,constant,7,3,0,10,direct,0,6.6613381477509392e-16,8.8817841970012523e-15,1.1102230246251565e-16,0.00087845799862407148,0.00068541601649485528,1.5509636485369269e-25
2,8,0,10,0,0.23000000000000001,0.31,0.37,0.2287500000000002,0.33875000000000027,0,constant,7,3,0,10,fe_geometry,5.5045888549842717e-10,6.6613381477509392e-16,8.8817841970012523e-15,1.1102230246251565e-16,0.00087845799862407148,0.00068541601649485528,1.5509636485369269e-25
2,8,0,10,0,0.23000000000000001,0.31,0.37,0.2287500000000002,0.33875000000000027,0,constant,7,3,0,10,reused,-3.3483342363752022e-11,6.6613381477509392e-16,8.8817841970012523e-15,1.1102230246251565e-16,0.00087845799862407148,0.00068541601649485528,1.5509636485369269e-25
2,8,0,10,0,0.23000000000000001,0.31,0.37,0.2287500000000002,0.33875000000000027,0,constant,7,3,0,10,reused_centered,2.4685900476429659e-11,6.6613381477509392e-16,8.8817841970012523e-15,1.1102230246251565e-16,0.00087845799862407148,0.00068541601649485528,1.5509636485369269e-25
2,8,0,10,0,0.23000000000000001,0.31,0.37,0.2287500000000002,0.33875000000000027,0,constant,6,4,0,10,recursive,2226.9931899128951,6.6613381477509392e-16,8.8817841970012523e-15,1.1102230246251565e-16,0.00087845799862407148,0.00068541601649485528,1.5509636485369269e-25
2,8,0,10,0,0.23000000000000001,0.31,0.37,0.2287500000000002,0.33875000000000027,0,constant,6,4,0,10,direct,0,6.6613381477509392e-16,8.8817841970012523e-15,1.1102230246251565e-16,0.00087845799862407148,0.00068541601649485528,1.5509636485369269e-25
2,8,0,10,0,0.23000000000000001,0.31,0.37,0.2287500000000002,0.33875000000000027,0,constant,6,4,0,10,fe_geometry,7.8992356056788103e-10,6.6613381477509392e-16,8.8817841970012523e-15,1.1102230246251565e-16,0.00087845799862407148,0.00068541601649485528,1.5509636485369269e-25
2,8,0,10,0,0.23000000000000001,0.31,0.37,0.2287500000000002,0.33875000000000027,0,constant,6,4,0,10,reused,-1.9500594773542521e-12,6.6613381477509392e-16,8.8817841970012523e-15,1.1102230246251565e-16,0.00087845799862407148,0.00068541601649485528,1.5509636485369269e-25
2,8,0,10,0,0.23000000000000001,0.31,0.37,0.2287500000000002,0.33875000000000027,0,constant,6,4,0,10,reused_centered,6.7636122864055037e-13,6.6613381477509392e-16,8.8817841970012523e-15,1.1102230246251565e-16,0.00087845799862407148,0.00068541601649485528,1.5509636485369269e-25
2,8,0,10,0,0.23000000000000001,0.31,0.37,0.2287500000000002,0.33875000000000027,0,constant,5,5,0,10,recursive,3179.5413914086434,6.6613381477509392e-16,8.8817841970012523e-15,1.1102230246251565e-16,0.00087845799862407148,0.00068541601649485528,1.5509636485369269e-25
2,8,0,10,0,0.23000000000000001,0.31,0.37,0.2287500000000002,0.33875000000000027,0,constant,5,5,0,10,direct,-193.359375,6.6613381477509392e-16,8.8817841970012523e-15,1.1102230246251565e-16,0.00087845799862407148,0.00068541601649485528,1.5509636485369269e-25
2,8,0,10,0,0.23000000000000001,0.31,0.37,0.2287500000000002,0.33875000000000027,0,constant,5,5,0,10,fe_geometry,-193.35937500010806,6.6613381477509392e-16,8.8817841970012523e-15,1.1102230246251565e-16,0.00087845799862407148,0.00068541601649485528,1.5509636485369269e-25
2,8,0,10,0,0.23000000000000001,0.31,0.37,0.2287500000000002,0.33875000000000027,0,constant,5,5,0,10,reused,-44.828483943818362,6.6613381477509392e-16,8.8817841970012523e-15,1.1102230246251565e-16,0.00087845799862407148,0.00068541601649485528,1.5509636485369269e-25
2,8,0,10,0,0.23000000000000001,0.31,0.37,0.2287500000000002,0.33875000000000027,0,constant,5,5,0,10,reused_centered,34.381876408680732,6.6613381477509392e-16,8.8817841970012523e-15,1.1102230246251565e-16,0.00087845799862407148,0.00068541601649485528,1.5509636485369269e-25
2,8,0,10,0,0.23000000000000001,0.31,0.37,0.2287500000000002,0.33875000000000027,0,constant,4,6,0,10,recursive,-1.5922920349646195e-10,6.6613381477509392e-16,8.8817841970012523e-15,1.1102230246251565e-16,0.00087845799862407148,0.00068541601649485528,1.5509636485369269e-25
2,8,0,10,0,0.23000000000000001,0.31,0.37,0.2287500000000002,0.33875000000000027,0,constant,4,6,0,10,direct,0,6.6613381477509392e-16,8.8817841970012523e-15,1.1102230246251565e-16,0.00087845799862407148,0.00068541601649485528,1.5509636485369269e-25
2,8,0,10,0,0.23000000000000001,0.31,0.37,0.2287500000000002,0.33875000000000027,0,constant,4,6,0,10,fe_geometry,-4.3775729979446501e-11,6.6613381477509392e-16,8.8817841970012523e-15,1.1102230246251565e-16,0.00087845799862407148,0.00068541601649485528,1.5509636485369269e-25
2,8,0,10,0,0.23000000000000001,0.31,0.37,0.2287500000000002,0.33875000000000027,0,constant,4,6,0,10,reused,-2.649177939717337e-12,6.6613381477509392e-16,8.8817841970012523e-15,1.1102230246251565e-16,0.00087845799862407148,0.00068541601649485528,1.5509636485369269e-25
2,8,0,10,0,0.23000000000000001,0.31,0.37,0.2287500000000002,0.33875000000000027,0,constant,4,6,0,10,reused_centered,2.502496460680924e-13,6.6613381477509392e-16,8.8817841970012523e-15,1.1102230246251565e-16,0.00087845799862407148,0.00068541601649485528,1.5509636485369269e-25
2,8,0,10,0,0.23000000000000001,0.31,0.37,0.2287500000000002,0.33875000000000027,0,constant,3,7,0,10,recursive,-2.2982514714499111e-12,6.6613381477509392e-16,8.8817841970012523e-15,1.1102230246251565e-16,0.00087845799862407148,0.00068541601649485528,1.5509636485369269e-25
2,8,0,10,0,0.23000000000000001,0.31,0.37,0.2287500000000002,0.33875000000000027,0,constant,3,7,0,10,direct,0,6.6613381477509392e-16,8.8817841970012523e-15,1.1102230246251565e-16,0.00087845799862407148,0.00068541601649485528,1.5509636485369269e-25
2,8,0,10,0,0.23000000000000001,0.31,0.37,0.2287500000000002,0.33875000000000027,0,constant,3,7,0,10,fe_geometry,1.2109914477722777e-10,6.6613381477509392e-16,8.8817841970012523e-15,1.1102230246251565e-16,0.00087845799862407148,0.00068541601649485528,1.5509636485369269e-25
2,8,0,10,0,0.23000000000000001,0.31,0.37,0.2287500000000002,0.33875000000000027,0,constant,3,7,0,10,reused,-2.7855957419100744e-12,6.6613381477509392e-16,8.8817841970012523e-15,1.1102230246251565e-16,0.00087845799862407148,0.00068541601649485528,1.5509636485369269e-25
2,8,0,10,0,0.23000000000000001,0.31,0.37,0.2287500000000002,0.33875000000000027,0,constant,3,7,0,10,reused_centered,8.7039974470698421e-12,6.6613381477509392e-16,8.8817841970012523e-15,1.1102230246251565e-16,0.00087845799862407148,0.00068541601649485528,1.5509636485369269e-25
2,8,0,10,0,0.23000000000000001,0.31,0.37,0.2287500000000002,0.33875000000000027,0,constant,2,8,0,10,recursive,3.5788184074981071e-11,6.6613381477509392e-16,8.8817841970012523e-15,1.1102230246251565e-16,0.00087845799862407148,0.00068541601649485528,1.5509636485369269e-25
2,8,0,10,0,0.23000000000000001,0.31,0.37,0.2287500000000002,0.33875000000000027,0,constant,2,8,0,10,direct,0,6.6613381477509392e-16,8.8817841970012523e-15,1.1102230246251565e-16,0.00087845799862407148,0.00068541601649485528,1.5509636485369269e-25
2,8,0,10,0,0.23000000000000001,0.31,0.37,0.2287500000000002,0.33875000000000027,0,constant,2,8,0,10,fe_geometry,7.860043984578899e-11,6.6613381477509392e-16,8.8817841970012523e-15,1.1102230246251565e-16,0.00087845799862407148,0.00068541601649485528,1.5509636485369269e-25
2,8,0,10,0,0.23000000000000001,0.31,0.37,0.2287500000000002,0.33875000000000027,0,constant,2,8,0,10,reused,4.1623650644584888e-12,6.6613381477509392e-16,8.8817841970012523e-15,1.1102230246251565e-16,0.00087845799862407148,0.00068541601649485528,1.5509636485369269e-25
2,8,0,10,0,0.23000000000000001,0.31,0.37,0.2287500000000002,0.33875000000000027,0,constant,2,8,0,10,reused_centered,1.192333200618007e-11,6.6613381477509392e-16,8.8817841970012523e-15,1.1102230246251565e-16,0.00087845799862407148,0.00068541601649485528,1.5509636485369269e-25
2,8,0,10,0,0.23000000000000001,0.31,0.37,0.2287500000000002,0.33875000000000027,0,constant,1,9,0,10,recursive,-5.0262433428555616e-12,6.6613381477509392e-16,8.8817841970012523e-15,1.1102230246251565e-16,0.00087845799862407148,0.00068541601649485528,1.5509636485369269e-25
2,8,0,10,0,0.23000000000000001,0.31,0.37,0.2287500000000002,0.33875000000000027,0,constant,1,9,0,10,direct,0,6.6613381477509392e-16,8.8817841970012523e-15,1.1102230246251565e-16,0.00087845799862407148,0.00068541601649485528,1.5509636485369269e-25
2,8,0,10,0,0.23000000000000001,0.31,0.37,0.2287500000000002,0.33875000000000027,0,constant,1,9,0,10,fe_geometry,4.4014978150717442e-11,6.6613381477509392e-16,8.8817841970012523e-15,1.1102230246251565e-16,0.00087845799862407148,0.00068541601649485528,1.5509636485369269e-25
2,8,0,10,0,0.23000000000000001,0.31,0.37,0.2287500000000002,0.33875000000000027,0,constant,1,9,0,10,reused,1.5738976157875793e-12,6.6613381477509392e-16,8.8817841970012523e-15,1.1102230246251565e-16,0.00087845799862407148,0.00068541601649485528,1.5509636485369269e-25
2,8,0,10,0,0.23000000000000001,0.31,0.37,0.2287500000000002,0.33875000000000027,0,constant,1,9,0,10,reused_centered,2.5964582041334892e-12,6.6613381477509392e-16,8.8817841970012523e-15,1.1102230246251565e-16,0.00087845799862407148,0.00068541601649485528,1.5509636485369269e-25
2,8,0,10,0,0.23000000000000001,0.31,0.37,0.2287500000000002,0.33875000000000027,0,constant,0,10,0,10,recursive,2.6651887385431085e-11,6.6613381477509392e-16,8.8817841970012523e-15,1.1102230246251565e-16,0.00087845799862407148,0.00068541601649485528,1.5509636485369269e-25
2,8,0,10,0,0.23000000000000001,0.31,0.37,0.2287500000000002,0.33875000000000027,0,constant,0,10,0,10,direct,0,6.6613381477509392e-16,8.8817841970012523e-15,1.1102230246251565e-16,0.00087845799862407148,0.00068541601649485528,1.5509636485369269e-25
2,8,0,10,0,0.23000000000000001,0.31,0.37,0.2287500000000002,0.33875000000000027,0,constant,0,10,0,10,fe_geometry,-2.2653804023051384e-25,6.6613381477509392e-16,8.8817841970012523e-15,1.1102230246251565e-16,0.00087845799862407148,0.00068541601649485528,1.5509636485369269e-25
2,8,0,10,0,0.23000000000000001,0.31,0.37,0.2287500000000002,0.33875000000000027,0,constant,0,10,0,10,reused,1.5426716169856662e-23,6.6613381477509392e-16,8.8817841970012523e-15,1.1102230246251565e-16,0.00087845799862407148,0.00068541601649485528,1.5509636485369269e-25
2,8,0,10,0,0.23000000000000001,0.31,0.37,0.2287500000000002,0.33875000000000027,0,constant,0,10,0,10,reused_centered,-3.7022968436200779e-25,6.6613381477509392e-16,8.8817841970012523e-15,1.1102230246251565e-16,0.00087845799862407148,0.00068541601649485528,1.5509636485369269e-25
2,8,0,10,0,0.23000000000000001,0.31,0.37,0.2287500000000002,0.33875000000000027,0,quintic,1,0,0,1,recursive,0.066189185559081778,1.7347234759768071e-18,8.8817841970012523e-15,1.1102230246251565e-16,0.00087845799862407148,0.002498582995031029,1.5509636485369269e-25
2,8,0,10,0,0.23000000000000001,0.31,0.37,0.2287500000000002,0.33875000000000027,0,quintic,1,0,0,1,direct,0.066189185559080155,1.7347234759768071e-18,8.8817841970012523e-15,1.1102230246251565e-16,0.00087845799862407148,0.002498582995031029,1.5509636485369269e-25
2,8,0,10,0,0.23000000000000001,0.31,0.37,0.2287500000000002,0.33875000000000027,0,quintic,1,0,0,1,fe_geometry,0.066189185559082792,1.7347234759768071e-18,8.8817841970012523e-15,1.1102230246251565e-16,0.00087845799862407148,0.002498582995031029,1.5509636485369269e-25
2,8,0,10,0,0.23000000000000001,0.31,0.37,0.2287500000000002,0.33875000000000027,0,quintic,1,0,0,1,reused,0.066189185559081501,1.7347234759768071e-18,8.8817841970012523e-15,1.1102230246251565e-16,0.00087845799862407148,0.002498582995031029,1.5509636485369269e-25
2,8,0,10,0,0.23000000000000001,0.31,0.37,0.2287500000000002,0.33875000000000027,0,quintic,1,0,0,1,reused_centered,0.066189185559081959,1.7347234759768071e-18,8.8817841970012523e-15,1.1102230246251565e-16,0.00087845799862407148,0.002498582995031029,1.5509636485369269e-25
2,8,0,10,0,0.23000000000000001,0.31,0.37,0.2287500000000002,0.33875000000000027,0,quintic,0,1,0,1,recursive,0.1012908515747066,1.7347234759768071e-18,8.8817841970012523e-15,1.1102230246251565e-16,0.00087845799862407148,0.002498582995031029,1.5509636485369269e-25
2,8,0,10,0,0.23000000000000001,0.31,0.37,0.2287500000000002,0.33875000000000027,0,quintic,0,1,0,1,direct,0.10129085157470448,1.7347234759768071e-18,8.8817841970012523e-15,1.1102230246251565e-16,0.00087845799862407148,0.002498582995031029,1.5509636485369269e-25
2,8,0,10,0,0.23000000000000001,0.31,0.37,0.2287500000000002,0.33875000000000027,0,quintic,0,1,0,1,fe_geometry,0.10129085157470238,1.7347234759768071e-18,8.8817841970012523e-15,1.1102230246251565e-16,0.00087845799862407148,0.002498582995031029,1.5509636485369269e-25
2,8,0,10,0,0.23000000000000001,0.31,0.37,0.2287500000000002,0.33875000000000027,0,quintic,0,1,0,1,reused,0.10129085157470669,1.7347234759768071e-18,8.8817841970012523e-15,1.1102230246251565e-16,0.00087845799862407148,0.002498582995031029,1.5509636485369269e-25
2,8,0,10,0,0.23000000000000001,0.31,0.37,0.2287500000000002,0.33875000000000027,0,quintic,0,1,0,1,reused_centered,0.10129085157470701,1.7347234759768071e-18,8.8817841970012523e-15,1.1102230246251565e-16,0.00087845799862407148,0.002498582995031029,1.5509636485369269e-25
2,8,0,10,0,0.23000000000000001,0.31,0.37,0.2287500000000002,0.33875000000000027,0,quintic,2,0,0,2,recursive,0.46889714843749664,1.7347234759768071e-18,8.8817841970012523e-15,1.1102230246251565e-16,0.00087845799862407148,0.002498582995031029,1.5509636485369269e-25
2,8,0,10,0,0.23000000000000001,0.31,0.37,0.2287500000000002,0.33875000000000027,0,quintic,2,0,0,2,direct,0.46889714843758645,1.7347234759768071e-18,8.8817841970012523e-15,1.1102230246251565e-16,0.00087845799862407148,0.002498582995031029,1.5509636485369269e-25
2,8,0,10,0,0.23000000000000001,0.31,0.37,0.2287500000000002,0.33875000000000027,0,quintic,2,0,0,2,fe_geometry,0.46889714843772945,1.7347234759768071e-18,8.8817841970012523e-15,1.1102230246251565e-16,0.00087845799862407148,0.002498582995031029,1.5509636485369269e-25
2,8,0,10,0,0.23000000000000001,0.31,0.37,0.2287500000000002,0.33875000000000027,0,quintic,2,0,0,2,reused,0.46889714843748714,1.7347234759768071e-18,8.8817841970012523e-15,1.1102230246251565e-16,0.00087845799862407148,0.002498582995031029,1.5509636485369269e-25
2,8,0,10,0,0.23000000000000001,0.31,0.37,0.2287500000000002,0.33875000000000027,0,quintic,2,0,0,2,reused_centered,0.46889714843750402,1.7347234759768071e-18,8.8817841970012523e-15,1.1102230246251565e-16,0.00087845799862407148,0.002498582995031029,1.5509636485369269e-25
2,8,0,10,0,0.23000000000000001,0.31,0.37,0.2287500000000002,0.33875000000000027,0,quintic,1,1,0,2,recursive,0.30995624999996757,1.7347234759768071e-18,8.8817841970012523e-15,1.1102230246251565e-16,0.00087845799862407148,0.002498582995031029,1.5509636485369269e-25
2,8,0,10,0,0.23000000000000001,0.31,0.37,0.2287500000000002,0.33875000000000027,0,quintic,1,1,0,2,direct,0.30995625000000865,1.7347234759768071e-18,8.8817841970012523e-15,1.1102230246251565e-16,0.00087845799862407148,0.002498582995031029,1.5509636485369269e-25
2,8,0,10,0,0.23000000000000001,0.31,0.37,0.2287500000000002,0.33875000000000027,0,quintic,1,1,0,2,fe_geometry,0.30995625000002103,1.7347234759768071e-18,8.8817841970012523e-15,1.1102230246251565e-16,0.00087845799862407148,0.002498582995031029,1.5509636485369269e-25
2,8,0,10,0,0.23000000000000001,0.31,0.37,0.2287500000000002,0.33875000000000027,0,quintic,1,1,0,2,reused,0.30995624999999405,1.7347234759768071e-18,8.8817841970012523e-15,1.1102230246251565e-16,0.00087845799862407148,0.002498582995031029,1.5509636485369269e-25
2,8,0,10,0,0.23000000000000001,0.31,0.37,0.2287500000000002,0.33875000000000027,0,quintic,1,1,0,2,reused_centered,0.30995625000000032,1.7347234759768071e-18,8.8817841970012523e-15,1.1102230246251565e-16,0.00087845799862407148,0.002498582995031029,1.5509636485369269e-25
2,8,0,10,0,0.23000000000000001,0.31,0.37,0.2287500000000002,0.33875000000000027,0,quintic,0,2,0,2,recursive,0.88209496093754214,1.7347234759768071e-18,8.8817841970012523e-15,1.1102230246251565e-16,0.00087845799862407148,0.002498582995031029,1.5509636485369269e-25
2,8,0,10,0,0.23000000000000001,0.31,0.37,0.2287500000000002,0.33875000000000027,0,quintic,0,2,0,2,direct,0.88209496093761297,1.7347234759768071e-18,8.8817841970012523e-15,1.1102230246251565e-16,0.00087845799862407148,0.002498582995031029,1.5509636485369269e-25
2,8,0,10,0,0.23000000000000001,0.31,0.37,0.2287500000000002,0.33875000000000027,0,quintic,0,2,0,2,fe_geometry,0.8820949609376203,1.7347234759768071e-18,8.8817841970012523e-15,1.1102230246251565e-16,0.00087845799862407148,0.002498582995031029,1.5509636485369269e-25
2,8,0,10,0,0.23000000000000001,0.31,0.37,0.2287500000000002,0.33875000000000027,0,quintic,0,2,0,2,reused,0.88209496093751771,1.7347234759768071e-18,8.8817841970012523e-15,1.1102230246251565e-16,0.00087845799862407148,0.002498582995031029,1.5509636485369269e-25
2,8,0,10,0,0.23000000000000001,0.31,0.37,0.2287500000000002,0.33875000000000027,0,quintic,0,2,0,2,reused_centered,0.88209496093751449,1.7347234759768071e-18,8.8817841970012523e-15,1.1102230246251565e-16,0.00087845799862407148,0.002498582995031029,1.5509636485369269e-25
2,8,0,10,0,0.23000000000000001,0.31,0.37,0.2287500000000002,0.33875000000000027,0,quintic,3,0,0,3,recursive,3.1395937500013149,1.7347234759768071e-18,8.8817841970012523e-15,1.1102230246251565e-16,0.00087845799862407148,0.002498582995031029,1.5509636485369269e-25
2,8,0,10,0,0.23000000000000001,0.31,0.37,0.2287500000000002,0.33875000000000027,0,quintic,3,0,0,3,direct,3.1395937500014668,1.7347234759768071e-18,8.8817841970012523e-15,1.1102230246251565e-16,0.00087845799862407148,0.002498582995031029,1.5509636485369269e-25
2,8,0,10,0,0.23000000000000001,0.31,0.37,0.2287500000000002,0.33875000000000027,0,quintic,3,0,0,3,fe_geometry,3.1395937499930815,1.7347234759768071e-18,8.8817841970012523e-15,1.1102230246251565e-16,0.00087845799862407148,0.002498582995031029,1.5509636485369269e-25
2,8,0,10,0,0.23000000000000001,0.31,0.37,0.2287500000000002,0.33875000000000027,0,quintic,3,0,0,3,reused,3.1395937500026272,1.7347234759768071e-18,8.8817841970012523e-15,1.1102230246251565e-16,0.00087845799862407148,0.002498582995031029,1.5509636485369269e-25
2,8,0,10,0,0.23000000000000001,0.31,0.37,0.2287500000000002,0.33875000000000027,0,quintic,3,0,0,3,reused_centered,3.1395937500004654,1.7347234759768071e-18,8.8817841970012523e-15,1.1102230246251565e-16,0.00087845799862407148,0.002498582995031029,1.5509636485369269e-25
2,8,0,10,0,0.23000000000000001,0.31,0.37,0.2287500000000002,0.33875000000000027,0,quintic,2,1,0,3,recursive,1.3549999999992823,1.7347234759768071e-18,8.8817841970012523e-15,1.1102230246251565e-16,0.00087845799862407148,0.002498582995031029,1.5509636485369269e-25
2,8,0,10,0,0.23000000000000001,0.31,0.37,0.2287500000000002,0.33875000000000027,0,quintic,2,1,0,3,direct,1.3550000000029516,1.7347234759768071e-18,8.8817841970012523e-15,1.1102230246251565e-16,0.00087845799862407148,0.002498582995031029,1.5509636485369269e-25
2,8,0,10,0,0.23000000000000001,0.31,0.37,0.2287500000000002,0.33875000000000027,0,quintic,2,1,0,3,fe_geometry,1.3550000000047304,1.7347234759768071e-18,8.8817841970012523e-15,1.1102230246251565e-16,0.00087845799862407148,0.002498582995031029,1.5509636485369269e-25
2,8,0,10,0,0.23000000000000001,0.31,0.37,0.2287500000000002,0.33875000000000027,0,quintic,2,1,0,3,reused,1.3549999999999769,1.7347234759768071e-18,8.8817841970012523e-15,1.1102230246251565e-16,0.00087845799862407148,0.002498582995031029,1.5509636485369269e-25
2,8,0,10,0,0.23000000000000001,0.31,0.37,0.2287500000000002,0.33875000000000027,0,quintic,2,1,0,3,reused_centered,1.3550000000002906,1.7347234759768071e-18,8.8817841970012523e-15,1.1102230246251565e-16,0.00087845799862407148,0.002498582995031029,1.5509636485369269e-25
2,8,0,10,0,0.23000000000000001,0.31,0.37,0.2287500000000002,0.33875000000000027,0,quintic,1,2,0,3,recursive,0.91499999999735415,1.7347234759768071e-18,8.8817841970012523e-15,1.1102230246251565e-16,0.00087845799862407148,0.002498582995031029,1.5509636485369269e-25
2,8,0,10,0,0.23000000000000001,0.31,0.37,0.2287500000000002,0.33875000000000027,0,quintic,1,2,0,3,direct,0.91500000000532145,1.7347234759768071e-18,8.8817841970012523e-15,1.1102230246251565e-16,0.00087845799862407148,0.002498582995031029,1.5509636485369269e-25
2,8,0,10,0,0.23000000000000001,0.31,0.37,0.2287500000000002,0.33875000000000027,0,quintic,1,2,0,3,fe_geometry,0.91500000000492143,1.7347234759768071e-18,8.8817841970012523e-15,1.1102230246251565e-16,0.00087845799862407148,0.002498582995031029,1.5509636485369269e-25
2,8,0,10,0,0.23000000000000001,0.31,0.37,0.2287500000000002,0.33875000000000027,0,quintic,1,2,0,3,reused,0.91500000000011827,1.7347234759768071e-18,8.8817841970012523e-15,1.1102230246251565e-16,0.00087845799862407148,0.002498582995031029,1.5509636485369269e-25
2,8,0,10,0,0.23000000000000001,0.31,0.37,0.2287500000000002,0.33875000000000027,0,quintic,1,2,0,3,reused_centered,0.91499999999993142,1.7347234759768071e-18,8.8817841970012523e-15,1.1102230246251565e-16,0.00087845799862407148,0.002498582995031029,1.5509636485369269e-25
2,8,0,10,0,0.23000000000000001,0.31,0.37,0.2287500000000002,0.33875000000000027,0,quintic,0,3,0,3,recursive,6.8850937500025156,1.7347234759768071e-18,8.8817841970012523e-15,1.1102230246251565e-16,0.00087845799862407148,0.002498582995031029,1.5509636485369269e-25
2,8,0,10,0,0.23000000000000001,0.31,0.37,0.2287500000000002,0.33875000000000027,0,quintic,0,3,0,3,direct,6.8850937500004594,1.7347234759768071e-18,8.8817841970012523e-15,1.1102230246251565e-16,0.00087845799862407148,0.002498582995031029,1.5509636485369269e-25
2,8,0,10,0,0.23000000000000001,0.31,0.37,0.2287500000000002,0.33875000000000027,0,quintic,0,3,0,3,fe_geometry,6.8850937500011646,1.7347234759768071e-18,8.8817841970012523e-15,1.1102230246251565e-16,0.00087845799862407148,0.002498582995031029,1.5509636485369269e-25
2,8,0,10,0,0.23000000000000001,0.31,0.37,0.2287500000000002,0.33875000000000027,0,quintic,0,3,0,3,reused,6.8850937500017908,1.7347234759768071e-18,8.8817841970012523e-15,1.1102230246251565e-16,0.00087845799862407148,0.002498582995031029,1.5509636485369269e-25
2,8,0,10,0,0.23000000000000001,0.31,0.37,0.2287500000000002,0.33875000000000027,0,quintic,0,3,0,3,reused_centered,6.8850937500006477,1.7347234759768071e-18,8.8817841970012523e-15,1.1102230246251565e-16,0.00087845799862407148,0.002498582995031029,1.5509636485369269e-25
2,8,0,10,0,0.23000000000000001,0.31,0.37,0.2287500000000002,0.33875000000000027,0,quintic,4,0,0,4,recursive,27.449999999884117,1.7347234759768071e-18,8.8817841970012523e-15,1.1102230246251565e-16,0.00087845799862407148,0.002498582995031029,1.5509636485369269e-25
2,8,0,10,0,0.23000000000000001,0.31,0.37,0.2287500000000002,0.33875000000000027,0,quintic,4,0,0,4,direct,27.449999999839115,1.7347234759768071e-18,8.8817841970012523e-15,1.1102230246251565e-16,0.00087845799862407148,0.002498582995031029,1.5509636485369269e-25
2,8,0,10,0,0.23000000000000001,0.31,0.37,0.2287500000000002,0.33875000000000027,0,quintic,4,0,0,4,fe_geometry,27.449999999891503,1.7347234759768071e-18,8.8817841970012523e-15,1.1102230246251565e-16,0.00087845799862407148,0.002498582995031029,1.5509636485369269e-25
2,8,0,10,0,0.23000000000000001,0.31,0.37,0.2287500000000002,0.33875000000000027,0,quintic,4,0,0,4,reused,27.449999999971716,1.7347234759768071e-18,8.8817841970012523e-15,1.1102230246251565e-16,0.00087845799862407148,0.002498582995031029,1.5509636485369269e-25
2,8,0,10,0,0.23000000000000001,0.31,0.37,0.2287500000000002,0.33875000000000027,0,quintic,4,0,0,4,reused_centered,27.45000000000822,1.7347234759768071e-18,8.8817841970012523e-15,1.1102230246251565e-16,0.00087845799862407148,0.002498582995031029,1.5509636485369269e-25
2,8,0,10,0,0.23000000000000001,0.31,0.37,0.2287500000000002,0.33875000000000027,0,quintic,3,1,0,4,recursive,1.0920455027787672e-10,1.7347234759768071e-18,8.8817841970012523e-15,1.1102230246251565e-16,0.00087845799862407148,0.002498582995031029,1.5509636485369269e-25
2,8,0,10,0,0.23000000000000001,0.31,0.37,0.2287500000000002,0.33875000000000027,0,quintic,3,1,0,4,direct,-3.0124653588011561e-10,1.7347234759768071e-18,8.8817841970012523e-15,1.1102230246251565e-16,0.00087845799862407148,0.002498582995031029,1.5509636485369269e-25
2,8,0,10,0,0.23000000000000001,0.31,0.37,0.2287500000000002,0.33875000000000027,0,quintic,3,1,0,4,fe_geometry,-4.5464320517765203e-10,1.7347234759768071e-18,8.8817841970012523e-15,1.1102230246251565e-16,0.00087845799862407148,0.002498582995031029,1.5509636485369269e-25
2,8,0,10,0,0.23000000000000001,0.31,0.37,0.2287500000000002,0.33875000000000027,0,quintic,3,1,0,4,reused,3.5121835803747106e-11,1.7347234759768071e-18,8.8817841970012523e-15,1.1102230246251565e-16,0.00087845799862407148,0.002498582995031029,1.5509636485369269e-25
2,8,0,10,0,0.23000000000000001,0.31,0.37,0.2287500000000002,0.33875000000000027,0,quintic,3,1,0,4,reused_centered,-1.9196273554177635e-11,1.7347234759768071e-18,8.8817841970012523e-15,1.1102230246251565e-16,0.00087845799862407148,0.002498582995031029,1.5509636485369269e-25
2,8,0,10,0,0.23000000000000001,0.31,0.37,0.2287500000000002,0.33875000000000027,0,quintic,2,2,0,4,recursive,4.0000000003198073,1.7347234759768071e-18,8.8817841970012523e-15,1.1102230246251565e-16,0.00087845799862407148,0.002498582995031029,1.5509636485369269e-25
2,8,0,10,0,0.23000000000000001,0.31,0.37,0.2287500000000002,0.33875000000000027,0,quintic,2,2,0,4,direct,4.0000000000639098,1.7347234759768071e-18,8.8817841970012523e-15,1.1102230246251565e-16,0.00087845799862407148,0.002498582995031029,1.5509636485369269e-25
2,8,0,10,0,0.23000000000000001,0.31,0.37,0.2287500000000002,0.33875000000000027,0,quintic,2,2,0,4,fe_geometry,4.0000000000732534,1.7347234759768071e-18,8.8817841970012523e-15,1.1102230246251565e-16,0.00087845799862407148,0.002498582995031029,1.5509636485369269e-25
2,8,0,10,0,0.23000000000000001,0.31,0.37,0.2287500000000002,0.33875000000000027,0,quintic,2,2,0,4,reused,4.000000000033662,1.7347234759768071e-18,8.8817841970012523e-15,1.1102230246251565e-16,0.00087845799862407148,0.002498582995031029,1.5509636485369269e-25
2,8,0,10,0,0.23000000000000001,0.31,0.37,0.2287500000000002,0.33875000000000027,0,quintic,2,2,0,4,reused_centered,4.0000000000051648,1.7347234759768071e-18,8.8817841970012523e-15,1.1102230246251565e-16,0.00087845799862407148,0.002498582995031029,1.5509636485369269e-25
2,8,0,10,0,0.23000000000000001,0.31,0.37,0.2287500000000002,0.33875000000000027,0,quintic,1,3,0,4,recursive,9.1680156655616607e-11,1.7347234759768071e-18,8.8817841970012523e-15,1.1102230246251565e-16,0.00087845799862407148,0.002498582995031029,1.5509636485369269e-25
2,8,0,10,0,0.23000000000000001,0.31,0.37,0.2287500000000002,0.33875000000000027,0,quintic,1,3,0,4,direct,-1.8056633445916033e-10,1.7347234759768071e-18,8.8817841970012523e-15,1.1102230246251565e-16,0.00087845799862407148,0.002498582995031029,1.5509636485369269e-25
2,8,0,10,0,0.23000000000000001,0.31,0.37,0.2287500000000002,0.33875000000000027,0,quintic,1,3,0,4,fe_geometry,-2.1614479490605436e-10,1.7347234759768071e-18,8.8817841970012523e-15,1.1102230246251565e-16,0.00087845799862407148,0.002498582995031029,1.5509636485369269e-25
2,8,0,10,0,0.23000000000000001,0.31,0.37,0.2287500000000002,0.33875000000000027,0,quintic,1,3,0,4,reused,8.3756477478898712e-12,1.7347234759768071e-18,8.8817841970012523e-15,1.1102230246251565e-16,0.00087845799862407148,0.002498582995031029,1.5509636485369269e-25
2,8,0,10,0,0.23000000000000001,0.31,0.37,0.2287500000000002,0.33875000000000027,0,quintic,1,3,0,4,reused_centered,-1.4279736326160955e-12,1.7347234759768071e-18,8.8817841970012523e-15,1.1102230246251565e-16,0.00087845799862407148,0.002498582995031029,1.5509636485369269e-25
2,8,0,10,0,0.23000000000000001,0.31,0.37,0.2287500000000002,0.33875000000000027,0,quintic,0,4,0,4,recursive,40.649999999794758,1.7347234759768071e-18,8.8817841970012523e-15,1.1102230246251565e-16,0.00087845799862407148,0.002498582995031029,1.5509636485369269e-25
2,8,0,10,0,0.23000000000000001,0.31,0.37,0.2287500000000002,0.33875000000000027,0,quintic,0,4,0,4,direct,40.649999999608177,1.7347234759768071e-18,8.8817841970012523e-15,1.1102230246251565e-16,0.00087845799862407148,0.002498582995031029,1.5509636485369269e-25
2,8,0,10,0,0.23000000000000001,0.31,0.37,0.2287500000000002,0.33875000000000027,0,quintic,0,4,0,4,fe_geometry,40.649999999644592,1.7347234759768071e-18,8.8817841970012523e-15,1.1102230246251565e-16,0.00087845799862407148,0.002498582995031029,1.5509636485369269e-25
2,8,0,10,0,0.23000000000000001,0.31,0.37,0.2287500000000002,0.33875000000000027,0,quintic,0,4,0,4,reused,40.649999999938629,1.7347234759768071e-18,8.8817841970012523e-15,1.1102230246251565e-16,0.00087845799862407148,0.002498582995031029,1.5509636485369269e-25
2,8,0,10,0,0.23000000000000001,0.31,0.37,0.2287500000000002,0.33875000000000027,0,quintic,0,4,0,4,reused_centered,40.649999999979713,1.7347234759768071e-18,8.8817841970012523e-15,1.1102230246251565e-16,0.00087845799862407148,0.002498582995031029,1.5509636485369269e-25
2,8,0,10,0,0.23000000000000001,0.31,0.37,0.2287500000000002,0.33875000000000027,0,quintic,5,0,0,5,recursive,120.00000001333679,1.7347234759768071e-18,8.8817841970012523e-15,1.1102230246251565e-16,0.00087845799862407148,0.002498582995031029,1.5509636485369269e-25
2,8,0,10,0,0.23000000000000001,0.31,0.37,0.2287500000000002,0.33875000000000027,0,quintic,5,0,0,5,direct,120.00000000343,1.7347234759768071e-18,8.8817841970012523e-15,1.1102230246251565e-16,0.00087845799862407148,0.002498582995031029,1.5509636485369269e-25
2,8,0,10,0,0.23000000000000001,0.31,0.37,0.2287500000000002,0.33875000000000027,0,quintic,5,0,0,5,fe_geometry,120.000000005636,1.7347234759768071e-18,8.8817841970012523e-15,1.1102230246251565e-16,0.00087845799862407148,0.002498582995031029,1.5509636485369269e-25
2,8,0,10,0,0.23000000000000001,0.31,0.37,0.2287500000000002,0.33875000000000027,0,quintic,5,0,0,5,reused,119.99999999449967,1.7347234759768071e-18,8.8817841970012523e-15,1.1102230246251565e-16,0.00087845799862407148,0.002498582995031029,1.5509636485369269e-25
2,8,0,10,0,0.23000000000000001,0.31,0.37,0.2287500000000002,0.33875000000000027,0,quintic,5,0,0,5,reused_centered,120.00000000004574,1.7347234759768071e-18,8.8817841970012523e-15,1.1102230246251565e-16,0.00087845799862407148,0.002498582995031029,1.5509636485369269e-25
2,8,0,10,0,0.23000000000000001,0.31,0.37,0.2287500000000002,0.33875000000000027,0,quintic,4,1,0,5,recursive,5.6231911458459807e-09,1.7347234759768071e-18,8.8817841970012523e-15,1.1102230246251565e-16,0.00087845799862407148,0.002498582995031029,1.5509636485369269e-25
2,8,0,10,0,0.23000000000000001,0.31,0.37,0.2287500000000002,0.33875000000000027,0,quintic,4,1,0,5,direct,1.6450359225169813e-08,1.7347234759768071e-18,8.8817841970012523e-15,1.1102230246251565e-16,0.00087845799862407148,0.002498582995031029,1.5509636485369269e-25
2,8,0,10,0,0.23000000000000001,0.31,0.37,0.2287500000000002,0.33875000000000027,0,quintic,4,1,0,5,fe_geometry,1.8833819437575646e-08,1.7347234759768071e-18,8.8817841970012523e-15,1.1102230246251565e-16,0.00087845799862407148,0.002498582995031029,1.5509636485369269e-25
2,8,0,10,0,0.23000000000000001,0.31,0.37,0.2287500000000002,0.33875000000000027,0,quintic,4,1,0,5,reused,-1.2498660990804036e-09,1.7347234759768071e-18,8.8817841970012523e-15,1.1102230246251565e-16,0.00087845799862407148,0.002498582995031029,1.5509636485369269e-25
2,8,0,10,0,0.23000000000000001,0.31,0.37,0.2287500000000002,0.33875000000000027,0,quintic,4,1,0,5,reused_centered,1.523082248533144e-09,1.7347234759768071e-18,8.8817841970012523e-15,1.1102230246251565e-16,0.00087845799862407148,0.002498582995031029,1.5509636485369269e-25
2,8,0,10,0,0.23000000000000001,0.31,0.37,0.2287500000000002,0.33875000000000027,0,quintic,3,2,0,5,recursive,-2.9722036761014237e-10,1.7347234759768071e-18,8.8817841970012523e-15,1.1102230246251565e-16,0.00087845799862407148,0.002498582995031029,1.5509636485369269e-25
2,8,0,10,0,0.23000000000000001,0.31,0.37,0.2287500000000002,0.33875000000000027,0,quintic,3,2,0,5,direct,-1.5566144260951705e-08,1.7347234759768071e-18,8.8817841970012523e-15,1.1102230246251565e-16,0.00087845799862407148,0.002498582995031029,1.5509636485369269e-25
2,8,0,10,0,0.23000000000000001,0.31,0.37,0.2287500000000002,0.33875000000000027,0,quintic,3,2,0,5,fe_geometry,-1.5913821822964293e-08,1.7347234759768071e-18,8.8817841970012523e-15,1.1102230246251565e-16,0.00087845799862407148,0.002498582995031029,1.5509636485369269e-25
2,8,0,10,0,0.23000000000000001,0.31,0.37,0.2287500000000002,0.33875000000000027,0,quintic,3,2,0,5,reused,-1.0161203038482958e-09,1.7347234759768071e-18,8.8817841970012523e-15,1.1102230246251565e-16,0.00087845799862407148,0.002498582995031029,1.5509636485369269e-25
2,8,0,10,0,0.23000000000000001,0.31,0.37,0.2287500000000002,0.33875000000000027,0,quintic,3,2,0,5,reused_centered,4.1916938429190637e-10,1.7347234759768071e-18,8.8817841970012523e-15,1.1102230246251565e-16,0.00087845799862407148,0.002498582995031029,1.5509636485369269e-25
2,8,0,10,0,0.23000000000000001,0.31,0.37,0.2287500000000002,0.33875000000000027,0,quintic,2,3,0,5,recursive,1.7242339812967372e-09,1.7347234759768071e-18,8.8817841970012523e-15,1.1102230246251565e-16,0.00087845799862407148,0.002498582995031029,1.5509636485369269e-25
2,8,0,10,0,0.23000000000000001,0.31,0.37,0.2287500000000002,0.33875000000000027,0,quintic,2,3,0,5,direct,-6.7851404771105494e-09,1.7347234759768071e-18,8.8817841970012523e-15,1.1102230246251565e-16,0.00087845799862407148,0.002498582995031029,1.5509636485369269e-25
2,8,0,10,0,0.23000000000000001,0.31,0.37,0.2287500000000002,0.33875000000000027,0,quintic,2,3,0,5,fe_geometry,-1.0116317015269194e-08,1.7347234759768071e-18,8.8817841970012523e-15,1.1102230246251565e-16,0.00087845799862407148,0.002498582995031029,1.5509636485369269e-25
2,8,0,10,0,0.23000000000000001,0.31,0.37,0.2287500000000002,0.33875000000000027,0,quintic,2,3,0,5,reused,5.7718454025067246e-10,1.7347234759768071e-18,8.8817841970012523e-15,1.1102230246251565e-16,0.00087845799862407148,0.002498582995031029,1.5509636485369269e-25
2,8,0,10,0,0.23000000000000001,0.31,0.37,0.2287500000000002,0.33875000000000027,0,quintic,2,3,0,5,reused_centered,-9.2212790901878812e-10,1.7347234759768071e-18,8.8817841970012523e-15,1.1102230246251565e-16,0.00087845799862407148,0.002498582995031029,1.5509636485369269e-25
2,8,0,10,0,0.23000000000000001,0.31,0.37,0.2287500000000002,0.33875000000000027,0,quintic,1,4,0,5,recursive,1.8227846115508007e-08,1.7347234759768071e-18,8.8817841970012523e-15,1.1102230246251565e-16,0.00087845799862407148,0.002498582995031029,1.5509636485369269e-25
2,8,0,10,0,0.23000000000000001,0.31,0.37,0.2287500000000002,0.33875000000000027,0,quintic,1,4,0,5,direct,-1.9080059461756754e-08,1.7347234759768071e-18,8.8817841970012523e-15,1.1102230246251565e-16,0.00087845799862407148,0.002498582995031029,1.5509636485369269e-25
2,8,0,10,0,0.23000000000000001,0.31,0.37,0.2287500000000002,0.33875000000000027,0,quintic,1,4,0,5,fe_geometry,-1.7854077970839671e-08,1.7347234759768071e-18,8.8817841970012523e-15,1.1102230246251565e-16,0.00087845799862407148,0.002498582995031029,1.5509636485369269e-25
2,8,0,10,0,0.23000000000000001,0.31,0.37,0.2287500000000002,0.33875000000000027,0,quintic,1,4,0,5,reused,-2.3002976683899178e-10,1.7347234759768071e-18,8.8817841970012523e-15,1.1102230246251565e-16,0.00087845799862407148,0.002498582995031029,1.5509636485369269e-25
2,8,0,10,0,0.23000000000000001,0.31,0.37,0.2287500000000002,0.33875000000000027,0,quintic,1,4,0,5,reused_centered,1.8687006105249677e-09,1.7347234759768071e-18,8.8817841970012523e-15,1.1102230246251565e-16,0.00087845799862407148,0.002498582995031029,1.5509636485369269e-25
2,8,0,10,0,0.23000000000000001,0.31,0.37,0.2287500000000002,0.33875000000000027,0,quintic,0,5,0,5,recursive,120.00000000494727,1.7347234759768071e-18,8.8817841970012523e-15,1.1102230246251565e-16,0.00087845799862407148,0.002498582995031029,1.5509636485369269e-25
2,8,0,10,0,0.23000000000000001,0.31,0.37,0.2287500000000002,0.33875000000000027,0,quintic,0,5,0,5,direct,120.00000001716802,1.7347234759768071e-18,8.8817841970012523e-15,1.1102230246251565e-16,0.00087845799862407148,0.002498582995031029,1.5509636485369269e-25
2,8,0,10,0,0.23000000000000001,0.31,0.37,0.2287500000000002,0.33875000000000027,0,quintic,0,5,0,5,fe_geometry,120.00000001820398,1.7347234759768071e-18,8.8817841970012523e-15,1.1102230246251565e-16,0.00087845799862407148,0.002498582995031029,1.5509636485369269e-25
2,8,0,10,0,0.23000000000000001,0.31,0.37,0.2287500000000002,0.33875000000000027,0,quintic,0,5,0,5,reused,119.99999999466021,1.7347234759768071e-18,8.8817841970012523e-15,1.1102230246251565e-16,0.00087845799862407148,0.002498582995031029,1.5509636485369269e-25
2,8,0,10,0,0.23000000000000001,0.31,0.37,0.2287500000000002,0.33875000000000027,0,quintic,0,5,0,5,reused_centered,120.000000000032,1.7347234759768071e-18,8.8817841970012523e-15,1.1102230246251565e-16,0.00087845799862407148,0.002498582995031029,1.5509636485369269e-25
2,8,0,10,0,0.23000000000000001,0.31,0.37,0.2287500000000002,0.33875000000000027,0,quintic,6,0,0,6,recursive,-5.0681071062281714e-07,1.7347234759768071e-18,8.8817841970012523e-15,1.1102230246251565e-16,0.00087845799862407148,0.002498582995031029,1.5509636485369269e-25
2,8,0,10,0,0.23000000000000001,0.31,0.37,0.2287500000000002,0.33875000000000027,0,quintic,6,0,0,6,direct,0,1.7347234759768071e-18,8.8817841970012523e-15,1.1102230246251565e-16,0.00087845799862407148,0.002498582995031029,1.5509636485369269e-25
2,8,0,10,0,0.23000000000000001,0.31,0.37,0.2287500000000002,0.33875000000000027,0,quintic,6,0,0,6,fe_geometry,4.8638090881169186e-08,1.7347234759768071e-18,8.8817841970012523e-15,1.1102230246251565e-16,0.00087845799862407148,0.002498582995031029,1.5509636485369269e-25
2,8,0,10,0,0.23000000000000001,0.31,0.37,0.2287500000000002,0.33875000000000027,0,quintic,6,0,0,6,reused,-3.7267642585627745e-08,1.7347234759768071e-18,8.8817841970012523e-15,1.1102230246251565e-16,0.00087845799862407148,0.002498582995031029,1.5509636485369269e-25
2,8,0,10,0,0.23000000000000001,0.31,0.37,0.2287500000000002,0.33875000000000027,0,quintic,6,0,0,6,reused_centered,-9.5292723834968762e-09,1.7347234759768071e-18,8.8817841970012523e-15,1.1102230246251565e-16,0.00087845799862407148,0.002498582995031029,1.5509636485369269e-25
2,8,0,10,0,0.23000000000000001,0.31,0.37,0.2287500000000002,0.33875000000000027,0,quintic,5,1,0,6,recursive,-9.9745830455705262e-07,1.7347234759768071e-18,8.8817841970012523e-15,1.1102230246251565e-16,0.00087845799862407148,0.002498582995031029,1.5509636485369269e-25
2,8,0,10,0,0.23000000000000001,0.31,0.37,0.2287500000000002,0.33875000000000027,0,quintic,5,1,0,6,direct,-4.4420393906626854e-07,1.7347234759768071e-18,8.8817841970012523e-15,1.1102230246251565e-16,0.00087845799862407148,0.002498582995031029,1.5509636485369269e-25
2,8,0,10,0,0.23000000000000001,0.31,0.37,0.2287500000000002,0.33875000000000027,0,quintic,5,1,0,6,fe_geometry,-3.8894588045941271e-07,1.7347234759768071e-18,8.8817841970012523e-15,1.1102230246251565e-16,0.00087845799862407148,0.002498582995031029,1.5509636485369269e-25
2,8,0,10,0,0.23000000000000001,0.31,0.37,0.2287500000000002,0.33875000000000027,0,quintic,5,1,0,6,reused,-2.5271940400439525e-08,1.7347234759768071e-18,8.8817841970012523e-15,1.1102230246251565e-16,0.00087845799862407148,0.002498582995031029,1.5509636485369269e-25
2,8,0,10,0,0.23000000000000001,0.31,0.37,0.2287500000000002,0.33875000000000027,0,quintic,5,1,0,6,reused_centered,-8.1408183358148333e-08,1.7347234759768071e-18,8.8817841970012523e-15,1.1102230246251565e-16,0.00087845799862407148,0.002498582995031029,1.5509636485369269e-25
2,8,0,10,0,0.23000000000000001,0.31,0.37,0.2287500000000002,0.33875000000000027,0,quintic,4,2,0,6,recursive,-1.727802674691247e-06,1.7347234759768071e-18,8.8817841970012523e-15,1.1102230246251565e-16,0.00087845799862407148,0.002498582995031029,1.5509636485369269e-25
2,8,0,10,0,0.23000000000000001,0.31,0.37,0.2287500000000002,0.33875000000000027,0,quintic,4,2,0,6,direct,8.7526091331825611e-07,1.7347234759768071e-18,8.8817841970012523e-15,1.1102230246251565e-16,0.00087845799862407148,0.002498582995031029,1.5509636485369269e-25
2,8,0,10,0,0.23000000000000001,0.31,0.37,0.2287500000000002,0.33875000000000027,0,quintic,4,2,0,6,fe_geometry,9.1273134288132586e-07,1.7347234759768071e-18,8.8817841970012523e-15,1.1102230246251565e-16,0.00087845799862407148,0.002498582995031029,1.5509636485369269e-25
2,8,0,10,0,0.23000000000000001,0.31,0.37,0.2287500000000002,0.33875000000000027,0,quintic,4,2,0,6,reused,1.2977336662035164e-08,1.7347234759768071e-18,8.8817841970012523e-15,1.1102230246251565e-16,0.00087845799862407148,0.002498582995031029,1.5509636485369269e-25
2,8,0,10,0,0.23000000000000001,0.31,0.37,0.2287500000000002,0.33875000000000027,0,quintic,4,2,0,6,reused_centered,-8.9744681713795427e-08,1.7347234759768071e-18,8.8817841970012523e-15,1.1102230246251565e-16,0.00087845799862407148,0.002498582995031029,1.5509636485369269e-25
2,8,0,10,0,0.23000000000000001,0.31,0.37,0.2287500000000002,0.33875000000000027,0,quintic,3,3,0,6,recursive,-3.1645422486296905e-07,1.7347234759768071e-18,8.8817841970012523e-15,1.1102230246251565e-16,0.00087845799862407148,0.002498582995031029,1.5509636485369269e-25
2,8,0,10,0,0.23000000000000001,0.31,0.37,0.2287500000000002,0.33875000000000027,0,quintic,3,3,0,6,direct,1.1735200199472022e-06,1.7347234759768071e-18,8.8817841970012523e-15,1.1102230246251565e-16,0.00087845799862407148,0.002498582995031029,1.5509636485369269e-25
2,8,0,10,0,0.23000000000000001,0.31,0.37,0.2287500000000002,0.33875000000000027,0,quintic,3,3,0,6,fe_geometry,1.5098398784492633e-06,1.7347234759768071e-18,8.8817841970012523e-15,1.1102230246251565e-16,0.00087845799862407148,0.002498582995031029,1.5509636485369269e-25
2,8,0,10,0,0.23000000000000001,0.31,0.37,0.2287500000000002,0.33875000000000027,0,quintic,3,3,0,6,reused,-7.4123379843943269e-08,1.7347234759768071e-18,8.8817841970012523e-15,1.1102230246251565e-16,0.00087845799862407148,0.002498582995031029,1.5509636485369269e-25
2,8,0,10,0,0.23000000000000001,0.31,0.37,0.2287500000000002,0.33875000000000027,0,quintic,3,3,0,6,reused_centered,6.6699664147683298e-08,1.7347234759768071e-18,8.8817841970012523e-15,1.1102230246251565e-16,0.00087845799862407148,0.002498582995031029,1.5509636485369269e-25
2,8,0,10,0,0.23000000000000001,0.31,0.37,0.2287500000000002,0.33875000000000027,0,quintic,2,4,0,6,recursive,-2.3451854066936164e-06,1.7347234759768071e-18,8.8817841970012523e-15,1.1102230246251565e-16,0.00087845799862407148,0.002498582995031029,1.5509636485369269e-25
2,8,0,10,0,0.23000000000000001,0.31,0.37,0.2287500000000002,0.33875000000000027,0,quintic,2,4,0,6,direct,2.1784724343032568e-07,1.7347234759768071e-18,8.8817841970012523e-15,1.1102230246251565e-16,0.00087845799862407148,0.002498582995031029,1.5509636485369269e-25
2,8,0,10,0,0.23000000000000001,0.31,0.37,0.2287500000000002,0.33875000000000027,0,quintic,2,4,0,6,fe_geometry,2.3170268252316742e-07,1.7347234759768071e-18,8.8817841970012523e-15,1.1102230246251565e-16,0.00087845799862407148,0.002498582995031029,1.5509636485369269e-25
2,8,0,10,0,0.23000000000000001,0.31,0.37,0.2287500000000002,0.33875000000000027,0,quintic,2,4,0,6,reused,-6.5674049635564173e-08,1.7347234759768071e-18,8.8817841970012523e-15,1.1102230246251565e-16,0.00087845799862407148,0.002498582995031029,1.5509636485369269e-25
2,8,0,10,0,0.23000000000000001,0.31,0.37,0.2287500000000002,0.33875000000000027,0,quintic,2,4,0,6,reused_centered,3.8847461592338883e-08,1.7347234759768071e-18,8.8817841970012523e-15,1.1102230246251565e-16,0.00087845799862407148,0.002498582995031029,1.5509636485369269e-25
2,8,0,10,0,0.23000000000000001,0.31,0.37,0.2287500000000002,0.33875000000000027,0,quintic,1,5,0,6,recursive,-9.7533060181184079e-07,1.7347234759768071e-18,8.8817841970012523e-15,1.1102230246251565e-16,0.00087845799862407148,0.002498582995031029,1.5509636485369269e-25
2,8,0,10,0,0.23000000000000001,0.31,0.37,0.2287500000000002,0.33875000000000027,0,quintic,1,5,0,6,direct,9.8553332625073372e-07,1.7347234759768071e-18,8.8817841970012523e-15,1.1102230246251565e-16,0.00087845799862407148,0.002498582995031029,1.5509636485369269e-25
2,8,0,10,0,0.23000000000000001,0.31,0.37,0.2287500000000002,0.33875000000000027,0,quintic,1,5,0,6,fe_geometry,1.0482362751271985e-06,1.7347234759768071e-18,8.8817841970012523e-15,1.1102230246251565e-16,0.00087845799862407148,0.002498582995031029,1.5509636485369269e-25
2,8,0,10,0,0.23000000000000001,0.31,0.37,0.2287500000000002,0.33875000000000027,0,quintic,1,5,0,6,reused,-3.9478196778734478e-08,1.7347234759768071e-18,8.8817841970012523e-15,1.1102230246251565e-16,0.00087845799862407148,0.002498582995031029,1.5509636485369269e-25
2,8,0,10,0,0.23000000000000001,0.31,0.37,0.2287500000000002,0.33875000000000027,0,quintic,1,5,0,6,reused_centered,-1.089028062285082e-07,1.7347234759768071e-18,8.8817841970012523e-15,1.1102230246251565e-16,0.00087845799862407148,0.002498582995031029,1.5509636485369269e-25
2,8,0,10,0,0.23000000000000001,0.31,0.37,0.2287500000000002,0.33875000000000027,0,quintic,0,6,0,6,recursive,-6.0981661844523107e-08,1.7347234759768071e-18,8.8817841970012523e-15,1.1102230246251565e-16,0.00087845799862407148,0.002498582995031029,1.5509636485369269e-25
2,8,0,10,0,0.23000000000000001,0.31,0.37,0.2287500000000002,0.33875000000000027,0,quintic,0,6,0,6,direct,0,1.7347234759768071e-18,8.8817841970012523e-15,1.1102230246251565e-16,0.00087845799862407148,0.002498582995031029,1.5509636485369269e-25
2,8,0,10,0,0.23000000000000001,0.31,0.37,0.2287500000000002,0.33875000000000027,0,quintic,0,6,0,6,fe_geometry,1.972390984054652e-08,1.7347234759768071e-18,8.8817841970012523e-15,1.1102230246251565e-16,0.00087845799862407148,0.002498582995031029,1.5509636485369269e-25
2,8,0,10,0,0.23000000000000001,0.31,0.37,0.2287500000000002,0.33875000000000027,0,quintic,0,6,0,6,reused,-6.6798597451106595e-08,1.7347234759768071e-18,8.8817841970012523e-15,1.1102230246251565e-16,0.00087845799862407148,0.002498582995031029,1.5509636485369269e-25
2,8,0,10,0,0.23000000000000001,0.31,0.37,0.2287500000000002,0.33875000000000027,0,quintic,0,6,0,6,reused_centered,-2.354507424671713e-08,1.7347234759768071e-18,8.8817841970012523e-15,1.1102230246251565e-16,0.00087845799862407148,0.002498582995031029,1.5509636485369269e-25
2,8,0,10,0,0.23000000000000001,0.31,0.37,0.2287500000000002,0.33875000000000027,0,quintic,7,0,0,7,recursive,-4.0669861306240037e-06,1.7347234759768071e-18,8.8817841970012523e-15,1.1102230246251565e-16,0.00087845799862407148,0.002498582995031029,1.5509636485369269e-25
2,8,0,10,0,0.23000000000000001,0.31,0.37,0.2287500000000002,0.33875000000000027,0,quintic,7,0,0,7,direct,0,1.7347234759768071e-18,8.8817841970012523e-15,1.1102230246251565e-16,0.00087845799862407148,0.002498582995031029,1.5509636485369269e-25
2,8,0,10,0,0.23000000000000001,0.31,0.37,0.2287500000000002,0.33875000000000027,0,quintic,7,0,0,7,fe_geometry,7.1841083003339002e-07,1.7347234759768071e-18,8.8817841970012523e-15,1.1102230246251565e-16,0.00087845799862407148,0.002498582995031029,1.5509636485369269e-25
2,8,0,10,0,0.23000000000000001,0.31,0.37,0.2287500000000002,0.33875000000000027,0,quintic,7,0,0,7,reused,-5.607861363107929e-07,1.7347234759768071e-18,8.8817841970012523e-15,1.1102230246251565e-16,0.00087845799862407148,0.002498582995031029,1.5509636485369269e-25
2,8,0,10,0,0.23000000000000001,0.31,0.37,0.2287500000000002,0.33875000000000027,0,quintic,7,0,0,7,reused_centered,-1.3958818297130217e-07,1.7347234759768071e-18,8.8817841970012523e-15,1.1102230246251565e-16,0.00087845799862407148,0.002498582995031029,1.5509636485369269e-25
2,8,0,10,0,0.23000000000000001,0.31,0.37,0.2287500000000002,0.33875000000000027,0,quintic,6,1,0,7,recursive,3.095685020088919e-05,1.7347234759768071e-18,8.8817841970012523e-15,1.1102230246251565e-16,0.00087845799862407148,0.002498582995031029,1.5509636485369269e-25
2,8,0,10,0,0.23000000000000001,0.31,0.37,0.2287500000000002,0.33875000000000027,0,quintic,6,1,0,7,direct,0,1.7347234759768071e-18,8.8817841970012523e-15,1.1102230246251565e-16,0.00087845799862407148,0.002498582995031029,1.5509636485369269e-25
2,8,0,10,0,0.23000000000000001,0.31,0.37,0.2287500000000002,0.33875000000000027,0,quintic,6,1,0,7,fe_geometry,9.7343744921410947e-07,1.7347234759768071e-18,8.8817841970012523e-15,1.1102230246251565e-16,0.00087845799862407148,0.002498582995031029,1.5509636485369269e-25
2,8,0,10,0,0.23000000000000001,0.31,0.37,0.2287500000000002,0.33875000000000027,0,quintic,6,1,0,7,reused,-4.1598586990961224e-08,1.7347234759768071e-18,8.8817841970012523e-15,1.1102230246251565e-16,0.00087845799862407148,0.002498582995031029,1.5509636485369269e-25
2,8,0,10,0,0.23000000000000001,0.31,0.37,0.2287500000000002,0.33875000000000027,0,quintic,6,1,0,7,reused_centered,-1.1485687395883319e-07,1.7347234759768071e-18,8.8817841970012523e-15,1.1102230246251565e-16,0.00087845799862407148,0.002498582995031029,1.5509636485369269e-25
2,8,0,10,0,0.23000000000000001,0.31,0.37,0.2287500000000002,0.33875000000000027,0,quintic,5,2,0,7,recursive,0.00011346407053144179,1.7347234759768071e-18,8.8817841970012523e-15,1.1102230246251565e-16,0.00087845799862407148,0.002498582995031029,1.5509636485369269e-25
2,8,0,10,0,0.23000000000000001,0.31,0.37,0.2287500000000002,0.33875000000000027,0,quintic,5,2,0,7,direct,-2.4671901070140308e-05,1.7347234759768071e-18,8.8817841970012523e-15,1.1102230246251565e-16,0.00087845799862407148,0.002498582995031029,1.5509636485369269e-25
2,8,0,10,0,0.23000000000000001,0.31,0.37,0.2287500000000002,0.33875000000000027,0,quintic,5,2,0,7,fe_geometry,-2.4637570384022906e-05,1.7347234759768071e-18,8.8817841970012523e-15,1.1102230246251565e-16,0.00087845799862407148,0.002498582995031029,1.5509636485369269e-25
2,8,0,10,0,0.23000000000000001,0.31,0.37,0.2287500000000002,0.33875000000000027,0,quintic,5,2,0,7,reused,-3.4411521340553443e-06,1.7347234759768071e-18,8.8817841970012523e-15,1.1102230246251565e-16,0.00087845799862407148,0.002498582995031029,1.5509636485369269e-25
2,8,0,10,0,0.23000000000000001,0.31,0.37,0.2287500000000002,0.33875000000000027,0,quintic,5,2,0,7,reused_centered,3.2483656448644331e-06,1.7347234759768071e-18,8.8817841970012523e-15,1.1102230246251565e-16,0.00087845799862407148,0.002498582995031029,1.5509636485369269e-25
2,8,0,10,0,0.23000000000000001,0.31,0.37,0.2287500000000002,0.33875000000000027,0,quintic,4,3,0,7,recursive,-1.3589324255786841e-05,1.7347234759768071e-18,8.8817841970012523e-15,1.1102230246251565e-16,0.00087845799862407148,0.002498582995031029,1.5509636485369269e-25
2,8,0,10,0,0.23000000000000001,0.31,0.37,0.2287500000000002,0.33875000000000027,0,quintic,4,3,0,7,direct,-6.3986036408878862e-05,1.7347234759768071e-18,8.8817841970012523e-15,1.1102230246251565e-16,0.00087845799862407148,0.002498582995031029,1.5509636485369269e-25
2,8,0,10,0,0.23000000000000001,0.31,0.37,0.2287500000000002,0.33875000000000027,0,quintic,4,3,0,7,fe_geometry,-6.95257997270442e-05,1.7347234759768071e-18,8.8817841970012523e-15,1.1102230246251565e-16,0.00087845799862407148,0.002498582995031029,1.5509636485369269e-25
2,8,0,10,0,0.23000000000000001,0.31,0.37,0.2287500000000002,0.33875000000000027,0,quintic,4,3,0,7,reused,1.7363981673167789e-06,1.7347234759768071e-18,8.8817841970012523e-15,1.1102230246251565e-16,0.00087845799862407148,0.002498582995031029,1.5509636485369269e-25
2,8,0,10,0,0.23000000000000001,0.31,0.37,0.2287500000000002,0.33875000000000027,0,quintic,4,3,0,7,reused_centered,-5.481196014083876e-06,1.7347234759768071e-18,8.8817841970012523e-15,1.1102230246251565e-16,0.00087845799862407148,0.002498582995031029,1.5509636485369269e-25
2,8,0,10,0,0.23000000000000001,0.31,0.37,0.2287500000000002,0.33875000000000027,0,quintic,3,4,0,7,recursive,9.9368797811462359e-06,1.7347234759768071e-18,8.8817841970012523e-15,1.1102230246251565e-16,0.00087845799862407148,0.002498582995031029,1.5509636485369269e-25
2,8,0,10,0,0.23000000000000001,0.31,0.37,0.2287500000000002,0.33875000000000027,0,quintic,3,4,0,7,direct,1.9463606885634381e-05,1.7347234759768071e-18,8.8817841970012523e-15,1.1102230246251565e-16,0.00087845799862407148,0.002498582995031029,1.5509636485369269e-25
2,8,0,10,0,0.23000000000000001,0.31,0.37,0.2287500000000002,0.33875000000000027,0,quintic,3,4,0,7,fe_geometry,1.6379857082014956e-05,1.7347234759768071e-18,8.8817841970012523e-15,1.1102230246251565e-16,0.00087845799862407148,0.002498582995031029,1.5509636485369269e-25
2,8,0,10,0,0.23000000000000001,0.31,0.37,0.2287500000000002,0.33875000000000027,0,quintic,3,4,0,7,reused,2.0835383986242639e-06,1.7347234759768071e-18,8.8817841970012523e-15,1.1102230246251565e-16,0.00087845799862407148,0.002498582995031029,1.5509636485369269e-25
2,8,0,10,0,0.23000000000000001,0.31,0.37,0.2287500000000002,0.33875000000000027,0,quintic,3,4,0,7,reused_centered,-1.1595953468836999e-05,1.7347234759768071e-18,8.8817841970012523e-15,1.1102230246251565e-16,0.00087845799862407148,0.002498582995031029,1.5509636485369269e-25
2,8,0,10,0,0.23000000000000001,0.31,0.37,0.2287500000000002,0.33875000000000027,0,quintic,2,5,0,7,recursive,0.00010588180926308407,1.7347234759768071e-18,8.8817841970012523e-15,1.1102230246251565e-16,0.00087845799862407148,0.002498582995031029,1.5509636485369269e-25
2,8,0,10,0,0.23000000000000001,0.31,0.37,0.2287500000000002,0.33875000000000027,0,quintic,2,5,0,7,direct,-5.1057785315439023e-06,1.7347234759768071e-18,8.8817841970012523e-15,1.1102230246251565e-16,0.00087845799862407148,0.002498582995031029,1.5509636485369269e-25
2,8,0,10,0,0.23000000000000001,0.31,0.37,0.2287500000000002,0.33875000000000027,0,quintic,2,5,0,7,fe_geometry,-2.9790679121424748e-06,1.7347234759768071e-18,8.8817841970012523e-15,1.1102230246251565e-16,0.00087845799862407148,0.002498582995031029,1.5509636485369269e-25
2,8,0,10,0,0.23000000000000001,0.31,0.37,0.2287500000000002,0.33875000000000027,0,quintic,2,5,0,7,reused,-1.4364093538694668e-07,1.7347234759768071e-18,8.8817841970012523e-15,1.1102230246251565e-16,0.00087845799862407148,0.002498582995031029,1.5509636485369269e-25
2,8,0,10,0,0.23000000000000001,0.31,0.37,0.2287500000000002,0.33875000000000027,0,quintic,2,5,0,7,reused_centered,-9.5363126572927703e-07,1.7347234759768071e-18,8.8817841970012523e-15,1.1102230246251565e-16,0.00087845799862407148,0.002498582995031029,1.5509636485369269e-25
2,8,0,10,0,0.23000000000000001,0.31,0.37,0.2287500000000002,0.33875000000000027,0,quintic,1,6,0,7,recursive,-2.0282851885363021e-06,1.7347234759768071e-18,8.8817841970012523e-15,1.1102230246251565e-16,0.00087845799862407148,0.002498582995031029,1.5509636485369269e-25
2,8,0,10,0,0.23000000000000001,0.31,0.37,0.2287500000000002,0.33875000000000027,0,quintic,1,6,0,7,direct,0,1.7347234759768071e-18,8.8817841970012523e-15,1.1102230246251565e-16,0.00087845799862407148,0.002498582995031029,1.5509636485369269e-25
2,8,0,10,0,0.23000000000000001,0.31,0.37,0.2287500000000002,0.33875000000000027,0,quintic,1,6,0,7,fe_geometry,1.4080299530975556e-06,1.7347234759768071e-18,8.8817841970012523e-15,1.1102230246251565e-16,0.00087845799862407148,0.002498582995031029,1.5509636485369269e-25
2,8,0,10,0,0.23000000000000001,0.31,0.37,0.2287500000000002,0.33875000000000027,0,quintic,1,6,0,7,reused,-9.1372522492762919e-08,1.7347234759768071e-18,8.8817841970012523e-15,1.1102230246251565e-16,0.00087845799862407148,0.002498582995031029,1.5509636485369269e-25
2,8,0,10,0,0.23000000000000001,0.31,0.37,0.2287500000000002,0.33875000000000027,0,quintic,1,6,0,7,reused_centered,-3.4209330416740662e-07,1.7347234759768071e-18,8.8817841970012523e-15,1.1102230246251565e-16,0.00087845799862407148,0.002498582995031029,1.5509636485369269e-25
2,8,0,10,0,0.23000000000000001,0.31,0.37,0.2287500000000002,0.33875000000000027,0,quintic,0,7,0,7,recursive,-1.7969235668447102e-06,1.7347234759768071e-18,8.8817841970012523e-15,1.1102230246251565e-16,0.00087845799862407148,0.002498582995031029,1.5509636485369269e-25
2,8,0,10,0,0.23000000000000001,0.31,0.37,0.2287500000000002,0.33875000000000027,0,quintic,0,7,0,7,direct,0,1.7347234759768071e-18,8.8817841970012523e-15,1.1102230246251565e-16,0.00087845799862407148,0.002498582995031029,1.5509636485369269e-25
2,8,0,10,0,0.23000000000000001,0.31,0.37,0.2287500000000002,0.33875000000000027,0,quintic,0,7,0,7,fe_geometry,2.4507153691855426e-07,1.7347234759768071e-18,8.8817841970012523e-15,1.1102230246251565e-16,0.00087845799862407148,0.002498582995031029,1.5509636485369269e-25
2,8,0,10,0,0.23000000000000001,0.31,0.37,0.2287500000000002,0.33875000000000027,0,quintic,0,7,0,7,reused,-8.874998403125645e-07,1.7347234759768071e-18,8.8817841970012523e-15,1.1102230246251565e-16,0.00087845799862407148,0.002498582995031029,1.5509636485369269e-25
2,8,0,10,0,0.23000000000000001,0.31,0.37,0.2287500000000002,0.33875000000000027,0,quintic,0,7,0,7,reused_centered,-3.2520977467166336e-07,1.7347234759768071e-18,8.8817841970012523e-15,1.1102230246251565e-16,0.00087845799862407148,0.002498582995031029,1.5509636485369269e-25
2,8,0,10,0,0.23000000000000001,0.31,0.37,0.2287500000000002,0.33875000000000027,0,quintic,8,0,0,8,recursive,-3.0192779592249505e-05,1.7347234759768071e-18,8.8817841970012523e-15,1.1102230246251565e-16,0.00087845799862407148,0.002498582995031029,1.5509636485369269e-25
2,8,0,10,0,0.23000000000000001,0.31,0.37,0.2287500000000002,0.33875000000000027,0,quintic,8,0,0,8,direct,0,1.7347234759768071e-18,8.8817841970012523e-15,1.1102230246251565e-16,0.00087845799862407148,0.002498582995031029,1.5509636485369269e-25
2,8,0,10,0,0.23000000000000001,0.31,0.37,0.2287500000000002,0.33875000000000027,0,quintic,8,0,0,8,fe_geometry,8.1253853936958444e-06,1.7347234759768071e-18,8.8817841970012523e-15,1.1102230246251565e-16,0.00087845799862407148,0.002498582995031029,1.5509636485369269e-25
2,8,0,10,0,0.23000000000000001,0.31,0.37,0.2287500000000002,0.33875000000000027,0,quintic,8,0,0,8,reused,-5.4478843550950101e-06,1.7347234759768071e-18,8.8817841970012523e-15,1.1102230246251565e-16,0.00087845799862407148,0.002498582995031029,1.5509636485369269e-25
2,8,0,10,0,0.23000000000000001,0.31,0.37,0.2287500000000002,0.33875000000000027,0,quintic,8,0,0,8,reused_centered,-1.4933486133339959e-06,1.7347234759768071e-18,8.8817841970012523e-15,1.1102230246251565e-16,0.00087845799862407148,0.002498582995031029,1.5509636485369269e-25
2,8,0,10,0,0.23000000000000001,0.31,0.37,0.2287500000000002,0.33875000000000027,0,quintic,7,1,0,8,recursive,0.00024024702437838542,1.7347234759768071e-18,8.8817841970012523e-15,1.1102230246251565e-16,0.00087845799862407148,0.002498582995031029,1.5509636485369269e-25
2,8,0,10,0,0.23000000000000001,0.31,0.37,0.2287500000000002,0.33875000000000027,0,quintic,7,1,0,8,direct,0,1.7347234759768071e-18,8.8817841970012523e-15,1.1102230246251565e-16,0.00087845799862407148,0.002498582995031029,1.5509636485369269e-25
2,8,0,10,0,0.23000000000000001,0.31,0.37,0.2287500000000002,0.33875000000000027,0,quintic,7,1,0,8,fe_geometry,1.4827107731919542e-05,1.7347234759768071e-18,8.8817841970012523e-15,1.1102230246251565e-16,0.00087845799862407148,0.002498582995031029,1.5509636485369269e-25
2,8,0,10,0,0.23000000000000001,0.31,0.37,0.2287500000000002,0.33875000000000027,0,quintic,7,1,0,8,reused,1.4482414360623662e-08,1.7347234759768071e-18,8.8817841970012523e-15,1.1102230246251565e-16,0.00087845799862407148,0.002498582995031029,1.5509636485369269e-25
2,8,0,10,0,0.23000000000000001,0.31,0.37,0.2287500000000002,0.33875000000000027,0,quintic,7,1,0,8,reused_centered,-6.0243023471204494e-07,1.7347234759768071e-18,8.8817841970012523e-15,1.1102230246251565e-16,0.00087845799862407148,0.002498582995031029,1.5509636485369269e-25
2,8,0,10,0,0.23000000000000001,0.31,0.37,0.2287500000000002,0.33875000000000027,0,quintic,6,2,0,8,recursive,-0.0022286489165916469,1.7347234759768071e-18,8.8817841970012523e-15,1.1102230246251565e-16,0.00087845799862407148,0.002498582995031029,1.5509636485369269e-25
2,8,0,10,0,0.23000000000000001,0.31,0.37,0.2287500000000002,0.33875000000000027,0,quintic,6,2,0,8,direct,0,1.7347234759768071e-18,8.8817841970012523e-15,1.1102230246251565e-16,0.00087845799862407148,0.002498582995031029,1.5509636485369269e-25
2,8,0,10,0,0.23000000000000001,0.31,0.37,0.2287500000000002,0.33875000000000027,0,quintic,6,2,0,8,fe_geometry,-6.3991421226322004e-06,1.7347234759768071e-18,8.8817841970012523e-15,1.1102230246251565e-16,0.00087845799862407148,0.002498582995031029,1.5509636485369269e-25
2,8,0,10,0,0.23000000000000001,0.31,0.37,0.2287500000000002,0.33875000000000027,0,quintic,6,2,0,8,reused,1.245678794997419e-05,1.7347234759768071e-18,8.8817841970012523e-15,1.1102230246251565e-16,0.00087845799862407148,0.002498582995031029,1.5509636485369269e-25
2,8,0,10,0,0.23000000000000001,0.31,0.37,0.2287500000000002,0.33875000000000027,0,quintic,6,2,0,8,reused_centered,8.477574741805899e-06,1.7347234759768071e-18,8.8817841970012523e-15,1.1102230246251565e-16,0.00087845799862407148,0.002498582995031029,1.5509636485369269e-25
2,8,0,10,0,0.23000000000000001,0.31,0.37,0.2287500000000002,0.33875000000000027,0,quintic,5,3,0,8,recursive,0.0029822658462199492,1.7347234759768071e-18,8.8817841970012523e-15,1.1102230246251565e-16,0.00087845799862407148,0.002498582995031029,1.5509636485369269e-25
2,8,0,10,0,0.23000000000000001,0.31,0.37,0.2287500000000002,0.33875000000000027,0,quintic,5,3,0,8,direct,0.0016389398597180839,1.7347234759768071e-18,8.8817841970012523e-15,1.1102230246251565e-16,0.00087845799862407148,0.002498582995031029,1.5509636485369269e-25
2,8,0,10,0,0.23000000000000001,0.31,0.37,0.2287500000000002,0.33875000000000027,0,quintic,5,3,0,8,fe_geometry,0.0014684597570474853,1.7347234759768071e-18,8.8817841970012523e-15,1.1102230246251565e-16,0.00087845799862407148,0.002498582995031029,1.5509636485369269e-25
2,8,0,10,0,0.23000000000000001,0.31,0.37,0.2287500000000002,0.33875000000000027,0,quintic,5,3,0,8,reused,2.8956701024308927e-05,1.7347234759768071e-18,8.8817841970012523e-15,1.1102230246251565e-16,0.00087845799862407148,0.002498582995031029,1.5509636485369269e-25
2,8,0,10,0,0.23000000000000001,0.31,0.37,0.2287500000000002,0.33875000000000027,0,quintic,5,3,0,8,reused_centered,0.00023280722932182438,1.7347234759768071e-18,8.8817841970012523e-15,1.1102230246251565e-16,0.00087845799862407148,0.002498582995031029,1.5509636485369269e-25
2,8,0,10,0,0.23000000000000001,0.31,0.37,0.2287500000000002,0.33875000000000027,0,quintic,4,4,0,8,recursive,0.013672330971125721,1.7347234759768071e-18,8.8817841970012523e-15,1.1102230246251565e-16,0.00087845799862407148,0.002498582995031029,1.5509636485369269e-25
2,8,0,10,0,0.23000000000000001,0.31,0.37,0.2287500000000002,0.33875000000000027,0,quintic,4,4,0,8,direct,-0.0016474268344044689,1.7347234759768071e-18,8.8817841970012523e-15,1.1102230246251565e-16,0.00087845799862407148,0.002498582995031029,1.5509636485369269e-25
2,8,0,10,0,0.23000000000000001,0.31,0.37,0.2287500000000002,0.33875000000000027,0,quintic,4,4,0,8,fe_geometry,-0.0016846088829536882,1.7347234759768071e-18,8.8817841970012523e-15,1.1102230246251565e-16,0.00087845799862407148,0.002498582995031029,1.5509636485369269e-25
2,8,0,10,0,0.23000000000000001,0.31,0.37,0.2287500000000002,0.33875000000000027,0,quintic,4,4,0,8,reused,-0.00031736105860447582,1.7347234759768071e-18,8.8817841970012523e-15,1.1102230246251565e-16,0.00087845799862407148,0.002498582995031029,1.5509636485369269e-25
2,8,0,10,0,0.23000000000000001,0.31,0.37,0.2287500000000002,0.33875000000000027,0,quintic,4,4,0,8,reused_centered,0.00075760896885121269,1.7347234759768071e-18,8.8817841970012523e-15,1.1102230246251565e-16,0.00087845799862407148,0.002498582995031029,1.5509636485369269e-25
2,8,0,10,0,0.23000000000000001,0.31,0.37,0.2287500000000002,0.33875000000000027,0,quintic,3,5,0,8,recursive,0.00012624664235555931,1.7347234759768071e-18,8.8817841970012523e-15,1.1102230246251565e-16,0.00087845799862407148,0.002498582995031029,1.5509636485369269e-25
2,8,0,10,0,0.23000000000000001,0.31,0.37,0.2287500000000002,0.33875000000000027,0,quintic,3,5,0,8,direct,-0.0021542877061665063,1.7347234759768071e-18,8.8817841970012523e-15,1.1102230246251565e-16,0.00087845799862407148,0.002498582995031029,1.5509636485369269e-25
2,8,0,10,0,0.23000000000000001,0.31,0.37,0.2287500000000002,0.33875000000000027,0,quintic,3,5,0,8,fe_geometry,-0.0025080874700451968,1.7347234759768071e-18,8.8817841970012523e-15,1.1102230246251565e-16,0.00087845799862407148,0.002498582995031029,1.5509636485369269e-25
2,8,0,10,0,0.23000000000000001,0.31,0.37,0.2287500000000002,0.33875000000000027,0,quintic,3,5,0,8,reused,8.7755873196910018e-05,1.7347234759768071e-18,8.8817841970012523e-15,1.1102230246251565e-16,0.00087845799862407148,0.002498582995031029,1.5509636485369269e-25
2,8,0,10,0,0.23000000000000001,0.31,0.37,0.2287500000000002,0.33875000000000027,0,quintic,3,5,0,8,reused_centered,0.00046802472911647069,1.7347234759768071e-18,8.8817841970012523e-15,1.1102230246251565e-16,0.00087845799862407148,0.002498582995031029,1.5509636485369269e-25
2,8,0,10,0,0.23000000000000001,0.31,0.37,0.2287500000000002,0.33875000000000027,0,quintic,2,6,0,8,recursive,-1.9325858281359445e-05,1.7347234759768071e-18,8.8817841970012523e-15,1.1102230246251565e-16,0.00087845799862407148,0.002498582995031029,1.5509636485369269e-25
2,8,0,10,0,0.23000000000000001,0.31,0.37,0.2287500000000002,0.33875000000000027,0,quintic,2,6,0,8,direct,0,1.7347234759768071e-18,8.8817841970012523e-15,1.1102230246251565e-16,0.00087845799862407148,0.002498582995031029,1.5509636485369269e-25
2,8,0,10,0,0.23000000000000001,0.31,0.37,0.2287500000000002,0.33875000000000027,0,quintic,2,6,0,8,fe_geometry,5.6389457069429266e-05,1.7347234759768071e-18,8.8817841970012523e-15,1.1102230246251565e-16,0.00087845799862407148,0.002498582995031029,1.5509636485369269e-25
2,8,0,10,0,0.23000000000000001,0.31,0.37,0.2287500000000002,0.33875000000000027,0,quintic,2,6,0,8,reused,-4.5673202517138077e-05,1.7347234759768071e-18,8.8817841970012523e-15,1.1102230246251565e-16,0.00087845799862407148,0.002498582995031029,1.5509636485369269e-25
2,8,0,10,0,0.23000000000000001,0.31,0.37,0.2287500000000002,0.33875000000000027,0,quintic,2,6,0,8,reused_centered,4.3591001854760389e-06,1.7347234759768071e-18,8.8817841970012523e-15,1.1102230246251565e-16,0.00087845799862407148,0.002498582995031029,1.5509636485369269e-25
2,8,0,10,0,0.23000000000000001,0.31,0.37,0.2287500000000002,0.33875000000000027,0,quintic,1,7,0,8,recursive,-1.3215824040117055e-05,1.7347234759768071e-18,8.8817841970012523e-15,1.1102230246251565e-16,0.00087845799862407148,0.002498582995031029,1.5509636485369269e-25
2,8,0,10,0,0.23000000000000001,0.31,0.37,0.2287500000000002,0.33875000000000027,0,quintic,1,7,0,8,direct,0,1.7347234759768071e-18,8.8817841970012523e-15,1.1102230246251565e-16,0.00087845799862407148,0.002498582995031029,1.5509636485369269e-25
2,8,0,10,0,0.23000000000000001,0.31,0.37,0.2287500000000002,0.33875000000000027,0,quintic,1,7,0,8,fe_geometry,1.873802505032048e-05,1.7347234759768071e-18,8.8817841970012523e-15,1.1102230246251565e-16,0.00087845799862407148,0.002498582995031029,1.5509636485369269e-25
2,8,0,10,0,0.23000000000000001,0.31,0.37,0.2287500000000002,0.33875000000000027,0,quintic,1,7,0,8,reused,-2.8519147568355281e-07,1.7347234759768071e-18,8.8817841970012523e-15,1.1102230246251565e-16,0.00087845799862407148,0.002498582995031029,1.5509636485369269e-25
2,8,0,10,0,0.23000000000000001,0.31,0.37,0.2287500000000002,0.33875000000000027,0,quintic,1,7,0,8,reused_centered,-4.191595677041714e-06,1.7347234759768071e-18,8.8817841970012523e-15,1.1102230246251565e-16,0.00087845799862407148,0.002498582995031029,1.5509636485369269e-25
2,8,0,10,0,0.23000000000000001,0.31,0.37,0.2287500000000002,0.33875000000000027,0,quintic,0,8,0,8,recursive,-1.6711359079687557e-05,1.7347234759768071e-18,8.8817841970012523e-15,1.1102230246251565e-16,0.00087845799862407148,0.002498582995031029,1.5509636485369269e-25
2,8,0,10,0,0.23000000000000001,0.31,0.37,0.2287500000000002,0.33875000000000027,0,quintic,0,8,0,8,direct,0,1.7347234759768071e-18,8.8817841970012523e-15,1.1102230246251565e-16,0.00087845799862407148,0.002498582995031029,1.5509636485369269e-25
2,8,0,10,0,0.23000000000000001,0.31,0.37,0.2287500000000002,0.33875000000000027,0,quintic,0,8,0,8,fe_geometry,1.4314294361784127e-06,1.7347234759768071e-18,8.8817841970012523e-15,1.1102230246251565e-16,0.00087845799862407148,0.002498582995031029,1.5509636485369269e-25
2,8,0,10,0,0.23000000000000001,0.31,0.37,0.2287500000000002,0.33875000000000027,0,quintic,0,8,0,8,reused,-5.4079894695797563e-06,1.7347234759768071e-18,8.8817841970012523e-15,1.1102230246251565e-16,0.00087845799862407148,0.002498582995031029,1.5509636485369269e-25
2,8,0,10,0,0.23000000000000001,0.31,0.37,0.2287500000000002,0.33875000000000027,0,quintic,0,8,0,8,reused_centered,-2.0077217237099589e-06,1.7347234759768071e-18,8.8817841970012523e-15,1.1102230246251565e-16,0.00087845799862407148,0.002498582995031029,1.5509636485369269e-25
2,8,0,10,0,0.23000000000000001,0.31,0.37,0.2287500000000002,0.33875000000000027,0,quintic,9,0,0,9,recursive,-0.00019601234548396614,1.7347234759768071e-18,8.8817841970012523e-15,1.1102230246251565e-16,0.00087845799862407148,0.002498582995031029,1.5509636485369269e-25
2,8,0,10,0,0.23000000000000001,0.31,0.37,0.2287500000000002,0.33875000000000027,0,quintic,9,0,0,9,direct,0,1.7347234759768071e-18,8.8817841970012523e-15,1.1102230246251565e-16,0.00087845799862407148,0.002498582995031029,1.5509636485369269e-25
2,8,0,10,0,0.23000000000000001,0.31,0.37,0.2287500000000002,0.33875000000000027,0,quintic,9,0,0,9,fe_geometry,-7.3972254922011662e-14,1.7347234759768071e-18,8.8817841970012523e-15,1.1102230246251565e-16,0.00087845799862407148,0.002498582995031029,1.5509636485369269e-25
2,8,0,10,0,0.23000000000000001,0.31,0.37,0.2287500000000002,0.33875000000000027,0,quintic,9,0,0,9,reused,4.0119323111537415e-15,1.7347234759768071e-18,8.8817841970012523e-15,1.1102230246251565e-16,0.00087845799862407148,0.002498582995031029,1.5509636485369269e-25
2,8,0,10,0,0.23000000000000001,0.31,0.37,0.2287500000000002,0.33875000000000027,0,quintic,9,0,0,9,reused_centered,2.6522583457750485e-15,1.7347234759768071e-18,8.8817841970012523e-15,1.1102230246251565e-16,0.00087845799862407148,0.002498582995031029,1.5509636485369269e-25
2,8,0,10,0,0.23000000000000001,0.31,0.37,0.2287500000000002,0.33875000000000027,0,quintic,8,1,0,9,recursive,0.001657056050599555,1.7347234759768071e-18,8.8817841970012523e-15,1.1102230246251565e-16,0.00087845799862407148,0.002498582995031029,1.5509636485369269e-25
2,8,0,10,0,0.23000000000000001,0.31,0.37,0.2287500000000002,0.33875000000000027,0,quintic,8,1,0,9,direct,0,1.7347234759768071e-18,8.8817841970012523e-15,1.1102230246251565e-16,0.00087845799862407148,0.002498582995031029,1.5509636485369269e-25
2,8,0,10,0,0.23000000000000001,0.31,0.37,0.2287500000000002,0.33875000000000027,0,quintic,8,1,0,9,fe_geometry,0.00015180749653561371,1.7347234759768071e-18,8.8817841970012523e-15,1.1102230246251565e-16,0.00087845799862407148,0.002498582995031029,1.5509636485369269e-25
2,8,0,10,0,0.23000000000000001,0.31,0.37,0.2287500000000002,0.33875000000000027,0,quintic,8,1,0,9,reused,-4.1242224136732596e-07,1.7347234759768071e-18,8.8817841970012523e-15,1.1102230246251565e-16,0.00087845799862407148,0.002498582995031029,1.5509636485369269e-25
2,8,0,10,0,0.23000000000000001,0.31,0.37,0.2287500000000002,0.33875000000000027,0,quintic,8,1,0,9,reused_centered,-6.0639185356032777e-06,1.7347234759768071e-18,8.8817841970012523e-15,1.1102230246251565e-16,0.00087845799862407148,0.002498582995031029,1.5509636485369269e-25
2,8,0,10,0,0.23000000000000001,0.31,0.37,0.2287500000000002,0.33875000000000027,0,quintic,7,2,0,9,recursive,-0.013063870667519932,1.7347234759768071e-18,8.8817841970012523e-15,1.1102230246251565e-16,0.00087845799862407148,0.002498582995031029,1.5509636485369269e-25
2,8,0,10,0,0.23000000000000001,0.31,0.37,0.2287500000000002,0.33875000000000027,0,quintic,7,2,0,9,direct,0,1.7347234759768071e-18,8.8817841970012523e-15,1.1102230246251565e-16,0.00087845799862407148,0.002498582995031029,1.5509636485369269e-25
2,8,0,10,0,0.23000000000000001,0.31,0.37,0.2287500000000002,0.33875000000000027,0,quintic,7,2,0,9,fe_geometry,-0.00014999878726812047,1.7347234759768071e-18,8.8817841970012523e-15,1.1102230246251565e-16,0.00087845799862407148,0.002498582995031029,1.5509636485369269e-25
2,8,0,10,0,0.23000000000000001,0.31,0.37,0.2287500000000002,0.33875000000000027,0,quintic,7,2,0,9,reused,0.00018647451948195756,1.7347234759768071e-18,8.8817841970012523e-15,1.1102230246251565e-16,0.00087845799862407148,0.002498582995031029,1.5509636485369269e-25
2,8,0,10,0,0.23000000000000001,0.31,0.37,0.2287500000000002,0.33875000000000027,0,quintic,7,2,0,9,reused_centered,9.962891159091376e-05,1.7347234759768071e-18,8.8817841970012523e-15,1.1102230246251565e-16,0.00087845799862407148,0.002498582995031029,1.5509636485369269e-25
2,8,0,10,0,0.23000000000000001,0.31,0.37,0.2287500000000002,0.33875000000000027,0,quintic,6,3,0,9,recursive,-0.099278395636973008,1.7347234759768071e-18,8.8817841970012523e-15,1.1102230246251565e-16,0.00087845799862407148,0.002498582995031029,1.5509636485369269e-25
2,8,0,10,0,0.23000000000000001,0.31,0.37,0.2287500000000002,0.33875000000000027,0,quintic,6,3,0,9,direct,0,1.7347234759768071e-18,8.8817841970012523e-15,1.1102230246251565e-16,0.00087845799862407148,0.002498582995031029,1.5509636485369269e-25
2,8,0,10,0,0.23000000000000001,0.31,0.37,0.2287500000000002,0.33875000000000027,0,quintic,6,3,0,9,fe_geometry,-0.0032891563828397951,1.7347234759768071e-18,8.8817841970012523e-15,1.1102230246251565e-16,0.00087845799862407148,0.002498582995031029,1.5509636485369269e-25
2,8,0,10,0,0.23000000000000001,0.31,0.37,0.2287500000000002,0.33875000000000027,0,quintic,6,3,0,9,reused,-0.00027709207348147676,1.7347234759768071e-18,8.8817841970012523e-15,1.1102230246251565e-16,0.00087845799862407148,0.002498582995031029,1.5509636485369269e-25
2,8,0,10,0,0.23000000000000001,0.31,0.37,0.2287500000000002,0.33875000000000027,0,quintic,6,3,0,9,reused_centered,0.00046526899334939755,1.7347234759768071e-18,8.8817841970012523e-15,1.1102230246251565e-16,0.00087845799862407148,0.002498582995031029,1.5509636485369269e-25
2,8,0,10,0,0.23000000000000001,0.31,0.37,0.2287500000000002,0.33875000000000027,0,quintic,5,4,0,9,recursive,-1.0200420356121562,1.7347234759768071e-18,8.8817841970012523e-15,1.1102230246251565e-16,0.00087845799862407148,0.002498582995031029,1.5509636485369269e-25
2,8,0,10,0,0.23000000000000001,0.31,0.37,0.2287500000000002,0.33875000000000027,0,quintic,5,4,0,9,direct,0.05265148615837098,1.7347234759768071e-18,8.8817841970012523e-15,1.1102230246251565e-16,0.00087845799862407148,0.002498582995031029,1.5509636485369269e-25
2,8,0,10,0,0.23000000000000001,0.31,0.37,0.2287500000000002,0.33875000000000027,0,quintic,5,4,0,9,fe_geometry,0.056896793348775968,1.7347234759768071e-18,8.8817841970012523e-15,1.1102230246251565e-16,0.00087845799862407148,0.002498582995031029,1.5509636485369269e-25
2,8,0,10,0,0.23000000000000001,0.31,0.37,0.2287500000000002,0.33875000000000027,0,quintic,5,4,0,9,reused,0.035283896096395109,1.7347234759768071e-18,8.8817841970012523e-15,1.1102230246251565e-16,0.00087845799862407148,0.002498582995031029,1.5509636485369269e-25
2,8,0,10,0,0.23000000000000001,0.31,0.37,0.2287500000000002,0.33875000000000027,0,quintic,5,4,0,9,reused_centered,-0.018859864807565373,1.7347234759768071e-18,8.8817841970012523e-15,1.1102230246251565e-16,0.00087845799862407148,0.002498582995031029,1.5509636485369269e-25
2,8,0,10,0,0.23000000000000001,0.31,0.37,0.2287500000000002,0.33875000000000027,0,quintic,4,5,0,9,recursive,-0.61253713894944595,1.7347234759768071e-18,8.8817841970012523e-15,1.1102230246251565e-16,0.00087845799862407148,0.002498582995031029,1.5509636485369269e-25
2,8,0,10,0,0.23000000000000001,0.31,0.37,0.2287500000000002,0.33875000000000027,0,quintic,4,5,0,9,direct,0.15278185915946962,1.7347234759768071e-18,8.8817841970012523e-15,1.1102230246251565e-16,0.00087845799862407148,0.002498582995031029,1.5509636485369269e-25
2,8,0,10,0,0.23000000000000001,0.31,0.37,0.2287500000000002,0.33875000000000027,0,quintic,4,5,0,9,fe_geometry,0.1614012322219999,1.7347234759768071e-18,8.8817841970012523e-15,1.1102230246251565e-16,0.00087845799862407148,0.002498582995031029,1.5509636485369269e-25
2,8,0,10,0,0.23000000000000001,0.31,0.37,0.2287500000000002,0.33875000000000027,0,quintic,4,5,0,9,reused,0.016179247659948805,1.7347234759768071e-18,8.8817841970012523e-15,1.1102230246251565e-16,0.00087845799862407148,0.002498582995031029,1.5509636485369269e-25
2,8,0,10,0,0.23000000000000001,0.31,0.37,0.2287500000000002,0.33875000000000027,0,quintic,4,5,0,9,reused_centered,-0.021574816866595216,1.7347234759768071e-18,8.8817841970012523e-15,1.1102230246251565e-16,0.00087845799862407148,0.002498582995031029,1.5509636485369269e-25
2,8,0,10,0,0.23000000000000001,0.31,0.37,0.2287500000000002,0.33875000000000027,0,quintic,3,6,0,9,recursive,-0.00019554500163331405,1.7347234759768071e-18,8.8817841970012523e-15,1.1102230246251565e-16,0.00087845799862407148,0.002498582995031029,1.5509636485369269e-25
2,8,0,10,0,0.23000000000000001,0.31,0.37,0.2287500000000002,0.33875000000000027,0,quintic,3,6,0,9,direct,0,1.7347234759768071e-18,8.8817841970012523e-15,1.1102230246251565e-16,0.00087845799862407148,0.002498582995031029,1.5509636485369269e-25
2,8,0,10,0,0.23000000000000001,0.31,0.37,0.2287500000000002,0.33875000000000027,0,quintic,3,6,0,9,fe_geometry,-0.0093236253530892786,1.7347234759768071e-18,8.8817841970012523e-15,1.1102230246251565e-16,0.00087845799862407148,0.002498582995031029,1.5509636485369269e-25
2,8,0,10,0,0.23000000000000001,0.31,0.37,0.2287500000000002,0.33875000000000027,0,quintic,3,6,0,9,reused,0.0035288259858196774,1.7347234759768071e-18,8.8817841970012523e-15,1.1102230246251565e-16,0.00087845799862407148,0.002498582995031029,1.5509636485369269e-25
2,8,0,10,0,0.23000000000000001,0.31,0.37,0.2287500000000002,0.33875000000000027,0,quintic,3,6,0,9,reused_centered,0.0022540769278185484,1.7347234759768071e-18,8.8817841970012523e-15,1.1102230246251565e-16,0.00087845799862407148,0.002498582995031029,1.5509636485369269e-25
2,8,0,10,0,0.23000000000000001,0.31,0.37,0.2287500000000002,0.33875000000000027,0,quintic,2,7,0,9,recursive,-5.3610714866870313e-05,1.7347234759768071e-18,8.8817841970012523e-15,1.1102230246251565e-16,0.00087845799862407148,0.002498582995031029,1.5509636485369269e-25
2,8,0,10,0,0.23000000000000001,0.31,0.37,0.2287500000000002,0.33875000000000027,0,quintic,2,7,0,9,direct,0,1.7347234759768071e-18,8.8817841970012523e-15,1.1102230246251565e-16,0.00087845799862407148,0.002498582995031029,1.5509636485369269e-25
2,8,0,10,0,0.23000000000000001,0.31,0.37,0.2287500000000002,0.33875000000000027,0,quintic,2,7,0,9,fe_geometry,0.00083344806142120979,1.7347234759768071e-18,8.8817841970012523e-15,1.1102230246251565e-16,0.00087845799862407148,0.002498582995031029,1.5509636485369269e-25
2,8,0,10,0,0.23000000000000001,0.31,0.37,0.2287500000000002,0.33875000000000027,0,quintic,2,7,0,9,reused,-0.00066330164155868382,1.7347234759768071e-18,8.8817841970012523e-15,1.1102230246251565e-16,0.00087845799862407148,0.002498582995031029,1.5509636485369269e-25
2,8,0,10,0,0.23000000000000001,0.31,0.37,0.2287500000000002,0.33875000000000027,0,quintic,2,7,0,9,reused_centered,6.2248482812019237e-05,1.7347234759768071e-18,8.8817841970012523e-15,1.1102230246251565e-16,0.00087845799862407148,0.002498582995031029,1.5509636485369269e-25
2,8,0,10,0,0.23000000000000001,0.31,0.37,0.2287500000000002,0.33875000000000027,0,quintic,1,8,0,9,recursive,-5.9378622641035423e-05,1.7347234759768071e-18,8.8817841970012523e-15,1.1102230246251565e-16,0.00087845799862407148,0.002498582995031029,1.5509636485369269e-25
2,8,0,10,0,0.23000000000000001,0.31,0.37,0.2287500000000002,0.33875000000000027,0,quintic,1,8,0,9,direct,0,1.7347234759768071e-18,8.8817841970012523e-15,1.1102230246251565e-16,0.00087845799862407148,0.002498582995031029,1.5509636485369269e-25
2,8,0,10,0,0.23000000000000001,0.31,0.37,0.2287500000000002,0.33875000000000027,0,quintic,1,8,0,9,fe_geometry,0.00011476633095810956,1.7347234759768071e-18,8.8817841970012523e-15,1.1102230246251565e-16,0.00087845799862407148,0.002498582995031029,1.5509636485369269e-25
2,8,0,10,0,0.23000000000000001,0.31,0.37,0.2287500000000002,0.33875000000000027,0,quintic,1,8,0,9,reused,-2.4281672719652317e-07,1.7347234759768071e-18,8.8817841970012523e-15,1.1102230246251565e-16,0.00087845799862407148,0.002498582995031029,1.5509636485369269e-25
2,8,0,10,0,0.23000000000000001,0.31,0.37,0.2287500000000002,0.33875000000000027,0,quintic,1,8,0,9,reused_centered,-2.5770106916275589e-05,1.7347234759768071e-18,8.8817841970012523e-15,1.1102230246251565e-16,0.00087845799862407148,0.002498582995031029,1.5509636485369269e-25
2,8,0,10,0,0.23000000000000001,0.31,0.37,0.2287500000000002,0.33875000000000027,0,quintic,0,9,0,9,recursive,-0.00025440804874419517,1.7347234759768071e-18,8.8817841970012523e-15,1.1102230246251565e-16,0.00087845799862407148,0.002498582995031029,1.5509636485369269e-25
2,8,0,10,0,0.23000000000000001,0.31,0.37,0.2287500000000002,0.33875000000000027,0,quintic,0,9,0,9,direct,0,1.7347234759768071e-18,8.8817841970012523e-15,1.1102230246251565e-16,0.00087845799862407148,0.002498582995031029,1.5509636485369269e-25
2,8,0,10,0,0.23000000000000001,0.31,0.37,0.2287500000000002,0.33875000000000027,0,quintic,0,9,0,9,fe_geometry,1.1798047825179041e-14,1.7347234759768071e-18,8.8817841970012523e-15,1.1102230246251565e-16,0.00087845799862407148,0.002498582995031029,1.5509636485369269e-25
2,8,0,10,0,0.23000000000000001,0.31,0.37,0.2287500000000002,0.33875000000000027,0,quintic,0,9,0,9,reused,6.1628139143882081e-15,1.7347234759768071e-18,8.8817841970012523e-15,1.1102230246251565e-16,0.00087845799862407148,0.002498582995031029,1.5509636485369269e-25
2,8,0,10,0,0.23000000000000001,0.31,0.37,0.2287500000000002,0.33875000000000027,0,quintic,0,9,0,9,reused_centered,2.3479336033040875e-15,1.7347234759768071e-18,8.8817841970012523e-15,1.1102230246251565e-16,0.00087845799862407148,0.002498582995031029,1.5509636485369269e-25
2,8,0,10,0,0.23000000000000001,0.31,0.37,0.2287500000000002,0.33875000000000027,0,quintic,10,0,0,10,recursive,-0.0015956285137595041,1.7347234759768071e-18,8.8817841970012523e-15,1.1102230246251565e-16,0.00087845799862407148,0.002498582995031029,1.5509636485369269e-25
2,8,0,10,0,0.23000000000000001,0.31,0.37,0.2287500000000002,0.33875000000000027,0,quintic,10,0,0,10,direct,0,1.7347234759768071e-18,8.8817841970012523e-15,1.1102230246251565e-16,0.00087845799862407148,0.002498582995031029,1.5509636485369269e-25
2,8,0,10,0,0.23000000000000001,0.31,0.37,0.2287500000000002,0.33875000000000027,0,quintic,10,0,0,10,fe_geometry,2.4820636696884834e-13,1.7347234759768071e-18,8.8817841970012523e-15,1.1102230246251565e-16,0.00087845799862407148,0.002498582995031029,1.5509636485369269e-25
2,8,0,10,0,0.23000000000000001,0.31,0.37,0.2287500000000002,0.33875000000000027,0,quintic,10,0,0,10,reused,5.6389814913713247e-14,1.7347234759768071e-18,8.8817841970012523e-15,1.1102230246251565e-16,0.00087845799862407148,0.002498582995031029,1.5509636485369269e-25
2,8,0,10,0,0.23000000000000001,0.31,0.37,0.2287500000000002,0.33875000000000027,0,quintic,10,0,0,10,reused_centered,8.4718699755116672e-15,1.7347234759768071e-18,8.8817841970012523e-15,1.1102230246251565e-16,0.00087845799862407148,0.002498582995031029,1.5509636485369269e-25
2,8,0,10,0,0.23000000000000001,0.31,0.37,0.2287500000000002,0.33875000000000027,0,quintic,9,1,0,10,recursive,0.013327437449332203,1.7347234759768071e-18,8.8817841970012523e-15,1.1102230246251565e-16,0.00087845799862407148,0.002498582995031029,1.5509636485369269e-25
2,8,0,10,0,0.23000000000000001,0.31,0.37,0.2287500000000002,0.33875000000000027,0,quintic,9,1,0,10,direct,0,1.7347234759768071e-18,8.8817841970012523e-15,1.1102230246251565e-16,0.00087845799862407148,0.002498582995031029,1.5509636485369269e-25
2,8,0,10,0,0.23000000000000001,0.31,0.37,0.2287500000000002,0.33875000000000027,0,quintic,9,1,0,10,fe_geometry,-5.2679801911798883e-12,1.7347234759768071e-18,8.8817841970012523e-15,1.1102230246251565e-16,0.00087845799862407148,0.002498582995031029,1.5509636485369269e-25
2,8,0,10,0,0.23000000000000001,0.31,0.37,0.2287500000000002,0.33875000000000027,0,quintic,9,1,0,10,reused,3.3538508870515887e-13,1.7347234759768071e-18,8.8817841970012523e-15,1.1102230246251565e-16,0.00087845799862407148,0.002498582995031029,1.5509636485369269e-25
2,8,0,10,0,0.23000000000000001,0.31,0.37,0.2287500000000002,0.33875000000000027,0,quintic,9,1,0,10,reused_centered,-6.0172493526651842e-14,1.7347234759768071e-18,8.8817841970012523e-15,1.1102230246251565e-16,0.00087845799862407148,0.002498582995031029,1.5509636485369269e-25
2,8,0,10,0,0.23000000000000001,0.31,0.37,0.2287500000000002,0.33875000000000027,0,quintic,8,2,0,10,recursive,-0.092767378314482882,1.7347234759768071e-18,8.8817841970012523e-15,1.1102230246251565e-16,0.00087845799862407148,0.002498582995031029,1.5509636485369269e-25
2,8,0,10,0,0.23000000000000001,0.31,0.37,0.2287500000000002,0.33875000000000027,0,quintic,8,2,0,10,direct,0,1.7347234759768071e-18,8.8817841970012523e-15,1.1102230246251565e-16,0.00087845799862407148,0.002498582995031029,1.5509636485369269e-25
2,8,0,10,0,0.23000000000000001,0.31,0.37,0.2287500000000002,0.33875000000000027,0,quintic,8,2,0,10,fe_geometry,-0.0015535772302689599,1.7347234759768071e-18,8.8817841970012523e-15,1.1102230246251565e-16,0.00087845799862407148,0.002498582995031029,1.5509636485369269e-25
2,8,0,10,0,0.23000000000000001,0.31,0.37,0.2287500000000002,0.33875000000000027,0,quintic,8,2,0,10,reused,0.0018804149636198987,1.7347234759768071e-18,8.8817841970012523e-15,1.1102230246251565e-16,0.00087845799862407148,0.002498582995031029,1.5509636485369269e-25
2,8,0,10,0,0.23000000000000001,0.31,0.37,0.2287500000000002,0.33875000000000027,0,quintic,8,2,0,10,reused_centered,0.00099882121532503016,1.7347234759768071e-18,8.8817841970012523e-15,1.1102230246251565e-16,0.00087845799862407148,0.002498582995031029,1.5509636485369269e-25
2,8,0,10,0,0.23000000000000001,0.31,0.37,0.2287500000000002,0.33875000000000027,0,quintic,7,3,0,10,recursive,-0.85806852608102546,1.7347234759768071e-18,8.8817841970012523e-15,1.1102230246251565e-16,0.00087845799862407148,0.002498582995031029,1.5509636485369269e-25
2,8,0,10,0,0.23000000000000001,0.31,0.37,0.2287500000000002,0.33875000000000027,0,quintic,7,3,0,10,direct,0,1.7347234759768071e-18,8.8817841970012523e-15,1.1102230246251565e-16,0.00087845799862407148,0.002498582995031029,1.5509636485369269e-25
2,8,0,10,0,0.23000000000000001,0.31,0.37,0.2287500000000002,0.33875000000000027,0,quintic,7,3,0,10,fe_geometry,-0.047348331486299966,1.7347234759768071e-18,8.8817841970012523e-15,1.1102230246251565e-16,0.00087845799862407148,0.002498582995031029,1.5509636485369269e-25
2,8,0,10,0,0.23000000000000001,0.31,0.37,0.2287500000000002,0.33875000000000027,0,quintic,7,3,0,10,reused,-0.0090457802257709625,1.7347234759768071e-18,8.8817841970012523e-15,1.1102230246251565e-16,0.00087845799862407148,0.002498582995031029,1.5509636485369269e-25
2,8,0,10,0,0.23000000000000001,0.31,0.37,0.2287500000000002,0.33875000000000027,0,quintic,7,3,0,10,reused_centered,0.0047114999922442174,1.7347234759768071e-18,8.8817841970012523e-15,1.1102230246251565e-16,0.00087845799862407148,0.002498582995031029,1.5509636485369269e-25
2,8,0,10,0,0.23000000000000001,0.31,0.37,0.2287500000000002,0.33875000000000027,0,quintic,6,4,0,10,recursive,23.060716683857258,1.7347234759768071e-18,8.8817841970012523e-15,1.1102230246251565e-16,0.00087845799862407148,0.002498582995031029,1.5509636485369269e-25
2,8,0,10,0,0.23000000000000001,0.31,0.37,0.2287500000000002,0.33875000000000027,0,quintic,6,4,0,10,direct,0,1.7347234759768071e-18,8.8817841970012523e-15,1.1102230246251565e-16,0.00087845799862407148,0.002498582995031029,1.5509636485369269e-25
2,8,0,10,0,0.23000000000000001,0.31,0.37,0.2287500000000002,0.33875000000000027,0,quintic,6,4,0,10,fe_geometry,0.11552024257427353,1.7347234759768071e-18,8.8817841970012523e-15,1.1102230246251565e-16,0.00087845799862407148,0.002498582995031029,1.5509636485369269e-25
2,8,0,10,0,0.23000000000000001,0.31,0.37,0.2287500000000002,0.33875000000000027,0,quintic,6,4,0,10,reused,-0.0020038808871211513,1.7347234759768071e-18,8.8817841970012523e-15,1.1102230246251565e-16,0.00087845799862407148,0.002498582995031029,1.5509636485369269e-25
2,8,0,10,0,0.23000000000000001,0.31,0.37,0.2287500000000002,0.33875000000000027,0,quintic,6,4,0,10,reused_centered,-0.02769389660114522,1.7347234759768071e-18,8.8817841970012523e-15,1.1102230246251565e-16,0.00087845799862407148,0.002498582995031029,1.5509636485369269e-25
2,8,0,10,0,0.23000000000000001,0.31,0.37,0.2287500000000002,0.33875000000000027,0,quintic,5,5,0,10,recursive,42.49878567098029,1.7347234759768071e-18,8.8817841970012523e-15,1.1102230246251565e-16,0.00087845799862407148,0.002498582995031029,1.5509636485369269e-25
2,8,0,10,0,0.23000000000000001,0.31,0.37,0.2287500000000002,0.33875000000000027,0,quintic,5,5,0,10,direct,-4.3968538284301761,1.7347234759768071e-18,8.8817841970012523e-15,1.1102230246251565e-16,0.00087845799862407148,0.002498582995031029,1.5509636485369269e-25
2,8,0,10,0,0.23000000000000001,0.31,0.37,0.2287500000000002,0.33875000000000027,0,quintic,5,5,0,10,fe_geometry,-4.2775828095381527,1.7347234759768071e-18,8.8817841970012523e-15,1.1102230246251565e-16,0.00087845799862407148,0.002498582995031029,1.5509636485369269e-25
2,8,0,10,0,0.23000000000000001,0.31,0.37,0.2287500000000002,0.33875000000000027,0,quintic,5,5,0,10,reused,-1.9310106771676254,1.7347234759768071e-18,8.8817841970012523e-15,1.1102230246251565e-16,0.00087845799862407148,0.002498582995031029,1.5509636485369269e-25
2,8,0,10,0,0.23000000000000001,0.31,0.37,0.2287500000000002,0.33875000000000027,0,quintic,5,5,0,10,reused_centered,0.21430424120924468,1.7347234759768071e-18,8.8817841970012523e-15,1.1102230246251565e-16,0.00087845799862407148,0.002498582995031029,1.5509636485369269e-25
2,8,0,10,0,0.23000000000000001,0.31,0.37,0.2287500000000002,0.33875000000000027,0,quintic,4,6,0,10,recursive,-0.0018171643251289574,1.7347234759768071e-18,8.8817841970012523e-15,1.1102230246251565e-16,0.00087845799862407148,0.002498582995031029,1.5509636485369269e-25
2,8,0,10,0,0.23000000000000001,0.31,0.37,0.2287500000000002,0.33875000000000027,0,quintic,4,6,0,10,direct,0,1.7347234759768071e-18,8.8817841970012523e-15,1.1102230246251565e-16,0.00087845799862407148,0.002498582995031029,1.5509636485369269e-25
2,8,0,10,0,0.23000000000000001,0.31,0.37,0.2287500000000002,0.33875000000000027,0,quintic,4,6,0,10,fe_geometry,0.28749039730833476,1.7347234759768071e-18,8.8817841970012523e-15,1.1102230246251565e-16,0.00087845799862407148,0.002498582995031029,1.5509636485369269e-25
2,8,0,10,0,0.23000000000000001,0.31,0.37,0.2287500000000002,0.33875000000000027,0,quintic,4,6,0,10,reused,-0.069936805059658838,1.7347234759768071e-18,8.8817841970012523e-15,1.1102230246251565e-16,0.00087845799862407148,0.002498582995031029,1.5509636485369269e-25
2,8,0,10,0,0.23000000000000001,0.31,0.37,0.2287500000000002,0.33875000000000027,0,quintic,4,6,0,10,reused_centered,-0.085884654147484987,1.7347234759768071e-18,8.8817841970012523e-15,1.1102230246251565e-16,0.00087845799862407148,0.002498582995031029,1.5509636485369269e-25
2,8,0,10,0,0.23000000000000001,0.31,0.37,0.2287500000000002,0.33875000000000027,0,quintic,3,7,0,10,recursive,-1.0480925359625778e-13,1.7347234759768071e-18,8.8817841970012523e-15,1.1102230246251565e-16,0.00087845799862407148,0.002498582995031029,1.5509636485369269e-25
2,8,0,10,0,0.23000000000000001,0.31,0.37,0.2287500000000002,0.33875000000000027,0,quintic,3,7,0,10,direct,0,1.7347234759768071e-18,8.8817841970012523e-15,1.1102230246251565e-16,0.00087845799862407148,0.002498582995031029,1.5509636485369269e-25
2,8,0,10,0,0.23000000000000001,0.31,0.37,0.2287500000000002,0.33875000000000027,0,quintic,3,7,0,10,fe_geometry,-0.13262298525579583,1.7347234759768071e-18,8.8817841970012523e-15,1.1102230246251565e-16,0.00087845799862407148,0.002498582995031029,1.5509636485369269e-25
2,8,0,10,0,0.23000000000000001,0.31,0.37,0.2287500000000002,0.33875000000000027,0,quintic,3,7,0,10,reused,0.051457670418932393,1.7347234759768071e-18,8.8817841970012523e-15,1.1102230246251565e-16,0.00087845799862407148,0.002498582995031029,1.5509636485369269e-25
2,8,0,10,0,0.23000000000000001,0.31,0.37,0.2287500000000002,0.33875000000000027,0,quintic,3,7,0,10,reused_centered,0.030820089988491926,1.7347234759768071e-18,8.8817841970012523e-15,1.1102230246251565e-16,0.00087845799862407148,0.002498582995031029,1.5509636485369269e-25
2,8,0,10,0,0.23000000000000001,0.31,0.37,0.2287500000000002,0.33875000000000027,0,quintic,2,8,0,10,recursive,-0.00024944019360959089,1.7347234759768071e-18,8.8817841970012523e-15,1.1102230246251565e-16,0.00087845799862407148,0.002498582995031029,1.5509636485369269e-25
2,8,0,10,0,0.23000000000000001,0.31,0.37,0.2287500000000002,0.33875000000000027,0,quintic,2,8,0,10,direct,0,1.7347234759768071e-18,8.8817841970012523e-15,1.1102230246251565e-16,0.00087845799862407148,0.002498582995031029,1.5509636485369269e-25
2,8,0,10,0,0.23000000000000001,0.31,0.37,0.2287500000000002,0.33875000000000027,0,quintic,2,8,0,10,fe_geometry,0.0054390802943436872,1.7347234759768071e-18,8.8817841970012523e-15,1.1102230246251565e-16,0.00087845799862407148,0.002498582995031029,1.5509636485369269e-25
2,8,0,10,0,0.23000000000000001,0.31,0.37,0.2287500000000002,0.33875000000000027,0,quintic,2,8,0,10,reused,-0.0041088987426813519,1.7347234759768071e-18,8.8817841970012523e-15,1.1102230246251565e-16,0.00087845799862407148,0.002498582995031029,1.5509636485369269e-25
2,8,0,10,0,0.23000000000000001,0.31,0.37,0.2287500000000002,0.33875000000000027,0,quintic,2,8,0,10,reused_centered,0.00038011607768628325,1.7347234759768071e-18,8.8817841970012523e-15,1.1102230246251565e-16,0.00087845799862407148,0.002498582995031029,1.5509636485369269e-25
2,8,0,10,0,0.23000000000000001,0.31,0.37,0.2287500000000002,0.33875000000000027,0,quintic,1,9,0,10,recursive,4.4017208524297439e-14,1.7347234759768071e-18,8.8817841970012523e-15,1.1102230246251565e-16,0.00087845799862407148,0.002498582995031029,1.5509636485369269e-25
2,8,0,10,0,0.23000000000000001,0.31,0.37,0.2287500000000002,0.33875000000000027,0,quintic,1,9,0,10,direct,0,1.7347234759768071e-18,8.8817841970012523e-15,1.1102230246251565e-16,0.00087845799862407148,0.002498582995031029,1.5509636485369269e-25
2,8,0,10,0,0.23000000000000001,0.31,0.37,0.2287500000000002,0.33875000000000027,0,quintic,1,9,0,10,fe_geometry,1.3307421789112293e-12,1.7347234759768071e-18,8.8817841970012523e-15,1.1102230246251565e-16,0.00087845799862407148,0.002498582995031029,1.5509636485369269e-25
2,8,0,10,0,0.23000000000000001,0.31,0.37,0.2287500000000002,0.33875000000000027,0,quintic,1,9,0,10,reused,6.95607893349706e-15,1.7347234759768071e-18,8.8817841970012523e-15,1.1102230246251565e-16,0.00087845799862407148,0.002498582995031029,1.5509636485369269e-25
2,8,0,10,0,0.23000000000000001,0.31,0.37,0.2287500000000002,0.33875000000000027,0,quintic,1,9,0,10,reused_centered,8.159499343191042e-14,1.7347234759768071e-18,8.8817841970012523e-15,1.1102230246251565e-16,0.00087845799862407148,0.002498582995031029,1.5509636485369269e-25
2,8,0,10,0,0.23000000000000001,0.31,0.37,0.2287500000000002,0.33875000000000027,0,quintic,0,10,0,10,recursive,-0.0014270203053781043,1.7347234759768071e-18,8.8817841970012523e-15,1.1102230246251565e-16,0.00087845799862407148,0.002498582995031029,1.5509636485369269e-25
2,8,0,10,0,0.23000000000000001,0.31,0.37,0.2287500000000002,0.33875000000000027,0,quintic,0,10,0,10,direct,0,1.7347234759768071e-18,8.8817841970012523e-15,1.1102230246251565e-16,0.00087845799862407148,0.002498582995031029,1.5509636485369269e-25
2,8,0,10,0,0.23000000000000001,0.31,0.37,0.2287500000000002,0.33875000000000027,0,quintic,0,10,0,10,fe_geometry,3.636896663882325e-14,1.7347234759768071e-18,8.8817841970012523e-15,1.1102230246251565e-16,0.00087845799862407148,0.002498582995031029,1.5509636485369269e-25
2,8,0,10,0,0.23000000000000001,0.31,0.37,0.2287500000000002,0.33875000000000027,0,quintic,0,10,0,10,reused,9.8430663377157028e-14,1.7347234759768071e-18,8.8817841970012523e-15,1.1102230246251565e-16,0.00087845799862407148,0.002498582995031029,1.5509636485369269e-25
2,8,0,10,0,0.23000000000000001,0.31,0.37,0.2287500000000002,0.33875000000000027,0,quintic,0,10,0,10,reused_centered,2.105997851047685e-14,1.7347234759768071e-18,8.8817841970012523e-15,1.1102230246251565e-16,0.00087845799862407148,0.002498582995031029,1.5509636485369269e-25
2,8,0,10,1,0.60999999999999999,0.46999999999999997,0.53000000000000003,0.27625000000000005,0.35875000000000018,0,constant,1,0,0,1,recursive,1.403242455135372e-14,3.3306690738754696e-16,5.3290705182007514e-15,2.2204460492503131e-16,0.00087845799862407148,0.00065208299201913178,2.0679515313825692e-25
2,8,0,10,1,0.60999999999999999,0.46999999999999997,0.53000000000000003,0.27625000000000005,0.35875000000000018,0,constant,1,0,0,1,direct,1.267919059802436e-13,3.3306690738754696e-16,5.3290705182007514e-15,2.2204460492503131e-16,0.00087845799862407148,0.00065208299201913178,2.0679515313825692e-25
2,8,0,10,1,0.60999999999999999,0.46999999999999997,0.53000000000000003,0.27625000000000005,0.35875000000000018,0,constant,1,0,0,1,fe_geometry,1.267919059802443e-13,3.3306690738754696e-16,5.3290705182007514e-15,2.2204460492503131e-16,0.00087845799862407148,0.00065208299201913178,2.0679515313825692e-25
2,8,0,10,1,0.60999999999999999,0.46999999999999997,0.53000000000000003,0.27625000000000005,0.35875000000000018,0,constant,1,0,0,1,reused,-4.5542777170732581e-15,3.3306690738754696e-16,5.3290705182007514e-15,2.2204460492503131e-16,0.00087845799862407148,0.00065208299201913178,2.0679515313825692e-25
2,8,0,10,1,0.60999999999999999,0.46999999999999997,0.53000000000000003,0.27625000000000005,0.35875000000000018,0,constant,1,0,0,1,reused_centered,-3.5658704293966891e-15,3.3306690738754696e-16,5.3290705182007514e-15,2.2204460492503131e-16,0.00087845799862407148,0.00065208299201913178,2.0679515313825692e-25
2,8,0,10,1,0.60999999999999999,0.46999999999999997,0.53000000000000003,0.27625000000000005,0.35875000000000018,0,constant,0,1,0,1,recursive,1.7711716835173069e-14,3.3306690738754696e-16,5.3290705182007514e-15,2.2204460492503131e-16,0.00087845799862407148,0.00065208299201913178,2.0679515313825692e-25
2,8,0,10,1,0.60999999999999999,0.46999999999999997,0.53000000000000003,0.27625000000000005,0.35875000000000018,0,constant,0,1,0,1,direct,1.3492052285256294e-13,3.3306690738754696e-16,5.3290705182007514e-15,2.2204460492503131e-16,0.00087845799862407148,0.00065208299201913178,2.0679515313825692e-25
2,8,0,10,1,0.60999999999999999,0.46999999999999997,0.53000000000000003,0.27625000000000005,0.35875000000000018,0,constant,0,1,0,1,fe_geometry,1.3492052285256039e-13,3.3306690738754696e-16,5.3290705182007514e-15,2.2204460492503131e-16,0.00087845799862407148,0.00065208299201913178,2.0679515313825692e-25
2,8,0,10,1,0.60999999999999999,0.46999999999999997,0.53000000000000003,0.27625000000000005,0.35875000000000018,0,constant,0,1,0,1,reused,-7.1544355878530468e-15,3.3306690738754696e-16,5.3290705182007514e-15,2.2204460492503131e-16,0.00087845799862407148,0.00065208299201913178,2.0679515313825692e-25
2,8,0,10,1,0.60999999999999999,0.46999999999999997,0.53000000000000003,0.27625000000000005,0.35875000000000018,0,constant,0,1,0,1,reused_centered,3.3791792625437621e-16,3.3306690738754696e-16,5.3290705182007514e-15,2.2204460492503131e-16,0.00087845799862407148,0.00065208299201913178,2.0679515313825692e-25
2,8,0,10,1,0.60999999999999999,0.46999999999999997,0.53000000000000003,0.27625000000000005,0.35875000000000018,0,constant,2,0,0,2,recursive,5.5242668595831982e-13,3.3306690738754696e-16,5.3290705182007514e-15,2.2204460492503131e-16,0.00087845799862407148,0.00065208299201913178,2.0679515313825692e-25
2,8,0,10,1,0.60999999999999999,0.46999999999999997,0.53000000000000003,0.27625000000000005,0.35875000000000018,0,constant,2,0,0,2,direct,-1.0571519858582175e-12,3.3306690738754696e-16,5.3290705182007514e-15,2.2204460492503131e-16,0.00087845799862407148,0.00065208299201913178,2.0679515313825692e-25
2,8,0,10,1,0.60999999999999999,0.46999999999999997,0.53000000000000003,0.27625000000000005,0.35875000000000018,0,constant,2,0,0,2,fe_geometry,-1.0571519858584085e-12,3.3306690738754696e-16,5.3290705182007514e-15,2.2204460492503131e-16,0.00087845799862407148,0.00065208299201913178,2.0679515313825692e-25
2,8,0,10,1,0.60999999999999999,0.46999999999999997,0.53000000000000003,0.27625000000000005,0.35875000000000018,0,constant,2,0,0,2,reused,9.3849758934180675e-14,3.3306690738754696e-16,5.3290705182007514e-15,2.2204460492503131e-16,0.00087845799862407148,0.00065208299201913178,2.0679515313825692e-25
2,8,0,10,1,0.60999999999999999,0.46999999999999997,0.53000000000000003,0.27625000000000005,0.35875000000000018,0,constant,2,0,0,2,reused_centered,8.9148729583773469e-16,3.3306690738754696e-16,5.3290705182007514e-15,2.2204460492503131e-16,0.00087845799862407148,0.00065208299201913178,2.0679515313825692e-25
2,8,0,10,1,0.60999999999999999,0.46999999999999997,0.53000000000000003,0.27625000000000005,0.35875000000000018,0,constant,1,1,0,2,recursive,2.7054782567900507e-13,3.3306690738754696e-16,5.3290705182007514e-15,2.2204460492503131e-16,0.00087845799862407148,0.00065208299201913178,2.0679515313825692e-25
2,8,0,10,1,0.60999999999999999,0.46999999999999997,0.53000000000000003,0.27625000000000005,0.35875000000000018,0,constant,1,1,0,2,direct,2.874613766890979e-12,3.3306690738754696e-16,5.3290705182007514e-15,2.2204460492503131e-16,0.00087845799862407148,0.00065208299201913178,2.0679515313825692e-25
2,8,0,10,1,0.60999999999999999,0.46999999999999997,0.53000000000000003,0.27625000000000005,0.35875000000000018,0,constant,1,1,0,2,fe_geometry,2.8746137668909709e-12,3.3306690738754696e-16,5.3290705182007514e-15,2.2204460492503131e-16,0.00087845799862407148,0.00065208299201913178,2.0679515313825692e-25
2,8,0,10,1,0.60999999999999999,0.46999999999999997,0.53000000000000003,0.27625000000000005,0.35875000000000018,0,constant,1,1,0,2,reused,1.7378798234216589e-15,3.3306690738754696e-16,5.3290705182007514e-15,2.2204460492503131e-16,0.00087845799862407148,0.00065208299201913178,2.0679515313825692e-25
2,8,0,10,1,0.60999999999999999,0.46999999999999997,0.53000000000000003,0.27625000000000005,0.35875000000000018,0,constant,1,1,0,2,reused_centered,-4.2931238666350435e-15,3.3306690738754696e-16,5.3290705182007514e-15,2.2204460492503131e-16,0.00087845799862407148,0.00065208299201913178,2.0679515313825692e-25
2,8,0,10,1,0.60999999999999999,0.46999999999999997,0.53000000000000003,0.27625000000000005,0.35875000000000018,0,constant,0,2,0,2,recursive,1.6923110788570615e-12,3.3306690738754696e-16,5.3290705182007514e-15,2.2204460492503131e-16,0.00087845799862407148,0.00065208299201913178,2.0679515313825692e-25
2,8,0,10,1,0.60999999999999999,0.46999999999999997,0.53000000000000003,0.27625000000000005,0.35875000000000018,0,constant,0,2,0,2,direct,2.6789270558980951e-12,3.3306690738754696e-16,5.3290705182007514e-15,2.2204460492503131e-16,0.00087845799862407148,0.00065208299201913178,2.0679515313825692e-25
2,8,0,10,1,0.60999999999999999,0.46999999999999997,0.53000000000000003,0.27625000000000005,0.35875000000000018,0,constant,0,2,0,2,fe_geometry,2.6789270558980261e-12,3.3306690738754696e-16,5.3290705182007514e-15,2.2204460492503131e-16,0.00087845799862407148,0.00065208299201913178,2.0679515313825692e-25
2,8,0,10,1,0.60999999999999999,0.46999999999999997,0.53000000000000003,0.27625000000000005,0.35875000000000018,0,constant,0,2,0,2,reused,1.0751263824864731e-13,3.3306690738754696e-16,5.3290705182007514e-15,2.2204460492503131e-16,0.00087845799862407148,0.00065208299201913178,2.0679515313825692e-25
2,8,0,10,1,0.60999999999999999,0.46999999999999997,0.53000000000000003,0.27625000000000005,0.35875000000000018,0,constant,0,2,0,2,reused_centered,-3.7575330856751141e-13,3.3306690738754696e-16,5.3290705182007514e-15,2.2204460492503131e-16,0.00087845799862407148,0.00065208299201913178,2.0679515313825692e-25
2,8,0,10,1,0.60999999999999999,0.46999999999999997,0.53000000000000003,0.27625000000000005,0.35875000000000018,0,constant,3,0,0,3,recursive,1.8308202248917861e-11,3.3306690738754696e-16,5.3290705182007514e-15,2.2204460492503131e-16,0.00087845799862407148,0.00065208299201913178,2.0679515313825692e-25
2,8,0,10,1,0.60999999999999999,0.46999999999999997,0.53000000000000003,0.27625000000000005,0.35875000000000018,0,constant,3,0,0,3,direct,-1.1727130323671728e-10,3.3306690738754696e-16,5.3290705182007514e-15,2.2204460492503131e-16,0.00087845799862407148,0.00065208299201913178,2.0679515313825692e-25
2,8,0,10,1,0.60999999999999999,0.46999999999999997,0.53000000000000003,0.27625000000000005,0.35875000000000018,0,constant,3,0,0,3,fe_geometry,-1.1727130323672333e-10,3.3306690738754696e-16,5.3290705182007514e-15,2.2204460492503131e-16,0.00087845799862407148,0.00065208299201913178,2.0679515313825692e-25
2,8,0,10,1,0.60999999999999999,0.46999999999999997,0.53000000000000003,0.27625000000000005,0.35875000000000018,0,constant,3,0,0,3,reused,-1.0174368713067583e-11,3.3306690738754696e-16,5.3290705182007514e-15,2.2204460492503131e-16,0.00087845799862407148,0.00065208299201913178,2.0679515313825692e-25
2,8,0,10,1,0.60999999999999999,0.46999999999999997,0.53000000000000003,0.27625000000000005,0.35875000000000018,0,constant,3,0,0,3,reused_centered,2.6017884236888579e-11,3.3306690738754696e-16,5.3290705182007514e-15,2.2204460492503131e-16,0.00087845799862407148,0.00065208299201913178,2.0679515313825692e-25
2,8,0,10,1,0.60999999999999999,0.46999999999999997,0.53000000000000003,0.27625000000000005,0.35875000000000018,0,constant,2,1,0,3,recursive,-9.2576372225702555e-11,3.3306690738754696e-16,5.3290705182007514e-15,2.2204460492503131e-16,0.00087845799862407148,0.00065208299201913178,2.0679515313825692e-25
2,8,0,10,1,0.60999999999999999,0.46999999999999997,0.53000000000000003,0.27625000000000005,0.35875000000000018,0,constant,2,1,0,3,direct,-7.3260994601296244e-11,3.3306690738754696e-16,5.3290705182007514e-15,2.2204460492503131e-16,0.00087845799862407148,0.00065208299201913178,2.0679515313825692e-25
2,8,0,10,1,0.60999999999999999,0.46999999999999997,0.53000000000000003,0.27625000000000005,0.35875000000000018,0,constant,2,1,0,3,fe_geometry,-7.3260994601298247e-11,3.3306690738754696e-16,5.3290705182007514e-15,2.2204460492503131e-16,0.00087845799862407148,0.00065208299201913178,2.0679515313825692e-25
2,8,0,10,1,0.60999999999999999,0.46999999999999997,0.53000000000000003,0.27625000000000005,0.35875000000000018,0,constant,2,1,0,3,reused,-1.0980001450949058e-13,3.3306690738754696e-16,5.3290705182007514e-15,2.2204460492503131e-16,0.00087845799862407148,0.00065208299201913178,2.0679515313825692e-25
2,8,0,10,1,0.60999999999999999,0.46999999999999997,0.53000000000000003,0.27625000000000005,0.35875000000000018,0,constant,2,1,0,3,reused_centered,1.0733046706180988e-15,3.3306690738754696e-16,5.3290705182007514e-15,2.2204460492503131e-16,0.00087845799862407148,0.00065208299201913178,2.0679515313825692e-25
2,8,0,10,1,0.60999999999999999,0.46999999999999997,0.53000000000000003,0.27625000000000005,0.35875000000000018,0,constant,1,2,0,3,recursive,-4.5977194878235642e-11,3.3306690738754696e-16,5.3290705182007514e-15,2.2204460492503131e-16,0.00087845799862407148,0.00065208299201913178,2.0679515313825692e-25
2,8,0,10,1,0.60999999999999999,0.46999999999999997,0.53000000000000003,0.27625000000000005,0.35875000000000018,0,constant,1,2,0,3,direct,4.7817402680520885e-11,3.3306690738754696e-16,5.3290705182007514e-15,2.2204460492503131e-16,0.00087845799862407148,0.00065208299201913178,2.0679515313825692e-25
2,8,0,10,1,0.60999999999999999,0.46999999999999997,0.53000000000000003,0.27625000000000005,0.35875000000000018,0,constant,1,2,0,3,fe_geometry,4.7817402680521331e-11,3.3306690738754696e-16,5.3290705182007514e-15,2.2204460492503131e-16,0.00087845799862407148,0.00065208299201913178,2.0679515313825692e-25
2,8,0,10,1,0.60999999999999999,0.46999999999999997,0.53000000000000003,0.27625000000000005,0.35875000000000018,0,constant,1,2,0,3,reused,-1.9324636037556376e-12,3.3306690738754696e-16,5.3290705182007514e-15,2.2204460492503131e-16,0.00087845799862407148,0.00065208299201913178,2.0679515313825692e-25
2,8,0,10,1,0.60999999999999999,0.46999999999999997,0.53000000000000003,0.27625000000000005,0.35875000000000018,0,constant,1,2,0,3,reused_centered,4.7738085838145035e-12,3.3306690738754696e-16,5.3290705182007514e-15,2.2204460492503131e-16,0.00087845799862407148,0.00065208299201913178,2.0679515313825692e-25
2,8,0,10,1,0.60999999999999999,0.46999999999999997,0.53000000000000003,0.27625000000000005,0.35875000000000018,0,constant,0,3,0,3,recursive,-2.6197107022615235e-10,3.3306690738754696e-16,5.3290705182007514e-15,2.2204460492503131e-16,0.00087845799862407148,0.00065208299201913178,2.0679515313825692e-25
2,8,0,10,1,0.60999999999999999,0.46999999999999997,0.53000000000000003,0.27625000000000005,0.35875000000000018,0,constant,0,3,0,3,direct,-6.3424462881416537e-10,3.3306690738754696e-16,5.3290705182007514e-15,2.2204460492503131e-16,0.00087845799862407148,0.00065208299201913178,2.0679515313825692e-25
2,8,0,10,1,0.60999999999999999,0.46999999999999997,0.53000000000000003,0.27625000000000005,0.35875000000000018,0,constant,0,3,0,3,fe_geometry,-6.3424462881414273e-10,3.3306690738754696e-16,5.3290705182007514e-15,2.2204460492503131e-16,0.00087845799862407148,0.00065208299201913178,2.0679515313825692e-25
2,8,0,10,1,0.60999999999999999,0.46999999999999997,0.53000000000000003,0.27625000000000005,0.35875000000000018,0,constant,0,3,0,3,reused,1.1409779928245353e-11,3.3306690738754696e-16,5.3290705182007514e-15,2.2204460492503131e-16,0.00087845799862407148,0.00065208299201913178,2.0679515313825692e-25
2,8,0,10,1,0.60999999999999999,0.46999999999999997,0.53000000000000003,0.27625000000000005,0.35875000000000018,0,constant,0,3,0,3,reused_centered,1.5492089034998865e-11,3.3306690738754696e-16,5.3290705182007514e-15,2.2204460492503131e-16,0.00087845799862407148,0.00065208299201913178,2.0679515313825692e-25
2,8,0,10,1,0.60999999999999999,0.46999999999999997,0.53000000000000003,0.27625000000000005,0.35875000000000018,0,constant,4,0,0,4,recursive,3.8009622733017597e-09,3.3306690738754696e-16,5.3290705182007514e-15,2.2204460492503131e-16,0.00087845799862407148,0.00065208299201913178,2.0679515313825692e-25
2,8,0,10,1,0.60999999999999999,0.46999999999999997,0.53000000000000003,0.27625000000000005,0.35875000000000018,0,constant,4,0,0,4,direct,-8.9200877565890398e-10,3.3306690738754696e-16,5.3290705182007514e-15,2.2204460492503131e-16,0.00087845799862407148,0.00065208299201913178,2.0679515313825692e-25
2,8,0,10,1,0.60999999999999999,0.46999999999999997,0.53000000000000003,0.27625000000000005,0.35875000000000018,0,constant,4,0,0,4,fe_geometry,-8.9200877565767934e-10,3.3306690738754696e-16,5.3290705182007514e-15,2.2204460492503131e-16,0.00087845799862407148,0.00065208299201913178,2.0679515313825692e-25
2,8,0,10,1,0.60999999999999999,0.46999999999999997,0.53000000000000003,0.27625000000000005,0.35875000000000018,0,constant,4,0,0,4,reused,-7.3087828983716401e-10,3.3306690738754696e-16,5.3290705182007514e-15,2.2204460492503131e-16,0.00087845799862407148,0.00065208299201913178,2.0679515313825692e-25
2,8,0,10,1,0.60999999999999999,0.46999999999999997,0.53000000000000003,0.27625000000000005,0.35875000000000018,0,constant,4,0,0,4,reused_centered,-4.3894916759573109e-10,3.3306690738754696e-16,5.3290705182007514e-15,2.2204460492503131e-16,0.00087845799862407148,0.00065208299201913178,2.0679515313825692e-25
2,8,0,10,1,0.60999999999999999,0.46999999999999997,0.53000000000000003,0.27625000000000005,0.35875000000000018,0,constant,3,1,0,4,recursive,-3.1013900436304434e-10,3.3306690738754696e-16,5.3290705182007514e-15,2.2204460492503131e-16,0.00087845799862407148,0.00065208299201913178,2.0679515313825692e-25
2,8,0,10,1,0.60999999999999999,0.46999999999999997,0.53000000000000003,0.27625000000000005,0.35875000000000018,0,constant,3,1,0,4,direct,-4.0561124347150319e-09,3.3306690738754696e-16,5.3290705182007514e-15,2.2204460492503131e-16,0.00087845799862407148,0.00065208299201913178,2.0679515313825692e-25
2,8,0,10,1,0.60999999999999999,0.46999999999999997,0.53000000000000003,0.27625000000000005,0.35875000000000018,0,constant,3,1,0,4,fe_geometry,-4.0561124347149153e-09,3.3306690738754696e-16,5.3290705182007514e-15,2.2204460492503131e-16,0.00087845799862407148,0.00065208299201913178,2.0679515313825692e-25
2,8,0,10,1,0.60999999999999999,0.46999999999999997,0.53000000000000003,0.27625000000000005,0.35875000000000018,0,constant,3,1,0,4,reused,-1.1483551191373109e-12,3.3306690738754696e-16,5.3290705182007514e-15,2.2204460492503131e-16,0.00087845799862407148,0.00065208299201913178,2.0679515313825692e-25
2,8,0,10,1,0.60999999999999999,0.46999999999999997,0.53000000000000003,0.27625000000000005,0.35875000000000018,0,constant,3,1,0,4,reused_centered,3.1324189139314459e-11,3.3306690738754696e-16,5.3290705182007514e-15,2.2204460492503131e-16,0.00087845799862407148,0.00065208299201913178,2.0679515313825692e-25
2,8,0,10,1,0.60999999999999999,0.46999999999999997,0.53000000000000003,0.27625000000000005,0.35875000000000018,0,constant,2,2,0,4,recursive,-7.4609957677314447e-10,3.3306690738754696e-16,5.3290705182007514e-15,2.2204460492503131e-16,0.00087845799862407148,0.00065208299201913178,2.0679515313825692e-25
2,8,0,10,1,0.60999999999999999,0.46999999999999997,0.53000000000000003,0.27625000000000005,0.35875000000000018,0,constant,2,2,0,4,direct,6.3037546537816445e-10,3.3306690738754696e-16,5.3290705182007514e-15,2.2204460492503131e-16,0.00087845799862407148,0.00065208299201913178,2.0679515313825692e-25
2,8,0,10,1,0.60999999999999999,0.46999999999999997,0.53000000000000003,0.27625000000000005,0.35875000000000018,0,constant,2,2,0,4,fe_geometry,6.3037546537877491e-10,3.3306690738754696e-16,5.3290705182007514e-15,2.2204460492503131e-16,0.00087845799862407148,0.00065208299201913178,2.0679515313825692e-25
2,8,0,10,1,0.60999999999999999,0.46999999999999997,0.53000000000000003,0.27625000000000005,0.35875000000000018,0,constant,2,2,0,4,reused,1.2209390365883607e-10,3.3306690738754696e-16,5.3290705182007514e-15,2.2204460492503131e-16,0.00087845799862407148,0.00065208299201913178,2.0679515313825692e-25
2,8,0,10,1,0.60999999999999999,0.46999999999999997,0.53000000000000003,0.27625000000000005,0.35875000000000018,0,constant,2,2,0,4,reused_centered,-1.1934785039149934e-12,3.3306690738754696e-16,5.3290705182007514e-15,2.2204460492503131e-16,0.00087845799862407148,0.00065208299201913178,2.0679515313825692e-25
2,8,0,10,1,0.60999999999999999,0.46999999999999997,0.53000000000000003,0.27625000000000005,0.35875000000000018,0,constant,1,3,0,4,recursive,-2.6379800956711848e-10,3.3306690738754696e-16,5.3290705182007514e-15,2.2204460492503131e-16,0.00087845799862407148,0.00065208299201913178,2.0679515313825692e-25
2,8,0,10,1,0.60999999999999999,0.46999999999999997,0.53000000000000003,0.27625000000000005,0.35875000000000018,0,constant,1,3,0,4,direct,-3.6106548341922468e-09,3.3306690738754696e-16,5.3290705182007514e-15,2.2204460492503131e-16,0.00087845799862407148,0.00065208299201913178,2.0679515313825692e-25
2,8,0,10,1,0.60999999999999999,0.46999999999999997,0.53000000000000003,0.27625000000000005,0.35875000000000018,0,constant,1,3,0,4,fe_geometry,-3.6106548341921356e-09,3.3306690738754696e-16,5.3290705182007514e-15,2.2204460492503131e-16,0.00087845799862407148,0.00065208299201913178,2.0679515313825692e-25
2,8,0,10,1,0.60999999999999999,0.46999999999999997,0.53000000000000003,0.27625000000000005,0.35875000000000018,0,constant,1,3,0,4,reused,7.967434357506629e-11,3.3306690738754696e-16,5.3290705182007514e-15,2.2204460492503131e-16,0.00087845799862407148,0.00065208299201913178,2.0679515313825692e-25
2,8,0,10,1,0.60999999999999999,0.46999999999999997,0.53000000000000003,0.27625000000000005,0.35875000000000018,0,constant,1,3,0,4,reused_centered,-1.9682133445062042e-10,3.3306690738754696e-16,5.3290705182007514e-15,2.2204460492503131e-16,0.00087845799862407148,0.00065208299201913178,2.0679515313825692e-25
2,8,0,10,1,0.60999999999999999,0.46999999999999997,0.53000000000000003,0.27625000000000005,0.35875000000000018,0,constant,0,4,0,4,recursive,5.7568454672616326e-09,3.3306690738754696e-16,5.3290705182007514e-15,2.2204460492503131e-16,0.00087845799862407148,0.00065208299201913178,2.0679515313825692e-25
2,8,0,10,1,0.60999999999999999,0.46999999999999997,0.53000000000000003,0.27625000000000005,0.35875000000000018,0,constant,0,4,0,4,direct,-6.370950140431529e-09,3.3306690738754696e-16,5.3290705182007514e-15,2.2204460492503131e-16,0.00087845799862407148,0.00065208299201913178,2.0679515313825692e-25
2,8,0,10,1,0.60999999999999999,0.46999999999999997,0.53000000000000003,0.27625000000000005,0.35875000000000018,0,constant,0,4,0,4,fe_geometry,-6.3709501404314156e-09,3.3306690738754696e-16,5.3290705182007514e-15,2.2204460492503131e-16,0.00087845799862407148,0.00065208299201913178,2.0679515313825692e-25
2,8,0,10,1,0.60999999999999999,0.46999999999999997,0.53000000000000003,0.27625000000000005,0.35875000000000018,0,constant,0,4,0,4,reused,-1.320069742567523e-09,3.3306690738754696e-16,5.3290705182007514e-15,2.2204460492503131e-16,0.00087845799862407148,0.00065208299201913178,2.0679515313825692e-25
2,8,0,10,1,0.60999999999999999,0.46999999999999997,0.53000000000000003,0.27625000000000005,0.35875000000000018,0,constant,0,4,0,4,reused_centered,1.2254172471803031e-09,3.3306690738754696e-16,5.3290705182007514e-15,2.2204460492503131e-16,0.00087845799862407148,0.00065208299201913178,2.0679515313825692e-25
2,8,0,10,1,0.60999999999999999,0.46999999999999997,0.53000000000000003,0.27625000000000005,0.35875000000000018,0,constant,5,0,0,5,recursive,-2.730876414254001e-07,3.3306690738754696e-16,5.3290705182007514e-15,2.2204460492503131e-16,0.00087845799862407148,0.00065208299201913178,2.0679515313825692e-25
2,8,0,10,1,0.60999999999999999,0.46999999999999997,0.53000000000000003,0.27625000000000005,0.35875000000000018,0,constant,5,0,0,5,direct,-1.6712448164820658e-07,3.3306690738754696e-16,5.3290705182007514e-15,2.2204460492503131e-16,0.00087845799862407148,0.00065208299201913178,2.0679515313825692e-25
2,8,0,10,1,0.60999999999999999,0.46999999999999997,0.53000000000000003,0.27625000000000005,0.35875000000000018,0,constant,5,0,0,5,fe_geometry,-1.6712448164816095e-07,3.3306690738754696e-16,5.3290705182007514e-15,2.2204460492503131e-16,0.00087845799862407148,0.00065208299201913178,2.0679515313825692e-25
2,8,0,10,1,0.60999999999999999,0.46999999999999997,0.53000000000000003,0.27625000000000005,0.35875000000000018,0,constant,5,0,0,5,reused,9.2094199769287272e-08,3.3306690738754696e-16,5.3290705182007514e-15,2.2204460492503131e-16,0.00087845799862407148,0.00065208299201913178,2.0679515313825692e-25
2,8,0,10,1,0.60999999999999999,0.46999999999999997,0.53000000000000003,0.27625000000000005,0.35875000000000018,0,constant,5,0,0,5,reused_centered,-1.048409958911098e-07,3.3306690738754696e-16,5.3290705182007514e-15,2.2204460492503131e-16,0.00087845799862407148,0.00065208299201913178,2.0679515313825692e-25
2,8,0,10,1,0.60999999999999999,0.46999999999999997,0.53000000000000003,0.27625000000000005,0.35875000000000018,0,constant,4,1,0,5,recursive,5.4333127765052904e-07,3.3306690738754696e-16,5.3290705182007514e-15,2.2204460492503131e-16,0.00087845799862407148,0.00065208299201913178,2.0679515313825692e-25
2,8,0,10,1,0.60999999999999999,0.46999999999999997,0.53000000000000003,0.27625000000000005,0.35875000000000018,0,constant,4,1,0,5,direct,-5.2423044964671137e-07,3.3306690738754696e-16,5.3290705182007514e-15,2.2204460492503131e-16,0.00087845799862407148,0.00065208299201913178,2.0679515313825692e-25
2,8,0,10,1,0.60999999999999999,0.46999999999999997,0.53000000000000003,0.27625000000000005,0.35875000000000018,0,constant,4,1,0,5,fe_geometry,-5.2423044964669157e-07,3.3306690738754696e-16,5.3290705182007514e-15,2.2204460492503131e-16,0.00087845799862407148,0.00065208299201913178,2.0679515313825692e-25
2,8,0,10,1,0.60999999999999999,0.46999999999999997,0.53000000000000003,0.27625000000000005,0.35875000000000018,0,constant,4,1,0,5,reused,2.6133523937770302e-10,3.3306690738754696e-16,5.3290705182007514e-15,2.2204460492503131e-16,0.00087845799862407148,0.00065208299201913178,2.0679515313825692e-25
2,8,0,10,1,0.60999999999999999,0.46999999999999997,0.53000000000000003,0.27625000000000005,0.35875000000000018,0,constant,4,1,0,5,reused_centered,-5.2847213182814279e-10,3.3306690738754696e-16,5.3290705182007514e-15,2.2204460492503131e-16,0.00087845799862407148,0.00065208299201913178,2.0679515313825692e-25
2,8,0,10,1,0.60999999999999999,0.46999999999999997,0.53000000000000003,0.27625000000000005,0.35875000000000018,0,constant,3,2,0,5,recursive,3.2891168812201307e-07,3.3306690738754696e-16,5.3290705182007514e-15,2.2204460492503131e-16,0.00087845799862407148,0.00065208299201913178,2.0679515313825692e-25
2,8,0,10,1,0.60999999999999999,0.46999999999999997,0.53000000000000003,0.27625000000000005,0.35875000000000018,0,constant,3,2,0,5,direct,-1.9956129044294364e-07,3.3306690738754696e-16,5.3290705182007514e-15,2.2204460492503131e-16,0.00087845799862407148,0.00065208299201913178,2.0679515313825692e-25
2,8,0,10,1,0.60999999999999999,0.46999999999999997,0.53000000000000003,0.27625000000000005,0.35875000000000018,0,constant,3,2,0,5,fe_geometry,-1.9956129044292826e-07,3.3306690738754696e-16,5.3290705182007514e-15,2.2204460492503131e-16,0.00087845799862407148,0.00065208299201913178,2.0679515313825692e-25
2,8,0,10,1,0.60999999999999999,0.46999999999999997,0.53000000000000003,0.27625000000000005,0.35875000000000018,0,constant,3,2,0,5,reused,1.2769320651573224e-09,3.3306690738754696e-16,5.3290705182007514e-15,2.2204460492503131e-16,0.00087845799862407148,0.00065208299201913178,2.0679515313825692e-25
2,8,0,10,1,0.60999999999999999,0.46999999999999997,0.53000000000000003,0.27625000000000005,0.35875000000000018,0,constant,3,2,0,5,reused_centered,-3.4831439212939676e-08,3.3306690738754696e-16,5.3290705182007514e-15,2.2204460492503131e-16,0.00087845799862407148,0.00065208299201913178,2.0679515313825692e-25
2,8,0,10,1,0.60999999999999999,0.46999999999999997,0.53000000000000003,0.27625000000000005,0.35875000000000018,0,constant,2,3,0,5,recursive,4.9329977330664586e-07,3.3306690738754696e-16,5.3290705182007514e-15,2.2204460492503131e-16,0.00087845799862407148,0.00065208299201913178,2.0679515313825692e-25
2,8,0,10,1,0.60999999999999999,0.46999999999999997,0.53000000000000003,0.27625000000000005,0.35875000000000018,0,constant,2,3,0,5,direct,3.3159947544336323e-07,3.3306690738754696e-16,5.3290705182007514e-15,2.2204460492503131e-16,0.00087845799862407148,0.00065208299201913178,2.0679515313825692e-25
2,8,0,10,1,0.60999999999999999,0.46999999999999997,0.53000000000000003,0.27625000000000005,0.35875000000000018,0,constant,2,3,0,5,fe_geometry,3.3159947544335905e-07,3.3306690738754696e-16,5.3290705182007514e-15,2.2204460492503131e-16,0.00087845799862407148,0.00065208299201913178,2.0679515313825692e-25
2,8,0,10,1,0.60999999999999999,0.46999999999999997,0.53000000000000003,0.27625000000000005,0.35875000000000018,0,constant,2,3,0,5,reused,-5.0338602029193171e-09,3.3306690738754696e-16,5.3290705182007514e-15,2.2204460492503131e-16,0.00087845799862407148,0.00065208299201913178,2.0679515313825692e-25
2,8,0,10,1,0.60999999999999999,0.46999999999999997,0.53000000000000003,0.27625000000000005,0.35875000000000018,0,constant,2,3,0,5,reused_centered,4.9206420335816968e-11,3.3306690738754696e-16,5.3290705182007514e-15,2.2204460492503131e-16,0.00087845799862407148,0.00065208299201913178,2.0679515313825692e-25
2,8,0,10,1,0.60999999999999999,0.46999999999999997,0.53000000000000003,0.27625000000000005,0.35875000000000018,0,constant,1,4,0,5,recursive,1.2474596893366394e-07,3.3306690738754696e-16,5.3290705182007514e-15,2.2204460492503131e-16,0.00087845799862407148,0.00065208299201913178,2.0679515313825692e-25
2,8,0,10,1,0.60999999999999999,0.46999999999999997,0.53000000000000003,0.27625000000000005,0.35875000000000018,0,constant,1,4,0,5,direct,-1.274350091814995e-07,3.3306690738754696e-16,5.3290705182007514e-15,2.2204460492503131e-16,0.00087845799862407148,0.00065208299201913178,2.0679515313825692e-25
2,8,0,10,1,0.60999999999999999,0.46999999999999997,0.53000000000000003,0.27625000000000005,0.35875000000000018,0,constant,1,4,0,5,fe_geometry,-1.2743500918151999e-07,3.3306690738754696e-16,5.3290705182007514e-15,2.2204460492503131e-16,0.00087845799862407148,0.00065208299201913178,2.0679515313825692e-25
2,8,0,10,1,0.60999999999999999,0.46999999999999997,0.53000000000000003,0.27625000000000005,0.35875000000000018,0,constant,1,4,0,5,reused,6.3022045996566694e-09,3.3306690738754696e-16,5.3290705182007514e-15,2.2204460492503131e-16,0.00087845799862407148,0.00065208299201913178,2.0679515313825692e-25
2,8,0,10,1,0.60999999999999999,0.46999999999999997,0.53000000000000003,0.27625000000000005,0.35875000000000018,0,constant,1,4,0,5,reused_centered,-1.5568478679923138e-08,3.3306690738754696e-16,5.3290705182007514e-15,2.2204460492503131e-16,0.00087845799862407148,0.00065208299201913178,2.0679515313825692e-25
2,8,0,10,1,0.60999999999999999,0.46999999999999997,0.53000000000000003,0.27625000000000005,0.35875000000000018,0,constant,0,5,0,5,recursive,1.1610697727428003e-06,3.3306690738754696e-16,5.3290705182007514e-15,2.2204460492503131e-16,0.00087845799862407148,0.00065208299201913178,2.0679515313825692e-25
2,8,0,10,1,0.60999999999999999,0.46999999999999997,0.53000000000000003,0.27625000000000005,0.35875000000000018,0,constant,0,5,0,5,direct,1.8745717960596087e-06,3.3306690738754696e-16,5.3290705182007514e-15,2.2204460492503131e-16,0.00087845799862407148,0.00065208299201913178,2.0679515313825692e-25
2,8,0,10,1,0.60999999999999999,0.46999999999999997,0.53000000000000003,0.27625000000000005,0.35875000000000018,0,constant,0,5,0,5,fe_geometry,1.8745717960594856e-06,3.3306690738754696e-16,5.3290705182007514e-15,2.2204460492503131e-16,0.00087845799862407148,0.00065208299201913178,2.0679515313825692e-25
2,8,0,10,1,0.60999999999999999,0.46999999999999997,0.53000000000000003,0.27625000000000005,0.35875000000000018,0,constant,0,5,0,5,reused,-3.230550219143137e-08,3.3306690738754696e-16,5.3290705182007514e-15,2.2204460492503131e-16,0.00087845799862407148,0.00065208299201913178,2.0679515313825692e-25
2,8,0,10,1,0.60999999999999999,0.46999999999999997,0.53000000000000003,0.27625000000000005,0.35875000000000018,0,constant,0,5,0,5,reused_centered,-9.2045340342259045e-08,3.3306690738754696e-16,5.3290705182007514e-15,2.2204460492503131e-16,0.00087845799862407148,0.00065208299201913178,2.0679515313825692e-25
2,8,0,10,1,0.60999999999999999,0.46999999999999997,0.53000000000000003,0.27625000000000005,0.35875000000000018,0,constant,6,0,0,6,recursive,-3.4468111673256033e-05,3.3306690738754696e-16,5.3290705182007514e-15,2.2204460492503131e-16,0.00087845799862407148,0.00065208299201913178,2.0679515313825692e-25
2,8,0,10,1,0.60999999999999999,0.46999999999999997,0.53000000000000003,0.27625000000000005,0.35875000000000018,0,constant,6,0,0,6,direct,0,3.3306690738754696e-16,5.3290705182007514e-15,2.2204460492503131e-16,0.00087845799862407148,0.00065208299201913178,2.0679515313825692e-25
2,8,0,10,1,0.60999999999999999,0.46999999999999997,0.53000000000000003,0.27625000000000005,0.35875000000000018,0,constant,6,0,0,6,fe_geometry,3.2266744764203136e-18,3.3306690738754696e-16,5.3290705182007514e-15,2.2204460492503131e-16,0.00087845799862407148,0.00065208299201913178,2.0679515313825692e-25
2,8,0,10,1,0.60999999999999999,0.46999999999999997,0.53000000000000003,0.27625000000000005,0.35875000000000018,0,constant,6,0,0,6,reused,2.5157373010072283e-19,3.3306690738754696e-16,5.3290705182007514e-15,2.2204460492503131e-16,0.00087845799862407148,0.00065208299201913178,2.0679515313825692e-25
2,8,0,10,1,0.60999999999999999,0.46999999999999997,0.53000000000000003,0.27625000000000005,0.35875000000000018,0,constant,6,0,0,6,reused_centered,-1.9051106591311989e-19,3.3306690738754696e-16,5.3290705182007514e-15,2.2204460492503131e-16,0.00087845799862407148,0.00065208299201913178,2.0679515313825692e-25
2,8,0,10,1,0.60999999999999999,0.46999999999999997,0.53000000000000003,0.27625000000000005,0.35875000000000018,0,constant,5,1,0,6,recursive,5.988227711760533e-06,3.3306690738754696e-16,5.3290705182007514e-15,2.2204460492503131e-16,0.00087845799862407148,0.00065208299201913178,2.0679515313825692e-25
2,8,0,10,1,0.60999999999999999,0.46999999999999997,0.53000000000000003,0.27625000000000005,0.35875000000000018,0,constant,5,1,0,6,direct,-3.520806133747101e-05,3.3306690738754696e-16,5.3290705182007514e-15,2.2204460492503131e-16,0.00087845799862407148,0.00065208299201913178,2.0679515313825692e-25
2,8,0,10,1,0.60999999999999999,0.46999999999999997,0.53000000000000003,0.27625000000000005,0.35875000000000018,0,constant,5,1,0,6,fe_geometry,-3.5208061337466653e-05,3.3306690738754696e-16,5.3290705182007514e-15,2.2204460492503131e-16,0.00087845799862407148,0.00065208299201913178,2.0679515313825692e-25
2,8,0,10,1,0.60999999999999999,0.46999999999999997,0.53000000000000003,0.27625000000000005,0.35875000000000018,0,constant,5,1,0,6,reused,-4.4585354674385476e-08,3.3306690738754696e-16,5.3290705182007514e-15,2.2204460492503131e-16,0.00087845799862407148,0.00065208299201913178,2.0679515313825692e-25
2,8,0,10,1,0.60999999999999999,0.46999999999999997,0.53000000000000003,0.27625000000000005,0.35875000000000018,0,constant,5,1,0,6,reused_centered,-1.2622314539282514e-07,3.3306690738754696e-16,5.3290705182007514e-15,2.2204460492503131e-16,0.00087845799862407148,0.00065208299201913178,2.0679515313825692e-25
2,8,0,10,1,0.60999999999999999,0.46999999999999997,0.53000000000000003,0.27625000000000005,0.35875000000000018,0,constant,4,2,0,6,recursive,6.6757202029889496e-06,3.3306690738754696e-16,5.3290705182007514e-15,2.2204460492503131e-16,0.00087845799862407148,0.00065208299201913178,2.0679515313825692e-25
2,8,0,10,1,0.60999999999999999,0.46999999999999997,0.53000000000000003,0.27625000000000005,0.35875000000000018,0,constant,4,2,0,6,direct,5.213563442230219e-06,3.3306690738754696e-16,5.3290705182007514e-15,2.2204460492503131e-16,0.00087845799862407148,0.00065208299201913178,2.0679515313825692e-25
2,8,0,10,1,0.60999999999999999,0.46999999999999997,0.53000000000000003,0.27625000000000005,0.35875000000000018,0,constant,4,2,0,6,fe_geometry,5.2135634422282429e-06,3.3306690738754696e-16,5.3290705182007514e-15,2.2204460492503131e-16,0.00087845799862407148,0.00065208299201913178,2.0679515313825692e-25
2,8,0,10,1,0.60999999999999999,0.46999999999999997,0.53000000000000003,0.27625000000000005,0.35875000000000018,0,constant,4,2,0,6,reused,-2.90595950116726e-07,3.3306690738754696e-16,5.3290705182007514e-15,2.2204460492503131e-16,0.00087845799862407148,0.00065208299201913178,2.0679515313825692e-25
2,8,0,10,1,0.60999999999999999,0.46999999999999997,0.53000000000000003,0.27625000000000005,0.35875000000000018,0,constant,4,2,0,6,reused_centered,5.8764314228918827e-07,3.3306690738754696e-16,5.3290705182007514e-15,2.2204460492503131e-16,0.00087845799862407148,0.00065208299201913178,2.0679515313825692e-25
2,8,0,10,1,0.60999999999999999,0.46999999999999997,0.53000000000000003,0.27625000000000005,0.35875000000000018,0,constant,3,3,0,6,recursive,-2.7209658282148142e-05,3.3306690738754696e-16,5.3290705182007514e-15,2.2204460492503131e-16,0.00087845799862407148,0.00065208299201913178,2.0679515313825692e-25
2,8,0,10,1,0.60999999999999999,0.46999999999999997,0.53000000000000003,0.27625000000000005,0.35875000000000018,0,constant,3,3,0,6,direct,4.4445168972015347e-06,3.3306690738754696e-16,5.3290705182007514e-15,2.2204460492503131e-16,0.00087845799862407148,0.00065208299201913178,2.0679515313825692e-25
2,8,0,10,1,0.60999999999999999,0.46999999999999997,0.53000000000000003,0.27625000000000005,0.35875000000000018,0,constant,3,3,0,6,fe_geometry,4.4445168971998737e-06,3.3306690738754696e-16,5.3290705182007514e-15,2.2204460492503131e-16,0.00087845799862407148,0.00065208299201913178,2.0679515313825692e-25
2,8,0,10,1,0.60999999999999999,0.46999999999999997,0.53000000000000003,0.27625000000000005,0.35875000000000018,0,constant,3,3,0,6,reused,-5.2647161831994595e-08,3.3306690738754696e-16,5.3290705182007514e-15,2.2204460492503131e-16,0.00087845799862407148,0.00065208299201913178,2.0679515313825692e-25
2,8,0,10,1,0.60999999999999999,0.46999999999999997,0.53000000000000003,0.27625000000000005,0.35875000000000018,0,constant,3,3,0,6,reused_centered,1.4360798566516302e-06,3.3306690738754696e-16,5.3290705182007514e-15,2.2204460492503131e-16,0.00087845799862407148,0.00065208299201913178,2.0679515313825692e-25
2,8,0,10,1,0.60999999999999999,0.46999999999999997,0.53000000000000003,0.27625000000000005,0.35875000000000018,0,constant,2,4,0,6,recursive,2.5967982691941254e-06,3.3306690738754696e-16,5.3290705182007514e-15,2.2204460492503131e-16,0.00087845799862407148,0.00065208299201913178,2.0679515313825692e-25
2,8,0,10,1,0.60999999999999999,0.46999999999999997,0.53000000000000003,0.27625000000000005,0.35875000000000018,0,constant,2,4,0,6,direct,1.5006995201110842e-06,3.3306690738754696e-16,5.3290705182007514e-15,2.2204460492503131e-16,0.00087845799862407148,0.00065208299201913178,2.0679515313825692e-25
2,8,0,10,1,0.60999999999999999,0.46999999999999997,0.53000000000000003,0.27625000000000005,0.35875000000000018,0,constant,2,4,0,6,fe_geometry,1.5006995201078214e-06,3.3306690738754696e-16,5.3290705182007514e-15,2.2204460492503131e-16,0.00087845799862407148,0.00065208299201913178,2.0679515313825692e-25
2,8,0,10,1,0.60999999999999999,0.46999999999999997,0.53000000000000003,0.27625000000000005,0.35875000000000018,0,constant,2,4,0,6,reused,-3.9817606899988239e-07,3.3306690738754696e-16,5.3290705182007514e-15,2.2204460492503131e-16,0.00087845799862407148,0.00065208299201913178,2.0679515313825692e-25
2,8,0,10,1,0.60999999999999999,0.46999999999999997,0.53000000000000003,0.27625000000000005,0.35875000000000018,0,constant,2,4,0,6,reused_centered,3.8922056293079351e-09,3.3306690738754696e-16,5.3290705182007514e-15,2.2204460492503131e-16,0.00087845799862407148,0.00065208299201913178,2.0679515313825692e-25
2,8,0,10,1,0.60999999999999999,0.46999999999999997,0.53000000000000003,0.27625000000000005,0.35875000000000018,0,constant,1,5,0,6,recursive,2.0821803328937934e-06,3.3306690738754696e-16,5.3290705182007514e-15,2.2204460492503131e-16,0.00087845799862407148,0.00065208299201913178,2.0679515313825692e-25
2,8,0,10,1,0.60999999999999999,0.46999999999999997,0.53000000000000003,0.27625000000000005,0.35875000000000018,0,constant,1,5,0,6,direct,3.4459090232849124e-06,3.3306690738754696e-16,5.3290705182007514e-15,2.2204460492503131e-16,0.00087845799862407148,0.00065208299201913178,2.0679515313825692e-25
2,8,0,10,1,0.60999999999999999,0.46999999999999997,0.53000000000000003,0.27625000000000005,0.35875000000000018,0,constant,1,5,0,6,fe_geometry,3.4459090232848073e-06,3.3306690738754696e-16,5.3290705182007514e-15,2.2204460492503131e-16,0.00087845799862407148,0.00065208299201913178,2.0679515313825692e-25
2,8,0,10,1,0.60999999999999999,0.46999999999999997,0.53000000000000003,0.27625000000000005,0.35875000000000018,0,constant,1,5,0,6,reused,-4.7338044948913554e-07,3.3306690738754696e-16,5.3290705182007514e-15,2.2204460492503131e-16,0.00087845799862407148,0.00065208299201913178,2.0679515313825692e-25
2,8,0,10,1,0.60999999999999999,0.46999999999999997,0.53000000000000003,0.27625000000000005,0.35875000000000018,0,constant,1,5,0,6,reused_centered,1.1694024398644545e-06,3.3306690738754696e-16,5.3290705182007514e-15,2.2204460492503131e-16,0.00087845799862407148,0.00065208299201913178,2.0679515313825692e-25
2,8,0,10,1,0.60999999999999999,0.46999999999999997,0.53000000000000003,0.27625000000000005,0.35875000000000018,0,constant,0,6,0,6,recursive,-7.1824758291209211e-05,3.3306690738754696e-16,5.3290705182007514e-15,2.2204460492503131e-16,0.00087845799862407148,0.00065208299201913178,2.0679515313825692e-25
2,8,0,10,1,0.60999999999999999,0.46999999999999997,0.53000000000000003,0.27625000000000005,0.35875000000000018,0,constant,0,6,0,6,direct,0,3.3306690738754696e-16,5.3290705182007514e-15,2.2204460492503131e-16,0.00087845799862407148,0.00065208299201913178,2.0679515313825692e-25
2,8,0,10,1,0.60999999999999999,0.46999999999999997,0.53000000000000003,0.27625000000000005,0.35875000000000018,0,constant,0,6,0,6,fe_geometry,-1.6984653288667202e-18,3.3306690738754696e-16,5.3290705182007514e-15,2.2204460492503131e-16,0.00087845799862407148,0.00065208299201913178,2.0679515313825692e-25
2,8,0,10,1,0.60999999999999999,0.46999999999999997,0.53000000000000003,0.27625000000000005,0.35875000000000018,0,constant,0,6,0,6,reused,-1.0196614407631276e-20,3.3306690738754696e-16,5.3290705182007514e-15,2.2204460492503131e-16,0.00087845799862407148,0.00065208299201913178,2.0679515313825692e-25
2,8,0,10,1,0.60999999999999999,0.46999999999999997,0.53000000000000003,0.27625000000000005,0.35875000000000018,0,constant,0,6,0,6,reused_centered,-1.8240750820233501e-19,3.3306690738754696e-16,5.3290705182007514e-15,2.2204460492503131e-16,0.00087845799862407148,0.00065208299201913178,2.0679515313825692e-25
2,8,0,10,1,0.60999999999999999,0.46999999999999997,0.53000000000000003,0.27625000000000005,0.35875000000000018,0,constant,7,0,0,7,recursive,6.015236638257075e-18,3.3306690738754696e-16,5.3290705182007514e-15,2.2204460492503131e-16,0.00087845799862407148,0.00065208299201913178,2.0679515313825692e-25
2,8,0,10,1,0.60999999999999999,0.46999999999999997,0.53000000000000003,0.27625000000000005,0.35875000000000018,0,constant,7,0,0,7,direct,0,3.3306690738754696e-16,5.3290705182007514e-15,2.2204460492503131e-16,0.00087845799862407148,0.00065208299201913178,2.0679515313825692e-25
2,8,0,10,1,0.60999999999999999,0.46999999999999997,0.53000000000000003,0.27625000000000005,0.35875000000000018,0,constant,7,0,0,7,fe_geometry,2.2315645746825462e-16,3.3306690738754696e-16,5.3290705182007514e-15,2.2204460492503131e-16,0.00087845799862407148,0.00065208299201913178,2.0679515313825692e-25
2,8,0,10,1,0.60999999999999999,0.46999999999999997,0.53000000000000003,0.27625000000000005,0.35875000000000018,0,constant,7,0,0,7,reused,-1.840249783849196e-17,3.3306690738754696e-16,5.3290705182007514e-15,2.2204460492503131e-16,0.00087845799862407148,0.00065208299201913178,2.0679515313825692e-25
2,8,0,10,1,0.60999999999999999,0.46999999999999997,0.53000000000000003,0.27625000000000005,0.35875000000000018,0,constant,7,0,0,7,reused_centered,2.5145197595039156e-17,3.3306690738754696e-16,5.3290705182007514e-15,2.2204460492503131e-16,0.00087845799862407148,0.00065208299201913178,2.0679515313825692e-25
2,8,0,10,1,0.60999999999999999,0.46999999999999997,0.53000000000000003,0.27625000000000005,0.35875000000000018,0,constant,6,1,0,7,recursive,-0.0011276367372120226,3.3306690738754696e-16,5.3290705182007514e-15,2.2204460492503131e-16,0.00087845799862407148,0.00065208299201913178,2.0679515313825692e-25
2,8,0,10,1,0.60999999999999999,0.46999999999999997,0.53000000000000003,0.27625000000000005,0.35875000000000018,0,constant,6,1,0,7,direct,0,3.3306690738754696e-16,5.3290705182007514e-15,2.2204460492503131e-16,0.00087845799862407148,0.00065208299201913178,2.0679515313825692e-25
2,8,0,10,1,0.60999999999999999,0.46999999999999997,0.53000000000000003,0.27625000000000005,0.35875000000000018,0,constant,6,1,0,7,fe_geometry,1.4618726733508314e-16,3.3306690738754696e-16,5.3290705182007514e-15,2.2204460492503131e-16,0.00087845799862407148,0.00065208299201913178,2.0679515313825692e-25
2,8,0,10,1,0.60999999999999999,0.46999999999999997,0.53000000000000003,0.27625000000000005,0.35875000000000018,0,constant,6,1,0,7,reused,-1.8457475060814601e-18,3.3306690738754696e-16,5.3290705182007514e-15,2.2204460492503131e-16,0.00087845799862407148,0.00065208299201913178,2.0679515313825692e-25
2,8,0,10,1,0.60999999999999999,0.46999999999999997,0.53000000000000003,0.27625000000000005,0.35875000000000018,0,constant,6,1,0,7,reused_centered,8.464592470840253e-18,3.3306690738754696e-16,5.3290705182007514e-15,2.2204460492503131e-16,0.00087845799862407148,0.00065208299201913178,2.0679515313825692e-25
2,8,0,10,1,0.60999999999999999,0.46999999999999997,0.53000000000000003,0.27625000000000005,0.35875000000000018,0,constant,5,2,0,7,recursive,-0.0017340608350478843,3.3306690738754696e-16,5.3290705182007514e-15,2.2204460492503131e-16,0.00087845799862407148,0.00065208299201913178,2.0679515313825692e-25
2,8,0,10,1,0.60999999999999999,0.46999999999999997,0.53000000000000003,0.27625000000000005,0.35875000000000018,0,constant,5,2,0,7,direct,0.0009440975189208983,3.3306690738754696e-16,5.3290705182007514e-15,2.2204460492503131e-16,0.00087845799862407148,0.00065208299201913178,2.0679515313825692e-25
2,8,0,10,1,0.60999999999999999,0.46999999999999997,0.53000000000000003,0.27625000000000005,0.35875000000000018,0,constant,5,2,0,7,fe_geometry,0.00094409751892078489,3.3306690738754696e-16,5.3290705182007514e-15,2.2204460492503131e-16,0.00087845799862407148,0.00065208299201913178,2.0679515313825692e-25
2,8,0,10,1,0.60999999999999999,0.46999999999999997,0.53000000000000003,0.27625000000000005,0.35875000000000018,0,constant,5,2,0,7,reused,4.9577406911339608e-05,3.3306690738754696e-16,5.3290705182007514e-15,2.2204460492503131e-16,0.00087845799862407148,0.00065208299201913178,2.0679515313825692e-25
2,8,0,10,1,0.60999999999999999,0.46999999999999997,0.53000000000000003,0.27625000000000005,0.35875000000000018,0,constant,5,2,0,7,reused_centered,0.00014035586991457814,3.3306690738754696e-16,5.3290705182007514e-15,2.2204460492503131e-16,0.00087845799862407148,0.00065208299201913178,2.0679515313825692e-25
2,8,0,10,1,0.60999999999999999,0.46999999999999997,0.53000000000000003,0.27625000000000005,0.35875000000000018,0,constant,4,3,0,7,recursive,-0.0036255949799932079,3.3306690738754696e-16,5.3290705182007514e-15,2.2204460492503131e-16,0.00087845799862407148,0.00065208299201913178,2.0679515313825692e-25
2,8,0,10,1,0.60999999999999999,0.46999999999999997,0.53000000000000003,0.27625000000000005,0.35875000000000018,0,constant,4,3,0,7,direct,0.0013832645416259766,3.3306690738754696e-16,5.3290705182007514e-15,2.2204460492503131e-16,0.00087845799862407148,0.00065208299201913178,2.0679515313825692e-25
2,8,0,10,1,0.60999999999999999,0.46999999999999997,0.53000000000000003,0.27625000000000005,0.35875000000000018,0,constant,4,3,0,7,fe_geometry,0.0013832645416258357,3.3306690738754696e-16,5.3290705182007514e-15,2.2204460492503131e-16,0.00087845799862407148,0.00065208299201913178,2.0679515313825692e-25
2,8,0,10,1,0.60999999999999999,0.46999999999999997,0.53000000000000003,0.27625000000000005,0.35875000000000018,0,constant,4,3,0,7,reused,1.1981100977077493e-05,3.3306690738754696e-16,5.3290705182007514e-15,2.2204460492503131e-16,0.00087845799862407148,0.00065208299201913178,2.0679515313825692e-25
2,8,0,10,1,0.60999999999999999,0.46999999999999997,0.53000000000000003,0.27625000000000005,0.35875000000000018,0,constant,4,3,0,7,reused_centered,-2.4228182889076898e-05,3.3306690738754696e-16,5.3290705182007514e-15,2.2204460492503131e-16,0.00087845799862407148,0.00065208299201913178,2.0679515313825692e-25
2,8,0,10,1,0.60999999999999999,0.46999999999999997,0.53000000000000003,0.27625000000000005,0.35875000000000018,0,constant,3,4,0,7,recursive,-0.0013367791848405866,3.3306690738754696e-16,5.3290705182007514e-15,2.2204460492503131e-16,0.00087845799862407148,0.00065208299201913178,2.0679515313825692e-25
2,8,0,10,1,0.60999999999999999,0.46999999999999997,0.53000000000000003,0.27625000000000005,0.35875000000000018,0,constant,3,4,0,7,direct,0.00049762916564941419,3.3306690738754696e-16,5.3290705182007514e-15,2.2204460492503131e-16,0.00087845799862407148,0.00065208299201913178,2.0679515313825692e-25
2,8,0,10,1,0.60999999999999999,0.46999999999999997,0.53000000000000003,0.27625000000000005,0.35875000000000018,0,constant,3,4,0,7,fe_geometry,0.00049762916564937635,3.3306690738754696e-16,5.3290705182007514e-15,2.2204460492503131e-16,0.00087845799862407148,0.00065208299201913178,2.0679515313825692e-25
2,8,0,10,1,0.60999999999999999,0.46999999999999997,0.53000000000000003,0.27625000000000005,0.35875000000000018,0,constant,3,4,0,7,reused,-4.1643667279652588e-06,3.3306690738754696e-16,5.3290705182007514e-15,2.2204460492503131e-16,0.00087845799862407148,0.00065208299201913178,2.0679515313825692e-25
2,8,0,10,1,0.60999999999999999,0.46999999999999997,0.53000000000000003,0.27625000000000005,0.35875000000000018,0,constant,3,4,0,7,reused_centered,0.00011359326819601526,3.3306690738754696e-16,5.3290705182007514e-15,2.2204460492503131e-16,0.00087845799862407148,0.00065208299201913178,2.0679515313825692e-25
2,8,0,10,1,0.60999999999999999,0.46999999999999997,0.53000000000000003,0.27625000000000005,0.35875000000000018,0,constant,2,5,0,7,recursive,-0.0019275045847117346,3.3306690738754696e-16,5.3290705182007514e-15,2.2204460492503131e-16,0.00087845799862407148,0.00065208299201913178,2.0679515313825692e-25
2,8,0,10,1,0.60999999999999999,0.46999999999999997,0.53000000000000003,0.27625000000000005,0.35875000000000018,0,constant,2,5,0,7,direct,-0.00036835670471191406,3.3306690738754696e-16,5.3290705182007514e-15,2.2204460492503131e-16,0.00087845799862407148,0.00065208299201913178,2.0679515313825692e-25
2,8,0,10,1,0.60999999999999999,0.46999999999999997,0.53000000000000003,0.27625000000000005,0.35875000000000018,0,constant,2,5,0,7,fe_geometry,-0.00036835670471186056,3.3306690738754696e-16,5.3290705182007514e-15,2.2204460492503131e-16,0.00087845799862407148,0.00065208299201913178,2.0679515313825692e-25
2,8,0,10,1,0.60999999999999999,0.46999999999999997,0.53000000000000003,0.27625000000000005,0.35875000000000018,0,constant,2,5,0,7,reused,2.9908385793956781e-05,3.3306690738754696e-16,5.3290705182007514e-15,2.2204460492503131e-16,0.00087845799862407148,0.00065208299201913178,2.0679515313825692e-25
2,8,0,10,1,0.60999999999999999,0.46999999999999997,0.53000000000000003,0.27625000000000005,0.35875000000000018,0,constant,2,5,0,7,reused_centered,-2.9235706666740686e-07,3.3306690738754696e-16,5.3290705182007514e-15,2.2204460492503131e-16,0.00087845799862407148,0.00065208299201913178,2.0679515313825692e-25
2,8,0,10,1,0.60999999999999999,0.46999999999999997,0.53000000000000003,0.27625000000000005,0.35875000000000018,0,constant,1,6,0,7,recursive,-1.7242650706114214e-17,3.3306690738754696e-16,5.3290705182007514e-15,2.2204460492503131e-16,0.00087845799862407148,0.00065208299201913178,2.0679515313825692e-25
2,8,0,10,1,0.60999999999999999,0.46999999999999997,0.53000000000000003,0.27625000000000005,0.35875000000000018,0,constant,1,6,0,7,direct,0,3.3306690738754696e-16,5.3290705182007514e-15,2.2204460492503131e-16,0.00087845799862407148,0.00065208299201913178,2.0679515313825692e-25
2,8,0,10,1,0.60999999999999999,0.46999999999999997,0.53000000000000003,0.27625000000000005,0.35875000000000018,0,constant,1,6,0,7,fe_geometry,2.1387414292062131e-16,3.3306690738754696e-16,5.3290705182007514e-15,2.2204460492503131e-16,0.00087845799862407148,0.00065208299201913178,2.0679515313825692e-25
2,8,0,10,1,0.60999999999999999,0.46999999999999997,0.53000000000000003,0.27625000000000005,0.35875000000000018,0,constant,1,6,0,7,reused,-1.8736555108154895e-18,3.3306690738754696e-16,5.3290705182007514e-15,2.2204460492503131e-16,0.00087845799862407148,0.00065208299201913178,2.0679515313825692e-25
2,8,0,10,1,0.60999999999999999,0.46999999999999997,0.53000000000000003,0.27625000000000005,0.35875000000000018,0,constant,1,6,0,7,reused_centered,1.0032454785669108e-17,3.3306690738754696e-16,5.3290705182007514e-15,2.2204460492503131e-16,0.00087845799862407148,0.00065208299201913178,2.0679515313825692e-25
2,8,0,10,1,0.60999999999999999,0.46999999999999997,0.53000000000000003,0.27625000000000005,0.35875000000000018,0,constant,0,7,0,7,recursive,-6.9683845066295109e-17,3.3306690738754696e-16,5.3290705182007514e-15,2.2204460492503131e-16,0.00087845799862407148,0.00065208299201913178,2.0679515313825692e-25
2,8,0,10,1,0.60999999999999999,0.46999999999999997,0.53000000000000003,0.27625000000000005,0.35875000000000018,0,constant,0,7,0,7,direct,0,3.3306690738754696e-16,5.3290705182007514e-15,2.2204460492503131e-16,0.00087845799862407148,0.00065208299201913178,2.0679515313825692e-25
2,8,0,10,1,0.60999999999999999,0.46999999999999997,0.53000000000000003,0.27625000000000005,0.35875000000000018,0,constant,0,7,0,7,fe_geometry,1.2348731725115043e-16,3.3306690738754696e-16,5.3290705182007514e-15,2.2204460492503131e-16,0.00087845799862407148,0.00065208299201913178,2.0679515313825692e-25
2,8,0,10,1,0.60999999999999999,0.46999999999999997,0.53000000000000003,0.27625000000000005,0.35875000000000018,0,constant,0,7,0,7,reused,2.3543208690950145e-17,3.3306690738754696e-16,5.3290705182007514e-15,2.2204460492503131e-16,0.00087845799862407148,0.00065208299201913178,2.0679515313825692e-25
2,8,0,10,1,0.60999999999999999,0.46999999999999997,0.53000000000000003,0.27625000000000005,0.35875000000000018,0,constant,0,7,0,7,reused_centered,-2.4169583218084754e-18,3.3306690738754696e-16,5.3290705182007514e-15,2.2204460492503131e-16,0.00087845799862407148,0.00065208299201913178,2.0679515313825692e-25
2,8,0,10,1,0.60999999999999999,0.46999999999999997,0.53000000000000003,0.27625000000000005,0.35875000000000018,0,constant,8,0,0,8,recursive,2.6668010907718224e-15,3.3306690738754696e-16,5.3290705182007514e-15,2.2204460492503131e-16,0.00087845799862407148,0.00065208299201913178,2.0679515313825692e-25
2,8,0,10,1,0.60999999999999999,0.46999999999999997,0.53000000000000003,0.27625000000000005,0.35875000000000018,0,constant,8,0,0,8,direct,0,3.3306690738754696e-16,5.3290705182007514e-15,2.2204460492503131e-16,0.00087845799862407148,0.00065208299201913178,2.0679515313825692e-25
2,8,0,10,1,0.60999999999999999,0.46999999999999997,0.53000000000000003,0.27625000000000005,0.35875000000000018,0,constant,8,0,0,8,fe_geometry,-8.7468443432640011e-14,3.3306690738754696e-16,5.3290705182007514e-15,2.2204460492503131e-16,0.00087845799862407148,0.00065208299201913178,2.0679515313825692e-25
2,8,0,10,1,0.60999999999999999,0.46999999999999997,0.53000000000000003,0.27625000000000005,0.35875000000000018,0,constant,8,0,0,8,reused,-1.9369835830737452e-15,3.3306690738754696e-16,5.3290705182007514e-15,2.2204460492503131e-16,0.00087845799862407148,0.00065208299201913178,2.0679515313825692e-25
2,8,0,10,1,0.60999999999999999,0.46999999999999997,0.53000000000000003,0.27625000000000005,0.35875000000000018,0,constant,8,0,0,8,reused_centered,2.6946297649188205e-15,3.3306690738754696e-16,5.3290705182007514e-15,2.2204460492503131e-16,0.00087845799862407148,0.00065208299201913178,2.0679515313825692e-25
2,8,0,10,1,0.60999999999999999,0.46999999999999997,0.53000000000000003,0.27625000000000005,0.35875000000000018,0,constant,7,1,0,8,recursive,-2.2325652729848374e-15,3.3306690738754696e-16,5.3290705182007514e-15,2.2204460492503131e-16,0.00087845799862407148,0.00065208299201913178,2.0679515313825692e-25
2,8,0,10,1,0.60999999999999999,0.46999999999999997,0.53000000000000003,0.27625000000000005,0.35875000000000018,0,constant,7,1,0,8,direct,0,3.3306690738754696e-16,5.3290705182007514e-15,2.2204460492503131e-16,0.00087845799862407148,0.00065208299201913178,2.0679515313825692e-25
2,8,0,10,1,0.60999999999999999,0.46999999999999997,0.53000000000000003,0.27625000000000005,0.35875000000000018,0,constant,7,1,0,8,fe_geometry,-5.5992287673893581e-14,3.3306690738754696e-16,5.3290705182007514e-15,2.2204460492503131e-16,0.00087845799862407148,0.00065208299201913178,2.0679515313825692e-25
2,8,0,10,1,0.60999999999999999,0.46999999999999997,0.53000000000000003,0.27625000000000005,0.35875000000000018,0,constant,7,1,0,8,reused,2.4645234618892477e-16,3.3306690738754696e-16,5.3290705182007514e-15,2.2204460492503131e-16,0.00087845799862407148,0.00065208299201913178,2.0679515313825692e-25
2,8,0,10,1,0.60999999999999999,0.46999999999999997,0.53000000000000003,0.27625000000000005,0.35875000000000018,0,constant,7,1,0,8,reused_centered,-2.6398355546801329e-18,3.3306690738754696e-16,5.3290705182007514e-15,2.2204460492503131e-16,0.00087845799862407148,0.00065208299201913178,2.0679515313825692e-25
2,8,0,10,1,0.60999999999999999,0.46999999999999997,0.53000000000000003,0.27625000000000005,0.35875000000000018,0,constant,6,2,0,8,recursive,-0.097402082506834867,3.3306690738754696e-16,5.3290705182007514e-15,2.2204460492503131e-16,0.00087845799862407148,0.00065208299201913178,2.0679515313825692e-25
2,8,0,10,1,0.60999999999999999,0.46999999999999997,0.53000000000000003,0.27625000000000005,0.35875000000000018,0,constant,6,2,0,8,direct,0,3.3306690738754696e-16,5.3290705182007514e-15,2.2204460492503131e-16,0.00087845799862407148,0.00065208299201913178,2.0679515313825692e-25
2,8,0,10,1,0.60999999999999999,0.46999999999999997,0.53000000000000003,0.27625000000000005,0.35875000000000018,0,constant,6,2,0,8,fe_geometry,-2.3225941885080218e-14,3.3306690738754696e-16,5.3290705182007514e-15,2.2204460492503131e-16,0.00087845799862407148,0.00065208299201913178,2.0679515313825692e-25
2,8,0,10,1,0.60999999999999999,0.46999999999999997,0.53000000000000003,0.27625000000000005,0.35875000000000018,0,constant,6,2,0,8,reused,3.4140786614035061e-17,3.3306690738754696e-16,5.3290705182007514e-15,2.2204460492503131e-16,0.00087845799862407148,0.00065208299201913178,2.0679515313825692e-25
2,8,0,10,1,0.60999999999999999,0.46999999999999997,0.53000000000000003,0.27625000000000005,0.35875000000000018,0,constant,6,2,0,8,reused_centered,-1.3136685203663058e-16,3.3306690738754696e-16,5.3290705182007514e-15,2.2204460492503131e-16,0.00087845799862407148,0.00065208299201913178,2.0679515313825692e-25
2,8,0,10,1,0.60999999999999999,0.46999999999999997,0.53000000000000003,0.27625000000000005,0.35875000000000018,0,constant,5,3,0,8,recursive,0.15550944751765489,3.3306690738754696e-16,5.3290705182007514e-15,2.2204460492503131e-16,0.00087845799862407148,0.00065208299201913178,2.0679515313825692e-25
2,8,0,10,1,0.60999999999999999,0.46999999999999997,0.53000000000000003,0.27625000000000005,0.35875000000000018,0,constant,5,3,0,8,direct,0.10454864501953126,3.3306690738754696e-16,5.3290705182007514e-15,2.2204460492503131e-16,0.00087845799862407148,0.00065208299201913178,2.0679515313825692e-25
2,8,0,10,1,0.60999999999999999,0.46999999999999997,0.53000000000000003,0.27625000000000005,0.35875000000000018,0,constant,5,3,0,8,fe_geometry,0.10454864501951604,3.3306690738754696e-16,5.3290705182007514e-15,2.2204460492503131e-16,0.00087845799862407148,0.00065208299201913178,2.0679515313825692e-25
2,8,0,10,1,0.60999999999999999,0.46999999999999997,0.53000000000000003,0.27625000000000005,0.35875000000000018,0,constant,5,3,0,8,reused,-0.0020440474760498447,3.3306690738754696e-16,5.3290705182007514e-15,2.2204460492503131e-16,0.00087845799862407148,0.00065208299201913178,2.0679515313825692e-25
2,8,0,10,1,0.60999999999999999,0.46999999999999997,0.53000000000000003,0.27625000000000005,0.35875000000000018,0,constant,5,3,0,8,reused_centered,-0.0057867903854017496,3.3306690738754696e-16,5.3290705182007514e-15,2.2204460492503131e-16,0.00087845799862407148,0.00065208299201913178,2.0679515313825692e-25
2,8,0,10,1,0.60999999999999999,0.46999999999999997,0.53000000000000003,0.27625000000000005,0.35875000000000018,0,constant,4,4,0,8,recursive,-0.042917988671922778,3.3306690738754696e-16,5.3290705182007514e-15,2.2204460492503131e-16,0.00087845799862407148,0.00065208299201913178,2.0679515313825692e-25
2,8,0,10,1,0.60999999999999999,0.46999999999999997,0.53000000000000003,0.27625000000000005,0.35875000000000018,0,constant,4,4,0,8,direct,-0.02073669433593749,3.3306690738754696e-16,5.3290705182007514e-15,2.2204460492503131e-16,0.00087845799862407148,0.00065208299201913178,2.0679515313825692e-25
2,8,0,10,1,0.60999999999999999,0.46999999999999997,0.53000000000000003,0.27625000000000005,0.35875000000000018,0,constant,4,4,0,8,fe_geometry,-0.020736694335926689,3.3306690738754696e-16,5.3290705182007514e-15,2.2204460492503131e-16,0.00087845799862407148,0.00065208299201913178,2.0679515313825692e-25
2,8,0,10,1,0.60999999999999999,0.46999999999999997,0.53000000000000003,0.27625000000000005,0.35875000000000018,0,constant,4,4,0,8,reused,0.00094769967719351771,3.3306690738754696e-16,5.3290705182007514e-15,2.2204460492503131e-16,0.00087845799862407148,0.00065208299201913178,2.0679515313825692e-25
2,8,0,10,1,0.60999999999999999,0.46999999999999997,0.53000000000000003,0.27625000000000005,0.35875000000000018,0,constant,4,4,0,8,reused_centered,-0.0019164383262352275,3.3306690738754696e-16,5.3290705182007514e-15,2.2204460492503131e-16,0.00087845799862407148,0.00065208299201913178,2.0679515313825692e-25
2,8,0,10,1,0.60999999999999999,0.46999999999999997,0.53000000000000003,0.27625000000000005,0.35875000000000018,0,constant,3,5,0,8,recursive,0.14923861538734801,3.3306690738754696e-16,5.3290705182007514e-15,2.2204460492503131e-16,0.00087845799862407148,0.00065208299201913178,2.0679515313825692e-25
2,8,0,10,1,0.60999999999999999,0.46999999999999997,0.53000000000000003,0.27625000000000005,0.35875000000000018,0,constant,3,5,0,8,direct,0.0051223754882812533,3.3306690738754696e-16,5.3290705182007514e-15,2.2204460492503131e-16,0.00087845799862407148,0.00065208299201913178,2.0679515313825692e-25
2,8,0,10,1,0.60999999999999999,0.46999999999999997,0.53000000000000003,0.27625000000000005,0.35875000000000018,0,constant,3,5,0,8,fe_geometry,0.005122375488291404,3.3306690738754696e-16,5.3290705182007514e-15,2.2204460492503131e-16,0.00087845799862407148,0.00065208299201913178,2.0679515313825692e-25
2,8,0,10,1,0.60999999999999999,0.46999999999999997,0.53000000000000003,0.27625000000000005,0.35875000000000018,0,constant,3,5,0,8,reused,0.00031280003090177773,3.3306690738754696e-16,5.3290705182007514e-15,2.2204460492503131e-16,0.00087845799862407148,0.00065208299201913178,2.0679515313825692e-25
2,8,0,10,1,0.60999999999999999,0.46999999999999997,0.53000000000000003,0.27625000000000005,0.35875000000000018,0,constant,3,5,0,8,reused_centered,-0.0085323844231426464,3.3306690738754696e-16,5.3290705182007514e-15,2.2204460492503131e-16,0.00087845799862407148,0.00065208299201913178,2.0679515313825692e-25
2,8,0,10,1,0.60999999999999999,0.46999999999999997,0.53000000000000003,0.27625000000000005,0.35875000000000018,0,constant,2,6,0,8,recursive,-1.5057602781211832e-15,3.3306690738754696e-16,5.3290705182007514e-15,2.2204460492503131e-16,0.00087845799862407148,0.00065208299201913178,2.0679515313825692e-25
2,8,0,10,1,0.60999999999999999,0.46999999999999997,0.53000000000000003,0.27625000000000005,0.35875000000000018,0,constant,2,6,0,8,direct,0,3.3306690738754696e-16,5.3290705182007514e-15,2.2204460492503131e-16,0.00087845799862407148,0.00065208299201913178,2.0679515313825692e-25
2,8,0,10,1,0.60999999999999999,0.46999999999999997,0.53000000000000003,0.27625000000000005,0.35875000000000018,0,constant,2,6,0,8,fe_geometry,1.6662470508555255e-14,3.3306690738754696e-16,5.3290705182007514e-15,2.2204460492503131e-16,0.00087845799862407148,0.00065208299201913178,2.0679515313825692e-25
2,8,0,10,1,0.60999999999999999,0.46999999999999997,0.53000000000000003,0.27625000000000005,0.35875000000000018,0,constant,2,6,0,8,reused,1.982484088819186e-16,3.3306690738754696e-16,5.3290705182007514e-15,2.2204460492503131e-16,0.00087845799862407148,0.00065208299201913178,2.0679515313825692e-25
2,8,0,10,1,0.60999999999999999,0.46999999999999997,0.53000000000000003,0.27625000000000005,0.35875000000000018,0,constant,2,6,0,8,reused_centered,-1.2628779854113347e-17,3.3306690738754696e-16,5.3290705182007514e-15,2.2204460492503131e-16,0.00087845799862407148,0.00065208299201913178,2.0679515313825692e-25
2,8,0,10,1,0.60999999999999999,0.46999999999999997,0.53000000000000003,0.27625000000000005,0.35875000000000018,0,constant,1,7,0,8,recursive,-1.5741489632304463e-15,3.3306690738754696e-16,5.3290705182007514e-15,2.2204460492503131e-16,0.00087845799862407148,0.00065208299201913178,2.0679515313825692e-25
2,8,0,10,1,0.60999999999999999,0.46999999999999997,0.53000000000000003,0.27625000000000005,0.35875000000000018,0,constant,1,7,0,8,direct,0,3.3306690738754696e-16,5.3290705182007514e-15,2.2204460492503131e-16,0.00087845799862407148,0.00065208299201913178,2.0679515313825692e-25
2,8,0,10,1,0.60999999999999999,0.46999999999999997,0.53000000000000003,0.27625000000000005,0.35875000000000018,0,constant,1,7,0,8,fe_geometry,-1.3958172603551242e-15,3.3306690738754696e-16,5.3290705182007514e-15,2.2204460492503131e-16,0.00087845799862407148,0.00065208299201913178,2.0679515313825692e-25
2,8,0,10,1,0.60999999999999999,0.46999999999999997,0.53000000000000003,0.27625000000000005,0.35875000000000018,0,constant,1,7,0,8,reused,-1.5748415168461014e-17,3.3306690738754696e-16,5.3290705182007514e-15,2.2204460492503131e-16,0.00087845799862407148,0.00065208299201913178,2.0679515313825692e-25
2,8,0,10,1,0.60999999999999999,0.46999999999999997,0.53000000000000003,0.27625000000000005,0.35875000000000018,0,constant,1,7,0,8,reused_centered,1.3218529157625768e-16,3.3306690738754696e-16,5.3290705182007514e-15,2.2204460492503131e-16,0.00087845799862407148,0.00065208299201913178,2.0679515313825692e-25
2,8,0,10,1,0.60999999999999999,0.46999999999999997,0.53000000000000003,0.27625000000000005,0.35875000000000018,0,constant,0,8,0,8,recursive,6.2150777693534169e-15,3.3306690738754696e-16,5.3290705182007514e-15,2.2204460492503131e-16,0.00087845799862407148,0.00065208299201913178,2.0679515313825692e-25
2,8,0,10,1,0.60999999999999999,0.46999999999999997,0.53000000000000003,0.27625000000000005,0.35875000000000018,0,constant,0,8,0,8,direct,0,3.3306690738754696e-16,5.3290705182007514e-15,2.2204460492503131e-16,0.00087845799862407148,0.00065208299201913178,2.0679515313825692e-25
2,8,0,10,1,0.60999999999999999,0.46999999999999997,0.53000000000000003,0.27625000000000005,0.35875000000000018,0,constant,0,8,0,8,fe_geometry,5.8229151536769311e-14,3.3306690738754696e-16,5.3290705182007514e-15,2.2204460492503131e-16,0.00087845799862407148,0.00065208299201913178,2.0679515313825692e-25
2,8,0,10,1,0.60999999999999999,0.46999999999999997,0.53000000000000003,0.27625000000000005,0.35875000000000018,0,constant,0,8,0,8,reused,9.301578313143536e-16,3.3306690738754696e-16,5.3290705182007514e-15,2.2204460492503131e-16,0.00087845799862407148,0.00065208299201913178,2.0679515313825692e-25
2,8,0,10,1,0.60999999999999999,0.46999999999999997,0.53000000000000003,0.27625000000000005,0.35875000000000018,0,constant,0,8,0,8,reused_centered,1.3154602269302665e-15,3.3306690738754696e-16,5.3290705182007514e-15,2.2204460492503131e-16,0.00087845799862407148,0.00065208299201913178,2.0679515313825692e-25
2,8,0,10,1,0.60999999999999999,0.46999999999999997,0.53000000000000003,0.27625000000000005,0.35875000000000018,0,constant,9,0,0,9,recursive,3.5146675875226044e-13,3.3306690738754696e-16,5.3290705182007514e-15,2.2204460492503131e-16,0.00087845799862407148,0.00065208299201913178,2.0679515313825692e-25
2,8,0,10,1,0.60999999999999999,0.46999999999999997,0.53000000000000003,0.27625000000000005,0.35875000000000018,0,constant,9,0,0,9,direct,0,3.3306690738754696e-16,5.3290705182007514e-15,2.2204460492503131e-16,0.00087845799862407148,0.00065208299201913178,2.0679515313825692e-25
2,8,0,10,1,0.60999999999999999,0.46999999999999997,0.53000000000000003,0.27625000000000005,0.35875000000000018,0,constant,9,0,0,9,fe_geometry,-7.4800297978139933e-12,3.3306690738754696e-16,5.3290705182007514e-15,2.2204460492503131e-16,0.00087845799862407148,0.00065208299201913178,2.0679515313825692e-25
2,8,0,10,1,0.60999999999999999,0.46999999999999997,0.53000000000000003,0.27625000000000005,0.35875000000000018,0,constant,9,0,0,9,reused,2.7275937454959982e-15,3.3306690738754696e-16,5.3290705182007514e-15,2.2204460492503131e-16,0.00087845799862407148,0.00065208299201913178,2.0679515313825692e-25
2,8,0,10,1,0.60999999999999999,0.46999999999999997,0.53000000000000003,0.27625000000000005,0.35875000000000018,0,constant,9,0,0,9,reused_centered,4.4228057632147515e-15,3.3306690738754696e-16,5.3290705182007514e-15,2.2204460492503131e-16,0.00087845799862407148,0.00065208299201913178,2.0679515313825692e-25
2,8,0,10,1,0.60999999999999999,0.46999999999999997,0.53000000000000003,0.27625000000000005,0.35875000000000018,0,constant,8,1,0,9,recursive,1.5987991172553104e-13,3.3306690738754696e-16,5.3290705182007514e-15,2.2204460492503131e-16,0.00087845799862407148,0.00065208299201913178,2.0679515313825692e-25
2,8,0,10,1,0.60999999999999999,0.46999999999999997,0.53000000000000003,0.27625000000000005,0.35875000000000018,0,constant,8,1,0,9,direct,0,3.3306690738754696e-16,5.3290705182007514e-15,2.2204460492503131e-16,0.00087845799862407148,0.00065208299201913178,2.0679515313825692e-25
2,8,0,10,1,0.60999999999999999,0.46999999999999997,0.53000000000000003,0.27625000000000005,0.35875000000000018,0,constant,8,1,0,9,fe_geometry,-2.6097818291308152e-12,3.3306690738754696e-16,5.3290705182007514e-15,2.2204460492503131e-16,0.00087845799862407148,0.00065208299201913178,2.0679515313825692e-25
2,8,0,10,1,0.60999999999999999,0.46999999999999997,0.53000000000000003,0.27625000000000005,0.35875000000000018,0,constant,8,1,0,9,reused,-1.867802754808431e-15,3.3306690738754696e-16,5.3290705182007514e-15,2.2204460492503131e-16,0.00087845799862407148,0.00065208299201913178,2.0679515313825692e-25
2,8,0,10,1,0.60999999999999999,0.46999999999999997,0.53000000000000003,0.27625000000000005,0.35875000000000018,0,constant,8,1,0,9,reused_centered,-8.8433201535525603e-14,3.3306690738754696e-16,5.3290705182007514e-15,2.2204460492503131e-16,0.00087845799862407148,0.00065208299201913178,2.0679515313825692e-25
2,8,0,10,1,0.60999999999999999,0.46999999999999997,0.53000000000000003,0.27625000000000005,0.35875000000000018,0,constant,7,2,0,9,recursive,3.3013230522395146e-13,3.3306690738754696e-16,5.3290705182007514e-15,2.2204460492503131e-16,0.00087845799862407148,0.00065208299201913178,2.0679515313825692e-25
2,8,0,10,1,0.60999999999999999,0.46999999999999997,0.53000000000000003,0.27625000000000005,0.35875000000000018,0,constant,7,2,0,9,direct,0,3.3306690738754696e-16,5.3290705182007514e-15,2.2204460492503131e-16,0.00087845799862407148,0.00065208299201913178,2.0679515313825692e-25
2,8,0,10,1,0.60999999999999999,0.46999999999999997,0.53000000000000003,0.27625000000000005,0.35875000000000018,0,constant,7,2,0,9,fe_geometry,-1.0422480211073632e-12,3.3306690738754696e-16,5.3290705182007514e-15,2.2204460492503131e-16,0.00087845799862407148,0.00065208299201913178,2.0679515313825692e-25
2,8,0,10,1,0.60999999999999999,0.46999999999999997,0.53000000000000003,0.27625000000000005,0.35875000000000018,0,constant,7,2,0,9,reused,-1.7372690366203663e-14,3.3306690738754696e-16,5.3290705182007514e-15,2.2204460492503131e-16,0.00087845799862407148,0.00065208299201913178,2.0679515313825692e-25
2,8,0,10,1,0.60999999999999999,0.46999999999999997,0.53000000000000003,0.27625000000000005,0.35875000000000018,0,constant,7,2,0,9,reused_centered,-7.7448018548478179e-14,3.3306690738754696e-16,5.3290705182007514e-15,2.2204460492503131e-16,0.00087845799862407148,0.00065208299201913178,2.0679515313825692e-25
2,8,0,10,1,0.60999999999999999,0.46999999999999997,0.53000000000000003,0.27625000000000005,0.35875000000000018,0,constant,6,3,0,9,recursive,17.409918796183089,3.3306690738754696e-16,5.3290705182007514e-15,2.2204460492503131e-16,0.00087845799862407148,0.00065208299201913178,2.0679515313825692e-25
2,8,0,10,1,0.60999999999999999,0.46999999999999997,0.53000000000000003,0.27625000000000005,0.35875000000000018,0,constant,6,3,0,9,direct,0,3.3306690738754696e-16,5.3290705182007514e-15,2.2204460492503131e-16,0.00087845799862407148,0.00065208299201913178,2.0679515313825692e-25
2,8,0,10,1,0.60999999999999999,0.46999999999999997,0.53000000000000003,0.27625000000000005,0.35875000000000018,0,constant,6,3,0,9,fe_geometry,3.8011147134933296e-13,3.3306690738754696e-16,5.3290705182007514e-15,2.2204460492503131e-16,0.00087845799862407148,0.00065208299201913178,2.0679515313825692e-25
2,8,0,10,1,0.60999999999999999,0.46999999999999997,0.53000000000000003,0.27625000000000005,0.35875000000000018,0,constant,6,3,0,9,reused,5.1805176045899042e-16,3.3306690738754696e-16,5.3290705182007514e-15,2.2204460492503131e-16,0.00087845799862407148,0.00065208299201913178,2.0679515313825692e-25
2,8,0,10,1,0.60999999999999999,0.46999999999999997,0.53000000000000003,0.27625000000000005,0.35875000000000018,0,constant,6,3,0,9,reused_centered,-5.276189988725591e-14,3.3306690738754696e-16,5.3290705182007514e-15,2.2204460492503131e-16,0.00087845799862407148,0.00065208299201913178,2.0679515313825692e-25
2,8,0,10,1,0.60999999999999999,0.46999999999999997,0.53000000000000003,0.27625000000000005,0.35875000000000018,0,constant,5,4,0,9,recursive,7.8343237376259482,3.3306690738754696e-16,5.3290705182007514e-15,2.2204460492503131e-16,0.00087845799862407148,0.00065208299201913178,2.0679515313825692e-25
2,8,0,10,1,0.60999999999999999,0.46999999999999997,0.53000000000000003,0.27625000000000005,0.35875000000000018,0,constant,5,4,0,9,direct,-2.6147460937499996,3.3306690738754696e-16,5.3290705182007514e-15,2.2204460492503131e-16,0.00087845799862407148,0.00065208299201913178,2.0679515313825692e-25
2,8,0,10,1,0.60999999999999999,0.46999999999999997,0.53000000000000003,0.27625000000000005,0.35875000000000018,0,constant,5,4,0,9,fe_geometry,-2.6147460937491642,3.3306690738754696e-16,5.3290705182007514e-15,2.2204460492503131e-16,0.00087845799862407148,0.00065208299201913178,2.0679515313825692e-25
2,8,0,10,1,0.60999999999999999,0.46999999999999997,0.53000000000000003,0.27625000000000005,0.35875000000000018,0,constant,5,4,0,9,reused,-0.16168323236125942,3.3306690738754696e-16,5.3290705182007514e-15,2.2204460492503131e-16,0.00087845799862407148,0.00065208299201913178,2.0679515313825692e-25
2,8,0,10,1,0.60999999999999999,0.46999999999999997,0.53000000000000003,0.27625000000000005,0.35875000000000018,0,constant,5,4,0,9,reused_centered,-0.457732506446905,3.3306690738754696e-16,5.3290705182007514e-15,2.2204460492503131e-16,0.00087845799862407148,0.00065208299201913178,2.0679515313825692e-25
2,8,0,10,1,0.60999999999999999,0.46999999999999997,0.53000000000000003,0.27625000000000005,0.35875000000000018,0,constant,4,5,0,9,recursive,15.109724182314567,3.3306690738754696e-16,5.3290705182007514e-15,2.2204460492503131e-16,0.00087845799862407148,0.00065208299201913178,2.0679515313825692e-25
2,8,0,10,1,0.60999999999999999,0.46999999999999997,0.53000000000000003,0.27625000000000005,0.35875000000000018,0,constant,4,5,0,9,direct,-3.05419921875,3.3306690738754696e-16,5.3290705182007514e-15,2.2204460492503131e-16,0.00087845799862407148,0.00065208299201913178,2.0679515313825692e-25
2,8,0,10,1,0.60999999999999999,0.46999999999999997,0.53000000000000003,0.27625000000000005,0.35875000000000018,0,constant,4,5,0,9,fe_geometry,-3.0541992187489844,3.3306690738754696e-16,5.3290705182007514e-15,2.2204460492503131e-16,0.00087845799862407148,0.00065208299201913178,2.0679515313825692e-25
2,8,0,10,1,0.60999999999999999,0.46999999999999997,0.53000000000000003,0.27625000000000005,0.35875000000000018,0,constant,4,5,0,9,reused,-0.071185010273231972,3.3306690738754696e-16,5.3290705182007514e-15,2.2204460492503131e-16,0.00087845799862407148,0.00065208299201913178,2.0679515313825692e-25
2,8,0,10,1,0.60999999999999999,0.46999999999999997,0.53000000000000003,0.27625000000000005,0.35875000000000018,0,constant,4,5,0,9,reused_centered,0.14395033070500871,3.3306690738754696e-16,5.3290705182007514e-15,2.2204460492503131e-16,0.00087845799862407148,0.00065208299201913178,2.0679515313825692e-25
2,8,0,10,1,0.60999999999999999,0.46999999999999997,0.53000000000000003,0.27625000000000005,0.35875000000000018,0,constant,3,6,0,9,recursive,2.5780814701815039e-13,3.3306690738754696e-16,5.3290705182007514e-15,2.2204460492503131e-16,0.00087845799862407148,0.00065208299201913178,2.0679515313825692e-25
2,8,0,10,1,0.60999999999999999,0.46999999999999997,0.53000000000000003,0.27625000000000005,0.35875000000000018,0,constant,3,6,0,9,direct,0,3.3306690738754696e-16,5.3290705182007514e-15,2.2204460492503131e-16,0.00087845799862407148,0.00065208299201913178,2.0679515313825692e-25
2,8,0,10,1,0.60999999999999999,0.46999999999999997,0.53000000000000003,0.27625000000000005,0.35875000000000018,0,constant,3,6,0,9,fe_geometry,-3.6256751493367064e-13,3.3306690738754696e-16,5.3290705182007514e-15,2.2204460492503131e-16,0.00087845799862407148,0.00065208299201913178,2.0679515313825692e-25
2,8,0,10,1,0.60999999999999999,0.46999999999999997,0.53000000000000003,0.27625000000000005,0.35875000000000018,0,constant,3,6,0,9,reused,1.6940199847841515e-15,3.3306690738754696e-16,5.3290705182007514e-15,2.2204460492503131e-16,0.00087845799862407148,0.00065208299201913178,2.0679515313825692e-25
2,8,0,10,1,0.60999999999999999,0.46999999999999997,0.53000000000000003,0.27625000000000005,0.35875000000000018,0,constant,3,6,0,9,reused_centered,-4.8772408366886205e-14,3.3306690738754696e-16,5.3290705182007514e-15,2.2204460492503131e-16,0.00087845799862407148,0.00065208299201913178,2.0679515313825692e-25
2,8,0,10,1,0.60999999999999999,0.46999999999999997,0.53000000000000003,0.27625000000000005,0.35875000000000018,0,constant,2,7,0,9,recursive,3.288423693609111e-13,3.3306690738754696e-16,5.3290705182007514e-15,2.2204460492503131e-16,0.00087845799862407148,0.00065208299201913178,2.0679515313825692e-25
2,8,0,10,1,0.60999999999999999,0.46999999999999997,0.53000000000000003,0.27625000000000005,0.35875000000000018,0,constant,2,7,0,9,direct,0,3.3306690738754696e-16,5.3290705182007514e-15,2.2204460492503131e-16,0.00087845799862407148,0.00065208299201913178,2.0679515313825692e-25
2,8,0,10,1,0.60999999999999999,0.46999999999999997,0.53000000000000003,0.27625000000000005,0.35875000000000018,0,constant,2,7,0,9,fe_geometry,-2.448310294315843e-13,3.3306690738754696e-16,5.3290705182007514e-15,2.2204460492503131e-16,0.00087845799862407148,0.00065208299201913178,2.0679515313825692e-25
2,8,0,10,1,0.60999999999999999,0.46999999999999997,0.53000000000000003,0.27625000000000005,0.35875000000000018,0,constant,2,7,0,9,reused,-8.6060287755740243e-15,3.3306690738754696e-16,5.3290705182007514e-15,2.2204460492503131e-16,0.00087845799862407148,0.00065208299201913178,2.0679515313825692e-25
2,8,0,10,1,0.60999999999999999,0.46999999999999997,0.53000000000000003,0.27625000000000005,0.35875000000000018,0,constant,2,7,0,9,reused_centered,-2.2241284564448394e-14,3.3306690738754696e-16,5.3290705182007514e-15,2.2204460492503131e-16,0.00087845799862407148,0.00065208299201913178,2.0679515313825692e-25
2,8,0,10,1,0.60999999999999999,0.46999999999999997,0.53000000000000003,0.27625000000000005,0.35875000000000018,0,constant,1,8,0,9,recursive,7.028199785604057e-14,3.3306690738754696e-16,5.3290705182007514e-15,2.2204460492503131e-16,0.00087845799862407148,0.00065208299201913178,2.0679515313825692e-25
2,8,0,10,1,0.60999999999999999,0.46999999999999997,0.53000000000000003,0.27625000000000005,0.35875000000000018,0,constant,1,8,0,9,direct,0,3.3306690738754696e-16,5.3290705182007514e-15,2.2204460492503131e-16,0.00087845799862407148,0.00065208299201913178,2.0679515313825692e-25
2,8,0,10,1,0.60999999999999999,0.46999999999999997,0.53000000000000003,0.27625000000000005,0.35875000000000018,0,constant,1,8,0,9,fe_geometry,-1.2294450158093658e-12,3.3306690738754696e-16,5.3290705182007514e-15,2.2204460492503131e-16,0.00087845799862407148,0.00065208299201913178,2.0679515313825692e-25
2,8,0,10,1,0.60999999999999999,0.46999999999999997,0.53000000000000003,0.27625000000000005,0.35875000000000018,0,constant,1,8,0,9,reused,9.4442765817759976e-15,3.3306690738754696e-16,5.3290705182007514e-15,2.2204460492503131e-16,0.00087845799862407148,0.00065208299201913178,2.0679515313825692e-25
2,8,0,10,1,0.60999999999999999,0.46999999999999997,0.53000000000000003,0.27625000000000005,0.35875000000000018,0,constant,1,8,0,9,reused_centered,-7.2244441672289622e-14,3.3306690738754696e-16,5.3290705182007514e-15,2.2204460492503131e-16,0.00087845799862407148,0.00065208299201913178,2.0679515313825692e-25
2,8,0,10,1,0.60999999999999999,0.46999999999999997,0.53000000000000003,0.27625000000000005,0.35875000000000018,0,constant,0,9,0,9,recursive,-3.4891812428710296e-13,3.3306690738754696e-16,5.3290705182007514e-15,2.2204460492503131e-16,0.00087845799862407148,0.00065208299201913178,2.0679515313825692e-25
2,8,0,10,1,0.60999999999999999,0.46999999999999997,0.53000000000000003,0.27625000000000005,0.35875000000000018,0,constant,0,9,0,9,direct,0,3.3306690738754696e-16,5.3290705182007514e-15,2.2204460492503131e-16,0.00087845799862407148,0.00065208299201913178,2.0679515313825692e-25
2,8,0,10,1,0.60999999999999999,0.46999999999999997,0.53000000000000003,0.27625000000000005,0.35875000000000018,0,constant,0,9,0,9,fe_geometry,8.724668192867194e-14,3.3306690738754696e-16,5.3290705182007514e-15,2.2204460492503131e-16,0.00087845799862407148,0.00065208299201913178,2.0679515313825692e-25
2,8,0,10,1,0.60999999999999999,0.46999999999999997,0.53000000000000003,0.27625000000000005,0.35875000000000018,0,constant,0,9,0,9,reused,1.3505051593869366e-14,3.3306690738754696e-16,5.3290705182007514e-15,2.2204460492503131e-16,0.00087845799862407148,0.00065208299201913178,2.0679515313825692e-25
2,8,0,10,1,0.60999999999999999,0.46999999999999997,0.53000000000000003,0.27625000000000005,0.35875000000000018,0,constant,0,9,0,9,reused_centered,-1.9326914474082324e-14,3.3306690738754696e-16,5.3290705182007514e-15,2.2204460492503131e-16,0.00087845799862407148,0.00065208299201913178,2.0679515313825692e-25
2,8,0,10,1,0.60999999999999999,0.46999999999999997,0.53000000000000003,0.27625000000000005,0.35875000000000018,0,constant,10,0,0,10,recursive,1.2808571655324608e-11,3.3306690738754696e-16,5.3290705182007514e-15,2.2204460492503131e-16,0.00087845799862407148,0.00065208299201913178,2.0679515313825692e-25
2,8,0,10,1,0.60999999999999999,0.46999999999999997,0.53000000000000003,0.27625000000000005,0.35875000000000018,0,constant,10,0,0,10,direct,0,3.3306690738754696e-16,5.3290705182007514e-15,2.2204460492503131e-16,0.00087845799862407148,0.00065208299201913178,2.0679515313825692e-25
2,8,0,10,1,0.60999999999999999,0.46999999999999997,0.53000000000000003,0.27625000000000005,0.35875000000000018,0,constant,10,0,0,10,fe_geometry,2.3719260130595359e-22,3.3306690738754696e-16,5.3290705182007514e-15,2.2204460492503131e-16,0.00087845799862407148,0.00065208299201913178,2.0679515313825692e-25
2,8,0,10,1,0.60999999999999999,0.46999999999999997,0.53000000000000003,0.27625000000000005,0.35875000000000018,0,constant,10,0,0,10,reused,2.1245123742204168e-24,3.3306690738754696e-16,5.3290705182007514e-15,2.2204460492503131e-16,0.00087845799862407148,0.00065208299201913178,2.0679515313825692e-25
2,8,0,10,1,0.60999999999999999,0.46999999999999997,0.53000000000000003,0.27625000000000005,0.35875000000000018,0,constant,10,0,0,10,reused_centered,-2.9920942924139978e-24,3.3306690738754696e-16,5.3290705182007514e-15,2.2204460492503131e-16,0.00087845799862407148,0.00065208299201913178,2.0679515313825692e-25
2,8,0,10,1,0.60999999999999999,0.46999999999999997,0.53000000000000003,0.27625000000000005,0.35875000000000018,0,constant,9,1,0,10,recursive,1.6925511071674014e-11,3.3306690738754696e-16,5.3290705182007514e-15,2.2204460492503131e-16,0.00087845799862407148,0.00065208299201913178,2.0679515313825692e-25
2,8,0,10,1,0.60999999999999999,0.46999999999999997,0.53000000000000003,0.27625000000000005,0.35875000000000018,0,constant,9,1,0,10,direct,0,3.3306690738754696e-16,5.3290705182007514e-15,2.2204460492503131e-16,0.00087845799862407148,0.00065208299201913178,2.0679515313825692e-25
2,8,0,10,1,0.60999999999999999,0.46999999999999997,0.53000000000000003,0.27625000000000005,0.35875000000000018,0,constant,9,1,0,10,fe_geometry,1.8607840286844693e-10,3.3306690738754696e-16,5.3290705182007514e-15,2.2204460492503131e-16,0.00087845799862407148,0.00065208299201913178,2.0679515313825692e-25
2,8,0,10,1,0.60999999999999999,0.46999999999999997,0.53000000000000003,0.27625000000000005,0.35875000000000018,0,constant,9,1,0,10,reused,-3.0487501598184897e-12,3.3306690738754696e-16,5.3290705182007514e-15,2.2204460492503131e-16,0.00087845799862407148,0.00065208299201913178,2.0679515313825692e-25
2,8,0,10,1,0.60999999999999999,0.46999999999999997,0.53000000000000003,0.27625000000000005,0.35875000000000018,0,constant,9,1,0,10,reused_centered,-4.9918623503552985e-12,3.3306690738754696e-16,5.3290705182007514e-15,2.2204460492503131e-16,0.00087845799862407148,0.00065208299201913178,2.0679515313825692e-25
2,8,0,10,1,0.60999999999999999,0.46999999999999997,0.53000000000000003,0.27625000000000005,0.35875000000000018,0,constant,8,2,0,10,recursive,8.4121971468020083e-12,3.3306690738754696e-16,5.3290705182007514e-15,2.2204460492503131e-16,0.00087845799862407148,0.00065208299201913178,2.0679515313825692e-25
2,8,0,10,1,0.60999999999999999,0.46999999999999997,0.53000000000000003,0.27625000000000005,0.35875000000000018,0,constant,8,2,0,10,direct,0,3.3306690738754696e-16,5.3290705182007514e-15,2.2204460492503131e-16,0.00087845799862407148,0.00065208299201913178,2.0679515313825692e-25
2,8,0,10,1,0.60999999999999999,0.46999999999999997,0.53000000000000003,0.27625000000000005,0.35875000000000018,0,constant,8,2,0,10,fe_geometry,3.3923926040174851e-10,3.3306690738754696e-16,5.3290705182007514e-15,2.2204460492503131e-16,0.00087845799862407148,0.00065208299201913178,2.0679515313825692e-25
2,8,0,10,1,0.60999999999999999,0.46999999999999997,0.53000000000000003,0.27625000000000005,0.35875000000000018,0,constant,8,2,0,10,reused,1.2376425311950357e-12,3.3306690738754696e-16,5.3290705182007514e-15,2.2204460492503131e-16,0.00087845799862407148,0.00065208299201913178,2.0679515313825692e-25
2,8,0,10,1,0.60999999999999999,0.46999999999999997,0.53000000000000003,0.27625000000000005,0.35875000000000018,0,constant,8,2,0,10,reused_centered,-1.1145748110348104e-12,3.3306690738754696e-16,5.3290705182007514e-15,2.2204460492503131e-16,0.00087845799862407148,0.00065208299201913178,2.0679515313825692e-25
2,8,0,10,1,0.60999999999999999,0.46999999999999997,0.53000000000000003,0.27625000000000005,0.35875000000000018,0,constant,7,3,0,10,recursive,-2.1068563440946111e-12,3.3306690738754696e-16,5.3290705182007514e-15,2.2204460492503131e-16,0.00087845799862407148,0.00065208299201913178,2.0679515313825692e-25
2,8,0,10,1,0.60999999999999999,0.46999999999999997,0.53000000000000003,0.27625000000000005,0.35875000000000018,0,constant,7,3,0,10,direct,0,3.3306690738754696e-16,5.3290705182007514e-15,2.2204460492503131e-16,0.00087845799862407148,0.00065208299201913178,2.0679515313825692e-25
2,8,0,10,1,0.60999999999999999,0.46999999999999997,0.53000000000000003,0.27625000000000005,0.35875000000000018,0,constant,7,3,0,10,fe_geometry,3.2838037118543481e-10,3.3306690738754696e-16,5.3290705182007514e-15,2.2204460492503131e-16,0.00087845799862407148,0.00065208299201913178,2.0679515313825692e-25
2,8,0,10,1,0.60999999999999999,0.46999999999999997,0.53000000000000003,0.27625000000000005,0.35875000000000018,0,constant,7,3,0,10,reused,-2.9045191552208522e-13,3.3306690738754696e-16,5.3290705182007514e-15,2.2204460492503131e-16,0.00087845799862407148,0.00065208299201913178,2.0679515313825692e-25
2,8,0,10,1,0.60999999999999999,0.46999999999999997,0.53000000000000003,0.27625000000000005,0.35875000000000018,0,constant,7,3,0,10,reused_centered,1.6751675611741283e-12,3.3306690738754696e-16,5.3290705182007514e-15,2.2204460492503131e-16,0.00087845799862407148,0.00065208299201913178,2.0679515313825692e-25
2,8,0,10,1,0.60999999999999999,0.46999999999999997,0.53000000000000003,0.27625000000000005,0.35875000000000018,0,constant,6,4,0,10,recursive,501.90334716517526,3.3306690738754696e-16,5.3290705182007514e-15,2.2204460492503131e-16,0.00087845799862407148,0.00065208299201913178,2.0679515313825692e-25
2,8,0,10,1,0.60999999999999999,0.46999999999999997,0.53000000000000003,0.27625000000000005,0.35875000000000018,0,constant,6,4,0,10,direct,0,3.3306690738754696e-16,5.3290705182007514e-15,2.2204460492503131e-16,0.00087845799862407148,0.00065208299201913178,2.0679515313825692e-25
2,8,0,10,1,0.60999999999999999,0.46999999999999997,0.53000000000000003,0.27625000000000005,0.35875000000000018,0,constant,6,4,0,10,fe_geometry,1.1693759233188393e-10,3.3306690738754696e-16,5.3290705182007514e-15,2.2204460492503131e-16,0.00087845799862407148,0.00065208299201913178,2.0679515313825692e-25
2,8,0,10,1,0.60999999999999999,0.46999999999999997,0.53000000000000003,0.27625000000000005,0.35875000000000018,0,constant,6,4,0,10,reused,-6.5166561942844752e-13,3.3306690738754696e-16,5.3290705182007514e-15,2.2204460492503131e-16,0.00087845799862407148,0.00065208299201913178,2.0679515313825692e-25
2,8,0,10,1,0.60999999999999999,0.46999999999999997,0.53000000000000003,0.27625000000000005,0.35875000000000018,0,constant,6,4,0,10,reused_centered,4.0278603309058672e-12,3.3306690738754696e-16,5.3290705182007514e-15,2.2204460492503131e-16,0.00087845799862407148,0.00065208299201913178,2.0679515313825692e-25
2,8,0,10,1,0.60999999999999999,0.46999999999999997,0.53000000000000003,0.27625000000000005,0.35875000000000018,0,constant,5,5,0,10,recursive,-917.54698511727042,3.3306690738754696e-16,5.3290705182007514e-15,2.2204460492503131e-16,0.00087845799862407148,0.00065208299201913178,2.0679515313825692e-25
2,8,0,10,1,0.60999999999999999,0.46999999999999997,0.53000000000000003,0.27625000000000005,0.35875000000000018,0,constant,5,5,0,10,direct,-193.359375,3.3306690738754696e-16,5.3290705182007514e-15,2.2204460492503131e-16,0.00087845799862407148,0.00065208299201913178,2.0679515313825692e-25
2,8,0,10,1,0.60999999999999999,0.46999999999999997,0.53000000000000003,0.27625000000000005,0.35875000000000018,0,constant,5,5,0,10,fe_geometry,-193.35937499992832,3.3306690738754696e-16,5.3290705182007514e-15,2.2204460492503131e-16,0.00087845799862407148,0.00065208299201913178,2.0679515313825692e-25
2,8,0,10,1,0.60999999999999999,0.46999999999999997,0.53000000000000003,0.27625000000000005,0.35875000000000018,0,constant,5,5,0,10,reused,12.144588453093624,3.3306690738754696e-16,5.3290705182007514e-15,2.2204460492503131e-16,0.00087845799862407148,0.00065208299201913178,2.0679515313825692e-25
2,8,0,10,1,0.60999999999999999,0.46999999999999997,0.53000000000000003,0.27625000000000005,0.35875000000000018,0,constant,5,5,0,10,reused_centered,34.381876408682622,3.3306690738754696e-16,5.3290705182007514e-15,2.2204460492503131e-16,0.00087845799862407148,0.00065208299201913178,2.0679515313825692e-25
2,8,0,10,1,0.60999999999999999,0.46999999999999997,0.53000000000000003,0.27625000000000005,0.35875000000000018,0,constant,4,6,0,10,recursive,3.5004866756517196e-12,3.3306690738754696e-16,5.3290705182007514e-15,2.2204460492503131e-16,0.00087845799862407148,0.00065208299201913178,2.0679515313825692e-25
2,8,0,10,1,0.60999999999999999,0.46999999999999997,0.53000000000000003,0.27625000000000005,0.35875000000000018,0,constant,4,6,0,10,direct,0,3.3306690738754696e-16,5.3290705182007514e-15,2.2204460492503131e-16,0.00087845799862407148,0.00065208299201913178,2.0679515313825692e-25
2,8,0,10,1,0.60999999999999999,0.46999999999999997,0.53000000000000003,0.27625000000000005,0.35875000000000018,0,constant,4,6,0,10,fe_geometry,-7.4452360874286963e-11,3.3306690738754696e-16,5.3290705182007514e-15,2.2204460492503131e-16,0.00087845799862407148,0.00065208299201913178,2.0679515313825692e-25
2,8,0,10,1,0.60999999999999999,0.46999999999999997,0.53000000000000003,0.27625000000000005,0.35875000000000018,0,constant,4,6,0,10,reused,-1.6050576080112938e-12,3.3306690738754696e-16,5.3290705182007514e-15,2.2204460492503131e-16,0.00087845799862407148,0.00065208299201913178,2.0679515313825692e-25
2,8,0,10,1,0.60999999999999999,0.46999999999999997,0.53000000000000003,0.27625000000000005,0.35875000000000018,0,constant,4,6,0,10,reused_centered,2.6491719724159032e-12,3.3306690738754696e-16,5.3290705182007514e-15,2.2204460492503131e-16,0.00087845799862407148,0.00065208299201913178,2.0679515313825692e-25
2,8,0,10,1,0.60999999999999999,0.46999999999999997,0.53000000000000003,0.27625000000000005,0.35875000000000018,0,constant,3,7,0,10,recursive,3.4218712141466498e-12,3.3306690738754696e-16,5.3290705182007514e-15,2.2204460492503131e-16,0.00087845799862407148,0.00065208299201913178,2.0679515313825692e-25
2,8,0,10,1,0.60999999999999999,0.46999999999999997,0.53000000000000003,0.27625000000000005,0.35875000000000018,0,constant,3,7,0,10,direct,0,3.3306690738754696e-16,5.3290705182007514e-15,2.2204460492503131e-16,0.00087845799862407148,0.00065208299201913178,2.0679515313825692e-25
2,8,0,10,1,0.60999999999999999,0.46999999999999997,0.53000000000000003,0.27625000000000005,0.35875000000000018,0,constant,3,7,0,10,fe_geometry,-4.2132231463778853e-11,3.3306690738754696e-16,5.3290705182007514e-15,2.2204460492503131e-16,0.00087845799862407148,0.00065208299201913178,2.0679515313825692e-25
2,8,0,10,1,0.60999999999999999,0.46999999999999997,0.53000000000000003,0.27625000000000005,0.35875000000000018,0,constant,3,7,0,10,reused,1.4234357826577055e-13,3.3306690738754696e-16,5.3290705182007514e-15,2.2204460492503131e-16,0.00087845799862407148,0.00065208299201913178,2.0679515313825692e-25
2,8,0,10,1,0.60999999999999999,0.46999999999999997,0.53000000000000003,0.27625000000000005,0.35875000000000018,0,constant,3,7,0,10,reused_centered,1.6016408797181111e-12,3.3306690738754696e-16,5.3290705182007514e-15,2.2204460492503131e-16,0.00087845799862407148,0.00065208299201913178,2.0679515313825692e-25
2,8,0,10,1,0.60999999999999999,0.46999999999999997,0.53000000000000003,0.27625000000000005,0.35875000000000018,0,constant,2,8,0,10,recursive,-6.346386508553806e-12,3.3306690738754696e-16,5.3290705182007514e-15,2.2204460492503131e-16,0.00087845799862407148,0.00065208299201913178,2.0679515313825692e-25
2,8,0,10,1,0.60999999999999999,0.46999999999999997,0.53000000000000003,0.27625000000000005,0.35875000000000018,0,constant,2,8,0,10,direct,0,3.3306690738754696e-16,5.3290705182007514e-15,2.2204460492503131e-16,0.00087845799862407148,0.00065208299201913178,2.0679515313825692e-25
2,8,0,10,1,0.60999999999999999,0.46999999999999997,0.53000000000000003,0.27625000000000005,0.35875000000000018,0,constant,2,8,0,10,fe_geometry,-6.4750766904983423e-11,3.3306690738754696e-16,5.3290705182007514e-15,2.2204460492503131e-16,0.00087845799862407148,0.00065208299201913178,2.0679515313825692e-25
2,8,0,10,1,0.60999999999999999,0.46999999999999997,0.53000000000000003,0.27625000000000005,0.35875000000000018,0,constant,2,8,0,10,reused,-1.5408556986059308e-12,3.3306690738754696e-16,5.3290705182007514e-15,2.2204460492503131e-16,0.00087845799862407148,0.00065208299201913178,2.0679515313825692e-25
2,8,0,10,1,0.60999999999999999,0.46999999999999997,0.53000000000000003,0.27625000000000005,0.35875000000000018,0,constant,2,8,0,10,reused_centered,9.7099449736422029e-14,3.3306690738754696e-16,5.3290705182007514e-15,2.2204460492503131e-16,0.00087845799862407148,0.00065208299201913178,2.0679515313825692e-25
2,8,0,10,1,0.60999999999999999,0.46999999999999997,0.53000000000000003,0.27625000000000005,0.35875000000000018,0,constant,1,9,0,10,recursive,9.5829851705605614e-12,3.3306690738754696e-16,5.3290705182007514e-15,2.2204460492503131e-16,0.00087845799862407148,0.00065208299201913178,2.0679515313825692e-25
2,8,0,10,1,0.60999999999999999,0.46999999999999997,0.53000000000000003,0.27625000000000005,0.35875000000000018,0,constant,1,9,0,10,direct,0,3.3306690738754696e-16,5.3290705182007514e-15,2.2204460492503131e-16,0.00087845799862407148,0.00065208299201913178,2.0679515313825692e-25
2,8,0,10,1,0.60999999999999999,0.46999999999999997,0.53000000000000003,0.27625000000000005,0.35875000000000018,0,constant,1,9,0,10,fe_geometry,-1.4422719075403429e-11,3.3306690738754696e-16,5.3290705182007514e-15,2.2204460492503131e-16,0.00087845799862407148,0.00065208299201913178,2.0679515313825692e-25
2,8,0,10,1,0.60999999999999999,0.46999999999999997,0.53000000000000003,0.27625000000000005,0.35875000000000018,0,constant,1,9,0,10,reused,-8.3463617172334067e-13,3.3306690738754696e-16,5.3290705182007514e-15,2.2204460492503131e-16,0.00087845799862407148,0.00065208299201913178,2.0679515313825692e-25
2,8,0,10,1,0.60999999999999999,0.46999999999999997,0.53000000000000003,0.27625000000000005,0.35875000000000018,0,constant,1,9,0,10,reused_centered,7.1727842216229062e-13,3.3306690738754696e-16,5.3290705182007514e-15,2.2204460492503131e-16,0.00087845799862407148,0.00065208299201913178,2.0679515313825692e-25
2,8,0,10,1,0.60999999999999999,0.46999999999999997,0.53000000000000003,0.27625000000000005,0.35875000000000018,0,constant,0,10,0,10,recursive,1.6923117714854068e-11,3.3306690738754696e-16,5.3290705182007514e-15,2.2204460492503131e-16,0.00087845799862407148,0.00065208299201913178,2.0679515313825692e-25
2,8,0,10,1,0.60999999999999999,0.46999999999999997,0.53000000000000003,0.27625000000000005,0.35875000000000018,0,constant,0,10,0,10,direct,0,3.3306690738754696e-16,5.3290705182007514e-15,2.2204460492503131e-16,0.00087845799862407148,0.00065208299201913178,2.0679515313825692e-25
2,8,0,10,1,0.60999999999999999,0.46999999999999997,0.53000000000000003,0.27625000000000005,0.35875000000000018,0,constant,0,10,0,10,fe_geometry,2.8294879156772001e-23,3.3306690738754696e-16,5.3290705182007514e-15,2.2204460492503131e-16,0.00087845799862407148,0.00065208299201913178,2.0679515313825692e-25
2,8,0,10,1,0.60999999999999999,0.46999999999999997,0.53000000000000003,0.27625000000000005,0.35875000000000018,0,constant,0,10,0,10,reused,-1.9569952845438971e-24,3.3306690738754696e-16,5.3290705182007514e-15,2.2204460492503131e-16,0.00087845799862407148,0.00065208299201913178,2.0679515313825692e-25
2,8,0,10,1,0.60999999999999999,0.46999999999999997,0.53000000000000003,0.27625000000000005,0.35875000000000018,0,constant,0,10,0,10,reused_centered,-4.6176709354657405e-25,3.3306690738754696e-16,5.3290705182007514e-15,2.2204460492503131e-16,0.00087845799862407148,0.00065208299201913178,2.0679515313825692e-25
2,8,0,10,1,0.60999999999999999,0.46999999999999997,0.53000000000000003,0.27625000000000005,0.35875000000000018,0,quintic,1,0,0,1,recursive,0.10022679395752057,3.4694469519536142e-18,5.3290705182007514e-15,2.2204460492503131e-16,0.00087845799862407148,0.0023959160025697201,2.0679515313825692e-25
2,8,0,10,1,0.60999999999999999,0.46999999999999997,0.53000000000000003,0.27625000000000005,0.35875000000000018,0,quintic,1,0,0,1,direct,0.10022679395752171,3.4694469519536142e-18,5.3290705182007514e-15,2.2204460492503131e-16,0.00087845799862407148,0.0023959160025697201,2.0679515313825692e-25
2,8,0,10,1,0.60999999999999999,0.46999999999999997,0.53000000000000003,0.27625000000000005,0.35875000000000018,0,quintic,1,0,0,1,fe_geometry,0.10022679395752235,3.4694469519536142e-18,5.3290705182007514e-15,2.2204460492503131e-16,0.00087845799862407148,0.0023959160025697201,2.0679515313825692e-25
2,8,0,10,1,0.60999999999999999,0.46999999999999997,0.53000000000000003,0.27625000000000005,0.35875000000000018,0,quintic,1,0,0,1,reused,0.10022679395752036,3.4694469519536142e-18,5.3290705182007514e-15,2.2204460492503131e-16,0.00087845799862407148,0.0023959160025697201,2.0679515313825692e-25
2,8,0,10,1,0.60999999999999999,0.46999999999999997,0.53000000000000003,0.27625000000000005,0.35875000000000018,0,quintic,1,0,0,1,reused_centered,0.10022679395752007,3.4694469519536142e-18,5.3290705182007514e-15,2.2204460492503131e-16,0.00087845799862407148,0.0023959160025697201,2.0679515313825692e-25
2,8,0,10,1,0.60999999999999999,0.46999999999999997,0.53000000000000003,0.27625000000000005,0.35875000000000018,0,quintic,0,1,0,1,recursive,0.13757580079345755,3.4694469519536142e-18,5.3290705182007514e-15,2.2204460492503131e-16,0.00087845799862407148,0.0023959160025697201,2.0679515313825692e-25
2,8,0,10,1,0.60999999999999999,0.46999999999999997,0.53000000000000003,0.27625000000000005,0.35875000000000018,0,quintic,0,1,0,1,direct,0.1375758007934593,3.4694469519536142e-18,5.3290705182007514e-15,2.2204460492503131e-16,0.00087845799862407148,0.0023959160025697201,2.0679515313825692e-25
2,8,0,10,1,0.60999999999999999,0.46999999999999997,0.53000000000000003,0.27625000000000005,0.35875000000000018,0,quintic,0,1,0,1,fe_geometry,0.13757580079345699,3.4694469519536142e-18,5.3290705182007514e-15,2.2204460492503131e-16,0.00087845799862407148,0.0023959160025697201,2.0679515313825692e-25
2,8,0,10,1,0.60999999999999999,0.46999999999999997,0.53000000000000003,0.27625000000000005,0.35875000000000018,0,quintic,0,1,0,1,reused,0.13757580079345744,3.4694469519536142e-18,5.3290705182007514e-15,2.2204460492503131e-16,0.00087845799862407148,0.0023959160025697201,2.0679515313825692e-25
2,8,0,10,1,0.60999999999999999,0.46999999999999997,0.53000000000000003,0.27625000000000005,0.35875000000000018,0,quintic,0,1,0,1,reused_centered,0.13757580079345738,3.4694469519536142e-18,5.3290705182007514e-15,2.2204460492503131e-16,0.00087845799862407148,0.0023959160025697201,2.0679515313825692e-25
2,8,0,10,1,0.60999999999999999,0.46999999999999997,0.53000000000000003,0.27625000000000005,0.35875000000000018,0,quintic,2,0,0,2,recursive,0.67903832031253353,3.4694469519536142e-18,5.3290705182007514e-15,2.2204460492503131e-16,0.00087845799862407148,0.0023959160025697201,2.0679515313825692e-25
2,8,0,10,1,0.60999999999999999,0.46999999999999997,0.53000000000000003,0.27625000000000005,0.35875000000000018,0,quintic,2,0,0,2,direct,0.67903832031250466,3.4694469519536142e-18,5.3290705182007514e-15,2.2204460492503131e-16,0.00087845799862407148,0.0023959160025697201,2.0679515313825692e-25
2,8,0,10,1,0.60999999999999999,0.46999999999999997,0.53000000000000003,0.27625000000000005,0.35875000000000018,0,quintic,2,0,0,2,fe_geometry,0.67903832031233435,3.4694469519536142e-18,5.3290705182007514e-15,2.2204460492503131e-16,0.00087845799862407148,0.0023959160025697201,2.0679515313825692e-25
2,8,0,10,1,0.60999999999999999,0.46999999999999997,0.53000000000000003,0.27625000000000005,0.35875000000000018,0,quintic,2,0,0,2,reused,0.67903832031251665,3.4694469519536142e-18,5.3290705182007514e-15,2.2204460492503131e-16,0.00087845799862407148,0.0023959160025697201,2.0679515313825692e-25
2,8,0,10,1,0.60999999999999999,0.46999999999999997,0.53000000000000003,0.27625000000000005,0.35875000000000018,0,quintic,2,0,0,2,reused_centered,0.67903832031250877,3.4694469519536142e-18,5.3290705182007514e-15,2.2204460492503131e-16,0.00087845799862407148,0.0023959160025697201,2.0679515313825692e-25
2,8,0,10,1,0.60999999999999999,0.46999999999999997,0.53000000000000003,0.27625000000000005,0.35875000000000018,0,quintic,1,1,0,2,recursive,0.39641875000001786,3.4694469519536142e-18,5.3290705182007514e-15,2.2204460492503131e-16,0.00087845799862407148,0.0023959160025697201,2.0679515313825692e-25
2,8,0,10,1,0.60999999999999999,0.46999999999999997,0.53000000000000003,0.27625000000000005,0.35875000000000018,0,quintic,1,1,0,2,direct,0.39641875000003157,3.4694469519536142e-18,5.3290705182007514e-15,2.2204460492503131e-16,0.00087845799862407148,0.0023959160025697201,2.0679515313825692e-25
2,8,0,10,1,0.60999999999999999,0.46999999999999997,0.53000000000000003,0.27625000000000005,0.35875000000000018,0,quintic,1,1,0,2,fe_geometry,0.39641875000002352,3.4694469519536142e-18,5.3290705182007514e-15,2.2204460492503131e-16,0.00087845799862407148,0.0023959160025697201,2.0679515313825692e-25
2,8,0,10,1,0.60999999999999999,0.46999999999999997,0.53000000000000003,0.27625000000000005,0.35875000000000018,0,quintic,1,1,0,2,reused,0.39641875000001192,3.4694469519536142e-18,5.3290705182007514e-15,2.2204460492503131e-16,0.00087845799862407148,0.0023959160025697201,2.0679515313825692e-25
2,8,0,10,1,0.60999999999999999,0.46999999999999997,0.53000000000000003,0.27625000000000005,0.35875000000000018,0,quintic,1,1,0,2,reused_centered,0.39641874999999638,3.4694469519536142e-18,5.3290705182007514e-15,2.2204460492503131e-16,0.00087845799862407148,0.0023959160025697201,2.0679515313825692e-25
2,8,0,10,1,0.60999999999999999,0.46999999999999997,0.53000000000000003,0.27625000000000005,0.35875000000000018,0,quintic,0,2,0,2,recursive,1.0760618359375733,3.4694469519536142e-18,5.3290705182007514e-15,2.2204460492503131e-16,0.00087845799862407148,0.0023959160025697201,2.0679515313825692e-25
2,8,0,10,1,0.60999999999999999,0.46999999999999997,0.53000000000000003,0.27625000000000005,0.35875000000000018,0,quintic,0,2,0,2,direct,1.0760618359375618,3.4694469519536142e-18,5.3290705182007514e-15,2.2204460492503131e-16,0.00087845799862407148,0.0023959160025697201,2.0679515313825692e-25
2,8,0,10,1,0.60999999999999999,0.46999999999999997,0.53000000000000003,0.27625000000000005,0.35875000000000018,0,quintic,0,2,0,2,fe_geometry,1.0760618359375658,3.4694469519536142e-18,5.3290705182007514e-15,2.2204460492503131e-16,0.00087845799862407148,0.0023959160025697201,2.0679515313825692e-25
2,8,0,10,1,0.60999999999999999,0.46999999999999997,0.53000000000000003,0.27625000000000005,0.35875000000000018,0,quintic,0,2,0,2,reused,1.0760618359375416,3.4694469519536142e-18,5.3290705182007514e-15,2.2204460492503131e-16,0.00087845799862407148,0.0023959160025697201,2.0679515313825692e-25
2,8,0,10,1,0.60999999999999999,0.46999999999999997,0.53000000000000003,0.27625000000000005,0.35875000000000018,0,quintic,0,2,0,2,reused_centered,1.0760618359375134,3.4694469519536142e-18,5.3290705182007514e-15,2.2204460492503131e-16,0.00087845799862407148,0.0023959160025697201,2.0679515313825692e-25
2,8,0,10,1,0.60999999999999999,0.46999999999999997,0.53000000000000003,0.27625000000000005,0.35875000000000018,0,quintic,3,0,0,3,recursive,4.5788437499989278,3.4694469519536142e-18,5.3290705182007514e-15,2.2204460492503131e-16,0.00087845799862407148,0.0023959160025697201,2.0679515313825692e-25
2,8,0,10,1,0.60999999999999999,0.46999999999999997,0.53000000000000003,0.27625000000000005,0.35875000000000018,0,quintic,3,0,0,3,direct,4.5788437499968957,3.4694469519536142e-18,5.3290705182007514e-15,2.2204460492503131e-16,0.00087845799862407148,0.0023959160025697201,2.0679515313825692e-25
2,8,0,10,1,0.60999999999999999,0.46999999999999997,0.53000000000000003,0.27625000000000005,0.35875000000000018,0,quintic,3,0,0,3,fe_geometry,4.5788437499954018,3.4694469519536142e-18,5.3290705182007514e-15,2.2204460492503131e-16,0.00087845799862407148,0.0023959160025697201,2.0679515313825692e-25
2,8,0,10,1,0.60999999999999999,0.46999999999999997,0.53000000000000003,0.27625000000000005,0.35875000000000018,0,quintic,3,0,0,3,reused,4.5788437499972021,3.4694469519536142e-18,5.3290705182007514e-15,2.2204460492503131e-16,0.00087845799862407148,0.0023959160025697201,2.0679515313825692e-25
2,8,0,10,1,0.60999999999999999,0.46999999999999997,0.53000000000000003,0.27625000000000005,0.35875000000000018,0,quintic,3,0,0,3,reused_centered,4.5788437499988914,3.4694469519536142e-18,5.3290705182007514e-15,2.2204460492503131e-16,0.00087845799862407148,0.0023959160025697201,2.0679515313825692e-25
2,8,0,10,1,0.60999999999999999,0.46999999999999997,0.53000000000000003,0.27625000000000005,0.35875000000000018,0,quintic,2,1,0,3,recursive,1.4349999999986081,3.4694469519536142e-18,5.3290705182007514e-15,2.2204460492503131e-16,0.00087845799862407148,0.0023959160025697201,2.0679515313825692e-25
2,8,0,10,1,0.60999999999999999,0.46999999999999997,0.53000000000000003,0.27625000000000005,0.35875000000000018,0,quintic,2,1,0,3,direct,1.4349999999981087,3.4694469519536142e-18,5.3290705182007514e-15,2.2204460492503131e-16,0.00087845799862407148,0.0023959160025697201,2.0679515313825692e-25
2,8,0,10,1,0.60999999999999999,0.46999999999999997,0.53000000000000003,0.27625000000000005,0.35875000000000018,0,quintic,2,1,0,3,fe_geometry,1.4349999999975911,3.4694469519536142e-18,5.3290705182007514e-15,2.2204460492503131e-16,0.00087845799862407148,0.0023959160025697201,2.0679515313825692e-25
2,8,0,10,1,0.60999999999999999,0.46999999999999997,0.53000000000000003,0.27625000000000005,0.35875000000000018,0,quintic,2,1,0,3,reused,1.4349999999996612,3.4694469519536142e-18,5.3290705182007514e-15,2.2204460492503131e-16,0.00087845799862407148,0.0023959160025697201,2.0679515313825692e-25
2,8,0,10,1,0.60999999999999999,0.46999999999999997,0.53000000000000003,0.27625000000000005,0.35875000000000018,0,quintic,2,1,0,3,reused_centered,1.4349999999996808,3.4694469519536142e-18,5.3290705182007514e-15,2.2204460492503131e-16,0.00087845799862407148,0.0023959160025697201,2.0679515313825692e-25
2,8,0,10,1,0.60999999999999999,0.46999999999999997,0.53000000000000003,0.27625000000000005,0.35875000000000018,0,quintic,1,2,0,3,recursive,1.1049999999998299,3.4694469519536142e-18,5.3290705182007514e-15,2.2204460492503131e-16,0.00087845799862407148,0.0023959160025697201,2.0679515313825692e-25
2,8,0,10,1,0.60999999999999999,0.46999999999999997,0.53000000000000003,0.27625000000000005,0.35875000000000018,0,quintic,1,2,0,3,direct,1.1050000000008511,3.4694469519536142e-18,5.3290705182007514e-15,2.2204460492503131e-16,0.00087845799862407148,0.0023959160025697201,2.0679515313825692e-25
2,8,0,10,1,0.60999999999999999,0.46999999999999997,0.53000000000000003,0.27625000000000005,0.35875000000000018,0,quintic,1,2,0,3,fe_geometry,1.105000000001723,3.4694469519536142e-18,5.3290705182007514e-15,2.2204460492503131e-16,0.00087845799862407148,0.0023959160025697201,2.0679515313825692e-25
2,8,0,10,1,0.60999999999999999,0.46999999999999997,0.53000000000000003,0.27625000000000005,0.35875000000000018,0,quintic,1,2,0,3,reused,1.105000000000065,3.4694469519536142e-18,5.3290705182007514e-15,2.2204460492503131e-16,0.00087845799862407148,0.0023959160025697201,2.0679515313825692e-25
2,8,0,10,1,0.60999999999999999,0.46999999999999997,0.53000000000000003,0.27625000000000005,0.35875000000000018,0,quintic,1,2,0,3,reused_centered,1.1049999999993996,3.4694469519536142e-18,5.3290705182007514e-15,2.2204460492503131e-16,0.00087845799862407148,0.0023959160025697201,2.0679515313825692e-25
2,8,0,10,1,0.60999999999999999,0.46999999999999997,0.53000000000000003,0.27625000000000005,0.35875000000000018,0,quintic,0,3,0,3,recursive,7.7220937499965592,3.4694469519536142e-18,5.3290705182007514e-15,2.2204460492503131e-16,0.00087845799862407148,0.0023959160025697201,2.0679515313825692e-25
2,8,0,10,1,0.60999999999999999,0.46999999999999997,0.53000000000000003,0.27625000000000005,0.35875000000000018,0,quintic,0,3,0,3,direct,7.7220937499846158,3.4694469519536142e-18,5.3290705182007514e-15,2.2204460492503131e-16,0.00087845799862407148,0.0023959160025697201,2.0679515313825692e-25
2,8,0,10,1,0.60999999999999999,0.46999999999999997,0.53000000000000003,0.27625000000000005,0.35875000000000018,0,quintic,0,3,0,3,fe_geometry,7.7220937499859366,3.4694469519536142e-18,5.3290705182007514e-15,2.2204460492503131e-16,0.00087845799862407148,0.0023959160025697201,2.0679515313825692e-25
2,8,0,10,1,0.60999999999999999,0.46999999999999997,0.53000000000000003,0.27625000000000005,0.35875000000000018,0,quintic,0,3,0,3,reused,7.7220937499995079,3.4694469519536142e-18,5.3290705182007514e-15,2.2204460492503131e-16,0.00087845799862407148,0.0023959160025697201,2.0679515313825692e-25
2,8,0,10,1,0.60999999999999999,0.46999999999999997,0.53000000000000003,0.27625000000000005,0.35875000000000018,0,quintic,0,3,0,3,reused_centered,7.7220937499999822,3.4694469519536142e-18,5.3290705182007514e-15,2.2204460492503131e-16,0.00087845799862407148,0.0023959160025697201,2.0679515313825692e-25
2,8,0,10,1,0.60999999999999999,0.46999999999999997,0.53000000000000003,0.27625000000000005,0.35875000000000018,0,quintic,4,0,0,4,recursive,33.149999999968713,3.4694469519536142e-18,5.3290705182007514e-15,2.2204460492503131e-16,0.00087845799862407148,0.0023959160025697201,2.0679515313825692e-25
2,8,0,10,1,0.60999999999999999,0.46999999999999997,0.53000000000000003,0.27625000000000005,0.35875000000000018,0,quintic,4,0,0,4,direct,33.149999999872399,3.4694469519536142e-18,5.3290705182007514e-15,2.2204460492503131e-16,0.00087845799862407148,0.0023959160025697201,2.0679515313825692e-25
2,8,0,10,1,0.60999999999999999,0.46999999999999997,0.53000000000000003,0.27625000000000005,0.35875000000000018,0,quintic,4,0,0,4,fe_geometry,33.15000000021103,3.4694469519536142e-18,5.3290705182007514e-15,2.2204460492503131e-16,0.00087845799862407148,0.0023959160025697201,2.0679515313825692e-25
2,8,0,10,1,0.60999999999999999,0.46999999999999997,0.53000000000000003,0.27625000000000005,0.35875000000000018,0,quintic,4,0,0,4,reused,33.149999999864832,3.4694469519536142e-18,5.3290705182007514e-15,2.2204460492503131e-16,0.00087845799862407148,0.0023959160025697201,2.0679515313825692e-25
2,8,0,10,1,0.60999999999999999,0.46999999999999997,0.53000000000000003,0.27625000000000005,0.35875000000000018,0,quintic,4,0,0,4,reused_centered,33.14999999990637,3.4694469519536142e-18,5.3290705182007514e-15,2.2204460492503131e-16,0.00087845799862407148,0.0023959160025697201,2.0679515313825692e-25
2,8,0,10,1,0.60999999999999999,0.46999999999999997,0.53000000000000003,0.27625000000000005,0.35875000000000018,0,quintic,3,1,0,4,recursive,-4.9743277083147658e-11,3.4694469519536142e-18,5.3290705182007514e-15,2.2204460492503131e-16,0.00087845799862407148,0.0023959160025697201,2.0679515313825692e-25
2,8,0,10,1,0.60999999999999999,0.46999999999999997,0.53000000000000003,0.27625000000000005,0.35875000000000018,0,quintic,3,1,0,4,direct,-5.9072310328248401e-11,3.4694469519536142e-18,5.3290705182007514e-15,2.2204460492503131e-16,0.00087845799862407148,0.0023959160025697201,2.0679515313825692e-25
2,8,0,10,1,0.60999999999999999,0.46999999999999997,0.53000000000000003,0.27625000000000005,0.35875000000000018,0,quintic,3,1,0,4,fe_geometry,-2.2651266770587301e-11,3.4694469519536142e-18,5.3290705182007514e-15,2.2204460492503131e-16,0.00087845799862407148,0.0023959160025697201,2.0679515313825692e-25
2,8,0,10,1,0.60999999999999999,0.46999999999999997,0.53000000000000003,0.27625000000000005,0.35875000000000018,0,quintic,3,1,0,4,reused,-3.0536077946275146e-11,3.4694469519536142e-18,5.3290705182007514e-15,2.2204460492503131e-16,0.00087845799862407148,0.0023959160025697201,2.0679515313825692e-25
2,8,0,10,1,0.60999999999999999,0.46999999999999997,0.53000000000000003,0.27625000000000005,0.35875000000000018,0,quintic,3,1,0,4,reused_centered,1.4201325271158357e-12,3.4694469519536142e-18,5.3290705182007514e-15,2.2204460492503131e-16,0.00087845799862407148,0.0023959160025697201,2.0679515313825692e-25
2,8,0,10,1,0.60999999999999999,0.46999999999999997,0.53000000000000003,0.27625000000000005,0.35875000000000018,0,quintic,2,2,0,4,recursive,3.9999999999895635,3.4694469519536142e-18,5.3290705182007514e-15,2.2204460492503131e-16,0.00087845799862407148,0.0023959160025697201,2.0679515313825692e-25
2,8,0,10,1,0.60999999999999999,0.46999999999999997,0.53000000000000003,0.27625000000000005,0.35875000000000018,0,quintic,2,2,0,4,direct,4.0000000000188969,3.4694469519536142e-18,5.3290705182007514e-15,2.2204460492503131e-16,0.00087845799862407148,0.0023959160025697201,2.0679515313825692e-25
2,8,0,10,1,0.60999999999999999,0.46999999999999997,0.53000000000000003,0.27625000000000005,0.35875000000000018,0,quintic,2,2,0,4,fe_geometry,4.0000000000860192,3.4694469519536142e-18,5.3290705182007514e-15,2.2204460492503131e-16,0.00087845799862407148,0.0023959160025697201,2.0679515313825692e-25
2,8,0,10,1,0.60999999999999999,0.46999999999999997,0.53000000000000003,0.27625000000000005,0.35875000000000018,0,quintic,2,2,0,4,reused,3.9999999999883253,3.4694469519536142e-18,5.3290705182007514e-15,2.2204460492503131e-16,0.00087845799862407148,0.0023959160025697201,2.0679515313825692e-25
2,8,0,10,1,0.60999999999999999,0.46999999999999997,0.53000000000000003,0.27625000000000005,0.35875000000000018,0,quintic,2,2,0,4,reused_centered,3.9999999999867955,3.4694469519536142e-18,5.3290705182007514e-15,2.2204460492503131e-16,0.00087845799862407148,0.0023959160025697201,2.0679515313825692e-25
2,8,0,10,1,0.60999999999999999,0.46999999999999997,0.53000000000000003,0.27625000000000005,0.35875000000000018,0,quintic,1,3,0,4,recursive,-5.4105469887389037e-11,3.4694469519536142e-18,5.3290705182007514e-15,2.2204460492503131e-16,0.00087845799862407148,0.0023959160025697201,2.0679515313825692e-25
2,8,0,10,1,0.60999999999999999,0.46999999999999997,0.53000000000000003,0.27625000000000005,0.35875000000000018,0,quintic,1,3,0,4,direct,-5.3115202423771041e-11,3.4694469519536142e-18,5.3290705182007514e-15,2.2204460492503131e-16,0.00087845799862407148,0.0023959160025697201,2.0679515313825692e-25
2,8,0,10,1,0.60999999999999999,0.46999999999999997,0.53000000000000003,0.27625000000000005,0.35875000000000018,0,quintic,1,3,0,4,fe_geometry,-4.4409317557556153e-11,3.4694469519536142e-18,5.3290705182007514e-15,2.2204460492503131e-16,0.00087845799862407148,0.0023959160025697201,2.0679515313825692e-25
2,8,0,10,1,0.60999999999999999,0.46999999999999997,0.53000000000000003,0.27625000000000005,0.35875000000000018,0,quintic,1,3,0,4,reused,-2.4655156119904125e-11,3.4694469519536142e-18,5.3290705182007514e-15,2.2204460492503131e-16,0.00087845799862407148,0.0023959160025697201,2.0679515313825692e-25
2,8,0,10,1,0.60999999999999999,0.46999999999999997,0.53000000000000003,0.27625000000000005,0.35875000000000018,0,quintic,1,3,0,4,reused_centered,-8.2416144064457017e-12,3.4694469519536142e-18,5.3290705182007514e-15,2.2204460492503131e-16,0.00087845799862407148,0.0023959160025697201,2.0679515313825692e-25
2,8,0,10,1,0.60999999999999999,0.46999999999999997,0.53000000000000003,0.27625000000000005,0.35875000000000018,0,quintic,0,4,0,4,recursive,43.049999999933682,3.4694469519536142e-18,5.3290705182007514e-15,2.2204460492503131e-16,0.00087845799862407148,0.0023959160025697201,2.0679515313825692e-25
2,8,0,10,1,0.60999999999999999,0.46999999999999997,0.53000000000000003,0.27625000000000005,0.35875000000000018,0,quintic,0,4,0,4,direct,43.049999999917688,3.4694469519536142e-18,5.3290705182007514e-15,2.2204460492503131e-16,0.00087845799862407148,0.0023959160025697201,2.0679515313825692e-25
2,8,0,10,1,0.60999999999999999,0.46999999999999997,0.53000000000000003,0.27625000000000005,0.35875000000000018,0,quintic,0,4,0,4,fe_geometry,43.050000000029129,3.4694469519536142e-18,5.3290705182007514e-15,2.2204460492503131e-16,0.00087845799862407148,0.0023959160025697201,2.0679515313825692e-25
2,8,0,10,1,0.60999999999999999,0.46999999999999997,0.53000000000000003,0.27625000000000005,0.35875000000000018,0,quintic,0,4,0,4,reused,43.049999999878246,3.4694469519536142e-18,5.3290705182007514e-15,2.2204460492503131e-16,0.00087845799862407148,0.0023959160025697201,2.0679515313825692e-25
2,8,0,10,1,0.60999999999999999,0.46999999999999997,0.53000000000000003,0.27625000000000005,0.35875000000000018,0,quintic,0,4,0,4,reused_centered,43.049999999972258,3.4694469519536142e-18,5.3290705182007514e-15,2.2204460492503131e-16,0.00087845799862407148,0.0023959160025697201,2.0679515313825692e-25
2,8,0,10,1,0.60999999999999999,0.46999999999999997,0.53000000000000003,0.27625000000000005,0.35875000000000018,0,quintic,5,0,0,5,recursive,119.99999999560973,3.4694469519536142e-18,5.3290705182007514e-15,2.2204460492503131e-16,0.00087845799862407148,0.0023959160025697201,2.0679515313825692e-25
2,8,0,10,1,0.60999999999999999,0.46999999999999997,0.53000000000000003,0.27625000000000005,0.35875000000000018,0,quintic,5,0,0,5,direct,119.99999999203055,3.4694469519536142e-18,5.3290705182007514e-15,2.2204460492503131e-16,0.00087845799862407148,0.0023959160025697201,2.0679515313825692e-25
2,8,0,10,1,0.60999999999999999,0.46999999999999997,0.53000000000000003,0.27625000000000005,0.35875000000000018,0,quintic,5,0,0,5,fe_geometry,119.99999999939506,3.4694469519536142e-18,5.3290705182007514e-15,2.2204460492503131e-16,0.00087845799862407148,0.0023959160025697201,2.0679515313825692e-25
2,8,0,10,1,0.60999999999999999,0.46999999999999997,0.53000000000000003,0.27625000000000005,0.35875000000000018,0,quintic,5,0,0,5,reused,120.00000000096783,3.4694469519536142e-18,5.3290705182007514e-15,2.2204460492503131e-16,0.00087845799862407148,0.0023959160025697201,2.0679515313825692e-25
2,8,0,10,1,0.60999999999999999,0.46999999999999997,0.53000000000000003,0.27625000000000005,0.35875000000000018,0,quintic,5,0,0,5,reused_centered,119.99999999668549,3.4694469519536142e-18,5.3290705182007514e-15,2.2204460492503131e-16,0.00087845799862407148,0.0023959160025697201,2.0679515313825692e-25
2,8,0,10,1,0.60999999999999999,0.46999999999999997,0.53000000000000003,0.27625000000000005,0.35875000000000018,0,quintic,4,1,0,5,recursive,9.489772423280212e-09,3.4694469519536142e-18,5.3290705182007514e-15,2.2204460492503131e-16,0.00087845799862407148,0.0023959160025697201,2.0679515313825692e-25
2,8,0,10,1,0.60999999999999999,0.46999999999999997,0.53000000000000003,0.27625000000000005,0.35875000000000018,0,quintic,4,1,0,5,direct,-7.0454605523156342e-09,3.4694469519536142e-18,5.3290705182007514e-15,2.2204460492503131e-16,0.00087845799862407148,0.0023959160025697201,2.0679515313825692e-25
2,8,0,10,1,0.60999999999999999,0.46999999999999997,0.53000000000000003,0.27625000000000005,0.35875000000000018,0,quintic,4,1,0,5,fe_geometry,-3.1694683278639624e-09,3.4694469519536142e-18,5.3290705182007514e-15,2.2204460492503131e-16,0.00087845799862407148,0.0023959160025697201,2.0679515313825692e-25
2,8,0,10,1,0.60999999999999999,0.46999999999999997,0.53000000000000003,0.27625000000000005,0.35875000000000018,0,quintic,4,1,0,5,reused,9.8891577939691787e-10,3.4694469519536142e-18,5.3290705182007514e-15,2.2204460492503131e-16,0.00087845799862407148,0.0023959160025697201,2.0679515313825692e-25
2,8,0,10,1,0.60999999999999999,0.46999999999999997,0.53000000000000003,0.27625000000000005,0.35875000000000018,0,quintic,4,1,0,5,reused_centered,1.5059430609430248e-09,3.4694469519536142e-18,5.3290705182007514e-15,2.2204460492503131e-16,0.00087845799862407148,0.0023959160025697201,2.0679515313825692e-25
2,8,0,10,1,0.60999999999999999,0.46999999999999997,0.53000000000000003,0.27625000000000005,0.35875000000000018,0,quintic,3,2,0,5,recursive,4.1835808617969835e-09,3.4694469519536142e-18,5.3290705182007514e-15,2.2204460492503131e-16,0.00087845799862407148,0.0023959160025697201,2.0679515313825692e-25
2,8,0,10,1,0.60999999999999999,0.46999999999999997,0.53000000000000003,0.27625000000000005,0.35875000000000018,0,quintic,3,2,0,5,direct,-1.8501350246406215e-09,3.4694469519536142e-18,5.3290705182007514e-15,2.2204460492503131e-16,0.00087845799862407148,0.0023959160025697201,2.0679515313825692e-25
2,8,0,10,1,0.60999999999999999,0.46999999999999997,0.53000000000000003,0.27625000000000005,0.35875000000000018,0,quintic,3,2,0,5,fe_geometry,-3.506543531580228e-09,3.4694469519536142e-18,5.3290705182007514e-15,2.2204460492503131e-16,0.00087845799862407148,0.0023959160025697201,2.0679515313825692e-25
2,8,0,10,1,0.60999999999999999,0.46999999999999997,0.53000000000000003,0.27625000000000005,0.35875000000000018,0,quintic,3,2,0,5,reused,1.011149261683407e-09,3.4694469519536142e-18,5.3290705182007514e-15,2.2204460492503131e-16,0.00087845799862407148,0.0023959160025697201,2.0679515313825692e-25
2,8,0,10,1,0.60999999999999999,0.46999999999999997,0.53000000000000003,0.27625000000000005,0.35875000000000018,0,quintic,3,2,0,5,reused_centered,1.2349416602241254e-09,3.4694469519536142e-18,5.3290705182007514e-15,2.2204460492503131e-16,0.00087845799862407148,0.0023959160025697201,2.0679515313825692e-25
2,8,0,10,1,0.60999999999999999,0.46999999999999997,0.53000000000000003,0.27625000000000005,0.35875000000000018,0,quintic,2,3,0,5,recursive,7.262234400398162e-09,3.4694469519536142e-18,5.3290705182007514e-15,2.2204460492503131e-16,0.00087845799862407148,0.0023959160025697201,2.0679515313825692e-25
2,8,0,10,1,0.60999999999999999,0.46999999999999997,0.53000000000000003,0.27625000000000005,0.35875000000000018,0,quintic,2,3,0,5,direct,7.8112369736297127e-09,3.4694469519536142e-18,5.3290705182007514e-15,2.2204460492503131e-16,0.00087845799862407148,0.0023959160025697201,2.0679515313825692e-25
2,8,0,10,1,0.60999999999999999,0.46999999999999997,0.53000000000000003,0.27625000000000005,0.35875000000000018,0,quintic,2,3,0,5,fe_geometry,8.3619290083508742e-09,3.4694469519536142e-18,5.3290705182007514e-15,2.2204460492503131e-16,0.00087845799862407148,0.0023959160025697201,2.0679515313825692e-25
2,8,0,10,1,0.60999999999999999,0.46999999999999997,0.53000000000000003,0.27625000000000005,0.35875000000000018,0,quintic,2,3,0,5,reused,5.5487819454413815e-10,3.4694469519536142e-18,5.3290705182007514e-15,2.2204460492503131e-16,0.00087845799862407148,0.0023959160025697201,2.0679515313825692e-25
2,8,0,10,1,0.60999999999999999,0.46999999999999997,0.53000000000000003,0.27625000000000005,0.35875000000000018,0,quintic,2,3,0,5,reused_centered,1.9091031348557814e-10,3.4694469519536142e-18,5.3290705182007514e-15,2.2204460492503131e-16,0.00087845799862407148,0.0023959160025697201,2.0679515313825692e-25
2,8,0,10,1,0.60999999999999999,0.46999999999999997,0.53000000000000003,0.27625000000000005,0.35875000000000018,0,quintic,1,4,0,5,recursive,1.6034900245777926e-09,3.4694469519536142e-18,5.3290705182007514e-15,2.2204460492503131e-16,0.00087845799862407148,0.0023959160025697201,2.0679515313825692e-25
2,8,0,10,1,0.60999999999999999,0.46999999999999997,0.53000000000000003,0.27625000000000005,0.35875000000000018,0,quintic,1,4,0,5,direct,-2.8519113784075312e-09,3.4694469519536142e-18,5.3290705182007514e-15,2.2204460492503131e-16,0.00087845799862407148,0.0023959160025697201,2.0679515313825692e-25
2,8,0,10,1,0.60999999999999999,0.46999999999999997,0.53000000000000003,0.27625000000000005,0.35875000000000018,0,quintic,1,4,0,5,fe_geometry,-5.2797306839624165e-09,3.4694469519536142e-18,5.3290705182007514e-15,2.2204460492503131e-16,0.00087845799862407148,0.0023959160025697201,2.0679515313825692e-25
2,8,0,10,1,0.60999999999999999,0.46999999999999997,0.53000000000000003,0.27625000000000005,0.35875000000000018,0,quintic,1,4,0,5,reused,-2.847354830240813e-10,3.4694469519536142e-18,5.3290705182007514e-15,2.2204460492503131e-16,0.00087845799862407148,0.0023959160025697201,2.0679515313825692e-25
2,8,0,10,1,0.60999999999999999,0.46999999999999997,0.53000000000000003,0.27625000000000005,0.35875000000000018,0,quintic,1,4,0,5,reused_centered,1.4797818332312519e-09,3.4694469519536142e-18,5.3290705182007514e-15,2.2204460492503131e-16,0.00087845799862407148,0.0023959160025697201,2.0679515313825692e-25
2,8,0,10,1,0.60999999999999999,0.46999999999999997,0.53000000000000003,0.27625000000000005,0.35875000000000018,0,quintic,0,5,0,5,recursive,120.00000001353808,3.4694469519536142e-18,5.3290705182007514e-15,2.2204460492503131e-16,0.00087845799862407148,0.0023959160025697201,2.0679515313825692e-25
2,8,0,10,1,0.60999999999999999,0.46999999999999997,0.53000000000000003,0.27625000000000005,0.35875000000000018,0,quintic,0,5,0,5,direct,120.00000004328791,3.4694469519536142e-18,5.3290705182007514e-15,2.2204460492503131e-16,0.00087845799862407148,0.0023959160025697201,2.0679515313825692e-25
2,8,0,10,1,0.60999999999999999,0.46999999999999997,0.53000000000000003,0.27625000000000005,0.35875000000000018,0,quintic,0,5,0,5,fe_geometry,120.00000004651545,3.4694469519536142e-18,5.3290705182007514e-15,2.2204460492503131e-16,0.00087845799862407148,0.0023959160025697201,2.0679515313825692e-25
2,8,0,10,1,0.60999999999999999,0.46999999999999997,0.53000000000000003,0.27625000000000005,0.35875000000000018,0,quintic,0,5,0,5,reused,119.99999999735648,3.4694469519536142e-18,5.3290705182007514e-15,2.2204460492503131e-16,0.00087845799862407148,0.0023959160025697201,2.0679515313825692e-25
2,8,0,10,1,0.60999999999999999,0.46999999999999997,0.53000000000000003,0.27625000000000005,0.35875000000000018,0,quintic,0,5,0,5,reused_centered,119.99999999749654,3.4694469519536142e-18,5.3290705182007514e-15,2.2204460492503131e-16,0.00087845799862407148,0.0023959160025697201,2.0679515313825692e-25
2,8,0,10,1,0.60999999999999999,0.46999999999999997,0.53000000000000003,0.27625000000000005,0.35875000000000018,0,quintic,6,0,0,6,recursive,-4.6178199246545151e-07,3.4694469519536142e-18,5.3290705182007514e-15,2.2204460492503131e-16,0.00087845799862407148,0.0023959160025697201,2.0679515313825692e-25
2,8,0,10,1,0.60999999999999999,0.46999999999999997,0.53000000000000003,0.27625000000000005,0.35875000000000018,0,quintic,6,0,0,6,direct,0,3.4694469519536142e-18,5.3290705182007514e-15,2.2204460492503131e-16,0.00087845799862407148,0.0023959160025697201,2.0679515313825692e-25
2,8,0,10,1,0.60999999999999999,0.46999999999999997,0.53000000000000003,0.27625000000000005,0.35875000000000018,0,quintic,6,0,0,6,fe_geometry,1.1927322851708446e-07,3.4694469519536142e-18,5.3290705182007514e-15,2.2204460492503131e-16,0.00087845799862407148,0.0023959160025697201,2.0679515313825692e-25
2,8,0,10,1,0.60999999999999999,0.46999999999999997,0.53000000000000003,0.27625000000000005,0.35875000000000018,0,quintic,6,0,0,6,reused,-3.6554322657870698e-08,3.4694469519536142e-18,5.3290705182007514e-15,2.2204460492503131e-16,0.00087845799862407148,0.0023959160025697201,2.0679515313825692e-25
2,8,0,10,1,0.60999999999999999,0.46999999999999997,0.53000000000000003,0.27625000000000005,0.35875000000000018,0,quintic,6,0,0,6,reused_centered,-3.4158878039301901e-08,3.4694469519536142e-18,5.3290705182007514e-15,2.2204460492503131e-16,0.00087845799862407148,0.0023959160025697201,2.0679515313825692e-25
2,8,0,10,1,0.60999999999999999,0.46999999999999997,0.53000000000000003,0.27625000000000005,0.35875000000000018,0,quintic,5,1,0,6,recursive,3.3024971490528235e-07,3.4694469519536142e-18,5.3290705182007514e-15,2.2204460492503131e-16,0.00087845799862407148,0.0023959160025697201,2.0679515313825692e-25
2,8,0,10,1,0.60999999999999999,0.46999999999999997,0.53000000000000003,0.27625000000000005,0.35875000000000018,0,quintic,5,1,0,6,direct,-5.6896436583716436e-07,3.4694469519536142e-18,5.3290705182007514e-15,2.2204460492503131e-16,0.00087845799862407148,0.0023959160025697201,2.0679515313825692e-25
2,8,0,10,1,0.60999999999999999,0.46999999999999997,0.53000000000000003,0.27625000000000005,0.35875000000000018,0,quintic,5,1,0,6,fe_geometry,-5.1775323649303228e-07,3.4694469519536142e-18,5.3290705182007514e-15,2.2204460492503131e-16,0.00087845799862407148,0.0023959160025697201,2.0679515313825692e-25
2,8,0,10,1,0.60999999999999999,0.46999999999999997,0.53000000000000003,0.27625000000000005,0.35875000000000018,0,quintic,5,1,0,6,reused,1.3042727187265827e-07,3.4694469519536142e-18,5.3290705182007514e-15,2.2204460492503131e-16,0.00087845799862407148,0.0023959160025697201,2.0679515313825692e-25
2,8,0,10,1,0.60999999999999999,0.46999999999999997,0.53000000000000003,0.27625000000000005,0.35875000000000018,0,quintic,5,1,0,6,reused_centered,6.9423972718496165e-08,3.4694469519536142e-18,5.3290705182007514e-15,2.2204460492503131e-16,0.00087845799862407148,0.0023959160025697201,2.0679515313825692e-25
2,8,0,10,1,0.60999999999999999,0.46999999999999997,0.53000000000000003,0.27625000000000005,0.35875000000000018,0,quintic,4,2,0,6,recursive,5.7580993492116758e-08,3.4694469519536142e-18,5.3290705182007514e-15,2.2204460492503131e-16,0.00087845799862407148,0.0023959160025697201,2.0679515313825692e-25
2,8,0,10,1,0.60999999999999999,0.46999999999999997,0.53000000000000003,0.27625000000000005,0.35875000000000018,0,quintic,4,2,0,6,direct,7.6563239076873192e-08,3.4694469519536142e-18,5.3290705182007514e-15,2.2204460492503131e-16,0.00087845799862407148,0.0023959160025697201,2.0679515313825692e-25
2,8,0,10,1,0.60999999999999999,0.46999999999999997,0.53000000000000003,0.27625000000000005,0.35875000000000018,0,quintic,4,2,0,6,fe_geometry,-1.7129574903794937e-07,3.4694469519536142e-18,5.3290705182007514e-15,2.2204460492503131e-16,0.00087845799862407148,0.0023959160025697201,2.0679515313825692e-25
2,8,0,10,1,0.60999999999999999,0.46999999999999997,0.53000000000000003,0.27625000000000005,0.35875000000000018,0,quintic,4,2,0,6,reused,1.1764449922233434e-07,3.4694469519536142e-18,5.3290705182007514e-15,2.2204460492503131e-16,0.00087845799862407148,0.0023959160025697201,2.0679515313825692e-25
2,8,0,10,1,0.60999999999999999,0.46999999999999997,0.53000000000000003,0.27625000000000005,0.35875000000000018,0,quintic,4,2,0,6,reused_centered,1.2350733242299241e-07,3.4694469519536142e-18,5.3290705182007514e-15,2.2204460492503131e-16,0.00087845799862407148,0.0023959160025697201,2.0679515313825692e-25
2,8,0,10,1,0.60999999999999999,0.46999999999999997,0.53000000000000003,0.27625000000000005,0.35875000000000018,0,quintic,3,3,0,6,recursive,-2.0773024872277713e-07,3.4694469519536142e-18,5.3290705182007514e-15,2.2204460492503131e-16,0.00087845799862407148,0.0023959160025697201,2.0679515313825692e-25
2,8,0,10,1,0.60999999999999999,0.46999999999999997,0.53000000000000003,0.27625000000000005,0.35875000000000018,0,quintic,3,3,0,6,direct,2.3808096988708619e-08,3.4694469519536142e-18,5.3290705182007514e-15,2.2204460492503131e-16,0.00087845799862407148,0.0023959160025697201,2.0679515313825692e-25
2,8,0,10,1,0.60999999999999999,0.46999999999999997,0.53000000000000003,0.27625000000000005,0.35875000000000018,0,quintic,3,3,0,6,fe_geometry,-6.755686724375588e-08,3.4694469519536142e-18,5.3290705182007514e-15,2.2204460492503131e-16,0.00087845799862407148,0.0023959160025697201,2.0679515313825692e-25
2,8,0,10,1,0.60999999999999999,0.46999999999999997,0.53000000000000003,0.27625000000000005,0.35875000000000018,0,quintic,3,3,0,6,reused,7.1319206348069222e-08,3.4694469519536142e-18,5.3290705182007514e-15,2.2204460492503131e-16,0.00087845799862407148,0.0023959160025697201,2.0679515313825692e-25
2,8,0,10,1,0.60999999999999999,0.46999999999999997,0.53000000000000003,0.27625000000000005,0.35875000000000018,0,quintic,3,3,0,6,reused_centered,3.7775752382588835e-08,3.4694469519536142e-18,5.3290705182007514e-15,2.2204460492503131e-16,0.00087845799862407148,0.0023959160025697201,2.0679515313825692e-25
2,8,0,10,1,0.60999999999999999,0.46999999999999997,0.53000000000000003,0.27625000000000005,0.35875000000000018,0,quintic,2,4,0,6,recursive,2.0111524832576443e-08,3.4694469519536142e-18,5.3290705182007514e-15,2.2204460492503131e-16,0.00087845799862407148,0.0023959160025697201,2.0679515313825692e-25
2,8,0,10,1,0.60999999999999999,0.46999999999999997,0.53000000000000003,0.27625000000000005,0.35875000000000018,0,quintic,2,4,0,6,direct,-4.7953502059215657e-08,3.4694469519536142e-18,5.3290705182007514e-15,2.2204460492503131e-16,0.00087845799862407148,0.0023959160025697201,2.0679515313825692e-25
2,8,0,10,1,0.60999999999999999,0.46999999999999997,0.53000000000000003,0.27625000000000005,0.35875000000000018,0,quintic,2,4,0,6,fe_geometry,-1.813277396931592e-07,3.4694469519536142e-18,5.3290705182007514e-15,2.2204460492503131e-16,0.00087845799862407148,0.0023959160025697201,2.0679515313825692e-25
2,8,0,10,1,0.60999999999999999,0.46999999999999997,0.53000000000000003,0.27625000000000005,0.35875000000000018,0,quintic,2,4,0,6,reused,3.4023449183045865e-08,3.4694469519536142e-18,5.3290705182007514e-15,2.2204460492503131e-16,0.00087845799862407148,0.0023959160025697201,2.0679515313825692e-25
2,8,0,10,1,0.60999999999999999,0.46999999999999997,0.53000000000000003,0.27625000000000005,0.35875000000000018,0,quintic,2,4,0,6,reused_centered,3.3664910846245083e-08,3.4694469519536142e-18,5.3290705182007514e-15,2.2204460492503131e-16,0.00087845799862407148,0.0023959160025697201,2.0679515313825692e-25
2,8,0,10,1,0.60999999999999999,0.46999999999999997,0.53000000000000003,0.27625000000000005,0.35875000000000018,0,quintic,1,5,0,6,recursive,2.5353489492372848e-07,3.4694469519536142e-18,5.3290705182007514e-15,2.2204460492503131e-16,0.00087845799862407148,0.0023959160025697201,2.0679515313825692e-25
2,8,0,10,1,0.60999999999999999,0.46999999999999997,0.53000000000000003,0.27625000000000005,0.35875000000000018,0,quintic,1,5,0,6,direct,1.0906833898206242e-07,3.4694469519536142e-18,5.3290705182007514e-15,2.2204460492503131e-16,0.00087845799862407148,0.0023959160025697201,2.0679515313825692e-25
2,8,0,10,1,0.60999999999999999,0.46999999999999997,0.53000000000000003,0.27625000000000005,0.35875000000000018,0,quintic,1,5,0,6,fe_geometry,2.8836702975952324e-08,3.4694469519536142e-18,5.3290705182007514e-15,2.2204460492503131e-16,0.00087845799862407148,0.0023959160025697201,2.0679515313825692e-25
2,8,0,10,1,0.60999999999999999,0.46999999999999997,0.53000000000000003,0.27625000000000005,0.35875000000000018,0,quintic,1,5,0,6,reused,7.2701265681723448e-08,3.4694469519536142e-18,5.3290705182007514e-15,2.2204460492503131e-16,0.00087845799862407148,0.0023959160025697201,2.0679515313825692e-25
2,8,0,10,1,0.60999999999999999,0.46999999999999997,0.53000000000000003,0.27625000000000005,0.35875000000000018,0,quintic,1,5,0,6,reused_centered,8.3214795814385497e-08,3.4694469519536142e-18,5.3290705182007514e-15,2.2204460492503131e-16,0.00087845799862407148,0.0023959160025697201,2.0679515313825692e-25
2,8,0,10,1,0.60999999999999999,0.46999999999999997,0.53000000000000003,0.27625000000000005,0.35875000000000018,0,quintic,0,6,0,6,recursive,-6.0371200891248856e-07,3.4694469519536142e-18,5.3290705182007514e-15,2.2204460492503131e-16,0.00087845799862407148,0.0023959160025697201,2.0679515313825692e-25
2,8,0,10,1,0.60999999999999999,0.46999999999999997,0.53000000000000003,0.27625000000000005,0.35875000000000018,0,quintic,0,6,0,6,direct,0,3.4694469519536142e-18,5.3290705182007514e-15,2.2204460492503131e-16,0.00087845799862407148,0.0023959160025697201,2.0679515313825692e-25
2,8,0,10,1,0.60999999999999999,0.46999999999999997,0.53000000000000003,0.27625000000000005,0.35875000000000018,0,quintic,0,6,0,6,fe_geometry,5.9185279316660597e-08,3.4694469519536142e-18,5.3290705182007514e-15,2.2204460492503131e-16,0.00087845799862407148,0.0023959160025697201,2.0679515313825692e-25
2,8,0,10,1,0.60999999999999999,0.46999999999999997,0.53000000000000003,0.27625000000000005,0.35875000000000018,0,quintic,0,6,0,6,reused,-5.7485894399723373e-08,3.4694469519536142e-18,5.3290705182007514e-15,2.2204460492503131e-16,0.00087845799862407148,0.0023959160025697201,2.0679515313825692e-25
2,8,0,10,1,0.60999999999999999,0.46999999999999997,0.53000000000000003,0.27625000000000005,0.35875000000000018,0,quintic,0,6,0,6,reused_centered,-2.4983937021081476e-08,3.4694469519536142e-18,5.3290705182007514e-15,2.2204460492503131e-16,0.00087845799862407148,0.0023959160025697201,2.0679515313825692e-25
2,8,0,10,1,0.60999999999999999,0.46999999999999997,0.53000000000000003,0.27625000000000005,0.35875000000000018,0,quintic,7,0,0,7,recursive,-3.1328031005516782e-06,3.4694469519536142e-18,5.3290705182007514e-15,2.2204460492503131e-16,0.00087845799862407148,0.0023959160025697201,2.0679515313825692e-25
2,8,0,10,1,0.60999999999999999,0.46999999999999997,0.53000000000000003,0.27625000000000005,0.35875000000000018,0,quintic,7,0,0,7,direct,0,3.4694469519536142e-18,5.3290705182007514e-15,2.2204460492503131e-16,0.00087845799862407148,0.0023959160025697201,2.0679515313825692e-25
2,8,0,10,1,0.60999999999999999,0.46999999999999997,0.53000000000000003,0.27625000000000005,0.35875000000000018,0,quintic,7,0,0,7,fe_geometry,1.4251289286431793e-06,3.4694469519536142e-18,5.3290705182007514e-15,2.2204460492503131e-16,0.00087845799862407148,0.0023959160025697201,2.0679515313825692e-25
2,8,0,10,1,0.60999999999999999,0.46999999999999997,0.53000000000000003,0.27625000000000005,0.35875000000000018,0,quintic,7,0,0,7,reused,-3.8636438669393185e-07,3.4694469519536142e-18,5.3290705182007514e-15,2.2204460492503131e-16,0.00087845799862407148,0.0023959160025697201,2.0679515313825692e-25
2,8,0,10,1,0.60999999999999999,0.46999999999999997,0.53000000000000003,0.27625000000000005,0.35875000000000018,0,quintic,7,0,0,7,reused_centered,-4.3977995257201508e-07,3.4694469519536142e-18,5.3290705182007514e-15,2.2204460492503131e-16,0.00087845799862407148,0.0023959160025697201,2.0679515313825692e-25
2,8,0,10,1,0.60999999999999999,0.46999999999999997,0.53000000000000003,0.27625000000000005,0.35875000000000018,0,quintic,6,1,0,7,recursive,-1.0705775434293015e-05,3.4694469519536142e-18,5.3290705182007514e-15,2.2204460492503131e-16,0.00087845799862407148,0.0023959160025697201,2.0679515313825692e-25
2,8,0,10,1,0.60999999999999999,0.46999999999999997,0.53000000000000003,0.27625000000000005,0.35875000000000018,0,quintic,6,1,0,7,direct,0,3.4694469519536142e-18,5.3290705182007514e-15,2.2204460492503131e-16,0.00087845799862407148,0.0023959160025697201,2.0679515313825692e-25
2,8,0,10,1,0.60999999999999999,0.46999999999999997,0.53000000000000003,0.27625000000000005,0.35875000000000018,0,quintic,6,1,0,7,fe_geometry,6.3420976541841729e-07,3.4694469519536142e-18,5.3290705182007514e-15,2.2204460492503131e-16,0.00087845799862407148,0.0023959160025697201,2.0679515313825692e-25
2,8,0,10,1,0.60999999999999999,0.46999999999999997,0.53000000000000003,0.27625000000000005,0.35875000000000018,0,quintic,6,1,0,7,reused,2.8480584486394124e-07,3.4694469519536142e-18,5.3290705182007514e-15,2.2204460492503131e-16,0.00087845799862407148,0.0023959160025697201,2.0679515313825692e-25
2,8,0,10,1,0.60999999999999999,0.46999999999999997,0.53000000000000003,0.27625000000000005,0.35875000000000018,0,quintic,6,1,0,7,reused_centered,3.8799615588839162e-07,3.4694469519536142e-18,5.3290705182007514e-15,2.2204460492503131e-16,0.00087845799862407148,0.0023959160025697201,2.0679515313825692e-25
2,8,0,10,1,0.60999999999999999,0.46999999999999997,0.53000000000000003,0.27625000000000005,0.35875000000000018,0,quintic,5,2,0,7,recursive,-2.3472224799595234e-05,3.4694469519536142e-18,5.3290705182007514e-15,2.2204460492503131e-16,0.00087845799862407148,0.0023959160025697201,2.0679515313825692e-25
2,8,0,10,1,0.60999999999999999,0.46999999999999997,0.53000000000000003,0.27625000000000005,0.35875000000000018,0,quintic,5,2,0,7,direct,1.2774721584655338e-05,3.4694469519536142e-18,5.3290705182007514e-15,2.2204460492503131e-16,0.00087845799862407148,0.0023959160025697201,2.0679515313825692e-25
2,8,0,10,1,0.60999999999999999,0.46999999999999997,0.53000000000000003,0.27625000000000005,0.35875000000000018,0,quintic,5,2,0,7,fe_geometry,7.1938334158875205e-06,3.4694469519536142e-18,5.3290705182007514e-15,2.2204460492503131e-16,0.00087845799862407148,0.0023959160025697201,2.0679515313825692e-25
2,8,0,10,1,0.60999999999999999,0.46999999999999997,0.53000000000000003,0.27625000000000005,0.35875000000000018,0,quintic,5,2,0,7,reused,1.3050223673730131e-06,3.4694469519536142e-18,5.3290705182007514e-15,2.2204460492503131e-16,0.00087845799862407148,0.0023959160025697201,2.0679515313825692e-25
2,8,0,10,1,0.60999999999999999,0.46999999999999997,0.53000000000000003,0.27625000000000005,0.35875000000000018,0,quintic,5,2,0,7,reused_centered,3.8915373692860187e-06,3.4694469519536142e-18,5.3290705182007514e-15,2.2204460492503131e-16,0.00087845799862407148,0.0023959160025697201,2.0679515313825692e-25
2,8,0,10,1,0.60999999999999999,0.46999999999999997,0.53000000000000003,0.27625000000000005,0.35875000000000018,0,quintic,4,3,0,7,recursive,-6.4991667359793283e-05,3.4694469519536142e-18,5.3290705182007514e-15,2.2204460492503131e-16,0.00087845799862407148,0.0023959160025697201,2.0679515313825692e-25
2,8,0,10,1,0.60999999999999999,0.46999999999999997,0.53000000000000003,0.27625000000000005,0.35875000000000018,0,quintic,4,3,0,7,direct,1.9720242551900444e-05,3.4694469519536142e-18,5.3290705182007514e-15,2.2204460492503131e-16,0.00087845799862407148,0.0023959160025697201,2.0679515313825692e-25
2,8,0,10,1,0.60999999999999999,0.46999999999999997,0.53000000000000003,0.27625000000000005,0.35875000000000018,0,quintic,4,3,0,7,fe_geometry,1.1599706767633441e-05,3.4694469519536142e-18,5.3290705182007514e-15,2.2204460492503131e-16,0.00087845799862407148,0.0023959160025697201,2.0679515313825692e-25
2,8,0,10,1,0.60999999999999999,0.46999999999999997,0.53000000000000003,0.27625000000000005,0.35875000000000018,0,quintic,4,3,0,7,reused,-9.2308326433349176e-07,3.4694469519536142e-18,5.3290705182007514e-15,2.2204460492503131e-16,0.00087845799862407148,0.0023959160025697201,2.0679515313825692e-25
2,8,0,10,1,0.60999999999999999,0.46999999999999997,0.53000000000000003,0.27625000000000005,0.35875000000000018,0,quintic,4,3,0,7,reused_centered,-1.3254796073716762e-06,3.4694469519536142e-18,5.3290705182007514e-15,2.2204460492503131e-16,0.00087845799862407148,0.0023959160025697201,2.0679515313825692e-25
2,8,0,10,1,0.60999999999999999,0.46999999999999997,0.53000000000000003,0.27625000000000005,0.35875000000000018,0,quintic,3,4,0,7,recursive,-1.8072344845830354e-05,3.4694469519536142e-18,5.3290705182007514e-15,2.2204460492503131e-16,0.00087845799862407148,0.0023959160025697201,2.0679515313825692e-25
2,8,0,10,1,0.60999999999999999,0.46999999999999997,0.53000000000000003,0.27625000000000005,0.35875000000000018,0,quintic,3,4,0,7,direct,3.461287648044525e-06,3.4694469519536142e-18,5.3290705182007514e-15,2.2204460492503131e-16,0.00087845799862407148,0.0023959160025697201,2.0679515313825692e-25
2,8,0,10,1,0.60999999999999999,0.46999999999999997,0.53000000000000003,0.27625000000000005,0.35875000000000018,0,quintic,3,4,0,7,fe_geometry,1.1168250493785491e-05,3.4694469519536142e-18,5.3290705182007514e-15,2.2204460492503131e-16,0.00087845799862407148,0.0023959160025697201,2.0679515313825692e-25
2,8,0,10,1,0.60999999999999999,0.46999999999999997,0.53000000000000003,0.27625000000000005,0.35875000000000018,0,quintic,3,4,0,7,reused,-2.382900118204549e-06,3.4694469519536142e-18,5.3290705182007514e-15,2.2204460492503131e-16,0.00087845799862407148,0.0023959160025697201,2.0679515313825692e-25
2,8,0,10,1,0.60999999999999999,0.46999999999999997,0.53000000000000003,0.27625000000000005,0.35875000000000018,0,quintic,3,4,0,7,reused_centered,-2.9072166172448738e-06,3.4694469519536142e-18,5.3290705182007514e-15,2.2204460492503131e-16,0.00087845799862407148,0.0023959160025697201,2.0679515313825692e-25
2,8,0,10,1,0.60999999999999999,0.46999999999999997,0.53000000000000003,0.27625000000000005,0.35875000000000018,0,quintic,2,5,0,7,recursive,-2.6464707817598424e-05,3.4694469519536142e-18,5.3290705182007514e-15,2.2204460492503131e-16,0.00087845799862407148,0.0023959160025697201,2.0679515313825692e-25
2,8,0,10,1,0.60999999999999999,0.46999999999999997,0.53000000000000003,0.27625000000000005,0.35875000000000018,0,quintic,2,5,0,7,direct,-1.3613921192474665e-05,3.4694469519536142e-18,5.3290705182007514e-15,2.2204460492503131e-16,0.00087845799862407148,0.0023959160025697201,2.0679515313825692e-25
2,8,0,10,1,0.60999999999999999,0.46999999999999997,0.53000000000000003,0.27625000000000005,0.35875000000000018,0,quintic,2,5,0,7,fe_geometry,-1.7359297837463793e-05,3.4694469519536142e-18,5.3290705182007514e-15,2.2204460492503131e-16,0.00087845799862407148,0.0023959160025697201,2.0679515313825692e-25
2,8,0,10,1,0.60999999999999999,0.46999999999999997,0.53000000000000003,0.27625000000000005,0.35875000000000018,0,quintic,2,5,0,7,reused,1.2324513553750593e-06,3.4694469519536142e-18,5.3290705182007514e-15,2.2204460492503131e-16,0.00087845799862407148,0.0023959160025697201,2.0679515313825692e-25
2,8,0,10,1,0.60999999999999999,0.46999999999999997,0.53000000000000003,0.27625000000000005,0.35875000000000018,0,quintic,2,5,0,7,reused_centered,2.1304758789807593e-06,3.4694469519536142e-18,5.3290705182007514e-15,2.2204460492503131e-16,0.00087845799862407148,0.0023959160025697201,2.0679515313825692e-25
2,8,0,10,1,0.60999999999999999,0.46999999999999997,0.53000000000000003,0.27625000000000005,0.35875000000000018,0,quintic,1,6,0,7,recursive,-5.3996739335286633e-06,3.4694469519536142e-18,5.3290705182007514e-15,2.2204460492503131e-16,0.00087845799862407148,0.0023959160025697201,2.0679515313825692e-25
2,8,0,10,1,0.60999999999999999,0.46999999999999997,0.53000000000000003,0.27625000000000005,0.35875000000000018,0,quintic,1,6,0,7,direct,0,3.4694469519536142e-18,5.3290705182007514e-15,2.2204460492503131e-16,0.00087845799862407148,0.0023959160025697201,2.0679515313825692e-25
2,8,0,10,1,0.60999999999999999,0.46999999999999997,0.53000000000000003,0.27625000000000005,0.35875000000000018,0,quintic,1,6,0,7,fe_geometry,-1.4575030704372898e-06,3.4694469519536142e-18,5.3290705182007514e-15,2.2204460492503131e-16,0.00087845799862407148,0.0023959160025697201,2.0679515313825692e-25
2,8,0,10,1,0.60999999999999999,0.46999999999999997,0.53000000000000003,0.27625000000000005,0.35875000000000018,0,quintic,1,6,0,7,reused,3.2983683867536072e-07,3.4694469519536142e-18,5.3290705182007514e-15,2.2204460492503131e-16,0.00087845799862407148,0.0023959160025697201,2.0679515313825692e-25
2,8,0,10,1,0.60999999999999999,0.46999999999999997,0.53000000000000003,0.27625000000000005,0.35875000000000018,0,quintic,1,6,0,7,reused_centered,1.0792525803262726e-06,3.4694469519536142e-18,5.3290705182007514e-15,2.2204460492503131e-16,0.00087845799862407148,0.0023959160025697201,2.0679515313825692e-25
2,8,0,10,1,0.60999999999999999,0.46999999999999997,0.53000000000000003,0.27625000000000005,0.35875000000000018,0,quintic,0,7,0,7,recursive,-3.2318347554986835e-06,3.4694469519536142e-18,5.3290705182007514e-15,2.2204460492503131e-16,0.00087845799862407148,0.0023959160025697201,2.0679515313825692e-25
2,8,0,10,1,0.60999999999999999,0.46999999999999997,0.53000000000000003,0.27625000000000005,0.35875000000000018,0,quintic,0,7,0,7,direct,0,3.4694469519536142e-18,5.3290705182007514e-15,2.2204460492503131e-16,0.00087845799862407148,0.0023959160025697201,2.0679515313825692e-25
2,8,0,10,1,0.60999999999999999,0.46999999999999997,0.53000000000000003,0.27625000000000005,0.35875000000000018,0,quintic,0,7,0,7,fe_geometry,6.9593221530588853e-07,3.4694469519536142e-18,5.3290705182007514e-15,2.2204460492503131e-16,0.00087845799862407148,0.0023959160025697201,2.0679515313825692e-25
2,8,0,10,1,0.60999999999999999,0.46999999999999997,0.53000000000000003,0.27625000000000005,0.35875000000000018,0,quintic,0,7,0,7,reused,-6.6639252994314121e-07,3.4694469519536142e-18,5.3290705182007514e-15,2.2204460492503131e-16,0.00087845799862407148,0.0023959160025697201,2.0679515313825692e-25
2,8,0,10,1,0.60999999999999999,0.46999999999999997,0.53000000000000003,0.27625000000000005,0.35875000000000018,0,quintic,0,7,0,7,reused_centered,-2.9143011387813298e-07,3.4694469519536142e-18,5.3290705182007514e-15,2.2204460492503131e-16,0.00087845799862407148,0.0023959160025697201,2.0679515313825692e-25
2,8,0,10,1,0.60999999999999999,0.46999999999999997,0.53000000000000003,0.27625000000000005,0.35875000000000018,0,quintic,8,0,0,8,recursive,-2.2691638398122347e-05,3.4694469519536142e-18,5.3290705182007514e-15,2.2204460492503131e-16,0.00087845799862407148,0.0023959160025697201,2.0679515313825692e-25
2,8,0,10,1,0.60999999999999999,0.46999999999999997,0.53000000000000003,0.27625000000000005,0.35875000000000018,0,quintic,8,0,0,8,direct,0,3.4694469519536142e-18,5.3290705182007514e-15,2.2204460492503131e-16,0.00087845799862407148,0.0023959160025697201,2.0679515313825692e-25
2,8,0,10,1,0.60999999999999999,0.46999999999999997,0.53000000000000003,0.27625000000000005,0.35875000000000018,0,quintic,8,0,0,8,fe_geometry,1.033398076933567e-05,3.4694469519536142e-18,5.3290705182007514e-15,2.2204460492503131e-16,0.00087845799862407148,0.0023959160025697201,2.0679515313825692e-25
2,8,0,10,1,0.60999999999999999,0.46999999999999997,0.53000000000000003,0.27625000000000005,0.35875000000000018,0,quintic,8,0,0,8,reused,-2.5517273434065502e-06,3.4694469519536142e-18,5.3290705182007514e-15,2.2204460492503131e-16,0.00087845799862407148,0.0023959160025697201,2.0679515313825692e-25
2,8,0,10,1,0.60999999999999999,0.46999999999999997,0.53000000000000003,0.27625000000000005,0.35875000000000018,0,quintic,8,0,0,8,reused_centered,-3.0192462250180118e-06,3.4694469519536142e-18,5.3290705182007514e-15,2.2204460492503131e-16,0.00087845799862407148,0.0023959160025697201,2.0679515313825692e-25
2,8,0,10,1,0.60999999999999999,0.46999999999999997,0.53000000000000003,0.27625000000000005,0.35875000000000018,0,quintic,7,1,0,8,recursive,-4.6917379466664774e-05,3.4694469519536142e-18,5.3290705182007514e-15,2.2204460492503131e-16,0.00087845799862407148,0.0023959160025697201,2.0679515313825692e-25
2,8,0,10,1,0.60999999999999999,0.46999999999999997,0.53000000000000003,0.27625000000000005,0.35875000000000018,0,quintic,7,1,0,8,direct,0,3.4694469519536142e-18,5.3290705182007514e-15,2.2204460492503131e-16,0.00087845799862407148,0.0023959160025697201,2.0679515313825692e-25
2,8,0,10,1,0.60999999999999999,0.46999999999999997,0.53000000000000003,0.27625000000000005,0.35875000000000018,0,quintic,7,1,0,8,fe_geometry,7.1983671486603217e-06,3.4694469519536142e-18,5.3290705182007514e-15,2.2204460492503131e-16,0.00087845799862407148,0.0023959160025697201,2.0679515313825692e-25
2,8,0,10,1,0.60999999999999999,0.46999999999999997,0.53000000000000003,0.27625000000000005,0.35875000000000018,0,quintic,7,1,0,8,reused,3.9651608100607057e-06,3.4694469519536142e-18,5.3290705182007514e-15,2.2204460492503131e-16,0.00087845799862407148,0.0023959160025697201,2.0679515313825692e-25
2,8,0,10,1,0.60999999999999999,0.46999999999999997,0.53000000000000003,0.27625000000000005,0.35875000000000018,0,quintic,7,1,0,8,reused_centered,4.6689355309717596e-06,3.4694469519536142e-18,5.3290705182007514e-15,2.2204460492503131e-16,0.00087845799862407148,0.0023959160025697201,2.0679515313825692e-25
2,8,0,10,1,0.60999999999999999,0.46999999999999997,0.53000000000000003,0.27625000000000005,0.35875000000000018,0,quintic,6,2,0,8,recursive,-0.0012755491569671434,3.4694469519536142e-18,5.3290705182007514e-15,2.2204460492503131e-16,0.00087845799862407148,0.0023959160025697201,2.0679515313825692e-25
2,8,0,10,1,0.60999999999999999,0.46999999999999997,0.53000000000000003,0.27625000000000005,0.35875000000000018,0,quintic,6,2,0,8,direct,0,3.4694469519536142e-18,5.3290705182007514e-15,2.2204460492503131e-16,0.00087845799862407148,0.0023959160025697201,2.0679515313825692e-25
2,8,0,10,1,0.60999999999999999,0.46999999999999997,0.53000000000000003,0.27625000000000005,0.35875000000000018,0,quintic,6,2,0,8,fe_geometry,-9.0513989496117522e-05,3.4694469519536142e-18,5.3290705182007514e-15,2.2204460492503131e-16,0.00087845799862407148,0.0023959160025697201,2.0679515313825692e-25
2,8,0,10,1,0.60999999999999999,0.46999999999999997,0.53000000000000003,0.27625000000000005,0.35875000000000018,0,quintic,6,2,0,8,reused,2.7051017476680899e-05,3.4694469519536142e-18,5.3290705182007514e-15,2.2204460492503131e-16,0.00087845799862407148,0.0023959160025697201,2.0679515313825692e-25
2,8,0,10,1,0.60999999999999999,0.46999999999999997,0.53000000000000003,0.27625000000000005,0.35875000000000018,0,quintic,6,2,0,8,reused_centered,2.7683517582503365e-05,3.4694469519536142e-18,5.3290705182007514e-15,2.2204460492503131e-16,0.00087845799862407148,0.0023959160025697201,2.0679515313825692e-25
2,8,0,10,1,0.60999999999999999,0.46999999999999997,0.53000000000000003,0.27625000000000005,0.35875000000000018,0,quintic,5,3,0,8,recursive,0.00084781514066333344,3.4694469519536142e-18,5.3290705182007514e-15,2.2204460492503131e-16,0.00087845799862407148,0.0023959160025697201,2.0679515313825692e-25
2,8,0,10,1,0.60999999999999999,0.46999999999999997,0.53000000000000003,0.27625000000000005,0.35875000000000018,0,quintic,5,3,0,8,direct,0.001812598817199469,3.4694469519536142e-18,5.3290705182007514e-15,2.2204460492503131e-16,0.00087845799862407148,0.0023959160025697201,2.0679515313825692e-25
2,8,0,10,1,0.60999999999999999,0.46999999999999997,0.53000000000000003,0.27625000000000005,0.35875000000000018,0,quintic,5,3,0,8,fe_geometry,0.0017014072308449626,3.4694469519536142e-18,5.3290705182007514e-15,2.2204460492503131e-16,0.00087845799862407148,0.0023959160025697201,2.0679515313825692e-25
2,8,0,10,1,0.60999999999999999,0.46999999999999997,0.53000000000000003,0.27625000000000005,0.35875000000000018,0,quintic,5,3,0,8,reused,-0.00039187436647190746,3.4694469519536142e-18,5.3290705182007514e-15,2.2204460492503131e-16,0.00087845799862407148,0.0023959160025697201,2.0679515313825692e-25
2,8,0,10,1,0.60999999999999999,0.46999999999999997,0.53000000000000003,0.27625000000000005,0.35875000000000018,0,quintic,5,3,0,8,reused_centered,-0.00016792434689431374,3.4694469519536142e-18,5.3290705182007514e-15,2.2204460492503131e-16,0.00087845799862407148,0.0023959160025697201,2.0679515313825692e-25
2,8,0,10,1,0.60999999999999999,0.46999999999999997,0.53000000000000003,0.27625000000000005,0.35875000000000018,0,quintic,4,4,0,8,recursive,-0.00052865806332439184,3.4694469519536142e-18,5.3290705182007514e-15,2.2204460492503131e-16,0.00087845799862407148,0.0023959160025697201,2.0679515313825692e-25
2,8,0,10,1,0.60999999999999999,0.46999999999999997,0.53000000000000003,0.27625000000000005,0.35875000000000018,0,quintic,4,4,0,8,direct,-0.00026785519570112198,3.4694469519536142e-18,5.3290705182007514e-15,2.2204460492503131e-16,0.00087845799862407148,0.0023959160025697201,2.0679515313825692e-25
2,8,0,10,1,0.60999999999999999,0.46999999999999997,0.53000000000000003,0.27625000000000005,0.35875000000000018,0,quintic,4,4,0,8,fe_geometry,0.00044185296459981719,3.4694469519536142e-18,5.3290705182007514e-15,2.2204460492503131e-16,0.00087845799862407148,0.0023959160025697201,2.0679515313825692e-25
2,8,0,10,1,0.60999999999999999,0.46999999999999997,0.53000000000000003,0.27625000000000005,0.35875000000000018,0,quintic,4,4,0,8,reused,-0.00031051378361990036,3.4694469519536142e-18,5.3290705182007514e-15,2.2204460492503131e-16,0.00087845799862407148,0.0023959160025697201,2.0679515313825692e-25
2,8,0,10,1,0.60999999999999999,0.46999999999999997,0.53000000000000003,0.27625000000000005,0.35875000000000018,0,quintic,4,4,0,8,reused_centered,-0.00034370929904150042,3.4694469519536142e-18,5.3290705182007514e-15,2.2204460492503131e-16,0.00087845799862407148,0.0023959160025697201,2.0679515313825692e-25
2,8,0,10,1,0.60999999999999999,0.46999999999999997,0.53000000000000003,0.27625000000000005,0.35875000000000018,0,quintic,3,5,0,8,recursive,0.0013970541582153859,3.4694469519536142e-18,5.3290705182007514e-15,2.2204460492503131e-16,0.00087845799862407148,0.0023959160025697201,2.0679515313825692e-25
2,8,0,10,1,0.60999999999999999,0.46999999999999997,0.53000000000000003,0.27625000000000005,0.35875000000000018,0,quintic,3,5,0,8,direct,0.0001426498787105088,3.4694469519536142e-18,5.3290705182007514e-15,2.2204460492503131e-16,0.00087845799862407148,0.0023959160025697201,2.0679515313825692e-25
2,8,0,10,1,0.60999999999999999,0.46999999999999997,0.53000000000000003,0.27625000000000005,0.35875000000000018,0,quintic,3,5,0,8,fe_geometry,0.00046716606621146354,3.4694469519536142e-18,5.3290705182007514e-15,2.2204460492503131e-16,0.00087845799862407148,0.0023959160025697201,2.0679515313825692e-25
2,8,0,10,1,0.60999999999999999,0.46999999999999997,0.53000000000000003,0.27625000000000005,0.35875000000000018,0,quintic,3,5,0,8,reused,-0.00025737865130772905,3.4694469519536142e-18,5.3290705182007514e-15,2.2204460492503131e-16,0.00087845799862407148,0.0023959160025697201,2.0679515313825692e-25
2,8,0,10,1,0.60999999999999999,0.46999999999999997,0.53000000000000003,0.27625000000000005,0.35875000000000018,0,quintic,3,5,0,8,reused_centered,-0.00027463601039231427,3.4694469519536142e-18,5.3290705182007514e-15,2.2204460492503131e-16,0.00087845799862407148,0.0023959160025697201,2.0679515313825692e-25
2,8,0,10,1,0.60999999999999999,0.46999999999999997,0.53000000000000003,0.27625000000000005,0.35875000000000018,0,quintic,2,6,0,8,recursive,-3.9514780508084963e-05,3.4694469519536142e-18,5.3290705182007514e-15,2.2204460492503131e-16,0.00087845799862407148,0.0023959160025697201,2.0679515313825692e-25
2,8,0,10,1,0.60999999999999999,0.46999999999999997,0.53000000000000003,0.27625000000000005,0.35875000000000018,0,quintic,2,6,0,8,direct,0,3.4694469519536142e-18,5.3290705182007514e-15,2.2204460492503131e-16,0.00087845799862407148,0.0023959160025697201,2.0679515313825692e-25
2,8,0,10,1,0.60999999999999999,0.46999999999999997,0.53000000000000003,0.27625000000000005,0.35875000000000018,0,quintic,2,6,0,8,fe_geometry,-6.2943724446930379e-05,3.4694469519536142e-18,5.3290705182007514e-15,2.2204460492503131e-16,0.00087845799862407148,0.0023959160025697201,2.0679515313825692e-25
2,8,0,10,1,0.60999999999999999,0.46999999999999997,0.53000000000000003,0.27625000000000005,0.35875000000000018,0,quintic,2,6,0,8,reused,2.7989540876811579e-05,3.4694469519536142e-18,5.3290705182007514e-15,2.2204460492503131e-16,0.00087845799862407148,0.0023959160025697201,2.0679515313825692e-25
2,8,0,10,1,0.60999999999999999,0.46999999999999997,0.53000000000000003,0.27625000000000005,0.35875000000000018,0,quintic,2,6,0,8,reused_centered,1.2867513565103705e-05,3.4694469519536142e-18,5.3290705182007514e-15,2.2204460492503131e-16,0.00087845799862407148,0.0023959160025697201,2.0679515313825692e-25
2,8,0,10,1,0.60999999999999999,0.46999999999999997,0.53000000000000003,0.27625000000000005,0.35875000000000018,0,quintic,1,7,0,8,recursive,-2.1010501692631761e-05,3.4694469519536142e-18,5.3290705182007514e-15,2.2204460492503131e-16,0.00087845799862407148,0.0023959160025697201,2.0679515313825692e-25
2,8,0,10,1,0.60999999999999999,0.46999999999999997,0.53000000000000003,0.27625000000000005,0.35875000000000018,0,quintic,1,7,0,8,direct,0,3.4694469519536142e-18,5.3290705182007514e-15,2.2204460492503131e-16,0.00087845799862407148,0.0023959160025697201,2.0679515313825692e-25
2,8,0,10,1,0.60999999999999999,0.46999999999999997,0.53000000000000003,0.27625000000000005,0.35875000000000018,0,quintic,1,7,0,8,fe_geometry,-1.6100824806114116e-05,3.4694469519536142e-18,5.3290705182007514e-15,2.2204460492503131e-16,0.00087845799862407148,0.0023959160025697201,2.0679515313825692e-25
2,8,0,10,1,0.60999999999999999,0.46999999999999997,0.53000000000000003,0.27625000000000005,0.35875000000000018,0,quintic,1,7,0,8,reused,4.5462914149939953e-06,3.4694469519536142e-18,5.3290705182007514e-15,2.2204460492503131e-16,0.00087845799862407148,0.0023959160025697201,2.0679515313825692e-25
2,8,0,10,1,0.60999999999999999,0.46999999999999997,0.53000000000000003,0.27625000000000005,0.35875000000000018,0,quintic,1,7,0,8,reused_centered,1.2743012940524259e-05,3.4694469519536142e-18,5.3290705182007514e-15,2.2204460492503131e-16,0.00087845799862407148,0.0023959160025697201,2.0679515313825692e-25
2,8,0,10,1,0.60999999999999999,0.46999999999999997,0.53000000000000003,0.27625000000000005,0.35875000000000018,0,quintic,0,8,0,8,recursive,-3.524992001304114e-05,3.4694469519536142e-18,5.3290705182007514e-15,2.2204460492503131e-16,0.00087845799862407148,0.0023959160025697201,2.0679515313825692e-25
2,8,0,10,1,0.60999999999999999,0.46999999999999997,0.53000000000000003,0.27625000000000005,0.35875000000000018,0,quintic,0,8,0,8,direct,0,3.4694469519536142e-18,5.3290705182007514e-15,2.2204460492503131e-16,0.00087845799862407148,0.0023959160025697201,2.0679515313825692e-25
2,8,0,10,1,0.60999999999999999,0.46999999999999997,0.53000000000000003,0.27625000000000005,0.35875000000000018,0,quintic,0,8,0,8,fe_geometry,3.7877158999400117e-06,3.4694469519536142e-18,5.3290705182007514e-15,2.2204460492503131e-16,0.00087845799862407148,0.0023959160025697201,2.0679515313825692e-25
2,8,0,10,1,0.60999999999999999,0.46999999999999997,0.53000000000000003,0.27625000000000005,0.35875000000000018,0,quintic,0,8,0,8,reused,-3.5926099258872683e-06,3.4694469519536142e-18,5.3290705182007514e-15,2.2204460492503131e-16,0.00087845799862407148,0.0023959160025697201,2.0679515313825692e-25
2,8,0,10,1,0.60999999999999999,0.46999999999999997,0.53000000000000003,0.27625000000000005,0.35875000000000018,0,quintic,0,8,0,8,reused_centered,-1.6012844066607363e-06,3.4694469519536142e-18,5.3290705182007514e-15,2.2204460492503131e-16,0.00087845799862407148,0.0023959160025697201,2.0679515313825692e-25
2,8,0,10,1,0.60999999999999999,0.46999999999999997,0.53000000000000003,0.27625000000000005,0.35875000000000018,0,quintic,9,0,0,9,recursive,-0.00013082303592881794,3.4694469519536142e-18,5.3290705182007514e-15,2.2204460492503131e-16,0.00087845799862407148,0.0023959160025697201,2.0679515313825692e-25
2,8,0,10,1,0.60999999999999999,0.46999999999999997,0.53000000000000003,0.27625000000000005,0.35875000000000018,0,quintic,9,0,0,9,direct,0,3.4694469519536142e-18,5.3290705182007514e-15,2.2204460492503131e-16,0.00087845799862407148,0.0023959160025697201,2.0679515313825692e-25
2,8,0,10,1,0.60999999999999999,0.46999999999999997,0.53000000000000003,0.27625000000000005,0.35875000000000018,0,quintic,9,0,0,9,fe_geometry,-9.6669718870224366e-14,3.4694469519536142e-18,5.3290705182007514e-15,2.2204460492503131e-16,0.00087845799862407148,0.0023959160025697201,2.0679515313825692e-25
2,8,0,10,1,0.60999999999999999,0.46999999999999997,0.53000000000000003,0.27625000000000005,0.35875000000000018,0,quintic,9,0,0,9,reused,-7.0873792188466125e-15,3.4694469519536142e-18,5.3290705182007514e-15,2.2204460492503131e-16,0.00087845799862407148,0.0023959160025697201,2.0679515313825692e-25
2,8,0,10,1,0.60999999999999999,0.46999999999999997,0.53000000000000003,0.27625000000000005,0.35875000000000018,0,quintic,9,0,0,9,reused_centered,-1.2951922918021254e-15,3.4694469519536142e-18,5.3290705182007514e-15,2.2204460492503131e-16,0.00087845799862407148,0.0023959160025697201,2.0679515313825692e-25
2,8,0,10,1,0.60999999999999999,0.46999999999999997,0.53000000000000003,0.27625000000000005,0.35875000000000018,0,quintic,8,1,0,9,recursive,-0.00034716113519014919,3.4694469519536142e-18,5.3290705182007514e-15,2.2204460492503131e-16,0.00087845799862407148,0.0023959160025697201,2.0679515313825692e-25
2,8,0,10,1,0.60999999999999999,0.46999999999999997,0.53000000000000003,0.27625000000000005,0.35875000000000018,0,quintic,8,1,0,9,direct,0,3.4694469519536142e-18,5.3290705182007514e-15,2.2204460492503131e-16,0.00087845799862407148,0.0023959160025697201,2.0679515313825692e-25
2,8,0,10,1,0.60999999999999999,0.46999999999999997,0.53000000000000003,0.27625000000000005,0.35875000000000018,0,quintic,8,1,0,9,fe_geometry,4.9523300607062944e-05,3.4694469519536142e-18,5.3290705182007514e-15,2.2204460492503131e-16,0.00087845799862407148,0.0023959160025697201,2.0679515313825692e-25
2,8,0,10,1,0.60999999999999999,0.46999999999999997,0.53000000000000003,0.27625000000000005,0.35875000000000018,0,quintic,8,1,0,9,reused,2.7286904359516577e-05,3.4694469519536142e-18,5.3290705182007514e-15,2.2204460492503131e-16,0.00087845799862407148,0.0023959160025697201,2.0679515313825692e-25
2,8,0,10,1,0.60999999999999999,0.46999999999999997,0.53000000000000003,0.27625000000000005,0.35875000000000018,0,quintic,8,1,0,9,reused_centered,3.1665394942796175e-05,3.4694469519536142e-18,5.3290705182007514e-15,2.2204460492503131e-16,0.00087845799862407148,0.0023959160025697201,2.0679515313825692e-25
2,8,0,10,1,0.60999999999999999,0.46999999999999997,0.53000000000000003,0.27625000000000005,0.35875000000000018,0,quintic,7,2,0,9,recursive,-0.011228618232345283,3.4694469519536142e-18,5.3290705182007514e-15,2.2204460492503131e-16,0.00087845799862407148,0.0023959160025697201,2.0679515313825692e-25
2,8,0,10,1,0.60999999999999999,0.46999999999999997,0.53000000000000003,0.27625000000000005,0.35875000000000018,0,quintic,7,2,0,9,direct,0,3.4694469519536142e-18,5.3290705182007514e-15,2.2204460492503131e-16,0.00087845799862407148,0.0023959160025697201,2.0679515313825692e-25
2,8,0,10,1,0.60999999999999999,0.46999999999999997,0.53000000000000003,0.27625000000000005,0.35875000000000018,0,quintic,7,2,0,9,fe_geometry,-0.0010757631920496453,3.4694469519536142e-18,5.3290705182007514e-15,2.2204460492503131e-16,0.00087845799862407148,0.0023959160025697201,2.0679515313825692e-25
2,8,0,10,1,0.60999999999999999,0.46999999999999997,0.53000000000000003,0.27625000000000005,0.35875000000000018,0,quintic,7,2,0,9,reused,0.00024079623045228127,3.4694469519536142e-18,5.3290705182007514e-15,2.2204460492503131e-16,0.00087845799862407148,0.0023959160025697201,2.0679515313825692e-25
2,8,0,10,1,0.60999999999999999,0.46999999999999997,0.53000000000000003,0.27625000000000005,0.35875000000000018,0,quintic,7,2,0,9,reused_centered,0.0003085439972058306,3.4694469519536142e-18,5.3290705182007514e-15,2.2204460492503131e-16,0.00087845799862407148,0.0023959160025697201,2.0679515313825692e-25
2,8,0,10,1,0.60999999999999999,0.46999999999999997,0.53000000000000003,0.27625000000000005,0.35875000000000018,0,quintic,6,3,0,9,recursive,0.23561754342825159,3.4694469519536142e-18,5.3290705182007514e-15,2.2204460492503131e-16,0.00087845799862407148,0.0023959160025697201,2.0679515313825692e-25
2,8,0,10,1,0.60999999999999999,0.46999999999999997,0.53000000000000003,0.27625000000000005,0.35875000000000018,0,quintic,6,3,0,9,direct,0,3.4694469519536142e-18,5.3290705182007514e-15,2.2204460492503131e-16,0.00087845799862407148,0.0023959160025697201,2.0679515313825692e-25
2,8,0,10,1,0.60999999999999999,0.46999999999999997,0.53000000000000003,0.27625000000000005,0.35875000000000018,0,quintic,6,3,0,9,fe_geometry,-0.0013763448918759872,3.4694469519536142e-18,5.3290705182007514e-15,2.2204460492503131e-16,0.00087845799862407148,0.0023959160025697201,2.0679515313825692e-25
2,8,0,10,1,0.60999999999999999,0.46999999999999997,0.53000000000000003,0.27625000000000005,0.35875000000000018,0,quintic,6,3,0,9,reused,-0.00043071544672903216,3.4694469519536142e-18,5.3290705182007514e-15,2.2204460492503131e-16,0.00087845799862407148,0.0023959160025697201,2.0679515313825692e-25
2,8,0,10,1,0.60999999999999999,0.46999999999999997,0.53000000000000003,0.27625000000000005,0.35875000000000018,0,quintic,6,3,0,9,reused_centered,-0.00046361030734577729,3.4694469519536142e-18,5.3290705182007514e-15,2.2204460492503131e-16,0.00087845799862407148,0.0023959160025697201,2.0679515313825692e-25
2,8,0,10,1,0.60999999999999999,0.46999999999999997,0.53000000000000003,0.27625000000000005,0.35875000000000018,0,quintic,5,4,0,9,recursive,0.10557327181509651,3.4694469519536142e-18,5.3290705182007514e-15,2.2204460492503131e-16,0.00087845799862407148,0.0023959160025697201,2.0679515313825692e-25
2,8,0,10,1,0.60999999999999999,0.46999999999999997,0.53000000000000003,0.27625000000000005,0.35875000000000018,0,quintic,5,4,0,9,direct,-0.035285590410232527,3.4694469519536142e-18,5.3290705182007514e-15,2.2204460492503131e-16,0.00087845799862407148,0.0023959160025697201,2.0679515313825692e-25
2,8,0,10,1,0.60999999999999999,0.46999999999999997,0.53000000000000003,0.27625000000000005,0.35875000000000018,0,quintic,5,4,0,9,fe_geometry,-0.019661495795327218,3.4694469519536142e-18,5.3290705182007514e-15,2.2204460492503131e-16,0.00087845799862407148,0.0023959160025697201,2.0679515313825692e-25
2,8,0,10,1,0.60999999999999999,0.46999999999999997,0.53000000000000003,0.27625000000000005,0.35875000000000018,0,quintic,5,4,0,9,reused,-0.005891424676238168,3.4694469519536142e-18,5.3290705182007514e-15,2.2204460492503131e-16,0.00087845799862407148,0.0023959160025697201,2.0679515313825692e-25
2,8,0,10,1,0.60999999999999999,0.46999999999999997,0.53000000000000003,0.27625000000000005,0.35875000000000018,0,quintic,5,4,0,9,reused_centered,-0.012512088888129862,3.4694469519536142e-18,5.3290705182007514e-15,2.2204460492503131e-16,0.00087845799862407148,0.0023959160025697201,2.0679515313825692e-25
2,8,0,10,1,0.60999999999999999,0.46999999999999997,0.53000000000000003,0.27625000000000005,0.35875000000000018,0,quintic,4,5,0,9,recursive,0.26894613007070534,3.4694469519536142e-18,5.3290705182007514e-15,2.2204460492503131e-16,0.00087845799862407148,0.0023959160025697201,2.0679515313825692e-25
2,8,0,10,1,0.60999999999999999,0.46999999999999997,0.53000000000000003,0.27625000000000005,0.35875000000000018,0,quintic,4,5,0,9,direct,-0.056068697690963724,3.4694469519536142e-18,5.3290705182007514e-15,2.2204460492503131e-16,0.00087845799862407148,0.0023959160025697201,2.0679515313825692e-25
2,8,0,10,1,0.60999999999999999,0.46999999999999997,0.53000000000000003,0.27625000000000005,0.35875000000000018,0,quintic,4,5,0,9,fe_geometry,-0.033392714408283508,3.4694469519536142e-18,5.3290705182007514e-15,2.2204460492503131e-16,0.00087845799862407148,0.0023959160025697201,2.0679515313825692e-25
2,8,0,10,1,0.60999999999999999,0.46999999999999997,0.53000000000000003,0.27625000000000005,0.35875000000000018,0,quintic,4,5,0,9,reused,-0.0087073202467296724,3.4694469519536142e-18,5.3290705182007514e-15,2.2204460492503131e-16,0.00087845799862407148,0.0023959160025697201,2.0679515313825692e-25
2,8,0,10,1,0.60999999999999999,0.46999999999999997,0.53000000000000003,0.27625000000000005,0.35875000000000018,0,quintic,4,5,0,9,reused_centered,-0.0081115013373101053,3.4694469519536142e-18,5.3290705182007514e-15,2.2204460492503131e-16,0.00087845799862407148,0.0023959160025697201,2.0679515313825692e-25
2,8,0,10,1,0.60999999999999999,0.46999999999999997,0.53000000000000003,0.27625000000000005,0.35875000000000018,0,quintic,3,6,0,9,recursive,-0.00030985053910615313,3.4694469519536142e-18,5.3290705182007514e-15,2.2204460492503131e-16,0.00087845799862407148,0.0023959160025697201,2.0679515313825692e-25
2,8,0,10,1,0.60999999999999999,0.46999999999999997,0.53000000000000003,0.27625000000000005,0.35875000000000018,0,quintic,3,6,0,9,direct,0,3.4694469519536142e-18,5.3290705182007514e-15,2.2204460492503131e-16,0.00087845799862407148,0.0023959160025697201,2.0679515313825692e-25
2,8,0,10,1,0.60999999999999999,0.46999999999999997,0.53000000000000003,0.27625000000000005,0.35875000000000018,0,quintic,3,6,0,9,fe_geometry,0.0066264890111064206,3.4694469519536142e-18,5.3290705182007514e-15,2.2204460492503131e-16,0.00087845799862407148,0.0023959160025697201,2.0679515313825692e-25
2,8,0,10,1,0.60999999999999999,0.46999999999999997,0.53000000000000003,0.27625000000000005,0.35875000000000018,0,quintic,3,6,0,9,reused,-0.0015387774082191396,3.4694469519536142e-18,5.3290705182007514e-15,2.2204460492503131e-16,0.00087845799862407148,0.0023959160025697201,2.0679515313825692e-25
2,8,0,10,1,0.60999999999999999,0.46999999999999997,0.53000000000000003,0.27625000000000005,0.35875000000000018,0,quintic,3,6,0,9,reused_centered,-0.0027168004687232994,3.4694469519536142e-18,5.3290705182007514e-15,2.2204460492503131e-16,0.00087845799862407148,0.0023959160025697201,2.0679515313825692e-25
2,8,0,10,1,0.60999999999999999,0.46999999999999997,0.53000000000000003,0.27625000000000005,0.35875000000000018,0,quintic,2,7,0,9,recursive,-8.2801783293390052e-05,3.4694469519536142e-18,5.3290705182007514e-15,2.2204460492503131e-16,0.00087845799862407148,0.0023959160025697201,2.0679515313825692e-25
2,8,0,10,1,0.60999999999999999,0.46999999999999997,0.53000000000000003,0.27625000000000005,0.35875000000000018,0,quintic,2,7,0,9,direct,0,3.4694469519536142e-18,5.3290705182007514e-15,2.2204460492503131e-16,0.00087845799862407148,0.0023959160025697201,2.0679515313825692e-25
2,8,0,10,1,0.60999999999999999,0.46999999999999997,0.53000000000000003,0.27625000000000005,0.35875000000000018,0,quintic,2,7,0,9,fe_geometry,-0.00068038082343898948,3.4694469519536142e-18,5.3290705182007514e-15,2.2204460492503131e-16,0.00087845799862407148,0.0023959160025697201,2.0679515313825692e-25
2,8,0,10,1,0.60999999999999999,0.46999999999999997,0.53000000000000003,0.27625000000000005,0.35875000000000018,0,quintic,2,7,0,9,reused,0.00034467785229976732,3.4694469519536142e-18,5.3290705182007514e-15,2.2204460492503131e-16,0.00087845799862407148,0.0023959160025697201,2.0679515313825692e-25
2,8,0,10,1,0.60999999999999999,0.46999999999999997,0.53000000000000003,0.27625000000000005,0.35875000000000018,0,quintic,2,7,0,9,reused_centered,0.00013968866500077182,3.4694469519536142e-18,5.3290705182007514e-15,2.2204460492503131e-16,0.00087845799862407148,0.0023959160025697201,2.0679515313825692e-25
2,8,0,10,1,0.60999999999999999,0.46999999999999997,0.53000000000000003,0.27625000000000005,0.35875000000000018,0,quintic,1,8,0,9,recursive,-7.7957122224723099e-05,3.4694469519536142e-18,5.3290705182007514e-15,2.2204460492503131e-16,0.00087845799862407148,0.0023959160025697201,2.0679515313825692e-25
2,8,0,10,1,0.60999999999999999,0.46999999999999997,0.53000000000000003,0.27625000000000005,0.35875000000000018,0,quintic,1,8,0,9,direct,0,3.4694469519536142e-18,5.3290705182007514e-15,2.2204460492503131e-16,0.00087845799862407148,0.0023959160025697201,2.0679515313825692e-25
2,8,0,10,1,0.60999999999999999,0.46999999999999997,0.53000000000000003,0.27625000000000005,0.35875000000000018,0,quintic,1,8,0,9,fe_geometry,-8.788195914447029e-05,3.4694469519536142e-18,5.3290705182007514e-15,2.2204460492503131e-16,0.00087845799862407148,0.0023959160025697201,2.0679515313825692e-25
2,8,0,10,1,0.60999999999999999,0.46999999999999997,0.53000000000000003,0.27625000000000005,0.35875000000000018,0,quintic,1,8,0,9,reused,2.5292337472320794e-05,3.4694469519536142e-18,5.3290705182007514e-15,2.2204460492503131e-16,0.00087845799862407148,0.0023959160025697201,2.0679515313825692e-25
2,8,0,10,1,0.60999999999999999,0.46999999999999997,0.53000000000000003,0.27625000000000005,0.35875000000000018,0,quintic,1,8,0,9,reused_centered,6.962044636790847e-05,3.4694469519536142e-18,5.3290705182007514e-15,2.2204460492503131e-16,0.00087845799862407148,0.0023959160025697201,2.0679515313825692e-25
2,8,0,10,1,0.60999999999999999,0.46999999999999997,0.53000000000000003,0.27625000000000005,0.35875000000000018,0,quintic,0,9,0,9,recursive,-0.00027464272681940313,3.4694469519536142e-18,5.3290705182007514e-15,2.2204460492503131e-16,0.00087845799862407148,0.0023959160025697201,2.0679515313825692e-25
2,8,0,10,1,0.60999999999999999,0.46999999999999997,0.53000000000000003,0.27625000000000005,0.35875000000000018,0,quintic,0,9,0,9,direct,0,3.4694469519536142e-18,5.3290705182007514e-15,2.2204460492503131e-16,0.00087845799862407148,0.0023959160025697201,2.0679515313825692e-25
2,8,0,10,1,0.60999999999999999,0.46999999999999997,0.53000000000000003,0.27625000000000005,0.35875000000000018,0,quintic,0,9,0,9,fe_geometry,3.0299561835255349e-15,3.4694469519536142e-18,5.3290705182007514e-15,2.2204460492503131e-16,0.00087845799862407148,0.0023959160025697201,2.0679515313825692e-25
2,8,0,10,1,0.60999999999999999,0.46999999999999997,0.53000000000000003,0.27625000000000005,0.35875000000000018,0,quintic,0,9,0,9,reused,5.93719971940275e-16,3.4694469519536142e-18,5.3290705182007514e-15,2.2204460492503131e-16,0.00087845799862407148,0.0023959160025697201,2.0679515313825692e-25
2,8,0,10,1,0.60999999999999999,0.46999999999999997,0.53000000000000003,0.27625000000000005,0.35875000000000018,0,quintic,0,9,0,9,reused_centered,-9.3230419283211263e-16,3.4694469519536142e-18,5.3290705182007514e-15,2.2204460492503131e-16,0.00087845799862407148,0.0023959160025697201,2.0679515313825692e-25
2,8,0,10,1,0.60999999999999999,0.46999999999999997,0.53000000000000003,0.27625000000000005,0.35875000000000018,0,quintic,10,0,0,10,recursive,-0.0010416075144230935,3.4694469519536142e-18,5.3290705182007514e-15,2.2204460492503131e-16,0.00087845799862407148,0.0023959160025697201,2.0679515313825692e-25
2,8,0,10,1,0.60999999999999999,0.46999999999999997,0.53000000000000003,0.27625000000000005,0.35875000000000018,0,quintic,10,0,0,10,direct,0,3.4694469519536142e-18,5.3290705182007514e-15,2.2204460492503131e-16,0.00087845799862407148,0.0023959160025697201,2.0679515313825692e-25
2,8,0,10,1,0.60999999999999999,0.46999999999999997,0.53000000000000003,0.27625000000000005,0.35875000000000018,0,quintic,10,0,0,10,fe_geometry,4.9857558856318907e-13,3.4694469519536142e-18,5.3290705182007514e-15,2.2204460492503131e-16,0.00087845799862407148,0.0023959160025697201,2.0679515313825692e-25
2,8,0,10,1,0.60999999999999999,0.46999999999999997,0.53000000000000003,0.27625000000000005,0.35875000000000018,0,quintic,10,0,0,10,reused,-1.5140451911616412e-14,3.4694469519536142e-18,5.3290705182007514e-15,2.2204460492503131e-16,0.00087845799862407148,0.0023959160025697201,2.0679515313825692e-25
2,8,0,10,1,0.60999999999999999,0.46999999999999997,0.53000000000000003,0.27625000000000005,0.35875000000000018,0,quintic,10,0,0,10,reused_centered,6.3493058351183997e-16,3.4694469519536142e-18,5.3290705182007514e-15,2.2204460492503131e-16,0.00087845799862407148,0.0023959160025697201,2.0679515313825692e-25
2,8,0,10,1,0.60999999999999999,0.46999999999999997,0.53000000000000003,0.27625000000000005,0.35875000000000018,0,quintic,9,1,0,10,recursive,-0.0026060708626310263,3.4694469519536142e-18,5.3290705182007514e-15,2.2204460492503131e-16,0.00087845799862407148,0.0023959160025697201,2.0679515313825692e-25
2,8,0,10,1,0.60999999999999999,0.46999999999999997,0.53000000000000003,0.27625000000000005,0.35875000000000018,0,quintic,9,1,0,10,direct,0,3.4694469519536142e-18,5.3290705182007514e-15,2.2204460492503131e-16,0.00087845799862407148,0.0023959160025697201,2.0679515313825692e-25
2,8,0,10,1,0.60999999999999999,0.46999999999999997,0.53000000000000003,0.27625000000000005,0.35875000000000018,0,quintic,9,1,0,10,fe_geometry,1.4608413553059549e-12,3.4694469519536142e-18,5.3290705182007514e-15,2.2204460492503131e-16,0.00087845799862407148,0.0023959160025697201,2.0679515313825692e-25
2,8,0,10,1,0.60999999999999999,0.46999999999999997,0.53000000000000003,0.27625000000000005,0.35875000000000018,0,quintic,9,1,0,10,reused,-8.2416975729402615e-14,3.4694469519536142e-18,5.3290705182007514e-15,2.2204460492503131e-16,0.00087845799862407148,0.0023959160025697201,2.0679515313825692e-25
2,8,0,10,1,0.60999999999999999,0.46999999999999997,0.53000000000000003,0.27625000000000005,0.35875000000000018,0,quintic,9,1,0,10,reused_centered,-1.3710127376361663e-13,3.4694469519536142e-18,5.3290705182007514e-15,2.2204460492503131e-16,0.00087845799862407148,0.0023959160025697201,2.0679515313825692e-25
2,8,0,10,1,0.60999999999999999,0.46999999999999997,0.53000000000000003,0.27625000000000005,0.35875000000000018,0,quintic,8,2,0,10,recursive,-0.081177356117003899,3.4694469519536142e-18,5.3290705182007514e-15,2.2204460492503131e-16,0.00087845799862407148,0.0023959160025697201,2.0679515313825692e-25
2,8,0,10,1,0.60999999999999999,0.46999999999999997,0.53000000000000003,0.27625000000000005,0.35875000000000018,0,quintic,8,2,0,10,direct,0,3.4694469519536142e-18,5.3290705182007514e-15,2.2204460492503131e-16,0.00087845799862407148,0.0023959160025697201,2.0679515313825692e-25
2,8,0,10,1,0.60999999999999999,0.46999999999999997,0.53000000000000003,0.27625000000000005,0.35875000000000018,0,quintic,8,2,0,10,fe_geometry,-0.00741219951455779,3.4694469519536142e-18,5.3290705182007514e-15,2.2204460492503131e-16,0.00087845799862407148,0.0023959160025697201,2.0679515313825692e-25
2,8,0,10,1,0.60999999999999999,0.46999999999999997,0.53000000000000003,0.27625000000000005,0.35875000000000018,0,quintic,8,2,0,10,reused,0.0016714257004931483,3.4694469519536142e-18,5.3290705182007514e-15,2.2204460492503131e-16,0.00087845799862407148,0.0023959160025697201,2.0679515313825692e-25
2,8,0,10,1,0.60999999999999999,0.46999999999999997,0.53000000000000003,0.27625000000000005,0.35875000000000018,0,quintic,8,2,0,10,reused_centered,0.0020890286916767915,3.4694469519536142e-18,5.3290705182007514e-15,2.2204460492503131e-16,0.00087845799862407148,0.0023959160025697201,2.0679515313825692e-25
2,8,0,10,1,0.60999999999999999,0.46999999999999997,0.53000000000000003,0.27625000000000005,0.35875000000000018,0,quintic,7,3,0,10,recursive,1.4112107926591029,3.4694469519536142e-18,5.3290705182007514e-15,2.2204460492503131e-16,0.00087845799862407148,0.0023959160025697201,2.0679515313825692e-25
2,8,0,10,1,0.60999999999999999,0.46999999999999997,0.53000000000000003,0.27625000000000005,0.35875000000000018,0,quintic,7,3,0,10,direct,0,3.4694469519536142e-18,5.3290705182007514e-15,2.2204460492503131e-16,0.00087845799862407148,0.0023959160025697201,2.0679515313825692e-25
2,8,0,10,1,0.60999999999999999,0.46999999999999997,0.53000000000000003,0.27625000000000005,0.35875000000000018,0,quintic,7,3,0,10,fe_geometry,-0.014938059018415106,3.4694469519536142e-18,5.3290705182007514e-15,2.2204460492503131e-16,0.00087845799862407148,0.0023959160025697201,2.0679515313825692e-25
2,8,0,10,1,0.60999999999999999,0.46999999999999997,0.53000000000000003,0.27625000000000005,0.35875000000000018,0,quintic,7,3,0,10,reused,-0.0067650023412006641,3.4694469519536142e-18,5.3290705182007514e-15,2.2204460492503131e-16,0.00087845799862407148,0.0023959160025697201,2.0679515313825692e-25
2,8,0,10,1,0.60999999999999999,0.46999999999999997,0.53000000000000003,0.27625000000000005,0.35875000000000018,0,quintic,7,3,0,10,reused_centered,-0.00583729242020164,3.4694469519536142e-18,5.3290705182007514e-15,2.2204460492503131e-16,0.00087845799862407148,0.0023959160025697201,2.0679515313825692e-25
2,8,0,10,1,0.60999999999999999,0.46999999999999997,0.53000000000000003,0.27625000000000005,0.35875000000000018,0,quintic,6,4,0,10,recursive,6.9801065919045788,3.4694469519536142e-18,5.3290705182007514e-15,2.2204460492503131e-16,0.00087845799862407148,0.0023959160025697201,2.0679515313825692e-25
2,8,0,10,1,0.60999999999999999,0.46999999999999997,0.53000000000000003,0.27625000000000005,0.35875000000000018,0,quintic,6,4,0,10,direct,0,3.4694469519536142e-18,5.3290705182007514e-15,2.2204460492503131e-16,0.00087845799862407148,0.0023959160025697201,2.0679515313825692e-25
2,8,0,10,1,0.60999999999999999,0.46999999999999997,0.53000000000000003,0.27625000000000005,0.35875000000000018,0,quintic,6,4,0,10,fe_geometry,0.24505736818132318,3.4694469519536142e-18,5.3290705182007514e-15,2.2204460492503131e-16,0.00087845799862407148,0.0023959160025697201,2.0679515313825692e-25
2,8,0,10,1,0.60999999999999999,0.46999999999999997,0.53000000000000003,0.27625000000000005,0.35875000000000018,0,quintic,6,4,0,10,reused,-0.076787313208903404,3.4694469519536142e-18,5.3290705182007514e-15,2.2204460492503131e-16,0.00087845799862407148,0.0023959160025697201,2.0679515313825692e-25
2,8,0,10,1,0.60999999999999999,0.46999999999999997,0.53000000000000003,0.27625000000000005,0.35875000000000018,0,quintic,6,4,0,10,reused_centered,-0.078746251066723588,3.4694469519536142e-18,5.3290705182007514e-15,2.2204460492503131e-16,0.00087845799862407148,0.0023959160025697201,2.0679515313825692e-25
2,8,0,10,1,0.60999999999999999,0.46999999999999997,0.53000000000000003,0.27625000000000005,0.35875000000000018,0,quintic,5,5,0,10,recursive,-7.7756762620354074,3.4694469519536142e-18,5.3290705182007514e-15,2.2204460492503131e-16,0.00087845799862407148,0.0023959160025697201,2.0679515313825692e-25
2,8,0,10,1,0.60999999999999999,0.46999999999999997,0.53000000000000003,0.27625000000000005,0.35875000000000018,0,quintic,5,5,0,10,direct,-4.3968538284301761,3.4694469519536142e-18,5.3290705182007514e-15,2.2204460492503131e-16,0.00087845799862407148,0.0023959160025697201,2.0679515313825692e-25
2,8,0,10,1,0.60999999999999999,0.46999999999999997,0.53000000000000003,0.27625000000000005,0.35875000000000018,0,quintic,5,5,0,10,fe_geometry,-4.2177029554328422,3.4694469519536142e-18,5.3290705182007514e-15,2.2204460492503131e-16,0.00087845799862407148,0.0023959160025697201,2.0679515313825692e-25
2,8,0,10,1,0.60999999999999999,0.46999999999999997,0.53000000000000003,0.27625000000000005,0.35875000000000018,0,quintic,5,5,0,10,reused,1.0913639087301357,3.4694469519536142e-18,5.3290705182007514e-15,2.2204460492503131e-16,0.00087845799862407148,0.0023959160025697201,2.0679515313825692e-25
2,8,0,10,1,0.60999999999999999,0.46999999999999997,0.53000000000000003,0.27625000000000005,0.35875000000000018,0,quintic,5,5,0,10,reused_centered,0.45028618464155318,3.4694469519536142e-18,5.3290705182007514e-15,2.2204460492503131e-16,0.00087845799862407148,0.0023959160025697201,2.0679515313825692e-25
2,8,0,10,1,0.60999999999999999,0.46999999999999997,0.53000000000000003,0.27625000000000005,0.35875000000000018,0,quintic,4,6,0,10,recursive,-0.0021139625388861103,3.4694469519536142e-18,5.3290705182007514e-15,2.2204460492503131e-16,0.00087845799862407148,0.0023959160025697201,2.0679515313825692e-25
2,8,0,10,1,0.60999999999999999,0.46999999999999997,0.53000000000000003,0.27625000000000005,0.35875000000000018,0,quintic,4,6,0,10,direct,0,3.4694469519536142e-18,5.3290705182007514e-15,2.2204460492503131e-16,0.00087845799862407148,0.0023959160025697201,2.0679515313825692e-25
2,8,0,10,1,0.60999999999999999,0.46999999999999997,0.53000000000000003,0.27625000000000005,0.35875000000000018,0,quintic,4,6,0,10,fe_geometry,0.41124016558287674,3.4694469519536142e-18,5.3290705182007514e-15,2.2204460492503131e-16,0.00087845799862407148,0.0023959160025697201,2.0679515313825692e-25
2,8,0,10,1,0.60999999999999999,0.46999999999999997,0.53000000000000003,0.27625000000000005,0.35875000000000018,0,quintic,4,6,0,10,reused,-0.16934356550839794,3.4694469519536142e-18,5.3290705182007514e-15,2.2204460492503131e-16,0.00087845799862407148,0.0023959160025697201,2.0679515313825692e-25
2,8,0,10,1,0.60999999999999999,0.46999999999999997,0.53000000000000003,0.27625000000000005,0.35875000000000018,0,quintic,4,6,0,10,reused_centered,-0.12569214745934021,3.4694469519536142e-18,5.3290705182007514e-15,2.2204460492503131e-16,0.00087845799862407148,0.0023959160025697201,2.0679515313825692e-25
2,8,0,10,1,0.60999999999999999,0.46999999999999997,0.53000000000000003,0.27625000000000005,0.35875000000000018,0,quintic,3,7,0,10,recursive,1.1447316773114189e-13,3.4694469519536142e-18,5.3290705182007514e-15,2.2204460492503131e-16,0.00087845799862407148,0.0023959160025697201,2.0679515313825692e-25
2,8,0,10,1,0.60999999999999999,0.46999999999999997,0.53000000000000003,0.27625000000000005,0.35875000000000018,0,quintic,3,7,0,10,direct,0,3.4694469519536142e-18,5.3290705182007514e-15,2.2204460492503131e-16,0.00087845799862407148,0.0023959160025697201,2.0679515313825692e-25
2,8,0,10,1,0.60999999999999999,0.46999999999999997,0.53000000000000003,0.27625000000000005,0.35875000000000018,0,quintic,3,7,0,10,fe_geometry,0.081127765451342884,3.4694469519536142e-18,5.3290705182007514e-15,2.2204460492503131e-16,0.00087845799862407148,0.0023959160025697201,2.0679515313825692e-25
2,8,0,10,1,0.60999999999999999,0.46999999999999997,0.53000000000000003,0.27625000000000005,0.35875000000000018,0,quintic,3,7,0,10,reused,-0.01858478238755467,3.4694469519536142e-18,5.3290705182007514e-15,2.2204460492503131e-16,0.00087845799862407148,0.0023959160025697201,2.0679515313825692e-25
2,8,0,10,1,0.60999999999999999,0.46999999999999997,0.53000000000000003,0.27625000000000005,0.35875000000000018,0,quintic,3,7,0,10,reused_centered,-0.031732852719408469,3.4694469519536142e-18,5.3290705182007514e-15,2.2204460492503131e-16,0.00087845799862407148,0.0023959160025697201,2.0679515313825692e-25
2,8,0,10,1,0.60999999999999999,0.46999999999999997,0.53000000000000003,0.27625000000000005,0.35875000000000018,0,quintic,2,8,0,10,recursive,-0.00029279873045987183,3.4694469519536142e-18,5.3290705182007514e-15,2.2204460492503131e-16,0.00087845799862407148,0.0023959160025697201,2.0679515313825692e-25
2,8,0,10,1,0.60999999999999999,0.46999999999999997,0.53000000000000003,0.27625000000000005,0.35875000000000018,0,quintic,2,8,0,10,direct,0,3.4694469519536142e-18,5.3290705182007514e-15,2.2204460492503131e-16,0.00087845799862407148,0.0023959160025697201,2.0679515313825692e-25
2,8,0,10,1,0.60999999999999999,0.46999999999999997,0.53000000000000003,0.27625000000000005,0.35875000000000018,0,quintic,2,8,0,10,fe_geometry,-0.0036970489394636398,3.4694469519536142e-18,5.3290705182007514e-15,2.2204460492503131e-16,0.00087845799862407148,0.0023959160025697201,2.0679515313825692e-25
2,8,0,10,1,0.60999999999999999,0.46999999999999997,0.53000000000000003,0.27625000000000005,0.35875000000000018,0,quintic,2,8,0,10,reused,0.0018811677600476528,3.4694469519536142e-18,5.3290705182007514e-15,2.2204460492503131e-16,0.00087845799862407148,0.0023959160025697201,2.0679515313825692e-25
2,8,0,10,1,0.60999999999999999,0.46999999999999997,0.53000000000000003,0.27625000000000005,0.35875000000000018,0,quintic,2,8,0,10,reused_centered,0.00076370093129405606,3.4694469519536142e-18,5.3290705182007514e-15,2.2204460492503131e-16,0.00087845799862407148,0.0023959160025697201,2.0679515313825692e-25
2,8,0,10,1,0.60999999999999999,0.46999999999999997,0.53000000000000003,0.27625000000000005,0.35875000000000018,0,quintic,1,9,0,10,recursive,6.3896535976882011e-14,3.4694469519536142e-18,5.3290705182007514e-15,2.2204460492503131e-16,0.00087845799862407148,0.0023959160025697201,2.0679515313825692e-25
2,8,0,10,1,0.60999999999999999,0.46999999999999997,0.53000000000000003,0.27625000000000005,0.35875000000000018,0,quintic,1,9,0,10,direct,0,3.4694469519536142e-18,5.3290705182007514e-15,2.2204460492503131e-16,0.00087845799862407148,0.0023959160025697201,2.0679515313825692e-25
2,8,0,10,1,0.60999999999999999,0.46999999999999997,0.53000000000000003,0.27625000000000005,0.35875000000000018,0,quintic,1,9,0,10,fe_geometry,-6.4702125100806671e-13,3.4694469519536142e-18,5.3290705182007514e-15,2.2204460492503131e-16,0.00087845799862407148,0.0023959160025697201,2.0679515313825692e-25
2,8,0,10,1,0.60999999999999999,0.46999999999999997,0.53000000000000003,0.27625000000000005,0.35875000000000018,0,quintic,1,9,0,10,reused,-7.651527590265588e-14,3.4694469519536142e-18,5.3290705182007514e-15,2.2204460492503131e-16,0.00087845799862407148,0.0023959160025697201,2.0679515313825692e-25
2,8,0,10,1,0.60999999999999999,0.46999999999999997,0.53000000000000003,0.27625000000000005,0.35875000000000018,0,quintic,1,9,0,10,reused_centered,-2.6773553323205243e-14,3.4694469519536142e-18,5.3290705182007514e-15,2.2204460492503131e-16,0.00087845799862407148,0.0023959160025697201,2.0679515313825692e-25
2,8,0,10,1,0.60999999999999999,0.46999999999999997,0.53000000000000003,0.27625000000000005,0.35875000000000018,0,quintic,0,10,0,10,recursive,-0.0020243136848287773,3.4694469519536142e-18,5.3290705182007514e-15,2.2204460492503131e-16,0.00087845799862407148,0.0023959160025697201,2.0679515313825692e-25
2,8,0,10,1,0.60999999999999999,0.46999999999999997,0.53000000000000003,0.27625000000000005,0.35875000000000018,0,quintic,0,10,0,10,direct,0,3.4694469519536142e-18,5.3290705182007514e-15,2.2204460492503131e-16,0.00087845799862407148,0.0023959160025697201,2.0679515313825692e-25
2,8,0,10,1,0.60999999999999999,0.46999999999999997,0.53000000000000003,0.27625000000000005,0.35875000000000018,0,quintic,0,10,0,10,fe_geometry,-1.7895491024902694e-14,3.4694469519536142e-18,5.3290705182007514e-15,2.2204460492503131e-16,0.00087845799862407148,0.0023959160025697201,2.0679515313825692e-25
2,8,0,10,1,0.60999999999999999,0.46999999999999997,0.53000000000000003,0.27625000000000005,0.35875000000000018,0,quintic,0,10,0,10,reused,3.1388874121108009e-14,3.4694469519536142e-18,5.3290705182007514e-15,2.2204460492503131e-16,0.00087845799862407148,0.0023959160025697201,2.0679515313825692e-25
2,8,0,10,1,0.60999999999999999,0.46999999999999997,0.53000000000000003,0.27625000000000005,0.35875000000000018,0,quintic,0,10,0,10,reused_centered,-2.1690357168543946e-14,3.4694469519536142e-18,5.3290705182007514e-15,2.2204460492503131e-16,0.00087845799862407148,0.0023959160025697201,2.0679515313825692e-25
2,8,0,10,2,0,0.40000000000000002,0.69999999999999996,0.20000000000000004,0.35000000000000009,0,constant,1,0,0,1,recursive,1.1433253171490749e-13,1.1102230246251565e-16,1.021405182655144e-14,4.0389678347315804e-28,0.00087845799862407148,0.000646083994070068,1.1102230246251565e-16
2,8,0,10,2,0,0.40000000000000002,0.69999999999999996,0.20000000000000004,0.35000000000000009,0,constant,1,0,0,1,direct,-1.6840189687172824e-13,1.1102230246251565e-16,1.021405182655144e-14,4.0389678347315804e-28,0.00087845799862407148,0.000646083994070068,1.1102230246251565e-16
2,8,0,10,2,0,0.40000000000000002,0.69999999999999996,0.20000000000000004,0.35000000000000009,0,constant,1,0,0,1,fe_geometry,-1.6840189687172198e-13,1.1102230246251565e-16,1.021405182655144e-14,4.0389678347315804e-28,0.00087845799862407148,0.000646083994070068,1.1102230246251565e-16
2,8,0,10,2,0,0.40000000000000002,0.69999999999999996,0.20000000000000004,0.35000000000000009,0,constant,1,0,0,1,reused,-7.2854359045250287e-15,1.1102230246251565e-16,1.021405182655144e-14,4.0389678347315804e-28,0.00087845799862407148,0.000646083994070068,1.1102230246251565e-16
2,8,0,10,2,0,0.40000000000000002,0.69999999999999996,0.20000000000000004,0.35000000000000009,0,constant,1,0,0,1,reused_centered,-4.0346675656231323e-14,1.1102230246251565e-16,1.021405182655144e-14,4.0389678347315804e-28,0.00087845799862407148,0.000646083994070068,1.1102230246251565e-16
2,8,0,10,2,0,0.40000000000000002,0.69999999999999996,0.20000000000000004,0.35000000000000009,0,constant,0,1,0,1,recursive,8.9490373072574643e-14,1.1102230246251565e-16,1.021405182655144e-14,4.0389678347315804e-28,0.00087845799862407148,0.000646083994070068,1.1102230246251565e-16
2,8,0,10,2,0,0.40000000000000002,0.69999999999999996,0.20000000000000004,0.35000000000000009,0,constant,0,1,0,1,direct,-3.6299852013144084e-15,1.1102230246251565e-16,1.021405182655144e-14,4.0389678347315804e-28,0.00087845799862407148,0.000646083994070068,1.1102230246251565e-16
2,8,0,10,2,0,0.40000000000000002,0.69999999999999996,0.20000000000000004,0.35000000000000009,0,constant,0,1,0,1,fe_geometry,-3.6299852013136448e-15,1.1102230246251565e-16,1.021405182655144e-14,4.0389678347315804e-28,0.00087845799862407148,0.000646083994070068,1.1102230246251565e-16
2,8,0,10,2,0,0.40000000000000002,0.69999999999999996,0.20000000000000004,0.35000000000000009,0,constant,0,1,0,1,reused,-7.6334939886455544e-15,1.1102230246251565e-16,1.021405182655144e-14,4.0389678347315804e-28,0.00087845799862407148,0.000646083994070068,1.1102230246251565e-16
2,8,0,10,2,0,0.40000000000000002,0.69999999999999996,0.20000000000000004,0.35000000000000009,0,constant,0,1,0,1,reused_centered,3.8535140524382253e-15,1.1102230246251565e-16,1.021405182655144e-14,4.0389678347315804e-28,0.00087845799862407148,0.000646083994070068,1.1102230246251565e-16
2,8,0,10,2,0,0.40000000000000002,0.69999999999999996,0.20000000000000004,0.35000000000000009,0,constant,2,0,0,2,recursive,-1.4733931580475809e-11,1.1102230246251565e-16,1.021405182655144e-14,4.0389678347315804e-28,0.00087845799862407148,0.000646083994070068,1.1102230246251565e-16
2,8,0,10,2,0,0.40000000000000002,0.69999999999999996,0.20000000000000004,0.35000000000000009,0,constant,2,0,0,2,direct,5.0994174216612069e-12,1.1102230246251565e-16,1.021405182655144e-14,4.0389678347315804e-28,0.00087845799862407148,0.000646083994070068,1.1102230246251565e-16
2,8,0,10,2,0,0.40000000000000002,0.69999999999999996,0.20000000000000004,0.35000000000000009,0,constant,2,0,0,2,fe_geometry,5.0994174216617271e-12,1.1102230246251565e-16,1.021405182655144e-14,4.0389678347315804e-28,0.00087845799862407148,0.000646083994070068,1.1102230246251565e-16
2,8,0,10,2,0,0.40000000000000002,0.69999999999999996,0.20000000000000004,0.35000000000000009,0,constant,2,0,0,2,reused,1.8079460803073297e-12,1.1102230246251565e-16,1.021405182655144e-14,4.0389678347315804e-28,0.00087845799862407148,0.000646083994070068,1.1102230246251565e-16
2,8,0,10,2,0,0.40000000000000002,0.69999999999999996,0.20000000000000004,0.35000000000000009,0,constant,2,0,0,2,reused_centered,4.1878930379486473e-12,1.1102230246251565e-16,1.021405182655144e-14,4.0389678347315804e-28,0.00087845799862407148,0.000646083994070068,1.1102230246251565e-16
2,8,0,10,2,0,0.40000000000000002,0.69999999999999996,0.20000000000000004,0.35000000000000009,0,constant,1,1,0,2,recursive,-2.2308453348934215e-12,1.1102230246251565e-16,1.021405182655144e-14,4.0389678347315804e-28,0.00087845799862407148,0.000646083994070068,1.1102230246251565e-16
2,8,0,10,2,0,0.40000000000000002,0.69999999999999996,0.20000000000000004,0.35000000000000009,0,constant,1,1,0,2,direct,-1.6153904880411571e-11,1.1102230246251565e-16,1.021405182655144e-14,4.0389678347315804e-28,0.00087845799862407148,0.000646083994070068,1.1102230246251565e-16
2,8,0,10,2,0,0.40000000000000002,0.69999999999999996,0.20000000000000004,0.35000000000000009,0,constant,1,1,0,2,fe_geometry,-1.6153904880410963e-11,1.1102230246251565e-16,1.021405182655144e-14,4.0389678347315804e-28,0.00087845799862407148,0.000646083994070068,1.1102230246251565e-16
2,8,0,10,2,0,0.40000000000000002,0.69999999999999996,0.20000000000000004,0.35000000000000009,0,constant,1,1,0,2,reused,2.3121084314629549e-13,1.1102230246251565e-16,1.021405182655144e-14,4.0389678347315804e-28,0.00087845799862407148,0.000646083994070068,1.1102230246251565e-16
2,8,0,10,2,0,0.40000000000000002,0.69999999999999996,0.20000000000000004,0.35000000000000009,0,constant,1,1,0,2,reused_centered,-6.2528142115566422e-13,1.1102230246251565e-16,1.021405182655144e-14,4.0389678347315804e-28,0.00087845799862407148,0.000646083994070068,1.1102230246251565e-16
2,8,0,10,2,0,0.40000000000000002,0.69999999999999996,0.20000000000000004,0.35000000000000009,0,constant,0,2,0,2,recursive,-1.0951309204347203e-12,1.1102230246251565e-16,1.021405182655144e-14,4.0389678347315804e-28,0.00087845799862407148,0.000646083994070068,1.1102230246251565e-16
2,8,0,10,2,0,0.40000000000000002,0.69999999999999996,0.20000000000000004,0.35000000000000009,0,constant,0,2,0,2,direct,2.7739588404074302e-12,1.1102230246251565e-16,1.021405182655144e-14,4.0389678347315804e-28,0.00087845799862407148,0.000646083994070068,1.1102230246251565e-16
2,8,0,10,2,0,0.40000000000000002,0.69999999999999996,0.20000000000000004,0.35000000000000009,0,constant,0,2,0,2,fe_geometry,2.7739588404075186e-12,1.1102230246251565e-16,1.021405182655144e-14,4.0389678347315804e-28,0.00087845799862407148,0.000646083994070068,1.1102230246251565e-16
2,8,0,10,2,0,0.40000000000000002,0.69999999999999996,0.20000000000000004,0.35000000000000009,0,constant,0,2,0,2,reused,-3.9584833133282954e-14,1.1102230246251565e-16,1.021405182655144e-14,4.0389678347315804e-28,0.00087845799862407148,0.000646083994070068,1.1102230246251565e-16
2,8,0,10,2,0,0.40000000000000002,0.69999999999999996,0.20000000000000004,0.35000000000000009,0,constant,0,2,0,2,reused_centered,-4.3107719350154321e-13,1.1102230246251565e-16,1.021405182655144e-14,4.0389678347315804e-28,0.00087845799862407148,0.000646083994070068,1.1102230246251565e-16
2,8,0,10,2,0,0.40000000000000002,0.69999999999999996,0.20000000000000004,0.35000000000000009,0,constant,3,0,0,3,recursive,1.102002156765192e-09,1.1102230246251565e-16,1.021405182655144e-14,4.0389678347315804e-28,0.00087845799862407148,0.000646083994070068,1.1102230246251565e-16
2,8,0,10,2,0,0.40000000000000002,0.69999999999999996,0.20000000000000004,0.35000000000000009,0,constant,3,0,0,3,direct,1.0455163646838614e-10,1.1102230246251565e-16,1.021405182655144e-14,4.0389678347315804e-28,0.00087845799862407148,0.000646083994070068,1.1102230246251565e-16
2,8,0,10,2,0,0.40000000000000002,0.69999999999999996,0.20000000000000004,0.35000000000000009,0,constant,3,0,0,3,fe_geometry,1.0455163646806902e-10,1.1102230246251565e-16,1.021405182655144e-14,4.0389678347315804e-28,0.00087845799862407148,0.000646083994070068,1.1102230246251565e-16
2,8,0,10,2,0,0.40000000000000002,0.69999999999999996,0.20000000000000004,0.35000000000000009,0,constant,3,0,0,3,reused,-2.0773766807965565e-10,1.1102230246251565e-16,1.021405182655144e-14,4.0389678347315804e-28,0.00087845799862407148,0.000646083994070068,1.1102230246251565e-16
2,8,0,10,2,0,0.40000000000000002,0.69999999999999996,0.20000000000000004,0.35000000000000009,0,constant,3,0,0,3,reused_centered,-2.2891778622286737e-10,1.1102230246251565e-16,1.021405182655144e-14,4.0389678347315804e-28,0.00087845799862407148,0.000646083994070068,1.1102230246251565e-16
2,8,0,10,2,0,0.40000000000000002,0.69999999999999996,0.20000000000000004,0.35000000000000009,0,constant,2,1,0,3,recursive,-2.0866029597821007e-10,1.1102230246251565e-16,1.021405182655144e-14,4.0389678347315804e-28,0.00087845799862407148,0.000646083994070068,1.1102230246251565e-16
2,8,0,10,2,0,0.40000000000000002,0.69999999999999996,0.20000000000000004,0.35000000000000009,0,constant,2,1,0,3,direct,1.5008840819064063e-09,1.1102230246251565e-16,1.021405182655144e-14,4.0389678347315804e-28,0.00087845799862407148,0.000646083994070068,1.1102230246251565e-16
2,8,0,10,2,0,0.40000000000000002,0.69999999999999996,0.20000000000000004,0.35000000000000009,0,constant,2,1,0,3,fe_geometry,1.5008840819062481e-09,1.1102230246251565e-16,1.021405182655144e-14,4.0389678347315804e-28,0.00087845799862407148,0.000646083994070068,1.1102230246251565e-16
2,8,0,10,2,0,0.40000000000000002,0.69999999999999996,0.20000000000000004,0.35000000000000009,0,constant,2,1,0,3,reused,-2.6072176337664157e-11,1.1102230246251565e-16,1.021405182655144e-14,4.0389678347315804e-28,0.00087845799862407148,0.000646083994070068,1.1102230246251565e-16
2,8,0,10,2,0,0.40000000000000002,0.69999999999999996,0.20000000000000004,0.35000000000000009,0,constant,2,1,0,3,reused_centered,6.4902787350511894e-11,1.1102230246251565e-16,1.021405182655144e-14,4.0389678347315804e-28,0.00087845799862407148,0.000646083994070068,1.1102230246251565e-16
2,8,0,10,2,0,0.40000000000000002,0.69999999999999996,0.20000000000000004,0.35000000000000009,0,constant,1,2,0,3,recursive,1.3522941974347292e-10,1.1102230246251565e-16,1.021405182655144e-14,4.0389678347315804e-28,0.00087845799862407148,0.000646083994070068,1.1102230246251565e-16
2,8,0,10,2,0,0.40000000000000002,0.69999999999999996,0.20000000000000004,0.35000000000000009,0,constant,1,2,0,3,direct,7.3564478952903447e-11,1.1102230246251565e-16,1.021405182655144e-14,4.0389678347315804e-28,0.00087845799862407148,0.000646083994070068,1.1102230246251565e-16
2,8,0,10,2,0,0.40000000000000002,0.69999999999999996,0.20000000000000004,0.35000000000000009,0,constant,1,2,0,3,fe_geometry,7.3564478952892539e-11,1.1102230246251565e-16,1.021405182655144e-14,4.0389678347315804e-28,0.00087845799862407148,0.000646083994070068,1.1102230246251565e-16
2,8,0,10,2,0,0.40000000000000002,0.69999999999999996,0.20000000000000004,0.35000000000000009,0,constant,1,2,0,3,reused,-2.5864631610092124e-11,1.1102230246251565e-16,1.021405182655144e-14,4.0389678347315804e-28,0.00087845799862407148,0.000646083994070068,1.1102230246251565e-16
2,8,0,10,2,0,0.40000000000000002,0.69999999999999996,0.20000000000000004,0.35000000000000009,0,constant,1,2,0,3,reused_centered,6.994772991936824e-11,1.1102230246251565e-16,1.021405182655144e-14,4.0389678347315804e-28,0.00087845799862407148,0.000646083994070068,1.1102230246251565e-16
2,8,0,10,2,0,0.40000000000000002,0.69999999999999996,0.20000000000000004,0.35000000000000009,0,constant,0,3,0,3,recursive,-2.4873999056175197e-10,1.1102230246251565e-16,1.021405182655144e-14,4.0389678347315804e-28,0.00087845799862407148,0.000646083994070068,1.1102230246251565e-16
2,8,0,10,2,0,0.40000000000000002,0.69999999999999996,0.20000000000000004,0.35000000000000009,0,constant,0,3,0,3,direct,-1.7394086171407524e-12,1.1102230246251565e-16,1.021405182655144e-14,4.0389678347315804e-28,0.00087845799862407148,0.000646083994070068,1.1102230246251565e-16
2,8,0,10,2,0,0.40000000000000002,0.69999999999999996,0.20000000000000004,0.35000000000000009,0,constant,0,3,0,3,fe_geometry,-1.7394086171436605e-12,1.1102230246251565e-16,1.021405182655144e-14,4.0389678347315804e-28,0.00087845799862407148,0.000646083994070068,1.1102230246251565e-16
2,8,0,10,2,0,0.40000000000000002,0.69999999999999996,0.20000000000000004,0.35000000000000009,0,constant,0,3,0,3,reused,2.1274714450033104e-11,1.1102230246251565e-16,1.021405182655144e-14,4.0389678347315804e-28,0.00087845799862407148,0.000646083994070068,1.1102230246251565e-16
2,8,0,10,2,0,0.40000000000000002,0.69999999999999996,0.20000000000000004,0.35000000000000009,0,constant,0,3,0,3,reused_centered,1.1828457793640397e-12,1.1102230246251565e-16,1.021405182655144e-14,4.0389678347315804e-28,0.00087845799862407148,0.000646083994070068,1.1102230246251565e-16
2,8,0,10,2,0,0.40000000000000002,0.69999999999999996,0.20000000000000004,0.35000000000000009,0,constant,4,0,0,4,recursive,-5.6825268207996782e-08,1.1102230246251565e-16,1.021405182655144e-14,4.0389678347315804e-28,0.00087845799862407148,0.000646083994070068,1.1102230246251565e-16
2,8,0,10,2,0,0.40000000000000002,0.69999999999999996,0.20000000000000004,0.35000000000000009,0,constant,4,0,0,4,direct,-8.8340439833700589e-09,1.1102230246251565e-16,1.021405182655144e-14,4.0389678347315804e-28,0.00087845799862407148,0.000646083994070068,1.1102230246251565e-16
2,8,0,10,2,0,0.40000000000000002,0.69999999999999996,0.20000000000000004,0.35000000000000009,0,constant,4,0,0,4,fe_geometry,-8.8340439833160804e-09,1.1102230246251565e-16,1.021405182655144e-14,4.0389678347315804e-28,0.00087845799862407148,0.000646083994070068,1.1102230246251565e-16
2,8,0,10,2,0,0.40000000000000002,0.69999999999999996,0.20000000000000004,0.35000000000000009,0,constant,4,0,0,4,reused,1.2871536496242591e-08,1.1102230246251565e-16,1.021405182655144e-14,4.0389678347315804e-28,0.00087845799862407148,0.000646083994070068,1.1102230246251565e-16
2,8,0,10,2,0,0.40000000000000002,0.69999999999999996,0.20000000000000004,0.35000000000000009,0,constant,4,0,0,4,reused_centered,7.0509453135948115e-09,1.1102230246251565e-16,1.021405182655144e-14,4.0389678347315804e-28,0.00087845799862407148,0.000646083994070068,1.1102230246251565e-16
2,8,0,10,2,0,0.40000000000000002,0.69999999999999996,0.20000000000000004,0.35000000000000009,0,constant,3,1,0,4,recursive,2.1344554731111373e-08,1.1102230246251565e-16,1.021405182655144e-14,4.0389678347315804e-28,0.00087845799862407148,0.000646083994070068,1.1102230246251565e-16
2,8,0,10,2,0,0.40000000000000002,0.69999999999999996,0.20000000000000004,0.35000000000000009,0,constant,3,1,0,4,direct,-7.6919874118175346e-08,1.1102230246251565e-16,1.021405182655144e-14,4.0389678347315804e-28,0.00087845799862407148,0.000646083994070068,1.1102230246251565e-16
2,8,0,10,2,0,0.40000000000000002,0.69999999999999996,0.20000000000000004,0.35000000000000009,0,constant,3,1,0,4,fe_geometry,-7.6919874118153363e-08,1.1102230246251565e-16,1.021405182655144e-14,4.0389678347315804e-28,0.00087845799862407148,0.000646083994070068,1.1102230246251565e-16
2,8,0,10,2,0,0.40000000000000002,0.69999999999999996,0.20000000000000004,0.35000000000000009,0,constant,3,1,0,4,reused,2.0983166754081686e-09,1.1102230246251565e-16,1.021405182655144e-14,4.0389678347315804e-28,0.00087845799862407148,0.000646083994070068,1.1102230246251565e-16
2,8,0,10,2,0,0.40000000000000002,0.69999999999999996,0.20000000000000004,0.35000000000000009,0,constant,3,1,0,4,reused_centered,-3.5477034072605351e-09,1.1102230246251565e-16,1.021405182655144e-14,4.0389678347315804e-28,0.00087845799862407148,0.000646083994070068,1.1102230246251565e-16
2,8,0,10,2,0,0.40000000000000002,0.69999999999999996,0.20000000000000004,0.35000000000000009,0,constant,2,2,0,4,recursive,-5.3049721214329911e-08,1.1102230246251565e-16,1.021405182655144e-14,4.0389678347315804e-28,0.00087845799862407148,0.000646083994070068,1.1102230246251565e-16
2,8,0,10,2,0,0.40000000000000002,0.69999999999999996,0.20000000000000004,0.35000000000000009,0,constant,2,2,0,4,direct,-3.1094532459974439e-09,1.1102230246251565e-16,1.021405182655144e-14,4.0389678347315804e-28,0.00087845799862407148,0.000646083994070068,1.1102230246251565e-16
2,8,0,10,2,0,0.40000000000000002,0.69999999999999996,0.20000000000000004,0.35000000000000009,0,constant,2,2,0,4,fe_geometry,-3.1094532460024897e-09,1.1102230246251565e-16,1.021405182655144e-14,4.0389678347315804e-28,0.00087845799862407148,0.000646083994070068,1.1102230246251565e-16
2,8,0,10,2,0,0.40000000000000002,0.69999999999999996,0.20000000000000004,0.35000000000000009,0,constant,2,2,0,4,reused,2.9165900139914513e-09,1.1102230246251565e-16,1.021405182655144e-14,4.0389678347315804e-28,0.00087845799862407148,0.000646083994070068,1.1102230246251565e-16
2,8,0,10,2,0,0.40000000000000002,0.69999999999999996,0.20000000000000004,0.35000000000000009,0,constant,2,2,0,4,reused_centered,-7.2604150499421074e-09,1.1102230246251565e-16,1.021405182655144e-14,4.0389678347315804e-28,0.00087845799862407148,0.000646083994070068,1.1102230246251565e-16
2,8,0,10,2,0,0.40000000000000002,0.69999999999999996,0.20000000000000004,0.35000000000000009,0,constant,1,3,0,4,recursive,1.6886817975812409e-09,1.1102230246251565e-16,1.021405182655144e-14,4.0389678347315804e-28,0.00087845799862407148,0.000646083994070068,1.1102230246251565e-16
2,8,0,10,2,0,0.40000000000000002,0.69999999999999996,0.20000000000000004,0.35000000000000009,0,constant,1,3,0,4,direct,3.7340396374929694e-08,1.1102230246251565e-16,1.021405182655144e-14,4.0389678347315804e-28,0.00087845799862407148,0.000646083994070068,1.1102230246251565e-16
2,8,0,10,2,0,0.40000000000000002,0.69999999999999996,0.20000000000000004,0.35000000000000009,0,constant,1,3,0,4,fe_geometry,3.7340396374927642e-08,1.1102230246251565e-16,1.021405182655144e-14,4.0389678347315804e-28,0.00087845799862407148,0.000646083994070068,1.1102230246251565e-16
2,8,0,10,2,0,0.40000000000000002,0.69999999999999996,0.20000000000000004,0.35000000000000009,0,constant,1,3,0,4,reused,7.0970746761818486e-11,1.1102230246251565e-16,1.021405182655144e-14,4.0389678347315804e-28,0.00087845799862407148,0.000646083994070068,1.1102230246251565e-16
2,8,0,10,2,0,0.40000000000000002,0.69999999999999996,0.20000000000000004,0.35000000000000009,0,constant,1,3,0,4,reused_centered,-1.9193169659280834e-10,1.1102230246251565e-16,1.021405182655144e-14,4.0389678347315804e-28,0.00087845799862407148,0.000646083994070068,1.1102230246251565e-16
2,8,0,10,2,0,0.40000000000000002,0.69999999999999996,0.20000000000000004,0.35000000000000009,0,constant,0,4,0,4,recursive,9.7840042924524003e-09,1.1102230246251565e-16,1.021405182655144e-14,4.0389678347315804e-28,0.00087845799862407148,0.000646083994070068,1.1102230246251565e-16
2,8,0,10,2,0,0.40000000000000002,0.69999999999999996,0.20000000000000004,0.35000000000000009,0,constant,0,4,0,4,direct,-2.2264430299401234e-09,1.1102230246251565e-16,1.021405182655144e-14,4.0389678347315804e-28,0.00087845799862407148,0.000646083994070068,1.1102230246251565e-16
2,8,0,10,2,0,0.40000000000000002,0.69999999999999996,0.20000000000000004,0.35000000000000009,0,constant,0,4,0,4,fe_geometry,-2.2264430299403492e-09,1.1102230246251565e-16,1.021405182655144e-14,4.0389678347315804e-28,0.00087845799862407148,0.000646083994070068,1.1102230246251565e-16
2,8,0,10,2,0,0.40000000000000002,0.69999999999999996,0.20000000000000004,0.35000000000000009,0,constant,0,4,0,4,reused,-7.5222514501247531e-10,1.1102230246251565e-16,1.021405182655144e-14,4.0389678347315804e-28,0.00087845799862407148,0.000646083994070068,1.1102230246251565e-16
2,8,0,10,2,0,0.40000000000000002,0.69999999999999996,0.20000000000000004,0.35000000000000009,0,constant,0,4,0,4,reused_centered,1.9277612028819195e-09,1.1102230246251565e-16,1.021405182655144e-14,4.0389678347315804e-28,0.00087845799862407148,0.000646083994070068,1.1102230246251565e-16
2,8,0,10,2,0,0.40000000000000002,0.69999999999999996,0.20000000000000004,0.35000000000000009,0,constant,5,0,0,5,recursive,1.8892981447966947e-06,1.1102230246251565e-16,1.021405182655144e-14,4.0389678347315804e-28,0.00087845799862407148,0.000646083994070068,1.1102230246251565e-16
2,8,0,10,2,0,0.40000000000000002,0.69999999999999996,0.20000000000000004,0.35000000000000009,0,constant,5,0,0,5,direct,1.6485806554555878e-07,1.1102230246251565e-16,1.021405182655144e-14,4.0389678347315804e-28,0.00087845799862407148,0.000646083994070068,1.1102230246251565e-16
2,8,0,10,2,0,0.40000000000000002,0.69999999999999996,0.20000000000000004,0.35000000000000009,0,constant,5,0,0,5,fe_geometry,1.64858065540018e-07,1.1102230246251565e-16,1.021405182655144e-14,4.0389678347315804e-28,0.00087845799862407148,0.000646083994070068,1.1102230246251565e-16
2,8,0,10,2,0,0.40000000000000002,0.69999999999999996,0.20000000000000004,0.35000000000000009,0,constant,5,0,0,5,reused,-4.5173038565322699e-07,1.1102230246251565e-16,1.021405182655144e-14,4.0389678347315804e-28,0.00087845799862407148,0.000646083994070068,1.1102230246251565e-16
2,8,0,10,2,0,0.40000000000000002,0.69999999999999996,0.20000000000000004,0.35000000000000009,0,constant,5,0,0,5,reused_centered,-9.7843922285766504e-08,1.1102230246251565e-16,1.021405182655144e-14,4.0389678347315804e-28,0.00087845799862407148,0.000646083994070068,1.1102230246251565e-16
2,8,0,10,2,0,0.40000000000000002,0.69999999999999996,0.20000000000000004,0.35000000000000009,0,constant,4,1,0,5,recursive,-7.1627096226712565e-07,1.1102230246251565e-16,1.021405182655144e-14,4.0389678347315804e-28,0.00087845799862407148,0.000646083994070068,1.1102230246251565e-16
2,8,0,10,2,0,0.40000000000000002,0.69999999999999996,0.20000000000000004,0.35000000000000009,0,constant,4,1,0,5,direct,2.4753464385867121e-06,1.1102230246251565e-16,1.021405182655144e-14,4.0389678347315804e-28,0.00087845799862407148,0.000646083994070068,1.1102230246251565e-16
2,8,0,10,2,0,0.40000000000000002,0.69999999999999996,0.20000000000000004,0.35000000000000009,0,constant,4,1,0,5,fe_geometry,2.4753464385846479e-06,1.1102230246251565e-16,1.021405182655144e-14,4.0389678347315804e-28,0.00087845799862407148,0.000646083994070068,1.1102230246251565e-16
2,8,0,10,2,0,0.40000000000000002,0.69999999999999996,0.20000000000000004,0.35000000000000009,0,constant,4,1,0,5,reused,-1.0979892024692974e-07,1.1102230246251565e-16,1.021405182655144e-14,4.0389678347315804e-28,0.00087845799862407148,0.000646083994070068,1.1102230246251565e-16
2,8,0,10,2,0,0.40000000000000002,0.69999999999999996,0.20000000000000004,0.35000000000000009,0,constant,4,1,0,5,reused_centered,1.0927356552844857e-07,1.1102230246251565e-16,1.021405182655144e-14,4.0389678347315804e-28,0.00087845799862407148,0.000646083994070068,1.1102230246251565e-16
2,8,0,10,2,0,0.40000000000000002,0.69999999999999996,0.20000000000000004,0.35000000000000009,0,constant,3,2,0,5,recursive,6.3194284604785409e-06,1.1102230246251565e-16,1.021405182655144e-14,4.0389678347315804e-28,0.00087845799862407148,0.000646083994070068,1.1102230246251565e-16
2,8,0,10,2,0,0.40000000000000002,0.69999999999999996,0.20000000000000004,0.35000000000000009,0,constant,3,2,0,5,direct,1.9686296582222048e-07,1.1102230246251565e-16,1.021405182655144e-14,4.0389678347315804e-28,0.00087845799862407148,0.000646083994070068,1.1102230246251565e-16
2,8,0,10,2,0,0.40000000000000002,0.69999999999999996,0.20000000000000004,0.35000000000000009,0,constant,3,2,0,5,fe_geometry,1.9686296582363304e-07,1.1102230246251565e-16,1.021405182655144e-14,4.0389678347315804e-28,0.00087845799862407148,0.000646083994070068,1.1102230246251565e-16
2,8,0,10,2,0,0.40000000000000002,0.69999999999999996,0.20000000000000004,0.35000000000000009,0,constant,3,2,0,5,reused,-2.3473028804449689e-07,1.1102230246251565e-16,1.021405182655144e-14,4.0389678347315804e-28,0.00087845799862407148,0.000646083994070068,1.1102230246251565e-16
2,8,0,10,2,0,0.40000000000000002,0.69999999999999996,0.20000000000000004,0.35000000000000009,0,constant,3,2,0,5,reused_centered,3.9686738062108289e-07,1.1102230246251565e-16,1.021405182655144e-14,4.0389678347315804e-28,0.00087845799862407148,0.000646083994070068,1.1102230246251565e-16
2,8,0,10,2,0,0.40000000000000002,0.69999999999999996,0.20000000000000004,0.35000000000000009,0,constant,2,3,0,5,recursive,3.2327765677431833e-06,1.1102230246251565e-16,1.021405182655144e-14,4.0389678347315804e-28,0.00087845799862407148,0.000646083994070068,1.1102230246251565e-16
2,8,0,10,2,0,0.40000000000000002,0.69999999999999996,0.20000000000000004,0.35000000000000009,0,constant,2,3,0,5,direct,-4.3770298361778253e-06,1.1102230246251565e-16,1.021405182655144e-14,4.0389678347315804e-28,0.00087845799862407148,0.000646083994070068,1.1102230246251565e-16
2,8,0,10,2,0,0.40000000000000002,0.69999999999999996,0.20000000000000004,0.35000000000000009,0,constant,2,3,0,5,fe_geometry,-4.3770298361771908e-06,1.1102230246251565e-16,1.021405182655144e-14,4.0389678347315804e-28,0.00087845799862407148,0.000646083994070068,1.1102230246251565e-16
2,8,0,10,2,0,0.40000000000000002,0.69999999999999996,0.20000000000000004,0.35000000000000009,0,constant,2,3,0,5,reused,-8.0029197558794135e-09,1.1102230246251565e-16,1.021405182655144e-14,4.0389678347315804e-28,0.00087845799862407148,0.000646083994070068,1.1102230246251565e-16
2,8,0,10,2,0,0.40000000000000002,0.69999999999999996,0.20000000000000004,0.35000000000000009,0,constant,2,3,0,5,reused_centered,1.9922072955183604e-08,1.1102230246251565e-16,1.021405182655144e-14,4.0389678347315804e-28,0.00087845799862407148,0.000646083994070068,1.1102230246251565e-16
2,8,0,10,2,0,0.40000000000000002,0.69999999999999996,0.20000000000000004,0.35000000000000009,0,constant,1,4,0,5,recursive,-7.689737009185713e-07,1.1102230246251565e-16,1.021405182655144e-14,4.0389678347315804e-28,0.00087845799862407148,0.000646083994070068,1.1102230246251565e-16
2,8,0,10,2,0,0.40000000000000002,0.69999999999999996,0.20000000000000004,0.35000000000000009,0,constant,1,4,0,5,direct,-9.4366259872913361e-07,1.1102230246251565e-16,1.021405182655144e-14,4.0389678347315804e-28,0.00087845799862407148,0.000646083994070068,1.1102230246251565e-16
2,8,0,10,2,0,0.40000000000000002,0.69999999999999996,0.20000000000000004,0.35000000000000009,0,constant,1,4,0,5,fe_geometry,-9.4366259872910121e-07,1.1102230246251565e-16,1.021405182655144e-14,4.0389678347315804e-28,0.00087845799862407148,0.000646083994070068,1.1102230246251565e-16
2,8,0,10,2,0,0.40000000000000002,0.69999999999999996,0.20000000000000004,0.35000000000000009,0,constant,1,4,0,5,reused,1.156656721729141e-07,1.1102230246251565e-16,1.021405182655144e-14,4.0389678347315804e-28,0.00087845799862407148,0.000646083994070068,1.1102230246251565e-16
2,8,0,10,2,0,0.40000000000000002,0.69999999999999996,0.20000000000000004,0.35000000000000009,0,constant,1,4,0,5,reused_centered,-3.1280365094920783e-07,1.1102230246251565e-16,1.021405182655144e-14,4.0389678347315804e-28,0.00087845799862407148,0.000646083994070068,1.1102230246251565e-16
2,8,0,10,2,0,0.40000000000000002,0.69999999999999996,0.20000000000000004,0.35000000000000009,0,constant,0,5,0,5,recursive,7.8009875361745862e-07,1.1102230246251565e-16,1.021405182655144e-14,4.0389678347315804e-28,0.00087845799862407148,0.000646083994070068,1.1102230246251565e-16
2,8,0,10,2,0,0.40000000000000002,0.69999999999999996,0.20000000000000004,0.35000000000000009,0,constant,0,5,0,5,direct,1.3969838619232178e-08,1.1102230246251565e-16,1.021405182655144e-14,4.0389678347315804e-28,0.00087845799862407148,0.000646083994070068,1.1102230246251565e-16
2,8,0,10,2,0,0.40000000000000002,0.69999999999999996,0.20000000000000004,0.35000000000000009,0,constant,0,5,0,5,fe_geometry,1.396983861926553e-08,1.1102230246251565e-16,1.021405182655144e-14,4.0389678347315804e-28,0.00087845799862407148,0.000646083994070068,1.1102230246251565e-16
2,8,0,10,2,0,0.40000000000000002,0.69999999999999996,0.20000000000000004,0.35000000000000009,0,constant,0,5,0,5,reused,-9.9392659154538027e-08,1.1102230246251565e-16,1.021405182655144e-14,4.0389678347315804e-28,0.00087845799862407148,0.000646083994070068,1.1102230246251565e-16
2,8,0,10,2,0,0.40000000000000002,0.69999999999999996,0.20000000000000004,0.35000000000000009,0,constant,0,5,0,5,reused_centered,-8.7374539562427066e-08,1.1102230246251565e-16,1.021405182655144e-14,4.0389678347315804e-28,0.00087845799862407148,0.000646083994070068,1.1102230246251565e-16
2,8,0,10,2,0,0.40000000000000002,0.69999999999999996,0.20000000000000004,0.35000000000000009,0,constant,6,0,0,6,recursive,-3.0114391297964103e-05,1.1102230246251565e-16,1.021405182655144e-14,4.0389678347315804e-28,0.00087845799862407148,0.000646083994070068,1.1102230246251565e-16
2,8,0,10,2,0,0.40000000000000002,0.69999999999999996,0.20000000000000004,0.35000000000000009,0,constant,6,0,0,6,direct,0,1.1102230246251565e-16,1.021405182655144e-14,4.0389678347315804e-28,0.00087845799862407148,0.000646083994070068,1.1102230246251565e-16
2,8,0,10,2,0,0.40000000000000002,0.69999999999999996,0.20000000000000004,0.35000000000000009,0,constant,6,0,0,6,fe_geometry,3.8753600601589602e-16,1.1102230246251565e-16,1.021405182655144e-14,4.0389678347315804e-28,0.00087845799862407148,0.000646083994070068,1.1102230246251565e-16
2,8,0,10,2,0,0.40000000000000002,0.69999999999999996,0.20000000000000004,0.35000000000000009,0,constant,6,0,0,6,reused,1.9956415650193302e-17,1.1102230246251565e-16,1.021405182655144e-14,4.0389678347315804e-28,0.00087845799862407148,0.000646083994070068,1.1102230246251565e-16
2,8,0,10,2,0,0.40000000000000002,0.69999999999999996,0.20000000000000004,0.35000000000000009,0,constant,6,0,0,6,reused_centered,3.4815434995283294e-19,1.1102230246251565e-16,1.021405182655144e-14,4.0389678347315804e-28,0.00087845799862407148,0.000646083994070068,1.1102230246251565e-16
2,8,0,10,2,0,0.40000000000000002,0.69999999999999996,0.20000000000000004,0.35000000000000009,0,constant,5,1,0,6,recursive,2.0731281515039946e-06,1.1102230246251565e-16,1.021405182655144e-14,4.0389678347315804e-28,0.00087845799862407148,0.000646083994070068,1.1102230246251565e-16
2,8,0,10,2,0,0.40000000000000002,0.69999999999999996,0.20000000000000004,0.35000000000000009,0,constant,5,1,0,6,direct,-3.9221942424774161e-05,1.1102230246251565e-16,1.021405182655144e-14,4.0389678347315804e-28,0.00087845799862407148,0.000646083994070068,1.1102230246251565e-16
2,8,0,10,2,0,0.40000000000000002,0.69999999999999996,0.20000000000000004,0.35000000000000009,0,constant,5,1,0,6,fe_geometry,-3.9221942424637667e-05,1.1102230246251565e-16,1.021405182655144e-14,4.0389678347315804e-28,0.00087845799862407148,0.000646083994070068,1.1102230246251565e-16
2,8,0,10,2,0,0.40000000000000002,0.69999999999999996,0.20000000000000004,0.35000000000000009,0,constant,5,1,0,6,reused,3.4979368531478087e-06,1.1102230246251565e-16,1.021405182655144e-14,4.0389678347315804e-28,0.00087845799862407148,0.000646083994070068,1.1102230246251565e-16
2,8,0,10,2,0,0.40000000000000002,0.69999999999999996,0.20000000000000004,0.35000000000000009,0,constant,5,1,0,6,reused_centered,-1.5163575631277954e-06,1.1102230246251565e-16,1.021405182655144e-14,4.0389678347315804e-28,0.00087845799862407148,0.000646083994070068,1.1102230246251565e-16
2,8,0,10,2,0,0.40000000000000002,0.69999999999999996,0.20000000000000004,0.35000000000000009,0,constant,4,2,0,6,recursive,-0.00040178177592421722,1.1102230246251565e-16,1.021405182655144e-14,4.0389678347315804e-28,0.00087845799862407148,0.000646083994070068,1.1102230246251565e-16
2,8,0,10,2,0,0.40000000000000002,0.69999999999999996,0.20000000000000004,0.35000000000000009,0,constant,4,2,0,6,direct,-3.5905838012695589e-06,1.1102230246251565e-16,1.021405182655144e-14,4.0389678347315804e-28,0.00087845799862407148,0.000646083994070068,1.1102230246251565e-16
2,8,0,10,2,0,0.40000000000000002,0.69999999999999996,0.20000000000000004,0.35000000000000009,0,constant,4,2,0,6,fe_geometry,-3.5905838014780069e-06,1.1102230246251565e-16,1.021405182655144e-14,4.0389678347315804e-28,0.00087845799862407148,0.000646083994070068,1.1102230246251565e-16
2,8,0,10,2,0,0.40000000000000002,0.69999999999999996,0.20000000000000004,0.35000000000000009,0,constant,4,2,0,6,reused,1.2282765741980932e-05,1.1102230246251565e-16,1.021405182655144e-14,4.0389678347315804e-28,0.00087845799862407148,0.000646083994070068,1.1102230246251565e-16
2,8,0,10,2,0,0.40000000000000002,0.69999999999999996,0.20000000000000004,0.35000000000000009,0,constant,4,2,0,6,reused_centered,-1.2223996412339282e-05,1.1102230246251565e-16,1.021405182655144e-14,4.0389678347315804e-28,0.00087845799862407148,0.000646083994070068,1.1102230246251565e-16
2,8,0,10,2,0,0.40000000000000002,0.69999999999999996,0.20000000000000004,0.35000000000000009,0,constant,3,3,0,6,recursive,-0.00037331440038770517,1.1102230246251565e-16,1.021405182655144e-14,4.0389678347315804e-28,0.00087845799862407148,0.000646083994070068,1.1102230246251565e-16
2,8,0,10,2,0,0.40000000000000002,0.69999999999999996,0.20000000000000004,0.35000000000000009,0,constant,3,3,0,6,direct,0.00023881047964096071,1.1102230246251565e-16,1.021405182655144e-14,4.0389678347315804e-28,0.00087845799862407148,0.000646083994070068,1.1102230246251565e-16
2,8,0,10,2,0,0.40000000000000002,0.69999999999999996,0.20000000000000004,0.35000000000000009,0,constant,3,3,0,6,fe_geometry,0.00023881047964087007,1.1102230246251565e-16,1.021405182655144e-14,4.0389678347315804e-28,0.00087845799862407148,0.000646083994070068,1.1102230246251565e-16
2,8,0,10,2,0,0.40000000000000002,0.69999999999999996,0.20000000000000004,0.35000000000000009,0,constant,3,3,0,6,reused,6.4408355321823492e-07,1.1102230246251565e-16,1.021405182655144e-14,4.0389678347315804e-28,0.00087845799862407148,0.000646083994070068,1.1102230246251565e-16
2,8,0,10,2,0,0.40000000000000002,0.69999999999999996,0.20000000000000004,0.35000000000000009,0,constant,3,3,0,6,reused_centered,-1.088976436729056e-06,1.1102230246251565e-16,1.021405182655144e-14,4.0389678347315804e-28,0.00087845799862407148,0.000646083994070068,1.1102230246251565e-16
2,8,0,10,2,0,0.40000000000000002,0.69999999999999996,0.20000000000000004,0.35000000000000009,0,constant,2,4,0,6,recursive,0.00030972750952364743,1.1102230246251565e-16,1.021405182655144e-14,4.0389678347315804e-28,0.00087845799862407148,0.000646083994070068,1.1102230246251565e-16
2,8,0,10,2,0,0.40000000000000002,0.69999999999999996,0.20000000000000004,0.35000000000000009,0,constant,2,4,0,6,direct,5.5789947509765645e-05,1.1102230246251565e-16,1.021405182655144e-14,4.0389678347315804e-28,0.00087845799862407148,0.000646083994070068,1.1102230246251565e-16
2,8,0,10,2,0,0.40000000000000002,0.69999999999999996,0.20000000000000004,0.35000000000000009,0,constant,2,4,0,6,fe_geometry,5.578994750979252e-05,1.1102230246251565e-16,1.021405182655144e-14,4.0389678347315804e-28,0.00087845799862407148,0.000646083994070068,1.1102230246251565e-16
2,8,0,10,2,0,0.40000000000000002,0.69999999999999996,0.20000000000000004,0.35000000000000009,0,constant,2,4,0,6,reused,-1.3042882245788715e-05,1.1102230246251565e-16,1.021405182655144e-14,4.0389678347315804e-28,0.00087845799862407148,0.000646083994070068,1.1102230246251565e-16
2,8,0,10,2,0,0.40000000000000002,0.69999999999999996,0.20000000000000004,0.35000000000000009,0,constant,2,4,0,6,reused_centered,3.2468306514685291e-05,1.1102230246251565e-16,1.021405182655144e-14,4.0389678347315804e-28,0.00087845799862407148,0.000646083994070068,1.1102230246251565e-16
2,8,0,10,2,0,0.40000000000000002,0.69999999999999996,0.20000000000000004,0.35000000000000009,0,constant,1,5,0,6,recursive,2.6820854801103355e-05,1.1102230246251565e-16,1.021405182655144e-14,4.0389678347315804e-28,0.00087845799862407148,0.000646083994070068,1.1102230246251565e-16
2,8,0,10,2,0,0.40000000000000002,0.69999999999999996,0.20000000000000004,0.35000000000000009,0,constant,1,5,0,6,direct,-2.514570951461792e-07,1.1102230246251565e-16,1.021405182655144e-14,4.0389678347315804e-28,0.00087845799862407148,0.000646083994070068,1.1102230246251565e-16
2,8,0,10,2,0,0.40000000000000002,0.69999999999999996,0.20000000000000004,0.35000000000000009,0,constant,1,5,0,6,fe_geometry,-2.5145709514485783e-07,1.1102230246251565e-16,1.021405182655144e-14,4.0389678347315804e-28,0.00087845799862407148,0.000646083994070068,1.1102230246251565e-16
2,8,0,10,2,0,0.40000000000000002,0.69999999999999996,0.20000000000000004,0.35000000000000009,0,constant,1,5,0,6,reused,-5.2424723737453295e-06,1.1102230246251565e-16,1.021405182655144e-14,4.0389678347315804e-28,0.00087845799862407148,0.000646083994070068,1.1102230246251565e-16
2,8,0,10,2,0,0.40000000000000002,0.69999999999999996,0.20000000000000004,0.35000000000000009,0,constant,1,5,0,6,reused_centered,1.4177624767151803e-05,1.1102230246251565e-16,1.021405182655144e-14,4.0389678347315804e-28,0.00087845799862407148,0.000646083994070068,1.1102230246251565e-16
2,8,0,10,2,0,0.40000000000000002,0.69999999999999996,0.20000000000000004,0.35000000000000009,0,constant,0,6,0,6,recursive,-5.2342244263102761e-05,1.1102230246251565e-16,1.021405182655144e-14,4.0389678347315804e-28,0.00087845799862407148,0.000646083994070068,1.1102230246251565e-16
2,8,0,10,2,0,0.40000000000000002,0.69999999999999996,0.20000000000000004,0.35000000000000009,0,constant,0,6,0,6,direct,0,1.1102230246251565e-16,1.021405182655144e-14,4.0389678347315804e-28,0.00087845799862407148,0.000646083994070068,1.1102230246251565e-16
2,8,0,10,2,0,0.40000000000000002,0.69999999999999996,0.20000000000000004,0.35000000000000009,0,constant,0,6,0,6,fe_geometry,-6.4197880159710267e-18,1.1102230246251565e-16,1.021405182655144e-14,4.0389678347315804e-28,0.00087845799862407148,0.000646083994070068,1.1102230246251565e-16
2,8,0,10,2,0,0.40000000000000002,0.69999999999999996,0.20000000000000004,0.35000000000000009,0,constant,0,6,0,6,reused,-2.8650615284493526e-19,1.1102230246251565e-16,1.021405182655144e-14,4.0389678347315804e-28,0.00087845799862407148,0.000646083994070068,1.1102230246251565e-16
2,8,0,10,2,0,0.40000000000000002,0.69999999999999996,0.20000000000000004,0.35000000000000009,0,constant,0,6,0,6,reused_centered,-3.9025694832302981e-19,1.1102230246251565e-16,1.021405182655144e-14,4.0389678347315804e-28,0.00087845799862407148,0.000646083994070068,1.1102230246251565e-16
2,8,0,10,2,0,0.40000000000000002,0.69999999999999996,0.20000000000000004,0.35000000000000009,0,constant,7,0,0,7,recursive,-3.0082995487284051e-16,1.1102230246251565e-16,1.021405182655144e-14,4.0389678347315804e-28,0.00087845799862407148,0.000646083994070068,1.1102230246251565e-16
2,8,0,10,2,0,0.40000000000000002,0.69999999999999996,0.20000000000000004,0.35000000000000009,0,constant,7,0,0,7,direct,0,1.1102230246251565e-16,1.021405182655144e-14,4.0389678347315804e-28,0.00087845799862407148,0.000646083994070068,1.1102230246251565e-16
2,8,0,10,2,0,0.40000000000000002,0.69999999999999996,0.20000000000000004,0.35000000000000009,0,constant,7,0,0,7,fe_geometry,-1.8531576974678898e-14,1.1102230246251565e-16,1.021405182655144e-14,4.0389678347315804e-28,0.00087845799862407148,0.000646083994070068,1.1102230246251565e-16
2,8,0,10,2,0,0.40000000000000002,0.69999999999999996,0.20000000000000004,0.35000000000000009,0,constant,7,0,0,7,reused,-1.1923703326008164e-15,1.1102230246251565e-16,1.021405182655144e-14,4.0389678347315804e-28,0.00087845799862407148,0.000646083994070068,1.1102230246251565e-16
2,8,0,10,2,0,0.40000000000000002,0.69999999999999996,0.20000000000000004,0.35000000000000009,0,constant,7,0,0,7,reused_centered,4.7264796705928479e-17,1.1102230246251565e-16,1.021405182655144e-14,4.0389678347315804e-28,0.00087845799862407148,0.000646083994070068,1.1102230246251565e-16
2,8,0,10,2,0,0.40000000000000002,0.69999999999999996,0.20000000000000004,0.35000000000000009,0,constant,6,1,0,7,recursive,0.00031399860019197984,1.1102230246251565e-16,1.021405182655144e-14,4.0389678347315804e-28,0.00087845799862407148,0.000646083994070068,1.1102230246251565e-16
2,8,0,10,2,0,0.40000000000000002,0.69999999999999996,0.20000000000000004,0.35000000000000009,0,constant,6,1,0,7,direct,0,1.1102230246251565e-16,1.021405182655144e-14,4.0389678347315804e-28,0.00087845799862407148,0.000646083994070068,1.1102230246251565e-16
2,8,0,10,2,0,0.40000000000000002,0.69999999999999996,0.20000000000000004,0.35000000000000009,0,constant,6,1,0,7,fe_geometry,-5.9741069609920795e-15,1.1102230246251565e-16,1.021405182655144e-14,4.0389678347315804e-28,0.00087845799862407148,0.000646083994070068,1.1102230246251565e-16
2,8,0,10,2,0,0.40000000000000002,0.69999999999999996,0.20000000000000004,0.35000000000000009,0,constant,6,1,0,7,reused,-5.8860151948518598e-16,1.1102230246251565e-16,1.021405182655144e-14,4.0389678347315804e-28,0.00087845799862407148,0.000646083994070068,1.1102230246251565e-16
2,8,0,10,2,0,0.40000000000000002,0.69999999999999996,0.20000000000000004,0.35000000000000009,0,constant,6,1,0,7,reused_centered,2.1830408670190008e-16,1.1102230246251565e-16,1.021405182655144e-14,4.0389678347315804e-28,0.00087845799862407148,0.000646083994070068,1.1102230246251565e-16
2,8,0,10,2,0,0.40000000000000002,0.69999999999999996,0.20000000000000004,0.35000000000000009,0,constant,5,2,0,7,recursive,0.014150811811909636,1.1102230246251565e-16,1.021405182655144e-14,4.0389678347315804e-28,0.00087845799862407148,0.000646083994070068,1.1102230246251565e-16
2,8,0,10,2,0,0.40000000000000002,0.69999999999999996,0.20000000000000004,0.35000000000000009,0,constant,5,2,0,7,direct,-4.9209594726562135e-05,1.1102230246251565e-16,1.021405182655144e-14,4.0389678347315804e-28,0.00087845799862407148,0.000646083994070068,1.1102230246251565e-16
2,8,0,10,2,0,0.40000000000000002,0.69999999999999996,0.20000000000000004,0.35000000000000009,0,constant,5,2,0,7,fe_geometry,-4.9209594705990897e-05,1.1102230246251565e-16,1.021405182655144e-14,4.0389678347315804e-28,0.00087845799862407148,0.000646083994070068,1.1102230246251565e-16
2,8,0,10,2,0,0.40000000000000002,0.69999999999999996,0.20000000000000004,0.35000000000000009,0,constant,5,2,0,7,reused,-0.00039130019540073707,1.1102230246251565e-16,1.021405182655144e-14,4.0389678347315804e-28,0.00087845799862407148,0.000646083994070068,1.1102230246251565e-16
2,8,0,10,2,0,0.40000000000000002,0.69999999999999996,0.20000000000000004,0.35000000000000009,0,constant,5,2,0,7,reused_centered,0.00016962885142289745,1.1102230246251565e-16,1.021405182655144e-14,4.0389678347315804e-28,0.00087845799862407148,0.000646083994070068,1.1102230246251565e-16
2,8,0,10,2,0,0.40000000000000002,0.69999999999999996,0.20000000000000004,0.35000000000000009,0,constant,4,3,0,7,recursive,0.021621682215927196,1.1102230246251565e-16,1.021405182655144e-14,4.0389678347315804e-28,0.00087845799862407148,0.000646083994070068,1.1102230246251565e-16
2,8,0,10,2,0,0.40000000000000002,0.69999999999999996,0.20000000000000004,0.35000000000000009,0,constant,4,3,0,7,direct,-0.0077041625976562505,1.1102230246251565e-16,1.021405182655144e-14,4.0389678347315804e-28,0.00087845799862407148,0.000646083994070068,1.1102230246251565e-16
2,8,0,10,2,0,0.40000000000000002,0.69999999999999996,0.20000000000000004,0.35000000000000009,0,constant,4,3,0,7,fe_geometry,-0.0077041625976477842,1.1102230246251565e-16,1.021405182655144e-14,4.0389678347315804e-28,0.00087845799862407148,0.000646083994070068,1.1102230246251565e-16
2,8,0,10,2,0,0.40000000000000002,0.69999999999999996,0.20000000000000004,0.35000000000000009,0,constant,4,3,0,7,reused,-3.3703053271553102e-05,1.1102230246251565e-16,1.021405182655144e-14,4.0389678347315804e-28,0.00087845799862407148,0.000646083994070068,1.1102230246251565e-16
2,8,0,10,2,0,0.40000000000000002,0.69999999999999996,0.20000000000000004,0.35000000000000009,0,constant,4,3,0,7,reused_centered,3.3541794326377131e-05,1.1102230246251565e-16,1.021405182655144e-14,4.0389678347315804e-28,0.00087845799862407148,0.000646083994070068,1.1102230246251565e-16
2,8,0,10,2,0,0.40000000000000002,0.69999999999999996,0.20000000000000004,0.35000000000000009,0,constant,3,4,0,7,recursive,-0.03602395978443676,1.1102230246251565e-16,1.021405182655144e-14,4.0389678347315804e-28,0.00087845799862407148,0.000646083994070068,1.1102230246251565e-16
2,8,0,10,2,0,0.40000000000000002,0.69999999999999996,0.20000000000000004,0.35000000000000009,0,constant,3,4,0,7,direct,-0.0026865005493164071,1.1102230246251565e-16,1.021405182655144e-14,4.0389678347315804e-28,0.00087845799862407148,0.000646083994070068,1.1102230246251565e-16
2,8,0,10,2,0,0.40000000000000002,0.69999999999999996,0.20000000000000004,0.35000000000000009,0,constant,3,4,0,7,fe_geometry,-0.0026865005493232281,1.1102230246251565e-16,1.021405182655144e-14,4.0389678347315804e-28,0.00087845799862407148,0.000646083994070068,1.1102230246251565e-16
2,8,0,10,2,0,0.40000000000000002,0.69999999999999996,0.20000000000000004,0.35000000000000009,0,constant,3,4,0,7,reused,0.0010497051322941101,1.1102230246251565e-16,1.021405182655144e-14,4.0389678347315804e-28,0.00087845799862407148,0.000646083994070068,1.1102230246251565e-16
2,8,0,10,2,0,0.40000000000000002,0.69999999999999996,0.20000000000000004,0.35000000000000009,0,constant,3,4,0,7,reused_centered,-0.0017747761899353928,1.1102230246251565e-16,1.021405182655144e-14,4.0389678347315804e-28,0.00087845799862407148,0.000646083994070068,1.1102230246251565e-16
2,8,0,10,2,0,0.40000000000000002,0.69999999999999996,0.20000000000000004,0.35000000000000009,0,constant,2,5,0,7,recursive,-0.023074692116802957,1.1102230246251565e-16,1.021405182655144e-14,4.0389678347315804e-28,0.00087845799862407148,0.000646083994070068,1.1102230246251565e-16
2,8,0,10,2,0,0.40000000000000002,0.69999999999999996,0.20000000000000004,0.35000000000000009,0,constant,2,5,0,7,direct,0.0046491622924804688,1.1102230246251565e-16,1.021405182655144e-14,4.0389678347315804e-28,0.00087845799862407148,0.000646083994070068,1.1102230246251565e-16
2,8,0,10,2,0,0.40000000000000002,0.69999999999999996,0.20000000000000004,0.35000000000000009,0,constant,2,5,0,7,fe_geometry,0.0046491622924782604,1.1102230246251565e-16,1.021405182655144e-14,4.0389678347315804e-28,0.00087845799862407148,0.000646083994070068,1.1102230246251565e-16
2,8,0,10,2,0,0.40000000000000002,0.69999999999999996,0.20000000000000004,0.35000000000000009,0,constant,2,5,0,7,reused,0.00059116026875577672,1.1102230246251565e-16,1.021405182655144e-14,4.0389678347315804e-28,0.00087845799862407148,0.000646083994070068,1.1102230246251565e-16
2,8,0,10,2,0,0.40000000000000002,0.69999999999999996,0.20000000000000004,0.35000000000000009,0,constant,2,5,0,7,reused_centered,-0.0014716051593170667,1.1102230246251565e-16,1.021405182655144e-14,4.0389678347315804e-28,0.00087845799862407148,0.000646083994070068,1.1102230246251565e-16
2,8,0,10,2,0,0.40000000000000002,0.69999999999999996,0.20000000000000004,0.35000000000000009,0,constant,1,6,0,7,recursive,3.5507119099426336e-17,1.1102230246251565e-16,1.021405182655144e-14,4.0389678347315804e-28,0.00087845799862407148,0.000646083994070068,1.1102230246251565e-16
2,8,0,10,2,0,0.40000000000000002,0.69999999999999996,0.20000000000000004,0.35000000000000009,0,constant,1,6,0,7,direct,0,1.1102230246251565e-16,1.021405182655144e-14,4.0389678347315804e-28,0.00087845799862407148,0.000646083994070068,1.1102230246251565e-16
2,8,0,10,2,0,0.40000000000000002,0.69999999999999996,0.20000000000000004,0.35000000000000009,0,constant,1,6,0,7,fe_geometry,1.4685636815611083e-15,1.1102230246251565e-16,1.021405182655144e-14,4.0389678347315804e-28,0.00087845799862407148,0.000646083994070068,1.1102230246251565e-16
2,8,0,10,2,0,0.40000000000000002,0.69999999999999996,0.20000000000000004,0.35000000000000009,0,constant,1,6,0,7,reused,-3.0891153892014472e-17,1.1102230246251565e-16,1.021405182655144e-14,4.0389678347315804e-28,0.00087845799862407148,0.000646083994070068,1.1102230246251565e-16
2,8,0,10,2,0,0.40000000000000002,0.69999999999999996,0.20000000000000004,0.35000000000000009,0,constant,1,6,0,7,reused_centered,5.686309907949163e-17,1.1102230246251565e-16,1.021405182655144e-14,4.0389678347315804e-28,0.00087845799862407148,0.000646083994070068,1.1102230246251565e-16
2,8,0,10,2,0,0.40000000000000002,0.69999999999999996,0.20000000000000004,0.35000000000000009,0,constant,0,7,0,7,recursive,1.2290500054643761e-16,1.1102230246251565e-16,1.021405182655144e-14,4.0389678347315804e-28,0.00087845799862407148,0.000646083994070068,1.1102230246251565e-16
2,8,0,10,2,0,0.40000000000000002,0.69999999999999996,0.20000000000000004,0.35000000000000009,0,constant,0,7,0,7,direct,0,1.1102230246251565e-16,1.021405182655144e-14,4.0389678347315804e-28,0.00087845799862407148,0.000646083994070068,1.1102230246251565e-16
2,8,0,10,2,0,0.40000000000000002,0.69999999999999996,0.20000000000000004,0.35000000000000009,0,constant,0,7,0,7,fe_geometry,6.0524434455090835e-16,1.1102230246251565e-16,1.021405182655144e-14,4.0389678347315804e-28,0.00087845799862407148,0.000646083994070068,1.1102230246251565e-16
2,8,0,10,2,0,0.40000000000000002,0.69999999999999996,0.20000000000000004,0.35000000000000009,0,constant,0,7,0,7,reused,4.9767076038066133e-18,1.1102230246251565e-16,1.021405182655144e-14,4.0389678347315804e-28,0.00087845799862407148,0.000646083994070068,1.1102230246251565e-16
2,8,0,10,2,0,0.40000000000000002,0.69999999999999996,0.20000000000000004,0.35000000000000009,0,constant,0,7,0,7,reused_centered,-1.0103299188612934e-17,1.1102230246251565e-16,1.021405182655144e-14,4.0389678347315804e-28,0.00087845799862407148,0.000646083994070068,1.1102230246251565e-16
2,8,0,10,2,0,0.40000000000000002,0.69999999999999996,0.20000000000000004,0.35000000000000009,0,constant,8,0,0,8,recursive,1.96234233077946e-14,1.1102230246251565e-16,1.021405182655144e-14,4.0389678347315804e-28,0.00087845799862407148,0.000646083994070068,1.1102230246251565e-16
2,8,0,10,2,0,0.40000000000000002,0.69999999999999996,0.20000000000000004,0.35000000000000009,0,constant,8,0,0,8,direct,0,1.1102230246251565e-16,1.021405182655144e-14,4.0389678347315804e-28,0.00087845799862407148,0.000646083994070068,1.1102230246251565e-16
2,8,0,10,2,0,0.40000000000000002,0.69999999999999996,0.20000000000000004,0.35000000000000009,0,constant,8,0,0,8,fe_geometry,5.5658060065206882e-13,1.1102230246251565e-16,1.021405182655144e-14,4.0389678347315804e-28,0.00087845799862407148,0.000646083994070068,1.1102230246251565e-16
2,8,0,10,2,0,0.40000000000000002,0.69999999999999996,0.20000000000000004,0.35000000000000009,0,constant,8,0,0,8,reused,3.9690841252724578e-14,1.1102230246251565e-16,1.021405182655144e-14,4.0389678347315804e-28,0.00087845799862407148,0.000646083994070068,1.1102230246251565e-16
2,8,0,10,2,0,0.40000000000000002,0.69999999999999996,0.20000000000000004,0.35000000000000009,0,constant,8,0,0,8,reused_centered,-2.8879828884799245e-15,1.1102230246251565e-16,1.021405182655144e-14,4.0389678347315804e-28,0.00087845799862407148,0.000646083994070068,1.1102230246251565e-16
2,8,0,10,2,0,0.40000000000000002,0.69999999999999996,0.20000000000000004,0.35000000000000009,0,constant,7,1,0,8,recursive,-1.7463679831927287e-15,1.1102230246251565e-16,1.021405182655144e-14,4.0389678347315804e-28,0.00087845799862407148,0.000646083994070068,1.1102230246251565e-16
2,8,0,10,2,0,0.40000000000000002,0.69999999999999996,0.20000000000000004,0.35000000000000009,0,constant,7,1,0,8,direct,0,1.1102230246251565e-16,1.021405182655144e-14,4.0389678347315804e-28,0.00087845799862407148,0.000646083994070068,1.1102230246251565e-16
2,8,0,10,2,0,0.40000000000000002,0.69999999999999996,0.20000000000000004,0.35000000000000009,0,constant,7,1,0,8,fe_geometry,1.3551123306381925e-13,1.1102230246251565e-16,1.021405182655144e-14,4.0389678347315804e-28,0.00087845799862407148,0.000646083994070068,1.1102230246251565e-16
2,8,0,10,2,0,0.40000000000000002,0.69999999999999996,0.20000000000000004,0.35000000000000009,0,constant,7,1,0,8,reused,4.1491707313005691e-14,1.1102230246251565e-16,1.021405182655144e-14,4.0389678347315804e-28,0.00087845799862407148,0.000646083994070068,1.1102230246251565e-16
2,8,0,10,2,0,0.40000000000000002,0.69999999999999996,0.20000000000000004,0.35000000000000009,0,constant,7,1,0,8,reused_centered,-1.1110701362683095e-14,1.1102230246251565e-16,1.021405182655144e-14,4.0389678347315804e-28,0.00087845799862407148,0.000646083994070068,1.1102230246251565e-16
2,8,0,10,2,0,0.40000000000000002,0.69999999999999996,0.20000000000000004,0.35000000000000009,0,constant,6,2,0,8,recursive,-0.22089475594811242,1.1102230246251565e-16,1.021405182655144e-14,4.0389678347315804e-28,0.00087845799862407148,0.000646083994070068,1.1102230246251565e-16
2,8,0,10,2,0,0.40000000000000002,0.69999999999999996,0.20000000000000004,0.35000000000000009,0,constant,6,2,0,8,direct,0,1.1102230246251565e-16,1.021405182655144e-14,4.0389678347315804e-28,0.00087845799862407148,0.000646083994070068,1.1102230246251565e-16
2,8,0,10,2,0,0.40000000000000002,0.69999999999999996,0.20000000000000004,0.35000000000000009,0,constant,6,2,0,8,fe_geometry,-1.427163158136292e-12,1.1102230246251565e-16,1.021405182655144e-14,4.0389678347315804e-28,0.00087845799862407148,0.000646083994070068,1.1102230246251565e-16
2,8,0,10,2,0,0.40000000000000002,0.69999999999999996,0.20000000000000004,0.35000000000000009,0,constant,6,2,0,8,reused,1.4788892653449583e-14,1.1102230246251565e-16,1.021405182655144e-14,4.0389678347315804e-28,0.00087845799862407148,0.000646083994070068,1.1102230246251565e-16
2,8,0,10,2,0,0.40000000000000002,0.69999999999999996,0.20000000000000004,0.35000000000000009,0,constant,6,2,0,8,reused_centered,-3.7604143207352238e-15,1.1102230246251565e-16,1.021405182655144e-14,4.0389678347315804e-28,0.00087845799862407148,0.000646083994070068,1.1102230246251565e-16
2,8,0,10,2,0,0.40000000000000002,0.69999999999999996,0.20000000000000004,0.35000000000000009,0,constant,5,3,0,8,recursive,-0.68903625397629886,1.1102230246251565e-16,1.021405182655144e-14,4.0389678347315804e-28,0.00087845799862407148,0.000646083994070068,1.1102230246251565e-16
2,8,0,10,2,0,0.40000000000000002,0.69999999999999996,0.20000000000000004,0.35000000000000009,0,constant,5,3,0,8,direct,0.12002563476562499,1.1102230246251565e-16,1.021405182655144e-14,4.0389678347315804e-28,0.00087845799862407148,0.000646083994070068,1.1102230246251565e-16
2,8,0,10,2,0,0.40000000000000002,0.69999999999999996,0.20000000000000004,0.35000000000000009,0,constant,5,3,0,8,fe_geometry,0.12002563476508464,1.1102230246251565e-16,1.021405182655144e-14,4.0389678347315804e-28,0.00087845799862407148,0.000646083994070068,1.1102230246251565e-16
2,8,0,10,2,0,0.40000000000000002,0.69999999999999996,0.20000000000000004,0.35000000000000009,0,constant,5,3,0,8,reused,0.0010737004684088958,1.1102230246251565e-16,1.021405182655144e-14,4.0389678347315804e-28,0.00087845799862407148,0.000646083994070068,1.1102230246251565e-16
2,8,0,10,2,0,0.40000000000000002,0.69999999999999996,0.20000000000000004,0.35000000000000009,0,constant,5,3,0,8,reused_centered,-0.00046544974770117284,1.1102230246251565e-16,1.021405182655144e-14,4.0389678347315804e-28,0.00087845799862407148,0.000646083994070068,1.1102230246251565e-16
2,8,0,10,2,0,0.40000000000000002,0.69999999999999996,0.20000000000000004,0.35000000000000009,0,constant,4,4,0,8,recursive,2.2683919861370452,1.1102230246251565e-16,1.021405182655144e-14,4.0389678347315804e-28,0.00087845799862407148,0.000646083994070068,1.1102230246251565e-16
2,8,0,10,2,0,0.40000000000000002,0.69999999999999996,0.20000000000000004,0.35000000000000009,0,constant,4,4,0,8,direct,0.076354980468750028,1.1102230246251565e-16,1.021405182655144e-14,4.0389678347315804e-28,0.00087845799862407148,0.000646083994070068,1.1102230246251565e-16
2,8,0,10,2,0,0.40000000000000002,0.69999999999999996,0.20000000000000004,0.35000000000000009,0,constant,4,4,0,8,fe_geometry,0.076354980469728773,1.1102230246251565e-16,1.021405182655144e-14,4.0389678347315804e-28,0.00087845799862407148,0.000646083994070068,1.1102230246251565e-16
2,8,0,10,2,0,0.40000000000000002,0.69999999999999996,0.20000000000000004,0.35000000000000009,0,constant,4,4,0,8,reused,-0.054928072323080272,1.1102230246251565e-16,1.021405182655144e-14,4.0389678347315804e-28,0.00087845799862407148,0.000646083994070068,1.1102230246251565e-16
2,8,0,10,2,0,0.40000000000000002,0.69999999999999996,0.20000000000000004,0.35000000000000009,0,constant,4,4,0,8,reused_centered,0.054665258063099097,1.1102230246251565e-16,1.021405182655144e-14,4.0389678347315804e-28,0.00087845799862407148,0.000646083994070068,1.1102230246251565e-16
2,8,0,10,2,0,0.40000000000000002,0.69999999999999996,0.20000000000000004,0.35000000000000009,0,constant,3,5,0,8,recursive,2.7028738665203265,1.1102230246251565e-16,1.021405182655144e-14,4.0389678347315804e-28,0.00087845799862407148,0.000646083994070068,1.1102230246251565e-16
2,8,0,10,2,0,0.40000000000000002,0.69999999999999996,0.20000000000000004,0.35000000000000009,0,constant,3,5,0,8,direct,-0.3240966796875,1.1102230246251565e-16,1.021405182655144e-14,4.0389678347315804e-28,0.00087845799862407148,0.000646083994070068,1.1102230246251565e-16
2,8,0,10,2,0,0.40000000000000002,0.69999999999999996,0.20000000000000004,0.35000000000000009,0,constant,3,5,0,8,fe_geometry,-0.32409667968716027,1.1102230246251565e-16,1.021405182655144e-14,4.0389678347315804e-28,0.00087845799862407148,0.000646083994070068,1.1102230246251565e-16
2,8,0,10,2,0,0.40000000000000002,0.69999999999999996,0.20000000000000004,0.35000000000000009,0,constant,3,5,0,8,reused,-0.0475772115723571,1.1102230246251565e-16,1.021405182655144e-14,4.0389678347315804e-28,0.00087845799862407148,0.000646083994070068,1.1102230246251565e-16
2,8,0,10,2,0,0.40000000000000002,0.69999999999999996,0.20000000000000004,0.35000000000000009,0,constant,3,5,0,8,reused_centered,0.080440592014259335,1.1102230246251565e-16,1.021405182655144e-14,4.0389678347315804e-28,0.00087845799862407148,0.000646083994070068,1.1102230246251565e-16
2,8,0,10,2,0,0.40000000000000002,0.69999999999999996,0.20000000000000004,0.35000000000000009,0,constant,2,6,0,8,recursive,-2.4503942296288832e-14,1.1102230246251565e-16,1.021405182655144e-14,4.0389678347315804e-28,0.00087845799862407148,0.000646083994070068,1.1102230246251565e-16
2,8,0,10,2,0,0.40000000000000002,0.69999999999999996,0.20000000000000004,0.35000000000000009,0,constant,2,6,0,8,direct,0,1.1102230246251565e-16,1.021405182655144e-14,4.0389678347315804e-28,0.00087845799862407148,0.000646083994070068,1.1102230246251565e-16
2,8,0,10,2,0,0.40000000000000002,0.69999999999999996,0.20000000000000004,0.35000000000000009,0,constant,2,6,0,8,fe_geometry,-3.3928311931148123e-13,1.1102230246251565e-16,1.021405182655144e-14,4.0389678347315804e-28,0.00087845799862407148,0.000646083994070068,1.1102230246251565e-16
2,8,0,10,2,0,0.40000000000000002,0.69999999999999996,0.20000000000000004,0.35000000000000009,0,constant,2,6,0,8,reused,6.4546850058327382e-15,1.1102230246251565e-16,1.021405182655144e-14,4.0389678347315804e-28,0.00087845799862407148,0.000646083994070068,1.1102230246251565e-16
2,8,0,10,2,0,0.40000000000000002,0.69999999999999996,0.20000000000000004,0.35000000000000009,0,constant,2,6,0,8,reused_centered,-7.5636602804567902e-15,1.1102230246251565e-16,1.021405182655144e-14,4.0389678347315804e-28,0.00087845799862407148,0.000646083994070068,1.1102230246251565e-16
2,8,0,10,2,0,0.40000000000000002,0.69999999999999996,0.20000000000000004,0.35000000000000009,0,constant,1,7,0,8,recursive,-2.8041263291540504e-14,1.1102230246251565e-16,1.021405182655144e-14,4.0389678347315804e-28,0.00087845799862407148,0.000646083994070068,1.1102230246251565e-16
2,8,0,10,2,0,0.40000000000000002,0.69999999999999996,0.20000000000000004,0.35000000000000009,0,constant,1,7,0,8,direct,0,1.1102230246251565e-16,1.021405182655144e-14,4.0389678347315804e-28,0.00087845799862407148,0.000646083994070068,1.1102230246251565e-16
2,8,0,10,2,0,0.40000000000000002,0.69999999999999996,0.20000000000000004,0.35000000000000009,0,constant,1,7,0,8,fe_geometry,-1.4556008318021166e-13,1.1102230246251565e-16,1.021405182655144e-14,4.0389678347315804e-28,0.00087845799862407148,0.000646083994070068,1.1102230246251565e-16
2,8,0,10,2,0,0.40000000000000002,0.69999999999999996,0.20000000000000004,0.35000000000000009,0,constant,1,7,0,8,reused,-1.5078187914384314e-15,1.1102230246251565e-16,1.021405182655144e-14,4.0389678347315804e-28,0.00087845799862407148,0.000646083994070068,1.1102230246251565e-16
2,8,0,10,2,0,0.40000000000000002,0.69999999999999996,0.20000000000000004,0.35000000000000009,0,constant,1,7,0,8,reused_centered,2.7272105532530702e-15,1.1102230246251565e-16,1.021405182655144e-14,4.0389678347315804e-28,0.00087845799862407148,0.000646083994070068,1.1102230246251565e-16
2,8,0,10,2,0,0.40000000000000002,0.69999999999999996,0.20000000000000004,0.35000000000000009,0,constant,0,8,0,8,recursive,-4.8327830084673741e-15,1.1102230246251565e-16,1.021405182655144e-14,4.0389678347315804e-28,0.00087845799862407148,0.000646083994070068,1.1102230246251565e-16
2,8,0,10,2,0,0.40000000000000002,0.69999999999999996,0.20000000000000004,0.35000000000000009,0,constant,0,8,0,8,direct,0,1.1102230246251565e-16,1.021405182655144e-14,4.0389678347315804e-28,0.00087845799862407148,0.000646083994070068,1.1102230246251565e-16
2,8,0,10,2,0,0.40000000000000002,0.69999999999999996,0.20000000000000004,0.35000000000000009,0,constant,0,8,0,8,fe_geometry,-1.9657408504740225e-14,1.1102230246251565e-16,1.021405182655144e-14,4.0389678347315804e-28,0.00087845799862407148,0.000646083994070068,1.1102230246251565e-16
2,8,0,10,2,0,0.40000000000000002,0.69999999999999996,0.20000000000000004,0.35000000000000009,0,constant,0,8,0,8,reused,2.2815871791719798e-15,1.1102230246251565e-16,1.021405182655144e-14,4.0389678347315804e-28,0.00087845799862407148,0.000646083994070068,1.1102230246251565e-16
2,8,0,10,2,0,0.40000000000000002,0.69999999999999996,0.20000000000000004,0.35000000000000009,0,constant,0,8,0,8,reused_centered,4.1710962185156558e-15,1.1102230246251565e-16,1.021405182655144e-14,4.0389678347315804e-28,0.00087845799862407148,0.000646083994070068,1.1102230246251565e-16
2,8,0,10,2,0,0.40000000000000002,0.69999999999999996,0.20000000000000004,0.35000000000000009,0,constant,9,0,0,9,recursive,-8.2682043902427774e-13,1.1102230246251565e-16,1.021405182655144e-14,4.0389678347315804e-28,0.00087845799862407148,0.000646083994070068,1.1102230246251565e-16
2,8,0,10,2,0,0.40000000000000002,0.69999999999999996,0.20000000000000004,0.35000000000000009,0,constant,9,0,0,9,direct,0,1.1102230246251565e-16,1.021405182655144e-14,4.0389678347315804e-28,0.00087845799862407148,0.000646083994070068,1.1102230246251565e-16
2,8,0,10,2,0,0.40000000000000002,0.69999999999999996,0.20000000000000004,0.35000000000000009,0,constant,9,0,0,9,fe_geometry,-8.0048239498962592e-12,1.1102230246251565e-16,1.021405182655144e-14,4.0389678347315804e-28,0.00087845799862407148,0.000646083994070068,1.1102230246251565e-16
2,8,0,10,2,0,0.40000000000000002,0.69999999999999996,0.20000000000000004,0.35000000000000009,0,constant,9,0,0,9,reused,-3.7411213512361535e-13,1.1102230246251565e-16,1.021405182655144e-14,4.0389678347315804e-28,0.00087845799862407148,0.000646083994070068,1.1102230246251565e-16
2,8,0,10,2,0,0.40000000000000002,0.69999999999999996,0.20000000000000004,0.35000000000000009,0,constant,9,0,0,9,reused_centered,5.0666429707880363e-14,1.1102230246251565e-16,1.021405182655144e-14,4.0389678347315804e-28,0.00087845799862407148,0.000646083994070068,1.1102230246251565e-16
2,8,0,10,2,0,0.40000000000000002,0.69999999999999996,0.20000000000000004,0.35000000000000009,0,constant,8,1,0,9,recursive,6.6536677341152623e-13,1.1102230246251565e-16,1.021405182655144e-14,4.0389678347315804e-28,0.00087845799862407148,0.000646083994070068,1.1102230246251565e-16
2,8,0,10,2,0,0.40000000000000002,0.69999999999999996,0.20000000000000004,0.35000000000000009,0,constant,8,1,0,9,direct,0,1.1102230246251565e-16,1.021405182655144e-14,4.0389678347315804e-28,0.00087845799862407148,0.000646083994070068,1.1102230246251565e-16
2,8,0,10,2,0,0.40000000000000002,0.69999999999999996,0.20000000000000004,0.35000000000000009,0,constant,8,1,0,9,fe_geometry,3.3018897242672052e-13,1.1102230246251565e-16,1.021405182655144e-14,4.0389678347315804e-28,0.00087845799862407148,0.000646083994070068,1.1102230246251565e-16
2,8,0,10,2,0,0.40000000000000002,0.69999999999999996,0.20000000000000004,0.35000000000000009,0,constant,8,1,0,9,reused,-1.9233432251978799e-12,1.1102230246251565e-16,1.021405182655144e-14,4.0389678347315804e-28,0.00087845799862407148,0.000646083994070068,1.1102230246251565e-16
2,8,0,10,2,0,0.40000000000000002,0.69999999999999996,0.20000000000000004,0.35000000000000009,0,constant,8,1,0,9,reused_centered,3.5284443128302838e-13,1.1102230246251565e-16,1.021405182655144e-14,4.0389678347315804e-28,0.00087845799862407148,0.000646083994070068,1.1102230246251565e-16
2,8,0,10,2,0,0.40000000000000002,0.69999999999999996,0.20000000000000004,0.35000000000000009,0,constant,7,2,0,9,recursive,5.4609697180832708e-13,1.1102230246251565e-16,1.021405182655144e-14,4.0389678347315804e-28,0.00087845799862407148,0.000646083994070068,1.1102230246251565e-16
2,8,0,10,2,0,0.40000000000000002,0.69999999999999996,0.20000000000000004,0.35000000000000009,0,constant,7,2,0,9,direct,0,1.1102230246251565e-16,1.021405182655144e-14,4.0389678347315804e-28,0.00087845799862407148,0.000646083994070068,1.1102230246251565e-16
2,8,0,10,2,0,0.40000000000000002,0.69999999999999996,0.20000000000000004,0.35000000000000009,0,constant,7,2,0,9,fe_geometry,6.8058633909004855e-11,1.1102230246251565e-16,1.021405182655144e-14,4.0389678347315804e-28,0.00087845799862407148,0.000646083994070068,1.1102230246251565e-16
2,8,0,10,2,0,0.40000000000000002,0.69999999999999996,0.20000000000000004,0.35000000000000009,0,constant,7,2,0,9,reused,-9.600029180411341e-13,1.1102230246251565e-16,1.021405182655144e-14,4.0389678347315804e-28,0.00087845799862407148,0.000646083994070068,1.1102230246251565e-16
2,8,0,10,2,0,0.40000000000000002,0.69999999999999996,0.20000000000000004,0.35000000000000009,0,constant,7,2,0,9,reused_centered,1.5195020080033537e-14,1.1102230246251565e-16,1.021405182655144e-14,4.0389678347315804e-28,0.00087845799862407148,0.000646083994070068,1.1102230246251565e-16
2,8,0,10,2,0,0.40000000000000002,0.69999999999999996,0.20000000000000004,0.35000000000000009,0,constant,6,3,0,9,recursive,9.7163347313554791,1.1102230246251565e-16,1.021405182655144e-14,4.0389678347315804e-28,0.00087845799862407148,0.000646083994070068,1.1102230246251565e-16
2,8,0,10,2,0,0.40000000000000002,0.69999999999999996,0.20000000000000004,0.35000000000000009,0,constant,6,3,0,9,direct,0,1.1102230246251565e-16,1.021405182655144e-14,4.0389678347315804e-28,0.00087845799862407148,0.000646083994070068,1.1102230246251565e-16
2,8,0,10,2,0,0.40000000000000002,0.69999999999999996,0.20000000000000004,0.35000000000000009,0,constant,6,3,0,9,fe_geometry,2.1374838298691165e-11,1.1102230246251565e-16,1.021405182655144e-14,4.0389678347315804e-28,0.00087845799862407148,0.000646083994070068,1.1102230246251565e-16
2,8,0,10,2,0,0.40000000000000002,0.69999999999999996,0.20000000000000004,0.35000000000000009,0,constant,6,3,0,9,reused,2.5308993138203035e-12,1.1102230246251565e-16,1.021405182655144e-14,4.0389678347315804e-28,0.00087845799862407148,0.000646083994070068,1.1102230246251565e-16
2,8,0,10,2,0,0.40000000000000002,0.69999999999999996,0.20000000000000004,0.35000000000000009,0,constant,6,3,0,9,reused_centered,-1.6611241386504649e-12,1.1102230246251565e-16,1.021405182655144e-14,4.0389678347315804e-28,0.00087845799862407148,0.000646083994070068,1.1102230246251565e-16
2,8,0,10,2,0,0.40000000000000002,0.69999999999999996,0.20000000000000004,0.35000000000000009,0,constant,5,4,0,9,recursive,-79.955189336855284,1.1102230246251565e-16,1.021405182655144e-14,4.0389678347315804e-28,0.00087845799862407148,0.000646083994070068,1.1102230246251565e-16
2,8,0,10,2,0,0.40000000000000002,0.69999999999999996,0.20000000000000004,0.35000000000000009,0,constant,5,4,0,9,direct,-0.92285156250000067,1.1102230246251565e-16,1.021405182655144e-14,4.0389678347315804e-28,0.00087845799862407148,0.000646083994070068,1.1102230246251565e-16
2,8,0,10,2,0,0.40000000000000002,0.69999999999999996,0.20000000000000004,0.35000000000000009,0,constant,5,4,0,9,fe_geometry,-0.92285156259611401,1.1102230246251565e-16,1.021405182655144e-14,4.0389678347315804e-28,0.00087845799862407148,0.000646083994070068,1.1102230246251565e-16
2,8,0,10,2,0,0.40000000000000002,0.69999999999999996,0.20000000000000004,0.35000000000000009,0,constant,5,4,0,9,reused,1.7498799443483026,1.1102230246251565e-16,1.021405182655144e-14,4.0389678347315804e-28,0.00087845799862407148,0.000646083994070068,1.1102230246251565e-16
2,8,0,10,2,0,0.40000000000000002,0.69999999999999996,0.20000000000000004,0.35000000000000009,0,constant,5,4,0,9,reused_centered,-0.75857392502399945,1.1102230246251565e-16,1.021405182655144e-14,4.0389678347315804e-28,0.00087845799862407148,0.000646083994070068,1.1102230246251565e-16
2,8,0,10,2,0,0.40000000000000002,0.69999999999999996,0.20000000000000004,0.35000000000000009,0,constant,4,5,0,9,recursive,-165.67182229876676,1.1102230246251565e-16,1.021405182655144e-14,4.0389678347315804e-28,0.00087845799862407148,0.000646083994070068,1.1102230246251565e-16
2,8,0,10,2,0,0.40000000000000002,0.69999999999999996,0.20000000000000004,0.35000000000000009,0,constant,4,5,0,9,direct,11.689453125,1.1102230246251565e-16,1.021405182655144e-14,4.0389678347315804e-28,0.00087845799862407148,0.000646083994070068,1.1102230246251565e-16
2,8,0,10,2,0,0.40000000000000002,0.69999999999999996,0.20000000000000004,0.35000000000000009,0,constant,4,5,0,9,fe_geometry,11.689453124970582,1.1102230246251565e-16,1.021405182655144e-14,4.0389678347315804e-28,0.00087845799862407148,0.000646083994070068,1.1102230246251565e-16
2,8,0,10,2,0,0.40000000000000002,0.69999999999999996,0.20000000000000004,0.35000000000000009,0,constant,4,5,0,9,reused,2.4895796331533031,1.1102230246251565e-16,1.021405182655144e-14,4.0389678347315804e-28,0.00087845799862407148,0.000646083994070068,1.1102230246251565e-16
2,8,0,10,2,0,0.40000000000000002,0.69999999999999996,0.20000000000000004,0.35000000000000009,0,constant,4,5,0,9,reused_centered,-2.4776677454554137,1.1102230246251565e-16,1.021405182655144e-14,4.0389678347315804e-28,0.00087845799862407148,0.000646083994070068,1.1102230246251565e-16
2,8,0,10,2,0,0.40000000000000002,0.69999999999999996,0.20000000000000004,0.35000000000000009,0,constant,3,6,0,9,recursive,2.7605449584108358e-12,1.1102230246251565e-16,1.021405182655144e-14,4.0389678347315804e-28,0.00087845799862407148,0.000646083994070068,1.1102230246251565e-16
2,8,0,10,2,0,0.40000000000000002,0.69999999999999996,0.20000000000000004,0.35000000000000009,0,constant,3,6,0,9,direct,0,1.1102230246251565e-16,1.021405182655144e-14,4.0389678347315804e-28,0.00087845799862407148,0.000646083994070068,1.1102230246251565e-16
2,8,0,10,2,0,0.40000000000000002,0.69999999999999996,0.20000000000000004,0.35000000000000009,0,constant,3,6,0,9,fe_geometry,5.971012313140765e-11,1.1102230246251565e-16,1.021405182655144e-14,4.0389678347315804e-28,0.00087845799862407148,0.000646083994070068,1.1102230246251565e-16
2,8,0,10,2,0,0.40000000000000002,0.69999999999999996,0.20000000000000004,0.35000000000000009,0,constant,3,6,0,9,reused,-9.6698247855004048e-13,1.1102230246251565e-16,1.021405182655144e-14,4.0389678347315804e-28,0.00087845799862407148,0.000646083994070068,1.1102230246251565e-16
2,8,0,10,2,0,0.40000000000000002,0.69999999999999996,0.20000000000000004,0.35000000000000009,0,constant,3,6,0,9,reused_centered,1.1038529296434574e-12,1.1102230246251565e-16,1.021405182655144e-14,4.0389678347315804e-28,0.00087845799862407148,0.000646083994070068,1.1102230246251565e-16
2,8,0,10,2,0,0.40000000000000002,0.69999999999999996,0.20000000000000004,0.35000000000000009,0,constant,2,7,0,9,recursive,4.9274841019263496e-12,1.1102230246251565e-16,1.021405182655144e-14,4.0389678347315804e-28,0.00087845799862407148,0.000646083994070068,1.1102230246251565e-16
2,8,0,10,2,0,0.40000000000000002,0.69999999999999996,0.20000000000000004,0.35000000000000009,0,constant,2,7,0,9,direct,0,1.1102230246251565e-16,1.021405182655144e-14,4.0389678347315804e-28,0.00087845799862407148,0.000646083994070068,1.1102230246251565e-16
2,8,0,10,2,0,0.40000000000000002,0.69999999999999996,0.20000000000000004,0.35000000000000009,0,constant,2,7,0,9,fe_geometry,3.0293783358487565e-11,1.1102230246251565e-16,1.021405182655144e-14,4.0389678347315804e-28,0.00087845799862407148,0.000646083994070068,1.1102230246251565e-16
2,8,0,10,2,0,0.40000000000000002,0.69999999999999996,0.20000000000000004,0.35000000000000009,0,constant,2,7,0,9,reused,3.373043933110374e-13,1.1102230246251565e-16,1.021405182655144e-14,4.0389678347315804e-28,0.00087845799862407148,0.000646083994070068,1.1102230246251565e-16
2,8,0,10,2,0,0.40000000000000002,0.69999999999999996,0.20000000000000004,0.35000000000000009,0,constant,2,7,0,9,reused_centered,-4.912634535266762e-13,1.1102230246251565e-16,1.021405182655144e-14,4.0389678347315804e-28,0.00087845799862407148,0.000646083994070068,1.1102230246251565e-16
2,8,0,10,2,0,0.40000000000000002,0.69999999999999996,0.20000000000000004,0.35000000000000009,0,constant,1,8,0,9,recursive,1.4653072404784556e-12,1.1102230246251565e-16,1.021405182655144e-14,4.0389678347315804e-28,0.00087845799862407148,0.000646083994070068,1.1102230246251565e-16
2,8,0,10,2,0,0.40000000000000002,0.69999999999999996,0.20000000000000004,0.35000000000000009,0,constant,1,8,0,9,direct,0,1.1102230246251565e-16,1.021405182655144e-14,4.0389678347315804e-28,0.00087845799862407148,0.000646083994070068,1.1102230246251565e-16
2,8,0,10,2,0,0.40000000000000002,0.69999999999999996,0.20000000000000004,0.35000000000000009,0,constant,1,8,0,9,fe_geometry,1.7708647969187271e-12,1.1102230246251565e-16,1.021405182655144e-14,4.0389678347315804e-28,0.00087845799862407148,0.000646083994070068,1.1102230246251565e-16
2,8,0,10,2,0,0.40000000000000002,0.69999999999999996,0.20000000000000004,0.35000000000000009,0,constant,1,8,0,9,reused,3.1302595281447508e-13,1.1102230246251565e-16,1.021405182655144e-14,4.0389678347315804e-28,0.00087845799862407148,0.000646083994070068,1.1102230246251565e-16
2,8,0,10,2,0,0.40000000000000002,0.69999999999999996,0.20000000000000004,0.35000000000000009,0,constant,1,8,0,9,reused_centered,-6.3812698603110293e-13,1.1102230246251565e-16,1.021405182655144e-14,4.0389678347315804e-28,0.00087845799862407148,0.000646083994070068,1.1102230246251565e-16
2,8,0,10,2,0,0.40000000000000002,0.69999999999999996,0.20000000000000004,0.35000000000000009,0,constant,0,9,0,9,recursive,1.868546386422138e-13,1.1102230246251565e-16,1.021405182655144e-14,4.0389678347315804e-28,0.00087845799862407148,0.000646083994070068,1.1102230246251565e-16
2,8,0,10,2,0,0.40000000000000002,0.69999999999999996,0.20000000000000004,0.35000000000000009,0,constant,0,9,0,9,direct,0,1.1102230246251565e-16,1.021405182655144e-14,4.0389678347315804e-28,0.00087845799862407148,0.000646083994070068,1.1102230246251565e-16
2,8,0,10,2,0,0.40000000000000002,0.69999999999999996,0.20000000000000004,0.35000000000000009,0,constant,0,9,0,9,fe_geometry,-9.7304477572110057e-15,1.1102230246251565e-16,1.021405182655144e-14,4.0389678347315804e-28,0.00087845799862407148,0.000646083994070068,1.1102230246251565e-16
2,8,0,10,2,0,0.40000000000000002,0.69999999999999996,0.20000000000000004,0.35000000000000009,0,constant,0,9,0,9,reused,1.8641672551679187e-13,1.1102230246251565e-16,1.021405182655144e-14,4.0389678347315804e-28,0.00087845799862407148,0.000646083994070068,1.1102230246251565e-16
2,8,0,10,2,0,0.40000000000000002,0.69999999999999996,0.20000000000000004,0.35000000000000009,0,constant,0,9,0,9,reused_centered,-1.9556479627956415e-13,1.1102230246251565e-16,1.021405182655144e-14,4.0389678347315804e-28,0.00087845799862407148,0.000646083994070068,1.1102230246251565e-16
2,8,0,10,2,0,0.40000000000000002,0.69999999999999996,0.20000000000000004,0.35000000000000009,0,constant,10,0,0,10,recursive,2.0772286570016921e-11,1.1102230246251565e-16,1.021405182655144e-14,4.0389678347315804e-28,0.00087845799862407148,0.000646083994070068,1.1102230246251565e-16
2,8,0,10,2,0,0.40000000000000002,0.69999999999999996,0.20000000000000004,0.35000000000000009,0,constant,10,0,0,10,direct,0,1.1102230246251565e-16,1.021405182655144e-14,4.0389678347315804e-28,0.00087845799862407148,0.000646083994070068,1.1102230246251565e-16
2,8,0,10,2,0,0.40000000000000002,0.69999999999999996,0.20000000000000004,0.35000000000000009,0,constant,10,0,0,10,fe_geometry,-8.7471517165338033e-21,1.1102230246251565e-16,1.021405182655144e-14,4.0389678347315804e-28,0.00087845799862407148,0.000646083994070068,1.1102230246251565e-16
2,8,0,10,2,0,0.40000000000000002,0.69999999999999996,0.20000000000000004,0.35000000000000009,0,constant,10,0,0,10,reused,4.8466548679051717e-22,1.1102230246251565e-16,1.021405182655144e-14,4.0389678347315804e-28,0.00087845799862407148,0.000646083994070068,1.1102230246251565e-16
2,8,0,10,2,0,0.40000000000000002,0.69999999999999996,0.20000000000000004,0.35000000000000009,0,constant,10,0,0,10,reused_centered,-2.0652382624327825e-23,1.1102230246251565e-16,1.021405182655144e-14,4.0389678347315804e-28,0.00087845799862407148,0.000646083994070068,1.1102230246251565e-16
2,8,0,10,2,0,0.40000000000000002,0.69999999999999996,0.20000000000000004,0.35000000000000009,0,constant,9,1,0,10,recursive,-3.445032404881938e-11,1.1102230246251565e-16,1.021405182655144e-14,4.0389678347315804e-28,0.00087845799862407148,0.000646083994070068,1.1102230246251565e-16
2,8,0,10,2,0,0.40000000000000002,0.69999999999999996,0.20000000000000004,0.35000000000000009,0,constant,9,1,0,10,direct,0,1.1102230246251565e-16,1.021405182655144e-14,4.0389678347315804e-28,0.00087845799862407148,0.000646083994070068,1.1102230246251565e-16
2,8,0,10,2,0,0.40000000000000002,0.69999999999999996,0.20000000000000004,0.35000000000000009,0,constant,9,1,0,10,fe_geometry,-6.725579382460537e-11,1.1102230246251565e-16,1.021405182655144e-14,4.0389678347315804e-28,0.00087845799862407148,0.000646083994070068,1.1102230246251565e-16
2,8,0,10,2,0,0.40000000000000002,0.69999999999999996,0.20000000000000004,0.35000000000000009,0,constant,9,1,0,10,reused,4.4482525389629936e-11,1.1102230246251565e-16,1.021405182655144e-14,4.0389678347315804e-28,0.00087845799862407148,0.000646083994070068,1.1102230246251565e-16
2,8,0,10,2,0,0.40000000000000002,0.69999999999999996,0.20000000000000004,0.35000000000000009,0,constant,9,1,0,10,reused_centered,-5.370974007276337e-12,1.1102230246251565e-16,1.021405182655144e-14,4.0389678347315804e-28,0.00087845799862407148,0.000646083994070068,1.1102230246251565e-16
2,8,0,10,2,0,0.40000000000000002,0.69999999999999996,0.20000000000000004,0.35000000000000009,0,constant,8,2,0,10,recursive,-7.129753966332762e-11,1.1102230246251565e-16,1.021405182655144e-14,4.0389678347315804e-28,0.00087845799862407148,0.000646083994070068,1.1102230246251565e-16
2,8,0,10,2,0,0.40000000000000002,0.69999999999999996,0.20000000000000004,0.35000000000000009,0,constant,8,2,0,10,direct,0,1.1102230246251565e-16,1.021405182655144e-14,4.0389678347315804e-28,0.00087845799862407148,0.000646083994070068,1.1102230246251565e-16
2,8,0,10,2,0,0.40000000000000002,0.69999999999999996,0.20000000000000004,0.35000000000000009,0,constant,8,2,0,10,fe_geometry,-2.0232227785277963e-09,1.1102230246251565e-16,1.021405182655144e-14,4.0389678347315804e-28,0.00087845799862407148,0.000646083994070068,1.1102230246251565e-16
2,8,0,10,2,0,0.40000000000000002,0.69999999999999996,0.20000000000000004,0.35000000000000009,0,constant,8,2,0,10,reused,3.8464659234267757e-11,1.1102230246251565e-16,1.021405182655144e-14,4.0389678347315804e-28,0.00087845799862407148,0.000646083994070068,1.1102230246251565e-16
2,8,0,10,2,0,0.40000000000000002,0.69999999999999996,0.20000000000000004,0.35000000000000009,0,constant,8,2,0,10,reused_centered,4.2606807081089109e-12,1.1102230246251565e-16,1.021405182655144e-14,4.0389678347315804e-28,0.00087845799862407148,0.000646083994070068,1.1102230246251565e-16
2,8,0,10,2,0,0.40000000000000002,0.69999999999999996,0.20000000000000004,0.35000000000000009,0,constant,7,3,0,10,recursive,-9.9776098410023891e-11,1.1102230246251565e-16,1.021405182655144e-14,4.0389678347315804e-28,0.00087845799862407148,0.000646083994070068,1.1102230246251565e-16
2,8,0,10,2,0,0.40000000000000002,0.69999999999999996,0.20000000000000004,0.35000000000000009,0,constant,7,3,0,10,direct,0,1.1102230246251565e-16,1.021405182655144e-14,4.0389678347315804e-28,0.00087845799862407148,0.000646083994070068,1.1102230246251565e-16
2,8,0,10,2,0,0.40000000000000002,0.69999999999999996,0.20000000000000004,0.35000000000000009,0,constant,7,3,0,10,fe_geometry,-2.9518485445257009e-10,1.1102230246251565e-16,1.021405182655144e-14,4.0389678347315804e-28,0.00087845799862407148,0.000646083994070068,1.1102230246251565e-16
2,8,0,10,2,0,0.40000000000000002,0.69999999999999996,0.20000000000000004,0.35000000000000009,0,constant,7,3,0,10,reused,-1.854797539182969e-10,1.1102230246251565e-16,1.021405182655144e-14,4.0389678347315804e-28,0.00087845799862407148,0.000646083994070068,1.1102230246251565e-16
2,8,0,10,2,0,0.40000000000000002,0.69999999999999996,0.20000000000000004,0.35000000000000009,0,constant,7,3,0,10,reused_centered,9.044031228275962e-11,1.1102230246251565e-16,1.021405182655144e-14,4.0389678347315804e-28,0.00087845799862407148,0.000646083994070068,1.1102230246251565e-16
2,8,0,10,2,0,0.40000000000000002,0.69999999999999996,0.20000000000000004,0.35000000000000009,0,constant,6,4,0,10,recursive,1256.6301533672308,1.1102230246251565e-16,1.021405182655144e-14,4.0389678347315804e-28,0.00087845799862407148,0.000646083994070068,1.1102230246251565e-16
2,8,0,10,2,0,0.40000000000000002,0.69999999999999996,0.20000000000000004,0.35000000000000009,0,constant,6,4,0,10,direct,0,1.1102230246251565e-16,1.021405182655144e-14,4.0389678347315804e-28,0.00087845799862407148,0.000646083994070068,1.1102230246251565e-16
2,8,0,10,2,0,0.40000000000000002,0.69999999999999996,0.20000000000000004,0.35000000000000009,0,constant,6,4,0,10,fe_geometry,6.6933273781219166e-09,1.1102230246251565e-16,1.021405182655144e-14,4.0389678347315804e-28,0.00087845799862407148,0.000646083994070068,1.1102230246251565e-16
2,8,0,10,2,0,0.40000000000000002,0.69999999999999996,0.20000000000000004,0.35000000000000009,0,constant,6,4,0,10,reused,-2.1077599170172969e-10,1.1102230246251565e-16,1.021405182655144e-14,4.0389678347315804e-28,0.00087845799862407148,0.000646083994070068,1.1102230246251565e-16
2,8,0,10,2,0,0.40000000000000002,0.69999999999999996,0.20000000000000004,0.35000000000000009,0,constant,6,4,0,10,reused_centered,6.8184186524892954e-11,1.1102230246251565e-16,1.021405182655144e-14,4.0389678347315804e-28,0.00087845799862407148,0.000646083994070068,1.1102230246251565e-16
2,8,0,10,2,0,0.40000000000000002,0.69999999999999996,0.20000000000000004,0.35000000000000009,0,constant,5,5,0,10,recursive,5659.3580403587703,1.1102230246251565e-16,1.021405182655144e-14,4.0389678347315804e-28,0.00087845799862407148,0.000646083994070068,1.1102230246251565e-16
2,8,0,10,2,0,0.40000000000000002,0.69999999999999996,0.20000000000000004,0.35000000000000009,0,constant,5,5,0,10,direct,-193.359375,1.1102230246251565e-16,1.021405182655144e-14,4.0389678347315804e-28,0.00087845799862407148,0.000646083994070068,1.1102230246251565e-16
2,8,0,10,2,0,0.40000000000000002,0.69999999999999996,0.20000000000000004,0.35000000000000009,0,constant,5,5,0,10,fe_geometry,-193.35937499855393,1.1102230246251565e-16,1.021405182655144e-14,4.0389678347315804e-28,0.00087845799862407148,0.000646083994070068,1.1102230246251565e-16
2,8,0,10,2,0,0.40000000000000002,0.69999999999999996,0.20000000000000004,0.35000000000000009,0,constant,5,5,0,10,reused,-79.312185657668593,1.1102230246251565e-16,1.021405182655144e-14,4.0389678347315804e-28,0.00087845799862407148,0.000646083994070068,1.1102230246251565e-16
2,8,0,10,2,0,0.40000000000000002,0.69999999999999996,0.20000000000000004,0.35000000000000009,0,constant,5,5,0,10,reused_centered,34.381876408514195,1.1102230246251565e-16,1.021405182655144e-14,4.0389678347315804e-28,0.00087845799862407148,0.000646083994070068,1.1102230246251565e-16
2,8,0,10,2,0,0.40000000000000002,0.69999999999999996,0.20000000000000004,0.35000000000000009,0,constant,4,6,0,10,recursive,-1.5812832801986083e-10,1.1102230246251565e-16,1.021405182655144e-14,4.0389678347315804e-28,0.00087845799862407148,0.000646083994070068,1.1102230246251565e-16
2,8,0,10,2,0,0.40000000000000002,0.69999999999999996,0.20000000000000004,0.35000000000000009,0,constant,4,6,0,10,direct,0,1.1102230246251565e-16,1.021405182655144e-14,4.0389678347315804e-28,0.00087845799862407148,0.000646083994070068,1.1102230246251565e-16
2,8,0,10,2,0,0.40000000000000002,0.69999999999999996,0.20000000000000004,0.35000000000000009,0,constant,4,6,0,10,fe_geometry,-7.7456354594143667e-09,1.1102230246251565e-16,1.021405182655144e-14,4.0389678347315804e-28,0.00087845799862407148,0.000646083994070068,1.1102230246251565e-16
2,8,0,10,2,0,0.40000000000000002,0.69999999999999996,0.20000000000000004,0.35000000000000009,0,constant,4,6,0,10,reused,1.1755955694058078e-10,1.1102230246251565e-16,1.021405182655144e-14,4.0389678347315804e-28,0.00087845799862407148,0.000646083994070068,1.1102230246251565e-16
2,8,0,10,2,0,0.40000000000000002,0.69999999999999996,0.20000000000000004,0.35000000000000009,0,constant,4,6,0,10,reused_centered,-1.4454862701061603e-10,1.1102230246251565e-16,1.021405182655144e-14,4.0389678347315804e-28,0.00087845799862407148,0.000646083994070068,1.1102230246251565e-16
2,8,0,10,2,0,0.40000000000000002,0.69999999999999996,0.20000000000000004,0.35000000000000009,0,constant,3,7,0,10,recursive,-4.3180969913399834e-10,1.1102230246251565e-16,1.021405182655144e-14,4.0389678347315804e-28,0.00087845799862407148,0.000646083994070068,1.1102230246251565e-16
2,8,0,10,2,0,0.40000000000000002,0.69999999999999996,0.20000000000000004,0.35000000000000009,0,constant,3,7,0,10,direct,0,1.1102230246251565e-16,1.021405182655144e-14,4.0389678347315804e-28,0.00087845799862407148,0.000646083994070068,1.1102230246251565e-16
2,8,0,10,2,0,0.40000000000000002,0.69999999999999996,0.20000000000000004,0.35000000000000009,0,constant,3,7,0,10,fe_geometry,-4.3083043578965406e-09,1.1102230246251565e-16,1.021405182655144e-14,4.0389678347315804e-28,0.00087845799862407148,0.000646083994070068,1.1102230246251565e-16
2,8,0,10,2,0,0.40000000000000002,0.69999999999999996,0.20000000000000004,0.35000000000000009,0,constant,3,7,0,10,reused,-5.0126952643582289e-11,1.1102230246251565e-16,1.021405182655144e-14,4.0389678347315804e-28,0.00087845799862407148,0.000646083994070068,1.1102230246251565e-16
2,8,0,10,2,0,0.40000000000000002,0.69999999999999996,0.20000000000000004,0.35000000000000009,0,constant,3,7,0,10,reused_centered,7.0232414916136828e-11,1.1102230246251565e-16,1.021405182655144e-14,4.0389678347315804e-28,0.00087845799862407148,0.000646083994070068,1.1102230246251565e-16
2,8,0,10,2,0,0.40000000000000002,0.69999999999999996,0.20000000000000004,0.35000000000000009,0,constant,2,8,0,10,recursive,-1.5624950891780577e-10,1.1102230246251565e-16,1.021405182655144e-14,4.0389678347315804e-28,0.00087845799862407148,0.000646083994070068,1.1102230246251565e-16
2,8,0,10,2,0,0.40000000000000002,0.69999999999999996,0.20000000000000004,0.35000000000000009,0,constant,2,8,0,10,direct,0,1.1102230246251565e-16,1.021405182655144e-14,4.0389678347315804e-28,0.00087845799862407148,0.000646083994070068,1.1102230246251565e-16
2,8,0,10,2,0,0.40000000000000002,0.69999999999999996,0.20000000000000004,0.35000000000000009,0,constant,2,8,0,10,fe_geometry,1.9701497716169297e-10,1.1102230246251565e-16,1.021405182655144e-14,4.0389678347315804e-28,0.00087845799862407148,0.000646083994070068,1.1102230246251565e-16
2,8,0,10,2,0,0.40000000000000002,0.69999999999999996,0.20000000000000004,0.35000000000000009,0,constant,2,8,0,10,reused,-5.9763231358705341e-11,1.1102230246251565e-16,1.021405182655144e-14,4.0389678347315804e-28,0.00087845799862407148,0.000646083994070068,1.1102230246251565e-16
2,8,0,10,2,0,0.40000000000000002,0.69999999999999996,0.20000000000000004,0.35000000000000009,0,constant,2,8,0,10,reused_centered,8.8056346662701875e-11,1.1102230246251565e-16,1.021405182655144e-14,4.0389678347315804e-28,0.00087845799862407148,0.000646083994070068,1.1102230246251565e-16
2,8,0,10,2,0,0.40000000000000002,0.69999999999999996,0.20000000000000004,0.35000000000000009,0,constant,1,9,0,10,recursive,-1.8903330669536364e-11,1.1102230246251565e-16,1.021405182655144e-14,4.0389678347315804e-28,0.00087845799862407148,0.000646083994070068,1.1102230246251565e-16
2,8,0,10,2,0,0.40000000000000002,0.69999999999999996,0.20000000000000004,0.35000000000000009,0,constant,1,9,0,10,direct,0,1.1102230246251565e-16,1.021405182655144e-14,4.0389678347315804e-28,0.00087845799862407148,0.000646083994070068,1.1102230246251565e-16
2,8,0,10,2,0,0.40000000000000002,0.69999999999999996,0.20000000000000004,0.35000000000000009,0,constant,1,9,0,10,fe_geometry,1.8116414807297058e-10,1.1102230246251565e-16,1.021405182655144e-14,4.0389678347315804e-28,0.00087845799862407148,0.000646083994070068,1.1102230246251565e-16
2,8,0,10,2,0,0.40000000000000002,0.69999999999999996,0.20000000000000004,0.35000000000000009,0,constant,1,9,0,10,reused,-2.3241335746609715e-11,1.1102230246251565e-16,1.021405182655144e-14,4.0389678347315804e-28,0.00087845799862407148,0.000646083994070068,1.1102230246251565e-16
2,8,0,10,2,0,0.40000000000000002,0.69999999999999996,0.20000000000000004,0.35000000000000009,0,constant,1,9,0,10,reused_centered,2.4524676383965861e-11,1.1102230246251565e-16,1.021405182655144e-14,4.0389678347315804e-28,0.00087845799862407148,0.000646083994070068,1.1102230246251565e-16
2,8,0,10,2,0,0.40000000000000002,0.69999999999999996,0.20000000000000004,0.35000000000000009,0,constant,0,10,0,10,recursive,-4.6821069349107417e-12,1.1102230246251565e-16,1.021405182655144e-14,4.0389678347315804e-28,0.00087845799862407148,0.000646083994070068,1.1102230246251565e-16
2,8,0,10,2,0,0.40000000000000002,0.69999999999999996,0.20000000000000004,0.35000000000000009,0,constant,0,10,0,10,direct,0,1.1102230246251565e-16,1.021405182655144e-14,4.0389678347315804e-28,0.00087845799862407148,0.000646083994070068,1.1102230246251565e-16
2,8,0,10,2,0,0.40000000000000002,0.69999999999999996,0.20000000000000004,0.35000000000000009,0,constant,0,10,0,10,fe_geometry,2.3411974084088666e-22,1.1102230246251565e-16,1.021405182655144e-14,4.0389678347315804e-28,0.00087845799862407148,0.000646083994070068,1.1102230246251565e-16
2,8,0,10,2,0,0.40000000000000002,0.69999999999999996,0.20000000000000004,0.35000000000000009,0,constant,0,10,0,10,reused,1.3556934862155503e-24,1.1102230246251565e-16,1.021405182655144e-14,4.0389678347315804e-28,0.00087845799862407148,0.000646083994070068,1.1102230246251565e-16
2,8,0,10,2,0,0.40000000000000002,0.69999999999999996,0.20000000000000004,0.35000000000000009,0,constant,0,10,0,10,reused_centered,-1.2401760486070596e-24,1.1102230246251565e-16,1.021405182655144e-14,4.0389678347315804e-28,0.00087845799862407148,0.000646083994070068,1.1102230246251565e-16
2,8,0,10,2,0,0.40000000000000002,0.69999999999999996,0.20000000000000004,0.35000000000000009,0,quintic,1,0,0,1,recursive,0.057000000000000918,0,1.021405182655144e-14,4.0389678347315804e-28,0.00087845799862407148,0.0023563339782413095,1.1102230246251565e-16
2,8,0,10,2,0,0.40000000000000002,0.69999999999999996,0.20000000000000004,0.35000000000000009,0,quintic,1,0,0,1,direct,0.056999999999993625,0,1.021405182655144e-14,4.0389678347315804e-28,0.00087845799862407148,0.0023563339782413095,1.1102230246251565e-16
2,8,0,10,2,0,0.40000000000000002,0.69999999999999996,0.20000000000000004,0.35000000000000009,0,quintic,1,0,0,1,fe_geometry,0.056999999999987207,0,1.021405182655144e-14,4.0389678347315804e-28,0.00087845799862407148,0.0023563339782413095,1.1102230246251565e-16
2,8,0,10,2,0,0.40000000000000002,0.69999999999999996,0.20000000000000004,0.35000000000000009,0,quintic,1,0,0,1,reused,0.057000000000000967,0,1.021405182655144e-14,4.0389678347315804e-28,0.00087845799862407148,0.0023563339782413095,1.1102230246251565e-16
2,8,0,10,2,0,0.40000000000000002,0.69999999999999996,0.20000000000000004,0.35000000000000009,0,quintic,1,0,0,1,reused_centered,0.056999999999999711,0,1.021405182655144e-14,4.0389678347315804e-28,0.00087845799862407148,0.0023563339782413095,1.1102230246251565e-16
2,8,0,10,2,0,0.40000000000000002,0.69999999999999996,0.20000000000000004,0.35000000000000009,0,quintic,0,1,0,1,recursive,0.10303125000000107,0,1.021405182655144e-14,4.0389678347315804e-28,0.00087845799862407148,0.0023563339782413095,1.1102230246251565e-16
2,8,0,10,2,0,0.40000000000000002,0.69999999999999996,0.20000000000000004,0.35000000000000009,0,quintic,0,1,0,1,direct,0.10303125000000074,0,1.021405182655144e-14,4.0389678347315804e-28,0.00087845799862407148,0.0023563339782413095,1.1102230246251565e-16
2,8,0,10,2,0,0.40000000000000002,0.69999999999999996,0.20000000000000004,0.35000000000000009,0,quintic,0,1,0,1,fe_geometry,0.10303124999999984,0,1.021405182655144e-14,4.0389678347315804e-28,0.00087845799862407148,0.0023563339782413095,1.1102230246251565e-16
2,8,0,10,2,0,0.40000000000000002,0.69999999999999996,0.20000000000000004,0.35000000000000009,0,quintic,0,1,0,1,reused,0.10303124999999998,0,1.021405182655144e-14,4.0389678347315804e-28,0.00087845799862407148,0.0023563339782413095,1.1102230246251565e-16
2,8,0,10,2,0,0.40000000000000002,0.69999999999999996,0.20000000000000004,0.35000000000000009,0,quintic,0,1,0,1,reused_centered,0.10303125000000031,0,1.021405182655144e-14,4.0389678347315804e-28,0.00087845799862407148,0.0023563339782413095,1.1102230246251565e-16
2,8,0,10,2,0,0.40000000000000002,0.69999999999999996,0.20000000000000004,0.35000000000000009,0,quintic,2,0,0,2,recursive,0.40499999999982661,0,1.021405182655144e-14,4.0389678347315804e-28,0.00087845799862407148,0.0023563339782413095,1.1102230246251565e-16
2,8,0,10,2,0,0.40000000000000002,0.69999999999999996,0.20000000000000004,0.35000000000000009,0,quintic,2,0,0,2,direct,0.40500000000023456,0,1.021405182655144e-14,4.0389678347315804e-28,0.00087845799862407148,0.0023563339782413095,1.1102230246251565e-16
2,8,0,10,2,0,0.40000000000000002,0.69999999999999996,0.20000000000000004,0.35000000000000009,0,quintic,2,0,0,2,fe_geometry,0.40500000000071018,0,1.021405182655144e-14,4.0389678347315804e-28,0.00087845799862407148,0.0023563339782413095,1.1102230246251565e-16
2,8,0,10,2,0,0.40000000000000002,0.69999999999999996,0.20000000000000004,0.35000000000000009,0,quintic,2,0,0,2,reused,0.40499999999991082,0,1.021405182655144e-14,4.0389678347315804e-28,0.00087845799862407148,0.0023563339782413095,1.1102230246251565e-16
2,8,0,10,2,0,0.40000000000000002,0.69999999999999996,0.20000000000000004,0.35000000000000009,0,quintic,2,0,0,2,reused_centered,0.40500000000000907,0,1.021405182655144e-14,4.0389678347315804e-28,0.00087845799862407148,0.0023563339782413095,1.1102230246251565e-16
2,8,0,10,2,0,0.40000000000000002,0.69999999999999996,0.20000000000000004,0.35000000000000009,0,quintic,1,1,0,2,recursive,0.27999999999996222,0,1.021405182655144e-14,4.0389678347315804e-28,0.00087845799862407148,0.0023563339782413095,1.1102230246251565e-16
2,8,0,10,2,0,0.40000000000000002,0.69999999999999996,0.20000000000000004,0.35000000000000009,0,quintic,1,1,0,2,direct,0.2799999999996895,0,1.021405182655144e-14,4.0389678347315804e-28,0.00087845799862407148,0.0023563339782413095,1.1102230246251565e-16
2,8,0,10,2,0,0.40000000000000002,0.69999999999999996,0.20000000000000004,0.35000000000000009,0,quintic,1,1,0,2,fe_geometry,0.27999999999958186,0,1.021405182655144e-14,4.0389678347315804e-28,0.00087845799862407148,0.0023563339782413095,1.1102230246251565e-16
2,8,0,10,2,0,0.40000000000000002,0.69999999999999996,0.20000000000000004,0.35000000000000009,0,quintic,1,1,0,2,reused,0.27999999999999436,0,1.021405182655144e-14,4.0389678347315804e-28,0.00087845799862407148,0.0023563339782413095,1.1102230246251565e-16
2,8,0,10,2,0,0.40000000000000002,0.69999999999999996,0.20000000000000004,0.35000000000000009,0,quintic,1,1,0,2,reused_centered,0.27999999999998365,0,1.021405182655144e-14,4.0389678347315804e-28,0.00087845799862407148,0.0023563339782413095,1.1102230246251565e-16
2,8,0,10,2,0,0.40000000000000002,0.69999999999999996,0.20000000000000004,0.35000000000000009,0,quintic,0,2,0,2,recursive,0.93750000000002298,0,1.021405182655144e-14,4.0389678347315804e-28,0.00087845799862407148,0.0023563339782413095,1.1102230246251565e-16
2,8,0,10,2,0,0.40000000000000002,0.69999999999999996,0.20000000000000004,0.35000000000000009,0,quintic,0,2,0,2,direct,0.93750000000004063,0,1.021405182655144e-14,4.0389678347315804e-28,0.00087845799862407148,0.0023563339782413095,1.1102230246251565e-16
2,8,0,10,2,0,0.40000000000000002,0.69999999999999996,0.20000000000000004,0.35000000000000009,0,quintic,0,2,0,2,fe_geometry,0.93750000000005407,0,1.021405182655144e-14,4.0389678347315804e-28,0.00087845799862407148,0.0023563339782413095,1.1102230246251565e-16
2,8,0,10,2,0,0.40000000000000002,0.69999999999999996,0.20000000000000004,0.35000000000000009,0,quintic,0,2,0,2,reused,0.93750000000003453,0,1.021405182655144e-14,4.0389678347315804e-28,0.00087845799862407148,0.0023563339782413095,1.1102230246251565e-16
2,8,0,10,2,0,0.40000000000000002,0.69999999999999996,0.20000000000000004,0.35000000000000009,0,quintic,0,2,0,2,reused_centered,0.93750000000001321,0,1.021405182655144e-14,4.0389678347315804e-28,0.00087845799862407148,0.0023563339782413095,1.1102230246251565e-16
2,8,0,10,2,0,0.40000000000000002,0.69999999999999996,0.20000000000000004,0.35000000000000009,0,quintic,3,0,0,3,recursive,2.4000000000120103,0,1.021405182655144e-14,4.0389678347315804e-28,0.00087845799862407148,0.0023563339782413095,1.1102230246251565e-16
2,8,0,10,2,0,0.40000000000000002,0.69999999999999996,0.20000000000000004,0.35000000000000009,0,quintic,3,0,0,3,direct,2.399999999994435,0,1.021405182655144e-14,4.0389678347315804e-28,0.00087845799862407148,0.0023563339782413095,1.1102230246251565e-16
2,8,0,10,2,0,0.40000000000000002,0.69999999999999996,0.20000000000000004,0.35000000000000009,0,quintic,3,0,0,3,fe_geometry,2.3999999999830179,0,1.021405182655144e-14,4.0389678347315804e-28,0.00087845799862407148,0.0023563339782413095,1.1102230246251565e-16
2,8,0,10,2,0,0.40000000000000002,0.69999999999999996,0.20000000000000004,0.35000000000000009,0,quintic,3,0,0,3,reused,2.4000000000016311,0,1.021405182655144e-14,4.0389678347315804e-28,0.00087845799862407148,0.0023563339782413095,1.1102230246251565e-16
2,8,0,10,2,0,0.40000000000000002,0.69999999999999996,0.20000000000000004,0.35000000000000009,0,quintic,3,0,0,3,reused_centered,2.3999999999995749,0,1.021405182655144e-14,4.0389678347315804e-28,0.00087845799862407148,0.0023563339782413095,1.1102230246251565e-16
2,8,0,10,2,0,0.40000000000000002,0.69999999999999996,0.20000000000000004,0.35000000000000009,0,quintic,2,1,0,3,recursive,1.3999999999941699,0,1.021405182655144e-14,4.0389678347315804e-28,0.00087845799862407148,0.0023563339782413095,1.1102230246251565e-16
2,8,0,10,2,0,0.40000000000000002,0.69999999999999996,0.20000000000000004,0.35000000000000009,0,quintic,2,1,0,3,direct,1.400000000026244,0,1.021405182655144e-14,4.0389678347315804e-28,0.00087845799862407148,0.0023563339782413095,1.1102230246251565e-16
2,8,0,10,2,0,0.40000000000000002,0.69999999999999996,0.20000000000000004,0.35000000000000009,0,quintic,2,1,0,3,fe_geometry,1.4000000000327117,0,1.021405182655144e-14,4.0389678347315804e-28,0.00087845799862407148,0.0023563339782413095,1.1102230246251565e-16
2,8,0,10,2,0,0.40000000000000002,0.69999999999999996,0.20000000000000004,0.35000000000000009,0,quintic,2,1,0,3,reused,1.3999999999997221,0,1.021405182655144e-14,4.0389678347315804e-28,0.00087845799862407148,0.0023563339782413095,1.1102230246251565e-16
2,8,0,10,2,0,0.40000000000000002,0.69999999999999996,0.20000000000000004,0.35000000000000009,0,quintic,2,1,0,3,reused_centered,1.4000000000009662,0,1.021405182655144e-14,4.0389678347315804e-28,0.00087845799862407148,0.0023563339782413095,1.1102230246251565e-16
2,8,0,10,2,0,0.40000000000000002,0.69999999999999996,0.20000000000000004,0.35000000000000009,0,quintic,1,2,0,3,recursive,0.7999999999987838,0,1.021405182655144e-14,4.0389678347315804e-28,0.00087845799862407148,0.0023563339782413095,1.1102230246251565e-16
2,8,0,10,2,0,0.40000000000000002,0.69999999999999996,0.20000000000000004,0.35000000000000009,0,quintic,1,2,0,3,direct,0.80000000000117433,0,1.021405182655144e-14,4.0389678347315804e-28,0.00087845799862407148,0.0023563339782413095,1.1102230246251565e-16
2,8,0,10,2,0,0.40000000000000002,0.69999999999999996,0.20000000000000004,0.35000000000000009,0,quintic,1,2,0,3,fe_geometry,0.80000000000259619,0,1.021405182655144e-14,4.0389678347315804e-28,0.00087845799862407148,0.0023563339782413095,1.1102230246251565e-16
2,8,0,10,2,0,0.40000000000000002,0.69999999999999996,0.20000000000000004,0.35000000000000009,0,quintic,1,2,0,3,reused,0.79999999999828753,0,1.021405182655144e-14,4.0389678347315804e-28,0.00087845799862407148,0.0023563339782413095,1.1102230246251565e-16
2,8,0,10,2,0,0.40000000000000002,0.69999999999999996,0.20000000000000004,0.35000000000000009,0,quintic,1,2,0,3,reused_centered,0.80000000000086136,0,1.021405182655144e-14,4.0389678347315804e-28,0.00087845799862407148,0.0023563339782413095,1.1102230246251565e-16
2,8,0,10,2,0,0.40000000000000002,0.69999999999999996,0.20000000000000004,0.35000000000000009,0,quintic,0,3,0,3,recursive,7.3500000000005539,0,1.021405182655144e-14,4.0389678347315804e-28,0.00087845799862407148,0.0023563339782413095,1.1102230246251565e-16
2,8,0,10,2,0,0.40000000000000002,0.69999999999999996,0.20000000000000004,0.35000000000000009,0,quintic,0,3,0,3,direct,7.349999999997415,0,1.021405182655144e-14,4.0389678347315804e-28,0.00087845799862407148,0.0023563339782413095,1.1102230246251565e-16
2,8,0,10,2,0,0.40000000000000002,0.69999999999999996,0.20000000000000004,0.35000000000000009,0,quintic,0,3,0,3,fe_geometry,7.3499999999966157,0,1.021405182655144e-14,4.0389678347315804e-28,0.00087845799862407148,0.0023563339782413095,1.1102230246251565e-16
2,8,0,10,2,0,0.40000000000000002,0.69999999999999996,0.20000000000000004,0.35000000000000009,0,quintic,0,3,0,3,reused,7.3500000000007928,0,1.021405182655144e-14,4.0389678347315804e-28,0.00087845799862407148,0.0023563339782413095,1.1102230246251565e-16
2,8,0,10,2,0,0.40000000000000002,0.69999999999999996,0.20000000000000004,0.35000000000000009,0,quintic,0,3,0,3,reused_centered,7.3500000000000298,0,1.021405182655144e-14,4.0389678347315804e-28,0.00087845799862407148,0.0023563339782413095,1.1102230246251565e-16
2,8,0,10,2,0,0.40000000000000002,0.69999999999999996,0.20000000000000004,0.35000000000000009,0,quintic,4,0,0,4,recursive,23.99999999945403,0,1.021405182655144e-14,4.0389678347315804e-28,0.00087845799862407148,0.0023563339782413095,1.1102230246251565e-16
2,8,0,10,2,0,0.40000000000000002,0.69999999999999996,0.20000000000000004,0.35000000000000009,0,quintic,4,0,0,4,direct,24.000000000141448,0,1.021405182655144e-14,4.0389678347315804e-28,0.00087845799862407148,0.0023563339782413095,1.1102230246251565e-16
2,8,0,10,2,0,0.40000000000000002,0.69999999999999996,0.20000000000000004,0.35000000000000009,0,quintic,4,0,0,4,fe_geometry,24.000000000162444,0,1.021405182655144e-14,4.0389678347315804e-28,0.00087845799862407148,0.0023563339782413095,1.1102230246251565e-16
2,8,0,10,2,0,0.40000000000000002,0.69999999999999996,0.20000000000000004,0.35000000000000009,0,quintic,4,0,0,4,reused,24.000000000147512,0,1.021405182655144e-14,4.0389678347315804e-28,0.00087845799862407148,0.0023563339782413095,1.1102230246251565e-16
2,8,0,10,2,0,0.40000000000000002,0.69999999999999996,0.20000000000000004,0.35000000000000009,0,quintic,4,0,0,4,reused_centered,24.000000000022553,0,1.021405182655144e-14,4.0389678347315804e-28,0.00087845799862407148,0.0023563339782413095,1.1102230246251565e-16
2,8,0,10,2,0,0.40000000000000002,0.69999999999999996,0.20000000000000004,0.35000000000000009,0,quintic,3,1,0,4,recursive,5.1779662984239582e-10,0,1.021405182655144e-14,4.0389678347315804e-28,0.00087845799862407148,0.0023563339782413095,1.1102230246251565e-16
2,8,0,10,2,0,0.40000000000000002,0.69999999999999996,0.20000000000000004,0.35000000000000009,0,quintic,3,1,0,4,direct,-1.2817198241698696e-09,0,1.021405182655144e-14,4.0389678347315804e-28,0.00087845799862407148,0.0023563339782413095,1.1102230246251565e-16
2,8,0,10,2,0,0.40000000000000002,0.69999999999999996,0.20000000000000004,0.35000000000000009,0,quintic,3,1,0,4,fe_geometry,-1.472802623658077e-09,0,1.021405182655144e-14,4.0389678347315804e-28,0.00087845799862407148,0.0023563339782413095,1.1102230246251565e-16
2,8,0,10,2,0,0.40000000000000002,0.69999999999999996,0.20000000000000004,0.35000000000000009,0,quintic,3,1,0,4,reused,9.8848162106402461e-12,0,1.021405182655144e-14,4.0389678347315804e-28,0.00087845799862407148,0.0023563339782413095,1.1102230246251565e-16
2,8,0,10,2,0,0.40000000000000002,0.69999999999999996,0.20000000000000004,0.35000000000000009,0,quintic,3,1,0,4,reused_centered,-4.0726049575458022e-11,0,1.021405182655144e-14,4.0389678347315804e-28,0.00087845799862407148,0.0023563339782413095,1.1102230246251565e-16
2,8,0,10,2,0,0.40000000000000002,0.69999999999999996,0.20000000000000004,0.35000000000000009,0,quintic,2,2,0,4,recursive,3.9999999994000843,0,1.021405182655144e-14,4.0389678347315804e-28,0.00087845799862407148,0.0023563339782413095,1.1102230246251565e-16
2,8,0,10,2,0,0.40000000000000002,0.69999999999999996,0.20000000000000004,0.35000000000000009,0,quintic,2,2,0,4,direct,4.0000000000991589,0,1.021405182655144e-14,4.0389678347315804e-28,0.00087845799862407148,0.0023563339782413095,1.1102230246251565e-16
2,8,0,10,2,0,0.40000000000000002,0.69999999999999996,0.20000000000000004,0.35000000000000009,0,quintic,2,2,0,4,fe_geometry,3.9999999999769078,0,1.021405182655144e-14,4.0389678347315804e-28,0.00087845799862407148,0.0023563339782413095,1.1102230246251565e-16
2,8,0,10,2,0,0.40000000000000002,0.69999999999999996,0.20000000000000004,0.35000000000000009,0,quintic,2,2,0,4,reused,4.0000000000972307,0,1.021405182655144e-14,4.0389678347315804e-28,0.00087845799862407148,0.0023563339782413095,1.1102230246251565e-16
2,8,0,10,2,0,0.40000000000000002,0.69999999999999996,0.20000000000000004,0.35000000000000009,0,quintic,2,2,0,4,reused_centered,3.9999999999162021,0,1.021405182655144e-14,4.0389678347315804e-28,0.00087845799862407148,0.0023563339782413095,1.1102230246251565e-16
2,8,0,10,2,0,0.40000000000000002,0.69999999999999996,0.20000000000000004,0.35000000000000009,0,quintic,1,3,0,4,recursive,1.2922305130318147e-10,0,1.021405182655144e-14,4.0389678347315804e-28,0.00087845799862407148,0.0023563339782413095,1.1102230246251565e-16
2,8,0,10,2,0,0.40000000000000002,0.69999999999999996,0.20000000000000004,0.35000000000000009,0,quintic,1,3,0,4,direct,6.6433062576365409e-10,0,1.021405182655144e-14,4.0389678347315804e-28,0.00087845799862407148,0.0023563339782413095,1.1102230246251565e-16
2,8,0,10,2,0,0.40000000000000002,0.69999999999999996,0.20000000000000004,0.35000000000000009,0,quintic,1,3,0,4,fe_geometry,8.6650887683301827e-10,0,1.021405182655144e-14,4.0389678347315804e-28,0.00087845799862407148,0.0023563339782413095,1.1102230246251565e-16
2,8,0,10,2,0,0.40000000000000002,0.69999999999999996,0.20000000000000004,0.35000000000000009,0,quintic,1,3,0,4,reused,6.3974737799081044e-12,0,1.021405182655144e-14,4.0389678347315804e-28,0.00087845799862407148,0.0023563339782413095,1.1102230246251565e-16
2,8,0,10,2,0,0.40000000000000002,0.69999999999999996,0.20000000000000004,0.35000000000000009,0,quintic,1,3,0,4,reused_centered,7.7940585089516936e-12,0,1.021405182655144e-14,4.0389678347315804e-28,0.00087845799862407148,0.0023563339782413095,1.1102230246251565e-16
2,8,0,10,2,0,0.40000000000000002,0.69999999999999996,0.20000000000000004,0.35000000000000009,0,quintic,0,4,0,4,recursive,41.999999999927454,0,1.021405182655144e-14,4.0389678347315804e-28,0.00087845799862407148,0.0023563339782413095,1.1102230246251565e-16
2,8,0,10,2,0,0.40000000000000002,0.69999999999999996,0.20000000000000004,0.35000000000000009,0,quintic,0,4,0,4,direct,42.000000000117808,0,1.021405182655144e-14,4.0389678347315804e-28,0.00087845799862407148,0.0023563339782413095,1.1102230246251565e-16
2,8,0,10,2,0,0.40000000000000002,0.69999999999999996,0.20000000000000004,0.35000000000000009,0,quintic,0,4,0,4,fe_geometry,42.000000000157968,0,1.021405182655144e-14,4.0389678347315804e-28,0.00087845799862407148,0.0023563339782413095,1.1102230246251565e-16
2,8,0,10,2,0,0.40000000000000002,0.69999999999999996,0.20000000000000004,0.35000000000000009,0,quintic,0,4,0,4,reused,41.99999999990996,0,1.021405182655144e-14,4.0389678347315804e-28,0.00087845799862407148,0.0023563339782413095,1.1102230246251565e-16
2,8,0,10,2,0,0.40000000000000002,0.69999999999999996,0.20000000000000004,0.35000000000000009,0,quintic,0,4,0,4,reused_centered,41.999999999997371,0,1.021405182655144e-14,4.0389678347315804e-28,0.00087845799862407148,0.0023563339782413095,1.1102230246251565e-16
2,8,0,10,2,0,0.40000000000000002,0.69999999999999996,0.20000000000000004,0.35000000000000009,0,quintic,5,0,0,5,recursive,120.00000001739042,0,1.021405182655144e-14,4.0389678347315804e-28,0.00087845799862407148,0.0023563339782413095,1.1102230246251565e-16
2,8,0,10,2,0,0.40000000000000002,0.69999999999999996,0.20000000000000004,0.35000000000000009,0,quintic,5,0,0,5,direct,119.9999999972889,0,1.021405182655144e-14,4.0389678347315804e-28,0.00087845799862407148,0.0023563339782413095,1.1102230246251565e-16
2,8,0,10,2,0,0.40000000000000002,0.69999999999999996,0.20000000000000004,0.35000000000000009,0,quintic,5,0,0,5,fe_geometry,119.99999999871969,0,1.021405182655144e-14,4.0389678347315804e-28,0.00087845799862407148,0.0023563339782413095,1.1102230246251565e-16
2,8,0,10,2,0,0.40000000000000002,0.69999999999999996,0.20000000000000004,0.35000000000000009,0,quintic,5,0,0,5,reused,119.99999999114848,0,1.021405182655144e-14,4.0389678347315804e-28,0.00087845799862407148,0.0023563339782413095,1.1102230246251565e-16
2,8,0,10,2,0,0.40000000000000002,0.69999999999999996,0.20000000000000004,0.35000000000000009,0,quintic,5,0,0,5,reused_centered,120.00000000098431,0,1.021405182655144e-14,4.0389678347315804e-28,0.00087845799862407148,0.0023563339782413095,1.1102230246251565e-16
2,8,0,10,2,0,0.40000000000000002,0.69999999999999996,0.20000000000000004,0.35000000000000009,0,quintic,4,1,0,5,recursive,-1.7563663776134446e-08,0,1.021405182655144e-14,4.0389678347315804e-28,0.00087845799862407148,0.0023563339782413095,1.1102230246251565e-16
2,8,0,10,2,0,0.40000000000000002,0.69999999999999996,0.20000000000000004,0.35000000000000009,0,quintic,4,1,0,5,direct,3.945300757977749e-08,0,1.021405182655144e-14,4.0389678347315804e-28,0.00087845799862407148,0.0023563339782413095,1.1102230246251565e-16
2,8,0,10,2,0,0.40000000000000002,0.69999999999999996,0.20000000000000004,0.35000000000000009,0,quintic,4,1,0,5,fe_geometry,4.0843209912292886e-08,0,1.021405182655144e-14,4.0389678347315804e-28,0.00087845799862407148,0.0023563339782413095,1.1102230246251565e-16
2,8,0,10,2,0,0.40000000000000002,0.69999999999999996,0.20000000000000004,0.35000000000000009,0,quintic,4,1,0,5,reused,2.2627172062564783e-09,0,1.021405182655144e-14,4.0389678347315804e-28,0.00087845799862407148,0.0023563339782413095,1.1102230246251565e-16
2,8,0,10,2,0,0.40000000000000002,0.69999999999999996,0.20000000000000004,0.35000000000000009,0,quintic,4,1,0,5,reused_centered,1.8136792500429719e-09,0,1.021405182655144e-14,4.0389678347315804e-28,0.00087845799862407148,0.0023563339782413095,1.1102230246251565e-16
2,8,0,10,2,0,0.40000000000000002,0.69999999999999996,0.20000000000000004,0.35000000000000009,0,quintic,3,2,0,5,recursive,7.6324274426069011e-08,0,1.021405182655144e-14,4.0389678347315804e-28,0.00087845799862407148,0.0023563339782413095,1.1102230246251565e-16
2,8,0,10,2,0,0.40000000000000002,0.69999999999999996,0.20000000000000004,0.35000000000000009,0,quintic,3,2,0,5,direct,-5.7875330912793156e-09,0,1.021405182655144e-14,4.0389678347315804e-28,0.00087845799862407148,0.0023563339782413095,1.1102230246251565e-16
2,8,0,10,2,0,0.40000000000000002,0.69999999999999996,0.20000000000000004,0.35000000000000009,0,quintic,3,2,0,5,fe_geometry,-2.4481390983619871e-09,0,1.021405182655144e-14,4.0389678347315804e-28,0.00087845799862407148,0.0023563339782413095,1.1102230246251565e-16
2,8,0,10,2,0,0.40000000000000002,0.69999999999999996,0.20000000000000004,0.35000000000000009,0,quintic,3,2,0,5,reused,-2.9405882962544686e-09,0,1.021405182655144e-14,4.0389678347315804e-28,0.00087845799862407148,0.0023563339782413095,1.1102230246251565e-16
2,8,0,10,2,0,0.40000000000000002,0.69999999999999996,0.20000000000000004,0.35000000000000009,0,quintic,3,2,0,5,reused_centered,5.7847492711111585e-09,0,1.021405182655144e-14,4.0389678347315804e-28,0.00087845799862407148,0.0023563339782413095,1.1102230246251565e-16
2,8,0,10,2,0,0.40000000000000002,0.69999999999999996,0.20000000000000004,0.35000000000000009,0,quintic,2,3,0,5,recursive,5.5726167163732953e-08,0,1.021405182655144e-14,4.0389678347315804e-28,0.00087845799862407148,0.0023563339782413095,1.1102230246251565e-16
2,8,0,10,2,0,0.40000000000000002,0.69999999999999996,0.20000000000000004,0.35000000000000009,0,quintic,2,3,0,5,direct,-7.8615345246362286e-08,0,1.021405182655144e-14,4.0389678347315804e-28,0.00087845799862407148,0.0023563339782413095,1.1102230246251565e-16
2,8,0,10,2,0,0.40000000000000002,0.69999999999999996,0.20000000000000004,0.35000000000000009,0,quintic,2,3,0,5,fe_geometry,-9.1406834700764518e-08,0,1.021405182655144e-14,4.0389678347315804e-28,0.00087845799862407148,0.0023563339782413095,1.1102230246251565e-16
2,8,0,10,2,0,0.40000000000000002,0.69999999999999996,0.20000000000000004,0.35000000000000009,0,quintic,2,3,0,5,reused,-1.0625801581837818e-09,0,1.021405182655144e-14,4.0389678347315804e-28,0.00087845799862407148,0.0023563339782413095,1.1102230246251565e-16
2,8,0,10,2,0,0.40000000000000002,0.69999999999999996,0.20000000000000004,0.35000000000000009,0,quintic,2,3,0,5,reused_centered,8.8853708617524493e-10,0,1.021405182655144e-14,4.0389678347315804e-28,0.00087845799862407148,0.0023563339782413095,1.1102230246251565e-16
2,8,0,10,2,0,0.40000000000000002,0.69999999999999996,0.20000000000000004,0.35000000000000009,0,quintic,1,4,0,5,recursive,3.2664167546385946e-09,0,1.021405182655144e-14,4.0389678347315804e-28,0.00087845799862407148,0.0023563339782413095,1.1102230246251565e-16
2,8,0,10,2,0,0.40000000000000002,0.69999999999999996,0.20000000000000004,0.35000000000000009,0,quintic,1,4,0,5,direct,-1.4768693949918087e-08,0,1.021405182655144e-14,4.0389678347315804e-28,0.00087845799862407148,0.0023563339782413095,1.1102230246251565e-16
2,8,0,10,2,0,0.40000000000000002,0.69999999999999996,0.20000000000000004,0.35000000000000009,0,quintic,1,4,0,5,fe_geometry,-1.7286760750635682e-08,0,1.021405182655144e-14,4.0389678347315804e-28,0.00087845799862407148,0.0023563339782413095,1.1102230246251565e-16
2,8,0,10,2,0,0.40000000000000002,0.69999999999999996,0.20000000000000004,0.35000000000000009,0,quintic,1,4,0,5,reused,4.0313695080296177e-09,0,1.021405182655144e-14,4.0389678347315804e-28,0.00087845799862407148,0.0023563339782413095,1.1102230246251565e-16
2,8,0,10,2,0,0.40000000000000002,0.69999999999999996,0.20000000000000004,0.35000000000000009,0,quintic,1,4,0,5,reused_centered,-5.0597581553533493e-09,0,1.021405182655144e-14,4.0389678347315804e-28,0.00087845799862407148,0.0023563339782413095,1.1102230246251565e-16
2,8,0,10,2,0,0.40000000000000002,0.69999999999999996,0.20000000000000004,0.35000000000000009,0,quintic,0,5,0,5,recursive,119.99999998887249,0,1.021405182655144e-14,4.0389678347315804e-28,0.00087845799862407148,0.0023563339782413095,1.1102230246251565e-16
2,8,0,10,2,0,0.40000000000000002,0.69999999999999996,0.20000000000000004,0.35000000000000009,0,quintic,0,5,0,5,direct,120.00000000032507,0,1.021405182655144e-14,4.0389678347315804e-28,0.00087845799862407148,0.0023563339782413095,1.1102230246251565e-16
2,8,0,10,2,0,0.40000000000000002,0.69999999999999996,0.20000000000000004,0.35000000000000009,0,quintic,0,5,0,5,fe_geometry,120.00000000264519,0,1.021405182655144e-14,4.0389678347315804e-28,0.00087845799862407148,0.0023563339782413095,1.1102230246251565e-16
2,8,0,10,2,0,0.40000000000000002,0.69999999999999996,0.20000000000000004,0.35000000000000009,0,quintic,0,5,0,5,reused,119.99999999663906,0,1.021405182655144e-14,4.0389678347315804e-28,0.00087845799862407148,0.0023563339782413095,1.1102230246251565e-16
2,8,0,10,2,0,0.40000000000000002,0.69999999999999996,0.20000000000000004,0.35000000000000009,0,quintic,0,5,0,5,reused_centered,119.99999999899289,0,1.021405182655144e-14,4.0389678347315804e-28,0.00087845799862407148,0.0023563339782413095,1.1102230246251565e-16
2,8,0,10,2,0,0.40000000000000002,0.69999999999999996,0.20000000000000004,0.35000000000000009,0,quintic,6,0,0,6,recursive,-2.5002301489709269e-07,0,1.021405182655144e-14,4.0389678347315804e-28,0.00087845799862407148,0.0023563339782413095,1.1102230246251565e-16
2,8,0,10,2,0,0.40000000000000002,0.69999999999999996,0.20000000000000004,0.35000000000000009,0,quintic,6,0,0,6,direct,0,0,1.021405182655144e-14,4.0389678347315804e-28,0.00087845799862407148,0.0023563339782413095,1.1102230246251565e-16
2,8,0,10,2,0,0.40000000000000002,0.69999999999999996,0.20000000000000004,0.35000000000000009,0,quintic,6,0,0,6,fe_geometry,3.7573690758791235e-08,0,1.021405182655144e-14,4.0389678347315804e-28,0.00087845799862407148,0.0023563339782413095,1.1102230246251565e-16
2,8,0,10,2,0,0.40000000000000002,0.69999999999999996,0.20000000000000004,0.35000000000000009,0,quintic,6,0,0,6,reused,-3.1244680839518961e-08,0,1.021405182655144e-14,4.0389678347315804e-28,0.00087845799862407148,0.0023563339782413095,1.1102230246251565e-16
2,8,0,10,2,0,0.40000000000000002,0.69999999999999996,0.20000000000000004,0.35000000000000009,0,quintic,6,0,0,6,reused_centered,-2.9554771429107699e-09,0,1.021405182655144e-14,4.0389678347315804e-28,0.00087845799862407148,0.0023563339782413095,1.1102230246251565e-16
2,8,0,10,2,0,0.40000000000000002,0.69999999999999996,0.20000000000000004,0.35000000000000009,0,quintic,5,1,0,6,recursive,1.5301377982934339e-07,0,1.021405182655144e-14,4.0389678347315804e-28,0.00087845799862407148,0.0023563339782413095,1.1102230246251565e-16
2,8,0,10,2,0,0.40000000000000002,0.69999999999999996,0.20000000000000004,0.35000000000000009,0,quintic,5,1,0,6,direct,-6.084887643301045e-07,0,1.021405182655144e-14,4.0389678347315804e-28,0.00087845799862407148,0.0023563339782413095,1.1102230246251565e-16
2,8,0,10,2,0,0.40000000000000002,0.69999999999999996,0.20000000000000004,0.35000000000000009,0,quintic,5,1,0,6,fe_geometry,-5.7933785086790149e-07,0,1.021405182655144e-14,4.0389678347315804e-28,0.00087845799862407148,0.0023563339782413095,1.1102230246251565e-16
2,8,0,10,2,0,0.40000000000000002,0.69999999999999996,0.20000000000000004,0.35000000000000009,0,quintic,5,1,0,6,reused,-1.674943429047246e-07,0,1.021405182655144e-14,4.0389678347315804e-28,0.00087845799862407148,0.0023563339782413095,1.1102230246251565e-16
2,8,0,10,2,0,0.40000000000000002,0.69999999999999996,0.20000000000000004,0.35000000000000009,0,quintic,5,1,0,6,reused_centered,-7.4363728329669441e-08,0,1.021405182655144e-14,4.0389678347315804e-28,0.00087845799862407148,0.0023563339782413095,1.1102230246251565e-16
2,8,0,10,2,0,0.40000000000000002,0.69999999999999996,0.20000000000000004,0.35000000000000009,0,quintic,4,2,0,6,recursive,-4.6356818906701179e-06,0,1.021405182655144e-14,4.0389678347315804e-28,0.00087845799862407148,0.0023563339782413095,1.1102230246251565e-16
2,8,0,10,2,0,0.40000000000000002,0.69999999999999996,0.20000000000000004,0.35000000000000009,0,quintic,4,2,0,6,direct,2.0085200783796559e-07,0,1.021405182655144e-14,4.0389678347315804e-28,0.00087845799862407148,0.0023563339782413095,1.1102230246251565e-16
2,8,0,10,2,0,0.40000000000000002,0.69999999999999996,0.20000000000000004,0.35000000000000009,0,quintic,4,2,0,6,fe_geometry,2.0874434502614509e-07,0,1.021405182655144e-14,4.0389678347315804e-28,0.00087845799862407148,0.0023563339782413095,1.1102230246251565e-16
2,8,0,10,2,0,0.40000000000000002,0.69999999999999996,0.20000000000000004,0.35000000000000009,0,quintic,4,2,0,6,reused,8.6375759535982866e-08,0,1.021405182655144e-14,4.0389678347315804e-28,0.00087845799862407148,0.0023563339782413095,1.1102230246251565e-16
2,8,0,10,2,0,0.40000000000000002,0.69999999999999996,0.20000000000000004,0.35000000000000009,0,quintic,4,2,0,6,reused_centered,-2.5940278875893174e-07,0,1.021405182655144e-14,4.0389678347315804e-28,0.00087845799862407148,0.0023563339782413095,1.1102230246251565e-16
2,8,0,10,2,0,0.40000000000000002,0.69999999999999996,0.20000000000000004,0.35000000000000009,0,quintic,3,3,0,6,recursive,-5.9030091666091248e-06,0,1.021405182655144e-14,4.0389678347315804e-28,0.00087845799862407148,0.0023563339782413095,1.1102230246251565e-16
2,8,0,10,2,0,0.40000000000000002,0.69999999999999996,0.20000000000000004,0.35000000000000009,0,quintic,3,3,0,6,direct,4.1577871727349704e-06,0,1.021405182655144e-14,4.0389678347315804e-28,0.00087845799862407148,0.0023563339782413095,1.1102230246251565e-16
2,8,0,10,2,0,0.40000000000000002,0.69999999999999996,0.20000000000000004,0.35000000000000009,0,quintic,3,3,0,6,fe_geometry,4.5476879223242744e-06,0,1.021405182655144e-14,4.0389678347315804e-28,0.00087845799862407148,0.0023563339782413095,1.1102230246251565e-16
2,8,0,10,2,0,0.40000000000000002,0.69999999999999996,0.20000000000000004,0.35000000000000009,0,quintic,3,3,0,6,reused,1.8376128381022269e-07,0,1.021405182655144e-14,4.0389678347315804e-28,0.00087845799862407148,0.0023563339782413095,1.1102230246251565e-16
2,8,0,10,2,0,0.40000000000000002,0.69999999999999996,0.20000000000000004,0.35000000000000009,0,quintic,3,3,0,6,reused_centered,-5.5808028797711358e-08,0,1.021405182655144e-14,4.0389678347315804e-28,0.00087845799862407148,0.0023563339782413095,1.1102230246251565e-16
2,8,0,10,2,0,0.40000000000000002,0.69999999999999996,0.20000000000000004,0.35000000000000009,0,quintic,2,4,0,6,recursive,3.8346522918543299e-06,0,1.021405182655144e-14,4.0389678347315804e-28,0.00087845799862407148,0.0023563339782413095,1.1102230246251565e-16
2,8,0,10,2,0,0.40000000000000002,0.69999999999999996,0.20000000000000004,0.35000000000000009,0,quintic,2,4,0,6,direct,3.144794725812971e-07,0,1.021405182655144e-14,4.0389678347315804e-28,0.00087845799862407148,0.0023563339782413095,1.1102230246251565e-16
2,8,0,10,2,0,0.40000000000000002,0.69999999999999996,0.20000000000000004,0.35000000000000009,0,quintic,2,4,0,6,fe_geometry,5.9067350396925147e-07,0,1.021405182655144e-14,4.0389678347315804e-28,0.00087845799862407148,0.0023563339782413095,1.1102230246251565e-16
2,8,0,10,2,0,0.40000000000000002,0.69999999999999996,0.20000000000000004,0.35000000000000009,0,quintic,2,4,0,6,reused,-2.8694780888747808e-07,0,1.021405182655144e-14,4.0389678347315804e-28,0.00087845799862407148,0.0023563339782413095,1.1102230246251565e-16
2,8,0,10,2,0,0.40000000000000002,0.69999999999999996,0.20000000000000004,0.35000000000000009,0,quintic,2,4,0,6,reused_centered,4.8567586161401457e-07,0,1.021405182655144e-14,4.0389678347315804e-28,0.00087845799862407148,0.0023563339782413095,1.1102230246251565e-16
2,8,0,10,2,0,0.40000000000000002,0.69999999999999996,0.20000000000000004,0.35000000000000009,0,quintic,1,5,0,6,recursive,-4.9939330089859638e-07,0,1.021405182655144e-14,4.0389678347315804e-28,0.00087845799862407148,0.0023563339782413095,1.1102230246251565e-16
2,8,0,10,2,0,0.40000000000000002,0.69999999999999996,0.20000000000000004,0.35000000000000009,0,quintic,1,5,0,6,direct,-4.8827671071194353e-07,0,1.021405182655144e-14,4.0389678347315804e-28,0.00087845799862407148,0.0023563339782413095,1.1102230246251565e-16
2,8,0,10,2,0,0.40000000000000002,0.69999999999999996,0.20000000000000004,0.35000000000000009,0,quintic,1,5,0,6,fe_geometry,-7.2717528521302098e-07,0,1.021405182655144e-14,4.0389678347315804e-28,0.00087845799862407148,0.0023563339782413095,1.1102230246251565e-16
2,8,0,10,2,0,0.40000000000000002,0.69999999999999996,0.20000000000000004,0.35000000000000009,0,quintic,1,5,0,6,reused,-8.4366054709332892e-08,0,1.021405182655144e-14,4.0389678347315804e-28,0.00087845799862407148,0.0023563339782413095,1.1102230246251565e-16
2,8,0,10,2,0,0.40000000000000002,0.69999999999999996,0.20000000000000004,0.35000000000000009,0,quintic,1,5,0,6,reused_centered,2.2163801945612894e-07,0,1.021405182655144e-14,4.0389678347315804e-28,0.00087845799862407148,0.0023563339782413095,1.1102230246251565e-16
2,8,0,10,2,0,0.40000000000000002,0.69999999999999996,0.20000000000000004,0.35000000000000009,0,quintic,0,6,0,6,recursive,7.2949317252670951e-07,0,1.021405182655144e-14,4.0389678347315804e-28,0.00087845799862407148,0.0023563339782413095,1.1102230246251565e-16
2,8,0,10,2,0,0.40000000000000002,0.69999999999999996,0.20000000000000004,0.35000000000000009,0,quintic,0,6,0,6,direct,0,0,1.021405182655144e-14,4.0389678347315804e-28,0.00087845799862407148,0.0023563339782413095,1.1102230246251565e-16
2,8,0,10,2,0,0.40000000000000002,0.69999999999999996,0.20000000000000004,0.35000000000000009,0,quintic,0,6,0,6,fe_geometry,5.5692718946763702e-08,0,1.021405182655144e-14,4.0389678347315804e-28,0.00087845799862407148,0.0023563339782413095,1.1102230246251565e-16
2,8,0,10,2,0,0.40000000000000002,0.69999999999999996,0.20000000000000004,0.35000000000000009,0,quintic,0,6,0,6,reused,-7.8580097752499823e-08,0,1.021405182655144e-14,4.0389678347315804e-28,0.00087845799862407148,0.0023563339782413095,1.1102230246251565e-16
2,8,0,10,2,0,0.40000000000000002,0.69999999999999996,0.20000000000000004,0.35000000000000009,0,quintic,0,6,0,6,reused_centered,-2.7973081921719109e-08,0,1.021405182655144e-14,4.0389678347315804e-28,0.00087845799862407148,0.0023563339782413095,1.1102230246251565e-16
2,8,0,10,2,0,0.40000000000000002,0.69999999999999996,0.20000000000000004,0.35000000000000009,0,quintic,7,0,0,7,recursive,-1.8178566472923727e-06,0,1.021405182655144e-14,4.0389678347315804e-28,0.00087845799862407148,0.0023563339782413095,1.1102230246251565e-16
2,8,0,10,2,0,0.40000000000000002,0.69999999999999996,0.20000000000000004,0.35000000000000009,0,quintic,7,0,0,7,direct,0,0,1.021405182655144e-14,4.0389678347315804e-28,0.00087845799862407148,0.0023563339782413095,1.1102230246251565e-16
2,8,0,10,2,0,0.40000000000000002,0.69999999999999996,0.20000000000000004,0.35000000000000009,0,quintic,7,0,0,7,fe_geometry,5.8878205382280187e-07,0,1.021405182655144e-14,4.0389678347315804e-28,0.00087845799862407148,0.0023563339782413095,1.1102230246251565e-16
2,8,0,10,2,0,0.40000000000000002,0.69999999999999996,0.20000000000000004,0.35000000000000009,0,quintic,7,0,0,7,reused,-5.3027090100070508e-07,0,1.021405182655144e-14,4.0389678347315804e-28,0.00087845799862407148,0.0023563339782413095,1.1102230246251565e-16
2,8,0,10,2,0,0.40000000000000002,0.69999999999999996,0.20000000000000004,0.35000000000000009,0,quintic,7,0,0,7,reused_centered,-2.5151226946101361e-09,0,1.021405182655144e-14,4.0389678347315804e-28,0.00087845799862407148,0.0023563339782413095,1.1102230246251565e-16
2,8,0,10,2,0,0.40000000000000002,0.69999999999999996,0.20000000000000004,0.35000000000000009,0,quintic,6,1,0,7,recursive,2.6195201085246969e-06,0,1.021405182655144e-14,4.0389678347315804e-28,0.00087845799862407148,0.0023563339782413095,1.1102230246251565e-16
2,8,0,10,2,0,0.40000000000000002,0.69999999999999996,0.20000000000000004,0.35000000000000009,0,quintic,6,1,0,7,direct,0,0,1.021405182655144e-14,4.0389678347315804e-28,0.00087845799862407148,0.0023563339782413095,1.1102230246251565e-16
2,8,0,10,2,0,0.40000000000000002,0.69999999999999996,0.20000000000000004,0.35000000000000009,0,quintic,6,1,0,7,fe_geometry,4.6177392332065849e-07,0,1.021405182655144e-14,4.0389678347315804e-28,0.00087845799862407148,0.0023563339782413095,1.1102230246251565e-16
2,8,0,10,2,0,0.40000000000000002,0.69999999999999996,0.20000000000000004,0.35000000000000009,0,quintic,6,1,0,7,reused,1.0066420819310082e-07,0,1.021405182655144e-14,4.0389678347315804e-28,0.00087845799862407148,0.0023563339782413095,1.1102230246251565e-16
2,8,0,10,2,0,0.40000000000000002,0.69999999999999996,0.20000000000000004,0.35000000000000009,0,quintic,6,1,0,7,reused_centered,-3.6704599868736093e-08,0,1.021405182655144e-14,4.0389678347315804e-28,0.00087845799862407148,0.0023563339782413095,1.1102230246251565e-16
2,8,0,10,2,0,0.40000000000000002,0.69999999999999996,0.20000000000000004,0.35000000000000009,0,quintic,5,2,0,7,recursive,0.00014732764052526038,0,1.021405182655144e-14,4.0389678347315804e-28,0.00087845799862407148,0.0023563339782413095,1.1102230246251565e-16
2,8,0,10,2,0,0.40000000000000002,0.69999999999999996,0.20000000000000004,0.35000000000000009,0,quintic,5,2,0,7,direct,-3.9453698135912367e-06,0,1.021405182655144e-14,4.0389678347315804e-28,0.00087845799862407148,0.0023563339782413095,1.1102230246251565e-16
2,8,0,10,2,0,0.40000000000000002,0.69999999999999996,0.20000000000000004,0.35000000000000009,0,quintic,5,2,0,7,fe_geometry,-4.7109770899818091e-06,0,1.021405182655144e-14,4.0389678347315804e-28,0.00087845799862407148,0.0023563339782413095,1.1102230246251565e-16
2,8,0,10,2,0,0.40000000000000002,0.69999999999999996,0.20000000000000004,0.35000000000000009,0,quintic,5,2,0,7,reused,-4.6640350824573374e-06,0,1.021405182655144e-14,4.0389678347315804e-28,0.00087845799862407148,0.0023563339782413095,1.1102230246251565e-16
2,8,0,10,2,0,0.40000000000000002,0.69999999999999996,0.20000000000000004,0.35000000000000009,0,quintic,5,2,0,7,reused_centered,5.5940164077917514e-06,0,1.021405182655144e-14,4.0389678347315804e-28,0.00087845799862407148,0.0023563339782413095,1.1102230246251565e-16
2,8,0,10,2,0,0.40000000000000002,0.69999999999999996,0.20000000000000004,0.35000000000000009,0,quintic,4,3,0,7,recursive,0.00030888390030973164,0,1.021405182655144e-14,4.0389678347315804e-28,0.00087845799862407148,0.0023563339782413095,1.1102230246251565e-16
2,8,0,10,2,0,0.40000000000000002,0.69999999999999996,0.20000000000000004,0.35000000000000009,0,quintic,4,3,0,7,direct,-0.00012900099311023952,0,1.021405182655144e-14,4.0389678347315804e-28,0.00087845799862407148,0.0023563339782413095,1.1102230246251565e-16
2,8,0,10,2,0,0.40000000000000002,0.69999999999999996,0.20000000000000004,0.35000000000000009,0,quintic,4,3,0,7,fe_geometry,-0.00013173589080657744,0,1.021405182655144e-14,4.0389678347315804e-28,0.00087845799862407148,0.0023563339782413095,1.1102230246251565e-16
2,8,0,10,2,0,0.40000000000000002,0.69999999999999996,0.20000000000000004,0.35000000000000009,0,quintic,4,3,0,7,reused,-1.7064780730427581e-05,0,1.021405182655144e-14,4.0389678347315804e-28,0.00087845799862407148,0.0023563339782413095,1.1102230246251565e-16
2,8,0,10,2,0,0.40000000000000002,0.69999999999999996,0.20000000000000004,0.35000000000000009,0,quintic,4,3,0,7,reused_centered,-4.9933280939574982e-07,0,1.021405182655144e-14,4.0389678347315804e-28,0.00087845799862407148,0.0023563339782413095,1.1102230246251565e-16
2,8,0,10,2,0,0.40000000000000002,0.69999999999999996,0.20000000000000004,0.35000000000000009,0,quintic,3,4,0,7,recursive,-0.00045564999768262242,0,1.021405182655144e-14,4.0389678347315804e-28,0.00087845799862407148,0.0023563339782413095,1.1102230246251565e-16
2,8,0,10,2,0,0.40000000000000002,0.69999999999999996,0.20000000000000004,0.35000000000000009,0,quintic,3,4,0,7,direct,-5.5069128982722886e-06,0,1.021405182655144e-14,4.0389678347315804e-28,0.00087845799862407148,0.0023563339782413095,1.1102230246251565e-16
2,8,0,10,2,0,0.40000000000000002,0.69999999999999996,0.20000000000000004,0.35000000000000009,0,quintic,3,4,0,7,fe_geometry,-1.358899774311019e-05,0,1.021405182655144e-14,4.0389678347315804e-28,0.00087845799862407148,0.0023563339782413095,1.1102230246251565e-16
2,8,0,10,2,0,0.40000000000000002,0.69999999999999996,0.20000000000000004,0.35000000000000009,0,quintic,3,4,0,7,reused,1.4756821638280683e-05,0,1.021405182655144e-14,4.0389678347315804e-28,0.00087845799862407148,0.0023563339782413095,1.1102230246251565e-16
2,8,0,10,2,0,0.40000000000000002,0.69999999999999996,0.20000000000000004,0.35000000000000009,0,quintic,3,4,0,7,reused_centered,-2.8013336423189197e-05,0,1.021405182655144e-14,4.0389678347315804e-28,0.00087845799862407148,0.0023563339782413095,1.1102230246251565e-16
2,8,0,10,2,0,0.40000000000000002,0.69999999999999996,0.20000000000000004,0.35000000000000009,0,quintic,2,5,0,7,recursive,-0.00034653868585518018,0,1.021405182655144e-14,4.0389678347315804e-28,0.00087845799862407148,0.0023563339782413095,1.1102230246251565e-16
2,8,0,10,2,0,0.40000000000000002,0.69999999999999996,0.20000000000000004,0.35000000000000009,0,quintic,2,5,0,7,direct,0.00013738610269501805,0,1.021405182655144e-14,4.0389678347315804e-28,0.00087845799862407148,0.0023563339782413095,1.1102230246251565e-16
2,8,0,10,2,0,0.40000000000000002,0.69999999999999996,0.20000000000000004,0.35000000000000009,0,quintic,2,5,0,7,fe_geometry,0.00015817508680351255,0,1.021405182655144e-14,4.0389678347315804e-28,0.00087845799862407148,0.0023563339782413095,1.1102230246251565e-16
2,8,0,10,2,0,0.40000000000000002,0.69999999999999996,0.20000000000000004,0.35000000000000009,0,quintic,2,5,0,7,reused,1.169829783115578e-05,0,1.021405182655144e-14,4.0389678347315804e-28,0.00087845799862407148,0.0023563339782413095,1.1102230246251565e-16
2,8,0,10,2,0,0.40000000000000002,0.69999999999999996,0.20000000000000004,0.35000000000000009,0,quintic,2,5,0,7,reused_centered,-2.5118539897937927e-05,0,1.021405182655144e-14,4.0389678347315804e-28,0.00087845799862407148,0.0023563339782413095,1.1102230246251565e-16
2,8,0,10,2,0,0.40000000000000002,0.69999999999999996,0.20000000000000004,0.35000000000000009,0,quintic,1,6,0,7,recursive,2.7061646856406442e-06,0,1.021405182655144e-14,4.0389678347315804e-28,0.00087845799862407148,0.0023563339782413095,1.1102230246251565e-16
2,8,0,10,2,0,0.40000000000000002,0.69999999999999996,0.20000000000000004,0.35000000000000009,0,quintic,1,6,0,7,direct,0,0,1.021405182655144e-14,4.0389678347315804e-28,0.00087845799862407148,0.0023563339782413095,1.1102230246251565e-16
2,8,0,10,2,0,0.40000000000000002,0.69999999999999996,0.20000000000000004,0.35000000000000009,0,quintic,1,6,0,7,fe_geometry,-6.0846369775698998e-06,0,1.021405182655144e-14,4.0389678347315804e-28,0.00087845799862407148,0.0023563339782413095,1.1102230246251565e-16
2,8,0,10,2,0,0.40000000000000002,0.69999999999999996,0.20000000000000004,0.35000000000000009,0,quintic,1,6,0,7,reused,3.4528230100339966e-06,0,1.021405182655144e-14,4.0389678347315804e-28,0.00087845799862407148,0.0023563339782413095,1.1102230246251565e-16
2,8,0,10,2,0,0.40000000000000002,0.69999999999999996,0.20000000000000004,0.35000000000000009,0,quintic,1,6,0,7,reused_centered,9.4042854906616846e-07,0,1.021405182655144e-14,4.0389678347315804e-28,0.00087845799862407148,0.0023563339782413095,1.1102230246251565e-16
2,8,0,10,2,0,0.40000000000000002,0.69999999999999996,0.20000000000000004,0.35000000000000009,0,quintic,0,7,0,7,recursive,4.4304588891373782e-06,0,1.021405182655144e-14,4.0389678347315804e-28,0.00087845799862407148,0.0023563339782413095,1.1102230246251565e-16
2,8,0,10,2,0,0.40000000000000002,0.69999999999999996,0.20000000000000004,0.35000000000000009,0,quintic,0,7,0,7,direct,0,0,1.021405182655144e-14,4.0389678347315804e-28,0.00087845799862407148,0.0023563339782413095,1.1102230246251565e-16
2,8,0,10,2,0,0.40000000000000002,0.69999999999999996,0.20000000000000004,0.35000000000000009,0,quintic,0,7,0,7,fe_geometry,7.492054529785861e-07,0,1.021405182655144e-14,4.0389678347315804e-28,0.00087845799862407148,0.0023563339782413095,1.1102230246251565e-16
2,8,0,10,2,0,0.40000000000000002,0.69999999999999996,0.20000000000000004,0.35000000000000009,0,quintic,0,7,0,7,reused,-1.0165555319304207e-06,0,1.021405182655144e-14,4.0389678347315804e-28,0.00087845799862407148,0.0023563339782413095,1.1102230246251565e-16
2,8,0,10,2,0,0.40000000000000002,0.69999999999999996,0.20000000000000004,0.35000000000000009,0,quintic,0,7,0,7,reused_centered,-3.6408588921135292e-07,0,1.021405182655144e-14,4.0389678347315804e-28,0.00087845799862407148,0.0023563339782413095,1.1102230246251565e-16
2,8,0,10,2,0,0.40000000000000002,0.69999999999999996,0.20000000000000004,0.35000000000000009,0,quintic,8,0,0,8,recursive,-1.579448202122652e-05,0,1.021405182655144e-14,4.0389678347315804e-28,0.00087845799862407148,0.0023563339782413095,1.1102230246251565e-16
2,8,0,10,2,0,0.40000000000000002,0.69999999999999996,0.20000000000000004,0.35000000000000009,0,quintic,8,0,0,8,direct,0,0,1.021405182655144e-14,4.0389678347315804e-28,0.00087845799862407148,0.0023563339782413095,1.1102230246251565e-16
2,8,0,10,2,0,0.40000000000000002,0.69999999999999996,0.20000000000000004,0.35000000000000009,0,quintic,8,0,0,8,fe_geometry,9.633089523207736e-06,0,1.021405182655144e-14,4.0389678347315804e-28,0.00087845799862407148,0.0023563339782413095,1.1102230246251565e-16
2,8,0,10,2,0,0.40000000000000002,0.69999999999999996,0.20000000000000004,0.35000000000000009,0,quintic,8,0,0,8,reused,-6.7897838400679571e-06,0,1.021405182655144e-14,4.0389678347315804e-28,0.00087845799862407148,0.0023563339782413095,1.1102230246251565e-16
2,8,0,10,2,0,0.40000000000000002,0.69999999999999996,0.20000000000000004,0.35000000000000009,0,quintic,8,0,0,8,reused_centered,-4.7800649134638878e-07,0,1.021405182655144e-14,4.0389678347315804e-28,0.00087845799862407148,0.0023563339782413095,1.1102230246251565e-16
2,8,0,10,2,0,0.40000000000000002,0.69999999999999996,0.20000000000000004,0.35000000000000009,0,quintic,7,1,0,8,recursive,5.8637562340994443e-05,0,1.021405182655144e-14,4.0389678347315804e-28,0.00087845799862407148,0.0023563339782413095,1.1102230246251565e-16
2,8,0,10,2,0,0.40000000000000002,0.69999999999999996,0.20000000000000004,0.35000000000000009,0,quintic,7,1,0,8,direct,0,0,1.021405182655144e-14,4.0389678347315804e-28,0.00087845799862407148,0.0023563339782413095,1.1102230246251565e-16
2,8,0,10,2,0,0.40000000000000002,0.69999999999999996,0.20000000000000004,0.35000000000000009,0,quintic,7,1,0,8,fe_geometry,7.4725868035767438e-06,0,1.021405182655144e-14,4.0389678347315804e-28,0.00087845799862407148,0.0023563339782413095,1.1102230246251565e-16
2,8,0,10,2,0,0.40000000000000002,0.69999999999999996,0.20000000000000004,0.35000000000000009,0,quintic,7,1,0,8,reused,1.277389683275222e-06,0,1.021405182655144e-14,4.0389678347315804e-28,0.00087845799862407148,0.0023563339782413095,1.1102230246251565e-16
2,8,0,10,2,0,0.40000000000000002,0.69999999999999996,0.20000000000000004,0.35000000000000009,0,quintic,7,1,0,8,reused_centered,5.9256336372134091e-07,0,1.021405182655144e-14,4.0389678347315804e-28,0.00087845799862407148,0.0023563339782413095,1.1102230246251565e-16
2,8,0,10,2,0,0.40000000000000002,0.69999999999999996,0.20000000000000004,0.35000000000000009,0,quintic,6,2,0,8,recursive,-0.0017198262648069089,0,1.021405182655144e-14,4.0389678347315804e-28,0.00087845799862407148,0.0023563339782413095,1.1102230246251565e-16
2,8,0,10,2,0,0.40000000000000002,0.69999999999999996,0.20000000000000004,0.35000000000000009,0,quintic,6,2,0,8,direct,0,0,1.021405182655144e-14,4.0389678347315804e-28,0.00087845799862407148,0.0023563339782413095,1.1102230246251565e-16
2,8,0,10,2,0,0.40000000000000002,0.69999999999999996,0.20000000000000004,0.35000000000000009,0,quintic,6,2,0,8,fe_geometry,-2.2018529149642135e-05,0,1.021405182655144e-14,4.0389678347315804e-28,0.00087845799862407148,0.0023563339782413095,1.1102230246251565e-16
2,8,0,10,2,0,0.40000000000000002,0.69999999999999996,0.20000000000000004,0.35000000000000009,0,quintic,6,2,0,8,reused,1.9340268002500169e-06,0,1.021405182655144e-14,4.0389678347315804e-28,0.00087845799862407148,0.0023563339782413095,1.1102230246251565e-16
2,8,0,10,2,0,0.40000000000000002,0.69999999999999996,0.20000000000000004,0.35000000000000009,0,quintic,6,2,0,8,reused_centered,7.888249682118398e-06,0,1.021405182655144e-14,4.0389678347315804e-28,0.00087845799862407148,0.0023563339782413095,1.1102230246251565e-16
2,8,0,10,2,0,0.40000000000000002,0.69999999999999996,0.20000000000000004,0.35000000000000009,0,quintic,5,3,0,8,recursive,-0.0085688211100556841,0,1.021405182655144e-14,4.0389678347315804e-28,0.00087845799862407148,0.0023563339782413095,1.1102230246251565e-16
2,8,0,10,2,0,0.40000000000000002,0.69999999999999996,0.20000000000000004,0.35000000000000009,0,quintic,5,3,0,8,direct,0.0019530306726694108,0,1.021405182655144e-14,4.0389678347315804e-28,0.00087845799862407148,0.0023563339782413095,1.1102230246251565e-16
2,8,0,10,2,0,0.40000000000000002,0.69999999999999996,0.20000000000000004,0.35000000000000009,0,quintic,5,3,0,8,fe_geometry,0.0018836186806012966,0,1.021405182655144e-14,4.0389678347315804e-28,0.00087845799862407148,0.0023563339782413095,1.1102230246251565e-16
2,8,0,10,2,0,0.40000000000000002,0.69999999999999996,0.20000000000000004,0.35000000000000009,0,quintic,5,3,0,8,reused,0.00073446505647730591,0,1.021405182655144e-14,4.0389678347315804e-28,0.00087845799862407148,0.0023563339782413095,1.1102230246251565e-16
2,8,0,10,2,0,0.40000000000000002,0.69999999999999996,0.20000000000000004,0.35000000000000009,0,quintic,5,3,0,8,reused_centered,0.0001140503227605414,0,1.021405182655144e-14,4.0389678347315804e-28,0.00087845799862407148,0.0023563339782413095,1.1102230246251565e-16
2,8,0,10,2,0,0.40000000000000002,0.69999999999999996,0.20000000000000004,0.35000000000000009,0,quintic,4,4,0,8,recursive,0.027311418754000279,0,1.021405182655144e-14,4.0389678347315804e-28,0.00087845799862407148,0.0023563339782413095,1.1102230246251565e-16
2,8,0,10,2,0,0.40000000000000002,0.69999999999999996,0.20000000000000004,0.35000000000000009,0,quintic,4,4,0,8,direct,-2.0253735780715785e-05,0,1.021405182655144e-14,4.0389678347315804e-28,0.00087845799862407148,0.0023563339782413095,1.1102230246251565e-16
2,8,0,10,2,0,0.40000000000000002,0.69999999999999996,0.20000000000000004,0.35000000000000009,0,quintic,4,4,0,8,fe_geometry,-5.766814196502462e-05,0,1.021405182655144e-14,4.0389678347315804e-28,0.00087845799862407148,0.0023563339782413095,1.1102230246251565e-16
2,8,0,10,2,0,0.40000000000000002,0.69999999999999996,0.20000000000000004,0.35000000000000009,0,quintic,4,4,0,8,reused,-0.00073724136975422965,0,1.021405182655144e-14,4.0389678347315804e-28,0.00087845799862407148,0.0023563339782413095,1.1102230246251565e-16
2,8,0,10,2,0,0.40000000000000002,0.69999999999999996,0.20000000000000004,0.35000000000000009,0,quintic,4,4,0,8,reused_centered,0.001020227506392355,0,1.021405182655144e-14,4.0389678347315804e-28,0.00087845799862407148,0.0023563339782413095,1.1102230246251565e-16
2,8,0,10,2,0,0.40000000000000002,0.69999999999999996,0.20000000000000004,0.35000000000000009,0,quintic,3,5,0,8,recursive,0.03876516526932805,0,1.021405182655144e-14,4.0389678347315804e-28,0.00087845799862407148,0.0023563339782413095,1.1102230246251565e-16
2,8,0,10,2,0,0.40000000000000002,0.69999999999999996,0.20000000000000004,0.35000000000000009,0,quintic,3,5,0,8,direct,-0.0083639034032821653,0,1.021405182655144e-14,4.0389678347315804e-28,0.00087845799862407148,0.0023563339782413095,1.1102230246251565e-16
2,8,0,10,2,0,0.40000000000000002,0.69999999999999996,0.20000000000000004,0.35000000000000009,0,quintic,3,5,0,8,fe_geometry,-0.00913142941927402,0,1.021405182655144e-14,4.0389678347315804e-28,0.00087845799862407148,0.0023563339782413095,1.1102230246251565e-16
2,8,0,10,2,0,0.40000000000000002,0.69999999999999996,0.20000000000000004,0.35000000000000009,0,quintic,3,5,0,8,reused,-0.0013969412393572069,0,1.021405182655144e-14,4.0389678347315804e-28,0.00087845799862407148,0.0023563339782413095,1.1102230246251565e-16
2,8,0,10,2,0,0.40000000000000002,0.69999999999999996,0.20000000000000004,0.35000000000000009,0,quintic,3,5,0,8,reused_centered,0.0012044210009688838,0,1.021405182655144e-14,4.0389678347315804e-28,0.00087845799862407148,0.0023563339782413095,1.1102230246251565e-16
2,8,0,10,2,0,0.40000000000000002,0.69999999999999996,0.20000000000000004,0.35000000000000009,0,quintic,2,6,0,8,recursive,1.3411510182244462e-05,0,1.021405182655144e-14,4.0389678347315804e-28,0.00087845799862407148,0.0023563339782413095,1.1102230246251565e-16
2,8,0,10,2,0,0.40000000000000002,0.69999999999999996,0.20000000000000004,0.35000000000000009,0,quintic,2,6,0,8,direct,0,0,1.021405182655144e-14,4.0389678347315804e-28,0.00087845799862407148,0.0023563339782413095,1.1102230246251565e-16
2,8,0,10,2,0,0.40000000000000002,0.69999999999999996,0.20000000000000004,0.35000000000000009,0,quintic,2,6,0,8,fe_geometry,0.00051546850947036178,0,1.021405182655144e-14,4.0389678347315804e-28,0.00087845799862407148,0.0023563339782413095,1.1102230246251565e-16
2,8,0,10,2,0,0.40000000000000002,0.69999999999999996,0.20000000000000004,0.35000000000000009,0,quintic,2,6,0,8,reused,-0.00020092849189438217,0,1.021405182655144e-14,4.0389678347315804e-28,0.00087845799862407148,0.0023563339782413095,1.1102230246251565e-16
2,8,0,10,2,0,0.40000000000000002,0.69999999999999996,0.20000000000000004,0.35000000000000009,0,quintic,2,6,0,8,reused_centered,-0.00011061265662805203,0,1.021405182655144e-14,4.0389678347315804e-28,0.00087845799862407148,0.0023563339782413095,1.1102230246251565e-16
2,8,0,10,2,0,0.40000000000000002,0.69999999999999996,0.20000000000000004,0.35000000000000009,0,quintic,1,7,0,8,recursive,-1.9348215784018695e-06,0,1.021405182655144e-14,4.0389678347315804e-28,0.00087845799862407148,0.0023563339782413095,1.1102230246251565e-16
2,8,0,10,2,0,0.40000000000000002,0.69999999999999996,0.20000000000000004,0.35000000000000009,0,quintic,1,7,0,8,direct,0,0,1.021405182655144e-14,4.0389678347315804e-28,0.00087845799862407148,0.0023563339782413095,1.1102230246251565e-16
2,8,0,10,2,0,0.40000000000000002,0.69999999999999996,0.20000000000000004,0.35000000000000009,0,quintic,1,7,0,8,fe_geometry,-8.2692489107948628e-05,0,1.021405182655144e-14,4.0389678347315804e-28,0.00087845799862407148,0.0023563339782413095,1.1102230246251565e-16
2,8,0,10,2,0,0.40000000000000002,0.69999999999999996,0.20000000000000004,0.35000000000000009,0,quintic,1,7,0,8,reused,4.6825795912015066e-05,0,1.021405182655144e-14,4.0389678347315804e-28,0.00087845799862407148,0.0023563339782413095,1.1102230246251565e-16
2,8,0,10,2,0,0.40000000000000002,0.69999999999999996,0.20000000000000004,0.35000000000000009,0,quintic,1,7,0,8,reused_centered,1.246998368589502e-05,0,1.021405182655144e-14,4.0389678347315804e-28,0.00087845799862407148,0.0023563339782413095,1.1102230246251565e-16
2,8,0,10,2,0,0.40000000000000002,0.69999999999999996,0.20000000000000004,0.35000000000000009,0,quintic,0,8,0,8,recursive,1.2437550522763891e-05,0,1.021405182655144e-14,4.0389678347315804e-28,0.00087845799862407148,0.0023563339782413095,1.1102230246251565e-16
2,8,0,10,2,0,0.40000000000000002,0.69999999999999996,0.20000000000000004,0.35000000000000009,0,quintic,0,8,0,8,direct,0,0,1.021405182655144e-14,4.0389678347315804e-28,0.00087845799862407148,0.0023563339782413095,1.1102230246251565e-16
2,8,0,10,2,0,0.40000000000000002,0.69999999999999996,0.20000000000000004,0.35000000000000009,0,quintic,0,8,0,8,fe_geometry,4.4894775056047426e-06,0,1.021405182655144e-14,4.0389678347315804e-28,0.00087845799862407148,0.0023563339782413095,1.1102230246251565e-16
2,8,0,10,2,0,0.40000000000000002,0.69999999999999996,0.20000000000000004,0.35000000000000009,0,quintic,0,8,0,8,reused,-5.8366443554908126e-06,0,1.021405182655144e-14,4.0389678347315804e-28,0.00087845799862407148,0.0023563339782413095,1.1102230246251565e-16
2,8,0,10,2,0,0.40000000000000002,0.69999999999999996,0.20000000000000004,0.35000000000000009,0,quintic,0,8,0,8,reused_centered,-2.1008334386677832e-06,0,1.021405182655144e-14,4.0389678347315804e-28,0.00087845799862407148,0.0023563339782413095,1.1102230246251565e-16
2,8,0,10,2,0,0.40000000000000002,0.69999999999999996,0.20000000000000004,0.35000000000000009,0,quintic,9,0,0,9,recursive,-7.1675210966746792e-05,0,1.021405182655144e-14,4.0389678347315804e-28,0.00087845799862407148,0.0023563339782413095,1.1102230246251565e-16
2,8,0,10,2,0,0.40000000000000002,0.69999999999999996,0.20000000000000004,0.35000000000000009,0,quintic,9,0,0,9,direct,0,0,1.021405182655144e-14,4.0389678347315804e-28,0.00087845799862407148,0.0023563339782413095,1.1102230246251565e-16
2,8,0,10,2,0,0.40000000000000002,0.69999999999999996,0.20000000000000004,0.35000000000000009,0,quintic,9,0,0,9,fe_geometry,-1.2047591240260061e-13,0,1.021405182655144e-14,4.0389678347315804e-28,0.00087845799862407148,0.0023563339782413095,1.1102230246251565e-16
2,8,0,10,2,0,0.40000000000000002,0.69999999999999996,0.20000000000000004,0.35000000000000009,0,quintic,9,0,0,9,reused,1.9526642204429374e-14,0,1.021405182655144e-14,4.0389678347315804e-28,0.00087845799862407148,0.0023563339782413095,1.1102230246251565e-16
2,8,0,10,2,0,0.40000000000000002,0.69999999999999996,0.20000000000000004,0.35000000000000009,0,quintic,9,0,0,9,reused_centered,2.4478602311359702e-15,0,1.021405182655144e-14,4.0389678347315804e-28,0.00087845799862407148,0.0023563339782413095,1.1102230246251565e-16
2,8,0,10,2,0,0.40000000000000002,0.69999999999999996,0.20000000000000004,0.35000000000000009,0,quintic,8,1,0,9,recursive,0.00034670956729953575,0,1.021405182655144e-14,4.0389678347315804e-28,0.00087845799862407148,0.0023563339782413095,1.1102230246251565e-16
2,8,0,10,2,0,0.40000000000000002,0.69999999999999996,0.20000000000000004,0.35000000000000009,0,quintic,8,1,0,9,direct,0,0,1.021405182655144e-14,4.0389678347315804e-28,0.00087845799862407148,0.0023563339782413095,1.1102230246251565e-16
2,8,0,10,2,0,0.40000000000000002,0.69999999999999996,0.20000000000000004,0.35000000000000009,0,quintic,8,1,0,9,fe_geometry,0.00010830192901224504,0,1.021405182655144e-14,4.0389678347315804e-28,0.00087845799862407148,0.0023563339782413095,1.1102230246251565e-16
2,8,0,10,2,0,0.40000000000000002,0.69999999999999996,0.20000000000000004,0.35000000000000009,0,quintic,8,1,0,9,reused,1.7507381242835373e-05,0,1.021405182655144e-14,4.0389678347315804e-28,0.00087845799862407148,0.0023563339782413095,1.1102230246251565e-16
2,8,0,10,2,0,0.40000000000000002,0.69999999999999996,0.20000000000000004,0.35000000000000009,0,quintic,8,1,0,9,reused_centered,8.0757542046049697e-06,0,1.021405182655144e-14,4.0389678347315804e-28,0.00087845799862407148,0.0023563339782413095,1.1102230246251565e-16
2,8,0,10,2,0,0.40000000000000002,0.69999999999999996,0.20000000000000004,0.35000000000000009,0,quintic,7,2,0,9,recursive,-0.012072612700057836,0,1.021405182655144e-14,4.0389678347315804e-28,0.00087845799862407148,0.0023563339782413095,1.1102230246251565e-16
2,8,0,10,2,0,0.40000000000000002,0.69999999999999996,0.20000000000000004,0.35000000000000009,0,quintic,7,2,0,9,direct,0,0,1.021405182655144e-14,4.0389678347315804e-28,0.00087845799862407148,0.0023563339782413095,1.1102230246251565e-16
2,8,0,10,2,0,0.40000000000000002,0.69999999999999996,0.20000000000000004,0.35000000000000009,0,quintic,7,2,0,9,fe_geometry,-0.00039834826565686508,0,1.021405182655144e-14,4.0389678347315804e-28,0.00087845799862407148,0.0023563339782413095,1.1102230246251565e-16
2,8,0,10,2,0,0.40000000000000002,0.69999999999999996,0.20000000000000004,0.35000000000000009,0,quintic,7,2,0,9,reused,1.4067894826444803e-05,0,1.021405182655144e-14,4.0389678347315804e-28,0.00087845799862407148,0.0023563339782413095,1.1102230246251565e-16
2,8,0,10,2,0,0.40000000000000002,0.69999999999999996,0.20000000000000004,0.35000000000000009,0,quintic,7,2,0,9,reused_centered,7.792059001322438e-05,0,1.021405182655144e-14,4.0389678347315804e-28,0.00087845799862407148,0.0023563339782413095,1.1102230246251565e-16
2,8,0,10,2,0,0.40000000000000002,0.69999999999999996,0.20000000000000004,0.35000000000000009,0,quintic,6,3,0,9,recursive,0.090559102634700669,0,1.021405182655144e-14,4.0389678347315804e-28,0.00087845799862407148,0.0023563339782413095,1.1102230246251565e-16
2,8,0,10,2,0,0.40000000000000002,0.69999999999999996,0.20000000000000004,0.35000000000000009,0,quintic,6,3,0,9,direct,0,0,1.021405182655144e-14,4.0389678347315804e-28,0.00087845799862407148,0.0023563339782413095,1.1102230246251565e-16
2,8,0,10,2,0,0.40000000000000002,0.69999999999999996,0.20000000000000004,0.35000000000000009,0,quintic,6,3,0,9,fe_geometry,-0.0012814830885705417,0,1.021405182655144e-14,4.0389678347315804e-28,0.00087845799862407148,0.0023563339782413095,1.1102230246251565e-16
2,8,0,10,2,0,0.40000000000000002,0.69999999999999996,0.20000000000000004,0.35000000000000009,0,quintic,6,3,0,9,reused,-0.00044000153631891948,0,1.021405182655144e-14,4.0389678347315804e-28,0.00087845799862407148,0.0023563339782413095,1.1102230246251565e-16
2,8,0,10,2,0,0.40000000000000002,0.69999999999999996,0.20000000000000004,0.35000000000000009,0,quintic,6,3,0,9,reused_centered,7.7965051699294425e-05,0,1.021405182655144e-14,4.0389678347315804e-28,0.00087845799862407148,0.0023563339782413095,1.1102230246251565e-16
2,8,0,10,2,0,0.40000000000000002,0.69999999999999996,0.20000000000000004,0.35000000000000009,0,quintic,5,4,0,9,recursive,-0.87544130849112167,0,1.021405182655144e-14,4.0389678347315804e-28,0.00087845799862407148,0.0023563339782413095,1.1102230246251565e-16
2,8,0,10,2,0,0.40000000000000002,0.69999999999999996,0.20000000000000004,0.35000000000000009,0,quintic,5,4,0,9,direct,0.003186880588531487,0,1.021405182655144e-14,4.0389678347315804e-28,0.00087845799862407148,0.0023563339782413095,1.1102230246251565e-16
2,8,0,10,2,0,0.40000000000000002,0.69999999999999996,0.20000000000000004,0.35000000000000009,0,quintic,5,4,0,9,fe_geometry,0.0058763058913791867,0,1.021405182655144e-14,4.0389678347315804e-28,0.00087845799862407148,0.0023563339782413095,1.1102230246251565e-16
2,8,0,10,2,0,0.40000000000000002,0.69999999999999996,0.20000000000000004,0.35000000000000009,0,quintic,5,4,0,9,reused,0.030368418772100805,0,1.021405182655144e-14,4.0389678347315804e-28,0.00087845799862407148,0.0023563339782413095,1.1102230246251565e-16
2,8,0,10,2,0,0.40000000000000002,0.69999999999999996,0.20000000000000004,0.35000000000000009,0,quintic,5,4,0,9,reused_centered,-0.018704964900164635,0,1.021405182655144e-14,4.0389678347315804e-28,0.00087845799862407148,0.0023563339782413095,1.1102230246251565e-16
2,8,0,10,2,0,0.40000000000000002,0.69999999999999996,0.20000000000000004,0.35000000000000009,0,quintic,4,5,0,9,recursive,-2.192698676982896,0,1.021405182655144e-14,4.0389678347315804e-28,0.00087845799862407148,0.0023563339782413095,1.1102230246251565e-16
2,8,0,10,2,0,0.40000000000000002,0.69999999999999996,0.20000000000000004,0.35000000000000009,0,quintic,4,5,0,9,direct,0.27919140672683718,0,1.021405182655144e-14,4.0389678347315804e-28,0.00087845799862407148,0.0023563339782413095,1.1102230246251565e-16
2,8,0,10,2,0,0.40000000000000002,0.69999999999999996,0.20000000000000004,0.35000000000000009,0,quintic,4,5,0,9,fe_geometry,0.28807960060251475,0,1.021405182655144e-14,4.0389678347315804e-28,0.00087845799862407148,0.0023563339782413095,1.1102230246251565e-16
2,8,0,10,2,0,0.40000000000000002,0.69999999999999996,0.20000000000000004,0.35000000000000009,0,quintic,4,5,0,9,reused,0.10021198000988062,0,1.021405182655144e-14,4.0389678347315804e-28,0.00087845799862407148,0.0023563339782413095,1.1102230246251565e-16
2,8,0,10,2,0,0.40000000000000002,0.69999999999999996,0.20000000000000004,0.35000000000000009,0,quintic,4,5,0,9,reused_centered,-0.02570692342091771,0,1.021405182655144e-14,4.0389678347315804e-28,0.00087845799862407148,0.0023563339782413095,1.1102230246251565e-16
2,8,0,10,2,0,0.40000000000000002,0.69999999999999996,0.20000000000000004,0.35000000000000009,0,quintic,3,6,0,9,recursive,9.5037336946104771e-05,0,1.021405182655144e-14,4.0389678347315804e-28,0.00087845799862407148,0.0023563339782413095,1.1102230246251565e-16
2,8,0,10,2,0,0.40000000000000002,0.69999999999999996,0.20000000000000004,0.35000000000000009,0,quintic,3,6,0,9,direct,0,0,1.021405182655144e-14,4.0389678347315804e-28,0.00087845799862407148,0.0023563339782413095,1.1102230246251565e-16
2,8,0,10,2,0,0.40000000000000002,0.69999999999999996,0.20000000000000004,0.35000000000000009,0,quintic,3,6,0,9,fe_geometry,-0.020297673287992573,0,1.021405182655144e-14,4.0389678347315804e-28,0.00087845799862407148,0.0023563339782413095,1.1102230246251565e-16
2,8,0,10,2,0,0.40000000000000002,0.69999999999999996,0.20000000000000004,0.35000000000000009,0,quintic,3,6,0,9,reused,0.0059702433397674235,0,1.021405182655144e-14,4.0389678347315804e-28,0.00087845799862407148,0.0023563339782413095,1.1102230246251565e-16
2,8,0,10,2,0,0.40000000000000002,0.69999999999999996,0.20000000000000004,0.35000000000000009,0,quintic,3,6,0,9,reused_centered,0.0054159370945011673,0,1.021405182655144e-14,4.0389678347315804e-28,0.00087845799862407148,0.0023563339782413095,1.1102230246251565e-16
2,8,0,10,2,0,0.40000000000000002,0.69999999999999996,0.20000000000000004,0.35000000000000009,0,quintic,2,7,0,9,recursive,-4.0179131745770857e-05,0,1.021405182655144e-14,4.0389678347315804e-28,0.00087845799862407148,0.0023563339782413095,1.1102230246251565e-16
2,8,0,10,2,0,0.40000000000000002,0.69999999999999996,0.20000000000000004,0.35000000000000009,0,quintic,2,7,0,9,direct,0,0,1.021405182655144e-14,4.0389678347315804e-28,0.00087845799862407148,0.0023563339782413095,1.1102230246251565e-16
2,8,0,10,2,0,0.40000000000000002,0.69999999999999996,0.20000000000000004,0.35000000000000009,0,quintic,2,7,0,9,fe_geometry,0.0068870008090485355,0,1.021405182655144e-14,4.0389678347315804e-28,0.00087845799862407148,0.0023563339782413095,1.1102230246251565e-16
2,8,0,10,2,0,0.40000000000000002,0.69999999999999996,0.20000000000000004,0.35000000000000009,0,quintic,2,7,0,9,reused,-0.0026896486209194649,0,1.021405182655144e-14,4.0389678347315804e-28,0.00087845799862407148,0.0023563339782413095,1.1102230246251565e-16
2,8,0,10,2,0,0.40000000000000002,0.69999999999999996,0.20000000000000004,0.35000000000000009,0,quintic,2,7,0,9,reused_centered,-0.001428066846823055,0,1.021405182655144e-14,4.0389678347315804e-28,0.00087845799862407148,0.0023563339782413095,1.1102230246251565e-16
2,8,0,10,2,0,0.40000000000000002,0.69999999999999996,0.20000000000000004,0.35000000000000009,0,quintic,1,8,0,9,recursive,-1.676651667510218e-06,0,1.021405182655144e-14,4.0389678347315804e-28,0.00087845799862407148,0.0023563339782413095,1.1102230246251565e-16
2,8,0,10,2,0,0.40000000000000002,0.69999999999999996,0.20000000000000004,0.35000000000000009,0,quintic,1,8,0,9,direct,0,0,1.021405182655144e-14,4.0389678347315804e-28,0.00087845799862407148,0.0023563339782413095,1.1102230246251565e-16
2,8,0,10,2,0,0.40000000000000002,0.69999999999999996,0.20000000000000004,0.35000000000000009,0,quintic,1,8,0,9,fe_geometry,-0.0004975005129600103,0,1.021405182655144e-14,4.0389678347315804e-28,0.00087845799862407148,0.0023563339782413095,1.1102230246251565e-16
2,8,0,10,2,0,0.40000000000000002,0.69999999999999996,0.20000000000000004,0.35000000000000009,0,quintic,1,8,0,9,reused,0.00027041293306311428,0,1.021405182655144e-14,4.0389678347315804e-28,0.00087845799862407148,0.0023563339782413095,1.1102230246251565e-16
2,8,0,10,2,0,0.40000000000000002,0.69999999999999996,0.20000000000000004,0.35000000000000009,0,quintic,1,8,0,9,reused_centered,7.1755697536701556e-05,0,1.021405182655144e-14,4.0389678347315804e-28,0.00087845799862407148,0.0023563339782413095,1.1102230246251565e-16
2,8,0,10,2,0,0.40000000000000002,0.69999999999999996,0.20000000000000004,0.35000000000000009,0,quintic,0,9,0,9,recursive,-7.3433115282200398e-05,0,1.021405182655144e-14,4.0389678347315804e-28,0.00087845799862407148,0.0023563339782413095,1.1102230246251565e-16
2,8,0,10,2,0,0.40000000000000002,0.69999999999999996,0.20000000000000004,0.35000000000000009,0,quintic,0,9,0,9,direct,0,0,1.021405182655144e-14,4.0389678347315804e-28,0.00087845799862407148,0.0023563339782413095,1.1102230246251565e-16
2,8,0,10,2,0,0.40000000000000002,0.69999999999999996,0.20000000000000004,0.35000000000000009,0,quintic,0,9,0,9,fe_geometry,-2.1880007894252289e-14,0,1.021405182655144e-14,4.0389678347315804e-28,0.00087845799862407148,0.0023563339782413095,1.1102230246251565e-16
2,8,0,10,2,0,0.40000000000000002,0.69999999999999996,0.20000000000000004,0.35000000000000009,0,quintic,0,9,0,9,reused,8.9986757976915387e-15,0,1.021405182655144e-14,4.0389678347315804e-28,0.00087845799862407148,0.0023563339782413095,1.1102230246251565e-16
2,8,0,10,2,0,0.40000000000000002,0.69999999999999996,0.20000000000000004,0.35000000000000009,0,quintic,0,9,0,9,reused_centered,-2.3158503323310811e-15,0,1.021405182655144e-14,4.0389678347315804e-28,0.00087845799862407148,0.0023563339782413095,1.1102230246251565e-16
2,8,0,10,2,0,0.40000000000000002,0.69999999999999996,0.20000000000000004,0.35000000000000009,0,quintic,10,0,0,10,recursive,-0.00078391798272907213,0,1.021405182655144e-14,4.0389678347315804e-28,0.00087845799862407148,0.0023563339782413095,1.1102230246251565e-16
2,8,0,10,2,0,0.40000000000000002,0.69999999999999996,0.20000000000000004,0.35000000000000009,0,quintic,10,0,0,10,direct,0,0,1.021405182655144e-14,4.0389678347315804e-28,0.00087845799862407148,0.0023563339782413095,1.1102230246251565e-16
2,8,0,10,2,0,0.40000000000000002,0.69999999999999996,0.20000000000000004,0.35000000000000009,0,quintic,10,0,0,10,fe_geometry,9.124092425133782e-14,0,1.021405182655144e-14,4.0389678347315804e-28,0.00087845799862407148,0.0023563339782413095,1.1102230246251565e-16
2,8,0,10,2,0,0.40000000000000002,0.69999999999999996,0.20000000000000004,0.35000000000000009,0,quintic,10,0,0,10,reused,3.374968227485967e-14,0,1.021405182655144e-14,4.0389678347315804e-28,0.00087845799862407148,0.0023563339782413095,1.1102230246251565e-16
2,8,0,10,2,0,0.40000000000000002,0.69999999999999996,0.20000000000000004,0.35000000000000009,0,quintic,10,0,0,10,reused_centered,2.1424247244094687e-15,0,1.021405182655144e-14,4.0389678347315804e-28,0.00087845799862407148,0.0023563339782413095,1.1102230246251565e-16
2,8,0,10,2,0,0.40000000000000002,0.69999999999999996,0.20000000000000004,0.35000000000000009,0,quintic,9,1,0,10,recursive,0.003571033882752055,0,1.021405182655144e-14,4.0389678347315804e-28,0.00087845799862407148,0.0023563339782413095,1.1102230246251565e-16
2,8,0,10,2,0,0.40000000000000002,0.69999999999999996,0.20000000000000004,0.35000000000000009,0,quintic,9,1,0,10,direct,0,0,1.021405182655144e-14,4.0389678347315804e-28,0.00087845799862407148,0.0023563339782413095,1.1102230246251565e-16
2,8,0,10,2,0,0.40000000000000002,0.69999999999999996,0.20000000000000004,0.35000000000000009,0,quintic,9,1,0,10,fe_geometry,-1.6194946034582469e-12,0,1.021405182655144e-14,4.0389678347315804e-28,0.00087845799862407148,0.0023563339782413095,1.1102230246251565e-16
2,8,0,10,2,0,0.40000000000000002,0.69999999999999996,0.20000000000000004,0.35000000000000009,0,quintic,9,1,0,10,reused,3.7035635568260682e-13,0,1.021405182655144e-14,4.0389678347315804e-28,0.00087845799862407148,0.0023563339782413095,1.1102230246251565e-16
2,8,0,10,2,0,0.40000000000000002,0.69999999999999996,0.20000000000000004,0.35000000000000009,0,quintic,9,1,0,10,reused_centered,-1.6319826686806953e-13,0,1.021405182655144e-14,4.0389678347315804e-28,0.00087845799862407148,0.0023563339782413095,1.1102230246251565e-16
2,8,0,10,2,0,0.40000000000000002,0.69999999999999996,0.20000000000000004,0.35000000000000009,0,quintic,8,2,0,10,recursive,-0.081998872061738254,0,1.021405182655144e-14,4.0389678347315804e-28,0.00087845799862407148,0.0023563339782413095,1.1102230246251565e-16
2,8,0,10,2,0,0.40000000000000002,0.69999999999999996,0.20000000000000004,0.35000000000000009,0,quintic,8,2,0,10,direct,0,0,1.021405182655144e-14,4.0389678347315804e-28,0.00087845799862407148,0.0023563339782413095,1.1102230246251565e-16
2,8,0,10,2,0,0.40000000000000002,0.69999999999999996,0.20000000000000004,0.35000000000000009,0,quintic,8,2,0,10,fe_geometry,-0.0057812378212947395,0,1.021405182655144e-14,4.0389678347315804e-28,0.00087845799862407148,0.0023563339782413095,1.1102230246251565e-16
2,8,0,10,2,0,0.40000000000000002,0.69999999999999996,0.20000000000000004,0.35000000000000009,0,quintic,8,2,0,10,reused,0.00048402815341001604,0,1.021405182655144e-14,4.0389678347315804e-28,0.00087845799862407148,0.0023563339782413095,1.1102230246251565e-16
2,8,0,10,2,0,0.40000000000000002,0.69999999999999996,0.20000000000000004,0.35000000000000009,0,quintic,8,2,0,10,reused_centered,0.0011488453951279739,0,1.021405182655144e-14,4.0389678347315804e-28,0.00087845799862407148,0.0023563339782413095,1.1102230246251565e-16
2,8,0,10,2,0,0.40000000000000002,0.69999999999999996,0.20000000000000004,0.35000000000000009,0,quintic,7,3,0,10,recursive,0.36180050794481711,0,1.021405182655144e-14,4.0389678347315804e-28,0.00087845799862407148,0.0023563339782413095,1.1102230246251565e-16
2,8,0,10,2,0,0.40000000000000002,0.69999999999999996,0.20000000000000004,0.35000000000000009,0,quintic,7,3,0,10,direct,0,0,1.021405182655144e-14,4.0389678347315804e-28,0.00087845799862407148,0.0023563339782413095,1.1102230246251565e-16
2,8,0,10,2,0,0.40000000000000002,0.69999999999999996,0.20000000000000004,0.35000000000000009,0,quintic,7,3,0,10,fe_geometry,-0.018610109561961071,0,1.021405182655144e-14,4.0389678347315804e-28,0.00087845799862407148,0.0023563339782413095,1.1102230246251565e-16
2,8,0,10,2,0,0.40000000000000002,0.69999999999999996,0.20000000000000004,0.35000000000000009,0,quintic,7,3,0,10,reused,-0.0078392641088751748,0,1.021405182655144e-14,4.0389678347315804e-28,0.00087845799862407148,0.0023563339782413095,1.1102230246251565e-16
2,8,0,10,2,0,0.40000000000000002,0.69999999999999996,0.20000000000000004,0.35000000000000009,0,quintic,7,3,0,10,reused_centered,-0.0005319778090109214,0,1.021405182655144e-14,4.0389678347315804e-28,0.00087845799862407148,0.0023563339782413095,1.1102230246251565e-16
2,8,0,10,2,0,0.40000000000000002,0.69999999999999996,0.20000000000000004,0.35000000000000009,0,quintic,6,4,0,10,recursive,10.515242136194043,0,1.021405182655144e-14,4.0389678347315804e-28,0.00087845799862407148,0.0023563339782413095,1.1102230246251565e-16
2,8,0,10,2,0,0.40000000000000002,0.69999999999999996,0.20000000000000004,0.35000000000000009,0,quintic,6,4,0,10,direct,0,0,1.021405182655144e-14,4.0389678347315804e-28,0.00087845799862407148,0.0023563339782413095,1.1102230246251565e-16
2,8,0,10,2,0,0.40000000000000002,0.69999999999999996,0.20000000000000004,0.35000000000000009,0,quintic,6,4,0,10,fe_geometry,0.080666392892043845,0,1.021405182655144e-14,4.0389678347315804e-28,0.00087845799862407148,0.0023563339782413095,1.1102230246251565e-16
2,8,0,10,2,0,0.40000000000000002,0.69999999999999996,0.20000000000000004,0.35000000000000009,0,quintic,6,4,0,10,reused,0.011014572498534573,0,1.021405182655144e-14,4.0389678347315804e-28,0.00087845799862407148,0.0023563339782413095,1.1102230246251565e-16
2,8,0,10,2,0,0.40000000000000002,0.69999999999999996,0.20000000000000004,0.35000000000000009,0,quintic,6,4,0,10,reused_centered,-0.018075782170805042,0,1.021405182655144e-14,4.0389678347315804e-28,0.00087845799862407148,0.0023563339782413095,1.1102230246251565e-16
2,8,0,10,2,0,0.40000000000000002,0.69999999999999996,0.20000000000000004,0.35000000000000009,0,quintic,5,5,0,10,recursive,66.75272675116976,0,1.021405182655144e-14,4.0389678347315804e-28,0.00087845799862407148,0.0023563339782413095,1.1102230246251565e-16
2,8,0,10,2,0,0.40000000000000002,0.69999999999999996,0.20000000000000004,0.35000000000000009,0,quintic,5,5,0,10,direct,-4.3968538284301761,0,1.021405182655144e-14,4.0389678347315804e-28,0.00087845799862407148,0.0023563339782413095,1.1102230246251565e-16
2,8,0,10,2,0,0.40000000000000002,0.69999999999999996,0.20000000000000004,0.35000000000000009,0,quintic,5,5,0,10,fe_geometry,-4.2980280100518025,0,1.021405182655144e-14,4.0389678347315804e-28,0.00087845799862407148,0.0023563339782413095,1.1102230246251565e-16
2,8,0,10,2,0,0.40000000000000002,0.69999999999999996,0.20000000000000004,0.35000000000000009,0,quintic,5,5,0,10,reused,-3.8641479769091829,0,1.021405182655144e-14,4.0389678347315804e-28,0.00087845799862407148,0.0023563339782413095,1.1102230246251565e-16
2,8,0,10,2,0,0.40000000000000002,0.69999999999999996,0.20000000000000004,0.35000000000000009,0,quintic,5,5,0,10,reused_centered,0.0090957953545853336,0,1.021405182655144e-14,4.0389678347315804e-28,0.00087845799862407148,0.0023563339782413095,1.1102230246251565e-16
2,8,0,10,2,0,0.40000000000000002,0.69999999999999996,0.20000000000000004,0.35000000000000009,0,quintic,4,6,0,10,recursive,-0.0003853870801572451,0,1.021405182655144e-14,4.0389678347315804e-28,0.00087845799862407148,0.0023563339782413095,1.1102230246251565e-16
2,8,0,10,2,0,0.40000000000000002,0.69999999999999996,0.20000000000000004,0.35000000000000009,0,quintic,4,6,0,10,direct,0,0,1.021405182655144e-14,4.0389678347315804e-28,0.00087845799862407148,0.0023563339782413095,1.1102230246251565e-16
2,8,0,10,2,0,0.40000000000000002,0.69999999999999996,0.20000000000000004,0.35000000000000009,0,quintic,4,6,0,10,fe_geometry,0.31823489827124096,0,1.021405182655144e-14,4.0389678347315804e-28,0.00087845799862407148,0.0023563339782413095,1.1102230246251565e-16
2,8,0,10,2,0,0.40000000000000002,0.69999999999999996,0.20000000000000004,0.35000000000000009,0,quintic,4,6,0,10,reused,-0.046839027860898566,0,1.021405182655144e-14,4.0389678347315804e-28,0.00087845799862407148,0.0023563339782413095,1.1102230246251565e-16
2,8,0,10,2,0,0.40000000000000002,0.69999999999999996,0.20000000000000004,0.35000000000000009,0,quintic,4,6,0,10,reused_centered,-0.094994710608715213,0,1.021405182655144e-14,4.0389678347315804e-28,0.00087845799862407148,0.0023563339782413095,1.1102230246251565e-16
2,8,0,10,2,0,0.40000000000000002,0.69999999999999996,0.20000000000000004,0.35000000000000009,0,quintic,3,7,0,10,recursive,-5.9026130238696179e-12,0,1.021405182655144e-14,4.0389678347315804e-28,0.00087845799862407148,0.0023563339782413095,1.1102230246251565e-16
2,8,0,10,2,0,0.40000000000000002,0.69999999999999996,0.20000000000000004,0.35000000000000009,0,quintic,3,7,0,10,direct,0,0,1.021405182655144e-14,4.0389678347315804e-28,0.00087845799862407148,0.0023563339782413095,1.1102230246251565e-16
2,8,0,10,2,0,0.40000000000000002,0.69999999999999996,0.20000000000000004,0.35000000000000009,0,quintic,3,7,0,10,fe_geometry,-0.27477286879064738,0,1.021405182655144e-14,4.0389678347315804e-28,0.00087845799862407148,0.0023563339782413095,1.1102230246251565e-16
2,8,0,10,2,0,0.40000000000000002,0.69999999999999996,0.20000000000000004,0.35000000000000009,0,quintic,3,7,0,10,reused,0.080403744496645432,0,1.021405182655144e-14,4.0389678347315804e-28,0.00087845799862407148,0.0023563339782413095,1.1102230246251565e-16
2,8,0,10,2,0,0.40000000000000002,0.69999999999999996,0.20000000000000004,0.35000000000000009,0,quintic,3,7,0,10,reused_centered,0.070997583759305996,0,1.021405182655144e-14,4.0389678347315804e-28,0.00087845799862407148,0.0023563339782413095,1.1102230246251565e-16
2,8,0,10,2,0,0.40000000000000002,0.69999999999999996,0.20000000000000004,0.35000000000000009,0,quintic,2,8,0,10,recursive,-0.00020792704537327337,0,1.021405182655144e-14,4.0389678347315804e-28,0.00087845799862407148,0.0023563339782413095,1.1102230246251565e-16
2,8,0,10,2,0,0.40000000000000002,0.69999999999999996,0.20000000000000004,0.35000000000000009,0,quintic,2,8,0,10,direct,0,0,1.021405182655144e-14,4.0389678347315804e-28,0.00087845799862407148,0.0023563339782413095,1.1102230246251565e-16
2,8,0,10,2,0,0.40000000000000002,0.69999999999999996,0.20000000000000004,0.35000000000000009,0,quintic,2,8,0,10,fe_geometry,0.04091742533100183,0,1.021405182655144e-14,4.0389678347315804e-28,0.00087845799862407148,0.0023563339782413095,1.1102230246251565e-16
2,8,0,10,2,0,0.40000000000000002,0.69999999999999996,0.20000000000000004,0.35000000000000009,0,quintic,2,8,0,10,reused,-0.015389202721515666,0,1.021405182655144e-14,4.0389678347315804e-28,0.00087845799862407148,0.0023563339782413095,1.1102230246251565e-16
2,8,0,10,2,0,0.40000000000000002,0.69999999999999996,0.20000000000000004,0.35000000000000009,0,quintic,2,8,0,10,reused_centered,-0.0082137372004884128,0,1.021405182655144e-14,4.0389678347315804e-28,0.00087845799862407148,0.0023563339782413095,1.1102230246251565e-16
2,8,0,10,2,0,0.40000000000000002,0.69999999999999996,0.20000000000000004,0.35000000000000009,0,quintic,1,9,0,10,recursive,4.923183339320479e-14,0,1.021405182655144e-14,4.0389678347315804e-28,0.00087845799862407148,0.0023563339782413095,1.1102230246251565e-16
2,8,0,10,2,0,0.40000000000000002,0.69999999999999996,0.20000000000000004,0.35000000000000009,0,quintic,1,9,0,10,direct,0,0,1.021405182655144e-14,4.0389678347315804e-28,0.00087845799862407148,0.0023563339782413095,1.1102230246251565e-16
2,8,0,10,2,0,0.40000000000000002,0.69999999999999996,0.20000000000000004,0.35000000000000009,0,quintic,1,9,0,10,fe_geometry,8.377491639055204e-12,0,1.021405182655144e-14,4.0389678347315804e-28,0.00087845799862407148,0.0023563339782413095,1.1102230246251565e-16
2,8,0,10,2,0,0.40000000000000002,0.69999999999999996,0.20000000000000004,0.35000000000000009,0,quintic,1,9,0,10,reused,-9.5252871883008672e-13,0,1.021405182655144e-14,4.0389678347315804e-28,0.00087845799862407148,0.0023563339782413095,1.1102230246251565e-16
2,8,0,10,2,0,0.40000000000000002,0.69999999999999996,0.20000000000000004,0.35000000000000009,0,quintic,1,9,0,10,reused_centered,3.5824151178567669e-13,0,1.021405182655144e-14,4.0389678347315804e-28,0.00087845799862407148,0.0023563339782413095,1.1102230246251565e-16
2,8,0,10,2,0,0.40000000000000002,0.69999999999999996,0.20000000000000004,0.35000000000000009,0,quintic,0,10,0,10,recursive,-0.0011278441957142925,0,1.021405182655144e-14,4.0389678347315804e-28,0.00087845799862407148,0.0023563339782413095,1.1102230246251565e-16
2,8,0,10,2,0,0.40000000000000002,0.69999999999999996,0.20000000000000004,0.35000000000000009,0,quintic,0,10,0,10,direct,0,0,1.021405182655144e-14,4.0389678347315804e-28,0.00087845799862407148,0.0023563339782413095,1.1102230246251565e-16
2,8,0,10,2,0,0.40000000000000002,0.69999999999999996,0.20000000000000004,0.35000000000000009,0,quintic,0,10,0,10,fe_geometry,-2.573552286295884e-13,0,1.021405182655144e-14,4.0389678347315804e-28,0.00087845799862407148,0.0023563339782413095,1.1102230246251565e-16
2,8,0,10,2,0,0.40000000000000002,0.69999999999999996,0.20000000000000004,0.35000000000000009,0,quintic,0,10,0,10,reused,-8.2660314171010648e-14,0,1.021405182655144e-14,4.0389678347315804e-28,0.00087845799862407148,0.0023563339782413095,1.1102230246251565e-16
2,8,0,10,2,0,0.40000000000000002,0.69999999999999996,0.20000000000000004,0.35000000000000009,0,quintic,0,10,0,10,reused_centered,-6.2275868366925299e-15,0,1.021405182655144e-14,4.0389678347315804e-28,0.00087845799862407148,0.0023563339782413095,1.1102230246251565e-16
