dimension,n,curved,field,method,order,max_absolute_error,max_scaled_error,max_element_scaled_error,discrete_relative_l2
2,2,0,constant,recursive,1,4.523521793386903e-14,4.523521793386903e-14,2.2617608966934514e-14,nan
2,2,0,constant,direct,1,4.210047421793206e-14,4.210047421793206e-14,2.105023710896603e-14,nan
2,2,0,constant,fe_geometry,1,4.21004742179311e-14,4.21004742179311e-14,2.105023710896555e-14,nan
2,2,0,constant,reused,1,1.9083734971613894e-15,1.9083734971613894e-15,9.541867485806947e-16,nan
2,2,0,constant,reused_centered,1,1.0086668914057815e-14,1.0086668914057815e-14,5.0433344570289075e-15,nan
2,2,0,constant,recursive,2,1.426141879807474e-12,1.426141879807474e-12,3.565354699518685e-13,nan
2,2,0,constant,direct,2,1.0096190550257232e-12,1.0096190550257232e-12,2.524047637564308e-13,nan
2,2,0,constant,fe_geometry,2,1.0096190550257022e-12,1.0096190550257022e-12,2.5240476375642554e-13,nan
2,2,0,constant,reused,2,1.129966300192066e-13,1.129966300192066e-13,2.824915750480165e-14,nan
2,2,0,constant,reused_centered,2,2.617433148717892e-13,2.617433148717892e-13,6.54358287179473e-14,nan
2,2,0,constant,recursive,3,2.580349606007226e-11,2.580349606007226e-11,3.2254370075090324e-12,nan
2,2,0,constant,direct,3,2.34513137797876e-11,2.34513137797876e-11,2.93141422247345e-12,nan
2,2,0,constant,fe_geometry,3,2.345131377978608e-11,2.345131377978608e-11,2.93141422247326e-12,nan
2,2,0,constant,reused,3,3.2459010637445275e-12,3.2459010637445275e-12,4.0573763296806594e-13,nan
2,2,0,constant,reused_centered,3,3.576840409732252e-12,3.576840409732252e-12,4.471050512165315e-13,nan
2,2,0,constant,recursive,4,3.1147402072912397e-10,3.1147402072912397e-10,1.9467126295570248e-11,nan
2,2,0,constant,direct,4,3.0046825827412245e-10,3.0046825827412245e-10,1.8779266142132653e-11,nan
2,2,0,constant,fe_geometry,4,3.004682582740708e-10,3.004682582740708e-10,1.8779266142129425e-11,nan
2,2,0,constant,reused,4,5.02794394384435e-11,5.02794394384435e-11,3.142464964902719e-12,nan
2,2,0,constant,reused_centered,4,2.836099628883607e-11,2.836099628883607e-11,1.7725622680522543e-12,nan
2,2,0,constant,recursive,5,6.364712933685075e-09,6.364712933685075e-09,1.988972791776586e-10,nan
2,2,0,constant,direct,5,4.2744431993924075e-09,4.2744431993924075e-09,1.3357634998101273e-10,nan
2,2,0,constant,fe_geometry,5,4.274443199392044e-09,4.274443199392044e-09,1.3357634998100139e-10,nan
2,2,0,constant,reused,5,4.4114295473935174e-10,4.4114295473935174e-10,1.3785717335604742e-11,nan
2,2,0,constant,reused_centered,5,3.875658013877656e-10,3.875658013877656e-10,1.2111431293367675e-11,nan
2,2,0,constant,recursive,6,1.1137286303023109e-07,1.1137286303023109e-07,1.7402009848473608e-09,nan
2,2,0,constant,direct,6,5.830333975609392e-08,5.830333975609392e-08,9.109896836889676e-10,nan
2,2,0,constant,fe_geometry,6,5.83033397560803e-08,5.83033397560803e-08,9.109896836887547e-10,nan
2,2,0,constant,reused,6,3.1842974232881686e-09,3.1842974232881686e-09,4.9754647238877634e-11,nan
2,2,0,constant,reused_centered,6,7.926832645186673e-09,7.926832645186673e-09,1.2385676008104177e-10,nan
2,2,0,constant,recursive,7,2.3920177734839643e-06,2.3920177734839643e-06,1.868763885534347e-08,nan
2,2,0,constant,direct,7,4.7022476792335513e-07,4.7022476792335513e-07,3.673630999401212e-09,nan
2,2,0,constant,fe_geometry,7,4.7022476792301987e-07,4.7022476792301987e-07,3.6736309993985927e-09,nan
2,2,0,constant,reused,7,6.406891676599187e-08,6.406891676599187e-08,5.005384122343115e-10,nan
2,2,0,constant,reused_centered,7,1.083237420614803e-07,1.083237420614803e-07,8.462792348553148e-10,nan
2,2,0,constant,recursive,8,4.140537948142289e-05,4.140537948142289e-05,1.6173976359930816e-07,nan
2,2,0,constant,direct,8,4.945322871208191e-06,4.945322871208191e-06,1.9317667465656996e-08,nan
2,2,0,constant,fe_geometry,8,4.945322871205614e-06,4.945322871205614e-06,1.931766746564693e-08,nan
2,2,0,constant,reused,8,8.381358691873589e-07,8.381358691873589e-07,3.2739682390131206e-09,nan
2,2,0,constant,reused_centered,8,1.2274260256083174e-06,1.2274260256083174e-06,4.79463291253249e-09,nan
2,2,0,constant,recursive,9,0.0007169388569096389,0.0007169388569096389,1.4002712049016385e-06,nan
2,2,0,constant,direct,9,4.459172487258911e-05,4.459172487258911e-05,8.709321264177561e-08,nan
2,2,0,constant,fe_geometry,9,4.459172487251328e-05,4.459172487251328e-05,8.70932126416275e-08,nan
2,2,0,constant,reused,9,9.496992619146553e-06,9.496992619146553e-06,1.854881370927061e-08,nan
2,2,0,constant,reused_centered,9,9.451552373719786e-06,9.451552373719786e-06,1.8460063229921457e-08,nan
2,2,0,constant,recursive,10,0.00675238400188068,0.00675238400188068,6.594125001836601e-06,nan
2,2,0,constant,direct,10,0.00018440186977386475,0.00018440186977386475,1.800799509510398e-07,nan
2,2,0,constant,fe_geometry,10,0.00018440186977383883,0.00018440186977383883,1.8007995095101449e-07,nan
2,2,0,constant,reused,10,7.563799443975756e-05,7.563799443975756e-05,7.386522894507574e-08,nan
2,2,0,constant,reused_centered,10,3.278911248081391e-05,3.278911248081391e-05,3.202061765704483e-08,nan
2,2,0,quintic,recursive,1,3.4416913763379853e-15,3.4416913763379853e-15,1.7208456881689926e-15,4.578870499492323e-15
2,2,0,quintic,direct,1,2.921274333544943e-14,2.921274333544943e-14,1.4606371667724716e-14,3.142570124348996e-14
2,2,0,quintic,fe_geometry,1,3.973210649377279e-14,3.973210649377279e-14,1.9866053246886395e-14,4.1102624718206557e-14
2,2,0,quintic,reused,1,2.4424906541753444e-15,2.4424906541753444e-15,1.2212453270876722e-15,3.111316514205987e-15
2,2,0,quintic,reused_centered,1,1.887379141862766e-15,1.887379141862766e-15,9.43689570931383e-16,2.406625732265068e-15
2,2,0,quintic,recursive,2,1.0269562977782698e-13,1.0269562977782698e-13,2.5673907444456745e-14,2.038808121053447e-14
2,2,0,quintic,direct,2,3.1175062531474396e-13,3.1175062531474396e-13,7.793765632868599e-14,6.789060315720062e-14
2,2,0,quintic,fe_geometry,2,4.390932062392494e-13,4.390932062392494e-13,1.0977330155981235e-13,9.277440312710791e-14
2,2,0,quintic,reused,2,2.220446049250313e-14,1.8540724511240114e-14,5.551115123125783e-15,6.832252836849588e-15
2,2,0,quintic,reused_centered,2,2.0872192862952943e-14,1.4210854715202004e-14,5.218048215738236e-15,4.58416117762471e-15
2,2,0,quintic,recursive,3,2.3527846337856317e-12,9.803269307440128e-13,2.9409807922320397e-13,9.170917699508866e-14
2,2,0,quintic,direct,3,5.0670578843892145e-12,2.533528942194607e-12,6.333822355486518e-13,2.2002423045809366e-13
2,2,0,quintic,fe_geometry,3,6.084466264155708e-12,3.042233132077853e-12,7.605582830194635e-13,2.5709495506429354e-13
2,2,0,quintic,reused,3,3.1086244689504383e-13,9.314771176605063e-14,3.885780586188048e-14,1.6445806511030055e-14
2,2,0,quintic,reused_centered,3,2.7755575615628914e-13,2.738920201750261e-13,3.469446951953614e-14,1.4669682221196884e-14
2,2,0,quintic,recursive,4,3.5079494864476146e-11,1.684906324980711e-11,2.192468429029759e-12,3.4059068681166154e-13
2,2,0,quintic,direct,4,6.643509226051949e-11,6.643509226051949e-11,4.152193266282468e-12,6.787520489497954e-13
2,2,0,quintic,fe_geometry,4,7.227648502804905e-11,7.227648502804905e-11,4.517280314253066e-12,7.280577643154503e-13
2,2,0,quintic,reused,4,8.952838470577262e-12,1.8115681666087855e-12,5.595524044110789e-13,8.783525653706972e-14
2,2,0,quintic,reused_centered,4,9.066525308298878e-12,6.5355887328615945e-12,5.666578317686799e-13,1.0417379878078879e-13
2,2,0,quintic,recursive,5,3.8913583466637647e-10,2.4172717862545413e-10,1.2160494833324265e-11,2.388558527983267e-12
2,2,0,quintic,direct,5,1.078912491720985e-09,1.078912491720985e-09,3.371601536628078e-11,5.0795606797978546e-12
2,2,0,quintic,fe_geometry,5,1.1383016940372349e-09,1.1383016940372349e-09,3.557192793866359e-11,5.3566446936336084e-12
2,2,0,quintic,reused,5,1.0888356882787775e-10,5.3524699950922255e-11,3.4026115258711798e-12,5.294316139383987e-13
2,2,0,quintic,reused_centered,5,1.5081980109243887e-10,9.330961389583153e-11,4.7131187841387145e-12,7.682606362880358e-13
2,2,0,quintic,recursive,6,6.395487204982486e-09,6.395487204982486e-09,9.992948757785135e-11,nan
2,2,0,quintic,direct,6,1.495796672315919e-08,1.495796672315919e-08,2.3371823004936233e-10,nan
2,2,0,quintic,fe_geometry,6,1.5385992335393115e-08,1.5385992335393115e-08,2.404061302405174e-10,nan
2,2,0,quintic,reused,6,1.1447762895884564e-09,1.1447762895884564e-09,1.788712952481963e-11,nan
2,2,0,quintic,reused_centered,6,1.7252319573314455e-09,1.7252319573314455e-09,2.6956749333303837e-11,nan
2,2,0,quintic,recursive,7,1.2181141964345751e-07,1.2181141964345751e-07,9.516517159645118e-10,nan
2,2,0,quintic,direct,7,1.974564220290631e-07,1.974564220290631e-07,1.5426282971020554e-09,nan
2,2,0,quintic,fe_geometry,7,2.0951772961867446e-07,2.0951772961867446e-07,1.6368572626458942e-09,nan
2,2,0,quintic,reused,7,1.517860440012059e-08,1.517860440012059e-08,1.185828468759421e-10,nan
2,2,0,quintic,reused_centered,7,1.752841480894579e-08,1.752841480894579e-08,1.3694074069488898e-10,nan
2,2,0,quintic,recursive,8,2.0914948995583942e-06,2.0914948995583942e-06,8.169901951399977e-09,nan
2,2,0,quintic,direct,8,2.8794215759262444e-06,2.8794215759262444e-06,1.1247740530961892e-08,nan
2,2,0,quintic,fe_geometry,8,2.9806156238988484e-06,2.9806156238988484e-06,1.1643029780854877e-08,nan
2,2,0,quintic,reused,8,3.669999893375257e-07,3.669999893375257e-07,1.4335937083497097e-09,nan
2,2,0,quintic,reused_centered,8,2.635706961023467e-07,2.635706961023467e-07,1.0295730316497917e-09,nan
2,2,0,quintic,recursive,9,4.147857526966747e-05,4.147857526966747e-05,8.101284232356928e-08,nan
2,2,0,quintic,direct,9,2.4378777947276828e-05,2.4378777947276828e-05,4.7614800678275055e-08,nan
2,2,0,quintic,fe_geometry,9,2.4530167033039768e-05,2.4530167033039768e-05,4.7910482486405796e-08,nan
2,2,0,quintic,reused,9,3.997558107139405e-06,3.997558107139405e-06,7.80773067800665e-09,nan
2,2,0,quintic,reused_centered,9,3.2683892006893117e-06,3.2683892006893117e-06,6.383572657596312e-09,nan
2,2,0,quintic,recursive,10,0.00042044317313818874,0.00042044317313818874,4.1058903626776244e-07,nan
2,2,0,quintic,direct,10,9.624488884583115e-05,9.624488884583115e-05,9.398914926350698e-08,nan
2,2,0,quintic,fe_geometry,10,9.607340550464158e-05,9.607340550464158e-05,9.382168506312655e-08,nan
2,2,0,quintic,reused,10,3.326147607734759e-05,3.326147607734759e-05,3.248191023178475e-08,nan
2,2,0,quintic,reused_centered,10,2.594320467156485e-05,2.594320467156485e-05,2.533516081207505e-08,nan
2,8,0,constant,recursive,1,1.143325317149075e-13,1.143325317149075e-13,1.4291566464363436e-14,nan
2,8,0,constant,direct,1,1.6840189687172824e-13,1.6840189687172824e-13,2.105023710896603e-14,nan
2,8,0,constant,fe_geometry,1,1.6840189687172198e-13,1.6840189687172198e-13,2.1050237108965247e-14,nan
2,8,0,constant,reused,1,7.633493988645554e-15,7.633493988645554e-15,9.541867485806943e-16,nan
2,8,0,constant,reused_centered,1,4.034667565623132e-14,4.034667565623132e-14,5.043334457028915e-15,nan
2,8,0,constant,recursive,2,1.473393158047581e-11,1.473393158047581e-11,2.302176809449345e-13,nan
2,8,0,constant,direct,2,1.615390488041157e-11,1.615390488041157e-11,2.524047637564308e-13,nan
2,8,0,constant,fe_geometry,2,1.6153904880410963e-11,1.6153904880410963e-11,2.524047637564213e-13,nan
2,8,0,constant,reused,2,1.8079460803073297e-12,1.8079460803073297e-12,2.8249157504802026e-14,nan
2,8,0,constant,reused_centered,2,4.187893037948647e-12,4.187893037948647e-12,6.543582871794761e-14,nan
2,8,0,constant,recursive,3,1.102002156765192e-09,1.102002156765192e-09,2.1523479624320155e-12,nan
2,8,0,constant,direct,3,1.5008840819064063e-09,1.5008840819064063e-09,2.93141422247345e-12,nan
2,8,0,constant,fe_geometry,3,1.5008840819062481e-09,1.5008840819062481e-09,2.931414222473141e-12,nan
2,8,0,constant,reused,3,2.0773766807965565e-10,2.0773766807965565e-10,4.0573763296807745e-13,nan
2,8,0,constant,reused_centered,3,2.2891778622286737e-10,2.2891778622286737e-10,4.4710505121653784e-13,nan
2,8,0,constant,recursive,4,5.682526820799678e-08,5.682526820799678e-08,1.3873356496092964e-11,nan
2,8,0,constant,direct,4,7.691987411817535e-08,7.691987411817535e-08,1.8779266142132653e-11,nan
2,8,0,constant,fe_geometry,4,7.691987411815336e-08,7.691987411815336e-08,1.8779266142127286e-11,nan
2,8,0,constant,reused,4,1.287153649624259e-08,1.287153649624259e-08,3.142464964902976e-12,nan
2,8,0,constant,reused_centered,4,7.260415049942107e-09,7.260415049942107e-09,1.7725622680522723e-12,nan
2,8,0,constant,recursive,5,6.319428460478541e-06,6.319428460478541e-06,1.9285365174800235e-10,nan
2,8,0,constant,direct,5,4.377029836177825e-06,4.377029836177825e-06,1.3357634998101273e-10,nan
2,8,0,constant,fe_geometry,5,4.377029836177191e-06,4.377029836177191e-06,1.3357634998099337e-10,nan
2,8,0,constant,reused,5,4.51730385653227e-07,4.51730385653227e-07,1.3785717335608734e-11,nan
2,8,0,constant,reused_centered,5,3.968673806210829e-07,3.968673806210829e-07,1.2111431293368008e-11,nan
2,8,0,constant,recursive,6,0.0004017817759242172,0.0004017817759242172,1.5326758419960679e-09,nan
2,8,0,constant,direct,6,0.0002388104796409607,0.0002388104796409607,9.109896836889676e-10,nan
2,8,0,constant,fe_geometry,6,0.00023881047964087007,0.00023881047964087007,9.109896836886218e-10,nan
2,8,0,constant,reused,6,1.3042882245788715e-05,1.3042882245788715e-05,4.975464723887907e-11,nan
2,8,0,constant,reused_centered,6,3.246830651468529e-05,3.246830651468529e-05,1.2385676008104435e-10,nan
2,8,0,constant,recursive,7,0.03602395978443676,0.03602395978443676,1.7177562610834484e-08,nan
2,8,0,constant,direct,7,0.0077041625976562505,0.0077041625976562505,3.673630999401212e-09,nan
2,8,0,constant,fe_geometry,7,0.007704162597647784,0.007704162597647784,3.673630999397175e-09,nan
2,8,0,constant,reused,7,0.00104970513229411,0.00104970513229411,5.005384122343588e-10,nan
2,8,0,constant,reused_centered,7,0.0017747761899353928,0.0017747761899353928,8.462792348553623e-10,nan
2,8,0,constant,recursive,8,2.7028738665203265,2.7028738665203265,1.6110383668663063e-07,nan
2,8,0,constant,direct,8,0.3240966796875,0.3240966796875,1.9317667465656996e-08,nan
2,8,0,constant,fe_geometry,8,0.32409667968716027,0.32409667968716027,1.9317667465636746e-08,nan
2,8,0,constant,reused,8,0.05492807232308027,0.05492807232308027,3.273968239014165e-09,nan
2,8,0,constant,reused_centered,8,0.08044059201425934,0.08044059201425934,4.7946329125320515e-09,nan
2,8,0,constant,recursive,9,165.67182229876676,165.67182229876676,1.234351264676204e-06,nan
2,8,0,constant,direct,9,11.689453125,11.689453125,8.709321264177561e-08,nan
2,8,0,constant,fe_geometry,9,11.689453124970582,11.689453124970582,8.709321264155643e-08,nan
2,8,0,constant,reused,9,2.489579633153303,2.489579633153303,1.8548813709268742e-08,nan
2,8,0,constant,reused_centered,9,2.4776677454554137,2.4776677454554137,1.846006322991411e-08,nan
2,8,0,constant,recursive,10,5659.35804035877,5659.35804035877,5.270687900817739e-06,nan
2,8,0,constant,direct,10,193.359375,193.359375,1.800799509510398e-07,nan
2,8,0,constant,fe_geometry,10,193.35937500010806,193.35937500010806,1.8007995095114043e-07,nan
2,8,0,constant,reused,10,79.31218565766859,79.31218565766859,7.386522894508074e-08,nan
2,8,0,constant,reused_centered,10,34.38187640868262,34.38187640868262,3.202061765704548e-08,nan
2,8,0,quintic,recursive,1,9.71445146547012e-16,9.71445146547012e-16,1.214306433183765e-16,7.659070388164295e-15
2,8,0,quintic,direct,1,6.418476861114186e-15,6.418476861114186e-15,8.023096076392733e-16,3.295189506282936e-14
2,8,0,quintic,fe_geometry,1,1.2836953722228372e-14,1.2836953722228372e-14,1.6046192152785466e-15,5.854273193303198e-14
2,8,0,quintic,reused,1,9.228728892196614e-16,9.228728892196614e-16,1.1535911115245767e-16,6.372736826525705e-15
2,8,0,quintic,reused_centered,1,4.3021142204224816e-16,4.3021142204224816e-16,5.377642775528102e-17,3.016165110047376e-15
2,8,0,quintic,recursive,2,1.7363888105137448e-13,1.7363888105137448e-13,2.7131075164277263e-15,1.018168962682101e-13
2,8,0,quintic,direct,2,3.106404022901188e-13,3.106404022901188e-13,4.853756285783106e-15,2.1076389738869603e-13
2,8,0,quintic,fe_geometry,2,7.099321130965563e-13,7.099321130965563e-13,1.1092689267133693e-14,4.422453176395591e-13
2,8,0,quintic,reused,2,8.942846463355636e-14,8.942846463355636e-14,1.3973197598993181e-15,5.4073858971686996e-14
2,8,0,quintic,reused_centered,2,1.6486811915683575e-14,1.6486811915683575e-14,2.5760643618255585e-16,1.5007286119701236e-14
2,8,0,quintic,recursive,3,1.2009504501975243e-11,5.0039602091563495e-12,2.3456063480420397e-14,1.0104588110093416e-12
2,8,0,quintic,direct,3,2.6243673900694375e-11,1.8745481357638836e-11,5.12571755872937e-14,2.221968999961219e-12
2,8,0,quintic,fe_geometry,3,3.271138915295069e-11,2.3365277966393342e-11,6.388943193935681e-14,2.8717399695711494e-12
2,8,0,quintic,reused,3,2.7995383788947947e-12,1.7126300377867665e-12,5.467848396278896e-15,3.4508285557651394e-13
2,8,0,quintic,reused_centered,3,1.1102230246251565e-12,8.612000002017339e-13,2.168404344971009e-15,1.4371808682600812e-13
2,8,0,quintic,recursive,4,5.999156726943511e-10,5.177966298423958e-10,1.464637872788943e-13,1.2116100648813662e-11
2,8,0,quintic,direct,4,1.2817198241698696e-09,1.2817198241698696e-09,3.1291987894772207e-13,1.7836865580342146e-11
2,8,0,quintic,fe_geometry,4,1.472802623658077e-09,1.472802623658077e-09,3.595709530415227e-13,2.102447316427024e-11
2,8,0,quintic,reused,4,1.475086719437968e-10,3.5121835803747106e-11,3.6012859361278515e-14,3.238623762481985e-12
2,8,0,quintic,reused_centered,4,9.3635321718466e-11,4.072604957545802e-11,2.2860185966422364e-14,1.603491328424365e-12
2,8,0,quintic,recursive,5,7.632427442606901e-08,7.632427442606901e-08,2.3292320076315006e-12,3.5044458317850506e-10
2,8,0,quintic,direct,5,7.861534524636229e-08,7.861534524636229e-08,2.3991499403797084e-12,3.6140568336690875e-10
2,8,0,quintic,fe_geometry,5,9.140683470076452e-08,9.140683470076452e-08,2.789515219139542e-12,4.0272869542324163e-10
2,8,0,quintic,reused,5,8.851515076457872e-09,4.031369508029618e-09,2.7012680287041846e-13,4.724529942772241e-11
2,8,0,quintic,reused_centered,5,5.7847492711111585e-09,5.7847492711111585e-09,1.7653653781467159e-13,3.3201114971497866e-11
2,8,0,quintic,recursive,6,5.903009166609125e-06,5.903009166609125e-06,2.2518192926823138e-11,nan
2,8,0,quintic,direct,6,4.15778717273497e-06,4.15778717273497e-06,1.586069935888279e-11,nan
2,8,0,quintic,fe_geometry,6,4.547687922324274e-06,4.547687922324274e-06,1.7348052682206247e-11,nan
2,8,0,quintic,reused,6,2.869478088874781e-07,2.869478088874781e-07,1.0946190219401477e-12,nan
2,8,0,quintic,reused_centered,6,4.856758616140146e-07,4.856758616140146e-07,1.8527063812790473e-12,nan
2,8,0,quintic,recursive,7,0.0004556499976826224,0.0004556499976826224,2.1727085003024217e-10,nan
2,8,0,quintic,direct,7,0.00013738610269501805,0.00013738610269501805,6.55107987856951e-11,nan
2,8,0,quintic,fe_geometry,7,0.00015817508680351255,0.00015817508680351255,7.542375888991954e-11,nan
2,8,0,quintic,reused,7,1.706478073042758e-05,1.706478073042758e-05,8.137121548856536e-12,nan
2,8,0,quintic,reused_centered,7,2.8013336423189197e-05,2.8013336423189197e-05,1.3357799731821631e-11,nan
2,8,0,quintic,recursive,8,0.03876516526932805,0.03876516526932805,2.3105839055376083e-09,nan
2,8,0,quintic,direct,8,0.008363903403282165,0.008363903403282165,4.985274912883142e-10,nan
2,8,0,quintic,fe_geometry,8,0.00913142941927402,0.00913142941927402,5.442756068273795e-10,nan
2,8,0,quintic,reused,8,0.0013969412393572069,0.0013969412393572069,8.326418634398024e-11,nan
2,8,0,quintic,reused_centered,8,0.0012044210009688838,0.0012044210009688838,7.178908592277073e-11,nan
2,8,0,quintic,recursive,9,2.192698676982896,2.192698676982896,1.6336878217629313e-08,nan
2,8,0,quintic,direct,9,0.2791914067268372,0.2791914067268372,2.080138077786842e-09,nan
2,8,0,quintic,fe_geometry,9,0.28807960060251475,0.28807960060251475,2.1463602826186624e-09,nan
2,8,0,quintic,reused,9,0.10021198000988062,0.10021198000988062,7.466374338409351e-10,nan
2,8,0,quintic,reused_centered,9,0.02570692342091771,0.02570692342091771,1.915315048464962e-10,nan
2,8,0,quintic,recursive,10,66.75272675116976,66.75272675116976,6.216832134050295e-08,nan
2,8,0,quintic,direct,10,4.396853828430176,4.396853828430176,4.094889227701515e-09,nan
2,8,0,quintic,fe_geometry,10,4.2980280100518025,4.2980280100518025,4.0028505120908864e-09,nan
2,8,0,quintic,reused,10,3.864147976909183,3.864147976909183,3.598768242550253e-09,nan
2,8,0,quintic,reused_centered,10,0.4502861846415532,0.4502861846415532,4.1936168879415205e-10,nan
2,32,0,constant,recursive,1,5.818464924315001e-13,5.818464924315001e-13,1.818270288848438e-14,nan
2,32,0,constant,direct,1,6.73607587486913e-13,6.73607587486913e-13,2.105023710896603e-14,nan
2,32,0,constant,fe_geometry,1,6.736075874868351e-13,6.736075874868351e-13,2.1050237108963597e-14,nan
2,32,0,constant,reused,1,3.0533975954582224e-14,3.0533975954582224e-14,9.541867485806945e-16,nan
2,32,0,constant,reused_centered,1,1.6138670262492648e-13,1.6138670262492648e-13,5.0433344570289525e-15,nan
2,32,0,constant,recursive,2,3.0770878879004415e-10,3.0770878879004415e-10,3.004968640527775e-13,nan
2,32,0,constant,direct,2,2.5846247808658513e-10,2.5846247808658513e-10,2.524047637564308e-13,nan
2,32,0,constant,fe_geometry,2,2.584624780865547e-10,2.584624780865547e-10,2.5240476375640106e-13,nan
2,32,0,constant,reused,2,2.8927137284918745e-11,2.8927137284918745e-11,2.8249157504803462e-14,nan
2,32,0,constant,reused_centered,2,6.700628860717983e-11,6.700628860717983e-11,6.543582871794905e-14,nan
2,32,0,constant,recursive,3,8.996760018662402e-08,8.996760018662402e-08,2.7455932674140632e-12,nan
2,32,0,constant,direct,3,9.605658124201e-08,9.605658124201e-08,2.93141422247345e-12,nan
2,32,0,constant,fe_geometry,3,9.605658124197544e-08,9.605658124197544e-08,2.931414222472395e-12,nan
2,32,0,constant,reused,3,1.329521075709946e-08,1.329521075709946e-08,4.057376329681232e-13,nan
2,32,0,constant,reused_centered,3,1.4650738318264513e-08,1.4650738318264513e-08,4.471050512165684e-13,nan
2,32,0,constant,recursive,4,1.886978094348891e-05,1.886978094348891e-05,1.799562544201747e-11,nan
2,32,0,constant,direct,4,1.969148777425289e-05,1.969148777425289e-05,1.8779266142132653e-11,nan
2,32,0,constant,fe_geometry,4,1.9691487774233227e-05,1.9691487774233227e-05,1.8779266142113902e-11,nan
2,32,0,constant,reused,4,3.2951133430391797e-06,3.2951133430391797e-06,3.142464964904003e-12,nan
2,32,0,constant,reused_centered,4,1.8586662527852585e-06,1.8586662527852585e-06,1.7725622680523476e-12,nan
2,32,0,constant,recursive,5,0.0037541072680107933,0.0037541072680107933,1.1188111507924775e-10,nan
2,32,0,constant,direct,5,0.004482078552246093,0.004482078552246093,1.3357634998101273e-10,nan
2,32,0,constant,fe_geometry,5,0.0044820785522434676,0.0044820785522434676,1.335763499809345e-10,nan
2,32,0,constant,reused,5,0.0004625719149094532,0.0004625719149094532,1.3785717335625089e-11,nan
2,32,0,constant,reused_centered,5,0.00040639219775603615,0.00040639219775603615,1.2111431293369417e-11,nan
2,32,0,constant,recursive,6,0.6063796482714456,0.6063796482714456,5.64735055222591e-10,nan
2,32,0,constant,direct,6,0.9781677246093751,0.9781677246093751,9.109896836889676e-10,nan
2,32,0,constant,fe_geometry,6,0.9781677246078335,0.9781677246078335,9.109896836875319e-10,nan
2,32,0,constant,reused,6,0.05342364567875749,0.05342364567875749,4.975464723888551e-11,nan
2,32,0,constant,reused_centered,6,0.13299018348416156,0.13299018348416156,1.2385676008105423e-10,nan
2,32,0,constant,recursive,7,168.20600438587851,168.20600438587851,4.895439033451214e-09,nan
2,32,0,constant,direct,7,126.22500000000001,126.22500000000001,3.673630999401212e-09,nan
2,32,0,constant,fe_geometry,7,126.22499999940038,126.22499999940038,3.6736309993837605e-09,nan
2,32,0,constant,reused,7,17.19836888751283,17.19836888751283,5.005384122345373e-10,nan
2,32,0,constant,reused_centered,7,29.077933095907536,29.077933095907536,8.462792348555387e-10,nan
2,32,0,constant,recursive,8,47543.95268924466,47543.95268924466,4.324097307221078e-08,nan
2,32,0,constant,direct,8,21240.0,21240.0,1.9317667465656996e-08,nan
2,32,0,constant,fe_geometry,8,21239.999999891243,21239.999999891243,1.931766746555808e-08,nan
2,32,0,constant,reused,8,3599.766147769267,3599.766147769267,3.273968239017692e-09,nan
2,32,0,constant,reused_centered,8,5271.754638245537,5271.754638245537,4.7946329125311755e-09,nan
2,32,0,constant,recursive,9,7253780.297056687,7253780.297056687,2.0616483587493483e-07,nan
2,32,0,constant,direct,9,3064320.0,3064320.0,8.709321264177561e-08,nan
2,32,0,constant,fe_geometry,9,3064319.999957525,3064319.999957525,8.70932126405684e-08,nan
2,32,0,constant,reused,9,652628.3633532741,652628.3633532741,1.8548813709266883e-08,nan
2,32,0,constant,reused_centered,9,649505.7334640436,649505.7334640436,1.846006322989648e-08,nan
2,32,0,constant,recursive,10,1079933094.7561584,1079933094.7561584,9.591732694823903e-07,nan
2,32,0,constant,direct,10,202752000.0,202752000.0,1.800799509510398e-07,nan
2,32,0,constant,fe_geometry,10,202751999.9998011,202751999.9998011,1.8007995095086313e-07,nan
2,32,0,constant,reused,10,83164854.38830201,83164854.38830201,7.386522894519311e-08,nan
2,32,0,constant,reused_centered,10,36052010.43711996,36052010.43711996,3.202061765705363e-08,nan
2,32,0,quintic,recursive,1,2.1649348980190553e-15,2.1649348980190553e-15,6.765421556309548e-17,3.01244109330322e-14
2,32,0,quintic,direct,1,9.131584377541913e-15,9.131584377541913e-15,2.8536201179818477e-16,7.871605253285512e-14
2,32,0,quintic,fe_geometry,1,2.914335439641036e-14,2.914335439641036e-14,9.107298248878237e-16,2.0265683629734597e-13
2,32,0,quintic,reused,1,1.734723475976807e-15,1.734723475976807e-15,5.421010862427522e-17,1.9782702335235635e-14
2,32,0,quintic,reused_centered,1,1.0685896612017132e-15,1.0685896612017132e-15,3.3393426912553537e-17,1.2315144508686993e-14
2,32,0,quintic,recursive,2,1.6794898805017056e-12,1.6794898805017056e-12,1.6401268364274468e-15,1.6625384177604765e-12
2,32,0,quintic,direct,2,2.138039745247511e-12,2.138039745247511e-12,2.0879294387182723e-15,1.9356049741097432e-12
2,32,0,quintic,fe_geometry,2,7.404410418132557e-12,7.404410418132557e-12,7.230869548957575e-15,5.7509723136797056e-12
2,32,0,quintic,reused,2,6.141753772226366e-13,6.141753772226366e-13,5.997806418189811e-16,6.685630875573338e-13
2,32,0,quintic,reused_centered,2,3.7925218521195347e-13,3.7925218521195347e-13,3.703634621210483e-16,3.7928155295331864e-13
2,32,0,quintic,recursive,3,5.399023450536333e-10,4.319218760429066e-10,1.6476511995044962e-14,6.715289139583869e-11
2,32,0,quintic,direct,3,7.684834990584477e-10,6.147867992467581e-10,2.3452255220289542e-14,7.99102967819053e-11
2,32,0,quintic,fe_geometry,3,8.818317187575531e-10,7.054653750060424e-10,2.6911368370286654e-14,1.2021859278581824e-10
2,32,0,quintic,reused,3,9.04019081815477e-11,3.658362501823831e-11,2.7588472955794585e-15,1.3848010519562176e-11
2,32,0,quintic,reused_centered,3,1.0692868812611778e-10,5.0841886256591806e-11,3.263204593692559e-15,1.233024671822212e-11
2,32,0,quintic,recursive,4,1.5198831486699727e-07,1.5198831486699727e-07,1.449473522825215e-13,2.5980066801216484e-09
2,32,0,quintic,direct,4,1.539746499021659e-07,1.539746499021659e-07,1.4684166898933973e-13,2.4453379537076563e-09
2,32,0,quintic,fe_geometry,4,1.704416918220758e-07,1.704416918220758e-07,1.6254586393554288e-13,2.853744445226707e-09
2,32,0,quintic,reused,4,2.521883502026867e-08,1.9581590421316495e-09,2.4050555248516722e-14,6.646618981014205e-10
2,32,0,quintic,reused_centered,4,2.1184948018060368e-08,5.296237004515092e-09,2.0203540819225662e-14,5.025964536672176e-10
2,32,0,quintic,recursive,5,3.299782148592743e-05,3.299782148592743e-05,9.834117140152284e-13,1.679667411523753e-07
2,32,0,quintic,direct,5,3.159408491281283e-05,3.159408491281283e-05,9.415771041158684e-13,1.6205650630662716e-07
2,32,0,quintic,fe_geometry,5,3.613074973642729e-05,3.613074973642729e-05,1.0767802517541434e-12,1.805447455842123e-07
2,32,0,quintic,reused,5,4.018074349687595e-06,1.2581474210109255e-06,1.197479471471189e-13,2.136080636600359e-08
2,32,0,quintic,reused_centered,5,5.623742845036296e-06,5.623742845036296e-06,1.6760059729326653e-13,3.128786934902704e-08
2,32,0,quintic,recursive,6,0.006125498998286601,0.006125498998286601,5.704815497888812e-12,nan
2,32,0,quintic,direct,6,0.0066813932273484524,0.0066813932273484524,6.222532342512582e-12,nan
2,32,0,quintic,fe_geometry,6,0.007313916866916949,0.007313916866916949,6.811615887020667e-12,nan
2,32,0,quintic,reused,6,0.0003361705345592331,0.0003361705345592331,3.1308320775556666e-13,nan
2,32,0,quintic,reused_centered,6,0.0016905090787381187,0.0016905090787381187,1.5744092676212254e-12,nan
2,32,0,quintic,recursive,7,1.1882728532650877,1.1882728532650877,3.458329165776632e-11,nan
2,32,0,quintic,direct,7,0.8379142808908223,0.8379142808908223,2.4386515168322434e-11,nan
2,32,0,quintic,fe_geometry,7,0.8730863352515333,0.8730863352515333,2.541015667525159e-11,nan
2,32,0,quintic,reused,7,0.07919677298570535,0.07919677298570535,2.3049294536963964e-12,nan
2,32,0,quintic,reused_centered,7,0.4644029437338708,0.4644029437338708,1.3515904538038618e-11,nan
2,32,0,quintic,recursive,8,257.2929109149748,257.2929109149748,2.340065392809036e-10,nan
2,32,0,quintic,direct,8,115.56274088287357,115.56274088287357,1.0510370055533128e-10,nan
2,32,0,quintic,fe_geometry,8,125.03188691067682,125.03188691067682,1.137158386979325e-10,nan
2,32,0,quintic,reused,8,20.678997618252517,20.678997618252517,1.8807438771775666e-11,nan
2,32,0,quintic,reused_centered,8,121.36489520670855,121.36489520670855,1.1038072917172808e-10,nan
2,32,0,quintic,recursive,9,36681.540387987814,36681.540387987814,1.0425520823670187e-09,nan
2,32,0,quintic,direct,9,15802.078938354496,15802.078938354496,4.4912209598221853e-10,nan
2,32,0,quintic,fe_geometry,9,16392.655094079077,16392.655094079077,4.659072798767476e-10,nan
2,32,0,quintic,reused,9,5468.866085879476,5468.866085879476,1.5543452280665734e-10,nan
2,32,0,quintic,reused_centered,9,17508.270044350014,17508.270044350014,4.976149638295628e-10,nan
2,32,0,quintic,recursive,10,2780710.555667639,2780710.555667639,2.4697671069763405e-09,nan
2,32,0,quintic,direct,10,1062239.0044921876,1062239.0044921876,9.434577603537054e-10,nan
2,32,0,quintic,fe_geometry,10,1055759.4719665723,1055759.4719665723,9.377027793947089e-10,nan
2,32,0,quintic,reused,10,1507535.528843001,1507535.528843001,1.3389605236495692e-09,nan
2,32,0,quintic,reused_centered,10,1183100.688303116,1183100.688303116,1.050804499683192e-09,nan
2,2,1,constant,recursive,1,7.454798722819259e-14,7.454798722819259e-14,3.7273993614096297e-14,nan
2,2,1,constant,direct,1,3.4928166835601884e-14,3.4928166835601884e-14,1.7464083417800942e-14,nan
2,2,1,constant,fe_geometry,1,3.492816683560159e-14,3.492816683560159e-14,1.7464083417800794e-14,nan
2,2,1,constant,reused,1,1.9083734971613882e-15,1.9083734971613882e-15,9.541867485806941e-16,nan
2,2,1,constant,reused_centered,1,7.103287967646354e-15,7.103287967646354e-15,3.551643983823177e-15,nan
2,2,1,constant,recursive,2,2.1882961832373195e-12,2.1882961832373195e-12,5.470740458093299e-13,nan
2,2,1,constant,direct,2,7.109993345251571e-13,7.109993345251571e-13,1.7774983363128928e-13,nan
2,2,1,constant,fe_geometry,2,7.109993345251456e-13,7.109993345251456e-13,1.777498336312864e-13,nan
2,2,1,constant,reused,2,5.5148246372942453e-14,5.5148246372942453e-14,1.3787061593235613e-14,nan
2,2,1,constant,reused_centered,2,1.2487537776090313e-13,1.2487537776090313e-13,3.121884444022578e-14,nan
2,2,1,constant,recursive,3,3.4322193531864717e-11,3.4322193531864717e-11,4.2902741914830896e-12,nan
2,2,1,constant,direct,3,1.1136636932876602e-11,1.1136636932876602e-11,1.3920796166095753e-12,nan
2,2,1,constant,fe_geometry,3,1.1136636932876126e-11,1.1136636932876126e-11,1.3920796166095157e-12,nan
2,2,1,constant,reused,3,1.018757778601489e-12,1.018757778601489e-12,1.2734472232518612e-13,nan
2,2,1,constant,reused_centered,3,9.891019194598169e-13,9.891019194598169e-13,1.236377399324771e-13,nan
2,2,1,constant,recursive,4,3.319631103218114e-10,3.319631103218114e-10,2.0747694395113214e-11,nan
2,2,1,constant,direct,4,1.0305026561276621e-10,1.0305026561276621e-10,6.440641600797888e-12,nan
2,2,1,constant,fe_geometry,4,1.0305026561276335e-10,1.0305026561276335e-10,6.4406416007977095e-12,nan
2,2,1,constant,reused,4,8.042485707086226e-12,8.042485707086226e-12,5.026553566928891e-13,nan
2,2,1,constant,reused_centered,4,1.3056631410313083e-11,1.3056631410313083e-11,8.160394631445677e-13,nan
2,2,1,constant,recursive,5,4.869232685138642e-09,4.869232685138642e-09,1.5216352141058255e-10,nan
2,2,1,constant,direct,5,2.0324910877773334e-09,2.0324910877773334e-09,6.351534649304167e-11,nan
2,2,1,constant,fe_geometry,5,2.032491087777232e-09,2.032491087777232e-09,6.35153464930385e-11,nan
2,2,1,constant,reused,5,1.3557073060270923e-10,1.3557073060270923e-10,4.236585331334663e-12,nan
2,2,1,constant,reused_centered,5,2.0752653359791628e-10,2.0752653359791628e-10,6.485204174934884e-12,nan
2,2,1,constant,recursive,6,5.567542130530999e-08,5.567542130530999e-08,8.699284578954686e-10,nan
2,2,1,constant,direct,6,2.5925737309322624e-08,2.5925737309322624e-08,4.05089645458166e-10,nan
2,2,1,constant,fe_geometry,6,2.5925737309320963e-08,2.5925737309320963e-08,4.0508964545814005e-10,nan
2,2,1,constant,reused,6,2.037160425341093e-09,2.037160425341093e-09,3.183063164595458e-11,nan
2,2,1,constant,reused_centered,6,3.648304052501669e-09,3.648304052501669e-09,5.700475082033858e-11,nan
2,2,1,constant,recursive,7,8.866243085387541e-07,8.866243085387541e-07,6.926752410459017e-09,nan
2,2,1,constant,direct,7,4.0310416577453717e-07,4.0310416577453717e-07,3.1492512951135716e-09,nan
2,2,1,constant,fe_geometry,7,4.0310416577449376e-07,4.0310416577449376e-07,3.1492512951132325e-09,nan
2,2,1,constant,reused,7,2.650979214821998e-08,2.650979214821998e-08,2.071077511579686e-10,nan
2,2,1,constant,reused_centered,7,4.3352227600777526e-08,4.3352227600777526e-08,3.386892781310744e-10,nan
2,2,1,constant,recursive,8,1.4164096286818813e-05,1.4164096286818813e-05,5.532850112038599e-08,nan
2,2,1,constant,direct,8,6.522879827221763e-06,6.522879827221763e-06,2.5479999325085012e-08,nan
2,2,1,constant,fe_geometry,8,6.522879827221645e-06,6.522879827221645e-06,2.5479999325084552e-08,nan
2,2,1,constant,reused,8,5.794473766934114e-07,5.794473766934114e-07,2.263466315208638e-09,nan
2,2,1,constant,reused_centered,8,9.32156562847634e-07,9.32156562847634e-07,3.6412365736235705e-09,nan
2,2,1,constant,recursive,9,0.00021757474685536542,0.00021757474685536542,4.249506774518856e-07,nan
2,2,1,constant,direct,9,0.0001285698047551653,0.0001285698047551653,2.511128999124322e-07,nan
2,2,1,constant,fe_geometry,9,0.00012856980475515578,0.00012856980475515578,2.5111289991241363e-07,nan
2,2,1,constant,reused,9,1.3939194459740978e-05,1.3939194459740978e-05,2.7224989179181598e-08,nan
2,2,1,constant,reused_centered,9,2.1958785931790526e-05,2.1958785931790526e-05,4.288825377302837e-08,nan
2,2,1,constant,recursive,10,0.0033048861386975738,0.0033048861386975738,3.2274278698218494e-06,nan
2,2,1,constant,direct,10,0.0029493099428371736,0.0029493099428371736,2.8801854910519273e-06,nan
2,2,1,constant,fe_geometry,10,0.0029493099428370226,0.0029493099428370226,2.88018549105178e-06,nan
2,2,1,constant,reused,10,0.00036646131255156406,0.00036646131255156406,3.578723755386368e-07,nan
2,2,1,constant,reused_centered,10,0.0005694729554556203,0.0005694729554556203,5.561259330621292e-07,nan
2,2,1,quintic,recursive,1,0.0007980874667421894,0.0007980874667421894,0.0003990437333710947,0.0008263219873445757
2,2,1,quintic,direct,1,2.0566881531181025e-14,2.0566881531181025e-14,1.0283440765590512e-14,2.3337108402159306e-14
2,2,1,quintic,fe_geometry,1,2.6256774532384952e-14,2.6256774532384952e-14,1.3128387266192476e-14,2.918299796172908e-14
2,2,1,quintic,reused,1,2.1094237467877974e-15,2.1094237467877974e-15,1.0547118733938987e-15,3.2223969504377017e-15
2,2,1,quintic,reused_centered,1,1.4432899320127035e-15,1.4432899320127035e-15,7.216449660063518e-16,2.332614821929514e-15
2,2,1,quintic,recursive,2,0.032805900529652376,0.032805900529652376,0.008201475132413094,0.004912519562100058
2,2,1,quintic,direct,2,1.580957587066223e-13,1.580957587066223e-13,3.952393967665557e-14,3.331223511301438e-14
2,2,1,quintic,fe_geometry,2,2.1133095273739855e-13,2.1133095273739855e-13,5.283273818434964e-14,4.2916175457148324e-14
2,2,1,quintic,reused,2,3.730349362740526e-14,1.8520572509687563e-14,9.325873406851315e-15,7.244773872200672e-15
2,2,1,quintic,reused_centered,2,3.2862601528904634e-14,8.072273854442958e-15,8.215650382226158e-15,4.901262111593837e-15
2,2,1,quintic,recursive,3,0.6401268583826301,0.3927250571718347,0.08001585729782876,0.012580267666483385
2,2,1,quintic,direct,3,3.339550858072471e-12,2.0238298634341953e-12,4.1744385725905886e-13,7.807025539682877e-14
2,2,1,quintic,fe_geometry,3,3.47455397786689e-12,2.4692482072113597e-12,4.3431924723336124e-13,9.478184193364574e-14
2,2,1,quintic,reused,3,3.907985046680551e-13,7.133225910003712e-14,4.884981308350689e-14,1.0216703299955477e-14
2,2,1,quintic,reused_centered,3,2.1382895454280515e-13,2.1382895454280515e-13,2.6728619317850644e-14,5.11688131385123e-15
2,2,1,quintic,recursive,4,5.257717521198931,0.43297520082658913,0.32860734507493317,0.014803228039444033
2,2,1,quintic,direct,4,2.318456537864222e-11,9.39428469777882e-12,1.4490353361651387e-12,1.0045134033838372e-13
2,2,1,quintic,fe_geometry,4,3.518607627484016e-11,1.060638080987563e-11,2.19912976717751e-12,1.217015671940938e-13
2,2,1,quintic,reused,4,1.3585577107733116e-11,6.609306739506504e-13,8.490985692333197e-13,3.085808705765635e-14
2,2,1,quintic,reused_centered,4,1.1198153515579179e-11,1.366667157270675e-12,6.998845947236987e-13,2.7015079653448526e-14
2,2,1,quintic,recursive,5,187.62230426437554,0.15133043538159274,5.863197008261736,0.04311028567110263
2,2,1,quintic,direct,5,5.297806637827307e-10,4.639550842671408e-11,1.6555645743210334e-11,1.921569479205458e-13
2,2,1,quintic,fe_geometry,5,7.22138793207705e-10,4.9449316075779774e-11,2.2566837287740782e-11,2.4746448179298116e-13
2,2,1,quintic,reused,5,4.0517988963983953e-10,4.2821605832216215e-12,1.2661871551244985e-11,9.058374268252431e-14
2,2,1,quintic,reused_centered,5,4.192770575173199e-10,5.328497361162612e-12,1.3102408047416247e-11,9.06335312152017e-14
2,2,1,quintic,recursive,6,3124.8886728159705,0.236027711062279,48.82638551274954,0.06583341458515975
2,2,1,quintic,direct,6,9.40781319513917e-09,1.7828083060919084e-10,1.4699708117404953e-10,2.47922089394108e-13
2,2,1,quintic,fe_geometry,6,1.4799297787249088e-08,1.8327768383359307e-10,2.31239027925767e-10,3.325221250623158e-13
2,2,1,quintic,reused,6,1.070293365046382e-08,2.1487059083172578e-11,1.6723333828849718e-10,1.9095543916368555e-13
2,2,1,quintic,reused_centered,6,1.1670636013150215e-08,2.639111688382616e-11,1.823536877054721e-10,1.9834508553748471e-13
2,2,1,quintic,recursive,7,35572.70492957905,0.28962408674658585,277.9117572623363,0.055248340224784226
2,2,1,quintic,direct,7,1.4336546882987022e-07,4.451518335207405e-10,1.1200427252333611e-09,2.5570300975744e-13
2,2,1,quintic,fe_geometry,7,2.743327058851719e-07,4.774136177225283e-10,2.1432242647279054e-09,3.6471376220436297e-13
2,2,1,quintic,reused,7,2.805609256029129e-07,5.7990213812511054e-11,2.191882231272757e-09,3.2844645518097195e-13
2,2,1,quintic,reused_centered,7,3.1420495361089706e-07,2.7226833050956293e-11,2.4547262000851333e-09,3.512130111151823e-13
2,2,1,quintic,recursive,8,3850498.022226367,0.24621563647250957,15041.007899321747,0.23406248941796098
2,2,1,quintic,direct,8,2.8274953365325928e-06,5.494748723862909e-10,1.104490365833044e-08,2.5761540065833826e-13
2,2,1,quintic,fe_geometry,8,5.33275306224823e-06,5.218991244082996e-10,2.083106664940715e-08,3.75999029000256e-13
2,2,1,quintic,reused,8,7.634982466697693e-06,8.56587096463403e-11,2.982415026053786e-08,4.853396443862874e-13
2,2,1,quintic,reused_centered,8,8.689239621162415e-06,1.3322513732197056e-10,3.394234227016568e-08,5.31976568953873e-13
2,2,1,quintic,recursive,9,162729059.7005077,0.4778910863084637,317830.1947275541,0.4670708903699173
2,2,1,quintic,direct,9,6.490945816040039e-05,1.2252670177615651e-09,1.26776285469532e-07,2.474921054140854e-13
2,2,1,quintic,fe_geometry,9,0.0001112520694732666,1.373896550250261e-09,2.1728919818997383e-07,3.674183920217081e-13
2,2,1,quintic,reused,9,0.0002205371856689453,2.0479246636466894e-10,4.307366907596588e-07,6.505127322362025e-13
2,2,1,quintic,reused_centered,9,0.00025337934494018555,1.9397662383671949e-10,4.948815330862999e-07,7.282100577170527e-13
2,2,1,quintic,recursive,10,5671353747.597025,0.6786187947419495,5538431.39413772,0.6724997338676061
2,2,1,quintic,direct,10,0.0016565322875976562,1.688922726907013e-09,1.6177073121070862e-06,2.380937151939134e-13
2,2,1,quintic,fe_geometry,10,0.00250244140625,2.2681393436905804e-09,2.4437904357910156e-06,3.639662152685227e-13
2,2,1,quintic,reused,10,0.006812095642089844,3.2813169852913717e-10,6.652437150478363e-06,8.200668259536162e-13
2,2,1,quintic,reused_centered,10,0.007879257202148438,2.674425137482504e-10,7.694587111473083e-06,9.331525917472219e-13
2,8,1,constant,recursive,1,9.772815502677013e-14,9.772815502677013e-14,1.2216019378346266e-14,nan
2,8,1,constant,direct,1,1.1859288512093544e-13,1.1859288512093544e-13,1.482411064011693e-14,nan
2,8,1,constant,fe_geometry,1,1.1859288512093112e-13,1.1859288512093112e-13,1.482411064011639e-14,nan
2,8,1,constant,reused,1,6.65518220457328e-15,6.65518220457328e-15,8.3189777557166e-16,nan
2,8,1,constant,reused_centered,1,2.841315187058541e-14,2.841315187058541e-14,3.551643983823176e-15,nan
2,8,1,constant,recursive,2,1.0684022526287287e-11,1.0684022526287287e-11,1.6693785197323886e-13,nan
2,8,1,constant,direct,2,9.918037796340467e-12,9.918037796340467e-12,1.549693405678198e-13,nan
2,8,1,constant,fe_geometry,2,9.918037796340107e-12,9.918037796340107e-12,1.5496934056781417e-13,nan
2,8,1,constant,reused,2,8.930585479944958e-13,8.930585479944958e-13,1.3954039812413996e-14,nan
2,8,1,constant,reused_centered,2,2.0571883680469232e-12,2.0571883680469232e-12,3.2143568250733176e-14,nan
2,8,1,constant,recursive,3,7.227091090041185e-10,7.227091090041185e-10,1.411541228523669e-12,nan
2,8,1,constant,direct,3,6.420575763538648e-10,6.420575763538648e-10,1.2540187038161422e-12,nan
2,8,1,constant,fe_geometry,3,6.420575763537979e-10,6.420575763537979e-10,1.2540187038160116e-12,nan
2,8,1,constant,reused,3,7.069196912759558e-11,7.069196912759558e-11,1.3807025220233511e-13,nan
2,8,1,constant,reused_centered,3,7.566431137763071e-11,7.566431137763071e-11,1.4778185815943498e-13,nan
2,8,1,constant,recursive,4,4.721723783699931e-08,4.721723783699931e-08,1.152764595629866e-11,nan
2,8,1,constant,direct,4,2.2083897769332313e-08,2.2083897769332313e-08,5.391576603840897e-12,nan
2,8,1,constant,fe_geometry,4,2.2083897769325878e-08,2.2083897769325878e-08,5.391576603839326e-12,nan
2,8,1,constant,reused,4,2.869969942407961e-09,2.869969942407961e-09,7.006762554706936e-13,nan
2,8,1,constant,reused_centered,4,2.6901923510626274e-09,2.6901923510626274e-09,6.567852419586493e-13,nan
2,8,1,constant,recursive,5,3.001484385524343e-06,3.001484385524343e-06,9.159803422620676e-11,nan
2,8,1,constant,direct,5,1.4278993804624624e-06,1.4278993804624624e-06,4.3576030897902295e-11,nan
2,8,1,constant,fe_geometry,5,1.427899380462275e-06,1.427899380462275e-06,4.3576030897896576e-11,nan
2,8,1,constant,reused,5,1.0699929408439062e-07,1.0699929408439062e-07,3.265359316540241e-12,nan
2,8,1,constant,reused_centered,5,1.2736217411638777e-07,1.2736217411638777e-07,3.886785098766717e-12,nan
2,8,1,constant,recursive,6,0.0001993730189142124,0.0001993730189142124,7.605477100914475e-10,nan
2,8,1,constant,direct,6,5.237469657142497e-05,5.237469657142497e-05,1.997936117989539e-10,nan
2,8,1,constant,fe_geometry,6,5.23746965714062e-05,5.23746965714062e-05,1.9979361179888229e-10,nan
2,8,1,constant,reused,6,3.7071491343268126e-06,3.7071491343268126e-06,1.4141651665980578e-11,nan
2,8,1,constant,reused_centered,6,9.2213628503722e-06,9.2213628503722e-06,3.517670765065079e-11,nan
2,8,1,constant,recursive,7,0.012246539981845932,0.012246539981845932,5.839605322764364e-09,nan
2,8,1,constant,direct,7,0.0012427803269796278,0.0012427803269796278,5.926038393877162e-10,nan
2,8,1,constant,fe_geometry,7,0.001242780326978906,0.001242780326978906,5.92603839387372e-10,nan
2,8,1,constant,reused,7,0.00020424092638965635,0.00020424092638965635,9.738966292841737e-11,nan
2,8,1,constant,reused_centered,7,0.00033916586389174877,0.00033916586389174877,1.6172688669764937e-10,nan
2,8,1,constant,recursive,8,0.46454954507349927,0.46454954507349927,2.768931061467524e-08,nan
2,8,1,constant,direct,8,0.05708322965338265,0.05708322965338265,3.4024256261219175e-09,nan
2,8,1,constant,fe_geometry,8,0.05708322965331218,0.05708322965331218,3.402425626117717e-09,nan
2,8,1,constant,reused,8,0.0069546479358981094,0.0069546479358981094,4.1452931975711044e-10,nan
2,8,1,constant,reused_centered,8,0.01086643959688348,0.01086643959688348,6.476902721454788e-10,nan
2,8,1,constant,recursive,9,15.79008596430904,15.79008596430904,1.176453081094402e-07,nan
2,8,1,constant,direct,9,1.2580430732369636,1.2580430732369636,9.373151311553744e-09,nan
2,8,1,constant,fe_geometry,9,1.2580430732330177,1.2580430732330177,9.373151311524344e-09,nan
2,8,1,constant,reused,9,0.22281800664085427,0.22281800664085427,1.6601235169235935e-09,nan
2,8,1,constant,reused_centered,9,0.20335695780257143,0.20335695780257143,1.5151274040532964e-09,nan
2,8,1,constant,recursive,10,302.3946081655344,302.3946081655344,2.816269250265643e-07,nan
2,8,1,constant,direct,10,32.915430700350434,32.915430700350434,3.065488366442773e-08,nan
2,8,1,constant,fe_geometry,10,32.91543070033583,32.91543070033583,3.065488366441413e-08,nan
2,8,1,constant,reused,10,4.019982647420739,4.019982647420739,3.74390058910543e-09,nan
2,8,1,constant,reused_centered,10,4.180587989276663,4.180587989276663,3.8934759695796886e-09,nan
2,8,1,quintic,recursive,1,4.3934079367591305e-08,4.3934079367591305e-08,5.491759920948913e-09,2.4286157484043317e-07
2,8,1,quintic,direct,1,4.517219931443606e-15,4.517219931443606e-15,5.646524914304507e-16,2.988500367879125e-14
2,8,1,quintic,fe_geometry,1,9.922618282587337e-15,9.922618282587337e-15,1.240327285323417e-15,5.5683889692852705e-14
2,8,1,quintic,reused,1,6.938893903907228e-16,6.938893903907228e-16,8.673617379884035e-17,5.788629792468447e-15
2,8,1,quintic,reused_centered,1,3.7470027081099033e-16,3.7470027081099033e-16,4.683753385137379e-17,3.1095132732295134e-15
2,8,1,quintic,recursive,2,9.968000894033935e-06,9.968000894033935e-06,1.5575001396928023e-07,6.494967825438029e-06
2,8,1,quintic,direct,2,1.9079182678183315e-13,1.9079182678183315e-13,2.981122293466143e-15,1.5820187692347626e-13
2,8,1,quintic,fe_geometry,2,3.8566372317916375e-13,3.8566372317916375e-13,6.025995674674434e-15,3.2542444158203543e-13
2,8,1,quintic,reused,2,4.427014310692812e-14,4.427014310692812e-14,6.917209860457518e-16,3.939719119562063e-14
2,8,1,quintic,reused_centered,2,9.603429163007604e-15,9.603429163007604e-15,1.5005358067199381e-16,9.33000538215333e-15
2,8,1,quintic,recursive,3,0.001059560178923169,0.0008059888005286965,2.0694534744593145e-06,8.717119884407296e-05
2,8,1,quintic,direct,3,1.1214473794041169e-11,1.1214473794041169e-11,2.1903269128986658e-14,1.2878936109215323e-12
2,8,1,quintic,fe_geometry,3,1.4540924020423063e-11,1.4540924020423063e-11,2.8400242227388794e-14,1.5620464444795038e-12
2,8,1,quintic,reused,3,1.20525811553307e-12,6.100675520315235e-13,2.3540197569005272e-15,1.7865059147233927e-13
2,8,1,quintic,reused_centered,3,5.240252676230739e-13,5.110356582349596e-13,1.0234868508263162e-15,8.13600890650222e-14
2,8,1,quintic,recursive,4,0.0647878082590978,0.005863960708823383,1.58173360007563e-05,0.0006865082979083662
2,8,1,quintic,direct,4,3.669107240256153e-10,2.5026915345118843e-10,8.957781348281624e-14,5.804018953170613e-12
2,8,1,quintic,fe_geometry,4,4.279390175554454e-10,3.3562775475592055e-10,1.0447729920787241e-13,6.907195598417445e-12
2,8,1,quintic,reused,4,7.180744887591572e-11,1.0513687226257091e-11,1.7531115448221612e-14,1.0539958510595689e-12
2,8,1,quintic,reused_centered,4,3.346656285430072e-11,1.3310078527812278e-11,8.170547571850761e-15,5.084477634325965e-13
2,8,1,quintic,recursive,5,2.2336346791224315,0.025385403212723454,6.816512082282811e-05,0.0034880604283149606
2,8,1,quintic,direct,5,2.5518468227403446e-08,4.86961036313379e-09,7.787618477601149e-13,5.0527442712146475e-11
2,8,1,quintic,fe_geometry,5,2.988387493019218e-08,5.702647422010452e-09,9.119834878598687e-13,5.733930899829513e-11
2,8,1,quintic,reused,5,2.1161099539313e-09,2.5095600296279763e-10,6.45785508401886e-14,5.275690849280143e-12
2,8,1,quintic,reused_centered,5,2.133323739883508e-09,4.607542715056429e-10,6.510387389781214e-14,4.47501999650231e-12
2,8,1,quintic,recursive,6,69.77994534372465,0.04629486007257147,0.00026618936669816837,0.017822071182529778
2,8,1,quintic,direct,6,9.050562397305839e-07,8.291680826937513e-08,3.452515562937103e-12,1.817987294862789e-10
2,8,1,quintic,fe_geometry,6,9.85826702049053e-07,9.031660139149416e-08,3.760630424686634e-12,2.049696217941756e-10
2,8,1,quintic,reused,6,6.099314830976255e-08,3.1250100473568847e-09,2.3267039607911127e-13,2.1026226142524725e-11
2,8,1,quintic,reused_centered,6,1.4029899375600507e-07,7.188278966924565e-09,5.351981878509715e-13,3.0494163233712226e-11
2,8,1,quintic,recursive,7,2713.39750529503,0.12991660735297822,0.001293848755500331,0.07776580089329417
2,8,1,quintic,direct,7,3.420225945660604e-05,4.51814733090249e-07,1.6308908203413984e-11,7.615503759908612e-10
2,8,1,quintic,fe_geometry,7,4.015738122120638e-05,4.5373375342714446e-07,1.9148531542399587e-11,8.663957723023228e-10
2,8,1,quintic,reused,7,2.8859630560873484e-06,6.368558717585178e-08,1.376134422343897e-12,9.13748868423697e-11
2,8,1,quintic,reused_centered,7,5.415528356422783e-06,1.332105432659835e-07,2.58232515164508e-12,1.5566841979038732e-10
2,8,1,quintic,recursive,8,89084.04369070695,0.32478396960258193,0.005309822779339966,0.2534615777043404
2,8,1,quintic,direct,8,0.0013844749079510166,6.531088585372495e-06,8.252113508886198e-11,2.7816467542657564e-09
2,8,1,quintic,fe_geometry,8,0.0015223485312674256,7.18149029528749e-06,9.073904343053255e-11,3.1397508353184452e-09
2,8,1,quintic,reused,8,0.00021951970867917225,1.0355569865406058e-06,1.3084394257019297e-11,4.983279206086794e-10
2,8,1,quintic,reused_centered,8,0.00016619676489426638,8.672075933296683e-07,9.906099134341859e-12,5.094801128320205e-10
2,8,1,quintic,recursive,9,1900281.5213991485,0.5363487386964456,0.014158200632029388,0.4661416024112744
2,8,1,quintic,direct,9,0.028226987378957347,3.835691438667871e-05,2.103074444752734e-10,5.844254932576706e-09
2,8,1,quintic,fe_geometry,9,0.028601858647789413,3.886631714268577e-05,2.131004530771778e-10,6.227966958397381e-09
2,8,1,quintic,reused,9,0.010388819072659317,1.4117094339502538e-05,7.74027338077077e-11,1.7711467042178186e-09
2,8,1,quintic,reused_centered,9,0.0030858582679229585,2.1749995013546215e-06,2.2991435735843766e-11,9.417370919111623e-10
2,8,1,quintic,recursive,10,35292240.67861326,0.7156460776464106,0.032868460452755224,0.6596897055276386
2,8,1,quintic,direct,10,0.7025719034827489,9.087013412867198e-05,6.543210740040512e-10,9.959229280489346e-09
2,8,1,quintic,fe_geometry,10,0.5947813991524527,7.692858944443921e-05,5.539333439920588e-10,9.601809724087687e-09
2,8,1,quintic,reused,10,0.2461736548711997,6.882897795454502e-05,2.2926708205714793e-10,3.8772359431656995e-09
2,8,1,quintic,reused_centered,10,0.0572043170377583,7.24066434549654e-06,5.3275671822725144e-11,1.359328191543801e-09
2,32,1,constant,recursive,1,1.151479705980552e-13,1.151479705980552e-13,3.598374081189225e-15,nan
2,32,1,constant,direct,1,4.743715404837418e-13,4.743715404837418e-13,1.482411064011693e-14,nan
2,32,1,constant,fe_geometry,1,4.743715404836743e-13,4.743715404836743e-13,1.4824110640114822e-14,nan
2,32,1,constant,reused,1,2.579427746955208e-14,2.579427746955208e-14,8.060711709235025e-16,nan
2,32,1,constant,reused_centered,1,1.1365260748234341e-13,1.1365260748234341e-13,3.5516439838232317e-15,nan
2,32,1,constant,recursive,2,8.791697713324347e-11,8.791697713324347e-11,8.585642298168307e-14,nan
2,32,1,constant,direct,2,1.5376205249287452e-10,1.5376205249287452e-10,1.5015825438757278e-13,nan
2,32,1,constant,fe_geometry,2,1.5376205249285395e-10,1.5376205249285395e-10,1.5015825438755268e-13,nan
2,32,1,constant,reused,2,1.4331683192022587e-11,1.4331683192022587e-11,1.3995784367209558e-14,nan
2,32,1,constant,reused_centered,2,3.315174318424218e-11,3.315174318424218e-11,3.23747492033615e-14,nan
2,32,1,constant,recursive,3,3.771776201588324e-08,3.771776201588324e-08,1.1510547490198743e-12,nan
2,32,1,constant,direct,3,4.013625088655965e-08,4.013625088655965e-08,1.2248611720751846e-12,nan
2,32,1,constant,fe_geometry,3,4.01362508865438e-08,4.01362508865438e-08,1.224861172074701e-12,nan
2,32,1,constant,reused,3,4.613485125681652e-09,4.613485125681652e-09,1.4079239275151527e-13,nan
2,32,1,constant,reused_centered,3,5.047700867643969e-09,5.047700867643969e-09,1.540436055799551e-13,nan
2,32,1,constant,recursive,4,1.0221538031330543e-05,1.0221538031330543e-05,9.748018294649642e-12,nan
2,32,1,constant,direct,4,5.726096696047197e-06,5.726096696047197e-06,5.460831352278897e-12,nan
2,32,1,constant,fe_geometry,4,5.72609669604098e-06,5.72609669604098e-06,5.4608313522729686e-12,nan
2,32,1,constant,reused,4,7.911929775818339e-07,7.911929775818339e-07,7.545404220407809e-13,nan
2,32,1,constant,reused_centered,4,6.550402388604178e-07,6.550402388604178e-07,6.246950520137957e-13,nan
2,32,1,constant,recursive,5,0.0018884792734257115,0.0018884792734257115,5.628106812911366e-11,nan
2,32,1,constant,direct,5,0.0013377665452428932,0.0013377665452428932,3.986854986080209e-11,nan
2,32,1,constant,fe_geometry,5,0.001337766545242081,0.001337766545242081,3.986854986077789e-11,nan
2,32,1,constant,reused,5,0.00010103925013849922,0.00010103925013849922,3.011204306438542e-12,nan
2,32,1,constant,reused_centered,5,0.0001149508016550415,0.0001149508016550415,3.425800849647567e-12,nan
2,32,1,constant,recursive,6,0.4143923707995901,0.4143923707995901,3.859329696740863e-10,nan
2,32,1,constant,direct,6,0.20326352384311108,0.20326352384311108,1.8930390835098092e-10,nan
2,32,1,constant,fe_geometry,6,0.20326352384279656,0.20326352384279656,1.89303908350688e-10,nan
2,32,1,constant,reused,6,0.013472093584708042,0.013472093584708042,1.2546864882770965e-11,nan
2,32,1,constant,reused_centered,6,0.033530418172612354,0.033530418172612354,3.1227635380450966e-11,nan
2,32,1,constant,recursive,7,72.89865343180666,72.89865343180666,2.1216300500034897e-09,nan
2,32,1,constant,direct,7,17.87190166789678,17.87190166789678,5.201407960818842e-10,nan
2,32,1,constant,fe_geometry,7,17.871901667814498,17.871901667814498,5.201407960794895e-10,nan
2,32,1,constant,reused,7,3.0328504345091467,3.0328504345091467,8.826756484658535e-11,nan
2,32,1,constant,reused_centered,7,5.105358109278269,5.105358109278269,1.4858547683334528e-10,nan
2,32,1,constant,recursive,8,10699.082679333875,10699.082679333875,9.730759010684664e-09,nan
2,32,1,constant,direct,8,3207.0511274581404,3207.0511274581404,2.9167960087380747e-09,nan
2,32,1,constant,fe_geometry,8,3207.0511274441997,3207.0511274441997,2.9167960087253956e-09,nan
2,32,1,constant,reused,8,443.0019167234963,443.0019167234963,4.029078961352719e-10,nan
2,32,1,constant,reused_centered,8,745.7286393804566,745.7286393804566,6.782362464768599e-10,nan
2,32,1,constant,recursive,9,1006137.8129801041,1006137.8129801041,2.859615656746269e-08,nan
2,32,1,constant,direct,9,314838.05678478046,314838.05678478046,8.948235767570067e-09,nan
2,32,1,constant,fe_geometry,9,314838.05678136274,314838.05678136274,8.94823576747293e-09,nan
2,32,1,constant,reused,9,64054.514597029316,64054.514597029316,1.8205388015823393e-09,nan
2,32,1,constant,reused_centered,9,62473.841136835435,62473.841136835435,1.7756133597923575e-09,nan
2,32,1,constant,recursive,10,57425608.15354338,57425608.15354338,5.100418590013279e-08,nan
2,32,1,constant,direct,10,17888123.40863718,17888123.40863718,1.588784518048419e-08,nan
2,32,1,constant,fe_geometry,10,17888123.408611204,17888123.408611204,1.5887845180461117e-08,nan
2,32,1,constant,reused,10,5466175.261075846,5466175.261075846,4.854938905186264e-09,nan
2,32,1,constant,reused_centered,10,2925923.8554624235,2925923.8554624235,2.598742426107513e-09,nan
2,32,1,quintic,recursive,1,7.952735692207114e-12,7.952735692207114e-12,2.485229903814723e-13,6.995018893506476e-11
2,32,1,quintic,direct,1,6.411537967210279e-15,6.411537967210279e-15,2.0036056147532122e-16,7.3446497340414e-14
2,32,1,quintic,fe_geometry,1,2.0462798122622416e-14,2.0462798122622416e-14,6.394624413319505e-16,1.8115948692601192e-13
2,32,1,quintic,reused,1,1.1726730697603216e-15,1.1726730697603216e-15,3.664603343001005e-17,1.8182102699885604e-14
2,32,1,quintic,reused_centered,1,9.298117831235686e-16,9.298117831235686e-16,2.905661822261152e-17,1.179197161727611e-14
2,32,1,quintic,recursive,2,7.456694123275653e-09,7.456694123275653e-09,7.28192785476138e-12,7.252059753376183e-09
2,32,1,quintic,direct,2,1.2719270081618106e-12,1.2719270081618106e-12,1.2421162189080182e-15,1.5515897879399164e-12
2,32,1,quintic,fe_geometry,2,3.72987751795506e-12,3.72987751795506e-12,3.6424585136279886e-15,4.150744243672434e-12
2,32,1,quintic,reused,2,3.3620328743211303e-13,3.3620328743211303e-13,3.283235228829229e-16,5.788868319713277e-13
2,32,1,quintic,reused_centered,2,2.0250467969162855e-13,2.0250467969162855e-13,1.97758476261356e-16,2.760404893990898e-13
2,32,1,quintic,recursive,3,3.3170416913197442e-06,2.6469384162127794e-06,1.0122807895873243e-10,3.9191104394576193e-07
2,32,1,quintic,direct,3,3.2107383418633617e-10,3.2107383418633617e-10,9.79839581867481e-15,5.007808224097935e-11
2,32,1,quintic,fe_geometry,3,3.731038811238818e-10,3.731038811238818e-10,1.1386226840938776e-14,6.584633124014977e-11
2,32,1,quintic,reused,3,4.672529030358419e-11,2.0976253433974166e-11,1.4259426972529354e-15,9.828471698945593e-12
2,32,1,quintic,reused_centered,3,3.510702839548685e-11,2.5114799129255516e-11,1.0713814817958633e-15,6.901271248307782e-12
2,32,1,quintic,recursive,4,0.000876902794948009,8.09312594556189e-05,8.362796735267725e-10,1.291686640083932e-05
2,32,1,quintic,direct,4,4.475928960800957e-08,3.427493771048697e-08,4.2685784919747893e-14,9.727414601574503e-10
2,32,1,quintic,fe_geometry,4,4.9727141959721166e-08,3.8079127441848156e-08,4.7423498115273634e-14,1.092767948715276e-09
2,32,1,quintic,reused,4,1.4006182880166307e-08,2.9169860361878e-09,1.3357336883703524e-14,3.340456729413792e-10
2,32,1,quintic,reused_centered,4,9.936272249433387e-09,3.401546876075516e-09,9.475967645104777e-15,2.1735494979199608e-10
2,32,1,quintic,recursive,5,0.14179457147498908,0.0016307188513116368,4.22580753192273e-09,0.0002926990345207416
2,32,1,quintic,direct,5,9.528010707526846e-06,2.108221089879475e-06,2.83956846819128e-13,2.9764722393665335e-08
2,32,1,quintic,fe_geometry,5,1.0967937943640038e-05,2.450459145286088e-06,3.268700225245964e-13,3.33796451260955e-08
2,32,1,quintic,reused,5,1.1926192087230447e-06,1.8417468905237226e-07,3.5542822144122264e-14,3.839038840895167e-09
2,32,1,quintic,reused_centered,5,1.3536301821659436e-06,3.643415720072528e-07,4.0341323082624184e-14,5.484263210445686e-09
2,32,1,quintic,recursive,6,13.118307975061725,0.018737532059201315,1.221737635793325e-08,0.005509479917546131
2,32,1,quintic,direct,6,0.00138890037160877,0.0001489776001910051,1.2935142699710745e-12,4.161597063397116e-07
2,32,1,quintic,fe_geometry,6,0.0015327862130973813,0.0001644112250964456,1.4275184023169626e-12,4.971931715190377e-07
2,32,1,quintic,reused,6,0.00011400528092231355,1.0540060760772123e-05,1.0617569174832995e-13,5.3456085992918513e-08
2,32,1,quintic,reused_centered,6,0.0004254174058129223,2.718076280138077e-05,3.9620083366792864e-13,1.466558331515373e-07
2,32,1,quintic,recursive,7,1910.6285712257777,0.11478482253901492,5.560661000274639e-08,0.0958466432937449
2,32,1,quintic,direct,7,0.11858609224668015,0.0036640575541082143,3.4513095232739623e-12,5.637679263896226e-06
2,32,1,quintic,fe_geometry,7,0.12316936283772861,0.0038056708488335344,3.5847002534931704e-12,6.774813174345254e-06
2,32,1,quintic,reused,7,0.021983429435834978,0.0006008765746179126,6.398020031581103e-13,9.920023778908246e-07
2,32,1,quintic,reused_centered,7,0.09629574208736358,0.002402475174782367,2.8025749514159857e-12,3.820958705204221e-06
2,32,1,quintic,recursive,8,53344.29667297017,0.5424332871544595,4.8516355193869615e-08,0.28103632182064414
2,32,1,quintic,direct,8,17.67638941344657,0.11075496722783958,1.6076582518004735e-11,6.397383138726019e-05
2,32,1,quintic,fe_geometry,8,19.717276810572997,0.12354255701766954,1.7932758792606362e-11,7.139346992691635e-05
2,32,1,quintic,reused,8,3.5879860866017736,0.031703206030574985,3.263254335799296e-12,1.7032863802483015e-05
2,32,1,quintic,reused_centered,8,17.53856164393423,0.10989137966262033,1.595122889187608e-11,6.452060847423561e-05
2,32,1,quintic,recursive,9,1025511.0523081564,14.305333539047904,2.9146777146370266e-08,0.4933738438120104
2,32,1,quintic,direct,9,1644.6164921395173,2.968335199628009,4.6742812064039676e-11,0.0005493732627970712
2,32,1,quintic,fe_geometry,9,1719.215834490503,3.1029780509115086,4.8863052896038627e-11,0.0005646140169684603
2,32,1,quintic,reused,9,438.0204461645933,0.7905742856899607,1.2449289845465992e-11,0.00019831717494404478
2,32,1,quintic,reused_centered,9,1720.5468606402248,3.105380393214853,4.890088293451029e-11,0.0005828403713767548
2,32,1,quintic,recursive,10,17419948.809075408,288.27594195866936,1.5472022604501674e-08,0.6811933700311169
2,32,1,quintic,direct,10,95067.50115681736,29.281126501407797,8.443690294230187e-11,0.0031077459877654526
2,32,1,quintic,fe_geometry,10,92904.7483165767,28.61499097942848,8.251599254245497e-11,0.0030511407541721322
2,32,1,quintic,reused,10,107364.5256292257,39.87123828233529,9.535885470521927e-11,0.0033858917146065578
2,32,1,quintic,reused_centered,10,76134.78588784557,27.005254136682293,6.762127381407408e-11,0.002858076394592892
3,2,0,constant,recursive,1,1.8400672983160406e-13,1.8400672983160406e-13,9.200336491580203e-14,nan
3,2,0,constant,direct,1,3.960720053301967e-12,3.960720053301967e-12,1.9803600266509833e-12,nan
3,2,0,constant,fe_geometry,1,3.960720053301965e-12,3.960720053301965e-12,1.9803600266509825e-12,nan
3,2,0,constant,reused,1,2.1102496276320506e-15,2.1102496276320506e-15,1.0551248138160253e-15,nan
3,2,0,constant,reused_centered,1,9.24458149231607e-15,9.24458149231607e-15,4.622290746158035e-15,nan
3,2,0,constant,recursive,2,9.85695722318284e-12,9.85695722318284e-12,2.46423930579571e-12,nan
3,2,0,constant,direct,2,3.277045883901339e-11,3.277045883901339e-11,8.192614709753348e-12,nan
3,2,0,constant,fe_geometry,2,3.2770458839013366e-11,3.2770458839013366e-11,8.192614709753342e-12,nan
3,2,0,constant,reused,2,1.2012775028206263e-13,1.2012775028206263e-13,3.003193757051566e-14,nan
3,2,0,constant,reused_centered,2,2.398916257704111e-13,2.398916257704111e-13,5.997290644260277e-14,nan
3,2,0,constant,recursive,3,2.613368821883364e-10,2.613368821883364e-10,3.266711027354205e-11,nan
3,2,0,constant,direct,3,1.6719615001008485e-10,1.6719615001008485e-10,2.0899518751260606e-11,nan
3,2,0,constant,fe_geometry,3,1.6719615001008503e-10,1.6719615001008503e-10,2.0899518751260628e-11,nan
3,2,0,constant,reused,3,3.3852282836878787e-12,3.3852282836878787e-12,4.2315353546098484e-13,nan
3,2,0,constant,reused_centered,3,3.2782272259074622e-12,3.2782272259074622e-12,4.097784032384328e-13,nan
3,2,0,constant,recursive,4,4.1202160252934395e-09,4.1202160252934395e-09,2.5751350158083997e-10,nan
3,2,0,constant,direct,4,3.612482358312268e-09,3.612482358312268e-09,2.2578014739451674e-10,nan
3,2,0,constant,fe_geometry,4,3.612482358312265e-09,3.612482358312265e-09,2.2578014739451656e-10,nan
3,2,0,constant,reused,4,5.2060775221613985e-11,5.2060775221613985e-11,3.253798451350874e-12,nan
3,2,0,constant,reused_centered,4,2.5243343119815922e-11,2.5243343119815922e-11,1.5777089449884951e-12,nan
3,2,0,constant,recursive,5,3.730984556309363e-08,3.730984556309363e-08,1.1659326738466759e-09,nan
3,2,0,constant,direct,5,6.04008341742883e-08,6.04008341742883e-08,1.8875260679465093e-09,nan
3,2,0,constant,fe_geometry,5,6.040083417428824e-08,6.040083417428824e-08,1.8875260679465077e-09,nan
3,2,0,constant,reused,5,4.5504907207062424e-10,4.5504907207062424e-10,1.4220283502207008e-11,nan
3,2,0,constant,reused_centered,5,3.291087501191472e-10,3.291087501191472e-10,1.028464844122335e-11,nan
3,2,0,constant,recursive,6,7.2943456757346e-07,7.2943456757346e-07,1.1397415118335313e-08,nan
3,2,0,constant,direct,6,7.556906511308622e-07,7.556906511308622e-07,1.1807666423919723e-08,nan
3,2,0,constant,fe_geometry,6,7.556906511308639e-07,7.556906511308639e-07,1.1807666423919749e-08,nan
3,2,0,constant,reused,6,3.1701461077260206e-09,3.1701461077260206e-09,4.953353293321907e-11,nan
3,2,0,constant,reused_centered,6,6.875206970994515e-09,6.875206970994515e-09,1.074251089217893e-10,nan
3,2,0,constant,recursive,7,1.4186495043494757e-05,1.4186495043494757e-05,1.1083199252730279e-07,nan
3,2,0,constant,direct,7,1.1510905710747459e-05,1.1510905710747459e-05,8.992895086521452e-08,nan
3,2,0,constant,fe_geometry,7,1.151090571074749e-05,1.151090571074749e-05,8.992895086521476e-08,nan
3,2,0,constant,reused,7,6.495957563838801e-08,6.495957563838801e-08,5.074966846749063e-10,nan
3,2,0,constant,reused_centered,7,1.1134437200653731e-07,1.1134437200653731e-07,8.698779063010728e-10,nan
3,2,0,constant,recursive,8,0.00021026214986727887,0.00021026214986727887,8.213365229190581e-07,nan
3,2,0,constant,direct,8,0.00012115063390228895,0.00012115063390228895,4.732446636808162e-07,nan
3,2,0,constant,fe_geometry,8,0.00012115063390228859,0.00012115063390228859,4.732446636808148e-07,nan
3,2,0,constant,reused,8,8.614802476040376e-07,8.614802476040376e-07,3.3651572172032718e-09,nan
3,2,0,constant,reused_centered,8,1.5215710452216248e-06,1.5215710452216248e-06,5.943636895396972e-09,nan
3,2,0,constant,recursive,9,0.0032730124488523173,0.0032730124488523173,6.392602439164682e-06,nan
3,2,0,constant,direct,9,0.0011741933226585386,0.0011741933226585386,2.293346333317458e-06,nan
3,2,0,constant,fe_geometry,9,0.0011741933226585373,0.0011741933226585373,2.2933463333174556e-06,nan
3,2,0,constant,reused,9,9.761509862321595e-06,9.761509862321595e-06,1.9065448949846865e-08,nan
3,2,0,constant,reused_centered,9,2.179697352772487e-05,2.179697352772487e-05,4.257221392133764e-08,nan
3,2,0,constant,recursive,10,0.06156228968361514,0.06156228968361514,6.011942351915541e-05,nan
3,2,0,constant,direct,10,0.015500861406326297,0.015500861406326297,1.5137559967115524e-05,nan
3,2,0,constant,fe_geometry,10,0.015500861406326288,0.015500861406326288,1.5137559967115516e-05,nan
3,2,0,constant,reused,10,7.86464865140639e-05,7.86464865140639e-05,7.680320948639053e-08,nan
3,2,0,constant,reused_centered,10,0.00037617671491971987,0.00037617671491971987,3.6736007316378894e-07,nan
3,2,0,quintic,recursive,1,4.951594689828198e-14,4.951594689828198e-14,2.475797344914099e-14,3.700378529140961e-14
3,2,0,quintic,direct,1,1.1848855230311983e-12,1.1848855230311983e-12,5.924427615155992e-13,9.44170952227963e-13
3,2,0,quintic,fe_geometry,1,1.1848855230311983e-12,1.1848855230311983e-12,5.924427615155992e-13,9.441932901516413e-13
3,2,0,quintic,reused,1,6.661338147750939e-16,6.661338147750939e-16,3.3306690738754696e-16,7.734445474254781e-16
3,2,0,quintic,reused_centered,1,1.7208456881689926e-15,1.7208456881689926e-15,8.604228440844963e-16,1.4875530719513527e-15
3,2,0,quintic,recursive,2,2.811639809863209e-12,2.811639809863209e-12,7.029099524658022e-13,4.22809143982382e-13
3,2,0,quintic,direct,2,1.6977974581777744e-11,1.6977974581777744e-11,4.244493645444436e-12,2.6507530359556654e-12
3,2,0,quintic,fe_geometry,2,1.697830764868513e-11,1.697830764868513e-11,4.244576912171283e-12,2.650795729733328e-12
3,2,0,quintic,reused,2,2.2093438190040615e-14,2.2093438190040615e-14,5.523359547510154e-15,4.031752324060201e-15
3,2,0,quintic,reused_centered,2,3.319566843629218e-14,3.319566843629218e-14,8.298917109073045e-15,7.0714036797854865e-15
3,2,0,quintic,recursive,3,7.378497812737805e-11,3.074374088640753e-11,9.223122265922257e-12,2.180759725789491e-12
3,2,0,quintic,direct,3,1.8248691446842713e-10,7.603621436184465e-11,2.281086430855339e-11,6.352109515301218e-12
3,2,0,quintic,fe_geometry,3,1.8248691446842713e-10,7.603621436184465e-11,2.281086430855339e-11,6.351918868879176e-12
3,2,0,quintic,reused,3,6.936673457857978e-13,2.890280607440825e-13,8.670841822322473e-14,2.3036673952542117e-14
3,2,0,quintic,reused_centered,3,8.379963389870682e-13,4.657476886050743e-13,1.0474954237338352e-13,3.382117098667557e-14
3,2,0,quintic,recursive,4,1.1203766803191684e-09,6.066405682143089e-10,7.002354251994802e-11,9.89659075035654e-12
3,2,0,quintic,direct,4,1.9596533647560524e-09,1.9596533647560524e-09,1.2247833529725327e-10,2.0017186289516093e-11
3,2,0,quintic,fe_geometry,4,1.959645372002926e-09,1.959645372002926e-09,1.2247783575018286e-10,2.001690207930556e-11
3,2,0,quintic,reused,4,1.1731060567399254e-11,7.874547802033437e-12,7.331912854624534e-13,1.1341113096142103e-13
3,2,0,quintic,reused_centered,4,1.6522497213955253e-11,1.6522497213955253e-11,1.0326560758722033e-12,1.6562376305732683e-13
3,2,0,quintic,recursive,5,1.3335370460845082e-08,1.3335370460845082e-08,4.167303269014088e-10,6.697094213194396e-11
3,2,0,quintic,direct,5,3.464252072021345e-08,3.464252072021345e-08,1.0825787725066702e-09,1.219154815553592e-10
3,2,0,quintic,fe_geometry,5,3.464257395975952e-08,3.464257395975952e-08,1.082580436242485e-09,1.2191520248415213e-10
3,2,0,quintic,reused,5,1.474541008391431e-10,1.474541008391431e-10,4.607940651223222e-12,8.129410123074039e-13
3,2,0,quintic,reused_centered,5,1.8063279945215142e-10,1.8063279945215142e-10,5.644774982879732e-12,1.2920483671487968e-12
3,2,0,quintic,recursive,6,2.076919555345489e-07,2.076919555345489e-07,3.2451868052273264e-09,nan
3,2,0,quintic,direct,6,3.4337672893989405e-07,3.4337672893989405e-07,5.365261389685845e-09,nan
3,2,0,quintic,fe_geometry,6,3.4337737848964085e-07,3.4337737848964085e-07,5.365271538900638e-09,nan
3,2,0,quintic,reused,6,2.3854009399708887e-09,2.3854009399708887e-09,3.7271889687045136e-11,nan
3,2,0,quintic,reused_centered,6,2.9064529936408544e-09,2.9064529936408544e-09,4.541332802563835e-11,nan
3,2,0,quintic,recursive,7,4.874770250504021e-06,4.874770250504021e-06,3.808414258206266e-08,nan
3,2,0,quintic,direct,7,4.638482213066901e-06,4.638482213066901e-06,3.623814228958516e-08,nan
3,2,0,quintic,fe_geometry,7,4.638482213066919e-06,4.638482213066919e-06,3.623814228958531e-08,nan
3,2,0,quintic,reused,7,6.092336280086675e-08,6.092336280086675e-08,4.759637718817715e-10,nan
3,2,0,quintic,reused_centered,7,5.9492450069558344e-08,5.9492450069558344e-08,4.6478476616842457e-10,nan
3,2,0,quintic,recursive,8,6.98105030767076e-05,6.98105030767076e-05,2.7269727764338904e-07,nan
3,2,0,quintic,direct,8,4.488195286702138e-05,4.488195286702138e-05,1.7532012838680225e-07,nan
3,2,0,quintic,fe_geometry,8,4.488195286702158e-05,4.488195286702158e-05,1.7532012838680305e-07,nan
3,2,0,quintic,reused,8,1.4227925889220093e-06,1.4227925889220093e-06,5.557783550476599e-09,nan
3,2,0,quintic,reused_centered,8,1.1599033536664452e-06,1.1599033536664452e-06,4.5308724752595515e-09,nan
3,2,0,quintic,recursive,9,0.0017643179468443753,0.0017643179468443753,3.4459334899304205e-06,nan
3,2,0,quintic,direct,9,0.00040964971529297285,0.00040964971529297285,8.000971001815876e-07,nan
3,2,0,quintic,fe_geometry,9,0.00040964971529297117,0.00040964971529297117,8.000971001815843e-07,nan
3,2,0,quintic,reused,9,1.639263492748902e-05,1.639263492748902e-05,3.2016865092751995e-08,nan
3,2,0,quintic,reused_centered,9,2.3287395674999264e-05,2.3287395674999264e-05,4.548319467773294e-08,nan
3,2,0,quintic,recursive,10,0.02683707180439351,0.02683707180439351,2.6208077933978038e-05,nan
3,2,0,quintic,direct,10,0.004221685856133696,0.004221685856133696,4.122740093880563e-06,nan
3,2,0,quintic,fe_geometry,10,0.004221685856133673,0.004221685856133673,4.12274009388054e-06,nan
3,2,0,quintic,reused,10,0.00034578134561414687,0.00034578134561414687,3.376770953263153e-07,nan
3,2,0,quintic,reused_centered,10,0.0004189426980891059,0.0004189426980891059,4.0912372860264247e-07,nan
3,8,0,constant,recursive,1,7.06002209725744e-13,7.06002209725744e-13,8.8250276215718e-14,nan
3,8,0,constant,direct,1,1.5842880213207866e-11,1.5842880213207866e-11,1.9803600266509833e-12,nan
3,8,0,constant,fe_geometry,1,1.5842880213207866e-11,1.5842880213207866e-11,1.9803600266509833e-12,nan
3,8,0,constant,reused,1,8.4409985105282e-15,8.4409985105282e-15,1.055124813816025e-15,nan
3,8,0,constant,reused_centered,1,3.697832596926428e-14,3.697832596926428e-14,4.622290746158035e-15,nan
3,8,0,constant,recursive,2,1.5109555249031443e-10,1.5109555249031443e-10,2.360868007661163e-12,nan
3,8,0,constant,direct,2,5.243273414242143e-10,5.243273414242143e-10,8.192614709753348e-12,nan
3,8,0,constant,fe_geometry,2,5.243273414242142e-10,5.243273414242142e-10,8.192614709753346e-12,nan
3,8,0,constant,reused,2,1.922044004513002e-12,1.922044004513002e-12,3.003193757051566e-14,nan
3,8,0,constant,reused_centered,2,3.838266012326577e-12,3.838266012326577e-12,5.997290644260277e-14,nan
3,8,0,constant,recursive,3,1.6018470690415608e-08,1.6018470690415608e-08,3.1286075567217985e-11,nan
3,8,0,constant,direct,3,1.070055360064543e-08,1.070055360064543e-08,2.0899518751260606e-11,nan
3,8,0,constant,fe_geometry,3,1.0700553600645422e-08,1.0700553600645422e-08,2.089951875126059e-11,nan
3,8,0,constant,reused,3,2.1665461015602424e-10,2.1665461015602424e-10,4.2315353546098484e-13,nan
3,8,0,constant,reused_centered,3,2.0980654245807758e-10,2.0980654245807758e-10,4.097784032384328e-13,nan
3,8,0,constant,recursive,4,1.011407394543802e-06,1.011407394543802e-06,2.469256334335454e-10,nan
3,8,0,constant,direct,4,9.247954837279406e-07,9.247954837279406e-07,2.2578014739451674e-10,nan
3,8,0,constant,fe_geometry,4,9.24795483727939e-07,9.24795483727939e-07,2.2578014739451636e-10,nan
3,8,0,constant,reused,4,1.332755845673318e-08,1.332755845673318e-08,3.253798451350874e-12,nan
3,8,0,constant,reused_centered,4,6.462295838672876e-09,6.462295838672876e-09,1.5777089449884951e-12,nan
3,8,0,constant,recursive,5,3.6737889724637265e-05,3.6737889724637265e-05,1.1211514198192525e-09,nan
3,8,0,constant,direct,5,6.185045419447122e-05,6.185045419447122e-05,1.8875260679465093e-09,nan
3,8,0,constant,fe_geometry,5,6.185045419447114e-05,6.185045419447114e-05,1.887526067946507e-09,nan
3,8,0,constant,reused,5,4.659702498003192e-07,4.659702498003192e-07,1.4220283502207008e-11,nan
3,8,0,constant,reused_centered,5,3.370073601220067e-07,3.370073601220067e-07,1.028464844122335e-11,nan
3,8,0,constant,recursive,6,0.0026531356626671673,0.0026531356626671673,1.0120909357708615e-08,nan
3,8,0,constant,direct,6,0.0030953089070320117,0.0030953089070320117,1.1807666423919723e-08,nan
3,8,0,constant,fe_geometry,6,0.0030953089070320057,0.0030953089070320057,1.18076664239197e-08,nan
3,8,0,constant,reused,6,1.298491845724578e-05,1.298491845724578e-05,4.953353293321907e-11,nan
3,8,0,constant,reused_centered,6,2.816084775319352e-05,2.816084775319352e-05,1.0742510892178924e-10,nan
3,8,0,constant,recursive,7,0.18867621760011233,0.18867621760011233,8.9967831420952e-08,nan
3,8,0,constant,direct,7,0.18859467916488637,0.18859467916488637,8.992895086521452e-08,nan
3,8,0,constant,fe_geometry,7,0.188594679164886,0.188594679164886,8.992895086521435e-08,nan
3,8,0,constant,reused,7,0.0010642976872593491,0.0010642976872593491,5.074966846749063e-10,nan
3,8,0,constant,reused_centered,7,0.001824266190955103,0.001824266190955103,8.698779063010707e-10,nan
3,8,0,constant,recursive,8,11.949890448581682,11.949890448581682,7.122689752925445e-07,nan
3,8,0,constant,direct,8,7.939727943420409,7.939727943420409,4.732446636808162e-07,nan
3,8,0,constant,fe_geometry,8,7.939727943420354,7.939727943420354,4.7324466368081294e-07,nan
3,8,0,constant,reused,8,0.056457969506978206,0.056457969506978206,3.3651572172032718e-09,nan
3,8,0,constant,reused_centered,8,0.09971768001964415,0.09971768001964415,5.943636895396957e-09,nan
3,8,0,constant,recursive,9,719.1865498937343,719.1865498937343,5.3583573542068475e-06,nan
3,8,0,constant,direct,9,307.80773437499994,307.80773437499994,2.293346333317458e-06,nan
3,8,0,constant,fe_geometry,9,307.80773437500164,307.80773437500164,2.293346333317471e-06,nan
3,8,0,constant,reused,9,2.5589212413484352,2.5589212413484352,1.9065448949846888e-08,nan
3,8,0,constant,reused_centered,9,5.713945828451898,5.713945828451898,4.257221392133756e-08,nan
3,8,0,constant,recursive,10,54948.93384808204,54948.93384808204,5.1175182543771376e-05,nan
3,8,0,constant,direct,10,16253.831250000003,16253.831250000003,1.5137559967115524e-05,nan
3,8,0,constant,fe_geometry,10,16253.831250000074,16253.831250000074,1.513755996711559e-05,nan
3,8,0,constant,reused,10,82.46681824297117,82.46681824297117,7.680320948639062e-08,nan
3,8,0,constant,reused_centered,10,394.44987502365984,394.44987502365984,3.673600731637886e-07,nan
3,8,0,quintic,recursive,1,2.4841240175987878e-14,2.4841240175987878e-14,3.1051550219984847e-15,6.635493561271751e-14
3,8,0,quintic,direct,1,6.385170170375432e-13,6.385170170375432e-13,7.98146271296929e-14,1.836389645122926e-12
3,8,0,quintic,fe_geometry,1,6.385170170375432e-13,6.385170170375432e-13,7.98146271296929e-14,1.8363809421298693e-12
3,8,0,quintic,reused,1,2.7755575615628914e-16,2.7755575615628914e-16,3.469446951953614e-17,1.2572052705159437e-15
3,8,0,quintic,reused_centered,1,8.326672684688674e-16,8.326672684688674e-16,1.0408340855860843e-16,2.636317672369842e-15
3,8,0,quintic,recursive,2,5.641598299632733e-12,5.641598299632733e-12,8.814997343176145e-14,2.5786239441922866e-12
3,8,0,quintic,direct,2,2.975902857471624e-11,2.975902857471624e-11,4.649848214799412e-13,1.486337343544004e-11
3,8,0,quintic,fe_geometry,2,2.975891755241378e-11,2.975891755241378e-11,4.649830867564653e-13,1.4863439432600066e-11
3,8,0,quintic,reused,2,4.524158825347513e-14,4.524158825347513e-14,7.068998164605489e-16,2.7728036719531387e-14
3,8,0,quintic,reused_centered,2,6.34492458573277e-14,6.34492458573277e-14,9.913944665207453e-16,3.960765351750245e-14
3,8,0,quintic,recursive,3,6.052309764470465e-10,2.5217957351960274e-10,1.1820917508731377e-12,4.267926685962155e-11
3,8,0,quintic,direct,3,1.0012022322314351e-09,4.906381412961709e-10,1.9554731098270217e-12,9.086690629919451e-11
3,8,0,quintic,fe_geometry,3,1.0012031204098548e-09,4.90634777555773e-10,1.9554748445504977e-12,9.086802626759619e-11
3,8,0,quintic,reused,3,5.400723022107531e-12,5.400723022107531e-12,1.0548287152553772e-14,5.011898828036792e-13
3,8,0,quintic,reused_centered,3,3.5296210398882977e-12,3.5296210398882977e-12,6.893791093531831e-15,4.734292452246403e-13
3,8,0,quintic,recursive,4,3.794814418256465e-08,1.6110096716517208e-08,9.264683638321447e-12,4.954032106941811e-10
3,8,0,quintic,direct,4,5.135560344117799e-08,5.135560344117799e-08,1.2537989121381346e-11,7.360651283287026e-10
3,8,0,quintic,fe_geometry,4,5.135561619861747e-08,5.135561619861747e-08,1.2537992235990593e-11,7.360583717105992e-10
3,8,0,quintic,reused,4,4.499105352584719e-10,4.499105352584719e-10,1.0984143927208787e-13,7.538462202970307e-12
3,8,0,quintic,reused_centered,4,4.989558557035154e-10,4.989558557035154e-10,1.2181539445886606e-13,7.281986836252558e-12
3,8,0,quintic,recursive,5,1.5423500518604665e-06,1.5423500518604665e-06,4.706878820374959e-11,8.183592142598271e-09
3,8,0,quintic,direct,5,3.547239420812934e-06,3.547239420812934e-06,1.0825315615273846e-10,1.2302800330543438e-08
3,8,0,quintic,fe_geometry,5,3.5472394292712287e-06,3.5472394292712287e-06,1.0825315641086513e-10,1.2302774287366257e-08
3,8,0,quintic,reused,5,3.430256093024514e-08,3.430256093024514e-08,1.0468310830763287e-12,1.6884623728372146e-10
3,8,0,quintic,reused_centered,5,3.478746522577948e-08,3.478746522577948e-08,1.0616291877984461e-12,1.619022603518237e-10
3,8,0,quintic,recursive,6,9.758540743717723e-05,9.758540743717723e-05,3.722587869155015e-10,nan
3,8,0,quintic,direct,6,0.0001398130879952348,0.0001398130879952348,5.333446044740097e-10,nan
3,8,0,quintic,fe_geometry,6,0.00013981308528448558,0.00013981308528448558,5.333445941333221e-10,nan
3,8,0,quintic,reused,6,2.3072635783515586e-06,2.3072635783515586e-06,8.801512063413844e-12,nan
3,8,0,quintic,reused_centered,6,2.2870596812378535e-06,2.2870596812378535e-06,8.724440312339224e-12,nan
3,8,0,quintic,recursive,7,0.008985077600321073,0.008985077600321073,4.2844188691716544e-09,nan
3,8,0,quintic,direct,7,0.008204428092228063,0.008204428092228063,3.912176176179916e-09,nan
3,8,0,quintic,fe_geometry,7,0.008204428092228044,0.008204428092228044,3.912176176179907e-09,nan
3,8,0,quintic,reused,7,0.000178450983009758,0.000178450983009758,8.509205961692715e-11,nan
3,8,0,quintic,reused_centered,7,0.00016449714264479685,0.00016449714264479685,7.843835003127901e-11,nan
3,8,0,quintic,recursive,8,0.5210037411785071,0.5210037411785071,3.1054242919594474e-08,nan
3,8,0,quintic,direct,8,0.3329609951590229,0.3329609951590229,1.9846021840514117e-08,nan
3,8,0,quintic,fe_geometry,8,0.3329609951590205,0.3329609951590205,1.9846021840513974e-08,nan
3,8,0,quintic,reused,8,0.009054408747645412,0.009054408747645412,5.396848170545943e-10,nan
3,8,0,quintic,reused_centered,8,0.008131393268291808,0.008131393268291808,4.846688072855358e-10,nan
3,8,0,quintic,recursive,9,29.71804742338693,29.71804742338693,2.2141670751114883e-07,nan
3,8,0,quintic,direct,9,12.041993986709123,12.041993986709123,8.97198467456484e-08,nan
3,8,0,quintic,fe_geometry,9,12.041993986709015,12.041993986709015,8.97198467456476e-08,nan
3,8,0,quintic,reused,9,0.6813486821911754,0.6813486821911754,5.076443271273191e-09,nan
3,8,0,quintic,reused_centered,9,0.5895969205270035,0.5895969205270035,4.392839376084533e-09,nan
3,8,0,quintic,recursive,10,1842.470313759088,1842.470313759088,1.7159341962627023e-06,nan
3,8,0,quintic,direct,10,459.60506241531374,459.60506241531374,4.280405700349377e-07,nan
3,8,0,quintic,fe_geometry,10,459.6050624153175,459.6050624153175,4.280405700349412e-07,nan
3,8,0,quintic,reused,10,43.67045663378088,43.67045663378088,4.067128210680641e-08,nan
3,8,0,quintic,reused_centered,10,36.11004945615263,36.11004945615263,3.363010422899633e-08,nan
3,32,0,constant,recursive,1,2.8823945743174443e-12,2.8823945743174443e-12,9.007483044742014e-14,nan
3,32,0,constant,direct,1,6.337152085283147e-11,6.337152085283147e-11,1.9803600266509833e-12,nan
3,32,0,constant,fe_geometry,1,6.337152085283147e-11,6.337152085283147e-11,1.9803600266509833e-12,nan
3,32,0,constant,reused,1,3.376399404211281e-14,3.376399404211281e-14,1.0551248138160253e-15,nan
3,32,0,constant,reused_centered,1,1.479133038770571e-13,1.479133038770571e-13,4.622290746158035e-15,nan
3,32,0,constant,recursive,2,2.5554025605600624e-09,2.5554025605600624e-09,2.495510313046936e-12,nan
3,32,0,constant,direct,2,8.389237462787428e-09,8.389237462787428e-09,8.192614709753348e-12,nan
3,32,0,constant,fe_geometry,2,8.389237462787427e-09,8.389237462787427e-09,8.192614709753346e-12,nan
3,32,0,constant,reused,2,3.0752704072208034e-11,3.0752704072208034e-11,3.003193757051566e-14,nan
3,32,0,constant,reused_centered,2,6.141225619722524e-11,6.141225619722524e-11,5.997290644260277e-14,nan
3,32,0,constant,recursive,3,1.0654198144265506e-06,1.0654198144265506e-06,3.251403242268526e-11,nan
3,32,0,constant,direct,3,6.848354304413075e-07,6.848354304413075e-07,2.0899518751260606e-11,nan
3,32,0,constant,fe_geometry,3,6.848354304413078e-07,6.848354304413078e-07,2.0899518751260615e-11,nan
3,32,0,constant,reused,3,1.3865895049985551e-08,1.3865895049985551e-08,4.2315353546098484e-13,nan
3,32,0,constant,reused_centered,3,1.3427618717316965e-08,1.3427618717316965e-08,4.097784032384328e-13,nan
3,32,0,constant,recursive,4,0.00026237115343569195,0.00026237115343569195,2.5021663039750285e-10,nan
3,32,0,constant,direct,4,0.0002367476438343528,0.0002367476438343528,2.2578014739451674e-10,nan
3,32,0,constant,fe_geometry,4,0.0002367476438343528,0.0002367476438343528,2.2578014739451674e-10,nan
3,32,0,constant,reused,4,3.411854964923694e-06,3.411854964923694e-06,3.253798451350874e-12,nan
3,32,0,constant,reused_centered,4,1.6543477347002562e-06,1.6543477347002562e-06,1.5777089449884951e-12,nan
3,32,0,constant,recursive,5,0.03843618225060126,0.03843618225060126,1.1454874947846312e-09,nan
3,32,0,constant,direct,5,0.06333486509513853,0.06333486509513853,1.8875260679465093e-09,nan
3,32,0,constant,fe_geometry,5,0.06333486509513857,0.06333486509513857,1.8875260679465105e-09,nan
3,32,0,constant,reused,5,0.0004771535357955269,0.0004771535357955269,1.4220283502207008e-11,nan
3,32,0,constant,reused_centered,5,0.00034509553676493487,0.00034509553676493487,1.028464844122335e-11,nan
3,32,0,constant,recursive,6,12.77453940539963,12.77453940539963,1.1897216928563667e-08,nan
3,32,0,constant,direct,6,12.67838528320312,12.67838528320312,1.1807666423919723e-08,nan
3,32,0,constant,fe_geometry,6,12.67838528320313,12.67838528320313,1.1807666423919732e-08,nan
3,32,0,constant,reused,6,0.05318622600087872,0.05318622600087872,4.953353293321907e-11,nan
3,32,0,constant,reused_centered,6,0.11534683239708071,0.11534683239708071,1.074251089217893e-10,nan
3,32,0,constant,recursive,7,4092.7263099834627,4092.7263099834627,1.1911401263157205e-07,nan
3,32,0,constant,direct,7,3089.9352234374983,3089.9352234374983,8.992895086521452e-08,nan
3,32,0,constant,fe_geometry,7,3089.9352234375024,3089.9352234375024,8.992895086521464e-08,nan
3,32,0,constant,reused,7,17.437453308057176,17.437453308057176,5.074966846749063e-10,nan
3,32,0,constant,reused_centered,7,29.88877727260848,29.88877727260848,8.698779063010728e-10,nan
3,32,0,constant,recursive,8,911806.4726570764,911806.4726570764,8.292831559238734e-07,nan
3,32,0,constant,direct,8,520338.0104999999,520338.0104999999,4.732446636808162e-07,nan
3,32,0,constant,fe_geometry,8,520338.01050000015,520338.01050000015,4.7324466368081644e-07,nan
3,32,0,constant,reused,8,3700.0294896093237,3700.0294896093237,3.3651572172032718e-09,nan
3,32,0,constant,reused_centered,8,6535.097877767415,6535.097877767415,5.943636895396972e-09,nan
3,32,0,constant,recursive,9,216497469.29140332,216497469.29140332,6.15322816461808e-06,nan
3,32,0,constant,direct,9,80689950.71999998,80689950.71999998,2.293346333317458e-06,nan
3,32,0,constant,fe_geometry,9,80689950.72000086,80689950.72000086,2.293346333317483e-06,nan
3,32,0,constant,reused,9,670805.8498920442,670805.8498920442,1.9065448949846888e-08,nan
3,32,0,constant,reused_centered,9,1497876.6152536971,1497876.6152536971,4.257221392133764e-08,nan
3,32,0,constant,recursive,10,63105365857.82002,63105365857.82002,5.6048824122196825e-05,nan
3,32,0,constant,direct,10,17043377356.800003,17043377356.800003,1.5137559967115524e-05,nan
3,32,0,constant,fe_geometry,10,17043377356.80049,17043377356.80049,1.5137559967115956e-05,nan
3,32,0,constant,reused,10,86472726.40594174,86472726.40594174,7.680320948639062e-08,nan
3,32,0,constant,reused_centered,10,413610672.1528095,413610672.1528095,3.6736007316378894e-07,nan
3,32,0,quintic,recursive,1,5.5816462563029745e-14,5.5816462563029745e-14,1.7442644550946795e-15,2.222390756744697e-13
3,32,0,quintic,direct,1,1.2803647031489618e-12,1.2803647031489618e-12,4.0011396973405056e-14,5.5381109439119736e-12
3,32,0,quintic,fe_geometry,1,1.280350825361154e-12,1.280350825361154e-12,4.001096329253606e-14,5.538064348195276e-12
3,32,0,quintic,reused,1,2.9698465908722937e-15,2.9698465908722937e-15,9.280770596475918e-17,1.2192278442366027e-14
3,32,0,quintic,reused_centered,1,4.98212582300539e-15,4.98212582300539e-15,1.5569143196891844e-16,1.8272242340806472e-14
3,32,0,quintic,recursive,2,5.011790982223374e-11,5.011790982223374e-11,4.894327131077514e-14,3.080346377768251e-11
3,32,0,quintic,direct,2,1.9353324498538882e-10,1.9353324498538882e-10,1.8899730955604377e-13,1.425814709597218e-10
3,32,0,quintic,fe_geometry,2,1.9353235680696912e-10,1.9353235680696912e-10,1.8899644219430578e-13,1.425823844242935e-10
3,32,0,quintic,reused,2,1.8988699501676365e-12,1.8988699501676365e-12,1.8543651857105825e-15,1.2083015419431034e-12
3,32,0,quintic,reused_centered,2,2.2773449792623524e-12,2.2773449792623524e-12,2.223969706310891e-15,1.4009462976687375e-12
3,32,0,quintic,recursive,3,2.0819352464229723e-08,8.674730193429053e-09,6.353562153390419e-13,1.906735943789038e-09
3,32,0,quintic,direct,3,1.7114548001018193e-08,1.4402417948463293e-08,5.222945556951353e-13,2.8753835651888723e-09
3,32,0,quintic,fe_geometry,3,1.711455954733765e-08,1.4402630328859355e-08,5.222949080608413e-13,2.8754589728171957e-09
3,32,0,quintic,reused,3,6.454428103097598e-10,2.689345042957333e-10,1.969735138884765e-14,6.201961014331327e-11
3,32,0,quintic,reused_centered,3,5.440226047426222e-10,2.519076194149632e-10,1.660225234199897e-14,5.551285098739707e-11
3,32,0,quintic,recursive,4,5.085699388729381e-06,2.7379381576153825e-06,4.850100887994176e-12,7.813697562345157e-08
3,32,0,quintic,direct,4,5.365605779723322e-06,5.365605779723322e-06,5.117040424083063e-12,8.517735894711407e-08
3,32,0,quintic,fe_geometry,4,5.365617903416626e-06,5.365617903416626e-06,5.117051986137987e-12,8.517661936011009e-08
3,32,0,quintic,reused,4,1.2699743834332367e-07,6.96404815486793e-08,1.2111419519741408e-13,2.1462759297691955e-09
3,32,0,quintic,reused_centered,4,8.884635072092806e-08,6.246761700000173e-08,8.4730482788971e-14,1.7818553073320494e-09
3,32,0,quintic,recursive,5,0.0007933008329649563,0.0007933008329649563,2.3642207174448856e-11,4.689728375311082e-06
3,32,0,quintic,direct,5,0.0014549195177585052,0.0014549195177585052,4.3359980516389166e-11,5.4108258953500545e-06
3,32,0,quintic,fe_geometry,5,0.0014549193302221522,0.0014549193302221522,4.3359974927370315e-11,5.4108001745817515e-06
3,32,0,quintic,reused,5,1.875094516802971e-05,1.875094516802971e-05,5.588217129716191e-13,1.1569027044360373e-07
3,32,0,quintic,reused_centered,5,2.085224950970373e-05,2.085224950970373e-05,6.214454623968521e-13,1.1183609929519475e-07
3,32,0,quintic,recursive,6,0.2528721847228388,0.2528721847228388,2.355055741247151e-10,nan
3,32,0,quintic,direct,6,0.261388645937134,0.261388645937134,2.434371467094254e-10,nan
3,32,0,quintic,fe_geometry,6,0.2613886450819617,0.2613886450819617,2.434371459129841e-10,nan
3,32,0,quintic,reused,6,0.00636622704915443,0.00636622704915443,5.929010966005204e-12,nan
3,32,0,quintic,reused_centered,6,0.005860874910448762,0.005860874910448762,5.458365111098403e-12,nan
3,32,0,quintic,recursive,7,83.69588126990655,83.69588126990655,2.435870738406274e-09,nan
3,32,0,quintic,direct,7,65.08198779242278,65.08198779242278,1.894135138497885e-09,nan
3,32,0,quintic,fe_geometry,7,65.08198779242286,65.08198779242286,1.8941351384978877e-09,nan
3,32,0,quintic,reused,7,1.6063437204570576,1.6063437204570576,4.6750755295421045e-11,nan
3,32,0,quintic,reused_centered,7,1.4324086249619339,1.4324086249619339,4.1688577765655177e-11,nan
3,32,0,quintic,recursive,8,18062.569222558803,18062.569222558803,1.642781100832399e-08,nan
3,32,0,quintic,direct,8,10705.967164843618,10705.967164843618,9.737020413780208e-09,nan
3,32,0,quintic,fe_geometry,8,10705.967164843623,10705.967164843623,9.737020413780213e-09,nan
3,32,0,quintic,reused,8,366.5631487007936,366.5631487007936,3.333872416085738e-10,nan
3,32,0,quintic,reused_centered,8,326.5656860512422,326.5656860512422,2.9700976124444624e-10,nan
3,32,0,quintic,recursive,9,4578152.599700477,4578152.599700477,1.3011892291673567e-07,nan
3,32,0,quintic,direct,9,1521188.5775773718,1521188.5775773718,4.323477974075365e-08,nan
3,32,0,quintic,fe_geometry,9,1521188.5775773718,1521188.5775773718,4.323477974075365e-08,nan
3,32,0,quintic,reused,9,99178.6568798426,99178.6568798426,2.8188269675366258e-09,nan
3,32,0,quintic,reused_centered,9,58573.98838733547,58573.98838733547,1.6647728781247074e-09,nan
3,32,0,quintic,recursive,10,1106705535.6704783,1106705535.6704783,9.82951973745186e-07,nan
3,32,0,quintic,direct,10,317720271.1021805,317720271.1021805,2.8219228829423e-07,nan
3,32,0,quintic,fe_geometry,10,317720271.1021906,317720271.1021906,2.82192288294239e-07,nan
3,32,0,quintic,reused,10,22649230.90420764,22649230.90420764,2.011655811192238e-08,nan
3,32,0,quintic,reused_centered,10,14082436.391148157,14082436.391148157,1.2507716099417505e-08,nan
3,2,1,constant,recursive,1,1.8893935708563302e-13,1.8893935708563302e-13,9.446967854281651e-14,nan
3,2,1,constant,direct,1,3.960720053301967e-12,3.960720053301967e-12,1.9803600266509833e-12,nan
3,2,1,constant,fe_geometry,1,3.960720053301963e-12,3.960720053301963e-12,1.9803600266509817e-12,nan
3,2,1,constant,reused,1,2.092608478865282e-15,2.092608478865282e-15,1.046304239432641e-15,nan
3,2,1,constant,reused_centered,1,9.24458149231607e-15,9.24458149231607e-15,4.622290746158035e-15,nan
3,2,1,constant,recursive,2,1.0109151619691113e-11,1.0109151619691113e-11,2.5272879049227782e-12,nan
3,2,1,constant,direct,2,3.277045883901339e-11,3.277045883901339e-11,8.192614709753348e-12,nan
3,2,1,constant,fe_geometry,2,3.277045883901337e-11,3.277045883901337e-11,8.192614709753343e-12,nan
3,2,1,constant,reused,2,1.2012775028206263e-13,1.2012775028206263e-13,3.003193757051566e-14,nan
3,2,1,constant,reused_centered,2,2.398916257704111e-13,2.398916257704111e-13,5.997290644260277e-14,nan
3,2,1,constant,recursive,3,2.707700934902213e-10,2.707700934902213e-10,3.3846261686277664e-11,nan
3,2,1,constant,direct,3,1.6822673511854802e-10,1.6822673511854802e-10,2.1028341889818502e-11,nan
3,2,1,constant,fe_geometry,3,1.6822673511854778e-10,1.6822673511854778e-10,2.1028341889818473e-11,nan
3,2,1,constant,reused,3,3.3852282836878787e-12,3.3852282836878787e-12,4.2315353546098484e-13,nan
3,2,1,constant,reused_centered,3,3.2782272259074622e-12,3.2782272259074622e-12,4.097784032384328e-13,nan
3,2,1,constant,recursive,4,4.297018103487638e-09,4.297018103487638e-09,2.6856363146797736e-10,nan
3,2,1,constant,direct,4,3.5915981107599167e-09,3.5915981107599167e-09,2.244748819224948e-10,nan
3,2,1,constant,fe_geometry,4,3.591598110759914e-09,3.591598110759914e-09,2.2447488192249461e-10,nan
3,2,1,constant,reused,4,5.2060775221613985e-11,5.2060775221613985e-11,3.253798451350874e-12,nan
3,2,1,constant,reused_centered,4,2.5394561414569994e-11,2.5394561414569994e-11,1.5871600884106246e-12,nan
3,2,1,constant,recursive,5,3.905712921352117e-08,3.905712921352117e-08,1.2205352879225366e-09,nan
3,2,1,constant,direct,5,6.014725286171883e-08,6.014725286171883e-08,1.8796016519287136e-09,nan
3,2,1,constant,fe_geometry,5,6.014725286171875e-08,6.014725286171875e-08,1.879601651928711e-09,nan
3,2,1,constant,reused,5,4.5504907207062424e-10,4.5504907207062424e-10,1.4220283502207008e-11,nan
3,2,1,constant,reused_centered,5,3.392060873670733e-10,3.392060873670733e-10,1.0600190230221041e-11,nan
3,2,1,constant,recursive,6,7.722491803542909e-07,7.722491803542909e-07,1.2066393443035795e-08,nan
3,2,1,constant,direct,6,7.529341388683818e-07,7.529341388683818e-07,1.1764595919818465e-08,nan
3,2,1,constant,fe_geometry,6,7.529341388683788e-07,7.529341388683788e-07,1.1764595919818419e-08,nan
3,2,1,constant,reused,6,3.7029539875526237e-09,3.7029539875526237e-09,5.7858656055509746e-11,nan
3,2,1,constant,reused_centered,6,7.533196026301493e-09,7.533196026301493e-09,1.1770618791096083e-10,nan
3,2,1,constant,recursive,7,1.405122211686951e-05,1.405122211686951e-05,1.0977517278804305e-07,nan
3,2,1,constant,direct,7,1.1503454563017845e-05,1.1503454563017845e-05,8.987073877357691e-08,nan
3,2,1,constant,fe_geometry,7,1.1503454563017786e-05,1.1503454563017786e-05,8.987073877357645e-08,nan
3,2,1,constant,reused,7,7.213853942337599e-08,7.213853942337599e-08,5.635823392451249e-10,nan
3,2,1,constant,reused_centered,7,1.0603591081939474e-07,1.0603591081939474e-07,8.284055532765214e-10,nan
3,2,1,constant,recursive,8,0.0002373779658152979,0.0002373779658152979,9.272576789660074e-07,nan
3,2,1,constant,direct,8,0.00011197895119616154,0.00011197895119616154,4.37417778110006e-07,nan
3,2,1,constant,fe_geometry,8,0.00011197895119616166,0.00011197895119616166,4.374177781100065e-07,nan
3,2,1,constant,reused,8,9.210794829525909e-07,9.210794829525909e-07,3.597966730283558e-09,nan
3,2,1,constant,reused_centered,8,1.4490534651006988e-06,1.4490534651006988e-06,5.6603650980496045e-09,nan
3,2,1,constant,recursive,9,0.0035038678042501963,0.0035038678042501963,6.843491805176165e-06,nan
3,2,1,constant,direct,9,0.0012499307324738852,0.0012499307324738852,2.441270961863057e-06,nan
3,2,1,constant,fe_geometry,9,0.0012499307324738836,0.0012499307324738836,2.441270961863054e-06,nan
3,2,1,constant,reused,9,9.829649924248725e-06,9.829649924248725e-06,1.9198535008298292e-08,nan
3,2,1,constant,reused_centered,9,2.2373171483576746e-05,2.2373171483576746e-05,4.369760055386083e-08,nan
3,2,1,constant,recursive,10,0.06795931925678013,0.06795931925678013,6.636652271169934e-05,nan
3,2,1,constant,direct,10,0.01663663648810339,0.01663663648810339,1.6246715320413468e-05,nan
3,2,1,constant,fe_geometry,10,0.01663663648810341,0.01663663648810341,1.6246715320413488e-05,nan
3,2,1,constant,reused,10,8.228287110359523e-05,8.228287110359523e-05,8.035436631210472e-08,nan
3,2,1,constant,reused_centered,10,0.0004392594045846993,0.0004392594045846993,4.289642622897454e-07,nan
3,2,1,quintic,recursive,1,5.140332604014475e-14,5.140332604014475e-14,2.5701663020072374e-14,3.853121283484083e-14
3,2,1,quintic,direct,1,1.1848855230311983e-12,1.1848855230311983e-12,5.924427615155992e-13,9.474734807038625e-13
3,2,1,quintic,fe_geometry,1,1.1848855230311983e-12,1.1848855230311983e-12,5.924427615155992e-13,9.474258196538329e-13
3,2,1,quintic,reused,1,1.2212453270876722e-15,1.2212453270876722e-15,6.106226635438361e-16,1.1121254454133109e-15
3,2,1,quintic,reused_centered,1,1.7208456881689926e-15,1.7208456881689926e-15,8.604228440844963e-16,1.5272635855811957e-15
3,2,1,quintic,recursive,2,2.889133376982045e-12,2.889133376982045e-12,7.222833442455112e-13,4.0195536758938153e-13
3,2,1,quintic,direct,2,1.6977974581777744e-11,1.6977974581777744e-11,4.244493645444436e-12,2.5129698819557447e-12
3,2,1,quintic,fe_geometry,2,1.697819662638267e-11,1.697819662638267e-11,4.244549156595667e-12,2.5130513298140062e-12
3,2,1,quintic,reused,2,2.2093438190040615e-14,2.2093438190040615e-14,5.523359547510154e-15,3.745781227913409e-15
3,2,1,quintic,reused_centered,2,3.319566843629218e-14,3.319566843629218e-14,8.298917109073045e-15,6.779974586112458e-15
3,2,1,quintic,recursive,3,7.683631508825783e-11,3.2015131286774106e-11,9.60453938603223e-12,2.161702909313176e-12
3,2,1,quintic,direct,3,1.8248691446842713e-10,7.603621436184465e-11,2.281086430855339e-11,6.023775007426206e-12
3,2,1,quintic,fe_geometry,3,1.8248647037921728e-10,7.603602932467389e-11,2.281080879740216e-11,6.023859058537246e-12
3,2,1,quintic,reused,3,6.936673457857978e-13,2.890280607440825e-13,8.670841822322473e-14,2.1869545851247382e-14
3,2,1,quintic,reused_centered,3,8.379963389870682e-13,4.653565650271045e-13,1.0474954237338352e-13,3.230666224930869e-14
3,2,1,quintic,recursive,4,1.1767369301196595e-09,6.212480648310196e-10,7.354605813247872e-11,9.87288564436245e-12
3,2,1,quintic,direct,4,1.934553184312904e-09,1.934553184312904e-09,1.209095740195565e-10,1.908818070267637e-11
3,2,1,quintic,fe_geometry,4,1.9345576252050023e-09,1.9345576252050023e-09,1.2090985157531264e-10,1.9087768755133824e-11
3,2,1,quintic,reused,4,1.1731060567399254e-11,7.875166289710409e-12,7.331912854624534e-13,1.0944224268663713e-13
3,2,1,quintic,reused_centered,4,1.6521870564305647e-11,1.6521870564305647e-11,1.032616910269103e-12,1.6111262454067003e-13
3,2,1,quintic,recursive,5,1.4605979792310895e-08,1.4605979792310895e-08,4.5643686850971547e-10,6.985186694461879e-11
3,2,1,quintic,direct,5,3.430679182502859e-08,3.430679182502859e-08,1.0720872445321435e-09,1.1877762794856638e-10
3,2,1,quintic,fe_geometry,5,3.430675577251129e-08,3.430675577251129e-08,1.0720861178909778e-09,1.1877725295734955e-10
3,2,1,quintic,reused,5,1.474561074622774e-10,1.474561074622774e-10,4.6080033581961684e-12,8.098089354878583e-13
3,2,1,quintic,reused_centered,5,1.8558936062144308e-10,1.8558936062144308e-10,5.799667519420096e-12,1.302563246487983e-12
3,2,1,quintic,recursive,6,2.194230649624542e-07,2.194230649624542e-07,3.428485390038347e-09,3.8510705360386225e-09
3,2,1,quintic,direct,6,3.4092381041083397e-07,3.4092381041083397e-07,5.326934537669281e-09,4.106299173474022e-09
3,2,1,quintic,fe_geometry,6,3.409230710928476e-07,3.409230710928476e-07,5.326922985825744e-09,4.1063003033605894e-09
3,2,1,quintic,reused,6,2.366589146873821e-09,1.9892712759771043e-09,3.697795541990345e-11,4.1525801754604584e-11
3,2,1,quintic,reused_centered,6,3.1248275078610277e-09,3.0097446279819284e-09,4.882542981032856e-11,6.230003948210801e-11
3,2,1,quintic,recursive,7,5.28880999439707e-06,3.0963027486384436e-06,4.131882808122711e-08,6.644447763799692e-08
3,2,1,quintic,direct,7,4.5789743401414285e-06,2.5894745743836494e-06,3.577323703235491e-08,4.942311075192602e-08
3,2,1,quintic,fe_geometry,7,4.578974990288032e-06,2.5894757065977513e-06,3.577324211162525e-08,4.942312016789572e-08
3,2,1,quintic,reused,7,5.9024903626123386e-08,5.9024903626123386e-08,4.6113205957908895e-10,7.680840587885557e-10
3,2,1,quintic,reused_centered,7,5.551331257141985e-08,5.551331257141985e-08,4.336977544642176e-10,9.983375464115051e-10
3,2,1,quintic,recursive,8,0.00010551212475462535,5.9143533336353596e-05,4.1215673732275526e-07,6.623546917490203e-07
3,2,1,quintic,direct,8,4.440590522136745e-05,4.029533094381032e-05,1.734605672709666e-07,2.904112438268319e-07
3,2,1,quintic,fe_geometry,8,4.4405898956156875e-05,4.029533694753685e-05,1.734605427974878e-07,2.9041108660208207e-07
3,2,1,quintic,reused,8,1.3901658216184194e-06,1.3901658216184194e-06,5.430335240696951e-09,7.4224598165964405e-09
3,2,1,quintic,reused_centered,8,1.0976507468878016e-06,1.0976507468878016e-06,4.287698230030475e-09,8.483504626535356e-09
3,2,1,quintic,recursive,9,0.002526255325399518,0.0019149512131930863,4.9340924324209334e-06,7.367617308837828e-06
3,2,1,quintic,direct,9,0.00037334902521453525,0.00037334902521453525,7.291973148721392e-07,1.6765629579692523e-06
3,2,1,quintic,fe_geometry,9,0.0003733490279150152,0.0003733490279150152,7.291973201465141e-07,1.6765622546831662e-06
3,2,1,quintic,reused,9,1.7280203990043574e-05,1.7280203990043574e-05,3.3750398418053855e-08,6.582643936533991e-08
3,2,1,quintic,reused_centered,9,2.3486557364238444e-05,2.3486557364238444e-05,4.587218235202821e-08,7.979635086453447e-08
3,2,1,quintic,recursive,10,0.06230044093035758,0.02855360169354974,6.0840274346052325e-05,4.361138304489164e-05
3,2,1,quintic,direct,10,0.004414154093176137,0.0042612848088591955,4.310697356617321e-06,5.6834548131430395e-06
3,2,1,quintic,fe_geometry,10,0.004414154945848736,0.00426128502933713,4.310698189305406e-06,5.683454228130844e-06
3,2,1,quintic,reused,10,0.0003558840651729274,0.0003558840651729274,3.475430323954369e-07,3.0691884648288834e-07
3,2,1,quintic,reused_centered,10,0.000413900776634124,0.000413900776634124,4.0419997718176173e-07,3.9964378167274724e-07
3,8,1,constant,recursive,1,6.616323102938978e-13,6.616323102938978e-13,8.270403878673722e-14,nan
3,8,1,constant,direct,1,1.5842880213207866e-11,1.5842880213207866e-11,1.9803600266509833e-12,nan
3,8,1,constant,fe_geometry,1,1.584288021320786e-11,1.584288021320786e-11,1.9803600266509825e-12,nan
3,8,1,constant,reused,1,8.370433915461129e-15,8.370433915461129e-15,1.046304239432641e-15,nan
3,8,1,constant,reused_centered,1,3.69783259692643e-14,3.69783259692643e-14,4.622290746158038e-15,nan
3,8,1,constant,recursive,2,1.4889521179326324e-10,1.4889521179326324e-10,2.326487684269738e-12,nan
3,8,1,constant,direct,2,5.243273414242143e-10,5.243273414242143e-10,8.192614709753348e-12,nan
3,8,1,constant,fe_geometry,2,5.243273414242138e-10,5.243273414242138e-10,8.19261470975334e-12,nan
3,8,1,constant,reused,2,1.922044004513002e-12,1.922044004513002e-12,3.003193757051566e-14,nan
3,8,1,constant,reused_centered,2,3.838266012326582e-12,3.838266012326582e-12,5.997290644260285e-14,nan
3,8,1,constant,recursive,3,1.6302689295361362e-08,1.6302689295361362e-08,3.184119003000266e-11,nan
3,8,1,constant,direct,3,1.0721237928008167e-08,1.0721237928008167e-08,2.093991782814095e-11,nan
3,8,1,constant,fe_geometry,3,1.0721237928008174e-08,1.0721237928008174e-08,2.0939917828140964e-11,nan
3,8,1,constant,reused,3,2.1665461015602419e-10,2.1665461015602419e-10,4.2315353546098474e-13,nan
3,8,1,constant,reused_centered,3,2.0980654245807805e-10,2.0980654245807805e-10,4.097784032384337e-13,nan
3,8,1,constant,recursive,4,1.0478002867893281e-06,1.0478002867893281e-06,2.558106168919258e-10,nan
3,8,1,constant,direct,4,9.575421458304445e-07,9.575421458304445e-07,2.3377493794688586e-10,nan
3,8,1,constant,fe_geometry,4,9.575421458304436e-07,9.575421458304436e-07,2.3377493794688565e-10,nan
3,8,1,constant,reused,4,1.332755845673317e-08,1.332755845673317e-08,3.2537984513508716e-12,nan
3,8,1,constant,reused_centered,4,6.462295838672901e-09,6.462295838672901e-09,1.5777089449885012e-12,nan
3,8,1,constant,recursive,5,3.8404489214569076e-05,3.8404489214569076e-05,1.1720119999563317e-09,nan
3,8,1,constant,direct,5,6.408061432515078e-05,6.408061432515078e-05,1.955585153965783e-09,nan
3,8,1,constant,fe_geometry,5,6.408061432515059e-05,6.408061432515059e-05,1.9555851539657772e-09,nan
3,8,1,constant,reused,5,4.659702498003183e-07,4.659702498003183e-07,1.422028350220698e-11,nan
3,8,1,constant,reused_centered,5,3.2813444393096193e-07,3.2813444393096193e-07,1.0013868528166563e-11,nan
3,8,1,constant,recursive,6,0.0030699548061332333,0.0030699548061332333,1.1710948204548772e-08,nan
3,8,1,constant,direct,6,0.0034164542378587633,0.0034164542378587633,1.3032738639292768e-08,nan
3,8,1,constant,fe_geometry,6,0.003416454237858779,0.003416454237858779,1.3032738639292827e-08,nan
3,8,1,constant,reused,6,1.3408402640453449e-05,1.3408402640453449e-05,5.11489968889368e-11,nan
3,8,1,constant,reused_centered,6,3.0896940924868446e-05,3.0896940924868446e-05,1.1786247606227282e-10,nan
3,8,1,constant,recursive,7,0.19417116490372158,0.19417116490372158,9.258802647768096e-08,nan
3,8,1,constant,direct,7,0.20560461556087667,0.20560461556087667,9.803992059749444e-08,nan
3,8,1,constant,fe_geometry,7,0.2056046155608779,0.2056046155608779,9.803992059749503e-08,nan
3,8,1,constant,reused,7,0.0010928520061136012,0.0010928520061136012,5.211124449317938e-10,nan
3,8,1,constant,reused_centered,7,0.0016838917940444266,0.0016838917940444266,8.029421777937062e-10,nan
3,8,1,constant,recursive,8,14.60847233520324,14.60847233520324,8.707328042509103e-07,nan
3,8,1,constant,direct,8,9.530254300551515,9.530254300551515,5.680474222035119e-07,nan
3,8,1,constant,fe_geometry,8,9.530254300551352,9.530254300551352,5.680474222035022e-07,nan
3,8,1,constant,reused,8,0.05770238100483628,0.05770238100483628,3.439329922487514e-09,nan
3,8,1,constant,reused_centered,8,0.09278677291592485,0.09278677291592485,5.530522639508537e-09,nan
3,8,1,constant,recursive,9,894.5266755519773,894.5266755519773,6.6647430922983385e-06,nan
3,8,1,constant,direct,9,369.17247471264614,369.17247471264614,2.750549277012394e-06,nan
3,8,1,constant,fe_geometry,9,369.1724747126472,369.1724747126472,2.750549277012402e-06,nan
3,8,1,constant,reused,9,2.442735272072778,2.442735272072778,1.8199796021526888e-08,nan
3,8,1,constant,reused_centered,9,5.317783220210911,5.317783220210911,3.962057247915053e-08,nan
3,8,1,constant,recursive,10,65472.93561163297,65472.93561163297,6.097642296145947e-05,nan
3,8,1,constant,direct,10,16536.46412573143,16536.46412573143,1.5400782344612692e-05,nan
3,8,1,constant,fe_geometry,10,16536.464125731734,16536.464125731734,1.5400782344612977e-05,nan
3,8,1,constant,reused,10,82.46681824297121,82.46681824297121,7.680320948639066e-08,nan
3,8,1,constant,reused_centered,10,379.41844018051626,379.41844018051626,3.533609585655073e-07,nan
3,8,1,quintic,recursive,1,2.4313884239290928e-14,2.4313884239290928e-14,3.039235529911366e-15,7.692287977729153e-14
3,8,1,quintic,direct,1,6.385447726131588e-13,6.385447726131588e-13,7.981809657664485e-14,1.9095972572494415e-12
3,8,1,quintic,fe_geometry,1,6.385725281887744e-13,6.385725281887744e-13,7.98215660235968e-14,1.9095704669494374e-12
3,8,1,quintic,reused,1,2.7755575615628914e-16,2.7755575615628914e-16,3.469446951953614e-17,1.3539615058932814e-15
3,8,1,quintic,reused_centered,1,7.771561172376096e-16,7.771561172376096e-16,9.71445146547012e-17,2.7577250808952952e-15
3,8,1,quintic,recursive,2,5.732636587651996e-12,5.732636587651996e-12,8.957244668206243e-14,2.6698092595434447e-12
3,8,1,quintic,direct,2,2.975891755241378e-11,2.975891755241378e-11,4.649830867564653e-13,1.5243454436174444e-11
3,8,1,quintic,fe_geometry,2,2.975941715277486e-11,2.975941715277486e-11,4.649908930121072e-13,1.5243382193704074e-11
3,8,1,quintic,reused,2,4.318767565791859e-14,4.318767565791859e-14,6.74807432154978e-16,2.8203988754895114e-14
3,8,1,quintic,reused_centered,2,6.294964549624638e-14,6.294964549624638e-14,9.835882108788496e-16,4.1093690078716375e-14
3,8,1,quintic,recursive,3,6.274141206574768e-10,2.6142255027394867e-10,1.2254182044091344e-12,4.355445075492683e-11
3,8,1,quintic,direct,3,1.001202676320645e-09,4.902451951338538e-10,1.9554739771887597e-12,8.729043766258322e-11
3,8,1,quintic,fe_geometry,3,1.0011986795177563e-09,4.90136252764839e-10,1.955466170933118e-12,8.728582083186154e-11
3,8,1,quintic,reused,3,5.175554429470708e-12,5.175554429470708e-12,1.0108504745059976e-14,4.738756862414488e-13
3,8,1,quintic,reused_centered,3,3.546274385257675e-12,3.2644997816078103e-12,6.9263171587063965e-15,4.487822767884125e-13
3,8,1,quintic,recursive,4,3.9688583086672224e-08,1.7323747311670523e-08,9.689595480144586e-12,4.990547164229846e-10
3,8,1,quintic,direct,4,5.2623732038625803e-08,5.2623732038625803e-08,1.2847590829742628e-11,7.247600341730732e-10
3,8,1,quintic,fe_geometry,4,5.262205371447948e-08,5.262205371447948e-08,1.2847181082636591e-11,7.247474152057359e-10
3,8,1,quintic,reused,4,4.390089958228316e-10,4.390089958228316e-10,1.071799306208085e-13,7.2864115763441e-12
3,8,1,quintic,reused_centered,4,4.683258225668396e-10,4.683258225668396e-10,1.1433735902510733e-13,7.229881263401427e-12
3,8,1,quintic,recursive,5,1.490443699403432e-06,1.490443699403432e-06,4.548473203745825e-11,9.170246706396993e-09
3,8,1,quintic,direct,5,3.632607779913144e-06,3.632607779913144e-06,1.1085839172098218e-10,1.261451376734487e-08
3,8,1,quintic,fe_geometry,5,3.632618530813314e-06,3.632618530813314e-06,1.1085871981241803e-10,1.2614512854434013e-08
3,8,1,quintic,reused,5,3.399876513654476e-08,3.399876513654476e-08,1.037559971208031e-12,1.6357621528964255e-10
3,8,1,quintic,reused_centered,5,3.280319482712457e-08,3.280319482712457e-08,1.00107406088637e-12,1.6790375361121246e-10
3,8,1,quintic,recursive,6,9.01157584125567e-05,8.080193908488464e-05,3.4376433720610314e-10,1.6870314459546626e-06
3,8,1,quintic,direct,6,0.00014279420631102546,0.00010472143415964033,5.44716668361761e-10,1.9459361012842755e-06
3,8,1,quintic,fe_geometry,6,0.00014279406846817722,0.0001047214243531536,5.447161425330247e-10,1.9459377578255034e-06
3,8,1,quintic,reused,6,2.1237782892313817e-06,2.1237782892313817e-06,8.101571232724692e-12,3.3416480719138755e-08
3,8,1,quintic,reused_centered,6,2.349876277563112e-06,2.002052218674777e-06,8.964066610577057e-12,3.837662350589351e-08
3,8,1,quintic,recursive,7,0.0085814327379925,0.005104943489701798,4.091946000095606e-09,0.00011800178012533774
3,8,1,quintic,direct,7,0.008961564191696691,0.006622044120975251,4.273206802223535e-09,9.555198600275258e-05
3,8,1,quintic,fe_geometry,7,0.008961564007187395,0.00662204288845869,4.2732067142426466e-09,9.555200258081681e-05
3,8,1,quintic,reused,7,0.00017254058062210476,0.00010059626796965482,8.227376013856161e-11,2.158454420304782e-06
3,8,1,quintic,reused_centered,7,0.00015002789304396913,0.00013073795741858074,7.153887417028862e-11,2.423857053132371e-06
3,8,1,quintic,recursive,8,0.5102482276333102,0.3346929350501774,3.041316435535611e-08,0.003645832925903321
3,8,1,quintic,direct,8,0.39984409534137827,0.39984409534137827,2.3832565268360273e-08,0.0022764761120184626
3,8,1,quintic,fe_geometry,8,0.3998440950880155,0.3998440950880155,2.3832565253258675e-08,0.0022764762729640133
3,8,1,quintic,reused,8,0.008006890107045805,0.007570719013407003,4.772478405860546e-10,6.960760500665828e-05
3,8,1,quintic,reused_centered,8,0.008877804571628456,0.006569393653207347,5.29158387877253e-10,7.507159904607137e-05
3,8,1,quintic,recursive,9,41.7176126565464,20.952132588906128,3.108204354088485e-07,0.12206508160194617
3,8,1,quintic,direct,9,14.388610591355526,14.388610591355526,1.0720350288864617e-07,0.039554960865165405
3,8,1,quintic,fe_geometry,9,14.388610537589823,14.388610537589823,1.0720350248806047e-07,0.0395549613046925
3,8,1,quintic,reused,9,0.649646492387027,0.649646492387027,4.840243551038407e-09,0.0019207017821386708
3,8,1,quintic,reused_centered,9,0.5705581173356383,0.5705581173356383,4.250989238438296e-09,0.0020516462656029947
3,8,1,quintic,recursive,10,2603.648401060762,2603.648401060762,2.4248365322693828e-06,2.6195322233269898
3,8,1,quintic,direct,10,363.7886383914083,363.7886383914083,3.388045713225457e-07,0.4873173076661126
3,8,1,quintic,fe_geometry,10,363.78863835710104,363.78863835710104,3.3880457129059456e-07,0.4873173081035475
3,8,1,quintic,reused,10,35.49533851852122,35.49533851852122,3.305761005591715e-08,0.03645891010264182
3,8,1,quintic,reused_centered,10,41.14078480096404,29.127404150978556,3.831534162253518e-08,0.038680584708577076
3,32,1,constant,recursive,1,2.893252913573955e-12,2.893252913573955e-12,9.04141535491861e-14,nan
3,32,1,constant,direct,1,6.337152085283147e-11,6.337152085283147e-11,1.9803600266509833e-12,nan
3,32,1,constant,fe_geometry,1,6.337152085283145e-11,6.337152085283145e-11,1.980360026650983e-12,nan
3,32,1,constant,reused,1,3.3481735661844514e-14,3.3481735661844514e-14,1.046304239432641e-15,nan
3,32,1,constant,reused_centered,1,1.479133038770571e-13,1.479133038770571e-13,4.622290746158035e-15,nan
3,32,1,constant,recursive,2,2.3258063449953463e-09,2.3258063449953463e-09,2.271295258784518e-12,nan
3,32,1,constant,direct,2,8.389237462787428e-09,8.389237462787428e-09,8.192614709753348e-12,nan
3,32,1,constant,fe_geometry,2,8.389237462787432e-09,8.389237462787432e-09,8.192614709753351e-12,nan
3,32,1,constant,reused,2,3.0752704072208034e-11,3.0752704072208034e-11,3.003193757051566e-14,nan
3,32,1,constant,reused_centered,2,6.141225619722524e-11,6.141225619722524e-11,5.997290644260277e-14,nan
3,32,1,constant,recursive,3,9.553905179764613e-07,9.553905179764613e-07,2.9156204772230874e-11,nan
3,32,1,constant,direct,3,6.854063348216872e-07,6.854063348216872e-07,2.0916941370290748e-11,nan
3,32,1,constant,fe_geometry,3,6.854063348216877e-07,6.854063348216877e-07,2.0916941370290764e-11,nan
3,32,1,constant,reused,3,1.3865895049985551e-08,1.3865895049985551e-08,4.2315353546098484e-13,nan
3,32,1,constant,reused_centered,3,1.3427618717316965e-08,1.3427618717316965e-08,4.097784032384328e-13,nan
3,32,1,constant,recursive,4,0.00023704315709310734,0.00023704315709310734,2.2606197079954847e-10,nan
3,32,1,constant,direct,4,0.0002472234556906001,0.0002472234556906001,2.3577066010532387e-10,nan
3,32,1,constant,fe_geometry,4,0.0002472234556905999,0.0002472234556905999,2.357706601053237e-10,nan
3,32,1,constant,reused,4,3.411854964923694e-06,3.411854964923694e-06,3.253798451350874e-12,nan
3,32,1,constant,reused_centered,4,1.6543477347002562e-06,1.6543477347002562e-06,1.5777089449884951e-12,nan
3,32,1,constant,recursive,5,0.03405409820861293,0.03405409820861293,1.01489121343532e-09,nan
3,32,1,constant,direct,5,0.06617116952139993,0.06617116952139993,1.9720545268475987e-09,nan
3,32,1,constant,fe_geometry,5,0.0661711695213998,0.0661711695213998,1.972054526847595e-09,nan
3,32,1,constant,reused,5,0.0004771535357955269,0.0004771535357955269,1.4220283502207008e-11,nan
3,32,1,constant,reused_centered,5,0.0003309879415991006,0.0003309879415991006,9.864209341976064e-12,nan
3,32,1,constant,recursive,6,12.294885577109453,12.294885577109453,1.1450504490276289e-08,nan
3,32,1,constant,direct,6,14.420449430865286,14.420449430865286,1.343009009106577e-08,nan
3,32,1,constant,fe_geometry,6,14.420449430865222,14.420449430865222,1.343009009106571e-08,nan
3,32,1,constant,reused,6,0.052816647876062314,0.052816647876062314,4.91893364824935e-11,nan
3,32,1,constant,reused_centered,6,0.13105070863196425,0.13105070863196425,1.2205048336830386e-10,nan
3,32,1,constant,recursive,7,3036.12386399183,3036.12386399183,8.836283418326144e-08,nan
3,32,1,constant,direct,7,3454.80471838306,3454.80471838306,1.005480507849442e-07,nan
3,32,1,constant,fe_geometry,7,3454.8047183830245,3454.8047183830245,1.0054805078494317e-07,nan
3,32,1,constant,reused,7,17.50126044145506,17.50126044145506,5.093537166672485e-10,nan
3,32,1,constant,reused_centered,7,28.5193134358292,28.5193134358292,8.300212629788206e-10,nan
3,32,1,constant,recursive,8,983614.5115626833,983614.5115626833,8.945921868532271e-07,nan
3,32,1,constant,direct,8,654520.4899334398,654520.4899334398,5.952829177962847e-07,nan
3,32,1,constant,fe_geometry,8,654520.4899334237,654520.4899334237,5.952829177962701e-07,nan
3,32,1,constant,reused,8,3737.977487841702,3737.977487841702,3.3996707205385082e-09,nan
3,32,1,constant,reused_centered,8,6589.042654283645,6589.042654283645,5.992699383826807e-09,nan
3,32,1,constant,recursive,9,249235548.86160904,249235548.86160904,7.0837003494719125e-06,nan
3,32,1,constant,direct,9,99142877.35408603,99142877.35408603,2.8178100522520147e-06,nan
3,32,1,constant,fe_geometry,9,99142877.3540857,99142877.3540857,2.8178100522520054e-06,nan
3,32,1,constant,reused,9,639160.6861694363,639160.6861694363,1.8166039301645364e-08,nan
3,32,1,constant,reused_centered,9,1409478.9399454717,1409478.9399454717,4.005980087940406e-08,nan
3,32,1,constant,recursive,10,90097127747.68901,90097127747.68901,8.002232454246273e-05,nan
3,32,1,constant,direct,10,18196652302.924694,18196652302.924694,1.61618738862443e-05,nan
3,32,1,constant,fe_geometry,10,18196652302.925735,18196652302.925735,1.6161873886245224e-05,nan
3,32,1,constant,reused,10,86472726.40594174,86472726.40594174,7.680320948639062e-08,nan
3,32,1,constant,reused_centered,10,384018505.03803337,384018505.03803337,3.4107694894028506e-07,nan
3,32,1,quintic,recursive,1,5.620504062164855e-14,5.620504062164855e-14,1.7564075194265172e-15,2.4580862934200427e-13
3,32,1,quintic,direct,1,1.2803785809367696e-12,1.2803785809367696e-12,4.001183065427405e-14,5.808790680583258e-12
3,32,1,quintic,fe_geometry,1,1.2804618476636165e-12,1.2804618476636165e-12,4.0014432739488015e-14,5.808997530671655e-12
3,32,1,quintic,reused,1,2.9837243786801082e-15,2.9837243786801082e-15,9.324138683375338e-17,1.2718001774076732e-14
3,32,1,quintic,reused_centered,1,4.9960036108132044e-15,4.9960036108132044e-15,1.5612511283791264e-16,1.9528283640073452e-14
3,32,1,quintic,recursive,2,4.581091062050291e-11,4.581091062050291e-11,4.473721740283487e-14,2.9630092452831684e-11
3,32,1,quintic,direct,2,1.935331894742376e-10,1.935331894742376e-10,1.8899725534593514e-13,1.500085987142434e-10
3,32,1,quintic,fe_geometry,2,1.9353829650015086e-10,1.9353829650015086e-10,1.8900224267592858e-13,1.5000876727307646e-10
3,32,1,quintic,reused,2,1.8988144390164052e-12,1.8988144390164052e-12,1.8543109756019582e-15,1.2533903839030744e-12
3,32,1,quintic,reused_centered,2,2.277289468111121e-12,2.277289468111121e-12,2.2239154962022667e-15,1.47626305147453e-12
3,32,1,quintic,recursive,3,1.880137512344504e-08,7.833906301435435e-09,5.737724341871656e-13,1.6972595708235974e-09
3,32,1,quintic,direct,3,1.7114548001018193e-08,1.4418280139261164e-08,5.222945556951353e-13,2.766810388916118e-09
3,32,1,quintic,fe_geometry,3,1.7114483163993555e-08,1.4413452056882825e-08,5.222925770261705e-13,2.766684617908398e-09
3,32,1,quintic,reused,3,6.454428103097598e-10,2.689345042957333e-10,1.969735138884765e-14,5.870105763514167e-11
3,32,1,quintic,reused_centered,3,5.440226047426222e-10,2.4901901374274615e-10,1.660225234199897e-14,5.367587829174162e-11
3,32,1,quintic,recursive,4,4.630331929433851e-06,2.684090576465792e-06,4.41582863753686e-12,6.886867672722777e-08
3,32,1,quintic,direct,4,5.583409027176689e-06,5.583409027176689e-06,5.324753787209214e-12,8.448068481388828e-08
3,32,1,quintic,fe_geometry,4,5.583133391051653e-06,5.583133391051653e-06,5.324490920116094e-12,8.447647723815848e-08
3,32,1,quintic,reused,4,1.2699743834332367e-07,7.066686535939226e-08,1.2111419519741408e-13,2.024705648720614e-09
3,32,1,quintic,reused_centered,4,9.08267976384991e-08,6.15709486451177e-08,8.661918414926443e-14,1.677453568621363e-09
3,32,1,quintic,recursive,5,0.000654338096040874,0.0006492012248591195,1.9500794888760865e-11,4.368126984946603e-06
3,32,1,quintic,direct,5,0.0015135916303441466,0.0015135916303441466,4.510854573083361e-11,5.651988179502679e-06
3,32,1,quintic,fe_geometry,5,0.001513595210315244,0.001513595210315244,4.510865242228639e-11,5.6519412921839445e-06
3,32,1,quintic,reused,5,1.8889524344423148e-05,1.8889524344423148e-05,5.629516942627176e-13,1.1847918021547989e-07
3,32,1,quintic,reused_centered,5,2.1137648989366653e-05,1.655141577883157e-05,6.29951029699047e-13,1.1418597138066525e-07
3,32,1,quintic,recursive,6,0.2230891066100551,0.20984278105590126,2.0776792113674348e-10,0.003620371349648619
3,32,1,quintic,direct,6,0.2977076045428009,0.2224476993251738,2.7726181274540804e-10,0.003792742149458581
3,32,1,quintic,fe_geometry,6,0.2977074531763364,0.22244758622385807,2.7726167177440263e-10,0.0037927403561663483
3,32,1,quintic,reused,6,0.006811964443994345,0.005089913039939079,6.34413626416991e-12,9.138354352165196e-05
3,32,1,quintic,reused_centered,6,0.006736889694481718,0.004061277129752572,6.274217455165198e-12,8.590674019533807e-05
3,32,1,quintic,recursive,7,63.08852444494852,54.74737102465063,1.8361177192112815e-09,0.9342524946345755
3,32,1,quintic,direct,7,72.75905502882748,56.51181381954707,2.1175672017511526e-09,0.771743474420966
3,32,1,quintic,fe_geometry,7,72.75905835166357,56.5118165800426,2.117567298458411e-09,0.7717436043933323
3,32,1,quintic,reused,7,1.7099843572935187,0.7460574693096549,4.976709481833732e-11,0.02163836261823751
3,32,1,quintic,reused_centered,7,1.4932594088668765,0.8118154190797303,4.3459568663583966e-11,0.01937869166697742
3,32,1,quintic,recursive,8,17175.29168846127,17175.29168846127,1.5620836792060137e-08,130.97152487027867
3,32,1,quintic,direct,8,13410.660658224806,10556.309958195254,1.2196924815930111e-08,76.36174792674412
3,32,1,quintic,fe_geometry,8,13410.660656518216,10556.309956851897,1.2196924814377976e-08,76.36174857218975
3,32,1,quintic,reused,8,367.47599896613576,215.98975314182985,3.3421747408841453e-10,2.6481548259362353
3,32,1,quintic,reused_centered,8,257.2759227452592,257.2759227452592,2.3399108863055445e-10,2.1788862280085017
3,32,1,quintic,recursive,9,5380815.692634765,4130814.712437447,1.5293198011462337e-07,15749.388913492796
3,32,1,quintic,direct,9,1907892.5470871553,1907892.5470871553,5.422556759774452e-08,5641.7172008120715
3,32,1,quintic,fe_geometry,9,1907892.5471208678,1907892.5471208678,5.422556759870269e-08,5641.717198737182
3,32,1,quintic,reused,9,101979.97133953414,70114.8818027729,2.898445113133168e-09,281.91797394250784
3,32,1,quintic,reused_centered,9,63569.4250182637,41845.80275080434,1.8067517265269458e-09,210.07664719970379
3,32,1,quintic,recursive,10,1793069626.768985,1150234582.2531228,1.5925657475159705e-06,1587631.027886439
3,32,1,quintic,direct,10,324484948.9124148,324484948.9124148,2.8820052914150444e-07,336623.1110917513
3,32,1,quintic,fe_geometry,10,324484948.909592,324484948.909592,2.8820052913899727e-07,336623.11108390294
3,32,1,quintic,reused,10,22814072.21437596,14990761.919052327,2.0262966606288978e-08,22362.41077676743
3,32,1,quintic,reused_centered,10,13987019.533096382,13987019.533096382,1.2422968905220328e-08,15778.580554437727
