id,status,peak_mib,n,order,curved,jump,repeat,method,cells,dofs,cycles,steps,tf,dt,common_setup,filter_setup,dg_seconds,detector_seconds,decay_seconds,total_seconds,active_count,mass_drift,l2_error
affine_p2_n16_smooth,ok,27.71875,16.0,2.0,0.0,0.0,-1.0,dg,256.0,2304.0,31.0,93.0,0.005,0.002461995616119798,0.002777999999999996,0.0,0.257539,0.0,0.0,0.257546,0.0,7.216449660063518e-16,0.0001050029494586784
affine_p2_n16_smooth,ok,27.71875,16.0,2.0,0.0,0.0,-1.0,ofdg,256.0,2304.0,17.0,51.0,0.005,0.002461995616119798,0.002777999999999996,0.001709999999999989,0.1565870000000001,0.0,0.09413599999999978,0.250725,0.0,3.33066907387547e-15,0.0001078564248906466
affine_p2_n16_smooth,ok,27.71875,16.0,2.0,0.0,0.0,-1.0,ofdg-kxrcf,256.0,2304.0,22.0,66.0,0.005,0.002461995616119798,0.002777999999999996,0.003367000000000009,0.1827189999999994,0.0449480000000001,0.02342800000000012,0.2511009999999997,0.0,7.216449660063518e-16,0.0001050029494586784
affine_p2_n16_smooth,ok,27.71875,16.0,2.0,0.0,0.0,0.0,ofdg,256.0,2304.0,21.0,63.0,0.005,0.002461995616119798,0.002777999999999996,0.001647999999999983,0.172609,0.0,0.07829299999999972,0.2509079999999998,0.0,3.33066907387547e-15,0.0001078564248906466
affine_p2_n16_smooth,ok,27.71875,16.0,2.0,0.0,0.0,0.0,ofdg-kxrcf,256.0,2304.0,23.0,69.0,0.005,0.002461995616119798,0.002777999999999996,0.003439999999999888,0.1889439999999993,0.0466260000000005,0.02392000000000016,0.25949,0.0,7.216449660063518e-16,0.0001050029494586784
affine_p2_n16_smooth,ok,27.71875,16.0,2.0,0.0,0.0,0.0,dg,256.0,2304.0,31.0,93.0,0.005,0.002461995616119798,0.002777999999999996,0.0,0.254318999999998,0.0,0.0,0.2543299999999984,0.0,7.216449660063518e-16,0.0001050029494586784
affine_p2_n16_smooth,ok,27.71875,16.0,2.0,0.0,0.0,1.0,ofdg-kxrcf,256.0,2304.0,21.0,63.0,0.005,0.002461995616119798,0.002777999999999996,0.003281000000000089,0.1818439999999992,0.05089400000000044,0.02431399999999995,0.2570529999999998,0.0,7.216449660063518e-16,0.0001050029494586784
affine_p2_n16_smooth,ok,27.71875,16.0,2.0,0.0,0.0,1.0,dg,256.0,2304.0,31.0,93.0,0.005,0.002461995616119798,0.002777999999999996,0.0,0.2538910000000012,0.0,0.0,0.2538950000000006,0.0,7.216449660063518e-16,0.0001050029494586784
affine_p2_n16_smooth,ok,27.71875,16.0,2.0,0.0,0.0,1.0,ofdg,256.0,2304.0,21.0,63.0,0.005,0.002461995616119798,0.002777999999999996,0.001661000000000357,0.1737079999999991,0.0,0.07754499999999975,0.2512589999999992,0.0,3.33066907387547e-15,0.0001078564248906466
affine_p2_n16_smooth,ok,27.71875,16.0,2.0,0.0,0.0,2.0,dg,256.0,2304.0,30.0,90.0,0.005,0.002461995616119798,0.002777999999999996,0.0,0.2510550000000018,0.0,0.0,0.2510630000000011,0.0,7.216449660063518e-16,0.0001050029494586784
affine_p2_n16_smooth,ok,27.71875,16.0,2.0,0.0,0.0,2.0,ofdg,256.0,2304.0,21.0,63.0,0.005,0.002461995616119798,0.002777999999999996,0.001670999999999978,0.1738749999999984,0.0,0.07828600000000074,0.2521639999999996,0.0,3.33066907387547e-15,0.0001078564248906466
affine_p2_n16_smooth,ok,27.71875,16.0,2.0,0.0,0.0,2.0,ofdg-kxrcf,256.0,2304.0,23.0,69.0,0.005,0.002461995616119798,0.002777999999999996,0.00339199999999984,0.1890419999999997,0.04629400000000095,0.02406699999999828,0.2594079999999983,0.0,7.216449660063518e-16,0.0001050029494586784
affine_p2_n16_smooth,ok,27.71875,16.0,2.0,0.0,0.0,3.0,ofdg,256.0,2304.0,22.0,66.0,0.005,0.002461995616119798,0.002777999999999996,0.001698000000000199,0.1802309999999978,0.0,0.08062100000000161,0.2608619999999995,0.0,3.33066907387547e-15,0.0001078564248906466
affine_p2_n16_smooth,ok,27.71875,16.0,2.0,0.0,0.0,3.0,ofdg-kxrcf,256.0,2304.0,23.0,69.0,0.005,0.002461995616119798,0.002777999999999996,0.003360000000000252,0.1890660000000004,0.0465289999999996,0.02375000000000149,0.2593450000000015,0.0,7.216449660063518e-16,0.0001050029494586784
affine_p2_n16_smooth,ok,27.71875,16.0,2.0,0.0,0.0,3.0,dg,256.0,2304.0,28.0,84.0,0.005,0.002461995616119798,0.002777999999999996,0.0,0.2578519999999975,0.0,0.0,0.2578599999999982,0.0,7.216449660063518e-16,0.0001050029494586784
affine_p2_n16_smooth,ok,27.71875,16.0,2.0,0.0,0.0,4.0,ofdg-kxrcf,256.0,2304.0,23.0,69.0,0.005,0.002461995616119798,0.002777999999999996,0.003427999999999987,0.1895939999999978,0.04586800000000357,0.02406499999999756,0.2595299999999994,0.0,7.216449660063518e-16,0.0001050029494586784
affine_p2_n16_smooth,ok,27.71875,16.0,2.0,0.0,0.0,4.0,dg,256.0,2304.0,31.0,93.0,0.005,0.002461995616119798,0.002777999999999996,0.0,0.2568889999999975,0.0,0.0,0.256899999999999,0.0,7.216449660063518e-16,0.0001050029494586784
affine_p2_n16_smooth,ok,27.71875,16.0,2.0,0.0,0.0,4.0,ofdg,256.0,2304.0,22.0,66.0,0.005,0.002461995616119798,0.002777999999999996,0.001626999999999157,0.1804700000000032,0.0,0.08137799999999817,0.2618510000000018,0.0,3.33066907387547e-15,0.0001078564248906466
curved_p2_n16_smooth,ok,44.484375,16.0,2.0,1.0,0.0,-1.0,dg,256.0,2304.0,25.0,75.0,0.005,0.002461995616119798,0.005504000000000002,0.0,0.2508379999999998,0.0,0.0,0.2508409999999998,0.0,3.33066907387547e-16,0.0001933426968208761
curved_p2_n16_smooth,ok,44.484375,16.0,2.0,1.0,0.0,-1.0,ofdg,256.0,2304.0,15.0,45.0,0.005,0.002461995616119798,0.005504000000000002,0.067944,0.1526739999999996,0.0,0.1083170000000004,0.260995,0.0,7.16093850883226e-15,0.0002016723998688856
curved_p2_n16_smooth,ok,44.484375,16.0,2.0,1.0,0.0,-1.0,ofdg-kxrcf,256.0,2304.0,14.0,42.0,0.005,0.002461995616119798,0.005504000000000002,0.07412899999999989,0.1454229999999996,0.08000800000000041,0.02540799999999954,0.2508419999999997,56.0,3.608224830031759e-15,0.0001933626380441127
curved_p2_n16_smooth,ok,44.484375,16.0,2.0,1.0,0.0,0.0,ofdg,256.0,2304.0,13.0,39.0,0.005,0.002461995616119798,0.005504000000000002,0.06755500000000003,0.1384729999999994,0.0,0.1207320000000007,0.259209,0.0,7.16093850883226e-15,0.0002016723998688856
curved_p2_n16_smooth,ok,44.484375,16.0,2.0,1.0,0.0,0.0,ofdg-kxrcf,256.0,2304.0,15.0,45.0,0.005,0.002461995616119798,0.005504000000000002,0.0739669999999999,0.1528639999999992,0.08127400000000051,0.02667700000000073,0.2608170000000001,60.0,3.608224830031759e-15,0.0001933626380441127
curved_p2_n16_smooth,ok,44.484375,16.0,2.0,1.0,0.0,0.0,dg,256.0,2304.0,25.0,75.0,0.005,0.002461995616119798,0.005504000000000002,0.0,0.2540790000000004,0.0,0.0,0.2540840000000002,0.0,3.33066907387547e-16,0.0001933426968208761
curved_p2_n16_smooth,ok,44.484375,16.0,2.0,1.0,0.0,1.0,ofdg-kxrcf,256.0,2304.0,15.0,45.0,0.005,0.002461995616119798,0.005504000000000002,0.07403500000000007,0.1530849999999995,0.0827629999999977,0.02668200000000231,0.262532999999999,60.0,3.608224830031759e-15,0.0001933626380441127
curved_p2_n16_smooth,ok,44.484375,16.0,2.0,1.0,0.0,1.0,dg,256.0,2304.0,25.0,75.0,0.005,0.002461995616119798,0.005504000000000002,0.0,0.2560130000000003,0.0,0.0,0.2560150000000001,0.0,3.33066907387547e-16,0.0001933426968208761
curved_p2_n16_smooth,ok,44.484375,16.0,2.0,1.0,0.0,1.0,ofdg,256.0,2304.0,15.0,45.0,0.005,0.002461995616119798,0.005504000000000002,0.06761300000000015,0.1535799999999994,0.0,0.1088389999999997,0.2624219999999995,0.0,7.16093850883226e-15,0.0002016723998688856
curved_p2_n16_smooth,ok,44.484375,16.0,2.0,1.0,0.0,2.0,dg,256.0,2304.0,25.0,75.0,0.005,0.002461995616119798,0.005504000000000002,0.0,0.2583190000000006,0.0,0.0,0.2583240000000009,0.0,3.33066907387547e-16,0.0001933426968208761
curved_p2_n16_smooth,ok,44.484375,16.0,2.0,1.0,0.0,2.0,ofdg,256.0,2304.0,12.0,36.0,0.005,0.002461995616119798,0.005504000000000002,0.06819199999999981,0.125738999999998,0.0,0.1251000000000015,0.2508399999999997,0.0,7.16093850883226e-15,0.0002016723998688856
curved_p2_n16_smooth,ok,44.484375,16.0,2.0,1.0,0.0,2.0,ofdg-kxrcf,256.0,2304.0,15.0,45.0,0.005,0.002461995616119798,0.005504000000000002,0.07395599999999991,0.1548019999999983,0.0836600000000014,0.02751700000000135,0.2659830000000012,60.0,3.608224830031759e-15,0.0001933626380441127
curved_p2_n16_smooth,ok,44.484375,16.0,2.0,1.0,0.0,3.0,ofdg,256.0,2304.0,15.0,45.0,0.005,0.002461995616119798,0.005504000000000002,0.06836799999999998,0.1540929999999991,0.0,0.1105989999999983,0.2646939999999978,0.0,7.16093850883226e-15,0.0002016723998688856
curved_p2_n16_smooth,ok,44.484375,16.0,2.0,1.0,0.0,3.0,ofdg-kxrcf,256.0,2304.0,15.0,45.0,0.005,0.002461995616119798,0.005504000000000002,0.07364699999999935,0.1541229999999985,0.08499400000000179,0.02731100000000009,0.2664290000000005,60.0,3.608224830031759e-15,0.0001933626380441127
curved_p2_n16_smooth,ok,44.484375,16.0,2.0,1.0,0.0,3.0,dg,256.0,2304.0,25.0,75.0,0.005,0.002461995616119798,0.005504000000000002,0.0,0.2528429999999986,0.0,0.0,0.252845999999999,0.0,3.33066907387547e-16,0.0001933426968208761
curved_p2_n16_smooth,ok,44.484375,16.0,2.0,1.0,0.0,4.0,ofdg-kxrcf,256.0,2304.0,15.0,45.0,0.005,0.002461995616119798,0.005504000000000002,0.0745610000000001,0.1541580000000025,0.0829759999999986,0.02687799999999907,0.2640140000000004,60.0,3.608224830031759e-15,0.0001933626380441127
curved_p2_n16_smooth,ok,44.484375,16.0,2.0,1.0,0.0,4.0,dg,256.0,2304.0,25.0,75.0,0.005,0.002461995616119798,0.005504000000000002,0.0,0.2546610000000005,0.0,0.0,0.2546670000000013,0.0,3.33066907387547e-16,0.0001933426968208761
curved_p2_n16_smooth,ok,44.484375,16.0,2.0,1.0,0.0,4.0,ofdg,256.0,2304.0,15.0,45.0,0.005,0.002461995616119798,0.005504000000000002,0.0942810000000005,0.1513739999999997,0.0,0.1078660000000022,0.2592420000000022,0.0,7.16093850883226e-15,0.0002016723998688856
affine_p2_n32_smooth,ok,43.90625,32.0,2.0,0.0,0.0,-1.0,dg,1024.0,9216.0,5.0,25.0,0.005,0.001230997808059899,0.008378999999999998,0.0,0.2701569999999999,0.0,0.0,0.27016,0.0,7.438494264988549e-15,1.51700789876449e-05
affine_p2_n32_smooth,ok,43.90625,32.0,2.0,0.0,0.0,-1.0,ofdg,1024.0,9216.0,4.0,20.0,0.005,0.001230997808059899,0.008378999999999998,0.006550999999999974,0.2165299999999999,0.0,0.09871900000000011,0.31525,0.0,1.409983241273949e-14,1.548966993307278e-05
affine_p2_n32_smooth,ok,43.90625,32.0,2.0,0.0,0.0,-1.0,ofdg-kxrcf,1024.0,9216.0,4.0,20.0,0.005,0.001230997808059899,0.008378999999999998,0.01322800000000002,0.2169760000000004,0.05260199999999993,0.02840199999999971,0.29798,0.0,7.438494264988549e-15,1.51700789876449e-05
affine_p2_n32_smooth,ok,43.90625,32.0,2.0,0.0,0.0,0.0,ofdg,1024.0,9216.0,4.0,20.0,0.005,0.001230997808059899,0.008378999999999998,0.006727999999999956,0.2144410000000003,0.0,0.0983689999999996,0.3128140000000003,0.0,1.409983241273949e-14,1.548966993307278e-05
affine_p2_n32_smooth,ok,43.90625,32.0,2.0,0.0,0.0,0.0,ofdg-kxrcf,1024.0,9216.0,4.0,20.0,0.005,0.001230997808059899,0.008378999999999998,0.01332500000000003,0.2150760000000007,0.05229399999999962,0.02741399999999983,0.2947840000000002,0.0,7.438494264988549e-15,1.51700789876449e-05
affine_p2_n32_smooth,ok,43.90625,32.0,2.0,0.0,0.0,0.0,dg,1024.0,9216.0,5.0,25.0,0.005,0.001230997808059899,0.008378999999999998,0.0,0.2953879999999995,0.0,0.0,0.2953899999999998,0.0,7.438494264988549e-15,1.51700789876449e-05
affine_p2_n32_smooth,ok,43.90625,32.0,2.0,0.0,0.0,1.0,ofdg-kxrcf,1024.0,9216.0,4.0,20.0,0.005,0.001230997808059899,0.008378999999999998,0.01319900000000018,0.2154549999999995,0.05259899999999962,0.02761700000000045,0.2956709999999996,0.0,7.438494264988549e-15,1.51700789876449e-05
affine_p2_n32_smooth,ok,43.90625,32.0,2.0,0.0,0.0,1.0,dg,1024.0,9216.0,5.0,25.0,0.005,0.001230997808059899,0.008378999999999998,0.0,0.2717940000000003,0.0,0.0,0.2717940000000003,0.0,7.438494264988549e-15,1.51700789876449e-05
affine_p2_n32_smooth,ok,43.90625,32.0,2.0,0.0,0.0,1.0,ofdg,1024.0,9216.0,4.0,20.0,0.005,0.001230997808059899,0.008378999999999998,0.006464000000000247,0.2175220000000002,0.0,0.09851499999999946,0.3160379999999998,0.0,1.409983241273949e-14,1.548966993307278e-05
affine_p2_n32_smooth,ok,43.90625,32.0,2.0,0.0,0.0,2.0,dg,1024.0,9216.0,5.0,25.0,0.005,0.001230997808059899,0.008378999999999998,0.0,0.272383,0.0,0.0,0.2723859999999996,0.0,7.438494264988549e-15,1.51700789876449e-05
affine_p2_n32_smooth,ok,43.90625,32.0,2.0,0.0,0.0,2.0,ofdg,1024.0,9216.0,4.0,20.0,0.005,0.001230997808059899,0.008378999999999998,0.006601999999999997,0.21611,0.0,0.09801400000000005,0.3141259999999999,0.0,1.409983241273949e-14,1.548966993307278e-05
affine_p2_n32_smooth,ok,43.90625,32.0,2.0,0.0,0.0,2.0,ofdg-kxrcf,1024.0,9216.0,4.0,20.0,0.005,0.001230997808059899,0.008378999999999998,0.01334999999999997,0.2152279999999998,0.05217900000000153,0.02766499999999894,0.2950720000000002,0.0,7.438494264988549e-15,1.51700789876449e-05
affine_p2_n32_smooth,ok,43.90625,32.0,2.0,0.0,0.0,3.0,ofdg,1024.0,9216.0,3.0,15.0,0.005,0.001230997808059899,0.008378999999999998,0.006669999999999732,0.1774390000000015,0.0,0.08543799999999813,0.2628819999999998,0.0,1.409983241273949e-14,1.548966993307278e-05
affine_p2_n32_smooth,ok,43.90625,32.0,2.0,0.0,0.0,3.0,ofdg-kxrcf,1024.0,9216.0,4.0,20.0,0.005,0.001230997808059899,0.008378999999999998,0.0131319999999997,0.2169019999999966,0.05265800000000098,0.02787300000000226,0.2974339999999991,0.0,7.438494264988549e-15,1.51700789876449e-05
affine_p2_n32_smooth,ok,43.90625,32.0,2.0,0.0,0.0,3.0,dg,1024.0,9216.0,5.0,25.0,0.005,0.001230997808059899,0.008378999999999998,0.0,0.2695160000000012,0.0,0.0,0.2695170000000013,0.0,7.438494264988549e-15,1.51700789876449e-05
affine_p2_n32_smooth,ok,43.90625,32.0,2.0,0.0,0.0,4.0,ofdg-kxrcf,1024.0,9216.0,4.0,20.0,0.005,0.001230997808059899,0.008378999999999998,0.01301099999999966,0.2152320000000003,0.05208400000000246,0.02761399999999714,0.2949299999999999,0.0,7.438494264988549e-15,1.51700789876449e-05
affine_p2_n32_smooth,ok,43.90625,32.0,2.0,0.0,0.0,4.0,dg,1024.0,9216.0,5.0,25.0,0.005,0.001230997808059899,0.008378999999999998,9.999999992515995e-07,0.2720319999999994,0.0,0.0,0.2720339999999988,0.0,7.438494264988549e-15,1.51700789876449e-05
affine_p2_n32_smooth,ok,43.90625,32.0,2.0,0.0,0.0,4.0,ofdg,1024.0,9216.0,4.0,20.0,0.005,0.001230997808059899,0.008378999999999998,0.006614000000000786,0.2178180000000003,0.0,0.09840699999999991,0.3162270000000005,0.0,1.409983241273949e-14,1.548966993307278e-05
curved_p2_n32_smooth,ok,102.0,32.0,2.0,1.0,0.0,-1.0,dg,1024.0,9216.0,4.0,20.0,0.005,0.001230997808059899,0.023121,0.0,0.294201,0.0,0.0,0.2942049999999999,0.0,6.827871601444713e-15,2.767457654659695e-05
curved_p2_n32_smooth,ok,102.0,32.0,2.0,1.0,0.0,-1.0,ofdg,1024.0,9216.0,3.0,15.0,0.005,0.001230997808059899,0.023121,0.269273,0.204292,0.0,0.1478629999999997,0.3521579999999999,0.0,4.385380947269368e-15,2.83606704841469e-05
curved_p2_n32_smooth,ok,102.0,32.0,2.0,1.0,0.0,-1.0,ofdg-kxrcf,1024.0,9216.0,3.0,15.0,0.005,0.001230997808059899,0.023121,0.2937079999999999,0.2043169999999996,0.1130920000000002,0.03862399999999999,0.3560339999999997,60.0,4.6074255521944e-15,2.767508018779707e-05
curved_p2_n32_smooth,ok,102.0,32.0,2.0,1.0,0.0,0.0,ofdg,1024.0,9216.0,3.0,15.0,0.005,0.001230997808059899,0.023121,0.2678680000000002,0.2001299999999997,0.0,0.1451120000000001,0.3452439999999997,0.0,4.385380947269368e-15,2.83606704841469e-05
curved_p2_n32_smooth,ok,102.0,32.0,2.0,1.0,0.0,0.0,ofdg-kxrcf,1024.0,9216.0,3.0,15.0,0.005,0.001230997808059899,0.023121,0.2928140000000004,0.2022090000000007,0.1067430000000003,0.03810099999999927,0.3470530000000003,60.0,4.6074255521944e-15,2.767508018779707e-05
curved_p2_n32_smooth,ok,102.0,32.0,2.0,1.0,0.0,0.0,dg,1024.0,9216.0,4.0,20.0,0.005,0.001230997808059899,0.023121,0.0,0.2613530000000002,0.0,0.0,0.261355,0.0,6.827871601444713e-15,2.767457654659695e-05
curved_p2_n32_smooth,ok,102.0,32.0,2.0,1.0,0.0,1.0,ofdg-kxrcf,1024.0,9216.0,3.0,15.0,0.005,0.001230997808059899,0.023121,0.292065,0.2001519999999992,0.1156510000000024,0.0378669999999981,0.3536709999999998,60.0,4.6074255521944e-15,2.767508018779707e-05
curved_p2_n32_smooth,ok,102.0,32.0,2.0,1.0,0.0,1.0,dg,1024.0,9216.0,4.0,20.0,0.005,0.001230997808059899,0.023121,0.0,0.2643650000000015,0.0,0.0,0.264368000000001,0.0,6.827871601444713e-15,2.767457654659695e-05
curved_p2_n32_smooth,ok,102.0,32.0,2.0,1.0,0.0,1.0,ofdg,1024.0,9216.0,3.0,15.0,0.005,0.001230997808059899,0.023121,0.2988439999999999,0.1984299999999983,0.0,0.1495840000000008,0.3480169999999996,0.0,4.385380947269368e-15,2.83606704841469e-05
curved_p2_n32_smooth,ok,102.0,32.0,2.0,1.0,0.0,2.0,dg,1024.0,9216.0,4.0,20.0,0.005,0.001230997808059899,0.023121,0.0,0.2613979999999989,0.0,0.0,0.2614019999999995,0.0,6.827871601444713e-15,2.767457654659695e-05
curved_p2_n32_smooth,ok,102.0,32.0,2.0,1.0,0.0,2.0,ofdg,1024.0,9216.0,3.0,15.0,0.005,0.001230997808059899,0.023121,0.2680379999999998,0.2002120000000014,0.0,0.1442529999999964,0.3444699999999985,0.0,4.385380947269368e-15,2.83606704841469e-05
curved_p2_n32_smooth,ok,102.0,32.0,2.0,1.0,0.0,2.0,ofdg-kxrcf,1024.0,9216.0,3.0,15.0,0.005,0.001230997808059899,0.023121,0.2929240000000002,0.2037679999999993,0.1139400000000004,0.06176799999999982,0.3794779999999998,60.0,4.6074255521944e-15,2.767508018779707e-05
curved_p2_n32_smooth,ok,102.0,32.0,2.0,1.0,0.0,3.0,ofdg,1024.0,9216.0,3.0,15.0,0.005,0.001230997808059899,0.023121,0.2682569999999993,0.2014699999999978,0.0,0.1507630000000013,0.3522349999999994,0.0,4.385380947269368e-15,2.83606704841469e-05
curved_p2_n32_smooth,ok,102.0,32.0,2.0,1.0,0.0,3.0,ofdg-kxrcf,1024.0,9216.0,3.0,15.0,0.005,0.001230997808059899,0.023121,0.2928379999999997,0.2011070000000013,0.1126850000000017,0.03822499999999529,0.3520179999999975,60.0,4.6074255521944e-15,2.767508018779707e-05
curved_p2_n32_smooth,ok,102.0,32.0,2.0,1.0,0.0,3.0,dg,1024.0,9216.0,4.0,20.0,0.005,0.001230997808059899,0.023121,0.0,0.2677569999999996,0.0,0.0,0.2677589999999999,0.0,6.827871601444713e-15,2.767457654659695e-05
curved_p2_n32_smooth,ok,102.0,32.0,2.0,1.0,0.0,4.0,ofdg-kxrcf,1024.0,9216.0,2.0,10.0,0.005,0.001230997808059899,0.023121,0.2947649999999999,0.1654910000000012,0.0709660000000003,0.0256799999999977,0.2621379999999984,40.0,4.6074255521944e-15,2.767508018779707e-05
curved_p2_n32_smooth,ok,102.0,32.0,2.0,1.0,0.0,4.0,dg,1024.0,9216.0,4.0,20.0,0.005,0.001230997808059899,0.023121,0.0,0.2627710000000025,0.0,0.0,0.2627750000000013,0.0,6.827871601444713e-15,2.767457654659695e-05
curved_p2_n32_smooth,ok,102.0,32.0,2.0,1.0,0.0,4.0,ofdg,1024.0,9216.0,3.0,15.0,0.005,0.001230997808059899,0.023121,0.2709669999999988,0.2015329999999995,0.0,0.1550770000000004,0.3566149999999979,0.0,4.385380947269368e-15,2.83606704841469e-05
affine_p2_n64_smooth,ok,102.796875,64.0,2.0,0.0,0.0,-1.0,dg,4096.0,36864.0,1.0,9.0,0.005,0.0006154989040299496,0.03265299999999999,0.0,0.3963350000000001,0.0,0.0,0.396338,0.0,8.659739592076221e-15,2.327660448364983e-06
affine_p2_n64_smooth,ok,102.796875,64.0,2.0,0.0,0.0,-1.0,ofdg,4096.0,36864.0,1.0,9.0,0.005,0.0006154989040299496,0.03265299999999999,0.02604100000000009,0.4258770000000004,0.0,0.1812409999999998,0.607124,0.0,6.661338147750939e-15,2.396964479215863e-06
affine_p2_n64_smooth,ok,102.796875,64.0,2.0,0.0,0.0,-1.0,ofdg-kxrcf,4096.0,36864.0,1.0,9.0,0.005,0.0006154989040299496,0.03265299999999999,0.05299500000000013,0.3979080000000006,0.09810400000000019,0.04996599999999929,0.5459800000000001,0.0,8.659739592076221e-15,2.327660448364983e-06
affine_p2_n64_smooth,ok,102.796875,64.0,2.0,0.0,0.0,0.0,ofdg,4096.0,36864.0,1.0,9.0,0.005,0.0006154989040299496,0.03265299999999999,0.02611999999999992,0.397608,0.0,0.1828620000000001,0.5804750000000001,0.0,6.661338147750939e-15,2.396964479215863e-06
affine_p2_n64_smooth,ok,102.796875,64.0,2.0,0.0,0.0,0.0,ofdg-kxrcf,4096.0,36864.0,1.0,9.0,0.005,0.0006154989040299496,0.03265299999999999,0.05316799999999988,0.3960909999999993,0.09513000000000105,0.05056299999999991,0.5417860000000001,0.0,8.659739592076221e-15,2.327660448364983e-06
affine_p2_n64_smooth,ok,102.796875,64.0,2.0,0.0,0.0,0.0,dg,4096.0,36864.0,1.0,9.0,0.005,0.0006154989040299496,0.03265299999999999,0.0,0.386466,0.0,0.0,0.3864700000000001,0.0,8.659739592076221e-15,2.327660448364983e-06
affine_p2_n64_smooth,ok,102.796875,64.0,2.0,0.0,0.0,1.0,ofdg-kxrcf,4096.0,36864.0,1.0,9.0,0.005,0.0006154989040299496,0.03265299999999999,0.05272699999999997,0.3903120000000011,0.095831,0.04905499999999918,0.5351990000000004,0.0,8.659739592076221e-15,2.327660448364983e-06
affine_p2_n64_smooth,ok,102.796875,64.0,2.0,0.0,0.0,1.0,dg,4096.0,36864.0,1.0,9.0,0.005,0.0006154989040299496,0.03265299999999999,0.0,0.3867219999999998,0.0,0.0,0.3867219999999998,0.0,8.659739592076221e-15,2.327660448364983e-06
affine_p2_n64_smooth,ok,102.796875,64.0,2.0,0.0,0.0,1.0,ofdg,4096.0,36864.0,1.0,9.0,0.005,0.0006154989040299496,0.03265299999999999,0.02573799999999959,0.3925899999999984,0.0,0.1781780000000017,0.5707680000000002,0.0,6.661338147750939e-15,2.396964479215863e-06
affine_p2_n64_smooth,ok,102.796875,64.0,2.0,0.0,0.0,2.0,dg,4096.0,36864.0,1.0,9.0,0.005,0.0006154989040299496,0.03265299999999999,0.0,0.4101049999999997,0.0,0.0,0.4101059999999999,0.0,8.659739592076221e-15,2.327660448364983e-06
affine_p2_n64_smooth,ok,102.796875,64.0,2.0,0.0,0.0,2.0,ofdg,4096.0,36864.0,1.0,9.0,0.005,0.0006154989040299496,0.03265299999999999,0.02589000000000041,0.3939979999999981,0.0,0.1824150000000024,0.5764190000000005,0.0,6.661338147750939e-15,2.396964479215863e-06
affine_p2_n64_smooth,ok,102.796875,64.0,2.0,0.0,0.0,2.0,ofdg-kxrcf,4096.0,36864.0,1.0,9.0,0.005,0.0006154989040299496,0.03265299999999999,0.05317099999999986,0.3958829999999995,0.09705799999999964,0.05034200000000144,0.543285,0.0,8.659739592076221e-15,2.327660448364983e-06
affine_p2_n64_smooth,ok,102.796875,64.0,2.0,0.0,0.0,3.0,ofdg,4096.0,36864.0,1.0,9.0,0.005,0.0006154989040299496,0.03265299999999999,0.02573100000000039,0.4168030000000007,0.0,0.179257999999999,0.5960640000000001,0.0,6.661338147750939e-15,2.396964479215863e-06
affine_p2_n64_smooth,ok,102.796875,64.0,2.0,0.0,0.0,3.0,ofdg-kxrcf,4096.0,36864.0,1.0,9.0,0.005,0.0006154989040299496,0.03265299999999999,0.05242600000000053,0.3897960000000014,0.0963169999999991,0.04945799999999956,0.5355730000000003,0.0,8.659739592076221e-15,2.327660448364983e-06
affine_p2_n64_smooth,ok,102.796875,64.0,2.0,0.0,0.0,3.0,dg,4096.0,36864.0,1.0,9.0,0.005,0.0006154989040299496,0.03265299999999999,0.0,0.3952229999999997,0.0,0.0,0.3952249999999999,0.0,8.659739592076221e-15,2.327660448364983e-06
affine_p2_n64_smooth,ok,102.796875,64.0,2.0,0.0,0.0,4.0,ofdg-kxrcf,4096.0,36864.0,1.0,9.0,0.005,0.0006154989040299496,0.03265299999999999,0.05346999999999902,0.3928960000000004,0.09687300000000221,0.04904199999999648,0.538810999999999,0.0,8.659739592076221e-15,2.327660448364983e-06
affine_p2_n64_smooth,ok,102.796875,64.0,2.0,0.0,0.0,4.0,dg,4096.0,36864.0,1.0,9.0,0.005,0.0006154989040299496,0.03265299999999999,0.0,0.3898879999999991,0.0,0.0,0.3898879999999991,0.0,8.659739592076221e-15,2.327660448364983e-06
affine_p2_n64_smooth,ok,102.796875,64.0,2.0,0.0,0.0,4.0,ofdg,4096.0,36864.0,1.0,9.0,0.005,0.0006154989040299496,0.03265299999999999,0.04918099999999903,0.3891060000000035,0.0,0.1795049999999971,0.5686119999999999,0.0,6.661338147750939e-15,2.396964479215863e-06
curved_p2_n64_smooth,ok,226.203125,64.0,2.0,1.0,0.0,-1.0,dg,4096.0,36864.0,1.0,9.0,0.005,0.0006154989040299496,0.077794,0.0,0.472886,0.0,0.0,0.4728870000000001,0.0,2.681188604469753e-14,4.217985507848509e-06
curved_p2_n64_smooth,ok,226.203125,64.0,2.0,1.0,0.0,-1.0,ofdg,4096.0,36864.0,1.0,9.0,0.005,0.0006154989040299496,0.077794,1.102923,0.4850989999999995,0.0,0.3438690000000002,0.828973,0.0,2.919886554764162e-14,4.319431393087278e-06
curved_p2_n64_smooth,ok,226.203125,64.0,2.0,1.0,0.0,-1.0,ofdg-kxrcf,4096.0,36864.0,1.0,9.0,0.005,0.0006154989040299496,0.077794,1.199733,0.4722820000000008,0.2504549999999997,0.0851500000000005,0.8078880000000002,118.0,2.703393064962256e-14,4.217934337388661e-06
curved_p2_n64_smooth,ok,226.203125,64.0,2.0,1.0,0.0,0.0,ofdg,4096.0,36864.0,1.0,9.0,0.005,0.0006154989040299496,0.077794,1.101336,0.4888850000000007,0.0,0.3515159999999993,0.8404049999999996,0.0,2.919886554764162e-14,4.319431393087278e-06
curved_p2_n64_smooth,ok,226.203125,64.0,2.0,1.0,0.0,0.0,ofdg-kxrcf,4096.0,36864.0,1.0,9.0,0.005,0.0006154989040299496,0.077794,1.199120000000001,0.4766700000000004,0.248796000000004,0.0855159999999966,0.810982000000001,118.0,2.703393064962256e-14,4.217934337388661e-06
curved_p2_n64_smooth,ok,226.203125,64.0,2.0,1.0,0.0,0.0,dg,4096.0,36864.0,1.0,9.0,0.005,0.0006154989040299496,0.077794,9.999999992515995e-07,0.4726739999999996,0.0,0.0,0.4726749999999988,0.0,2.681188604469753e-14,4.217985507848509e-06
curved_p2_n64_smooth,ok,226.203125,64.0,2.0,1.0,0.0,1.0,ofdg-kxrcf,4096.0,36864.0,1.0,9.0,0.005,0.0006154989040299496,0.077794,1.169099000000001,0.4761260000000007,0.2532249999999987,0.08414300000000097,0.8134949999999996,118.0,2.703393064962256e-14,4.217934337388661e-06
curved_p2_n64_smooth,ok,226.203125,64.0,2.0,1.0,0.0,1.0,dg,4096.0,36864.0,1.0,9.0,0.005,0.0006154989040299496,0.077794,0.0,0.4745799999999996,0.0,0.0,0.4745810000000006,0.0,2.681188604469753e-14,4.217985507848509e-06
curved_p2_n64_smooth,ok,226.203125,64.0,2.0,1.0,0.0,1.0,ofdg,4096.0,36864.0,1.0,9.0,0.005,0.0006154989040299496,0.077794,1.069332000000001,0.497954,0.0,0.3650369999999992,0.8629949999999997,0.0,2.919886554764162e-14,4.319431393087278e-06
curved_p2_n64_smooth,ok,226.203125,64.0,2.0,1.0,0.0,2.0,dg,4096.0,36864.0,1.0,9.0,0.005,0.0006154989040299496,0.077794,0.0,0.4745300000000015,0.0,0.0,0.474532,0.0,2.681188604469753e-14,4.217985507848509e-06
curved_p2_n64_smooth,ok,226.203125,64.0,2.0,1.0,0.0,2.0,ofdg,4096.0,36864.0,1.0,9.0,0.005,0.0006154989040299496,0.077794,1.099912000000002,0.4829900000000009,0.0,0.3469690000000014,0.8299599999999998,0.0,2.919886554764162e-14,4.319431393087278e-06
curved_p2_n64_smooth,ok,226.203125,64.0,2.0,1.0,0.0,2.0,ofdg-kxrcf,4096.0,36864.0,1.0,9.0,0.005,0.0006154989040299496,0.077794,1.197689,0.4798039999999943,0.2479349999999947,0.08823500000000806,0.8159759999999991,118.0,2.703393064962256e-14,4.217934337388661e-06
curved_p2_n64_smooth,ok,226.203125,64.0,2.0,1.0,0.0,3.0,ofdg,4096.0,36864.0,1.0,9.0,0.005,0.0006154989040299496,0.077794,1.096967000000003,0.4943989999999978,0.0,0.3496300000000048,0.8440359999999991,0.0,2.919886554764162e-14,4.319431393087278e-06
curved_p2_n64_smooth,ok,226.203125,64.0,2.0,1.0,0.0,3.0,ofdg-kxrcf,4096.0,36864.0,1.0,9.0,0.005,0.0006154989040299496,0.077794,1.19604,0.4854889999999941,0.2507920000000041,0.0850200000000001,0.8213019999999993,118.0,2.703393064962256e-14,4.217934337388661e-06
curved_p2_n64_smooth,ok,226.203125,64.0,2.0,1.0,0.0,3.0,dg,4096.0,36864.0,1.0,9.0,0.005,0.0006154989040299496,0.077794,1.000000001027956e-06,0.4739230000000028,0.0,0.0,0.4739250000000013,0.0,2.681188604469753e-14,4.217985507848509e-06
curved_p2_n64_smooth,ok,226.203125,64.0,2.0,1.0,0.0,4.0,ofdg-kxrcf,4096.0,36864.0,1.0,9.0,0.005,0.0006154989040299496,0.077794,1.221347999999999,0.4794209999999985,0.2545299999999955,0.08560100000000759,0.8195530000000026,118.0,2.703393064962256e-14,4.217934337388661e-06
curved_p2_n64_smooth,ok,226.203125,64.0,2.0,1.0,0.0,4.0,dg,4096.0,36864.0,1.0,9.0,0.005,0.0006154989040299496,0.077794,1.000000001027956e-06,0.4987370000000055,0.0,0.0,0.498742,0.0,2.681188604469753e-14,4.217985507848509e-06
curved_p2_n64_smooth,ok,226.203125,64.0,2.0,1.0,0.0,4.0,ofdg,4096.0,36864.0,1.0,9.0,0.005,0.0006154989040299496,0.077794,1.071141000000001,0.4738079999999947,0.0,0.3711940000000062,0.8450050000000005,0.0,2.919886554764162e-14,4.319431393087278e-06
affine_p2_n128_smooth,ok,261.3125,128.0,2.0,0.0,0.0,-1.0,dg,16384.0,147456.0,1.0,17.0,0.005,0.0003077494520149748,0.12864,0.0,2.995242,0.0,0.0,2.995246,0.0,7.360778653264788e-14,3.563853007147598e-07
affine_p2_n128_smooth,ok,261.3125,128.0,2.0,0.0,0.0,-1.0,ofdg,16384.0,147456.0,1.0,17.0,0.005,0.0003077494520149748,0.12864,0.1051519999999999,3.045617,0.0,1.407952999999999,4.453578,0.0,7.982503547054876e-14,3.692544111353287e-07
affine_p2_n128_smooth,ok,261.3125,128.0,2.0,0.0,0.0,-1.0,ofdg-kxrcf,16384.0,147456.0,1.0,17.0,0.005,0.0003077494520149748,0.12864,0.2464459999999997,3.158274999999996,0.7642900000000008,0.3860630000000036,4.308631,0.0,7.360778653264788e-14,3.563853007147598e-07
affine_p2_n128_smooth,ok,261.3125,128.0,2.0,0.0,0.0,0.0,ofdg,16384.0,147456.0,1.0,17.0,0.005,0.0003077494520149748,0.12864,0.1044309999999999,3.200556000000001,0.0,1.423387999999999,4.623947000000001,0.0,7.982503547054876e-14,3.692544111353287e-07
affine_p2_n128_smooth,ok,261.3125,128.0,2.0,0.0,0.0,0.0,ofdg-kxrcf,16384.0,147456.0,1.0,17.0,0.005,0.0003077494520149748,0.12864,0.2115170000000006,3.118146999999997,0.7692430000000066,0.3799539999999979,4.267344999999999,0.0,7.360778653264788e-14,3.563853007147598e-07
affine_p2_n128_smooth,ok,261.3125,128.0,2.0,0.0,0.0,0.0,dg,16384.0,147456.0,1.0,17.0,0.005,0.0003077494520149748,0.12864,0.0,3.034372999999999,0.0,0.0,3.034378,0.0,7.360778653264788e-14,3.563853007147598e-07
affine_p2_n128_smooth,ok,261.3125,128.0,2.0,0.0,0.0,1.0,ofdg-kxrcf,16384.0,147456.0,1.0,17.0,0.005,0.0003077494520149748,0.12864,0.2393239999999999,3.058599000000005,0.7398629999999997,0.4180999999999955,4.216567000000001,0.0,7.360778653264788e-14,3.563853007147598e-07
affine_p2_n128_smooth,ok,261.3125,128.0,2.0,0.0,0.0,1.0,dg,16384.0,147456.0,1.0,17.0,0.005,0.0003077494520149748,0.12864,0.0,3.027957000000001,0.0,0.0,3.027964000000001,0.0,7.360778653264788e-14,3.563853007147598e-07
affine_p2_n128_smooth,ok,261.3125,128.0,2.0,0.0,0.0,1.0,ofdg,16384.0,147456.0,1.0,17.0,0.005,0.0003077494520149748,0.12864,0.1062549999999973,3.115260000000028,0.0,1.397522999999978,4.512790000000003,0.0,7.982503547054876e-14,3.692544111353287e-07
affine_p2_n128_smooth,ok,261.3125,128.0,2.0,0.0,0.0,2.0,dg,16384.0,147456.0,1.0,17.0,0.005,0.0003077494520149748,0.12864,0.0,3.050404000000007,0.0,0.0,3.050409000000002,0.0,7.360778653264788e-14,3.563853007147598e-07
affine_p2_n128_smooth,ok,261.3125,128.0,2.0,0.0,0.0,2.0,ofdg,16384.0,147456.0,1.0,17.0,0.005,0.0003077494520149748,0.12864,0.1068339999999992,3.179554999999986,0.0,1.449235000000009,4.628796999999999,0.0,7.982503547054876e-14,3.692544111353287e-07
affine_p2_n128_smooth,ok,261.3125,128.0,2.0,0.0,0.0,2.0,ofdg-kxrcf,16384.0,147456.0,1.0,17.0,0.005,0.0003077494520149748,0.12864,0.2180359999999979,3.101892000000007,0.7597939999999852,0.3891650000000055,4.250852000000002,0.0,7.360778653264788e-14,3.563853007147598e-07
affine_p2_n128_smooth,ok,261.3125,128.0,2.0,0.0,0.0,3.0,ofdg,16384.0,147456.0,1.0,17.0,0.005,0.0003077494520149748,0.12864,0.1058019999999971,3.125291999999995,0.0,1.395806000000007,4.52111,0.0,7.982503547054876e-14,3.692544111353287e-07
affine_p2_n128_smooth,ok,261.3125,128.0,2.0,0.0,0.0,3.0,ofdg-kxrcf,16384.0,147456.0,1.0,17.0,0.005,0.0003077494520149748,0.12864,0.2133200000000031,3.031768999999997,0.724133000000009,0.3796249999999901,4.135528999999998,0.0,7.360778653264788e-14,3.563853007147598e-07
affine_p2_n128_smooth,ok,261.3125,128.0,2.0,0.0,0.0,3.0,dg,16384.0,147456.0,1.0,17.0,0.005,0.0003077494520149748,0.12864,0.0,3.041600999999993,0.0,0.0,3.041606999999999,0.0,7.360778653264788e-14,3.563853007147598e-07
affine_p2_n128_smooth,ok,261.3125,128.0,2.0,0.0,0.0,4.0,ofdg-kxrcf,16384.0,147456.0,1.0,17.0,0.005,0.0003077494520149748,0.12864,0.2142160000000004,3.093468999999999,0.7562580000000025,0.3910219999999924,4.240750999999996,0.0,7.360778653264788e-14,3.563853007147598e-07
affine_p2_n128_smooth,ok,261.3125,128.0,2.0,0.0,0.0,4.0,dg,16384.0,147456.0,1.0,17.0,0.005,0.0003077494520149748,0.12864,9.999999974752427e-07,3.028448000000012,0.0,0.0,3.028450000000007,0.0,7.360778653264788e-14,3.563853007147598e-07
affine_p2_n128_smooth,ok,261.3125,128.0,2.0,0.0,0.0,4.0,ofdg,16384.0,147456.0,1.0,17.0,0.005,0.0003077494520149748,0.12864,0.1053110000000004,3.10994700000002,0.0,1.42214399999996,4.532097999999991,0.0,7.982503547054876e-14,3.692544111353287e-07
curved_p2_n128_smooth,ok,710.171875,128.0,2.0,1.0,0.0,-1.0,dg,16384.0,147456.0,1.0,17.0,0.005,0.0003077494520149748,0.305137,0.0,3.733184,0.0,0.0,3.733191,0.0,3.219646771412954e-15,6.50698955292658e-07
curved_p2_n128_smooth,ok,710.171875,128.0,2.0,1.0,0.0,-1.0,ofdg,16384.0,147456.0,1.0,17.0,0.005,0.0003077494520149748,0.305137,4.387738,4.079505999999997,0.0,2.799619000000002,6.879131000000001,0.0,1.781907954523376e-14,6.700713086209536e-07
curved_p2_n128_smooth,ok,710.171875,128.0,2.0,1.0,0.0,-1.0,ofdg-kxrcf,16384.0,147456.0,1.0,17.0,0.005,0.0003077494520149748,0.305137,4.776360999999998,3.724383000000007,1.979744999999994,0.6818819999999981,6.386013000000002,926.0,4.107825191113079e-15,6.506904534120762e-07
curved_p2_n128_smooth,ok,710.171875,128.0,2.0,1.0,0.0,0.0,ofdg,16384.0,147456.0,1.0,17.0,0.005,0.0003077494520149748,0.305137,4.357268000000001,4.068527999999993,0.0,2.77887800000002,6.847422000000002,0.0,1.781907954523376e-14,6.700713086209536e-07
curved_p2_n128_smooth,ok,710.171875,128.0,2.0,1.0,0.0,0.0,ofdg-kxrcf,16384.0,147456.0,1.0,17.0,0.005,0.0003077494520149748,0.305137,4.762546,3.774852999999993,1.990354000000004,0.7118779999999987,6.477086999999997,926.0,4.107825191113079e-15,6.506904534120762e-07
curved_p2_n128_smooth,ok,710.171875,128.0,2.0,1.0,0.0,0.0,dg,16384.0,147456.0,1.0,17.0,0.005,0.0003077494520149748,0.305137,0.0,3.669605000000004,0.0,0.0,3.669609999999999,0.0,3.219646771412954e-15,6.50698955292658e-07
curved_p2_n128_smooth,ok,710.171875,128.0,2.0,1.0,0.0,1.0,ofdg-kxrcf,16384.0,147456.0,1.0,17.0,0.005,0.0003077494520149748,0.305137,4.777692999999999,3.684452000000014,1.925655999999996,0.6689719999999895,6.279083,926.0,4.107825191113079e-15,6.506904534120762e-07
curved_p2_n128_smooth,ok,710.171875,128.0,2.0,1.0,0.0,1.0,dg,16384.0,147456.0,1.0,17.0,0.005,0.0003077494520149748,0.305137,9.999999974752427e-07,3.624624000000011,0.0,0.0,3.624628000000001,0.0,3.219646771412954e-15,6.50698955292658e-07
curved_p2_n128_smooth,ok,710.171875,128.0,2.0,1.0,0.0,1.0,ofdg,16384.0,147456.0,1.0,17.0,0.005,0.0003077494520149748,0.305137,4.382326999999989,4.091731000000024,0.0,2.818396999999962,6.910139999999998,0.0,1.781907954523376e-14,6.700713086209536e-07
curved_p2_n128_smooth,ok,710.171875,128.0,2.0,1.0,0.0,2.0,dg,16384.0,147456.0,1.0,17.0,0.005,0.0003077494520149748,0.305137,0.0,3.686401000000004,0.0,0.0,3.686408,0.0,3.219646771412954e-15,6.50698955292658e-07
curved_p2_n128_smooth,ok,710.171875,128.0,2.0,1.0,0.0,2.0,ofdg,16384.0,147456.0,1.0,17.0,0.005,0.0003077494520149748,0.305137,4.360385999999991,4.038544999999999,0.0,2.804246999999989,6.842801000000009,0.0,1.781907954523376e-14,6.700713086209536e-07
curved_p2_n128_smooth,ok,710.171875,128.0,2.0,1.0,0.0,2.0,ofdg-kxrcf,16384.0,147456.0,1.0,17.0,0.005,0.0003077494520149748,0.305137,4.752065000000002,3.660572000000002,1.992769999999979,0.6693150000000117,6.32265799999999,926.0,4.107825191113079e-15,6.506904534120762e-07
curved_p2_n128_smooth,ok,710.171875,128.0,2.0,1.0,0.0,3.0,ofdg,16384.0,147456.0,1.0,17.0,0.005,0.0003077494520149748,0.305137,4.399874999999994,3.882958000000002,0.0,2.822880999999981,6.705849999999998,0.0,1.781907954523376e-14,6.700713086209536e-07
curved_p2_n128_smooth,ok,710.171875,128.0,2.0,1.0,0.0,3.0,ofdg-kxrcf,16384.0,147456.0,1.0,17.0,0.005,0.0003077494520149748,0.305137,4.751788999999988,3.720386000000019,1.922017000000011,0.6727639999999724,6.315170999999992,926.0,4.107825191113079e-15,6.506904534120762e-07
curved_p2_n128_smooth,ok,710.171875,128.0,2.0,1.0,0.0,3.0,dg,16384.0,147456.0,1.0,17.0,0.005,0.0003077494520149748,0.305137,1.000000025896952e-06,3.725117999999981,0.0,0.0,3.725121000000001,0.0,3.219646771412954e-15,6.50698955292658e-07
curved_p2_n128_smooth,ok,710.171875,128.0,2.0,1.0,0.0,4.0,ofdg-kxrcf,16384.0,147456.0,1.0,17.0,0.005,0.0003077494520149748,0.305137,4.857126999999991,3.686931999999985,1.98476500000001,0.6595210000000122,6.331220999999999,926.0,4.107825191113079e-15,6.506904534120762e-07
curved_p2_n128_smooth,ok,710.171875,128.0,2.0,1.0,0.0,4.0,dg,16384.0,147456.0,1.0,17.0,0.005,0.0003077494520149748,0.305137,0.0,3.700035999999983,0.0,0.0,3.700040999999999,0.0,3.219646771412954e-15,6.50698955292658e-07
curved_p2_n128_smooth,ok,710.171875,128.0,2.0,1.0,0.0,4.0,ofdg,16384.0,147456.0,1.0,17.0,0.005,0.0003077494520149748,0.305137,4.350687999999991,4.012661999999949,0.0,2.795439000000073,6.808108000000004,0.0,1.781907954523376e-14,6.700713086209536e-07
affine_p1_n16_smooth,ok,23.28125,16.0,1.0,0.0,0.0,-1.0,dg,256.0,1024.0,54.0,108.0,0.005,0.00410332602686633,0.004381999999999997,0.0,0.2513269999999999,0.0,0.0,0.2513349999999999,0.0,1.665334536937735e-16,0.002983813195166209
affine_p1_n16_smooth,ok,23.28125,16.0,1.0,0.0,0.0,-1.0,ofdg,256.0,1024.0,41.0,82.0,0.005,0.00410332602686633,0.004381999999999997,0.001627000000000045,0.1713569999999999,0.0,0.08261399999999985,0.2539759999999999,0.0,7.216449660063518e-16,0.003081275200092675
affine_p1_n16_smooth,ok,23.28125,16.0,1.0,0.0,0.0,-1.0,ofdg-kxrcf,256.0,1024.0,42.0,84.0,0.005,0.00410332602686633,0.004381999999999997,0.003033999999999981,0.1737569999999996,0.04649400000000026,0.03190000000000015,0.2521549999999999,1344.0,5.551115123125783e-17,0.002984871658010745
affine_p1_n16_smooth,ok,23.28125,16.0,1.0,0.0,0.0,0.0,ofdg,256.0,1024.0,41.0,82.0,0.005,0.00410332602686633,0.004381999999999997,0.001572999999999936,0.1717349999999994,0.0,0.08268600000000048,0.2544250000000001,0.0,7.216449660063518e-16,0.003081275200092675
affine_p1_n16_smooth,ok,23.28125,16.0,1.0,0.0,0.0,0.0,ofdg-kxrcf,256.0,1024.0,41.0,82.0,0.005,0.00410332602686633,0.004381999999999997,0.003006999999999982,0.1720159999999986,0.04624900000000132,0.03244999999999965,0.2507159999999997,1312.0,5.551115123125783e-17,0.002984871658010745
affine_p1_n16_smooth,ok,23.28125,16.0,1.0,0.0,0.0,0.0,dg,256.0,1024.0,61.0,122.0,0.005,0.00410332602686633,0.004381999999999997,0.0,0.2516489999999991,0.0,0.0,0.2516629999999989,0.0,1.665334536937735e-16,0.002983813195166209
affine_p1_n16_smooth,ok,23.28125,16.0,1.0,0.0,0.0,1.0,ofdg-kxrcf,256.0,1024.0,42.0,84.0,0.005,0.00410332602686633,0.004381999999999997,0.003039000000000236,0.1739210000000011,0.04678399999999927,0.03205999999999865,0.2527659999999992,1344.0,5.551115123125783e-17,0.002984871658010745
affine_p1_n16_smooth,ok,23.28125,16.0,1.0,0.0,0.0,1.0,dg,256.0,1024.0,61.0,122.0,0.005,0.00410332602686633,0.004381999999999997,0.0,0.2516299999999998,0.0,0.0,0.2516430000000005,0.0,1.665334536937735e-16,0.002983813195166209
affine_p1_n16_smooth,ok,23.28125,16.0,1.0,0.0,0.0,1.0,ofdg,256.0,1024.0,38.0,76.0,0.005,0.00410332602686633,0.004381999999999997,0.001565999999999956,0.179331000000003,0.0,0.0766759999999973,0.2560089999999997,0.0,7.216449660063518e-16,0.003081275200092675
affine_p1_n16_smooth,ok,23.28125,16.0,1.0,0.0,0.0,2.0,dg,256.0,1024.0,61.0,122.0,0.005,0.00410332602686633,0.004381999999999997,0.0,0.2517169999999993,0.0,0.0,0.251728,0.0,1.665334536937735e-16,0.002983813195166209
affine_p1_n16_smooth,ok,23.28125,16.0,1.0,0.0,0.0,2.0,ofdg,256.0,1024.0,41.0,82.0,0.005,0.00410332602686633,0.004381999999999997,0.001568999999999932,0.1688309999999995,0.0,0.08293500000000087,0.2517710000000011,0.0,7.216449660063518e-16,0.003081275200092675
affine_p1_n16_smooth,ok,23.28125,16.0,1.0,0.0,0.0,2.0,ofdg-kxrcf,256.0,1024.0,42.0,84.0,0.005,0.00410332602686633,0.004381999999999997,0.003027000000000335,0.1737860000000011,0.04648799999999964,0.03232900000000116,0.2526050000000017,1344.0,5.551115123125783e-17,0.002984871658010745
affine_p1_n16_smooth,ok,23.28125,16.0,1.0,0.0,0.0,3.0,ofdg,256.0,1024.0,41.0,82.0,0.005,0.00410332602686633,0.004381999999999997,0.001516000000000073,0.1696060000000017,0.0,0.08230899999999819,0.2519229999999992,0.0,7.216449660063518e-16,0.003081275200092675
affine_p1_n16_smooth,ok,23.28125,16.0,1.0,0.0,0.0,3.0,ofdg-kxrcf,256.0,1024.0,42.0,84.0,0.005,0.00410332602686633,0.004381999999999997,0.002990000000000492,0.1756450000000012,0.04683800000000105,0.03265499999999788,0.2551400000000004,1344.0,5.551115123125783e-17,0.002984871658010745
affine_p1_n16_smooth,ok,23.28125,16.0,1.0,0.0,0.0,3.0,dg,256.0,1024.0,61.0,122.0,0.005,0.00410332602686633,0.004381999999999997,0.0,0.2505230000000003,0.0,0.0,0.2505340000000005,0.0,1.665334536937735e-16,0.002983813195166209
affine_p1_n16_smooth,ok,23.28125,16.0,1.0,0.0,0.0,4.0,ofdg-kxrcf,256.0,1024.0,42.0,84.0,0.005,0.00410332602686633,0.004381999999999997,0.003024999999999611,0.1750560000000005,0.0471359999999974,0.03302500000000252,0.2552180000000006,1344.0,5.551115123125783e-17,0.002984871658010745
affine_p1_n16_smooth,ok,23.28125,16.0,1.0,0.0,0.0,4.0,dg,256.0,1024.0,55.0,110.0,0.005,0.00410332602686633,0.004381999999999997,0.0,0.2504190000000026,0.0,0.0,0.2504290000000013,0.0,1.665334536937735e-16,0.002983813195166209
affine_p1_n16_smooth,ok,23.28125,16.0,1.0,0.0,0.0,4.0,ofdg,256.0,1024.0,41.0,82.0,0.005,0.00410332602686633,0.004381999999999997,0.001507999999999399,0.1692830000000036,0.0,0.08228499999999705,0.2515720000000012,0.0,7.216449660063518e-16,0.003081275200092675
curved_p1_n16_smooth,ok,32.328125,16.0,1.0,1.0,0.0,-1.0,dg,256.0,1024.0,49.0,98.0,0.005,0.00410332602686633,0.004061000000000002,0.0,0.251148,0.0,0.0,0.2511549999999999,0.0,4.6074255521944e-15,0.003734428967776115
curved_p1_n16_smooth,ok,32.328125,16.0,1.0,1.0,0.0,-1.0,ofdg,256.0,1024.0,27.0,54.0,0.005,0.00410332602686633,0.004061000000000002,0.03620099999999993,0.141499,0.0,0.1163390000000002,0.2578420000000001,0.0,2.775557561562891e-15,0.003865638227818746
curved_p1_n16_smooth,ok,32.328125,16.0,1.0,1.0,0.0,-1.0,ofdg-kxrcf,256.0,1024.0,25.0,50.0,0.005,0.00410332602686633,0.004061000000000002,0.04160599999999992,0.1318539999999995,0.09259800000000051,0.03343199999999991,0.2578839999999999,700.0,4.385380947269368e-15,0.003735292359252503
curved_p1_n16_smooth,ok,32.328125,16.0,1.0,1.0,0.0,0.0,ofdg,256.0,1024.0,27.0,54.0,0.005,0.00410332602686633,0.004061000000000002,0.03613200000000005,0.1429750000000003,0.0,0.1162919999999985,0.259270999999999,0.0,2.775557561562891e-15,0.003865638227818746
curved_p1_n16_smooth,ok,32.328125,16.0,1.0,1.0,0.0,0.0,ofdg-kxrcf,256.0,1024.0,24.0,48.0,0.005,0.00410332602686633,0.004061000000000002,0.04092600000000002,0.1444119999999995,0.1005159999999996,0.03195800000000082,0.2768879999999998,672.0,4.385380947269368e-15,0.003735292359252503
curved_p1_n16_smooth,ok,32.328125,16.0,1.0,1.0,0.0,0.0,dg,256.0,1024.0,50.0,100.0,0.005,0.00410332602686633,0.004061000000000002,0.0,0.251298,0.0,0.0,0.2513109999999998,0.0,4.6074255521944e-15,0.003734428967776115
curved_p1_n16_smooth,ok,32.328125,16.0,1.0,1.0,0.0,1.0,ofdg-kxrcf,256.0,1024.0,25.0,50.0,0.005,0.00410332602686633,0.004061000000000002,0.04111700000000007,0.1312969999999998,0.09489099999999961,0.03350100000000067,0.2596890000000001,700.0,4.385380947269368e-15,0.003735292359252503
curved_p1_n16_smooth,ok,32.328125,16.0,1.0,1.0,0.0,1.0,dg,256.0,1024.0,50.0,100.0,0.005,0.00410332602686633,0.004061000000000002,0.0,0.2502290000000018,0.0,0.0,0.2502350000000018,0.0,4.6074255521944e-15,0.003734428967776115
curved_p1_n16_smooth,ok,32.328125,16.0,1.0,1.0,0.0,1.0,ofdg,256.0,1024.0,26.0,52.0,0.005,0.00410332602686633,0.004061000000000002,0.03640600000000038,0.1388140000000018,0.0,0.1114389999999994,0.2502590000000011,0.0,2.775557561562891e-15,0.003865638227818746
curved_p1_n16_smooth,ok,32.328125,16.0,1.0,1.0,0.0,2.0,dg,256.0,1024.0,50.0,100.0,0.005,0.00410332602686633,0.004061000000000002,0.0,0.2542049999999989,0.0,0.0,0.2542139999999988,0.0,4.6074255521944e-15,0.003734428967776115
curved_p1_n16_smooth,ok,32.328125,16.0,1.0,1.0,0.0,2.0,ofdg,256.0,1024.0,26.0,52.0,0.005,0.00410332602686633,0.004061000000000002,0.03603999999999985,0.1372379999999995,0.0,0.1130730000000004,0.2503170000000003,0.0,2.775557561562891e-15,0.003865638227818746
curved_p1_n16_smooth,ok,32.328125,16.0,1.0,1.0,0.0,2.0,ofdg-kxrcf,256.0,1024.0,25.0,50.0,0.005,0.00410332602686633,0.004061000000000002,0.04102199999999989,0.1306819999999997,0.0918420000000002,0.0326499999999994,0.2551749999999995,700.0,4.385380947269368e-15,0.003735292359252503
curved_p1_n16_smooth,ok,32.328125,16.0,1.0,1.0,0.0,3.0,ofdg,256.0,1024.0,24.0,48.0,0.005,0.00410332602686633,0.004061000000000002,0.03602600000000011,0.1362739999999985,0.0,0.1173080000000004,0.2535859999999994,0.0,2.775557561562891e-15,0.003865638227818746
curved_p1_n16_smooth,ok,32.328125,16.0,1.0,1.0,0.0,3.0,ofdg-kxrcf,256.0,1024.0,25.0,50.0,0.005,0.00410332602686633,0.004061000000000002,0.04113100000000003,0.131818,0.09328199999999853,0.03341700000000358,0.2585170000000021,700.0,4.385380947269368e-15,0.003735292359252503
curved_p1_n16_smooth,ok,32.328125,16.0,1.0,1.0,0.0,3.0,dg,256.0,1024.0,50.0,100.0,0.005,0.00410332602686633,0.004061000000000002,0.0,0.2534099999999988,0.0,0.0,0.2534249999999991,0.0,4.6074255521944e-15,0.003734428967776115
curved_p1_n16_smooth,ok,32.328125,16.0,1.0,1.0,0.0,4.0,ofdg-kxrcf,256.0,1024.0,25.0,50.0,0.005,0.00410332602686633,0.004061000000000002,0.041296,0.1305200000000006,0.0928299999999993,0.0330579999999987,0.2564089999999988,700.0,4.385380947269368e-15,0.003735292359252503
curved_p1_n16_smooth,ok,32.328125,16.0,1.0,1.0,0.0,4.0,dg,256.0,1024.0,50.0,100.0,0.005,0.00410332602686633,0.004061000000000002,0.0,0.2534699999999983,0.0,0.0,0.2534779999999985,0.0,4.6074255521944e-15,0.003734428967776115
curved_p1_n16_smooth,ok,32.328125,16.0,1.0,1.0,0.0,4.0,ofdg,256.0,1024.0,27.0,54.0,0.005,0.00410332602686633,0.004061000000000002,0.03583099999999995,0.1419249999999996,0.0,0.1140509999999981,0.2559799999999983,0.0,2.775557561562891e-15,0.003865638227818746
affine_p1_n32_smooth,ok,29.265625,32.0,1.0,0.0,0.0,-1.0,dg,1024.0,4096.0,11.0,33.0,0.005,0.002051663013433165,0.004926,1.000000000001e-06,0.272714,0.0,0.0,0.272716,0.0,7.771561172376096e-16,0.0007950414933084461
affine_p1_n32_smooth,ok,29.265625,32.0,1.0,0.0,0.0,-1.0,ofdg,1024.0,4096.0,7.0,21.0,0.005,0.002051663013433165,0.004926,0.006093000000000015,0.1851479999999998,0.0,0.09821200000000002,0.2833619999999998,0.0,1.110223024625157e-15,0.0008145698270639633
affine_p1_n32_smooth,ok,29.265625,32.0,1.0,0.0,0.0,-1.0,ofdg-kxrcf,1024.0,4096.0,7.0,21.0,0.005,0.002051663013433165,0.004926,0.01215500000000003,0.1734180000000001,0.04729199999999989,0.0316430000000002,0.2523550000000002,1568.0,2.109423746787797e-15,0.0007955702330211449
affine_p1_n32_smooth,ok,29.265625,32.0,1.0,0.0,0.0,0.0,ofdg,1024.0,4096.0,7.0,21.0,0.005,0.002051663013433165,0.004926,0.006024000000000029,0.1739289999999999,0.0,0.08412600000000015,0.2580570000000001,0.0,1.110223024625157e-15,0.0008145698270639633
affine_p1_n32_smooth,ok,29.265625,32.0,1.0,0.0,0.0,0.0,ofdg-kxrcf,1024.0,4096.0,7.0,21.0,0.005,0.002051663013433165,0.004926,0.01183000000000001,0.1735519999999999,0.04742100000000082,0.03152399999999944,0.2525000000000002,1568.0,2.109423746787797e-15,0.0007955702330211449
affine_p1_n32_smooth,ok,29.265625,32.0,1.0,0.0,0.0,0.0,dg,1024.0,4096.0,11.0,33.0,0.005,0.002051663013433165,0.004926,0.0,0.2702219999999995,0.0,0.0,0.2702229999999997,0.0,7.771561172376096e-16,0.0007950414933084461
affine_p1_n32_smooth,ok,29.265625,32.0,1.0,0.0,0.0,1.0,ofdg-kxrcf,1024.0,4096.0,7.0,21.0,0.005,0.002051663013433165,0.004926,0.01184999999999992,0.1736199999999994,0.04656899999999986,0.03173200000000032,0.2519239999999998,1568.0,2.109423746787797e-15,0.0007955702330211449
affine_p1_n32_smooth,ok,29.265625,32.0,1.0,0.0,0.0,1.0,dg,1024.0,4096.0,11.0,33.0,0.005,0.002051663013433165,0.004926,0.0,0.2717269999999996,0.0,0.0,0.2717309999999997,0.0,7.771561172376096e-16,0.0007950414933084461
affine_p1_n32_smooth,ok,29.265625,32.0,1.0,0.0,0.0,1.0,ofdg,1024.0,4096.0,7.0,21.0,0.005,0.002051663013433165,0.004926,0.006050000000000111,0.1730870000000015,0.0,0.08621199999999929,0.2593010000000007,0.0,1.110223024625157e-15,0.0008145698270639633
affine_p1_n32_smooth,ok,29.265625,32.0,1.0,0.0,0.0,2.0,dg,1024.0,4096.0,9.0,27.0,0.005,0.002051663013433165,0.004926,0.0,0.2521030000000009,0.0,0.0,0.2521070000000005,0.0,7.771561172376096e-16,0.0007950414933084461
affine_p1_n32_smooth,ok,29.265625,32.0,1.0,0.0,0.0,2.0,ofdg,1024.0,4096.0,7.0,21.0,0.005,0.002051663013433165,0.004926,0.005954000000000015,0.1717999999999988,0.0,0.08409000000000066,0.2558909999999996,0.0,1.110223024625157e-15,0.0008145698270639633
affine_p1_n32_smooth,ok,29.265625,32.0,1.0,0.0,0.0,2.0,ofdg-kxrcf,1024.0,4096.0,7.0,21.0,0.005,0.002051663013433165,0.004926,0.01172299999999993,0.1736859999999996,0.0472750000000004,0.03147999999999973,0.2524409999999997,1568.0,2.109423746787797e-15,0.0007955702330211449
affine_p1_n32_smooth,ok,29.265625,32.0,1.0,0.0,0.0,3.0,ofdg,1024.0,4096.0,7.0,21.0,0.005,0.002051663013433165,0.004926,0.005963000000000385,0.172663,0.0,0.08482700000000065,0.2574930000000002,0.0,1.110223024625157e-15,0.0008145698270639633
affine_p1_n32_smooth,ok,29.265625,32.0,1.0,0.0,0.0,3.0,ofdg-kxrcf,1024.0,4096.0,7.0,21.0,0.005,0.002051663013433165,0.004926,0.01178800000000013,0.1734719999999998,0.04762000000000022,0.03174800000000078,0.2528400000000008,1568.0,2.109423746787797e-15,0.0007955702330211449
affine_p1_n32_smooth,ok,29.265625,32.0,1.0,0.0,0.0,3.0,dg,1024.0,4096.0,11.0,33.0,0.005,0.002051663013433165,0.004926,0.0,0.2706599999999999,0.0,0.0,0.2706620000000002,0.0,7.771561172376096e-16,0.0007950414933084461
affine_p1_n32_smooth,ok,29.265625,32.0,1.0,0.0,0.0,4.0,ofdg-kxrcf,1024.0,4096.0,7.0,21.0,0.005,0.002051663013433165,0.004926,0.01173000000000002,0.1733950000000002,0.04748999999999981,0.03136799999999962,0.2522529999999996,1568.0,2.109423746787797e-15,0.0007955702330211449
affine_p1_n32_smooth,ok,29.265625,32.0,1.0,0.0,0.0,4.0,dg,1024.0,4096.0,11.0,33.0,0.005,0.002051663013433165,0.004926,0.0,0.2710209999999993,0.0,0.0,0.2710259999999991,0.0,7.771561172376096e-16,0.0007950414933084461
affine_p1_n32_smooth,ok,29.265625,32.0,1.0,0.0,0.0,4.0,ofdg,1024.0,4096.0,7.0,21.0,0.005,0.002051663013433165,0.004926,0.005941999999999226,0.1929690000000006,0.0,0.0855669999999984,0.2785379999999984,0.0,1.110223024625157e-15,0.0008145698270639633
curved_p1_n32_smooth,ok,50.5,32.0,1.0,1.0,0.0,-1.0,dg,1024.0,4096.0,9.0,27.0,0.005,0.002051663013433165,0.01547399999999999,0.0,0.27671,0.0,0.0,0.276712,0.0,3.33066907387547e-15,0.0009898918165870006
curved_p1_n32_smooth,ok,50.5,32.0,1.0,1.0,0.0,-1.0,ofdg,1024.0,4096.0,5.0,15.0,0.005,0.002051663013433165,0.01547399999999999,0.144736,0.1576210000000002,0.0,0.124367,0.2819890000000003,0.0,1.021405182655144e-14,0.001020425301812629
curved_p1_n32_smooth,ok,50.5,32.0,1.0,1.0,0.0,-1.0,ofdg-kxrcf,1024.0,4096.0,5.0,15.0,0.005,0.002051663013433165,0.01547399999999999,0.1643650000000001,0.1577400000000004,0.1066359999999997,0.03867300000000018,0.3030500000000003,930.0,2.164934898019055e-15,0.000989607348138293
curved_p1_n32_smooth,ok,50.5,32.0,1.0,1.0,0.0,0.0,ofdg,1024.0,4096.0,5.0,15.0,0.005,0.002051663013433165,0.01547399999999999,0.1441950000000001,0.1799210000000002,0.0,0.1251209999999998,0.3050450000000002,0.0,1.021405182655144e-14,0.001020425301812629
curved_p1_n32_smooth,ok,50.5,32.0,1.0,1.0,0.0,0.0,ofdg-kxrcf,1024.0,4096.0,5.0,15.0,0.005,0.002051663013433165,0.01547399999999999,0.1644489999999998,0.1584860000000008,0.1047619999999996,0.03907300000000014,0.3023230000000003,930.0,2.164934898019055e-15,0.000989607348138293
curved_p1_n32_smooth,ok,50.5,32.0,1.0,1.0,0.0,0.0,dg,1024.0,4096.0,9.0,27.0,0.005,0.002051663013433165,0.01547399999999999,0.0,0.2787639999999998,0.0,0.0,0.2787679999999999,0.0,3.33066907387547e-15,0.0009898918165870006
curved_p1_n32_smooth,ok,50.5,32.0,1.0,1.0,0.0,1.0,ofdg-kxrcf,1024.0,4096.0,5.0,15.0,0.005,0.002051663013433165,0.01547399999999999,0.163802,0.1578850000000003,0.1076609999999989,0.03812700000000024,0.3036729999999994,930.0,2.164934898019055e-15,0.000989607348138293
curved_p1_n32_smooth,ok,50.5,32.0,1.0,1.0,0.0,1.0,dg,1024.0,4096.0,9.0,27.0,0.005,0.002051663013433165,0.01547399999999999,0.0,0.2794379999999999,0.0,0.0,0.279439,0.0,3.33066907387547e-15,0.0009898918165870006
curved_p1_n32_smooth,ok,50.5,32.0,1.0,1.0,0.0,1.0,ofdg,1024.0,4096.0,5.0,15.0,0.005,0.002051663013433165,0.01547399999999999,0.1436459999999999,0.1578870000000006,0.0,0.1255479999999993,0.2834369999999997,0.0,1.021405182655144e-14,0.001020425301812629
curved_p1_n32_smooth,ok,50.5,32.0,1.0,1.0,0.0,2.0,dg,1024.0,4096.0,8.0,24.0,0.005,0.002051663013433165,0.01547399999999999,1.000000000139778e-06,0.2505229999999985,0.0,0.0,0.2505249999999988,0.0,3.33066907387547e-15,0.0009898918165870006
curved_p1_n32_smooth,ok,50.5,32.0,1.0,1.0,0.0,2.0,ofdg,1024.0,4096.0,5.0,15.0,0.005,0.002051663013433165,0.01547399999999999,0.1435950000000004,0.1577419999999998,0.0,0.1255069999999989,0.283250999999999,0.0,1.021405182655144e-14,0.001020425301812629
curved_p1_n32_smooth,ok,50.5,32.0,1.0,1.0,0.0,2.0,ofdg-kxrcf,1024.0,4096.0,5.0,15.0,0.005,0.002051663013433165,0.01547399999999999,0.1636449999999998,0.1562570000000028,0.1067720000000003,0.03872899999999913,0.3017590000000014,930.0,2.164934898019055e-15,0.000989607348138293
curved_p1_n32_smooth,ok,50.5,32.0,1.0,1.0,0.0,3.0,ofdg,1024.0,4096.0,5.0,15.0,0.005,0.002051663013433165,0.01547399999999999,0.1436060000000001,0.1578140000000001,0.0,0.1236299999999995,0.2814449999999988,0.0,1.021405182655144e-14,0.001020425301812629
curved_p1_n32_smooth,ok,50.5,32.0,1.0,1.0,0.0,3.0,ofdg-kxrcf,1024.0,4096.0,5.0,15.0,0.005,0.002051663013433165,0.01547399999999999,0.1644669999999993,0.1601059999999981,0.1271080000000024,0.03838399999999975,0.3256000000000006,930.0,2.164934898019055e-15,0.000989607348138293
curved_p1_n32_smooth,ok,50.5,32.0,1.0,1.0,0.0,3.0,dg,1024.0,4096.0,9.0,27.0,0.005,0.002051663013433165,0.01547399999999999,0.0,0.2777450000000004,0.0,0.0,0.2777480000000008,0.0,3.33066907387547e-15,0.0009898918165870006
curved_p1_n32_smooth,ok,50.5,32.0,1.0,1.0,0.0,4.0,ofdg-kxrcf,1024.0,4096.0,5.0,15.0,0.005,0.002051663013433165,0.01547399999999999,0.166836,0.1565379999999994,0.1104909999999997,0.03866899999999962,0.3056979999999987,930.0,2.164934898019055e-15,0.000989607348138293
curved_p1_n32_smooth,ok,50.5,32.0,1.0,1.0,0.0,4.0,dg,1024.0,4096.0,9.0,27.0,0.005,0.002051663013433165,0.01547399999999999,0.0,0.2773149999999989,0.0,0.0,0.2773179999999993,0.0,3.33066907387547e-15,0.0009898918165870006
curved_p1_n32_smooth,ok,50.5,32.0,1.0,1.0,0.0,4.0,ofdg,1024.0,4096.0,5.0,15.0,0.005,0.002051663013433165,0.01547399999999999,0.1440579999999994,0.1575489999999986,0.0,0.1230920000000006,0.2806419999999985,0.0,1.021405182655144e-14,0.001020425301812629
affine_p1_n64_smooth,ok,57.0,64.0,1.0,0.0,0.0,-1.0,dg,4096.0,16384.0,2.0,10.0,0.005,0.001025831506716583,0.01899200000000001,0.0,0.3319830000000001,0.0,0.0,0.3319840000000001,0.0,2.775557561562891e-15,0.0002193964866750929
affine_p1_n64_smooth,ok,57.0,64.0,1.0,0.0,0.0,-1.0,ofdg,4096.0,16384.0,2.0,10.0,0.005,0.001025831506716583,0.01899200000000001,0.05220900000000006,0.3331780000000001,0.0,0.162108,0.4952860000000001,0.0,2.109423746787797e-15,0.0002221420487469747
affine_p1_n64_smooth,ok,57.0,64.0,1.0,0.0,0.0,-1.0,ofdg-kxrcf,4096.0,16384.0,2.0,10.0,0.005,0.001025831506716583,0.01899200000000001,0.04751599999999989,0.3327800000000003,0.08999299999999955,0.05919100000000022,0.4819640000000001,3200.0,9.325873406851315e-15,0.000219342834923517
affine_p1_n64_smooth,ok,57.0,64.0,1.0,0.0,0.0,0.0,ofdg,4096.0,16384.0,2.0,10.0,0.005,0.001025831506716583,0.01899200000000001,0.02417899999999995,0.329712,0.0,0.1614069999999999,0.4911210000000001,0.0,2.109423746787797e-15,0.0002221420487469747
affine_p1_n64_smooth,ok,57.0,64.0,1.0,0.0,0.0,0.0,ofdg-kxrcf,4096.0,16384.0,2.0,10.0,0.005,0.001025831506716583,0.01899200000000001,0.04688500000000007,0.3327070000000005,0.09051699999999885,0.05942300000000111,0.4826470000000005,3200.0,9.325873406851315e-15,0.000219342834923517
affine_p1_n64_smooth,ok,57.0,64.0,1.0,0.0,0.0,0.0,dg,4096.0,16384.0,2.0,10.0,0.005,0.001025831506716583,0.01899200000000001,0.0,0.3324220000000002,0.0,0.0,0.3324230000000004,0.0,2.775557561562891e-15,0.0002193964866750929
affine_p1_n64_smooth,ok,57.0,64.0,1.0,0.0,0.0,1.0,ofdg-kxrcf,4096.0,16384.0,2.0,10.0,0.005,0.001025831506716583,0.01899200000000001,0.04709800000000008,0.3312119999999994,0.08944100000000033,0.05832800000000038,0.4789819999999998,3200.0,9.325873406851315e-15,0.000219342834923517
affine_p1_n64_smooth,ok,57.0,64.0,1.0,0.0,0.0,1.0,dg,4096.0,16384.0,2.0,10.0,0.005,0.001025831506716583,0.01899200000000001,0.0,0.3328780000000005,0.0,0.0,0.332881,0.0,2.775557561562891e-15,0.0002193964866750929
affine_p1_n64_smooth,ok,57.0,64.0,1.0,0.0,0.0,1.0,ofdg,4096.0,16384.0,2.0,10.0,0.005,0.001025831506716583,0.01899200000000001,0.0240980000000004,0.3291030000000017,0.0,0.1623719999999986,0.491476,0.0,2.109423746787797e-15,0.0002221420487469747
affine_p1_n64_smooth,ok,57.0,64.0,1.0,0.0,0.0,2.0,dg,4096.0,16384.0,2.0,10.0,0.005,0.001025831506716583,0.01899200000000001,0.0,0.3329729999999991,0.0,0.0,0.3329739999999992,0.0,2.775557561562891e-15,0.0002193964866750929
affine_p1_n64_smooth,ok,57.0,64.0,1.0,0.0,0.0,2.0,ofdg,4096.0,16384.0,2.0,10.0,0.005,0.001025831506716583,0.01899200000000001,0.0497209999999999,0.3305509999999998,0.0,0.1634799999999998,0.4940309999999997,0.0,2.109423746787797e-15,0.0002221420487469747
affine_p1_n64_smooth,ok,57.0,64.0,1.0,0.0,0.0,2.0,ofdg-kxrcf,4096.0,16384.0,2.0,10.0,0.005,0.001025831506716583,0.01899200000000001,0.04702700000000082,0.3332079999999999,0.08960099999999915,0.05952100000000105,0.4823300000000001,3200.0,9.325873406851315e-15,0.000219342834923517
affine_p1_n64_smooth,ok,57.0,64.0,1.0,0.0,0.0,3.0,ofdg,4096.0,16384.0,1.0,5.0,0.005,0.001025831506716583,0.01899200000000001,0.02400700000000011,0.1694149999999999,0.0,0.08128200000000074,0.2506979999999999,0.0,2.109423746787797e-15,0.0002221420487469747
affine_p1_n64_smooth,ok,57.0,64.0,1.0,0.0,0.0,3.0,ofdg-kxrcf,4096.0,16384.0,2.0,10.0,0.005,0.001025831506716583,0.01899200000000001,0.04815599999999964,0.3335189999999999,0.09045400000000114,0.05927699999999891,0.4832510000000001,3200.0,9.325873406851315e-15,0.000219342834923517
affine_p1_n64_smooth,ok,57.0,64.0,1.0,0.0,0.0,3.0,dg,4096.0,16384.0,2.0,10.0,0.005,0.001025831506716583,0.01899200000000001,0.0,0.3580940000000004,0.0,0.0,0.3580960000000006,0.0,2.775557561562891e-15,0.0002193964866750929
affine_p1_n64_smooth,ok,57.0,64.0,1.0,0.0,0.0,4.0,ofdg-kxrcf,4096.0,16384.0,2.0,10.0,0.005,0.001025831506716583,0.01899200000000001,0.04682299999999984,0.330228,0.08966200000000146,0.05833199999999827,0.4782219999999997,3200.0,9.325873406851315e-15,0.000219342834923517
affine_p1_n64_smooth,ok,57.0,64.0,1.0,0.0,0.0,4.0,dg,4096.0,16384.0,2.0,10.0,0.005,0.001025831506716583,0.01899200000000001,0.0,0.3292340000000005,0.0,0.0,0.3292360000000008,0.0,2.775557561562891e-15,0.0002193964866750929
affine_p1_n64_smooth,ok,57.0,64.0,1.0,0.0,0.0,4.0,ofdg,4096.0,16384.0,2.0,10.0,0.005,0.001025831506716583,0.01899200000000001,0.02432699999999954,0.3262750000000008,0.0,0.1600710000000012,0.4863490000000006,0.0,2.109423746787797e-15,0.0002221420487469747
curved_p1_n64_smooth,ok,144.046875,64.0,1.0,1.0,0.0,-1.0,dg,4096.0,16384.0,2.0,10.0,0.005,0.001025831506716583,0.04828,0.0,0.4299149999999999,0.0,0.0,0.429917,0.0,3.125277814319816e-14,0.0002724077512955741
curved_p1_n64_smooth,ok,144.046875,64.0,1.0,1.0,0.0,-1.0,ofdg,4096.0,16384.0,1.0,5.0,0.005,0.001025831506716583,0.04828,0.579467,0.2059890000000002,0.0,0.1645569999999998,0.3705480000000001,0.0,1.471045507628332e-14,0.0002769965411385721
curved_p1_n64_smooth,ok,144.046875,64.0,1.0,1.0,0.0,-1.0,ofdg-kxrcf,4096.0,16384.0,1.0,5.0,0.005,0.001025831506716583,0.04828,0.6608430000000001,0.2103039999999998,0.1616839999999993,0.05189500000000047,0.4238829999999996,1317.0,3.608224830031759e-14,0.0002722106060244422
curved_p1_n64_smooth,ok,144.046875,64.0,1.0,1.0,0.0,0.0,ofdg,4096.0,16384.0,1.0,5.0,0.005,0.001025831506716583,0.04828,0.5791239999999998,0.2072250000000011,0.0,0.1623539999999988,0.3695809999999997,0.0,1.471045507628332e-14,0.0002769965411385721
curved_p1_n64_smooth,ok,144.046875,64.0,1.0,1.0,0.0,0.0,ofdg-kxrcf,4096.0,16384.0,1.0,5.0,0.005,0.001025831506716583,0.04828,0.6609309999999997,0.2077030000000004,0.1597949999999999,0.05262000000000011,0.4201199999999998,1317.0,3.608224830031759e-14,0.0002722106060244422
curved_p1_n64_smooth,ok,144.046875,64.0,1.0,1.0,0.0,0.0,dg,4096.0,16384.0,2.0,10.0,0.005,0.001025831506716583,0.04828,0.0,0.4074909999999994,0.0,0.0,0.4074919999999995,0.0,3.125277814319816e-14,0.0002724077512955741
curved_p1_n64_smooth,ok,144.046875,64.0,1.0,1.0,0.0,1.0,ofdg-kxrcf,4096.0,16384.0,1.0,5.0,0.005,0.001025831506716583,0.04828,0.6604130000000001,0.2073429999999998,0.1357180000000007,0.05139199999999988,0.3944530000000004,1317.0,3.608224830031759e-14,0.0002722106060244422
curved_p1_n64_smooth,ok,144.046875,64.0,1.0,1.0,0.0,1.0,dg,4096.0,16384.0,2.0,10.0,0.005,0.001025831506716583,0.04828,0.0,0.4104100000000006,0.0,0.0,0.4104120000000009,0.0,3.125277814319816e-14,0.0002724077512955741
curved_p1_n64_smooth,ok,144.046875,64.0,1.0,1.0,0.0,1.0,ofdg,4096.0,16384.0,1.0,5.0,0.005,0.001025831506716583,0.04828,0.5874630000000005,0.2057140000000004,0.0,0.1640460000000008,0.3697610000000005,0.0,1.471045507628332e-14,0.0002769965411385721
curved_p1_n64_smooth,ok,144.046875,64.0,1.0,1.0,0.0,2.0,dg,4096.0,16384.0,2.0,10.0,0.005,0.001025831506716583,0.04828,9.999999992515995e-07,0.415318000000001,0.0,0.0,0.4153209999999987,0.0,3.125277814319816e-14,0.0002724077512955741
curved_p1_n64_smooth,ok,144.046875,64.0,1.0,1.0,0.0,2.0,ofdg,4096.0,16384.0,1.0,5.0,0.005,0.001025831506716583,0.04828,0.5796399999999995,0.2070999999999987,0.0,0.1659220000000019,0.3730220000000006,0.0,1.471045507628332e-14,0.0002769965411385721
curved_p1_n64_smooth,ok,144.046875,64.0,1.0,1.0,0.0,2.0,ofdg-kxrcf,4096.0,16384.0,1.0,5.0,0.005,0.001025831506716583,0.04828,0.6613710000000008,0.2131360000000004,0.1706329999999987,0.05152800000000113,0.4352970000000003,1317.0,3.608224830031759e-14,0.0002722106060244422
curved_p1_n64_smooth,ok,144.046875,64.0,1.0,1.0,0.0,3.0,ofdg,4096.0,16384.0,1.0,5.0,0.005,0.001025831506716583,0.04828,0.579428,0.2067309999999996,0.0,0.1633750000000003,0.3701080000000001,0.0,1.471045507628332e-14,0.0002769965411385721
curved_p1_n64_smooth,ok,144.046875,64.0,1.0,1.0,0.0,3.0,ofdg-kxrcf,4096.0,16384.0,1.0,5.0,0.005,0.001025831506716583,0.04828,0.6590440000000015,0.2022559999999984,0.1643370000000015,0.04992199999999869,0.4165149999999986,1317.0,3.608224830031759e-14,0.0002722106060244422
curved_p1_n64_smooth,ok,144.046875,64.0,1.0,1.0,0.0,3.0,dg,4096.0,16384.0,2.0,10.0,0.005,0.001025831506716583,0.04828,0.0,0.4071289999999994,0.0,0.0,0.4071289999999994,0.0,3.125277814319816e-14,0.0002724077512955741
curved_p1_n64_smooth,ok,144.046875,64.0,1.0,1.0,0.0,4.0,ofdg-kxrcf,4096.0,16384.0,1.0,5.0,0.005,0.001025831506716583,0.04828,0.6601200000000009,0.2061720000000022,0.1374839999999988,0.05218099999999914,0.3958370000000002,1317.0,3.608224830031759e-14,0.0002722106060244422
curved_p1_n64_smooth,ok,144.046875,64.0,1.0,1.0,0.0,4.0,dg,4096.0,16384.0,2.0,10.0,0.005,0.001025831506716583,0.04828,0.0,0.4374149999999997,0.0,0.0,0.4374169999999982,0.0,3.125277814319816e-14,0.0002724077512955741
curved_p1_n64_smooth,ok,144.046875,64.0,1.0,1.0,0.0,4.0,ofdg,4096.0,16384.0,1.0,5.0,0.005,0.001025831506716583,0.04828,0.5779639999999979,0.2060999999999993,0.0,0.1594230000000039,0.3655240000000006,0.0,1.471045507628332e-14,0.0002769965411385721
affine_p3_n16_smooth,ok,36.765625,16.0,3.0,0.0,0.0,-1.0,dg,256.0,4096.0,22.0,66.0,0.005,0.001758568297228427,0.004610000000000003,0.0,0.2541240000000002,0.0,0.0,0.2541290000000002,0.0,2.275957200481571e-15,2.614060428025289e-06
affine_p3_n16_smooth,ok,36.765625,16.0,3.0,0.0,0.0,-1.0,ofdg,256.0,4096.0,15.0,45.0,0.005,0.001758568297228427,0.004610000000000003,0.001966999999999941,0.1765059999999999,0.0,0.08070300000000008,0.2572120000000001,0.0,1.887379141862766e-15,2.733402329274277e-06
affine_p3_n16_smooth,ok,36.765625,16.0,3.0,0.0,0.0,-1.0,ofdg-kxrcf,256.0,4096.0,18.0,54.0,0.005,0.001758568297228427,0.004610000000000003,0.003966000000000025,0.1846900000000005,0.04327999999999965,0.02463199999999999,0.2526030000000001,0.0,2.275957200481571e-15,2.614060428025289e-06
affine_p3_n16_smooth,ok,36.765625,16.0,3.0,0.0,0.0,0.0,ofdg,256.0,4096.0,17.0,51.0,0.005,0.001758568297228427,0.004610000000000003,0.001835999999999949,0.174076,0.0,0.08924299999999974,0.2633199999999997,0.0,1.887379141862766e-15,2.733402329274277e-06
affine_p3_n16_smooth,ok,36.765625,16.0,3.0,0.0,0.0,0.0,ofdg-kxrcf,256.0,4096.0,18.0,54.0,0.005,0.001758568297228427,0.004610000000000003,0.00401600000000002,0.1842700000000006,0.04340099999999958,0.02479899999999913,0.2524749999999996,0.0,2.275957200481571e-15,2.614060428025289e-06
affine_p3_n16_smooth,ok,36.765625,16.0,3.0,0.0,0.0,0.0,dg,256.0,4096.0,25.0,75.0,0.005,0.001758568297228427,0.004610000000000003,0.0,0.2556929999999993,0.0,0.0,0.2556999999999996,0.0,2.275957200481571e-15,2.614060428025289e-06
affine_p3_n16_smooth,ok,36.765625,16.0,3.0,0.0,0.0,1.0,ofdg-kxrcf,256.0,4096.0,18.0,54.0,0.005,0.001758568297228427,0.004610000000000003,0.003960000000000186,0.1829889999999996,0.04350900000000002,0.02429900000000029,0.2507979999999999,0.0,2.275957200481571e-15,2.614060428025289e-06
affine_p3_n16_smooth,ok,36.765625,16.0,3.0,0.0,0.0,1.0,dg,256.0,4096.0,25.0,75.0,0.005,0.001758568297228427,0.004610000000000003,0.0,0.2555779999999999,0.0,0.0,0.2555819999999998,0.0,2.275957200481571e-15,2.614060428025289e-06
affine_p3_n16_smooth,ok,36.765625,16.0,3.0,0.0,0.0,1.0,ofdg,256.0,4096.0,17.0,51.0,0.005,0.001758568297228427,0.004610000000000003,0.001841000000000204,0.1753679999999993,0.0,0.08866899999999989,0.2640389999999995,0.0,1.887379141862766e-15,2.733402329274277e-06
affine_p3_n16_smooth,ok,36.765625,16.0,3.0,0.0,0.0,2.0,dg,256.0,4096.0,23.0,69.0,0.005,0.001758568297228427,0.004610000000000003,0.0,0.260632000000002,0.0,0.0,0.2606400000000018,0.0,2.275957200481571e-15,2.614060428025289e-06
affine_p3_n16_smooth,ok,36.765625,16.0,3.0,0.0,0.0,2.0,ofdg,256.0,4096.0,17.0,51.0,0.005,0.001758568297228427,0.004610000000000003,0.001901000000000153,0.1746159999999981,0.0,0.08808100000000296,0.2626980000000012,0.0,1.887379141862766e-15,2.733402329274277e-06
affine_p3_n16_smooth,ok,36.765625,16.0,3.0,0.0,0.0,2.0,ofdg-kxrcf,256.0,4096.0,18.0,54.0,0.005,0.001758568297228427,0.004610000000000003,0.003712999999999855,0.1831999999999985,0.04360599999999826,0.02423100000000344,0.2510380000000003,0.0,2.275957200481571e-15,2.614060428025289e-06
affine_p3_n16_smooth,ok,36.765625,16.0,3.0,0.0,0.0,3.0,ofdg,256.0,4096.0,17.0,51.0,0.005,0.001758568297228427,0.004610000000000003,0.001872000000000096,0.1734319999999991,0.0,0.08796100000000084,0.2613960000000004,0.0,1.887379141862766e-15,2.733402329274277e-06
affine_p3_n16_smooth,ok,36.765625,16.0,3.0,0.0,0.0,3.0,ofdg-kxrcf,256.0,4096.0,18.0,54.0,0.005,0.001758568297228427,0.004610000000000003,0.003744000000000192,0.1824250000000007,0.0433959999999991,0.02446700000000046,0.2502900000000006,0.0,2.275957200481571e-15,2.614060428025289e-06
affine_p3_n16_smooth,ok,36.765625,16.0,3.0,0.0,0.0,3.0,dg,256.0,4096.0,25.0,75.0,0.005,0.001758568297228427,0.004610000000000003,0.0,0.2542079999999984,0.0,0.0,0.254211999999999,0.0,2.275957200481571e-15,2.614060428025289e-06
affine_p3_n16_smooth,ok,36.765625,16.0,3.0,0.0,0.0,4.0,ofdg-kxrcf,256.0,4096.0,18.0,54.0,0.005,0.001758568297228427,0.004610000000000003,0.003752999999999673,0.1842940000000004,0.04347799999999635,0.0245960000000025,0.2523719999999989,0.0,2.275957200481571e-15,2.614060428025289e-06
affine_p3_n16_smooth,ok,36.765625,16.0,3.0,0.0,0.0,4.0,dg,256.0,4096.0,25.0,75.0,0.005,0.001758568297228427,0.004610000000000003,0.0,0.2560630000000002,0.0,0.0,0.256069000000001,0.0,2.275957200481571e-15,2.614060428025289e-06
affine_p3_n16_smooth,ok,36.765625,16.0,3.0,0.0,0.0,4.0,ofdg,256.0,4096.0,16.0,48.0,0.005,0.001758568297228427,0.004610000000000003,0.001776999999999695,0.1846759999999996,0.0,0.08591900000000141,0.2705980000000014,0.0,1.887379141862766e-15,2.733402329274277e-06
curved_p3_n16_smooth,ok,68.46875,16.0,3.0,1.0,0.0,-1.0,dg,256.0,4096.0,21.0,63.0,0.005,0.001758568297228427,0.009745000000000004,0.0,0.2623740000000001,0.0,0.0,0.2623770000000001,0.0,2.886579864025407e-15,8.917628391164246e-06
curved_p3_n16_smooth,ok,68.46875,16.0,3.0,1.0,0.0,-1.0,ofdg,256.0,4096.0,12.0,36.0,0.005,0.001758568297228427,0.009745000000000004,0.1176849999999999,0.1507789999999999,0.0,0.1166620000000002,0.2674420000000001,0.0,3.219646771412954e-15,9.446497934196992e-06
curved_p3_n16_smooth,ok,68.46875,16.0,3.0,1.0,0.0,-1.0,ofdg-kxrcf,256.0,4096.0,12.0,36.0,0.005,0.001758568297228427,0.009745000000000004,0.123922,0.1495329999999995,0.0746520000000005,0.02840900000000013,0.2525980000000002,0.0,2.886579864025407e-15,8.917628391164246e-06
curved_p3_n16_smooth,ok,68.46875,16.0,3.0,1.0,0.0,0.0,ofdg,256.0,4096.0,5.0,15.0,0.005,0.001758568297228427,0.009745000000000004,0.1313060000000001,0.1454260000000007,0.0,0.1126250000000002,0.2580640000000001,0.0,3.219646771412954e-15,9.446497934196992e-06
curved_p3_n16_smooth,ok,68.46875,16.0,3.0,1.0,0.0,0.0,ofdg-kxrcf,256.0,4096.0,12.0,36.0,0.005,0.001758568297228427,0.009745000000000004,0.1414800000000001,0.1565399999999997,0.08211999999999997,0.05964000000000036,0.2983029999999998,0.0,2.886579864025407e-15,8.917628391164246e-06
curved_p3_n16_smooth,ok,68.46875,16.0,3.0,1.0,0.0,0.0,dg,256.0,4096.0,21.0,63.0,0.005,0.001758568297228427,0.009745000000000004,0.0,0.2602520000000013,0.0,0.0,0.2602580000000008,0.0,2.886579864025407e-15,8.917628391164246e-06
curved_p3_n16_smooth,ok,68.46875,16.0,3.0,1.0,0.0,1.0,ofdg-kxrcf,256.0,4096.0,12.0,36.0,0.005,0.001758568297228427,0.009745000000000004,0.1240199999999998,0.1527980000000011,0.07626399999999967,0.02919299999999936,0.2582560000000003,0.0,2.886579864025407e-15,8.917628391164246e-06
curved_p3_n16_smooth,ok,68.46875,16.0,3.0,1.0,0.0,1.0,dg,256.0,4096.0,20.0,60.0,0.005,0.001758568297228427,0.009745000000000004,0.0,0.2510589999999979,0.0,0.0,0.2510709999999983,0.0,2.886579864025407e-15,8.917628391164246e-06
curved_p3_n16_smooth,ok,68.46875,16.0,3.0,1.0,0.0,1.0,ofdg,256.0,4096.0,12.0,36.0,0.005,0.001758568297228427,0.009745000000000004,0.1165629999999998,0.1517439999999981,0.0,0.1188930000000008,0.2706399999999993,0.0,3.219646771412954e-15,9.446497934196992e-06
curved_p3_n16_smooth,ok,68.46875,16.0,3.0,1.0,0.0,2.0,dg,256.0,4096.0,21.0,63.0,0.005,0.001758568297228427,0.009745000000000004,0.0,0.2610750000000008,0.0,0.0,0.2610820000000009,0.0,2.886579864025407e-15,8.917628391164246e-06
curved_p3_n16_smooth,ok,68.46875,16.0,3.0,1.0,0.0,2.0,ofdg,256.0,4096.0,12.0,36.0,0.005,0.001758568297228427,0.009745000000000004,0.1162769999999997,0.1478759999999988,0.0,0.1165899999999991,0.264466999999998,0.0,3.219646771412954e-15,9.446497934196992e-06
curved_p3_n16_smooth,ok,68.46875,16.0,3.0,1.0,0.0,2.0,ofdg-kxrcf,256.0,4096.0,12.0,36.0,0.005,0.001758568297228427,0.009745000000000004,0.1537839999999999,0.1510490000000004,0.07601999999999798,0.02874700000000097,0.2558169999999995,0.0,2.886579864025407e-15,8.917628391164246e-06
curved_p3_n16_smooth,ok,68.46875,16.0,3.0,1.0,0.0,3.0,ofdg,256.0,4096.0,12.0,36.0,0.005,0.001758568297228427,0.009745000000000004,0.1168289999999992,0.1484150000000009,0.0,0.116076999999998,0.264492999999999,0.0,3.219646771412954e-15,9.446497934196992e-06
curved_p3_n16_smooth,ok,68.46875,16.0,3.0,1.0,0.0,3.0,ofdg-kxrcf,256.0,4096.0,12.0,36.0,0.005,0.001758568297228427,0.009745000000000004,0.1238060000000001,0.1501080000000021,0.0741899999999962,0.02834499999999984,0.2526439999999983,0.0,2.886579864025407e-15,8.917628391164246e-06
curved_p3_n16_smooth,ok,68.46875,16.0,3.0,1.0,0.0,3.0,dg,256.0,4096.0,20.0,60.0,0.005,0.001758568297228427,0.009745000000000004,0.0,0.2505080000000017,0.0,0.0,0.250516000000002,0.0,2.886579864025407e-15,8.917628391164246e-06
curved_p3_n16_smooth,ok,68.46875,16.0,3.0,1.0,0.0,4.0,ofdg-kxrcf,256.0,4096.0,12.0,36.0,0.005,0.001758568297228427,0.009745000000000004,0.1245530000000006,0.1532059999999991,0.07565099999999614,0.02972400000000341,0.2585809999999986,0.0,2.886579864025407e-15,8.917628391164246e-06
curved_p3_n16_smooth,ok,68.46875,16.0,3.0,1.0,0.0,4.0,dg,256.0,4096.0,21.0,63.0,0.005,0.001758568297228427,0.009745000000000004,0.0,0.2621619999999991,0.0,0.0,0.262168,0.0,2.886579864025407e-15,8.917628391164246e-06
curved_p3_n16_smooth,ok,68.46875,16.0,3.0,1.0,0.0,4.0,ofdg,256.0,4096.0,11.0,33.0,0.005,0.001758568297228427,0.009745000000000004,0.1327690000000006,0.1483670000000004,0.0,0.1083499999999988,0.2567189999999995,0.0,3.219646771412954e-15,9.446497934196992e-06
affine_p3_n32_smooth,ok,78.09375,32.0,3.0,0.0,0.0,-1.0,dg,1024.0,16384.0,4.0,24.0,0.005,0.0008792841486142136,0.018306,0.0,0.322842,0.0,0.0,0.322845,0.0,8.1601392309949e-15,1.737535238888963e-07
affine_p3_n32_smooth,ok,78.09375,32.0,3.0,0.0,0.0,-1.0,ofdg,1024.0,16384.0,3.0,18.0,0.005,0.0008792841486142136,0.018306,0.007425000000000015,0.2423690000000004,0.0,0.1255879999999998,0.3679580000000001,0.0,4.773959005888173e-15,1.793867034987984e-07
affine_p3_n32_smooth,ok,78.09375,32.0,3.0,0.0,0.0,-1.0,ofdg-kxrcf,1024.0,16384.0,3.0,18.0,0.005,0.0008792841486142136,0.018306,0.01480899999999996,0.2412929999999998,0.05734100000000053,0.03245599999999982,0.3310900000000001,0.0,8.1601392309949e-15,1.737535238888963e-07
affine_p3_n32_smooth,ok,78.09375,32.0,3.0,0.0,0.0,0.0,ofdg,1024.0,16384.0,3.0,18.0,0.005,0.0008792841486142136,0.018306,0.007298000000000027,0.2424810000000002,0.0,0.1252999999999997,0.3677830000000002,0.0,4.773959005888173e-15,1.793867034987984e-07
affine_p3_n32_smooth,ok,78.09375,32.0,3.0,0.0,0.0,0.0,ofdg-kxrcf,1024.0,16384.0,3.0,18.0,0.005,0.0008792841486142136,0.018306,0.01520199999999994,0.2657100000000003,0.05886199999999997,0.03323799999999966,0.3578110000000001,0.0,8.1601392309949e-15,1.737535238888963e-07
affine_p3_n32_smooth,ok,78.09375,32.0,3.0,0.0,0.0,0.0,dg,1024.0,16384.0,4.0,24.0,0.005,0.0008792841486142136,0.018306,0.0,0.3244399999999998,0.0,0.0,0.3244429999999998,0.0,8.1601392309949e-15,1.737535238888963e-07
affine_p3_n32_smooth,ok,78.09375,32.0,3.0,0.0,0.0,1.0,ofdg-kxrcf,1024.0,16384.0,3.0,18.0,0.005,0.0008792841486142136,0.018306,0.01502399999999993,0.2434610000000017,0.05769599999999953,0.03280699999999914,0.3339640000000004,0.0,8.1601392309949e-15,1.737535238888963e-07
affine_p3_n32_smooth,ok,78.09375,32.0,3.0,0.0,0.0,1.0,dg,1024.0,16384.0,4.0,24.0,0.005,0.0008792841486142136,0.018306,0.0,0.3251840000000006,0.0,0.0,0.3251840000000006,0.0,8.1601392309949e-15,1.737535238888963e-07
affine_p3_n32_smooth,ok,78.09375,32.0,3.0,0.0,0.0,1.0,ofdg,1024.0,16384.0,3.0,18.0,0.005,0.0008792841486142136,0.018306,0.007380999999999638,0.2433099999999997,0.0,0.125560000000001,0.3688710000000008,0.0,4.773959005888173e-15,1.793867034987984e-07
affine_p3_n32_smooth,ok,78.09375,32.0,3.0,0.0,0.0,2.0,dg,1024.0,16384.0,4.0,24.0,0.005,0.0008792841486142136,0.018306,0.0,0.3230269999999993,0.0,0.0,0.3230279999999994,0.0,8.1601392309949e-15,1.737535238888963e-07
affine_p3_n32_smooth,ok,78.09375,32.0,3.0,0.0,0.0,2.0,ofdg,1024.0,16384.0,2.0,12.0,0.005,0.0008792841486142136,0.018306,0.007219000000000086,0.1715630000000004,0.0,0.1061359999999998,0.2777000000000003,0.0,4.773959005888173e-15,1.793867034987984e-07
affine_p3_n32_smooth,ok,78.09375,32.0,3.0,0.0,0.0,2.0,ofdg-kxrcf,1024.0,16384.0,3.0,18.0,0.005,0.0008792841486142136,0.018306,0.01503500000000013,0.2451190000000008,0.05800999999999767,0.03299800000000142,0.3361269999999998,0.0,8.1601392309949e-15,1.737535238888963e-07
affine_p3_n32_smooth,ok,78.09375,32.0,3.0,0.0,0.0,3.0,ofdg,1024.0,16384.0,3.0,18.0,0.005,0.0008792841486142136,0.018306,0.007575000000000109,0.2426569999999977,0.0,0.1260360000000027,0.3686940000000005,0.0,4.773959005888173e-15,1.793867034987984e-07
affine_p3_n32_smooth,ok,78.09375,32.0,3.0,0.0,0.0,3.0,ofdg-kxrcf,1024.0,16384.0,3.0,18.0,0.005,0.0008792841486142136,0.018306,0.01523699999999995,0.2458139999999984,0.0580449999999999,0.0331430000000017,0.337002,0.0,8.1601392309949e-15,1.737535238888963e-07
affine_p3_n32_smooth,ok,78.09375,32.0,3.0,0.0,0.0,3.0,dg,1024.0,16384.0,4.0,24.0,0.005,0.0008792841486142136,0.018306,0.0,0.3243129999999992,0.0,0.0,0.3243129999999992,0.0,8.1601392309949e-15,1.737535238888963e-07
affine_p3_n32_smooth,ok,78.09375,32.0,3.0,0.0,0.0,4.0,ofdg-kxrcf,1024.0,16384.0,3.0,18.0,0.005,0.0008792841486142136,0.018306,0.01508099999999946,0.2454960000000002,0.05777799999999989,0.03302000000000049,0.3362940000000005,0.0,8.1601392309949e-15,1.737535238888963e-07
affine_p3_n32_smooth,ok,78.09375,32.0,3.0,0.0,0.0,4.0,dg,1024.0,16384.0,3.0,18.0,0.005,0.0008792841486142136,0.018306,0.0,0.3343980000000011,0.0,0.0,0.3344009999999997,0.0,8.1601392309949e-15,1.737535238888963e-07
affine_p3_n32_smooth,ok,78.09375,32.0,3.0,0.0,0.0,4.0,ofdg,1024.0,16384.0,2.0,12.0,0.005,0.0008792841486142136,0.018306,0.00713200000000036,0.1648969999999998,0.0,0.08523900000000051,0.2501400000000009,0.0,4.773959005888173e-15,1.793867034987984e-07
curved_p3_n32_smooth,ok,128.21875,32.0,3.0,1.0,0.0,-1.0,dg,1024.0,16384.0,3.0,18.0,0.005,0.0008792841486142136,0.03374699999999999,0.0,0.297837,0.0,0.0,0.2978420000000001,0.0,3.33066907387547e-16,5.931123347821061e-07
curved_p3_n32_smooth,ok,128.21875,32.0,3.0,1.0,0.0,-1.0,ofdg,1024.0,16384.0,2.0,12.0,0.005,0.0008792841486142136,0.03374699999999999,0.471607,0.2031370000000005,0.0,0.1703049999999994,0.3734449999999999,0.0,7.882583474838611e-15,6.211459637845302e-07
curved_p3_n32_smooth,ok,128.21875,32.0,3.0,1.0,0.0,-1.0,ofdg-kxrcf,1024.0,16384.0,2.0,12.0,0.005,0.0008792841486142136,0.03374699999999999,0.531231,0.2009589999999997,0.09981900000000143,0.0445719999999985,0.3453519999999997,0.0,3.33066907387547e-16,5.931123347821061e-07
curved_p3_n32_smooth,ok,128.21875,32.0,3.0,1.0,0.0,0.0,ofdg,1024.0,16384.0,2.0,12.0,0.005,0.0008792841486142136,0.03374699999999999,0.4675060000000002,0.1979299999999991,0.0,0.1674050000000005,0.3653379999999999,0.0,7.882583474838611e-15,6.211459637845302e-07
curved_p3_n32_smooth,ok,128.21875,32.0,3.0,1.0,0.0,0.0,ofdg-kxrcf,1024.0,16384.0,2.0,12.0,0.005,0.0008792841486142136,0.03374699999999999,0.4967169999999999,0.2114819999999997,0.1096770000000005,0.04817699999999947,0.3693379999999999,0.0,3.33066907387547e-16,5.931123347821061e-07
curved_p3_n32_smooth,ok,128.21875,32.0,3.0,1.0,0.0,0.0,dg,1024.0,16384.0,3.0,18.0,0.005,0.0008792841486142136,0.03374699999999999,0.0,0.2990709999999996,0.0,0.0,0.2990719999999998,0.0,3.33066907387547e-16,5.931123347821061e-07
curved_p3_n32_smooth,ok,128.21875,32.0,3.0,1.0,0.0,1.0,ofdg-kxrcf,1024.0,16384.0,2.0,12.0,0.005,0.0008792841486142136,0.03374699999999999,0.4984679999999999,0.2034489999999982,0.102735,0.04414500000000121,0.3503309999999997,0.0,3.33066907387547e-16,5.931123347821061e-07
curved_p3_n32_smooth,ok,128.21875,32.0,3.0,1.0,0.0,1.0,dg,1024.0,16384.0,3.0,18.0,0.005,0.0008792841486142136,0.03374699999999999,0.0,0.2982189999999996,0.0,0.0,0.2982209999999998,0.0,3.33066907387547e-16,5.931123347821061e-07
curved_p3_n32_smooth,ok,128.21875,32.0,3.0,1.0,0.0,1.0,ofdg,1024.0,16384.0,2.0,12.0,0.005,0.0008792841486142136,0.03374699999999999,0.491187,0.1972589999999999,0.0,0.1659160000000002,0.3631760000000002,0.0,7.882583474838611e-15,6.211459637845302e-07
curved_p3_n32_smooth,ok,128.21875,32.0,3.0,1.0,0.0,2.0,dg,1024.0,16384.0,3.0,18.0,0.005,0.0008792841486142136,0.03374699999999999,0.0,0.2976040000000006,0.0,0.0,0.2976040000000006,0.0,3.33066907387547e-16,5.931123347821061e-07
curved_p3_n32_smooth,ok,128.21875,32.0,3.0,1.0,0.0,2.0,ofdg,1024.0,16384.0,2.0,12.0,0.005,0.0008792841486142136,0.03374699999999999,0.4678490000000002,0.1988829999999995,0.0,0.1677480000000013,0.366632000000001,0.0,7.882583474838611e-15,6.211459637845302e-07
curved_p3_n32_smooth,ok,128.21875,32.0,3.0,1.0,0.0,2.0,ofdg-kxrcf,1024.0,16384.0,2.0,12.0,0.005,0.0008792841486142136,0.03374699999999999,0.5310190000000006,0.204009000000001,0.09893999999999892,0.04483400000000159,0.3477830000000015,0.0,3.33066907387547e-16,5.931123347821061e-07
curved_p3_n32_smooth,ok,128.21875,32.0,3.0,1.0,0.0,3.0,ofdg,1024.0,16384.0,2.0,12.0,0.005,0.0008792841486142136,0.03374699999999999,0.4681480000000011,0.1997609999999934,0.0,0.1636060000000068,0.363370999999999,0.0,7.882583474838611e-15,6.211459637845302e-07
curved_p3_n32_smooth,ok,128.21875,32.0,3.0,1.0,0.0,3.0,ofdg-kxrcf,1024.0,16384.0,2.0,12.0,0.005,0.0008792841486142136,0.03374699999999999,0.5054259999999999,0.2356109999999987,0.09885399999999933,0.04443000000000197,0.3788970000000003,0.0,3.33066907387547e-16,5.931123347821061e-07
curved_p3_n32_smooth,ok,128.21875,32.0,3.0,1.0,0.0,3.0,dg,1024.0,16384.0,3.0,18.0,0.005,0.0008792841486142136,0.03374699999999999,0.0,0.3019469999999984,0.0,0.0,0.3019499999999997,0.0,3.33066907387547e-16,5.931123347821061e-07
curved_p3_n32_smooth,ok,128.21875,32.0,3.0,1.0,0.0,4.0,ofdg-kxrcf,1024.0,16384.0,2.0,12.0,0.005,0.0008792841486142136,0.03374699999999999,0.497558999999999,0.2013320000000007,0.100201000000002,0.04352699999999743,0.3450600000000001,0.0,3.33066907387547e-16,5.931123347821061e-07
curved_p3_n32_smooth,ok,128.21875,32.0,3.0,1.0,0.0,4.0,dg,1024.0,16384.0,3.0,18.0,0.005,0.0008792841486142136,0.03374699999999999,0.0,0.303186000000002,0.0,0.0,0.3031870000000012,0.0,3.33066907387547e-16,5.931123347821061e-07
curved_p3_n32_smooth,ok,128.21875,32.0,3.0,1.0,0.0,4.0,ofdg,1024.0,16384.0,2.0,12.0,0.005,0.0008792841486142136,0.03374699999999999,0.4958399999999994,0.2003249999999976,0.0,0.162938000000004,0.3632640000000009,0.0,7.882583474838611e-15,6.211459637845302e-07
affine_p3_n64_smooth,ok,161.6875,64.0,3.0,0.0,0.0,-1.0,dg,4096.0,65536.0,1.0,12.0,0.005,0.0004396420743071068,0.06544700000000003,0.0,0.656598,0.0,0.0,0.656599,0.0,3.186340080674199e-14,1.150285882982106e-08
affine_p3_n64_smooth,ok,161.6875,64.0,3.0,0.0,0.0,-1.0,ofdg,4096.0,65536.0,1.0,12.0,0.005,0.0004396420743071068,0.06544700000000003,0.02961500000000006,0.6764850000000001,0.0,0.3499829999999997,1.02647,0.0,3.130828929442941e-14,1.178106586850427e-08
affine_p3_n64_smooth,ok,161.6875,64.0,3.0,0.0,0.0,-1.0,ofdg-kxrcf,4096.0,65536.0,1.0,12.0,0.005,0.0004396420743071068,0.06544700000000003,0.06118100000000015,0.6592179999999994,0.1516750000000009,0.0871499999999994,0.8980460000000001,0.0,3.186340080674199e-14,1.150285882982106e-08
affine_p3_n64_smooth,ok,161.6875,64.0,3.0,0.0,0.0,0.0,ofdg,4096.0,65536.0,1.0,12.0,0.005,0.0004396420743071068,0.06544700000000003,0.02922599999999997,0.6624749999999997,0.0,0.3784390000000002,1.040919,0.0,3.130828929442941e-14,1.178106586850427e-08
affine_p3_n64_smooth,ok,161.6875,64.0,3.0,0.0,0.0,0.0,ofdg-kxrcf,4096.0,65536.0,1.0,12.0,0.005,0.0004396420743071068,0.06544700000000003,0.06144099999999986,0.6581770000000002,0.1538729999999999,0.087777,0.8998270000000002,0.0,3.186340080674199e-14,1.150285882982106e-08
affine_p3_n64_smooth,ok,161.6875,64.0,3.0,0.0,0.0,0.0,dg,4096.0,65536.0,1.0,12.0,0.005,0.0004396420743071068,0.06544700000000003,0.0,0.706995,0.0,0.0,0.7069990000000006,0.0,3.186340080674199e-14,1.150285882982106e-08
affine_p3_n64_smooth,ok,161.6875,64.0,3.0,0.0,0.0,1.0,ofdg-kxrcf,4096.0,65536.0,1.0,12.0,0.005,0.0004396420743071068,0.06544700000000003,0.07592799999999933,0.6620739999999996,0.1526580000000006,0.08872999999999998,0.9034630000000003,0.0,3.186340080674199e-14,1.150285882982106e-08
affine_p3_n64_smooth,ok,161.6875,64.0,3.0,0.0,0.0,1.0,dg,4096.0,65536.0,1.0,12.0,0.005,0.0004396420743071068,0.06544700000000003,0.0,0.6620479999999995,0.0,0.0,0.6620499999999998,0.0,3.186340080674199e-14,1.150285882982106e-08
affine_p3_n64_smooth,ok,161.6875,64.0,3.0,0.0,0.0,1.0,ofdg,4096.0,65536.0,1.0,12.0,0.005,0.0004396420743071068,0.06544700000000003,0.02904200000000046,0.6612719999999994,0.0,0.3636309999999989,1.02491,0.0,3.130828929442941e-14,1.178106586850427e-08
affine_p3_n64_smooth,ok,161.6875,64.0,3.0,0.0,0.0,2.0,dg,4096.0,65536.0,1.0,12.0,0.005,0.0004396420743071068,0.06544700000000003,0.0,0.657292,0.0,0.0,0.6572949999999995,0.0,3.186340080674199e-14,1.150285882982106e-08
affine_p3_n64_smooth,ok,161.6875,64.0,3.0,0.0,0.0,2.0,ofdg,4096.0,65536.0,1.0,12.0,0.005,0.0004396420743071068,0.06544700000000003,0.02903000000000056,0.685927999999997,0.0,0.338765000000004,1.024693000000001,0.0,3.130828929442941e-14,1.178106586850427e-08
affine_p3_n64_smooth,ok,161.6875,64.0,3.0,0.0,0.0,2.0,ofdg-kxrcf,4096.0,65536.0,1.0,12.0,0.005,0.0004396420743071068,0.06544700000000003,0.06012199999999979,0.6563330000000036,0.1531760000000002,0.08815899999999743,0.8976700000000015,0.0,3.186340080674199e-14,1.150285882982106e-08
affine_p3_n64_smooth,ok,161.6875,64.0,3.0,0.0,0.0,3.0,ofdg,4096.0,65536.0,1.0,12.0,0.005,0.0004396420743071068,0.06544700000000003,0.02937499999999993,0.6848149999999986,0.0,0.3406080000000014,1.025426000000001,0.0,3.130828929442941e-14,1.178106586850427e-08
affine_p3_n64_smooth,ok,161.6875,64.0,3.0,0.0,0.0,3.0,ofdg-kxrcf,4096.0,65536.0,1.0,12.0,0.005,0.0004396420743071068,0.06544700000000003,0.06123900000000049,0.6580770000000022,0.1520599999999988,0.08849400000000074,0.8986330000000002,0.0,3.186340080674199e-14,1.150285882982106e-08
affine_p3_n64_smooth,ok,161.6875,64.0,3.0,0.0,0.0,3.0,dg,4096.0,65536.0,1.0,12.0,0.005,0.0004396420743071068,0.06544700000000003,0.0,0.6551899999999975,0.0,0.0,0.6551929999999988,0.0,3.186340080674199e-14,1.150285882982106e-08
affine_p3_n64_smooth,ok,161.6875,64.0,3.0,0.0,0.0,4.0,ofdg-kxrcf,4096.0,65536.0,1.0,12.0,0.005,0.0004396420743071068,0.06544700000000003,0.06044400000000039,0.6529520000000044,0.1768449999999966,0.08907499999999935,0.9188740000000006,0.0,3.186340080674199e-14,1.150285882982106e-08
affine_p3_n64_smooth,ok,161.6875,64.0,3.0,0.0,0.0,4.0,dg,4096.0,65536.0,1.0,12.0,0.005,0.0004396420743071068,0.06544700000000003,0.0,0.6519390000000005,0.0,0.0,0.6519399999999997,0.0,3.186340080674199e-14,1.150285882982106e-08
affine_p3_n64_smooth,ok,161.6875,64.0,3.0,0.0,0.0,4.0,ofdg,4096.0,65536.0,1.0,12.0,0.005,0.0004396420743071068,0.06544700000000003,0.02919699999999992,0.6855059999999948,0.0,0.3403350000000085,1.025843000000002,0.0,3.130828929442941e-14,1.178106586850427e-08
curved_p3_n64_smooth,ok,391.40625,64.0,3.0,1.0,0.0,-1.0,dg,4096.0,65536.0,1.0,12.0,0.005,0.0004396420743071068,0.1608900000000001,0.0,0.804144,0.0,0.0,0.8041459999999999,0.0,1.110223024625157e-14,3.912673826209398e-08
curved_p3_n64_smooth,ok,391.40625,64.0,3.0,1.0,0.0,-1.0,ofdg,4096.0,65536.0,1.0,12.0,0.005,0.0004396420743071068,0.1608900000000001,1.906612,0.8381819999999989,0.0,0.6642520000000003,1.50244,0.0,1.27675647831893e-14,4.057244944076819e-08
curved_p3_n64_smooth,ok,391.40625,64.0,3.0,1.0,0.0,-1.0,ofdg-kxrcf,4096.0,65536.0,1.0,12.0,0.005,0.0004396420743071068,0.1608900000000001,2.021739,0.8317889999999979,0.4075550000000012,0.1718549999999999,1.411200999999999,0.0,1.110223024625157e-14,3.912673826209398e-08
curved_p3_n64_smooth,ok,391.40625,64.0,3.0,1.0,0.0,0.0,ofdg,4096.0,65536.0,1.0,12.0,0.005,0.0004396420743071068,0.1608900000000001,1.901427999999999,0.7978930000000002,0.0,0.6685019999999984,1.4664,0.0,1.27675647831893e-14,4.057244944076819e-08
curved_p3_n64_smooth,ok,391.40625,64.0,3.0,1.0,0.0,0.0,ofdg-kxrcf,4096.0,65536.0,1.0,12.0,0.005,0.0004396420743071068,0.1608900000000001,2.018798,0.7992130000000053,0.4173069999999974,0.179294999999998,1.395816999999999,0.0,1.110223024625157e-14,3.912673826209398e-08
curved_p3_n64_smooth,ok,391.40625,64.0,3.0,1.0,0.0,0.0,dg,4096.0,65536.0,1.0,12.0,0.005,0.0004396420743071068,0.1608900000000001,0.0,0.8185520000000022,0.0,0.0,0.818556000000001,0.0,1.110223024625157e-14,3.912673826209398e-08
curved_p3_n64_smooth,ok,391.40625,64.0,3.0,1.0,0.0,1.0,ofdg-kxrcf,4096.0,65536.0,1.0,12.0,0.005,0.0004396420743071068,0.1608900000000001,1.995743000000001,0.8056710000000002,0.4294630000000019,0.1812429999999985,1.416379000000003,0.0,1.110223024625157e-14,3.912673826209398e-08
curved_p3_n64_smooth,ok,391.40625,64.0,3.0,1.0,0.0,1.0,dg,4096.0,65536.0,1.0,12.0,0.005,0.0004396420743071068,0.1608900000000001,1.000000001027956e-06,0.8445480000000032,0.0,0.0,0.8445480000000032,0.0,1.110223024625157e-14,3.912673826209398e-08
curved_p3_n64_smooth,ok,391.40625,64.0,3.0,1.0,0.0,1.0,ofdg,4096.0,65536.0,1.0,12.0,0.005,0.0004396420743071068,0.1608900000000001,1.903466999999999,0.8016879999999986,0.0,0.6724470000000089,1.474141000000003,0.0,1.27675647831893e-14,4.057244944076819e-08
curved_p3_n64_smooth,ok,391.40625,64.0,3.0,1.0,0.0,2.0,dg,4096.0,65536.0,1.0,12.0,0.005,0.0004396420743071068,0.1608900000000001,0.0,0.819153,0.0,0.0,0.8191539999999975,0.0,1.110223024625157e-14,3.912673826209398e-08
curved_p3_n64_smooth,ok,391.40625,64.0,3.0,1.0,0.0,2.0,ofdg,4096.0,65536.0,1.0,12.0,0.005,0.0004396420743071068,0.1608900000000001,1.910426000000001,0.8010480000000051,0.0,0.6702549999999938,1.471309000000002,0.0,1.27675647831893e-14,4.057244944076819e-08
curved_p3_n64_smooth,ok,391.40625,64.0,3.0,1.0,0.0,2.0,ofdg-kxrcf,4096.0,65536.0,1.0,12.0,0.005,0.0004396420743071068,0.1608900000000001,2.027131999999998,0.8210120000000138,0.3865819999999935,0.1726829999999957,1.380280000000003,0.0,1.110223024625157e-14,3.912673826209398e-08
curved_p3_n64_smooth,ok,391.40625,64.0,3.0,1.0,0.0,3.0,ofdg,4096.0,65536.0,1.0,12.0,0.005,0.0004396420743071068,0.1608900000000001,1.913632,0.7832759999999936,0.0,0.6983519999999928,1.481631999999998,0.0,1.27675647831893e-14,4.057244944076819e-08
curved_p3_n64_smooth,ok,391.40625,64.0,3.0,1.0,0.0,3.0,ofdg-kxrcf,4096.0,65536.0,1.0,12.0,0.005,0.0004396420743071068,0.1608900000000001,2.025489999999998,0.8115459999999999,0.3907799999999924,0.1694380000000066,1.371763999999999,0.0,1.110223024625157e-14,3.912673826209398e-08
curved_p3_n64_smooth,ok,391.40625,64.0,3.0,1.0,0.0,3.0,dg,4096.0,65536.0,1.0,12.0,0.005,0.0004396420743071068,0.1608900000000001,0.0,0.8140099999999961,0.0,0.0,0.8140119999999982,0.0,1.110223024625157e-14,3.912673826209398e-08
curved_p3_n64_smooth,ok,391.40625,64.0,3.0,1.0,0.0,4.0,ofdg-kxrcf,4096.0,65536.0,1.0,12.0,0.005,0.0004396420743071068,0.1608900000000001,2.021860000000004,0.8205599999999933,0.3754230000000263,0.1745119999999858,1.370495000000005,0.0,1.110223024625157e-14,3.912673826209398e-08
curved_p3_n64_smooth,ok,391.40625,64.0,3.0,1.0,0.0,4.0,dg,4096.0,65536.0,1.0,12.0,0.005,0.0004396420743071068,0.1608900000000001,1.00000000458067e-06,0.8680359999999894,0.0,0.0,0.8680379999999985,0.0,1.110223024625157e-14,3.912673826209398e-08
curved_p3_n64_smooth,ok,391.40625,64.0,3.0,1.0,0.0,4.0,ofdg,4096.0,65536.0,1.0,12.0,0.005,0.0004396420743071068,0.1608900000000001,1.921869000000001,0.8380159999999819,0.0,0.6938069999999925,1.531827999999997,0.0,1.27675647831893e-14,4.057244944076819e-08
affine_p2_n16_jump,ok,26.96875,16.0,2.0,0.0,1.0,-1.0,dg,256.0,2304.0,31.0,93.0,0.005,0.002461995616119798,0.002429000000000008,0.0,0.2527859999999999,0.0,0.0,0.2527950000000001,0.0,1.043609643147647e-14,0.02133494071004505
affine_p2_n16_jump,ok,26.96875,16.0,2.0,0.0,1.0,-1.0,ofdg,256.0,2304.0,22.0,66.0,0.005,0.002461995616119798,0.002429000000000008,0.001701999999999981,0.1789560000000002,0.0,0.08021699999999976,0.259177,0.0,9.103828801926284e-15,0.01872805316910837
affine_p2_n16_jump,ok,26.96875,16.0,2.0,0.0,1.0,-1.0,ofdg-kxrcf,256.0,2304.0,22.0,66.0,0.005,0.002461995616119798,0.002429000000000008,0.00331300000000001,0.1786850000000002,0.04440599999999961,0.03854900000000006,0.2616429999999998,3520.0,8.881784197001252e-15,0.01872706534805465
affine_p2_n16_jump,ok,26.96875,16.0,2.0,0.0,1.0,0.0,ofdg,256.0,2304.0,22.0,66.0,0.005,0.002461995616119798,0.002429000000000008,0.001711000000000018,0.1789050000000005,0.0,0.08051799999999976,0.259429,0.0,9.103828801926284e-15,0.01872805316910837
affine_p2_n16_jump,ok,26.96875,16.0,2.0,0.0,1.0,0.0,ofdg-kxrcf,256.0,2304.0,21.0,63.0,0.005,0.002461995616119798,0.002429000000000008,0.01266199999999995,0.1759840000000017,0.04184200000000038,0.03909999999999836,0.256929,3360.0,8.881784197001252e-15,0.01872706534805465
affine_p2_n16_jump,ok,26.96875,16.0,2.0,0.0,1.0,0.0,dg,256.0,2304.0,31.0,93.0,0.005,0.002461995616119798,0.002429000000000008,1.000000000139778e-06,0.2500429999999993,0.0,0.0,0.2500519999999995,0.0,1.043609643147647e-14,0.02133494071004505
affine_p2_n16_jump,ok,26.96875,16.0,2.0,0.0,1.0,1.0,ofdg-kxrcf,256.0,2304.0,22.0,66.0,0.005,0.002461995616119798,0.002429000000000008,0.003344000000000014,0.1792720000000005,0.0437430000000012,0.03850099999999923,0.2615180000000008,3520.0,8.881784197001252e-15,0.01872706534805465
affine_p2_n16_jump,ok,26.96875,16.0,2.0,0.0,1.0,1.0,dg,256.0,2304.0,31.0,93.0,0.005,0.002461995616119798,0.002429000000000008,0.0,0.2508420000000005,0.0,0.0,0.2508540000000008,0.0,1.043609643147647e-14,0.02133494071004505
affine_p2_n16_jump,ok,26.96875,16.0,2.0,0.0,1.0,1.0,ofdg,256.0,2304.0,22.0,66.0,0.005,0.002461995616119798,0.002429000000000008,0.001685999999999854,0.1773829999999994,0.0,0.08110900000000232,0.2584960000000009,0.0,9.103828801926284e-15,0.01872805316910837
affine_p2_n16_jump,ok,26.96875,16.0,2.0,0.0,1.0,2.0,dg,256.0,2304.0,31.0,93.0,0.005,0.002461995616119798,0.002429000000000008,0.0,0.2512440000000002,0.0,0.0,0.2512500000000002,0.0,1.043609643147647e-14,0.02133494071004505
affine_p2_n16_jump,ok,26.96875,16.0,2.0,0.0,1.0,2.0,ofdg,256.0,2304.0,22.0,66.0,0.005,0.002461995616119798,0.002429000000000008,0.001749000000000223,0.1784150000000002,0.0,0.08099800000000101,0.2594180000000019,0.0,9.103828801926284e-15,0.01872805316910837
affine_p2_n16_jump,ok,26.96875,16.0,2.0,0.0,1.0,2.0,ofdg-kxrcf,256.0,2304.0,22.0,66.0,0.005,0.002461995616119798,0.002429000000000008,0.003322999999999965,0.1793930000000015,0.04382099999999856,0.03856600000000032,0.2617800000000003,3520.0,8.881784197001252e-15,0.01872706534805465
affine_p2_n16_jump,ok,26.96875,16.0,2.0,0.0,1.0,3.0,ofdg,256.0,2304.0,20.0,60.0,0.005,0.002461995616119798,0.002429000000000008,0.001651999999999987,0.1658129999999982,0.0,0.09411700000000156,0.2599329999999997,0.0,9.103828801926284e-15,0.01872805316910837
affine_p2_n16_jump,ok,26.96875,16.0,2.0,0.0,1.0,3.0,ofdg-kxrcf,256.0,2304.0,22.0,66.0,0.005,0.002461995616119798,0.002429000000000008,0.003360999999999947,0.1780840000000024,0.04411899999999847,0.03834799999999872,0.2605509999999995,3520.0,8.881784197001252e-15,0.01872706534805465
affine_p2_n16_jump,ok,26.96875,16.0,2.0,0.0,1.0,3.0,dg,256.0,2304.0,32.0,96.0,0.005,0.002461995616119798,0.002429000000000008,0.0,0.2577299999999996,0.0,0.0,0.2577340000000001,0.0,1.043609643147647e-14,0.02133494071004505
affine_p2_n16_jump,ok,26.96875,16.0,2.0,0.0,1.0,4.0,ofdg-kxrcf,256.0,2304.0,21.0,63.0,0.005,0.002461995616119798,0.002429000000000008,0.003307999999999645,0.1704579999999938,0.04259100000000338,0.03708100000000014,0.250134999999998,3360.0,8.881784197001252e-15,0.01872706534805465
affine_p2_n16_jump,ok,26.96875,16.0,2.0,0.0,1.0,4.0,dg,256.0,2304.0,31.0,93.0,0.005,0.002461995616119798,0.002429000000000008,0.0,0.2513949999999996,0.0,0.0,0.2514010000000004,0.0,1.043609643147647e-14,0.02133494071004505
affine_p2_n16_jump,ok,26.96875,16.0,2.0,0.0,1.0,4.0,ofdg,256.0,2304.0,22.0,66.0,0.005,0.002461995616119798,0.002429000000000008,0.001684000000000019,0.1778609999999974,0.0,0.08080400000000232,0.2586659999999998,0.0,9.103828801926284e-15,0.01872805316910837
curved_p2_n16_jump,ok,44.984375,16.0,2.0,1.0,1.0,-1.0,dg,256.0,2304.0,25.0,75.0,0.005,0.002461995616119798,0.005552000000000001,0.0,0.2512410000000002,0.0,0.0,0.2512460000000001,0.0,5.995204332975845e-15,0.02362896413744033
curved_p2_n16_jump,ok,44.984375,16.0,2.0,1.0,1.0,-1.0,ofdg,256.0,2304.0,13.0,39.0,0.005,0.002461995616119798,0.005552000000000001,0.06713900000000006,0.140467,0.0,0.1122299999999998,0.2526999999999999,0.0,6.883382752675971e-15,0.02307266753831059
curved_p2_n16_jump,ok,44.984375,16.0,2.0,1.0,1.0,-1.0,ofdg-kxrcf,256.0,2304.0,14.0,42.0,0.005,0.002461995616119798,0.005552000000000001,0.073183,0.1427240000000001,0.07764499999999985,0.04083400000000015,0.261206,1624.0,2.442490654175344e-15,0.02323480558056592
curved_p2_n16_jump,ok,44.984375,16.0,2.0,1.0,1.0,0.0,ofdg,256.0,2304.0,15.0,45.0,0.005,0.002461995616119798,0.005552000000000001,0.06655599999999984,0.1508589999999992,0.0,0.1057430000000008,0.2566040000000003,0.0,6.883382752675971e-15,0.02307266753831059
curved_p2_n16_jump,ok,44.984375,16.0,2.0,1.0,1.0,0.0,ofdg-kxrcf,256.0,2304.0,14.0,42.0,0.005,0.002461995616119798,0.005552000000000001,0.0725070000000001,0.1405979999999991,0.07595799999999997,0.04078300000000001,0.257339999999999,1624.0,2.442490654175344e-15,0.02323480558056592
curved_p2_n16_jump,ok,44.984375,16.0,2.0,1.0,1.0,0.0,dg,256.0,2304.0,26.0,78.0,0.005,0.002461995616119798,0.005552000000000001,0.0,0.2574480000000012,0.0,0.0,0.2574540000000012,0.0,5.995204332975845e-15,0.02362896413744033
curved_p2_n16_jump,ok,44.984375,16.0,2.0,1.0,1.0,1.0,ofdg-kxrcf,256.0,2304.0,14.0,42.0,0.005,0.002461995616119798,0.005552000000000001,0.07316300000000009,0.1412059999999991,0.07604500000000058,0.04039999999999999,0.2576519999999998,1624.0,2.442490654175344e-15,0.02323480558056592
curved_p2_n16_jump,ok,44.984375,16.0,2.0,1.0,1.0,1.0,dg,256.0,2304.0,26.0,78.0,0.005,0.002461995616119798,0.005552000000000001,0.0,0.260073999999999,0.0,0.0,0.260079999999999,0.0,5.995204332975845e-15,0.02362896413744033
curved_p2_n16_jump,ok,44.984375,16.0,2.0,1.0,1.0,1.0,ofdg,256.0,2304.0,14.0,42.0,0.005,0.002461995616119798,0.005552000000000001,0.06666400000000028,0.1485370000000006,0.0,0.114878,0.2634200000000013,0.0,6.883382752675971e-15,0.02307266753831059
curved_p2_n16_jump,ok,44.984375,16.0,2.0,1.0,1.0,2.0,dg,256.0,2304.0,26.0,78.0,0.005,0.002461995616119798,0.005552000000000001,0.0,0.2557610000000001,0.0,0.0,0.2557659999999999,0.0,5.995204332975845e-15,0.02362896413744033
curved_p2_n16_jump,ok,44.984375,16.0,2.0,1.0,1.0,2.0,ofdg,256.0,2304.0,15.0,45.0,0.005,0.002461995616119798,0.005552000000000001,0.06703199999999976,0.1532339999999985,0.0,0.1083250000000007,0.261560999999999,0.0,6.883382752675971e-15,0.02307266753831059
curved_p2_n16_jump,ok,44.984375,16.0,2.0,1.0,1.0,2.0,ofdg-kxrcf,256.0,2304.0,14.0,42.0,0.005,0.002461995616119798,0.005552000000000001,0.07344499999999998,0.1438239999999995,0.07705600000000068,0.04093400000000047,0.2618150000000004,1624.0,2.442490654175344e-15,0.02323480558056592
curved_p2_n16_jump,ok,44.984375,16.0,2.0,1.0,1.0,3.0,ofdg,256.0,2304.0,15.0,45.0,0.005,0.002461995616119798,0.005552000000000001,0.06676700000000002,0.1521579999999996,0.0,0.1088620000000002,0.2610229999999985,0.0,6.883382752675971e-15,0.02307266753831059
curved_p2_n16_jump,ok,44.984375,16.0,2.0,1.0,1.0,3.0,ofdg-kxrcf,256.0,2304.0,14.0,42.0,0.005,0.002461995616119798,0.005552000000000001,0.07340900000000072,0.1439889999999968,0.07883499999999977,0.04112300000000069,0.2639489999999975,1624.0,2.442490654175344e-15,0.02323480558056592
curved_p2_n16_jump,ok,44.984375,16.0,2.0,1.0,1.0,3.0,dg,256.0,2304.0,26.0,78.0,0.005,0.002461995616119798,0.005552000000000001,0.0,0.2558180000000005,0.0,0.0,0.2558220000000002,0.0,5.995204332975845e-15,0.02362896413744033
curved_p2_n16_jump,ok,44.984375,16.0,2.0,1.0,1.0,4.0,ofdg-kxrcf,256.0,2304.0,14.0,42.0,0.005,0.002461995616119798,0.005552000000000001,0.07316699999999976,0.1396389999999998,0.074569000000003,0.04026299999999772,0.2544720000000007,1624.0,2.442490654175344e-15,0.02323480558056592
curved_p2_n16_jump,ok,44.984375,16.0,2.0,1.0,1.0,4.0,dg,256.0,2304.0,26.0,78.0,0.005,0.002461995616119798,0.005552000000000001,0.0,0.2573009999999982,0.0,0.0,0.2573069999999991,0.0,5.995204332975845e-15,0.02362896413744033
curved_p2_n16_jump,ok,44.984375,16.0,2.0,1.0,1.0,4.0,ofdg,256.0,2304.0,15.0,45.0,0.005,0.002461995616119798,0.005552000000000001,0.06687700000000074,0.1494410000000022,0.0,0.1060050000000006,0.2554470000000029,0.0,6.883382752675971e-15,0.02307266753831059
affine_p2_n64_jump,ok,95.28125,64.0,2.0,0.0,1.0,-1.0,dg,4096.0,36864.0,1.0,9.0,0.005,0.0006154989040299496,0.03148,0.0,0.388114,0.0,0.0,0.388114,0.0,3.597122599785507e-14,0.01308877476788887
affine_p2_n64_jump,ok,95.28125,64.0,2.0,0.0,1.0,-1.0,ofdg,4096.0,36864.0,1.0,9.0,0.005,0.0006154989040299496,0.03148,0.02601999999999993,0.3925680000000001,0.0,0.1813829999999995,0.573955,0.0,2.442490654175344e-15,0.01538961387703586
affine_p2_n64_jump,ok,95.28125,64.0,2.0,0.0,1.0,-1.0,ofdg-kxrcf,4096.0,36864.0,1.0,9.0,0.005,0.0006154989040299496,0.03148,0.07835300000000012,0.3884449999999995,0.09781400000000029,0.0619940000000001,0.548254,2816.0,7.327471962526033e-15,0.01539555504937557
affine_p2_n64_jump,ok,95.28125,64.0,2.0,0.0,1.0,0.0,ofdg,4096.0,36864.0,1.0,9.0,0.005,0.0006154989040299496,0.03148,0.02624599999999999,0.3948239999999994,0.0,0.1801420000000005,0.5749689999999998,0.0,2.442490654175344e-15,0.01538961387703586
affine_p2_n64_jump,ok,95.28125,64.0,2.0,0.0,1.0,0.0,ofdg-kxrcf,4096.0,36864.0,1.0,9.0,0.005,0.0006154989040299496,0.03148,0.05294500000000024,0.391149,0.0957110000000001,0.06175799999999976,0.5486179999999998,2816.0,7.327471962526033e-15,0.01539555504937557
affine_p2_n64_jump,ok,95.28125,64.0,2.0,0.0,1.0,0.0,dg,4096.0,36864.0,1.0,9.0,0.005,0.0006154989040299496,0.03148,0.0,0.4137129999999996,0.0,0.0,0.4137139999999997,0.0,3.597122599785507e-14,0.01308877476788887
affine_p2_n64_jump,ok,95.28125,64.0,2.0,0.0,1.0,1.0,ofdg-kxrcf,4096.0,36864.0,1.0,9.0,0.005,0.0006154989040299496,0.03148,0.05204299999999984,0.3913359999999995,0.09540400000000027,0.06261000000000072,0.5493510000000001,2816.0,7.327471962526033e-15,0.01539555504937557
affine_p2_n64_jump,ok,95.28125,64.0,2.0,0.0,1.0,1.0,dg,4096.0,36864.0,1.0,9.0,0.005,0.0006154989040299496,0.03148,9.999999992515995e-07,0.3889949999999995,0.0,0.0,0.388998,0.0,3.597122599785507e-14,0.01308877476788887
affine_p2_n64_jump,ok,95.28125,64.0,2.0,0.0,1.0,1.0,ofdg,4096.0,36864.0,1.0,9.0,0.005,0.0006154989040299496,0.03148,0.02620800000000045,0.3866299999999985,0.0,0.1797570000000013,0.5663910000000003,0.0,2.442490654175344e-15,0.01538961387703586
affine_p2_n64_jump,ok,95.28125,64.0,2.0,0.0,1.0,2.0,dg,4096.0,36864.0,1.0,9.0,0.005,0.0006154989040299496,0.03148,0.0,0.4114840000000006,0.0,0.0,0.411486,0.0,3.597122599785507e-14,0.01308877476788887
affine_p2_n64_jump,ok,95.28125,64.0,2.0,0.0,1.0,2.0,ofdg,4096.0,36864.0,1.0,9.0,0.005,0.0006154989040299496,0.03148,0.02578399999999981,0.3911760000000006,0.0,0.1809929999999991,0.5721730000000003,0.0,2.442490654175344e-15,0.01538961387703586
affine_p2_n64_jump,ok,95.28125,64.0,2.0,0.0,1.0,2.0,ofdg-kxrcf,4096.0,36864.0,1.0,9.0,0.005,0.0006154989040299496,0.03148,0.05512400000000017,0.3992889999999996,0.09561600000000059,0.0633429999999997,0.5582500000000001,2816.0,7.327471962526033e-15,0.01539555504937557
affine_p2_n64_jump,ok,95.28125,64.0,2.0,0.0,1.0,3.0,ofdg,4096.0,36864.0,1.0,9.0,0.005,0.0006154989040299496,0.03148,0.0256949999999998,0.3890399999999996,0.0,0.1815490000000004,0.5705920000000004,0.0,2.442490654175344e-15,0.01538961387703586
affine_p2_n64_jump,ok,95.28125,64.0,2.0,0.0,1.0,3.0,ofdg-kxrcf,4096.0,36864.0,1.0,9.0,0.005,0.0006154989040299496,0.03148,0.05264799999999958,0.4193830000000007,0.09583299999999983,0.0614309999999989,0.5766479999999996,2816.0,7.327471962526033e-15,0.01539555504937557
affine_p2_n64_jump,ok,95.28125,64.0,2.0,0.0,1.0,3.0,dg,4096.0,36864.0,1.0,9.0,0.005,0.0006154989040299496,0.03148,0.0,0.3842110000000023,0.0,0.0,0.3842130000000008,0.0,3.597122599785507e-14,0.01308877476788887
affine_p2_n64_jump,ok,95.28125,64.0,2.0,0.0,1.0,4.0,ofdg-kxrcf,4096.0,36864.0,1.0,9.0,0.005,0.0006154989040299496,0.03148,0.05297799999999953,0.3917140000000003,0.09662700000000335,0.06178899999999743,0.5501300000000011,2816.0,7.327471962526033e-15,0.01539555504937557
affine_p2_n64_jump,ok,95.28125,64.0,2.0,0.0,1.0,4.0,dg,4096.0,36864.0,1.0,9.0,0.005,0.0006154989040299496,0.03148,0.0,0.3859030000000008,0.0,0.0,0.3859089999999998,0.0,3.597122599785507e-14,0.01308877476788887
affine_p2_n64_jump,ok,95.28125,64.0,2.0,0.0,1.0,4.0,ofdg,4096.0,36864.0,1.0,9.0,0.005,0.0006154989040299496,0.03148,0.02608099999999958,0.4204840000000019,0.0,0.1820140000000006,0.6025039999999997,0.0,2.442490654175344e-15,0.01538961387703586
curved_p2_n64_jump,ok,204.3125,64.0,2.0,1.0,1.0,-1.0,dg,4096.0,36864.0,1.0,9.0,0.005,0.0006154989040299496,0.077417,0.0,0.477102,0.0,0.0,0.477105,0.0,1.998401444325282e-15,0.01368941185670789
curved_p2_n64_jump,ok,204.3125,64.0,2.0,1.0,1.0,-1.0,ofdg,4096.0,36864.0,1.0,9.0,0.005,0.0006154989040299496,0.077417,1.098032,0.487231,0.0,0.3562059999999994,0.8434389999999996,0.0,3.952393967665557e-14,0.01560635921988742
curved_p2_n64_jump,ok,204.3125,64.0,2.0,1.0,1.0,-1.0,ofdg-kxrcf,4096.0,36864.0,1.0,9.0,0.005,0.0006154989040299496,0.077417,1.203372,0.4757579999999981,0.2558159999999994,0.1152590000000018,0.8468339999999994,2579.0,5.995204332975845e-15,0.01538349333309532
curved_p2_n64_jump,ok,204.3125,64.0,2.0,1.0,1.0,0.0,ofdg,4096.0,36864.0,1.0,9.0,0.005,0.0006154989040299496,0.077417,1.107522,0.5036160000000001,0.0,0.361140999999999,0.8647619999999998,0.0,3.952393967665557e-14,0.01560635921988742
curved_p2_n64_jump,ok,204.3125,64.0,2.0,1.0,1.0,0.0,ofdg-kxrcf,4096.0,36864.0,1.0,9.0,0.005,0.0006154989040299496,0.077417,1.196917999999999,0.4801900000000021,0.2592969999999966,0.1139980000000023,0.8534870000000012,2579.0,5.995204332975845e-15,0.01538349333309532
curved_p2_n64_jump,ok,204.3125,64.0,2.0,1.0,1.0,0.0,dg,4096.0,36864.0,1.0,9.0,0.005,0.0006154989040299496,0.077417,0.0,0.4764800000000005,0.0,0.0,0.4764800000000005,0.0,1.998401444325282e-15,0.01368941185670789
curved_p2_n64_jump,ok,204.3125,64.0,2.0,1.0,1.0,1.0,ofdg-kxrcf,4096.0,36864.0,1.0,9.0,0.005,0.0006154989040299496,0.077417,1.169297,0.4820170000000008,0.2705749999999991,0.1152879999999996,0.8678829999999991,2579.0,5.995204332975845e-15,0.01538349333309532
curved_p2_n64_jump,ok,204.3125,64.0,2.0,1.0,1.0,1.0,dg,4096.0,36864.0,1.0,9.0,0.005,0.0006154989040299496,0.077417,0.0,0.4763999999999999,0.0,0.0,0.4764009999999992,0.0,1.998401444325282e-15,0.01368941185670789
curved_p2_n64_jump,ok,204.3125,64.0,2.0,1.0,1.0,1.0,ofdg,4096.0,36864.0,1.0,9.0,0.005,0.0006154989040299496,0.077417,1.070173,0.5132999999999974,0.0,0.361559999999999,0.8748629999999995,0.0,3.952393967665557e-14,0.01560635921988742
curved_p2_n64_jump,ok,204.3125,64.0,2.0,1.0,1.0,2.0,dg,4096.0,36864.0,1.0,9.0,0.005,0.0006154989040299496,0.077417,0.0,0.4754760000000005,0.0,0.0,0.4754760000000005,0.0,1.998401444325282e-15,0.01368941185670789
curved_p2_n64_jump,ok,204.3125,64.0,2.0,1.0,1.0,2.0,ofdg,4096.0,36864.0,1.0,9.0,0.005,0.0006154989040299496,0.077417,1.092417000000001,0.4833730000000109,0.0,0.3485729999999876,0.8319490000000016,0.0,3.952393967665557e-14,0.01560635921988742
curved_p2_n64_jump,ok,204.3125,64.0,2.0,1.0,1.0,2.0,ofdg-kxrcf,4096.0,36864.0,1.0,9.0,0.005,0.0006154989040299496,0.077417,1.193231000000001,0.4841679999999968,0.2603120000000025,0.1165910000000032,0.8610730000000011,2579.0,5.995204332975845e-15,0.01538349333309532
curved_p2_n64_jump,ok,204.3125,64.0,2.0,1.0,1.0,3.0,ofdg,4096.0,36864.0,1.0,9.0,0.005,0.0006154989040299496,0.077417,1.094071,0.4863889999999955,0.0,0.3565480000000001,0.8429389999999977,0.0,3.952393967665557e-14,0.01560635921988742
curved_p2_n64_jump,ok,204.3125,64.0,2.0,1.0,1.0,3.0,ofdg-kxrcf,4096.0,36864.0,1.0,9.0,0.005,0.0006154989040299496,0.077417,1.19172,0.4778319999999994,0.2678539999999998,0.1154760000000046,0.8611649999999997,2579.0,5.995204332975845e-15,0.01538349333309532
curved_p2_n64_jump,ok,204.3125,64.0,2.0,1.0,1.0,3.0,dg,4096.0,36864.0,1.0,9.0,0.005,0.0006154989040299496,0.077417,0.0,0.4746270000000017,0.0,0.0,0.4746279999999992,0.0,1.998401444325282e-15,0.01368941185670789
curved_p2_n64_jump,ok,204.3125,64.0,2.0,1.0,1.0,4.0,ofdg-kxrcf,4096.0,36864.0,1.0,9.0,0.005,0.0006154989040299496,0.077417,1.200727000000001,0.4837169999999986,0.2598730000000025,0.1143699999999974,0.8579620000000006,2579.0,5.995204332975845e-15,0.01538349333309532
curved_p2_n64_jump,ok,204.3125,64.0,2.0,1.0,1.0,4.0,dg,4096.0,36864.0,1.0,9.0,0.005,0.0006154989040299496,0.077417,0.0,0.5006800000000027,0.0,0.0,0.5006810000000002,0.0,1.998401444325282e-15,0.01368941185670789
curved_p2_n64_jump,ok,204.3125,64.0,2.0,1.0,1.0,4.0,ofdg,4096.0,36864.0,1.0,9.0,0.005,0.0006154989040299496,0.077417,1.068950000000001,0.5150959999999962,0.0,0.363506000000001,0.8786029999999982,0.0,3.952393967665557e-14,0.01560635921988742
