rank,element,sample,x,y,value
0,0,polynomial,0.0086593977387412757,0.01709994001569597,0.99142980212646725
0,0,polynomial,0.040104906304470014,0.048545448581424733,0.91532750966701037
0,0,polynomial,0.073800995438408276,0.082241537715362967,0.77683216719200365
0,0,polynomial,0.0090412141762037847,0.046487609704393133,0.96494555785751146
0,0,polynomial,0.041671464325664376,0.079117859853853709,0.85947355215835686
0,0,polynomial,0.0094005216419579731,0.075852770421381971,0.92917010365211927
0,0,cell_average,0.030153424762333163,0.057931202540110943,0.90574160344285382
0,0,center,0.030153424762333163,0.057931202540110943,0.91795048952899161
0,1,polynomial,0.082241537715362981,0.07380099543840829,0.77526314027250642
0,1,polynomial,0.048545448581424754,0.040104906304470028,0.9140657405265008
0,1,polynomial,0.017099940015695966,0.0086593977387412688,0.99240279931695141
0,1,polynomial,0.079117859853853667,0.041671464325664327,0.85449966812423617
0,1,polynomial,0.046487609704393119,0.0090412141762037865,0.96619484029741065
0,1,polynomial,0.075852770421381943,0.0094005216419579436,0.92785502132141495
0,1,cell_average,0.05793120254011095,0.03015342476233317,0.90437696635582432
0,1,center,0.05793120254011095,0.03015342476233317,0.91594667054241297
0,2,polynomial,0.094079528421689138,0.019186737365310503,0.87341006665366971
0,2,polynomial,0.12861040291079534,0.05371761185441673,0.69436129286458581
0,2,polynomial,0.16444056873014298,0.089547777673764331,0.49216083226435026
0,2,polynomial,0.09797351024697723,0.052086572441833248,0.78553405707948287
0,2,polynomial,0.1332570030727343,0.087370065267590294,0.59140913003643536
0,2,polynomial,0.10166088179132898,0.084779797237419616,0.69445994836500069
0,2,cell_average,0.11990496352682928,0.064349407971273725,0.68667650922691581
0,2,center,0.11990496352682928,0.064349407971273725,0.69168745251544395
0,3,polynomial,0.17182078668159725,0.080046911071309221,0.49808322798326909
0,3,polynomial,0.13599059614189596,0.044216720531607821,0.69811807921868962
0,3,polynomial,0.10145974637314341,0.0096858707628553805,0.87929797538836429
0,3,polynomial,0.16604118639149237,0.045261457529969691,0.61338227644529886
0,3,polynomial,0.13075769356573538,0.0099779647042127044,0.81023974840906521
0,3,polynomial,0.16000289162896206,0.010217309516204684,0.73718875178707921
0,3,cell_average,0.14420977775126845,0.033098666640157343,0.70398896223050944
0,3,center,0.14420977775126845,0.033098666640157343,0.70804338457038907
0,4,polynomial,0.17888186129579553,0.02065573690608356,0.65002945470651985
0,4,polynomial,0.21501767672942682,0.056791552339714751,0.42729553067896536
0,4,polynomial,0.25115335019266022,0.092927225802948307,0.23087442375770462
0,4,polynomial,0.18524461922348182,0.056024348085004477,0.52346256310021011
0,4,polynomial,0.22149926627116842,0.092278995132691027,0.31091324562032296
0,4,polynomial,0.19127202661892859,0.091057608731685835,0.40525802765718744
0,4,cell_average,0.20730019663817523,0.068411307749286332,0.42340197501670745
0,4,center,0.20730019663817523,0.068411307749286332,0.41783593905295358
0,5,polynomial,0.25775735686534701,0.082650147921725675,0.24121029178581799
0,5,polynomial,0.22162164058520489,0.046514431641583399,0.43663550998512363
0,5,polynomial,0.18548586796848224,0.010378659024860929,0.66288521523038435
0,5,polynomial,0.25087047337695484,0.046757411182098856,0.35420219445714696
0,5,polynomial,0.2146158263292684,0.010502764134412349,0.57505645911613579
0,5,polynomial,0.24367692948964706,0.010558014043556312,0.48947368341666087
0,5,cell_average,0.22906262508873559,0.03461818064429116,0.45857926448175568
0,5,center,0.22906262508873559,0.03461818064429116,0.45222305153341802
0,6,polynomial,0.26267277912042863,0.021113321397383308,0.39595916571523754
0,6,polynomial,0.29850306788974734,0.056943610166701866,0.19774543668731642
0,6,polynomial,0.33303381942888238,0.091474361705837157,0.064480508414429524
0,6,polynomial,0.26979941730215484,0.057245812830344155,0.27185996218954972
0,6,polynomial,0.30508291012791189,0.09252930565610118,0.10773218507399926
0,6,polynomial,0.27655182160463332,0.093004070384057155,0.16758631076912214
0,6,cell_average,0.29125074133111639,0.069028519108894154,0.20045945952519775
0,6,center,0.29125074133111639,0.069028519108894154,0.18681381676718584
0,7,polynomial,0.3393537130548363,0.080913170777881613,0.072184207023906322
0,7,polynomial,0.30482291207499368,0.046382369798038781,0.20721245617571829
0,7,polynomial,0.2689926727463825,0.01055213046942776,0.41111070136378414
0,7,polynomial,0.33320488123723879,0.045758485709049397,0.14554562480804281
0,7,polynomial,0.2979213884114818,0.010474992883292409,0.32597011961338596
0,7,polynomial,0.32678359250047545,0.010331343721051326,0.24749276717265031
0,7,cell_average,0.312082592002217,0.034304814224439178,0.23456306820580716
0,7,center,0.312082592002217,0.034304814224439178,0.22045834742536083
0,8,polynomial,0.34532967250067559,0.020436881444296975,0.17355706992182773
0,8,polynomial,0.37902583261981287,0.054133041563434042,0.053504822471296357
0,8,polynomial,0.41047127020034258,0.085578479143963992,0.0096054397009051277
0,8,polynomial,0.35131061399089941,0.055423676185755416,0.092386578638989109
0,8,polynomial,0.38394086414036011,0.088053926335215998,0.016462755048298583
0,8,polynomial,0.35697871392059205,0.090097629366682558,0.036089536769859522
0,8,cell_average,0.37159121632028652,0.066035660764730955,0.062703947127292214
0,8,center,0.37159121632028652,0.066035660764730955,0.047796064249082656
0,9,polynomial,0.41707527687302948,0.07530140126274136,0.010805367629921861
0,9,polynomial,0.38562979647559098,0.043855920865302711,0.057769146270760498
0,9,polynomial,0.35193367917336227,0.010159803563074341,0.18249391972634824
0,9,polynomial,0.41331207124614655,0.042532342384623813,0.028219855484557892
0,9,polynomial,0.38068182109668613,0.0099020922351632755,0.12032331250402779
0,9,polynomial,0.40938361679131058,0.009598034678553042,0.070002622535760742
0,9,cell_average,0.39335364477084689,0.03224253365973577,0.077557946132808669
0,9,center,0.39335364477084689,0.03224253365973577,0.062438594127261535
0,10,polynomial,0.42703379297569416,0.018807668585982183,0.034408081932342544
0,10,polynomial,0.4573390605071414,0.049112936117429187,0.011958902213835144
0,10,polynomial,0.4850454994781635,0.07681937508845145,0.045073573309979249
0,10,polynomial,0.43026644933213243,0.051046178193654958,0.01346179667235436
0,10,polynomial,0.4592723025833671,0.080052031444889565,0.024715591546719377
0,10,polynomial,0.43333148209025912,0.083117064203016233,0.012822761694472004
0,10,cell_average,0.4491235555820649,0.060234666693175988,0.021477083937466987
0,10,center,0.4491235555820649,0.060234666693175988,0.01202674942164908
0,11,polynomial,0.49242571742961766,0.06731850848599634,0.042612282475109182
0,11,polynomial,0.46471925373824191,0.039612044794620292,0.011798886929032986
0,11,polynomial,0.43441401092714843,0.0093068019835270636,0.036217209484999416
0,11,polynomial,0.49205648590212503,0.037943423707268976,0.018764260336705692
0,11,polynomial,0.46305063265089064,0.0089375704560344209,0.015444525385889906
0,11,polynomial,0.49167349192789223,0.0085545764818013136,0.0087813409310068067
0,11,cell_average,0.47342836980650405,0.028983925362059619,0.020151912411789354
0,11,center,0.47342836980650405,0.028983925362059619,0.010713317523933216
0,12,polynomial,0.50822168681516799,0.016662229092122789,0.01536481315974024
0,12,polynomial,0.53478788475190897,0.043228427028863349,0.069452960788169343
0,12,polynomial,0.55910350212043958,0.067544044397394323,0.15254238183306468
0,12,polynomial,0.50783987037770562,0.04528626590589499,0.037536934980648036
0,12,polynomial,0.53322132673071443,0.070667722258903595,0.10816501436627149
0,12,polynomial,0.50748056291195154,0.073932811691375416,0.071136373916537418
0,12,cell_average,0.5254021307932224,0.053179908571000162,0.072447955957836749
0,12,center,0.5254021307932224,0.053179908571000162,0.069064007959001444
0,13,polynomial,0.56754404439739436,0.059103502120439626,0.15343565199695119
0,13,polynomial,0.54322842702886365,0.034787884751908645,0.070514290290676199
0,13,polynomial,0.51666222909212267,0.0082216868151680934,0.015641908947804827
0,13,polynomial,0.57066772225890372,0.033221326730714235,0.11124665003247405
0,13,polynomial,0.54528626590589513,0.0078398703777056451,0.03820704353983656
0,13,polynomial,0.57393281169137567,0.0074805629119514012,0.072900327553816063
0,13,cell_average,0.55317990857100019,0.025402130793222396,0.073800910545142082
0,13,center,0.55317990857100019,0.025402130793222396,0.070877116328152814
0,14,polynomial,0.589468222798887,0.014575431742508249,0.1106250628225712
0,14,polynomial,0.61294905481225037,0.038056263755871365,0.2135732770890641
0,14,polynomial,0.63513059549537143,0.060237804438992959,0.32953298276502463
0,14,polynomial,0.58557424097359889,0.039687303168454861,0.1537107760773839
0,14,polynomial,0.6083024546503113,0.062415516845167031,0.26086237751798774
0,14,polynomial,0.58188686942924739,0.065005784875337772,0.19932453098938502
0,14,cell_average,0.60231725869539299,0.046761703139837386,0.20861929281468311
0,14,center,0.60231725869539299,0.046761703139837386,0.20812257179564023
0,15,polynomial,0.64463146209782674,0.052857586487538695,0.33657382140439751
0,15,polynomial,0.62244994613505922,0.030676070524770848,0.21907837803836849
0,15,polynomial,0.59896908940134186,0.0071952137910539799,0.11360693379228631
0,15,polynomial,0.65041106238793145,0.02963133352640886,0.28775624852979426
0,15,polynomial,0.62768284871121949,0.0069031198496967289,0.17200762643039608
0,15,polynomial,0.65644935715046226,0.0066637750377046574,0.23900037888982725
0,15,cell_average,0.63356800002650926,0.022456888915398224,0.2252804302391071
0,15,center,0.63356800002650926,0.022456888915398224,0.22513198643419161
0,16,polynomial,0.67133255659144719,0.013106432201735194,0.29638413293389532
0,16,polynomial,0.69320844766028555,0.034982323270573351,0.4278495857774875
0,16,polynomial,0.7150844806995208,0.056858356309808997,0.56307398104350326
0,16,polynomial,0.66496979866376094,0.035749527525283639,0.34659064291541186
0,16,polynomial,0.68672685811854384,0.05750658698006627,0.47780249440319056
0,16,polynomial,0.65894239126831444,0.058727973381071552,0.39563755099842496
0,16,cell_average,0.68158869225071361,0.042699803361824773,0.41780508956008461
0,16,center,0.68158869225071361,0.042699803361824773,0.41709724748983729
0,17,polynomial,0.72536155858074369,0.050254349637122234,0.57364401828628409
0,17,polynomial,0.70348556835841713,0.028378359414795273,0.43788537221571183
0,17,polynomial,0.68160963447266976,0.0065024255290484336,0.30500749353918916
0,17,polynomial,0.73224844206913575,0.028135379874279706,0.52467808235116686
0,17,polynomial,0.71049138261435341,0.0063783204194970853,0.38977027221073457
0,17,polynomial,0.73944198595644406,0.0063230705103530307,0.47796667219789529
0,17,cell_average,0.71538181935570888,0.020937374911264409,0.45123325457858654
0,17,center,0.71538181935570888,0.020937374911264409,0.45030185812078721
0,18,polynomial,0.75420830543348083,0.012648847710435448,0.5444114715337337
0,18,polynomial,0.77638972316663191,0.034830265443586222,0.68200864709992259
0,18,polynomial,0.79987067812996537,0.05831122040692014,0.80891468501143937
0,18,polynomial,0.74708166725175462,0.034528062779943962,0.59146622267055093
0,18,polynomial,0.76980988092846725,0.057256276456656124,0.72798446247038451
0,18,polynomial,0.74032926294927659,0.056781511728700218,0.63938900511099961
0,18,cell_average,0.76430481422443919,0.042082592002216944,0.66878055936364211
0,18,center,0.76430481422443919,0.042082592002216944,0.66812468525636215
0,19,polynomial,0.81043186905792119,0.051991326780966296,0.8187457514795683
0,19,polynomial,0.78695096353529492,0.028510421258339892,0.69466546455993261
0,19,polynomial,0.7647694963614361,0.0063289540844816009,0.5582978112540673
0,19,polynomial,0.81658070087551859,0.029134305347329158,0.77764702521058815
0,19,polynomial,0.79385248719880674,0.0064060916706170246,0.64957814720514839
0,19,polynomial,0.82300198961228255,0.0065497408328580161,0.73463844284548041
0,19,cell_average,0.79902851910889416,0.021250741331116388,0.70857352997031753
0,19,center,0.79902851910889416,0.021250741331116388,0.70843117136928457
0,20,polynomial,0.83821807871990051,0.013325287663521786,0.79452123002404718
0,20,polynomial,0.86253362510323317,0.037640834046854026,0.90308797725247014
0,20,polynomial,0.88909989402517176,0.064207102968793311,0.97528892704552417
0,20,polynomial,0.83223713722967685,0.0363501994245327,0.83492434127581194
0,20,polynomial,0.85761859358268577,0.061731655777541319,0.93454288367643479
0,20,polynomial,0.82656903729998465,0.059687952746074836,0.8735801386094606
0,20,cell_average,0.85063100590193574,0.04507545034638015,0.89024024819715708
0,20,center,0.85063100590193574,0.04507545034638015,0.89409227923775958
0,21,polynomial,0.89937697190639476,0.057603096296106548,0.97809193126009397
0,21,polynomial,0.87281074580136475,0.031036870191075962,0.91114984552926892
0,21,polynomial,0.84849515660112296,0.006721280990835023,0.80493552811633695
0,21,polynomial,0.90314017753327758,0.032360448671754749,0.95777059135887099
0,21,polynomial,0.87775872118026932,0.0069789923187461612,0.87320397350561629
0,21,polynomial,0.90706863198811405,0.007283049875356302,0.92704510184827116
0,21,cell_average,0.88442413300693101,0.0233130218958198,0.91284281542099655
0,21,center,0.88442413300693101,0.0233130218958198,0.91760278670559148
0,22,polynomial,0.92318062491154862,0.014954500521836575,0.9613922077848237
0,22,polynomial,0.95088706388257149,0.042660939492858901,0.99619952415522128
0,22,polynomial,0.98119233141401763,0.07296620702430584,0.96865885946848462
0,22,polynomial,0.91994796855511041,0.040727697416633152,0.982509875365003
0,22,polynomial,0.94895382180634558,0.069733550667867752,0.99455853296870989
0,22,polynomial,0.91688293579698421,0.06666851790974114,0.9964104590555275
0,22,cell_average,0.9397653333068241,0.050876444417935117,0.98574581148902163
0,22,center,0.9397653333068241,0.050876444417935117,0.99629002262743349
0,23,polynomial,0.99069319801647326,0.065585989072851569,0.96483823630629972
0,23,polynomial,0.96038795520538034,0.035280746261758381,0.99687385643848658
0,23,polynomial,0.93268149151400359,0.0075742825703823012,0.96416079874891036
0,23,polynomial,0.99106242954396562,0.036949367349109578,0.98822202225246203
0,23,polynomial,0.96205657629273156,0.0079435140978750159,0.98950382720901564
0,23,polynomial,0.99144542351819909,0.0083265080721080312,0.99832610486765583
0,23,cell_average,0.97101607463794049,0.026571630193495951,0.98594297017652999
0,23,center,0.97101607463794049,0.026571630193495951,0.99678596485299897
0,24,polynomial,0.0096858707628553874,0.10145974637314345,0.87690486628953423
0,24,polynomial,0.044216720531607821,0.1359905961418959,0.69953025603500429
0,24,polynomial,0.080046911071309221,0.17182078668159725,0.49856654399443173
0,24,polynomial,0.0099779647042127027,0.13075769356573536,0.80752608456168218
0,24,polynomial,0.045261457529969754,0.16604118639149243,0.61790788888190451
0,24,polynomial,0.010217309516204717,0.16000289162896206,0.73889140608498616
0,24,cell_average,0.033098666640157336,0.14420977775126842,0.70470265611832561
0,24,center,0.033098666640157336,0.14420977775126842,0.70949934461615694
0,25,polynomial,0.089547777673764345,0.16444056873014301,0.4915633626760238
0,25,polynomial,0.053717611854416737,0.1286104029107954,0.69142920914906769
0,25,polynomial,0.019186737365310503,0.09407952842168911,0.87348455850515316
0,25,polynomial,0.087370065267590252,0.13325700307273428,0.58551988430135815
0,25,polynomial,0.052086572441833241,0.097973510246977286,0.78541670052389412
0,25,polynomial,0.084779797237419588,0.10166088179132897,0.69153430491298895
0,25,cell_average,0.064349407971273725,0.11990496352682929,0.68431577789976739
0,25,center,0.064349407971273725,0.11990496352682929,0.68809788331145705
0,26,polynomial,0.1046165359075662,0.11305707818452088,0.59586008849000316
0,26,polynomial,0.14075237950948749,0.14919292178644217,0.37398731588214318
0,26,polynomial,0.17688802480443094,0.18532856708138562,0.18574261522685884
0,26,polynomial,0.10759790464583209,0.14504430017402142,0.48910369025044126
0,26,polynomial,0.14385255169351868,0.181298947221708,0.27790781104965534
0,26,polynomial,0.11005616505219684,0.17650841383162086,0.39177772106344277
0,26,cell_average,0.13080726617135527,0.15858504394913303,0.38413630474398269
0,26,center,0.13080726617135527,0.15858504394913303,0.37673498266096161
0,27,polynomial,0.18532856708138562,0.17688802480443092,0.18729773989879742
0,27,polynomial,0.1491929217864422,0.14075237950948752,0.37215774824832898
0,27,polynomial,0.11305707818452086,0.10461653590756617,0.59670999031405125
0,27,polynomial,0.18129894722170795,0.14385255169351863,0.2765434129999263
0,27,polynomial,0.14504430017402145,0.10759790464583213,0.48921218369700004
0,27,polynomial,0.17650841383162083,0.11005616505219683,0.38961598335407432
0,27,cell_average,0.15858504394913306,0.1308072661713553,0.38349470643611305
0,27,center,0.15858504394913306,0.1308072661713553,0.37533662957934422
0,28,polynomial,0.19610602059695406,0.1212132295405754,0.2968407180957553
0,28,polynomial,0.23193638287553606,0.15704359181915734,0.12478399308036969
0,28,polynomial,0.26646706090540789,0.19157426984902926,0.026314458923477974
0,28,polynomial,0.20097780878637081,0.15509087098122679,0.19740068533756802
0,28,polynomial,0.23626130161212791,0.19037436380698389,0.059487683639629738
0,28,polynomial,0.20499629589643747,0.18811521134252812,0.11650512241393735
0,28,cell_average,0.22323829686016261,0.16768274130460703,0.13573537091883925
0,28,center,0.22323829686016261,0.16768274130460703,0.12078101653301104
0,29,polynomial,0.27384727885686222,0.18207340324657414,0.0305412878271645
0,29,polynomial,0.23931657610663662,0.14754270049634843,0.12787157224265047
0,29,polynomial,0.20348623854840828,0.11171236293812029,0.30348326117062457
0,29,polynomial,0.26904548493088598,0.14826575606936326,0.075352675634876576
0,29,polynomial,0.23376199210512896,0.11298226324360627,0.21958151332248366
0,29,polynomial,0.26333830573407052,0.11355272362131319,0.14914072307081419
0,29,cell_average,0.24754311108460178,0.13643199997349068,0.14977953745315825
0,29,center,0.24754311108460178,0.13643199997349068,0.13422864141460439
0,30,polynomial,0.28196889066181813,0.12374276627210622,0.09125183976496358
0,30,polynomial,0.31566514993444422,0.15743902554473221,0.019748697642756885
0,30,polynomial,0.34711048836148517,0.18888436397177322,0.022493272501836525
0,30,polynomial,0.28742570659133609,0.15820543545285876,0.039687757440981075
0,30,polynomial,0.32005595674079673,0.19083568560231937,0.010491709773456769
0,30,polynomial,0.29192767002916747,0.19171325214192469,0.011628897545702545
0,30,cell_average,0.30795403804719734,0.16906514915830842,0.030598308012943491
0,30,center,0.30795403804719734,0.16906514915830842,0.017148738846252922
0,31,polynomial,0.35371449503417191,0.17860728609055063,0.021176795628782788
0,31,polynomial,0.32226911379022233,0.14716190484660083,0.021238736206699017
0,31,polynomial,0.28857289733450486,0.11346568839088354,0.096681146222610648
0,31,polynomial,0.34942716384658318,0.14531410165172715,0.01085108256324086
0,31,polynomial,0.31679691369712271,0.11268385150226666,0.054971856157020285
0,31,polynomial,0.34433257289988589,0.1112136574537952,0.025936404851584785
0,31,cell_average,0.32971646649775771,0.13527202205331326,0.03662689217720496
0,31,center,0.32971646649775771,0.13527202205331326,0.022716928111651376
0,32,polynomial,0.36152735877772002,0.11996790105467472,0.010397498401848308
0,32,polynomial,0.39183272453878432,0.15027326681573888,0.030111274929023112
0,32,polynomial,0.4195390652801893,0.17797960755714398,0.097125313268359478
0,32,polynomial,0.36610705302577951,0.15355344855396882,0.015334248068153805
0,32,polynomial,0.39511290627701423,0.18255930180520344,0.067048754040738109
0,32,polynomial,0.36988619532385419,0.1863384441032781,0.04108109619438198
0,32,cell_average,0.38458407466444972,0.16236185244222748,0.040347334882667861
0,32,center,0.38458407466444972,0.16236185244222748,0.033485911143007814
0,33,polynomial,0.42585895890614317,0.16741841662918847,0.090023212587716367
0,33,polynomial,0.39815256872403065,0.13971202644707578,0.026851358203003224
0,33,polynomial,0.36784725240367383,0.10940671012671915,0.011185442485210813
0,33,polynomial,0.42323487738634102,0.13578848185815165,0.044267945831352046
0,33,polynomial,0.39422902413510652,0.10678262860691712,0.0089118451692573944
0,33,polynomial,0.42011796621969644,0.10366571744027228,0.01502548014973922
0,33,cell_average,0.40541592533555026,0.12763814755777253,0.029770235099292379
0,33,center,0.40541592533555026,0.12763814755777253,0.022654495732420479
0,34,polynomial,0.43579289703120683,0.11090010597482806,0.031415951457377599
0,34,polynomial,0.46235916595314636,0.13746637489676741,0.10547598416044011
0,34,polynomial,0.4866747123364783,0.16178192128009958,0.20342714491408515
0,34,polynomial,0.43826834422245875,0.14238140641731473,0.072557790872964031
0,34,polynomial,0.46364980057546751,0.16776286277032337,0.1641243505870551
0,34,polynomial,0.44031204725392548,0.17343096270001593,0.1274714720052644
0,34,cell_average,0.45492454965361989,0.14936899409806426,0.11376095827631814
0,34,center,0.45492454965361989,0.14936899409806426,0.11181310378945664
0,35,polynomial,0.49327871900916492,0.15150484339887699,0.19599659389903476
0,35,polynomial,0.46896312980892441,0.12718925419863611,0.10007994007279029
0,35,polynomial,0.4423969037038934,0.10062302809360539,0.027896743136888599
0,35,polynomial,0.49302100768125379,0.12224127881973118,0.13395561990787191
0,35,polynomial,0.46763955132824553,0.096859822466722631,0.050493307417539497
0,35,polynomial,0.49271695012464395,0.092931368011886423,0.078827559438536948
0,35,cell_average,0.4766869781041802,0.11557586699306911,0.094459304718532242
0,35,center,0.4766869781041802,0.11557586699306911,0.092821619235371855
0,36,polynomial,0.50719521379105403,0.098969089401342011,0.11438841277537196
0,36,polynomial,0.53067607052477117,0.12244994613505891,0.2192292359323251
0,36,polynomial,0.5528575864875388,0.14463146209782668,0.33680274531309889
0,36,polynomial,0.50690311984969671,0.1276828487112194,0.1752009040587599
0,36,polynomial,0.52963133352640912,0.15041106238793159,0.28727157693319794
0,36,polynomial,0.50666377503770488,0.15644935715046204,0.24129164998321256
0,36,cell_average,0.52245688891539821,0.13356800002650931,0.22630897417508228
0,36,center,0.52245688891539821,0.13356800002650931,0.2260360066250498
0,37,polynomial,0.56023780443899296,0.13513059549537162,0.33076622102289183
0,37,polynomial,0.53805626375587179,0.11294905481225004,0.21325834417477454
0,37,polynomial,0.51457543174250808,0.089468222798886887,0.10871302402340371
0,37,polynomial,0.562415516845167,0.10830245465031099,0.26144295859290417
0,37,polynomial,0.53968730316845492,0.085574240973598906,0.15048546859432821
0,37,polynomial,0.56500578487533804,0.081886869429247125,0.19864227326221676
0,37,cell_average,0.54676170313983741,0.10231725869539296,0.20777927532924007
0,37,center,0.54676170313983741,0.10231725869539296,0.20695839634883506
0,38,polynomial,0.57893121531300995,0.08737175758996453,0.24741394249809379
0,38,polynomial,0.60080707821355817,0.10924762049051265,0.37192040116528446
0,38,polynomial,0.62268313942108344,0.13112368169803831,0.50488766752385505
0,38,polynomial,0.57594984657474413,0.11339624210293335,0.31271386145368041
0,38,polynomial,0.59770690602952692,0.13515330155771602,0.44145414684116452
0,38,polynomial,0.57349158616837947,0.1399438349478033,0.3831123904978046
0,38,cell_average,0.59141495605086702,0.1191927338286447,0.37646655139790086
0,38,center,0.59141495605086702,0.1191927338286447,0.37432662636897379
0,39,polynomial,0.63112368169803834,0.12268313942108365,0.50387245783291179
0,39,polynomial,0.60924762049051284,0.10080707821355794,0.37096523957809346
0,39,polynomial,0.58737175758996452,0.078931215313009825,0.2465590319007718
0,39,polynomial,0.63515330155771599,0.097706906029526655,0.43882530961790622
0,39,polynomial,0.61339624210293353,0.075949846574744059,0.31045708646559256
0,39,polynomial,0.63994383494780349,0.073491586168379266,0.38114315933086762
0,39,cell_average,0.6191927338286447,0.091414956050866955,0.37475886119552415
0,39,center,0.6191927338286447,0.091414956050866955,0.37215732150909092
0,40,polynomial,0.65410839729028869,0.079215606233909996,0.44175963210718455
0,40,polynomial,0.67628974151417642,0.10139695045779747,0.58058970350399752
0,40,polynomial,0.69977076998677323,0.12487797893039468,0.71779320271593883
0,40,polynomial,0.64923660910087211,0.10334967129572799,0.50045639003992026
0,40,polynomial,0.67196482277758429,0.12607788497244016,0.64073647703730141
0,40,polynomial,0.64521812199080553,0.12833703743689601,0.56474016198088317
0,40,cell_average,0.66565059202872623,0.1100950364731707,0.57697146239649577
0,40,center,0.66565059202872623,0.1100950364731707,0.5736485872800966
0,41,polynomial,0.70927163658922865,0.11749776097894045,0.72430645079962352
0,41,polynomial,0.68579063283698538,0.094016757226696959,0.58839822796123453
0,41,polynomial,0.66360926389274366,0.071835388282455712,0.44941035905239951
0,41,polynomial,0.71407343051520478,0.09329370165368199,0.67107861946212288
0,41,polynomial,0.6913452168384927,0.070565487976969876,0.53303976936329633
0,41,polynomial,0.71978060971202051,0.069995027599262905,0.61837197697638224
0,41,cell_average,0.69690133335984261,0.085790222248731562,0.60012358970059498
0,41,center,0.69690133335984261,0.085790222248731562,0.5975530755909122
0,42,polynomial,0.73491219389209117,0.076686069502379203,0.6846415640008322
0,42,polynomial,0.75922764112193497,0.10100151673222263,0.81782260765301062
0,42,polynomial,0.78579400919736264,0.12756788480765072,0.92363436769216067
0,42,polynomial,0.72945537796257343,0.10023510682409605,0.73575487169546727
0,42,polynomial,0.75483683431558235,0.12561656317710471,0.86180920094655011
0,42,polynomial,0.72495341452474249,0.12473899663749942,0.78651243919509539
0,42,cell_average,0.74760151750835824,0.1087126286194693,0.80640568648276756
0,42,center,0.74760151750835824,0.1087126286194693,0.80741759447689143
0,43,polynomial,0.79607108707858543,0.12096387813496398,0.92977294413688361
0,43,polynomial,0.76950476182006644,0.094397552876444593,0.82797292391813526
0,43,polynomial,0.74518927177331351,0.070082062829692413,0.69585309165716325
0,43,polynomial,0.80035841826617415,0.096245356071318081,0.89679779238126145
0,43,polynomial,0.77497696191316578,0.070863899718309531,0.78146144228205261
0,43,polynomial,0.805453009212872,0.072334093766780891,0.85690213691813177
0,43,cell_average,0.7813946446133534,0.086950200168908975,0.83613089430244947
0,43,center,0.7813946446133534,0.086950200168908975,0.83804449573484663
0,44,polynomial,0.82202039244285618,0.080460934719810709,0.90795840105675341
0,44,polynomial,0.84972673318426173,0.10816727546121596,0.98046773330323322
0,44,polynomial,0.8800320989453253,0.13847264122227992,0.99336563374893372
0,44,polynomial,0.8174406981947967,0.10488709372298598,0.94005090634429056
0,44,polynomial,0.84644655144603154,0.13389294697422058,0.99451806699642098
0,44,polynomial,0.8136615558967224,0.13011380467614603,0.96782682159563727
0,44,cell_average,0.83763814755777255,0.11541592533555026,0.96768438588926819
0,44,center,0.83763814755777255,0.11541592533555026,0.97677733001938394
0,45,polynomial,0.89059328987328079,0.13215274759632611,0.99017632642867426
0,45,polynomial,0.86028797355292475,0.10184743127596965,0.9844048400193991
0,45,polynomial,0.83258158337081134,0.074141041093856858,0.91589645121905183
0,45,polynomial,0.89321737139308299,0.1057709758648936,0.99633492836920146
0,45,polynomial,0.86421151814184882,0.076765122613659073,0.96533333078397121
0,45,polynomial,0.89633428255972825,0.079882033780303827,0.99275515777925327
0,45,cell_average,0.87236185244222753,0.094584074664449735,0.97753726895238291
0,45,center,0.87236185244222753,0.094584074664449735,0.98727382902925642
0,46,polynomial,0.9144215208560359,0.089528729799657383,0.9982684945907625
0,46,polynomial,0.94586695843656665,0.1209741673801874,0.94720053796548731
0,46,polynomial,0.97956311855570277,0.15467032749932436,0.82920589976161752
0,46,polynomial,0.9119460736647842,0.11605913585964005,0.98750834049120462
0,46,polynomial,0.94457632381424494,0.14868938600910064,0.91171998853724157
0,46,polynomial,0.90990237063331791,0.1430212860794082,0.97152247689703464
0,46,cell_average,0.93396433923526911,0.12840878367971348,0.9412969542229096
0,46,center,0.93396433923526911,0.12840878367971348,0.95407984408070223
0,47,polynomial,0.98984019643692567,0.14806632082663768,0.81904131554943171
0,47,polynomial,0.9561440791346979,0.11437020352440937,0.94104079029131227
0,47,polynomial,0.92469859873725857,0.082924723126970593,0.99860166348816515
0,47,polynomial,0.99009790776483664,0.11931817890331406,0.87709173219098513
0,47,polynomial,0.95746765761537667,0.086687928753853533,0.97652770806735478
0,47,polynomial,0.99040196532144742,0.090616383208689658,0.93360254340156124
0,47,cell_average,0.96775746634026438,0.10664635522915313,0.92424649716739427
0,47,center,0.96775746634026438,0.10664635522915313,0.93637726663993892
0,48,polynomial,0.01037865902486094,0.18548586796848229,0.66076583722728588
0,48,polynomial,0.046514431641583386,0.22162164058520489,0.43936030195190601
0,48,polynomial,0.082650147921725661,0.25775735686534695,0.24089253352795637
0,48,polynomial,0.010502764134412344,0.21461582632926834,0.57234488707648024
0,48,polynomial,0.046757411182098911,0.25087047337695495,0.35636695943487418
0,48,polynomial,0.010558014043556347,0.24367692948964709,0.49113057911438085
0,48,cell_average,0.034618180644291147,0.22906262508873559,0.45896228120973426
0,48,center,0.034618180644291147,0.22906262508873559,0.45327773822037987
0,49,polynomial,0.092927225802948307,0.25115335019266027,0.23284289525894036
0,49,polynomial,0.056791552339714765,0.21501767672942682,0.42697312248953945
0,49,polynomial,0.02065573690608356,0.1788818612957955,0.65082159005475704
0,49,polynomial,0.092278995132691,0.22149926627116831,0.30935031268265695
0,49,polynomial,0.05602434808500447,0.18524461922348187,0.52362783429524873
0,49,polynomial,0.091057608731685807,0.19127202661892856,0.40319268778730816
0,49,cell_average,0.068411307749286346,0.20730019663817523,0.42310884881770999
0,49,center,0.068411307749286346,0.20730019663817523,0.416994211640975
0,50,polynomial,0.11171236293812031,0.2034862385484083,0.30391183396465687
0,50,polynomial,0.14754270049634841,0.23931657610663648,0.13006844871948062
0,50,polynomial,0.18207340324657409,0.27384727885686216,0.028021300288934483
0,50,polynomial,0.11298226324360625,0.23376199210512891,0.22140144840879578
0,50,polynomial,0.14826575606936335,0.26904548493088598,0.072926624370485346
0,50,polynomial,0.1135527236213132,0.26333830573407058,0.1498188159021184
0,50,cell_average,0.13643199997349065,0.24754311108460175,0.14998833917165308
0,50,center,0.13643199997349065,0.24754311108460175,0.13509268175992639
0,51,polynomial,0.19157426984902926,0.26646706090540795,0.029335024675300015
0,51,polynomial,0.15704359181915736,0.23193638287553606,0.12477114808428223
0,51,polynomial,0.1212132295405754,0.19610602059695403,0.29730042613698138
0,51,polynomial,0.1903743638069838,0.23626130161212774,0.062699311414274331
0,51,polynomial,0.15509087098122681,0.20097780878637087,0.19551514858276317
0,51,polynomial,0.18811521134252809,0.20499629589643747,0.11547435124058056
0,51,cell_average,0.16768274130460706,0.22323829686016261,0.13627329448894654
0,51,center,0.16768274130460706,0.22323829686016261,0.12109251447471299
0,52,polynomial,0.20770356527358882,0.21614410755054347,0.06280172990195812
0,52,polynomial,0.24139985271450495,0.24984039499145969,0.015267107979157667
0,52,polynomial,0.27284516297325589,0.28128570525021057,0.038036472141590109
0,52,polynomial,0.20977899201368633,0.24722538754187567,0.030060615986106463
0,52,polynomial,0.24240924216314702,0.27985563769133637,0.014144198279973345
0,52,polynomial,0.2107118084624357,0.27716405724185972,0.0099178210918467596
0,52,cell_average,0.23146110758037738,0.25923888535815515,0.026159409329534054
0,52,center,0.23146110758037738,0.25923888535815515,0.014125740649506103
0,53,polynomial,0.28128570525021052,0.27284516297325584,0.039780591303074549
0,53,polynomial,0.24984039499145966,0.24139985271450498,0.015092217846802453
0,53,polynomial,0.21614410755054347,0.2077035652735888,0.060994906017843298
0,53,polynomial,0.2798556376913362,0.24240924216314685,0.016644081056766031
0,53,polynomial,0.24722538754187573,0.20977899201368644,0.025302412452217669
0,53,polynomial,0.27716405724185966,0.2107118084624357,0.0080976330438725357
0,53,cell_average,0.25923888535815515,0.23146110758037738,0.025332209159896098
0,53,center,0.25923888535815515,0.23146110758037738,0.013253523895372692
0,54,polynomial,0.29496060025424548,0.22006780919786686,0.01003960096707395
0,54,polynomial,0.32526603952457306,0.25037324846819431,0.06758888731831067
0,54,polynomial,0.35297230675671465,0.27807951570033607,0.16392954589510622
0,54,polynomial,0.29728544450999544,0.25139850670485142,0.035377365049385712
0,54,polynomial,0.32629129776123017,0.28040435995608615,0.1156906373009839
0,54,polynomial,0.29833066961565841,0.281449585061749,0.070979582489423571
0,54,cell_average,0.31657163019349593,0.26101607463794035,0.07357857441670862
0,54,center,0.31657163019349593,0.26101607463794035,0.069964314369235267
0,55,polynomial,0.36035252470816903,0.26857864909788104,0.15882259084135064
0,55,polynomial,0.33264623275567362,0.24087235714538544,0.064241759237137097
0,55,polynomial,0.30234081820569969,0.21056694259541164,0.0083036400551795599
0,55,polynomial,0.35907548107998821,0.23829575221846547,0.098235764713726886
0,55,polynomial,0.33006962782875371,0.20928989896723099,0.024423623944970087
0,55,polynomial,0.35667267945329145,0.20688709734053415,0.048143731866108055
0,55,cell_average,0.34087644441793513,0.229765333306824,0.063333987300269554
0,55,center,0.34087644441793513,0.229765333306824,0.05914829209118868
0,56,polynomial,0.37243211519234926,0.21420599080263725,0.080937924624345514
0,56,polynomial,0.39899848326777759,0.24077235887806558,0.18664636145132255
0,56,polynomial,0.42331393049762078,0.26508780610790877,0.30724270281761717
0,56,polynomial,0.37438343682289532,0.24516316568441804,0.14047198714506587
0,56,polynomial,0.39976489317590413,0.27054462203742674,0.25825428736389222
0,56,polynomial,0.37526100336250079,0.27504658547525807,0.20823641071877741
0,56,cell_average,0.39128737138053066,0.25239848249164176,0.19292574899794709
0,56,center,0.39128737138053066,0.25239848249164176,0.19389705618670913
0,57,polynomial,0.42991793717030757,0.25481072822668621,0.29847875488411729
0,57,polynomial,0.40560244712355575,0.23049523817993425,0.17964022314828268
0,57,polynomial,0.37903612186503594,0.20392891292141463,0.075456843950713337
0,57,polynomial,0.42913610028169052,0.22502303808683449,0.22123585091397718
0,57,polynomial,0.4037546439286821,0.19964158173382601,0.11016507505987791
0,57,polynomial,0.42766590623321937,0.19454699078712859,0.1458806514190957
0,57,cell_average,0.41304979983109102,0.2186053553866466,0.16800901440153182
0,57,center,0.41304979983109102,0.2186053553866466,0.16937203847051388
0,58,polynomial,0.44168877959307989,0.20012932187003454,0.19004084588946313
0,58,polynomial,0.46516973455641408,0.22361027683336865,0.31365042621862232
0,58,polynomial,0.4873511522895646,0.24579169456651914,0.44249691525953061
0,58,polynomial,0.44274372354334396,0.23019011907153322,0.26980507155566413
0,58,polynomial,0.46547193722005625,0.25291833274824543,0.39694709626239066
0,58,polynomial,0.44321848827130006,0.25967073705072391,0.35002119087702099
0,58,cell_average,0.45791740799778308,0.23569518577556081,0.32453047508673649
0,58,center,0.45791740799778308,0.23569518577556081,0.32656126934674373
0,59,polynomial,0.4936710459155183,0.23523050363856374,0.4295470391042458
0,59,polynomial,0.47148957874166048,0.21304903646470552,0.30090180611713435
0,59,polynomial,0.44800867321903365,0.18956813094207892,0.17833750692516612
0,59,polynomial,0.49359390832938299,0.20614751280119364,0.34171233555803054
0,59,polynomial,0.47086569465267103,0.1834192991244816,0.21764024078007874
0,59,polynomial,0.49345025916714225,0.17699801038771809,0.25875777138162054
0,59,cell_average,0.47874925866888363,0.20097148089110586,0.28510440093719958
0,59,center,0.47874925866888363,0.20097148089110586,0.28604169026777132
0,60,polynomial,0.50650242552904834,0.18160963447266978,0.30741485519712819
0,60,polynomial,0.52837835941479561,0.20348556835841675,0.43744882159114973
0,60,polynomial,0.55025434963712205,0.22536155858074361,0.57131148300187029
0,60,polynomial,0.50637832041949704,0.21049138261435307,0.39223146705726863
0,60,polynomial,0.52813537987427994,0.23224844206913581,0.52514230421672126
0,60,polynomial,0.5063230705103533,0.23944198595644378,0.48060357277716986
0,60,cell_average,0.52093737491126446,0.21538181935570883,0.45208619822505702
0,60,center,0.52093737491126446,0.21538181935570883,0.45110671783159889
0,61,polynomial,0.55685835630980907,0.21508448069952096,0.55930786231954344
0,61,polynomial,0.5349823232705736,0.19320844766028542,0.42570395846883269
0,61,polynomial,0.51310643220173513,0.17133255659144714,0.29682455046498513
0,61,polynomial,0.55750658698006639,0.18672685811854359,0.47455164441679754
0,61,polynomial,0.53574952752528371,0.16496979866376102,0.34432943079506534
0,61,polynomial,0.55872797338107183,0.1589423912683143,0.39546843508116819
0,61,cell_average,0.54269980336182477,0.18158869225071367,0.41574543057130731
0,61,center,0.54269980336182477,0.18158869225071367,0.4140821429841206
0,62,polynomial,0.57183538828245573,0.16360926389274374,0.45005910559862988
0,62,polynomial,0.59401675722669722,0.18579063283698508,0.58797647158711352
0,62,polynomial,0.61749776097894038,0.20927163658922845,0.72297481165483113
0,62,polynomial,0.57056548797697004,0.19134521683849254,0.52968783029618838
0,62,polynomial,0.59329370165368212,0.21407343051520475,0.6668082440132691
0,62,polynomial,0.56999502759926324,0.21978060971202032,0.61343731464919449
0,62,cell_average,0.58579022224873156,0.19690133335984267,0.59771668389505195
0,62,center,0.58579022224873156,0.19690133335984267,0.5946021057426254
0,63,polynomial,0.62487797893039465,0.19977076998677332,0.71844472142928162
0,63,polynomial,0.60139695045779773,0.17628974151417615,0.58317026605704103
0,63,polynomial,0.57921560623390989,0.15410839729028861,0.44425827583689831
0,63,polynomial,0.62607788497244021,0.17196482277758413,0.64423702284638518
0,63,polynomial,0.60334967129572803,0.14923660910087205,0.50392607539931056
0,63,polynomial,0.62833703743689606,0.14521812199080539,0.56766532418151205
0,63,cell_average,0.61009503647317065,0.16565059202872628,0.57972718624532749
0,63,center,0.61009503647317065,0.16565059202872628,0.57721834841813957
0,64,polynomial,0.64251085261365393,0.15095139489060855,0.62973580434574339
0,64,polynomial,0.66682627167520758,0.17526681395216195,0.77214437011515213
0,64,polynomial,0.69339266791892529,0.20183321019588008,0.89121257235874285
0,64,polynomial,0.64043542587355651,0.17788182140174574,0.70428178273370168
0,64,polynomial,0.66581688222656521,0.20326327775475445,0.83570110529866737
0,64,polynomial,0.63950260942480741,0.20595485820423115,0.77493685861448514
0,64,cell_average,0.65742778130851154,0.18520555908628927,0.77277536738802854
0,64,center,0.65742778130851154,0.18520555908628927,0.77251375525234589
0,65,polynomial,0.70183321019588008,0.19339266791892543,0.89168004834184567
0,65,polynomial,0.67526681395216215,0.16682627167520725,0.77284926010245392
0,65,polynomial,0.65095139489060849,0.14251085261365382,0.62865148801500204
0,65,polynomial,0.7032632777547545,0.16581688222656504,0.83826304929300699
0,65,polynomial,0.67788182140174602,0.14043542587355648,0.70337882078236458
0,65,polynomial,0.70595485820423143,0.13950260942480711,0.77674276110547258
0,65,cell_average,0.68520555908628933,0.15742778130851151,0.77346973612606085
0,65,center,0.68520555908628933,0.15742778130851151,0.77343224702766467
0,66,polynomial,0.72192048429966404,0.14702769324328527,0.83700629714857788
0,66,polynomial,0.74962675153180625,0.17473396047542725,0.94328347001309654
0,66,polynomial,0.77993219080213316,0.2050393997457545,0.99469103089867816
0,66,polynomial,0.71959564004391396,0.17370870223876997,0.89034618167386648
0,66,polynomial,0.7486014932951488,0.20271455549000461,0.97555673408556043
0,66,polynomial,0.71855041493825134,0.20166933038434184,0.93650146819315006
0,66,cell_average,0.73898392536205959,0.18342836980650404,0.9340514794426511
0,66,center,0.73898392536205959,0.18342836980650404,0.94094963853885416
0,67,polynomial,0.78943305740458836,0.19765918179430023,0.99399497771287004
0,67,polynomial,0.75912764285461498,0.16735376724432671,0.94677112288764298
0,67,polynomial,0.73142135090211891,0.13964747529183097,0.84143680167459101
0,67,polynomial,0.79071010103276917,0.1699303721712464,0.98197928806855495
0,67,polynomial,0.76170424778153478,0.1409245189200119,0.90787399809583946
0,67,polynomial,0.79311290265946632,0.14332732054670871,0.95846600374704305
0,67,cell_average,0.77023466669317597,0.1591235555820649,0.94283635038264502
0,67,center,0.77023466669317597,0.1591235555820649,0.95028887256373851
0,68,polynomial,0.81111563602822689,0.15288951163851483,0.9864909707221553
0,68,polynomial,0.84256097445526856,0.18433485006555603,0.98518725271915142
0,68,polynomial,0.87625723372789366,0.21803110933818176,0.91025060444970174
0,68,polynomial,0.80916431439768088,0.17994404325920338,0.99515533533194123
0,68,polynomial,0.84179456454714163,0.21257429340866402,0.96711290000384331
0,68,polynomial,0.80828674785807586,0.2080723299708328,0.99662932152215766
0,68,cell_average,0.83093485084169161,0.19204596195280266,0.97530240489074815
0,68,center,0.83093485084169161,0.19204596195280266,0.98849456172508099
0,69,polynomial,0.88653431160911644,0.21142710266549505,0.90178857494240894
0,69,polynomial,0.85283809515339981,0.17773088620977795,0.98228583963797445
0,69,polynomial,0.82139271390944923,0.14628550496582801,0.98977034139176434
0,69,polynomial,0.88731614849773344,0.1832030863028774,0.9422740912759493
0,69,polynomial,0.85468589834827324,0.15057283615341691,0.99676543618024815
0,69,polynomial,0.88878634254620525,0.15566742710011428,0.97726532391471677
0,69,cell_average,0.86472797794668677,0.17028353350224232,0.96648926225326837
0,69,center,0.86472797794668677,0.17028353350224232,0.97960858090308878
0,70,polynomial,0.908525638294163,0.16696618057111753,0.93877115681378931
0,70,polynomial,0.94305638983329865,0.20149693211025296,0.79213555536019842
0,70,polynomial,0.97888667860261658,0.23732722087957134,0.60738405209523816
0,70,polynomial,0.90747069434389904,0.19491708987208817,0.88927575456364316
0,70,polynomial,0.94275418716965642,0.23020058269784527,0.72744743723185457
0,70,polynomial,0.90699592961594333,0.22344817839536699,0.83814706055993682
0,70,cell_average,0.93097148089110593,0.20874925866888361,0.79802037422351191
0,70,center,0.93097148089110593,0.20874925866888361,0.80568141323931342
0,71,polynomial,0.98944786953057207,0.23100732725361756,0.59339576477745881
0,71,polynomial,0.95361763020196177,0.19517708792500665,0.77953332208825299
0,71,polynomial,0.91908682922211837,0.16064628694516364,0.93333625285763711
0,71,polynomial,0.98952500711670766,0.20207861158851825,0.67014479173904085
0,71,polynomial,0.95424151429095083,0.16679511876276129,0.85227922841754555
0,71,polynomial,0.98966865627894907,0.17321640749952474,0.75578671870657665
0,71,cell_average,0.9656951857755609,0.18791740799778306,0.76281822129897159
0,71,center,0.9656951857755609,0.18791740799778306,0.76947895918196496
0,72,polynomial,0.010552130469427769,0.26899267274638244,0.41022732806366335
0,72,polynomial,0.046382369798038767,0.30482291207499362,0.21000493996529451
0,72,polynomial,0.080913170777881599,0.33935371305483625,0.070650098225203656
0,72,polynomial,0.010474992883292407,0.29792138841148175,0.32531152495000709
0,72,polynomial,0.045758485709049453,0.33320488123723885,0.14437869816288548
0,72,polynomial,0.010331343721051361,0.32678359250047545,0.24799722313167832
0,72,cell_average,0.034304814224439172,0.31208259200221694,0.23455487120683935
0,72,center,0.034304814224439172,0.31208259200221694,0.22110066698802261
0,73,polynomial,0.091474361705837157,0.33303381942888249,0.067174070686123549
0,73,polynomial,0.056943610166701894,0.29850306788974734,0.19867188003458139
0,73,polynomial,0.021113321397383304,0.26267277912042858,0.39728481978945046
0,73,polynomial,0.092529305656101152,0.30508291012791183,0.10987969948493917
0,73,polynomial,0.057245812830344141,0.2697994173021549,0.27113404725603307
0,73,polynomial,0.093004070384057128,0.27655182160463326,0.16634498962869673
0,73,cell_average,0.069028519108894168,0.29125074133111639,0.20127276208832523
0,73,center,0.069028519108894168,0.29125074133111639,0.18754873633310484
0,74,polynomial,0.11346568839088358,0.28857289733450497,0.098357349292230778
0,74,polynomial,0.14716190484660083,0.32226911379022233,0.022857948246089849
0,74,polynomial,0.1786072860905506,0.35371449503417191,0.019969192405569422
0,74,polynomial,0.11268385150226662,0.3167969136971226,0.059288497240651494
0,74,polynomial,0.14531410165172726,0.34942716384658323,0.0091524282822994917
0,74,polynomial,0.11121365745379522,0.34433257289988589,0.027021866649548698
0,74,cell_average,0.13527202205331326,0.32971646649775765,0.037789662446246292
0,74,center,0.13527202205331326,0.32971646649775765,0.024427454080979391
0,75,polynomial,0.18888436397177322,0.34711048836148511,0.02432973810818527
0,75,polynomial,0.15743902554473224,0.31566514993444417,0.020823416250640953
0,75,polynomial,0.12374276627210619,0.28196889066181818,0.090044181329261716
0,75,polynomial,0.19083568560231925,0.32005595674079662,0.013151857998174645
0,75,polynomial,0.15820543545285878,0.28742570659133615,0.035840390620011549
0,75,polynomial,0.19171325214192467,0.29192767002916747,0.0092596871533636056
0,75,cell_average,0.16906514915830845,0.30795403804719734,0.030297156666449832
0,75,center,0.16906514915830845,0.30795403804719734,0.017292116987166442
0,76,polynomial,0.2105669425954117,0.30234081820569975,0.0092760848746078171
0,76,polynomial,0.24087235714538546,0.33264623275567362,0.064979364226071687
0,76,polynomial,0.26857864909788098,0.36035252470816903,0.16003955877330961
0,76,polynomial,0.20928989896723091,0.3300696278287536,0.027900626181721726
0,76,polynomial,0.23829575221846563,0.35907548107998827,0.099526125423709866
0,76,polynomial,0.20688709734053415,0.35667267945329151,0.049325597297751586
0,76,cell_average,0.22976533330682403,0.34087644441793508,0.064933634299590343
0,76,center,0.22976533330682403,0.34087644441793508,0.061220358042260455
0,77,polynomial,0.27807951570033618,0.35297230675671476,0.16404132982831574
0,77,polynomial,0.25037324846819431,0.32526603952457306,0.067169677609434097
0,77,polynomial,0.22006780919786678,0.29496060025424542,0.0086120987572090545
0,77,polynomial,0.28040435995608604,0.32629129776123006,0.11402024921616839
0,77,polynomial,0.25139850670485153,0.29728544450999556,0.031839112702798426
0,77,polynomial,0.281449585061749,0.29833066961565835,0.068607057531973575
0,77,cell_average,0.26101607463794035,0.31657163019349593,0.071898189420477598
0,77,center,0.26101607463794035,0.31657163019349593,0.0678728524440117
0,78,polynomial,0.29816678980411987,0.3066073320810746,0.11057864161543467
0,78,polynomial,0.3247331860478383,0.33317372832479303,0.2283778934051644
0,78,polynomial,0.3490486051093914,0.35748914738634607,0.35801194861758201
0,78,polynomial,0.29673672224524572,0.33418311777343501,0.16347212324571814
0,78,polynomial,0.32211817859825437,0.35956457412644366,0.2892976769674383
0,78,polynomial,0.29404514179576913,0.36049739057519314,0.21930443754884207
0,78,cell_average,0.31479444091371073,0.34257221869148846,0.22405793786998698
0,78,center,0.31479444091371073,0.34257221869148846,0.22629952741015827
0,79,polynomial,0.35748914738634613,0.3490486051093914,0.35854806625190605
0,79,polynomial,0.33317372832479308,0.3247331860478383,0.22979124983275398
0,79,polynomial,0.3066073320810746,0.29816678980411992,0.11171944651479739
0,79,polynomial,0.35956457412644355,0.32211817859825426,0.29176310644959697
0,79,polynomial,0.33418311777343512,0.29673672224524578,0.16609616388565113
0,79,polynomial,0.36049739057519309,0.29404514179576913,0.22045178516029912
0,79,cell_average,0.34257221869148852,0.31479444091371073,0.22579737872588607
0,79,center,0.34257221869148852,0.31479444091371073,0.22887586474944507
0,80,polynomial,0.37512202106960535,0.30022923001322671,0.27497948778543824
0,80,polynomial,0.39860304954220283,0.32371025848582419,0.41107104346925777
0,80,polynomial,0.42078439376609,0.34589160270971137,0.54499841354868062
0,80,polynomial,0.3739221150275599,0.32803517722241593,0.34931963622702544
0,80,polynomial,0.39665032870427225,0.35076339089912817,0.48396199473013413
0,80,polynomial,0.37166296256310422,0.35478187800919486,0.4182602935932242
0,80,cell_average,0.3899049635268293,0.33434940797127372,0.41139276294734411
0,80,center,0.3899049635268293,0.33434940797127372,0.41546361141981403
0,81,polynomial,0.42816461171754427,0.33639073610725623,0.53929633862108672
0,81,polynomial,0.40598324277330333,0.31420936716301523,0.40485469631842608
0,81,polynomial,0.38250223902105956,0.29072836341077157,0.26818989400112614
0,81,polynomial,0.42943451202303018,0.30865478316150752,0.4570297741372667
0,81,polynomial,0.40670629834631822,0.28592656948479545,0.32040746080371285
0,81,polynomial,0.43000497240073737,0.28021939028797993,0.37019619212070165
0,81,cell_average,0.41420977775126844,0.30309866664015733,0.39091570880914717
0,81,center,0.41420977775126844,0.30309866664015733,0.39460947781052313
0,82,polynomial,0.4431416436901911,0.28491551930047909,0.42430245100634051
0,82,polynomial,0.46501767672942695,0.30679155233971483,0.56070704433566732
0,82,polynomial,0.48689356779826476,0.32866744340855275,0.69196683755336397
0,82,polynomial,0.44249341301993378,0.31327314188145639,0.51170541090071997
0,82,polynomial,0.46425047247471657,0.33503020133623918,0.64491140251286216
0,82,polynomial,0.44127202661892873,0.34105760873168589,0.59366092158212858
0,82,cell_average,0.45730019663817523,0.31841130774928628,0.57150816604800236
0,82,center,0.45730019663817523,0.31841130774928628,0.57326280231724047
0,83,polynomial,0.49349757447095155,0.31839036552733019,0.68000548925379756
0,83,polynomial,0.47162164058520506,0.29651443164158353,0.54830886044693783
0,83,polynomial,0.44974565036287784,0.27463844141925642,0.41245482957766361
0,83,polynomial,0.49362167958050285,0.28950861738564693,0.59408747509540416
0,83,polynomial,0.4718646201257205,0.26775155793086441,0.46023979892733435
0,83,polynomial,0.4936769294896472,0.26055801404355644,0.50674792382371536
0,83,cell_average,0.47906262508873559,0.28461818064429117,0.533858850952729
0,83,center,0.47906262508873559,0.28461818064429117,0.53459292169150319
0,84,polynomial,0.50632895408448164,0.26476949636143626,0.55972005582412332
0,84,polynomial,0.52851042125834025,0.28695096353529476,0.69395267688099793
0,84,polynomial,0.55199132678096641,0.31043186905792097,0.8165116575370005
0,84,polynomial,0.50640609167061701,0.29385248719880636,0.64626322780561396
0,84,polynomial,0.52913430534732941,0.31658070087551859,0.77390876658442731
0,84,polynomial,0.5065497408328582,0.3230019896122821,0.73018684798212352
0,84,cell_average,0.52125074133111637,0.29902851910889411,0.70625899104534418
0,84,center,0.52125074133111637,0.29902851910889411,0.70556445819343439
0,85,polynomial,0.55831122040692027,0.29987067812996543,0.80727962320930313
0,85,polynomial,0.53483026544358647,0.27638972316663168,0.68338775717893707
0,85,polynomial,0.5126488477104354,0.25420830543348072,0.54734730637991613
0,85,polynomial,0.55725627645665621,0.26980988092846675,0.72793497231974635
0,85,polynomial,0.53452806277994402,0.24708166725175479,0.59258257779273893
0,85,polynomial,0.5567815117287005,0.24032926294927634,0.6384753711666018
0,85,cell_average,0.54208259200221698,0.26430481422443919,0.6693140348157911
0,85,center,0.54208259200221698,0.26430481422443919,0.66916876982331874
0,86,polynomial,0.57008206282969243,0.24518927177331382,0.69317241778103011
0,86,polynomial,0.5943975528764448,0.26950476182006605,0.82574724313706749
0,86,polynomial,0.62096387813496379,0.29607108707858537,0.92950327500274066
0,86,polynomial,0.57086389971830953,0.27497696191316551,0.77899009270847341
0,86,polynomial,0.59624535607131834,0.30035841826617421,0.89370433600656141
0,86,polynomial,0.57233409376678113,0.30545300921287161,0.85340593374534168
0,86,cell_average,0.58695020016890898,0.2813946446133534,0.83371567312385209
0,86,center,0.58695020016890898,0.2813946446133534,0.83529834009769965
0,87,polynomial,0.62756788480765069,0.2857940091973627,0.9234053141051044
0,87,polynomial,0.60100151673222291,0.25922764112193475,0.81709825530393243
0,87,polynomial,0.57668606950237911,0.23491219389209117,0.68091292610493126
0,87,polynomial,0.62561656317710468,0.25483683431558196,0.8618770332307133
0,87,polynomial,0.60023510682409609,0.22945537796257348,0.73311062280130679
0,87,polynomial,0.62473899663749966,0.22495341452474218,0.78604842017638876
0,87,cell_average,0.60871262861946929,0.24760151750835824,0.80523305213533747
0,87,center,0.60871262861946929,0.24760151750835824,0.80644188721748722
0,88,polynomial,0.63964747529183108,0.23142135090211902,0.84037877640607517
0,88,polynomial,0.66735376724432705,0.25912764285461481,0.9452883395769085
0,88,polynomial,0.69765918179430009,0.28943305740458825,0.9950822184216821
0,88,polynomial,0.64092451892001201,0.2617042477815345,0.90638893639600848
0,88,polynomial,0.66993037217124662,0.29071010103276917,0.98286445394714184
0,88,polynomial,0.64332732054670883,0.2931129026594661,0.95817491692746981
0,88,cell_average,0.65912355558206481,0.27023466669317597,0.94240208005277737
0,88,center,0.65912355558206481,0.27023466669317597,0.94939233421388969
0,89,polynomial,0.70503939974575458,0.27993219080213316,0.99312787240839628
0,89,polynomial,0.67473396047542755,0.24962675153180591,0.94262027610930121
0,89,polynomial,0.64702769324328513,0.22192048429966385,0.83476093516152139
0,89,polynomial,0.7027145554900045,0.24860149329514855,0.97336180865463873
0,89,polynomial,0.67370870223877022,0.2195956400439141,0.8889530818553294
0,89,polynomial,0.70166933038434198,0.2185504149382512,0.93585055725174537
0,89,cell_average,0.68342836980650401,0.23898392536205962,0.93261018295490494
0,89,center,0.68342836980650401,0.23898392536205962,0.93955570018393486
0,90,polynomial,0.71871429474978943,0.22715483702674419,0.97052302837676052
0,90,polynomial,0.75015960500854084,0.25860014728549535,0.99237295377278856
0,90,polynomial,0.7838558924494563,0.29229643472641109,0.93943124608336137
0,90,polynomial,0.72014436230866385,0.25759075783685315,0.99099632562275575
0,90,polynomial,0.7527746124581246,0.29022100798631378,0.97870007935516334
0,90,polynomial,0.72283594275814078,0.28928819153756447,0.99720618009053585
0,90,cell_average,0.7407611146418448,0.26853889241962259,0.98056625254410656
0,90,center,0.7407611146418448,0.26853889241962259,0.99345744227246358
0,91,polynomial,0.7922964347264112,0.28385589244945647,0.93698677399209485
0,91,polynomial,0.75860014728549563,0.25015960500854068,0.99232832257728454
0,91,polynomial,0.72715483702674411,0.21871429474978943,0.97149830810060134
0,91,polynomial,0.79022100798631378,0.25277461245812438,0.97333222114448636
0,91,polynomial,0.75759075783685337,0.22014436230866388,0.9937414287276789
0,91,polynomial,0.78928819153756491,0.22283594275814053,0.99604279349344826
0,91,cell_average,0.7685388924196227,0.24076111464184485,0.97959643022114273
0,91,center,0.7685388924196227,0.24076111464184485,0.99256444602351712
0,92,polynomial,0.80842573015097097,0.23353293909459216,0.97799734519159165
0,92,polynomial,0.84295640818084316,0.26806361712446419,0.86702967424878852
0,92,polynomial,0.87878677045942433,0.30389397940304586,0.70474818635533409
0,92,polynomial,0.80962563619301631,0.26373869838787217,0.93720233112276152
0,92,polynomial,0.84490912901877357,0.29902219121362933,0.80345675795139926
0,92,polynomial,0.81188478865747238,0.29500370410356275,0.88780611357155181
0,92,cell_average,0.83231725869539297,0.27676170313983733,0.86317184648571177
0,92,center,0.83231725869539297,0.27676170313983733,0.87335593424148006
0,93,polynomial,0.88828763706187974,0.29651376145159158,0.69680691054193233
0,93,polynomial,0.85245729950365212,0.26068342389336374,0.86072797016658942
0,93,polynomial,0.81792659675342583,0.22615272114313778,0.97759861809948012
0,93,polynomial,0.88701773675639384,0.26623800789487106,0.77313910167905309
0,93,polynomial,0.85173424393063712,0.23095451506911419,0.92518316585096361
0,93,polynomial,0.88644727637868725,0.23666169426592965,0.8517129613084844
0,93,cell_average,0.86356800002650935,0.25245688891539825,0.84732693858149943
0,93,center,0.86356800002650935,0.25245688891539825,0.85667582898183636
0,94,polynomial,0.90707277419705168,0.24884664980733973,0.7703104406757022
0,94,polynomial,0.943208447660286,0.28498232327057349,0.55930429772876955
0,94,polynomial,0.9793442630939162,0.32111813870420447,0.35326540559806252
0,94,polynomial,0.90772100486730911,0.27850073372883166,0.68506457534012344
0,94,polynomial,0.94397565191499588,0.31475538077651827,0.47465618650053182
0,94,polynomial,0.90894239126831466,0.30872797338107161,0.60332595903987674
0,94,cell_average,0.93158869225071372,0.29269980336182472,0.57396996653059429
0,94,center,0.93158869225071372,0.29269980336182472,0.57213315921822872
0,95,polynomial,0.98962134097513921,0.31451413203151773,0.34286809312571143
0,95,polynomial,0.95348556835841747,0.27837835941479538,0.54703921272033873
0,95,polynomial,0.91734985207827424,0.24224264313465296,0.76236903107242004
0,95,polynomial,0.9894972358655878,0.28538417367073166,0.42320379988294626
0,95,polynomial,0.95324258881790147,0.24912952662304522,0.6407302331461
0,95,polynomial,0.98944198595644417,0.25632307051035313,0.51584973521129696
0,95,cell_average,0.96538181935570899,0.27093737491126441,0.53814595038466273
0,95,center,0.96538181935570899,0.27093737491126441,0.53586734706534567
0,96,polynomial,0.010159803563074351,0.35193367917336238,0.1825891270244672
0,96,polynomial,0.04385592086530269,0.38562979647559092,0.059065474763868295
0,96,polynomial,0.075301401262741346,0.41707527687302942,0.010115444834770986
0,96,polynomial,0.009902092235163272,0.38068182109668591,0.12241542214815922
0,96,polynomial,0.042532342384623861,0.41331207124614672,0.026887627589043731
0,96,polynomial,0.0095980346785530749,0.40938361679131052,0.070969061475263384
0,96,cell_average,0.032242533659735763,0.39335364477084689,0.078076132816229701
0,96,center,0.032242533659735763,0.39335364477084689,0.063311162741087057
0,97,polynomial,0.085578479143963979,0.41047127020034269,0.011347310996676485
0,97,polynomial,0.05413304156343407,0.37902583261981287,0.054024261114328224
0,97,polynomial,0.020436881444296971,0.34532967250067548,0.17292599087269833
0,97,polynomial,0.088053926335215957,0.38394086414035999,0.018111324115817139
0,97,polynomial,0.055423676185755395,0.35131061399089958,0.089357035153025899
0,97,polynomial,0.090097629366682516,0.35697871392059205,0.033794586166220608
0,97,cell_average,0.066035660764730955,0.37159121632028652,0.062324978501220735
0,97,center,0.066035660764730955,0.37159121632028652,0.047544732610787732
0,98,polynomial,0.10940671012671919,0.367847252403674,0.011491469992379705
0,98,polynomial,0.13971202644707578,0.39815256872403065,0.026763588617185027
0,98,polynomial,0.16741841662918841,0.42585895890614317,0.091118164295575871
0,98,polynomial,0.10678262860691706,0.39422902413510641,0.011469550423755576
0,98,polynomial,0.13578848185815168,0.42323487738634114,0.044473755402641472
0,98,polynomial,0.1036657174402723,0.42011796621969638,0.015920172924219916
0,98,cell_average,0.1276381475577725,0.40541592533555026,0.030629487882686924
0,98,center,0.1276381475577725,0.40541592533555026,0.023588641173572532
0,99,polynomial,0.17797960755714401,0.4195390652801893,0.097640346079488141
0,99,polynomial,0.15027326681573888,0.39183272453878432,0.02951807066654245
0,99,polynomial,0.1199679010546747,0.36152735877771996,0.0088895510168434042
0,99,polynomial,0.18255930180520338,0.39511290627701406,0.065731505371866505
0,99,polynomial,0.15355344855396885,0.36610705302577962,0.012261058695699168
0,99,polynomial,0.18633844410327807,0.36988619532385425,0.038482935233208462
0,99,cell_average,0.16236185244222751,0.38458407466444972,0.038812709102635359
0,99,center,0.16236185244222751,0.38458407466444972,0.031669967400765837
0,100,polynomial,0.20392891292141466,0.3790361218650361,0.073013346433029203
0,100,polynomial,0.2304952381799342,0.4056024471235557,0.17530043438431395
0,100,polynomial,0.25481072822668616,0.42991793717030752,0.29568793014240369
0,100,polynomial,0.1996415817338259,0.40375464392868193,0.10776028484723492
0,100,polynomial,0.22502303808683463,0.42913610028169069,0.2179082732978013
0,100,polynomial,0.19454699078712859,0.42766590623321932,0.14519904148541549
0,100,cell_average,0.2186053553866466,0.41304979983109102,0.16515548283347312
0,100,center,0.2186053553866466,0.41304979983109102,0.1655528502285058
0,101,polynomial,0.26508780610790877,0.42331393049762078,0.30551510787219954
0,101,polynomial,0.24077235887806553,0.39899848326777765,0.18451462991895956
0,101,polynomial,0.21420599080263725,0.3724321151923492,0.07982284202760323
0,101,polynomial,0.27054462203742663,0.39976489317590397,0.25928184547870725
0,101,polynomial,0.24516316568441809,0.3743834368228956,0.14157247727393027
0,101,polynomial,0.27504658547525807,0.3752610033625009,0.21000916199234454
0,101,cell_average,0.25239848249164176,0.39128737138053066,0.19280396784395498
0,101,center,0.25239848249164176,0.39128737138053066,0.19401429986602681
0,102,polynomial,0.29072836341077152,0.38250223902105968,0.26888786445267893
0,102,polynomial,0.31420936716301523,0.40598324277330333,0.40341249595740108
0,102,polynomial,0.33639073610725617,0.42816461171754427,0.53700854990080293
0,102,polynomial,0.28592656948479539,0.40670629834631805,0.32066426436401219
0,102,polynomial,0.30865478316150757,0.42943451202303035,0.45433023556676339
0,102,polynomial,0.28021939028797993,0.43000497240073732,0.36884450109639499
0,102,cell_average,0.30309866664015733,0.41420977775126844,0.38977169103968784
0,102,center,0.30309866664015733,0.41420977775126844,0.39320967423364772
0,103,polynomial,0.34589160270971137,0.42078439376608995,0.54521164260080612
0,103,polynomial,0.32371025848582424,0.39860304954220288,0.41124759133594058
0,103,polynomial,0.30022923001322671,0.37512202106960529,0.27501546188851345
0,103,polynomial,0.35076339089912806,0.39665032870427208,0.48669600120177681
0,103,polynomial,0.32803517722241604,0.37392211502756012,0.34859371590871746
0,103,polynomial,0.35478187800919486,0.37166296256310433,0.41890360014798478
0,103,cell_average,0.33434940797127377,0.3899049635268293,0.41194612484186632
0,103,center,0.33434940797127377,0.3899049635268293,0.4163353921276039
0,104,polynomial,0.36887631830196166,0.37731686057891639,0.4798629492699667
0,104,polynomial,0.3907523795094876,0.39919292178644239,0.61732742439699972
0,104,polynomial,0.41262824241003543,0.42106878468699016,0.74499678789355372
0,104,polynomial,0.36484669844228401,0.40229309397047341,0.54808223104912768
0,104,polynomial,0.38660375789706686,0.4240501534252562,0.67983742148120052
0,104,polynomial,0.36005616505219695,0.42650841383162097,0.60648068638572661
0,104,cell_average,0.3808072661713553,0.40858504394913309,0.61343217227070845
0,104,center,0.3808072661713553,0.40858504394913309,0.61662754268445163
0,105,polynomial,0.42106878468699022,0.41262824241003554,0.743597480167416
0,105,polynomial,0.39919292178644239,0.39075237950948766,0.61580672683816617
0,105,polynomial,0.37731686057891628,0.3688763183019616,0.47826894134625603
0,105,polynomial,0.42405015342525604,0.38660375789706669,0.6766415862671582
0,105,polynomial,0.40229309397047358,0.36484669844228423,0.54412046247391643
0,105,polynomial,0.42650841383162102,0.36005616505219701,0.60524389809545287
0,105,cell_average,0.40858504394913309,0.3808072661713553,0.61106740188501985
0,105,center,0.40858504394913309,0.3808072661713553,0.61324053141198209
0,106,polynomial,0.43976219556100726,0.3648694045046284,0.66062973092940191
0,106,polynomial,0.46194373624412893,0.38705094518775029,0.78537613383097837
0,106,polynomial,0.48542456825749175,0.41053177720111317,0.8905948032599813
0,106,polynomial,0.43758448315483311,0.39169754534968909,0.73043935370272461
0,106,polynomial,0.46031269683154541,0.41442575902640133,0.84669438212633841
0,106,polynomial,0.43499421512466252,0.41811313057075311,0.79514803429762615
0,106,cell_average,0.45323829686016265,0.39768274130460707,0.78782338695380649
0,106,center,0.45323829686016265,0.39768274130460707,0.7892963233503506
0,107,polynomial,0.49280478620894591,0.40103091059865803,0.88657076669162471
0,107,polynomial,0.46932392947522955,0.37755005386494134,0.78129071866718713
0,107,polynomial,0.44714241351246137,0.35536853790217326,0.65560019897947885
0,107,polynomial,0.49309688015030329,0.37231715128878062,0.82707084414294629
0,107,polynomial,0.47036866647359132,0.34958893761206861,0.70699037312927071
0,107,polynomial,0.49333622496229557,0.34355064284953823,0.75348429437708664
0,107,cell_average,0.47754311108460179,0.36643199997349069,0.77175440151440999
0,107,center,0.47754311108460179,0.36643199997349069,0.7739724981899363
0,108,polynomial,0.50672128099083491,0.34849515660112307,0.80207363047303482
0,108,polynomial,0.53103687019107637,0.37281074580136425,0.90913515808412759
0,108,polynomial,0.55760309629610649,0.3993769719063946,0.97818845420975253
0,108,polynomial,0.50697899231874621,0.37775872118026882,0.87047476560392767
0,108,polynomial,0.53236044867175492,0.40314017753327758,0.95564498047176749
0,108,polynomial,0.50728304987535655,0.40706863198811377,0.92432848383375099
0,108,cell_average,0.52331302189581985,0.3844241330069309,0.91075600127457479
0,108,center,0.52331302189581985,0.3844241330069309,0.91515878312475019
0,109,polynomial,0.56420710296879339,0.38909989402517198,0.97474227125117485
0,109,polynomial,0.53764083404685425,0.36253362510323289,0.90302304813302814
0,109,polynomial,0.5133252876635217,0.33821807871990039,0.79187446880877199
0,109,polynomial,0.56173165577754147,0.35761859358268527,0.93393469123010842
0,109,polynomial,0.53635019942453288,0.33223713722967679,0.83322553984611969
0,109,polynomial,0.55968795274607508,0.32656903729998427,0.87183612242550235
0,109,cell_average,0.54507545034638016,0.35063100590193569,0.88917750879275204
0,109,center,0.54507545034638016,0.35063100590193569,0.89358669492795284
0,110,polynomial,0.57414104109385689,0.33258158337081156,0.91304251991258967
0,110,polynomial,0.60184743127596985,0.36028797355292458,0.9825504019737088
0,110,polynomial,0.63215274759632589,0.39059328987328085,0.99172939704907448
0,110,polynomial,0.57676512261365909,0.36421151814184838,0.96294361614843982
0,110,polynomial,0.60577097586489381,0.39321737139308316,0.99794088798828551
0,110,polynomial,0.57988203378030412,0.39633428255972791,0.99254762186888412
0,110,cell_average,0.59458407466444974,0.37236185244222753,0.97687559928867895
0,110,center,0.59458407466444974,0.37236185244222753,0.9862688984012431
0,111,polynomial,0.63847264122227987,0.38003209894532536,0.99178809405360135
0,111,polynomial,0.60816727546121618,0.3497267331842614,0.97956994068011194
0,111,polynomial,0.58046093471981064,0.32202039244285591,0.90501031169884683
0,111,polynomial,0.63389294697422061,0.3464465514460312,0.99190048789985641
0,111,polynomial,0.6048870937229861,0.31744069819479676,0.93875066112690553
0,111,polynomial,0.63011380467614619,0.31366155589672212,0.96684527111188201
0,111,cell_average,0.61541592533555023,0.33763814755777249,0.96600084304184142
0,111,center,0.61541592533555023,0.33763814755777249,0.97524896466257394
0,112,polynomial,0.64628550496582804,0.32139271390944946,0.98851357834443576
0,112,polynomial,0.67773088620977806,0.35283809515339953,0.98293808390289006
0,112,polynomial,0.71142710266549491,0.3865343116091165,0.90457078227985621
0,112,polynomial,0.65057283615341688,0.35468589834827285,0.99451416561014205
0,112,polynomial,0.68320308630287763,0.38731614849773355,0.94861790912291333
0,112,polynomial,0.6556674271001145,0.38878634254620503,0.97887902419291006
0,112,cell_average,0.67028353350224223,0.36472797794668677,0.96797526614303486
0,112,center,0.67028353350224223,0.36472797794668677,0.9813685833029534
0,113,polynomial,0.71803110933818171,0.37625723372789383,0.90851710389313034
0,113,polynomial,0.68433485006555617,0.34256097445526812,0.98514284413705422
0,113,polynomial,0.65288951163851472,0.31111563602822667,0.98734683357600106
0,113,polynomial,0.71257429340866396,0.3417945645471413,0.96257768490464157
0,113,polynomial,0.67994404325920366,0.30916431439768077,0.99739176082172509
0,113,polynomial,0.70807232997083303,0.30828674785807553,0.99533595202037506
0,113,cell_average,0.69204596195280266,0.33093485084169155,0.97447281604199021
0,113,center,0.69204596195280266,0.33093485084169155,0.98769436332935312
0,114,polynomial,0.726152721143138,0.31792659675342588,0.97636464291275282
0,114,polynomial,0.76068342389336396,0.35245729950365184,0.86305206079367147
0,114,polynomial,0.7965137614515917,0.38828763706187969,0.69925675552126909
0,114,polynomial,0.73095451506911413,0.35173424393063679,0.92346046591486053
0,114,polynomial,0.76623800789487151,0.38701773675639395,0.78167620956531314
0,114,polynomial,0.73666169426592987,0.38644727637868703,0.85472256106001376
0,114,cell_average,0.75245688891539819,0.36356800002650935,0.84985164752447795
0,114,center,0.75245688891539819,0.36356800002650935,0.86026788728903836
0,115,polynomial,0.80389397940304597,0.3787867704594246,0.70283043941907353
0,115,polynomial,0.76806361712446447,0.34295640818084294,0.86556071185454464
0,115,polynomial,0.73353293909459205,0.30842573015097063,0.98031803443817611
0,115,polynomial,0.79902219121362938,0.34490912901877324,0.79641785283711075
0,115,polynomial,0.76373869838787256,0.30962563619301631,0.94086292924029602
0,115,polynomial,0.79500370410356302,0.3118847886574721,0.88581531392201074
0,115,cell_average,0.77676170313983739,0.33231725869539291,0.86187873261565628
0,115,center,0.77676170313983739,0.33231725869539291,0.87137802088317173
0,116,polynomial,0.81467143291861455,0.32311197519556911,0.81515380801558435
0,116,polynomial,0.85080707821355828,0.35924762049051284,0.61249427397235023
0,116,polynomial,0.88694292181547896,0.39538346409243391,0.40756261805040739
0,116,polynomial,0.81870105277829219,0.35614744830648137,0.71631773226489359
0,116,polynomial,0.85495569982597908,0.39240209535416809,0.51080384097313369
0,116,polynomial,0.8234915861683797,0.38994383494780338,0.61639642074928191
0,116,cell_average,0.84141495605086702,0.3691927338286447,0.61315051820377353
0,116,center,0.84141495605086702,0.3691927338286447,0.61326117133624858
0,117,polynomial,0.89538346409243397,0.38694292181547918,0.4069883868561685
0,117,polynomial,0.85924762049051329,0.35080707821355811,0.61109549756398396
0,117,polynomial,0.823111975195569,0.31467143291861432,0.81751785938532395
0,117,polynomial,0.89240209535416803,0.35495569982597863,0.5057037180415106
0,117,polynomial,0.85614744830648182,0.31870105277829219,0.7197147122555031
0,117,polynomial,0.8899438349478036,0.32349158616837936,0.61385531233547896
0,117,cell_average,0.86919273382864481,0.34141495605086697,0.61238868736923491
0,117,center,0.86919273382864481,0.34141495605086697,0.61196601698522424
0,118,polynomial,0.91045222232623568,0.33555943126985699,0.51279265018524089
0,118,polynomial,0.94628238814558385,0.37138959708920494,0.29759127464791457
0,118,polynomial,0.98081326263468949,0.40592047157831079,0.13112294018079751
0,118,polynomial,0.91262993473240983,0.36674299692726575,0.40981581844714271
0,118,polynomial,0.94791342755816732,0.40202648975302296,0.21338817922378112
0,118,polynomial,0.91522020276258087,0.39833911820867124,0.31454749728343462
0,118,cell_average,0.93565059202872636,0.38009503647317072,0.31380537634676176
0,118,center,0.93565059202872636,0.38009503647317072,0.30274644462509787
0,119,polynomial,0.99031412923714457,0.39854025362685658,0.12849947106533838
0,119,polynomial,0.95578327946839281,0.36400940385810432,0.29098730610354367
0,119,polynomial,0.91995308892869065,0.32817921331840272,0.50782285060024035
0,119,polynomial,0.99002203529578736,0.36924230643426459,0.19111769345700133
0,119,polynomial,0.95473854247003054,0.33395881360850777,0.38275225383443856
0,119,polynomial,0.98978269048379575,0.33999710837103814,0.26767837587284976
0,119,cell_average,0.96690133335984274,0.35579022224873152,0.29526989331818171
0,119,center,0.96690133335984274,0.35579022224873152,0.28393647956016727
0,120,polynomial,0.0093068019835270705,0.43441401092714838,0.036496666816322292
0,120,polynomial,0.039612044794620278,0.46471925373824186,0.011583968473507556
0,120,polynomial,0.067318508485996326,0.49242571742961766,0.043186538411451092
0,120,polynomial,0.0089375704560344174,0.46305063265089041,0.01740625275692952
0,120,polynomial,0.037943423707269025,0.49205648590212514,0.018743175440128108
0,120,polynomial,0.0085545764818013414,0.49167349192789217,0.0098248219052612228
0,120,cell_average,0.028983925362059612,0.47342836980650405,0.020761825019503018
0,120,center,0.028983925362059612,0.47342836980650405,0.011269506616580681
0,121,polynomial,0.07681937508845145,0.48504549947816344,0.04502159413286641
0,121,polynomial,0.049112936117429208,0.45733906050714129,0.011701266351354636
0,121,polynomial,0.018807668585982186,0.42703379297569416,0.033740311596295688
0,121,polynomial,0.080052031444889538,0.45927230258336693,0.023935669158670573
0,121,polynomial,0.051046178193654937,0.43026644933213248,0.011199088310588192
0,121,polynomial,0.083117064203016205,0.43333148209025918,0.011223057653967332
0,121,cell_average,0.060234666693175995,0.4491235555820649,0.020472892810252781
0,121,center,0.060234666693175995,0.4491235555820649,0.010817681322147133
0,122,polynomial,0.1006230280936054,0.44239690370389351,0.026456513691274271
0,122,polynomial,0.12718925419863611,0.46896312980892441,0.096108737494957422
0,122,polynomial,0.15150484339887693,0.49327871900916481,0.19223988598772709
0,122,polynomial,0.096859822466722575,0.4676395513282452,0.048852233123691163
0,122,polynomial,0.12224127881973124,0.49302100768125401,0.12976247157722179
0,122,polynomial,0.092931368011886437,0.49271695012464395,0.077490039084534806
0,122,cell_average,0.1155758669930691,0.4766869781041802,0.091625845485595436
0,122,center,0.1155758669930691,0.4766869781041802,0.089189703335549472
0,123,polynomial,0.16178192128009955,0.48667471233647824,0.20103874448592948
0,123,polynomial,0.13746637489676744,0.46235916595314636,0.10342253746338673
0,123,polynomial,0.11090010597482805,0.43579289703120666,0.030561923918096482
0,123,polynomial,0.16776286277032332,0.4636498005754674,0.16492243171826504
0,123,polynomial,0.14238140641731473,0.43826834422245897,0.072745525618674201
0,123,polynomial,0.1734309627000159,0.44031204725392548,0.12920959000403737
0,123,cell_average,0.14936899409806428,0.45492454965361989,0.11336286544124408
0,123,center,0.14936899409806428,0.45492454965361989,0.1115057467548045
0,124,polynomial,0.18956813094207906,0.4480086732190337,0.17993915498641619
0,124,polynomial,0.21304903646470555,0.47148957874166042,0.29996621514117849
0,124,polynomial,0.23523050363856371,0.4936710459155183,0.42686308729716677
0,124,polynomial,0.18341929912448152,0.47086569465267092,0.21858059113170331
0,124,polynomial,0.20614751280119373,0.49359390832938321,0.33961649038049596
0,124,polynomial,0.17699801038771809,0.49345025916714219,0.25671826435793277
0,124,cell_average,0.20097148089110586,0.47874925866888363,0.28433446035597737
0,124,center,0.20097148089110586,0.47874925866888363,0.28545918666355508
0,125,polynomial,0.2457916945665192,0.4873511522895646,0.44145781959964087
0,125,polynomial,0.22361027683336865,0.46516973455641408,0.31323585944997373
0,125,polynomial,0.20012932187003449,0.44168877959307984,0.19017135338089167
0,125,polynomial,0.25291833274824543,0.46547193722005609,0.39855599846772066
0,125,polynomial,0.23019011907153328,0.44274372354334413,0.26824042030494222
0,125,polynomial,0.25967073705072391,0.44321848827130006,0.34942209999676221
0,125,cell_average,0.23569518577556081,0.45791740799778308,0.32426242715043635
0,125,center,0.23569518577556081,0.45791740799778308,0.32656420443480577
0,126,polynomial,0.27463844141925642,0.44974565036287778,0.41365138238387456
0,126,polynomial,0.29651443164158353,0.47162164058520506,0.55153700349312096
0,126,polynomial,0.31839036552733013,0.49349757447095149,0.68408364100805497
0,126,polynomial,0.2677515579308643,0.47186462012572028,0.46355017186053821
0,126,polynomial,0.28950861738564704,0.49362167958050318,0.5977235557728533
0,126,polynomial,0.26055801404355644,0.4936769294896472,0.50647888904095262
0,126,cell_average,0.28461818064429117,0.47906262508873559,0.53663987248889355
0,126,center,0.28461818064429117,0.47906262508873559,0.53855877911924077
0,127,polynomial,0.32866744340855281,0.48689356779826476,0.69411785227706091
0,127,polynomial,0.30679155233971489,0.4650176767294269,0.56172284881461876
0,127,polynomial,0.28491551930047893,0.44314164369019093,0.42305675922387093
0,127,polynomial,0.33503020133623906,0.46425047247471646,0.64404915925793249
0,127,polynomial,0.3132731418814565,0.44249341301993395,0.50898471915703236
0,127,polynomial,0.34105760873168589,0.44127202661892873,0.59131643783092391
0,127,cell_average,0.31841130774928633,0.45730019663817523,0.57078974280393824
0,127,center,0.31841130774928633,0.45730019663817523,0.57228176217627535
0,128,polynomial,0.35536853790217332,0.44714241351246142,0.65362629592865651
0,128,polynomial,0.37755005386494134,0.46932392947522938,0.78050250639868335
0,128,polynomial,0.40103091059865803,0.49280478620894591,0.88804126040398379
0,128,polynomial,0.3495889376120685,0.47036866647359121,0.70562121300938396
0,128,polynomial,0.37231715128878079,0.49309688015030351,0.82740787266440841
0,128,polynomial,0.34355064284953818,0.49333622496229557,0.75432956589010314
0,128,cell_average,0.36643199997349069,0.47754311108460179,0.77143724892842847
0,128,center,0.36643199997349069,0.47754311108460179,0.77312547178523994
0,129,polynomial,0.41053177720111317,0.48542456825749175,0.89142081929986428
0,129,polynomial,0.38705094518775029,0.46194373624412893,0.78643895479472747
0,129,polynomial,0.3648694045046284,0.43976219556100699,0.66081708490707458
0,129,polynomial,0.41442575902640122,0.46031269683154524,0.84832141644892878
0,129,polynomial,0.39169754534968915,0.43758448315483323,0.73347072518430467
0,129,polynomial,0.41811313057075311,0.43499421512466252,0.7972034770577503
0,129,cell_average,0.39768274130460707,0.45323829686016265,0.78940979704084147
0,129,center,0.39768274130460707,0.45323829686016265,0.79149811160523931
0,130,polynomial,0.43245595560260575,0.44089649787956042,0.84669416238386497
0,130,polynomial,0.45677157297113696,0.4652121152480917,0.93907574949265327
0,130,polynomial,0.48333777090787711,0.49177831318483173,0.99060080014008023
0,130,polynomial,0.4293322777410965,0.46677867326928579,0.89323517490290516
0,130,polynomial,0.45471373409410532,0.4921601296222945,0.96939195399415368
0,130,polynomial,0.42606718830862483,0.49251943708804885,0.93218331188502834
0,130,cell_average,0.44682009142899987,0.4745978692067776,0.93230235323650468
0,130,center,0.44682009142899987,0.4745978692067776,0.9374814710166528
0,131,polynomial,0.49177831318483184,0.48333777090787722,0.99023891164471423
0,131,polynomial,0.46521211524809181,0.45677157297113707,0.94032505867732419
0,131,polynomial,0.44089649787956031,0.43245595560260564,0.84715952897109115
0,131,polynomial,0.49216012962229438,0.45471373409410509,0.97022931141560753
0,131,polynomial,0.46677867326928602,0.42933227774109667,0.89430545689201313
0,131,polynomial,0.49251943708804885,0.42606718830862489,0.93233018595599471
0,131,cell_average,0.4745978692067776,0.44682009142899987,0.93299867882991627
0,131,center,0.4745978692067776,0.44682009142899987,0.9388567423742199
0,132,polynomial,0.50757428257038228,0.4326814915140037,0.96270935709794936
0,132,polynomial,0.5352807462617587,0.46038795520538001,0.99596958936468072
0,132,polynomial,0.56558598907285151,0.49069319801647299,0.96675078008341253
0,132,polynomial,0.50794351409787497,0.462056576292731,0.98847811503504179
0,132,polynomial,0.53694936734910981,0.49106242954396573,0.99058964262038518
0,132,polynomial,0.50832650807210822,0.49144542351819892,0.99879392892889163
0,132,cell_average,0.52657163019349595,0.47101607463794037,0.98621424317169992
0,132,center,0.52657163019349595,0.47101607463794037,0.99687725799668636
0,133,polynomial,0.5729662070243059,0.48119233141401785,0.96723142870020151
0,133,polynomial,0.54266093949285932,0.4508870638825711,0.9961045085806669
0,133,polynomial,0.51495450052183644,0.42318062491154856,0.95995083583463459
0,133,polynomial,0.56973355066786768,0.44895382180634508,0.99226258310294146
0,133,polynomial,0.54072769741663329,0.41994796855511074,0.98219036335496124
0,133,polynomial,0.56666851790974138,0.41688293579698404,0.99533633050475678
0,133,cell_average,0.55087644441793515,0.43976533330682405,0.9846792305423735
0,133,center,0.55087644441793515,0.43976533330682405,0.9955234694571875
0,134,polynomial,0.58292472312697075,0.42469859873725874,0.99752647380916148
0,134,polynomial,0.61437020352440974,0.45614407913469757,0.94318019882838944
0,134,polynomial,0.6480663208266374,0.4898401964369255,0.8220130084267474
0,134,polynomial,0.58668792875385367,0.45746765761537622,0.97576538862526929
0,134,polynomial,0.61931817890331431,0.49009790776483697,0.88423172997663957
0,134,polynomial,0.59061638320868992,0.49040196532144714,0.93588055517539581
0,134,cell_average,0.60664635522915311,0.46775746634026422,0.92666313820717927
0,134,center,0.60664635522915311,0.46775746634026422,0.93969880358998759
0,135,polynomial,0.6546703274993243,0.47956311855570305,0.82847348414403899
0,135,polynomial,0.62097416738018751,0.44586695843656632,0.94731503431640918
0,135,polynomial,0.5895287297996572,0.41442152085603595,0.99940876969674408
0,135,polynomial,0.64868938600910064,0.44457632381424467,0.90811129000221757
0,135,polynomial,0.61605913585964023,0.41194607366478431,0.98968549450445731
0,135,polynomial,0.64302128607940834,0.40990237063331775,0.97041548104312991
0,135,cell_average,0.62840878367971342,0.43396433923526911,0.94087446271868358
0,135,center,0.62840878367971342,0.43396433923526911,0.95357217115649151
0,136,polynomial,0.66064628694516381,0.41908682922211837,0.93332128504008927
0,136,polynomial,0.69517708792500688,0.45361763020196144,0.78300927165181178
0,136,polynomial,0.73100732725361728,0.48944786953057201,0.5955474397826146
0,136,polynomial,0.66679511876276121,0.45424151429095061,0.85285020642716691
0,136,polynomial,0.70207861158851848,0.48952500711670777,0.67862633655018112
0,136,polynomial,0.67321640749952505,0.4896686562789489,0.7596780621150987
0,136,cell_average,0.687917407997783,0.46569518577556079,0.76627109947468353
0,136,center,0.687917407997783,0.46569518577556079,0.77437738573098192
0,137,polynomial,0.73732722087957148,0.47888667860261669,0.60665211845520184
0,137,polynomial,0.70149693211025332,0.44305638983329843,0.79154507040854383
0,137,polynomial,0.66696618057111756,0.40852563829416283,0.94185344417240557
0,137,polynomial,0.73020058269784516,0.44275418716965587,0.72265612467636808
0,137,polynomial,0.69491708987208844,0.40747069434389904,0.89343051771241877
0,137,polynomial,0.72344817839536724,0.40699592961594311,0.83669330030552491
0,137,cell_average,0.70874925866888361,0.43097148089110587,0.79780815731130506
0,137,center,0.70874925866888361,0.43097148089110587,0.80503644313957667
0,138,polynomial,0.74224264313465316,0.4173498520782743,0.76124653172011914
0,138,polynomial,0.77837835941479572,0.45348556835841691,0.54796105056668354
0,138,polynomial,0.81451413203151779,0.48962134097513893,0.3423658413573612
0,138,polynomial,0.74912952662304522,0.45324258881790125,0.63962628668134192
0,138,polynomial,0.78538417367073199,0.48949723586558791,0.42722561082746269
0,138,polynomial,0.7563230705103533,0.48944198595644389,0.51863221329999509
0,138,cell_average,0.77093737491126435,0.46538181935570883,0.5391143713104245
0,138,center,0.77093737491126435,0.46538181935570883,0.53744524510271974
0,139,polynomial,0.82111813870420458,0.47934426309391642,0.35296909192224346
0,139,polynomial,0.78498232327057393,0.4432084476602855,0.55751472757530385
0,139,polynomial,0.74884664980733939,0.40707277419705168,0.7734140368187129
0,139,polynomial,0.81475538077651832,0.44397565191499561,0.47106800933396364
0,139,polynomial,0.778500733728832,0.40772100486730922,0.68941530351732305
0,139,polynomial,0.80872797338107194,0.40894239126831444,0.60139755427683861
0,139,cell_average,0.79269980336182477,0.43158869225071372,0.57384679482315715
0,139,center,0.79269980336182477,0.43158869225071372,0.57157905318761859
0,140,polynomial,0.82817921331840294,0.41995308892869077,0.50599533611773118
0,140,polynomial,0.86400940385810465,0.45578327946839237,0.29119411317888327
0,140,polynomial,0.89854025362685652,0.49031412923714451,0.12676829158110114
0,140,polynomial,0.83395881360850777,0.45473854247003032,0.38188348338552386
0,140,polynomial,0.86924230643426503,0.49002203529578747,0.19100152951177071
0,140,polynomial,0.83999710837103847,0.48978269048379552,0.26922817058813464
0,140,cell_average,0.85579022224873158,0.46690133335984263,0.29486620454525198
0,140,center,0.85579022224873158,0.46690133335984263,0.28381385622419381
0,141,polynomial,0.90592047157831079,0.48081326263468943,0.132396923815885
0,141,polynomial,0.87138959708920516,0.44628238814558346,0.2963758715641705
0,141,polynomial,0.83555943126985699,0.41045222232623563,0.51500118731178623
0,141,polynomial,0.90202648975302269,0.44791342755816682,0.21359135046860728
0,141,polynomial,0.8667429969272662,0.41262993473241,0.41218811292226432
0,141,polynomial,0.89833911820867152,0.4152202027625807,0.31357699721876386
0,141,cell_average,0.88009503647317078,0.4356505920287263,0.31440259127862408
0,141,center,0.88009503647317078,0.4356505920287263,0.30307180349708146
0,142,polynomial,0.91775846228463709,0.42619900456159171,0.22813053329289079
0,142,polynomial,0.95145455141857593,0.45989509369553028,0.084873518730116601
0,142,polynomial,0.98290005998430408,0.49134060226125859,0.015624342263260956
0,142,polynomial,0.92088214014614656,0.45832853567433574,0.14548393514313446
0,142,polynomial,0.95351239029560753,0.49095878582379637,0.03786130849108605
0,142,polynomial,0.9241472295786185,0.49059947835804224,0.078245436886984959
0,142,cell_average,0.94206879745988914,0.46984657523766682,0.098261415591422444
0,142,center,0.94206879745988914,0.46984657523766682,0.083430526334912422
0,143,polynomial,0.99134060226125875,0.48290005998430402,0.0167581906935492
0,143,polynomial,0.9598950936955305,0.45145455141857554,0.084377594893710439
0,143,polynomial,0.92619900456159165,0.41775846228463703,0.22832893098461773
0,143,polynomial,0.99095878582379626,0.45351239029560692,0.038984441793984644
0,143,polynomial,0.95832853567433607,0.42088214014614656,0.14354661822693926
0,143,polynomial,0.99059947835804252,0.42414722957861833,0.076688099588188854
0,143,cell_average,0.96984657523766693,0.44206879745988908,0.097922156154041665
0,143,center,0.96984657523766693,0.44206879745988908,0.082873266488020167
0,144,polynomial,0.0082216868151680986,0.51666222909212278,0.015364813159734848
0,144,polynomial,0.034787884751908638,0.54322842702886365,0.0694529607881684
0,144,polynomial,0.059103502120439619,0.56754404439739425,0.15254238183306648
0,144,polynomial,0.0078398703777056433,0.54528626590589513,0.037536934980645538
0,144,polynomial,0.033221326730714276,0.57066772225890383,0.10816501436627569
0,144,polynomial,0.0074805629119514281,0.57393281169137567,0.071136373916538931
0,144,cell_average,0.025402130793222389,0.55317990857100019,0.072447955957836138
0,144,center,0.025402130793222389,0.55317990857100019,0.069064007959002027
0,145,polynomial,0.067544044397394323,0.55910350212043969,0.15343565199695275
0,145,polynomial,0.043228427028863363,0.53478788475190897,0.070514290290672743
0,145,polynomial,0.016662229092122789,0.50822168681516811,0.015641908947798433
0,145,polynomial,0.070667722258903581,0.53322132673071421,0.11124665003246768
0,145,polynomial,0.045286265905894969,0.50783987037770573,0.038207043539827665
0,145,polynomial,0.073932811691375402,0.50748056291195165,0.072900327553806071
0,145,cell_average,0.053179908571000169,0.5254021307932224,0.07380091054513592
0,145,center,0.053179908571000169,0.5254021307932224,0.070877116328146139
0,146,polynomial,0.089468222798886915,0.51457543174250842,0.11062506282256414
0,146,polynomial,0.11294905481225001,0.53805626375587168,0.21357327708906287
0,146,polynomial,0.13513059549537157,0.56023780443899296,0.32953298276502369
0,146,polynomial,0.085574240973598878,0.53968730316845481,0.15371077607737835
0,146,polynomial,0.10830245465031108,0.56241551684516722,0.26086237751799363
0,146,polynomial,0.081886869429247139,0.56500578487533804,0.19932453098938624
0,146,cell_average,0.10231725869539295,0.54676170313983741,0.20861929281468106
0,146,center,0.10231725869539295,0.54676170313983741,0.20812257179564059
0,147,polynomial,0.14463146209782671,0.55285758648753869,0.33657382140439696
0,147,polynomial,0.12244994613505895,0.53067607052477117,0.21907837803836419
0,147,polynomial,0.098969089401342011,0.50719521379105381,0.11360693379227789
0,147,polynomial,0.15041106238793156,0.5296313335264089,0.28775624852978676
0,147,polynomial,0.12768284871121943,0.50690311984969694,0.17200762643038947
0,147,polynomial,0.15644935715046202,0.50666377503770488,0.23900037888982692
0,147,cell_average,0.13356800002650934,0.52245688891539821,0.22528043023910102
0,147,center,0.13356800002650934,0.52245688891539821,0.22513198643418444
0,148,polynomial,0.17133255659144714,0.51310643220173535,0.29638413293390176
0,148,polynomial,0.19320844766028539,0.53498232327057371,0.42784958577749865
0,148,polynomial,0.21508448069952094,0.55685835630980884,0.5630739810434946
0,148,polynomial,0.16496979866376099,0.53574952752528371,0.3465906429154067
0,148,polynomial,0.18672685811854367,0.5575065869800665,0.47780249440319134
0,148,polynomial,0.1589423912683143,0.55872797338107183,0.39563755099841968
0,148,cell_average,0.18158869225071367,0.54269980336182477,0.41780508956008533
0,148,center,0.18158869225071367,0.54269980336182477,0.41709724748984117
0,149,polynomial,0.22536155858074361,0.55025434963712228,0.57364401828629041
0,149,polynomial,0.20348556835841672,0.52837835941479561,0.43788537221572493
0,149,polynomial,0.18160963447266976,0.50650242552904845,0.30500749353919632
0,149,polynomial,0.2322484420691357,0.52813537987427972,0.52467808235117841
0,149,polynomial,0.21049138261435313,0.50637832041949726,0.38977027221073868
0,149,polynomial,0.23944198595644378,0.50632307051035319,0.47796667219789407
0,149,cell_average,0.21538181935570883,0.52093737491126446,0.45123325457859303
0,149,center,0.21538181935570883,0.52093737491126446,0.45030185812079859
0,150,polynomial,0.25420830543348083,0.51264884771043551,0.54441147153374803
0,150,polynomial,0.27638972316663168,0.53483026544358658,0.68200864709994558
0,150,polynomial,0.29987067812996532,0.55831122040692016,0.80891468501144093
0,150,polynomial,0.24708166725175468,0.53452806277994402,0.59146622267056681
0,150,polynomial,0.26980988092846692,0.55725627645665621,0.72798446247039894
0,150,polynomial,0.24032926294927637,0.5567815117287005,0.63938900511099905
0,150,cell_average,0.26430481422443919,0.54208259200221698,0.66878055936365355
0,150,center,0.26430481422443919,0.54208259200221698,0.66812468525638413
0,151,polynomial,0.31043186905792103,0.55199132678096641,0.81874575147958251
0,151,polynomial,0.28695096353529481,0.52851042125834025,0.69466546455994338
0,151,polynomial,0.26476949636143626,0.50632895408448153,0.55829781125406641
0,151,polynomial,0.31658070087551848,0.52913430534732919,0.77764702521059426
0,151,polynomial,0.29385248719880636,0.50640609167061723,0.64957814720514018
0,151,polynomial,0.3230019896122821,0.5065497408328582,0.73463844284547386
0,151,cell_average,0.29902851910889416,0.52125074133111637,0.70857352997031853
0,151,center,0.29902851910889416,0.52125074133111637,0.70843117136928768
0,152,polynomial,0.33821807871990039,0.51332528766352181,0.79452123002405772
0,152,polynomial,0.36253362510323289,0.53764083404685437,0.90308797725248136
0,152,polynomial,0.38909989402517198,0.56420710296879317,0.97528892704552517
0,152,polynomial,0.33223713722967674,0.53635019942453277,0.83492434127582016
0,152,polynomial,0.35761859358268544,0.56173165577754147,0.93454288367644289
0,152,polynomial,0.32656903729998427,0.55968795274607508,0.87358013860946104
0,152,cell_average,0.35063100590193569,0.54507545034638016,0.89024024819716385
0,152,center,0.35063100590193569,0.54507545034638016,0.89409227923777046
0,153,polynomial,0.39937697190639471,0.5576030962961066,0.97809193126010685
0,153,polynomial,0.37281074580136431,0.53103687019107637,0.91114984552927114
0,153,polynomial,0.34849515660112301,0.50672128099083502,0.80493552811632474
0,153,polynomial,0.40314017753327747,0.5323604486717548,0.95777059135886666
0,153,polynomial,0.37775872118026899,0.50697899231874632,0.87320397350559864
0,153,polynomial,0.40706863198811383,0.50728304987535655,0.92704510184826194
0,153,cell_average,0.3844241330069309,0.52331302189581985,0.91284281542099044
0,153,center,0.3844241330069309,0.52331302189581985,0.9176027867055836
0,154,polynomial,0.42318062491154851,0.51495450052183667,0.96139220778483514
0,154,polynomial,0.45088706388257122,0.54266093949285932,0.9961995241552164
0,154,polynomial,0.48119233141401779,0.57296620702430578,0.96865885946847674
0,154,polynomial,0.41994796855511057,0.54072769741663318,0.98250987536500056
0,154,polynomial,0.4489538218063453,0.56973355066786791,0.99455853296871333
0,154,polynomial,0.41688293579698404,0.56666851790974138,0.9964104590555305
0,154,cell_average,0.43976533330682405,0.55087644441793515,0.98574581148902463
0,154,center,0.43976533330682405,0.55087644441793515,0.99629002262743094
0,155,polynomial,0.49069319801647288,0.56558598907285151,0.96483823630630094
0,155,polynomial,0.46038795520538006,0.5352807462617587,0.99687385643847737
0,155,polynomial,0.43268149151400365,0.50757428257038217,0.96416079874890948
0,155,polynomial,0.49106242954396562,0.53694936734910959,0.98822202225245692
0,155,polynomial,0.46205657629273122,0.50794351409787519,0.98950382720901187
0,155,polynomial,0.49144542351819892,0.50832650807210822,0.99832610486765039
0,155,cell_average,0.47101607463794037,0.52657163019349595,0.98594297017652432
0,155,center,0.47101607463794037,0.52657163019349595,0.99678596485299165
0,156,polynomial,0.50865939773874114,0.51709994001569604,0.99142980212646681
0,156,polynomial,0.54010490630447028,0.54854544858142507,0.9153275096670116
0,156,polynomial,0.57380099543840835,0.58224153771536291,0.7768321671920031
0,156,polynomial,0.50904121417620374,0.54648760970439314,0.96494555785750824
0,156,polynomial,0.5416714643256646,0.579117859853854,0.85947355215835786
0,156,polynomial,0.50940052164195815,0.57585277042138217,0.92917010365212016
0,156,cell_average,0.53015342476233318,0.55793120254011097,0.9057416034428547
0,156,center,0.53015342476233318,0.55793120254011097,0.91795048952899128
0,157,polynomial,0.58224153771536313,0.57380099543840835,0.77526314027250687
0,157,polynomial,0.54854544858142507,0.54010490630447028,0.91406574052649947
0,157,polynomial,0.51709994001569581,0.50865939773874125,0.99240279931694753
0,157,polynomial,0.57911785985385378,0.54167146432566438,0.85449966812422984
0,157,polynomial,0.54648760970439325,0.50904121417620396,0.96619484029740055
0,157,polynomial,0.57585277042138217,0.50940052164195815,0.92785502132141606
0,157,cell_average,0.55793120254011097,0.53015342476233318,0.90437696635582177
0,157,center,0.55793120254011097,0.53015342476233318,0.91594667054240531
0,158,polynomial,0.59407952842168921,0.51918673736531062,0.87341006665367948
0,158,polynomial,0.62861040291079573,0.55371761185441704,0.69436129286459003
0,158,polynomial,0.6644405687301429,0.58954777767376432,0.4921608322643452
0,158,polynomial,0.59797351024697731,0.55208657244183323,0.78553405707947843
0,158,polynomial,0.63325700307273447,0.5873700652675905,0.5914091300364297
0,158,polynomial,0.60166088179132926,0.5847797972374198,0.69445994836499803
0,158,cell_average,0.61990496352682933,0.56434940797127375,0.68667650922691714
0,158,center,0.61990496352682933,0.56434940797127375,0.69168745251544106
0,159,polynomial,0.67182078668159717,0.58004691107130923,0.49808322798326926
0,159,polynomial,0.63599059614189624,0.54421672053160819,0.69811807921869717
0,159,polynomial,0.60145974637314337,0.50968587076285532,0.8792979753883744
0,159,polynomial,0.66604118639149235,0.54526145752996968,0.61338227644529908
0,159,polynomial,0.63075769356573552,0.50997796470421297,0.81023974840906121
0,159,polynomial,0.6600028916289622,0.51021730951620492,0.73718875178707954
0,159,cell_average,0.64420977775126842,0.53309866664015737,0.70398896223051177
0,159,center,0.64420977775126842,0.53309866664015737,0.70804338457038962
0,160,polynomial,0.67888186129579564,0.52065573690608358,0.65002945470652451
0,160,polynomial,0.71501767672942707,0.55679155233971522,0.42729553067896697
0,160,polynomial,0.75115335019266016,0.59292722580294821,0.23087442375770495
0,160,polynomial,0.68524461922348179,0.55602434808500467,0.52346256310021
0,160,polynomial,0.72149926627116856,0.59227899513269122,0.31091324562032113
0,160,polynomial,0.69127202661892873,0.59105760873168611,0.40525802765718277
0,160,cell_average,0.70730019663817523,0.56841130774928639,0.42340197501670845
0,160,center,0.70730019663817523,0.56841130774928639,0.41783593905295341
0,161,polynomial,0.75775735686534718,0.58265014792172576,0.24121029178582035
0,161,polynomial,0.72162164058520517,0.54651443164158375,0.43663550998512463
0,161,polynomial,0.6854858679684821,0.5103786590248609,0.66288521523038435
0,161,polynomial,0.75087047337695501,0.54675741118209886,0.35420219445714485
0,161,polynomial,0.71461582632926857,0.51050276413441253,0.57505645911613301
0,161,polynomial,0.74367692948964736,0.5105580140435565,0.48947368341666275
0,161,cell_average,0.72906262508873554,0.53461818064429112,0.45857926448175607
0,161,center,0.72906262508873554,0.53461818064429112,0.4522230515334158
0,162,polynomial,0.76267277912042875,0.52111332139738342,0.39595916571524031
0,162,polynomial,0.79850306788974768,0.55694361016670213,0.19774543668731881
0,162,polynomial,0.83303381942888244,0.591474361705837,0.064480508414431509
0,162,polynomial,0.76979941730215484,0.55724581283034436,0.27185996218954894
0,162,polynomial,0.80508291012791211,0.5925293056561014,0.10773218507400031
0,162,polynomial,0.77655182160463332,0.59300407038405745,0.16758631076912389
0,162,cell_average,0.79125074133111639,0.56902851910889418,0.20045945952519989
0,162,center,0.79125074133111639,0.56902851910889418,0.18681381676718631
0,163,polynomial,0.83935371305483641,0.58091317077788163,0.072184207023909458
0,163,polynomial,0.8048229120749939,0.54638236979803911,0.20721245617572123
0,163,polynomial,0.76899267274638228,0.51055213046942782,0.41111070136378375
0,163,polynomial,0.83320488123723879,0.54575848570904939,0.14554562480804312
0,163,polynomial,0.79792138841148208,0.51047499288329268,0.32597011961338196
0,163,polynomial,0.82678359250047573,0.51033134372105149,0.24749276717264948
0,163,cell_average,0.812082592002217,0.53430481422443921,0.23456306820580872
0,163,center,0.812082592002217,0.53430481422443921,0.22045834742536027
0,164,polynomial,0.8453296725006757,0.52043688144429712,0.17355706992182784
0,164,polynomial,0.87902583261981326,0.55413304156343446,0.053504822471297259
0,164,polynomial,0.91047127020034246,0.58557847914396399,0.0096054397009063177
0,164,polynomial,0.85131061399089958,0.55542367618575561,0.092386578638990136
0,164,polynomial,0.88394086414036033,0.58805392633521614,0.01646275504829979
0,164,polynomial,0.85697871392059233,0.59009762936668275,0.036089536769861423
0,164,cell_average,0.87159121632028658,0.566035660764731,0.062703947127293769
0,164,center,0.87159121632028658,0.566035660764731,0.047796064249083697
0,165,polynomial,0.91707527687302959,0.57530140126274143,0.010805367629923171
0,165,polynomial,0.88562979647559126,0.54385592086530299,0.057769146270760574
0,165,polynomial,0.85193367917336227,0.51015980356307433,0.1824939197263461
0,165,polynomial,0.91331207124614655,0.54253234238462378,0.028219855484557365
0,165,polynomial,0.88068182109668636,0.50990209223516347,0.12032331250402561
0,165,polynomial,0.90938361679131074,0.50959803467855325,0.070002622535759979
0,165,cell_average,0.89335364477084689,0.53224253365973573,0.077557946132808045
0,165,center,0.89335364477084689,0.53224253365973573,0.062438594127260542
0,166,polynomial,0.92703379297569422,0.51880766858598226,0.034408081932341725
0,166,polynomial,0.95733906050714168,0.54911293611742962,0.011958902213835908
0,166,polynomial,0.98504549947816333,0.57681937508845149,0.045073573309981574
0,166,polynomial,0.93026644933213243,0.55104617819365498,0.013461796672354889
0,166,polynomial,0.95927230258336726,0.5800520314448897,0.024715591546720216
0,166,polynomial,0.93333148209025929,0.58311706420301646,0.012822761694472858
0,166,cell_average,0.94912355558206496,0.56023466669317601,0.021477083937467584
0,166,center,0.94912355558206496,0.56023466669317601,0.012026749421649767
0,167,polynomial,0.99242571742961805,0.5673185084859963,0.042612282475111452
0,167,polynomial,0.96471925373824219,0.53961204479462066,0.011798886929033067
0,167,polynomial,0.93441401092714838,0.50930680198352696,0.036217209484997098
0,167,polynomial,0.99205648590212503,0.537943423707269,0.018764260336703222
0,167,polynomial,0.96305063265089097,0.5089375704560346,0.01544452538588611
0,167,polynomial,0.99167349192789245,0.50855457648180147,0.0087813409310013007
0,167,cell_average,0.97342836980650416,0.52898392536205963,0.020151912411787321
0,167,center,0.97342836980650416,0.52898392536205963,0.010713317523931084
0,168,polynomial,0.0071952137910539817,0.59896908940134219,0.11438841277537749
0,168,polynomial,0.030676070524770841,0.62244994613505922,0.21922923593233662
0,168,polynomial,0.052857586487538681,0.64463146209782662,0.33680274531309884
0,168,polynomial,0.0069031198496967254,0.62768284871121938,0.17520090405876543
0,168,polynomial,0.029631333526408902,0.65041106238793167,0.2872715769332056
0,168,polynomial,0.0066637750377046799,0.65644935715046226,0.24129164998321245
0,168,cell_average,0.022456888915398217,0.63356800002650926,0.226308974175088
0,168,center,0.022456888915398217,0.63356800002650926,0.22603600662506021
0,169,polynomial,0.060237804438992966,0.63513059549537165,0.33076622102289699
0,169,polynomial,0.038056263755871372,0.61294905481225037,0.21325834417478476
0,169,polynomial,0.014575431742508258,0.58946822279888667,0.10871302402340749
0,169,polynomial,0.062415516845167003,0.60830245465031108,0.26144295859291433
0,169,polynomial,0.039687303168454854,0.585574240973599,0.15048546859433609
0,169,polynomial,0.065005784875337744,0.58188686942924739,0.19864227326222242
0,169,cell_average,0.046761703139837393,0.60231725869539299,0.20777927532924656
0,169,center,0.046761703139837393,0.60231725869539299,0.206958396348846
0,170,polynomial,0.078931215313009825,0.58737175758996452,0.24741394249810528
0,170,polynomial,0.10080707821355794,0.60924762049051284,0.37192040116530473
0,170,polynomial,0.12268313942108365,0.63112368169803823,0.50488766752386049
0,170,polynomial,0.075949846574744018,0.61339624210293342,0.31271386145369223
0,170,polynomial,0.097706906029526711,0.6351533015577161,0.44145414684117767
0,170,polynomial,0.073491586168379294,0.63994383494780349,0.38311239049780493
0,170,cell_average,0.091414956050866955,0.6191927338286447,0.37646655139791002
0,170,center,0.091414956050866955,0.6191927338286447,0.37432662636899194
0,171,polynomial,0.13112368169803837,0.62268313942108378,0.50387245783292434
0,171,polynomial,0.10924762049051268,0.60080707821355817,0.37096523957810973
0,171,polynomial,0.087371757589964544,0.57893121531300973,0.24655903190077902
0,171,polynomial,0.13515330155771599,0.59770690602952681,0.43882530961792487
0,171,polynomial,0.11339624210293338,0.57594984657474435,0.31045708646560483
0,171,polynomial,0.13994383494780324,0.57349158616837959,0.38114315933087251
0,171,cell_average,0.11919273382864473,0.59141495605086702,0.37475886119553525
0,171,center,0.11919273382864473,0.59141495605086702,0.37215732150910913
0,172,polynomial,0.15410839729028863,0.57921560623391011,0.44175963210719621
0,172,polynomial,0.17628974151417615,0.60139695045779773,0.58058970350402073
0,172,polynomial,0.19977076998677334,0.62487797893039454,0.71779320271594138
0,172,polynomial,0.14923660910087197,0.60334967129572814,0.50045639003994047
0,172,polynomial,0.17196482277758421,0.62607788497244021,0.64073647703732206
0,172,polynomial,0.14521812199080539,0.62833703743689617,0.56474016198088806
0,172,cell_average,0.16565059202872628,0.61009503647317065,0.57697146239651054
0,172,center,0.16565059202872628,0.61009503647317065,0.57364858728012302
0,173,polynomial,0.20927163658922845,0.61749776097894049,0.72430645079963552
0,173,polynomial,0.18579063283698508,0.59401675722669722,0.58839822796124708
0,173,polynomial,0.16360926389274374,0.57183538828245561,0.44941035905239685
0,173,polynomial,0.21407343051520469,0.59329370165368212,0.67107861946213943
0,173,polynomial,0.19134521683849259,0.57056548797697004,0.53303976936330177
0,173,polynomial,0.21978060971202029,0.56999502759926324,0.61837197697637269
0,173,cell_average,0.19690133335984267,0.58579022224873156,0.60012358970060165
0,173,center,0.19690133335984267,0.58579022224873156,0.59755307559092752
0,174,polynomial,0.23491219389209117,0.57668606950237922,0.68464156400083398
0,174,polynomial,0.25922764112193475,0.60100151673222291,0.81782260765302506
0,174,polynomial,0.2857940091973627,0.62756788480765058,0.92363436769215579
0,174,polynomial,0.2294553779625734,0.60023510682409609,0.73575487169548703
0,174,polynomial,0.25483683431558207,0.62561656317710479,0.86180920094656632
0,174,polynomial,0.22495341452474216,0.62473899663749966,0.78651243919509706
0,174,cell_average,0.24760151750835824,0.60871262861946929,0.80640568648277711
0,174,center,0.24760151750835824,0.60871262861946929,0.80741759447691419
0,175,polynomial,0.29607108707858543,0.62096387813496401,0.92977294413688383
0,175,polynomial,0.26950476182006611,0.5943975528764448,0.82797292391813393
0,175,polynomial,0.24518927177331371,0.57008206282969232,0.69585309165714959
0,175,polynomial,0.30035841826617415,0.59624535607131823,0.89679779238127488
0,175,polynomial,0.27497696191316551,0.57086389971830975,0.78146144228206038
0,175,polynomial,0.30545300921287161,0.57233409376678113,0.85690213691812811
0,175,cell_average,0.28139464461335345,0.58695020016890898,0.83613089430244969
0,175,center,0.28139464461335345,0.58695020016890898,0.8380444957348574
0,176,polynomial,0.32202039244285602,0.58046093471981075,0.90795840105675751
0,176,polynomial,0.34972673318426145,0.60816727546121607,0.98046773330324433
0,176,polynomial,0.38003209894532525,0.63847264122227976,0.99336563374892972
0,176,polynomial,0.31744069819479659,0.6048870937229861,0.94005090634430311
0,176,polynomial,0.34644655144603131,0.63389294697422061,0.99451806699642631
0,176,polynomial,0.31366155589672212,0.63011380467614619,0.96782682159562705
0,176,cell_average,0.33763814755777249,0.61541592533555023,0.96768438588927486
0,176,center,0.33763814755777249,0.61541592533555023,0.97677733001939793
0,177,polynomial,0.3905932898732809,0.63215274759632611,0.99017632642868203
0,177,polynomial,0.36028797355292452,0.60184743127596996,0.98440484001940098
0,177,polynomial,0.33258158337081151,0.57414104109385666,0.91589645121903496
0,177,polynomial,0.39321737139308299,0.60577097586489359,0.99633492836921156
0,177,polynomial,0.36421151814184854,0.57676512261365931,0.96533333078397598
0,177,polynomial,0.39633428255972797,0.57988203378030412,0.99275515777925516
0,177,cell_average,0.37236185244222753,0.59458407466444974,0.97753726895238358
0,177,center,0.37236185244222753,0.59458407466444974,0.98727382902926486
0,178,polynomial,0.41442152085603612,0.58952872979965731,0.99826849459077571
0,178,polynomial,0.44586695843656621,0.62097416738018762,0.94720053796549319
0,178,polynomial,0.47956311855570294,0.65467032749932419,0.8292058997616053
0,178,polynomial,0.41194607366478403,0.61605913585964001,0.9875083404912175
0,178,polynomial,0.44457632381424489,0.64868938600910075,0.91171998853724434
0,178,polynomial,0.40990237063331775,0.64302128607940845,0.97152247689703342
0,178,cell_average,0.43396433923526906,0.62840878367971342,0.94129695422291593
0,178,center,0.43396433923526906,0.62840878367971342,0.95407984408071189
0,179,polynomial,0.48984019643692556,0.64806632082663773,0.81904131554942983
0,179,polynomial,0.45614407913469757,0.61437020352440952,0.94104079029131238
0,179,polynomial,0.42469859873725863,0.58292472312697052,0.99860166348816226
0,179,polynomial,0.49009790776483675,0.6193181789033142,0.87709173219099179
0,179,polynomial,0.45746765761537633,0.58668792875385367,0.97652770806736866
0,179,polynomial,0.4904019653214472,0.59061638320868992,0.93360254340156323
0,179,cell_average,0.46775746634026422,0.60664635522915311,0.92424649716739926
0,179,center,0.46775746634026422,0.60664635522915311,0.93637726663994847
0,180,polynomial,0.50968587076285532,0.60145974637314348,0.87690486628953512
0,180,polynomial,0.54421672053160819,0.63599059614189613,0.69953025603500729
0,180,polynomial,0.58004691107130912,0.67182078668159706,0.49856654399442873
0,180,polynomial,0.50997796470421286,0.63075769356573541,0.80752608456168729
0,180,polynomial,0.54526145752996991,0.66604118639149246,0.61790788888190595
0,180,polynomial,0.51021730951620492,0.66000289162896231,0.73889140608498283
0,180,cell_average,0.53309866664015737,0.64420977775126842,0.70470265611832761
0,180,center,0.53309866664015737,0.64420977775126842,0.70949934461616171
0,181,polynomial,0.58954777767376432,0.6644405687301429,0.49156336267602446
0,181,polynomial,0.55371761185441704,0.62861040291079562,0.69142920914906614
0,181,polynomial,0.51918673736531029,0.5940795284216891,0.87348455850514928
0,181,polynomial,0.58737006526759028,0.63325700307273414,0.58551988430136104
0,181,polynomial,0.55208657244183335,0.59797351024697742,0.78541670052389645
0,181,polynomial,0.58477979723741991,0.60166088179132926,0.69153430491298917
0,181,cell_average,0.56434940797127375,0.61990496352682933,0.68431577789976861
0,181,center,0.56434940797127375,0.61990496352682933,0.68809788331145905
0,182,polynomial,0.60461653590756648,0.61305707818452115,0.5958600884900046
0,182,polynomial,0.64075237950948771,0.6491929217864425,0.37398731588214706
0,182,polynomial,0.67688802480443067,0.68532856708138545,0.18574261522685931
0,182,polynomial,0.60759790464583219,0.64504430017402137,0.48910369025044498
0,182,polynomial,0.64385255169351885,0.68129894722170814,0.27790781104965595
0,182,polynomial,0.61005616505219717,0.67650841383162108,0.39177772106344289
0,182,cell_average,0.6308072661713553,0.65858504394913298,0.38413630474398575
0,182,center,0.6308072661713553,0.65858504394913298,0.37673498266096511
0,183,polynomial,0.68532856708138568,0.676888024804431,0.18729773989880025
0,183,polynomial,0.6491929217864425,0.64075237950948771,0.37215774824833209
0,183,polynomial,0.61305707818452082,0.60461653590756603,0.59670999031404826
0,183,polynomial,0.68129894722170792,0.64385255169351874,0.27654341299992879
0,183,polynomial,0.64504430017402159,0.6075979046458323,0.48921218369699765
0,183,polynomial,0.67650841383162097,0.61005616505219717,0.38961598335406805
0,183,cell_average,0.65858504394913298,0.6308072661713553,0.383494706436115
0,183,center,0.65858504394913298,0.6308072661713553,0.37533662957934633
0,184,polynomial,0.69610602059695414,0.62121322954057556,0.29684071809575124
0,184,polynomial,0.73193638287553631,0.6570435918191575,0.12478399308037152
0,184,polynomial,0.76646706090540773,0.69157426984902903,0.026314458923480732
0,184,polynomial,0.70097780878637084,0.65509087098122676,0.19740068533757077
0,184,polynomial,0.73626130161212799,0.69037436380698403,0.059487683639632354
0,184,polynomial,0.70499629589643764,0.6881152113425284,0.11650512241393882
0,184,cell_average,0.72323829686016261,0.66768274130460703,0.13573537091884152
0,184,center,0.72323829686016261,0.66768274130460703,0.12078101653301421
0,185,polynomial,0.77384727885686222,0.68207340324657406,0.030541287827167217
0,185,polynomial,0.73931657610663692,0.64754270049634877,0.12787157224264956
0,185,polynomial,0.70348623854840819,0.61171236293812015,0.30348326117061697
0,185,polynomial,0.76904548493088609,0.64826575606936332,0.075352675634876951
0,185,polynomial,0.73376199210512927,0.6129822632436065,0.21958151332248041
0,185,polynomial,0.7633383057340708,0.61355272362131352,0.14914072307081344
0,185,cell_average,0.74754311108460181,0.63643199997349076,0.14977953745315728
0,185,center,0.74754311108460181,0.63643199997349076,0.13422864141460333
0,186,polynomial,0.78196889066181829,0.62374276627210634,0.091251839764964024
0,186,polynomial,0.8156651499344445,0.65743902554473255,0.019748697642758373
0,186,polynomial,0.84711048836148517,0.68888436397177299,0.022493272501836567
0,186,polynomial,0.78742570659133626,0.65820543545285881,0.039687757440982178
0,186,polynomial,0.82005595674079701,0.69083568560231945,0.010491709773457692
0,186,polynomial,0.79192767002916753,0.69171325214192492,0.011628897545704581
0,186,cell_average,0.80795403804719734,0.66906514915830839,0.030598308012944612
0,186,center,0.80795403804719734,0.66906514915830839,0.017148738846254206
0,187,polynomial,0.85371449503417218,0.67860728609055054,0.021176795628783281
0,187,polynomial,0.82226911379022261,0.6471619048466013,0.021238736206700387
0,187,polynomial,0.78857289733450486,0.61346568839088356,0.096681146222611383
0,187,polynomial,0.84942716384658323,0.64531410165172731,0.010851082563242012
0,187,polynomial,0.81679691369712293,0.6126838515022669,0.054971856157021652
0,187,polynomial,0.84433257289988628,0.61121365745379552,0.025936404851586225
0,187,cell_average,0.82971646649775777,0.63527202205331335,0.036626892177206376
0,187,center,0.82971646649775777,0.63527202205331335,0.022716928111652809
0,188,polynomial,0.86152735877772024,0.61996790105467492,0.010397498401849618
0,188,polynomial,0.89183272453878448,0.65027326681573916,0.030111274929024372
0,188,polynomial,0.91953906528018925,0.67797960755714382,0.097125313268355926
0,188,polynomial,0.86610705302577962,0.65355344855396891,0.015334248068154985
0,188,polynomial,0.89511290627701434,0.68255930180520363,0.067048754040736097
0,188,polynomial,0.86988619532385447,0.68633844410327827,0.041081096194381037
0,188,cell_average,0.88458407466444977,0.66236185244222745,0.040347334882667486
0,188,center,0.88458407466444977,0.66236185244222745,0.033485911143008355
0,189,polynomial,0.92585895890614334,0.66741841662918855,0.090023212587715035
0,189,polynomial,0.89815256872403093,0.63971202644707614,0.026851358203004706
0,189,polynomial,0.86784725240367389,0.6094067101267191,0.011185442485212017
0,189,polynomial,0.92323487738634125,0.63578848185815162,0.044267945831353399
0,189,polynomial,0.89422902413510685,0.60678262860691723,0.0089118451692588446
0,189,polynomial,0.92011796621969666,0.60366571744027264,0.015025480149740474
0,189,cell_average,0.90541592533555038,0.62763814755777259,0.029770235099293337
0,189,center,0.90541592533555038,0.62763814755777259,0.022654495732422258
0,190,polynomial,0.93579289703120672,0.61090010597482813,0.031415951457379229
0,190,polynomial,0.96235916595314674,0.63746637489676783,0.10547598416044389
0,190,polynomial,0.98667471233647819,0.66178192128009949,0.20342714491408573
0,190,polynomial,0.93826834422245897,0.64238140641731467,0.072557790872966571
0,190,polynomial,0.96364980057546779,0.66776286277032348,0.16412435058705441
0,190,polynomial,0.94031204725392559,0.67343096270001612,0.12747147200526107
0,190,cell_average,0.95492454965361995,0.64936899409806426,0.11376095827631909
0,190,center,0.95492454965361995,0.64936899409806426,0.11181310378945926
0,191,polynomial,0.99327871900916487,0.65150484339887704,0.19599659389903715
0,191,polynomial,0.96896312980892474,0.62718925419863636,0.10007994007279386
0,191,polynomial,0.9423969037038934,0.60062302809360535,0.027896743136888481
0,191,polynomial,0.99302100768125379,0.62224127881973124,0.13395561990787483
0,191,polynomial,0.96763955132824564,0.59685982246672276,0.050493307417541239
0,191,polynomial,0.99271695012464412,0.59293136801188673,0.078827559438540251
0,191,cell_average,0.97668697810418026,0.6155758669930691,0.094459304718534101
0,191,center,0.97668697810418026,0.6155758669930691,0.09282161923537488
0,192,polynomial,0.0065024255290484379,0.68160963447266976,0.30741485519713513
0,192,polynomial,0.028378359414795266,0.70348556835841702,0.4374488215911625
0,192,polynomial,0.05025434963712222,0.72536155858074347,0.5713114830018643
0,192,polynomial,0.0063783204194970845,0.71049138261435307,0.3922314670572708
0,192,polynomial,0.028135379874279737,0.73224844206913609,0.5251423042167257
0,192,polynomial,0.0063230705103530507,0.73944198595644406,0.48060357277716076
0,192,cell_average,0.020937374911264402,0.71538181935570888,0.45208619822506113
0,192,center,0.020937374911264402,0.71538181935570888,0.45110671783160844
0,193,polynomial,0.056858356309808997,0.71508448069952102,0.5593078623195461
0,193,polynomial,0.034982323270573351,0.69320844766028566,0.42570395846884229
0,193,polynomial,0.013106432201735192,0.67133255659144697,0.29682455046498679
0,193,polynomial,0.057506586980066249,0.68672685811854361,0.4745516444168057
0,193,polynomial,0.035749527525283618,0.66496979866376116,0.34432943079507045
0,193,polynomial,0.058727973381071538,0.65894239126831444,0.39546843508116442
0,193,cell_average,0.042699803361824773,0.68158869225071361,0.41574543057131291
0,193,center,0.042699803361824773,0.68158869225071361,0.41408214298413071
0,194,polynomial,0.071835388282455725,0.66360926389274366,0.45005910559863022
0,194,polynomial,0.094016757226696945,0.68579063283698527,0.58797647158711741
0,194,polynomial,0.11749776097894041,0.70927163658922843,0.72297481165482447
0,194,polynomial,0.070565487976969848,0.69134521683849259,0.52968783029619515
0,194,polynomial,0.093293701653682018,0.71407343051520489,0.66680824401328298
0,194,polynomial,0.069995027599262918,0.71978060971202051,0.61343731464918916
0,194,cell_average,0.085790222248731549,0.69690133335984261,0.59771668389505594
0,194,center,0.085790222248731549,0.69690133335984261,0.5946021057426375
0,195,polynomial,0.12487797893039471,0.69977076998677334,0.71844472142927296
0,195,polynomial,0.10139695045779749,0.67628974151417642,0.58317026605703526
0,195,polynomial,0.079215606233909996,0.65410839729028847,0.44425827583688743
0,195,polynomial,0.12607788497244013,0.67196482277758429,0.64423702284639184
0,195,polynomial,0.103349671295728,0.64923660910087222,0.50392607539931855
0,195,polynomial,0.12833703743689598,0.64521812199080553,0.56766532418151305
0,195,cell_average,0.11009503647317073,0.66565059202872623,0.57972718624532682
0,195,center,0.11009503647317073,0.66565059202872623,0.57721834841814557
0,196,polynomial,0.14251085261365387,0.6509513948906086,0.6297358043457475
0,196,polynomial,0.16682627167520722,0.67526681395216215,0.77214437011516812
0,196,polynomial,0.19339266791892537,0.70183321019588008,0.89121257235873574
0,196,polynomial,0.14043542587355642,0.6778818214017458,0.70428178273371389
0,196,polynomial,0.1658168822265651,0.70326327775475472,0.8357011052986788
0,196,polynomial,0.13950260942480713,0.70595485820423143,0.77493685861447248
0,196,cell_average,0.15742778130851151,0.68520555908628933,0.77277536738803276
0,196,center,0.15742778130851151,0.68520555908628933,0.77251375525236532
0,197,polynomial,0.20183321019588008,0.69339266791892529,0.891680048341846
0,197,polynomial,0.17526681395216198,0.66682627167520758,0.77284926010245369
0,197,polynomial,0.15095139489060852,0.64251085261365359,0.62865148801498894
0,197,polynomial,0.20326327775475436,0.6658168822265651,0.83826304929302098
0,197,polynomial,0.1778818214017458,0.64043542587355662,0.70337882078237424
0,197,polynomial,0.20595485820423115,0.63950260942480741,0.77674276110547102
0,197,cell_average,0.18520555908628927,0.65742778130851154,0.77346973612606251
0,197,center,0.18520555908628927,0.65742778130851154,0.77343224702767666
0,198,polynomial,0.22192048429966388,0.64702769324328535,0.83700629714858166
0,198,polynomial,0.24962675153180594,0.67473396047542755,0.9432834700131113
0,198,polynomial,0.27993219080213311,0.70503939974575436,0.99469103089866873
0,198,polynomial,0.21959564004391402,0.67370870223877,0.89034618167388335
0,198,polynomial,0.24860149329514866,0.70271455549000472,0.97555673408557164
0,198,polynomial,0.21855041493825123,0.70166933038434198,0.93650146819314306
0,198,cell_average,0.23898392536205962,0.68342836980650401,0.93405147944265821
0,198,center,0.23898392536205962,0.68342836980650401,0.9409496385388747
0,199,polynomial,0.28943305740458825,0.69765918179430042,0.99399497771287126
0,199,polynomial,0.25912764285461481,0.66735376724432716,0.94677112288764054
0,199,polynomial,0.23142135090211899,0.63964747529183086,0.84143680167457391
0,199,polynomial,0.29071010103276912,0.66993037217124662,0.98197928806856716
0,199,polynomial,0.26170424778153462,0.64092451892001201,0.90787399809584268
0,199,polynomial,0.2931129026594661,0.64332732054670883,0.95846600374703339
0,199,cell_average,0.27023466669317603,0.65912355558206492,0.94283635038264357
0,199,center,0.27023466669317603,0.65912355558206492,0.95028887256374683
0,200,polynomial,0.31111563602822684,0.65288951163851472,0.9864909707221553
0,200,polynomial,0.34256097445526812,0.68433485006555628,0.98518725271916829
0,200,polynomial,0.37625723372789377,0.71803110933818182,0.91025060444969375
0,200,polynomial,0.30916431439768077,0.67994404325920343,0.99515533533195966
0,200,polynomial,0.34179456454714136,0.71257429340866429,0.9671129000038482
0,200,polynomial,0.30828674785807553,0.70807232997083303,0.99662932152215389
0,200,cell_average,0.33093485084169155,0.69204596195280266,0.97530240489075215
0,200,center,0.33093485084169155,0.69204596195280266,0.98849456172510031
0,201,polynomial,0.3865343116091165,0.71142710266549491,0.90178857494241627
0,201,polynomial,0.35283809515339948,0.67773088620977806,0.982285839637979
0,201,polynomial,0.32139271390944935,0.64628550496582782,0.98977034139173836
0,201,polynomial,0.38731614849773338,0.6832030863028774,0.94227409127595962
0,201,polynomial,0.35468589834827297,0.65057283615341699,0.99676543618024471
0,201,polynomial,0.38878634254620503,0.65566742710011439,0.97726532391470866
0,201,cell_average,0.36472797794668677,0.67028353350224223,0.9664892622532687
0,201,center,0.36472797794668677,0.67028353350224223,0.97960858090309655
0,202,polynomial,0.40852563829416288,0.66696618057111745,0.93877115681379175
0,202,polynomial,0.44305638983329843,0.70149693211025321,0.79213555536020042
0,202,polynomial,0.47888667860261663,0.73732722087957125,0.60738405209522539
0,202,polynomial,0.40747069434389888,0.69491708987208833,0.88927575456365093
0,202,polynomial,0.44275418716965614,0.7302005826978456,0.7274474372318529
0,202,polynomial,0.40699592961594311,0.72344817839536724,0.83814706055993327
0,202,cell_average,0.43097148089110587,0.70874925866888361,0.79802037422351357
0,202,center,0.43097148089110587,0.70874925866888361,0.80568141323931852
0,203,polynomial,0.48944786953057229,0.73100732725361761,0.5933957647774567
0,203,polynomial,0.4536176302019615,0.69517708792500688,0.77953332208824921
0,203,polynomial,0.41908682922211837,0.6606462869451637,0.93333625285762356
0,203,polynomial,0.48952500711670766,0.70207861158851825,0.67014479173904651
0,203,polynomial,0.45424151429095078,0.66679511876276143,0.85227922841754544
0,203,polynomial,0.4896686562789489,0.67321640749952494,0.75578671870656622
0,203,cell_average,0.46569518577556079,0.687917407997783,0.76281822129897126
0,203,center,0.46569518577556079,0.687917407997783,0.76947895918196862
0,204,polynomial,0.5103786590248609,0.68548586796848232,0.66076583722728177
0,204,polynomial,0.54651443164158375,0.72162164058520506,0.43936030195190806
0,204,polynomial,0.58265014792172576,0.75775735686534706,0.24089253352795845
0,204,polynomial,0.51050276413441231,0.71461582632926834,0.57234488707648368
0,204,polynomial,0.54675741118209908,0.75087047337695523,0.35636695943487673
0,204,polynomial,0.5105580140435565,0.74367692948964725,0.49113057911437985
0,204,cell_average,0.53461818064429112,0.72906262508873554,0.45896228120973509
0,204,center,0.53461818064429112,0.72906262508873554,0.45327773822038375
0,205,polynomial,0.59292722580294843,0.75115335019266027,0.23284289525894272
0,205,polynomial,0.55679155233971522,0.71501767672942707,0.42697312248953739
0,205,polynomial,0.52065573690608336,0.67888186129579553,0.65082159005474849
0,205,polynomial,0.59227899513269111,0.72149926627116823,0.30935031268265756
0,205,polynomial,0.55602434808500467,0.68524461922348201,0.52362783429524717
0,205,polynomial,0.59105760873168611,0.69127202661892873,0.40319268778730416
0,205,cell_average,0.56841130774928639,0.70730019663817523,0.42310884881770899
0,205,center,0.56841130774928639,0.70730019663817523,0.41699421164097478
0,206,polynomial,0.61171236293812048,0.7034862385484083,0.30391183396465415
0,206,polynomial,0.64754270049634866,0.73931657610663681,0.13006844871948189
0,206,polynomial,0.68207340324657395,0.77384727885686211,0.02802130028893637
0,206,polynomial,0.61298226324360627,0.73376199210512882,0.22140144840879614
0,206,polynomial,0.64826575606936354,0.7690454849308862,0.072926624370487636
0,206,polynomial,0.61355272362131352,0.76333830573407069,0.14981881590212143
0,206,cell_average,0.63643199997349076,0.74754311108460181,0.14998833917165444
0,206,center,0.63643199997349076,0.74754311108460181,0.13509268175992789
0,207,polynomial,0.69157426984902914,0.76646706090540795,0.029335024675302839
0,207,polynomial,0.65704359181915761,0.73193638287553642,0.12477114808428269
0,207,polynomial,0.62121322954057534,0.69610602059695392,0.2973004261369771
0,207,polynomial,0.6903743638069838,0.73626130161212788,0.06269931141427626
0,207,polynomial,0.65509087098122698,0.70097780878637106,0.19551514858276109
0,207,polynomial,0.68811521134252829,0.70499629589643764,0.11547435124057916
0,207,cell_average,0.66768274130460703,0.72323829686016261,0.13627329448894634
0,207,center,0.66768274130460703,0.72323829686016261,0.12109251447471342
0,208,polynomial,0.70770356527358891,0.7161441075505437,0.062801729901958023
0,208,polynomial,0.74139985271450526,0.74984039499145982,0.015267107979162
0,208,polynomial,0.77284516297325578,0.78128570525021057,0.038036472141594016
0,208,polynomial,0.70977899201368622,0.74722538754187573,0.030060615986109818
0,208,polynomial,0.74240924216314708,0.77985563769133648,0.014144198279976629
0,208,polynomial,0.71071180846243587,0.77716405724185977,0.0099178210918494884
0,208,cell_average,0.7314611075803773,0.75923888535815509,0.026159409329537191
0,208,center,0.7314611075803773,0.75923888535815509,0.014125740649510252
0,209,polynomial,0.78128570525021068,0.77284516297325578,0.039780591303079642
0,209,polynomial,0.74984039499145994,0.74139985271450526,0.015092217846805919
0,209,polynomial,0.71614410755054336,0.7077035652735888,0.060994906017842188
0,209,polynomial,0.77985563769133626,0.74240924216314685,0.016644081056769407
0,209,polynomial,0.74722538754187584,0.70977899201368655,0.025302412452218297
0,209,polynomial,0.77716405724185988,0.71071180846243587,0.0080976330438738021
0,209,cell_average,0.75923888535815509,0.7314611075803773,0.025332209159898332
0,209,center,0.75923888535815509,0.7314611075803773,0.013253523895375428
0,210,polynomial,0.79496060025424564,0.72006780919786684,0.010039600967075787
0,210,polynomial,0.82526603952457334,0.75037324846819464,0.067588887318314694
0,210,polynomial,0.85297230675671476,0.77807951570033607,0.16392954589510517
0,210,polynomial,0.7972854445099955,0.75139850670485142,0.03537736504939018
0,210,polynomial,0.82629129776123045,0.78040435995608637,0.11569063730098651
0,210,polynomial,0.79833066961565868,0.78144958506174922,0.070979582489427123
0,210,cell_average,0.81657163019349599,0.76101607463794041,0.073578574416711326
0,210,center,0.81657163019349599,0.76101607463794041,0.069964314369239708
0,211,polynomial,0.86035252470816903,0.76857864909788098,0.15882259084135095
0,211,polynomial,0.83264623275567373,0.7408723571453858,0.06424175923713929
0,211,polynomial,0.80234081820569947,0.71056694259541153,0.0083036400551806389
0,211,polynomial,0.8590754810799881,0.73829575221846555,0.098235764713728899
0,211,polynomial,0.83006962782875382,0.70928989896723116,0.024423623944970958
0,211,polynomial,0.85667267945329195,0.70688709734053434,0.04814373186610766
0,211,cell_average,0.84087644441793508,0.72976533330682392,0.063333987300270483
0,211,center,0.84087644441793508,0.72976533330682392,0.059148292091190824
0,212,polynomial,0.87243211519234931,0.71420599080263725,0.080937924624346139
0,212,polynomial,0.89899848326777787,0.74077235887806581,0.18664636145132818
0,212,polynomial,0.92331393049762056,0.76508780610790883,0.30724270281761412
0,212,polynomial,0.87438343682289532,0.74516316568441821,0.14047198714506925
0,212,polynomial,0.89976489317590447,0.77054462203742702,0.25825428736388994
0,212,polynomial,0.87526100336250101,0.77504658547525818,0.20823641071877574
0,212,cell_average,0.89128737138053071,0.75239848249164176,0.19292574899794768
0,212,center,0.89128737138053071,0.75239848249164176,0.1938970561867126
0,213,polynomial,0.92991793717030768,0.75481072822668638,0.29847875488412079
0,213,polynomial,0.90560244712355609,0.73049523817993445,0.17964022314828704
0,213,polynomial,0.87903612186503599,0.70392891292141457,0.075456843950711575
0,213,polynomial,0.92913610028169058,0.72502303808683444,0.2212358509139796
0,213,polynomial,0.90375464392868243,0.69964158173382607,0.11016507505987581
0,213,polynomial,0.92766590623321965,0.69454699078712878,0.14588065141909046
0,213,cell_average,0.91304979983109114,0.71860535538664649,0.16800901440153224
0,213,center,0.91304979983109114,0.71860535538664649,0.16937203847051638
0,214,polynomial,0.94168877959307995,0.7001293218700344,0.19004084588945766
0,214,polynomial,0.9651697345564143,0.72361027683336898,0.31365042621862294
0,214,polynomial,0.98735115228956438,0.74579169456651939,0.44249691525952889
0,214,polynomial,0.94274372354334413,0.73019011907153331,0.26980507155566708
0,214,polynomial,0.96547193722005653,0.75291833274824582,0.39694709626239344
0,214,polynomial,0.94321848827130017,0.75967073705072408,0.35002119087702316
0,214,cell_average,0.95791740799778313,0.73569518577556081,0.3245304750867371
0,214,center,0.95791740799778313,0.73569518577556081,0.32656126934674712
0,215,polynomial,0.99367104591551869,0.73523050363856379,0.42954703910424347
0,215,polynomial,0.97148957874166075,0.71304903646470574,0.30090180611713202
0,215,polynomial,0.94800867321903359,0.68956813094207892,0.17833750692515724
0,215,polynomial,0.99359390832938299,0.7061475128011937,0.34171233555802827
0,215,polynomial,0.97086569465267125,0.68341929912448163,0.21764024078007857
0,215,polynomial,0.99345025916714247,0.67699801038771834,0.2587577713816217
0,215,cell_average,0.97874925866888374,0.70097148089110584,0.2851044009371963
0,215,center,0.97874925866888374,0.70097148089110584,0.28604169026777032
0,216,polynomial,0.0063289540844816044,0.76476949636143632,0.55972005582413031
0,216,polynomial,0.028510421258339882,0.78695096353529503,0.69395267688100148
0,216,polynomial,0.051991326780966296,0.81043186905792097,0.81651165753699251
0,216,polynomial,0.0064060916706170246,0.79385248719880641,0.64626322780561618
0,216,polynomial,0.029134305347329199,0.81658070087551893,0.77390876658443608
0,216,polynomial,0.0065497408328580387,0.82300198961228244,0.73018684798211286
0,216,cell_average,0.021250741331116384,0.79902851910889416,0.70625899104534662
0,216,center,0.021250741331116384,0.79902851910889416,0.70556445819344216
0,217,polynomial,0.05831122040692014,0.7998706781299656,0.80727962320930069
0,217,polynomial,0.034830265443586222,0.7763897231666318,0.68338775717893063
0,217,polynomial,0.012648847710435448,0.75420830543348061,0.54734730637990681
0,217,polynomial,0.057256276456656097,0.76980988092846681,0.72793497231974502
0,217,polynomial,0.034528062779943948,0.74708166725175507,0.59258257779273638
0,217,polynomial,0.056781511728700204,0.74032926294927659,0.63847537116658892
0,217,cell_average,0.042082592002216951,0.76430481422443919,0.66931403481578766
0,217,center,0.042082592002216951,0.76430481422443919,0.66916876982331697
0,218,polynomial,0.070082062829692468,0.74518927177331362,0.69317241778102501
0,218,polynomial,0.094397552876444565,0.76950476182006644,0.82574724313706571
0,218,polynomial,0.12096387813496397,0.79607108707858532,0.92950327500273278
0,218,polynomial,0.070863899718309489,0.77497696191316545,0.77899009270847575
0,218,polynomial,0.09624535607131815,0.80035841826617449,0.89370433600657451
0,218,polynomial,0.072334093766780905,0.80545300921287188,0.85340593374533413
0,218,cell_average,0.086950200168908962,0.7813946446133534,0.83371567312385342
0,218,center,0.086950200168908962,0.7813946446133534,0.83529834009770787
0,219,polynomial,0.12756788480765074,0.78579400919736286,0.92340531410509608
0,219,polynomial,0.10100151673222266,0.75922764112193497,0.81709825530392033
0,219,polynomial,0.076686069502379203,0.73491219389209106,0.68091292610491472
0,219,polynomial,0.12561656317710462,0.75483683431558202,0.8618770332307244
0,219,polynomial,0.10023510682409606,0.72945537796257365,0.73311062280131567
0,219,polynomial,0.12473899663749939,0.72495341452474249,0.78604842017638599
0,219,cell_average,0.10871262861946933,0.74760151750835824,0.80523305213533469
0,219,center,0.10871262861946933,0.74760151750835824,0.80644188721749388
0,220,polynomial,0.139647475291831,0.73142135090211913,0.84037877640607694
0,220,polynomial,0.16735376724432671,0.75912764285461509,0.94528833957692326
0,220,polynomial,0.19765918179430023,0.78943305740458836,0.99508221842167532
0,220,polynomial,0.14092451892001184,0.76170424778153456,0.90638893639602314
0,220,polynomial,0.16993037217124651,0.7907101010327694,0.98286445394715738
0,220,polynomial,0.14332732054670871,0.79311290265946621,0.95817491692746226
0,220,cell_average,0.1591235555820649,0.77023466669317597,0.94240208005278459
0,220,center,0.1591235555820649,0.77023466669317597,0.94939233421391112
0,221,polynomial,0.20503939974575452,0.77993219080213327,0.99312787240839762
0,221,polynomial,0.17473396047542725,0.74962675153180613,0.94262027610929966
0,221,polynomial,0.14702769324328521,0.72192048429966382,0.83476093516150152
0,221,polynomial,0.20271455549000456,0.74860149329514847,0.97336180865464983
0,221,polynomial,0.17370870223877002,0.7195956400439143,0.88895308185533239
0,221,polynomial,0.20166933038434182,0.71855041493825145,0.93585055725173394
0,221,cell_average,0.18342836980650404,0.73898392536205959,0.93261018295490694
0,221,center,0.18342836980650404,0.73898392536205959,0.93955570018394374
0,222,polynomial,0.21871429474978943,0.72715483702674422,0.97052302837675519
0,222,polynomial,0.25015960500854068,0.75860014728549574,0.99237295377279056
0,222,polynomial,0.28385589244945642,0.7922964347264112,0.93943124608334627
0,222,polynomial,0.2201443623086638,0.75759075783685326,0.99099632562276763
0,222,polynomial,0.25277461245812438,0.79022100798631401,0.97870007935517034
0,222,polynomial,0.22283594275814053,0.7892881915375648,0.9972061800905313
0,222,cell_average,0.24076111464184485,0.7685388924196227,0.98056625254410568
0,222,center,0.24076111464184485,0.7685388924196227,0.99345744227247557
0,223,polynomial,0.29229643472641126,0.78385589244945642,0.93698677399208818
0,223,polynomial,0.25860014728549541,0.75015960500854095,0.99232832257727421
0,223,polynomial,0.22715483702674413,0.71871429474978932,0.9714983081005728
0,223,polynomial,0.29022100798631367,0.75277461245812438,0.97333222114449502
0,223,polynomial,0.25759075783685315,0.72014436230866408,0.99374142872767668
0,223,polynomial,0.28928819153756447,0.72283594275814089,0.99604279349343394
0,223,cell_average,0.26853889241962264,0.74076111464184491,0.97959643022113518
0,223,center,0.26853889241962264,0.74076111464184491,0.9925644460235209
0,224,polynomial,0.30842573015097069,0.73353293909459227,0.97799734519158976
0,224,polynomial,0.34295640818084294,0.76806361712446458,0.86702967424878663
0,224,polynomial,0.37878677045942455,0.80389397940304586,0.70474818635532632
0,224,polynomial,0.3096256361930162,0.76373869838787223,0.9372023311227704
0,224,polynomial,0.3449091290187733,0.7990221912136295,0.8034567579514007
0,224,polynomial,0.3118847886574721,0.79500370410356291,0.88780611357154149
0,224,cell_average,0.33231725869539291,0.77676170313983739,0.86317184648571266
0,224,center,0.33231725869539291,0.77676170313983739,0.87335593424148583
0,225,polynomial,0.38828763706187974,0.7965137614515917,0.69680691054193067
0,225,polynomial,0.35245729950365184,0.76068342389336396,0.86072797016658043
0,225,polynomial,0.31792659675342572,0.72615272114313767,0.97759861809946103
0,225,polynomial,0.38701773675639373,0.76623800789487106,0.77313910167906108
0,225,polynomial,0.35173424393063696,0.73095451506911446,0.92518316585095761
0,225,polynomial,0.38644727637868703,0.73666169426592998,0.85171296130846763
0,225,cell_average,0.36356800002650935,0.75245688891539819,0.84732693858149466
0,225,center,0.36356800002650935,0.75245688891539819,0.85667582898183747
0,226,polynomial,0.40707277419705168,0.74884664980733961,0.7703104406756951
0,226,polynomial,0.44320844766028566,0.78498232327057405,0.55930429772877055
0,226,polynomial,0.47934426309391648,0.82111813870420447,0.35326540559805819
0,226,polynomial,0.407721004867309,0.77850073372883166,0.68506457534012954
0,226,polynomial,0.44397565191499583,0.81475538077651855,0.47465618650053132
0,226,polynomial,0.40894239126831444,0.80872797338107183,0.60332595903987607
0,226,cell_average,0.43158869225071372,0.79269980336182477,0.57396996653059573
0,226,center,0.43158869225071372,0.79269980336182477,0.57213315921823293
0,227,polynomial,0.48962134097513904,0.8145141320315179,0.34286809312571415
0,227,polynomial,0.45348556835841686,0.77837835941479583,0.54703921272033484
0,227,polynomial,0.4173498520782743,0.74224264313465282,0.76236903107240328
0,227,polynomial,0.48949723586558769,0.78538417367073166,0.42320379988295237
0,227,polynomial,0.45324258881790136,0.74912952662304544,0.64073023314609845
0,227,polynomial,0.48944198595644395,0.75632307051035341,0.51584973521128641
0,227,cell_average,0.46538181935570883,0.77093737491126435,0.53814595038465995
0,227,center,0.46538181935570883,0.77093737491126435,0.53586734706534878
0,228,polynomial,0.51055213046942771,0.7689926727463825,0.41022732806365769
0,228,polynomial,0.54638236979803922,0.8048229120749939,0.21000493996529668
0,228,polynomial,0.58091317077788152,0.8393537130548363,0.070650098225205862
0,228,polynomial,0.51047499288329246,0.79792138841148186,0.32531152495001242
0,228,polynomial,0.54575848570904961,0.83320488123723924,0.14437869816288842
0,228,polynomial,0.51033134372105149,0.82678359250047573,0.2479972231316806
0,228,cell_average,0.53430481422443921,0.812082592002217,0.23455487120684176
0,228,center,0.53430481422443921,0.812082592002217,0.22110066698802736
0,229,polynomial,0.59147436170583734,0.83303381942888255,0.067174070686126047
0,229,polynomial,0.55694361016670213,0.79850306788974756,0.19867188003457997
0,229,polynomial,0.5211133213973832,0.76267277912042841,0.39728481978944291
0,229,polynomial,0.59252930565610129,0.80508291012791189,0.10987969948494056
0,229,polynomial,0.55724581283034424,0.76979941730215518,0.27113404725603207
0,229,polynomial,0.59300407038405745,0.77655182160463343,0.16634498962869737
0,229,cell_average,0.56902851910889418,0.79125074133111639,0.20127276208832418
0,229,center,0.56902851910889418,0.79125074133111639,0.1875487363331049
0,230,polynomial,0.61346568839088389,0.78857289733450509,0.098357349292232041
0,230,polynomial,0.6471619048466013,0.82226911379022272,0.022857948246091921
0,230,polynomial,0.67860728609055043,0.85371449503417196,0.019969192405572062
0,230,polynomial,0.61268385150226679,0.8167969136971226,0.059288497240652854
0,230,polynomial,0.64531410165172742,0.84942716384658368,0.0091524282823026767
0,230,polynomial,0.61121365745379552,0.84433257289988628,0.027021866649551776
0,230,cell_average,0.63527202205331335,0.82971646649775777,0.037789662446248797
0,230,center,0.63527202205331335,0.82971646649775777,0.024427454080981553
0,231,polynomial,0.68888436397177322,0.84711048836148539,0.024329738108187556
0,231,polynomial,0.65743902554473244,0.8156651499344445,0.020823416250643031
0,231,polynomial,0.62374276627210623,0.78196889066181807,0.090044181329264117
0,231,polynomial,0.69083568560231934,0.82005595674079668,0.013151857998176851
0,231,polynomial,0.65820543545285892,0.78742570659133648,0.03584039062001388
0,231,polynomial,0.69171325214192481,0.79192767002916764,0.0092596871533651738
0,231,cell_average,0.66906514915830839,0.80795403804719734,0.030297156666452125
0,231,center,0.66906514915830839,0.80795403804719734,0.01729211698716869
0,232,polynomial,0.71056694259541175,0.80234081820569969,0.0092760848746089343
0,232,polynomial,0.74087235714538557,0.83264623275567362,0.064979364226072742
0,232,polynomial,0.76857864909788087,0.86035252470816892,0.16003955877331008
0,232,polynomial,0.70928989896723094,0.8300696278287536,0.027900626181723984
0,232,polynomial,0.73829575221846588,0.85907548107998843,0.099526125423711767
0,232,polynomial,0.70688709734053445,0.85667267945329184,0.049325597297753529
0,232,cell_average,0.72976533330682392,0.84087644441793508,0.06493363429959173
0,232,center,0.72976533330682392,0.84087644441793508,0.061220358042262377
0,233,polynomial,0.77807951570033607,0.85297230675671487,0.16404132982831479
0,233,polynomial,0.75037324846819464,0.82526603952457334,0.067169677609434653
0,233,polynomial,0.72006780919786673,0.79496060025424531,0.0086120987572097067
0,233,polynomial,0.78040435995608604,0.82629129776123,0.11402024921616755
0,233,polynomial,0.75139850670485175,0.79728544450999583,0.031839112702800133
0,233,polynomial,0.78144958506174933,0.79833066961565868,0.068607057531974991
0,233,cell_average,0.76101607463794041,0.81657163019349599,0.071898189420477765
0,233,center,0.76101607463794041,0.81657163019349599,0.067872852444012213
0,234,polynomial,0.79816678980412004,0.80660733208107471,0.11057864161543533
0,234,polynomial,0.82473318604783863,0.83317372832479331,0.22837789340516265
0,234,polynomial,0.8490486051093914,0.85748914738634618,0.35801194861757513
0,234,polynomial,0.79673672224524572,0.83418311777343501,0.16347212324571708
0,234,polynomial,0.82211817859825442,0.85956457412644383,0.28929767696743386
0,234,polynomial,0.79404514179576913,0.86049739057519337,0.21930443754883905
0,234,cell_average,0.81479444091371067,0.84257221869148857,0.22405793786998382
0,234,center,0.81479444091371067,0.84257221869148857,0.2262995274101561
0,235,polynomial,0.8574891473863463,0.84904860510939162,0.3585480662519025
0,235,polynomial,0.83317372832479319,0.82473318604783852,0.22979124983275404
0,235,polynomial,0.80660733208107449,0.79816678980411959,0.11171944651479854
0,235,polynomial,0.8595645741264436,0.8221181785982542,0.29176310644959791
0,235,polynomial,0.83418311777343535,0.79673672224524605,0.16609616388565096
0,235,polynomial,0.86049739057519348,0.79404514179576924,0.22045178516029501
0,235,cell_average,0.84257221869148857,0.81479444091371067,0.22579737872588587
0,235,center,0.84257221869148857,0.81479444091371067,0.22887586474944621
0,236,polynomial,0.87512202106960546,0.80022923001322666,0.27497948778543396
0,236,polynomial,0.89860304954220305,0.82371025848582446,0.41107104346925416
0,236,polynomial,0.92078439376608989,0.84589160270971142,0.54499841354867085
0,236,polynomial,0.87392211502756001,0.82803517722241593,0.34931963622702517
0,236,polynomial,0.89665032870427241,0.85076339089912845,0.48396199473013274
0,236,polynomial,0.8716629625631046,0.85478187800919514,0.41826029359321915
0,236,cell_average,0.88990496352682935,0.83434940797127377,0.41139276294734028
0,236,center,0.88990496352682935,0.83434940797127377,0.41546361141981381
0,237,polynomial,0.92816461171754427,0.83639073610725623,0.53929633862107829
0,237,polynomial,0.90598324277330355,0.81420936716301551,0.40485469631842108
0,237,polynomial,0.88250223902105951,0.79072836341077135,0.26818989400111798
0,237,polynomial,0.92943451202303018,0.80865478316150752,0.45702977413726542
0,237,polynomial,0.90670629834631844,0.78592656948479578,0.32040746080370708
0,237,polynomial,0.93000497240073754,0.78021939028798015,0.37019619212069121
0,237,cell_average,0.91420977775126855,0.80309866664015739,0.39091570880914084
0,237,center,0.91420977775126855,0.80309866664015739,0.39460947781052075
0,238,polynomial,0.94314164369019116,0.7849155193004792,0.42430245100633418
0,238,polynomial,0.96501767672942762,0.80679155233971522,0.56070704433566665
0,238,polynomial,0.98689356779826476,0.82866744340855292,0.69196683755336363
0,238,polynomial,0.94249341301993395,0.81327314188145627,0.51170541090071797
0,238,polynomial,0.96425047247471685,0.83503020133623951,0.6449114025128625
0,238,polynomial,0.94127202661892884,0.84105760873168611,0.59366092158211892
0,238,cell_average,0.95730019663817534,0.81841130774928639,0.57150816604799903
0,238,center,0.95730019663817534,0.81841130774928639,0.57326280231724125
0,239,polynomial,0.99349757447095155,0.81839036552733035,0.68000548925379511
0,239,polynomial,0.97162164058520517,0.79651443164158386,0.54830886044693583
0,239,polynomial,0.94974565036287784,0.77463844141925631,0.41245482957765839
0,239,polynomial,0.99362167958050307,0.78950861738564693,0.59408747509540105
0,239,polynomial,0.97186462012572084,0.76775155793086469,0.46023979892733635
0,239,polynomial,0.99367692948964748,0.76055801404355683,0.50674792382371825
0,239,cell_average,0.97906262508873565,0.78461818064429112,0.53385885095272723
0,239,center,0.97906262508873565,0.78461818064429112,0.53459292169150241
0,240,polynomial,0.0067212809908350291,0.84849515660112318,0.80207363047304792
0,240,polynomial,0.031036870191075951,0.87281074580136475,0.90913515808412637
0,240,polynomial,0.057603096296106535,0.89937697190639443,0.9781884542097451
0,240,polynomial,0.0069789923187461604,0.87775872118026899,0.87047476560393022
0,240,polynomial,0.032360448671754784,0.90314017753327791,0.95564498047177571
0,240,polynomial,0.0072830498753563254,0.90706863198811394,0.92432848383374322
0,240,cell_average,0.023313021895819793,0.88442413300693101,0.91075600127457745
0,240,center,0.023313021895819793,0.88442413300693101,0.91515878312475485
0,241,polynomial,0.064207102968793311,0.88909989402517176,0.97474227125117385
0,241,polynomial,0.037640834046854039,0.86253362510323306,0.9030230481330247
0,241,polynomial,0.013325287663521783,0.83821807871990028,0.79187446880876633
0,241,polynomial,0.061731655777541292,0.85761859358268533,0.93393469123011863
0,241,polynomial,0.0363501994245327,0.83223713722967718,0.83322553984612735
0,241,polynomial,0.059687952746074815,0.82656903729998465,0.87183612242550013
0,241,cell_average,0.045075450346380157,0.85063100590193574,0.88917750879275226
0,241,center,0.045075450346380157,0.85063100590193574,0.89358669492796039
0,242,polynomial,0.074141041093856871,0.83258158337081167,0.91304251991259411
0,242,polynomial,0.10184743127596964,0.86028797355292475,0.98255040197371502
0,242,polynomial,0.13215274759632609,0.89059328987328057,0.99172939704907004
0,242,polynomial,0.076765122613659059,0.86421151814184838,0.96294361614845059
0,242,polynomial,0.10577097586489366,0.89321737139308333,0.99794088798829494
0,242,polynomial,0.07988203378030384,0.89633428255972813,0.99254762186887824
0,242,cell_average,0.094584074664449722,0.87236185244222753,0.97687559928868128
0,242,center,0.094584074664449722,0.87236185244222753,0.98626889840125553
0,243,polynomial,0.13847264122227998,0.8800320989453253,0.9917880940536028
0,243,polynomial,0.10816727546121596,0.84972673318426162,0.97956994068011272
0,243,polynomial,0.080460934719810695,0.82202039244285596,0.90501031169883062
0,243,polynomial,0.13389294697422052,0.84644655144603131,0.99190048789986474
0,243,polynomial,0.10488709372298601,0.81744069819479703,0.93875066112691175
0,243,polynomial,0.130113804676146,0.81366155589672251,0.96684527111188179
0,243,cell_average,0.11541592533555028,0.83763814755777255,0.96600084304184342
0,243,center,0.11541592533555028,0.83763814755777255,0.97524896466258237
0,244,polynomial,0.14628550496582807,0.82139271390944946,0.98851357834443832
0,244,polynomial,0.17773088620977795,0.85283809515339981,0.98293808390289006
0,244,polynomial,0.21142710266549497,0.88653431160911622,0.90457078227984256
0,244,polynomial,0.15057283615341685,0.85468589834827291,0.99451416561014649
0,244,polynomial,0.18320308630287746,0.88731614849773377,0.94861790912291211
0,244,polynomial,0.15566742710011428,0.88878634254620514,0.97887902419290396
0,244,cell_average,0.17028353350224232,0.86472797794668677,0.9679752661430352
0,244,center,0.17028353350224232,0.86472797794668677,0.98136858330295673
0,245,polynomial,0.21803110933818179,0.87625723372789366,0.9085171038931249
0,245,polynomial,0.184334850065556,0.84256097445526845,0.98514284413704933
0,245,polynomial,0.1528895116385148,0.81111563602822667,0.98734683357598463
0,245,polynomial,0.21257429340866393,0.84179456454714141,0.96257768490464712
0,245,polynomial,0.17994404325920346,0.80916431439768111,0.99739176082172543
0,245,polynomial,0.2080723299708328,0.80828674785807586,0.99533595202036529
0,245,cell_average,0.19204596195280266,0.83093485084169161,0.97447281604198588
0,245,center,0.19204596195280266,0.83093485084169161,0.98769436332935701
0,246,polynomial,0.22615272114313786,0.81792659675342594,0.97636464291275127
0,246,polynomial,0.2606834238933638,0.85245729950365212,0.86305206079366914
0,246,polynomial,0.29651376145159164,0.88828763706187952,0.69925675552126443
0,246,polynomial,0.23095451506911413,0.8517342439306369,0.92346046591486264
0,246,polynomial,0.26623800789487123,0.88701773675639417,0.78167620956531381
0,246,polynomial,0.23666169426592967,0.88644727637868714,0.85472256106000266
0,246,cell_average,0.25245688891539825,0.86356800002650935,0.84985164752447684
0,246,center,0.25245688891539825,0.86356800002650935,0.86026788728904036
0,247,polynomial,0.30389397940304586,0.87878677045942433,0.70283043941907608
0,247,polynomial,0.26806361712446425,0.84295640818084316,0.86556071185453898
0,247,polynomial,0.23353293909459208,0.80842573015097074,0.98031803443815935
0,247,polynomial,0.29902219121362927,0.84490912901877324,0.79641785283711675
0,247,polynomial,0.26373869838787228,0.80962563619301664,0.9408629292402908
0,247,polynomial,0.29500370410356275,0.81188478865747238,0.88581531392199608
0,247,cell_average,0.27676170313983739,0.83231725869539297,0.86187873261565406
0,247,center,0.27676170313983739,0.83231725869539297,0.87137802088317262
0,248,polynomial,0.31467143291861438,0.82311197519556911,0.81515380801557691
0,248,polynomial,0.35080707821355817,0.85924762049051306,0.61249427397235445
0,248,polynomial,0.38694292181547907,0.89538346409243363,0.40756261805041
0,248,polynomial,0.31870105277829214,0.85614744830648148,0.71631773226490147
0,248,polynomial,0.35495569982597869,0.89240209535416848,0.51080384097313969
0,248,polynomial,0.32349158616837936,0.8899438349478036,0.61639642074928425
0,248,cell_average,0.34141495605086697,0.86919273382864481,0.61315051820377819
0,248,center,0.34141495605086697,0.86919273382864481,0.61326117133625679
0,249,polynomial,0.39538346409243391,0.88694292181547896,0.40698838685617461
0,249,polynomial,0.35924762049051273,0.85080707821355839,0.61109549756398274
0,249,polynomial,0.323111975195569,0.81467143291861421,0.8175178593853023
0,249,polynomial,0.39240209535416792,0.85495569982597863,0.50570371804152048
0,249,polynomial,0.35614744830648154,0.81870105277829253,0.7197147122554991
0,249,polynomial,0.38994383494780344,0.82349158616837981,0.61385531233547541
0,249,cell_average,0.3691927338286447,0.84141495605086702,0.61238868736923358
0,249,center,0.3691927338286447,0.84141495605086702,0.61196601698522857
0,250,polynomial,0.41045222232623574,0.83555943126985721,0.512792650185244
0,250,polynomial,0.44628238814558358,0.87138959708920516,0.29759127464791868
0,250,polynomial,0.48081326263468943,0.90592047157831079,0.13112294018079837
0,250,polynomial,0.41262993473240983,0.86674299692726586,0.40981581844715265
0,250,polynomial,0.44791342755816704,0.90202648975302313,0.21338817922378342
0,250,polynomial,0.41522020276258065,0.89833911820867141,0.31454749728343795
0,250,cell_average,0.4356505920287263,0.88009503647317078,0.31380537634676742
0,250,center,0.4356505920287263,0.88009503647317078,0.30274644462510431
0,251,polynomial,0.49031412923714468,0.89854025362685652,0.12849947106534143
0,251,polynomial,0.45578327946839242,0.86400940385810465,0.29098730610354478
0,251,polynomial,0.41995308892869077,0.82817921331840261,0.50782285060023424
0,251,polynomial,0.49002203529578736,0.8692423064342647,0.19111769345700291
0,251,polynomial,0.45473854247003048,0.8339588136085081,0.38275225383443495
0,251,polynomial,0.48978269048379552,0.83999710837103858,0.26767837587284427
0,251,cell_average,0.46690133335984263,0.85579022224873158,0.29526989331818088
0,251,center,0.46690133335984263,0.85579022224873158,0.28393647956016782
0,252,polynomial,0.51015980356307433,0.8519336791733626,0.18258912702446442
0,252,polynomial,0.54385592086530299,0.88562979647559126,0.059065474763869218
0,252,polynomial,0.57530140126274132,0.91707527687302914,0.010115444834775462
0,252,polynomial,0.50990209223516325,0.88068182109668602,0.12241542214816029
0,252,polynomial,0.542532342384624,0.91331207124614688,0.02688762758904658
0,252,polynomial,0.50959803467855325,0.90938361679131074,0.070969061475265716
0,252,cell_average,0.53224253365973573,0.89335364477084689,0.078076132816231103
0,252,center,0.53224253365973573,0.89335364477084689,0.06331116274108875
0,253,polynomial,0.5855784791439641,0.91047127020034246,0.011347310996680942
0,253,polynomial,0.55413304156343457,0.87902583261981326,0.054024261114328322
0,253,polynomial,0.52043688144429678,0.84532967250067559,0.1729259908726952
0,253,polynomial,0.58805392633521614,0.88394086414035999,0.018111324115818422
0,253,polynomial,0.5554236761857555,0.8513106139908998,0.089357035153024983
0,253,polynomial,0.59009762936668275,0.85697871392059244,0.033794586166221108
0,253,cell_average,0.566035660764731,0.87159121632028658,0.062324978501221172
0,253,center,0.566035660764731,0.87159121632028658,0.047544732610787739
0,254,polynomial,0.60940671012671932,0.86784725240367411,0.011491469992380977
0,254,polynomial,0.63971202644707614,0.89815256872403093,0.026763588617184825
0,254,polynomial,0.66741841662918822,0.925858958906143,0.091118164295576773
0,254,polynomial,0.60678262860691712,0.89422902413510652,0.011469550423757765
0,254,polynomial,0.63578848185815184,0.92323487738634114,0.044473755402646607
0,254,polynomial,0.60366571744027264,0.92011796621969655,0.015920172924225859
0,254,cell_average,0.62763814755777259,0.90541592533555038,0.030629487882689224
0,254,center,0.62763814755777259,0.90541592533555038,0.023588641173574797
0,255,polynomial,0.67797960755714404,0.91953906528018947,0.097640346079485518
0,255,polynomial,0.65027326681573927,0.89183272453878459,0.029518070666540691
0,255,polynomial,0.6199679010546747,0.86152735877772002,0.0088895510168454234
0,255,polynomial,0.6825593018052033,0.89511290627701401,0.065731505371864007
0,255,polynomial,0.65355344855396891,0.86610705302577995,0.012261058695701583
0,255,polynomial,0.68633844410327827,0.86988619532385458,0.038482935233210246
0,255,cell_average,0.66236185244222745,0.88458407466444977,0.038812709102635061
0,255,center,0.66236185244222745,0.88458407466444977,0.031669967400764887
0,256,polynomial,0.70392891292141468,0.8790361218650361,0.073013346433029647
0,256,polynomial,0.73049523817993445,0.90560244712355609,0.1753004343843117
0,256,polynomial,0.75481072822668605,0.92991793717030757,0.29568793014239692
0,256,polynomial,0.69964158173382585,0.90375464392868199,0.10776028484723216
0,256,polynomial,0.72502303808683466,0.9291361002816908,0.21790827329779533
0,256,polynomial,0.69454699078712878,0.92766590623321954,0.14519904148541157
0,256,cell_average,0.71860535538664649,0.91304979983109114,0.16515548283346929
0,256,center,0.71860535538664649,0.91304979983109114,0.16555285022850205
0,257,polynomial,0.76508780610790883,0.92331393049762078,0.30551510787219732
0,257,polynomial,0.74077235887806581,0.89899848326777787,0.18451462991895815
0,257,polynomial,0.71420599080263714,0.8724321151923492,0.079822842027604313
0,257,polynomial,0.77054462203742669,0.89976489317590402,0.2592818454787062
0,257,polynomial,0.74516316568441832,0.87438343682289577,0.14157247727393241
0,257,polynomial,0.77504658547525818,0.87526100336250112,0.21000916199234532
0,257,cell_average,0.75239848249164176,0.89128737138053071,0.1928039678439544
0,257,center,0.75239848249164176,0.89128737138053071,0.19401429986602667
0,258,polynomial,0.79072836341077157,0.88250223902105984,0.26888786445267771
0,258,polynomial,0.81420936716301562,0.90598324277330378,0.40341249595740158
0,258,polynomial,0.83639073610725623,0.92816461171754427,0.53700854990079561
0,258,polynomial,0.78592656948479545,0.90670629834631811,0.32066426436401152
0,258,polynomial,0.80865478316150785,0.92943451202303062,0.454330235566758
0,258,polynomial,0.78021939028798015,0.93000497240073754,0.36884450109638856
0,258,cell_average,0.80309866664015739,0.91420977775126855,0.38977169103968395
0,258,center,0.80309866664015739,0.91420977775126855,0.39320967423364694
0,259,polynomial,0.84589160270971142,0.92078439376609011,0.54521164260080668
0,259,polynomial,0.82371025848582446,0.89860304954220305,0.41124759133593863
0,259,polynomial,0.80022923001322654,0.87512202106960513,0.27501546188850984
0,259,polynomial,0.850763390899128,0.89665032870427208,0.48669600120177858
0,259,polynomial,0.82803517722241626,0.87392211502756034,0.34859371590871496
0,259,polynomial,0.85478187800919525,0.8716629625631046,0.41890360014797862
0,259,cell_average,0.83434940797127377,0.88990496352682935,0.41194612484186421
0,259,center,0.83434940797127377,0.88990496352682935,0.41633539212760373
0,260,polynomial,0.86887631830196188,0.87731686057891622,0.4798629492699657
0,260,polynomial,0.89075237950948793,0.89919292178644261,0.61732742439699573
0,260,polynomial,0.91262824241003526,0.92106878468699038,0.74499678789354973
0,260,polynomial,0.86484669844228423,0.90229309397047353,0.54808223104912857
0,260,polynomial,0.88660375789706691,0.9240501534252562,0.67983742148120385
0,260,polynomial,0.86005616505219729,0.92650841383162119,0.60648068638572594
0,260,cell_average,0.8808072661713553,0.90858504394913309,0.61343217227070712
0,260,center,0.8808072661713553,0.90858504394913309,0.61662754268445241
0,261,polynomial,0.92106878468699016,0.91262824241003548,0.74359748016741556
0,261,polynomial,0.89919292178644283,0.89075237950948771,0.61580672683816129
0,261,polynomial,0.87731686057891634,0.86887631830196155,0.47826894134624959
0,261,polynomial,0.9240501534252562,0.88660375789706669,0.67664158626716242
0,261,polynomial,0.90229309397047375,0.86484669844228446,0.54412046247391299
0,261,polynomial,0.92650841383162119,0.86005616505219729,0.60524389809544477
0,261,cell_average,0.90858504394913309,0.8808072661713553,0.61106740188501674
0,261,center,0.90858504394913309,0.8808072661713553,0.61324053141198187
0,262,polynomial,0.93976219556100693,0.86486940450462857,0.66062973092939914
0,262,polynomial,0.96194373624412943,0.88705094518775052,0.78537613383097316
0,262,polynomial,0.9854245682574917,0.910531777201113,0.89059480325998763
0,262,polynomial,0.93758448315483323,0.89169754534968915,0.73043935370272994
0,262,polynomial,0.96031269683154552,0.91442575902640144,0.84669438212634651
0,262,polynomial,0.93499421512466274,0.91811313057075328,0.79514803429762582
0,262,cell_average,0.9532382968601627,0.89768274130460712,0.78782338695380882
0,262,center,0.9532382968601627,0.89768274130460712,0.78929632335035405
0,263,polynomial,0.99280478620894597,0.9010309105986577,0.88657076669162294
0,263,polynomial,0.96932392947522994,0.87755005386494156,0.78129071866718125
0,263,polynomial,0.94714241351246131,0.85536853790217304,0.65560019897946531
0,263,polynomial,0.99309688015030329,0.87231715128878073,0.82707084414294019
0,263,polynomial,0.97036866647359155,0.849588937612069,0.70699037312927004
0,263,polynomial,0.9933362249622959,0.84355064284953862,0.75348429437709419
0,263,cell_average,0.9775431110846019,0.86643199997349074,0.77175440151440511
0,263,center,0.9775431110846019,0.86643199997349074,0.77397249818993152
0,264,polynomial,0.007574282570382309,0.9326814915140037,0.96270935709797056
0,264,polynomial,0.03528074626175836,0.96038795520538045,0.99596958936468261
0,264,polynomial,0.065585989072851555,0.99069319801647271,0.96675078008339865
0,264,polynomial,0.0079435140978750159,0.96205657629273111,0.98847811503504357
0,264,polynomial,0.03694936734910962,0.99106242954396606,0.99058964262039495
0,264,polynomial,0.0083265080721080607,0.9914454235181992,0.99879392892889196
0,264,cell_average,0.026571630193495944,0.97101607463794049,0.98621424317170348
0,264,center,0.026571630193495944,0.97101607463794049,0.99687725799669147
0,265,polynomial,0.07296620702430584,0.98119233141401774,0.96723142870019507
0,265,polynomial,0.042660939492858915,0.95088706388257116,0.99610450858066402
0,265,polynomial,0.014954500521836575,0.92318062491154829,0.9599508358346357
0,265,polynomial,0.069733550667867711,0.94895382180634513,0.99226258310294335
0,265,polynomial,0.040727697416633145,0.91994796855511085,0.98219036335497112
0,265,polynomial,0.066668517909741112,0.9168829357969841,0.99533633050475812
0,265,cell_average,0.050876444417935124,0.9397653333068241,0.98467923054237605
0,265,center,0.050876444417935124,0.9397653333068241,0.9955234694571915
0,266,polynomial,0.082924723126970606,0.92469859873725879,0.99752647380916437
0,266,polynomial,0.11437020352440931,0.95614407913469779,0.94318019882838389
0,266,polynomial,0.14806632082663759,0.98984019643692556,0.82201300842673575
0,266,polynomial,0.086687928753853491,0.95746765761537622,0.97576538862526963
0,266,polynomial,0.11931817890331411,0.9900979077648373,0.88423172997664534
0,266,polynomial,0.090616383208689671,0.99040196532144742,0.93588055517538815
0,266,cell_average,0.10664635522915311,0.96775746634026438,0.92666313820717894
0,266,center,0.10664635522915311,0.96775746634026438,0.93969880358998981
0,267,polynomial,0.15467032749932441,0.97956311855570288,0.82847348414403077
0,267,polynomial,0.12097416738018746,0.94586695843656665,0.94731503431639486
0,267,polynomial,0.089528729799657369,0.91442152085603579,0.99940876969672554
0,267,polynomial,0.14868938600910062,0.94457632381424472,0.90811129000221935
0,267,polynomial,0.11605913585964008,0.91194607366478453,0.98968549450445886
0,267,polynomial,0.14302128607940817,0.90990237063331791,0.97041548104312814
0,267,cell_average,0.12840878367971351,0.93396433923526911,0.94087446271867725
0,267,center,0.12840878367971351,0.93396433923526911,0.95357217115648973
0,268,polynomial,0.16064628694516372,0.91908682922211826,0.93332128504008882
0,268,polynomial,0.19517708792500665,0.95361763020196189,0.78300927165181189
0,268,polynomial,0.2310073272536175,0.98944786953057207,0.59554743978260738
0,268,polynomial,0.16679511876276126,0.95424151429095061,0.85285020642716391
0,268,polynomial,0.20207861158851834,0.98952500711670788,0.67862633655018323
0,268,polynomial,0.17321640749952474,0.98966865627894907,0.75967806211509648
0,268,cell_average,0.18791740799778306,0.9656951857755609,0.76627109947468286
0,268,center,0.18791740799778306,0.9656951857755609,0.77437738573098258
0,269,polynomial,0.23732722087957137,0.97888667860261669,0.60665211845520273
0,269,polynomial,0.20149693211025299,0.94305638983329865,0.79154507040854405
0,269,polynomial,0.16696618057111751,0.90852563829416255,0.94185344417239203
0,269,polynomial,0.23020058269784521,0.94275418716965576,0.72265612467637763
0,269,polynomial,0.19491708987208822,0.90747069434389938,0.8934305177124191
0,269,polynomial,0.22344817839536696,0.90699592961594322,0.83669330030551636
0,269,cell_average,0.20874925866888361,0.93097148089110593,0.7978081573113055
0,269,center,0.20874925866888361,0.93097148089110593,0.80503644313958345
0,270,polynomial,0.24224264313465302,0.91734985207827435,0.76124653172011547
0,270,polynomial,0.27837835941479538,0.95348556835841713,0.54796105056668554
0,270,polynomial,0.31451413203151768,0.98962134097513899,0.34236584135735959
0,270,polynomial,0.24912952662304516,0.95324258881790125,0.63962628668134569
0,270,polynomial,0.28538417367073177,0.98949723586558824,0.42722561082746929
0,270,polynomial,0.25632307051035319,0.98944198595644417,0.51863221329999776
0,270,cell_average,0.27093737491126441,0.96538181935570899,0.53911437131042783
0,270,center,0.27093737491126441,0.96538181935570899,0.53744524510272551
0,271,polynomial,0.32111813870420447,0.97934426309391653,0.35296909192224535
0,271,polynomial,0.28498232327057349,0.943208447660286,0.55751472757529996
0,271,polynomial,0.24884664980733967,0.90707277419705168,0.77341403681869481
0,271,polynomial,0.31475538077651827,0.94397565191499544,0.47106800933396686
0,271,polynomial,0.27850073372883166,0.90772100486730933,0.68941530351731939
0,271,polynomial,0.30872797338107161,0.90894239126831466,0.60139755427683594
0,271,cell_average,0.29269980336182477,0.93158869225071372,0.57384679482315437
0,271,center,0.29269980336182477,0.93158869225071372,0.5715790531876187
0,272,polynomial,0.32817921331840277,0.91995308892869077,0.50599533611773206
0,272,polynomial,0.36400940385810437,0.95578327946839292,0.291194113178882
0,272,polynomial,0.39854025362685658,0.99031412923714457,0.12676829158109976
0,272,polynomial,0.33395881360850765,0.95473854247003032,0.38188348338552441
0,272,polynomial,0.36924230643426476,0.99002203529578758,0.19100152951177141
0,272,polynomial,0.33999710837103814,0.98978269048379575,0.26922817058813714
0,272,cell_average,0.35579022224873152,0.96690133335984274,0.29486620454525259
0,272,center,0.35579022224873152,0.96690133335984274,0.28381385622419358
0,273,polynomial,0.40592047157831079,0.98081326263468949,0.13239692381588655
0,273,polynomial,0.37138959708920494,0.94628238814558385,0.29637587156417072
0,273,polynomial,0.33555943126985693,0.91045222232623535,0.5150011873117798
0,273,polynomial,0.4020264897530228,0.94791342755816665,0.21359135046861158
0,273,polynomial,0.36674299692726592,0.91262993473241028,0.41218811292226687
0,273,polynomial,0.39833911820867124,0.91522020276258087,0.31357699721876597
0,273,cell_average,0.38009503647317072,0.93565059202872636,0.31440259127862591
0,273,center,0.38009503647317072,0.93565059202872636,0.3030718034970849
0,274,polynomial,0.41775846228463709,0.92619900456159165,0.22813053329289226
0,274,polynomial,0.4514545514185756,0.95989509369553039,0.084873518730117128
0,274,polynomial,0.48290005998430385,0.99134060226125886,0.015624342263264099
0,274,polynomial,0.42088214014614639,0.95832853567433562,0.14548393514313698
0,274,polynomial,0.45351239029560714,0.99095878582379671,0.037861308491088548
0,274,polynomial,0.42414722957861828,0.99059947835804263,0.078245436886986985
0,274,cell_average,0.44206879745988908,0.96984657523766693,0.098261415591425025
0,274,center,0.44206879745988908,0.96984657523766693,0.083430526334914157
0,275,polynomial,0.49134060226125864,0.98290005998430408,0.016758190693552555
0,275,polynomial,0.45989509369553028,0.95145455141857593,0.084377594893710731
0,275,polynomial,0.42619900456159171,0.91775846228463687,0.22832893098461485
0,275,polynomial,0.49095878582379626,0.95351239029560686,0.038984441793986455
0,275,polynomial,0.45832853567433585,0.92088214014614678,0.14354661822693876
0,275,polynomial,0.4905994783580423,0.92414722957861839,0.076688099588189063
0,275,cell_average,0.46984657523766682,0.94206879745988914,0.097922156154042275
0,275,center,0.46984657523766682,0.94206879745988914,0.082873266488020819
0,276,polynomial,0.50930680198352707,0.93441401092714849,0.036496666816323117
0,276,polynomial,0.53961204479462066,0.9647192537382423,0.011583968473511268
0,276,polynomial,0.5673185084859963,0.99242571742961749,0.043186538411458281
0,276,polynomial,0.50893757045603449,0.96305063265089053,0.017406252756932045
0,276,polynomial,0.53794342370726922,0.99205648590212525,0.018743175440135072
0,276,polynomial,0.50855457648180158,0.99167349192789245,0.0098248219052662483
0,276,cell_average,0.52898392536205963,0.97342836980650416,0.020761825019507303
0,276,center,0.52898392536205963,0.97342836980650416,0.011269506616585099
0,277,polynomial,0.57681937508845138,0.98504549947816344,0.045021594132872066
0,277,polynomial,0.54911293611742951,0.95733906050714157,0.011701266351357128
0,277,polynomial,0.51880766858598204,0.92703379297569399,0.033740311596296667
0,277,polynomial,0.58005203144488959,0.95927230258336693,0.02393566915867296
0,277,polynomial,0.55104617819365509,0.93026644933213254,0.011199088310590631
0,277,polynomial,0.58311706420301646,0.93333148209025929,0.011223057653971602
0,277,cell_average,0.56023466669317601,0.94912355558206496,0.020472892810255553
0,277,center,0.56023466669317601,0.94912355558206496,0.010817681322149173
0,278,polynomial,0.60062302809360557,0.94239690370389351,0.02645651369127882
0,278,polynomial,0.62718925419863636,0.96896312980892474,0.096108737494958074
0,278,polynomial,0.65150484339887671,0.99327871900916487,0.19223988598772213
0,278,polynomial,0.59685982246672276,0.9676395513282452,0.048852233123693196
0,278,polynomial,0.62224127881973146,0.99302100768125423,0.12976247157722481
0,278,polynomial,0.59293136801188673,0.99271695012464412,0.077490039084542106
0,278,cell_average,0.6155758669930691,0.97668697810418026,0.091625845485597129
0,278,center,0.6155758669930691,0.97668697810418026,0.089189703335551263
0,279,polynomial,0.66178192128009961,0.98667471233647819,0.20103874448592535
0,279,polynomial,0.63746637489676783,0.96235916595314652,0.10342253746338899
0,279,polynomial,0.61090010597482802,0.93579289703120672,0.030561923918103813
0,279,polynomial,0.66776286277032337,0.96364980057546734,0.16492243171827101
0,279,polynomial,0.64238140641731478,0.93826834422245919,0.072745525618682125
0,279,polynomial,0.67343096270001601,0.94031204725392559,0.12920959000404253
0,279,cell_average,0.64936899409806426,0.95492454965361995,0.11336286544124848
0,279,center,0.64936899409806426,0.95492454965361995,0.11150574675481079
0,280,polynomial,0.68956813094207903,0.94800867321903348,0.17993915498642218
0,280,polynomial,0.71304903646470574,0.97148957874166086,0.29996621514118332
0,280,polynomial,0.73523050363856346,0.99367104591551858,0.4268630872971691
0,280,polynomial,0.68341929912448152,0.97086569465267103,0.21858059113170791
0,280,polynomial,0.70614751280119381,0.99359390832938366,0.33961649038049652
0,280,polynomial,0.67699801038771834,0.99345025916714247,0.25671826435793099
0,280,cell_average,0.70097148089110584,0.97874925866888374,0.28433446035597998
0,280,center,0.70097148089110584,0.97874925866888374,0.28545918666355874
0,281,polynomial,0.74579169456651928,0.98735115228956494,0.44145781959964719
0,281,polynomial,0.72361027683336898,0.96516973455641453,0.31323585944998078
0,281,polynomial,0.70012932187003452,0.94168877959307962,0.19017135338089128
0,281,polynomial,0.75291833274824549,0.96547193722005631,0.39855599846772605
0,281,polynomial,0.73019011907153353,0.94274372354334435,0.2682404203049395
0,281,polynomial,0.75967073705072408,0.94321848827130017,0.349422099996757
0,281,cell_average,0.73569518577556081,0.95791740799778313,0.32426242715043835
0,281,center,0.73569518577556081,0.95791740799778313,0.32656420443480999
0,282,polynomial,0.77463844141925664,0.94974565036287772,0.4136513823838755
0,282,polynomial,0.79651443164158386,0.97162164058520539,0.55153700349311896
0,282,polynomial,0.81839036552733002,0.99349757447095144,0.68408364100805419
0,282,polynomial,0.76775155793086436,0.97186462012572039,0.46355017186054026
0,282,polynomial,0.78950861738564715,0.99362167958050329,0.59772355577285952
0,282,polynomial,0.76055801404355661,0.99367692948964748,0.50647888904095673
0,282,cell_average,0.78461818064429112,0.97906262508873565,0.53663987248889389
0,282,center,0.78461818064429112,0.97906262508873565,0.5385587791192431
0,283,polynomial,0.82866744340855292,0.98689356779826476,0.69411785227706113
0,283,polynomial,0.80679155233971522,0.9650176767294274,0.56172284881461432
0,283,polynomial,0.78491551930047898,0.94314164369019082,0.42305675922386338
0,283,polynomial,0.83503020133623918,0.9642504724747164,0.64404915925792761
0,283,polynomial,0.81327314188145683,0.94249341301993417,0.50898471915702326
0,283,polynomial,0.84105760873168622,0.94127202661892884,0.5913164378309137
0,283,cell_average,0.81841130774928639,0.95730019663817534,0.5707897428039308
0,283,center,0.81841130774928639,0.95730019663817534,0.57228176217626925
0,284,polynomial,0.85536853790217338,0.9471424135124612,0.65362629592865285
0,284,polynomial,0.87755005386494156,0.96932392947522983,0.78050250639867536
0,284,polynomial,0.90103091059865792,0.99280478620894608,0.88804126040397546
0,284,polynomial,0.84958893761206855,0.97036866647359132,0.70562121300937464
0,284,polynomial,0.87231715128878096,0.99309688015030395,0.82740787266441473
0,284,polynomial,0.84355064284953851,0.9933362249622959,0.75432956589011024
0,284,cell_average,0.86643199997349074,0.9775431110846019,0.77143724892842602
0,284,center,0.86643199997349074,0.9775431110846019,0.77312547178523561
0,285,polynomial,0.91053177720111311,0.9854245682574917,0.89142081929985728
0,285,polynomial,0.88705094518775052,0.96194373624412932,0.78643895479472303
0,285,polynomial,0.86486940450462835,0.93976219556100693,0.66081708490707225
0,285,polynomial,0.91442575902640133,0.96031269683154541,0.84832141644893067
0,285,polynomial,0.89169754534968937,0.93758448315483334,0.73347072518431389
0,285,polynomial,0.91811313057075339,0.93499421512466263,0.79720347705775596
0,285,cell_average,0.89768274130460712,0.9532382968601627,0.78940979704084313
0,285,center,0.89768274130460712,0.9532382968601627,0.79149811160524286
0,286,polynomial,0.93245595560260597,0.94089649787956042,0.8466941623838683
0,286,polynomial,0.95677157297113724,0.96521211524809192,0.93907574949265915
0,286,polynomial,0.983337770907877,0.99177831318483178,0.99060080014007645
0,286,polynomial,0.92933227774109661,0.96677867326928579,0.89323517490290993
0,286,polynomial,0.95471373409410565,0.99216012962229461,0.96939195399416056
0,286,polynomial,0.926067188308625,0.99251943708804913,0.93218331188502768
0,286,cell_average,0.94682009142899992,0.97459786920677771,0.93230235323650812
0,286,center,0.94682009142899992,0.97459786920677771,0.93748147101666068
0,287,polynomial,0.99177831318483178,0.98333777090787733,0.99023891164471423
0,287,polynomial,0.96521211524809214,0.95677157297113724,0.94032505867732108
0,287,polynomial,0.94089649787956031,0.93245595560260541,0.84715952897108571
0,287,polynomial,0.99216012962229438,0.95471373409410498,0.97022931141560653
0,287,polynomial,0.96677867326928624,0.92933227774109683,0.89430545689201613
0,287,polynomial,0.99251943708804902,0.926067188308625,0.93233018595600869
0,287,cell_average,0.97459786920677771,0.94682009142899992,0.93299867882991794
0,287,center,0.97459786920677771,0.94682009142899992,0.93885674237421857
