MFEM mesh v1.0

#
# MFEM Geometry Types (see fem/geom.hpp):
#
# POINT       = 0
# SEGMENT     = 1
# TRIANGLE    = 2
# SQUARE      = 3
# TETRAHEDRON = 4
# CUBE        = 5
# PRISM       = 6
#

dimension
2

elements
288
1 2 0 13 12
1 2 13 0 1
1 2 1 14 13
1 2 14 1 2
1 2 2 15 14
1 2 15 2 3
1 2 3 16 15
1 2 16 3 4
1 2 4 17 16
1 2 17 4 5
1 2 5 18 17
1 2 18 5 6
1 2 6 19 18
1 2 19 6 7
1 2 7 20 19
1 2 20 7 8
1 2 8 21 20
1 2 21 8 9
1 2 9 22 21
1 2 22 9 10
1 2 10 23 22
1 2 23 10 11
1 2 11 12 23
1 2 12 11 0
1 2 12 25 24
1 2 25 12 13
1 2 13 26 25
1 2 26 13 14
1 2 14 27 26
1 2 27 14 15
1 2 15 28 27
1 2 28 15 16
1 2 16 29 28
1 2 29 16 17
1 2 17 30 29
1 2 30 17 18
1 2 18 31 30
1 2 31 18 19
1 2 19 32 31
1 2 32 19 20
1 2 20 33 32
1 2 33 20 21
1 2 21 34 33
1 2 34 21 22
1 2 22 35 34
1 2 35 22 23
1 2 23 24 35
1 2 24 23 12
1 2 24 37 36
1 2 37 24 25
1 2 25 38 37
1 2 38 25 26
1 2 26 39 38
1 2 39 26 27
1 2 27 40 39
1 2 40 27 28
1 2 28 41 40
1 2 41 28 29
1 2 29 42 41
1 2 42 29 30
1 2 30 43 42
1 2 43 30 31
1 2 31 44 43
1 2 44 31 32
1 2 32 45 44
1 2 45 32 33
1 2 33 46 45
1 2 46 33 34
1 2 34 47 46
1 2 47 34 35
1 2 35 36 47
1 2 36 35 24
1 2 36 49 48
1 2 49 36 37
1 2 37 50 49
1 2 50 37 38
1 2 38 51 50
1 2 51 38 39
1 2 39 52 51
1 2 52 39 40
1 2 40 53 52
1 2 53 40 41
1 2 41 54 53
1 2 54 41 42
1 2 42 55 54
1 2 55 42 43
1 2 43 56 55
1 2 56 43 44
1 2 44 57 56
1 2 57 44 45
1 2 45 58 57
1 2 58 45 46
1 2 46 59 58
1 2 59 46 47
1 2 47 48 59
1 2 48 47 36
1 2 48 61 60
1 2 61 48 49
1 2 49 62 61
1 2 62 49 50
1 2 50 63 62
1 2 63 50 51
1 2 51 64 63
1 2 64 51 52
1 2 52 65 64
1 2 65 52 53
1 2 53 66 65
1 2 66 53 54
1 2 54 67 66
1 2 67 54 55
1 2 55 68 67
1 2 68 55 56
1 2 56 69 68
1 2 69 56 57
1 2 57 70 69
1 2 70 57 58
1 2 58 71 70
1 2 71 58 59
1 2 59 60 71
1 2 60 59 48
1 2 60 73 72
1 2 73 60 61
1 2 61 74 73
1 2 74 61 62
1 2 62 75 74
1 2 75 62 63
1 2 63 76 75
1 2 76 63 64
1 2 64 77 76
1 2 77 64 65
1 2 65 78 77
1 2 78 65 66
1 2 66 79 78
1 2 79 66 67
1 2 67 80 79
1 2 80 67 68
1 2 68 81 80
1 2 81 68 69
1 2 69 82 81
1 2 82 69 70
1 2 70 83 82
1 2 83 70 71
1 2 71 72 83
1 2 72 71 60
1 2 72 85 84
1 2 85 72 73
1 2 73 86 85
1 2 86 73 74
1 2 74 87 86
1 2 87 74 75
1 2 75 88 87
1 2 88 75 76
1 2 76 89 88
1 2 89 76 77
1 2 77 90 89
1 2 90 77 78
1 2 78 91 90
1 2 91 78 79
1 2 79 92 91
1 2 92 79 80
1 2 80 93 92
1 2 93 80 81
1 2 81 94 93
1 2 94 81 82
1 2 82 95 94
1 2 95 82 83
1 2 83 84 95
1 2 84 83 72
1 2 84 97 96
1 2 97 84 85
1 2 85 98 97
1 2 98 85 86
1 2 86 99 98
1 2 99 86 87
1 2 87 100 99
1 2 100 87 88
1 2 88 101 100
1 2 101 88 89
1 2 89 102 101
1 2 102 89 90
1 2 90 103 102
1 2 103 90 91
1 2 91 104 103
1 2 104 91 92
1 2 92 105 104
1 2 105 92 93
1 2 93 106 105
1 2 106 93 94
1 2 94 107 106
1 2 107 94 95
1 2 95 96 107
1 2 96 95 84
1 2 96 109 108
1 2 109 96 97
1 2 97 110 109
1 2 110 97 98
1 2 98 111 110
1 2 111 98 99
1 2 99 112 111
1 2 112 99 100
1 2 100 113 112
1 2 113 100 101
1 2 101 114 113
1 2 114 101 102
1 2 102 115 114
1 2 115 102 103
1 2 103 116 115
1 2 116 103 104
1 2 104 117 116
1 2 117 104 105
1 2 105 118 117
1 2 118 105 106
1 2 106 119 118
1 2 119 106 107
1 2 107 108 119
1 2 108 107 96
1 2 108 121 120
1 2 121 108 109
1 2 109 122 121
1 2 122 109 110
1 2 110 123 122
1 2 123 110 111
1 2 111 124 123
1 2 124 111 112
1 2 112 125 124
1 2 125 112 113
1 2 113 126 125
1 2 126 113 114
1 2 114 127 126
1 2 127 114 115
1 2 115 128 127
1 2 128 115 116
1 2 116 129 128
1 2 129 116 117
1 2 117 130 129
1 2 130 117 118
1 2 118 131 130
1 2 131 118 119
1 2 119 120 131
1 2 120 119 108
1 2 120 133 132
1 2 133 120 121
1 2 121 134 133
1 2 134 121 122
1 2 122 135 134
1 2 135 122 123
1 2 123 136 135
1 2 136 123 124
1 2 124 137 136
1 2 137 124 125
1 2 125 138 137
1 2 138 125 126
1 2 126 139 138
1 2 139 126 127
1 2 127 140 139
1 2 140 127 128
1 2 128 141 140
1 2 141 128 129
1 2 129 142 141
1 2 142 129 130
1 2 130 143 142
1 2 143 130 131
1 2 131 132 143
1 2 132 131 120
1 2 132 1 0
1 2 1 132 133
1 2 133 2 1
1 2 2 133 134
1 2 134 3 2
1 2 3 134 135
1 2 135 4 3
1 2 4 135 136
1 2 136 5 4
1 2 5 136 137
1 2 137 6 5
1 2 6 137 138
1 2 138 7 6
1 2 7 138 139
1 2 139 8 7
1 2 8 139 140
1 2 140 9 8
1 2 9 140 141
1 2 141 10 9
1 2 10 141 142
1 2 142 11 10
1 2 11 142 143
1 2 143 0 11
1 2 0 143 132

boundary
48
1 1 0 1
1 1 1 2
1 1 2 3
1 1 3 4
1 1 4 5
1 1 5 6
1 1 6 7
1 1 7 8
1 1 8 9
1 1 9 10
1 1 10 11
1 1 11 0
3 1 1 0
3 1 2 1
3 1 3 2
3 1 4 3
3 1 5 4
3 1 6 5
3 1 7 6
3 1 8 7
3 1 9 8
3 1 10 9
3 1 11 10
3 1 0 11
4 1 12 0
4 1 24 12
4 1 36 24
4 1 48 36
4 1 60 48
4 1 72 60
4 1 84 72
4 1 96 84
4 1 108 96
4 1 120 108
4 1 132 120
4 1 0 132
2 1 0 12
2 1 12 24
2 1 24 36
2 1 36 48
2 1 48 60
2 1 60 72
2 1 72 84
2 1 84 96
2 1 96 108
2 1 108 120
2 1 120 132
2 1 132 0

vertices
144

nodes
FiniteElementSpace
FiniteElementCollection: L2_T1_2D_P3
VDim: 2
Ordering: 1

0 0
0.023864679891996719 0.023864679891996719
0.065773008897970983 0.065773008897970983
0.093333333333333324 0.093333333333333324
2.2376437384761955e-19 0.02303276685416842
0.030153424762333163 0.057931202540110943
0.067698162317547869 0.090730929171716282
-6.6444873440061783e-20 0.060300566479164909
0.025917057127057563 0.086217623606222468
0 0.083333333333333329
0.093333333333333324 0.093333333333333324
0.065773008897970983 0.065773008897970983
0.023864679891996716 0.023864679891996716
0 0
0.090730929171716268 0.067698162317547855
0.05793120254011095 0.03015342476233317
0.02303276685416842 1.4817931208516026e-17
0.086217623606222482 0.02591705712705757
0.060300566479164923 1.7197371787801004e-17
0.083333333333333329 0
0.083333333333333329 0
0.10994069720844064 0.026607363875107322
0.15524612949530681 0.071912796161973463
0.18398717474235543 0.1006538414090221
0.086217623606222482 0.02591705712705757
0.11990496352682928 0.064349407971273725
0.15933120193132674 0.099030635452161828
0.090730929171716268 0.067698162317547855
0.1187594333223054 0.095726666468136976
0.093333333333333324 0.093333333333333324
0.18398717474235543 0.1006538414090221
0.15524612949530681 0.071912796161973463
0.10994069720844064 0.026607363875107315
0.083333333333333329 0
0.17947967851260602 0.073113578325104261
0.14420977775126845 0.033098666640157343
0.10636610018750176 1.6281341915233196e-17
0.17166240396308738 0.028028504150589127
0.14363389981249824 1.8607578850864772e-17
0.16666666666666666 0
0.16666666666666666 0
0.1950589041398573 0.028392237473190651
0.24160776252680935 0.074941095860142679
0.27000000000000002 0.10333333333333333
0.17166240396308738 0.028028504150589127
0.20730019663817523 0.068411307749286332
0.24675816211901816 0.10312426230651993
0.17947967851260602 0.073113578325104261
0.20828102591255268 0.10191492572505097
0.18398717474235543 0.1006538414090221
0.27000000000000002 0.10333333333333333
0.24160776252680935 0.074941095860142679
0.1950589041398573 0.028392237473190644
0.16666666666666666 0
0.26479519167676591 0.075095758155930808
0.22906262508873559 0.03461818064429116
0.18969943352083507 1.7071843406897753e-17
0.25576858054577828 0.02880134739994672
0.22696723314583162 1.9149490019270833e-17
0.25 0
0.25 0
0.27874104524704868 0.028741045247048642
0.3240464775339148 0.074046477533914787
0.35065384140902206 0.1006538414090221
0.25576858054577828 0.02880134739994672
0.29125074133111639 0.069028519108894154
0.32888215887088246 0.10191492572505098
0.26479519167676591 0.075095758155930808
0.29282369582735501 0.10312426230651991
0.27000000000000002 0.10333333333333333
0.35065384140902206 0.1006538414090221
0.3240464775339148 0.074046477533914787
0.27874104524704868 0.028741045247048635
0.25 0
0.34614634517927267 0.073113578325104261
0.312082592002217 0.034304814224439178
0.27303276685416838 1.6977621447202577e-17
0.33832907062975404 0.028028504150589127
0.31030056647916487 1.8677900633075379e-17
0.33333333333333331 0
0.33333333333333331 0
0.3608936577686957 0.027560324435362354
0.40280198677467 0.069468653441336611
0.42666666666666669 0.093333333333333324
0.33832907062975404 0.028028504150589127
0.37159121632028652 0.066035660764730955
0.40602723294730192 0.095726666468136989
0.34614634517927267 0.073113578325104261
0.37206340230633023 0.099030635452161814
0.35065384140902206 0.1006538414090221
0.42666666666666669 0.093333333333333324
0.40280198677467 0.069468653441336611
0.3608936577686957 0.027560324435362347
0.33333333333333331 0
0.42406426250504964 0.067698162317547855
0.39335364477084689 0.03224253365973577
0.35636610018750176 1.602392273415727e-17
0.41955095693955585 0.02591705712705757
0.39363389981249836 1.7319172687468577e-17
0.41666666666666669 0
0.41666666666666669 0
0.44183311489277644 0.02516644822610974
0.47910091451777287 0.062434247851106225
0.5 0.083333333333333329
0.41955095693955585 0.02591705712705757
0.4491235555820649 0.060234666693175988
0.47985152341872078 0.086217623606222482
0.42406426250504964 0.067698162317547855
0.44709702935921808 0.090730929171716268
0.42666666666666669 0.093333333333333324
0.5 0.083333333333333329
0.47910091451777287 0.062434247851106225
0.44183311489277644 0.02516644822610974
0.41666666666666669 0
0.5 0.060300566479164909
0.47342836980650405 0.028983925362059619
0.43969943352083513 1.4466290067744919e-17
0.5 0.02303276685416842
0.47696723314583167 1.543737623820936e-17
0.5 0
0.5 0
0.52220085381634018 0.022200853816340124
0.55482812406035886 0.054828124060358842
0.57333333333333336 0.073333333333333334
0.5 0.02303276685416842
0.5254021307932224 0.053179908571000162
0.55290297064078198 0.075935737494950389
0.5 0.060300566479164909
0.52014847658127916 0.080449043060444175
0.5 0.083333333333333329
0.57333333333333336 0.073333333333333334
0.55482812406035886 0.054828124060358842
0.52220085381634018 0.022200853816340124
0.5 0
0.57593573749495042 0.052902970640781963
0.55317990857100019 0.025402130793222396
0.52303276685416822 1.2722089863035057e-17
0.5804490430604442 0.02014847658127927
0.56030056647916493 1.3536737124196492e-17
0.58333333333333337 0
0.58333333333333337 0
0.60279150316656294 0.019458169833229521
0.63202167012968968 0.048688336796356362
0.64934615859097788 0.06601282525764457
0.5804490430604442 0.02014847658127927
0.60231725869539299 0.046761703139837386
0.62793659769366961 0.06763603121450483
0.57593573749495042 0.052902970640781963
0.59397276705269808 0.070940000198529668
0.57333333333333336 0.073333333333333334
0.64934615859097788 0.06601282525764457
0.63202167012968968 0.048688336796356362
0.60279150316656294 0.019458169833229521
0.58333333333333337 0
0.65385365482072733 0.047487554633225564
0.63356800002650926 0.022456888915398224
0.60636610018750159 1.1258679156317886e-17
0.66167092937024596 0.018037029557747712
0.64363389981249819 1.2126530061132731e-17
0.66666666666666663 0
0.66666666666666663 0
0.68433996290181287 0.017673296235146196
0.71232670376485374 0.04566003709818714
0.72999999999999998 0.063333333333333325
0.66167092937024596 0.018037029557747712
0.68158869225071361 0.042699803361824773
0.70717630417264488 0.063542404360146729
0.65385365482072733 0.047487554633225564
0.67111784112911743 0.064751740941615663
0.64934615859097788 0.06601282525764457
0.72999999999999998 0.063333333333333325
0.71232670376485374 0.04566003709818714
0.68433996290181287 0.017673296235146196
0.66666666666666663 0
0.73520480832323409 0.04550537480239901
0.71538181935570888 0.020937374911264409
0.68969943352083507 1.046817766465333e-17
0.74423141945422167 0.01726418630839012
0.72696723314583156 1.1584618892726669e-17
0.75 0
0.75 0
0.7673244884612882 0.017324488461288205
0.79655465542441506 0.046554655424415031
0.81601282525764463 0.066012825257644556
0.74423141945422167 0.01726418630839012
0.76430481422443919 0.042082592002216944
0.7917189740874474 0.06475174094161569
0.73520480832323409 0.04550537480239901
0.75324183788098176 0.063542404360146715
0.72999999999999998 0.063333333333333325
0.81601282525764463 0.066012825257644556
0.79655465542441506 0.046554655424415031
0.7673244884612882 0.017324488461288205
0.75 0
0.82052032148739407 0.047487554633225557
0.79902851910889416 0.021250741331116388
0.77303276685416833 1.0562399624348506e-17
0.8283375960369127 0.018037029557747712
0.81030056647916515 1.205620827892212e-17
0.83333333333333337 0
0.83333333333333337 0
0.85183854260630787 0.018505209272974492
0.88446581285032644 0.051132479516993193
0.90666666666666662 0.07333333333333332
0.8283375960369127 0.018037029557747712
0.85063100590193574 0.04507545034638015
0.88124056667769468 0.070940000198529668
0.82052032148739407 0.047487554633225557
0.84066879806867334 0.06763603121450483
0.81601282525764463 0.066012825257644556
0.90666666666666662 0.07333333333333332
0.88446581285032644 0.051132479516993193
0.85183854260630787 0.018505209272974492
0.83333333333333337 0
0.90926907082828368 0.052902970640781956
0.88442413300693101 0.0233130218958198
0.85636610018750181 1.1516098337393815e-17
0.91378237639377746 0.020148476581279266
0.89363389981249841 1.3414936224528924e-17
0.91666666666666663 0
0.91666666666666663 0
0.93756575214889371 0.020899085482227103
0.97483355177389019 0.058166885107223579
1 0.083333333333333329
0.91378237639377746 0.020148476581279266
0.9397653333068241 0.050876444417935117
0.97408294287294239 0.080449043060444161
0.90926907082828368 0.052902970640781956
0.93230183768245212 0.075935737494950362
0.90666666666666662 0.07333333333333332
1 0.083333333333333329
0.97483355177389019 0.058166885107223579
0.93756575214889371 0.0208990854822271
0.91666666666666663 0
1 0.060300566479164902
0.97101607463794049 0.026571630193495951
0.93969943352083507 1.3073731003806163e-17
1 0.02303276685416842
0.97696723314583156 1.5296732673788137e-17
1 0
0 0.083333333333333329
0.026607363875107322 0.10994069720844064
0.071912796161973463 0.15524612949530681
0.1006538414090221 0.18398717474235543
2.4754830035031894e-19 0.10636610018750176
0.033098666640157336 0.14420977775126842
0.073113578325104275 0.17947967851260602
-7.2859919818959892e-20 0.14363389981249824
0.028028504150589117 0.17166240396308732
0 0.16666666666666666
0.1006538414090221 0.18398717474235543
0.071912796161973463 0.15524612949530681
0.026607363875107315 0.10994069720844064
0 0.083333333333333329
0.099030635452161828 0.15933120193132674
0.064349407971273725 0.11990496352682929
0.02591705712705757 0.086217623606222482
0.095726666468136989 0.11875943332230542
0.067698162317547883 0.09073092917171631
0.093333333333333324 0.093333333333333324
0.093333333333333324 0.093333333333333324
0.12172557080652396 0.12172557080652396
0.16827442919347602 0.16827442919347602
0.19666666666666666 0.19666666666666666
0.095726666468136989 0.11875943332230542
0.13080726617135527 0.15858504394913303
0.1708224246240678 0.19385519147823621
0.099030635452161828 0.15933120193132674
0.12783198285210853 0.18813254933127344
0.1006538414090221 0.18398717474235543
0.19666666666666666 0.19666666666666666
0.16827442919347602 0.16827442919347602
0.12172557080652396 0.12172557080652396
0.093333333333333324 0.093333333333333324
0.19385519147823621 0.1708224246240678
0.15858504394913306 0.1308072661713553
0.11875943332230543 0.095726666468136989
0.18813254933127346 0.12783198285210856
0.15933120193132677 0.099030635452161855
0.18398717474235543 0.1006538414090221
0.18398717474235543 0.1006538414090221
0.21272821998940405 0.12939488665607071
0.25803365227627023 0.17470031894293689
0.28464101615137755 0.2013076828180442
0.18813254933127346 0.12783198285210856
0.22323829686016261 0.16768274130460703
0.26124612765637772 0.20094556117721282
0.19385519147823621 0.1708224246240678
0.22188369562882529 0.1988509287746569
0.19666666666666666 0.19666666666666666
0.28464101615137755 0.2013076828180442
0.25803365227627023 0.17470031894293689
0.21272821998940405 0.12939488665607071
0.18398717474235543 0.1006538414090221
0.281394604237657 0.17502850405015524
0.24754311108460178 0.13643199997349068
0.20828102591255271 0.10191492572505098
0.27478666626960729 0.13115276645710908
0.24675816211901822 0.10312426230651996
0.27000000000000002 0.10333333333333333
0.27000000000000002 0.10333333333333333
0.29756032443536234 0.13089365776869566
0.33946865344133664 0.17280198677466996
0.36333333333333329 0.19666666666666666
0.27478666626960729 0.13115276645710908
0.30795403804719734 0.16906514915830842
0.34248482858715507 0.19885092877465693
0.281394604237657 0.17502850405015524
0.30731166136471455 0.20094556117721277
0.28464101615137755 0.2013076828180442
0.36333333333333329 0.19666666666666666
0.33946865344133664 0.17280198677466996
0.29756032443536234 0.13089365776869566
0.27000000000000002 0.10333333333333333
0.3605218581449029 0.1708224246240678
0.32971646649775771 0.13527202205331326
0.29282369582735501 0.10312426230651993
0.35479921599794012 0.12783198285210856
0.32888215887088251 0.10191492572505101
0.35065384140902206 0.1006538414090221
0.35065384140902206 0.1006538414090221
0.37582028963513187 0.12582028963513184
0.41308808926012841 0.16308808926012833
0.43398717474235543 0.18398717474235543
0.35479921599794012 0.12783198285210856
0.38458407466444972 0.16236185244222748
0.41509978247710511 0.18813254933127346
0.3605218581449029 0.1708224246240678
0.38355462499907128 0.19385519147823618
0.36333333333333329 0.19666666666666666
0.43398717474235543 0.18398717474235543
0.41308808926012841 0.16308808926012833
0.37582028963513187 0.12582028963513184
0.35065384140902206 0.1006538414090221
0.43236396878549521 0.15933120193132674
0.40541592533555026 0.12763814755777253
0.37206340230633028 0.099030635452161828
0.42905999980147036 0.11875943332230542
0.40602723294730203 0.095726666468137017
0.42666666666666669 0.093333333333333324
0.42666666666666669 0.093333333333333324
0.44886752048300682 0.11553418714967345
0.4814947907270255 0.14816145739369219
0.5 0.16666666666666666
0.42905999980147036 0.11875943332230542
0.45492454965361989 0.14936899409806426
0.48196297044225234 0.17166240396308738
0.43236396878549521 0.15933120193132674
0.45251244536677449 0.17947967851260599
0.43398717474235543 0.18398717474235543
0.5 0.16666666666666666
0.4814947907270255 0.14816145739369219
0.44886752048300682 0.11553418714967345
0.42666666666666669 0.093333333333333324
0.5 0.14363389981249824
0.4766869781041802 0.11557586699306911
0.44709702935921808 0.090730929171716282
0.5 0.10636610018750176
0.47985152341872084 0.08621762360622251
0.5 0.083333333333333329
0.5 0.083333333333333329
0.51945816983322957 0.10279150316656285
0.54868833679635642 0.13202167012968968
0.56601282525764463 0.14934615859097788
0.5 0.10636610018750176
0.52245688891539821 0.13356800002650931
0.54748755463322563 0.1538536548207273
0.5 0.14363389981249824
0.51803702955774766 0.16167092937024596
0.5 0.16666666666666666
0.56601282525764463 0.14934615859097788
0.54868833679635642 0.13202167012968968
0.51945816983322957 0.10279150316656285
0.5 0.083333333333333329
0.5676360312145049 0.12793659769366975
0.54676170313983741 0.10231725869539296
0.52014847658127905 0.080449043060444189
0.57094000019852975 0.093972767052698095
0.55290297064078198 0.075935737494950417
0.57333333333333336 0.073333333333333334
0.57333333333333336 0.073333333333333334
0.5910066295684796 0.091006629568479519
0.61899337043152047 0.11899337043152049
0.6366666666666666 0.13666666666666666
0.57094000019852975 0.093972767052698095
0.59141495605086702 0.1191927338286447
0.61644537500092855 0.13947814185509713
0.5676360312145049 0.12793659769366975
0.58490021752289489 0.14520078400205988
0.56601282525764463 0.14934615859097788
0.6366666666666666 0.13666666666666666
0.61899337043152047 0.11899337043152049
0.5910066295684796 0.091006629568479519
0.57333333333333336 0.073333333333333334
0.6394781418550971 0.11644537500092869
0.6191927338286447 0.091414956050866955
0.59397276705269797 0.070940000198529682
0.64520078400205982 0.084900217522894963
0.62793659769366972 0.067636031214504858
0.64934615859097788 0.06601282525764457
0.64934615859097788 0.06601282525764457
0.66667064705226609 0.083337313718932757
0.69590081401539294 0.1125674806820596
0.71535898384862251 0.13202565051528911
0.64520078400205982 0.084900217522894963
0.66565059202872623 0.1100950364731707
0.69268833863528534 0.13238777215612049
0.6394781418550971 0.11644537500092869
0.65751517141284477 0.13448240455867638
0.6366666666666666 0.13666666666666666
0.71535898384862251 0.13202565051528911
0.69590081401539294 0.1125674806820596
0.66667064705226609 0.083337313718932757
0.64934615859097788 0.06601282525764457
0.71860539576234306 0.11223929557484125
0.69690133335984261 0.085790222248731562
0.67111784112911743 0.064751740941615676
0.72521333373039265 0.081579433917894434
0.70717630417264499 0.063542404360146756
0.72999999999999998 0.063333333333333325
0.72999999999999998 0.063333333333333325
0.74850520927297448 0.081838542606307824
0.78113247951699327 0.11446581285032655
0.80333333333333334 0.13666666666666666
0.72521333373039265 0.081579433917894434
0.74760151750835824 0.1087126286194693
0.77811630437117474 0.13448240455867641
0.71860539576234306 0.11223929557484125
0.73875387234362222 0.13238777215612052
0.71535898384862251 0.13202565051528911
0.80333333333333334 0.13666666666666666
0.78113247951699327 0.11446581285032655
0.74850520927297448 0.081838542606307824
0.72999999999999998 0.063333333333333325
0.80614480852176384 0.11644537500092869
0.7813946446133534 0.086950200168908975
0.75324183788098176 0.063542404360146729
0.81186745066872656 0.08490021752289495
0.79171897408744751 0.064751740941615718
0.81601282525764463 0.066012825257644556
0.81601282525764463 0.066012825257644556
0.8369119107398717 0.086911910739871659
0.87417971036486808 0.12417971036486813
0.89934615859097788 0.14934615859097788
0.81186745066872656 0.08490021752289495
0.83763814755777255 0.11541592533555026
0.87216801714789149 0.14520078400205985
0.80614480852176384 0.11644537500092869
0.82917757537593229 0.1394781418550971
0.80333333333333334 0.13666666666666666
0.89934615859097788 0.14934615859097788
0.87417971036486808 0.12417971036486813
0.8369119107398717 0.086911910739871659
0.81601282525764463 0.066012825257644556
0.90096936454783816 0.12793659769366972
0.87236185244222753 0.094584074664449735
0.84066879806867334 0.067636031214504844
0.90427333353186301 0.093972767052698081
0.88124056667769479 0.070940000198529696
0.90666666666666662 0.07333333333333332
0.90666666666666662 0.07333333333333332
0.93053134655866332 0.097198013225330032
0.97243967556463762 0.1391063422313043
1 0.16666666666666666
0.90427333353186301 0.093972767052698081
0.93396433923526911 0.12840878367971348
0.97197149584941078 0.16167092937024594
0.90096936454783816 0.12793659769366972
0.92688642167489577 0.15385365482072727
0.89934615859097788 0.14934615859097788
1 0.16666666666666666
0.97243967556463762 0.1391063422313043
0.93053134655866332 0.097198013225330032
0.90666666666666662 0.07333333333333332
1 0.14363389981249824
0.96775746634026438 0.10664635522915313
0.93230183768245212 0.075935737494950376
1 0.10636610018750174
0.97408294287294239 0.080449043060444189
1 0.083333333333333329
0 0.16666666666666666
0.028392237473190651 0.1950589041398573
0.074941095860142679 0.24160776252680935
0.10333333333333333 0.27000000000000002
2.6151838111687797e-19 0.18969943352083507
0.034618180644291147 0.22906262508873559
0.075095758155930808 0.26479519167676591
-7.6097382001196438e-20 0.22696723314583156
0.028801347399946709 0.25576858054577828
0 0.25
0.10333333333333333 0.27000000000000002
0.074941095860142679 0.24160776252680935
0.028392237473190644 0.1950589041398573
0 0.16666666666666666
0.10312426230651993 0.24675816211901816
0.068411307749286346 0.20730019663817523
0.028028504150589127 0.17166240396308735
0.10191492572505098 0.20828102591255271
0.073113578325104289 0.17947967851260607
0.1006538414090221 0.18398717474235543
0.1006538414090221 0.18398717474235543
0.12939488665607074 0.21272821998940405
0.17470031894293689 0.25803365227627023
0.2013076828180442 0.28464101615137755
0.10191492572505098 0.20828102591255271
0.13643199997349065 0.24754311108460175
0.17502850405015524 0.28139460423765694
0.10312426230651993 0.24675816211901816
0.13115276645710905 0.27478666626960729
0.10333333333333333 0.27000000000000002
0.2013076828180442 0.28464101615137755
0.17470031894293689 0.25803365227627023
0.12939488665607074 0.21272821998940405
0.1006538414090221 0.18398717474235543
0.20094556117721279 0.26124612765637772
0.16768274130460706 0.22323829686016261
0.12783198285210856 0.18813254933127346
0.19885092877465693 0.22188369562882532
0.17082242462406783 0.19385519147823627
0.19666666666666666 0.19666666666666666
0.19666666666666666 0.19666666666666666
0.22422699110202898 0.22422699110202898
0.26613532010800328 0.26613532010800328
0.28999999999999998 0.28999999999999998
0.19885092877465693 0.22188369562882532
0.23146110758037738 0.25923888535815515
0.26654909109220482 0.28958185794637314
0.20094556117721279 0.26124612765637772
0.22686261830427037 0.28716318478343528
0.2013076828180442 0.28464101615137755
0.28999999999999998 0.28999999999999998
0.26613532010800328 0.26613532010800328
0.22422699110202898 0.22422699110202898
0.19666666666666666 0.19666666666666666
0.2895818579463732 0.26654909109220476
0.25923888535815515 0.23146110758037738
0.22188369562882532 0.19885092877465693
0.28716318478343528 0.22686261830427037
0.26124612765637772 0.20094556117721288
0.28464101615137755 0.2013076828180442
0.28464101615137755 0.2013076828180442
0.3098074643774873 0.22647413104415393
0.34707526400248379 0.26374193066915047
0.36797434948471086 0.28464101615137755
0.28716318478343528 0.22686261830427037
0.31657163019349593 0.26101607463794035
0.34746375126260015 0.28716318478343528
0.2895818579463732 0.26654909109220476
0.31261462480054159 0.2895818579463732
0.28999999999999998 0.28999999999999998
0.36797434948471086 0.28464101615137755
0.34707526400248379 0.26374193066915047
0.3098074643774873 0.22647413104415393
0.28464101615137755 0.2013076828180442
0.36761222784387948 0.26124612765637772
0.34087644441793513 0.229765333306824
0.30731166136471455 0.20094556117721279
0.36551759544132356 0.22188369562882532
0.34248482858715512 0.19885092877465699
0.36333333333333329 0.19666666666666666
0.36333333333333329 0.19666666666666666
0.38553418714967347 0.21886752048300678
0.4181614573936922 0.25149479072702552
0.4366666666666667 0.27000000000000002
0.36551759544132356 0.22188369562882532
0.39128737138053066 0.25239848249164176
0.41842056608210559 0.27478666626960724
0.36761222784387948 0.26124612765637772
0.3877607044251587 0.281394604237657
0.36797434948471086 0.28464101615137755
0.4366666666666667 0.27000000000000002
0.4181614573936922 0.25149479072702552
0.38553418714967347 0.21886752048300678
0.36333333333333329 0.19666666666666666
0.43645759563985331 0.24675816211901816
0.41304979983109102 0.2186053553866466
0.38355462499907134 0.19385519147823621
0.43524825905838432 0.20828102591255271
0.41509978247710516 0.18813254933127352
0.43398717474235543 0.18398717474235543
0.43398717474235543 0.18398717474235543
0.453445344575585 0.20344534457558494
0.4826755115387118 0.2326755115387118
0.5 0.25
0.43524825905838432 0.20828102591255271
0.45791740799778308 0.23569518577556081
0.48273581369160989 0.25576858054577822
0.43645759563985331 0.24675816211901816
0.45449462519760103 0.26479519167676591
0.4366666666666667 0.27000000000000002
0.5 0.25
0.4826755115387118 0.2326755115387118
0.453445344575585 0.20344534457558494
0.43398717474235543 0.18398717474235543
0.5 0.22696723314583156
0.47874925866888363 0.20097148089110586
0.45251244536677449 0.17947967851260602
0.5 0.18969943352083507
0.48196297044225239 0.17166240396308743
0.5 0.16666666666666666
0.5 0.16666666666666666
0.51767329623514624 0.18433996290181284
0.54566003709818711 0.21232670376485382
0.56333333333333335 0.22999999999999998
0.5 0.18969943352083507
0.52093737491126446 0.21538181935570883
0.54550537480239902 0.23520480832323412
0.5 0.22696723314583156
0.51726418630839011 0.24423141945422169
0.5 0.25
0.56333333333333335 0.22999999999999998
0.54566003709818711 0.21232670376485382
0.51767329623514624 0.18433996290181284
0.5 0.16666666666666666
0.5635424043601468 0.20717630417264496
0.54269980336182477 0.18158869225071367
0.51803702955774755 0.16167092937024596
0.56475174094161573 0.17111784112911743
0.54748755463322563 0.15385365482072735
0.56601282525764463 0.14934615859097788
0.56601282525764463 0.14934615859097788
0.58333731371893283 0.16667064705226609
0.61256748068205957 0.19590081401539294
0.63202565051528914 0.21535898384862245
0.56475174094161573 0.17111784112911743
0.58579022224873156 0.19690133335984267
0.61223929557484114 0.21860539576234297
0.5635424043601468 0.20717630417264496
0.58157943391789435 0.22521333373039268
0.56333333333333335 0.22999999999999998
0.63202565051528914 0.21535898384862245
0.61256748068205957 0.19590081401539294
0.58333731371893283 0.16667064705226609
0.56601282525764463 0.14934615859097788
0.63238777215612052 0.19268833863528542
0.61009503647317065 0.16565059202872628
0.58490021752289478 0.14520078400205988
0.63448240455867633 0.15751517141284482
0.61644537500092866 0.13947814185509716
0.6366666666666666 0.13666666666666666
0.6366666666666666 0.13666666666666666
0.6551718759396411 0.15517187593964116
0.68779914618365989 0.18779914618365989
0.70999999999999996 0.20999999999999999
0.63448240455867633 0.15751517141284482
0.65742778130851154 0.18520555908628927
0.68738537519945819 0.21041814205362677
0.63238777215612052 0.19268833863528542
0.65253624873739979 0.21283681521656467
0.63202565051528914 0.21535898384862245
0.70999999999999996 0.20999999999999999
0.68779914618365989 0.18779914618365989
0.6551718759396411 0.15517187593964116
0.6366666666666666 0.13666666666666666
0.71041814205362674 0.18738537519945836
0.68520555908628933 0.15742778130851151
0.65751517141284477 0.13448240455867638
0.71283681521656472 0.15253624873739977
0.69268833863528545 0.13238777215612052
0.71535898384862251 0.13202565051528911
0.71535898384862251 0.13202565051528911
0.73625806933084958 0.15292473599751621
0.77352586895584607 0.1901925356225127
0.79869231718195577 0.21535898384862245
0.71283681521656472 0.15253624873739977
0.73898392536205959 0.18342836980650404
0.77313738169572976 0.2128368152165647
0.71041814205362674 0.18738537519945836
0.73345090890779507 0.21041814205362677
0.70999999999999996 0.20999999999999999
0.79869231718195577 0.21535898384862245
0.77352586895584607 0.1901925356225127
0.73625806933084958 0.15292473599751621
0.71535898384862251 0.13202565051528911
0.79905443882278726 0.19268833863528539
0.77023466669317597 0.1591235555820649
0.73875387234362222 0.13238777215612052
0.80114907122534307 0.15751517141284482
0.77811630437117485 0.13448240455867644
0.80333333333333334 0.13666666666666666
0.80333333333333334 0.13666666666666666
0.82719801322533015 0.16053134655866338
0.86910634223130423 0.20243967556463763
0.89666666666666661 0.22999999999999998
0.80114907122534307 0.15751517141284482
0.83093485084169161 0.19204596195280266
0.86884723354289095 0.22521333373039265
0.79905443882278726 0.19268833863528539
0.82497149594984487 0.21860539576234297
0.79869231718195577 0.21535898384862245
0.89666666666666661 0.22999999999999998
0.86910634223130423 0.20243967556463763
0.82719801322533015 0.16053134655866338
0.80333333333333334 0.13666666666666666
0.89687573769348006 0.20717630417264493
0.86472797794668677 0.17028353350224232
0.82917757537593229 0.1394781418550971
0.89808507427494899 0.1711178411291174
0.87216801714789161 0.14520078400205991
0.89934615859097788 0.14934615859097788
0.89934615859097788 0.14934615859097788
0.9259535224660852 0.1759535224660852
0.97125895475295132 0.22125895475295135
1 0.25
0.89808507427494899 0.1711178411291174
0.93097148089110593 0.20874925866888361
0.97119865260005322 0.24423141945422164
0.89687573769348006 0.20717630417264493
0.92490424184406916 0.23520480832323407
0.89666666666666661 0.22999999999999998
1 0.25
0.97125895475295132 0.22125895475295135
0.9259535224660852 0.1759535224660852
0.89934615859097788 0.14934615859097788
1 0.22696723314583159
0.9656951857755609 0.18791740799778306
0.92688642167489577 0.1538536548207273
1 0.18969943352083507
0.97197149584941078 0.16167092937024599
1 0.16666666666666666
0 0.25
0.028741045247048642 0.27874104524704868
0.074046477533914787 0.3240464775339148
0.1006538414090221 0.35065384140902212
2.6193134428769955e-19 0.27303276685416844
0.034304814224439172 0.31208259200221694
0.073113578325104261 0.34614634517927267
-7.5289784609514834e-20 0.31030056647916487
0.028028504150589117 0.33832907062975404
0 0.33333333333333331
0.1006538414090221 0.35065384140902212
0.074046477533914787 0.3240464775339148
0.028741045247048635 0.27874104524704868
0 0.25
0.10191492572505098 0.32888215887088251
0.069028519108894168 0.29125074133111639
0.02880134739994672 0.25576858054577822
0.10312426230651993 0.29282369582735507
0.075095758155930822 0.26479519167676591
0.10333333333333333 0.27000000000000002
0.10333333333333333 0.27000000000000002
0.13089365776869566 0.29756032443536234
0.17280198677466993 0.33946865344133664
0.19666666666666666 0.36333333333333334
0.10312426230651993 0.29282369582735507
0.13527202205331326 0.32971646649775765
0.1708224246240678 0.36052185814490284
0.10191492572505098 0.32888215887088251
0.12783198285210853 0.35479921599794007
0.1006538414090221 0.35065384140902212
0.19666666666666666 0.36333333333333334
0.17280198677466993 0.33946865344133664
0.13089365776869566 0.29756032443536234
0.10333333333333333 0.27000000000000002
0.19885092877465693 0.34248482858715512
0.16906514915830845 0.30795403804719734
0.13115276645710908 0.27478666626960724
0.20094556117721279 0.30731166136471461
0.17502850405015527 0.281394604237657
0.2013076828180442 0.28464101615137755
0.2013076828180442 0.28464101615137755
0.22647413104415393 0.3098074643774873
0.26374193066915047 0.34707526400248379
0.28464101615137755 0.36797434948471086
0.20094556117721279 0.30731166136471461
0.22976533330682403 0.34087644441793508
0.26124612765637772 0.36761222784387948
0.19885092877465693 0.34248482858715512
0.22188369562882532 0.36551759544132351
0.19666666666666666 0.36333333333333334
0.28464101615137755 0.36797434948471086
0.26374193066915047 0.34707526400248379
0.22647413104415393 0.3098074643774873
0.2013076828180442 0.28464101615137755
0.28716318478343533 0.34746375126260021
0.26101607463794035 0.31657163019349593
0.22686261830427037 0.28716318478343528
0.2895818579463732 0.31261462480054164
0.26654909109220482 0.2895818579463732
0.28999999999999998 0.28999999999999998
0.28999999999999998 0.28999999999999998
0.31220085381634016 0.31220085381634016
0.34482812406035884 0.34482812406035884
0.36333333333333334 0.36333333333333334
0.2895818579463732 0.31261462480054164
0.31479444091371073 0.34257221869148846
0.34248482858715507 0.36551759544132356
0.28716318478343533 0.34746375126260021
0.30731166136471455 0.36761222784387948
0.28464101615137755 0.36797434948471086
0.36333333333333334 0.36333333333333334
0.34482812406035884 0.34482812406035884
0.31220085381634016 0.31220085381634016
0.28999999999999998 0.28999999999999998
0.36551759544132356 0.34248482858715512
0.34257221869148852 0.31479444091371073
0.31261462480054159 0.28958185794637314
0.36761222784387948 0.30731166136471461
0.34746375126260021 0.28716318478343533
0.36797434948471086 0.28464101615137755
0.36797434948471086 0.28464101615137755
0.38743251931794043 0.30409918598460711
0.41666268628106728 0.33332935294773391
0.43398717474235549 0.35065384140902212
0.36761222784387948 0.30731166136471461
0.3899049635268293 0.33434940797127372
0.41509978247710511 0.35479921599794012
0.36551759544132356 0.34248482858715512
0.38355462499907128 0.3605218581449029
0.36333333333333334 0.36333333333333334
0.43398717474235549 0.35065384140902212
0.41666268628106728 0.33332935294773391
0.38743251931794043 0.30409918598460711
0.36797434948471086 0.28464101615137755
0.43524825905838432 0.32888215887088251
0.41420977775126844 0.30309866664015733
0.38776070442515875 0.28139460423765694
0.43645759563985331 0.29282369582735507
0.41842056608210565 0.27478666626960729
0.4366666666666667 0.27000000000000002
0.4366666666666667 0.27000000000000002
0.45433996290181289 0.2876732962351462
0.48232670376485376 0.31566003709818713
0.5 0.33333333333333331
0.43645759563985331 0.29282369582735507
0.45730019663817523 0.31841130774928628
0.48196297044225234 0.33832907062975404
0.43524825905838432 0.32888215887088251
0.45251244536677449 0.34614634517927267
0.43398717474235549 0.35065384140902212
0.5 0.33333333333333331
0.48232670376485376 0.31566003709818713
0.45433996290181289 0.2876732962351462
0.4366666666666667 0.27000000000000002
0.5 0.31030056647916487
0.47906262508873559 0.28461818064429117
0.45449462519760103 0.26479519167676591
0.5 0.27303276685416844
0.48273581369160995 0.25576858054577828
0.5 0.25
0.5 0.25
0.5173244884612882 0.26732448846128826
0.54655465542441506 0.29655465542441506
0.56601282525764463 0.31601282525764451
0.5 0.27303276685416844
0.52125074133111637 0.29902851910889411
0.54748755463322563 0.32052032148739396
0.5 0.31030056647916487
0.51803702955774766 0.32833759603691265
0.5 0.33333333333333331
0.56601282525764463 0.31601282525764451
0.54655465542441506 0.29655465542441506
0.5173244884612882 0.26732448846128826
0.5 0.25
0.56475174094161573 0.29171897408744724
0.54208259200221698 0.26430481422443919
0.51726418630838999 0.24423141945422172
0.5635424043601468 0.25324183788098181
0.54550537480239902 0.23520480832323415
0.56333333333333335 0.22999999999999998
0.56333333333333335 0.22999999999999998
0.58183854260630785 0.24850520927297451
0.61446581285032653 0.28113247951699327
0.6366666666666666 0.30333333333333334
0.5635424043601468 0.25324183788098181
0.58695020016890898 0.2813946446133534
0.61644537500092855 0.30614480852176379
0.56475174094161573 0.29171897408744724
0.58490021752289489 0.31186745066872651
0.56601282525764463 0.31601282525764451
0.6366666666666666 0.30333333333333334
0.61446581285032653 0.28113247951699327
0.58183854260630785 0.24850520927297451
0.56333333333333335 0.22999999999999998
0.63448240455867633 0.27811630437117463
0.60871262861946929 0.24760151750835824
0.58157943391789424 0.22521333373039271
0.63238777215612052 0.2387538723436223
0.61223929557484125 0.21860539576234303
0.63202565051528914 0.21535898384862245
0.63202565051528914 0.21535898384862245
0.65292473599751621 0.23625806933084958
0.6901925356225127 0.27352586895584607
0.71535898384862251 0.29869231718195577
0.63238777215612052 0.2387538723436223
0.65912355558206481 0.27023466669317597
0.69268833863528534 0.29905443882278715
0.63448240455867633 0.27811630437117463
0.65751517141284477 0.30114907122534307
0.6366666666666666 0.30333333333333334
0.71535898384862251 0.29869231718195577
0.6901925356225127 0.27352586895584607
0.65292473599751621 0.23625806933084958
0.63202565051528914 0.21535898384862245
0.71283681521656472 0.27313738169572954
0.68342836980650401 0.23898392536205962
0.65253624873739979 0.2128368152165647
0.71041814205362674 0.23345090890779524
0.6873853751994583 0.21041814205362683
0.70999999999999996 0.20999999999999999
0.70999999999999996 0.20999999999999999
0.73386467989199677 0.23386467989199672
0.77577300889797096 0.27577300889797102
0.80333333333333334 0.30333333333333329
0.71041814205362674 0.23345090890779524
0.7407611146418448 0.26853889241962259
0.77811630437117474 0.30114907122534307
0.71283681521656472 0.27313738169572954
0.73875387234362222 0.29905443882278715
0.71535898384862251 0.29869231718195577
0.80333333333333334 0.30333333333333329
0.77577300889797096 0.27577300889797102
0.73386467989199677 0.23386467989199672
0.70999999999999996 0.20999999999999999
0.80114907122534307 0.27811630437117463
0.7685388924196227 0.24076111464184485
0.73345090890779507 0.2104181420536268
0.79905443882278726 0.23875387234362228
0.77313738169572988 0.21283681521656475
0.79869231718195577 0.21535898384862245
0.79869231718195577 0.21535898384862245
0.82529968105706319 0.2419663477237298
0.8706051133439292 0.28727178001059589
0.89934615859097788 0.31601282525764451
0.79905443882278726 0.23875387234362228
0.83231725869539297 0.27676170313983733
0.87216801714789149 0.31186745066872651
0.80114907122534307 0.27811630437117463
0.82917757537593229 0.30614480852176379
0.80333333333333334 0.30333333333333329
0.89934615859097788 0.31601282525764451
0.8706051133439292 0.28727178001059589
0.82529968105706319 0.2419663477237298
0.79869231718195577 0.21535898384862245
0.89808507427494899 0.29171897408744718
0.86356800002650935 0.25245688891539825
0.82497149594984487 0.218605395762343
0.89687573769348006 0.25324183788098181
0.86884723354289106 0.22521333373039271
0.89666666666666661 0.22999999999999998
0.89666666666666661 0.22999999999999998
0.92505890413985725 0.25839223747319068
0.97160776252680936 0.30494109586014267
1 0.33333333333333331
0.89687573769348006 0.25324183788098181
0.93158869225071372 0.29269980336182472
0.97197149584941078 0.32833759603691259
0.89808507427494899 0.29171897408744718
0.92688642167489577 0.32052032148739396
0.89934615859097788 0.31601282525764451
1 0.33333333333333331
0.97160776252680936 0.30494109586014267
0.92505890413985725 0.25839223747319068
0.89666666666666661 0.22999999999999998
1 0.31030056647916493
0.96538181935570899 0.27093737491126441
0.92490424184406916 0.23520480832323409
1 0.27303276685416844
0.97119865260005322 0.24423141945422169
1 0.25
0 0.33333333333333331
0.027560324435362354 0.3608936577686957
0.069468653441336611 0.40280198677467
0.093333333333333324 0.42666666666666669
2.486765367146582e-19 0.35636610018750176
0.032242533659735763 0.39335364477084689
0.067698162317547855 0.42406426250504969
-7.0653522712825621e-20 0.39363389981249824
0.025917057127057563 0.4195509569395558
0 0.41666666666666669
0.093333333333333324 0.42666666666666669
0.069468653441336611 0.40280198677467
0.027560324435362347 0.3608936577686957
0 0.33333333333333331
0.095726666468136976 0.40602723294730192
0.066035660764730955 0.37159121632028652
0.028028504150589127 0.33832907062975404
0.099030635452161828 0.37206340230633028
0.073113578325104261 0.34614634517927279
0.1006538414090221 0.35065384140902212
0.1006538414090221 0.35065384140902212
0.12582028963513184 0.37582028963513187
0.16308808926012833 0.41308808926012841
0.18398717474235543 0.43398717474235543
0.099030635452161828 0.37206340230633028
0.1276381475577725 0.40541592533555026
0.15933120193132672 0.43236396878549521
0.095726666468136976 0.40602723294730192
0.11875943332230542 0.4290599998014703
0.093333333333333324 0.42666666666666669
0.18398717474235543 0.43398717474235543
0.16308808926012833 0.41308808926012841
0.12582028963513184 0.37582028963513187
0.1006538414090221 0.35065384140902212
0.18813254933127346 0.41509978247710505
0.16236185244222751 0.38458407466444972
0.12783198285210856 0.35479921599794012
0.19385519147823621 0.38355462499907134
0.1708224246240678 0.36052185814490295
0.19666666666666666 0.36333333333333334
0.19666666666666666 0.36333333333333334
0.21886752048300678 0.38553418714967347
0.25149479072702552 0.4181614573936922
0.27000000000000002 0.4366666666666667
0.19385519147823621 0.38355462499907134
0.2186053553866466 0.41304979983109102
0.24675816211901819 0.43645759563985331
0.18813254933127346 0.41509978247710505
0.20828102591255271 0.43524825905838427
0.18398717474235543 0.43398717474235543
0.27000000000000002 0.4366666666666667
0.25149479072702552 0.4181614573936922
0.21886752048300678 0.38553418714967347
0.19666666666666666 0.36333333333333334
0.27478666626960729 0.41842056608210554
0.25239848249164176 0.39128737138053066
0.22188369562882532 0.36551759544132356
0.281394604237657 0.38776070442515875
0.26124612765637772 0.36761222784387959
0.28464101615137755 0.36797434948471086
0.28464101615137755 0.36797434948471086
0.30409918598460711 0.38743251931794043
0.33332935294773391 0.41666268628106728
0.35065384140902206 0.43398717474235543
0.281394604237657 0.38776070442515875
0.30309866664015733 0.41420977775126844
0.32888215887088246 0.43524825905838438
0.27478666626960729 0.41842056608210554
0.29282369582735501 0.43645759563985331
0.27000000000000002 0.4366666666666667
0.35065384140902206 0.43398717474235543
0.33332935294773391 0.41666268628106728
0.30409918598460711 0.38743251931794043
0.28464101615137755 0.36797434948471086
0.35479921599794012 0.41509978247710505
0.33434940797127377 0.3899049635268293
0.30731166136471455 0.36761222784387948
0.3605218581449029 0.38355462499907134
0.34248482858715512 0.36551759544132367
0.36333333333333334 0.36333333333333334
0.36333333333333334 0.36333333333333334
0.38100662956847953 0.38100662956847953
0.40899337043152051 0.40899337043152051
0.42666666666666669 0.42666666666666669
0.3605218581449029 0.38355462499907134
0.3808072661713553 0.40858504394913309
0.40602723294730192 0.42905999980147036
0.35479921599794012 0.41509978247710505
0.37206340230633023 0.43236396878549516
0.35065384140902206 0.43398717474235543
0.42666666666666669 0.42666666666666669
0.40899337043152051 0.40899337043152051
0.38100662956847953 0.38100662956847953
0.36333333333333334 0.36333333333333334
0.42905999980147036 0.40602723294730192
0.40858504394913309 0.3808072661713553
0.38355462499907134 0.3605218581449029
0.43236396878549521 0.37206340230633028
0.41509978247710516 0.35479921599794023
0.43398717474235549 0.35065384140902212
0.43398717474235549 0.35065384140902212
0.45131166320364369 0.36797832987031032
0.48054183016677043 0.39720849683343717
0.5 0.41666666666666669
0.43236396878549521 0.37206340230633028
0.45323829686016265 0.39768274130460707
0.47985152341872078 0.41955095693955591
0.42905999980147036 0.40602723294730192
0.44709702935921808 0.42406426250504958
0.42666666666666669 0.42666666666666669
0.5 0.41666666666666669
0.48054183016677043 0.39720849683343717
0.45131166320364369 0.36797832987031032
0.43398717474235549 0.35065384140902212
0.5 0.39363389981249824
0.47754311108460179 0.36643199997349069
0.45251244536677449 0.34614634517927267
0.5 0.35636610018750176
0.48196297044225239 0.33832907062975415
0.5 0.33333333333333331
0.5 0.33333333333333331
0.5185052092729745 0.35183854260630781
0.55113247951699318 0.3844658128503266
0.57333333333333336 0.40666666666666668
0.5 0.35636610018750176
0.52331302189581985 0.3844241330069309
0.55290297064078198 0.40926907082828379
0.5 0.39363389981249824
0.52014847658127916 0.41378237639377752
0.5 0.41666666666666669
0.57333333333333336 0.40666666666666668
0.55113247951699318 0.3844658128503266
0.5185052092729745 0.35183854260630781
0.5 0.33333333333333331
0.57094000019852975 0.38124056667769457
0.54507545034638016 0.35063100590193569
0.51803702955774755 0.32833759603691265
0.5676360312145049 0.34066879806867323
0.54748755463322563 0.32052032148739401
0.56601282525764463 0.31601282525764451
0.56601282525764463 0.31601282525764451
0.5869119107398717 0.33691191073987165
0.62417971036486808 0.37417971036486825
0.64934615859097788 0.39934615859097794
0.5676360312145049 0.34066879806867323
0.59458407466444974 0.37236185244222753
0.62793659769366961 0.40096936454783821
0.57094000019852975 0.38124056667769457
0.59397276705269808 0.40427333353186296
0.57333333333333336 0.40666666666666668
0.64934615859097788 0.39934615859097794
0.62417971036486808 0.37417971036486825
0.5869119107398717 0.33691191073987165
0.56601282525764463 0.31601282525764451
0.64520078400205982 0.37216801714789144
0.61541592533555023 0.33763814755777249
0.58490021752289478 0.31186745066872651
0.6394781418550971 0.32917757537593217
0.61644537500092866 0.30614480852176384
0.6366666666666666 0.30333333333333334
0.6366666666666666 0.30333333333333334
0.66053134655866341 0.32719801322533004
0.7024396755646376 0.3691063422313044
0.72999999999999998 0.39666666666666667
0.6394781418550971 0.32917757537593217
0.67028353350224223 0.36472797794668677
0.70717630417264488 0.39687573769348011
0.64520078400205982 0.37216801714789144
0.67111784112911743 0.39808507427494899
0.64934615859097788 0.39934615859097794
0.72999999999999998 0.39666666666666667
0.7024396755646376 0.3691063422313044
0.66053134655866341 0.32719801322533004
0.6366666666666666 0.30333333333333334
0.72521333373039265 0.36884723354289095
0.69204596195280266 0.33093485084169155
0.65751517141284477 0.30114907122534307
0.71860539576234295 0.32497149594984476
0.69268833863528545 0.29905443882278721
0.71535898384862251 0.29869231718195577
0.71535898384862251 0.29869231718195577
0.74196634772372982 0.32529968105706308
0.78727178001059595 0.37060511334392932
0.81601282525764463 0.39934615859097794
0.71860539576234295 0.32497149594984476
0.75245688891539819 0.36356800002650935
0.7917189740874474 0.39808507427494905
0.72521333373039265 0.36884723354289095
0.75324183788098165 0.39687573769348
0.72999999999999998 0.39666666666666667
0.81601282525764463 0.39934615859097794
0.78727178001059595 0.37060511334392932
0.74196634772372982 0.32529968105706308
0.71535898384862251 0.29869231718195577
0.81186745066872656 0.37216801714789144
0.77676170313983739 0.33231725869539291
0.73875387234362222 0.29905443882278715
0.80614480852176384 0.32917757537593217
0.77811630437117485 0.30114907122534312
0.80333333333333334 0.30333333333333329
0.80333333333333334 0.30333333333333329
0.83172557080652409 0.33172557080652398
0.87827442919347598 0.37827442919347604
0.90666666666666662 0.40666666666666668
0.80614480852176384 0.32917757537593217
0.84141495605086702 0.3691927338286447
0.88124056667769468 0.40427333353186307
0.81186745066872656 0.37216801714789144
0.84066879806867334 0.40096936454783816
0.81601282525764463 0.39934615859097794
0.90666666666666662 0.40666666666666668
0.87827442919347598 0.37827442919347604
0.83172557080652409 0.33172557080652398
0.80333333333333334 0.30333333333333329
0.90427333353186301 0.38124056667769457
0.86919273382864481 0.34141495605086697
0.82917757537593229 0.30614480852176379
0.90096936454783816 0.34066879806867323
0.87216801714789161 0.31186745066872656
0.89934615859097788 0.31601282525764451
0.89934615859097788 0.31601282525764451
0.92808720383802645 0.34475387050469319
0.97339263612489269 0.39005930279155937
1 0.41666666666666669
0.90096936454783816 0.34066879806867323
0.93565059202872636 0.38009503647317072
0.97408294287294239 0.41378237639377752
0.90427333353186301 0.38124056667769457
0.93230183768245212 0.40926907082828368
0.90666666666666662 0.40666666666666668
1 0.41666666666666669
0.97339263612489269 0.39005930279155937
0.92808720383802645 0.34475387050469319
0.89934615859097788 0.31601282525764451
1 0.3936338998124983
0.96690133335984274 0.35579022224873152
0.92688642167489577 0.32052032148739396
1 0.35636610018750176
0.97197149584941078 0.3283375960369127
1 0.33333333333333331
0 0.41666666666666669
0.025166448226109743 0.44183311489277644
0.062434247851106225 0.47910091451777287
0.083333333333333329 0.5
2.2530557338278035e-19 0.43969943352083513
0.028983925362059612 0.47342836980650405
0.060300566479164916 0.5
-6.3430878942245895e-20 0.47696723314583156
0.023032766854168413 0.5
0 0.5
0.083333333333333329 0.5
0.062434247851106225 0.47910091451777287
0.02516644822610974 0.44183311489277644
0 0.41666666666666669
0.086217623606222482 0.47985152341872073
0.060234666693175995 0.4491235555820649
0.02591705712705757 0.41955095693955585
0.090730929171716282 0.44709702935921808
0.067698162317547855 0.42406426250504975
0.093333333333333324 0.42666666666666669
0.093333333333333324 0.42666666666666669
0.11553418714967345 0.44886752048300682
0.14816145739369219 0.4814947907270255
0.16666666666666666 0.5
0.090730929171716282 0.44709702935921808
0.1155758669930691 0.4766869781041802
0.14363389981249824 0.5
0.086217623606222482 0.47985152341872073
0.10636610018750174 0.5
0.083333333333333329 0.5
0.16666666666666666 0.5
0.14816145739369219 0.4814947907270255
0.11553418714967345 0.44886752048300682
0.093333333333333324 0.42666666666666669
0.17166240396308738 0.48196297044225228
0.14936899409806428 0.45492454965361989
0.11875943332230543 0.42905999980147036
0.17947967851260602 0.45251244536677449
0.15933120193132672 0.43236396878549527
0.18398717474235543 0.43398717474235543
0.18398717474235543 0.43398717474235543
0.20344534457558494 0.453445344575585
0.2326755115387118 0.4826755115387118
0.25 0.5
0.17947967851260602 0.45251244536677449
0.20097148089110586 0.47874925866888363
0.22696723314583159 0.5
0.17166240396308738 0.48196297044225228
0.18969943352083504 0.5
0.16666666666666666 0.5
0.25 0.5
0.2326755115387118 0.4826755115387118
0.20344534457558494 0.453445344575585
0.18398717474235543 0.43398717474235543
0.25576858054577828 0.48273581369160984
0.23569518577556081 0.45791740799778308
0.20828102591255271 0.43524825905838432
0.26479519167676591 0.45449462519760103
0.24675816211901822 0.43645759563985337
0.27000000000000002 0.4366666666666667
0.27000000000000002 0.4366666666666667
0.2876732962351462 0.45433996290181289
0.31566003709818713 0.48232670376485376
0.33333333333333331 0.5
0.26479519167676591 0.45449462519760103
0.28461818064429117 0.47906262508873559
0.31030056647916482 0.5
0.25576858054577828 0.48273581369160984
0.27303276685416838 0.5
0.25 0.5
0.33333333333333331 0.5
0.31566003709818713 0.48232670376485376
0.2876732962351462 0.45433996290181289
0.27000000000000002 0.4366666666666667
0.33832907062975404 0.48196297044225228
0.31841130774928633 0.45730019663817523
0.29282369582735496 0.43645759563985331
0.34614634517927267 0.45251244536677449
0.32888215887088251 0.43524825905838443
0.35065384140902206 0.43398717474235543
0.35065384140902206 0.43398717474235543
0.36797832987031032 0.45131166320364369
0.39720849683343717 0.48054183016677043
0.41666666666666669 0.5
0.34614634517927267 0.45251244536677449
0.36643199997349069 0.47754311108460179
0.3936338998124983 0.5
0.33832907062975404 0.48196297044225228
0.3563661001875017 0.5
0.33333333333333331 0.5
0.41666666666666669 0.5
0.39720849683343717 0.48054183016677043
0.36797832987031032 0.45131166320364369
0.35065384140902206 0.43398717474235543
0.41955095693955585 0.47985152341872073
0.39768274130460707 0.45323829686016265
0.37206340230633028 0.43236396878549521
0.42406426250504964 0.44709702935921808
0.40602723294730197 0.42905999980147042
0.42666666666666669 0.42666666666666669
0.42666666666666669 0.42666666666666669
0.44517187593964119 0.44517187593964119
0.47779914618365987 0.47779914618365987
0.5 0.5
0.42406426250504964 0.44709702935921808
0.44682009142899987 0.4745978692067776
0.47696723314583162 0.5
0.41955095693955585 0.47985152341872073
0.43969943352083513 0.5
0.41666666666666669 0.5
0.5 0.5
0.47779914618365987 0.47779914618365987
0.44517187593964119 0.44517187593964119
0.42666666666666669 0.42666666666666669
0.5 0.47696723314583156
0.4745978692067776 0.44682009142899987
0.44709702935921808 0.42406426250504964
0.5 0.43969943352083513
0.47985152341872084 0.41955095693955596
0.5 0.41666666666666669
0.5 0.41666666666666669
0.52089908548222708 0.43756575214889382
0.55816688510722356 0.47483355177389025
0.58333333333333337 0.5
0.5 0.43969943352083513
0.52657163019349595 0.47101607463794037
0.56030056647916493 0.5
0.5 0.47696723314583156
0.52303276685416833 0.5
0.5 0.5
0.58333333333333337 0.5
0.55816688510722356 0.47483355177389025
0.52089908548222708 0.43756575214889382
0.5 0.41666666666666669
0.5804490430604442 0.47408294287294239
0.55087644441793515 0.43976533330682405
0.52014847658127905 0.41378237639377757
0.57593573749495042 0.43230183768245217
0.55290297064078198 0.40926907082828384
0.57333333333333336 0.40666666666666668
0.57333333333333336 0.40666666666666668
0.59719801322533006 0.43053134655866343
0.63910634223130425 0.47243967556463762
0.66666666666666663 0.5
0.57593573749495042 0.43230183768245217
0.60664635522915311 0.46775746634026422
0.64363389981249808 0.5
0.5804490430604442 0.47408294287294239
0.6063661001875017 0.5
0.58333333333333337 0.5
0.66666666666666663 0.5
0.63910634223130425 0.47243967556463762
0.59719801322533006 0.43053134655866343
0.57333333333333336 0.40666666666666668
0.66167092937024596 0.47197149584941084
0.62840878367971342 0.43396433923526911
0.59397276705269797 0.40427333353186301
0.65385365482072733 0.42688642167489577
0.62793659769366972 0.40096936454783833
0.64934615859097788 0.39934615859097794
0.64934615859097788 0.39934615859097794
0.6759535224660852 0.42595352246608525
0.72125895475295132 0.47125895475295132
0.75 0.5
0.65385365482072733 0.42688642167489577
0.687917407997783 0.46569518577556079
0.72696723314583145 0.5
0.66167092937024596 0.47197149584941084
0.68969943352083507 0.5
0.66666666666666663 0.5
0.75 0.5
0.72125895475295132 0.47125895475295132
0.6759535224660852 0.42595352246608525
0.64934615859097788 0.39934615859097794
0.74423141945422167 0.47119865260005328
0.70874925866888361 0.43097148089110587
0.67111784112911743 0.39808507427494905
0.73520480832323409 0.42490424184406922
0.70717630417264499 0.39687573769348022
0.72999999999999998 0.39666666666666667
0.72999999999999998 0.39666666666666667
0.75839223747319062 0.42505890413985736
0.80494109586014273 0.47160776252680936
0.83333333333333337 0.5
0.73520480832323409 0.42490424184406922
0.77093737491126435 0.46538181935570883
0.81030056647916504 0.5
0.74423141945422167 0.47119865260005328
0.77303276685416822 0.5
0.75 0.5
0.83333333333333337 0.5
0.80494109586014273 0.47160776252680936
0.75839223747319062 0.42505890413985736
0.72999999999999998 0.39666666666666667
0.8283375960369127 0.47197149584941084
0.79269980336182477 0.43158869225071372
0.75324183788098176 0.39687573769348006
0.82052032148739407 0.42688642167489577
0.79171897408744751 0.39808507427494916
0.81601282525764463 0.39934615859097794
0.81601282525764463 0.39934615859097794
0.8447538705046933 0.42808720383802656
0.89005930279155931 0.47339263612489263
0.91666666666666663 0.5
0.82052032148739407 0.42688642167489577
0.85579022224873158 0.46690133335984263
0.8936338998124983 0.5
0.8283375960369127 0.47197149584941084
0.85636610018750181 0.5
0.83333333333333337 0.5
0.91666666666666663 0.5
0.89005930279155931 0.47339263612489263
0.8447538705046933 0.42808720383802656
0.81601282525764463 0.39934615859097794
0.91378237639377746 0.47408294287294239
0.88009503647317078 0.4356505920287263
0.84066879806867334 0.40096936454783821
0.90926907082828368 0.43230183768245217
0.88124056667769479 0.40427333353186318
0.90666666666666662 0.40666666666666668
0.90666666666666662 0.40666666666666668
0.934226991102029 0.43422699110202906
0.9761353201080033 0.47613532010800325
1 0.5
0.90926907082828368 0.43230183768245217
0.94206879745988914 0.46984657523766682
0.97696723314583156 0.5
0.91378237639377746 0.47408294287294239
0.93969943352083507 0.5
0.91666666666666663 0.5
1 0.5
0.9761353201080033 0.47613532010800325
0.934226991102029 0.43422699110202906
0.90666666666666662 0.40666666666666668
1 0.47696723314583156
0.96984657523766693 0.44206879745988908
0.93230183768245212 0.40926907082828373
1 0.43969943352083513
0.97408294287294239 0.41378237639377763
1 0.41666666666666669
0 0.5
0.022200853816340127 0.52220085381634018
0.054828124060358842 0.55482812406035886
0.073333333333333334 0.57333333333333336
1.9808068504317997e-19 0.52303276685416844
0.025402130793222389 0.55317990857100019
0.052902970640781963 0.57593573749495031
-5.555715486332016e-20 0.56030056647916493
0.020148476581279266 0.58044904306044409
0 0.58333333333333337
0.073333333333333334 0.57333333333333336
0.054828124060358842 0.55482812406035886
0.022200853816340124 0.52220085381634018
0 0.5
0.075935737494950389 0.55290297064078198
0.053179908571000169 0.5254021307932224
0.02303276685416842 0.5
0.080449043060444189 0.52014847658127927
0.060300566479164923 0.5
0.083333333333333329 0.5
0.083333333333333329 0.5
0.10279150316656285 0.51945816983322957
0.13202167012968968 0.54868833679635642
0.14934615859097788 0.56601282525764463
0.080449043060444189 0.52014847658127927
0.10231725869539295 0.54676170313983741
0.12793659769366975 0.56763603121450479
0.075935737494950389 0.55290297064078198
0.093972767052698095 0.57094000019852964
0.073333333333333334 0.57333333333333336
0.14934615859097788 0.56601282525764463
0.13202167012968968 0.54868833679635642
0.10279150316656285 0.51945816983322957
0.083333333333333329 0.5
0.15385365482072733 0.54748755463322563
0.13356800002650934 0.52245688891539821
0.10636610018750176 0.5
0.16167092937024596 0.51803702955774777
0.14363389981249824 0.5
0.16666666666666666 0.5
0.16666666666666666 0.5
0.18433996290181284 0.51767329623514624
0.21232670376485382 0.54566003709818711
0.22999999999999998 0.56333333333333335
0.16167092937024596 0.51803702955774777
0.18158869225071367 0.54269980336182477
0.20717630417264496 0.56354240436014669
0.15385365482072733 0.54748755463322563
0.1711178411291174 0.56475174094161562
0.14934615859097788 0.56601282525764463
0.22999999999999998 0.56333333333333335
0.21232670376485382 0.54566003709818711
0.18433996290181284 0.51767329623514624
0.16666666666666666 0.5
0.23520480832323412 0.54550537480239902
0.21538181935570883 0.52093737491126446
0.18969943352083507 0.5
0.24423141945422172 0.51726418630839011
0.22696723314583162 0.5
0.25 0.5
0.25 0.5
0.26732448846128826 0.5173244884612882
0.29655465542441506 0.54655465542441506
0.31601282525764451 0.56601282525764463
0.24423141945422172 0.51726418630839011
0.26430481422443919 0.54208259200221698
0.29171897408744724 0.56475174094161562
0.23520480832323412 0.54550537480239902
0.25324183788098181 0.56354240436014669
0.22999999999999998 0.56333333333333335
0.31601282525764451 0.56601282525764463
0.29655465542441506 0.54655465542441506
0.26732448846128826 0.5173244884612882
0.25 0.5
0.32052032148739396 0.54748755463322563
0.29902851910889416 0.52125074133111637
0.27303276685416833 0.5
0.32833759603691259 0.51803702955774777
0.31030056647916487 0.5
0.33333333333333331 0.5
0.33333333333333331 0.5
0.35183854260630781 0.5185052092729745
0.3844658128503266 0.55113247951699318
0.40666666666666668 0.57333333333333336
0.32833759603691259 0.51803702955774777
0.35063100590193569 0.54507545034638016
0.38124056667769457 0.57094000019852964
0.32052032148739396 0.54748755463322563
0.34066879806867323 0.56763603121450479
0.31601282525764451 0.56601282525764463
0.40666666666666668 0.57333333333333336
0.3844658128503266 0.55113247951699318
0.35183854260630781 0.5185052092729745
0.33333333333333331 0.5
0.40926907082828373 0.55290297064078198
0.3844241330069309 0.52331302189581985
0.35636610018750176 0.5
0.41378237639377752 0.52014847658127927
0.39363389981249836 0.5
0.41666666666666669 0.5
0.41666666666666669 0.5
0.43756575214889382 0.52089908548222708
0.47483355177389025 0.55816688510722356
0.5 0.58333333333333337
0.41378237639377752 0.52014847658127927
0.43976533330682405 0.55087644441793515
0.47408294287294245 0.58044904306044409
0.40926907082828373 0.55290297064078198
0.43230183768245217 0.57593573749495031
0.40666666666666668 0.57333333333333336
0.5 0.58333333333333337
0.47483355177389025 0.55816688510722356
0.43756575214889382 0.52089908548222708
0.41666666666666669 0.5
0.5 0.56030056647916493
0.47101607463794037 0.52657163019349595
0.43969943352083513 0.5
0.5 0.52303276685416844
0.47696723314583167 0.5
0.5 0.5
0.5 0.5
0.5238646798919967 0.5238646798919967
0.565773008897971 0.565773008897971
0.59333333333333338 0.59333333333333338
0.5 0.52303276685416844
0.53015342476233318 0.55793120254011097
0.56769816231754788 0.59073092917171621
0.5 0.56030056647916493
0.5259170571270575 0.58621762360622243
0.5 0.58333333333333337
0.59333333333333338 0.59333333333333338
0.565773008897971 0.565773008897971
0.5238646798919967 0.5238646798919967
0.5 0.5
0.59073092917171632 0.56769816231754788
0.55793120254011097 0.53015342476233318
0.52303276685416822 0.5
0.58621762360622254 0.52591705712705761
0.56030056647916493 0.5
0.58333333333333337 0.5
0.58333333333333337 0.5
0.60994069720844069 0.52660736387510731
0.6552461294953067 0.57191279616197344
0.68398717474235537 0.60065384140902212
0.58621762360622254 0.52591705712705761
0.61990496352682933 0.56434940797127375
0.65933120193132655 0.59903063545216173
0.59073092917171632 0.56769816231754788
0.61875943332230532 0.59572666646813688
0.59333333333333338 0.59333333333333338
0.68398717474235537 0.60065384140902212
0.6552461294953067 0.57191279616197344
0.60994069720844069 0.52660736387510731
0.58333333333333337 0.5
0.67947967851260593 0.57311357832510423
0.64420977775126842 0.53309866664015737
0.60636610018750159 0.5
0.6716624039630873 0.52802850415058911
0.64363389981249819 0.5
0.66666666666666663 0.5
0.66666666666666663 0.5
0.69505890413985727 0.52839223747319064
0.74160776252680938 0.57494109586014275
0.77000000000000002 0.60333333333333339
0.6716624039630873 0.52802850415058911
0.70730019663817523 0.56841130774928639
0.74675816211901802 0.60312426230651983
0.67947967851260593 0.57311357832510423
0.70828102591255271 0.6019149257250509
0.68398717474235537 0.60065384140902212
0.77000000000000002 0.60333333333333339
0.74160776252680938 0.57494109586014275
0.69505890413985727 0.52839223747319064
0.66666666666666663 0.5
0.76479519167676591 0.57509575815593084
0.72906262508873554 0.53461818064429112
0.68969943352083507 0.5
0.75576858054577833 0.52880134739994678
0.72696723314583156 0.5
0.75 0.5
0.75 0.5
0.77874104524704868 0.52874104524704868
0.8240464775339148 0.5740464775339148
0.85065384140902212 0.60065384140902212
0.75576858054577833 0.52880134739994678
0.79125074133111639 0.56902851910889418
0.82888215887088268 0.6019149257250509
0.76479519167676591 0.57509575815593084
0.79282369582735479 0.60312426230651983
0.77000000000000002 0.60333333333333339
0.85065384140902212 0.60065384140902212
0.8240464775339148 0.5740464775339148
0.77874104524704868 0.52874104524704868
0.75 0.5
0.84614634517927267 0.57311357832510423
0.812082592002217 0.53430481422443921
0.77303276685416833 0.5
0.83832907062975404 0.52802850415058911
0.81030056647916515 0.5
0.83333333333333337 0.5
0.83333333333333337 0.5
0.86089365776869575 0.52756032443536238
0.90280198677466994 0.56946865344133668
0.92666666666666664 0.59333333333333338
0.83832907062975404 0.52802850415058911
0.87159121632028658 0.566035660764731
0.90602723294730192 0.59572666646813688
0.84614634517927267 0.57311357832510423
0.87206340230633028 0.59903063545216173
0.85065384140902212 0.60065384140902212
0.92666666666666664 0.59333333333333338
0.90280198677466994 0.56946865344133668
0.86089365776869575 0.52756032443536238
0.83333333333333337 0.5
0.92406426250504958 0.56769816231754788
0.89335364477084689 0.53224253365973573
0.85636610018750181 0.5
0.9195509569395558 0.52591705712705761
0.89363389981249841 0.5
0.91666666666666663 0.5
0.91666666666666663 0.5
0.94183311489277644 0.52516644822610981
0.97910091451777292 0.56243424785110629
1 0.58333333333333337
0.9195509569395558 0.52591705712705761
0.94912355558206496 0.56023466669317601
0.97985152341872073 0.58621762360622243
0.92406426250504958 0.56769816231754788
0.94709702935921802 0.59073092917171621
0.92666666666666664 0.59333333333333338
1 0.58333333333333337
0.97910091451777292 0.56243424785110629
0.94183311489277644 0.52516644822610981
0.91666666666666663 0.5
1 0.56030056647916493
0.97342836980650416 0.52898392536205963
0.93969943352083507 0.5
1 0.52303276685416844
0.97696723314583156 0.5
1 0.5
0 0.58333333333333337
0.019458169833229524 0.60279150316656294
0.048688336796356362 0.63202167012968968
0.06601282525764457 0.64934615859097788
1.7429675854048054e-19 0.60636610018750181
0.022456888915398217 0.63356800002650926
0.04748755463322557 0.65385365482072721
-4.9142108484422045e-20 0.64363389981249819
0.018037029557747705 0.66167092937024596
0 0.66666666666666663
0.06601282525764457 0.64934615859097788
0.048688336796356362 0.63202167012968968
0.019458169833229521 0.60279150316656294
0 0.58333333333333337
0.067636031214504844 0.62793659769366972
0.046761703139837393 0.60231725869539299
0.020148476581279277 0.58044904306044398
0.070940000198529668 0.59397276705269819
0.05290297064078197 0.57593573749495042
0.073333333333333334 0.57333333333333336
0.073333333333333334 0.57333333333333336
0.091006629568479519 0.5910066295684796
0.11899337043152049 0.61899337043152047
0.13666666666666666 0.6366666666666666
0.070940000198529668 0.59397276705269819
0.091414956050866955 0.6191927338286447
0.11644537500092869 0.63947814185509699
0.067636031214504844 0.62793659769366972
0.08490021752289495 0.64520078400205982
0.06601282525764457 0.64934615859097788
0.13666666666666666 0.6366666666666666
0.11899337043152049 0.61899337043152047
0.091006629568479519 0.5910066295684796
0.073333333333333334 0.57333333333333336
0.13947814185509713 0.61644537500092866
0.11919273382864473 0.59141495605086702
0.093972767052698108 0.57094000019852953
0.14520078400205985 0.58490021752289501
0.12793659769366975 0.5676360312145049
0.14934615859097788 0.56601282525764463
0.14934615859097788 0.56601282525764463
0.16667064705226609 0.58333731371893283
0.19590081401539294 0.61256748068205957
0.21535898384862245 0.63202565051528914
0.14520078400205985 0.58490021752289501
0.16565059202872628 0.61009503647317065
0.19268833863528542 0.63238777215612041
0.13947814185509713 0.61644537500092866
0.1575151714128448 0.63448240455867633
0.13666666666666666 0.6366666666666666
0.21535898384862245 0.63202565051528914
0.19590081401539294 0.61256748068205957
0.16667064705226609 0.58333731371893283
0.14934615859097788 0.56601282525764463
0.218605395762343 0.61223929557484125
0.19690133335984267 0.58579022224873156
0.17111784112911743 0.56475174094161551
0.22521333373039268 0.58157943391789446
0.20717630417264501 0.5635424043601468
0.22999999999999998 0.56333333333333335
0.22999999999999998 0.56333333333333335
0.24850520927297451 0.58183854260630785
0.28113247951699327 0.61446581285032653
0.30333333333333334 0.6366666666666666
0.22521333373039268 0.58157943391789446
0.24760151750835824 0.60871262861946929
0.27811630437117463 0.63448240455867622
0.218605395762343 0.61223929557484125
0.23875387234362225 0.63238777215612052
0.21535898384862245 0.63202565051528914
0.30333333333333334 0.6366666666666666
0.28113247951699327 0.61446581285032653
0.24850520927297451 0.58183854260630785
0.22999999999999998 0.56333333333333335
0.30614480852176379 0.61644537500092866
0.28139464461335345 0.58695020016890898
0.25324183788098176 0.56354240436014658
0.31186745066872651 0.58490021752289501
0.29171897408744724 0.56475174094161573
0.31601282525764451 0.56601282525764463
0.31601282525764451 0.56601282525764463
0.33691191073987165 0.5869119107398717
0.37417971036486825 0.62417971036486808
0.39934615859097794 0.64934615859097788
0.31186745066872651 0.58490021752289501
0.33763814755777249 0.61541592533555023
0.37216801714789144 0.64520078400205971
0.30614480852176379 0.61644537500092866
0.32917757537593212 0.6394781418550971
0.30333333333333334 0.6366666666666666
0.39934615859097794 0.64934615859097788
0.37417971036486825 0.62417971036486808
0.33691191073987165 0.5869119107398717
0.31601282525764451 0.56601282525764463
0.40096936454783821 0.62793659769366972
0.37236185244222753 0.59458407466444974
0.34066879806867328 0.56763603121450468
0.40427333353186301 0.59397276705269819
0.38124056667769468 0.57094000019852975
0.40666666666666668 0.57333333333333336
0.40666666666666668 0.57333333333333336
0.43053134655866343 0.59719801322533006
0.47243967556463762 0.63910634223130425
0.5 0.66666666666666663
0.40427333353186301 0.59397276705269819
0.43396433923526906 0.62840878367971342
0.47197149584941089 0.66167092937024585
0.40096936454783821 0.62793659769366972
0.42688642167489577 0.65385365482072733
0.39934615859097794 0.64934615859097788
0.5 0.66666666666666663
0.47243967556463762 0.63910634223130425
0.43053134655866343 0.59719801322533006
0.40666666666666668 0.57333333333333336
0.5 0.64363389981249819
0.46775746634026422 0.60664635522915311
0.43230183768245217 0.5759357374949502
0.5 0.60636610018750181
0.4740829428729425 0.5804490430604442
0.5 0.58333333333333337
0.5 0.58333333333333337
0.52660736387510731 0.60994069720844069
0.57191279616197344 0.6552461294953067
0.60065384140902212 0.68398717474235537
0.5 0.60636610018750181
0.53309866664015737 0.64420977775126842
0.57311357832510423 0.67947967851260582
0.5 0.64363389981249819
0.528028504150589 0.6716624039630873
0.5 0.66666666666666663
0.60065384140902212 0.68398717474235537
0.57191279616197344 0.6552461294953067
0.52660736387510731 0.60994069720844069
0.5 0.58333333333333337
0.59903063545216184 0.65933120193132666
0.56434940797127375 0.61990496352682933
0.52591705712705739 0.58621762360622232
0.59572666646813699 0.61875943332230543
0.56769816231754788 0.59073092917171632
0.59333333333333338 0.59333333333333338
0.59333333333333338 0.59333333333333338
0.62172557080652402 0.62172557080652402
0.66827442919347591 0.66827442919347591
0.69666666666666666 0.69666666666666666
0.59572666646813699 0.61875943332230543
0.6308072661713553 0.65858504394913298
0.6708224246240676 0.69385519147823604
0.59903063545216184 0.65933120193132666
0.62783198285210851 0.68813254933127344
0.60065384140902212 0.68398717474235537
0.69666666666666666 0.69666666666666666
0.66827442919347591 0.66827442919347591
0.62172557080652402 0.62172557080652402
0.59333333333333338 0.59333333333333338
0.69385519147823616 0.67082242462406771
0.65858504394913298 0.6308072661713553
0.61875943332230532 0.59572666646813677
0.68813254933127344 0.62783198285210862
0.65933120193132666 0.59903063545216184
0.68398717474235537 0.60065384140902212
0.68398717474235537 0.60065384140902212
0.71272821998940405 0.6293948866560708
0.75803365227627018 0.67470031894293681
0.78464101615137749 0.70130768281804412
0.68813254933127344 0.62783198285210862
0.72323829686016261 0.66768274130460703
0.76124612765637756 0.70094556117721263
0.69385519147823616 0.67082242462406771
0.72188369562882526 0.69885092877465693
0.69666666666666666 0.69666666666666666
0.78464101615137749 0.70130768281804412
0.75803365227627018 0.67470031894293681
0.71272821998940405 0.6293948866560708
0.68398717474235537 0.60065384140902212
0.78139460423765694 0.67502850405015513
0.74754311108460181 0.63643199997349076
0.70828102591255271 0.60191492572505079
0.77478666626960735 0.63115276645710916
0.74675816211901824 0.60312426230651994
0.77000000000000002 0.60333333333333339
0.77000000000000002 0.60333333333333339
0.7975603244353624 0.63089365776869577
0.83946865344133659 0.67280198677466985
0.8633333333333334 0.69666666666666666
0.77478666626960735 0.63115276645710916
0.80795403804719734 0.66906514915830839
0.84248482858715534 0.69885092877465682
0.78139460423765694 0.67502850405015513
0.80731166136471444 0.70094556117721274
0.78464101615137749 0.70130768281804412
0.8633333333333334 0.69666666666666666
0.83946865344133659 0.67280198677466985
0.7975603244353624 0.63089365776869577
0.77000000000000002 0.60333333333333339
0.8605218581449029 0.67082242462406771
0.82971646649775777 0.63527202205331335
0.7928236958273549 0.60312426230651972
0.85479921599794018 0.62783198285210862
0.82888215887088279 0.60191492572505101
0.85065384140902212 0.60065384140902212
0.85065384140902212 0.60065384140902212
0.87582028963513192 0.62582028963513192
0.9130880892601283 0.6630880892601283
0.93398717474235537 0.68398717474235537
0.85479921599794018 0.62783198285210862
0.88458407466444977 0.66236185244222745
0.91509978247710511 0.68813254933127332
0.8605218581449029 0.67082242462406771
0.88355462499907134 0.69385519147823616
0.8633333333333334 0.69666666666666666
0.93398717474235537 0.68398717474235537
0.9130880892601283 0.6630880892601283
0.87582028963513192 0.62582028963513192
0.85065384140902212 0.60065384140902212
0.9323639687854951 0.65933120193132666
0.90541592533555038 0.62763814755777259
0.87206340230633028 0.59903063545216162
0.92905999980147025 0.61875943332230543
0.90602723294730203 0.59572666646813699
0.92666666666666664 0.59333333333333338
0.92666666666666664 0.59333333333333338
0.94886752048300682 0.61553418714967356
0.9814947907270255 0.64816145739369213
1 0.66666666666666663
0.92905999980147025 0.61875943332230543
0.95492454965361995 0.64936899409806426
0.98196297044225234 0.6716624039630873
0.9323639687854951 0.65933120193132666
0.95251244536677437 0.67947967851260593
0.93398717474235537 0.68398717474235537
1 0.66666666666666663
0.9814947907270255 0.64816145739369213
0.94886752048300682 0.61553418714967356
0.92666666666666664 0.59333333333333338
1 0.64363389981249819
0.97668697810418026 0.6155758669930691
0.94709702935921802 0.5907309291717161
1 0.60636610018750181
0.97985152341872073 0.58621762360622254
1 0.58333333333333337
0 0.66666666666666663
0.017673296235146199 0.68433996290181287
0.04566003709818714 0.71232670376485374
0.063333333333333325 0.72999999999999998
1.6032667777392154e-19 0.68969943352083507
0.020937374911264402 0.71538181935570888
0.045505374802399016 0.7352048083232342
-4.5904646302185499e-20 0.72696723314583156
0.017264186308390113 0.74423141945422167
0 0.75
0.063333333333333325 0.72999999999999998
0.04566003709818714 0.71232670376485374
0.017673296235146196 0.68433996290181287
0 0.66666666666666663
0.063542404360146729 0.70717630417264499
0.042699803361824773 0.68158869225071361
0.018037029557747712 0.66167092937024596
0.064751740941615676 0.67111784112911743
0.047487554633225577 0.65385365482072733
0.06601282525764457 0.64934615859097788
0.06601282525764457 0.64934615859097788
0.083337313718932757 0.66667064705226609
0.1125674806820596 0.69590081401539294
0.13202565051528911 0.71535898384862251
0.064751740941615676 0.67111784112911743
0.085790222248731549 0.69690133335984261
0.11223929557484123 0.71860539576234295
0.063542404360146729 0.70717630417264499
0.08157943391789442 0.72521333373039265
0.063333333333333325 0.72999999999999998
0.13202565051528911 0.71535898384862251
0.1125674806820596 0.69590081401539294
0.083337313718932757 0.66667064705226609
0.06601282525764457 0.64934615859097788
0.13238777215612052 0.69268833863528545
0.11009503647317073 0.66565059202872623
0.084900217522894963 0.64520078400205982
0.13448240455867638 0.65751517141284477
0.11644537500092872 0.6394781418550971
0.13666666666666666 0.6366666666666666
0.13666666666666666 0.6366666666666666
0.15517187593964116 0.6551718759396411
0.18779914618365989 0.68779914618365989
0.20999999999999999 0.70999999999999996
0.13448240455867638 0.65751517141284477
0.15742778130851151 0.68520555908628933
0.18738537519945833 0.71041814205362674
0.13238777215612052 0.69268833863528545
0.15253624873739974 0.71283681521656472
0.13202565051528911 0.71535898384862251
0.20999999999999999 0.70999999999999996
0.18779914618365989 0.68779914618365989
0.15517187593964116 0.6551718759396411
0.13666666666666666 0.6366666666666666
0.2104181420536268 0.6873853751994583
0.18520555908628927 0.65742778130851154
0.15751517141284482 0.63448240455867622
0.2128368152165647 0.65253624873739979
0.19268833863528548 0.63238777215612052
0.21535898384862245 0.63202565051528914
0.21535898384862245 0.63202565051528914
0.23625806933084958 0.65292473599751621
0.27352586895584607 0.6901925356225127
0.29869231718195577 0.71535898384862251
0.2128368152165647 0.65253624873739979
0.23898392536205962 0.68342836980650401
0.27313738169572954 0.71283681521656472
0.2104181420536268 0.6873853751994583
0.23345090890779518 0.71041814205362674
0.20999999999999999 0.70999999999999996
0.29869231718195577 0.71535898384862251
0.27352586895584607 0.6901925356225127
0.23625806933084958 0.65292473599751621
0.21535898384862245 0.63202565051528914
0.29905443882278715 0.69268833863528545
0.27023466669317603 0.65912355558206492
0.23875387234362225 0.63238777215612052
0.30114907122534307 0.65751517141284477
0.27811630437117463 0.63448240455867633
0.30333333333333334 0.6366666666666666
0.30333333333333334 0.6366666666666666
0.32719801322533004 0.66053134655866341
0.3691063422313044 0.7024396755646376
0.39666666666666667 0.72999999999999998
0.30114907122534307 0.65751517141284477
0.33093485084169155 0.69204596195280266
0.36884723354289095 0.72521333373039265
0.29905443882278715 0.69268833863528545
0.3249714959498447 0.71860539576234295
0.29869231718195577 0.71535898384862251
0.39666666666666667 0.72999999999999998
0.3691063422313044 0.7024396755646376
0.32719801322533004 0.66053134655866341
0.30333333333333334 0.6366666666666666
0.39687573769348006 0.70717630417264499
0.36472797794668677 0.67028353350224223
0.32917757537593217 0.6394781418550971
0.39808507427494905 0.67111784112911743
0.37216801714789155 0.64520078400205982
0.39934615859097794 0.64934615859097788
0.39934615859097794 0.64934615859097788
0.42595352246608525 0.6759535224660852
0.47125895475295132 0.72125895475295132
0.5 0.75
0.39808507427494905 0.67111784112911743
0.43097148089110587 0.70874925866888361
0.47119865260005334 0.74423141945422167
0.39687573769348006 0.70717630417264499
0.42490424184406922 0.73520480832323409
0.39666666666666667 0.72999999999999998
0.5 0.75
0.47125895475295132 0.72125895475295132
0.42595352246608525 0.6759535224660852
0.39934615859097794 0.64934615859097788
0.5 0.72696723314583156
0.46569518577556079 0.687917407997783
0.42688642167489577 0.65385365482072733
0.5 0.68969943352083507
0.47197149584941095 0.66167092937024596
0.5 0.66666666666666663
0.5 0.66666666666666663
0.52839223747319064 0.69505890413985727
0.57494109586014275 0.74160776252680938
0.60333333333333339 0.77000000000000002
0.5 0.68969943352083507
0.53461818064429112 0.72906262508873554
0.57509575815593084 0.76479519167676602
0.5 0.72696723314583156
0.52880134739994655 0.75576858054577822
0.5 0.75
0.60333333333333339 0.77000000000000002
0.57494109586014275 0.74160776252680938
0.52839223747319064 0.69505890413985727
0.5 0.66666666666666663
0.60312426230651994 0.74675816211901813
0.56841130774928639 0.70730019663817523
0.52802850415058888 0.6716624039630873
0.60191492572505101 0.70828102591255271
0.57311357832510423 0.67947967851260593
0.60065384140902212 0.68398717474235537
0.60065384140902212 0.68398717474235537
0.6293948866560708 0.71272821998940405
0.67470031894293681 0.75803365227627018
0.70130768281804412 0.78464101615137749
0.60191492572505101 0.70828102591255271
0.63643199997349076 0.74754311108460181
0.67502850405015502 0.78139460423765705
0.60312426230651994 0.74675816211901813
0.63115276645710905 0.77478666626960724
0.60333333333333339 0.77000000000000002
0.70130768281804412 0.78464101615137749
0.67470031894293681 0.75803365227627018
0.6293948866560708 0.71272821998940405
0.60065384140902212 0.68398717474235537
0.70094556117721274 0.76124612765637767
0.66768274130460703 0.72323829686016261
0.62783198285210851 0.68813254933127344
0.69885092877465693 0.72188369562882537
0.67082242462406771 0.69385519147823616
0.69666666666666666 0.69666666666666666
0.69666666666666666 0.69666666666666666
0.72422699110202904 0.72422699110202904
0.76613532010800323 0.76613532010800323
0.79000000000000004 0.79000000000000004
0.69885092877465693 0.72188369562882537
0.7314611075803773 0.75923888535815509
0.76654909109220482 0.78958185794637337
0.70094556117721274 0.76124612765637767
0.72686261830427035 0.78716318478343517
0.70130768281804412 0.78464101615137749
0.79000000000000004 0.79000000000000004
0.76613532010800323 0.76613532010800323
0.72422699110202904 0.72422699110202904
0.69666666666666666 0.69666666666666666
0.78958185794637326 0.76654909109220482
0.75923888535815509 0.7314611075803773
0.72188369562882526 0.69885092877465693
0.78716318478343528 0.72686261830427035
0.76124612765637778 0.70094556117721274
0.78464101615137749 0.70130768281804412
0.78464101615137749 0.70130768281804412
0.8098074643774873 0.72647413104415393
0.84707526400248379 0.76374193066915042
0.86797434948471097 0.78464101615137749
0.78716318478343528 0.72686261830427035
0.81657163019349599 0.76101607463794041
0.84746375126260032 0.78716318478343539
0.78958185794637326 0.76654909109220482
0.81261462480054159 0.78958185794637314
0.79000000000000004 0.79000000000000004
0.86797434948471097 0.78464101615137749
0.84707526400248379 0.76374193066915042
0.8098074643774873 0.72647413104415393
0.78464101615137749 0.70130768281804412
0.86761222784387948 0.76124612765637767
0.84087644441793508 0.72976533330682392
0.80731166136471444 0.70094556117721274
0.86551759544132367 0.72188369562882537
0.84248482858715545 0.69885092877465693
0.8633333333333334 0.69666666666666666
0.8633333333333334 0.69666666666666666
0.88553418714967347 0.71886752048300673
0.91816145739369215 0.75149479072702552
0.93666666666666665 0.77000000000000002
0.86551759544132367 0.72188369562882537
0.89128737138053071 0.75239848249164176
0.91842056608210565 0.77478666626960746
0.86761222784387948 0.76124612765637767
0.88776070442515875 0.78139460423765694
0.86797434948471097 0.78464101615137749
0.93666666666666665 0.77000000000000002
0.91816145739369215 0.75149479072702552
0.88553418714967347 0.71886752048300673
0.8633333333333334 0.69666666666666666
0.9364575956398532 0.74675816211901813
0.91304979983109114 0.71860535538664649
0.88355462499907134 0.69385519147823616
0.93524825905838427 0.70828102591255271
0.91509978247710522 0.68813254933127344
0.93398717474235537 0.68398717474235537
0.93398717474235537 0.68398717474235537
0.95344534457558494 0.70344534457558494
0.9826755115387118 0.7326755115387118
1 0.75
0.93524825905838427 0.70828102591255271
0.95791740799778313 0.73569518577556081
0.98273581369160989 0.75576858054577845
0.9364575956398532 0.74675816211901813
0.95449462519760098 0.76479519167676591
0.93666666666666665 0.77000000000000002
1 0.75
0.9826755115387118 0.7326755115387118
0.95344534457558494 0.70344534457558494
0.93398717474235537 0.68398717474235537
1 0.72696723314583156
0.97874925866888374 0.70097148089110584
0.95251244536677437 0.67947967851260593
1 0.68969943352083507
0.98196297044225234 0.67166240396308741
1 0.66666666666666663
0 0.75
0.017324488461288208 0.7673244884612882
0.046554655424415031 0.79655465542441506
0.066012825257644556 0.81601282525764463
1.5991371460309998e-19 0.77303276685416833
0.021250741331116384 0.79902851910889416
0.04748755463322557 0.82052032148739418
-4.6712243693867109e-20 0.81030056647916493
0.018037029557747705 0.8283375960369127
0 0.83333333333333337
0.066012825257644556 0.81601282525764463
0.046554655424415031 0.79655465542441506
0.017324488461288205 0.7673244884612882
0 0.75
0.064751740941615676 0.79171897408744729
0.042082592002216951 0.76430481422443919
0.017264186308390123 0.74423141945422167
0.063542404360146729 0.75324183788098176
0.045505374802399023 0.73520480832323432
0.063333333333333325 0.72999999999999998
0.063333333333333325 0.72999999999999998
0.081838542606307824 0.74850520927297448
0.11446581285032655 0.78113247951699327
0.13666666666666666 0.80333333333333334
0.063542404360146729 0.75324183788098176
0.086950200168908962 0.7813946446133534
0.11644537500092869 0.80614480852176396
0.064751740941615676 0.79171897408744729
0.084900217522894936 0.81186745066872645
0.066012825257644556 0.81601282525764463
0.13666666666666666 0.80333333333333334
0.11446581285032655 0.78113247951699327
0.081838542606307824 0.74850520927297448
0.063333333333333325 0.72999999999999998
0.13448240455867638 0.77811630437117463
0.10871262861946933 0.74760151750835824
0.081579433917894434 0.72521333373039265
0.13238777215612049 0.73875387234362222
0.11223929557484126 0.71860539576234317
0.13202565051528911 0.71535898384862251
0.13202565051528911 0.71535898384862251
0.15292473599751621 0.73625806933084958
0.1901925356225127 0.77352586895584607
0.21535898384862245 0.79869231718195577
0.13238777215612049 0.73875387234362222
0.1591235555820649 0.77023466669317597
0.19268833863528542 0.79905443882278737
0.13448240455867638 0.77811630437117463
0.1575151714128448 0.80114907122534296
0.13666666666666666 0.80333333333333334
0.21535898384862245 0.79869231718195577
0.1901925356225127 0.77352586895584607
0.15292473599751621 0.73625806933084958
0.13202565051528911 0.71535898384862251
0.2128368152165647 0.77313738169572965
0.18342836980650404 0.73898392536205959
0.15253624873739977 0.71283681521656472
0.2104181420536268 0.73345090890779507
0.18738537519945839 0.71041814205362697
0.20999999999999999 0.70999999999999996
0.20999999999999999 0.70999999999999996
0.23386467989199672 0.73386467989199677
0.27577300889797102 0.77577300889797096
0.30333333333333334 0.80333333333333334
0.2104181420536268 0.73345090890779507
0.24076111464184485 0.7685388924196227
0.27811630437117463 0.80114907122534318
0.2128368152165647 0.77313738169572965
0.23875387234362222 0.79905443882278715
0.21535898384862245 0.79869231718195577
0.30333333333333334 0.80333333333333334
0.27577300889797102 0.77577300889797096
0.23386467989199672 0.73386467989199677
0.20999999999999999 0.70999999999999996
0.30114907122534307 0.77811630437117463
0.26853889241962264 0.74076111464184491
0.23345090890779518 0.71041814205362674
0.29905443882278715 0.73875387234362222
0.27313738169572954 0.71283681521656495
0.29869231718195577 0.71535898384862251
0.29869231718195577 0.71535898384862251
0.32529968105706308 0.74196634772372982
0.37060511334392932 0.78727178001059595
0.39934615859097794 0.81601282525764463
0.29905443882278715 0.73875387234362222
0.33231725869539291 0.77676170313983739
0.37216801714789144 0.81186745066872668
0.30114907122534307 0.77811630437117463
0.32917757537593212 0.80614480852176373
0.30333333333333334 0.80333333333333334
0.39934615859097794 0.81601282525764463
0.37060511334392932 0.78727178001059595
0.32529968105706308 0.74196634772372982
0.29869231718195577 0.71535898384862251
0.39808507427494905 0.79171897408744729
0.36356800002650935 0.75245688891539819
0.32497149594984476 0.71860539576234295
0.39687573769348006 0.75324183788098176
0.36884723354289106 0.72521333373039287
0.39666666666666667 0.72999999999999998
0.39666666666666667 0.72999999999999998
0.42505890413985736 0.75839223747319062
0.47160776252680936 0.80494109586014273
0.5 0.83333333333333337
0.39687573769348006 0.75324183788098176
0.43158869225071372 0.79269980336182477
0.47197149584941089 0.82833759603691282
0.39808507427494905 0.79171897408744729
0.42688642167489577 0.82052032148739396
0.39934615859097794 0.81601282525764463
0.5 0.83333333333333337
0.47160776252680936 0.80494109586014273
0.42505890413985736 0.75839223747319062
0.39666666666666667 0.72999999999999998
0.5 0.81030056647916493
0.46538181935570883 0.77093737491126435
0.42490424184406922 0.73520480832323409
0.5 0.77303276685416833
0.47119865260005339 0.74423141945422189
0.5 0.75
0.5 0.75
0.52874104524704868 0.77874104524704868
0.5740464775339148 0.8240464775339148
0.60065384140902212 0.85065384140902212
0.5 0.77303276685416833
0.53430481422443921 0.812082592002217
0.57311357832510423 0.84614634517927279
0.5 0.81030056647916493
0.528028504150589 0.83832907062975404
0.5 0.83333333333333337
0.60065384140902212 0.85065384140902212
0.5740464775339148 0.8240464775339148
0.52874104524704868 0.77874104524704868
0.5 0.75
0.60191492572505101 0.82888215887088257
0.56902851910889418 0.79125074133111639
0.52880134739994644 0.75576858054577822
0.60312426230651994 0.7928236958273549
0.57509575815593084 0.76479519167676613
0.60333333333333339 0.77000000000000002
0.60333333333333339 0.77000000000000002
0.63089365776869577 0.7975603244353624
0.67280198677466985 0.83946865344133659
0.69666666666666666 0.8633333333333334
0.60312426230651994 0.7928236958273549
0.63527202205331335 0.82971646649775777
0.6708224246240676 0.86052185814490301
0.60191492572505101 0.82888215887088257
0.62783198285210851 0.85479921599794018
0.60065384140902212 0.85065384140902212
0.69666666666666666 0.8633333333333334
0.67280198677466985 0.83946865344133659
0.63089365776869577 0.7975603244353624
0.60333333333333339 0.77000000000000002
0.69885092877465693 0.84248482858715523
0.66906514915830839 0.80795403804719734
0.63115276645710905 0.77478666626960735
0.70094556117721274 0.80731166136471444
0.67502850405015513 0.78139460423765716
0.70130768281804412 0.78464101615137749
0.70130768281804412 0.78464101615137749
0.72647413104415393 0.8098074643774873
0.76374193066915042 0.84707526400248379
0.78464101615137749 0.86797434948471097
0.70094556117721274 0.80731166136471444
0.72976533330682392 0.84087644441793508
0.76124612765637767 0.86761222784387959
0.69885092877465693 0.84248482858715523
0.72188369562882537 0.86551759544132367
0.69666666666666666 0.8633333333333334
0.78464101615137749 0.86797434948471097
0.76374193066915042 0.84707526400248379
0.72647413104415393 0.8098074643774873
0.70130768281804412 0.78464101615137749
0.78716318478343528 0.84746375126260021
0.76101607463794041 0.81657163019349599
0.72686261830427035 0.78716318478343528
0.78958185794637326 0.81261462480054159
0.76654909109220493 0.78958185794637348
0.79000000000000004 0.79000000000000004
0.79000000000000004 0.79000000000000004
0.81220085381634011 0.81220085381634011
0.8448281240603589 0.8448281240603589
0.8633333333333334 0.8633333333333334
0.78958185794637326 0.81261462480054159
0.81479444091371067 0.84257221869148857
0.84248482858715523 0.86551759544132367
0.78716318478343528 0.84746375126260021
0.80731166136471444 0.86761222784387948
0.78464101615137749 0.86797434948471097
0.8633333333333334 0.8633333333333334
0.8448281240603589 0.8448281240603589
0.81220085381634011 0.81220085381634011
0.79000000000000004 0.79000000000000004
0.86551759544132367 0.84248482858715523
0.84257221869148857 0.81479444091371067
0.81261462480054159 0.78958185794637326
0.86761222784387948 0.80731166136471444
0.84746375126260043 0.7871631847834355
0.86797434948471097 0.78464101615137749
0.86797434948471097 0.78464101615137749
0.88743251931794043 0.80409918598460706
0.91666268628106717 0.83332935294773391
0.93398717474235537 0.85065384140902212
0.86761222784387948 0.80731166136471444
0.88990496352682935 0.83434940797127377
0.91509978247710511 0.85479921599794029
0.86551759544132367 0.84248482858715523
0.88355462499907134 0.8605218581449029
0.8633333333333334 0.8633333333333334
0.93398717474235537 0.85065384140902212
0.91666268628106717 0.83332935294773391
0.88743251931794043 0.80409918598460706
0.86797434948471097 0.78464101615137749
0.93524825905838427 0.82888215887088257
0.91420977775126855 0.80309866664015739
0.88776070442515875 0.78139460423765694
0.9364575956398532 0.7928236958273549
0.91842056608210565 0.77478666626960757
0.93666666666666665 0.77000000000000002
0.93666666666666665 0.77000000000000002
0.95433996290181289 0.78767329623514626
0.98232670376485376 0.81566003709818713
1 0.83333333333333337
0.9364575956398532 0.7928236958273549
0.95730019663817534 0.81841130774928639
0.98196297044225234 0.83832907062975426
0.93524825905838427 0.82888215887088257
0.95251244536677437 0.84614634517927267
0.93398717474235537 0.85065384140902212
1 0.83333333333333337
0.98232670376485376 0.81566003709818713
0.95433996290181289 0.78767329623514626
0.93666666666666665 0.77000000000000002
1 0.81030056647916493
0.97906262508873565 0.78461818064429112
0.95449462519760098 0.76479519167676591
1 0.77303276685416844
0.98273581369160989 0.75576858054577856
1 0.75
0 0.83333333333333337
0.018505209272974495 0.85183854260630787
0.051132479516993193 0.88446581285032644
0.07333333333333332 0.90666666666666662
1.7316852217614133e-19 0.85636610018750181
0.023313021895819793 0.88442413300693101
0.052902970640781963 0.90926907082828368
-5.134850559055631e-20 0.89363389981249819
0.020148476581279259 0.91378237639377746
0 0.91666666666666663
0.07333333333333332 0.90666666666666662
0.051132479516993193 0.88446581285032644
0.018505209272974492 0.85183854260630787
0 0.83333333333333337
0.070940000198529654 0.88124056667769457
0.045075450346380157 0.85063100590193574
0.018037029557747716 0.8283375960369127
0.067636031214504844 0.84066879806867334
0.047487554633225577 0.82052032148739429
0.066012825257644556 0.81601282525764463
0.066012825257644556 0.81601282525764463
0.086911910739871659 0.8369119107398717
0.12417971036486813 0.87417971036486808
0.14934615859097788 0.89934615859097788
0.067636031214504844 0.84066879806867334
0.094584074664449722 0.87236185244222753
0.12793659769366972 0.90096936454783816
0.070940000198529654 0.88124056667769457
0.093972767052698067 0.90427333353186301
0.07333333333333332 0.90666666666666662
0.14934615859097788 0.89934615859097788
0.12417971036486813 0.87417971036486808
0.086911910739871659 0.8369119107398717
0.066012825257644556 0.81601282525764463
0.14520078400205982 0.87216801714789138
0.11541592533555028 0.83763814755777255
0.08490021752289495 0.81186745066872656
0.1394781418550971 0.82917757537593229
0.11644537500092872 0.80614480852176407
0.13666666666666666 0.80333333333333334
0.13666666666666666 0.80333333333333334
0.16053134655866338 0.82719801322533015
0.20243967556463763 0.86910634223130423
0.22999999999999998 0.89666666666666661
0.1394781418550971 0.82917757537593229
0.17028353350224232 0.86472797794668677
0.20717630417264493 0.89687573769348006
0.14520078400205982 0.87216801714789138
0.17111784112911738 0.89808507427494899
0.14934615859097788 0.89934615859097788
0.22999999999999998 0.89666666666666661
0.20243967556463763 0.86910634223130423
0.16053134655866338 0.82719801322533015
0.13666666666666666 0.80333333333333334
0.22521333373039265 0.86884723354289084
0.19204596195280266 0.83093485084169161
0.15751517141284482 0.80114907122534307
0.218605395762343 0.82497149594984487
0.19268833863528548 0.79905443882278748
0.21535898384862245 0.79869231718195577
0.21535898384862245 0.79869231718195577
0.2419663477237298 0.82529968105706319
0.28727178001059589 0.8706051133439292
0.31601282525764451 0.89934615859097788
0.218605395762343 0.82497149594984487
0.25245688891539825 0.86356800002650935
0.29171897408744718 0.89808507427494899
0.22521333373039265 0.86884723354289084
0.25324183788098176 0.89687573769348006
0.22999999999999998 0.89666666666666661
0.31601282525764451 0.89934615859097788
0.28727178001059589 0.8706051133439292
0.2419663477237298 0.82529968105706319
0.21535898384862245 0.79869231718195577
0.31186745066872651 0.87216801714789138
0.27676170313983739 0.83231725869539297
0.23875387234362222 0.79905443882278726
0.30614480852176379 0.82917757537593229
0.27811630437117463 0.80114907122534329
0.30333333333333334 0.80333333333333334
0.30333333333333334 0.80333333333333334
0.33172557080652398 0.83172557080652398
0.37827442919347604 0.87827442919347598
0.40666666666666668 0.90666666666666662
0.30614480852176379 0.82917757537593229
0.34141495605086697 0.86919273382864481
0.38124056667769457 0.90427333353186301
0.31186745066872651 0.87216801714789138
0.34066879806867317 0.90096936454783816
0.31601282525764451 0.89934615859097788
0.40666666666666668 0.90666666666666662
0.37827442919347604 0.87827442919347598
0.33172557080652398 0.83172557080652398
0.30333333333333334 0.80333333333333334
0.40427333353186301 0.88124056667769457
0.3691927338286447 0.84141495605086702
0.32917757537593217 0.80614480852176384
0.40096936454783821 0.84066879806867334
0.37216801714789155 0.81186745066872679
0.39934615859097794 0.81601282525764463
0.39934615859097794 0.81601282525764463
0.42808720383802656 0.8447538705046933
0.47339263612489263 0.89005930279155931
0.5 0.91666666666666663
0.40096936454783821 0.84066879806867334
0.4356505920287263 0.88009503647317078
0.47408294287294245 0.91378237639377746
0.40427333353186301 0.88124056667769457
0.43230183768245217 0.90926907082828368
0.40666666666666668 0.90666666666666662
0.5 0.91666666666666663
0.47339263612489263 0.89005930279155931
0.42808720383802656 0.8447538705046933
0.39934615859097794 0.81601282525764463
0.5 0.89363389981249819
0.46690133335984263 0.85579022224873158
0.42688642167489577 0.82052032148739407
0.5 0.85636610018750181
0.47197149584941095 0.82833759603691293
0.5 0.83333333333333337
0.5 0.83333333333333337
0.52756032443536238 0.86089365776869575
0.56946865344133668 0.90280198677466994
0.59333333333333338 0.92666666666666664
0.5 0.85636610018750181
0.53224253365973573 0.89335364477084689
0.56769816231754788 0.92406426250504958
0.5 0.89363389981249819
0.5259170571270575 0.9195509569395558
0.5 0.91666666666666663
0.59333333333333338 0.92666666666666664
0.56946865344133668 0.90280198677466994
0.52756032443536238 0.86089365776869575
0.5 0.83333333333333337
0.5957266664681371 0.90602723294730181
0.566035660764731 0.87159121632028658
0.52802850415058888 0.83832907062975404
0.59903063545216184 0.87206340230633028
0.57311357832510423 0.8461463451792729
0.60065384140902212 0.85065384140902212
0.60065384140902212 0.85065384140902212
0.62582028963513192 0.87582028963513192
0.6630880892601283 0.9130880892601283
0.68398717474235537 0.93398717474235537
0.59903063545216184 0.87206340230633028
0.62763814755777259 0.90541592533555038
0.65933120193132655 0.9323639687854951
0.5957266664681371 0.90602723294730181
0.61875943332230532 0.92905999980147025
0.59333333333333338 0.92666666666666664
0.68398717474235537 0.93398717474235537
0.6630880892601283 0.9130880892601283
0.62582028963513192 0.87582028963513192
0.60065384140902212 0.85065384140902212
0.68813254933127344 0.91509978247710499
0.66236185244222745 0.88458407466444977
0.62783198285210839 0.85479921599794018
0.69385519147823616 0.88355462499907134
0.67082242462406771 0.86052185814490312
0.69666666666666666 0.8633333333333334
0.69666666666666666 0.8633333333333334
0.71886752048300673 0.88553418714967347
0.75149479072702552 0.91816145739369215
0.77000000000000002 0.93666666666666665
0.69385519147823616 0.88355462499907134
0.71860535538664649 0.91304979983109114
0.74675816211901813 0.9364575956398532
0.68813254933127344 0.91509978247710499
0.70828102591255271 0.93524825905838427
0.68398717474235537 0.93398717474235537
0.77000000000000002 0.93666666666666665
0.75149479072702552 0.91816145739369215
0.71886752048300673 0.88553418714967347
0.69666666666666666 0.8633333333333334
0.77478666626960735 0.91842056608210554
0.75239848249164176 0.89128737138053071
0.72188369562882537 0.86551759544132367
0.78139460423765694 0.88776070442515875
0.76124612765637778 0.8676122278438797
0.78464101615137749 0.86797434948471097
0.78464101615137749 0.86797434948471097
0.80409918598460706 0.88743251931794043
0.83332935294773391 0.91666268628106717
0.85065384140902212 0.93398717474235537
0.78139460423765694 0.88776070442515875
0.80309866664015739 0.91420977775126855
0.82888215887088268 0.93524825905838427
0.77478666626960735 0.91842056608210554
0.7928236958273549 0.9364575956398532
0.77000000000000002 0.93666666666666665
0.85065384140902212 0.93398717474235537
0.83332935294773391 0.91666268628106717
0.80409918598460706 0.88743251931794043
0.78464101615137749 0.86797434948471097
0.85479921599794018 0.91509978247710499
0.83434940797127377 0.88990496352682935
0.80731166136471444 0.86761222784387948
0.8605218581449029 0.88355462499907134
0.84248482858715534 0.86551759544132378
0.8633333333333334 0.8633333333333334
0.8633333333333334 0.8633333333333334
0.88100662956847953 0.88100662956847953
0.9089933704315204 0.9089933704315204
0.92666666666666664 0.92666666666666664
0.8605218581449029 0.88355462499907134
0.8808072661713553 0.90858504394913309
0.90602723294730192 0.92905999980147025
0.85479921599794018 0.91509978247710499
0.87206340230633028 0.9323639687854951
0.85065384140902212 0.93398717474235537
0.92666666666666664 0.92666666666666664
0.9089933704315204 0.9089933704315204
0.88100662956847953 0.88100662956847953
0.8633333333333334 0.8633333333333334
0.92905999980147036 0.90602723294730192
0.90858504394913309 0.8808072661713553
0.88355462499907134 0.8605218581449029
0.9323639687854951 0.87206340230633028
0.91509978247710511 0.8547992159979404
0.93398717474235537 0.85065384140902212
0.93398717474235537 0.85065384140902212
0.95131166320364358 0.86797832987031032
0.98054183016677043 0.89720849683343706
1 0.91666666666666663
0.9323639687854951 0.87206340230633028
0.9532382968601627 0.89768274130460712
0.97985152341872073 0.9195509569395558
0.92905999980147036 0.90602723294730192
0.94709702935921802 0.92406426250504958
0.92666666666666664 0.92666666666666664
1 0.91666666666666663
0.98054183016677043 0.89720849683343706
0.95131166320364358 0.86797832987031032
0.93398717474235537 0.85065384140902212
1 0.89363389981249819
0.9775431110846019 0.86643199997349074
0.95251244536677437 0.84614634517927267
1 0.85636610018750181
0.98196297044225234 0.83832907062975437
1 0.83333333333333337
0 0.91666666666666663
0.020899085482227103 0.93756575214889371
0.058166885107223579 0.97483355177389019
0.083333333333333329 1
1.9653948550801918e-19 0.93969943352083507
0.026571630193495944 0.97101607463794049
0.060300566479164902 1
-5.8571149361136035e-20 0.97696723314583156
0.023032766854168406 1
0 1
0.083333333333333329 1
0.058166885107223579 0.97483355177389019
0.0208990854822271 0.93756575214889371
0 0.91666666666666663
0.080449043060444161 0.97408294287294239
0.050876444417935124 0.9397653333068241
0.02014847658127927 0.91378237639377746
0.075935737494950376 0.93230183768245212
0.05290297064078197 0.90926907082828368
0.07333333333333332 0.90666666666666662
0.07333333333333332 0.90666666666666662
0.097198013225330032 0.93053134655866332
0.1391063422313043 0.97243967556463762
0.16666666666666666 1
0.075935737494950376 0.93230183768245212
0.10664635522915311 0.96775746634026438
0.14363389981249824 1
0.080449043060444161 0.97408294287294239
0.10636610018750171 1
0.083333333333333329 1
0.16666666666666666 1
0.1391063422313043 0.97243967556463762
0.097198013225330032 0.93053134655866332
0.07333333333333332 0.90666666666666662
0.16167092937024594 0.97197149584941078
0.12840878367971351 0.93396433923526911
0.093972767052698081 0.90427333353186301
0.1538536548207273 0.92688642167489577
0.12793659769366972 0.90096936454783827
0.14934615859097788 0.89934615859097788
0.14934615859097788 0.89934615859097788
0.1759535224660852 0.9259535224660852
0.22125895475295135 0.97125895475295132
0.25 1
0.1538536548207273 0.92688642167489577
0.18791740799778306 0.9656951857755609
0.22696723314583153 1
0.16167092937024594 0.97197149584941078
0.18969943352083501 1
0.16666666666666666 1
0.25 1
0.22125895475295135 0.97125895475295132
0.1759535224660852 0.9259535224660852
0.14934615859097788 0.89934615859097788
0.24423141945422167 0.97119865260005322
0.20874925866888361 0.93097148089110593
0.1711178411291174 0.89808507427494899
0.23520480832323409 0.92490424184406916
0.20717630417264499 0.89687573769348017
0.22999999999999998 0.89666666666666661
0.22999999999999998 0.89666666666666661
0.25839223747319068 0.92505890413985725
0.30494109586014267 0.97160776252680936
0.33333333333333331 1
0.23520480832323409 0.92490424184406916
0.27093737491126441 0.96538181935570899
0.31030056647916493 1
0.24423141945422167 0.97119865260005322
0.27303276685416844 1
0.25 1
0.33333333333333331 1
0.30494109586014267 0.97160776252680936
0.25839223747319068 0.92505890413985725
0.22999999999999998 0.89666666666666661
0.32833759603691259 0.97197149584941078
0.29269980336182477 0.93158869225071372
0.2532418378809817 0.89687573769348006
0.32052032148739396 0.92688642167489577
0.29171897408744718 0.8980850742749491
0.31601282525764451 0.89934615859097788
0.31601282525764451 0.89934615859097788
0.34475387050469319 0.92808720383802645
0.39005930279155937 0.97339263612489269
0.41666666666666669 1
0.32052032148739396 0.92688642167489577
0.35579022224873152 0.96690133335984274
0.39363389981249819 1
0.32833759603691259 0.97197149584941078
0.35636610018750164 1
0.33333333333333331 1
0.41666666666666669 1
0.39005930279155937 0.97339263612489269
0.34475387050469319 0.92808720383802645
0.31601282525764451 0.89934615859097788
0.41378237639377752 0.97408294287294239
0.38009503647317072 0.93565059202872636
0.34066879806867323 0.90096936454783816
0.40926907082828373 0.93230183768245212
0.38124056667769468 0.90427333353186312
0.40666666666666668 0.90666666666666662
0.40666666666666668 0.90666666666666662
0.43422699110202906 0.934226991102029
0.47613532010800325 0.9761353201080033
0.5 1
0.40926907082828373 0.93230183768245212
0.44206879745988908 0.96984657523766693
0.47696723314583156 1
0.41378237639377752 0.97408294287294239
0.43969943352083513 1
0.41666666666666669 1
0.5 1
0.47613532010800325 0.9761353201080033
0.43422699110202906 0.934226991102029
0.40666666666666668 0.90666666666666662
0.5 0.97696723314583156
0.46984657523766682 0.94206879745988914
0.43230183768245217 0.90926907082828368
0.5 0.93969943352083507
0.4740829428729425 0.91378237639377746
0.5 0.91666666666666663
0.5 0.91666666666666663
0.52516644822610981 0.94183311489277644
0.56243424785110629 0.97910091451777292
0.58333333333333337 1
0.5 0.93969943352083507
0.52898392536205963 0.97342836980650416
0.56030056647916493 1
0.5 0.97696723314583156
0.52303276685416844 1
0.5 1
0.58333333333333337 1
0.56243424785110629 0.97910091451777292
0.52516644822610981 0.94183311489277644
0.5 0.91666666666666663
0.58621762360622254 0.97985152341872073
0.56023466669317601 0.94912355558206496
0.52591705712705739 0.9195509569395558
0.59073092917171632 0.94709702935921802
0.56769816231754788 0.92406426250504958
0.59333333333333338 0.92666666666666664
0.59333333333333338 0.92666666666666664
0.61553418714967356 0.94886752048300682
0.64816145739369213 0.9814947907270255
0.66666666666666663 1
0.59073092917171632 0.94709702935921802
0.6155758669930691 0.97668697810418026
0.64363389981249797 1
0.58621762360622254 0.97985152341872073
0.60636610018750181 1
0.58333333333333337 1
0.66666666666666663 1
0.64816145739369213 0.9814947907270255
0.61553418714967356 0.94886752048300682
0.59333333333333338 0.92666666666666664
0.67166240396308741 0.98196297044225234
0.64936899409806426 0.95492454965361995
0.61875943332230521 0.92905999980147025
0.67947967851260593 0.95251244536677437
0.65933120193132666 0.9323639687854951
0.68398717474235537 0.93398717474235537
0.68398717474235537 0.93398717474235537
0.70344534457558494 0.95344534457558494
0.7326755115387118 0.9826755115387118
0.75 1
0.67947967851260593 0.95251244536677437
0.70097148089110584 0.97874925866888374
0.72696723314583134 1
0.67166240396308741 0.98196297044225234
0.68969943352083507 1
0.66666666666666663 1
0.75 1
0.7326755115387118 0.9826755115387118
0.70344534457558494 0.95344534457558494
0.68398717474235537 0.93398717474235537
0.75576858054577833 0.98273581369160989
0.73569518577556081 0.95791740799778313
0.70828102591255271 0.93524825905838427
0.76479519167676591 0.95449462519760098
0.74675816211901813 0.9364575956398532
0.77000000000000002 0.93666666666666665
0.77000000000000002 0.93666666666666665
0.78767329623514626 0.95433996290181289
0.81566003709818713 0.98232670376485376
0.83333333333333337 1
0.76479519167676591 0.95449462519760098
0.78461818064429112 0.97906262508873565
0.81030056647916493 1
0.75576858054577833 0.98273581369160989
0.77303276685416822 1
0.75 1
0.83333333333333337 1
0.81566003709818713 0.98232670376485376
0.78767329623514626 0.95433996290181289
0.77000000000000002 0.93666666666666665
0.83832907062975415 0.98196297044225234
0.81841130774928639 0.95730019663817534
0.7928236958273549 0.9364575956398532
0.84614634517927267 0.95251244536677437
0.82888215887088279 0.93524825905838427
0.85065384140902212 0.93398717474235537
0.85065384140902212 0.93398717474235537
0.86797832987031032 0.95131166320364358
0.89720849683343706 0.98054183016677043
0.91666666666666663 1
0.84614634517927267 0.95251244536677437
0.86643199997349074 0.9775431110846019
0.89363389981249819 1
0.83832907062975415 0.98196297044225234
0.85636610018750181 1
0.83333333333333337 1
0.91666666666666663 1
0.89720849683343706 0.98054183016677043
0.86797832987031032 0.95131166320364358
0.85065384140902212 0.93398717474235537
0.9195509569395558 0.97985152341872073
0.89768274130460712 0.9532382968601627
0.87206340230633028 0.9323639687854951
0.92406426250504958 0.94709702935921802
0.90602723294730203 0.92905999980147025
0.92666666666666664 0.92666666666666664
0.92666666666666664 0.92666666666666664
0.94517187593964114 0.94517187593964114
0.97779914618365982 0.97779914618365982
1 1
0.92406426250504958 0.94709702935921802
0.94682009142899992 0.97459786920677771
0.97696723314583156 1
0.9195509569395558 0.97985152341872073
0.93969943352083507 1
0.91666666666666663 1
1 1
0.97779914618365982 0.97779914618365982
0.94517187593964114 0.94517187593964114
0.92666666666666664 0.92666666666666664
1 0.97696723314583156
0.97459786920677771 0.94682009142899992
0.94709702935921802 0.92406426250504958
1 0.93969943352083507
0.97985152341872073 0.9195509569395558
1 0.91666666666666663
