dimension,n,curved,capacity,point,xi,eta,zeta,x,y,z,field,dx,dy,dz,order,method,value,input_error,geometry_residual,inverse_residual,initialization_seconds,evaluation_seconds
2,2,1,10,0,0.23000000000000001,0.31,0.37,0.46604250000000036,0.57650775000000043,0,constant,1,0,0,1,recursive,-5.7767790594721629e-16,6.6613381477509392e-16,3.7747582837255322e-15,2.7755575615628914e-17,0.00041420801426284015,0.0005267500237096101
2,2,1,10,0,0.23000000000000001,0.31,0.37,0.46604250000000036,0.57650775000000043,0,constant,1,0,0,1,direct,-9.0744345404257113e-15,6.6613381477509392e-16,3.7747582837255322e-15,2.7755575615628914e-17,0.00041420801426284015,0.0005267500237096101
2,2,1,10,0,0.23000000000000001,0.31,0.37,0.46604250000000036,0.57650775000000043,0,constant,1,0,0,1,fe_geometry,-9.0744345404259512e-15,6.6613381477509392e-16,3.7747582837255322e-15,2.7755575615628914e-17,0.00041420801426284015,0.0005267500237096101
2,2,1,10,0,0.23000000000000001,0.31,0.37,0.46604250000000036,0.57650775000000043,0,constant,0,1,0,1,recursive,-1.8098489473149871e-15,6.6613381477509392e-16,3.7747582837255322e-15,2.7755575615628914e-17,0.00041420801426284015,0.0005267500237096101
2,2,1,10,0,0.23000000000000001,0.31,0.37,0.46604250000000036,0.57650775000000043,0,constant,0,1,0,1,direct,-3.1535386520964816e-14,6.6613381477509392e-16,3.7747582837255322e-15,2.7755575615628914e-17,0.00041420801426284015,0.0005267500237096101
2,2,1,10,0,0.23000000000000001,0.31,0.37,0.46604250000000036,0.57650775000000043,0,constant,0,1,0,1,fe_geometry,-3.1535386520964576e-14,6.6613381477509392e-16,3.7747582837255322e-15,2.7755575615628914e-17,0.00041420801426284015,0.0005267500237096101
2,2,1,10,0,0.23000000000000001,0.31,0.37,0.46604250000000036,0.57650775000000043,0,constant,2,0,0,2,recursive,2.9973767111432782e-13,6.6613381477509392e-16,3.7747582837255322e-15,2.7755575615628914e-17,0.00041420801426284015,0.0005267500237096101
2,2,1,10,0,0.23000000000000001,0.31,0.37,0.46604250000000036,0.57650775000000043,0,constant,2,0,0,2,direct,1.2811100677814929e-13,6.6613381477509392e-16,3.7747582837255322e-15,2.7755575615628914e-17,0.00041420801426284015,0.0005267500237096101
2,2,1,10,0,0.23000000000000001,0.31,0.37,0.46604250000000036,0.57650775000000043,0,constant,2,0,0,2,fe_geometry,1.2811100677814952e-13,6.6613381477509392e-16,3.7747582837255322e-15,2.7755575615628914e-17,0.00041420801426284015,0.0005267500237096101
2,2,1,10,0,0.23000000000000001,0.31,0.37,0.46604250000000036,0.57650775000000043,0,constant,1,1,0,2,recursive,-1.8231055796086326e-13,6.6613381477509392e-16,3.7747582837255322e-15,2.7755575615628914e-17,0.00041420801426284015,0.0005267500237096101
2,2,1,10,0,0.23000000000000001,0.31,0.37,0.46604250000000036,0.57650775000000043,0,constant,1,1,0,2,direct,1.1085674671714527e-13,6.6613381477509392e-16,3.7747582837255322e-15,2.7755575615628914e-17,0.00041420801426284015,0.0005267500237096101
2,2,1,10,0,0.23000000000000001,0.31,0.37,0.46604250000000036,0.57650775000000043,0,constant,1,1,0,2,fe_geometry,1.1085674671714528e-13,6.6613381477509392e-16,3.7747582837255322e-15,2.7755575615628914e-17,0.00041420801426284015,0.0005267500237096101
2,2,1,10,0,0.23000000000000001,0.31,0.37,0.46604250000000036,0.57650775000000043,0,constant,0,2,0,2,recursive,-9.7734962465009491e-14,6.6613381477509392e-16,3.7747582837255322e-15,2.7755575615628914e-17,0.00041420801426284015,0.0005267500237096101
2,2,1,10,0,0.23000000000000001,0.31,0.37,0.46604250000000036,0.57650775000000043,0,constant,0,2,0,2,direct,1.4384137716804817e-13,6.6613381477509392e-16,3.7747582837255322e-15,2.7755575615628914e-17,0.00041420801426284015,0.0005267500237096101
2,2,1,10,0,0.23000000000000001,0.31,0.37,0.46604250000000036,0.57650775000000043,0,constant,0,2,0,2,fe_geometry,1.4384137716804408e-13,6.6613381477509392e-16,3.7747582837255322e-15,2.7755575615628914e-17,0.00041420801426284015,0.0005267500237096101
2,2,1,10,0,0.23000000000000001,0.31,0.37,0.46604250000000036,0.57650775000000043,0,constant,3,0,0,3,recursive,6.1495628727533415e-13,6.6613381477509392e-16,3.7747582837255322e-15,2.7755575615628914e-17,0.00041420801426284015,0.0005267500237096101
2,2,1,10,0,0.23000000000000001,0.31,0.37,0.46604250000000036,0.57650775000000043,0,constant,3,0,0,3,direct,1.5457781985882566e-12,6.6613381477509392e-16,3.7747582837255322e-15,2.7755575615628914e-17,0.00041420801426284015,0.0005267500237096101
2,2,1,10,0,0.23000000000000001,0.31,0.37,0.46604250000000036,0.57650775000000043,0,constant,3,0,0,3,fe_geometry,1.545778198588382e-12,6.6613381477509392e-16,3.7747582837255322e-15,2.7755575615628914e-17,0.00041420801426284015,0.0005267500237096101
2,2,1,10,0,0.23000000000000001,0.31,0.37,0.46604250000000036,0.57650775000000043,0,constant,2,1,0,3,recursive,4.7348544431618688e-13,6.6613381477509392e-16,3.7747582837255322e-15,2.7755575615628914e-17,0.00041420801426284015,0.0005267500237096101
2,2,1,10,0,0.23000000000000001,0.31,0.37,0.46604250000000036,0.57650775000000043,0,constant,2,1,0,3,direct,1.339034342485523e-12,6.6613381477509392e-16,3.7747582837255322e-15,2.7755575615628914e-17,0.00041420801426284015,0.0005267500237096101
2,2,1,10,0,0.23000000000000001,0.31,0.37,0.46604250000000036,0.57650775000000043,0,constant,2,1,0,3,fe_geometry,1.3390343424855608e-12,6.6613381477509392e-16,3.7747582837255322e-15,2.7755575615628914e-17,0.00041420801426284015,0.0005267500237096101
2,2,1,10,0,0.23000000000000001,0.31,0.37,0.46604250000000036,0.57650775000000043,0,constant,1,2,0,3,recursive,1.0952554561879749e-12,6.6613381477509392e-16,3.7747582837255322e-15,2.7755575615628914e-17,0.00041420801426284015,0.0005267500237096101
2,2,1,10,0,0.23000000000000001,0.31,0.37,0.46604250000000036,0.57650775000000043,0,constant,1,2,0,3,direct,2.5982224618028144e-12,6.6613381477509392e-16,3.7747582837255322e-15,2.7755575615628914e-17,0.00041420801426284015,0.0005267500237096101
2,2,1,10,0,0.23000000000000001,0.31,0.37,0.46604250000000036,0.57650775000000043,0,constant,1,2,0,3,fe_geometry,2.5982224618028059e-12,6.6613381477509392e-16,3.7747582837255322e-15,2.7755575615628914e-17,0.00041420801426284015,0.0005267500237096101
2,2,1,10,0,0.23000000000000001,0.31,0.37,0.46604250000000036,0.57650775000000043,0,constant,0,3,0,3,recursive,-3.3081736384388465e-13,6.6613381477509392e-16,3.7747582837255322e-15,2.7755575615628914e-17,0.00041420801426284015,0.0005267500237096101
2,2,1,10,0,0.23000000000000001,0.31,0.37,0.46604250000000036,0.57650775000000043,0,constant,0,3,0,3,direct,3.6370195898873454e-12,6.6613381477509392e-16,3.7747582837255322e-15,2.7755575615628914e-17,0.00041420801426284015,0.0005267500237096101
2,2,1,10,0,0.23000000000000001,0.31,0.37,0.46604250000000036,0.57650775000000043,0,constant,0,3,0,3,fe_geometry,3.6370195898872509e-12,6.6613381477509392e-16,3.7747582837255322e-15,2.7755575615628914e-17,0.00041420801426284015,0.0005267500237096101
2,2,1,10,0,0.23000000000000001,0.31,0.37,0.46604250000000036,0.57650775000000043,0,constant,4,0,0,4,recursive,-1.3276542906496937e-10,6.6613381477509392e-16,3.7747582837255322e-15,2.7755575615628914e-17,0.00041420801426284015,0.0005267500237096101
2,2,1,10,0,0.23000000000000001,0.31,0.37,0.46604250000000036,0.57650775000000043,0,constant,4,0,0,4,direct,-2.0932184977919926e-11,6.6613381477509392e-16,3.7747582837255322e-15,2.7755575615628914e-17,0.00041420801426284015,0.0005267500237096101
2,2,1,10,0,0.23000000000000001,0.31,0.37,0.46604250000000036,0.57650775000000043,0,constant,4,0,0,4,fe_geometry,-2.0932184977920601e-11,6.6613381477509392e-16,3.7747582837255322e-15,2.7755575615628914e-17,0.00041420801426284015,0.0005267500237096101
2,2,1,10,0,0.23000000000000001,0.31,0.37,0.46604250000000036,0.57650775000000043,0,constant,3,1,0,4,recursive,2.715194157655987e-11,6.6613381477509392e-16,3.7747582837255322e-15,2.7755575615628914e-17,0.00041420801426284015,0.0005267500237096101
2,2,1,10,0,0.23000000000000001,0.31,0.37,0.46604250000000036,0.57650775000000043,0,constant,3,1,0,4,direct,-3.0931017766387564e-11,6.6613381477509392e-16,3.7747582837255322e-15,2.7755575615628914e-17,0.00041420801426284015,0.0005267500237096101
2,2,1,10,0,0.23000000000000001,0.31,0.37,0.46604250000000036,0.57650775000000043,0,constant,3,1,0,4,fe_geometry,-3.093101776638684e-11,6.6613381477509392e-16,3.7747582837255322e-15,2.7755575615628914e-17,0.00041420801426284015,0.0005267500237096101
2,2,1,10,0,0.23000000000000001,0.31,0.37,0.46604250000000036,0.57650775000000043,0,constant,2,2,0,4,recursive,-4.1050361339293814e-11,6.6613381477509392e-16,3.7747582837255322e-15,2.7755575615628914e-17,0.00041420801426284015,0.0005267500237096101
2,2,1,10,0,0.23000000000000001,0.31,0.37,0.46604250000000036,0.57650775000000043,0,constant,2,2,0,4,direct,1.2218654549650752e-11,6.6613381477509392e-16,3.7747582837255322e-15,2.7755575615628914e-17,0.00041420801426284015,0.0005267500237096101
2,2,1,10,0,0.23000000000000001,0.31,0.37,0.46604250000000036,0.57650775000000043,0,constant,2,2,0,4,fe_geometry,1.2218654549651215e-11,6.6613381477509392e-16,3.7747582837255322e-15,2.7755575615628914e-17,0.00041420801426284015,0.0005267500237096101
2,2,1,10,0,0.23000000000000001,0.31,0.37,0.46604250000000036,0.57650775000000043,0,constant,1,3,0,4,recursive,4.4081553960779454e-11,6.6613381477509392e-16,3.7747582837255322e-15,2.7755575615628914e-17,0.00041420801426284015,0.0005267500237096101
2,2,1,10,0,0.23000000000000001,0.31,0.37,0.46604250000000036,0.57650775000000043,0,constant,1,3,0,4,direct,-2.6783622149586089e-11,6.6613381477509392e-16,3.7747582837255322e-15,2.7755575615628914e-17,0.00041420801426284015,0.0005267500237096101
2,2,1,10,0,0.23000000000000001,0.31,0.37,0.46604250000000036,0.57650775000000043,0,constant,1,3,0,4,fe_geometry,-2.6783622149586018e-11,6.6613381477509392e-16,3.7747582837255322e-15,2.7755575615628914e-17,0.00041420801426284015,0.0005267500237096101
2,2,1,10,0,0.23000000000000001,0.31,0.37,0.46604250000000036,0.57650775000000043,0,constant,0,4,0,4,recursive,4.2190942222611059e-11,6.6613381477509392e-16,3.7747582837255322e-15,2.7755575615628914e-17,0.00041420801426284015,0.0005267500237096101
2,2,1,10,0,0.23000000000000001,0.31,0.37,0.46604250000000036,0.57650775000000043,0,constant,0,4,0,4,direct,-6.4732283543991916e-11,6.6613381477509392e-16,3.7747582837255322e-15,2.7755575615628914e-17,0.00041420801426284015,0.0005267500237096101
2,2,1,10,0,0.23000000000000001,0.31,0.37,0.46604250000000036,0.57650775000000043,0,constant,0,4,0,4,fe_geometry,-6.4732283543988995e-11,6.6613381477509392e-16,3.7747582837255322e-15,2.7755575615628914e-17,0.00041420801426284015,0.0005267500237096101
2,2,1,10,0,0.23000000000000001,0.31,0.37,0.46604250000000036,0.57650775000000043,0,constant,5,0,0,5,recursive,1.4654256852254641e-09,6.6613381477509392e-16,3.7747582837255322e-15,2.7755575615628914e-17,0.00041420801426284015,0.0005267500237096101
2,2,1,10,0,0.23000000000000001,0.31,0.37,0.46604250000000036,0.57650775000000043,0,constant,5,0,0,5,direct,-2.5704179736456972e-11,6.6613381477509392e-16,3.7747582837255322e-15,2.7755575615628914e-17,0.00041420801426284015,0.0005267500237096101
2,2,1,10,0,0.23000000000000001,0.31,0.37,0.46604250000000036,0.57650775000000043,0,constant,5,0,0,5,fe_geometry,-2.570417973650427e-11,6.6613381477509392e-16,3.7747582837255322e-15,2.7755575615628914e-17,0.00041420801426284015,0.0005267500237096101
2,2,1,10,0,0.23000000000000001,0.31,0.37,0.46604250000000036,0.57650775000000043,0,constant,4,1,0,5,recursive,-3.3470789498525908e-10,6.6613381477509392e-16,3.7747582837255322e-15,2.7755575615628914e-17,0.00041420801426284015,0.0005267500237096101
2,2,1,10,0,0.23000000000000001,0.31,0.37,0.46604250000000036,0.57650775000000043,0,constant,4,1,0,5,direct,2.5254453361532284e-10,6.6613381477509392e-16,3.7747582837255322e-15,2.7755575615628914e-17,0.00041420801426284015,0.0005267500237096101
2,2,1,10,0,0.23000000000000001,0.31,0.37,0.46604250000000036,0.57650775000000043,0,constant,4,1,0,5,fe_geometry,2.525445336152987e-10,6.6613381477509392e-16,3.7747582837255322e-15,2.7755575615628914e-17,0.00041420801426284015,0.0005267500237096101
2,2,1,10,0,0.23000000000000001,0.31,0.37,0.46604250000000036,0.57650775000000043,0,constant,3,2,0,5,recursive,-2.23601793773522e-10,6.6613381477509392e-16,3.7747582837255322e-15,2.7755575615628914e-17,0.00041420801426284015,0.0005267500237096101
2,2,1,10,0,0.23000000000000001,0.31,0.37,0.46604250000000036,0.57650775000000043,0,constant,3,2,0,5,direct,-3.212173402755795e-10,6.6613381477509392e-16,3.7747582837255322e-15,2.7755575615628914e-17,0.00041420801426284015,0.0005267500237096101
2,2,1,10,0,0.23000000000000001,0.31,0.37,0.46604250000000036,0.57650775000000043,0,constant,3,2,0,5,fe_geometry,-3.2121734027559109e-10,6.6613381477509392e-16,3.7747582837255322e-15,2.7755575615628914e-17,0.00041420801426284015,0.0005267500237096101
2,2,1,10,0,0.23000000000000001,0.31,0.37,0.46604250000000036,0.57650775000000043,0,constant,2,3,0,5,recursive,-8.5687298291202454e-11,6.6613381477509392e-16,3.7747582837255322e-15,2.7755575615628914e-17,0.00041420801426284015,0.0005267500237096101
2,2,1,10,0,0.23000000000000001,0.31,0.37,0.46604250000000036,0.57650775000000043,0,constant,2,3,0,5,direct,-1.7585760101175124e-10,6.6613381477509392e-16,3.7747582837255322e-15,2.7755575615628914e-17,0.00041420801426284015,0.0005267500237096101
2,2,1,10,0,0.23000000000000001,0.31,0.37,0.46604250000000036,0.57650775000000043,0,constant,2,3,0,5,fe_geometry,-1.7585760101175378e-10,6.6613381477509392e-16,3.7747582837255322e-15,2.7755575615628914e-17,0.00041420801426284015,0.0005267500237096101
2,2,1,10,0,0.23000000000000001,0.31,0.37,0.46604250000000036,0.57650775000000043,0,constant,1,4,0,5,recursive,-5.3907387905495411e-10,6.6613381477509392e-16,3.7747582837255322e-15,2.7755575615628914e-17,0.00041420801426284015,0.0005267500237096101
2,2,1,10,0,0.23000000000000001,0.31,0.37,0.46604250000000036,0.57650775000000043,0,constant,1,4,0,5,direct,-5.5986060434099769e-10,6.6613381477509392e-16,3.7747582837255322e-15,2.7755575615628914e-17,0.00041420801426284015,0.0005267500237096101
2,2,1,10,0,0.23000000000000001,0.31,0.37,0.46604250000000036,0.57650775000000043,0,constant,1,4,0,5,fe_geometry,-5.5986060434098797e-10,6.6613381477509392e-16,3.7747582837255322e-15,2.7755575615628914e-17,0.00041420801426284015,0.0005267500237096101
2,2,1,10,0,0.23000000000000001,0.31,0.37,0.46604250000000036,0.57650775000000043,0,constant,0,5,0,5,recursive,-3.684504802243891e-10,6.6613381477509392e-16,3.7747582837255322e-15,2.7755575615628914e-17,0.00041420801426284015,0.0005267500237096101
2,2,1,10,0,0.23000000000000001,0.31,0.37,0.46604250000000036,0.57650775000000043,0,constant,0,5,0,5,direct,1.1823935488794225e-10,6.6613381477509392e-16,3.7747582837255322e-15,2.7755575615628914e-17,0.00041420801426284015,0.0005267500237096101
2,2,1,10,0,0.23000000000000001,0.31,0.37,0.46604250000000036,0.57650775000000043,0,constant,0,5,0,5,fe_geometry,1.1823935488793628e-10,6.6613381477509392e-16,3.7747582837255322e-15,2.7755575615628914e-17,0.00041420801426284015,0.0005267500237096101
2,2,1,10,0,0.23000000000000001,0.31,0.37,0.46604250000000036,0.57650775000000043,0,constant,6,0,0,6,recursive,5.1633891902909755e-09,6.6613381477509392e-16,3.7747582837255322e-15,2.7755575615628914e-17,0.00041420801426284015,0.0005267500237096101
2,2,1,10,0,0.23000000000000001,0.31,0.37,0.46604250000000036,0.57650775000000043,0,constant,6,0,0,6,direct,4.1025204580025269e-10,6.6613381477509392e-16,3.7747582837255322e-15,2.7755575615628914e-17,0.00041420801426284015,0.0005267500237096101
2,2,1,10,0,0.23000000000000001,0.31,0.37,0.46604250000000036,0.57650775000000043,0,constant,6,0,0,6,fe_geometry,4.1025204580116663e-10,6.6613381477509392e-16,3.7747582837255322e-15,2.7755575615628914e-17,0.00041420801426284015,0.0005267500237096101
2,2,1,10,0,0.23000000000000001,0.31,0.37,0.46604250000000036,0.57650775000000043,0,constant,5,1,0,6,recursive,1.2996705059795506e-09,6.6613381477509392e-16,3.7747582837255322e-15,2.7755575615628914e-17,0.00041420801426284015,0.0005267500237096101
2,2,1,10,0,0.23000000000000001,0.31,0.37,0.46604250000000036,0.57650775000000043,0,constant,5,1,0,6,direct,3.0220160561282841e-10,6.6613381477509392e-16,3.7747582837255322e-15,2.7755575615628914e-17,0.00041420801426284015,0.0005267500237096101
2,2,1,10,0,0.23000000000000001,0.31,0.37,0.46604250000000036,0.57650775000000043,0,constant,5,1,0,6,fe_geometry,3.022016056129135e-10,6.6613381477509392e-16,3.7747582837255322e-15,2.7755575615628914e-17,0.00041420801426284015,0.0005267500237096101
2,2,1,10,0,0.23000000000000001,0.31,0.37,0.46604250000000036,0.57650775000000043,0,constant,4,2,0,6,recursive,1.7191489151723151e-08,6.6613381477509392e-16,3.7747582837255322e-15,2.7755575615628914e-17,0.00041420801426284015,0.0005267500237096101
2,2,1,10,0,0.23000000000000001,0.31,0.37,0.46604250000000036,0.57650775000000043,0,constant,4,2,0,6,direct,2.6167929652354511e-09,6.6613381477509392e-16,3.7747582837255322e-15,2.7755575615628914e-17,0.00041420801426284015,0.0005267500237096101
2,2,1,10,0,0.23000000000000001,0.31,0.37,0.46604250000000036,0.57650775000000043,0,constant,4,2,0,6,fe_geometry,2.6167929652354138e-09,6.6613381477509392e-16,3.7747582837255322e-15,2.7755575615628914e-17,0.00041420801426284015,0.0005267500237096101
2,2,1,10,0,0.23000000000000001,0.31,0.37,0.46604250000000036,0.57650775000000043,0,constant,3,3,0,6,recursive,-7.5184935028957989e-09,6.6613381477509392e-16,3.7747582837255322e-15,2.7755575615628914e-17,0.00041420801426284015,0.0005267500237096101
2,2,1,10,0,0.23000000000000001,0.31,0.37,0.46604250000000036,0.57650775000000043,0,constant,3,3,0,6,direct,6.36631094706004e-09,6.6613381477509392e-16,3.7747582837255322e-15,2.7755575615628914e-17,0.00041420801426284015,0.0005267500237096101
2,2,1,10,0,0.23000000000000001,0.31,0.37,0.46604250000000036,0.57650775000000043,0,constant,3,3,0,6,fe_geometry,6.3663109470597679e-09,6.6613381477509392e-16,3.7747582837255322e-15,2.7755575615628914e-17,0.00041420801426284015,0.0005267500237096101
2,2,1,10,0,0.23000000000000001,0.31,0.37,0.46604250000000036,0.57650775000000043,0,constant,2,4,0,6,recursive,5.1117550841488746e-09,6.6613381477509392e-16,3.7747582837255322e-15,2.7755575615628914e-17,0.00041420801426284015,0.0005267500237096101
2,2,1,10,0,0.23000000000000001,0.31,0.37,0.46604250000000036,0.57650775000000043,0,constant,2,4,0,6,direct,3.7678774294798378e-10,6.6613381477509392e-16,3.7747582837255322e-15,2.7755575615628914e-17,0.00041420801426284015,0.0005267500237096101
2,2,1,10,0,0.23000000000000001,0.31,0.37,0.46604250000000036,0.57650775000000043,0,constant,2,4,0,6,fe_geometry,3.7678774294769126e-10,6.6613381477509392e-16,3.7747582837255322e-15,2.7755575615628914e-17,0.00041420801426284015,0.0005267500237096101
2,2,1,10,0,0.23000000000000001,0.31,0.37,0.46604250000000036,0.57650775000000043,0,constant,1,5,0,6,recursive,-1.3915081382225511e-09,6.6613381477509392e-16,3.7747582837255322e-15,2.7755575615628914e-17,0.00041420801426284015,0.0005267500237096101
2,2,1,10,0,0.23000000000000001,0.31,0.37,0.46604250000000036,0.57650775000000043,0,constant,1,5,0,6,direct,1.5838710730562304e-09,6.6613381477509392e-16,3.7747582837255322e-15,2.7755575615628914e-17,0.00041420801426284015,0.0005267500237096101
2,2,1,10,0,0.23000000000000001,0.31,0.37,0.46604250000000036,0.57650775000000043,0,constant,1,5,0,6,fe_geometry,1.583871073056078e-09,6.6613381477509392e-16,3.7747582837255322e-15,2.7755575615628914e-17,0.00041420801426284015,0.0005267500237096101
2,2,1,10,0,0.23000000000000001,0.31,0.37,0.46604250000000036,0.57650775000000043,0,constant,0,6,0,6,recursive,-1.0457313553449465e-09,6.6613381477509392e-16,3.7747582837255322e-15,2.7755575615628914e-17,0.00041420801426284015,0.0005267500237096101
2,2,1,10,0,0.23000000000000001,0.31,0.37,0.46604250000000036,0.57650775000000043,0,constant,0,6,0,6,direct,3.9880841115256511e-09,6.6613381477509392e-16,3.7747582837255322e-15,2.7755575615628914e-17,0.00041420801426284015,0.0005267500237096101
2,2,1,10,0,0.23000000000000001,0.31,0.37,0.46604250000000036,0.57650775000000043,0,constant,0,6,0,6,fe_geometry,3.9880841115256685e-09,6.6613381477509392e-16,3.7747582837255322e-15,2.7755575615628914e-17,0.00041420801426284015,0.0005267500237096101
2,2,1,10,0,0.23000000000000001,0.31,0.37,0.46604250000000036,0.57650775000000043,0,constant,7,0,0,7,recursive,-1.4050570470491835e-08,6.6613381477509392e-16,3.7747582837255322e-15,2.7755575615628914e-17,0.00041420801426284015,0.0005267500237096101
2,2,1,10,0,0.23000000000000001,0.31,0.37,0.46604250000000036,0.57650775000000043,0,constant,7,0,0,7,direct,8.2004142137406681e-09,6.6613381477509392e-16,3.7747582837255322e-15,2.7755575615628914e-17,0.00041420801426284015,0.0005267500237096101
2,2,1,10,0,0.23000000000000001,0.31,0.37,0.46604250000000036,0.57650775000000043,0,constant,7,0,0,7,fe_geometry,8.200414213736916e-09,6.6613381477509392e-16,3.7747582837255322e-15,2.7755575615628914e-17,0.00041420801426284015,0.0005267500237096101
2,2,1,10,0,0.23000000000000001,0.31,0.37,0.46604250000000036,0.57650775000000043,0,constant,6,1,0,7,recursive,4.784512954311433e-09,6.6613381477509392e-16,3.7747582837255322e-15,2.7755575615628914e-17,0.00041420801426284015,0.0005267500237096101
2,2,1,10,0,0.23000000000000001,0.31,0.37,0.46604250000000036,0.57650775000000043,0,constant,6,1,0,7,direct,-5.1814596914971155e-09,6.6613381477509392e-16,3.7747582837255322e-15,2.7755575615628914e-17,0.00041420801426284015,0.0005267500237096101
2,2,1,10,0,0.23000000000000001,0.31,0.37,0.46604250000000036,0.57650775000000043,0,constant,6,1,0,7,fe_geometry,-5.1814596914905121e-09,6.6613381477509392e-16,3.7747582837255322e-15,2.7755575615628914e-17,0.00041420801426284015,0.0005267500237096101
2,2,1,10,0,0.23000000000000001,0.31,0.37,0.46604250000000036,0.57650775000000043,0,constant,5,2,0,7,recursive,-1.8313512440257978e-07,6.6613381477509392e-16,3.7747582837255322e-15,2.7755575615628914e-17,0.00041420801426284015,0.0005267500237096101
2,2,1,10,0,0.23000000000000001,0.31,0.37,0.46604250000000036,0.57650775000000043,0,constant,5,2,0,7,direct,-1.7996730411895322e-10,6.6613381477509392e-16,3.7747582837255322e-15,2.7755575615628914e-17,0.00041420801426284015,0.0005267500237096101
2,2,1,10,0,0.23000000000000001,0.31,0.37,0.46604250000000036,0.57650775000000043,0,constant,5,2,0,7,fe_geometry,-1.7996730411105863e-10,6.6613381477509392e-16,3.7747582837255322e-15,2.7755575615628914e-17,0.00041420801426284015,0.0005267500237096101
2,2,1,10,0,0.23000000000000001,0.31,0.37,0.46604250000000036,0.57650775000000043,0,constant,4,3,0,7,recursive,7.5400570643898872e-08,6.6613381477509392e-16,3.7747582837255322e-15,2.7755575615628914e-17,0.00041420801426284015,0.0005267500237096101
2,2,1,10,0,0.23000000000000001,0.31,0.37,0.46604250000000036,0.57650775000000043,0,constant,4,3,0,7,direct,-4.8588631604255865e-08,6.6613381477509392e-16,3.7747582837255322e-15,2.7755575615628914e-17,0.00041420801426284015,0.0005267500237096101
2,2,1,10,0,0.23000000000000001,0.31,0.37,0.46604250000000036,0.57650775000000043,0,constant,4,3,0,7,fe_geometry,-4.8588631604250326e-08,6.6613381477509392e-16,3.7747582837255322e-15,2.7755575615628914e-17,0.00041420801426284015,0.0005267500237096101
2,2,1,10,0,0.23000000000000001,0.31,0.37,0.46604250000000036,0.57650775000000043,0,constant,3,4,0,7,recursive,1.1840280326333872e-07,6.6613381477509392e-16,3.7747582837255322e-15,2.7755575615628914e-17,0.00041420801426284015,0.0005267500237096101
2,2,1,10,0,0.23000000000000001,0.31,0.37,0.46604250000000036,0.57650775000000043,0,constant,3,4,0,7,direct,3.5917600810767982e-08,6.6613381477509392e-16,3.7747582837255322e-15,2.7755575615628914e-17,0.00041420801426284015,0.0005267500237096101
2,2,1,10,0,0.23000000000000001,0.31,0.37,0.46604250000000036,0.57650775000000043,0,constant,3,4,0,7,fe_geometry,3.5917600810770318e-08,6.6613381477509392e-16,3.7747582837255322e-15,2.7755575615628914e-17,0.00041420801426284015,0.0005267500237096101
2,2,1,10,0,0.23000000000000001,0.31,0.37,0.46604250000000036,0.57650775000000043,0,constant,2,5,0,7,recursive,1.2541481892014396e-08,6.6613381477509392e-16,3.7747582837255322e-15,2.7755575615628914e-17,0.00041420801426284015,0.0005267500237096101
2,2,1,10,0,0.23000000000000001,0.31,0.37,0.46604250000000036,0.57650775000000043,0,constant,2,5,0,7,direct,-7.6489088271860041e-09,6.6613381477509392e-16,3.7747582837255322e-15,2.7755575615628914e-17,0.00041420801426284015,0.0005267500237096101
2,2,1,10,0,0.23000000000000001,0.31,0.37,0.46604250000000036,0.57650775000000043,0,constant,2,5,0,7,fe_geometry,-7.6489088271857311e-09,6.6613381477509392e-16,3.7747582837255322e-15,2.7755575615628914e-17,0.00041420801426284015,0.0005267500237096101
2,2,1,10,0,0.23000000000000001,0.31,0.37,0.46604250000000036,0.57650775000000043,0,constant,1,6,0,7,recursive,8.0649874812636353e-09,6.6613381477509392e-16,3.7747582837255322e-15,2.7755575615628914e-17,0.00041420801426284015,0.0005267500237096101
2,2,1,10,0,0.23000000000000001,0.31,0.37,0.46604250000000036,0.57650775000000043,0,constant,1,6,0,7,direct,4.1425683632400971e-08,6.6613381477509392e-16,3.7747582837255322e-15,2.7755575615628914e-17,0.00041420801426284015,0.0005267500237096101
2,2,1,10,0,0.23000000000000001,0.31,0.37,0.46604250000000036,0.57650775000000043,0,constant,1,6,0,7,fe_geometry,4.1425683632402896e-08,6.6613381477509392e-16,3.7747582837255322e-15,2.7755575615628914e-17,0.00041420801426284015,0.0005267500237096101
2,2,1,10,0,0.23000000000000001,0.31,0.37,0.46604250000000036,0.57650775000000043,0,constant,0,7,0,7,recursive,4.1378922350230157e-09,6.6613381477509392e-16,3.7747582837255322e-15,2.7755575615628914e-17,0.00041420801426284015,0.0005267500237096101
2,2,1,10,0,0.23000000000000001,0.31,0.37,0.46604250000000036,0.57650775000000043,0,constant,0,7,0,7,direct,6.0317026214517961e-08,6.6613381477509392e-16,3.7747582837255322e-15,2.7755575615628914e-17,0.00041420801426284015,0.0005267500237096101
2,2,1,10,0,0.23000000000000001,0.31,0.37,0.46604250000000036,0.57650775000000043,0,constant,0,7,0,7,fe_geometry,6.0317026214508895e-08,6.6613381477509392e-16,3.7747582837255322e-15,2.7755575615628914e-17,0.00041420801426284015,0.0005267500237096101
2,2,1,10,0,0.23000000000000001,0.31,0.37,0.46604250000000036,0.57650775000000043,0,constant,8,0,0,8,recursive,-6.3615011332899557e-07,6.6613381477509392e-16,3.7747582837255322e-15,2.7755575615628914e-17,0.00041420801426284015,0.0005267500237096101
2,2,1,10,0,0.23000000000000001,0.31,0.37,0.46604250000000036,0.57650775000000043,0,constant,8,0,0,8,direct,1.2949189211527085e-07,6.6613381477509392e-16,3.7747582837255322e-15,2.7755575615628914e-17,0.00041420801426284015,0.0005267500237096101
2,2,1,10,0,0.23000000000000001,0.31,0.37,0.46604250000000036,0.57650775000000043,0,constant,8,0,0,8,fe_geometry,1.2949189211524467e-07,6.6613381477509392e-16,3.7747582837255322e-15,2.7755575615628914e-17,0.00041420801426284015,0.0005267500237096101
2,2,1,10,0,0.23000000000000001,0.31,0.37,0.46604250000000036,0.57650775000000043,0,constant,7,1,0,8,recursive,-1.5261038810731774e-08,6.6613381477509392e-16,3.7747582837255322e-15,2.7755575615628914e-17,0.00041420801426284015,0.0005267500237096101
2,2,1,10,0,0.23000000000000001,0.31,0.37,0.46604250000000036,0.57650775000000043,0,constant,7,1,0,8,direct,-1.0258831720848818e-07,6.6613381477509392e-16,3.7747582837255322e-15,2.7755575615628914e-17,0.00041420801426284015,0.0005267500237096101
2,2,1,10,0,0.23000000000000001,0.31,0.37,0.46604250000000036,0.57650775000000043,0,constant,7,1,0,8,fe_geometry,-1.0258831720859238e-07,6.6613381477509392e-16,3.7747582837255322e-15,2.7755575615628914e-17,0.00041420801426284015,0.0005267500237096101
2,2,1,10,0,0.23000000000000001,0.31,0.37,0.46604250000000036,0.57650775000000043,0,constant,6,2,0,8,recursive,-6.1358356889556523e-07,6.6613381477509392e-16,3.7747582837255322e-15,2.7755575615628914e-17,0.00041420801426284015,0.0005267500237096101
2,2,1,10,0,0.23000000000000001,0.31,0.37,0.46604250000000036,0.57650775000000043,0,constant,6,2,0,8,direct,-9.7565980858709093e-08,6.6613381477509392e-16,3.7747582837255322e-15,2.7755575615628914e-17,0.00041420801426284015,0.0005267500237096101
2,2,1,10,0,0.23000000000000001,0.31,0.37,0.46604250000000036,0.57650775000000043,0,constant,6,2,0,8,fe_geometry,-9.756598085887715e-08,6.6613381477509392e-16,3.7747582837255322e-15,2.7755575615628914e-17,0.00041420801426284015,0.0005267500237096101
2,2,1,10,0,0.23000000000000001,0.31,0.37,0.46604250000000036,0.57650775000000043,0,constant,5,3,0,8,recursive,-1.4332070238263726e-07,6.6613381477509392e-16,3.7747582837255322e-15,2.7755575615628914e-17,0.00041420801426284015,0.0005267500237096101
2,2,1,10,0,0.23000000000000001,0.31,0.37,0.46604250000000036,0.57650775000000043,0,constant,5,3,0,8,direct,-7.5785531592153925e-08,6.6613381477509392e-16,3.7747582837255322e-15,2.7755575615628914e-17,0.00041420801426284015,0.0005267500237096101
2,2,1,10,0,0.23000000000000001,0.31,0.37,0.46604250000000036,0.57650775000000043,0,constant,5,3,0,8,fe_geometry,-7.5785531592108119e-08,6.6613381477509392e-16,3.7747582837255322e-15,2.7755575615628914e-17,0.00041420801426284015,0.0005267500237096101
2,2,1,10,0,0.23000000000000001,0.31,0.37,0.46604250000000036,0.57650775000000043,0,constant,4,4,0,8,recursive,-2.3921314795481776e-06,6.6613381477509392e-16,3.7747582837255322e-15,2.7755575615628914e-17,0.00041420801426284015,0.0005267500237096101
2,2,1,10,0,0.23000000000000001,0.31,0.37,0.46604250000000036,0.57650775000000043,0,constant,4,4,0,8,direct,-3.651804911897551e-07,6.6613381477509392e-16,3.7747582837255322e-15,2.7755575615628914e-17,0.00041420801426284015,0.0005267500237096101
2,2,1,10,0,0.23000000000000001,0.31,0.37,0.46604250000000036,0.57650775000000043,0,constant,4,4,0,8,fe_geometry,-3.651804911897073e-07,6.6613381477509392e-16,3.7747582837255322e-15,2.7755575615628914e-17,0.00041420801426284015,0.0005267500237096101
2,2,1,10,0,0.23000000000000001,0.31,0.37,0.46604250000000036,0.57650775000000043,0,constant,3,5,0,8,recursive,1.876820503436527e-07,6.6613381477509392e-16,3.7747582837255322e-15,2.7755575615628914e-17,0.00041420801426284015,0.0005267500237096101
2,2,1,10,0,0.23000000000000001,0.31,0.37,0.46604250000000036,0.57650775000000043,0,constant,3,5,0,8,direct,-2.0781378774337348e-07,6.6613381477509392e-16,3.7747582837255322e-15,2.7755575615628914e-17,0.00041420801426284015,0.0005267500237096101
2,2,1,10,0,0.23000000000000001,0.31,0.37,0.46604250000000036,0.57650775000000043,0,constant,3,5,0,8,fe_geometry,-2.0781378774328269e-07,6.6613381477509392e-16,3.7747582837255322e-15,2.7755575615628914e-17,0.00041420801426284015,0.0005267500237096101
2,2,1,10,0,0.23000000000000001,0.31,0.37,0.46604250000000036,0.57650775000000043,0,constant,2,6,0,8,recursive,-8.0750377689169918e-08,6.6613381477509392e-16,3.7747582837255322e-15,2.7755575615628914e-17,0.00041420801426284015,0.0005267500237096101
2,2,1,10,0,0.23000000000000001,0.31,0.37,0.46604250000000036,0.57650775000000043,0,constant,2,6,0,8,direct,-1.1875995718112925e-07,6.6613381477509392e-16,3.7747582837255322e-15,2.7755575615628914e-17,0.00041420801426284015,0.0005267500237096101
2,2,1,10,0,0.23000000000000001,0.31,0.37,0.46604250000000036,0.57650775000000043,0,constant,2,6,0,8,fe_geometry,-1.1875995718103488e-07,6.6613381477509392e-16,3.7747582837255322e-15,2.7755575615628914e-17,0.00041420801426284015,0.0005267500237096101
2,2,1,10,0,0.23000000000000001,0.31,0.37,0.46604250000000036,0.57650775000000043,0,constant,1,7,0,8,recursive,2.075183213105466e-07,6.6613381477509392e-16,3.7747582837255322e-15,2.7755575615628914e-17,0.00041420801426284015,0.0005267500237096101
2,2,1,10,0,0.23000000000000001,0.31,0.37,0.46604250000000036,0.57650775000000043,0,constant,1,7,0,8,direct,6.0493880023440923e-07,6.6613381477509392e-16,3.7747582837255322e-15,2.7755575615628914e-17,0.00041420801426284015,0.0005267500237096101
2,2,1,10,0,0.23000000000000001,0.31,0.37,0.46604250000000036,0.57650775000000043,0,constant,1,7,0,8,fe_geometry,6.0493880023435523e-07,6.6613381477509392e-16,3.7747582837255322e-15,2.7755575615628914e-17,0.00041420801426284015,0.0005267500237096101
2,2,1,10,0,0.23000000000000001,0.31,0.37,0.46604250000000036,0.57650775000000043,0,constant,0,8,0,8,recursive,1.2366496039503753e-07,6.6613381477509392e-16,3.7747582837255322e-15,2.7755575615628914e-17,0.00041420801426284015,0.0005267500237096101
2,2,1,10,0,0.23000000000000001,0.31,0.37,0.46604250000000036,0.57650775000000043,0,constant,0,8,0,8,direct,8.8194345697205878e-07,6.6613381477509392e-16,3.7747582837255322e-15,2.7755575615628914e-17,0.00041420801426284015,0.0005267500237096101
2,2,1,10,0,0.23000000000000001,0.31,0.37,0.46604250000000036,0.57650775000000043,0,constant,0,8,0,8,fe_geometry,8.8194345697193257e-07,6.6613381477509392e-16,3.7747582837255322e-15,2.7755575615628914e-17,0.00041420801426284015,0.0005267500237096101
2,2,1,10,0,0.23000000000000001,0.31,0.37,0.46604250000000036,0.57650775000000043,0,constant,9,0,0,9,recursive,-1.1537213059458043e-05,6.6613381477509392e-16,3.7747582837255322e-15,2.7755575615628914e-17,0.00041420801426284015,0.0005267500237096101
2,2,1,10,0,0.23000000000000001,0.31,0.37,0.46604250000000036,0.57650775000000043,0,constant,9,0,0,9,direct,2.0701976800629118e-06,6.6613381477509392e-16,3.7747582837255322e-15,2.7755575615628914e-17,0.00041420801426284015,0.0005267500237096101
2,2,1,10,0,0.23000000000000001,0.31,0.37,0.46604250000000036,0.57650775000000043,0,constant,9,0,0,9,fe_geometry,2.0701976800629203e-06,6.6613381477509392e-16,3.7747582837255322e-15,2.7755575615628914e-17,0.00041420801426284015,0.0005267500237096101
2,2,1,10,0,0.23000000000000001,0.31,0.37,0.46604250000000036,0.57650775000000043,0,constant,8,1,0,9,recursive,-6.3640042956278058e-07,6.6613381477509392e-16,3.7747582837255322e-15,2.7755575615628914e-17,0.00041420801426284015,0.0005267500237096101
2,2,1,10,0,0.23000000000000001,0.31,0.37,0.46604250000000036,0.57650775000000043,0,constant,8,1,0,9,direct,-1.6169170280981483e-06,6.6613381477509392e-16,3.7747582837255322e-15,2.7755575615628914e-17,0.00041420801426284015,0.0005267500237096101
2,2,1,10,0,0.23000000000000001,0.31,0.37,0.46604250000000036,0.57650775000000043,0,constant,8,1,0,9,fe_geometry,-1.6169170280987385e-06,6.6613381477509392e-16,3.7747582837255322e-15,2.7755575615628914e-17,0.00041420801426284015,0.0005267500237096101
2,2,1,10,0,0.23000000000000001,0.31,0.37,0.46604250000000036,0.57650775000000043,0,constant,7,2,0,9,recursive,2.4122314970557489e-06,6.6613381477509392e-16,3.7747582837255322e-15,2.7755575615628914e-17,0.00041420801426284015,0.0005267500237096101
2,2,1,10,0,0.23000000000000001,0.31,0.37,0.46604250000000036,0.57650775000000043,0,constant,7,2,0,9,direct,-1.605590966283363e-06,6.6613381477509392e-16,3.7747582837255322e-15,2.7755575615628914e-17,0.00041420801426284015,0.0005267500237096101
2,2,1,10,0,0.23000000000000001,0.31,0.37,0.46604250000000036,0.57650775000000043,0,constant,7,2,0,9,fe_geometry,-1.6055909662826098e-06,6.6613381477509392e-16,3.7747582837255322e-15,2.7755575615628914e-17,0.00041420801426284015,0.0005267500237096101
2,2,1,10,0,0.23000000000000001,0.31,0.37,0.46604250000000036,0.57650775000000043,0,constant,6,3,0,9,recursive,-5.0929216087875325e-07,6.6613381477509392e-16,3.7747582837255322e-15,2.7755575615628914e-17,0.00041420801426284015,0.0005267500237096101
2,2,1,10,0,0.23000000000000001,0.31,0.37,0.46604250000000036,0.57650775000000043,0,constant,6,3,0,9,direct,7.6744110210470595e-07,6.6613381477509392e-16,3.7747582837255322e-15,2.7755575615628914e-17,0.00041420801426284015,0.0005267500237096101
2,2,1,10,0,0.23000000000000001,0.31,0.37,0.46604250000000036,0.57650775000000043,0,constant,6,3,0,9,fe_geometry,7.6744110210191942e-07,6.6613381477509392e-16,3.7747582837255322e-15,2.7755575615628914e-17,0.00041420801426284015,0.0005267500237096101
2,2,1,10,0,0.23000000000000001,0.31,0.37,0.46604250000000036,0.57650775000000043,0,constant,5,4,0,9,recursive,1.8444508061990944e-05,6.6613381477509392e-16,3.7747582837255322e-15,2.7755575615628914e-17,0.00041420801426284015,0.0005267500237096101
2,2,1,10,0,0.23000000000000001,0.31,0.37,0.46604250000000036,0.57650775000000043,0,constant,5,4,0,9,direct,-1.3918009030539272e-09,6.6613381477509392e-16,3.7747582837255322e-15,2.7755575615628914e-17,0.00041420801426284015,0.0005267500237096101
2,2,1,10,0,0.23000000000000001,0.31,0.37,0.46604250000000036,0.57650775000000043,0,constant,5,4,0,9,fe_geometry,-1.3918009049784374e-09,6.6613381477509392e-16,3.7747582837255322e-15,2.7755575615628914e-17,0.00041420801426284015,0.0005267500237096101
2,2,1,10,0,0.23000000000000001,0.31,0.37,0.46604250000000036,0.57650775000000043,0,constant,4,5,0,9,recursive,-6.6975932821113213e-06,6.6613381477509392e-16,3.7747582837255322e-15,2.7755575615628914e-17,0.00041420801426284015,0.0005267500237096101
2,2,1,10,0,0.23000000000000001,0.31,0.37,0.46604250000000036,0.57650775000000043,0,constant,4,5,0,9,direct,2.4347895147163919e-06,6.6613381477509392e-16,3.7747582837255322e-15,2.7755575615628914e-17,0.00041420801426284015,0.0005267500237096101
2,2,1,10,0,0.23000000000000001,0.31,0.37,0.46604250000000036,0.57650775000000043,0,constant,4,5,0,9,fe_geometry,2.4347895147155953e-06,6.6613381477509392e-16,3.7747582837255322e-15,2.7755575615628914e-17,0.00041420801426284015,0.0005267500237096101
2,2,1,10,0,0.23000000000000001,0.31,0.37,0.46604250000000036,0.57650775000000043,0,constant,3,6,0,9,recursive,-3.753547237745964e-06,6.6613381477509392e-16,3.7747582837255322e-15,2.7755575615628914e-17,0.00041420801426284015,0.0005267500237096101
2,2,1,10,0,0.23000000000000001,0.31,0.37,0.46604250000000036,0.57650775000000043,0,constant,3,6,0,9,direct,-4.0390604617230837e-06,6.6613381477509392e-16,3.7747582837255322e-15,2.7755575615628914e-17,0.00041420801426284015,0.0005267500237096101
2,2,1,10,0,0.23000000000000001,0.31,0.37,0.46604250000000036,0.57650775000000043,0,constant,3,6,0,9,fe_geometry,-4.0390604617232319e-06,6.6613381477509392e-16,3.7747582837255322e-15,2.7755575615628914e-17,0.00041420801426284015,0.0005267500237096101
2,2,1,10,0,0.23000000000000001,0.31,0.37,0.46604250000000036,0.57650775000000043,0,constant,2,7,0,9,recursive,-2.0036074070056066e-06,6.6613381477509392e-16,3.7747582837255322e-15,2.7755575615628914e-17,0.00041420801426284015,0.0005267500237096101
2,2,1,10,0,0.23000000000000001,0.31,0.37,0.46604250000000036,0.57650775000000043,0,constant,2,7,0,9,direct,-1.5641940224686535e-06,6.6613381477509392e-16,3.7747582837255322e-15,2.7755575615628914e-17,0.00041420801426284015,0.0005267500237096101
2,2,1,10,0,0.23000000000000001,0.31,0.37,0.46604250000000036,0.57650775000000043,0,constant,2,7,0,9,fe_geometry,-1.5641940224682361e-06,6.6613381477509392e-16,3.7747582837255322e-15,2.7755575615628914e-17,0.00041420801426284015,0.0005267500237096101
2,2,1,10,0,0.23000000000000001,0.31,0.37,0.46604250000000036,0.57650775000000043,0,constant,1,8,0,9,recursive,3.073199432728609e-06,6.6613381477509392e-16,3.7747582837255322e-15,2.7755575615628914e-17,0.00041420801426284015,0.0005267500237096101
2,2,1,10,0,0.23000000000000001,0.31,0.37,0.46604250000000036,0.57650775000000043,0,constant,1,8,0,9,direct,8.7182802272173753e-06,6.6613381477509392e-16,3.7747582837255322e-15,2.7755575615628914e-17,0.00041420801426284015,0.0005267500237096101
2,2,1,10,0,0.23000000000000001,0.31,0.37,0.46604250000000036,0.57650775000000043,0,constant,1,8,0,9,fe_geometry,8.7182802272164605e-06,6.6613381477509392e-16,3.7747582837255322e-15,2.7755575615628914e-17,0.00041420801426284015,0.0005267500237096101
2,2,1,10,0,0.23000000000000001,0.31,0.37,0.46604250000000036,0.57650775000000043,0,constant,0,9,0,9,recursive,1.8653592790861546e-06,6.6613381477509392e-16,3.7747582837255322e-15,2.7755575615628914e-17,0.00041420801426284015,0.0005267500237096101
2,2,1,10,0,0.23000000000000001,0.31,0.37,0.46604250000000036,0.57650775000000043,0,constant,0,9,0,9,direct,1.3694304256502942e-05,6.6613381477509392e-16,3.7747582837255322e-15,2.7755575615628914e-17,0.00041420801426284015,0.0005267500237096101
2,2,1,10,0,0.23000000000000001,0.31,0.37,0.46604250000000036,0.57650775000000043,0,constant,0,9,0,9,fe_geometry,1.3694304256502955e-05,6.6613381477509392e-16,3.7747582837255322e-15,2.7755575615628914e-17,0.00041420801426284015,0.0005267500237096101
2,2,1,10,0,0.23000000000000001,0.31,0.37,0.46604250000000036,0.57650775000000043,0,constant,10,0,0,10,recursive,-0.00018310582046847875,6.6613381477509392e-16,3.7747582837255322e-15,2.7755575615628914e-17,0.00041420801426284015,0.0005267500237096101
2,2,1,10,0,0.23000000000000001,0.31,0.37,0.46604250000000036,0.57650775000000043,0,constant,10,0,0,10,direct,3.5245837896844172e-05,6.6613381477509392e-16,3.7747582837255322e-15,2.7755575615628914e-17,0.00041420801426284015,0.0005267500237096101
2,2,1,10,0,0.23000000000000001,0.31,0.37,0.46604250000000036,0.57650775000000043,0,constant,10,0,0,10,fe_geometry,3.5245837896846747e-05,6.6613381477509392e-16,3.7747582837255322e-15,2.7755575615628914e-17,0.00041420801426284015,0.0005267500237096101
2,2,1,10,0,0.23000000000000001,0.31,0.37,0.46604250000000036,0.57650775000000043,0,constant,9,1,0,10,recursive,-1.1460473007835411e-05,6.6613381477509392e-16,3.7747582837255322e-15,2.7755575615628914e-17,0.00041420801426284015,0.0005267500237096101
2,2,1,10,0,0.23000000000000001,0.31,0.37,0.46604250000000036,0.57650775000000043,0,constant,9,1,0,10,direct,-2.5833191556155786e-05,6.6613381477509392e-16,3.7747582837255322e-15,2.7755575615628914e-17,0.00041420801426284015,0.0005267500237096101
2,2,1,10,0,0.23000000000000001,0.31,0.37,0.46604250000000036,0.57650775000000043,0,constant,9,1,0,10,fe_geometry,-2.583319155615359e-05,6.6613381477509392e-16,3.7747582837255322e-15,2.7755575615628914e-17,0.00041420801426284015,0.0005267500237096101
2,2,1,10,0,0.23000000000000001,0.31,0.37,0.46604250000000036,0.57650775000000043,0,constant,8,2,0,10,recursive,9.0239993208065137e-05,6.6613381477509392e-16,3.7747582837255322e-15,2.7755575615628914e-17,0.00041420801426284015,0.0005267500237096101
2,2,1,10,0,0.23000000000000001,0.31,0.37,0.46604250000000036,0.57650775000000043,0,constant,8,2,0,10,direct,-2.3943052675969019e-05,6.6613381477509392e-16,3.7747582837255322e-15,2.7755575615628914e-17,0.00041420801426284015,0.0005267500237096101
2,2,1,10,0,0.23000000000000001,0.31,0.37,0.46604250000000036,0.57650775000000043,0,constant,8,2,0,10,fe_geometry,-2.3943052675960823e-05,6.6613381477509392e-16,3.7747582837255322e-15,2.7755575615628914e-17,0.00041420801426284015,0.0005267500237096101
2,2,1,10,0,0.23000000000000001,0.31,0.37,0.46604250000000036,0.57650775000000043,0,constant,7,3,0,10,recursive,3.279811252023972e-06,6.6613381477509392e-16,3.7747582837255322e-15,2.7755575615628914e-17,0.00041420801426284015,0.0005267500237096101
2,2,1,10,0,0.23000000000000001,0.31,0.37,0.46604250000000036,0.57650775000000043,0,constant,7,3,0,10,direct,1.69268999470415e-05,6.6613381477509392e-16,3.7747582837255322e-15,2.7755575615628914e-17,0.00041420801426284015,0.0005267500237096101
2,2,1,10,0,0.23000000000000001,0.31,0.37,0.46604250000000036,0.57650775000000043,0,constant,7,3,0,10,fe_geometry,1.6926899947069957e-05,6.6613381477509392e-16,3.7747582837255322e-15,2.7755575615628914e-17,0.00041420801426284015,0.0005267500237096101
2,2,1,10,0,0.23000000000000001,0.31,0.37,0.46604250000000036,0.57650775000000043,0,constant,6,4,0,10,recursive,5.3479802693734879e-05,6.6613381477509392e-16,3.7747582837255322e-15,2.7755575615628914e-17,0.00041420801426284015,0.0005267500237096101
2,2,1,10,0,0.23000000000000001,0.31,0.37,0.46604250000000036,0.57650775000000043,0,constant,6,4,0,10,direct,1.3172341420062124e-05,6.6613381477509392e-16,3.7747582837255322e-15,2.7755575615628914e-17,0.00041420801426284015,0.0005267500237096101
2,2,1,10,0,0.23000000000000001,0.31,0.37,0.46604250000000036,0.57650775000000043,0,constant,6,4,0,10,fe_geometry,1.3172341420090405e-05,6.6613381477509392e-16,3.7747582837255322e-15,2.7755575615628914e-17,0.00041420801426284015,0.0005267500237096101
2,2,1,10,0,0.23000000000000001,0.31,0.37,0.46604250000000036,0.57650775000000043,0,constant,5,5,0,10,recursive,5.3879486345890159e-05,6.6613381477509392e-16,3.7747582837255322e-15,2.7755575615628914e-17,0.00041420801426284015,0.0005267500237096101
2,2,1,10,0,0.23000000000000001,0.31,0.37,0.46604250000000036,0.57650775000000043,0,constant,5,5,0,10,direct,4.5296524857071754e-06,6.6613381477509392e-16,3.7747582837255322e-15,2.7755575615628914e-17,0.00041420801426284015,0.0005267500237096101
2,2,1,10,0,0.23000000000000001,0.31,0.37,0.46604250000000036,0.57650775000000043,0,constant,5,5,0,10,fe_geometry,4.5296524856557377e-06,6.6613381477509392e-16,3.7747582837255322e-15,2.7755575615628914e-17,0.00041420801426284015,0.0005267500237096101
2,2,1,10,0,0.23000000000000001,0.31,0.37,0.46604250000000036,0.57650775000000043,0,constant,4,6,0,10,recursive,2.4284913825142639e-05,6.6613381477509392e-16,3.7747582837255322e-15,2.7755575615628914e-17,0.00041420801426284015,0.0005267500237096101
2,2,1,10,0,0.23000000000000001,0.31,0.37,0.46604250000000036,0.57650775000000043,0,constant,4,6,0,10,direct,4.5582484506729623e-05,6.6613381477509392e-16,3.7747582837255322e-15,2.7755575615628914e-17,0.00041420801426284015,0.0005267500237096101
2,2,1,10,0,0.23000000000000001,0.31,0.37,0.46604250000000036,0.57650775000000043,0,constant,4,6,0,10,fe_geometry,4.5582484506682108e-05,6.6613381477509392e-16,3.7747582837255322e-15,2.7755575615628914e-17,0.00041420801426284015,0.0005267500237096101
2,2,1,10,0,0.23000000000000001,0.31,0.37,0.46604250000000036,0.57650775000000043,0,constant,3,7,0,10,recursive,-7.2854464814135658e-05,6.6613381477509392e-16,3.7747582837255322e-15,2.7755575615628914e-17,0.00041420801426284015,0.0005267500237096101
2,2,1,10,0,0.23000000000000001,0.31,0.37,0.46604250000000036,0.57650775000000043,0,constant,3,7,0,10,direct,-5.5876612853598333e-05,6.6613381477509392e-16,3.7747582837255322e-15,2.7755575615628914e-17,0.00041420801426284015,0.0005267500237096101
2,2,1,10,0,0.23000000000000001,0.31,0.37,0.46604250000000036,0.57650775000000043,0,constant,3,7,0,10,fe_geometry,-5.5876612853619244e-05,6.6613381477509392e-16,3.7747582837255322e-15,2.7755575615628914e-17,0.00041420801426284015,0.0005267500237096101
2,2,1,10,0,0.23000000000000001,0.31,0.37,0.46604250000000036,0.57650775000000043,0,constant,2,8,0,10,recursive,-2.9524649211033122e-05,6.6613381477509392e-16,3.7747582837255322e-15,2.7755575615628914e-17,0.00041420801426284015,0.0005267500237096101
2,2,1,10,0,0.23000000000000001,0.31,0.37,0.46604250000000036,0.57650775000000043,0,constant,2,8,0,10,direct,-2.1577423666821162e-05,6.6613381477509392e-16,3.7747582837255322e-15,2.7755575615628914e-17,0.00041420801426284015,0.0005267500237096101
2,2,1,10,0,0.23000000000000001,0.31,0.37,0.46604250000000036,0.57650775000000043,0,constant,2,8,0,10,fe_geometry,-2.1577423666836077e-05,6.6613381477509392e-16,3.7747582837255322e-15,2.7755575615628914e-17,0.00041420801426284015,0.0005267500237096101
2,2,1,10,0,0.23000000000000001,0.31,0.37,0.46604250000000036,0.57650775000000043,0,constant,1,9,0,10,recursive,4.1037121059979688e-05,6.6613381477509392e-16,3.7747582837255322e-15,2.7755575615628914e-17,0.00041420801426284015,0.0005267500237096101
2,2,1,10,0,0.23000000000000001,0.31,0.37,0.46604250000000036,0.57650775000000043,0,constant,1,9,0,10,direct,0.00013429549778856884,6.6613381477509392e-16,3.7747582837255322e-15,2.7755575615628914e-17,0.00041420801426284015,0.0005267500237096101
2,2,1,10,0,0.23000000000000001,0.31,0.37,0.46604250000000036,0.57650775000000043,0,constant,1,9,0,10,fe_geometry,0.00013429549778856505,6.6613381477509392e-16,3.7747582837255322e-15,2.7755575615628914e-17,0.00041420801426284015,0.0005267500237096101
2,2,1,10,0,0.23000000000000001,0.31,0.37,0.46604250000000036,0.57650775000000043,0,constant,0,10,0,10,recursive,2.5024865180101626e-05,6.6613381477509392e-16,3.7747582837255322e-15,2.7755575615628914e-17,0.00041420801426284015,0.0005267500237096101
2,2,1,10,0,0.23000000000000001,0.31,0.37,0.46604250000000036,0.57650775000000043,0,constant,0,10,0,10,direct,0.00023075097383427686,6.6613381477509392e-16,3.7747582837255322e-15,2.7755575615628914e-17,0.00041420801426284015,0.0005267500237096101
2,2,1,10,0,0.23000000000000001,0.31,0.37,0.46604250000000036,0.57650775000000043,0,constant,0,10,0,10,fe_geometry,0.00023075097383432557,6.6613381477509392e-16,3.7747582837255322e-15,2.7755575615628914e-17,0.00041420801426284015,0.0005267500237096101
2,2,1,10,0,0.23000000000000001,0.31,0.37,0.46604250000000036,0.57650775000000043,0,quintic,1,0,0,1,recursive,0.14244132963148681,1.3877787807814457e-17,3.7747582837255322e-15,2.7755575615628914e-17,0.00041420801426284015,0.0014551659987773746
2,2,1,10,0,0.23000000000000001,0.31,0.37,0.46604250000000036,0.57650775000000043,0,quintic,1,0,0,1,direct,0.14269559422159755,1.3877787807814457e-17,3.7747582837255322e-15,2.7755575615628914e-17,0.00041420801426284015,0.0014551659987773746
2,2,1,10,0,0.23000000000000001,0.31,0.37,0.46604250000000036,0.57650775000000043,0,quintic,1,0,0,1,fe_geometry,0.14269559422159997,1.3877787807814457e-17,3.7747582837255322e-15,2.7755575615628914e-17,0.00041420801426284015,0.0014551659987773746
2,2,1,10,0,0.23000000000000001,0.31,0.37,0.46604250000000036,0.57650775000000043,0,quintic,0,1,0,1,recursive,0.29157224074343463,1.3877787807814457e-17,3.7747582837255322e-15,2.7755575615628914e-17,0.00041420801426284015,0.0014551659987773746
2,2,1,10,0,0.23000000000000001,0.31,0.37,0.46604250000000036,0.57650775000000043,0,quintic,0,1,0,1,direct,0.29172637019920516,1.3877787807814457e-17,3.7747582837255322e-15,2.7755575615628914e-17,0.00041420801426284015,0.0014551659987773746
2,2,1,10,0,0.23000000000000001,0.31,0.37,0.46604250000000036,0.57650775000000043,0,quintic,0,1,0,1,fe_geometry,0.29172637019920267,1.3877787807814457e-17,3.7747582837255322e-15,2.7755575615628914e-17,0.00041420801426284015,0.0014551659987773746
2,2,1,10,0,0.23000000000000001,0.31,0.37,0.46604250000000036,0.57650775000000043,0,quintic,2,0,0,2,recursive,0.77321160971118519,1.3877787807814457e-17,3.7747582837255322e-15,2.7755575615628914e-17,0.00041420801426284015,0.0014551659987773746
2,2,1,10,0,0.23000000000000001,0.31,0.37,0.46604250000000036,0.57650775000000043,0,quintic,2,0,0,2,direct,0.78162651114379667,1.3877787807814457e-17,3.7747582837255322e-15,2.7755575615628914e-17,0.00041420801426284015,0.0014551659987773746
2,2,1,10,0,0.23000000000000001,0.31,0.37,0.46604250000000036,0.57650775000000043,0,quintic,2,0,0,2,fe_geometry,0.78162651114383686,1.3877787807814457e-17,3.7747582837255322e-15,2.7755575615628914e-17,0.00041420801426284015,0.0014551659987773746
2,2,1,10,0,0.23000000000000001,0.31,0.37,0.46604250000000036,0.57650775000000043,0,quintic,1,1,0,2,recursive,0.43607214773246256,1.3877787807814457e-17,3.7747582837255322e-15,2.7755575615628914e-17,0.00041420801426284015,0.0014551659987773746
2,2,1,10,0,0.23000000000000001,0.31,0.37,0.46604250000000036,0.57650775000000043,0,quintic,1,1,0,2,direct,0.43612814666686156,1.3877787807814457e-17,3.7747582837255322e-15,2.7755575615628914e-17,0.00041420801426284015,0.0014551659987773746
2,2,1,10,0,0.23000000000000001,0.31,0.37,0.46604250000000036,0.57650775000000043,0,quintic,1,1,0,2,fe_geometry,0.43612814666686905,1.3877787807814457e-17,3.7747582837255322e-15,2.7755575615628914e-17,0.00041420801426284015,0.0014551659987773746
2,2,1,10,0,0.23000000000000001,0.31,0.37,0.46604250000000036,0.57650775000000043,0,quintic,0,2,0,2,recursive,2.1730307708478565,1.3877787807814457e-17,3.7747582837255322e-15,2.7755575615628914e-17,0.00041420801426284015,0.0014551659987773746
2,2,1,10,0,0.23000000000000001,0.31,0.37,0.46604250000000036,0.57650775000000043,0,quintic,0,2,0,2,direct,2.1724355526632491,1.3877787807814457e-17,3.7747582837255322e-15,2.7755575615628914e-17,0.00041420801426284015,0.0014551659987773746
2,2,1,10,0,0.23000000000000001,0.31,0.37,0.46604250000000036,0.57650775000000043,0,quintic,0,2,0,2,fe_geometry,2.1724355526632273,1.3877787807814457e-17,3.7747582837255322e-15,2.7755575615628914e-17,0.00041420801426284015,0.0014551659987773746
2,2,1,10,0,0.23000000000000001,0.31,0.37,0.46604250000000036,0.57650775000000043,0,quintic,3,0,0,3,recursive,5.0757217436523741,1.3877787807814457e-17,3.7747582837255322e-15,2.7755575615628914e-17,0.00041420801426284015,0.0014551659987773746
2,2,1,10,0,0.23000000000000001,0.31,0.37,0.46604250000000036,0.57650775000000043,0,quintic,3,0,0,3,direct,5.0543690356254585,1.3877787807814457e-17,3.7747582837255322e-15,2.7755575615628914e-17,0.00041420801426284015,0.0014551659987773746
2,2,1,10,0,0.23000000000000001,0.31,0.37,0.46604250000000036,0.57650775000000043,0,quintic,3,0,0,3,fe_geometry,5.0543690356254967,1.3877787807814457e-17,3.7747582837255322e-15,2.7755575615628914e-17,0.00041420801426284015,0.0014551659987773746
2,2,1,10,0,0.23000000000000001,0.31,0.37,0.46604250000000036,0.57650775000000043,0,quintic,2,1,0,3,recursive,1.4831860043239264,1.3877787807814457e-17,3.7747582837255322e-15,2.7755575615628914e-17,0.00041420801426284015,0.0014551659987773746
2,2,1,10,0,0.23000000000000001,0.31,0.37,0.46604250000000036,0.57650775000000043,0,quintic,2,1,0,3,direct,1.4849130474735792,1.3877787807814457e-17,3.7747582837255322e-15,2.7755575615628914e-17,0.00041420801426284015,0.0014551659987773746
2,2,1,10,0,0.23000000000000001,0.31,0.37,0.46604250000000036,0.57650775000000043,0,quintic,2,1,0,3,fe_geometry,1.4849130474737788,1.3877787807814457e-17,3.7747582837255322e-15,2.7755575615628914e-17,0.00041420801426284015,0.0014551659987773746
2,2,1,10,0,0.23000000000000001,0.31,0.37,0.46604250000000036,0.57650775000000043,0,quintic,1,2,0,3,recursive,1.3099696937772023,1.3877787807814457e-17,3.7747582837255322e-15,2.7755575615628914e-17,0.00041420801426284015,0.0014551659987773746
2,2,1,10,0,0.23000000000000001,0.31,0.37,0.46604250000000036,0.57650775000000043,0,quintic,1,2,0,3,direct,1.310101054290187,1.3877787807814457e-17,3.7747582837255322e-15,2.7755575615628914e-17,0.00041420801426284015,0.0014551659987773746
2,2,1,10,0,0.23000000000000001,0.31,0.37,0.46604250000000036,0.57650775000000043,0,quintic,1,2,0,3,fe_geometry,1.3101010542902496,1.3877787807814457e-17,3.7747582837255322e-15,2.7755575615628914e-17,0.00041420801426284015,0.0014551659987773746
2,2,1,10,0,0.23000000000000001,0.31,0.37,0.46604250000000036,0.57650775000000043,0,quintic,0,3,0,3,recursive,16.892059367980451,1.3877787807814457e-17,3.7747582837255322e-15,2.7755575615628914e-17,0.00041420801426284015,0.0014551659987773746
2,2,1,10,0,0.23000000000000001,0.31,0.37,0.46604250000000036,0.57650775000000043,0,quintic,0,3,0,3,direct,16.771908940847418,1.3877787807814457e-17,3.7747582837255322e-15,2.7755575615628914e-17,0.00041420801426284015,0.0014551659987773746
2,2,1,10,0,0.23000000000000001,0.31,0.37,0.46604250000000036,0.57650775000000043,0,quintic,0,3,0,3,fe_geometry,16.771908940847318,1.3877787807814457e-17,3.7747582837255322e-15,2.7755575615628914e-17,0.00041420801426284015,0.0014551659987773746
2,2,1,10,0,0.23000000000000001,0.31,0.37,0.46604250000000036,0.57650775000000043,0,quintic,4,0,0,4,recursive,41.989455915407696,1.3877787807814457e-17,3.7747582837255322e-15,2.7755575615628914e-17,0.00041420801426284015,0.0014551659987773746
2,2,1,10,0,0.23000000000000001,0.31,0.37,0.46604250000000036,0.57650775000000043,0,quintic,4,0,0,4,direct,40.000825233864184,1.3877787807814457e-17,3.7747582837255322e-15,2.7755575615628914e-17,0.00041420801426284015,0.0014551659987773746
2,2,1,10,0,0.23000000000000001,0.31,0.37,0.46604250000000036,0.57650775000000043,0,quintic,4,0,0,4,fe_geometry,40.000825233864276,1.3877787807814457e-17,3.7747582837255322e-15,2.7755575615628914e-17,0.00041420801426284015,0.0014551659987773746
2,2,1,10,0,0.23000000000000001,0.31,0.37,0.46604250000000036,0.57650775000000043,0,quintic,3,1,0,4,recursive,3.9337958419774282,1.3877787807814457e-17,3.7747582837255322e-15,2.7755575615628914e-17,0.00041420801426284015,0.0014551659987773746
2,2,1,10,0,0.23000000000000001,0.31,0.37,0.46604250000000036,0.57650775000000043,0,quintic,3,1,0,4,direct,3.9345842889923306,1.3877787807814457e-17,3.7747582837255322e-15,2.7755575615628914e-17,0.00041420801426284015,0.0014551659987773746
2,2,1,10,0,0.23000000000000001,0.31,0.37,0.46604250000000036,0.57650775000000043,0,quintic,3,1,0,4,fe_geometry,3.9345842889905747,1.3877787807814457e-17,3.7747582837255322e-15,2.7755575615628914e-17,0.00041420801426284015,0.0014551659987773746
2,2,1,10,0,0.23000000000000001,0.31,0.37,0.46604250000000036,0.57650775000000043,0,quintic,2,2,0,4,recursive,4.4555212388559076,1.3877787807814457e-17,3.7747582837255322e-15,2.7755575615628914e-17,0.00041420801426284015,0.0014551659987773746
2,2,1,10,0,0.23000000000000001,0.31,0.37,0.46604250000000036,0.57650775000000043,0,quintic,2,2,0,4,direct,4.4605838075150883,1.3877787807814457e-17,3.7747582837255322e-15,2.7755575615628914e-17,0.00041420801426284015,0.0014551659987773746
2,2,1,10,0,0.23000000000000001,0.31,0.37,0.46604250000000036,0.57650775000000043,0,quintic,2,2,0,4,fe_geometry,4.4605838075165609,1.3877787807814457e-17,3.7747582837255322e-15,2.7755575615628914e-17,0.00041420801426284015,0.0014551659987773746
2,2,1,10,0,0.23000000000000001,0.31,0.37,0.46604250000000036,0.57650775000000043,0,quintic,1,3,0,4,recursive,3.5396130102410646,1.3877787807814457e-17,3.7747582837255322e-15,2.7755575615628914e-17,0.00041420801426284015,0.0014551659987773746
2,2,1,10,0,0.23000000000000001,0.31,0.37,0.46604250000000036,0.57650775000000043,0,quintic,1,3,0,4,direct,3.5331976672027103,1.3877787807814457e-17,3.7747582837255322e-15,2.7755575615628914e-17,0.00041420801426284015,0.0014551659987773746
2,2,1,10,0,0.23000000000000001,0.31,0.37,0.46604250000000036,0.57650775000000043,0,quintic,1,3,0,4,fe_geometry,3.5331976672027077,1.3877787807814457e-17,3.7747582837255322e-15,2.7755575615628914e-17,0.00041420801426284015,0.0014551659987773746
2,2,1,10,0,0.23000000000000001,0.31,0.37,0.46604250000000036,0.57650775000000043,0,quintic,0,4,0,4,recursive,130.73323667727408,1.3877787807814457e-17,3.7747582837255322e-15,2.7755575615628914e-17,0.00041420801426284015,0.0014551659987773746
2,2,1,10,0,0.23000000000000001,0.31,0.37,0.46604250000000036,0.57650775000000043,0,quintic,0,4,0,4,direct,131.14062492905344,1.3877787807814457e-17,3.7747582837255322e-15,2.7755575615628914e-17,0.00041420801426284015,0.0014551659987773746
2,2,1,10,0,0.23000000000000001,0.31,0.37,0.46604250000000036,0.57650775000000043,0,quintic,0,4,0,4,fe_geometry,131.14062492905433,1.3877787807814457e-17,3.7747582837255322e-15,2.7755575615628914e-17,0.00041420801426284015,0.0014551659987773746
2,2,1,10,0,0.23000000000000001,0.31,0.37,0.46604250000000036,0.57650775000000043,0,quintic,5,0,0,5,recursive,281.83767896691239,1.3877787807814457e-17,3.7747582837255322e-15,2.7755575615628914e-17,0.00041420801426284015,0.0014551659987773746
2,2,1,10,0,0.23000000000000001,0.31,0.37,0.46604250000000036,0.57650775000000043,0,quintic,5,0,0,5,direct,332.09353877752562,1.3877787807814457e-17,3.7747582837255322e-15,2.7755575615628914e-17,0.00041420801426284015,0.0014551659987773746
2,2,1,10,0,0.23000000000000001,0.31,0.37,0.46604250000000036,0.57650775000000043,0,quintic,5,0,0,5,fe_geometry,332.09353877751954,1.3877787807814457e-17,3.7747582837255322e-15,2.7755575615628914e-17,0.00041420801426284015,0.0014551659987773746
2,2,1,10,0,0.23000000000000001,0.31,0.37,0.46604250000000036,0.57650775000000043,0,quintic,4,1,0,5,recursive,17.744737646824504,1.3877787807814457e-17,3.7747582837255322e-15,2.7755575615628914e-17,0.00041420801426284015,0.0014551659987773746
2,2,1,10,0,0.23000000000000001,0.31,0.37,0.46604250000000036,0.57650775000000043,0,quintic,4,1,0,5,direct,17.375824972380272,1.3877787807814457e-17,3.7747582837255322e-15,2.7755575615628914e-17,0.00041420801426284015,0.0014551659987773746
2,2,1,10,0,0.23000000000000001,0.31,0.37,0.46604250000000036,0.57650775000000043,0,quintic,4,1,0,5,fe_geometry,17.375824972370253,1.3877787807814457e-17,3.7747582837255322e-15,2.7755575615628914e-17,0.00041420801426284015,0.0014551659987773746
2,2,1,10,0,0.23000000000000001,0.31,0.37,0.46604250000000036,0.57650775000000043,0,quintic,3,2,0,5,recursive,11.817203555254348,1.3877787807814457e-17,3.7747582837255322e-15,2.7755575615628914e-17,0.00041420801426284015,0.0014551659987773746
2,2,1,10,0,0.23000000000000001,0.31,0.37,0.46604250000000036,0.57650775000000043,0,quintic,3,2,0,5,direct,11.819239516079975,1.3877787807814457e-17,3.7747582837255322e-15,2.7755575615628914e-17,0.00041420801426284015,0.0014551659987773746
2,2,1,10,0,0.23000000000000001,0.31,0.37,0.46604250000000036,0.57650775000000043,0,quintic,3,2,0,5,fe_geometry,11.819239516067444,1.3877787807814457e-17,3.7747582837255322e-15,2.7755575615628914e-17,0.00041420801426284015,0.0014551659987773746
2,2,1,10,0,0.23000000000000001,0.31,0.37,0.46604250000000036,0.57650775000000043,0,quintic,2,3,0,5,recursive,12.039073132224976,1.3877787807814457e-17,3.7747582837255322e-15,2.7755575615628914e-17,0.00041420801426284015,0.0014551659987773746
2,2,1,10,0,0.23000000000000001,0.31,0.37,0.46604250000000036,0.57650775000000043,0,quintic,2,3,0,5,direct,12.029701259663721,1.3877787807814457e-17,3.7747582837255322e-15,2.7755575615628914e-17,0.00041420801426284015,0.0014551659987773746
2,2,1,10,0,0.23000000000000001,0.31,0.37,0.46604250000000036,0.57650775000000043,0,quintic,2,3,0,5,fe_geometry,12.029701259661412,1.3877787807814457e-17,3.7747582837255322e-15,2.7755575615628914e-17,0.00041420801426284015,0.0014551659987773746
2,2,1,10,0,0.23000000000000001,0.31,0.37,0.46604250000000036,0.57650775000000043,0,quintic,1,4,0,5,recursive,15.87420923351597,1.3877787807814457e-17,3.7747582837255322e-15,2.7755575615628914e-17,0.00041420801426284015,0.0014551659987773746
2,2,1,10,0,0.23000000000000001,0.31,0.37,0.46604250000000036,0.57650775000000043,0,quintic,1,4,0,5,direct,15.881072322054319,1.3877787807814457e-17,3.7747582837255322e-15,2.7755575615628914e-17,0.00041420801426284015,0.0014551659987773746
2,2,1,10,0,0.23000000000000001,0.31,0.37,0.46604250000000036,0.57650775000000043,0,quintic,1,4,0,5,fe_geometry,15.881072322046832,1.3877787807814457e-17,3.7747582837255322e-15,2.7755575615628914e-17,0.00041420801426284015,0.0014551659987773746
2,2,1,10,0,0.23000000000000001,0.31,0.37,0.46604250000000036,0.57650775000000043,0,quintic,0,5,0,5,recursive,1008.9956689253179,1.3877787807814457e-17,3.7747582837255322e-15,2.7755575615628914e-17,0.00041420801426284015,0.0014551659987773746
2,2,1,10,0,0.23000000000000001,0.31,0.37,0.46604250000000036,0.57650775000000043,0,quintic,0,5,0,5,direct,1072.3063105314222,1.3877787807814457e-17,3.7747582837255322e-15,2.7755575615628914e-17,0.00041420801426284015,0.0014551659987773746
2,2,1,10,0,0.23000000000000001,0.31,0.37,0.46604250000000036,0.57650775000000043,0,quintic,0,5,0,5,fe_geometry,1072.3063105314604,1.3877787807814457e-17,3.7747582837255322e-15,2.7755575615628914e-17,0.00041420801426284015,0.0014551659987773746
2,2,1,10,0,0.23000000000000001,0.31,0.37,0.46604250000000036,0.57650775000000043,0,quintic,6,0,0,6,recursive,2573.0476245260984,1.3877787807814457e-17,3.7747582837255322e-15,2.7755575615628914e-17,0.00041420801426284015,0.0014551659987773746
2,2,1,10,0,0.23000000000000001,0.31,0.37,0.46604250000000036,0.57650775000000043,0,quintic,6,0,0,6,direct,3047.7725486229601,1.3877787807814457e-17,3.7747582837255322e-15,2.7755575615628914e-17,0.00041420801426284015,0.0014551659987773746
2,2,1,10,0,0.23000000000000001,0.31,0.37,0.46604250000000036,0.57650775000000043,0,quintic,6,0,0,6,fe_geometry,3047.7725486228151,1.3877787807814457e-17,3.7747582837255322e-15,2.7755575615628914e-17,0.00041420801426284015,0.0014551659987773746
2,2,1,10,0,0.23000000000000001,0.31,0.37,0.46604250000000036,0.57650775000000043,0,quintic,5,1,0,6,recursive,99.100064455047686,1.3877787807814457e-17,3.7747582837255322e-15,2.7755575615628914e-17,0.00041420801426284015,0.0014551659987773746
2,2,1,10,0,0.23000000000000001,0.31,0.37,0.46604250000000036,0.57650775000000043,0,quintic,5,1,0,6,direct,107.42863281369715,1.3877787807814457e-17,3.7747582837255322e-15,2.7755575615628914e-17,0.00041420801426284015,0.0014551659987773746
2,2,1,10,0,0.23000000000000001,0.31,0.37,0.46604250000000036,0.57650775000000043,0,quintic,5,1,0,6,fe_geometry,107.42863281361376,1.3877787807814457e-17,3.7747582837255322e-15,2.7755575615628914e-17,0.00041420801426284015,0.0014551659987773746
2,2,1,10,0,0.23000000000000001,0.31,0.37,0.46604250000000036,0.57650775000000043,0,quintic,4,2,0,6,recursive,53.305556577154356,1.3877787807814457e-17,3.7747582837255322e-15,2.7755575615628914e-17,0.00041420801426284015,0.0014551659987773746
2,2,1,10,0,0.23000000000000001,0.31,0.37,0.46604250000000036,0.57650775000000043,0,quintic,4,2,0,6,direct,52.195866718879572,1.3877787807814457e-17,3.7747582837255322e-15,2.7755575615628914e-17,0.00041420801426284015,0.0014551659987773746
2,2,1,10,0,0.23000000000000001,0.31,0.37,0.46604250000000036,0.57650775000000043,0,quintic,4,2,0,6,fe_geometry,52.195866718871287,1.3877787807814457e-17,3.7747582837255322e-15,2.7755575615628914e-17,0.00041420801426284015,0.0014551659987773746
2,2,1,10,0,0.23000000000000001,0.31,0.37,0.46604250000000036,0.57650775000000043,0,quintic,3,3,0,6,recursive,31.930759655960241,1.3877787807814457e-17,3.7747582837255322e-15,2.7755575615628914e-17,0.00041420801426284015,0.0014551659987773746
2,2,1,10,0,0.23000000000000001,0.31,0.37,0.46604250000000036,0.57650775000000043,0,quintic,3,3,0,6,direct,31.875181957167637,1.3877787807814457e-17,3.7747582837255322e-15,2.7755575615628914e-17,0.00041420801426284015,0.0014551659987773746
2,2,1,10,0,0.23000000000000001,0.31,0.37,0.46604250000000036,0.57650775000000043,0,quintic,3,3,0,6,fe_geometry,31.875181957192076,1.3877787807814457e-17,3.7747582837255322e-15,2.7755575615628914e-17,0.00041420801426284015,0.0014551659987773746
2,2,1,10,0,0.23000000000000001,0.31,0.37,0.46604250000000036,0.57650775000000043,0,quintic,2,4,0,6,recursive,53.991994416450389,1.3877787807814457e-17,3.7747582837255322e-15,2.7755575615628914e-17,0.00041420801426284015,0.0014551659987773746
2,2,1,10,0,0.23000000000000001,0.31,0.37,0.46604250000000036,0.57650775000000043,0,quintic,2,4,0,6,direct,54.071290007743634,1.3877787807814457e-17,3.7747582837255322e-15,2.7755575615628914e-17,0.00041420801426284015,0.0014551659987773746
2,2,1,10,0,0.23000000000000001,0.31,0.37,0.46604250000000036,0.57650775000000043,0,quintic,2,4,0,6,fe_geometry,54.071290007593049,1.3877787807814457e-17,3.7747582837255322e-15,2.7755575615628914e-17,0.00041420801426284015,0.0014551659987773746
2,2,1,10,0,0.23000000000000001,0.31,0.37,0.46604250000000036,0.57650775000000043,0,quintic,1,5,0,6,recursive,96.342359572770079,1.3877787807814457e-17,3.7747582837255322e-15,2.7755575615628914e-17,0.00041420801426284015,0.0014551659987773746
2,2,1,10,0,0.23000000000000001,0.31,0.37,0.46604250000000036,0.57650775000000043,0,quintic,1,5,0,6,direct,99.935490341885867,1.3877787807814457e-17,3.7747582837255322e-15,2.7755575615628914e-17,0.00041420801426284015,0.0014551659987773746
2,2,1,10,0,0.23000000000000001,0.31,0.37,0.46604250000000036,0.57650775000000043,0,quintic,1,5,0,6,fe_geometry,99.935490341794548,1.3877787807814457e-17,3.7747582837255322e-15,2.7755575615628914e-17,0.00041420801426284015,0.0014551659987773746
2,2,1,10,0,0.23000000000000001,0.31,0.37,0.46604250000000036,0.57650775000000043,0,quintic,0,6,0,6,recursive,10164.636543746024,1.3877787807814457e-17,3.7747582837255322e-15,2.7755575615628914e-17,0.00041420801426284015,0.0014551659987773746
2,2,1,10,0,0.23000000000000001,0.31,0.37,0.46604250000000036,0.57650775000000043,0,quintic,0,6,0,6,direct,9873.1572044523346,1.3877787807814457e-17,3.7747582837255322e-15,2.7755575615628914e-17,0.00041420801426284015,0.0014551659987773746
2,2,1,10,0,0.23000000000000001,0.31,0.37,0.46604250000000036,0.57650775000000043,0,quintic,0,6,0,6,fe_geometry,9873.1572044532513,1.3877787807814457e-17,3.7747582837255322e-15,2.7755575615628914e-17,0.00041420801426284015,0.0014551659987773746
2,2,1,10,0,0.23000000000000001,0.31,0.37,0.46604250000000036,0.57650775000000043,0,quintic,7,0,0,7,recursive,31223.296431065195,1.3877787807814457e-17,3.7747582837255322e-15,2.7755575615628914e-17,0.00041420801426284015,0.0014551659987773746
2,2,1,10,0,0.23000000000000001,0.31,0.37,0.46604250000000036,0.57650775000000043,0,quintic,7,0,0,7,direct,32221.728754924203,1.3877787807814457e-17,3.7747582837255322e-15,2.7755575615628914e-17,0.00041420801426284015,0.0014551659987773746
2,2,1,10,0,0.23000000000000001,0.31,0.37,0.46604250000000036,0.57650775000000043,0,quintic,7,0,0,7,fe_geometry,32221.728754921485,1.3877787807814457e-17,3.7747582837255322e-15,2.7755575615628914e-17,0.00041420801426284015,0.0014551659987773746
2,2,1,10,0,0.23000000000000001,0.31,0.37,0.46604250000000036,0.57650775000000043,0,quintic,6,1,0,7,recursive,742.21867178004288,1.3877787807814457e-17,3.7747582837255322e-15,2.7755575615628914e-17,0.00041420801426284015,0.0014551659987773746
2,2,1,10,0,0.23000000000000001,0.31,0.37,0.46604250000000036,0.57650775000000043,0,quintic,6,1,0,7,direct,853.96315611028774,1.3877787807814457e-17,3.7747582837255322e-15,2.7755575615628914e-17,0.00041420801426284015,0.0014551659987773746
2,2,1,10,0,0.23000000000000001,0.31,0.37,0.46604250000000036,0.57650775000000043,0,quintic,6,1,0,7,fe_geometry,853.96315610984698,1.3877787807814457e-17,3.7747582837255322e-15,2.7755575615628914e-17,0.00041420801426284015,0.0014551659987773746
2,2,1,10,0,0.23000000000000001,0.31,0.37,0.46604250000000036,0.57650775000000043,0,quintic,5,2,0,7,recursive,297.69863024776379,1.3877787807814457e-17,3.7747582837255322e-15,2.7755575615628914e-17,0.00041420801426284015,0.0014551659987773746
2,2,1,10,0,0.23000000000000001,0.31,0.37,0.46604250000000036,0.57650775000000043,0,quintic,5,2,0,7,direct,322.70874096540547,1.3877787807814457e-17,3.7747582837255322e-15,2.7755575615628914e-17,0.00041420801426284015,0.0014551659987773746
2,2,1,10,0,0.23000000000000001,0.31,0.37,0.46604250000000036,0.57650775000000043,0,quintic,5,2,0,7,fe_geometry,322.70874096555985,1.3877787807814457e-17,3.7747582837255322e-15,2.7755575615628914e-17,0.00041420801426284015,0.0014551659987773746
2,2,1,10,0,0.23000000000000001,0.31,0.37,0.46604250000000036,0.57650775000000043,0,quintic,4,3,0,7,recursive,144.03466164903492,1.3877787807814457e-17,3.7747582837255322e-15,2.7755575615628914e-17,0.00041420801426284015,0.0014551659987773746
2,2,1,10,0,0.23000000000000001,0.31,0.37,0.46604250000000036,0.57650775000000043,0,quintic,4,3,0,7,direct,140.76648050638158,1.3877787807814457e-17,3.7747582837255322e-15,2.7755575615628914e-17,0.00041420801426284015,0.0014551659987773746
2,2,1,10,0,0.23000000000000001,0.31,0.37,0.46604250000000036,0.57650775000000043,0,quintic,4,3,0,7,fe_geometry,140.76648050717839,1.3877787807814457e-17,3.7747582837255322e-15,2.7755575615628914e-17,0.00041420801426284015,0.0014551659987773746
2,2,1,10,0,0.23000000000000001,0.31,0.37,0.46604250000000036,0.57650775000000043,0,quintic,3,4,0,7,recursive,143.20084093540552,1.3877787807814457e-17,3.7747582837255322e-15,2.7755575615628914e-17,0.00041420801426284015,0.0014551659987773746
2,2,1,10,0,0.23000000000000001,0.31,0.37,0.46604250000000036,0.57650775000000043,0,quintic,3,4,0,7,direct,143.2730681114023,1.3877787807814457e-17,3.7747582837255322e-15,2.7755575615628914e-17,0.00041420801426284015,0.0014551659987773746
2,2,1,10,0,0.23000000000000001,0.31,0.37,0.46604250000000036,0.57650775000000043,0,quintic,3,4,0,7,fe_geometry,143.27306811409809,1.3877787807814457e-17,3.7747582837255322e-15,2.7755575615628914e-17,0.00041420801426284015,0.0014551659987773746
2,2,1,10,0,0.23000000000000001,0.31,0.37,0.46604250000000036,0.57650775000000043,0,quintic,2,5,0,7,recursive,327.6834810171589,1.3877787807814457e-17,3.7747582837255322e-15,2.7755575615628914e-17,0.00041420801426284015,0.0014551659987773746
2,2,1,10,0,0.23000000000000001,0.31,0.37,0.46604250000000036,0.57650775000000043,0,quintic,2,5,0,7,direct,340.25667604259763,1.3877787807814457e-17,3.7747582837255322e-15,2.7755575615628914e-17,0.00041420801426284015,0.0014551659987773746
2,2,1,10,0,0.23000000000000001,0.31,0.37,0.46604250000000036,0.57650775000000043,0,quintic,2,5,0,7,fe_geometry,340.25667604086442,1.3877787807814457e-17,3.7747582837255322e-15,2.7755575615628914e-17,0.00041420801426284015,0.0014551659987773746
2,2,1,10,0,0.23000000000000001,0.31,0.37,0.46604250000000036,0.57650775000000043,0,quintic,1,6,0,7,recursive,815.49091743824511,1.3877787807814457e-17,3.7747582837255322e-15,2.7755575615628914e-17,0.00041420801426284015,0.0014551659987773746
2,2,1,10,0,0.23000000000000001,0.31,0.37,0.46604250000000036,0.57650775000000043,0,quintic,1,6,0,7,direct,808.54489856730288,1.3877787807814457e-17,3.7747582837255322e-15,2.7755575615628914e-17,0.00041420801426284015,0.0014551659987773746
2,2,1,10,0,0.23000000000000001,0.31,0.37,0.46604250000000036,0.57650775000000043,0,quintic,1,6,0,7,fe_geometry,808.54489856772636,1.3877787807814457e-17,3.7747582837255322e-15,2.7755575615628914e-17,0.00041420801426284015,0.0014551659987773746
2,2,1,10,0,0.23000000000000001,0.31,0.37,0.46604250000000036,0.57650775000000043,0,quintic,0,7,0,7,recursive,119320.1726630356,1.3877787807814457e-17,3.7747582837255322e-15,2.7755575615628914e-17,0.00041420801426284015,0.0014551659987773746
2,2,1,10,0,0.23000000000000001,0.31,0.37,0.46604250000000036,0.57650775000000043,0,quintic,0,7,0,7,direct,105401.56100106053,1.3877787807814457e-17,3.7747582837255322e-15,2.7755575615628914e-17,0.00041420801426284015,0.0014551659987773746
2,2,1,10,0,0.23000000000000001,0.31,0.37,0.46604250000000036,0.57650775000000043,0,quintic,0,7,0,7,fe_geometry,105401.56100108026,1.3877787807814457e-17,3.7747582837255322e-15,2.7755575615628914e-17,0.00041420801426284015,0.0014551659987773746
2,2,1,10,0,0.23000000000000001,0.31,0.37,0.46604250000000036,0.57650775000000043,0,quintic,8,0,0,8,recursive,437299.14149051788,1.3877787807814457e-17,3.7747582837255322e-15,2.7755575615628914e-17,0.00041420801426284015,0.0014551659987773746
2,2,1,10,0,0.23000000000000001,0.31,0.37,0.46604250000000036,0.57650775000000043,0,quintic,8,0,0,8,direct,391117.68144941883,1.3877787807814457e-17,3.7747582837255322e-15,2.7755575615628914e-17,0.00041420801426284015,0.0014551659987773746
2,2,1,10,0,0.23000000000000001,0.31,0.37,0.46604250000000036,0.57650775000000043,0,quintic,8,0,0,8,fe_geometry,391117.68144937715,1.3877787807814457e-17,3.7747582837255322e-15,2.7755575615628914e-17,0.00041420801426284015,0.0014551659987773746
2,2,1,10,0,0.23000000000000001,0.31,0.37,0.46604250000000036,0.57650775000000043,0,quintic,7,1,0,8,recursive,7805.9958922676833,1.3877787807814457e-17,3.7747582837255322e-15,2.7755575615628914e-17,0.00041420801426284015,0.0014551659987773746
2,2,1,10,0,0.23000000000000001,0.31,0.37,0.46604250000000036,0.57650775000000043,0,quintic,7,1,0,8,direct,8296.7574553500981,1.3877787807814457e-17,3.7747582837255322e-15,2.7755575615628914e-17,0.00041420801426284015,0.0014551659987773746
2,2,1,10,0,0.23000000000000001,0.31,0.37,0.46604250000000036,0.57650775000000043,0,quintic,7,1,0,8,fe_geometry,8296.7574553517152,1.3877787807814457e-17,3.7747582837255322e-15,2.7755575615628914e-17,0.00041420801426284015,0.0014551659987773746
2,2,1,10,0,0.23000000000000001,0.31,0.37,0.46604250000000036,0.57650775000000043,0,quintic,6,2,0,8,recursive,2229.640143385172,1.3877787807814457e-17,3.7747582837255322e-15,2.7755575615628914e-17,0.00041420801426284015,0.0014551659987773746
2,2,1,10,0,0.23000000000000001,0.31,0.37,0.46604250000000036,0.57650775000000043,0,quintic,6,2,0,8,direct,2565.2506945216392,1.3877787807814457e-17,3.7747582837255322e-15,2.7755575615628914e-17,0.00041420801426284015,0.0014551659987773746
2,2,1,10,0,0.23000000000000001,0.31,0.37,0.46604250000000036,0.57650775000000043,0,quintic,6,2,0,8,fe_geometry,2565.250694523419,1.3877787807814457e-17,3.7747582837255322e-15,2.7755575615628914e-17,0.00041420801426284015,0.0014551659987773746
2,2,1,10,0,0.23000000000000001,0.31,0.37,0.46604250000000036,0.57650775000000043,0,quintic,5,3,0,8,recursive,804.39871955982198,1.3877787807814457e-17,3.7747582837255322e-15,2.7755575615628914e-17,0.00041420801426284015,0.0014551659987773746
2,2,1,10,0,0.23000000000000001,0.31,0.37,0.46604250000000036,0.57650775000000043,0,quintic,5,3,0,8,direct,870.30978795329474,1.3877787807814457e-17,3.7747582837255322e-15,2.7755575615628914e-17,0.00041420801426284015,0.0014551659987773746
2,2,1,10,0,0.23000000000000001,0.31,0.37,0.46604250000000036,0.57650775000000043,0,quintic,5,3,0,8,fe_geometry,870.30978796362285,1.3877787807814457e-17,3.7747582837255322e-15,2.7755575615628914e-17,0.00041420801426284015,0.0014551659987773746
2,2,1,10,0,0.23000000000000001,0.31,0.37,0.46604250000000036,0.57650775000000043,0,quintic,4,4,0,8,recursive,645.95659087555134,1.3877787807814457e-17,3.7747582837255322e-15,2.7755575615628914e-17,0.00041420801426284015,0.0014551659987773746
2,2,1,10,0,0.23000000000000001,0.31,0.37,0.46604250000000036,0.57650775000000043,0,quintic,4,4,0,8,direct,632.71938544833995,1.3877787807814457e-17,3.7747582837255322e-15,2.7755575615628914e-17,0.00041420801426284015,0.0014551659987773746
2,2,1,10,0,0.23000000000000001,0.31,0.37,0.46604250000000036,0.57650775000000043,0,quintic,4,4,0,8,fe_geometry,632.71938545170769,1.3877787807814457e-17,3.7747582837255322e-15,2.7755575615628914e-17,0.00041420801426284015,0.0014551659987773746
2,2,1,10,0,0.23000000000000001,0.31,0.37,0.46604250000000036,0.57650775000000043,0,quintic,3,5,0,8,recursive,869.10199489406148,1.3877787807814457e-17,3.7747582837255322e-15,2.7755575615628914e-17,0.00041420801426284015,0.0014551659987773746
2,2,1,10,0,0.23000000000000001,0.31,0.37,0.46604250000000036,0.57650775000000043,0,quintic,3,5,0,8,direct,901.58044875329779,1.3877787807814457e-17,3.7747582837255322e-15,2.7755575615628914e-17,0.00041420801426284015,0.0014551659987773746
2,2,1,10,0,0.23000000000000001,0.31,0.37,0.46604250000000036,0.57650775000000043,0,quintic,3,5,0,8,fe_geometry,901.5804487858037,1.3877787807814457e-17,3.7747582837255322e-15,2.7755575615628914e-17,0.00041420801426284015,0.0014551659987773746
2,2,1,10,0,0.23000000000000001,0.31,0.37,0.46604250000000036,0.57650775000000043,0,quintic,2,6,0,8,recursive,2773.680276724313,1.3877787807814457e-17,3.7747582837255322e-15,2.7755575615628914e-17,0.00041420801426284015,0.0014551659987773746
2,2,1,10,0,0.23000000000000001,0.31,0.37,0.46604250000000036,0.57650775000000043,0,quintic,2,6,0,8,direct,2752.9038850449083,1.3877787807814457e-17,3.7747582837255322e-15,2.7755575615628914e-17,0.00041420801426284015,0.0014551659987773746
2,2,1,10,0,0.23000000000000001,0.31,0.37,0.46604250000000036,0.57650775000000043,0,quintic,2,6,0,8,fe_geometry,2752.90388504463,1.3877787807814457e-17,3.7747582837255322e-15,2.7755575615628914e-17,0.00041420801426284015,0.0014551659987773746
2,2,1,10,0,0.23000000000000001,0.31,0.37,0.46604250000000036,0.57650775000000043,0,quintic,1,7,0,8,recursive,8798.726260747264,1.3877787807814457e-17,3.7747582837255322e-15,2.7755575615628914e-17,0.00041420801426284015,0.0014551659987773746
2,2,1,10,0,0.23000000000000001,0.31,0.37,0.46604250000000036,0.57650775000000043,0,quintic,1,7,0,8,direct,7995.3726575295805,1.3877787807814457e-17,3.7747582837255322e-15,2.7755575615628914e-17,0.00041420801426284015,0.0014551659987773746
2,2,1,10,0,0.23000000000000001,0.31,0.37,0.46604250000000036,0.57650775000000043,0,quintic,1,7,0,8,fe_geometry,7995.3726575760857,1.3877787807814457e-17,3.7747582837255322e-15,2.7755575615628914e-17,0.00041420801426284015,0.0014551659987773746
2,2,1,10,0,0.23000000000000001,0.31,0.37,0.46604250000000036,0.57650775000000043,0,quintic,0,8,0,8,recursive,1486446.8372435949,1.3877787807814457e-17,3.7747582837255322e-15,2.7755575615628914e-17,0.00041420801426284015,0.0014551659987773746
2,2,1,10,0,0.23000000000000001,0.31,0.37,0.46604250000000036,0.57650775000000043,0,quintic,0,8,0,8,direct,1295695.1929631389,1.3877787807814457e-17,3.7747582837255322e-15,2.7755575615628914e-17,0.00041420801426284015,0.0014551659987773746
2,2,1,10,0,0.23000000000000001,0.31,0.37,0.46604250000000036,0.57650775000000043,0,quintic,0,8,0,8,fe_geometry,1295695.1929635464,1.3877787807814457e-17,3.7747582837255322e-15,2.7755575615628914e-17,0.00041420801426284015,0.0014551659987773746
2,2,1,10,0,0.23000000000000001,0.31,0.37,0.46604250000000036,0.57650775000000043,0,quintic,9,0,0,9,recursive,6454022.728052211,1.3877787807814457e-17,3.7747582837255322e-15,2.7755575615628914e-17,0.00041420801426284015,0.0014551659987773746
2,2,1,10,0,0.23000000000000001,0.31,0.37,0.46604250000000036,0.57650775000000043,0,quintic,9,0,0,9,direct,5389603.6779802525,1.3877787807814457e-17,3.7747582837255322e-15,2.7755575615628914e-17,0.00041420801426284015,0.0014551659987773746
2,2,1,10,0,0.23000000000000001,0.31,0.37,0.46604250000000036,0.57650775000000043,0,quintic,9,0,0,9,fe_geometry,5389603.6779796295,1.3877787807814457e-17,3.7747582837255322e-15,2.7755575615628914e-17,0.00041420801426284015,0.0014551659987773746
2,2,1,10,0,0.23000000000000001,0.31,0.37,0.46604250000000036,0.57650775000000043,0,quintic,8,1,0,9,recursive,102568.74211115394,1.3877787807814457e-17,3.7747582837255322e-15,2.7755575615628914e-17,0.00041420801426284015,0.0014551659987773746
2,2,1,10,0,0.23000000000000001,0.31,0.37,0.46604250000000036,0.57650775000000043,0,quintic,8,1,0,9,direct,95263.892310392344,1.3877787807814457e-17,3.7747582837255322e-15,2.7755575615628914e-17,0.00041420801426284015,0.0014551659987773746
2,2,1,10,0,0.23000000000000001,0.31,0.37,0.46604250000000036,0.57650775000000043,0,quintic,8,1,0,9,fe_geometry,95263.892310537398,1.3877787807814457e-17,3.7747582837255322e-15,2.7755575615628914e-17,0.00041420801426284015,0.0014551659987773746
2,2,1,10,0,0.23000000000000001,0.31,0.37,0.46604250000000036,0.57650775000000043,0,quintic,7,2,0,9,recursive,23449.372084232826,1.3877787807814457e-17,3.7747582837255322e-15,2.7755575615628914e-17,0.00041420801426284015,0.0014551659987773746
2,2,1,10,0,0.23000000000000001,0.31,0.37,0.46604250000000036,0.57650775000000043,0,quintic,7,2,0,9,direct,24922.928667588971,1.3877787807814457e-17,3.7747582837255322e-15,2.7755575615628914e-17,0.00041420801426284015,0.0014551659987773746
2,2,1,10,0,0.23000000000000001,0.31,0.37,0.46604250000000036,0.57650775000000043,0,quintic,7,2,0,9,fe_geometry,24922.928667623339,1.3877787807814457e-17,3.7747582837255322e-15,2.7755575615628914e-17,0.00041420801426284015,0.0014551659987773746
2,2,1,10,0,0.23000000000000001,0.31,0.37,0.46604250000000036,0.57650775000000043,0,quintic,6,3,0,9,recursive,6024.6151457566411,1.3877787807814457e-17,3.7747582837255322e-15,2.7755575615628914e-17,0.00041420801426284015,0.0014551659987773746
2,2,1,10,0,0.23000000000000001,0.31,0.37,0.46604250000000036,0.57650775000000043,0,quintic,6,3,0,9,direct,6918.1974475961933,1.3877787807814457e-17,3.7747582837255322e-15,2.7755575615628914e-17,0.00041420801426284015,0.0014551659987773746
2,2,1,10,0,0.23000000000000001,0.31,0.37,0.46604250000000036,0.57650775000000043,0,quintic,6,3,0,9,fe_geometry,6918.1974476754567,1.3877787807814457e-17,3.7747582837255322e-15,2.7755575615628914e-17,0.00041420801426284015,0.0014551659987773746
2,2,1,10,0,0.23000000000000001,0.31,0.37,0.46604250000000036,0.57650775000000043,0,quintic,5,4,0,9,recursive,3607.5112148343096,1.3877787807814457e-17,3.7747582837255322e-15,2.7755575615628914e-17,0.00041420801426284015,0.0014551659987773746
2,2,1,10,0,0.23000000000000001,0.31,0.37,0.46604250000000036,0.57650775000000043,0,quintic,5,4,0,9,direct,3911.8820926901622,1.3877787807814457e-17,3.7747582837255322e-15,2.7755575615628914e-17,0.00041420801426284015,0.0014551659987773746
2,2,1,10,0,0.23000000000000001,0.31,0.37,0.46604250000000036,0.57650775000000043,0,quintic,5,4,0,9,fe_geometry,3911.8820926287326,1.3877787807814457e-17,3.7747582837255322e-15,2.7755575615628914e-17,0.00041420801426284015,0.0014551659987773746
2,2,1,10,0,0.23000000000000001,0.31,0.37,0.46604250000000036,0.57650775000000043,0,quintic,4,5,0,9,recursive,3920.383136183078,1.3877787807814457e-17,3.7747582837255322e-15,2.7755575615628914e-17,0.00041420801426284015,0.0014551659987773746
2,2,1,10,0,0.23000000000000001,0.31,0.37,0.46604250000000036,0.57650775000000043,0,quintic,4,5,0,9,direct,3981.5398346402226,1.3877787807814457e-17,3.7747582837255322e-15,2.7755575615628914e-17,0.00041420801426284015,0.0014551659987773746
2,2,1,10,0,0.23000000000000001,0.31,0.37,0.46604250000000036,0.57650775000000043,0,quintic,4,5,0,9,fe_geometry,3981.5398345571962,1.3877787807814457e-17,3.7747582837255322e-15,2.7755575615628914e-17,0.00041420801426284015,0.0014551659987773746
2,2,1,10,0,0.23000000000000001,0.31,0.37,0.46604250000000036,0.57650775000000043,0,quintic,3,6,0,9,recursive,7356.5229930051983,1.3877787807814457e-17,3.7747582837255322e-15,2.7755575615628914e-17,0.00041420801426284015,0.0014551659987773746
2,2,1,10,0,0.23000000000000001,0.31,0.37,0.46604250000000036,0.57650775000000043,0,quintic,3,6,0,9,direct,7294.3883085216967,1.3877787807814457e-17,3.7747582837255322e-15,2.7755575615628914e-17,0.00041420801426284015,0.0014551659987773746
2,2,1,10,0,0.23000000000000001,0.31,0.37,0.46604250000000036,0.57650775000000043,0,quintic,3,6,0,9,fe_geometry,7294.388308459379,1.3877787807814457e-17,3.7747582837255322e-15,2.7755575615628914e-17,0.00041420801426284015,0.0014551659987773746
2,2,1,10,0,0.23000000000000001,0.31,0.37,0.46604250000000036,0.57650775000000043,0,quintic,2,7,0,9,recursive,29926.579153329101,1.3877787807814457e-17,3.7747582837255322e-15,2.7755575615628914e-17,0.00041420801426284015,0.0014551659987773746
2,2,1,10,0,0.23000000000000001,0.31,0.37,0.46604250000000036,0.57650775000000043,0,quintic,2,7,0,9,direct,27222.350286551693,1.3877787807814457e-17,3.7747582837255322e-15,2.7755575615628914e-17,0.00041420801426284015,0.0014551659987773746
2,2,1,10,0,0.23000000000000001,0.31,0.37,0.46604250000000036,0.57650775000000043,0,quintic,2,7,0,9,fe_geometry,27222.350287051097,1.3877787807814457e-17,3.7747582837255322e-15,2.7755575615628914e-17,0.00041420801426284015,0.0014551659987773746
2,2,1,10,0,0.23000000000000001,0.31,0.37,0.46604250000000036,0.57650775000000043,0,quintic,1,8,0,9,recursive,106270.94937679761,1.3877787807814457e-17,3.7747582837255322e-15,2.7755575615628914e-17,0.00041420801426284015,0.0014551659987773746
2,2,1,10,0,0.23000000000000001,0.31,0.37,0.46604250000000036,0.57650775000000043,0,quintic,1,8,0,9,direct,93438.088887921826,1.3877787807814457e-17,3.7747582837255322e-15,2.7755575615628914e-17,0.00041420801426284015,0.0014551659987773746
2,2,1,10,0,0.23000000000000001,0.31,0.37,0.46604250000000036,0.57650775000000043,0,quintic,1,8,0,9,fe_geometry,93438.088889333478,1.3877787807814457e-17,3.7747582837255322e-15,2.7755575615628914e-17,0.00041420801426284015,0.0014551659987773746
2,2,1,10,0,0.23000000000000001,0.31,0.37,0.46604250000000036,0.57650775000000043,0,quintic,0,9,0,9,recursive,18888276.83978707,1.3877787807814457e-17,3.7747582837255322e-15,2.7755575615628914e-17,0.00041420801426284015,0.0014551659987773746
2,2,1,10,0,0.23000000000000001,0.31,0.37,0.46604250000000036,0.57650775000000043,0,quintic,0,9,0,9,direct,18110420.802948706,1.3877787807814457e-17,3.7747582837255322e-15,2.7755575615628914e-17,0.00041420801426284015,0.0014551659987773746
2,2,1,10,0,0.23000000000000001,0.31,0.37,0.46604250000000036,0.57650775000000043,0,quintic,0,9,0,9,fe_geometry,18110420.802957121,1.3877787807814457e-17,3.7747582837255322e-15,2.7755575615628914e-17,0.00041420801426284015,0.0014551659987773746
2,2,1,10,0,0.23000000000000001,0.31,0.37,0.46604250000000036,0.57650775000000043,0,quintic,10,0,0,10,recursive,96862182.363354504,1.3877787807814457e-17,3.7747582837255322e-15,2.7755575615628914e-17,0.00041420801426284015,0.0014551659987773746
2,2,1,10,0,0.23000000000000001,0.31,0.37,0.46604250000000036,0.57650775000000043,0,quintic,10,0,0,10,direct,83330948.02633217,1.3877787807814457e-17,3.7747582837255322e-15,2.7755575615628914e-17,0.00041420801426284015,0.0014551659987773746
2,2,1,10,0,0.23000000000000001,0.31,0.37,0.46604250000000036,0.57650775000000043,0,quintic,10,0,0,10,fe_geometry,83330948.026322678,1.3877787807814457e-17,3.7747582837255322e-15,2.7755575615628914e-17,0.00041420801426284015,0.0014551659987773746
2,2,1,10,0,0.23000000000000001,0.31,0.37,0.46604250000000036,0.57650775000000043,0,quintic,9,1,0,10,recursive,1480801.7279306366,1.3877787807814457e-17,3.7747582837255322e-15,2.7755575615628914e-17,0.00041420801426284015,0.0014551659987773746
2,2,1,10,0,0.23000000000000001,0.31,0.37,0.46604250000000036,0.57650775000000043,0,quintic,9,1,0,10,direct,1262106.9450185855,1.3877787807814457e-17,3.7747582837255322e-15,2.7755575615628914e-17,0.00041420801426284015,0.0014551659987773746
2,2,1,10,0,0.23000000000000001,0.31,0.37,0.46604250000000036,0.57650775000000043,0,quintic,9,1,0,10,fe_geometry,1262106.9450228354,1.3877787807814457e-17,3.7747582837255322e-15,2.7755575615628914e-17,0.00041420801426284015,0.0014551659987773746
2,2,1,10,0,0.23000000000000001,0.31,0.37,0.46604250000000036,0.57650775000000043,0,quintic,8,2,0,10,recursive,308118.60926790664,1.3877787807814457e-17,3.7747582837255322e-15,2.7755575615628914e-17,0.00041420801426284015,0.0014551659987773746
2,2,1,10,0,0.23000000000000001,0.31,0.37,0.46604250000000036,0.57650775000000043,0,quintic,8,2,0,10,direct,286166.63864354254,1.3877787807814457e-17,3.7747582837255322e-15,2.7755575615628914e-17,0.00041420801426284015,0.0014551659987773746
2,2,1,10,0,0.23000000000000001,0.31,0.37,0.46604250000000036,0.57650775000000043,0,quintic,8,2,0,10,fe_geometry,286166.63864439039,1.3877787807814457e-17,3.7747582837255322e-15,2.7755575615628914e-17,0.00041420801426284015,0.0014551659987773746
2,2,1,10,0,0.23000000000000001,0.31,0.37,0.46604250000000036,0.57650775000000043,0,quintic,7,3,0,10,recursive,63361.544092419543,1.3877787807814457e-17,3.7747582837255322e-15,2.7755575615628914e-17,0.00041420801426284015,0.0014551659987773746
2,2,1,10,0,0.23000000000000001,0.31,0.37,0.46604250000000036,0.57650775000000043,0,quintic,7,3,0,10,direct,67214.382542289866,1.3877787807814457e-17,3.7747582837255322e-15,2.7755575615628914e-17,0.00041420801426284015,0.0014551659987773746
2,2,1,10,0,0.23000000000000001,0.31,0.37,0.46604250000000036,0.57650775000000043,0,quintic,7,3,0,10,fe_geometry,67214.382542049032,1.3877787807814457e-17,3.7747582837255322e-15,2.7755575615628914e-17,0.00041420801426284015,0.0014551659987773746
2,2,1,10,0,0.23000000000000001,0.31,0.37,0.46604250000000036,0.57650775000000043,0,quintic,6,4,0,10,recursive,27018.773400206264,1.3877787807814457e-17,3.7747582837255322e-15,2.7755575615628914e-17,0.00041420801426284015,0.0014551659987773746
2,2,1,10,0,0.23000000000000001,0.31,0.37,0.46604250000000036,0.57650775000000043,0,quintic,6,4,0,10,direct,31096.022461740104,1.3877787807814457e-17,3.7747582837255322e-15,2.7755575615628914e-17,0.00041420801426284015,0.0014551659987773746
2,2,1,10,0,0.23000000000000001,0.31,0.37,0.46604250000000036,0.57650775000000043,0,quintic,6,4,0,10,fe_geometry,31096.022460364358,1.3877787807814457e-17,3.7747582837255322e-15,2.7755575615628914e-17,0.00041420801426284015,0.0014551659987773746
2,2,1,10,0,0.23000000000000001,0.31,0.37,0.46604250000000036,0.57650775000000043,0,quintic,5,5,0,10,recursive,21894.390862871514,1.3877787807814457e-17,3.7747582837255322e-15,2.7755575615628914e-17,0.00041420801426284015,0.0014551659987773746
2,2,1,10,0,0.23000000000000001,0.31,0.37,0.46604250000000036,0.57650775000000043,0,quintic,5,5,0,10,direct,24616.464631611096,1.3877787807814457e-17,3.7747582837255322e-15,2.7755575615628914e-17,0.00041420801426284015,0.0014551659987773746
2,2,1,10,0,0.23000000000000001,0.31,0.37,0.46604250000000036,0.57650775000000043,0,quintic,5,5,0,10,fe_geometry,24616.464630341448,1.3877787807814457e-17,3.7747582837255322e-15,2.7755575615628914e-17,0.00041420801426284015,0.0014551659987773746
2,2,1,10,0,0.23000000000000001,0.31,0.37,0.46604250000000036,0.57650775000000043,0,quintic,4,6,0,10,recursive,33184.124376600143,1.3877787807814457e-17,3.7747582837255322e-15,2.7755575615628914e-17,0.00041420801426284015,0.0014551659987773746
2,2,1,10,0,0.23000000000000001,0.31,0.37,0.46604250000000036,0.57650775000000043,0,quintic,4,6,0,10,direct,32213.317930568213,1.3877787807814457e-17,3.7747582837255322e-15,2.7755575615628914e-17,0.00041420801426284015,0.0014551659987773746
2,2,1,10,0,0.23000000000000001,0.31,0.37,0.46604250000000036,0.57650775000000043,0,quintic,4,6,0,10,fe_geometry,32213.317929032452,1.3877787807814457e-17,3.7747582837255322e-15,2.7755575615628914e-17,0.00041420801426284015,0.0014551659987773746
2,2,1,10,0,0.23000000000000001,0.31,0.37,0.46604250000000036,0.57650775000000043,0,quintic,3,7,0,10,recursive,79373.087638654732,1.3877787807814457e-17,3.7747582837255322e-15,2.7755575615628914e-17,0.00041420801426284015,0.0014551659987773746
2,2,1,10,0,0.23000000000000001,0.31,0.37,0.46604250000000036,0.57650775000000043,0,quintic,3,7,0,10,direct,72131.248284956499,1.3877787807814457e-17,3.7747582837255322e-15,2.7755575615628914e-17,0.00041420801426284015,0.0014551659987773746
2,2,1,10,0,0.23000000000000001,0.31,0.37,0.46604250000000036,0.57650775000000043,0,quintic,3,7,0,10,fe_geometry,72131.24827270316,1.3877787807814457e-17,3.7747582837255322e-15,2.7755575615628914e-17,0.00041420801426284015,0.0014551659987773746
2,2,1,10,0,0.23000000000000001,0.31,0.37,0.46604250000000036,0.57650775000000043,0,quintic,2,8,0,10,recursive,361452.99716878351,1.3877787807814457e-17,3.7747582837255322e-15,2.7755575615628914e-17,0.00041420801426284015,0.0014551659987773746
2,2,1,10,0,0.23000000000000001,0.31,0.37,0.46604250000000036,0.57650775000000043,0,quintic,2,8,0,10,direct,318134.56292245758,1.3877787807814457e-17,3.7747582837255322e-15,2.7755575615628914e-17,0.00041420801426284015,0.0014551659987773746
2,2,1,10,0,0.23000000000000001,0.31,0.37,0.46604250000000036,0.57650775000000043,0,quintic,2,8,0,10,fe_geometry,318134.56293857523,1.3877787807814457e-17,3.7747582837255322e-15,2.7755575615628914e-17,0.00041420801426284015,0.0014551659987773746
2,2,1,10,0,0.23000000000000001,0.31,0.37,0.46604250000000036,0.57650775000000043,0,quintic,1,9,0,10,recursive,1336794.1450559653,1.3877787807814457e-17,3.7747582837255322e-15,2.7755575615628914e-17,0.00041420801426284015,0.0014551659987773746
2,2,1,10,0,0.23000000000000001,0.31,0.37,0.46604250000000036,0.57650775000000043,0,quintic,1,9,0,10,direct,1259960.964872305,1.3877787807814457e-17,3.7747582837255322e-15,2.7755575615628914e-17,0.00041420801426284015,0.0014551659987773746
2,2,1,10,0,0.23000000000000001,0.31,0.37,0.46604250000000036,0.57650775000000043,0,quintic,1,9,0,10,fe_geometry,1259960.9649069824,1.3877787807814457e-17,3.7747582837255322e-15,2.7755575615628914e-17,0.00041420801426284015,0.0014551659987773746
2,2,1,10,0,0.23000000000000001,0.31,0.37,0.46604250000000036,0.57650775000000043,0,quintic,0,10,0,10,recursive,241521625.97180873,1.3877787807814457e-17,3.7747582837255322e-15,2.7755575615628914e-17,0.00041420801426284015,0.0014551659987773746
2,2,1,10,0,0.23000000000000001,0.31,0.37,0.46604250000000036,0.57650775000000043,0,quintic,0,10,0,10,direct,284287902.83286285,1.3877787807814457e-17,3.7747582837255322e-15,2.7755575615628914e-17,0.00041420801426284015,0.0014551659987773746
2,2,1,10,0,0.23000000000000001,0.31,0.37,0.46604250000000036,0.57650775000000043,0,quintic,0,10,0,10,fe_geometry,284287902.8330422,1.3877787807814457e-17,3.7747582837255322e-15,2.7755575615628914e-17,0.00041420801426284015,0.0014551659987773746
2,2,1,10,1,0.60999999999999999,0.46999999999999997,0.53000000000000003,0.67998250000000027,0.65689975000000023,0,constant,1,0,0,1,recursive,-2.3288194218704499e-15,3.3306690738754696e-16,2.6645352591003757e-15,3.3306690738754696e-16,0.00041420801426284015,0.0005515409866347909
2,2,1,10,1,0.60999999999999999,0.46999999999999997,0.53000000000000003,0.67998250000000027,0.65689975000000023,0,constant,1,0,0,1,direct,3.1921426480423858e-14,3.3306690738754696e-16,2.6645352591003757e-15,3.3306690738754696e-16,0.00041420801426284015,0.0005515409866347909
2,2,1,10,1,0.60999999999999999,0.46999999999999997,0.53000000000000003,0.67998250000000027,0.65689975000000023,0,constant,1,0,0,1,fe_geometry,3.1921426480424047e-14,3.3306690738754696e-16,2.6645352591003757e-15,3.3306690738754696e-16,0.00041420801426284015,0.0005515409866347909
2,2,1,10,1,0.60999999999999999,0.46999999999999997,0.53000000000000003,0.67998250000000027,0.65689975000000023,0,constant,0,1,0,1,recursive,4.8055456216987695e-15,3.3306690738754696e-16,2.6645352591003757e-15,3.3306690738754696e-16,0.00041420801426284015,0.0005515409866347909
2,2,1,10,1,0.60999999999999999,0.46999999999999997,0.53000000000000003,0.67998250000000027,0.65689975000000023,0,constant,0,1,0,1,direct,3.4928166835601884e-14,3.3306690738754696e-16,2.6645352591003757e-15,3.3306690738754696e-16,0.00041420801426284015,0.0005515409866347909
2,2,1,10,1,0.60999999999999999,0.46999999999999997,0.53000000000000003,0.67998250000000027,0.65689975000000023,0,constant,0,1,0,1,fe_geometry,3.4928166835601587e-14,3.3306690738754696e-16,2.6645352591003757e-15,3.3306690738754696e-16,0.00041420801426284015,0.0005515409866347909
2,2,1,10,1,0.60999999999999999,0.46999999999999997,0.53000000000000003,0.67998250000000027,0.65689975000000023,0,constant,2,0,0,2,recursive,-4.6796214740933995e-14,3.3306690738754696e-16,2.6645352591003757e-15,3.3306690738754696e-16,0.00041420801426284015,0.0005515409866347909
2,2,1,10,1,0.60999999999999999,0.46999999999999997,0.53000000000000003,0.67998250000000027,0.65689975000000023,0,constant,2,0,0,2,direct,-2.1684522821426903e-14,3.3306690738754696e-16,2.6645352591003757e-15,3.3306690738754696e-16,0.00041420801426284015,0.0005515409866347909
2,2,1,10,1,0.60999999999999999,0.46999999999999997,0.53000000000000003,0.67998250000000027,0.65689975000000023,0,constant,2,0,0,2,fe_geometry,-2.1684522821432542e-14,3.3306690738754696e-16,2.6645352591003757e-15,3.3306690738754696e-16,0.00041420801426284015,0.0005515409866347909
2,2,1,10,1,0.60999999999999999,0.46999999999999997,0.53000000000000003,0.67998250000000027,0.65689975000000023,0,constant,1,1,0,2,recursive,-1.8695773267675075e-15,3.3306690738754696e-16,2.6645352591003757e-15,3.3306690738754696e-16,0.00041420801426284015,0.0005515409866347909
2,2,1,10,1,0.60999999999999999,0.46999999999999997,0.53000000000000003,0.67998250000000027,0.65689975000000023,0,constant,1,1,0,2,direct,1.8735618672186747e-13,3.3306690738754696e-16,2.6645352591003757e-15,3.3306690738754696e-16,0.00041420801426284015,0.0005515409866347909
2,2,1,10,1,0.60999999999999999,0.46999999999999997,0.53000000000000003,0.67998250000000027,0.65689975000000023,0,constant,1,1,0,2,fe_geometry,1.8735618672186797e-13,3.3306690738754696e-16,2.6645352591003757e-15,3.3306690738754696e-16,0.00041420801426284015,0.0005515409866347909
2,2,1,10,1,0.60999999999999999,0.46999999999999997,0.53000000000000003,0.67998250000000027,0.65689975000000023,0,constant,0,2,0,2,recursive,3.5086184024237352e-14,3.3306690738754696e-16,2.6645352591003757e-15,3.3306690738754696e-16,0.00041420801426284015,0.0005515409866347909
2,2,1,10,1,0.60999999999999999,0.46999999999999997,0.53000000000000003,0.67998250000000027,0.65689975000000023,0,constant,0,2,0,2,direct,2.1624236366125934e-13,3.3306690738754696e-16,2.6645352591003757e-15,3.3306690738754696e-16,0.00041420801426284015,0.0005515409866347909
2,2,1,10,1,0.60999999999999999,0.46999999999999997,0.53000000000000003,0.67998250000000027,0.65689975000000023,0,constant,0,2,0,2,fe_geometry,2.1624236366125702e-13,3.3306690738754696e-16,2.6645352591003757e-15,3.3306690738754696e-16,0.00041420801426284015,0.0005515409866347909
2,2,1,10,1,0.60999999999999999,0.46999999999999997,0.53000000000000003,0.67998250000000027,0.65689975000000023,0,constant,3,0,0,3,recursive,3.3505914273683964e-12,3.3306690738754696e-16,2.6645352591003757e-15,3.3306690738754696e-16,0.00041420801426284015,0.0005515409866347909
2,2,1,10,1,0.60999999999999999,0.46999999999999997,0.53000000000000003,0.67998250000000027,0.65689975000000023,0,constant,3,0,0,3,direct,-1.9637523860256125e-12,3.3306690738754696e-16,2.6645352591003757e-15,3.3306690738754696e-16,0.00041420801426284015,0.0005515409866347909
2,2,1,10,1,0.60999999999999999,0.46999999999999997,0.53000000000000003,0.67998250000000027,0.65689975000000023,0,constant,3,0,0,3,fe_geometry,-1.9637523860257216e-12,3.3306690738754696e-16,2.6645352591003757e-15,3.3306690738754696e-16,0.00041420801426284015,0.0005515409866347909
2,2,1,10,1,0.60999999999999999,0.46999999999999997,0.53000000000000003,0.67998250000000027,0.65689975000000023,0,constant,2,1,0,3,recursive,6.1506495545566442e-13,3.3306690738754696e-16,2.6645352591003757e-15,3.3306690738754696e-16,0.00041420801426284015,0.0005515409866347909
2,2,1,10,1,0.60999999999999999,0.46999999999999997,0.53000000000000003,0.67998250000000027,0.65689975000000023,0,constant,2,1,0,3,direct,-9.3612209818963127e-13,3.3306690738754696e-16,2.6645352591003757e-15,3.3306690738754696e-16,0.00041420801426284015,0.0005515409866347909
2,2,1,10,1,0.60999999999999999,0.46999999999999997,0.53000000000000003,0.67998250000000027,0.65689975000000023,0,constant,2,1,0,3,fe_geometry,-9.3612209818965409e-13,3.3306690738754696e-16,2.6645352591003757e-15,3.3306690738754696e-16,0.00041420801426284015,0.0005515409866347909
2,2,1,10,1,0.60999999999999999,0.46999999999999997,0.53000000000000003,0.67998250000000027,0.65689975000000023,0,constant,1,2,0,3,recursive,-1.0503669874008037e-12,3.3306690738754696e-16,2.6645352591003757e-15,3.3306690738754696e-16,0.00041420801426284015,0.0005515409866347909
2,2,1,10,1,0.60999999999999999,0.46999999999999997,0.53000000000000003,0.67998250000000027,0.65689975000000023,0,constant,1,2,0,3,direct,1.0036955537723415e-12,3.3306690738754696e-16,2.6645352591003757e-15,3.3306690738754696e-16,0.00041420801426284015,0.0005515409866347909
2,2,1,10,1,0.60999999999999999,0.46999999999999997,0.53000000000000003,0.67998250000000027,0.65689975000000023,0,constant,1,2,0,3,fe_geometry,1.0036955537723413e-12,3.3306690738754696e-16,2.6645352591003757e-15,3.3306690738754696e-16,0.00041420801426284015,0.0005515409866347909
2,2,1,10,1,0.60999999999999999,0.46999999999999997,0.53000000000000003,0.67998250000000027,0.65689975000000023,0,constant,0,3,0,3,recursive,-2.0255003951726313e-12,3.3306690738754696e-16,2.6645352591003757e-15,3.3306690738754696e-16,0.00041420801426284015,0.0005515409866347909
2,2,1,10,1,0.60999999999999999,0.46999999999999997,0.53000000000000003,0.67998250000000027,0.65689975000000023,0,constant,0,3,0,3,direct,-1.032227229852166e-11,3.3306690738754696e-16,2.6645352591003757e-15,3.3306690738754696e-16,0.00041420801426284015,0.0005515409866347909
2,2,1,10,1,0.60999999999999999,0.46999999999999997,0.53000000000000003,0.67998250000000027,0.65689975000000023,0,constant,0,3,0,3,fe_geometry,-1.0322272298521485e-11,3.3306690738754696e-16,2.6645352591003757e-15,3.3306690738754696e-16,0.00041420801426284015,0.0005515409866347909
2,2,1,10,1,0.60999999999999999,0.46999999999999997,0.53000000000000003,0.67998250000000027,0.65689975000000023,0,constant,4,0,0,4,recursive,7.1383932505992079e-11,3.3306690738754696e-16,2.6645352591003757e-15,3.3306690738754696e-16,0.00041420801426284015,0.0005515409866347909
2,2,1,10,1,0.60999999999999999,0.46999999999999997,0.53000000000000003,0.67998250000000027,0.65689975000000023,0,constant,4,0,0,4,direct,-2.0181470798699201e-11,3.3306690738754696e-16,2.6645352591003757e-15,3.3306690738754696e-16,0.00041420801426284015,0.0005515409866347909
2,2,1,10,1,0.60999999999999999,0.46999999999999997,0.53000000000000003,0.67998250000000027,0.65689975000000023,0,constant,4,0,0,4,fe_geometry,-2.018147079869797e-11,3.3306690738754696e-16,2.6645352591003757e-15,3.3306690738754696e-16,0.00041420801426284015,0.0005515409866347909
2,2,1,10,1,0.60999999999999999,0.46999999999999997,0.53000000000000003,0.67998250000000027,0.65689975000000023,0,constant,3,1,0,4,recursive,-4.3965029599007213e-11,3.3306690738754696e-16,2.6645352591003757e-15,3.3306690738754696e-16,0.00041420801426284015,0.0005515409866347909
2,2,1,10,1,0.60999999999999999,0.46999999999999997,0.53000000000000003,0.67998250000000027,0.65689975000000023,0,constant,3,1,0,4,direct,-2.0743714105303167e-11,3.3306690738754696e-16,2.6645352591003757e-15,3.3306690738754696e-16,0.00041420801426284015,0.0005515409866347909
2,2,1,10,1,0.60999999999999999,0.46999999999999997,0.53000000000000003,0.67998250000000027,0.65689975000000023,0,constant,3,1,0,4,fe_geometry,-2.0743714105303432e-11,3.3306690738754696e-16,2.6645352591003757e-15,3.3306690738754696e-16,0.00041420801426284015,0.0005515409866347909
2,2,1,10,1,0.60999999999999999,0.46999999999999997,0.53000000000000003,0.67998250000000027,0.65689975000000023,0,constant,2,2,0,4,recursive,-3.2672951038727437e-12,3.3306690738754696e-16,2.6645352591003757e-15,3.3306690738754696e-16,0.00041420801426284015,0.0005515409866347909
2,2,1,10,1,0.60999999999999999,0.46999999999999997,0.53000000000000003,0.67998250000000027,0.65689975000000023,0,constant,2,2,0,4,direct,2.8395810190540776e-12,3.3306690738754696e-16,2.6645352591003757e-15,3.3306690738754696e-16,0.00041420801426284015,0.0005515409866347909
2,2,1,10,1,0.60999999999999999,0.46999999999999997,0.53000000000000003,0.67998250000000027,0.65689975000000023,0,constant,2,2,0,4,fe_geometry,2.8395810190551572e-12,3.3306690738754696e-16,2.6645352591003757e-15,3.3306690738754696e-16,0.00041420801426284015,0.0005515409866347909
2,2,1,10,1,0.60999999999999999,0.46999999999999997,0.53000000000000003,0.67998250000000027,0.65689975000000023,0,constant,1,3,0,4,recursive,2.7337432980243386e-11,3.3306690738754696e-16,2.6645352591003757e-15,3.3306690738754696e-16,0.00041420801426284015,0.0005515409866347909
2,2,1,10,1,0.60999999999999999,0.46999999999999997,0.53000000000000003,0.67998250000000027,0.65689975000000023,0,constant,1,3,0,4,direct,-1.2607186557306772e-11,3.3306690738754696e-16,2.6645352591003757e-15,3.3306690738754696e-16,0.00041420801426284015,0.0005515409866347909
2,2,1,10,1,0.60999999999999999,0.46999999999999997,0.53000000000000003,0.67998250000000027,0.65689975000000023,0,constant,1,3,0,4,fe_geometry,-1.2607186557306979e-11,3.3306690738754696e-16,2.6645352591003757e-15,3.3306690738754696e-16,0.00041420801426284015,0.0005515409866347909
2,2,1,10,1,0.60999999999999999,0.46999999999999997,0.53000000000000003,0.67998250000000027,0.65689975000000023,0,constant,0,4,0,4,recursive,-2.4194651309469544e-11,3.3306690738754696e-16,2.6645352591003757e-15,3.3306690738754696e-16,0.00041420801426284015,0.0005515409866347909
2,2,1,10,1,0.60999999999999999,0.46999999999999997,0.53000000000000003,0.67998250000000027,0.65689975000000023,0,constant,0,4,0,4,direct,-9.4414577695742634e-11,3.3306690738754696e-16,2.6645352591003757e-15,3.3306690738754696e-16,0.00041420801426284015,0.0005515409866347909
2,2,1,10,1,0.60999999999999999,0.46999999999999997,0.53000000000000003,0.67998250000000027,0.65689975000000023,0,constant,0,4,0,4,fe_geometry,-9.4414577695740178e-11,3.3306690738754696e-16,2.6645352591003757e-15,3.3306690738754696e-16,0.00041420801426284015,0.0005515409866347909
2,2,1,10,1,0.60999999999999999,0.46999999999999997,0.53000000000000003,0.67998250000000027,0.65689975000000023,0,constant,5,0,0,5,recursive,-8.8315374802047816e-10,3.3306690738754696e-16,2.6645352591003757e-15,3.3306690738754696e-16,0.00041420801426284015,0.0005515409866347909
2,2,1,10,1,0.60999999999999999,0.46999999999999997,0.53000000000000003,0.67998250000000027,0.65689975000000023,0,constant,5,0,0,5,direct,-3.9620022086293269e-10,3.3306690738754696e-16,2.6645352591003757e-15,3.3306690738754696e-16,0.00041420801426284015,0.0005515409866347909
2,2,1,10,1,0.60999999999999999,0.46999999999999997,0.53000000000000003,0.67998250000000027,0.65689975000000023,0,constant,5,0,0,5,fe_geometry,-3.9620022086287949e-10,3.3306690738754696e-16,2.6645352591003757e-15,3.3306690738754696e-16,0.00041420801426284015,0.0005515409866347909
2,2,1,10,1,0.60999999999999999,0.46999999999999997,0.53000000000000003,0.67998250000000027,0.65689975000000023,0,constant,4,1,0,5,recursive,-6.7579736760298491e-10,3.3306690738754696e-16,2.6645352591003757e-15,3.3306690738754696e-16,0.00041420801426284015,0.0005515409866347909
2,2,1,10,1,0.60999999999999999,0.46999999999999997,0.53000000000000003,0.67998250000000027,0.65689975000000023,0,constant,4,1,0,5,direct,-7.1628542290559762e-10,3.3306690738754696e-16,2.6645352591003757e-15,3.3306690738754696e-16,0.00041420801426284015,0.0005515409866347909
2,2,1,10,1,0.60999999999999999,0.46999999999999997,0.53000000000000003,0.67998250000000027,0.65689975000000023,0,constant,4,1,0,5,fe_geometry,-7.1628542290559565e-10,3.3306690738754696e-16,2.6645352591003757e-15,3.3306690738754696e-16,0.00041420801426284015,0.0005515409866347909
2,2,1,10,1,0.60999999999999999,0.46999999999999997,0.53000000000000003,0.67998250000000027,0.65689975000000023,0,constant,3,2,0,5,recursive,-2.1650263867881968e-10,3.3306690738754696e-16,2.6645352591003757e-15,3.3306690738754696e-16,0.00041420801426284015,0.0005515409866347909
2,2,1,10,1,0.60999999999999999,0.46999999999999997,0.53000000000000003,0.67998250000000027,0.65689975000000023,0,constant,3,2,0,5,direct,-2.1893792822234378e-10,3.3306690738754696e-16,2.6645352591003757e-15,3.3306690738754696e-16,0.00041420801426284015,0.0005515409866347909
2,2,1,10,1,0.60999999999999999,0.46999999999999997,0.53000000000000003,0.67998250000000027,0.65689975000000023,0,constant,3,2,0,5,fe_geometry,-2.1893792822233267e-10,3.3306690738754696e-16,2.6645352591003757e-15,3.3306690738754696e-16,0.00041420801426284015,0.0005515409866347909
2,2,1,10,1,0.60999999999999999,0.46999999999999997,0.53000000000000003,0.67998250000000027,0.65689975000000023,0,constant,2,3,0,5,recursive,4.9489471818714186e-11,3.3306690738754696e-16,2.6645352591003757e-15,3.3306690738754696e-16,0.00041420801426284015,0.0005515409866347909
2,2,1,10,1,0.60999999999999999,0.46999999999999997,0.53000000000000003,0.67998250000000027,0.65689975000000023,0,constant,2,3,0,5,direct,3.5122006265523282e-10,3.3306690738754696e-16,2.6645352591003757e-15,3.3306690738754696e-16,0.00041420801426284015,0.0005515409866347909
2,2,1,10,1,0.60999999999999999,0.46999999999999997,0.53000000000000003,0.67998250000000027,0.65689975000000023,0,constant,2,3,0,5,fe_geometry,3.5122006265523696e-10,3.3306690738754696e-16,2.6645352591003757e-15,3.3306690738754696e-16,0.00041420801426284015,0.0005515409866347909
2,2,1,10,1,0.60999999999999999,0.46999999999999997,0.53000000000000003,0.67998250000000027,0.65689975000000023,0,constant,1,4,0,5,recursive,5.6519892025036391e-10,3.3306690738754696e-16,2.6645352591003757e-15,3.3306690738754696e-16,0.00041420801426284015,0.0005515409866347909
2,2,1,10,1,0.60999999999999999,0.46999999999999997,0.53000000000000003,0.67998250000000027,0.65689975000000023,0,constant,1,4,0,5,direct,-2.2691705155294725e-10,3.3306690738754696e-16,2.6645352591003757e-15,3.3306690738754696e-16,0.00041420801426284015,0.0005515409866347909
2,2,1,10,1,0.60999999999999999,0.46999999999999997,0.53000000000000003,0.67998250000000027,0.65689975000000023,0,constant,1,4,0,5,fe_geometry,-2.269170515529543e-10,3.3306690738754696e-16,2.6645352591003757e-15,3.3306690738754696e-16,0.00041420801426284015,0.0005515409866347909
2,2,1,10,1,0.60999999999999999,0.46999999999999997,0.53000000000000003,0.67998250000000027,0.65689975000000023,0,constant,0,5,0,5,recursive,4.5584752159527985e-10,3.3306690738754696e-16,2.6645352591003757e-15,3.3306690738754696e-16,0.00041420801426284015,0.0005515409866347909
2,2,1,10,1,0.60999999999999999,0.46999999999999997,0.53000000000000003,0.67998250000000027,0.65689975000000023,0,constant,0,5,0,5,direct,1.3584952496966279e-09,3.3306690738754696e-16,2.6645352591003757e-15,3.3306690738754696e-16,0.00041420801426284015,0.0005515409866347909
2,2,1,10,1,0.60999999999999999,0.46999999999999997,0.53000000000000003,0.67998250000000027,0.65689975000000023,0,constant,0,5,0,5,fe_geometry,1.3584952496965977e-09,3.3306690738754696e-16,2.6645352591003757e-15,3.3306690738754696e-16,0.00041420801426284015,0.0005515409866347909
2,2,1,10,1,0.60999999999999999,0.46999999999999997,0.53000000000000003,0.67998250000000027,0.65689975000000023,0,constant,6,0,0,6,recursive,-4.7612736670289034e-08,3.3306690738754696e-16,2.6645352591003757e-15,3.3306690738754696e-16,0.00041420801426284015,0.0005515409866347909
2,2,1,10,1,0.60999999999999999,0.46999999999999997,0.53000000000000003,0.67998250000000027,0.65689975000000023,0,constant,6,0,0,6,direct,-6.6914992151776927e-09,3.3306690738754696e-16,2.6645352591003757e-15,3.3306690738754696e-16,0.00041420801426284015,0.0005515409866347909
2,2,1,10,1,0.60999999999999999,0.46999999999999997,0.53000000000000003,0.67998250000000027,0.65689975000000023,0,constant,6,0,0,6,fe_geometry,-6.6914992151760896e-09,3.3306690738754696e-16,2.6645352591003757e-15,3.3306690738754696e-16,0.00041420801426284015,0.0005515409866347909
2,2,1,10,1,0.60999999999999999,0.46999999999999997,0.53000000000000003,0.67998250000000027,0.65689975000000023,0,constant,5,1,0,6,recursive,1.7298231430626956e-08,3.3306690738754696e-16,2.6645352591003757e-15,3.3306690738754696e-16,0.00041420801426284015,0.0005515409866347909
2,2,1,10,1,0.60999999999999999,0.46999999999999997,0.53000000000000003,0.67998250000000027,0.65689975000000023,0,constant,5,1,0,6,direct,-1.8761841000507173e-08,3.3306690738754696e-16,2.6645352591003757e-15,3.3306690738754696e-16,0.00041420801426284015,0.0005515409866347909
2,2,1,10,1,0.60999999999999999,0.46999999999999997,0.53000000000000003,0.67998250000000027,0.65689975000000023,0,constant,5,1,0,6,fe_geometry,-1.8761841000506564e-08,3.3306690738754696e-16,2.6645352591003757e-15,3.3306690738754696e-16,0.00041420801426284015,0.0005515409866347909
2,2,1,10,1,0.60999999999999999,0.46999999999999997,0.53000000000000003,0.67998250000000027,0.65689975000000023,0,constant,4,2,0,6,recursive,-5.8268203339270705e-09,3.3306690738754696e-16,2.6645352591003757e-15,3.3306690738754696e-16,0.00041420801426284015,0.0005515409866347909
2,2,1,10,1,0.60999999999999999,0.46999999999999997,0.53000000000000003,0.67998250000000027,0.65689975000000023,0,constant,4,2,0,6,direct,-1.0514703420323625e-09,3.3306690738754696e-16,2.6645352591003757e-15,3.3306690738754696e-16,0.00041420801426284015,0.0005515409866347909
2,2,1,10,1,0.60999999999999999,0.46999999999999997,0.53000000000000003,0.67998250000000027,0.65689975000000023,0,constant,4,2,0,6,fe_geometry,-1.051470342032483e-09,3.3306690738754696e-16,2.6645352591003757e-15,3.3306690738754696e-16,0.00041420801426284015,0.0005515409866347909
2,2,1,10,1,0.60999999999999999,0.46999999999999997,0.53000000000000003,0.67998250000000027,0.65689975000000023,0,constant,3,3,0,6,recursive,2.6682673942072562e-09,3.3306690738754696e-16,2.6645352591003757e-15,3.3306690738754696e-16,0.00041420801426284015,0.0005515409866347909
2,2,1,10,1,0.60999999999999999,0.46999999999999997,0.53000000000000003,0.67998250000000027,0.65689975000000023,0,constant,3,3,0,6,direct,1.9981748604742633e-09,3.3306690738754696e-16,2.6645352591003757e-15,3.3306690738754696e-16,0.00041420801426284015,0.0005515409866347909
2,2,1,10,1,0.60999999999999999,0.46999999999999997,0.53000000000000003,0.67998250000000027,0.65689975000000023,0,constant,3,3,0,6,fe_geometry,1.9981748604742078e-09,3.3306690738754696e-16,2.6645352591003757e-15,3.3306690738754696e-16,0.00041420801426284015,0.0005515409866347909
2,2,1,10,1,0.60999999999999999,0.46999999999999997,0.53000000000000003,0.67998250000000027,0.65689975000000023,0,constant,2,4,0,6,recursive,1.878135224955817e-09,3.3306690738754696e-16,2.6645352591003757e-15,3.3306690738754696e-16,0.00041420801426284015,0.0005515409866347909
2,2,1,10,1,0.60999999999999999,0.46999999999999997,0.53000000000000003,0.67998250000000027,0.65689975000000023,0,constant,2,4,0,6,direct,2.4277120936295656e-09,3.3306690738754696e-16,2.6645352591003757e-15,3.3306690738754696e-16,0.00041420801426284015,0.0005515409866347909
2,2,1,10,1,0.60999999999999999,0.46999999999999997,0.53000000000000003,0.67998250000000027,0.65689975000000023,0,constant,2,4,0,6,fe_geometry,2.4277120936290892e-09,3.3306690738754696e-16,2.6645352591003757e-15,3.3306690738754696e-16,0.00041420801426284015,0.0005515409866347909
2,2,1,10,1,0.60999999999999999,0.46999999999999997,0.53000000000000003,0.67998250000000027,0.65689975000000023,0,constant,1,5,0,6,recursive,-9.2081217697746479e-09,3.3306690738754696e-16,2.6645352591003757e-15,3.3306690738754696e-16,0.00041420801426284015,0.0005515409866347909
2,2,1,10,1,0.60999999999999999,0.46999999999999997,0.53000000000000003,0.67998250000000027,0.65689975000000023,0,constant,1,5,0,6,direct,-1.1669830176887156e-09,3.3306690738754696e-16,2.6645352591003757e-15,3.3306690738754696e-16,0.00041420801426284015,0.0005515409866347909
2,2,1,10,1,0.60999999999999999,0.46999999999999997,0.53000000000000003,0.67998250000000027,0.65689975000000023,0,constant,1,5,0,6,fe_geometry,-1.1669830176885935e-09,3.3306690738754696e-16,2.6645352591003757e-15,3.3306690738754696e-16,0.00041420801426284015,0.0005515409866347909
2,2,1,10,1,0.60999999999999999,0.46999999999999997,0.53000000000000003,0.67998250000000027,0.65689975000000023,0,constant,0,6,0,6,recursive,5.6760187198689296e-09,3.3306690738754696e-16,2.6645352591003757e-15,3.3306690738754696e-16,0.00041420801426284015,0.0005515409866347909
2,2,1,10,1,0.60999999999999999,0.46999999999999997,0.53000000000000003,0.67998250000000027,0.65689975000000023,0,constant,0,6,0,6,direct,2.5925737309322624e-08,3.3306690738754696e-16,2.6645352591003757e-15,3.3306690738754696e-16,0.00041420801426284015,0.0005515409866347909
2,2,1,10,1,0.60999999999999999,0.46999999999999997,0.53000000000000003,0.67998250000000027,0.65689975000000023,0,constant,0,6,0,6,fe_geometry,2.5925737309320963e-08,3.3306690738754696e-16,2.6645352591003757e-15,3.3306690738754696e-16,0.00041420801426284015,0.0005515409866347909
2,2,1,10,1,0.60999999999999999,0.46999999999999997,0.53000000000000003,0.67998250000000027,0.65689975000000023,0,constant,7,0,0,7,recursive,-8.8662430853875413e-07,3.3306690738754696e-16,2.6645352591003757e-15,3.3306690738754696e-16,0.00041420801426284015,0.0005515409866347909
2,2,1,10,1,0.60999999999999999,0.46999999999999997,0.53000000000000003,0.67998250000000027,0.65689975000000023,0,constant,7,0,0,7,direct,-1.2171689904630116e-07,3.3306690738754696e-16,2.6645352591003757e-15,3.3306690738754696e-16,0.00041420801426284015,0.0005515409866347909
2,2,1,10,1,0.60999999999999999,0.46999999999999997,0.53000000000000003,0.67998250000000027,0.65689975000000023,0,constant,7,0,0,7,fe_geometry,-1.2171689904625134e-07,3.3306690738754696e-16,2.6645352591003757e-15,3.3306690738754696e-16,0.00041420801426284015,0.0005515409866347909
2,2,1,10,1,0.60999999999999999,0.46999999999999997,0.53000000000000003,0.67998250000000027,0.65689975000000023,0,constant,6,1,0,7,recursive,6.8641274822163176e-07,3.3306690738754696e-16,2.6645352591003757e-15,3.3306690738754696e-16,0.00041420801426284015,0.0005515409866347909
2,2,1,10,1,0.60999999999999999,0.46999999999999997,0.53000000000000003,0.67998250000000027,0.65689975000000023,0,constant,6,1,0,7,direct,-3.3548696402080138e-07,3.3306690738754696e-16,2.6645352591003757e-15,3.3306690738754696e-16,0.00041420801426284015,0.0005515409866347909
2,2,1,10,1,0.60999999999999999,0.46999999999999997,0.53000000000000003,0.67998250000000027,0.65689975000000023,0,constant,6,1,0,7,fe_geometry,-3.3548696402077374e-07,3.3306690738754696e-16,2.6645352591003757e-15,3.3306690738754696e-16,0.00041420801426284015,0.0005515409866347909
2,2,1,10,1,0.60999999999999999,0.46999999999999997,0.53000000000000003,0.67998250000000027,0.65689975000000023,0,constant,5,2,0,7,recursive,1.4965619246074988e-07,3.3306690738754696e-16,2.6645352591003757e-15,3.3306690738754696e-16,0.00041420801426284015,0.0005515409866347909
2,2,1,10,1,0.60999999999999999,0.46999999999999997,0.53000000000000003,0.67998250000000027,0.65689975000000023,0,constant,5,2,0,7,direct,4.600129202251578e-08,3.3306690738754696e-16,2.6645352591003757e-15,3.3306690738754696e-16,0.00041420801426284015,0.0005515409866347909
2,2,1,10,1,0.60999999999999999,0.46999999999999997,0.53000000000000003,0.67998250000000027,0.65689975000000023,0,constant,5,2,0,7,fe_geometry,4.6001292022513437e-08,3.3306690738754696e-16,2.6645352591003757e-15,3.3306690738754696e-16,0.00041420801426284015,0.0005515409866347909
2,2,1,10,1,0.60999999999999999,0.46999999999999997,0.53000000000000003,0.67998250000000027,0.65689975000000023,0,constant,4,3,0,7,recursive,8.8986495137822054e-09,3.3306690738754696e-16,2.6645352591003757e-15,3.3306690738754696e-16,0.00041420801426284015,0.0005515409866347909
2,2,1,10,1,0.60999999999999999,0.46999999999999997,0.53000000000000003,0.67998250000000027,0.65689975000000023,0,constant,4,3,0,7,direct,1.1393604267027106e-07,3.3306690738754696e-16,2.6645352591003757e-15,3.3306690738754696e-16,0.00041420801426284015,0.0005515409866347909
2,2,1,10,1,0.60999999999999999,0.46999999999999997,0.53000000000000003,0.67998250000000027,0.65689975000000023,0,constant,4,3,0,7,fe_geometry,1.1393604267026522e-07,3.3306690738754696e-16,2.6645352591003757e-15,3.3306690738754696e-16,0.00041420801426284015,0.0005515409866347909
2,2,1,10,1,0.60999999999999999,0.46999999999999997,0.53000000000000003,0.67998250000000027,0.65689975000000023,0,constant,3,4,0,7,recursive,-1.7891653340129148e-08,3.3306690738754696e-16,2.6645352591003757e-15,3.3306690738754696e-16,0.00041420801426284015,0.0005515409866347909
2,2,1,10,1,0.60999999999999999,0.46999999999999997,0.53000000000000003,0.67998250000000027,0.65689975000000023,0,constant,3,4,0,7,direct,4.9939553087041948e-08,3.3306690738754696e-16,2.6645352591003757e-15,3.3306690738754696e-16,0.00041420801426284015,0.0005515409866347909
2,2,1,10,1,0.60999999999999999,0.46999999999999997,0.53000000000000003,0.67998250000000027,0.65689975000000023,0,constant,3,4,0,7,fe_geometry,4.9939553087037627e-08,3.3306690738754696e-16,2.6645352591003757e-15,3.3306690738754696e-16,0.00041420801426284015,0.0005515409866347909
2,2,1,10,1,0.60999999999999999,0.46999999999999997,0.53000000000000003,0.67998250000000027,0.65689975000000023,0,constant,2,5,0,7,recursive,-4.5965587442979776e-08,3.3306690738754696e-16,2.6645352591003757e-15,3.3306690738754696e-16,0.00041420801426284015,0.0005515409866347909
2,2,1,10,1,0.60999999999999999,0.46999999999999997,0.53000000000000003,0.67998250000000027,0.65689975000000023,0,constant,2,5,0,7,direct,-6.0219095680014463e-09,3.3306690738754696e-16,2.6645352591003757e-15,3.3306690738754696e-16,0.00041420801426284015,0.0005515409866347909
2,2,1,10,1,0.60999999999999999,0.46999999999999997,0.53000000000000003,0.67998250000000027,0.65689975000000023,0,constant,2,5,0,7,fe_geometry,-6.0219095680064491e-09,3.3306690738754696e-16,2.6645352591003757e-15,3.3306690738754696e-16,0.00041420801426284015,0.0005515409866347909
2,2,1,10,1,0.60999999999999999,0.46999999999999997,0.53000000000000003,0.67998250000000027,0.65689975000000023,0,constant,1,6,0,7,recursive,-1.9027166268482851e-07,3.3306690738754696e-16,2.6645352591003757e-15,3.3306690738754696e-16,0.00041420801426284015,0.0005515409866347909
2,2,1,10,1,0.60999999999999999,0.46999999999999997,0.53000000000000003,0.67998250000000027,0.65689975000000023,0,constant,1,6,0,7,direct,-7.338145725641322e-09,3.3306690738754696e-16,2.6645352591003757e-15,3.3306690738754696e-16,0.00041420801426284015,0.0005515409866347909
2,2,1,10,1,0.60999999999999999,0.46999999999999997,0.53000000000000003,0.67998250000000027,0.65689975000000023,0,constant,1,6,0,7,fe_geometry,-7.3381457256322197e-09,3.3306690738754696e-16,2.6645352591003757e-15,3.3306690738754696e-16,0.00041420801426284015,0.0005515409866347909
2,2,1,10,1,0.60999999999999999,0.46999999999999997,0.53000000000000003,0.67998250000000027,0.65689975000000023,0,constant,0,7,0,7,recursive,7.0793116063933889e-08,3.3306690738754696e-16,2.6645352591003757e-15,3.3306690738754696e-16,0.00041420801426284015,0.0005515409866347909
2,2,1,10,1,0.60999999999999999,0.46999999999999997,0.53000000000000003,0.67998250000000027,0.65689975000000023,0,constant,0,7,0,7,direct,4.0310416577453717e-07,3.3306690738754696e-16,2.6645352591003757e-15,3.3306690738754696e-16,0.00041420801426284015,0.0005515409866347909
2,2,1,10,1,0.60999999999999999,0.46999999999999997,0.53000000000000003,0.67998250000000027,0.65689975000000023,0,constant,0,7,0,7,fe_geometry,4.0310416577449376e-07,3.3306690738754696e-16,2.6645352591003757e-15,3.3306690738754696e-16,0.00041420801426284015,0.0005515409866347909
2,2,1,10,1,0.60999999999999999,0.46999999999999997,0.53000000000000003,0.67998250000000027,0.65689975000000023,0,constant,8,0,0,8,recursive,-1.4164096286818813e-05,3.3306690738754696e-16,2.6645352591003757e-15,3.3306690738754696e-16,0.00041420801426284015,0.0005515409866347909
2,2,1,10,1,0.60999999999999999,0.46999999999999997,0.53000000000000003,0.67998250000000027,0.65689975000000023,0,constant,8,0,0,8,direct,-2.4737589011076458e-06,3.3306690738754696e-16,2.6645352591003757e-15,3.3306690738754696e-16,0.00041420801426284015,0.0005515409866347909
2,2,1,10,1,0.60999999999999999,0.46999999999999997,0.53000000000000003,0.67998250000000027,0.65689975000000023,0,constant,8,0,0,8,fe_geometry,-2.47375890110677e-06,3.3306690738754696e-16,2.6645352591003757e-15,3.3306690738754696e-16,0.00041420801426284015,0.0005515409866347909
2,2,1,10,1,0.60999999999999999,0.46999999999999997,0.53000000000000003,0.67998250000000027,0.65689975000000023,0,constant,7,1,0,8,recursive,1.2439279179451627e-05,3.3306690738754696e-16,2.6645352591003757e-15,3.3306690738754696e-16,0.00041420801426284015,0.0005515409866347909
2,2,1,10,1,0.60999999999999999,0.46999999999999997,0.53000000000000003,0.67998250000000027,0.65689975000000023,0,constant,7,1,0,8,direct,-6.2469081711597059e-06,3.3306690738754696e-16,2.6645352591003757e-15,3.3306690738754696e-16,0.00041420801426284015,0.0005515409866347909
2,2,1,10,1,0.60999999999999999,0.46999999999999997,0.53000000000000003,0.67998250000000027,0.65689975000000023,0,constant,7,1,0,8,fe_geometry,-6.2469081711591054e-06,3.3306690738754696e-16,2.6645352591003757e-15,3.3306690738754696e-16,0.00041420801426284015,0.0005515409866347909
2,2,1,10,1,0.60999999999999999,0.46999999999999997,0.53000000000000003,0.67998250000000027,0.65689975000000023,0,constant,6,2,0,8,recursive,6.8004496940660535e-06,3.3306690738754696e-16,2.6645352591003757e-15,3.3306690738754696e-16,0.00041420801426284015,0.0005515409866347909
2,2,1,10,1,0.60999999999999999,0.46999999999999997,0.53000000000000003,0.67998250000000027,0.65689975000000023,0,constant,6,2,0,8,direct,1.0656779210689481e-06,3.3306690738754696e-16,2.6645352591003757e-15,3.3306690738754696e-16,0.00041420801426284015,0.0005515409866347909
2,2,1,10,1,0.60999999999999999,0.46999999999999997,0.53000000000000003,0.67998250000000027,0.65689975000000023,0,constant,6,2,0,8,fe_geometry,1.0656779210687385e-06,3.3306690738754696e-16,2.6645352591003757e-15,3.3306690738754696e-16,0.00041420801426284015,0.0005515409866347909
2,2,1,10,1,0.60999999999999999,0.46999999999999997,0.53000000000000003,0.67998250000000027,0.65689975000000023,0,constant,5,3,0,8,recursive,-3.3686287754054007e-06,3.3306690738754696e-16,2.6645352591003757e-15,3.3306690738754696e-16,0.00041420801426284015,0.0005515409866347909
2,2,1,10,1,0.60999999999999999,0.46999999999999997,0.53000000000000003,0.67998250000000027,0.65689975000000023,0,constant,5,3,0,8,direct,3.5631695151721329e-06,3.3306690738754696e-16,2.6645352591003757e-15,3.3306690738754696e-16,0.00041420801426284015,0.0005515409866347909
2,2,1,10,1,0.60999999999999999,0.46999999999999997,0.53000000000000003,0.67998250000000027,0.65689975000000023,0,constant,5,3,0,8,fe_geometry,3.5631695151719088e-06,3.3306690738754696e-16,2.6645352591003757e-15,3.3306690738754696e-16,0.00041420801426284015,0.0005515409866347909
2,2,1,10,1,0.60999999999999999,0.46999999999999997,0.53000000000000003,0.67998250000000027,0.65689975000000023,0,constant,4,4,0,8,recursive,-3.6634474852724361e-08,3.3306690738754696e-16,2.6645352591003757e-15,3.3306690738754696e-16,0.00041420801426284015,0.0005515409866347909
2,2,1,10,1,0.60999999999999999,0.46999999999999997,0.53000000000000003,0.67998250000000027,0.65689975000000023,0,constant,4,4,0,8,direct,6.5824729683977487e-07,3.3306690738754696e-16,2.6645352591003757e-15,3.3306690738754696e-16,0.00041420801426284015,0.0005515409866347909
2,2,1,10,1,0.60999999999999999,0.46999999999999997,0.53000000000000003,0.67998250000000027,0.65689975000000023,0,constant,4,4,0,8,fe_geometry,6.5824729683980939e-07,3.3306690738754696e-16,2.6645352591003757e-15,3.3306690738754696e-16,0.00041420801426284015,0.0005515409866347909
2,2,1,10,1,0.60999999999999999,0.46999999999999997,0.53000000000000003,0.67998250000000027,0.65689975000000023,0,constant,3,5,0,8,recursive,8.7992769459594148e-07,3.3306690738754696e-16,2.6645352591003757e-15,3.3306690738754696e-16,0.00041420801426284015,0.0005515409866347909
2,2,1,10,1,0.60999999999999999,0.46999999999999997,0.53000000000000003,0.67998250000000027,0.65689975000000023,0,constant,3,5,0,8,direct,4.7720346115004174e-07,3.3306690738754696e-16,2.6645352591003757e-15,3.3306690738754696e-16,0.00041420801426284015,0.0005515409866347909
2,2,1,10,1,0.60999999999999999,0.46999999999999997,0.53000000000000003,0.67998250000000027,0.65689975000000023,0,constant,3,5,0,8,fe_geometry,4.7720346115004005e-07,3.3306690738754696e-16,2.6645352591003757e-15,3.3306690738754696e-16,0.00041420801426284015,0.0005515409866347909
2,2,1,10,1,0.60999999999999999,0.46999999999999997,0.53000000000000003,0.67998250000000027,0.65689975000000023,0,constant,2,6,0,8,recursive,-8.9728031311183474e-07,3.3306690738754696e-16,2.6645352591003757e-15,3.3306690738754696e-16,0.00041420801426284015,0.0005515409866347909
2,2,1,10,1,0.60999999999999999,0.46999999999999997,0.53000000000000003,0.67998250000000027,0.65689975000000023,0,constant,2,6,0,8,direct,-2.094489133878907e-07,3.3306690738754696e-16,2.6645352591003757e-15,3.3306690738754696e-16,0.00041420801426284015,0.0005515409866347909
2,2,1,10,1,0.60999999999999999,0.46999999999999997,0.53000000000000003,0.67998250000000027,0.65689975000000023,0,constant,2,6,0,8,fe_geometry,-2.0944891338773146e-07,3.3306690738754696e-16,2.6645352591003757e-15,3.3306690738754696e-16,0.00041420801426284015,0.0005515409866347909
2,2,1,10,1,0.60999999999999999,0.46999999999999997,0.53000000000000003,0.67998250000000027,0.65689975000000023,0,constant,1,7,0,8,recursive,-2.7281826430495292e-06,3.3306690738754696e-16,2.6645352591003757e-15,3.3306690738754696e-16,0.00041420801426284015,0.0005515409866347909
2,2,1,10,1,0.60999999999999999,0.46999999999999997,0.53000000000000003,0.67998250000000027,0.65689975000000023,0,constant,1,7,0,8,direct,-5.4274313149856186e-08,3.3306690738754696e-16,2.6645352591003757e-15,3.3306690738754696e-16,0.00041420801426284015,0.0005515409866347909
2,2,1,10,1,0.60999999999999999,0.46999999999999997,0.53000000000000003,0.67998250000000027,0.65689975000000023,0,constant,1,7,0,8,fe_geometry,-5.4274313149694065e-08,3.3306690738754696e-16,2.6645352591003757e-15,3.3306690738754696e-16,0.00041420801426284015,0.0005515409866347909
2,2,1,10,1,0.60999999999999999,0.46999999999999997,0.53000000000000003,0.67998250000000027,0.65689975000000023,0,constant,0,8,0,8,recursive,8.9936202729178339e-07,3.3306690738754696e-16,2.6645352591003757e-15,3.3306690738754696e-16,0.00041420801426284015,0.0005515409866347909
2,2,1,10,1,0.60999999999999999,0.46999999999999997,0.53000000000000003,0.67998250000000027,0.65689975000000023,0,constant,0,8,0,8,direct,6.522879827221763e-06,3.3306690738754696e-16,2.6645352591003757e-15,3.3306690738754696e-16,0.00041420801426284015,0.0005515409866347909
2,2,1,10,1,0.60999999999999999,0.46999999999999997,0.53000000000000003,0.67998250000000027,0.65689975000000023,0,constant,0,8,0,8,fe_geometry,6.5228798272216453e-06,3.3306690738754696e-16,2.6645352591003757e-15,3.3306690738754696e-16,0.00041420801426284015,0.0005515409866347909
2,2,1,10,1,0.60999999999999999,0.46999999999999997,0.53000000000000003,0.67998250000000027,0.65689975000000023,0,constant,9,0,0,9,recursive,-0.00021757474685536542,3.3306690738754696e-16,2.6645352591003757e-15,3.3306690738754696e-16,0.00041420801426284015,0.0005515409866347909
2,2,1,10,1,0.60999999999999999,0.46999999999999997,0.53000000000000003,0.67998250000000027,0.65689975000000023,0,constant,9,0,0,9,direct,-5.6303959932867454e-05,3.3306690738754696e-16,2.6645352591003757e-15,3.3306690738754696e-16,0.00041420801426284015,0.0005515409866347909
2,2,1,10,1,0.60999999999999999,0.46999999999999997,0.53000000000000003,0.67998250000000027,0.65689975000000023,0,constant,9,0,0,9,fe_geometry,-5.6303959932868138e-05,3.3306690738754696e-16,2.6645352591003757e-15,3.3306690738754696e-16,0.00041420801426284015,0.0005515409866347909
2,2,1,10,1,0.60999999999999999,0.46999999999999997,0.53000000000000003,0.67998250000000027,0.65689975000000023,0,constant,8,1,0,9,recursive,0.00019745040102899658,3.3306690738754696e-16,2.6645352591003757e-15,3.3306690738754696e-16,0.00041420801426284015,0.0005515409866347909
2,2,1,10,1,0.60999999999999999,0.46999999999999997,0.53000000000000003,0.67998250000000027,0.65689975000000023,0,constant,8,1,0,9,direct,-0.00012856980475516529,3.3306690738754696e-16,2.6645352591003757e-15,3.3306690738754696e-16,0.00041420801426284015,0.0005515409866347909
2,2,1,10,1,0.60999999999999999,0.46999999999999997,0.53000000000000003,0.67998250000000027,0.65689975000000023,0,constant,8,1,0,9,fe_geometry,-0.00012856980475515578,3.3306690738754696e-16,2.6645352591003757e-15,3.3306690738754696e-16,0.00041420801426284015,0.0005515409866347909
2,2,1,10,1,0.60999999999999999,0.46999999999999997,0.53000000000000003,0.67998250000000027,0.65689975000000023,0,constant,7,2,0,9,recursive,0.00012495093050380921,3.3306690738754696e-16,2.6645352591003757e-15,3.3306690738754696e-16,0.00041420801426284015,0.0005515409866347909
2,2,1,10,1,0.60999999999999999,0.46999999999999997,0.53000000000000003,0.67998250000000027,0.65689975000000023,0,constant,7,2,0,9,direct,2.1721373402817619e-05,3.3306690738754696e-16,2.6645352591003757e-15,3.3306690738754696e-16,0.00041420801426284015,0.0005515409866347909
2,2,1,10,1,0.60999999999999999,0.46999999999999997,0.53000000000000003,0.67998250000000027,0.65689975000000023,0,constant,7,2,0,9,fe_geometry,2.1721373402806367e-05,3.3306690738754696e-16,2.6645352591003757e-15,3.3306690738754696e-16,0.00041420801426284015,0.0005515409866347909
2,2,1,10,1,0.60999999999999999,0.46999999999999997,0.53000000000000003,0.67998250000000027,0.65689975000000023,0,constant,6,3,0,9,recursive,-0.00010430137452108835,3.3306690738754696e-16,2.6645352591003757e-15,3.3306690738754696e-16,0.00041420801426284015,0.0005515409866347909
2,2,1,10,1,0.60999999999999999,0.46999999999999997,0.53000000000000003,0.67998250000000027,0.65689975000000023,0,constant,6,3,0,9,direct,6.5635490831725149e-05,3.3306690738754696e-16,2.6645352591003757e-15,3.3306690738754696e-16,0.00041420801426284015,0.0005515409866347909
2,2,1,10,1,0.60999999999999999,0.46999999999999997,0.53000000000000003,0.67998250000000027,0.65689975000000023,0,constant,6,3,0,9,fe_geometry,6.5635490831719118e-05,3.3306690738754696e-16,2.6645352591003757e-15,3.3306690738754696e-16,0.00041420801426284015,0.0005515409866347909
2,2,1,10,1,0.60999999999999999,0.46999999999999997,0.53000000000000003,0.67998250000000027,0.65689975000000023,0,constant,5,4,0,9,recursive,-3.8113366940931327e-05,3.3306690738754696e-16,2.6645352591003757e-15,3.3306690738754696e-16,0.00041420801426284015,0.0005515409866347909
2,2,1,10,1,0.60999999999999999,0.46999999999999997,0.53000000000000003,0.67998250000000027,0.65689975000000023,0,constant,5,4,0,9,direct,8.4245448321429355e-06,3.3306690738754696e-16,2.6645352591003757e-15,3.3306690738754696e-16,0.00041420801426284015,0.0005515409866347909
2,2,1,10,1,0.60999999999999999,0.46999999999999997,0.53000000000000003,0.67998250000000027,0.65689975000000023,0,constant,5,4,0,9,fe_geometry,8.424544832143664e-06,3.3306690738754696e-16,2.6645352591003757e-15,3.3306690738754696e-16,0.00041420801426284015,0.0005515409866347909
2,2,1,10,1,0.60999999999999999,0.46999999999999997,0.53000000000000003,0.67998250000000027,0.65689975000000023,0,constant,4,5,0,9,recursive,2.5427384228071589e-05,3.3306690738754696e-16,2.6645352591003757e-15,3.3306690738754696e-16,0.00041420801426284015,0.0005515409866347909
2,2,1,10,1,0.60999999999999999,0.46999999999999997,0.53000000000000003,0.67998250000000027,0.65689975000000023,0,constant,4,5,0,9,direct,-9.2055280996943381e-06,3.3306690738754696e-16,2.6645352591003757e-15,3.3306690738754696e-16,0.00041420801426284015,0.0005515409866347909
2,2,1,10,1,0.60999999999999999,0.46999999999999997,0.53000000000000003,0.67998250000000027,0.65689975000000023,0,constant,4,5,0,9,fe_geometry,-9.2055280996910008e-06,3.3306690738754696e-16,2.6645352591003757e-15,3.3306690738754696e-16,0.00041420801426284015,0.0005515409866347909
2,2,1,10,1,0.60999999999999999,0.46999999999999997,0.53000000000000003,0.67998250000000027,0.65689975000000023,0,constant,3,6,0,9,recursive,1.6211811245296228e-05,3.3306690738754696e-16,2.6645352591003757e-15,3.3306690738754696e-16,0.00041420801426284015,0.0005515409866347909
2,2,1,10,1,0.60999999999999999,0.46999999999999997,0.53000000000000003,0.67998250000000027,0.65689975000000023,0,constant,3,6,0,9,direct,5.075186574194073e-06,3.3306690738754696e-16,2.6645352591003757e-15,3.3306690738754696e-16,0.00041420801426284015,0.0005515409866347909
2,2,1,10,1,0.60999999999999999,0.46999999999999997,0.53000000000000003,0.67998250000000027,0.65689975000000023,0,constant,3,6,0,9,fe_geometry,5.0751865741947311e-06,3.3306690738754696e-16,2.6645352591003757e-15,3.3306690738754696e-16,0.00041420801426284015,0.0005515409866347909
2,2,1,10,1,0.60999999999999999,0.46999999999999997,0.53000000000000003,0.67998250000000027,0.65689975000000023,0,constant,2,7,0,9,recursive,-1.2735536739054768e-05,3.3306690738754696e-16,2.6645352591003757e-15,3.3306690738754696e-16,0.00041420801426284015,0.0005515409866347909
2,2,1,10,1,0.60999999999999999,0.46999999999999997,0.53000000000000003,0.67998250000000027,0.65689975000000023,0,constant,2,7,0,9,direct,-3.6280443951822265e-06,3.3306690738754696e-16,2.6645352591003757e-15,3.3306690738754696e-16,0.00041420801426284015,0.0005515409866347909
2,2,1,10,1,0.60999999999999999,0.46999999999999997,0.53000000000000003,0.67998250000000027,0.65689975000000023,0,constant,2,7,0,9,fe_geometry,-3.6280443951771117e-06,3.3306690738754696e-16,2.6645352591003757e-15,3.3306690738754696e-16,0.00041420801426284015,0.0005515409866347909
2,2,1,10,1,0.60999999999999999,0.46999999999999997,0.53000000000000003,0.67998250000000027,0.65689975000000023,0,constant,1,8,0,9,recursive,-3.6124297442098534e-05,3.3306690738754696e-16,2.6645352591003757e-15,3.3306690738754696e-16,0.00041420801426284015,0.0005515409866347909
2,2,1,10,1,0.60999999999999999,0.46999999999999997,0.53000000000000003,0.67998250000000027,0.65689975000000023,0,constant,1,8,0,9,direct,-4.3495431460360869e-07,3.3306690738754696e-16,2.6645352591003757e-15,3.3306690738754696e-16,0.00041420801426284015,0.0005515409866347909
2,2,1,10,1,0.60999999999999999,0.46999999999999997,0.53000000000000003,0.67998250000000027,0.65689975000000023,0,constant,1,8,0,9,fe_geometry,-4.3495431460459131e-07,3.3306690738754696e-16,2.6645352591003757e-15,3.3306690738754696e-16,0.00041420801426284015,0.0005515409866347909
2,2,1,10,1,0.60999999999999999,0.46999999999999997,0.53000000000000003,0.67998250000000027,0.65689975000000023,0,constant,0,9,0,9,recursive,1.1498963625837264e-05,3.3306690738754696e-16,2.6645352591003757e-15,3.3306690738754696e-16,0.00041420801426284015,0.0005515409866347909
2,2,1,10,1,0.60999999999999999,0.46999999999999997,0.53000000000000003,0.67998250000000027,0.65689975000000023,0,constant,0,9,0,9,direct,0.00011484263913751301,3.3306690738754696e-16,2.6645352591003757e-15,3.3306690738754696e-16,0.00041420801426284015,0.0005515409866347909
2,2,1,10,1,0.60999999999999999,0.46999999999999997,0.53000000000000003,0.67998250000000027,0.65689975000000023,0,constant,0,9,0,9,fe_geometry,0.00011484263913753171,3.3306690738754696e-16,2.6645352591003757e-15,3.3306690738754696e-16,0.00041420801426284015,0.0005515409866347909
2,2,1,10,1,0.60999999999999999,0.46999999999999997,0.53000000000000003,0.67998250000000027,0.65689975000000023,0,constant,10,0,0,10,recursive,-0.0033048861386975738,3.3306690738754696e-16,2.6645352591003757e-15,3.3306690738754696e-16,0.00041420801426284015,0.0005515409866347909
2,2,1,10,1,0.60999999999999999,0.46999999999999997,0.53000000000000003,0.67998250000000027,0.65689975000000023,0,constant,10,0,0,10,direct,-0.0014267319277942235,3.3306690738754696e-16,2.6645352591003757e-15,3.3306690738754696e-16,0.00041420801426284015,0.0005515409866347909
2,2,1,10,1,0.60999999999999999,0.46999999999999997,0.53000000000000003,0.67998250000000027,0.65689975000000023,0,constant,10,0,0,10,fe_geometry,-0.0014267319277949764,3.3306690738754696e-16,2.6645352591003757e-15,3.3306690738754696e-16,0.00041420801426284015,0.0005515409866347909
2,2,1,10,1,0.60999999999999999,0.46999999999999997,0.53000000000000003,0.67998250000000027,0.65689975000000023,0,constant,9,1,0,10,recursive,0.0030275913261756781,3.3306690738754696e-16,2.6645352591003757e-15,3.3306690738754696e-16,0.00041420801426284015,0.0005515409866347909
2,2,1,10,1,0.60999999999999999,0.46999999999999997,0.53000000000000003,0.67998250000000027,0.65689975000000023,0,constant,9,1,0,10,direct,-0.0029493099428371736,3.3306690738754696e-16,2.6645352591003757e-15,3.3306690738754696e-16,0.00041420801426284015,0.0005515409866347909
2,2,1,10,1,0.60999999999999999,0.46999999999999997,0.53000000000000003,0.67998250000000027,0.65689975000000023,0,constant,9,1,0,10,fe_geometry,-0.0029493099428370226,3.3306690738754696e-16,2.6645352591003757e-15,3.3306690738754696e-16,0.00041420801426284015,0.0005515409866347909
2,2,1,10,1,0.60999999999999999,0.46999999999999997,0.53000000000000003,0.67998250000000027,0.65689975000000023,0,constant,8,2,0,10,recursive,0.0019899203518756259,3.3306690738754696e-16,2.6645352591003757e-15,3.3306690738754696e-16,0.00041420801426284015,0.0005515409866347909
2,2,1,10,1,0.60999999999999999,0.46999999999999997,0.53000000000000003,0.67998250000000027,0.65689975000000023,0,constant,8,2,0,10,direct,0.00046813859643195357,3.3306690738754696e-16,2.6645352591003757e-15,3.3306690738754696e-16,0.00041420801426284015,0.0005515409866347909
2,2,1,10,1,0.60999999999999999,0.46999999999999997,0.53000000000000003,0.67998250000000027,0.65689975000000023,0,constant,8,2,0,10,fe_geometry,0.00046813859643167694,3.3306690738754696e-16,2.6645352591003757e-15,3.3306690738754696e-16,0.00041420801426284015,0.0005515409866347909
2,2,1,10,1,0.60999999999999999,0.46999999999999997,0.53000000000000003,0.67998250000000027,0.65689975000000023,0,constant,7,3,0,10,recursive,-0.0018357649672897315,3.3306690738754696e-16,2.6645352591003757e-15,3.3306690738754696e-16,0.00041420801426284015,0.0005515409866347909
2,2,1,10,1,0.60999999999999999,0.46999999999999997,0.53000000000000003,0.67998250000000027,0.65689975000000023,0,constant,7,3,0,10,direct,0.0012370286457784941,3.3306690738754696e-16,2.6645352591003757e-15,3.3306690738754696e-16,0.00041420801426284015,0.0005515409866347909
2,2,1,10,1,0.60999999999999999,0.46999999999999997,0.53000000000000003,0.67998250000000027,0.65689975000000023,0,constant,7,3,0,10,fe_geometry,0.0012370286457784368,3.3306690738754696e-16,2.6645352591003757e-15,3.3306690738754696e-16,0.00041420801426284015,0.0005515409866347909
2,2,1,10,1,0.60999999999999999,0.46999999999999997,0.53000000000000003,0.67998250000000027,0.65689975000000023,0,constant,6,4,0,10,recursive,-0.0013465979393188353,3.3306690738754696e-16,2.6645352591003757e-15,3.3306690738754696e-16,0.00041420801426284015,0.0005515409866347909
2,2,1,10,1,0.60999999999999999,0.46999999999999997,0.53000000000000003,0.67998250000000027,0.65689975000000023,0,constant,6,4,0,10,direct,0.00012185063739431998,3.3306690738754696e-16,2.6645352591003757e-15,3.3306690738754696e-16,0.00041420801426284015,0.0005515409866347909
2,2,1,10,1,0.60999999999999999,0.46999999999999997,0.53000000000000003,0.67998250000000027,0.65689975000000023,0,constant,6,4,0,10,fe_geometry,0.00012185063739438183,3.3306690738754696e-16,2.6645352591003757e-15,3.3306690738754696e-16,0.00041420801426284015,0.0005515409866347909
2,2,1,10,1,0.60999999999999999,0.46999999999999997,0.53000000000000003,0.67998250000000027,0.65689975000000023,0,constant,5,5,0,10,recursive,0.00040675595616871145,3.3306690738754696e-16,2.6645352591003757e-15,3.3306690738754696e-16,0.00041420801426284015,0.0005515409866347909
2,2,1,10,1,0.60999999999999999,0.46999999999999997,0.53000000000000003,0.67998250000000027,0.65689975000000023,0,constant,5,5,0,10,direct,-0.00039957923883302812,3.3306690738754696e-16,2.6645352591003757e-15,3.3306690738754696e-16,0.00041420801426284015,0.0005515409866347909
2,2,1,10,1,0.60999999999999999,0.46999999999999997,0.53000000000000003,0.67998250000000027,0.65689975000000023,0,constant,5,5,0,10,fe_geometry,-0.00039957923883293222,3.3306690738754696e-16,2.6645352591003757e-15,3.3306690738754696e-16,0.00041420801426284015,0.0005515409866347909
2,2,1,10,1,0.60999999999999999,0.46999999999999997,0.53000000000000003,0.67998250000000027,0.65689975000000023,0,constant,4,6,0,10,recursive,0.00043936777193395943,3.3306690738754696e-16,2.6645352591003757e-15,3.3306690738754696e-16,0.00041420801426284015,0.0005515409866347909
2,2,1,10,1,0.60999999999999999,0.46999999999999997,0.53000000000000003,0.67998250000000027,0.65689975000000023,0,constant,4,6,0,10,direct,-0.000175831806925975,3.3306690738754696e-16,2.6645352591003757e-15,3.3306690738754696e-16,0.00041420801426284015,0.0005515409866347909
2,2,1,10,1,0.60999999999999999,0.46999999999999997,0.53000000000000003,0.67998250000000027,0.65689975000000023,0,constant,4,6,0,10,fe_geometry,-0.00017583180692597088,3.3306690738754696e-16,2.6645352591003757e-15,3.3306690738754696e-16,0.00041420801426284015,0.0005515409866347909
2,2,1,10,1,0.60999999999999999,0.46999999999999997,0.53000000000000003,0.67998250000000027,0.65689975000000023,0,constant,3,7,0,10,recursive,0.00022758969808792353,3.3306690738754696e-16,2.6645352591003757e-15,3.3306690738754696e-16,0.00041420801426284015,0.0005515409866347909
2,2,1,10,1,0.60999999999999999,0.46999999999999997,0.53000000000000003,0.67998250000000027,0.65689975000000023,0,constant,3,7,0,10,direct,6.275169190042348e-05,3.3306690738754696e-16,2.6645352591003757e-15,3.3306690738754696e-16,0.00041420801426284015,0.0005515409866347909
2,2,1,10,1,0.60999999999999999,0.46999999999999997,0.53000000000000003,0.67998250000000027,0.65689975000000023,0,constant,3,7,0,10,fe_geometry,6.2751691900420363e-05,3.3306690738754696e-16,2.6645352591003757e-15,3.3306690738754696e-16,0.00041420801426284015,0.0005515409866347909
2,2,1,10,1,0.60999999999999999,0.46999999999999997,0.53000000000000003,0.67998250000000027,0.65689975000000023,0,constant,2,8,0,10,recursive,-0.0001681733154275729,3.3306690738754696e-16,2.6645352591003757e-15,3.3306690738754696e-16,0.00041420801426284015,0.0005515409866347909
2,2,1,10,1,0.60999999999999999,0.46999999999999997,0.53000000000000003,0.67998250000000027,0.65689975000000023,0,constant,2,8,0,10,direct,-6.1425522047119444e-05,3.3306690738754696e-16,2.6645352591003757e-15,3.3306690738754696e-16,0.00041420801426284015,0.0005515409866347909
2,2,1,10,1,0.60999999999999999,0.46999999999999997,0.53000000000000003,0.67998250000000027,0.65689975000000023,0,constant,2,8,0,10,fe_geometry,-6.1425522047068256e-05,3.3306690738754696e-16,2.6645352591003757e-15,3.3306690738754696e-16,0.00041420801426284015,0.0005515409866347909
2,2,1,10,1,0.60999999999999999,0.46999999999999997,0.53000000000000003,0.67998250000000027,0.65689975000000023,0,constant,1,9,0,10,recursive,-0.00046772979639941702,3.3306690738754696e-16,2.6645352591003757e-15,3.3306690738754696e-16,0.00041420801426284015,0.0005515409866347909
2,2,1,10,1,0.60999999999999999,0.46999999999999997,0.53000000000000003,0.67998250000000027,0.65689975000000023,0,constant,1,9,0,10,direct,-3.1840793297430847e-06,3.3306690738754696e-16,2.6645352591003757e-15,3.3306690738754696e-16,0.00041420801426284015,0.0005515409866347909
2,2,1,10,1,0.60999999999999999,0.46999999999999997,0.53000000000000003,0.67998250000000027,0.65689975000000023,0,constant,1,9,0,10,fe_geometry,-3.1840793298753539e-06,3.3306690738754696e-16,2.6645352591003757e-15,3.3306690738754696e-16,0.00041420801426284015,0.0005515409866347909
2,2,1,10,1,0.60999999999999999,0.46999999999999997,0.53000000000000003,0.67998250000000027,0.65689975000000023,0,constant,0,10,0,10,recursive,0.00014731778500083918,3.3306690738754696e-16,2.6645352591003757e-15,3.3306690738754696e-16,0.00041420801426284015,0.0005515409866347909
2,2,1,10,1,0.60999999999999999,0.46999999999999997,0.53000000000000003,0.67998250000000027,0.65689975000000023,0,constant,0,10,0,10,direct,0.0022185038305068505,3.3306690738754696e-16,2.6645352591003757e-15,3.3306690738754696e-16,0.00041420801426284015,0.0005515409866347909
2,2,1,10,1,0.60999999999999999,0.46999999999999997,0.53000000000000003,0.67998250000000027,0.65689975000000023,0,constant,0,10,0,10,fe_geometry,0.002218503830507746,3.3306690738754696e-16,2.6645352591003757e-15,3.3306690738754696e-16,0.00041420801426284015,0.0005515409866347909
2,2,1,10,1,0.60999999999999999,0.46999999999999997,0.53000000000000003,0.67998250000000027,0.65689975000000023,0,quintic,1,0,0,1,recursive,0.61865150848273853,2.7755575615628914e-17,2.6645352591003757e-15,3.3306690738754696e-16,0.00041420801426284015,0.0014972079952713102
2,2,1,10,1,0.60999999999999999,0.46999999999999997,0.53000000000000003,0.67998250000000027,0.65689975000000023,0,quintic,1,0,0,1,direct,0.61860624685297594,2.7755575615628914e-17,2.6645352591003757e-15,3.3306690738754696e-16,0.00041420801426284015,0.0014972079952713102
2,2,1,10,1,0.60999999999999999,0.46999999999999997,0.53000000000000003,0.67998250000000027,0.65689975000000023,0,quintic,1,0,0,1,fe_geometry,0.61860624685297938,2.7755575615628914e-17,2.6645352591003757e-15,3.3306690738754696e-16,0.00041420801426284015,0.0014972079952713102
2,2,1,10,1,0.60999999999999999,0.46999999999999997,0.53000000000000003,0.67998250000000027,0.65689975000000023,0,quintic,0,1,0,1,recursive,0.70692462039427595,2.7755575615628914e-17,2.6645352591003757e-15,3.3306690738754696e-16,0.00041420801426284015,0.0014972079952713102
2,2,1,10,1,0.60999999999999999,0.46999999999999997,0.53000000000000003,0.67998250000000027,0.65689975000000023,0,quintic,0,1,0,1,direct,0.70674174497774012,2.7755575615628914e-17,2.6645352591003757e-15,3.3306690738754696e-16,0.00041420801426284015,0.0014972079952713102
2,2,1,10,1,0.60999999999999999,0.46999999999999997,0.53000000000000003,0.67998250000000027,0.65689975000000023,0,quintic,0,1,0,1,fe_geometry,0.70674174497773412,2.7755575615628914e-17,2.6645352591003757e-15,3.3306690738754696e-16,0.00041420801426284015,0.0014972079952713102
2,2,1,10,1,0.60999999999999999,0.46999999999999997,0.53000000000000003,0.67998250000000027,0.65689975000000023,0,quintic,2,0,0,2,recursive,4.0621984530361788,2.7755575615628914e-17,2.6645352591003757e-15,3.3306690738754696e-16,0.00041420801426284015,0.0014972079952713102
2,2,1,10,1,0.60999999999999999,0.46999999999999997,0.53000000000000003,0.67998250000000027,0.65689975000000023,0,quintic,2,0,0,2,direct,4.0710464141175535,2.7755575615628914e-17,2.6645352591003757e-15,3.3306690738754696e-16,0.00041420801426284015,0.0014972079952713102
2,2,1,10,1,0.60999999999999999,0.46999999999999997,0.53000000000000003,0.67998250000000027,0.65689975000000023,0,quintic,2,0,0,2,fe_geometry,4.0710464141174771,2.7755575615628914e-17,2.6645352591003757e-15,3.3306690738754696e-16,0.00041420801426284015,0.0014972079952713102
2,2,1,10,1,0.60999999999999999,0.46999999999999997,0.53000000000000003,0.67998250000000027,0.65689975000000023,0,quintic,1,1,0,2,recursive,1.127004518693081,2.7755575615628914e-17,2.6645352591003757e-15,3.3306690738754696e-16,0.00041420801426284015,0.0014972079952713102
2,2,1,10,1,0.60999999999999999,0.46999999999999997,0.53000000000000003,0.67998250000000027,0.65689975000000023,0,quintic,1,1,0,2,direct,1.1269734157535087,2.7755575615628914e-17,2.6645352591003757e-15,3.3306690738754696e-16,0.00041420801426284015,0.0014972079952713102
2,2,1,10,1,0.60999999999999999,0.46999999999999997,0.53000000000000003,0.67998250000000027,0.65689975000000023,0,quintic,1,1,0,2,fe_geometry,1.1269734157535041,2.7755575615628914e-17,2.6645352591003757e-15,3.3306690738754696e-16,0.00041420801426284015,0.0014972079952713102
2,2,1,10,1,0.60999999999999999,0.46999999999999997,0.53000000000000003,0.67998250000000027,0.65689975000000023,0,quintic,0,2,0,2,recursive,4.5785186214316784,2.7755575615628914e-17,2.6645352591003757e-15,3.3306690738754696e-16,0.00041420801426284015,0.0014972079952713102
2,2,1,10,1,0.60999999999999999,0.46999999999999997,0.53000000000000003,0.67998250000000027,0.65689975000000023,0,quintic,0,2,0,2,direct,4.5736349305548458,2.7755575615628914e-17,2.6645352591003757e-15,3.3306690738754696e-16,0.00041420801426284015,0.0014972079952713102
2,2,1,10,1,0.60999999999999999,0.46999999999999997,0.53000000000000003,0.67998250000000027,0.65689975000000023,0,quintic,0,2,0,2,fe_geometry,4.5736349305548147,2.7755575615628914e-17,2.6645352591003757e-15,3.3306690738754696e-16,0.00041420801426284015,0.0014972079952713102
2,2,1,10,1,0.60999999999999999,0.46999999999999997,0.53000000000000003,0.67998250000000027,0.65689975000000023,0,quintic,3,0,0,3,recursive,32.721103522853575,2.7755575615628914e-17,2.6645352591003757e-15,3.3306690738754696e-16,0.00041420801426284015,0.0014972079952713102
2,2,1,10,1,0.60999999999999999,0.46999999999999997,0.53000000000000003,0.67998250000000027,0.65689975000000023,0,quintic,3,0,0,3,direct,32.967692780181935,2.7755575615628914e-17,2.6645352591003757e-15,3.3306690738754696e-16,0.00041420801426284015,0.0014972079952713102
2,2,1,10,1,0.60999999999999999,0.46999999999999997,0.53000000000000003,0.67998250000000027,0.65689975000000023,0,quintic,3,0,0,3,fe_geometry,32.967692780180357,2.7755575615628914e-17,2.6645352591003757e-15,3.3306690738754696e-16,0.00041420801426284015,0.0014972079952713102
2,2,1,10,1,0.60999999999999999,0.46999999999999997,0.53000000000000003,0.67998250000000027,0.65689975000000023,0,quintic,2,1,0,3,recursive,3.8454880430391909,2.7755575615628914e-17,2.6645352591003757e-15,3.3306690738754696e-16,0.00041420801426284015,0.0014972079952713102
2,2,1,10,1,0.60999999999999999,0.46999999999999997,0.53000000000000003,0.67998250000000027,0.65689975000000023,0,quintic,2,1,0,3,direct,3.8474476365936061,2.7755575615628914e-17,2.6645352591003757e-15,3.3306690738754696e-16,0.00041420801426284015,0.0014972079952713102
2,2,1,10,1,0.60999999999999999,0.46999999999999997,0.53000000000000003,0.67998250000000027,0.65689975000000023,0,quintic,2,1,0,3,fe_geometry,3.8474476365931309,2.7755575615628914e-17,2.6645352591003757e-15,3.3306690738754696e-16,0.00041420801426284015,0.0014972079952713102
2,2,1,10,1,0.60999999999999999,0.46999999999999997,0.53000000000000003,0.67998250000000027,0.65689975000000023,0,quintic,1,2,0,3,recursive,3.3662275552667134,2.7755575615628914e-17,2.6645352591003757e-15,3.3306690738754696e-16,0.00041420801426284015,0.0014972079952713102
2,2,1,10,1,0.60999999999999999,0.46999999999999997,0.53000000000000003,0.67998250000000027,0.65689975000000023,0,quintic,1,2,0,3,direct,3.3655937704184886,2.7755575615628914e-17,2.6645352591003757e-15,3.3306690738754696e-16,0.00041420801426284015,0.0014972079952713102
2,2,1,10,1,0.60999999999999999,0.46999999999999997,0.53000000000000003,0.67998250000000027,0.65689975000000023,0,quintic,1,2,0,3,fe_geometry,3.3655937704187813,2.7755575615628914e-17,2.6645352591003757e-15,3.3306690738754696e-16,0.00041420801426284015,0.0014972079952713102
2,2,1,10,1,0.60999999999999999,0.46999999999999997,0.53000000000000003,0.67998250000000027,0.65689975000000023,0,quintic,0,3,0,3,recursive,33.429358375401797,2.7755575615628914e-17,2.6645352591003757e-15,3.3306690738754696e-16,0.00041420801426284015,0.0014972079952713102
2,2,1,10,1,0.60999999999999999,0.46999999999999997,0.53000000000000003,0.67998250000000027,0.65689975000000023,0,quintic,0,3,0,3,direct,33.487826638358371,2.7755575615628914e-17,2.6645352591003757e-15,3.3306690738754696e-16,0.00041420801426284015,0.0014972079952713102
2,2,1,10,1,0.60999999999999999,0.46999999999999997,0.53000000000000003,0.67998250000000027,0.65689975000000023,0,quintic,0,3,0,3,fe_geometry,33.487826638358236,2.7755575615628914e-17,2.6645352591003757e-15,3.3306690738754696e-16,0.00041420801426284015,0.0014972079952713102
2,2,1,10,1,0.60999999999999999,0.46999999999999997,0.53000000000000003,0.67998250000000027,0.65689975000000023,0,quintic,4,0,0,4,recursive,320.23231840767352,2.7755575615628914e-17,2.6645352591003757e-15,3.3306690738754696e-16,0.00041420801426284015,0.0014972079952713102
2,2,1,10,1,0.60999999999999999,0.46999999999999997,0.53000000000000003,0.67998250000000027,0.65689975000000023,0,quintic,4,0,0,4,direct,318.55372095349924,2.7755575615628914e-17,2.6645352591003757e-15,3.3306690738754696e-16,0.00041420801426284015,0.0014972079952713102
2,2,1,10,1,0.60999999999999999,0.46999999999999997,0.53000000000000003,0.67998250000000027,0.65689975000000023,0,quintic,4,0,0,4,fe_geometry,318.55372095348048,2.7755575615628914e-17,2.6645352591003757e-15,3.3306690738754696e-16,0.00041420801426284015,0.0014972079952713102
2,2,1,10,1,0.60999999999999999,0.46999999999999997,0.53000000000000003,0.67998250000000027,0.65689975000000023,0,quintic,3,1,0,4,recursive,16.325282456231111,2.7755575615628914e-17,2.6645352591003757e-15,3.3306690738754696e-16,0.00041420801426284015,0.0014972079952713102
2,2,1,10,1,0.60999999999999999,0.46999999999999997,0.53000000000000003,0.67998250000000027,0.65689975000000023,0,quintic,3,1,0,4,direct,16.387907775061663,2.7755575615628914e-17,2.6645352591003757e-15,3.3306690738754696e-16,0.00041420801426284015,0.0014972079952713102
2,2,1,10,1,0.60999999999999999,0.46999999999999997,0.53000000000000003,0.67998250000000027,0.65689975000000023,0,quintic,3,1,0,4,fe_geometry,16.387907775057613,2.7755575615628914e-17,2.6645352591003757e-15,3.3306690738754696e-16,0.00041420801426284015,0.0014972079952713102
2,2,1,10,1,0.60999999999999999,0.46999999999999997,0.53000000000000003,0.67998250000000027,0.65689975000000023,0,quintic,2,2,0,4,recursive,11.486012344421354,2.7755575615628914e-17,2.6645352591003757e-15,3.3306690738754696e-16,0.00041420801426284015,0.0014972079952713102
2,2,1,10,1,0.60999999999999999,0.46999999999999997,0.53000000000000003,0.67998250000000027,0.65689975000000023,0,quintic,2,2,0,4,direct,11.490018856455649,2.7755575615628914e-17,2.6645352591003757e-15,3.3306690738754696e-16,0.00041420801426284015,0.0014972079952713102
2,2,1,10,1,0.60999999999999999,0.46999999999999997,0.53000000000000003,0.67998250000000027,0.65689975000000023,0,quintic,2,2,0,4,fe_geometry,11.490018856457958,2.7755575615628914e-17,2.6645352591003757e-15,3.3306690738754696e-16,0.00041420801426284015,0.0014972079952713102
2,2,1,10,1,0.60999999999999999,0.46999999999999997,0.53000000000000003,0.67998250000000027,0.65689975000000023,0,quintic,1,3,0,4,recursive,10.605284673075895,2.7755575615628914e-17,2.6645352591003757e-15,3.3306690738754696e-16,0.00041420801426284015,0.0014972079952713102
2,2,1,10,1,0.60999999999999999,0.46999999999999997,0.53000000000000003,0.67998250000000027,0.65689975000000023,0,quintic,1,3,0,4,direct,10.610224245548887,2.7755575615628914e-17,2.6645352591003757e-15,3.3306690738754696e-16,0.00041420801426284015,0.0014972079952713102
2,2,1,10,1,0.60999999999999999,0.46999999999999997,0.53000000000000003,0.67998250000000027,0.65689975000000023,0,quintic,1,3,0,4,fe_geometry,10.610224245551487,2.7755575615628914e-17,2.6645352591003757e-15,3.3306690738754696e-16,0.00041420801426284015,0.0014972079952713102
2,2,1,10,1,0.60999999999999999,0.46999999999999997,0.53000000000000003,0.67998250000000027,0.65689975000000023,0,quintic,0,4,0,4,recursive,266.79397828718487,2.7755575615628914e-17,2.6645352591003757e-15,3.3306690738754696e-16,0.00041420801426284015,0.0014972079952713102
2,2,1,10,1,0.60999999999999999,0.46999999999999997,0.53000000000000003,0.67998250000000027,0.65689975000000023,0,quintic,0,4,0,4,direct,269.81131537201804,2.7755575615628914e-17,2.6645352591003757e-15,3.3306690738754696e-16,0.00041420801426284015,0.0014972079952713102
2,2,1,10,1,0.60999999999999999,0.46999999999999997,0.53000000000000003,0.67998250000000027,0.65689975000000023,0,quintic,0,4,0,4,fe_geometry,269.81131537202231,2.7755575615628914e-17,2.6645352591003757e-15,3.3306690738754696e-16,0.00041420801426284015,0.0014972079952713102
2,2,1,10,1,0.60999999999999999,0.46999999999999997,0.53000000000000003,0.67998250000000027,0.65689975000000023,0,quintic,5,0,0,5,recursive,3837.8915078311438,2.7755575615628914e-17,2.6645352591003757e-15,3.3306690738754696e-16,0.00041420801426284015,0.0014972079952713102
2,2,1,10,1,0.60999999999999999,0.46999999999999997,0.53000000000000003,0.67998250000000027,0.65689975000000023,0,quintic,5,0,0,5,direct,3650.2692035663549,2.7755575615628914e-17,2.6645352591003757e-15,3.3306690738754696e-16,0.00041420801426284015,0.0014972079952713102
2,2,1,10,1,0.60999999999999999,0.46999999999999997,0.53000000000000003,0.67998250000000027,0.65689975000000023,0,quintic,5,0,0,5,fe_geometry,3650.269203566148,2.7755575615628914e-17,2.6645352591003757e-15,3.3306690738754696e-16,0.00041420801426284015,0.0014972079952713102
2,2,1,10,1,0.60999999999999999,0.46999999999999997,0.53000000000000003,0.67998250000000027,0.65689975000000023,0,quintic,4,1,0,5,recursive,116.56050363931956,2.7755575615628914e-17,2.6645352591003757e-15,3.3306690738754696e-16,0.00041420801426284015,0.0014972079952713102
2,2,1,10,1,0.60999999999999999,0.46999999999999997,0.53000000000000003,0.67998250000000027,0.65689975000000023,0,quintic,4,1,0,5,direct,116.33839132265561,2.7755575615628914e-17,2.6645352591003757e-15,3.3306690738754696e-16,0.00041420801426284015,0.0014972079952713102
2,2,1,10,1,0.60999999999999999,0.46999999999999997,0.53000000000000003,0.67998250000000027,0.65689975000000023,0,quintic,4,1,0,5,fe_geometry,116.3383913226798,2.7755575615628914e-17,2.6645352591003757e-15,3.3306690738754696e-16,0.00041420801426284015,0.0014972079952713102
2,2,1,10,1,0.60999999999999999,0.46999999999999997,0.53000000000000003,0.67998250000000027,0.65689975000000023,0,quintic,3,2,0,5,recursive,48.761663986252707,2.7755575615628914e-17,2.6645352591003757e-15,3.3306690738754696e-16,0.00041420801426284015,0.0014972079952713102
2,2,1,10,1,0.60999999999999999,0.46999999999999997,0.53000000000000003,0.67998250000000027,0.65689975000000023,0,quintic,3,2,0,5,direct,48.940853037833072,2.7755575615628914e-17,2.6645352591003757e-15,3.3306690738754696e-16,0.00041420801426284015,0.0014972079952713102
2,2,1,10,1,0.60999999999999999,0.46999999999999997,0.53000000000000003,0.67998250000000027,0.65689975000000023,0,quintic,3,2,0,5,fe_geometry,48.940853037832795,2.7755575615628914e-17,2.6645352591003757e-15,3.3306690738754696e-16,0.00041420801426284015,0.0014972079952713102
2,2,1,10,1,0.60999999999999999,0.46999999999999997,0.53000000000000003,0.67998250000000027,0.65689975000000023,0,quintic,2,3,0,5,recursive,36.18662989094355,2.7755575615628914e-17,2.6645352591003757e-15,3.3306690738754696e-16,0.00041420801426284015,0.0014972079952713102
2,2,1,10,1,0.60999999999999999,0.46999999999999997,0.53000000000000003,0.67998250000000027,0.65689975000000023,0,quintic,2,3,0,5,direct,36.222932703392885,2.7755575615628914e-17,2.6645352591003757e-15,3.3306690738754696e-16,0.00041420801426284015,0.0014972079952713102
2,2,1,10,1,0.60999999999999999,0.46999999999999997,0.53000000000000003,0.67998250000000027,0.65689975000000023,0,quintic,2,3,0,5,fe_geometry,36.222932703433649,2.7755575615628914e-17,2.6645352591003757e-15,3.3306690738754696e-16,0.00041420801426284015,0.0014972079952713102
2,2,1,10,1,0.60999999999999999,0.46999999999999997,0.53000000000000003,0.67998250000000027,0.65689975000000023,0,quintic,1,4,0,5,recursive,55.39666145215368,2.7755575615628914e-17,2.6645352591003757e-15,3.3306690738754696e-16,0.00041420801426284015,0.0014972079952713102
2,2,1,10,1,0.60999999999999999,0.46999999999999997,0.53000000000000003,0.67998250000000027,0.65689975000000023,0,quintic,1,4,0,5,direct,55.748884258441215,2.7755575615628914e-17,2.6645352591003757e-15,3.3306690738754696e-16,0.00041420801426284015,0.0014972079952713102
2,2,1,10,1,0.60999999999999999,0.46999999999999997,0.53000000000000003,0.67998250000000027,0.65689975000000023,0,quintic,1,4,0,5,fe_geometry,55.748884258428042,2.7755575615628914e-17,2.6645352591003757e-15,3.3306690738754696e-16,0.00041420801426284015,0.0014972079952713102
2,2,1,10,1,0.60999999999999999,0.46999999999999997,0.53000000000000003,0.67998250000000027,0.65689975000000023,0,quintic,0,5,0,5,recursive,2445.2523519422984,2.7755575615628914e-17,2.6645352591003757e-15,3.3306690738754696e-16,0.00041420801426284015,0.0014972079952713102
2,2,1,10,1,0.60999999999999999,0.46999999999999997,0.53000000000000003,0.67998250000000027,0.65689975000000023,0,quintic,0,5,0,5,direct,2423.493344415318,2.7755575615628914e-17,2.6645352591003757e-15,3.3306690738754696e-16,0.00041420801426284015,0.0014972079952713102
2,2,1,10,1,0.60999999999999999,0.46999999999999997,0.53000000000000003,0.67998250000000027,0.65689975000000023,0,quintic,0,5,0,5,fe_geometry,2423.4933444155104,2.7755575615628914e-17,2.6645352591003757e-15,3.3306690738754696e-16,0.00041420801426284015,0.0014972079952713102
2,2,1,10,1,0.60999999999999999,0.46999999999999997,0.53000000000000003,0.67998250000000027,0.65689975000000023,0,quintic,6,0,0,6,recursive,53383.359659867077,2.7755575615628914e-17,2.6645352591003757e-15,3.3306690738754696e-16,0.00041420801426284015,0.0014972079952713102
2,2,1,10,1,0.60999999999999999,0.46999999999999997,0.53000000000000003,0.67998250000000027,0.65689975000000023,0,quintic,6,0,0,6,direct,50258.470987043744,2.7755575615628914e-17,2.6645352591003757e-15,3.3306690738754696e-16,0.00041420801426284015,0.0014972079952713102
2,2,1,10,1,0.60999999999999999,0.46999999999999997,0.53000000000000003,0.67998250000000027,0.65689975000000023,0,quintic,6,0,0,6,fe_geometry,50258.470987042434,2.7755575615628914e-17,2.6645352591003757e-15,3.3306690738754696e-16,0.00041420801426284015,0.0014972079952713102
2,2,1,10,1,0.60999999999999999,0.46999999999999997,0.53000000000000003,0.67998250000000027,0.65689975000000023,0,quintic,5,1,0,6,recursive,1200.563574039634,2.7755575615628914e-17,2.6645352591003757e-15,3.3306690738754696e-16,0.00041420801426284015,0.0014972079952713102
2,2,1,10,1,0.60999999999999999,0.46999999999999997,0.53000000000000003,0.67998250000000027,0.65689975000000023,0,quintic,5,1,0,6,direct,1156.2470373777212,2.7755575615628914e-17,2.6645352591003757e-15,3.3306690738754696e-16,0.00041420801426284015,0.0014972079952713102
2,2,1,10,1,0.60999999999999999,0.46999999999999997,0.53000000000000003,0.67998250000000027,0.65689975000000023,0,quintic,5,1,0,6,fe_geometry,1156.2470373789583,2.7755575615628914e-17,2.6645352591003757e-15,3.3306690738754696e-16,0.00041420801426284015,0.0014972079952713102
2,2,1,10,1,0.60999999999999999,0.46999999999999997,0.53000000000000003,0.67998250000000027,0.65689975000000023,0,quintic,4,2,0,6,recursive,348.15226797716628,2.7755575615628914e-17,2.6645352591003757e-15,3.3306690738754696e-16,0.00041420801426284015,0.0014972079952713102
2,2,1,10,1,0.60999999999999999,0.46999999999999997,0.53000000000000003,0.67998250000000027,0.65689975000000023,0,quintic,4,2,0,6,direct,347.43300917607513,2.7755575615628914e-17,2.6645352591003757e-15,3.3306690738754696e-16,0.00041420801426284015,0.0014972079952713102
2,2,1,10,1,0.60999999999999999,0.46999999999999997,0.53000000000000003,0.67998250000000027,0.65689975000000023,0,quintic,4,2,0,6,fe_geometry,347.43300917535413,2.7755575615628914e-17,2.6645352591003757e-15,3.3306690738754696e-16,0.00041420801426284015,0.0014972079952713102
2,2,1,10,1,0.60999999999999999,0.46999999999999997,0.53000000000000003,0.67998250000000027,0.65689975000000023,0,quintic,3,3,0,6,recursive,153.62340163821037,2.7755575615628914e-17,2.6645352591003757e-15,3.3306690738754696e-16,0.00041420801426284015,0.0014972079952713102
2,2,1,10,1,0.60999999999999999,0.46999999999999997,0.53000000000000003,0.67998250000000027,0.65689975000000023,0,quintic,3,3,0,6,direct,154.28880040843589,2.7755575615628914e-17,2.6645352591003757e-15,3.3306690738754696e-16,0.00041420801426284015,0.0014972079952713102
2,2,1,10,1,0.60999999999999999,0.46999999999999997,0.53000000000000003,0.67998250000000027,0.65689975000000023,0,quintic,3,3,0,6,fe_geometry,154.28880040828227,2.7755575615628914e-17,2.6645352591003757e-15,3.3306690738754696e-16,0.00041420801426284015,0.0014972079952713102
2,2,1,10,1,0.60999999999999999,0.46999999999999997,0.53000000000000003,0.67998250000000027,0.65689975000000023,0,quintic,2,4,0,6,recursive,189.02071438526733,2.7755575615628914e-17,2.6645352591003757e-15,3.3306690738754696e-16,0.00041420801426284015,0.0014972079952713102
2,2,1,10,1,0.60999999999999999,0.46999999999999997,0.53000000000000003,0.67998250000000027,0.65689975000000023,0,quintic,2,4,0,6,direct,190.3247316971931,2.7755575615628914e-17,2.6645352591003757e-15,3.3306690738754696e-16,0.00041420801426284015,0.0014972079952713102
2,2,1,10,1,0.60999999999999999,0.46999999999999997,0.53000000000000003,0.67998250000000027,0.65689975000000023,0,quintic,2,4,0,6,fe_geometry,190.32473169713251,2.7755575615628914e-17,2.6645352591003757e-15,3.3306690738754696e-16,0.00041420801426284015,0.0014972079952713102
2,2,1,10,1,0.60999999999999999,0.46999999999999997,0.53000000000000003,0.67998250000000027,0.65689975000000023,0,quintic,1,5,0,6,recursive,411.63339465936315,2.7755575615628914e-17,2.6645352591003757e-15,3.3306690738754696e-16,0.00041420801426284015,0.0014972079952713102
2,2,1,10,1,0.60999999999999999,0.46999999999999997,0.53000000000000003,0.67998250000000027,0.65689975000000023,0,quintic,1,5,0,6,direct,410.08684018374424,2.7755575615628914e-17,2.6645352591003757e-15,3.3306690738754696e-16,0.00041420801426284015,0.0014972079952713102
2,2,1,10,1,0.60999999999999999,0.46999999999999997,0.53000000000000003,0.67998250000000027,0.65689975000000023,0,quintic,1,5,0,6,fe_geometry,410.08684018276682,2.7755575615628914e-17,2.6645352591003757e-15,3.3306690738754696e-16,0.00041420801426284015,0.0014972079952713102
2,2,1,10,1,0.60999999999999999,0.46999999999999997,0.53000000000000003,0.67998250000000027,0.65689975000000023,0,quintic,0,6,0,6,recursive,27359.060700831687,2.7755575615628914e-17,2.6645352591003757e-15,3.3306690738754696e-16,0.00041420801426284015,0.0014972079952713102
2,2,1,10,1,0.60999999999999999,0.46999999999999997,0.53000000000000003,0.67998250000000027,0.65689975000000023,0,quintic,0,6,0,6,direct,25376.159734499663,2.7755575615628914e-17,2.6645352591003757e-15,3.3306690738754696e-16,0.00041420801426284015,0.0014972079952713102
2,2,1,10,1,0.60999999999999999,0.46999999999999997,0.53000000000000003,0.67998250000000027,0.65689975000000023,0,quintic,0,6,0,6,fe_geometry,25376.159734505054,2.7755575615628914e-17,2.6645352591003757e-15,3.3306690738754696e-16,0.00041420801426284015,0.0014972079952713102
2,2,1,10,1,0.60999999999999999,0.46999999999999997,0.53000000000000003,0.67998250000000027,0.65689975000000023,0,quintic,7,0,0,7,recursive,786031.71378371865,2.7755575615628914e-17,2.6645352591003757e-15,3.3306690738754696e-16,0.00041420801426284015,0.0014972079952713102
2,2,1,10,1,0.60999999999999999,0.46999999999999997,0.53000000000000003,0.67998250000000027,0.65689975000000023,0,quintic,7,0,0,7,direct,821604.41871316102,2.7755575615628914e-17,2.6645352591003757e-15,3.3306690738754696e-16,0.00041420801426284015,0.0014972079952713102
2,2,1,10,1,0.60999999999999999,0.46999999999999997,0.53000000000000003,0.67998250000000027,0.65689975000000023,0,quintic,7,0,0,7,fe_geometry,821604.41871318943,2.7755575615628914e-17,2.6645352591003757e-15,3.3306690738754696e-16,0.00041420801426284015,0.0014972079952713102
2,2,1,10,1,0.60999999999999999,0.46999999999999997,0.53000000000000003,0.67998250000000027,0.65689975000000023,0,quintic,6,1,0,7,recursive,15623.017217842626,2.7755575615628914e-17,2.6645352591003757e-15,3.3306690738754696e-16,0.00041420801426284015,0.0014972079952713102
2,2,1,10,1,0.60999999999999999,0.46999999999999997,0.53000000000000003,0.67998250000000027,0.65689975000000023,0,quintic,6,1,0,7,direct,14774.836413744642,2.7755575615628914e-17,2.6645352591003757e-15,3.3306690738754696e-16,0.00041420801426284015,0.0014972079952713102
2,2,1,10,1,0.60999999999999999,0.46999999999999997,0.53000000000000003,0.67998250000000027,0.65689975000000023,0,quintic,6,1,0,7,fe_geometry,14774.836413780282,2.7755575615628914e-17,2.6645352591003757e-15,3.3306690738754696e-16,0.00041420801426284015,0.0014972079952713102
2,2,1,10,1,0.60999999999999999,0.46999999999999997,0.53000000000000003,0.67998250000000027,0.65689975000000023,0,quintic,5,2,0,7,recursive,3585.9396460227449,2.7755575615628914e-17,2.6645352591003757e-15,3.3306690738754696e-16,0.00041420801426284015,0.0014972079952713102
2,2,1,10,1,0.60999999999999999,0.46999999999999997,0.53000000000000003,0.67998250000000027,0.65689975000000023,0,quintic,5,2,0,7,direct,3453.0165234519377,2.7755575615628914e-17,2.6645352591003757e-15,3.3306690738754696e-16,0.00041420801426284015,0.0014972079952713102
2,2,1,10,1,0.60999999999999999,0.46999999999999997,0.53000000000000003,0.67998250000000027,0.65689975000000023,0,quintic,5,2,0,7,fe_geometry,3453.0165234252518,2.7755575615628914e-17,2.6645352591003757e-15,3.3306690738754696e-16,0.00041420801426284015,0.0014972079952713102
2,2,1,10,1,0.60999999999999999,0.46999999999999997,0.53000000000000003,0.67998250000000027,0.65689975000000023,0,quintic,4,3,0,7,recursive,1096.8521441441976,2.7755575615628914e-17,2.6645352591003757e-15,3.3306690738754696e-16,0.00041420801426284015,0.0014972079952713102
2,2,1,10,1,0.60999999999999999,0.46999999999999997,0.53000000000000003,0.67998250000000027,0.65689975000000023,0,quintic,4,3,0,7,direct,1095.3021633674302,2.7755575615628914e-17,2.6645352591003757e-15,3.3306690738754696e-16,0.00041420801426284015,0.0014972079952713102
2,2,1,10,1,0.60999999999999999,0.46999999999999997,0.53000000000000003,0.67998250000000027,0.65689975000000023,0,quintic,4,3,0,7,fe_geometry,1095.3021633521716,2.7755575615628914e-17,2.6645352591003757e-15,3.3306690738754696e-16,0.00041420801426284015,0.0014972079952713102
2,2,1,10,1,0.60999999999999999,0.46999999999999997,0.53000000000000003,0.67998250000000027,0.65689975000000023,0,quintic,3,4,0,7,recursive,802.45121507930082,2.7755575615628914e-17,2.6645352591003757e-15,3.3306690738754696e-16,0.00041420801426284015,0.0014972079952713102
2,2,1,10,1,0.60999999999999999,0.46999999999999997,0.53000000000000003,0.67998250000000027,0.65689975000000023,0,quintic,3,4,0,7,direct,810.67358024527994,2.7755575615628914e-17,2.6645352591003757e-15,3.3306690738754696e-16,0.00041420801426284015,0.0014972079952713102
2,2,1,10,1,0.60999999999999999,0.46999999999999997,0.53000000000000003,0.67998250000000027,0.65689975000000023,0,quintic,3,4,0,7,fe_geometry,810.67358024424152,2.7755575615628914e-17,2.6645352591003757e-15,3.3306690738754696e-16,0.00041420801426284015,0.0014972079952713102
2,2,1,10,1,0.60999999999999999,0.46999999999999997,0.53000000000000003,0.67998250000000027,0.65689975000000023,0,quintic,2,5,0,7,recursive,1404.547427276221,2.7755575615628914e-17,2.6645352591003757e-15,3.3306690738754696e-16,0.00041420801426284015,0.0014972079952713102
2,2,1,10,1,0.60999999999999999,0.46999999999999997,0.53000000000000003,0.67998250000000027,0.65689975000000023,0,quintic,2,5,0,7,direct,1400.0220608617813,2.7755575615628914e-17,2.6645352591003757e-15,3.3306690738754696e-16,0.00041420801426284015,0.0014972079952713102
2,2,1,10,1,0.60999999999999999,0.46999999999999997,0.53000000000000003,0.67998250000000027,0.65689975000000023,0,quintic,2,5,0,7,fe_geometry,1400.0220608506968,2.7755575615628914e-17,2.6645352591003757e-15,3.3306690738754696e-16,0.00041420801426284015,0.0014972079952713102
2,2,1,10,1,0.60999999999999999,0.46999999999999997,0.53000000000000003,0.67998250000000027,0.65689975000000023,0,quintic,1,6,0,7,recursive,4105.7377916480837,2.7755575615628914e-17,2.6645352591003757e-15,3.3306690738754696e-16,0.00041420801426284015,0.0014972079952713102
2,2,1,10,1,0.60999999999999999,0.46999999999999997,0.53000000000000003,0.67998250000000027,0.65689975000000023,0,quintic,1,6,0,7,direct,3878.4657014311397,2.7755575615628914e-17,2.6645352591003757e-15,3.3306690738754696e-16,0.00041420801426284015,0.0014972079952713102
2,2,1,10,1,0.60999999999999999,0.46999999999999997,0.53000000000000003,0.67998250000000027,0.65689975000000023,0,quintic,1,6,0,7,fe_geometry,3878.4657014031131,2.7755575615628914e-17,2.6645352591003757e-15,3.3306690738754696e-16,0.00041420801426284015,0.0014972079952713102
2,2,1,10,1,0.60999999999999999,0.46999999999999997,0.53000000000000003,0.67998250000000027,0.65689975000000023,0,quintic,0,7,0,7,recursive,334968.60227947048,2.7755575615628914e-17,2.6645352591003757e-15,3.3306690738754696e-16,0.00041420801426284015,0.0014972079952713102
2,2,1,10,1,0.60999999999999999,0.46999999999999997,0.53000000000000003,0.67998250000000027,0.65689975000000023,0,quintic,0,7,0,7,direct,311868.87324216327,2.7755575615628914e-17,2.6645352591003757e-15,3.3306690738754696e-16,0.00041420801426284015,0.0014972079952713102
2,2,1,10,1,0.60999999999999999,0.46999999999999997,0.53000000000000003,0.67998250000000027,0.65689975000000023,0,quintic,0,7,0,7,fe_geometry,311868.87324229424,2.7755575615628914e-17,2.6645352591003757e-15,3.3306690738754696e-16,0.00041420801426284015,0.0014972079952713102
2,2,1,10,1,0.60999999999999999,0.46999999999999997,0.53000000000000003,0.67998250000000027,0.65689975000000023,0,quintic,8,0,0,8,recursive,11788224.511369837,2.7755575615628914e-17,2.6645352591003757e-15,3.3306690738754696e-16,0.00041420801426284015,0.0014972079952713102
2,2,1,10,1,0.60999999999999999,0.46999999999999997,0.53000000000000003,0.67998250000000027,0.65689975000000023,0,quintic,8,0,0,8,direct,15638722.533593377,2.7755575615628914e-17,2.6645352591003757e-15,3.3306690738754696e-16,0.00041420801426284015,0.0014972079952713102
2,2,1,10,1,0.60999999999999999,0.46999999999999997,0.53000000000000003,0.67998250000000027,0.65689975000000023,0,quintic,8,0,0,8,fe_geometry,15638722.533595242,2.7755575615628914e-17,2.6645352591003757e-15,3.3306690738754696e-16,0.00041420801426284015,0.0014972079952713102
2,2,1,10,1,0.60999999999999999,0.46999999999999997,0.53000000000000003,0.67998250000000027,0.65689975000000023,0,quintic,7,1,0,8,recursive,224766.53489678376,2.7755575615628914e-17,2.6645352591003757e-15,3.3306690738754696e-16,0.00041420801426284015,0.0014972079952713102
2,2,1,10,1,0.60999999999999999,0.46999999999999997,0.53000000000000003,0.67998250000000027,0.65689975000000023,0,quintic,7,1,0,8,direct,230751.69770612553,2.7755575615628914e-17,2.6645352591003757e-15,3.3306690738754696e-16,0.00041420801426284015,0.0014972079952713102
2,2,1,10,1,0.60999999999999999,0.46999999999999997,0.53000000000000003,0.67998250000000027,0.65689975000000023,0,quintic,7,1,0,8,fe_geometry,230751.69770708488,2.7755575615628914e-17,2.6645352591003757e-15,3.3306690738754696e-16,0.00041420801426284015,0.0014972079952713102
2,2,1,10,1,0.60999999999999999,0.46999999999999997,0.53000000000000003,0.67998250000000027,0.65689975000000023,0,quintic,6,2,0,8,recursive,46664.081807295974,2.7755575615628914e-17,2.6645352591003757e-15,3.3306690738754696e-16,0.00041420801426284015,0.0014972079952713102
2,2,1,10,1,0.60999999999999999,0.46999999999999997,0.53000000000000003,0.67998250000000027,0.65689975000000023,0,quintic,6,2,0,8,direct,44123.576207225844,2.7755575615628914e-17,2.6645352591003757e-15,3.3306690738754696e-16,0.00041420801426284015,0.0014972079952713102
2,2,1,10,1,0.60999999999999999,0.46999999999999997,0.53000000000000003,0.67998250000000027,0.65689975000000023,0,quintic,6,2,0,8,fe_geometry,44123.576206469632,2.7755575615628914e-17,2.6645352591003757e-15,3.3306690738754696e-16,0.00041420801426284015,0.0014972079952713102
2,2,1,10,1,0.60999999999999999,0.46999999999999997,0.53000000000000003,0.67998250000000027,0.65689975000000023,0,quintic,5,3,0,8,recursive,11297.486618132114,2.7755575615628914e-17,2.6645352591003757e-15,3.3306690738754696e-16,0.00041420801426284015,0.0014972079952713102
2,2,1,10,1,0.60999999999999999,0.46999999999999997,0.53000000000000003,0.67998250000000027,0.65689975000000023,0,quintic,5,3,0,8,direct,10885.829407785741,2.7755575615628914e-17,2.6645352591003757e-15,3.3306690738754696e-16,0.00041420801426284015,0.0014972079952713102
2,2,1,10,1,0.60999999999999999,0.46999999999999997,0.53000000000000003,0.67998250000000027,0.65689975000000023,0,quintic,5,3,0,8,fe_geometry,10885.829407387286,2.7755575615628914e-17,2.6645352591003757e-15,3.3306690738754696e-16,0.00041420801426284015,0.0014972079952713102
2,2,1,10,1,0.60999999999999999,0.46999999999999997,0.53000000000000003,0.67998250000000027,0.65689975000000023,0,quintic,4,4,0,8,recursive,5729.4027243147066,2.7755575615628914e-17,2.6645352591003757e-15,3.3306690738754696e-16,0.00041420801426284015,0.0014972079952713102
2,2,1,10,1,0.60999999999999999,0.46999999999999997,0.53000000000000003,0.67998250000000027,0.65689975000000023,0,quintic,4,4,0,8,direct,5755.0031102686935,2.7755575615628914e-17,2.6645352591003757e-15,3.3306690738754696e-16,0.00041420801426284015,0.0014972079952713102
2,2,1,10,1,0.60999999999999999,0.46999999999999997,0.53000000000000003,0.67998250000000027,0.65689975000000023,0,quintic,4,4,0,8,fe_geometry,5755.0031103313404,2.7755575615628914e-17,2.6645352591003757e-15,3.3306690738754696e-16,0.00041420801426284015,0.0014972079952713102
2,2,1,10,1,0.60999999999999999,0.46999999999999997,0.53000000000000003,0.67998250000000027,0.65689975000000023,0,quintic,3,5,0,8,recursive,5962.7369042955115,2.7755575615628914e-17,2.6645352591003757e-15,3.3306690738754696e-16,0.00041420801426284015,0.0014972079952713102
2,2,1,10,1,0.60999999999999999,0.46999999999999997,0.53000000000000003,0.67998250000000027,0.65689975000000023,0,quintic,3,5,0,8,direct,5963.2864651860091,2.7755575615628914e-17,2.6645352591003757e-15,3.3306690738754696e-16,0.00041420801426284015,0.0014972079952713102
2,2,1,10,1,0.60999999999999999,0.46999999999999997,0.53000000000000003,0.67998250000000027,0.65689975000000023,0,quintic,3,5,0,8,fe_geometry,5963.2864652697117,2.7755575615628914e-17,2.6645352591003757e-15,3.3306690738754696e-16,0.00041420801426284015,0.0014972079952713102
2,2,1,10,1,0.60999999999999999,0.46999999999999997,0.53000000000000003,0.67998250000000027,0.65689975000000023,0,quintic,2,6,0,8,recursive,14009.318794596107,2.7755575615628914e-17,2.6645352591003757e-15,3.3306690738754696e-16,0.00041420801426284015,0.0014972079952713102
2,2,1,10,1,0.60999999999999999,0.46999999999999997,0.53000000000000003,0.67998250000000027,0.65689975000000023,0,quintic,2,6,0,8,direct,13240.945605213665,2.7755575615628914e-17,2.6645352591003757e-15,3.3306690738754696e-16,0.00041420801426284015,0.0014972079952713102
2,2,1,10,1,0.60999999999999999,0.46999999999999997,0.53000000000000003,0.67998250000000027,0.65689975000000023,0,quintic,2,6,0,8,fe_geometry,13240.945604857843,2.7755575615628914e-17,2.6645352591003757e-15,3.3306690738754696e-16,0.00041420801426284015,0.0014972079952713102
2,2,1,10,1,0.60999999999999999,0.46999999999999997,0.53000000000000003,0.67998250000000027,0.65689975000000023,0,quintic,1,7,0,8,recursive,48015.626303809222,2.7755575615628914e-17,2.6645352591003757e-15,3.3306690738754696e-16,0.00041420801426284015,0.0014972079952713102
2,2,1,10,1,0.60999999999999999,0.46999999999999997,0.53000000000000003,0.67998250000000027,0.65689975000000023,0,quintic,1,7,0,8,direct,44832.633794436231,2.7755575615628914e-17,2.6645352591003757e-15,3.3306690738754696e-16,0.00041420801426284015,0.0014972079952713102
2,2,1,10,1,0.60999999999999999,0.46999999999999997,0.53000000000000003,0.67998250000000027,0.65689975000000023,0,quintic,1,7,0,8,fe_geometry,44832.633793769121,2.7755575615628914e-17,2.6645352591003757e-15,3.3306690738754696e-16,0.00041420801426284015,0.0014972079952713102
2,2,1,10,1,0.60999999999999999,0.46999999999999997,0.53000000000000003,0.67998250000000027,0.65689975000000023,0,quintic,0,8,0,8,recursive,4232577.9361277539,2.7755575615628914e-17,2.6645352591003757e-15,3.3306690738754696e-16,0.00041420801426284015,0.0014972079952713102
2,2,1,10,1,0.60999999999999999,0.46999999999999997,0.53000000000000003,0.67998250000000027,0.65689975000000023,0,quintic,0,8,0,8,direct,4438262.8048460241,2.7755575615628914e-17,2.6645352591003757e-15,3.3306690738754696e-16,0.00041420801426284015,0.0014972079952713102
2,2,1,10,1,0.60999999999999999,0.46999999999999997,0.53000000000000003,0.67998250000000027,0.65689975000000023,0,quintic,0,8,0,8,fe_geometry,4438262.8048490584,2.7755575615628914e-17,2.6645352591003757e-15,3.3306690738754696e-16,0.00041420801426284015,0.0014972079952713102
2,2,1,10,1,0.60999999999999999,0.46999999999999997,0.53000000000000003,0.67998250000000027,0.65689975000000023,0,quintic,9,0,0,9,recursive,177785891.01249051,2.7755575615628914e-17,2.6645352591003757e-15,3.3306690738754696e-16,0.00041420801426284015,0.0014972079952713102
2,2,1,10,1,0.60999999999999999,0.46999999999999997,0.53000000000000003,0.67998250000000027,0.65689975000000023,0,quintic,9,0,0,9,direct,340514950.7129333,2.7755575615628914e-17,2.6645352591003757e-15,3.3306690738754696e-16,0.00041420801426284015,0.0014972079952713102
2,2,1,10,1,0.60999999999999999,0.46999999999999997,0.53000000000000003,0.67998250000000027,0.65689975000000023,0,quintic,9,0,0,9,fe_geometry,340514950.71300781,2.7755575615628914e-17,2.6645352591003757e-15,3.3306690738754696e-16,0.00041420801426284015,0.0014972079952713102
2,2,1,10,1,0.60999999999999999,0.46999999999999997,0.53000000000000003,0.67998250000000027,0.65689975000000023,0,quintic,8,1,0,9,recursive,3346384.733659002,2.7755575615628914e-17,2.6645352591003757e-15,3.3306690738754696e-16,0.00041420801426284015,0.0014972079952713102
2,2,1,10,1,0.60999999999999999,0.46999999999999997,0.53000000000000003,0.67998250000000027,0.65689975000000023,0,quintic,8,1,0,9,direct,4259099.5967221893,2.7755575615628914e-17,2.6645352591003757e-15,3.3306690738754696e-16,0.00041420801426284015,0.0014972079952713102
2,2,1,10,1,0.60999999999999999,0.46999999999999997,0.53000000000000003,0.67998250000000027,0.65689975000000023,0,quintic,8,1,0,9,fe_geometry,4259099.5967485895,2.7755575615628914e-17,2.6645352591003757e-15,3.3306690738754696e-16,0.00041420801426284015,0.0014972079952713102
2,2,1,10,1,0.60999999999999999,0.46999999999999997,0.53000000000000003,0.67998250000000027,0.65689975000000023,0,quintic,7,2,0,9,recursive,671350.72732286528,2.7755575615628914e-17,2.6645352591003757e-15,3.3306690738754696e-16,0.00041420801426284015,0.0014972079952713102
2,2,1,10,1,0.60999999999999999,0.46999999999999997,0.53000000000000003,0.67998250000000027,0.65689975000000023,0,quintic,7,2,0,9,direct,689116.9440788026,2.7755575615628914e-17,2.6645352591003757e-15,3.3306690738754696e-16,0.00041420801426284015,0.0014972079952713102
2,2,1,10,1,0.60999999999999999,0.46999999999999997,0.53000000000000003,0.67998250000000027,0.65689975000000023,0,quintic,7,2,0,9,fe_geometry,689116.9440583851,2.7755575615628914e-17,2.6645352591003757e-15,3.3306690738754696e-16,0.00041420801426284015,0.0014972079952713102
2,2,1,10,1,0.60999999999999999,0.46999999999999997,0.53000000000000003,0.67998250000000027,0.65689975000000023,0,quintic,6,3,0,9,recursive,147014.97838804862,2.7755575615628914e-17,2.6645352591003757e-15,3.3306690738754696e-16,0.00041420801426284015,0.0014972079952713102
2,2,1,10,1,0.60999999999999999,0.46999999999999997,0.53000000000000003,0.67998250000000027,0.65689975000000023,0,quintic,6,3,0,9,direct,139102.06343096829,2.7755575615628914e-17,2.6645352591003757e-15,3.3306690738754696e-16,0.00041420801426284015,0.0014972079952713102
2,2,1,10,1,0.60999999999999999,0.46999999999999997,0.53000000000000003,0.67998250000000027,0.65689975000000023,0,quintic,6,3,0,9,fe_geometry,139102.06342117596,2.7755575615628914e-17,2.6645352591003757e-15,3.3306690738754696e-16,0.00041420801426284015,0.0014972079952713102
2,2,1,10,1,0.60999999999999999,0.46999999999999997,0.53000000000000003,0.67998250000000027,0.65689975000000023,0,quintic,5,4,0,9,recursive,59012.375486093049,2.7755575615628914e-17,2.6645352591003757e-15,3.3306690738754696e-16,0.00041420801426284015,0.0014972079952713102
2,2,1,10,1,0.60999999999999999,0.46999999999999997,0.53000000000000003,0.67998250000000027,0.65689975000000023,0,quintic,5,4,0,9,direct,57196.985631171789,2.7755575615628914e-17,2.6645352591003757e-15,3.3306690738754696e-16,0.00041420801426284015,0.0014972079952713102
2,2,1,10,1,0.60999999999999999,0.46999999999999997,0.53000000000000003,0.67998250000000027,0.65689975000000023,0,quintic,5,4,0,9,fe_geometry,57196.985635134719,2.7755575615628914e-17,2.6645352591003757e-15,3.3306690738754696e-16,0.00041420801426284015,0.0014972079952713102
2,2,1,10,1,0.60999999999999999,0.46999999999999997,0.53000000000000003,0.67998250000000027,0.65689975000000023,0,quintic,4,5,0,9,recursive,42573.206222855333,2.7755575615628914e-17,2.6645352591003757e-15,3.3306690738754696e-16,0.00041420801426284015,0.0014972079952713102
2,2,1,10,1,0.60999999999999999,0.46999999999999997,0.53000000000000003,0.67998250000000027,0.65689975000000023,0,quintic,4,5,0,9,direct,42333.601323730421,2.7755575615628914e-17,2.6645352591003757e-15,3.3306690738754696e-16,0.00041420801426284015,0.0014972079952713102
2,2,1,10,1,0.60999999999999999,0.46999999999999997,0.53000000000000003,0.67998250000000027,0.65689975000000023,0,quintic,4,5,0,9,fe_geometry,42333.601328814679,2.7755575615628914e-17,2.6645352591003757e-15,3.3306690738754696e-16,0.00041420801426284015,0.0014972079952713102
2,2,1,10,1,0.60999999999999999,0.46999999999999997,0.53000000000000003,0.67998250000000027,0.65689975000000023,0,quintic,3,6,0,9,recursive,59473.877878239116,2.7755575615628914e-17,2.6645352591003757e-15,3.3306690738754696e-16,0.00041420801426284015,0.0014972079952713102
2,2,1,10,1,0.60999999999999999,0.46999999999999997,0.53000000000000003,0.67998250000000027,0.65689975000000023,0,quintic,3,6,0,9,direct,56398.791077693102,2.7755575615628914e-17,2.6645352591003757e-15,3.3306690738754696e-16,0.00041420801426284015,0.0014972079952713102
2,2,1,10,1,0.60999999999999999,0.46999999999999997,0.53000000000000003,0.67998250000000027,0.65689975000000023,0,quintic,3,6,0,9,fe_geometry,56398.791080819312,2.7755575615628914e-17,2.6645352591003757e-15,3.3306690738754696e-16,0.00041420801426284015,0.0014972079952713102
2,2,1,10,1,0.60999999999999999,0.46999999999999997,0.53000000000000003,0.67998250000000027,0.65689975000000023,0,quintic,2,7,0,9,recursive,163835.64907099042,2.7755575615628914e-17,2.6645352591003757e-15,3.3306690738754696e-16,0.00041420801426284015,0.0014972079952713102
2,2,1,10,1,0.60999999999999999,0.46999999999999997,0.53000000000000003,0.67998250000000027,0.65689975000000023,0,quintic,2,7,0,9,direct,153057.03623745445,2.7755575615628914e-17,2.6645352591003757e-15,3.3306690738754696e-16,0.00041420801426284015,0.0014972079952713102
2,2,1,10,1,0.60999999999999999,0.46999999999999997,0.53000000000000003,0.67998250000000027,0.65689975000000023,0,quintic,2,7,0,9,fe_geometry,153057.03622849463,2.7755575615628914e-17,2.6645352591003757e-15,3.3306690738754696e-16,0.00041420801426284015,0.0014972079952713102
2,2,1,10,1,0.60999999999999999,0.46999999999999997,0.53000000000000003,0.67998250000000027,0.65689975000000023,0,quintic,1,8,0,9,recursive,597391.78042978887,2.7755575615628914e-17,2.6645352591003757e-15,3.3306690738754696e-16,0.00041420801426284015,0.0014972079952713102
2,2,1,10,1,0.60999999999999999,0.46999999999999997,0.53000000000000003,0.67998250000000027,0.65689975000000023,0,quintic,1,8,0,9,direct,612462.09899795055,2.7755575615628914e-17,2.6645352591003757e-15,3.3306690738754696e-16,0.00041420801426284015,0.0014972079952713102
2,2,1,10,1,0.60999999999999999,0.46999999999999997,0.53000000000000003,0.67998250000000027,0.65689975000000023,0,quintic,1,8,0,9,fe_geometry,612462.09898275079,2.7755575615628914e-17,2.6645352591003757e-15,3.3306690738754696e-16,0.00041420801426284015,0.0014972079952713102
2,2,1,10,1,0.60999999999999999,0.46999999999999997,0.53000000000000003,0.67998250000000027,0.65689975000000023,0,quintic,0,9,0,9,recursive,54026136.196307629,2.7755575615628914e-17,2.6645352591003757e-15,3.3306690738754696e-16,0.00041420801426284015,0.0014972079952713102
2,2,1,10,1,0.60999999999999999,0.46999999999999997,0.53000000000000003,0.67998250000000027,0.65689975000000023,0,quintic,0,9,0,9,direct,72032896.066523597,2.7755575615628914e-17,2.6645352591003757e-15,3.3306690738754696e-16,0.00041420801426284015,0.0014972079952713102
2,2,1,10,1,0.60999999999999999,0.46999999999999997,0.53000000000000003,0.67998250000000027,0.65689975000000023,0,quintic,0,9,0,9,fe_geometry,72032896.066594616,2.7755575615628914e-17,2.6645352591003757e-15,3.3306690738754696e-16,0.00041420801426284015,0.0014972079952713102
2,2,1,10,1,0.60999999999999999,0.46999999999999997,0.53000000000000003,0.67998250000000027,0.65689975000000023,0,quintic,10,0,0,10,recursive,2685847366.6951365,2.7755575615628914e-17,2.6645352591003757e-15,3.3306690738754696e-16,0.00041420801426284015,0.0014972079952713102
2,2,1,10,1,0.60999999999999999,0.46999999999999997,0.53000000000000003,0.67998250000000027,0.65689975000000023,0,quintic,10,0,0,10,direct,8357201114.2905054,2.7755575615628914e-17,2.6645352591003757e-15,3.3306690738754696e-16,0.00041420801426284015,0.0014972079952713102
2,2,1,10,1,0.60999999999999999,0.46999999999999997,0.53000000000000003,0.67998250000000027,0.65689975000000023,0,quintic,10,0,0,10,fe_geometry,8357201114.2932644,2.7755575615628914e-17,2.6645352591003757e-15,3.3306690738754696e-16,0.00041420801426284015,0.0014972079952713102
2,2,1,10,1,0.60999999999999999,0.46999999999999997,0.53000000000000003,0.67998250000000027,0.65689975000000023,0,quintic,9,1,0,10,recursive,50357446.433704078,2.7755575615628914e-17,2.6645352591003757e-15,3.3306690738754696e-16,0.00041420801426284015,0.0014972079952713102
2,2,1,10,1,0.60999999999999999,0.46999999999999997,0.53000000000000003,0.67998250000000027,0.65689975000000023,0,quintic,9,1,0,10,direct,90706538.449017793,2.7755575615628914e-17,2.6645352591003757e-15,3.3306690738754696e-16,0.00041420801426284015,0.0014972079952713102
2,2,1,10,1,0.60999999999999999,0.46999999999999997,0.53000000000000003,0.67998250000000027,0.65689975000000023,0,quintic,9,1,0,10,fe_geometry,90706538.449783891,2.7755575615628914e-17,2.6645352591003757e-15,3.3306690738754696e-16,0.00041420801426284015,0.0014972079952713102
2,2,1,10,1,0.60999999999999999,0.46999999999999997,0.53000000000000003,0.67998250000000027,0.65689975000000023,0,quintic,8,2,0,10,recursive,9995250.5202754214,2.7755575615628914e-17,2.6645352591003757e-15,3.3306690738754696e-16,0.00041420801426284015,0.0014972079952713102
2,2,1,10,1,0.60999999999999999,0.46999999999999997,0.53000000000000003,0.67998250000000027,0.65689975000000023,0,quintic,8,2,0,10,direct,12719376.402433546,2.7755575615628914e-17,2.6645352591003757e-15,3.3306690738754696e-16,0.00041420801426284015,0.0014972079952713102
2,2,1,10,1,0.60999999999999999,0.46999999999999997,0.53000000000000003,0.67998250000000027,0.65689975000000023,0,quintic,8,2,0,10,fe_geometry,12719376.401869347,2.7755575615628914e-17,2.6645352591003757e-15,3.3306690738754696e-16,0.00041420801426284015,0.0014972079952713102
2,2,1,10,1,0.60999999999999999,0.46999999999999997,0.53000000000000003,0.67998250000000027,0.65689975000000023,0,quintic,7,3,0,10,recursive,2115087.4252024819,2.7755575615628914e-17,2.6645352591003757e-15,3.3306690738754696e-16,0.00041420801426284015,0.0014972079952713102
2,2,1,10,1,0.60999999999999999,0.46999999999999997,0.53000000000000003,0.67998250000000027,0.65689975000000023,0,quintic,7,3,0,10,direct,2172480.0460216538,2.7755575615628914e-17,2.6645352591003757e-15,3.3306690738754696e-16,0.00041420801426284015,0.0014972079952713102
2,2,1,10,1,0.60999999999999999,0.46999999999999997,0.53000000000000003,0.67998250000000027,0.65689975000000023,0,quintic,7,3,0,10,fe_geometry,2172480.0457747914,2.7755575615628914e-17,2.6645352591003757e-15,3.3306690738754696e-16,0.00041420801426284015,0.0014972079952713102
2,2,1,10,1,0.60999999999999999,0.46999999999999997,0.53000000000000003,0.67998250000000027,0.65689975000000023,0,quintic,6,4,0,10,recursive,767932.14231077838,2.7755575615628914e-17,2.6645352591003757e-15,3.3306690738754696e-16,0.00041420801426284015,0.0014972079952713102
2,2,1,10,1,0.60999999999999999,0.46999999999999997,0.53000000000000003,0.67998250000000027,0.65689975000000023,0,quintic,6,4,0,10,direct,730878.50500923791,2.7755575615628914e-17,2.6645352591003757e-15,3.3306690738754696e-16,0.00041420801426284015,0.0014972079952713102
2,2,1,10,1,0.60999999999999999,0.46999999999999997,0.53000000000000003,0.67998250000000027,0.65689975000000023,0,quintic,6,4,0,10,fe_geometry,730878.5051389354,2.7755575615628914e-17,2.6645352591003757e-15,3.3306690738754696e-16,0.00041420801426284015,0.0014972079952713102
2,2,1,10,1,0.60999999999999999,0.46999999999999997,0.53000000000000003,0.67998250000000027,0.65689975000000023,0,quintic,5,5,0,10,recursive,438500.51329525316,2.7755575615628914e-17,2.6645352591003757e-15,3.3306690738754696e-16,0.00041420801426284015,0.0014972079952713102
2,2,1,10,1,0.60999999999999999,0.46999999999999997,0.53000000000000003,0.67998250000000027,0.65689975000000023,0,quintic,5,5,0,10,direct,420739.02297010145,2.7755575615628914e-17,2.6645352591003757e-15,3.3306690738754696e-16,0.00041420801426284015,0.0014972079952713102
2,2,1,10,1,0.60999999999999999,0.46999999999999997,0.53000000000000003,0.67998250000000027,0.65689975000000023,0,quintic,5,5,0,10,fe_geometry,420739.02309811703,2.7755575615628914e-17,2.6645352591003757e-15,3.3306690738754696e-16,0.00041420801426284015,0.0014972079952713102
2,2,1,10,1,0.60999999999999999,0.46999999999999997,0.53000000000000003,0.67998250000000027,0.65689975000000023,0,quintic,4,6,0,10,recursive,424636.15423730027,2.7755575615628914e-17,2.6645352591003757e-15,3.3306690738754696e-16,0.00041420801426284015,0.0014972079952713102
2,2,1,10,1,0.60999999999999999,0.46999999999999997,0.53000000000000003,0.67998250000000027,0.65689975000000023,0,quintic,4,6,0,10,direct,400377.19977732626,2.7755575615628914e-17,2.6645352591003757e-15,3.3306690738754696e-16,0.00041420801426284015,0.0014972079952713102
2,2,1,10,1,0.60999999999999999,0.46999999999999997,0.53000000000000003,0.67998250000000027,0.65689975000000023,0,quintic,4,6,0,10,fe_geometry,400377.19992220227,2.7755575615628914e-17,2.6645352591003757e-15,3.3306690738754696e-16,0.00041420801426284015,0.0014972079952713102
2,2,1,10,1,0.60999999999999999,0.46999999999999997,0.53000000000000003,0.67998250000000027,0.65689975000000023,0,quintic,3,7,0,10,recursive,695532.84688407648,2.7755575615628914e-17,2.6645352591003757e-15,3.3306690738754696e-16,0.00041420801426284015,0.0014972079952713102
2,2,1,10,1,0.60999999999999999,0.46999999999999997,0.53000000000000003,0.67998250000000027,0.65689975000000023,0,quintic,3,7,0,10,direct,651934.69312289252,2.7755575615628914e-17,2.6645352591003757e-15,3.3306690738754696e-16,0.00041420801426284015,0.0014972079952713102
2,2,1,10,1,0.60999999999999999,0.46999999999999997,0.53000000000000003,0.67998250000000027,0.65689975000000023,0,quintic,3,7,0,10,fe_geometry,651934.6932040354,2.7755575615628914e-17,2.6645352591003757e-15,3.3306690738754696e-16,0.00041420801426284015,0.0014972079952713102
2,2,1,10,1,0.60999999999999999,0.46999999999999997,0.53000000000000003,0.67998250000000027,0.65689975000000023,0,quintic,2,8,0,10,recursive,2038379.5366323751,2.7755575615628914e-17,2.6645352591003757e-15,3.3306690738754696e-16,0.00041420801426284015,0.0014972079952713102
2,2,1,10,1,0.60999999999999999,0.46999999999999997,0.53000000000000003,0.67998250000000027,0.65689975000000023,0,quintic,2,8,0,10,direct,2090924.0824465174,2.7755575615628914e-17,2.6645352591003757e-15,3.3306690738754696e-16,0.00041420801426284015,0.0014972079952713102
2,2,1,10,1,0.60999999999999999,0.46999999999999997,0.53000000000000003,0.67998250000000027,0.65689975000000023,0,quintic,2,8,0,10,fe_geometry,2090924.0822358103,2.7755575615628914e-17,2.6645352591003757e-15,3.3306690738754696e-16,0.00041420801426284015,0.0014972079952713102
2,2,1,10,1,0.60999999999999999,0.46999999999999997,0.53000000000000003,0.67998250000000027,0.65689975000000023,0,quintic,1,9,0,10,recursive,7587930.5662416676,2.7755575615628914e-17,2.6645352591003757e-15,3.3306690738754696e-16,0.00041420801426284015,0.0014972079952713102
2,2,1,10,1,0.60999999999999999,0.46999999999999997,0.53000000000000003,0.67998250000000027,0.65689975000000023,0,quintic,1,9,0,10,direct,9654106.6087510847,2.7755575615628914e-17,2.6645352591003757e-15,3.3306690738754696e-16,0.00041420801426284015,0.0014972079952713102
2,2,1,10,1,0.60999999999999999,0.46999999999999997,0.53000000000000003,0.67998250000000027,0.65689975000000023,0,quintic,1,9,0,10,fe_geometry,9654106.6083995886,2.7755575615628914e-17,2.6645352591003757e-15,3.3306690738754696e-16,0.00041420801426284015,0.0014972079952713102
2,2,1,10,1,0.60999999999999999,0.46999999999999997,0.53000000000000003,0.67998250000000027,0.65689975000000023,0,quintic,0,10,0,10,recursive,691792738.95245993,2.7755575615628914e-17,2.6645352591003757e-15,3.3306690738754696e-16,0.00041420801426284015,0.0014972079952713102
2,2,1,10,1,0.60999999999999999,0.46999999999999997,0.53000000000000003,0.67998250000000027,0.65689975000000023,0,quintic,0,10,0,10,direct,1315330323.8988037,2.7755575615628914e-17,2.6645352591003757e-15,3.3306690738754696e-16,0.00041420801426284015,0.0014972079952713102
2,2,1,10,1,0.60999999999999999,0.46999999999999997,0.53000000000000003,0.67998250000000027,0.65689975000000023,0,quintic,0,10,0,10,fe_geometry,1315330323.9005322,2.7755575615628914e-17,2.6645352591003757e-15,3.3306690738754696e-16,0.00041420801426284015,0.0014972079952713102
2,2,1,10,2,0,0.40000000000000002,0.69999999999999996,0.31200000000000006,0.62250000000000016,0,constant,1,0,0,1,recursive,7.4547987228192593e-14,1.1102230246251565e-16,4.2188474935755949e-15,1.2246678822858955e-16,0.00041420801426284015,0.0008038340019993484
2,2,1,10,2,0,0.40000000000000002,0.69999999999999996,0.31200000000000006,0.62250000000000016,0,constant,1,0,0,1,direct,-2.964822128023386e-14,1.1102230246251565e-16,4.2188474935755949e-15,1.2246678822858955e-16,0.00041420801426284015,0.0008038340019993484
2,2,1,10,2,0,0.40000000000000002,0.69999999999999996,0.31200000000000006,0.62250000000000016,0,constant,1,0,0,1,fe_geometry,-2.9648221280233374e-14,1.1102230246251565e-16,4.2188474935755949e-15,1.2246678822858955e-16,0.00041420801426284015,0.0008038340019993484
2,2,1,10,2,0,0.40000000000000002,0.69999999999999996,0.31200000000000006,0.62250000000000016,0,constant,0,1,0,1,recursive,9.654927174914496e-15,1.1102230246251565e-16,4.2188474935755949e-15,1.2246678822858955e-16,0.00041420801426284015,0.0008038340019993484
2,2,1,10,2,0,0.40000000000000002,0.69999999999999996,0.31200000000000006,0.62250000000000016,0,constant,0,1,0,1,direct,-9.0749630032860211e-16,1.1102230246251565e-16,4.2188474935755949e-15,1.2246678822858955e-16,0.00041420801426284015,0.0008038340019993484
2,2,1,10,2,0,0.40000000000000002,0.69999999999999996,0.31200000000000006,0.62250000000000016,0,constant,0,1,0,1,fe_geometry,-9.0749630032851889e-16,1.1102230246251565e-16,4.2188474935755949e-15,1.2246678822858955e-16,0.00041420801426284015,0.0008038340019993484
2,2,1,10,2,0,0.40000000000000002,0.69999999999999996,0.31200000000000006,0.62250000000000016,0,constant,2,0,0,2,recursive,-2.1882961832373195e-12,1.1102230246251565e-16,4.2188474935755949e-15,1.2246678822858955e-16,0.00041420801426284015,0.0008038340019993484
2,2,1,10,2,0,0.40000000000000002,0.69999999999999996,0.31200000000000006,0.62250000000000016,0,constant,2,0,0,2,direct,1.3747573847525187e-13,1.1102230246251565e-16,4.2188474935755949e-15,1.2246678822858955e-16,0.00041420801426284015,0.0008038340019993484
2,2,1,10,2,0,0.40000000000000002,0.69999999999999996,0.31200000000000006,0.62250000000000016,0,constant,2,0,0,2,fe_geometry,1.3747573847526008e-13,1.1102230246251565e-16,4.2188474935755949e-15,1.2246678822858955e-16,0.00041420801426284015,0.0008038340019993484
2,2,1,10,2,0,0.40000000000000002,0.69999999999999996,0.31200000000000006,0.62250000000000016,0,constant,1,1,0,2,recursive,-1.952578191703843e-13,1.1102230246251565e-16,4.2188474935755949e-15,1.2246678822858955e-16,0.00041420801426284015,0.0008038340019993484
2,2,1,10,2,0,0.40000000000000002,0.69999999999999996,0.31200000000000006,0.62250000000000016,0,constant,1,1,0,2,direct,-7.1099933452515713e-13,1.1102230246251565e-16,4.2188474935755949e-15,1.2246678822858955e-16,0.00041420801426284015,0.0008038340019993484
2,2,1,10,2,0,0.40000000000000002,0.69999999999999996,0.31200000000000006,0.62250000000000016,0,constant,1,1,0,2,fe_geometry,-7.1099933452514562e-13,1.1102230246251565e-16,4.2188474935755949e-15,1.2246678822858955e-16,0.00041420801426284015,0.0008038340019993484
2,2,1,10,2,0,0.40000000000000002,0.69999999999999996,0.31200000000000006,0.62250000000000016,0,constant,0,2,0,2,recursive,-1.4097516997548949e-13,1.1102230246251565e-16,4.2188474935755949e-15,1.2246678822858955e-16,0.00041420801426284015,0.0008038340019993484
2,2,1,10,2,0,0.40000000000000002,0.69999999999999996,0.31200000000000006,0.62250000000000016,0,constant,0,2,0,2,direct,1.7248308115114258e-13,1.1102230246251565e-16,4.2188474935755949e-15,1.2246678822858955e-16,0.00041420801426284015,0.0008038340019993484
2,2,1,10,2,0,0.40000000000000002,0.69999999999999996,0.31200000000000006,0.62250000000000016,0,constant,0,2,0,2,fe_geometry,1.724830811511449e-13,1.1102230246251565e-16,4.2188474935755949e-15,1.2246678822858955e-16,0.00041420801426284015,0.0008038340019993484
2,2,1,10,2,0,0.40000000000000002,0.69999999999999996,0.31200000000000006,0.62250000000000016,0,constant,3,0,0,3,recursive,3.4322193531864717e-11,1.1102230246251565e-16,4.2188474935755949e-15,1.2246678822858955e-16,0.00041420801426284015,0.0008038340019993484
2,2,1,10,2,0,0.40000000000000002,0.69999999999999996,0.31200000000000006,0.62250000000000016,0,constant,3,0,0,3,direct,8.568906180883428e-13,1.1102230246251565e-16,4.2188474935755949e-15,1.2246678822858955e-16,0.00041420801426284015,0.0008038340019993484
2,2,1,10,2,0,0.40000000000000002,0.69999999999999996,0.31200000000000006,0.62250000000000016,0,constant,3,0,0,3,fe_geometry,8.5689061808759287e-13,1.1102230246251565e-16,4.2188474935755949e-15,1.2246678822858955e-16,0.00041420801426284015,0.0008038340019993484
2,2,1,10,2,0,0.40000000000000002,0.69999999999999996,0.31200000000000006,0.62250000000000016,0,constant,2,1,0,3,recursive,6.4862529043854558e-12,1.1102230246251565e-16,4.2188474935755949e-15,1.2246678822858955e-16,0.00041420801426284015,0.0008038340019993484
2,2,1,10,2,0,0.40000000000000002,0.69999999999999996,0.31200000000000006,0.62250000000000016,0,constant,2,1,0,3,direct,1.1136636932876602e-11,1.1102230246251565e-16,4.2188474935755949e-15,1.2246678822858955e-16,0.00041420801426284015,0.0008038340019993484
2,2,1,10,2,0,0.40000000000000002,0.69999999999999996,0.31200000000000006,0.62250000000000016,0,constant,2,1,0,3,fe_geometry,1.1136636932876126e-11,1.1102230246251565e-16,4.2188474935755949e-15,1.2246678822858955e-16,0.00041420801426284015,0.0008038340019993484
2,2,1,10,2,0,0.40000000000000002,0.69999999999999996,0.31200000000000006,0.62250000000000016,0,constant,1,2,0,3,recursive,-1.1170279885836868e-11,1.1102230246251565e-16,4.2188474935755949e-15,1.2246678822858955e-16,0.00041420801426284015,0.0008038340019993484
2,2,1,10,2,0,0.40000000000000002,0.69999999999999996,0.31200000000000006,0.62250000000000016,0,constant,1,2,0,3,direct,1.1268895050275249e-13,1.1102230246251565e-16,4.2188474935755949e-15,1.2246678822858955e-16,0.00041420801426284015,0.0008038340019993484
2,2,1,10,2,0,0.40000000000000002,0.69999999999999996,0.31200000000000006,0.62250000000000016,0,constant,1,2,0,3,fe_geometry,1.1268895050272356e-13,1.1102230246251565e-16,4.2188474935755949e-15,1.2246678822858955e-16,0.00041420801426284015,0.0008038340019993484
2,2,1,10,2,0,0.40000000000000002,0.69999999999999996,0.31200000000000006,0.62250000000000016,0,constant,0,3,0,3,recursive,2.692830474337726e-13,1.1102230246251565e-16,4.2188474935755949e-15,1.2246678822858955e-16,0.00041420801426284015,0.0008038340019993484
2,2,1,10,2,0,0.40000000000000002,0.69999999999999996,0.31200000000000006,0.62250000000000016,0,constant,0,3,0,3,direct,4.7992199894153494e-13,1.1102230246251565e-16,4.2188474935755949e-15,1.2246678822858955e-16,0.00041420801426284015,0.0008038340019993484
2,2,1,10,2,0,0.40000000000000002,0.69999999999999996,0.31200000000000006,0.62250000000000016,0,constant,0,3,0,3,fe_geometry,4.7992199894154302e-13,1.1102230246251565e-16,4.2188474935755949e-15,1.2246678822858955e-16,0.00041420801426284015,0.0008038340019993484
2,2,1,10,2,0,0.40000000000000002,0.69999999999999996,0.31200000000000006,0.62250000000000016,0,constant,4,0,0,4,recursive,-2.7885790158440383e-10,1.1102230246251565e-16,4.2188474935755949e-15,1.2246678822858955e-16,0.00041420801426284015,0.0008038340019993484
2,2,1,10,2,0,0.40000000000000002,0.69999999999999996,0.31200000000000006,0.62250000000000016,0,constant,4,0,0,4,direct,-5.1163808331003807e-12,1.1102230246251565e-16,4.2188474935755949e-15,1.2246678822858955e-16,0.00041420801426284015,0.0008038340019993484
2,2,1,10,2,0,0.40000000000000002,0.69999999999999996,0.31200000000000006,0.62250000000000016,0,constant,4,0,0,4,fe_geometry,-5.1163808330814194e-12,1.1102230246251565e-16,4.2188474935755949e-15,1.2246678822858955e-16,0.00041420801426284015,0.0008038340019993484
2,2,1,10,2,0,0.40000000000000002,0.69999999999999996,0.31200000000000006,0.62250000000000016,0,constant,3,1,0,4,recursive,-1.3378715006457228e-10,1.1102230246251565e-16,4.2188474935755949e-15,1.2246678822858955e-16,0.00041420801426284015,0.0008038340019993484
2,2,1,10,2,0,0.40000000000000002,0.69999999999999996,0.31200000000000006,0.62250000000000016,0,constant,3,1,0,4,direct,-8.1741464919507396e-11,1.1102230246251565e-16,4.2188474935755949e-15,1.2246678822858955e-16,0.00041420801426284015,0.0008038340019993484
2,2,1,10,2,0,0.40000000000000002,0.69999999999999996,0.31200000000000006,0.62250000000000016,0,constant,3,1,0,4,fe_geometry,-8.1741464919497884e-11,1.1102230246251565e-16,4.2188474935755949e-15,1.2246678822858955e-16,0.00041420801426284015,0.0008038340019993484
2,2,1,10,2,0,0.40000000000000002,0.69999999999999996,0.31200000000000006,0.62250000000000016,0,constant,2,2,0,4,recursive,3.3196311032181142e-10,1.1102230246251565e-16,4.2188474935755949e-15,1.2246678822858955e-16,0.00041420801426284015,0.0008038340019993484
2,2,1,10,2,0,0.40000000000000002,0.69999999999999996,0.31200000000000006,0.62250000000000016,0,constant,2,2,0,4,direct,5.452167373893189e-12,1.1102230246251565e-16,4.2188474935755949e-15,1.2246678822858955e-16,0.00041420801426284015,0.0008038340019993484
2,2,1,10,2,0,0.40000000000000002,0.69999999999999996,0.31200000000000006,0.62250000000000016,0,constant,2,2,0,4,fe_geometry,5.4521673738880603e-12,1.1102230246251565e-16,4.2188474935755949e-15,1.2246678822858955e-16,0.00041420801426284015,0.0008038340019993484
2,2,1,10,2,0,0.40000000000000002,0.69999999999999996,0.31200000000000006,0.62250000000000016,0,constant,1,3,0,4,recursive,1.1054734954962095e-11,1.1102230246251565e-16,4.2188474935755949e-15,1.2246678822858955e-16,0.00041420801426284015,0.0008038340019993484
2,2,1,10,2,0,0.40000000000000002,0.69999999999999996,0.31200000000000006,0.62250000000000016,0,constant,1,3,0,4,direct,1.0305026561276621e-10,1.1102230246251565e-16,4.2188474935755949e-15,1.2246678822858955e-16,0.00041420801426284015,0.0008038340019993484
2,2,1,10,2,0,0.40000000000000002,0.69999999999999996,0.31200000000000006,0.62250000000000016,0,constant,1,3,0,4,fe_geometry,1.0305026561276335e-10,1.1102230246251565e-16,4.2188474935755949e-15,1.2246678822858955e-16,0.00041420801426284015,0.0008038340019993484
2,2,1,10,2,0,0.40000000000000002,0.69999999999999996,0.31200000000000006,0.62250000000000016,0,constant,0,4,0,4,recursive,3.2689626060104374e-11,1.1102230246251565e-16,4.2188474935755949e-15,1.2246678822858955e-16,0.00041420801426284015,0.0008038340019993484
2,2,1,10,2,0,0.40000000000000002,0.69999999999999996,0.31200000000000006,0.62250000000000016,0,constant,0,4,0,4,direct,-6.372059985340104e-12,1.1102230246251565e-16,4.2188474935755949e-15,1.2246678822858955e-16,0.00041420801426284015,0.0008038340019993484
2,2,1,10,2,0,0.40000000000000002,0.69999999999999996,0.31200000000000006,0.62250000000000016,0,constant,0,4,0,4,fe_geometry,-6.3720599853407825e-12,1.1102230246251565e-16,4.2188474935755949e-15,1.2246678822858955e-16,0.00041420801426284015,0.0008038340019993484
2,2,1,10,2,0,0.40000000000000002,0.69999999999999996,0.31200000000000006,0.62250000000000016,0,constant,5,0,0,5,recursive,6.4658597857456289e-10,1.1102230246251565e-16,4.2188474935755949e-15,1.2246678822858955e-16,0.00041420801426284015,0.0008038340019993484
2,2,1,10,2,0,0.40000000000000002,0.69999999999999996,0.31200000000000006,0.62250000000000016,0,constant,5,0,0,5,direct,-1.3834623949900505e-11,1.1102230246251565e-16,4.2188474935755949e-15,1.2246678822858955e-16,0.00041420801426284015,0.0008038340019993484
2,2,1,10,2,0,0.40000000000000002,0.69999999999999996,0.31200000000000006,0.62250000000000016,0,constant,5,0,0,5,fe_geometry,-1.3834623950150661e-11,1.1102230246251565e-16,4.2188474935755949e-15,1.2246678822858955e-16,0.00041420801426284015,0.0008038340019993484
2,2,1,10,2,0,0.40000000000000002,0.69999999999999996,0.31200000000000006,0.62250000000000016,0,constant,4,1,0,5,recursive,1.289502106817587e-09,1.1102230246251565e-16,4.2188474935755949e-15,1.2246678822858955e-16,0.00041420801426284015,0.0008038340019993484
2,2,1,10,2,0,0.40000000000000002,0.69999999999999996,0.31200000000000006,0.62250000000000016,0,constant,4,1,0,5,direct,2.3791464405975018e-10,1.1102230246251565e-16,4.2188474935755949e-15,1.2246678822858955e-16,0.00041420801426284015,0.0008038340019993484
2,2,1,10,2,0,0.40000000000000002,0.69999999999999996,0.31200000000000006,0.62250000000000016,0,constant,4,1,0,5,fe_geometry,2.3791464405964228e-10,1.1102230246251565e-16,4.2188474935755949e-15,1.2246678822858955e-16,0.00041420801426284015,0.0008038340019993484
2,2,1,10,2,0,0.40000000000000002,0.69999999999999996,0.31200000000000006,0.62250000000000016,0,constant,3,2,0,5,recursive,-4.8692326851386417e-09,1.1102230246251565e-16,4.2188474935755949e-15,1.2246678822858955e-16,0.00041420801426284015,0.0008038340019993484
2,2,1,10,2,0,0.40000000000000002,0.69999999999999996,0.31200000000000006,0.62250000000000016,0,constant,3,2,0,5,direct,-2.43402608574404e-11,1.1102230246251565e-16,4.2188474935755949e-15,1.2246678822858955e-16,0.00041420801426284015,0.0008038340019993484
2,2,1,10,2,0,0.40000000000000002,0.69999999999999996,0.31200000000000006,0.62250000000000016,0,constant,3,2,0,5,fe_geometry,-2.4340260857228964e-11,1.1102230246251565e-16,4.2188474935755949e-15,1.2246678822858955e-16,0.00041420801426284015,0.0008038340019993484
2,2,1,10,2,0,0.40000000000000002,0.69999999999999996,0.31200000000000006,0.62250000000000016,0,constant,2,3,0,5,recursive,-4.2968729658852399e-10,1.1102230246251565e-16,4.2188474935755949e-15,1.2246678822858955e-16,0.00041420801426284015,0.0008038340019993484
2,2,1,10,2,0,0.40000000000000002,0.69999999999999996,0.31200000000000006,0.62250000000000016,0,constant,2,3,0,5,direct,-2.0324910877773334e-09,1.1102230246251565e-16,4.2188474935755949e-15,1.2246678822858955e-16,0.00041420801426284015,0.0008038340019993484
2,2,1,10,2,0,0.40000000000000002,0.69999999999999996,0.31200000000000006,0.62250000000000016,0,constant,2,3,0,5,fe_geometry,-2.0324910877772321e-09,1.1102230246251565e-16,4.2188474935755949e-15,1.2246678822858955e-16,0.00041420801426284015,0.0008038340019993484
2,2,1,10,2,0,0.40000000000000002,0.69999999999999996,0.31200000000000006,0.62250000000000016,0,constant,1,4,0,5,recursive,2.0494880485514623e-09,1.1102230246251565e-16,4.2188474935755949e-15,1.2246678822858955e-16,0.00041420801426284015,0.0008038340019993484
2,2,1,10,2,0,0.40000000000000002,0.69999999999999996,0.31200000000000006,0.62250000000000016,0,constant,1,4,0,5,direct,-4.3364826454235558e-11,1.1102230246251565e-16,4.2188474935755949e-15,1.2246678822858955e-16,0.00041420801426284015,0.0008038340019993484
2,2,1,10,2,0,0.40000000000000002,0.69999999999999996,0.31200000000000006,0.62250000000000016,0,constant,1,4,0,5,fe_geometry,-4.3364826454249516e-11,1.1102230246251565e-16,4.2188474935755949e-15,1.2246678822858955e-16,0.00041420801426284015,0.0008038340019993484
2,2,1,10,2,0,0.40000000000000002,0.69999999999999996,0.31200000000000006,0.62250000000000016,0,constant,0,5,0,5,recursive,-6.9881669315524241e-10,1.1102230246251565e-16,4.2188474935755949e-15,1.2246678822858955e-16,0.00041420801426284015,0.0008038340019993484
2,2,1,10,2,0,0.40000000000000002,0.69999999999999996,0.31200000000000006,0.62250000000000016,0,constant,0,5,0,5,direct,-5.5717523646490505e-11,1.1102230246251565e-16,4.2188474935755949e-15,1.2246678822858955e-16,0.00041420801426284015,0.0008038340019993484
2,2,1,10,2,0,0.40000000000000002,0.69999999999999996,0.31200000000000006,0.62250000000000016,0,constant,0,5,0,5,fe_geometry,-5.5717523646511928e-11,1.1102230246251565e-16,4.2188474935755949e-15,1.2246678822858955e-16,0.00041420801426284015,0.0008038340019993484
2,2,1,10,2,0,0.40000000000000002,0.69999999999999996,0.31200000000000006,0.62250000000000016,0,constant,6,0,0,6,recursive,3.6062543002783613e-09,1.1102230246251565e-16,4.2188474935755949e-15,1.2246678822858955e-16,0.00041420801426284015,0.0008038340019993484
2,2,1,10,2,0,0.40000000000000002,0.69999999999999996,0.31200000000000006,0.62250000000000016,0,constant,6,0,0,6,direct,-2.8791552912525947e-11,1.1102230246251565e-16,4.2188474935755949e-15,1.2246678822858955e-16,0.00041420801426284015,0.0008038340019993484
2,2,1,10,2,0,0.40000000000000002,0.69999999999999996,0.31200000000000006,0.62250000000000016,0,constant,6,0,0,6,fe_geometry,-2.8791552910882511e-11,1.1102230246251565e-16,4.2188474935755949e-15,1.2246678822858955e-16,0.00041420801426284015,0.0008038340019993484
2,2,1,10,2,0,0.40000000000000002,0.69999999999999996,0.31200000000000006,0.62250000000000016,0,constant,5,1,0,6,recursive,-3.4710828391834431e-09,1.1102230246251565e-16,4.2188474935755949e-15,1.2246678822858955e-16,0.00041420801426284015,0.0008038340019993484
2,2,1,10,2,0,0.40000000000000002,0.69999999999999996,0.31200000000000006,0.62250000000000016,0,constant,5,1,0,6,direct,5.8437816770269436e-10,1.1102230246251565e-16,4.2188474935755949e-15,1.2246678822858955e-16,0.00041420801426284015,0.0008038340019993484
2,2,1,10,2,0,0.40000000000000002,0.69999999999999996,0.31200000000000006,0.62250000000000016,0,constant,5,1,0,6,fe_geometry,5.8437816770325705e-10,1.1102230246251565e-16,4.2188474935755949e-15,1.2246678822858955e-16,0.00041420801426284015,0.0008038340019993484
2,2,1,10,2,0,0.40000000000000002,0.69999999999999996,0.31200000000000006,0.62250000000000016,0,constant,4,2,0,6,recursive,3.7178704193646763e-08,1.1102230246251565e-16,4.2188474935755949e-15,1.2246678822858955e-16,0.00041420801426284015,0.0008038340019993484
2,2,1,10,2,0,0.40000000000000002,0.69999999999999996,0.31200000000000006,0.62250000000000016,0,constant,4,2,0,6,direct,2.5776735363543327e-10,1.1102230246251565e-16,4.2188474935755949e-15,1.2246678822858955e-16,0.00041420801426284015,0.0008038340019993484
2,2,1,10,2,0,0.40000000000000002,0.69999999999999996,0.31200000000000006,0.62250000000000016,0,constant,4,2,0,6,fe_geometry,2.5776735363080126e-10,1.1102230246251565e-16,4.2188474935755949e-15,1.2246678822858955e-16,0.00041420801426284015,0.0008038340019993484
2,2,1,10,2,0,0.40000000000000002,0.69999999999999996,0.31200000000000006,0.62250000000000016,0,constant,3,3,0,6,recursive,1.18786321925806e-08,1.1102230246251565e-16,4.2188474935755949e-15,1.2246678822858955e-16,0.00041420801426284015,0.0008038340019993484
2,2,1,10,2,0,0.40000000000000002,0.69999999999999996,0.31200000000000006,0.62250000000000016,0,constant,3,3,0,6,direct,1.6023908804713033e-08,1.1102230246251565e-16,4.2188474935755949e-15,1.2246678822858955e-16,0.00041420801426284015,0.0008038340019993484
2,2,1,10,2,0,0.40000000000000002,0.69999999999999996,0.31200000000000006,0.62250000000000016,0,constant,3,3,0,6,fe_geometry,1.6023908804711494e-08,1.1102230246251565e-16,4.2188474935755949e-15,1.2246678822858955e-16,0.00041420801426284015,0.0008038340019993484
2,2,1,10,2,0,0.40000000000000002,0.69999999999999996,0.31200000000000006,0.62250000000000016,0,constant,2,4,0,6,recursive,-5.5675421305309988e-08,1.1102230246251565e-16,4.2188474935755949e-15,1.2246678822858955e-16,0.00041420801426284015,0.0008038340019993484
2,2,1,10,2,0,0.40000000000000002,0.69999999999999996,0.31200000000000006,0.62250000000000016,0,constant,2,4,0,6,direct,-5.6624384570642429e-09,1.1102230246251565e-16,4.2188474935755949e-15,1.2246678822858955e-16,0.00041420801426284015,0.0008038340019993484
2,2,1,10,2,0,0.40000000000000002,0.69999999999999996,0.31200000000000006,0.62250000000000016,0,constant,2,4,0,6,fe_geometry,-5.6624384570617001e-09,1.1102230246251565e-16,4.2188474935755949e-15,1.2246678822858955e-16,0.00041420801426284015,0.0008038340019993484
2,2,1,10,2,0,0.40000000000000002,0.69999999999999996,0.31200000000000006,0.62250000000000016,0,constant,1,5,0,6,recursive,9.1164609982206585e-10,1.1102230246251565e-16,4.2188474935755949e-15,1.2246678822858955e-16,0.00041420801426284015,0.0008038340019993484
2,2,1,10,2,0,0.40000000000000002,0.69999999999999996,0.31200000000000006,0.62250000000000016,0,constant,1,5,0,6,direct,-1.9527504484645638e-09,1.1102230246251565e-16,4.2188474935755949e-15,1.2246678822858955e-16,0.00041420801426284015,0.0008038340019993484
2,2,1,10,2,0,0.40000000000000002,0.69999999999999996,0.31200000000000006,0.62250000000000016,0,constant,1,5,0,6,fe_geometry,-1.9527504484637759e-09,1.1102230246251565e-16,4.2188474935755949e-15,1.2246678822858955e-16,0.00041420801426284015,0.0008038340019993484
2,2,1,10,2,0,0.40000000000000002,0.69999999999999996,0.31200000000000006,0.62250000000000016,0,constant,0,6,0,6,recursive,2.5362209597197052e-09,1.1102230246251565e-16,4.2188474935755949e-15,1.2246678822858955e-16,0.00041420801426284015,0.0008038340019993484
2,2,1,10,2,0,0.40000000000000002,0.69999999999999996,0.31200000000000006,0.62250000000000016,0,constant,0,6,0,6,direct,-5.3688442796656816e-10,1.1102230246251565e-16,4.2188474935755949e-15,1.2246678822858955e-16,0.00041420801426284015,0.0008038340019993484
2,2,1,10,2,0,0.40000000000000002,0.69999999999999996,0.31200000000000006,0.62250000000000016,0,constant,0,6,0,6,fe_geometry,-5.3688442796699385e-10,1.1102230246251565e-16,4.2188474935755949e-15,1.2246678822858955e-16,0.00041420801426284015,0.0008038340019993484
2,2,1,10,2,0,0.40000000000000002,0.69999999999999996,0.31200000000000006,0.62250000000000016,0,constant,7,0,0,7,recursive,1.347324450451092e-08,1.1102230246251565e-16,4.2188474935755949e-15,1.2246678822858955e-16,0.00041420801426284015,0.0008038340019993484
2,2,1,10,2,0,0.40000000000000002,0.69999999999999996,0.31200000000000006,0.62250000000000016,0,constant,7,0,0,7,direct,1.0065969322203614e-10,1.1102230246251565e-16,4.2188474935755949e-15,1.2246678822858955e-16,0.00041420801426284015,0.0008038340019993484
2,2,1,10,2,0,0.40000000000000002,0.69999999999999996,0.31200000000000006,0.62250000000000016,0,constant,7,0,0,7,fe_geometry,1.0065969322053146e-10,1.1102230246251565e-16,4.2188474935755949e-15,1.2246678822858955e-16,0.00041420801426284015,0.0008038340019993484
2,2,1,10,2,0,0.40000000000000002,0.69999999999999996,0.31200000000000006,0.62250000000000016,0,constant,6,1,0,7,recursive,-1.8822934383564651e-08,1.1102230246251565e-16,4.2188474935755949e-15,1.2246678822858955e-16,0.00041420801426284015,0.0008038340019993484
2,2,1,10,2,0,0.40000000000000002,0.69999999999999996,0.31200000000000006,0.62250000000000016,0,constant,6,1,0,7,direct,5.146536004509528e-10,1.1102230246251565e-16,4.2188474935755949e-15,1.2246678822858955e-16,0.00041420801426284015,0.0008038340019993484
2,2,1,10,2,0,0.40000000000000002,0.69999999999999996,0.31200000000000006,0.62250000000000016,0,constant,6,1,0,7,fe_geometry,5.1465360045229924e-10,1.1102230246251565e-16,4.2188474935755949e-15,1.2246678822858955e-16,0.00041420801426284015,0.0008038340019993484
2,2,1,10,2,0,0.40000000000000002,0.69999999999999996,0.31200000000000006,0.62250000000000016,0,constant,5,2,0,7,recursive,-8.2900740683119518e-08,1.1102230246251565e-16,4.2188474935755949e-15,1.2246678822858955e-16,0.00041420801426284015,0.0008038340019993484
2,2,1,10,2,0,0.40000000000000002,0.69999999999999996,0.31200000000000006,0.62250000000000016,0,constant,5,2,0,7,direct,-1.7989741930015705e-10,1.1102230246251565e-16,4.2188474935755949e-15,1.2246678822858955e-16,0.00041420801426284015,0.0008038340019993484
2,2,1,10,2,0,0.40000000000000002,0.69999999999999996,0.31200000000000006,0.62250000000000016,0,constant,5,2,0,7,fe_geometry,-1.7989741924029624e-10,1.1102230246251565e-16,4.2188474935755949e-15,1.2246678822858955e-16,0.00041420801426284015,0.0008038340019993484
2,2,1,10,2,0,0.40000000000000002,0.69999999999999996,0.31200000000000006,0.62250000000000016,0,constant,4,3,0,7,recursive,-1.2895824708577358e-07,1.1102230246251565e-16,4.2188474935755949e-15,1.2246678822858955e-16,0.00041420801426284015,0.0008038340019993484
2,2,1,10,2,0,0.40000000000000002,0.69999999999999996,0.31200000000000006,0.62250000000000016,0,constant,4,3,0,7,direct,-4.488019991516024e-08,1.1102230246251565e-16,4.2188474935755949e-15,1.2246678822858955e-16,0.00041420801426284015,0.0008038340019993484
2,2,1,10,2,0,0.40000000000000002,0.69999999999999996,0.31200000000000006,0.62250000000000016,0,constant,4,3,0,7,fe_geometry,-4.4880199915152087e-08,1.1102230246251565e-16,4.2188474935755949e-15,1.2246678822858955e-16,0.00041420801426284015,0.0008038340019993484
2,2,1,10,2,0,0.40000000000000002,0.69999999999999996,0.31200000000000006,0.62250000000000016,0,constant,3,4,0,7,recursive,7.3405409086919768e-07,1.1102230246251565e-16,4.2188474935755949e-15,1.2246678822858955e-16,0.00041420801426284015,0.0008038340019993484
2,2,1,10,2,0,0.40000000000000002,0.69999999999999996,0.31200000000000006,0.62250000000000016,0,constant,3,4,0,7,direct,5.0155429056160537e-08,1.1102230246251565e-16,4.2188474935755949e-15,1.2246678822858955e-16,0.00041420801426284015,0.0008038340019993484
2,2,1,10,2,0,0.40000000000000002,0.69999999999999996,0.31200000000000006,0.62250000000000016,0,constant,3,4,0,7,fe_geometry,5.0155429056077098e-08,1.1102230246251565e-16,4.2188474935755949e-15,1.2246678822858955e-16,0.00041420801426284015,0.0008038340019993484
2,2,1,10,2,0,0.40000000000000002,0.69999999999999996,0.31200000000000006,0.62250000000000016,0,constant,2,5,0,7,recursive,-5.5171106132886578e-08,1.1102230246251565e-16,4.2188474935755949e-15,1.2246678822858955e-16,0.00041420801426284015,0.0008038340019993484
2,2,1,10,2,0,0.40000000000000002,0.69999999999999996,0.31200000000000006,0.62250000000000016,0,constant,2,5,0,7,direct,1.1448536310623611e-07,1.1102230246251565e-16,4.2188474935755949e-15,1.2246678822858955e-16,0.00041420801426284015,0.0008038340019993484
2,2,1,10,2,0,0.40000000000000002,0.69999999999999996,0.31200000000000006,0.62250000000000016,0,constant,2,5,0,7,fe_geometry,1.1448536310622119e-07,1.1102230246251565e-16,4.2188474935755949e-15,1.2246678822858955e-16,0.00041420801426284015,0.0008038340019993484
2,2,1,10,2,0,0.40000000000000002,0.69999999999999996,0.31200000000000006,0.62250000000000016,0,constant,1,6,0,7,recursive,-1.0218662355171909e-07,1.1102230246251565e-16,4.2188474935755949e-15,1.2246678822858955e-16,0.00041420801426284015,0.0008038340019993484
2,2,1,10,2,0,0.40000000000000002,0.69999999999999996,0.31200000000000006,0.62250000000000016,0,constant,1,6,0,7,direct,-2.5376439238840745e-08,1.1102230246251565e-16,4.2188474935755949e-15,1.2246678822858955e-16,0.00041420801426284015,0.0008038340019993484
2,2,1,10,2,0,0.40000000000000002,0.69999999999999996,0.31200000000000006,0.62250000000000016,0,constant,1,6,0,7,fe_geometry,-2.5376439238806873e-08,1.1102230246251565e-16,4.2188474935755949e-15,1.2246678822858955e-16,0.00041420801426284015,0.0008038340019993484
2,2,1,10,2,0,0.40000000000000002,0.69999999999999996,0.31200000000000006,0.62250000000000016,0,constant,0,7,0,7,recursive,8.4544230106473715e-08,1.1102230246251565e-16,4.2188474935755949e-15,1.2246678822858955e-16,0.00041420801426284015,0.0008038340019993484
2,2,1,10,2,0,0.40000000000000002,0.69999999999999996,0.31200000000000006,0.62250000000000016,0,constant,0,7,0,7,direct,-6.0601348555733752e-09,1.1102230246251565e-16,4.2188474935755949e-15,1.2246678822858955e-16,0.00041420801426284015,0.0008038340019993484
2,2,1,10,2,0,0.40000000000000002,0.69999999999999996,0.31200000000000006,0.62250000000000016,0,constant,0,7,0,7,fe_geometry,-6.0601348555533442e-09,1.1102230246251565e-16,4.2188474935755949e-15,1.2246678822858955e-16,0.00041420801426284015,0.0008038340019993484
2,2,1,10,2,0,0.40000000000000002,0.69999999999999996,0.31200000000000006,0.62250000000000016,0,constant,8,0,0,8,recursive,1.1906180666514201e-08,1.1102230246251565e-16,4.2188474935755949e-15,1.2246678822858955e-16,0.00041420801426284015,0.0008038340019993484
2,2,1,10,2,0,0.40000000000000002,0.69999999999999996,0.31200000000000006,0.62250000000000016,0,constant,8,0,0,8,direct,3.0515981698809133e-09,1.1102230246251565e-16,4.2188474935755949e-15,1.2246678822858955e-16,0.00041420801426284015,0.0008038340019993484
2,2,1,10,2,0,0.40000000000000002,0.69999999999999996,0.31200000000000006,0.62250000000000016,0,constant,8,0,0,8,fe_geometry,3.0515981698545527e-09,1.1102230246251565e-16,4.2188474935755949e-15,1.2246678822858955e-16,0.00041420801426284015,0.0008038340019993484
2,2,1,10,2,0,0.40000000000000002,0.69999999999999996,0.31200000000000006,0.62250000000000016,0,constant,7,1,0,8,recursive,-6.8161758246185978e-08,1.1102230246251565e-16,4.2188474935755949e-15,1.2246678822858955e-16,0.00041420801426284015,0.0008038340019993484
2,2,1,10,2,0,0.40000000000000002,0.69999999999999996,0.31200000000000006,0.62250000000000016,0,constant,7,1,0,8,direct,-1.3714172192698313e-08,1.1102230246251565e-16,4.2188474935755949e-15,1.2246678822858955e-16,0.00041420801426284015,0.0008038340019993484
2,2,1,10,2,0,0.40000000000000002,0.69999999999999996,0.31200000000000006,0.62250000000000016,0,constant,7,1,0,8,fe_geometry,-1.3714172192716388e-08,1.1102230246251565e-16,4.2188474935755949e-15,1.2246678822858955e-16,0.00041420801426284015,0.0008038340019993484
2,2,1,10,2,0,0.40000000000000002,0.69999999999999996,0.31200000000000006,0.62250000000000016,0,constant,6,2,0,8,recursive,-4.6285011401153276e-07,1.1102230246251565e-16,4.2188474935755949e-15,1.2246678822858955e-16,0.00041420801426284015,0.0008038340019993484
2,2,1,10,2,0,0.40000000000000002,0.69999999999999996,0.31200000000000006,0.62250000000000016,0,constant,6,2,0,8,direct,-7.5874499614790375e-09,1.1102230246251565e-16,4.2188474935755949e-15,1.2246678822858955e-16,0.00041420801426284015,0.0008038340019993484
2,2,1,10,2,0,0.40000000000000002,0.69999999999999996,0.31200000000000006,0.62250000000000016,0,constant,6,2,0,8,fe_geometry,-7.5874499618755201e-09,1.1102230246251565e-16,4.2188474935755949e-15,1.2246678822858955e-16,0.00041420801426284015,0.0008038340019993484
2,2,1,10,2,0,0.40000000000000002,0.69999999999999996,0.31200000000000006,0.62250000000000016,0,constant,5,3,0,8,recursive,3.9115357042590165e-07,1.1102230246251565e-16,4.2188474935755949e-15,1.2246678822858955e-16,0.00041420801426284015,0.0008038340019993484
2,2,1,10,2,0,0.40000000000000002,0.69999999999999996,0.31200000000000006,0.62250000000000016,0,constant,5,3,0,8,direct,-1.1656797981579949e-07,1.1102230246251565e-16,4.2188474935755949e-15,1.2246678822858955e-16,0.00041420801426284015,0.0008038340019993484
2,2,1,10,2,0,0.40000000000000002,0.69999999999999996,0.31200000000000006,0.62250000000000016,0,constant,5,3,0,8,fe_geometry,-1.1656797981570111e-07,1.1102230246251565e-16,4.2188474935755949e-15,1.2246678822858955e-16,0.00041420801426284015,0.0008038340019993484
2,2,1,10,2,0,0.40000000000000002,0.69999999999999996,0.31200000000000006,0.62250000000000016,0,constant,4,4,0,8,recursive,-5.0209925017813605e-06,1.1102230246251565e-16,4.2188474935755949e-15,1.2246678822858955e-16,0.00041420801426284015,0.0008038340019993484
2,2,1,10,2,0,0.40000000000000002,0.69999999999999996,0.31200000000000006,0.62250000000000016,0,constant,4,4,0,8,direct,-1.7106359477408765e-07,1.1102230246251565e-16,4.2188474935755949e-15,1.2246678822858955e-16,0.00041420801426284015,0.0008038340019993484
2,2,1,10,2,0,0.40000000000000002,0.69999999999999996,0.31200000000000006,0.62250000000000016,0,constant,4,4,0,8,fe_geometry,-1.7106359477246889e-07,1.1102230246251565e-16,4.2188474935755949e-15,1.2246678822858955e-16,0.00041420801426284015,0.0008038340019993484
2,2,1,10,2,0,0.40000000000000002,0.69999999999999996,0.31200000000000006,0.62250000000000016,0,constant,3,5,0,8,recursive,9.8335010167164495e-07,1.1102230246251565e-16,4.2188474935755949e-15,1.2246678822858955e-16,0.00041420801426284015,0.0008038340019993484
2,2,1,10,2,0,0.40000000000000002,0.69999999999999996,0.31200000000000006,0.62250000000000016,0,constant,3,5,0,8,direct,-1.1734044741080026e-06,1.1102230246251565e-16,4.2188474935755949e-15,1.2246678822858955e-16,0.00041420801426284015,0.0008038340019993484
2,2,1,10,2,0,0.40000000000000002,0.69999999999999996,0.31200000000000006,0.62250000000000016,0,constant,3,5,0,8,fe_geometry,-1.1734044741081045e-06,1.1102230246251565e-16,4.2188474935755949e-15,1.2246678822858955e-16,0.00041420801426284015,0.0008038340019993484
2,2,1,10,2,0,0.40000000000000002,0.69999999999999996,0.31200000000000006,0.62250000000000016,0,constant,2,6,0,8,recursive,2.2506006584372957e-06,1.1102230246251565e-16,4.2188474935755949e-15,1.2246678822858955e-16,0.00041420801426284015,0.0008038340019993484
2,2,1,10,2,0,0.40000000000000002,0.69999999999999996,0.31200000000000006,0.62250000000000016,0,constant,2,6,0,8,direct,1.8989596376207635e-06,1.1102230246251565e-16,4.2188474935755949e-15,1.2246678822858955e-16,0.00041420801426284015,0.0008038340019993484
2,2,1,10,2,0,0.40000000000000002,0.69999999999999996,0.31200000000000006,0.62250000000000016,0,constant,2,6,0,8,fe_geometry,1.8989596376192933e-06,1.1102230246251565e-16,4.2188474935755949e-15,1.2246678822858955e-16,0.00041420801426284015,0.0008038340019993484
2,2,1,10,2,0,0.40000000000000002,0.69999999999999996,0.31200000000000006,0.62250000000000016,0,constant,1,7,0,8,recursive,-1.7660987592299741e-06,1.1102230246251565e-16,4.2188474935755949e-15,1.2246678822858955e-16,0.00041420801426284015,0.0008038340019993484
2,2,1,10,2,0,0.40000000000000002,0.69999999999999996,0.31200000000000006,0.62250000000000016,0,constant,1,7,0,8,direct,-3.2961339472399128e-07,1.1102230246251565e-16,4.2188474935755949e-15,1.2246678822858955e-16,0.00041420801426284015,0.0008038340019993484
2,2,1,10,2,0,0.40000000000000002,0.69999999999999996,0.31200000000000006,0.62250000000000016,0,constant,1,7,0,8,fe_geometry,-3.2961339472446291e-07,1.1102230246251565e-16,4.2188474935755949e-15,1.2246678822858955e-16,0.00041420801426284015,0.0008038340019993484
2,2,1,10,2,0,0.40000000000000002,0.69999999999999996,0.31200000000000006,0.62250000000000016,0,constant,0,8,0,8,recursive,1.292463596686916e-06,1.1102230246251565e-16,4.2188474935755949e-15,1.2246678822858955e-16,0.00041420801426284015,0.0008038340019993484
2,2,1,10,2,0,0.40000000000000002,0.69999999999999996,0.31200000000000006,0.62250000000000016,0,constant,0,8,0,8,direct,-7.9417148772967615e-08,1.1102230246251565e-16,4.2188474935755949e-15,1.2246678822858955e-16,0.00041420801426284015,0.0008038340019993484
2,2,1,10,2,0,0.40000000000000002,0.69999999999999996,0.31200000000000006,0.62250000000000016,0,constant,0,8,0,8,fe_geometry,-7.9417148772667448e-08,1.1102230246251565e-16,4.2188474935755949e-15,1.2246678822858955e-16,0.00041420801426284015,0.0008038340019993484
2,2,1,10,2,0,0.40000000000000002,0.69999999999999996,0.31200000000000006,0.62250000000000016,0,constant,9,0,0,9,recursive,-6.9027774984221232e-07,1.1102230246251565e-16,4.2188474935755949e-15,1.2246678822858955e-16,0.00041420801426284015,0.0008038340019993484
2,2,1,10,2,0,0.40000000000000002,0.69999999999999996,0.31200000000000006,0.62250000000000016,0,constant,9,0,0,9,direct,4.8828809339046062e-08,1.1102230246251565e-16,4.2188474935755949e-15,1.2246678822858955e-16,0.00041420801426284015,0.0008038340019993484
2,2,1,10,2,0,0.40000000000000002,0.69999999999999996,0.31200000000000006,0.62250000000000016,0,constant,9,0,0,9,fe_geometry,4.8828809338884808e-08,1.1102230246251565e-16,4.2188474935755949e-15,1.2246678822858955e-16,0.00041420801426284015,0.0008038340019993484
2,2,1,10,2,0,0.40000000000000002,0.69999999999999996,0.31200000000000006,0.62250000000000016,0,constant,8,1,0,9,recursive,-2.1738871682984727e-08,1.1102230246251565e-16,4.2188474935755949e-15,1.2246678822858955e-16,0.00041420801426284015,0.0008038340019993484
2,2,1,10,2,0,0.40000000000000002,0.69999999999999996,0.31200000000000006,0.62250000000000016,0,constant,8,1,0,9,direct,-2.423685958158875e-07,1.1102230246251565e-16,4.2188474935755949e-15,1.2246678822858955e-16,0.00041420801426284015,0.0008038340019993484
2,2,1,10,2,0,0.40000000000000002,0.69999999999999996,0.31200000000000006,0.62250000000000016,0,constant,8,1,0,9,fe_geometry,-2.4236859581602593e-07,1.1102230246251565e-16,4.2188474935755949e-15,1.2246678822858955e-16,0.00041420801426284015,0.0008038340019993484
2,2,1,10,2,0,0.40000000000000002,0.69999999999999996,0.31200000000000006,0.62250000000000016,0,constant,7,2,0,9,recursive,-1.6916250622039341e-06,1.1102230246251565e-16,4.2188474935755949e-15,1.2246678822858955e-16,0.00041420801426284015,0.0008038340019993484
2,2,1,10,2,0,0.40000000000000002,0.69999999999999996,0.31200000000000006,0.62250000000000016,0,constant,7,2,0,9,direct,-9.2463774505059966e-08,1.1102230246251565e-16,4.2188474935755949e-15,1.2246678822858955e-16,0.00041420801426284015,0.0008038340019993484
2,2,1,10,2,0,0.40000000000000002,0.69999999999999996,0.31200000000000006,0.62250000000000016,0,constant,7,2,0,9,fe_geometry,-9.2463774504755868e-08,1.1102230246251565e-16,4.2188474935755949e-15,1.2246678822858955e-16,0.00041420801426284015,0.0008038340019993484
2,2,1,10,2,0,0.40000000000000002,0.69999999999999996,0.31200000000000006,0.62250000000000016,0,constant,6,3,0,9,recursive,2.0625691696948489e-06,1.1102230246251565e-16,4.2188474935755949e-15,1.2246678822858955e-16,0.00041420801426284015,0.0008038340019993484
2,2,1,10,2,0,0.40000000000000002,0.69999999999999996,0.31200000000000006,0.62250000000000016,0,constant,6,3,0,9,direct,-1.5998489681354204e-07,1.1102230246251565e-16,4.2188474935755949e-15,1.2246678822858955e-16,0.00041420801426284015,0.0008038340019993484
2,2,1,10,2,0,0.40000000000000002,0.69999999999999996,0.31200000000000006,0.62250000000000016,0,constant,6,3,0,9,fe_geometry,-1.5998489681541014e-07,1.1102230246251565e-16,4.2188474935755949e-15,1.2246678822858955e-16,0.00041420801426284015,0.0008038340019993484
2,2,1,10,2,0,0.40000000000000002,0.69999999999999996,0.31200000000000006,0.62250000000000016,0,constant,5,4,0,9,recursive,1.0285458526674567e-05,1.1102230246251565e-16,4.2188474935755949e-15,1.2246678822858955e-16,0.00041420801426284015,0.0008038340019993484
2,2,1,10,2,0,0.40000000000000002,0.69999999999999996,0.31200000000000006,0.62250000000000016,0,constant,5,4,0,9,direct,-3.2581503488655733e-07,1.1102230246251565e-16,4.2188474935755949e-15,1.2246678822858955e-16,0.00041420801426284015,0.0008038340019993484
2,2,1,10,2,0,0.40000000000000002,0.69999999999999996,0.31200000000000006,0.62250000000000016,0,constant,5,4,0,9,fe_geometry,-3.2581503490599076e-07,1.1102230246251565e-16,4.2188474935755949e-15,1.2246678822858955e-16,0.00041420801426284015,0.0008038340019993484
2,2,1,10,2,0,0.40000000000000002,0.69999999999999996,0.31200000000000006,0.62250000000000016,0,constant,4,5,0,9,recursive,-8.6860711929435382e-06,1.1102230246251565e-16,4.2188474935755949e-15,1.2246678822858955e-16,0.00041420801426284015,0.0008038340019993484
2,2,1,10,2,0,0.40000000000000002,0.69999999999999996,0.31200000000000006,0.62250000000000016,0,constant,4,5,0,9,direct,3.7597981025381239e-06,1.1102230246251565e-16,4.2188474935755949e-15,1.2246678822858955e-16,0.00041420801426284015,0.0008038340019993484
2,2,1,10,2,0,0.40000000000000002,0.69999999999999996,0.31200000000000006,0.62250000000000016,0,constant,4,5,0,9,fe_geometry,3.7597981025477937e-06,1.1102230246251565e-16,4.2188474935755949e-15,1.2246678822858955e-16,0.00041420801426284015,0.0008038340019993484
2,2,1,10,2,0,0.40000000000000002,0.69999999999999996,0.31200000000000006,0.62250000000000016,0,constant,3,6,0,9,recursive,-2.5143574374450274e-05,1.1102230246251565e-16,4.2188474935755949e-15,1.2246678822858955e-16,0.00041420801426284015,0.0008038340019993484
2,2,1,10,2,0,0.40000000000000002,0.69999999999999996,0.31200000000000006,0.62250000000000016,0,constant,3,6,0,9,direct,-1.9190439480700906e-05,1.1102230246251565e-16,4.2188474935755949e-15,1.2246678822858955e-16,0.00041420801426284015,0.0008038340019993484
2,2,1,10,2,0,0.40000000000000002,0.69999999999999996,0.31200000000000006,0.62250000000000016,0,constant,3,6,0,9,fe_geometry,-1.9190439480664542e-05,1.1102230246251565e-16,4.2188474935755949e-15,1.2246678822858955e-16,0.00041420801426284015,0.0008038340019993484
2,2,1,10,2,0,0.40000000000000002,0.69999999999999996,0.31200000000000006,0.62250000000000016,0,constant,2,7,0,9,recursive,4.0698660943240929e-05,1.1102230246251565e-16,4.2188474935755949e-15,1.2246678822858955e-16,0.00041420801426284015,0.0008038340019993484
2,2,1,10,2,0,0.40000000000000002,0.69999999999999996,0.31200000000000006,0.62250000000000016,0,constant,2,7,0,9,direct,2.697606496936672e-05,1.1102230246251565e-16,4.2188474935755949e-15,1.2246678822858955e-16,0.00041420801426284015,0.0008038340019993484
2,2,1,10,2,0,0.40000000000000002,0.69999999999999996,0.31200000000000006,0.62250000000000016,0,constant,2,7,0,9,fe_geometry,2.6976064969367655e-05,1.1102230246251565e-16,4.2188474935755949e-15,1.2246678822858955e-16,0.00041420801426284015,0.0008038340019993484
2,2,1,10,2,0,0.40000000000000002,0.69999999999999996,0.31200000000000006,0.62250000000000016,0,constant,1,8,0,9,recursive,-2.4450500580613824e-05,1.1102230246251565e-16,4.2188474935755949e-15,1.2246678822858955e-16,0.00041420801426284015,0.0008038340019993484
2,2,1,10,2,0,0.40000000000000002,0.69999999999999996,0.31200000000000006,0.62250000000000016,0,constant,1,8,0,9,direct,-4.6942934566238382e-06,1.1102230246251565e-16,4.2188474935755949e-15,1.2246678822858955e-16,0.00041420801426284015,0.0008038340019993484
2,2,1,10,2,0,0.40000000000000002,0.69999999999999996,0.31200000000000006,0.62250000000000016,0,constant,1,8,0,9,fe_geometry,-4.6942934566371789e-06,1.1102230246251565e-16,4.2188474935755949e-15,1.2246678822858955e-16,0.00041420801426284015,0.0008038340019993484
2,2,1,10,2,0,0.40000000000000002,0.69999999999999996,0.31200000000000006,0.62250000000000016,0,constant,0,9,0,9,recursive,1.7397917141069663e-05,1.1102230246251565e-16,4.2188474935755949e-15,1.2246678822858955e-16,0.00041420801426284015,0.0008038340019993484
2,2,1,10,2,0,0.40000000000000002,0.69999999999999996,0.31200000000000006,0.62250000000000016,0,constant,0,9,0,9,direct,-1.1899457479448804e-06,1.1102230246251565e-16,4.2188474935755949e-15,1.2246678822858955e-16,0.00041420801426284015,0.0008038340019993484
2,2,1,10,2,0,0.40000000000000002,0.69999999999999996,0.31200000000000006,0.62250000000000016,0,constant,0,9,0,9,fe_geometry,-1.1899457479420758e-06,1.1102230246251565e-16,4.2188474935755949e-15,1.2246678822858955e-16,0.00041420801426284015,0.0008038340019993484
2,2,1,10,2,0,0.40000000000000002,0.69999999999999996,0.31200000000000006,0.62250000000000016,0,constant,10,0,0,10,recursive,-1.4373195172401428e-05,1.1102230246251565e-16,4.2188474935755949e-15,1.2246678822858955e-16,0.00041420801426284015,0.0008038340019993484
2,2,1,10,2,0,0.40000000000000002,0.69999999999999996,0.31200000000000006,0.62250000000000016,0,constant,10,0,0,10,direct,7.3446023749966208e-07,1.1102230246251565e-16,4.2188474935755949e-15,1.2246678822858955e-16,0.00041420801426284015,0.0008038340019993484
2,2,1,10,2,0,0.40000000000000002,0.69999999999999996,0.31200000000000006,0.62250000000000016,0,constant,10,0,0,10,fe_geometry,7.3446023749920796e-07,1.1102230246251565e-16,4.2188474935755949e-15,1.2246678822858955e-16,0.00041420801426284015,0.0008038340019993484
2,2,1,10,2,0,0.40000000000000002,0.69999999999999996,0.31200000000000006,0.62250000000000016,0,constant,9,1,0,10,recursive,4.2477250836556074e-06,1.1102230246251565e-16,4.2188474935755949e-15,1.2246678822858955e-16,0.00041420801426284015,0.0008038340019993484
2,2,1,10,2,0,0.40000000000000002,0.69999999999999996,0.31200000000000006,0.62250000000000016,0,constant,9,1,0,10,direct,-3.470316334388389e-06,1.1102230246251565e-16,4.2188474935755949e-15,1.2246678822858955e-16,0.00041420801426284015,0.0008038340019993484
2,2,1,10,2,0,0.40000000000000002,0.69999999999999996,0.31200000000000006,0.62250000000000016,0,constant,9,1,0,10,fe_geometry,-3.4703163343890247e-06,1.1102230246251565e-16,4.2188474935755949e-15,1.2246678822858955e-16,0.00041420801426284015,0.0008038340019993484
2,2,1,10,2,0,0.40000000000000002,0.69999999999999996,0.31200000000000006,0.62250000000000016,0,constant,8,2,0,10,recursive,-7.6893249523057517e-07,1.1102230246251565e-16,4.2188474935755949e-15,1.2246678822858955e-16,0.00041420801426284015,0.0008038340019993484
2,2,1,10,2,0,0.40000000000000002,0.69999999999999996,0.31200000000000006,0.62250000000000016,0,constant,8,2,0,10,direct,-1.0610283538824875e-06,1.1102230246251565e-16,4.2188474935755949e-15,1.2246678822858955e-16,0.00041420801426284015,0.0008038340019993484
2,2,1,10,2,0,0.40000000000000002,0.69999999999999996,0.31200000000000006,0.62250000000000016,0,constant,8,2,0,10,fe_geometry,-1.0610283538761932e-06,1.1102230246251565e-16,4.2188474935755949e-15,1.2246678822858955e-16,0.00041420801426284015,0.0008038340019993484
2,2,1,10,2,0,0.40000000000000002,0.69999999999999996,0.31200000000000006,0.62250000000000016,0,constant,7,3,0,10,recursive,7.0253498153644371e-06,1.1102230246251565e-16,4.2188474935755949e-15,1.2246678822858955e-16,0.00041420801426284015,0.0008038340019993484
2,2,1,10,2,0,0.40000000000000002,0.69999999999999996,0.31200000000000006,0.62250000000000016,0,constant,7,3,0,10,direct,1.9903700527767015e-06,1.1102230246251565e-16,4.2188474935755949e-15,1.2246678822858955e-16,0.00041420801426284015,0.0008038340019993484
2,2,1,10,2,0,0.40000000000000002,0.69999999999999996,0.31200000000000006,0.62250000000000016,0,constant,7,3,0,10,fe_geometry,1.99037005278274e-06,1.1102230246251565e-16,4.2188474935755949e-15,1.2246678822858955e-16,0.00041420801426284015,0.0008038340019993484
2,2,1,10,2,0,0.40000000000000002,0.69999999999999996,0.31200000000000006,0.62250000000000016,0,constant,6,4,0,10,recursive,5.7610038193322798e-05,1.1102230246251565e-16,4.2188474935755949e-15,1.2246678822858955e-16,0.00041420801426284015,0.0008038340019993484
2,2,1,10,2,0,0.40000000000000002,0.69999999999999996,0.31200000000000006,0.62250000000000016,0,constant,6,4,0,10,direct,5.6941590089127229e-07,1.1102230246251565e-16,4.2188474935755949e-15,1.2246678822858955e-16,0.00041420801426284015,0.0008038340019993484
2,2,1,10,2,0,0.40000000000000002,0.69999999999999996,0.31200000000000006,0.62250000000000016,0,constant,6,4,0,10,fe_geometry,5.6941590101262363e-07,1.1102230246251565e-16,4.2188474935755949e-15,1.2246678822858955e-16,0.00041420801426284015,0.0008038340019993484
2,2,1,10,2,0,0.40000000000000002,0.69999999999999996,0.31200000000000006,0.62250000000000016,0,constant,5,5,0,10,recursive,1.6444972436494237e-05,1.1102230246251565e-16,4.2188474935755949e-15,1.2246678822858955e-16,0.00041420801426284015,0.0008038340019993484
2,2,1,10,2,0,0.40000000000000002,0.69999999999999996,0.31200000000000006,0.62250000000000016,0,constant,5,5,0,10,direct,1.0171951428562357e-05,1.1102230246251565e-16,4.2188474935755949e-15,1.2246678822858955e-16,0.00041420801426284015,0.0008038340019993484
2,2,1,10,2,0,0.40000000000000002,0.69999999999999996,0.31200000000000006,0.62250000000000016,0,constant,5,5,0,10,fe_geometry,1.0171951428371414e-05,1.1102230246251565e-16,4.2188474935755949e-15,1.2246678822858955e-16,0.00041420801426284015,0.0008038340019993484
2,2,1,10,2,0,0.40000000000000002,0.69999999999999996,0.31200000000000006,0.62250000000000016,0,constant,4,6,0,10,recursive,0.00013729709576912525,1.1102230246251565e-16,4.2188474935755949e-15,1.2246678822858955e-16,0.00041420801426284015,0.0008038340019993484
2,2,1,10,2,0,0.40000000000000002,0.69999999999999996,0.31200000000000006,0.62250000000000016,0,constant,4,6,0,10,direct,6.2028445269478715e-05,1.1102230246251565e-16,4.2188474935755949e-15,1.2246678822858955e-16,0.00041420801426284015,0.0008038340019993484
2,2,1,10,2,0,0.40000000000000002,0.69999999999999996,0.31200000000000006,0.62250000000000016,0,constant,4,6,0,10,fe_geometry,6.2028445268877714e-05,1.1102230246251565e-16,4.2188474935755949e-15,1.2246678822858955e-16,0.00041420801426284015,0.0008038340019993484
2,2,1,10,2,0,0.40000000000000002,0.69999999999999996,0.31200000000000006,0.62250000000000016,0,constant,3,7,0,10,recursive,-0.00047348177672226711,1.1102230246251565e-16,4.2188474935755949e-15,1.2246678822858955e-16,0.00041420801426284015,0.0008038340019993484
2,2,1,10,2,0,0.40000000000000002,0.69999999999999996,0.31200000000000006,0.62250000000000016,0,constant,3,7,0,10,direct,-0.00027165417223348163,1.1102230246251565e-16,4.2188474935755949e-15,1.2246678822858955e-16,0.00041420801426284015,0.0008038340019993484
2,2,1,10,2,0,0.40000000000000002,0.69999999999999996,0.31200000000000006,0.62250000000000016,0,constant,3,7,0,10,fe_geometry,-0.00027165417223327639,1.1102230246251565e-16,4.2188474935755949e-15,1.2246678822858955e-16,0.00041420801426284015,0.0008038340019993484
2,2,1,10,2,0,0.40000000000000002,0.69999999999999996,0.31200000000000006,0.62250000000000016,0,constant,2,8,0,10,recursive,0.00056873688424960141,1.1102230246251565e-16,4.2188474935755949e-15,1.2246678822858955e-16,0.00041420801426284015,0.0008038340019993484
2,2,1,10,2,0,0.40000000000000002,0.69999999999999996,0.31200000000000006,0.62250000000000016,0,constant,2,8,0,10,direct,0.00040303798407082366,1.1102230246251565e-16,4.2188474935755949e-15,1.2246678822858955e-16,0.00041420801426284015,0.0008038340019993484
2,2,1,10,2,0,0.40000000000000002,0.69999999999999996,0.31200000000000006,0.62250000000000016,0,constant,2,8,0,10,fe_geometry,0.00040303798407116654,1.1102230246251565e-16,4.2188474935755949e-15,1.2246678822858955e-16,0.00041420801426284015,0.0008038340019993484
2,2,1,10,2,0,0.40000000000000002,0.69999999999999996,0.31200000000000006,0.62250000000000016,0,constant,1,9,0,10,recursive,-0.00032065868733481789,1.1102230246251565e-16,4.2188474935755949e-15,1.2246678822858955e-16,0.00041420801426284015,0.0008038340019993484
2,2,1,10,2,0,0.40000000000000002,0.69999999999999996,0.31200000000000006,0.62250000000000016,0,constant,1,9,0,10,direct,-7.434660362107471e-05,1.1102230246251565e-16,4.2188474935755949e-15,1.2246678822858955e-16,0.00041420801426284015,0.0008038340019993484
2,2,1,10,2,0,0.40000000000000002,0.69999999999999996,0.31200000000000006,0.62250000000000016,0,constant,1,9,0,10,fe_geometry,-7.4346603621213393e-05,1.1102230246251565e-16,4.2188474935755949e-15,1.2246678822858955e-16,0.00041420801426284015,0.0008038340019993484
2,2,1,10,2,0,0.40000000000000002,0.69999999999999996,0.31200000000000006,0.62250000000000016,0,constant,0,10,0,10,recursive,0.00022635275232214567,1.1102230246251565e-16,4.2188474935755949e-15,1.2246678822858955e-16,0.00041420801426284015,0.0008038340019993484
2,2,1,10,2,0,0.40000000000000002,0.69999999999999996,0.31200000000000006,0.62250000000000016,0,constant,0,10,0,10,direct,-2.0099666775762637e-05,1.1102230246251565e-16,4.2188474935755949e-15,1.2246678822858955e-16,0.00041420801426284015,0.0008038340019993484
2,2,1,10,2,0,0.40000000000000002,0.69999999999999996,0.31200000000000006,0.62250000000000016,0,constant,0,10,0,10,fe_geometry,-2.0099666775761325e-05,1.1102230246251565e-16,4.2188474935755949e-15,1.2246678822858955e-16,0.00041420801426284015,0.0008038340019993484
2,2,1,10,2,0,0.40000000000000002,0.69999999999999996,0.31200000000000006,0.62250000000000016,0,quintic,1,0,0,1,recursive,0.07525825056142689,6.9388939039072284e-18,4.2188474935755949e-15,1.2246678822858955e-16,0.00041420801426284015,0.0016935419989749789
2,2,1,10,2,0,0.40000000000000002,0.69999999999999996,0.31200000000000006,0.62250000000000016,0,quintic,1,0,0,1,direct,0.076056338028148512,6.9388939039072284e-18,4.2188474935755949e-15,1.2246678822858955e-16,0.00041420801426284015,0.0016935419989749789
2,2,1,10,2,0,0.40000000000000002,0.69999999999999996,0.31200000000000006,0.62250000000000016,0,quintic,1,0,0,1,fe_geometry,0.076056338028142823,6.9388939039072284e-18,4.2188474935755949e-15,1.2246678822858955e-16,0.00041420801426284015,0.0016935419989749789
2,2,1,10,2,0,0.40000000000000002,0.69999999999999996,0.31200000000000006,0.62250000000000016,0,quintic,0,1,0,1,recursive,0.35254804606702816,6.9388939039072284e-18,4.2188474935755949e-15,1.2246678822858955e-16,0.00041420801426284015,0.0016935419989749789
2,2,1,10,2,0,0.40000000000000002,0.69999999999999996,0.31200000000000006,0.62250000000000016,0,quintic,0,1,0,1,direct,0.35250000000000009,6.9388939039072284e-18,4.2188474935755949e-15,1.2246678822858955e-16,0.00041420801426284015,0.0016935419989749789
2,2,1,10,2,0,0.40000000000000002,0.69999999999999996,0.31200000000000006,0.62250000000000016,0,quintic,0,1,0,1,fe_geometry,0.3524999999999987,6.9388939039072284e-18,4.2188474935755949e-15,1.2246678822858955e-16,0.00041420801426284015,0.0016935419989749789
2,2,1,10,2,0,0.40000000000000002,0.69999999999999996,0.31200000000000006,0.62250000000000016,0,quintic,2,0,0,2,recursive,0.41292833320146216,6.9388939039072284e-18,4.2188474935755949e-15,1.2246678822858955e-16,0.00041420801426284015,0.0016935419989749789
2,2,1,10,2,0,0.40000000000000002,0.69999999999999996,0.31200000000000006,0.62250000000000016,0,quintic,2,0,0,2,direct,0.38012243267195006,6.9388939039072284e-18,4.2188474935755949e-15,1.2246678822858955e-16,0.00041420801426284015,0.0016935419989749789
2,2,1,10,2,0,0.40000000000000002,0.69999999999999996,0.31200000000000006,0.62250000000000016,0,quintic,2,0,0,2,fe_geometry,0.38012243267200718,6.9388939039072284e-18,4.2188474935755949e-15,1.2246678822858955e-16,0.00041420801426284015,0.0016935419989749789
2,2,1,10,2,0,0.40000000000000002,0.69999999999999996,0.31200000000000006,0.62250000000000016,0,quintic,1,1,0,2,recursive,0.28152280623366521,6.9388939039072284e-18,4.2188474935755949e-15,1.2246678822858955e-16,0.00041420801426284015,0.0016935419989749789
2,2,1,10,2,0,0.40000000000000002,0.69999999999999996,0.31200000000000006,0.62250000000000016,0,quintic,1,1,0,2,direct,0.28169014084491251,6.9388939039072284e-18,4.2188474935755949e-15,1.2246678822858955e-16,0.00041420801426284015,0.0016935419989749789
2,2,1,10,2,0,0.40000000000000002,0.69999999999999996,0.31200000000000006,0.62250000000000016,0,quintic,1,1,0,2,fe_geometry,0.28169014084485927,6.9388939039072284e-18,4.2188474935755949e-15,1.2246678822858955e-16,0.00041420801426284015,0.0016935419989749789
2,2,1,10,2,0,0.40000000000000002,0.69999999999999996,0.31200000000000006,0.62250000000000016,0,quintic,0,2,0,2,recursive,2.9310207239546942,6.9388939039072284e-18,4.2188474935755949e-15,1.2246678822858955e-16,0.00041420801426284015,0.0016935419989749789
2,2,1,10,2,0,0.40000000000000002,0.69999999999999996,0.31200000000000006,0.62250000000000016,0,quintic,0,2,0,2,direct,2.9254500000000605,6.9388939039072284e-18,4.2188474935755949e-15,1.2246678822858955e-16,0.00041420801426284015,0.0016935419989749789
2,2,1,10,2,0,0.40000000000000002,0.69999999999999996,0.31200000000000006,0.62250000000000016,0,quintic,0,2,0,2,fe_geometry,2.9254500000000436,6.9388939039072284e-18,4.2188474935755949e-15,1.2246678822858955e-16,0.00041420801426284015,0.0016935419989749789
2,2,1,10,2,0,0.40000000000000002,0.69999999999999996,0.31200000000000006,0.62250000000000016,0,quintic,3,0,0,3,recursive,0.98983498564237715,6.9388939039072284e-18,4.2188474935755949e-15,1.2246678822858955e-16,0.00041420801426284015,0.0016935419989749789
2,2,1,10,2,0,0.40000000000000002,0.69999999999999996,0.31200000000000006,0.62250000000000016,0,quintic,3,0,0,3,direct,1.6299618440242454,6.9388939039072284e-18,4.2188474935755949e-15,1.2246678822858955e-16,0.00041420801426284015,0.0016935419989749789
2,2,1,10,2,0,0.40000000000000002,0.69999999999999996,0.31200000000000006,0.62250000000000016,0,quintic,3,0,0,3,fe_geometry,1.6299618440241841,6.9388939039072284e-18,4.2188474935755949e-15,1.2246678822858955e-16,0.00041420801426284015,0.0016935419989749789
2,2,1,10,2,0,0.40000000000000002,0.69999999999999996,0.31200000000000006,0.62250000000000016,0,quintic,2,1,0,3,recursive,1.1939290668055806,6.9388939039072284e-18,4.2188474935755949e-15,1.2246678822858955e-16,0.00041420801426284015,0.0016935419989749789
2,2,1,10,2,0,0.40000000000000002,0.69999999999999996,0.31200000000000006,0.62250000000000016,0,quintic,2,1,0,3,direct,1.1874460410573031,6.9388939039072284e-18,4.2188474935755949e-15,1.2246678822858955e-16,0.00041420801426284015,0.0016935419989749789
2,2,1,10,2,0,0.40000000000000002,0.69999999999999996,0.31200000000000006,0.62250000000000016,0,quintic,2,1,0,3,fe_geometry,1.187446041057832,6.9388939039072284e-18,4.2188474935755949e-15,1.2246678822858955e-16,0.00041420801426284015,0.0016935419989749789
2,2,1,10,2,0,0.40000000000000002,0.69999999999999996,0.31200000000000006,0.62250000000000016,0,quintic,1,2,0,3,recursive,0.83911511260475913,6.9388939039072284e-18,4.2188474935755949e-15,1.2246678822858955e-16,0.00041420801426284015,0.0016935419989749789
2,2,1,10,2,0,0.40000000000000002,0.69999999999999996,0.31200000000000006,0.62250000000000016,0,quintic,1,2,0,3,direct,0.83943661971783501,6.9388939039072284e-18,4.2188474935755949e-15,1.2246678822858955e-16,0.00041420801426284015,0.0016935419989749789
2,2,1,10,2,0,0.40000000000000002,0.69999999999999996,0.31200000000000006,0.62250000000000016,0,quintic,1,2,0,3,fe_geometry,0.83943661971760108,6.9388939039072284e-18,4.2188474935755949e-15,1.2246678822858955e-16,0.00041420801426284015,0.0016935419989749789
2,2,1,10,2,0,0.40000000000000002,0.69999999999999996,0.31200000000000006,0.62250000000000016,0,quintic,0,3,0,3,recursive,23.653643025649245,6.9388939039072284e-18,4.2188474935755949e-15,1.2246678822858955e-16,0.00041420801426284015,0.0016935419989749789
2,2,1,10,2,0,0.40000000000000002,0.69999999999999996,0.31200000000000006,0.62250000000000016,0,quintic,0,3,0,3,direct,23.600822999999604,6.9388939039072284e-18,4.2188474935755949e-15,1.2246678822858955e-16,0.00041420801426284015,0.0016935419989749789
2,2,1,10,2,0,0.40000000000000002,0.69999999999999996,0.31200000000000006,0.62250000000000016,0,quintic,0,3,0,3,fe_geometry,23.600822999999409,6.9388939039072284e-18,4.2188474935755949e-15,1.2246678822858955e-16,0.00041420801426284015,0.0016935419989749789
2,2,1,10,2,0,0.40000000000000002,0.69999999999999996,0.31200000000000006,0.62250000000000016,0,quintic,4,0,0,4,recursive,17.400947690412938,6.9388939039072284e-18,4.2188474935755949e-15,1.2246678822858955e-16,0.00041420801426284015,0.0016935419989749789
2,2,1,10,2,0,0.40000000000000002,0.69999999999999996,0.31200000000000006,0.62250000000000016,0,quintic,4,0,0,4,direct,12.143230169216768,6.9388939039072284e-18,4.2188474935755949e-15,1.2246678822858955e-16,0.00041420801426284015,0.0016935419989749789
2,2,1,10,2,0,0.40000000000000002,0.69999999999999996,0.31200000000000006,0.62250000000000016,0,quintic,4,0,0,4,fe_geometry,12.143230169216912,6.9388939039072284e-18,4.2188474935755949e-15,1.2246678822858955e-16,0.00041420801426284015,0.0016935419989749789
2,2,1,10,2,0,0.40000000000000002,0.69999999999999996,0.31200000000000006,0.62250000000000016,0,quintic,3,1,0,4,recursive,2.3558651337380376,6.9388939039072284e-18,4.2188474935755949e-15,1.2246678822858955e-16,0.00041420801426284015,0.0016935419989749789
2,2,1,10,2,0,0.40000000000000002,0.69999999999999996,0.31200000000000006,0.62250000000000016,0,quintic,3,1,0,4,direct,2.4733551737720125,6.9388939039072284e-18,4.2188474935755949e-15,1.2246678822858955e-16,0.00041420801426284015,0.0016935419989749789
2,2,1,10,2,0,0.40000000000000002,0.69999999999999996,0.31200000000000006,0.62250000000000016,0,quintic,3,1,0,4,fe_geometry,2.4733551737706096,6.9388939039072284e-18,4.2188474935755949e-15,1.2246678822858955e-16,0.00041420801426284015,0.0016935419989749789
2,2,1,10,2,0,0.40000000000000002,0.69999999999999996,0.31200000000000006,0.62250000000000016,0,quintic,2,2,0,4,recursive,3.5586599066387294,6.9388939039072284e-18,4.2188474935755949e-15,1.2246678822858955e-16,0.00041420801426284015,0.0016935419989749789
2,2,1,10,2,0,0.40000000000000002,0.69999999999999996,0.31200000000000006,0.62250000000000016,0,quintic,2,2,0,4,direct,3.5385892023556194,6.9388939039072284e-18,4.2188474935755949e-15,1.2246678822858955e-16,0.00041420801426284015,0.0016935419989749789
2,2,1,10,2,0,0.40000000000000002,0.69999999999999996,0.31200000000000006,0.62250000000000016,0,quintic,2,2,0,4,fe_geometry,3.5385892023581422,6.9388939039072284e-18,4.2188474935755949e-15,1.2246678822858955e-16,0.00041420801426284015,0.0016935419989749789
2,2,1,10,2,0,0.40000000000000002,0.69999999999999996,0.31200000000000006,0.62250000000000016,0,quintic,1,3,0,4,recursive,2.4686270702153421,6.9388939039072284e-18,4.2188474935755949e-15,1.2246678822858955e-16,0.00041420801426284015,0.0016935419989749789
2,2,1,10,2,0,0.40000000000000002,0.69999999999999996,0.31200000000000006,0.62250000000000016,0,quintic,1,3,0,4,direct,2.4679436619950179,6.9388939039072284e-18,4.2188474935755949e-15,1.2246678822858955e-16,0.00041420801426284015,0.0016935419989749789
2,2,1,10,2,0,0.40000000000000002,0.69999999999999996,0.31200000000000006,0.62250000000000016,0,quintic,1,3,0,4,fe_geometry,2.4679436619980093,6.9388939039072284e-18,4.2188474935755949e-15,1.2246678822858955e-16,0.00041420801426284015,0.0016935419989749789
2,2,1,10,2,0,0.40000000000000002,0.69999999999999996,0.31200000000000006,0.62250000000000016,0,quintic,0,4,0,4,recursive,187.75468121666773,6.9388939039072284e-18,4.2188474935755949e-15,1.2246678822858955e-16,0.00041420801426284015,0.0016935419989749789
2,2,1,10,2,0,0.40000000000000002,0.69999999999999996,0.31200000000000006,0.62250000000000016,0,quintic,0,4,0,4,direct,190.34403269998739,6.9388939039072284e-18,4.2188474935755949e-15,1.2246678822858955e-16,0.00041420801426284015,0.0016935419989749789
2,2,1,10,2,0,0.40000000000000002,0.69999999999999996,0.31200000000000006,0.62250000000000016,0,quintic,0,4,0,4,fe_geometry,190.34403269998776,6.9388939039072284e-18,4.2188474935755949e-15,1.2246678822858955e-16,0.00041420801426284015,0.0016935419989749789
2,2,1,10,2,0,0.40000000000000002,0.69999999999999996,0.31200000000000006,0.62250000000000016,0,quintic,5,0,0,5,recursive,92.759698529963373,6.9388939039072284e-18,4.2188474935755949e-15,1.2246678822858955e-16,0.00041420801426284015,0.0016935419989749789
2,2,1,10,2,0,0.40000000000000002,0.69999999999999996,0.31200000000000006,0.62250000000000016,0,quintic,5,0,0,5,direct,93.309621671637387,6.9388939039072284e-18,4.2188474935755949e-15,1.2246678822858955e-16,0.00041420801426284015,0.0016935419989749789
2,2,1,10,2,0,0.40000000000000002,0.69999999999999996,0.31200000000000006,0.62250000000000016,0,quintic,5,0,0,5,fe_geometry,93.309621671635398,6.9388939039072284e-18,4.2188474935755949e-15,1.2246678822858955e-16,0.00041420801426284015,0.0016935419989749789
2,2,1,10,2,0,0.40000000000000002,0.69999999999999996,0.31200000000000006,0.62250000000000016,0,quintic,4,1,0,5,recursive,9.3710815264241631,6.9388939039072284e-18,4.2188474935755949e-15,1.2246678822858955e-16,0.00041420801426284015,0.0016935419989749789
2,2,1,10,2,0,0.40000000000000002,0.69999999999999996,0.31200000000000006,0.62250000000000016,0,quintic,4,1,0,5,direct,8.5863351600067919,6.9388939039072284e-18,4.2188474935755949e-15,1.2246678822858955e-16,0.00041420801426284015,0.0016935419989749789
2,2,1,10,2,0,0.40000000000000002,0.69999999999999996,0.31200000000000006,0.62250000000000016,0,quintic,4,1,0,5,fe_geometry,8.5863351600040509,6.9388939039072284e-18,4.2188474935755949e-15,1.2246678822858955e-16,0.00041420801426284015,0.0016935419989749789
2,2,1,10,2,0,0.40000000000000002,0.69999999999999996,0.31200000000000006,0.62250000000000016,0,quintic,3,2,0,5,recursive,7.0219605409452797,6.9388939039072284e-18,4.2188474935755949e-15,1.2246678822858955e-16,0.00041420801426284015,0.0016935419989749789
2,2,1,10,2,0,0.40000000000000002,0.69999999999999996,0.31200000000000006,0.62250000000000016,0,quintic,3,2,0,5,direct,7.3705984177989698,6.9388939039072284e-18,4.2188474935755949e-15,1.2246678822858955e-16,0.00041420801426284015,0.0016935419989749789
2,2,1,10,2,0,0.40000000000000002,0.69999999999999996,0.31200000000000006,0.62250000000000016,0,quintic,3,2,0,5,fe_geometry,7.370598417790684,6.9388939039072284e-18,4.2188474935755949e-15,1.2246678822858955e-16,0.00041420801426284015,0.0016935419989749789
2,2,1,10,2,0,0.40000000000000002,0.69999999999999996,0.31200000000000006,0.62250000000000016,0,quintic,2,3,0,5,recursive,10.46936713135598,6.9388939039072284e-18,4.2188474935755949e-15,1.2246678822858955e-16,0.00041420801426284015,0.0016935419989749789
2,2,1,10,2,0,0.40000000000000002,0.69999999999999996,0.31200000000000006,0.62250000000000016,0,quintic,2,3,0,5,direct,10.403452254407519,6.9388939039072284e-18,4.2188474935755949e-15,1.2246678822858955e-16,0.00041420801426284015,0.0016935419989749789
2,2,1,10,2,0,0.40000000000000002,0.69999999999999996,0.31200000000000006,0.62250000000000016,0,quintic,2,3,0,5,fe_geometry,10.403452254375749,6.9388939039072284e-18,4.2188474935755949e-15,1.2246678822858955e-16,0.00041420801426284015,0.0016935419989749789
2,2,1,10,2,0,0.40000000000000002,0.69999999999999996,0.31200000000000006,0.62250000000000016,0,quintic,1,4,0,5,recursive,12.008684769831921,6.9388939039072284e-18,4.2188474935755949e-15,1.2246678822858955e-16,0.00041420801426284015,0.0016935419989749789
2,2,1,10,2,0,0.40000000000000002,0.69999999999999996,0.31200000000000006,0.62250000000000016,0,quintic,1,4,0,5,direct,12.092923943946898,6.9388939039072284e-18,4.2188474935755949e-15,1.2246678822858955e-16,0.00041420801426284015,0.0016935419989749789
2,2,1,10,2,0,0.40000000000000002,0.69999999999999996,0.31200000000000006,0.62250000000000016,0,quintic,1,4,0,5,fe_geometry,12.092923944015329,6.9388939039072284e-18,4.2188474935755949e-15,1.2246678822858955e-16,0.00041420801426284015,0.0016935419989749789
2,2,1,10,2,0,0.40000000000000002,0.69999999999999996,0.31200000000000006,0.62250000000000016,0,quintic,0,5,0,5,recursive,1615.4144570631024,6.9388939039072284e-18,4.2188474935755949e-15,1.2246678822858955e-16,0.00041420801426284015,0.0016935419989749789
2,2,1,10,2,0,0.40000000000000002,0.69999999999999996,0.31200000000000006,0.62250000000000016,0,quintic,0,5,0,5,direct,1645.3780643220766,6.9388939039072284e-18,4.2188474935755949e-15,1.2246678822858955e-16,0.00041420801426284015,0.0016935419989749789
2,2,1,10,2,0,0.40000000000000002,0.69999999999999996,0.31200000000000006,0.62250000000000016,0,quintic,0,5,0,5,fe_geometry,1645.3780643221639,6.9388939039072284e-18,4.2188474935755949e-15,1.2246678822858955e-16,0.00041420801426284015,0.0016935419989749789
2,2,1,10,2,0,0.40000000000000002,0.69999999999999996,0.31200000000000006,0.62250000000000016,0,quintic,6,0,0,6,recursive,547.42066566841834,6.9388939039072284e-18,4.2188474935755949e-15,1.2246678822858955e-16,0.00041420801426284015,0.0016935419989749789
2,2,1,10,2,0,0.40000000000000002,0.69999999999999996,0.31200000000000006,0.62250000000000016,0,quintic,6,0,0,6,direct,716.54518572864424,6.9388939039072284e-18,4.2188474935755949e-15,1.2246678822858955e-16,0.00041420801426284015,0.0016935419989749789
2,2,1,10,2,0,0.40000000000000002,0.69999999999999996,0.31200000000000006,0.62250000000000016,0,quintic,6,0,0,6,fe_geometry,716.54518572864288,6.9388939039072284e-18,4.2188474935755949e-15,1.2246678822858955e-16,0.00041420801426284015,0.0016935419989749789
2,2,1,10,2,0,0.40000000000000002,0.69999999999999996,0.31200000000000006,0.62250000000000016,0,quintic,5,1,0,6,recursive,43.853206182290499,6.9388939039072284e-18,4.2188474935755949e-15,1.2246678822858955e-16,0.00041420801426284015,0.0016935419989749789
2,2,1,10,2,0,0.40000000000000002,0.69999999999999996,0.31200000000000006,0.62250000000000016,0,quintic,5,1,0,6,direct,41.730849319487554,6.9388939039072284e-18,4.2188474935755949e-15,1.2246678822858955e-16,0.00041420801426284015,0.0016935419989749789
2,2,1,10,2,0,0.40000000000000002,0.69999999999999996,0.31200000000000006,0.62250000000000016,0,quintic,5,1,0,6,fe_geometry,41.730849319460582,6.9388939039072284e-18,4.2188474935755949e-15,1.2246678822858955e-16,0.00041420801426284015,0.0016935419989749789
2,2,1,10,2,0,0.40000000000000002,0.69999999999999996,0.31200000000000006,0.62250000000000016,0,quintic,4,2,0,6,recursive,27.931719768068831,6.9388939039072284e-18,4.2188474935755949e-15,1.2246678822858955e-16,0.00041420801426284015,0.0016935419989749789
2,2,1,10,2,0,0.40000000000000002,0.69999999999999996,0.31200000000000006,0.62250000000000016,0,quintic,4,2,0,6,direct,25.587278776943524,6.9388939039072284e-18,4.2188474935755949e-15,1.2246678822858955e-16,0.00041420801426284015,0.0016935419989749789
2,2,1,10,2,0,0.40000000000000002,0.69999999999999996,0.31200000000000006,0.62250000000000016,0,quintic,4,2,0,6,fe_geometry,25.587278776925672,6.9388939039072284e-18,4.2188474935755949e-15,1.2246678822858955e-16,0.00041420801426284015,0.0016935419989749789
2,2,1,10,2,0,0.40000000000000002,0.69999999999999996,0.31200000000000006,0.62250000000000016,0,quintic,3,3,0,6,recursive,20.65819291965154,6.9388939039072284e-18,4.2188474935755949e-15,1.2246678822858955e-16,0.00041420801426284015,0.0016935419989749789
2,2,1,10,2,0,0.40000000000000002,0.69999999999999996,0.31200000000000006,0.62250000000000016,0,quintic,3,3,0,6,direct,21.669559352474064,6.9388939039072284e-18,4.2188474935755949e-15,1.2246678822858955e-16,0.00041420801426284015,0.0016935419989749789
2,2,1,10,2,0,0.40000000000000002,0.69999999999999996,0.31200000000000006,0.62250000000000016,0,quintic,3,3,0,6,fe_geometry,21.669559352582343,6.9388939039072284e-18,4.2188474935755949e-15,1.2246678822858955e-16,0.00041420801426284015,0.0016935419989749789
2,2,1,10,2,0,0.40000000000000002,0.69999999999999996,0.31200000000000006,0.62250000000000016,0,quintic,2,4,0,6,recursive,50.928441608616907,6.9388939039072284e-18,4.2188474935755949e-15,1.2246678822858955e-16,0.00041420801426284015,0.0016935419989749789
2,2,1,10,2,0,0.40000000000000002,0.69999999999999996,0.31200000000000006,0.62250000000000016,0,quintic,2,4,0,6,direct,50.976916043169751,6.9388939039072284e-18,4.2188474935755949e-15,1.2246678822858955e-16,0.00041420801426284015,0.0016935419989749789
2,2,1,10,2,0,0.40000000000000002,0.69999999999999996,0.31200000000000006,0.62250000000000016,0,quintic,2,4,0,6,fe_geometry,50.976916042379258,6.9388939039072284e-18,4.2188474935755949e-15,1.2246678822858955e-16,0.00041420801426284015,0.0016935419989749789
2,2,1,10,2,0,0.40000000000000002,0.69999999999999996,0.31200000000000006,0.62250000000000016,0,quintic,1,5,0,6,recursive,81.747803780366482,6.9388939039072284e-18,4.2188474935755949e-15,1.2246678822858955e-16,0.00041420801426284015,0.0016935419989749789
2,2,1,10,2,0,0.40000000000000002,0.69999999999999996,0.31200000000000006,0.62250000000000016,0,quintic,1,5,0,6,direct,82.957458251739737,6.9388939039072284e-18,4.2188474935755949e-15,1.2246678822858955e-16,0.00041420801426284015,0.0016935419989749789
2,2,1,10,2,0,0.40000000000000002,0.69999999999999996,0.31200000000000006,0.62250000000000016,0,quintic,1,5,0,6,fe_geometry,82.95745825205114,6.9388939039072284e-18,4.2188474935755949e-15,1.2246678822858955e-16,0.00041420801426284015,0.0016935419989749789
2,2,1,10,2,0,0.40000000000000002,0.69999999999999996,0.31200000000000006,0.62250000000000016,0,quintic,0,6,0,6,recursive,17444.438633269521,6.9388939039072284e-18,4.2188474935755949e-15,1.2246678822858955e-16,0.00041420801426284015,0.0016935419989749789
2,2,1,10,2,0,0.40000000000000002,0.69999999999999996,0.31200000000000006,0.62250000000000016,0,quintic,0,6,0,6,direct,16293.962727321712,6.9388939039072284e-18,4.2188474935755949e-15,1.2246678822858955e-16,0.00041420801426284015,0.0016935419989749789
2,2,1,10,2,0,0.40000000000000002,0.69999999999999996,0.31200000000000006,0.62250000000000016,0,quintic,0,6,0,6,fe_geometry,16293.962727324648,6.9388939039072284e-18,4.2188474935755949e-15,1.2246678822858955e-16,0.00041420801426284015,0.0016935419989749789
2,2,1,10,2,0,0.40000000000000002,0.69999999999999996,0.31200000000000006,0.62250000000000016,0,quintic,7,0,0,7,recursive,4369.7304947997936,6.9388939039072284e-18,4.2188474935755949e-15,1.2246678822858955e-16,0.00041420801426284015,0.0016935419989749789
2,2,1,10,2,0,0.40000000000000002,0.69999999999999996,0.31200000000000006,0.62250000000000016,0,quintic,7,0,0,7,direct,6151.2931579942278,6.9388939039072284e-18,4.2188474935755949e-15,1.2246678822858955e-16,0.00041420801426284015,0.0016935419989749789
2,2,1,10,2,0,0.40000000000000002,0.69999999999999996,0.31200000000000006,0.62250000000000016,0,quintic,7,0,0,7,fe_geometry,6151.2931579939386,6.9388939039072284e-18,4.2188474935755949e-15,1.2246678822858955e-16,0.00041420801426284015,0.0016935419989749789
2,2,1,10,2,0,0.40000000000000002,0.69999999999999996,0.31200000000000006,0.62250000000000016,0,quintic,6,1,0,7,recursive,230.30093307707045,6.9388939039072284e-18,4.2188474935755949e-15,1.2246678822858955e-16,0.00041420801426284015,0.0016935419989749789
2,2,1,10,2,0,0.40000000000000002,0.69999999999999996,0.31200000000000006,0.62250000000000016,0,quintic,6,1,0,7,direct,260.76606894671505,6.9388939039072284e-18,4.2188474935755949e-15,1.2246678822858955e-16,0.00041420801426284015,0.0016935419989749789
2,2,1,10,2,0,0.40000000000000002,0.69999999999999996,0.31200000000000006,0.62250000000000016,0,quintic,6,1,0,7,fe_geometry,260.76606894656788,6.9388939039072284e-18,4.2188474935755949e-15,1.2246678822858955e-16,0.00041420801426284015,0.0016935419989749789
2,2,1,10,2,0,0.40000000000000002,0.69999999999999996,0.31200000000000006,0.62250000000000016,0,quintic,5,2,0,7,recursive,130.71014932659614,6.9388939039072284e-18,4.2188474935755949e-15,1.2246678822858955e-16,0.00041420801426284015,0.0016935419989749789
2,2,1,10,2,0,0.40000000000000002,0.69999999999999996,0.31200000000000006,0.62250000000000016,0,quintic,5,2,0,7,direct,124.35793097238498,6.9388939039072284e-18,4.2188474935755949e-15,1.2246678822858955e-16,0.00041420801426284015,0.0016935419989749789
2,2,1,10,2,0,0.40000000000000002,0.69999999999999996,0.31200000000000006,0.62250000000000016,0,quintic,5,2,0,7,fe_geometry,124.35793097253907,6.9388939039072284e-18,4.2188474935755949e-15,1.2246678822858955e-16,0.00041420801426284015,0.0016935419989749789
2,2,1,10,2,0,0.40000000000000002,0.69999999999999996,0.31200000000000006,0.62250000000000016,0,quintic,4,3,0,7,recursive,82.17346879854091,6.9388939039072284e-18,4.2188474935755949e-15,1.2246678822858955e-16,0.00041420801426284015,0.0016935419989749789
2,2,1,10,2,0,0.40000000000000002,0.69999999999999996,0.31200000000000006,0.62250000000000016,0,quintic,4,3,0,7,direct,75.226599592521438,6.9388939039072284e-18,4.2188474935755949e-15,1.2246678822858955e-16,0.00041420801426284015,0.0016935419989749789
2,2,1,10,2,0,0.40000000000000002,0.69999999999999996,0.31200000000000006,0.62250000000000016,0,quintic,4,3,0,7,fe_geometry,75.226599592692224,6.9388939039072284e-18,4.2188474935755949e-15,1.2246678822858955e-16,0.00041420801426284015,0.0016935419989749789
2,2,1,10,2,0,0.40000000000000002,0.69999999999999996,0.31200000000000006,0.62250000000000016,0,quintic,3,4,0,7,recursive,100.49218455119043,6.9388939039072284e-18,4.2188474935755949e-15,1.2246678822858955e-16,0.00041420801426284015,0.0016935419989749789
2,2,1,10,2,0,0.40000000000000002,0.69999999999999996,0.31200000000000006,0.62250000000000016,0,quintic,3,4,0,7,direct,106.18084085545952,6.9388939039072284e-18,4.2188474935755949e-15,1.2246678822858955e-16,0.00041420801426284015,0.0016935419989749789
2,2,1,10,2,0,0.40000000000000002,0.69999999999999996,0.31200000000000006,0.62250000000000016,0,quintic,3,4,0,7,fe_geometry,106.18084085888511,6.9388939039072284e-18,4.2188474935755949e-15,1.2246678822858955e-16,0.00041420801426284015,0.0016935419989749789
2,2,1,10,2,0,0.40000000000000002,0.69999999999999996,0.31200000000000006,0.62250000000000016,0,quintic,2,5,0,7,recursive,346.68977755226081,6.9388939039072284e-18,4.2188474935755949e-15,1.2246678822858955e-16,0.00041420801426284015,0.0016935419989749789
2,2,1,10,2,0,0.40000000000000002,0.69999999999999996,0.31200000000000006,0.62250000000000016,0,quintic,2,5,0,7,direct,349.70164414105039,6.9388939039072284e-18,4.2188474935755949e-15,1.2246678822858955e-16,0.00041420801426284015,0.0016935419989749789
2,2,1,10,2,0,0.40000000000000002,0.69999999999999996,0.31200000000000006,0.62250000000000016,0,quintic,2,5,0,7,fe_geometry,349.70164413767833,6.9388939039072284e-18,4.2188474935755949e-15,1.2246678822858955e-16,0.00041420801426284015,0.0016935419989749789
2,2,1,10,2,0,0.40000000000000002,0.69999999999999996,0.31200000000000006,0.62250000000000016,0,quintic,1,6,0,7,recursive,764.92682833125377,6.9388939039072284e-18,4.2188474935755949e-15,1.2246678822858955e-16,0.00041420801426284015,0.0016935419989749789
2,2,1,10,2,0,0.40000000000000002,0.69999999999999996,0.31200000000000006,0.62250000000000016,0,quintic,1,6,0,7,direct,731.68478175788323,6.9388939039072284e-18,4.2188474935755949e-15,1.2246678822858955e-16,0.00041420801426284015,0.0016935419989749789
2,2,1,10,2,0,0.40000000000000002,0.69999999999999996,0.31200000000000006,0.62250000000000016,0,quintic,1,6,0,7,fe_geometry,731.68478174186077,6.9388939039072284e-18,4.2188474935755949e-15,1.2246678822858955e-16,0.00041420801426284015,0.0016935419989749789
2,2,1,10,2,0,0.40000000000000002,0.69999999999999996,0.31200000000000006,0.62250000000000016,0,quintic,0,7,0,7,recursive,210705.49066462816,6.9388939039072284e-18,4.2188474935755949e-15,1.2246678822858955e-16,0.00041420801426284015,0.0016935419989749789
2,2,1,10,2,0,0.40000000000000002,0.69999999999999996,0.31200000000000006,0.62250000000000016,0,quintic,0,7,0,7,direct,188217.31765253542,6.9388939039072284e-18,4.2188474935755949e-15,1.2246678822858955e-16,0.00041420801426284015,0.0016935419989749789
2,2,1,10,2,0,0.40000000000000002,0.69999999999999996,0.31200000000000006,0.62250000000000016,0,quintic,0,7,0,7,fe_geometry,188217.31765260943,6.9388939039072284e-18,4.2188474935755949e-15,1.2246678822858955e-16,0.00041420801426284015,0.0016935419989749789
2,2,1,10,2,0,0.40000000000000002,0.69999999999999996,0.31200000000000006,0.62250000000000016,0,quintic,8,0,0,8,recursive,48376.353201777245,6.9388939039072284e-18,4.2188474935755949e-15,1.2246678822858955e-16,0.00041420801426284015,0.0016935419989749789
2,2,1,10,2,0,0.40000000000000002,0.69999999999999996,0.31200000000000006,0.62250000000000016,0,quintic,8,0,0,8,direct,59867.310102938864,6.9388939039072284e-18,4.2188474935755949e-15,1.2246678822858955e-16,0.00041420801426284015,0.0016935419989749789
2,2,1,10,2,0,0.40000000000000002,0.69999999999999996,0.31200000000000006,0.62250000000000016,0,quintic,8,0,0,8,fe_geometry,59867.310102933821,6.9388939039072284e-18,4.2188474935755949e-15,1.2246678822858955e-16,0.00041420801426284015,0.0016935419989749789
2,2,1,10,2,0,0.40000000000000002,0.69999999999999996,0.31200000000000006,0.62250000000000016,0,quintic,7,1,0,8,recursive,1529.3324442703781,6.9388939039072284e-18,4.2188474935755949e-15,1.2246678822858955e-16,0.00041420801426284015,0.0016935419989749789
2,2,1,10,2,0,0.40000000000000002,0.69999999999999996,0.31200000000000006,0.62250000000000016,0,quintic,7,1,0,8,direct,1991.567874316406,6.9388939039072284e-18,4.2188474935755949e-15,1.2246678822858955e-16,0.00041420801426284015,0.0016935419989749789
2,2,1,10,2,0,0.40000000000000002,0.69999999999999996,0.31200000000000006,0.62250000000000016,0,quintic,7,1,0,8,fe_geometry,1991.567874315027,6.9388939039072284e-18,4.2188474935755949e-15,1.2246678822858955e-16,0.00041420801426284015,0.0016935419989749789
2,2,1,10,2,0,0.40000000000000002,0.69999999999999996,0.31200000000000006,0.62250000000000016,0,quintic,6,2,0,8,recursive,686.44169870576752,6.9388939039072284e-18,4.2188474935755949e-15,1.2246678822858955e-16,0.00041420801426284015,0.0016935419989749789
2,2,1,10,2,0,0.40000000000000002,0.69999999999999996,0.31200000000000006,0.62250000000000016,0,quintic,6,2,0,8,direct,777.08288546157723,6.9388939039072284e-18,4.2188474935755949e-15,1.2246678822858955e-16,0.00041420801426284015,0.0016935419989749789
2,2,1,10,2,0,0.40000000000000002,0.69999999999999996,0.31200000000000006,0.62250000000000016,0,quintic,6,2,0,8,fe_geometry,777.08288546276174,6.9388939039072284e-18,4.2188474935755949e-15,1.2246678822858955e-16,0.00041420801426284015,0.0016935419989749789
2,2,1,10,2,0,0.40000000000000002,0.69999999999999996,0.31200000000000006,0.62250000000000016,0,quintic,5,3,0,8,recursive,384.5415343115784,6.9388939039072284e-18,4.2188474935755949e-15,1.2246678822858955e-16,0.00041420801426284015,0.0016935419989749789
2,2,1,10,2,0,0.40000000000000002,0.69999999999999996,0.31200000000000006,0.62250000000000016,0,quintic,5,3,0,8,direct,365.61231702830003,6.9388939039072284e-18,4.2188474935755949e-15,1.2246678822858955e-16,0.00041420801426284015,0.0016935419989749789
2,2,1,10,2,0,0.40000000000000002,0.69999999999999996,0.31200000000000006,0.62250000000000016,0,quintic,5,3,0,8,fe_geometry,365.61231703102197,6.9388939039072284e-18,4.2188474935755949e-15,1.2246678822858955e-16,0.00041420801426284015,0.0016935419989749789
2,2,1,10,2,0,0.40000000000000002,0.69999999999999996,0.31200000000000006,0.62250000000000016,0,quintic,4,4,0,8,recursive,399.73444823388598,6.9388939039072284e-18,4.2188474935755949e-15,1.2246678822858955e-16,0.00041420801426284015,0.0016935419989749789
2,2,1,10,2,0,0.40000000000000002,0.69999999999999996,0.31200000000000006,0.62250000000000016,0,quintic,4,4,0,8,direct,368.61033791367078,6.9388939039072284e-18,4.2188474935755949e-15,1.2246678822858955e-16,0.00041420801426284015,0.0016935419989749789
2,2,1,10,2,0,0.40000000000000002,0.69999999999999996,0.31200000000000006,0.62250000000000016,0,quintic,4,4,0,8,fe_geometry,368.61033791823638,6.9388939039072284e-18,4.2188474935755949e-15,1.2246678822858955e-16,0.00041420801426284015,0.0016935419989749789
2,2,1,10,2,0,0.40000000000000002,0.69999999999999996,0.31200000000000006,0.62250000000000016,0,quintic,3,5,0,8,recursive,684.089517881039,6.9388939039072284e-18,4.2188474935755949e-15,1.2246678822858955e-16,0.00041420801426284015,0.0016935419989749789
2,2,1,10,2,0,0.40000000000000002,0.69999999999999996,0.31200000000000006,0.62250000000000016,0,quintic,3,5,0,8,direct,728.40056754396596,6.9388939039072284e-18,4.2188474935755949e-15,1.2246678822858955e-16,0.00041420801426284015,0.0016935419989749789
2,2,1,10,2,0,0.40000000000000002,0.69999999999999996,0.31200000000000006,0.62250000000000016,0,quintic,3,5,0,8,fe_geometry,728.40056756405215,6.9388939039072284e-18,4.2188474935755949e-15,1.2246678822858955e-16,0.00041420801426284015,0.0016935419989749789
2,2,1,10,2,0,0.40000000000000002,0.69999999999999996,0.31200000000000006,0.62250000000000016,0,quintic,2,6,0,8,recursive,3244.0298049868834,6.9388939039072284e-18,4.2188474935755949e-15,1.2246678822858955e-16,0.00041420801426284015,0.0016935419989749789
2,2,1,10,2,0,0.40000000000000002,0.69999999999999996,0.31200000000000006,0.62250000000000016,0,quintic,2,6,0,8,direct,3084.3685018331862,6.9388939039072284e-18,4.2188474935755949e-15,1.2246678822858955e-16,0.00041420801426284015,0.0016935419989749789
2,2,1,10,2,0,0.40000000000000002,0.69999999999999996,0.31200000000000006,0.62250000000000016,0,quintic,2,6,0,8,fe_geometry,3084.3685020478756,6.9388939039072284e-18,4.2188474935755949e-15,1.2246678822858955e-16,0.00041420801426284015,0.0016935419989749789
2,2,1,10,2,0,0.40000000000000002,0.69999999999999996,0.31200000000000006,0.62250000000000016,0,quintic,1,7,0,8,recursive,8689.5612423056991,6.9388939039072284e-18,4.2188474935755949e-15,1.2246678822858955e-16,0.00041420801426284015,0.0016935419989749789
2,2,1,10,2,0,0.40000000000000002,0.69999999999999996,0.31200000000000006,0.62250000000000016,0,quintic,1,7,0,8,direct,7887.5619471836799,6.9388939039072284e-18,4.2188474935755949e-15,1.2246678822858955e-16,0.00041420801426284015,0.0016935419989749789
2,2,1,10,2,0,0.40000000000000002,0.69999999999999996,0.31200000000000006,0.62250000000000016,0,quintic,1,7,0,8,fe_geometry,7887.5619465475847,6.9388939039072284e-18,4.2188474935755949e-15,1.2246678822858955e-16,0.00041420801426284015,0.0016935419989749789
2,2,1,10,2,0,0.40000000000000002,0.69999999999999996,0.31200000000000006,0.62250000000000016,0,quintic,0,8,0,8,recursive,2650512.7964518759,6.9388939039072284e-18,4.2188474935755949e-15,1.2246678822858955e-16,0.00041420801426284015,0.0016935419989749789
2,2,1,10,2,0,0.40000000000000002,0.69999999999999996,0.31200000000000006,0.62250000000000016,0,quintic,0,8,0,8,direct,2510436.055660008,6.9388939039072284e-18,4.2188474935755949e-15,1.2246678822858955e-16,0.00041420801426284015,0.0016935419989749789
2,2,1,10,2,0,0.40000000000000002,0.69999999999999996,0.31200000000000006,0.62250000000000016,0,quintic,0,8,0,8,fe_geometry,2510436.0556617035,6.9388939039072284e-18,4.2188474935755949e-15,1.2246678822858955e-16,0.00041420801426284015,0.0016935419989749789
2,2,1,10,2,0,0.40000000000000002,0.69999999999999996,0.31200000000000006,0.62250000000000016,0,quintic,9,0,0,9,recursive,651361.54266571894,6.9388939039072284e-18,4.2188474935755949e-15,1.2246678822858955e-16,0.00041420801426284015,0.0016935419989749789
2,2,1,10,2,0,0.40000000000000002,0.69999999999999996,0.31200000000000006,0.62250000000000016,0,quintic,9,0,0,9,direct,657191.8917716227,6.9388939039072284e-18,4.2188474935755949e-15,1.2246678822858955e-16,0.00041420801426284015,0.0016935419989749789
2,2,1,10,2,0,0.40000000000000002,0.69999999999999996,0.31200000000000006,0.62250000000000016,0,quintic,9,0,0,9,fe_geometry,657191.89177155436,6.9388939039072284e-18,4.2188474935755949e-15,1.2246678822858955e-16,0.00041420801426284015,0.0016935419989749789
2,2,1,10,2,0,0.40000000000000002,0.69999999999999996,0.31200000000000006,0.62250000000000016,0,quintic,8,1,0,9,recursive,14292.414566341809,6.9388939039072284e-18,4.2188474935755949e-15,1.2246678822858955e-16,0.00041420801426284015,0.0016935419989749789
2,2,1,10,2,0,0.40000000000000002,0.69999999999999996,0.31200000000000006,0.62250000000000016,0,quintic,8,1,0,9,direct,17975.865558671932,6.9388939039072284e-18,4.2188474935755949e-15,1.2246678822858955e-16,0.00041420801426284015,0.0016935419989749789
2,2,1,10,2,0,0.40000000000000002,0.69999999999999996,0.31200000000000006,0.62250000000000016,0,quintic,8,1,0,9,fe_geometry,17975.865558663081,6.9388939039072284e-18,4.2188474935755949e-15,1.2246678822858955e-16,0.00041420801426284015,0.0016935419989749789
2,2,1,10,2,0,0.40000000000000002,0.69999999999999996,0.31200000000000006,0.62250000000000016,0,quintic,7,2,0,9,recursive,4558.3730240414843,6.9388939039072284e-18,4.2188474935755949e-15,1.2246678822858955e-16,0.00041420801426284015,0.0016935419989749789
2,2,1,10,2,0,0.40000000000000002,0.69999999999999996,0.31200000000000006,0.62250000000000016,0,quintic,7,2,0,9,direct,5934.87226545677,6.9388939039072284e-18,4.2188474935755949e-15,1.2246678822858955e-16,0.00041420801426284015,0.0016935419989749789
2,2,1,10,2,0,0.40000000000000002,0.69999999999999996,0.31200000000000006,0.62250000000000016,0,quintic,7,2,0,9,fe_geometry,5934.8722654696439,6.9388939039072284e-18,4.2188474935755949e-15,1.2246678822858955e-16,0.00041420801426284015,0.0016935419989749789
2,2,1,10,2,0,0.40000000000000002,0.69999999999999996,0.31200000000000006,0.62250000000000016,0,quintic,6,3,0,9,recursive,2019.4709099537777,6.9388939039072284e-18,4.2188474935755949e-15,1.2246678822858955e-16,0.00041420801426284015,0.0016935419989749789
2,2,1,10,2,0,0.40000000000000002,0.69999999999999996,0.31200000000000006,0.62250000000000016,0,quintic,6,3,0,9,direct,2284.623683213722,6.9388939039072284e-18,4.2188474935755949e-15,1.2246678822858955e-16,0.00041420801426284015,0.0016935419989749789
2,2,1,10,2,0,0.40000000000000002,0.69999999999999996,0.31200000000000006,0.62250000000000016,0,quintic,6,3,0,9,fe_geometry,2284.6236832261484,6.9388939039072284e-18,4.2188474935755949e-15,1.2246678822858955e-16,0.00041420801426284015,0.0016935419989749789
2,2,1,10,2,0,0.40000000000000002,0.69999999999999996,0.31200000000000006,0.62250000000000016,0,quintic,5,4,0,9,recursive,1870.6098333761345,6.9388939039072284e-18,4.2188474935755949e-15,1.2246678822858955e-16,0.00041420801426284015,0.0016935419989749789
2,2,1,10,2,0,0.40000000000000002,0.69999999999999996,0.31200000000000006,0.62250000000000016,0,quintic,5,4,0,9,direct,1791.5003532070098,6.9388939039072284e-18,4.2188474935755949e-15,1.2246678822858955e-16,0.00041420801426284015,0.0016935419989749789
2,2,1,10,2,0,0.40000000000000002,0.69999999999999996,0.31200000000000006,0.62250000000000016,0,quintic,5,4,0,9,fe_geometry,1791.5003532052767,6.9388939039072284e-18,4.2188474935755949e-15,1.2246678822858955e-16,0.00041420801426284015,0.0016935419989749789
2,2,1,10,2,0,0.40000000000000002,0.69999999999999996,0.31200000000000006,0.62250000000000016,0,quintic,4,5,0,9,recursive,2721.1484009807141,6.9388939039072284e-18,4.2188474935755949e-15,1.2246678822858955e-16,0.00041420801426284015,0.0016935419989749789
2,2,1,10,2,0,0.40000000000000002,0.69999999999999996,0.31200000000000006,0.62250000000000016,0,quintic,4,5,0,9,direct,2528.6669203175584,6.9388939039072284e-18,4.2188474935755949e-15,1.2246678822858955e-16,0.00041420801426284015,0.0016935419989749789
2,2,1,10,2,0,0.40000000000000002,0.69999999999999996,0.31200000000000006,0.62250000000000016,0,quintic,4,5,0,9,fe_geometry,2528.6669203130923,6.9388939039072284e-18,4.2188474935755949e-15,1.2246678822858955e-16,0.00041420801426284015,0.0016935419989749789
2,2,1,10,2,0,0.40000000000000002,0.69999999999999996,0.31200000000000006,0.62250000000000016,0,quintic,3,6,0,9,recursive,6401.1312871488499,6.9388939039072284e-18,4.2188474935755949e-15,1.2246678822858955e-16,0.00041420801426284015,0.0016935419989749789
2,2,1,10,2,0,0.40000000000000002,0.69999999999999996,0.31200000000000006,0.62250000000000016,0,quintic,3,6,0,9,direct,6424.4930013961593,6.9388939039072284e-18,4.2188474935755949e-15,1.2246678822858955e-16,0.00041420801426284015,0.0016935419989749789
2,2,1,10,2,0,0.40000000000000002,0.69999999999999996,0.31200000000000006,0.62250000000000016,0,quintic,3,6,0,9,fe_geometry,6424.49300044129,6.9388939039072284e-18,4.2188474935755949e-15,1.2246678822858955e-16,0.00041420801426284015,0.0016935419989749789
2,2,1,10,2,0,0.40000000000000002,0.69999999999999996,0.31200000000000006,0.62250000000000016,0,quintic,2,7,0,9,recursive,36852.146660431201,6.9388939039072284e-18,4.2188474935755949e-15,1.2246678822858955e-16,0.00041420801426284015,0.0016935419989749789
2,2,1,10,2,0,0.40000000000000002,0.69999999999999996,0.31200000000000006,0.62250000000000016,0,quintic,2,7,0,9,direct,33249.492453527964,6.9388939039072284e-18,4.2188474935755949e-15,1.2246678822858955e-16,0.00041420801426284015,0.0016935419989749789
2,2,1,10,2,0,0.40000000000000002,0.69999999999999996,0.31200000000000006,0.62250000000000016,0,quintic,2,7,0,9,fe_geometry,33249.492461949107,6.9388939039072284e-18,4.2188474935755949e-15,1.2246678822858955e-16,0.00041420801426284015,0.0016935419989749789
2,2,1,10,2,0,0.40000000000000002,0.69999999999999996,0.31200000000000006,0.62250000000000016,0,quintic,1,8,0,9,recursive,107002.35998931364,6.9388939039072284e-18,4.2188474935755949e-15,1.2246678822858955e-16,0.00041420801426284015,0.0016935419989749789
2,2,1,10,2,0,0.40000000000000002,0.69999999999999996,0.31200000000000006,0.62250000000000016,0,quintic,1,8,0,9,direct,100487.53920559351,6.9388939039072284e-18,4.2188474935755949e-15,1.2246678822858955e-16,0.00041420801426284015,0.0016935419989749789
2,2,1,10,2,0,0.40000000000000002,0.69999999999999996,0.31200000000000006,0.62250000000000016,0,quintic,1,8,0,9,fe_geometry,100487.53918860054,6.9388939039072284e-18,4.2188474935755949e-15,1.2246678822858955e-16,0.00041420801426284015,0.0016935419989749789
2,2,1,10,2,0,0.40000000000000002,0.69999999999999996,0.31200000000000006,0.62250000000000016,0,quintic,0,9,0,9,recursive,33784318.22286281,6.9388939039072284e-18,4.2188474935755949e-15,1.2246678822858955e-16,0.00041420801426284015,0.0016935419989749789
2,2,1,10,2,0,0.40000000000000002,0.69999999999999996,0.31200000000000006,0.62250000000000016,0,quintic,0,9,0,9,direct,38128293.139123246,6.9388939039072284e-18,4.2188474935755949e-15,1.2246678822858955e-16,0.00041420801426284015,0.0016935419989749789
2,2,1,10,2,0,0.40000000000000002,0.69999999999999996,0.31200000000000006,0.62250000000000016,0,quintic,0,9,0,9,fe_geometry,38128293.139161564,6.9388939039072284e-18,4.2188474935755949e-15,1.2246678822858955e-16,0.00041420801426284015,0.0016935419989749789
2,2,1,10,2,0,0.40000000000000002,0.69999999999999996,0.31200000000000006,0.62250000000000016,0,quintic,10,0,0,10,recursive,9485550.2195537835,6.9388939039072284e-18,4.2188474935755949e-15,1.2246678822858955e-16,0.00041420801426284015,0.0016935419989749789
2,2,1,10,2,0,0.40000000000000002,0.69999999999999996,0.31200000000000006,0.62250000000000016,0,quintic,10,0,0,10,direct,8064301.1362981573,6.9388939039072284e-18,4.2188474935755949e-15,1.2246678822858955e-16,0.00041420801426284015,0.0016935419989749789
2,2,1,10,2,0,0.40000000000000002,0.69999999999999996,0.31200000000000006,0.62250000000000016,0,quintic,10,0,0,10,fe_geometry,8064301.1362972781,6.9388939039072284e-18,4.2188474935755949e-15,1.2246678822858955e-16,0.00041420801426284015,0.0016935419989749789
2,2,1,10,2,0,0.40000000000000002,0.69999999999999996,0.31200000000000006,0.62250000000000016,0,quintic,9,1,0,10,recursive,176146.87701701539,6.9388939039072284e-18,4.2188474935755949e-15,1.2246678822858955e-16,0.00041420801426284015,0.0016935419989749789
2,2,1,10,2,0,0.40000000000000002,0.69999999999999996,0.31200000000000006,0.62250000000000016,0,quintic,9,1,0,10,direct,187211.45443944246,6.9388939039072284e-18,4.2188474935755949e-15,1.2246678822858955e-16,0.00041420801426284015,0.0016935419989749789
2,2,1,10,2,0,0.40000000000000002,0.69999999999999996,0.31200000000000006,0.62250000000000016,0,quintic,9,1,0,10,fe_geometry,187211.45443945893,6.9388939039072284e-18,4.2188474935755949e-15,1.2246678822858955e-16,0.00041420801426284015,0.0016935419989749789
2,2,1,10,2,0,0.40000000000000002,0.69999999999999996,0.31200000000000006,0.62250000000000016,0,quintic,8,2,0,10,recursive,42600.388983489116,6.9388939039072284e-18,4.2188474935755949e-15,1.2246678822858955e-16,0.00041420801426284015,0.0016935419989749789
2,2,1,10,2,0,0.40000000000000002,0.69999999999999996,0.31200000000000006,0.62250000000000016,0,quintic,8,2,0,10,direct,53568.079364727142,6.9388939039072284e-18,4.2188474935755949e-15,1.2246678822858955e-16,0.00041420801426284015,0.0016935419989749789
2,2,1,10,2,0,0.40000000000000002,0.69999999999999996,0.31200000000000006,0.62250000000000016,0,quintic,8,2,0,10,fe_geometry,53568.079364829886,6.9388939039072284e-18,4.2188474935755949e-15,1.2246678822858955e-16,0.00041420801426284015,0.0016935419989749789
2,2,1,10,2,0,0.40000000000000002,0.69999999999999996,0.31200000000000006,0.62250000000000016,0,quintic,7,3,0,10,recursive,13410.464042641854,6.9388939039072284e-18,4.2188474935755949e-15,1.2246678822858955e-16,0.00041420801426284015,0.0016935419989749789
2,2,1,10,2,0,0.40000000000000002,0.69999999999999996,0.31200000000000006,0.62250000000000016,0,quintic,7,3,0,10,direct,17448.524460944856,6.9388939039072284e-18,4.2188474935755949e-15,1.2246678822858955e-16,0.00041420801426284015,0.0016935419989749789
2,2,1,10,2,0,0.40000000000000002,0.69999999999999996,0.31200000000000006,0.62250000000000016,0,quintic,7,3,0,10,fe_geometry,17448.524461118235,6.9388939039072284e-18,4.2188474935755949e-15,1.2246678822858955e-16,0.00041420801426284015,0.0016935419989749789
2,2,1,10,2,0,0.40000000000000002,0.69999999999999996,0.31200000000000006,0.62250000000000016,0,quintic,6,4,0,10,recursive,9823.7558852677757,6.9388939039072284e-18,4.2188474935755949e-15,1.2246678822858955e-16,0.00041420801426284015,0.0016935419989749789
2,2,1,10,2,0,0.40000000000000002,0.69999999999999996,0.31200000000000006,0.62250000000000016,0,quintic,6,4,0,10,direct,11194.656047422353,6.9388939039072284e-18,4.2188474935755949e-15,1.2246678822858955e-16,0.00041420801426284015,0.0016935419989749789
2,2,1,10,2,0,0.40000000000000002,0.69999999999999996,0.31200000000000006,0.62250000000000016,0,quintic,6,4,0,10,fe_geometry,11194.656047208442,6.9388939039072284e-18,4.2188474935755949e-15,1.2246678822858955e-16,0.00041420801426284015,0.0016935419989749789
2,2,1,10,2,0,0.40000000000000002,0.69999999999999996,0.31200000000000006,0.62250000000000016,0,quintic,5,5,0,10,recursive,12733.971189227297,6.9388939039072284e-18,4.2188474935755949e-15,1.2246678822858955e-16,0.00041420801426284015,0.0016935419989749789
2,2,1,10,2,0,0.40000000000000002,0.69999999999999996,0.31200000000000006,0.62250000000000016,0,quintic,5,5,0,10,direct,12289.692428802287,6.9388939039072284e-18,4.2188474935755949e-15,1.2246678822858955e-16,0.00041420801426284015,0.0016935419989749789
2,2,1,10,2,0,0.40000000000000002,0.69999999999999996,0.31200000000000006,0.62250000000000016,0,quintic,5,5,0,10,fe_geometry,12289.692428086653,6.9388939039072284e-18,4.2188474935755949e-15,1.2246678822858955e-16,0.00041420801426284015,0.0016935419989749789
2,2,1,10,2,0,0.40000000000000002,0.69999999999999996,0.31200000000000006,0.62250000000000016,0,quintic,4,6,0,10,recursive,25462.206001110502,6.9388939039072284e-18,4.2188474935755949e-15,1.2246678822858955e-16,0.00041420801426284015,0.0016935419989749789
2,2,1,10,2,0,0.40000000000000002,0.69999999999999996,0.31200000000000006,0.62250000000000016,0,quintic,4,6,0,10,direct,22302.842250570353,6.9388939039072284e-18,4.2188474935755949e-15,1.2246678822858955e-16,0.00041420801426284015,0.0016935419989749789
2,2,1,10,2,0,0.40000000000000002,0.69999999999999996,0.31200000000000006,0.62250000000000016,0,quintic,4,6,0,10,fe_geometry,22302.842249451111,6.9388939039072284e-18,4.2188474935755949e-15,1.2246678822858955e-16,0.00041420801426284015,0.0016935419989749789
2,2,1,10,2,0,0.40000000000000002,0.69999999999999996,0.31200000000000006,0.62250000000000016,0,quintic,3,7,0,10,recursive,72716.788375726523,6.9388939039072284e-18,4.2188474935755949e-15,1.2246678822858955e-16,0.00041420801426284015,0.0016935419989749789
2,2,1,10,2,0,0.40000000000000002,0.69999999999999996,0.31200000000000006,0.62250000000000016,0,quintic,3,7,0,10,direct,69256.034522939663,6.9388939039072284e-18,4.2188474935755949e-15,1.2246678822858955e-16,0.00041420801426284015,0.0016935419989749789
2,2,1,10,2,0,0.40000000000000002,0.69999999999999996,0.31200000000000006,0.62250000000000016,0,quintic,3,7,0,10,fe_geometry,69256.034482825416,6.9388939039072284e-18,4.2188474935755949e-15,1.2246678822858955e-16,0.00041420801426284015,0.0016935419989749789
2,2,1,10,2,0,0.40000000000000002,0.69999999999999996,0.31200000000000006,0.62250000000000016,0,quintic,2,8,0,10,recursive,453793.52919837076,6.9388939039072284e-18,4.2188474935755949e-15,1.2246678822858955e-16,0.00041420801426284015,0.0016935419989749789
2,2,1,10,2,0,0.40000000000000002,0.69999999999999996,0.31200000000000006,0.62250000000000016,0,quintic,2,8,0,10,direct,423598.53389250528,6.9388939039072284e-18,4.2188474935755949e-15,1.2246678822858955e-16,0.00041420801426284015,0.0016935419989749789
2,2,1,10,2,0,0.40000000000000002,0.69999999999999996,0.31200000000000006,0.62250000000000016,0,quintic,2,8,0,10,fe_geometry,423598.53411735455,6.9388939039072284e-18,4.2188474935755949e-15,1.2246678822858955e-16,0.00041420801426284015,0.0016935419989749789
2,2,1,10,2,0,0.40000000000000002,0.69999999999999996,0.31200000000000006,0.62250000000000016,0,quintic,1,9,0,10,recursive,1354597.5555957323,6.9388939039072284e-18,4.2188474935755949e-15,1.2246678822858955e-16,0.00041420801426284015,0.0016935419989749789
2,2,1,10,2,0,0.40000000000000002,0.69999999999999996,0.31200000000000006,0.62250000000000016,0,quintic,1,9,0,10,direct,1477166.8263053552,6.9388939039072284e-18,4.2188474935755949e-15,1.2246678822858955e-16,0.00041420801426284015,0.0016935419989749789
2,2,1,10,2,0,0.40000000000000002,0.69999999999999996,0.31200000000000006,0.62250000000000016,0,quintic,1,9,0,10,fe_geometry,1477166.8258920333,6.9388939039072284e-18,4.2188474935755949e-15,1.2246678822858955e-16,0.00041420801426284015,0.0016935419989749789
2,2,1,10,2,0,0.40000000000000002,0.69999999999999996,0.31200000000000006,0.62250000000000016,0,quintic,0,10,0,10,recursive,432411014.99434644,6.9388939039072284e-18,4.2188474935755949e-15,1.2246678822858955e-16,0.00041420801426284015,0.0016935419989749789
2,2,1,10,2,0,0.40000000000000002,0.69999999999999996,0.31200000000000006,0.62250000000000016,0,quintic,0,10,0,10,direct,650924879.27668595,6.9388939039072284e-18,4.2188474935755949e-15,1.2246678822858955e-16,0.00041420801426284015,0.0016935419989749789
2,2,1,10,2,0,0.40000000000000002,0.69999999999999996,0.31200000000000006,0.62250000000000016,0,quintic,0,10,0,10,fe_geometry,650924879.27757561,6.9388939039072284e-18,4.2188474935755949e-15,1.2246678822858955e-16,0.00041420801426284015,0.0016935419989749789
