dimension,n,curved,capacity,point,xi,eta,zeta,x,y,z,field,dx,dy,dz,order,method,value,input_error,geometry_residual,inverse_residual,initialization_seconds,evaluation_seconds
2,32,0,10,0,0.23000000000000001,0.31,0.37,0.20718750000000014,0.30968750000000017,0,constant,1,0,0,1,recursive,-1.9997740854925238e-13,6.6613381477509392e-16,3.0198066269804258e-14,2.2204460492503131e-16,0.00042208301601931453,0.00062695899396203458
2,32,0,10,0,0.23000000000000001,0.31,0.37,0.20718750000000014,0.30968750000000017,0,constant,1,0,0,1,direct,-1.8279540938233544e-13,6.6613381477509392e-16,3.0198066269804258e-14,2.2204460492503131e-16,0.00042208301601931453,0.00062695899396203458
2,32,0,10,0,0.23000000000000001,0.31,0.37,0.20718750000000014,0.30968750000000017,0,constant,1,0,0,1,fe_geometry,-1.8279540938237103e-13,6.6613381477509392e-16,3.0198066269804258e-14,2.2204460492503131e-16,0.00042208301601931453,0.00062695899396203458
2,32,0,10,0,0.23000000000000001,0.31,0.37,0.20718750000000014,0.30968750000000017,0,constant,0,1,0,1,recursive,-1.7495143660249762e-13,6.6613381477509392e-16,3.0198066269804258e-14,2.2204460492503131e-16,0.00042208301601931453,0.00062695899396203458
2,32,0,10,0,0.23000000000000001,0.31,0.37,0.20718750000000014,0.30968750000000017,0,constant,0,1,0,1,direct,-5.2681755306462972e-13,6.6613381477509392e-16,3.0198066269804258e-14,2.2204460492503131e-16,0.00042208301601931453,0.00062695899396203458
2,32,0,10,0,0.23000000000000001,0.31,0.37,0.20718750000000014,0.30968750000000017,0,constant,0,1,0,1,fe_geometry,-5.268175530645964e-13,6.6613381477509392e-16,3.0198066269804258e-14,2.2204460492503131e-16,0.00042208301601931453,0.00062695899396203458
2,32,0,10,0,0.23000000000000001,0.31,0.37,0.20718750000000014,0.30968750000000017,0,constant,2,0,0,2,recursive,-7.5548954506863639e-12,6.6613381477509392e-16,3.0198066269804258e-14,2.2204460492503131e-16,0.00042208301601931453,0.00062695899396203458
2,32,0,10,0,0.23000000000000001,0.31,0.37,0.20718750000000014,0.30968750000000017,0,constant,2,0,0,2,direct,5.5237255959426966e-11,6.6613381477509392e-16,3.0198066269804258e-14,2.2204460492503131e-16,0.00042208301601931453,0.00062695899396203458
2,32,0,10,0,0.23000000000000001,0.31,0.37,0.20718750000000014,0.30968750000000017,0,constant,2,0,0,2,fe_geometry,5.5237255959426669e-11,6.6613381477509392e-16,3.0198066269804258e-14,2.2204460492503131e-16,0.00042208301601931453,0.00062695899396203458
2,32,0,10,0,0.23000000000000001,0.31,0.37,0.20718750000000014,0.30968750000000017,0,constant,1,1,0,2,recursive,-1.5586970888277369e-12,6.6613381477509392e-16,3.0198066269804258e-14,2.2204460492503131e-16,0.00042208301601931453,0.00062695899396203458
2,32,0,10,0,0.23000000000000001,0.31,0.37,0.20718750000000014,0.30968750000000017,0,constant,1,1,0,2,direct,3.7305247058544756e-11,6.6613381477509392e-16,3.0198066269804258e-14,2.2204460492503131e-16,0.00042208301601931453,0.00062695899396203458
2,32,0,10,0,0.23000000000000001,0.31,0.37,0.20718750000000014,0.30968750000000017,0,constant,1,1,0,2,fe_geometry,3.7305247058544349e-11,6.6613381477509392e-16,3.0198066269804258e-14,2.2204460492503131e-16,0.00042208301601931453,0.00062695899396203458
2,32,0,10,0,0.23000000000000001,0.31,0.37,0.20718750000000014,0.30968750000000017,0,constant,0,2,0,2,recursive,1.0659809520565914e-11,6.6613381477509392e-16,3.0198066269804258e-14,2.2204460492503131e-16,0.00042208301601931453,0.00062695899396203458
2,32,0,10,0,0.23000000000000001,0.31,0.37,0.20718750000000014,0.30968750000000017,0,constant,0,2,0,2,direct,4.8054428050827678e-11,6.6613381477509392e-16,3.0198066269804258e-14,2.2204460492503131e-16,0.00042208301601931453,0.00062695899396203458
2,32,0,10,0,0.23000000000000001,0.31,0.37,0.20718750000000014,0.30968750000000017,0,constant,0,2,0,2,fe_geometry,4.8054428050818108e-11,6.6613381477509392e-16,3.0198066269804258e-14,2.2204460492503131e-16,0.00042208301601931453,0.00062695899396203458
2,32,0,10,0,0.23000000000000001,0.31,0.37,0.20718750000000014,0.30968750000000017,0,constant,3,0,0,3,recursive,1.8409322403271294e-08,6.6613381477509392e-16,3.0198066269804258e-14,2.2204460492503131e-16,0.00042208301601931453,0.00062695899396203458
2,32,0,10,0,0.23000000000000001,0.31,0.37,0.20718750000000014,0.30968750000000017,0,constant,3,0,0,3,direct,9.8605295092910551e-09,6.6613381477509392e-16,3.0198066269804258e-14,2.2204460492503131e-16,0.00042208301601931453,0.00062695899396203458
2,32,0,10,0,0.23000000000000001,0.31,0.37,0.20718750000000014,0.30968750000000017,0,constant,3,0,0,3,fe_geometry,9.8605295092994146e-09,6.6613381477509392e-16,3.0198066269804258e-14,2.2204460492503131e-16,0.00042208301601931453,0.00062695899396203458
2,32,0,10,0,0.23000000000000001,0.31,0.37,0.20718750000000014,0.30968750000000017,0,constant,2,1,0,3,recursive,3.179675187009665e-09,6.6613381477509392e-16,3.0198066269804258e-14,2.2204460492503131e-16,0.00042208301601931453,0.00062695899396203458
2,32,0,10,0,0.23000000000000001,0.31,0.37,0.20718750000000014,0.30968750000000017,0,constant,2,1,0,3,direct,8.4133291164785641e-09,6.6613381477509392e-16,3.0198066269804258e-14,2.2204460492503131e-16,0.00042208301601931453,0.00062695899396203458
2,32,0,10,0,0.23000000000000001,0.31,0.37,0.20718750000000014,0.30968750000000017,0,constant,2,1,0,3,fe_geometry,8.4133291164808057e-09,6.6613381477509392e-16,3.0198066269804258e-14,2.2204460492503131e-16,0.00042208301601931453,0.00062695899396203458
2,32,0,10,0,0.23000000000000001,0.31,0.37,0.20718750000000014,0.30968750000000017,0,constant,1,2,0,3,recursive,7.8288955420572008e-09,6.6613381477509392e-16,3.0198066269804258e-14,2.2204460492503131e-16,0.00042208301601931453,0.00062695899396203458
2,32,0,10,0,0.23000000000000001,0.31,0.37,0.20718750000000014,0.30968750000000017,0,constant,1,2,0,3,direct,1.4046261626072225e-08,6.6613381477509392e-16,3.0198066269804258e-14,2.2204460492503131e-16,0.00042208301601931453,0.00062695899396203458
2,32,0,10,0,0.23000000000000001,0.31,0.37,0.20718750000000014,0.30968750000000017,0,constant,1,2,0,3,fe_geometry,1.4046261626071884e-08,6.6613381477509392e-16,3.0198066269804258e-14,2.2204460492503131e-16,0.00042208301601931453,0.00062695899396203458
2,32,0,10,0,0.23000000000000001,0.31,0.37,0.20718750000000014,0.30968750000000017,0,constant,0,3,0,3,recursive,7.584365021230526e-09,6.6613381477509392e-16,3.0198066269804258e-14,2.2204460492503131e-16,0.00042208301601931453,0.00062695899396203458
2,32,0,10,0,0.23000000000000001,0.31,0.37,0.20718750000000014,0.30968750000000017,0,constant,0,3,0,3,direct,1.5147769414074723e-08,6.6613381477509392e-16,3.0198066269804258e-14,2.2204460492503131e-16,0.00042208301601931453,0.00062695899396203458
2,32,0,10,0,0.23000000000000001,0.31,0.37,0.20718750000000014,0.30968750000000017,0,constant,0,3,0,3,fe_geometry,1.5147769414071332e-08,6.6613381477509392e-16,3.0198066269804258e-14,2.2204460492503131e-16,0.00042208301601931453,0.00062695899396203458
2,32,0,10,0,0.23000000000000001,0.31,0.37,0.20718750000000014,0.30968750000000017,0,constant,4,0,0,4,recursive,-7.7179499297446593e-06,6.6613381477509392e-16,3.0198066269804258e-14,2.2204460492503131e-16,0.00042208301601931453,0.00062695899396203458
2,32,0,10,0,0.23000000000000001,0.31,0.37,0.20718750000000014,0.30968750000000017,0,constant,4,0,0,4,direct,-4.7461160232067103e-06,6.6613381477509392e-16,3.0198066269804258e-14,2.2204460492503131e-16,0.00042208301601931453,0.00062695899396203458
2,32,0,10,0,0.23000000000000001,0.31,0.37,0.20718750000000014,0.30968750000000017,0,constant,4,0,0,4,fe_geometry,-4.7461160232089016e-06,6.6613381477509392e-16,3.0198066269804258e-14,2.2204460492503131e-16,0.00042208301601931453,0.00062695899396203458
2,32,0,10,0,0.23000000000000001,0.31,0.37,0.20718750000000014,0.30968750000000017,0,constant,3,1,0,4,recursive,-1.2991161282594651e-06,6.6613381477509392e-16,3.0198066269804258e-14,2.2204460492503131e-16,0.00042208301601931453,0.00062695899396203458
2,32,0,10,0,0.23000000000000001,0.31,0.37,0.20718750000000014,0.30968750000000017,0,constant,3,1,0,4,direct,-4.7081979360580448e-06,6.6613381477509392e-16,3.0198066269804258e-14,2.2204460492503131e-16,0.00042208301601931453,0.00062695899396203458
2,32,0,10,0,0.23000000000000001,0.31,0.37,0.20718750000000014,0.30968750000000017,0,constant,3,1,0,4,fe_geometry,-4.7081979360573943e-06,6.6613381477509392e-16,3.0198066269804258e-14,2.2204460492503131e-16,0.00042208301601931453,0.00062695899396203458
2,32,0,10,0,0.23000000000000001,0.31,0.37,0.20718750000000014,0.30968750000000017,0,constant,2,2,0,4,recursive,1.0841061108520125e-06,6.6613381477509392e-16,3.0198066269804258e-14,2.2204460492503131e-16,0.00042208301601931453,0.00062695899396203458
2,32,0,10,0,0.23000000000000001,0.31,0.37,0.20718750000000014,0.30968750000000017,0,constant,2,2,0,4,direct,9.9746413469314601e-07,6.6613381477509392e-16,3.0198066269804258e-14,2.2204460492503131e-16,0.00042208301601931453,0.00062695899396203458
2,32,0,10,0,0.23000000000000001,0.31,0.37,0.20718750000000014,0.30968750000000017,0,constant,2,2,0,4,fe_geometry,9.9746413469365847e-07,6.6613381477509392e-16,3.0198066269804258e-14,2.2204460492503131e-16,0.00042208301601931453,0.00062695899396203458
2,32,0,10,0,0.23000000000000001,0.31,0.37,0.20718750000000014,0.30968750000000017,0,constant,1,3,0,4,recursive,-4.5938090890575889e-07,6.6613381477509392e-16,3.0198066269804258e-14,2.2204460492503131e-16,0.00042208301601931453,0.00062695899396203458
2,32,0,10,0,0.23000000000000001,0.31,0.37,0.20718750000000014,0.30968750000000017,0,constant,1,3,0,4,direct,-3.1734353932142252e-06,6.6613381477509392e-16,3.0198066269804258e-14,2.2204460492503131e-16,0.00042208301601931453,0.00062695899396203458
2,32,0,10,0,0.23000000000000001,0.31,0.37,0.20718750000000014,0.30968750000000017,0,constant,1,3,0,4,fe_geometry,-3.1734353932141692e-06,6.6613381477509392e-16,3.0198066269804258e-14,2.2204460492503131e-16,0.00042208301601931453,0.00062695899396203458
2,32,0,10,0,0.23000000000000001,0.31,0.37,0.20718750000000014,0.30968750000000017,0,constant,0,4,0,4,recursive,-2.6605640293306248e-06,6.6613381477509392e-16,3.0198066269804258e-14,2.2204460492503131e-16,0.00042208301601931453,0.00062695899396203458
2,32,0,10,0,0.23000000000000001,0.31,0.37,0.20718750000000014,0.30968750000000017,0,constant,0,4,0,4,direct,-6.5423218794822687e-06,6.6613381477509392e-16,3.0198066269804258e-14,2.2204460492503131e-16,0.00042208301601931453,0.00062695899396203458
2,32,0,10,0,0.23000000000000001,0.31,0.37,0.20718750000000014,0.30968750000000017,0,constant,0,4,0,4,fe_geometry,-6.5423218794800249e-06,6.6613381477509392e-16,3.0198066269804258e-14,2.2204460492503131e-16,0.00042208301601931453,0.00062695899396203458
2,32,0,10,0,0.23000000000000001,0.31,0.37,0.20718750000000014,0.30968750000000017,0,constant,5,0,0,5,recursive,0.0020578973525224266,6.6613381477509392e-16,3.0198066269804258e-14,2.2204460492503131e-16,0.00042208301601931453,0.00062695899396203458
2,32,0,10,0,0.23000000000000001,0.31,0.37,0.20718750000000014,0.30968750000000017,0,constant,5,0,0,5,direct,0.00058796304885864266,6.6613381477509392e-16,3.0198066269804258e-14,2.2204460492503131e-16,0.00042208301601931453,0.00062695899396203458
2,32,0,10,0,0.23000000000000001,0.31,0.37,0.20718750000000014,0.30968750000000017,0,constant,5,0,0,5,fe_geometry,0.00058796304885752441,6.6613381477509392e-16,3.0198066269804258e-14,2.2204460492503131e-16,0.00042208301601931453,0.00062695899396203458
2,32,0,10,0,0.23000000000000001,0.31,0.37,0.20718750000000014,0.30968750000000017,0,constant,4,1,0,5,recursive,0.0008302710967492971,6.6613381477509392e-16,3.0198066269804258e-14,2.2204460492503131e-16,0.00042208301601931453,0.00062695899396203458
2,32,0,10,0,0.23000000000000001,0.31,0.37,0.20718750000000014,0.30968750000000017,0,constant,4,1,0,5,direct,0.0011541832695007325,6.6613381477509392e-16,3.0198066269804258e-14,2.2204460492503131e-16,0.00042208301601931453,0.00062695899396203458
2,32,0,10,0,0.23000000000000001,0.31,0.37,0.20718750000000014,0.30968750000000017,0,constant,4,1,0,5,fe_geometry,0.0011541832695001783,6.6613381477509392e-16,3.0198066269804258e-14,2.2204460492503131e-16,0.00042208301601931453,0.00062695899396203458
2,32,0,10,0,0.23000000000000001,0.31,0.37,0.20718750000000014,0.30968750000000017,0,constant,3,2,0,5,recursive,-0.00082285146353489882,6.6613381477509392e-16,3.0198066269804258e-14,2.2204460492503131e-16,0.00042208301601931453,0.00062695899396203458
2,32,0,10,0,0.23000000000000001,0.31,0.37,0.20718750000000014,0.30968750000000017,0,constant,3,2,0,5,direct,-0.00073590655975341846,6.6613381477509392e-16,3.0198066269804258e-14,2.2204460492503131e-16,0.00042208301601931453,0.00062695899396203458
2,32,0,10,0,0.23000000000000001,0.31,0.37,0.20718750000000014,0.30968750000000017,0,constant,3,2,0,5,fe_geometry,-0.00073590655975386721,6.6613381477509392e-16,3.0198066269804258e-14,2.2204460492503131e-16,0.00042208301601931453,0.00062695899396203458
2,32,0,10,0,0.23000000000000001,0.31,0.37,0.20718750000000014,0.30968750000000017,0,constant,2,3,0,5,recursive,-0.00025244593318863087,6.6613381477509392e-16,3.0198066269804258e-14,2.2204460492503131e-16,0.00042208301601931453,0.00062695899396203458
2,32,0,10,0,0.23000000000000001,0.31,0.37,0.20718750000000014,0.30968750000000017,0,constant,2,3,0,5,direct,-0.00033856746368408219,6.6613381477509392e-16,3.0198066269804258e-14,2.2204460492503131e-16,0.00042208301601931453,0.00062695899396203458
2,32,0,10,0,0.23000000000000001,0.31,0.37,0.20718750000000014,0.30968750000000017,0,constant,2,3,0,5,fe_geometry,-0.00033856746368418752,6.6613381477509392e-16,3.0198066269804258e-14,2.2204460492503131e-16,0.00042208301601931453,0.00062695899396203458
2,32,0,10,0,0.23000000000000001,0.31,0.37,0.20718750000000014,0.30968750000000017,0,constant,1,4,0,5,recursive,-0.00044885556607190421,6.6613381477509392e-16,3.0198066269804258e-14,2.2204460492503131e-16,0.00042208301601931453,0.00062695899396203458
2,32,0,10,0,0.23000000000000001,0.31,0.37,0.20718750000000014,0.30968750000000017,0,constant,1,4,0,5,direct,-0.00064182971649169921,6.6613381477509392e-16,3.0198066269804258e-14,2.2204460492503131e-16,0.00042208301601931453,0.00062695899396203458
2,32,0,10,0,0.23000000000000001,0.31,0.37,0.20718750000000014,0.30968750000000017,0,constant,1,4,0,5,fe_geometry,-0.00064182971649155403,6.6613381477509392e-16,3.0198066269804258e-14,2.2204460492503131e-16,0.00042208301601931453,0.00062695899396203458
2,32,0,10,0,0.23000000000000001,0.31,0.37,0.20718750000000014,0.30968750000000017,0,constant,0,5,0,5,recursive,0.00039107730426512821,6.6613381477509392e-16,3.0198066269804258e-14,2.2204460492503131e-16,0.00042208301601931453,0.00062695899396203458
2,32,0,10,0,0.23000000000000001,0.31,0.37,0.20718750000000014,0.30968750000000017,0,constant,0,5,0,5,direct,0.00096833881164550787,6.6613381477509392e-16,3.0198066269804258e-14,2.2204460492503131e-16,0.00042208301601931453,0.00062695899396203458
2,32,0,10,0,0.23000000000000001,0.31,0.37,0.20718750000000014,0.30968750000000017,0,constant,0,5,0,5,fe_geometry,0.0009683388116452096,6.6613381477509392e-16,3.0198066269804258e-14,2.2204460492503131e-16,0.00042208301601931453,0.00062695899396203458
2,32,0,10,0,0.23000000000000001,0.31,0.37,0.20718750000000014,0.30968750000000017,0,constant,6,0,0,6,recursive,-0.24504730109340017,6.6613381477509392e-16,3.0198066269804258e-14,2.2204460492503131e-16,0.00042208301601931453,0.00062695899396203458
2,32,0,10,0,0.23000000000000001,0.31,0.37,0.20718750000000014,0.30968750000000017,0,constant,6,0,0,6,direct,0,6.6613381477509392e-16,3.0198066269804258e-14,2.2204460492503131e-16,0.00042208301601931453,0.00062695899396203458
2,32,0,10,0,0.23000000000000001,0.31,0.37,0.20718750000000014,0.30968750000000017,0,constant,6,0,0,6,fe_geometry,1.061292650196792e-12,6.6613381477509392e-16,3.0198066269804258e-14,2.2204460492503131e-16,0.00042208301601931453,0.00062695899396203458
2,32,0,10,0,0.23000000000000001,0.31,0.37,0.20718750000000014,0.30968750000000017,0,constant,5,1,0,6,recursive,-0.28971625053252464,6.6613381477509392e-16,3.0198066269804258e-14,2.2204460492503131e-16,0.00042208301601931453,0.00062695899396203458
2,32,0,10,0,0.23000000000000001,0.31,0.37,0.20718750000000014,0.30968750000000017,0,constant,5,1,0,6,direct,-0.12690643798828127,6.6613381477509392e-16,3.0198066269804258e-14,2.2204460492503131e-16,0.00042208301601931453,0.00062695899396203458
2,32,0,10,0,0.23000000000000001,0.31,0.37,0.20718750000000014,0.30968750000000017,0,constant,5,1,0,6,fe_geometry,-0.1269064379881758,6.6613381477509392e-16,3.0198066269804258e-14,2.2204460492503131e-16,0.00042208301601931453,0.00062695899396203458
2,32,0,10,0,0.23000000000000001,0.31,0.37,0.20718750000000014,0.30968750000000017,0,constant,4,2,0,6,recursive,0.11648413357343151,6.6613381477509392e-16,3.0198066269804258e-14,2.2204460492503131e-16,0.00042208301601931453,0.00062695899396203458
2,32,0,10,0,0.23000000000000001,0.31,0.37,0.20718750000000014,0.30968750000000017,0,constant,4,2,0,6,direct,0.18245129882812514,6.6613381477509392e-16,3.0198066269804258e-14,2.2204460492503131e-16,0.00042208301601931453,0.00062695899396203458
2,32,0,10,0,0.23000000000000001,0.31,0.37,0.20718750000000014,0.30968750000000017,0,constant,4,2,0,6,fe_geometry,0.18245129882819167,6.6613381477509392e-16,3.0198066269804258e-14,2.2204460492503131e-16,0.00042208301601931453,0.00062695899396203458
2,32,0,10,0,0.23000000000000001,0.31,0.37,0.20718750000000014,0.30968750000000017,0,constant,3,3,0,6,recursive,0.12599333082698358,6.6613381477509392e-16,3.0198066269804258e-14,2.2204460492503131e-16,0.00042208301601931453,0.00062695899396203458
2,32,0,10,0,0.23000000000000001,0.31,0.37,0.20718750000000014,0.30968750000000017,0,constant,3,3,0,6,direct,0.29670938964843757,6.6613381477509392e-16,3.0198066269804258e-14,2.2204460492503131e-16,0.00042208301601931453,0.00062695899396203458
2,32,0,10,0,0.23000000000000001,0.31,0.37,0.20718750000000014,0.30968750000000017,0,constant,3,3,0,6,fe_geometry,0.29670938964840848,6.6613381477509392e-16,3.0198066269804258e-14,2.2204460492503131e-16,0.00042208301601931453,0.00062695899396203458
2,32,0,10,0,0.23000000000000001,0.31,0.37,0.20718750000000014,0.30968750000000017,0,constant,2,4,0,6,recursive,-0.10221771942753353,6.6613381477509392e-16,3.0198066269804258e-14,2.2204460492503131e-16,0.00042208301601931453,0.00062695899396203458
2,32,0,10,0,0.23000000000000001,0.31,0.37,0.20718750000000014,0.30968750000000017,0,constant,2,4,0,6,direct,0.054240908203124993,6.6613381477509392e-16,3.0198066269804258e-14,2.2204460492503131e-16,0.00042208301601931453,0.00062695899396203458
2,32,0,10,0,0.23000000000000001,0.31,0.37,0.20718750000000014,0.30968750000000017,0,constant,2,4,0,6,fe_geometry,0.054240908203043267,6.6613381477509392e-16,3.0198066269804258e-14,2.2204460492503131e-16,0.00042208301601931453,0.00062695899396203458
2,32,0,10,0,0.23000000000000001,0.31,0.37,0.20718750000000014,0.30968750000000017,0,constant,1,5,0,6,recursive,0.08248931163090284,6.6613381477509392e-16,3.0198066269804258e-14,2.2204460492503131e-16,0.00042208301601931453,0.00062695899396203458
2,32,0,10,0,0.23000000000000001,0.31,0.37,0.20718750000000014,0.30968750000000017,0,constant,1,5,0,6,direct,0.16491284179687501,6.6613381477509392e-16,3.0198066269804258e-14,2.2204460492503131e-16,0.00042208301601931453,0.00062695899396203458
2,32,0,10,0,0.23000000000000001,0.31,0.37,0.20718750000000014,0.30968750000000017,0,constant,1,5,0,6,fe_geometry,0.16491284179681323,6.6613381477509392e-16,3.0198066269804258e-14,2.2204460492503131e-16,0.00042208301601931453,0.00062695899396203458
2,32,0,10,0,0.23000000000000001,0.31,0.37,0.20718750000000014,0.30968750000000017,0,constant,0,6,0,6,recursive,-0.019875393412815023,6.6613381477509392e-16,3.0198066269804258e-14,2.2204460492503131e-16,0.00042208301601931453,0.00062695899396203458
2,32,0,10,0,0.23000000000000001,0.31,0.37,0.20718750000000014,0.30968750000000017,0,constant,0,6,0,6,direct,0,6.6613381477509392e-16,3.0198066269804258e-14,2.2204460492503131e-16,0.00042208301601931453,0.00062695899396203458
2,32,0,10,0,0.23000000000000001,0.31,0.37,0.20718750000000014,0.30968750000000017,0,constant,0,6,0,6,fe_geometry,-3.0292505820864512e-14,6.6613381477509392e-16,3.0198066269804258e-14,2.2204460492503131e-16,0.00042208301601931453,0.00062695899396203458
2,32,0,10,0,0.23000000000000001,0.31,0.37,0.20718750000000014,0.30968750000000017,0,constant,7,0,0,7,recursive,-1.0163509106906772e-11,6.6613381477509392e-16,3.0198066269804258e-14,2.2204460492503131e-16,0.00042208301601931453,0.00062695899396203458
2,32,0,10,0,0.23000000000000001,0.31,0.37,0.20718750000000014,0.30968750000000017,0,constant,7,0,0,7,direct,0,6.6613381477509392e-16,3.0198066269804258e-14,2.2204460492503131e-16,0.00042208301601931453,0.00062695899396203458
2,32,0,10,0,0.23000000000000001,0.31,0.37,0.20718750000000014,0.30968750000000017,0,constant,7,0,0,7,fe_geometry,-3.9264781357009932e-10,6.6613381477509392e-16,3.0198066269804258e-14,2.2204460492503131e-16,0.00042208301601931453,0.00062695899396203458
2,32,0,10,0,0.23000000000000001,0.31,0.37,0.20718750000000014,0.30968750000000017,0,constant,6,1,0,7,recursive,38.679304044425599,6.6613381477509392e-16,3.0198066269804258e-14,2.2204460492503131e-16,0.00042208301601931453,0.00062695899396203458
2,32,0,10,0,0.23000000000000001,0.31,0.37,0.20718750000000014,0.30968750000000017,0,constant,6,1,0,7,direct,0,6.6613381477509392e-16,3.0198066269804258e-14,2.2204460492503131e-16,0.00042208301601931453,0.00062695899396203458
2,32,0,10,0,0.23000000000000001,0.31,0.37,0.20718750000000014,0.30968750000000017,0,constant,6,1,0,7,fe_geometry,4.0562308742587696e-11,6.6613381477509392e-16,3.0198066269804258e-14,2.2204460492503131e-16,0.00042208301601931453,0.00062695899396203458
2,32,0,10,0,0.23000000000000001,0.31,0.37,0.20718750000000014,0.30968750000000017,0,constant,5,2,0,7,recursive,-8.5004391379674242,6.6613381477509392e-16,3.0198066269804258e-14,2.2204460492503131e-16,0.00042208301601931453,0.00062695899396203458
2,32,0,10,0,0.23000000000000001,0.31,0.37,0.20718750000000014,0.30968750000000017,0,constant,5,2,0,7,direct,-23.134406250000008,6.6613381477509392e-16,3.0198066269804258e-14,2.2204460492503131e-16,0.00042208301601931453,0.00062695899396203458
2,32,0,10,0,0.23000000000000001,0.31,0.37,0.20718750000000014,0.30968750000000017,0,constant,5,2,0,7,fe_geometry,-23.134406249917696,6.6613381477509392e-16,3.0198066269804258e-14,2.2204460492503131e-16,0.00042208301601931453,0.00062695899396203458
2,32,0,10,0,0.23000000000000001,0.31,0.37,0.20718750000000014,0.30968750000000017,0,constant,4,3,0,7,recursive,-56.138460987626381,6.6613381477509392e-16,3.0198066269804258e-14,2.2204460492503131e-16,0.00042208301601931453,0.00062695899396203458
2,32,0,10,0,0.23000000000000001,0.31,0.37,0.20718750000000014,0.30968750000000017,0,constant,4,3,0,7,direct,-72.515531249999995,6.6613381477509392e-16,3.0198066269804258e-14,2.2204460492503131e-16,0.00042208301601931453,0.00062695899396203458
2,32,0,10,0,0.23000000000000001,0.31,0.37,0.20718750000000014,0.30968750000000017,0,constant,4,3,0,7,fe_geometry,-72.515531249963104,6.6613381477509392e-16,3.0198066269804258e-14,2.2204460492503131e-16,0.00042208301601931453,0.00062695899396203458
2,32,0,10,0,0.23000000000000001,0.31,0.37,0.20718750000000014,0.30968750000000017,0,constant,3,4,0,7,recursive,47.433722506403228,6.6613381477509392e-16,3.0198066269804258e-14,2.2204460492503131e-16,0.00042208301601931453,0.00062695899396203458
2,32,0,10,0,0.23000000000000001,0.31,0.37,0.20718750000000014,0.30968750000000017,0,constant,3,4,0,7,direct,-1.7760937499999994,6.6613381477509392e-16,3.0198066269804258e-14,2.2204460492503131e-16,0.00042208301601931453,0.00062695899396203458
2,32,0,10,0,0.23000000000000001,0.31,0.37,0.20718750000000014,0.30968750000000017,0,constant,3,4,0,7,fe_geometry,-1.7760937499637963,6.6613381477509392e-16,3.0198066269804258e-14,2.2204460492503131e-16,0.00042208301601931453,0.00062695899396203458
2,32,0,10,0,0.23000000000000001,0.31,0.37,0.20718750000000014,0.30968750000000017,0,constant,2,5,0,7,recursive,25.821091219818815,6.6613381477509392e-16,3.0198066269804258e-14,2.2204460492503131e-16,0.00042208301601931453,0.00062695899396203458
2,32,0,10,0,0.23000000000000001,0.31,0.37,0.20718750000000014,0.30968750000000017,0,constant,2,5,0,7,direct,-9.8862187500000012,6.6613381477509392e-16,3.0198066269804258e-14,2.2204460492503131e-16,0.00042208301601931453,0.00062695899396203458
2,32,0,10,0,0.23000000000000001,0.31,0.37,0.20718750000000014,0.30968750000000017,0,constant,2,5,0,7,fe_geometry,-9.8862187499783243,6.6613381477509392e-16,3.0198066269804258e-14,2.2204460492503131e-16,0.00042208301601931453,0.00062695899396203458
2,32,0,10,0,0.23000000000000001,0.31,0.37,0.20718750000000014,0.30968750000000017,0,constant,1,6,0,7,recursive,2.8006210811547392e-12,6.6613381477509392e-16,3.0198066269804258e-14,2.2204460492503131e-16,0.00042208301601931453,0.00062695899396203458
2,32,0,10,0,0.23000000000000001,0.31,0.37,0.20718750000000014,0.30968750000000017,0,constant,1,6,0,7,direct,0,6.6613381477509392e-16,3.0198066269804258e-14,2.2204460492503131e-16,0.00042208301601931453,0.00062695899396203458
2,32,0,10,0,0.23000000000000001,0.31,0.37,0.20718750000000014,0.30968750000000017,0,constant,1,6,0,7,fe_geometry,2.0033262125990102e-11,6.6613381477509392e-16,3.0198066269804258e-14,2.2204460492503131e-16,0.00042208301601931453,0.00062695899396203458
2,32,0,10,0,0.23000000000000001,0.31,0.37,0.20718750000000014,0.30968750000000017,0,constant,0,7,0,7,recursive,-5.7553220164896336e-12,6.6613381477509392e-16,3.0198066269804258e-14,2.2204460492503131e-16,0.00042208301601931453,0.00062695899396203458
2,32,0,10,0,0.23000000000000001,0.31,0.37,0.20718750000000014,0.30968750000000017,0,constant,0,7,0,7,direct,0,6.6613381477509392e-16,3.0198066269804258e-14,2.2204460492503131e-16,0.00042208301601931453,0.00062695899396203458
2,32,0,10,0,0.23000000000000001,0.31,0.37,0.20718750000000014,0.30968750000000017,0,constant,0,7,0,7,fe_geometry,-4.9963356704616162e-12,6.6613381477509392e-16,3.0198066269804258e-14,2.2204460492503131e-16,0.00042208301601931453,0.00062695899396203458
2,32,0,10,0,0.23000000000000001,0.31,0.37,0.20718750000000014,0.30968750000000017,0,constant,8,0,0,8,recursive,1.6829443278549913e-09,6.6613381477509392e-16,3.0198066269804258e-14,2.2204460492503131e-16,0.00042208301601931453,0.00062695899396203458
2,32,0,10,0,0.23000000000000001,0.31,0.37,0.20718750000000014,0.30968750000000017,0,constant,8,0,0,8,direct,0,6.6613381477509392e-16,3.0198066269804258e-14,2.2204460492503131e-16,0.00042208301601931453,0.00062695899396203458
2,32,0,10,0,0.23000000000000001,0.31,0.37,0.20718750000000014,0.30968750000000017,0,constant,8,0,0,8,fe_geometry,7.7191325120455914e-08,6.6613381477509392e-16,3.0198066269804258e-14,2.2204460492503131e-16,0.00042208301601931453,0.00062695899396203458
2,32,0,10,0,0.23000000000000001,0.31,0.37,0.20718750000000014,0.30968750000000017,0,constant,7,1,0,8,recursive,-1.0859320316586483e-10,6.6613381477509392e-16,3.0198066269804258e-14,2.2204460492503131e-16,0.00042208301601931453,0.00062695899396203458
2,32,0,10,0,0.23000000000000001,0.31,0.37,0.20718750000000014,0.30968750000000017,0,constant,7,1,0,8,direct,0,6.6613381477509392e-16,3.0198066269804258e-14,2.2204460492503131e-16,0.00042208301601931453,0.00062695899396203458
2,32,0,10,0,0.23000000000000001,0.31,0.37,0.20718750000000014,0.30968750000000017,0,constant,7,1,0,8,fe_geometry,-3.7431141494904438e-08,6.6613381477509392e-16,3.0198066269804258e-14,2.2204460492503131e-16,0.00042208301601931453,0.00062695899396203458
2,32,0,10,0,0.23000000000000001,0.31,0.37,0.20718750000000014,0.30968750000000017,0,constant,6,2,0,8,recursive,1062.4975316217872,6.6613381477509392e-16,3.0198066269804258e-14,2.2204460492503131e-16,0.00042208301601931453,0.00062695899396203458
2,32,0,10,0,0.23000000000000001,0.31,0.37,0.20718750000000014,0.30968750000000017,0,constant,6,2,0,8,direct,0,6.6613381477509392e-16,3.0198066269804258e-14,2.2204460492503131e-16,0.00042208301601931453,0.00062695899396203458
2,32,0,10,0,0.23000000000000001,0.31,0.37,0.20718750000000014,0.30968750000000017,0,constant,6,2,0,8,fe_geometry,-6.4516467453202616e-08,6.6613381477509392e-16,3.0198066269804258e-14,2.2204460492503131e-16,0.00042208301601931453,0.00062695899396203458
2,32,0,10,0,0.23000000000000001,0.31,0.37,0.20718750000000014,0.30968750000000017,0,constant,5,3,0,8,recursive,17636.301990115411,6.6613381477509392e-16,3.0198066269804258e-14,2.2204460492503131e-16,0.00042208301601931453,0.00062695899396203458
2,32,0,10,0,0.23000000000000001,0.31,0.37,0.20718750000000014,0.30968750000000017,0,constant,5,3,0,8,direct,7744.4999999999982,6.6613381477509392e-16,3.0198066269804258e-14,2.2204460492503131e-16,0.00042208301601931453,0.00062695899396203458
2,32,0,10,0,0.23000000000000001,0.31,0.37,0.20718750000000014,0.30968750000000017,0,constant,5,3,0,8,fe_geometry,7744.4999999882884,6.6613381477509392e-16,3.0198066269804258e-14,2.2204460492503131e-16,0.00042208301601931453,0.00062695899396203458
2,32,0,10,0,0.23000000000000001,0.31,0.37,0.20718750000000014,0.30968750000000017,0,constant,4,4,0,8,recursive,9470.2448542221973,6.6613381477509392e-16,3.0198066269804258e-14,2.2204460492503131e-16,0.00042208301601931453,0.00062695899396203458
2,32,0,10,0,0.23000000000000001,0.31,0.37,0.20718750000000014,0.30968750000000017,0,constant,4,4,0,8,direct,-1254.5999999999988,6.6613381477509392e-16,3.0198066269804258e-14,2.2204460492503131e-16,0.00042208301601931453,0.00062695899396203458
2,32,0,10,0,0.23000000000000001,0.31,0.37,0.20718750000000014,0.30968750000000017,0,constant,4,4,0,8,fe_geometry,-1254.6000000041067,6.6613381477509392e-16,3.0198066269804258e-14,2.2204460492503131e-16,0.00042208301601931453,0.00062695899396203458
2,32,0,10,0,0.23000000000000001,0.31,0.37,0.20718750000000014,0.30968750000000017,0,constant,3,5,0,8,recursive,-11208.636766691408,6.6613381477509392e-16,3.0198066269804258e-14,2.2204460492503131e-16,0.00042208301601931453,0.00062695899396203458
2,32,0,10,0,0.23000000000000001,0.31,0.37,0.20718750000000014,0.30968750000000017,0,constant,3,5,0,8,direct,-4452.3000000000011,6.6613381477509392e-16,3.0198066269804258e-14,2.2204460492503131e-16,0.00042208301601931453,0.00062695899396203458
2,32,0,10,0,0.23000000000000001,0.31,0.37,0.20718750000000014,0.30968750000000017,0,constant,3,5,0,8,fe_geometry,-4452.3000000015645,6.6613381477509392e-16,3.0198066269804258e-14,2.2204460492503131e-16,0.00042208301601931453,0.00062695899396203458
2,32,0,10,0,0.23000000000000001,0.31,0.37,0.20718750000000014,0.30968750000000017,0,constant,2,6,0,8,recursive,1.0794348786878228e-09,6.6613381477509392e-16,3.0198066269804258e-14,2.2204460492503131e-16,0.00042208301601931453,0.00062695899396203458
2,32,0,10,0,0.23000000000000001,0.31,0.37,0.20718750000000014,0.30968750000000017,0,constant,2,6,0,8,direct,0,6.6613381477509392e-16,3.0198066269804258e-14,2.2204460492503131e-16,0.00042208301601931453,0.00062695899396203458
2,32,0,10,0,0.23000000000000001,0.31,0.37,0.20718750000000014,0.30968750000000017,0,constant,2,6,0,8,fe_geometry,2.6073063349493423e-09,6.6613381477509392e-16,3.0198066269804258e-14,2.2204460492503131e-16,0.00042208301601931453,0.00062695899396203458
2,32,0,10,0,0.23000000000000001,0.31,0.37,0.20718750000000014,0.30968750000000017,0,constant,1,7,0,8,recursive,-4.8784639668129188e-11,6.6613381477509392e-16,3.0198066269804258e-14,2.2204460492503131e-16,0.00042208301601931453,0.00062695899396203458
2,32,0,10,0,0.23000000000000001,0.31,0.37,0.20718750000000014,0.30968750000000017,0,constant,1,7,0,8,direct,0,6.6613381477509392e-16,3.0198066269804258e-14,2.2204460492503131e-16,0.00042208301601931453,0.00062695899396203458
2,32,0,10,0,0.23000000000000001,0.31,0.37,0.20718750000000014,0.30968750000000017,0,constant,1,7,0,8,fe_geometry,-7.1927907652809233e-09,6.6613381477509392e-16,3.0198066269804258e-14,2.2204460492503131e-16,0.00042208301601931453,0.00062695899396203458
2,32,0,10,0,0.23000000000000001,0.31,0.37,0.20718750000000014,0.30968750000000017,0,constant,0,8,0,8,recursive,1.3210228088643587e-09,6.6613381477509392e-16,3.0198066269804258e-14,2.2204460492503131e-16,0.00042208301601931453,0.00062695899396203458
2,32,0,10,0,0.23000000000000001,0.31,0.37,0.20718750000000014,0.30968750000000017,0,constant,0,8,0,8,direct,0,6.6613381477509392e-16,3.0198066269804258e-14,2.2204460492503131e-16,0.00042208301601931453,0.00062695899396203458
2,32,0,10,0,0.23000000000000001,0.31,0.37,0.20718750000000014,0.30968750000000017,0,constant,0,8,0,8,fe_geometry,2.0869285362720968e-09,6.6613381477509392e-16,3.0198066269804258e-14,2.2204460492503131e-16,0.00042208301601931453,0.00062695899396203458
2,32,0,10,0,0.23000000000000001,0.31,0.37,0.20718750000000014,0.30968750000000017,0,constant,9,0,0,9,recursive,-8.8875188830084507e-08,6.6613381477509392e-16,3.0198066269804258e-14,2.2204460492503131e-16,0.00042208301601931453,0.00062695899396203458
2,32,0,10,0,0.23000000000000001,0.31,0.37,0.20718750000000014,0.30968750000000017,0,constant,9,0,0,9,direct,0,6.6613381477509392e-16,3.0198066269804258e-14,2.2204460492503131e-16,0.00042208301601931453,0.00062695899396203458
2,32,0,10,0,0.23000000000000001,0.31,0.37,0.20718750000000014,0.30968750000000017,0,constant,9,0,0,9,fe_geometry,-6.7315994137196853e-06,6.6613381477509392e-16,3.0198066269804258e-14,2.2204460492503131e-16,0.00042208301601931453,0.00062695899396203458
2,32,0,10,0,0.23000000000000001,0.31,0.37,0.20718750000000014,0.30968750000000017,0,constant,8,1,0,9,recursive,1.0419450947107809e-07,6.6613381477509392e-16,3.0198066269804258e-14,2.2204460492503131e-16,0.00042208301601931453,0.00062695899396203458
2,32,0,10,0,0.23000000000000001,0.31,0.37,0.20718750000000014,0.30968750000000017,0,constant,8,1,0,9,direct,0,6.6613381477509392e-16,3.0198066269804258e-14,2.2204460492503131e-16,0.00042208301601931453,0.00062695899396203458
2,32,0,10,0,0.23000000000000001,0.31,0.37,0.20718750000000014,0.30968750000000017,0,constant,8,1,0,9,fe_geometry,1.1924019506048472e-05,6.6613381477509392e-16,3.0198066269804258e-14,2.2204460492503131e-16,0.00042208301601931453,0.00062695899396203458
2,32,0,10,0,0.23000000000000001,0.31,0.37,0.20718750000000014,0.30968750000000017,0,constant,7,2,0,9,recursive,5.2959598572842824e-07,6.6613381477509392e-16,3.0198066269804258e-14,2.2204460492503131e-16,0.00042208301601931453,0.00062695899396203458
2,32,0,10,0,0.23000000000000001,0.31,0.37,0.20718750000000014,0.30968750000000017,0,constant,7,2,0,9,direct,0,6.6613381477509392e-16,3.0198066269804258e-14,2.2204460492503131e-16,0.00042208301601931453,0.00062695899396203458
2,32,0,10,0,0.23000000000000001,0.31,0.37,0.20718750000000014,0.30968750000000017,0,constant,7,2,0,9,fe_geometry,2.3156442841590963e-05,6.6613381477509392e-16,3.0198066269804258e-14,2.2204460492503131e-16,0.00042208301601931453,0.00062695899396203458
2,32,0,10,0,0.23000000000000001,0.31,0.37,0.20718750000000014,0.30968750000000017,0,constant,6,3,0,9,recursive,-2340777.4823111421,6.6613381477509392e-16,3.0198066269804258e-14,2.2204460492503131e-16,0.00042208301601931453,0.00062695899396203458
2,32,0,10,0,0.23000000000000001,0.31,0.37,0.20718750000000014,0.30968750000000017,0,constant,6,3,0,9,direct,0,6.6613381477509392e-16,3.0198066269804258e-14,2.2204460492503131e-16,0.00042208301601931453,0.00062695899396203458
2,32,0,10,0,0.23000000000000001,0.31,0.37,0.20718750000000014,0.30968750000000017,0,constant,6,3,0,9,fe_geometry,-3.22450261461718e-07,6.6613381477509392e-16,3.0198066269804258e-14,2.2204460492503131e-16,0.00042208301601931453,0.00062695899396203458
2,32,0,10,0,0.23000000000000001,0.31,0.37,0.20718750000000014,0.30968750000000017,0,constant,5,4,0,9,recursive,-5506970.945215378,6.6613381477509392e-16,3.0198066269804258e-14,2.2204460492503131e-16,0.00042208301601931453,0.00062695899396203458
2,32,0,10,0,0.23000000000000001,0.31,0.37,0.20718750000000014,0.30968750000000017,0,constant,5,4,0,9,direct,328320,6.6613381477509392e-16,3.0198066269804258e-14,2.2204460492503131e-16,0.00042208301601931453,0.00062695899396203458
2,32,0,10,0,0.23000000000000001,0.31,0.37,0.20718750000000014,0.30968750000000017,0,constant,5,4,0,9,fe_geometry,328319.99999504746,6.6613381477509392e-16,3.0198066269804258e-14,2.2204460492503131e-16,0.00042208301601931453,0.00062695899396203458
2,32,0,10,0,0.23000000000000001,0.31,0.37,0.20718750000000014,0.30968750000000017,0,constant,4,5,0,9,recursive,-583713.88921435177,6.6613381477509392e-16,3.0198066269804258e-14,2.2204460492503131e-16,0.00042208301601931453,0.00062695899396203458
2,32,0,10,0,0.23000000000000001,0.31,0.37,0.20718750000000014,0.30968750000000017,0,constant,4,5,0,9,direct,1607040,6.6613381477509392e-16,3.0198066269804258e-14,2.2204460492503131e-16,0.00042208301601931453,0.00062695899396203458
2,32,0,10,0,0.23000000000000001,0.31,0.37,0.20718750000000014,0.30968750000000017,0,constant,4,5,0,9,fe_geometry,1607039.9999980179,6.6613381477509392e-16,3.0198066269804258e-14,2.2204460492503131e-16,0.00042208301601931453,0.00062695899396203458
2,32,0,10,0,0.23000000000000001,0.31,0.37,0.20718750000000014,0.30968750000000017,0,constant,3,6,0,9,recursive,-3.9637815985066428e-07,6.6613381477509392e-16,3.0198066269804258e-14,2.2204460492503131e-16,0.00042208301601931453,0.00062695899396203458
2,32,0,10,0,0.23000000000000001,0.31,0.37,0.20718750000000014,0.30968750000000017,0,constant,3,6,0,9,direct,0,6.6613381477509392e-16,3.0198066269804258e-14,2.2204460492503131e-16,0.00042208301601931453,0.00062695899396203458
2,32,0,10,0,0.23000000000000001,0.31,0.37,0.20718750000000014,0.30968750000000017,0,constant,3,6,0,9,fe_geometry,-2.3073030570007182e-06,6.6613381477509392e-16,3.0198066269804258e-14,2.2204460492503131e-16,0.00042208301601931453,0.00062695899396203458
2,32,0,10,0,0.23000000000000001,0.31,0.37,0.20718750000000014,0.30968750000000017,0,constant,2,7,0,9,recursive,-4.427716268859537e-07,6.6613381477509392e-16,3.0198066269804258e-14,2.2204460492503131e-16,0.00042208301601931453,0.00062695899396203458
2,32,0,10,0,0.23000000000000001,0.31,0.37,0.20718750000000014,0.30968750000000017,0,constant,2,7,0,9,direct,0,6.6613381477509392e-16,3.0198066269804258e-14,2.2204460492503131e-16,0.00042208301601931453,0.00062695899396203458
2,32,0,10,0,0.23000000000000001,0.31,0.37,0.20718750000000014,0.30968750000000017,0,constant,2,7,0,9,fe_geometry,-1.5591221573798619e-06,6.6613381477509392e-16,3.0198066269804258e-14,2.2204460492503131e-16,0.00042208301601931453,0.00062695899396203458
2,32,0,10,0,0.23000000000000001,0.31,0.37,0.20718750000000014,0.30968750000000017,0,constant,1,8,0,9,recursive,-2.0908117834711617e-08,6.6613381477509392e-16,3.0198066269804258e-14,2.2204460492503131e-16,0.00042208301601931453,0.00062695899396203458
2,32,0,10,0,0.23000000000000001,0.31,0.37,0.20718750000000014,0.30968750000000017,0,constant,1,8,0,9,direct,0,6.6613381477509392e-16,3.0198066269804258e-14,2.2204460492503131e-16,0.00042208301601931453,0.00062695899396203458
2,32,0,10,0,0.23000000000000001,0.31,0.37,0.20718750000000014,0.30968750000000017,0,constant,1,8,0,9,fe_geometry,1.240690309476075e-06,6.6613381477509392e-16,3.0198066269804258e-14,2.2204460492503131e-16,0.00042208301601931453,0.00062695899396203458
2,32,0,10,0,0.23000000000000001,0.31,0.37,0.20718750000000014,0.30968750000000017,0,constant,0,9,0,9,recursive,-1.5484656752828553e-07,6.6613381477509392e-16,3.0198066269804258e-14,2.2204460492503131e-16,0.00042208301601931453,0.00062695899396203458
2,32,0,10,0,0.23000000000000001,0.31,0.37,0.20718750000000014,0.30968750000000017,0,constant,0,9,0,9,direct,0,6.6613381477509392e-16,3.0198066269804258e-14,2.2204460492503131e-16,0.00042208301601931453,0.00062695899396203458
2,32,0,10,0,0.23000000000000001,0.31,0.37,0.20718750000000014,0.30968750000000017,0,constant,0,9,0,9,fe_geometry,8.618287372947067e-07,6.6613381477509392e-16,3.0198066269804258e-14,2.2204460492503131e-16,0.00042208301601931453,0.00062695899396203458
2,32,0,10,0,0.23000000000000001,0.31,0.37,0.20718750000000014,0.30968750000000017,0,constant,10,0,0,10,recursive,1.5470578306542623e-05,6.6613381477509392e-16,3.0198066269804258e-14,2.2204460492503131e-16,0.00042208301601931453,0.00062695899396203458
2,32,0,10,0,0.23000000000000001,0.31,0.37,0.20718750000000014,0.30968750000000017,0,constant,10,0,0,10,direct,0,6.6613381477509392e-16,3.0198066269804258e-14,2.2204460492503131e-16,0.00042208301601931453,0.00062695899396203458
2,32,0,10,0,0.23000000000000001,0.31,0.37,0.20718750000000014,0.30968750000000017,0,constant,10,0,0,10,fe_geometry,-1.3205489796718559e-14,6.6613381477509392e-16,3.0198066269804258e-14,2.2204460492503131e-16,0.00042208301601931453,0.00062695899396203458
2,32,0,10,0,0.23000000000000001,0.31,0.37,0.20718750000000014,0.30968750000000017,0,constant,9,1,0,10,recursive,-4.4116739639928361e-05,6.6613381477509392e-16,3.0198066269804258e-14,2.2204460492503131e-16,0.00042208301601931453,0.00062695899396203458
2,32,0,10,0,0.23000000000000001,0.31,0.37,0.20718750000000014,0.30968750000000017,0,constant,9,1,0,10,direct,0,6.6613381477509392e-16,3.0198066269804258e-14,2.2204460492503131e-16,0.00042208301601931453,0.00062695899396203458
2,32,0,10,0,0.23000000000000001,0.31,0.37,0.20718750000000014,0.30968750000000017,0,constant,9,1,0,10,fe_geometry,-0.001484754401766878,6.6613381477509392e-16,3.0198066269804258e-14,2.2204460492503131e-16,0.00042208301601931453,0.00062695899396203458
2,32,0,10,0,0.23000000000000001,0.31,0.37,0.20718750000000014,0.30968750000000017,0,constant,8,2,0,10,recursive,-0.0001247006874419505,6.6613381477509392e-16,3.0198066269804258e-14,2.2204460492503131e-16,0.00042208301601931453,0.00062695899396203458
2,32,0,10,0,0.23000000000000001,0.31,0.37,0.20718750000000014,0.30968750000000017,0,constant,8,2,0,10,direct,0,6.6613381477509392e-16,3.0198066269804258e-14,2.2204460492503131e-16,0.00042208301601931453,0.00062695899396203458
2,32,0,10,0,0.23000000000000001,0.31,0.37,0.20718750000000014,0.30968750000000017,0,constant,8,2,0,10,fe_geometry,-0.0043870101086537277,6.6613381477509392e-16,3.0198066269804258e-14,2.2204460492503131e-16,0.00042208301601931453,0.00062695899396203458
2,32,0,10,0,0.23000000000000001,0.31,0.37,0.20718750000000014,0.30968750000000017,0,constant,7,3,0,10,recursive,-0.00010797027104850986,6.6613381477509392e-16,3.0198066269804258e-14,2.2204460492503131e-16,0.00042208301601931453,0.00062695899396203458
2,32,0,10,0,0.23000000000000001,0.31,0.37,0.20718750000000014,0.30968750000000017,0,constant,7,3,0,10,direct,0,6.6613381477509392e-16,3.0198066269804258e-14,2.2204460492503131e-16,0.00042208301601931453,0.00062695899396203458
2,32,0,10,0,0.23000000000000001,0.31,0.37,0.20718750000000014,0.30968750000000017,0,constant,7,3,0,10,fe_geometry,0.0018904681948153353,6.6613381477509392e-16,3.0198066269804258e-14,2.2204460492503131e-16,0.00042208301601931453,0.00062695899396203458
2,32,0,10,0,0.23000000000000001,0.31,0.37,0.20718750000000014,0.30968750000000017,0,constant,6,4,0,10,recursive,665616859.94322181,6.6613381477509392e-16,3.0198066269804258e-14,2.2204460492503131e-16,0.00042208301601931453,0.00062695899396203458
2,32,0,10,0,0.23000000000000001,0.31,0.37,0.20718750000000014,0.30968750000000017,0,constant,6,4,0,10,direct,0,6.6613381477509392e-16,3.0198066269804258e-14,2.2204460492503131e-16,0.00042208301601931453,0.00062695899396203458
2,32,0,10,0,0.23000000000000001,0.31,0.37,0.20718750000000014,0.30968750000000017,0,constant,6,4,0,10,fe_geometry,0.0036729183027546628,6.6613381477509392e-16,3.0198066269804258e-14,2.2204460492503131e-16,0.00042208301601931453,0.00062695899396203458
2,32,0,10,0,0.23000000000000001,0.31,0.37,0.20718750000000014,0.30968750000000017,0,constant,5,5,0,10,recursive,607825289.61941016,6.6613381477509392e-16,3.0198066269804258e-14,2.2204460492503131e-16,0.00042208301601931453,0.00062695899396203458
2,32,0,10,0,0.23000000000000001,0.31,0.37,0.20718750000000014,0.30968750000000017,0,constant,5,5,0,10,direct,-202752000,6.6613381477509392e-16,3.0198066269804258e-14,2.2204460492503131e-16,0.00042208301601931453,0.00062695899396203458
2,32,0,10,0,0.23000000000000001,0.31,0.37,0.20718750000000014,0.30968750000000017,0,constant,5,5,0,10,fe_geometry,-202751999.99971366,6.6613381477509392e-16,3.0198066269804258e-14,2.2204460492503131e-16,0.00042208301601931453,0.00062695899396203458
2,32,0,10,0,0.23000000000000001,0.31,0.37,0.20718750000000014,0.30968750000000017,0,constant,4,6,0,10,recursive,-8.2654164740960509e-05,6.6613381477509392e-16,3.0198066269804258e-14,2.2204460492503131e-16,0.00042208301601931453,0.00062695899396203458
2,32,0,10,0,0.23000000000000001,0.31,0.37,0.20718750000000014,0.30968750000000017,0,constant,4,6,0,10,direct,0,6.6613381477509392e-16,3.0198066269804258e-14,2.2204460492503131e-16,0.00042208301601931453,0.00062695899396203458
2,32,0,10,0,0.23000000000000001,0.31,0.37,0.20718750000000014,0.30968750000000017,0,constant,4,6,0,10,fe_geometry,-2.0121164846254647e-05,6.6613381477509392e-16,3.0198066269804258e-14,2.2204460492503131e-16,0.00042208301601931453,0.00062695899396203458
2,32,0,10,0,0.23000000000000001,0.31,0.37,0.20718750000000014,0.30968750000000017,0,constant,3,7,0,10,recursive,0.00010814707878802239,6.6613381477509392e-16,3.0198066269804258e-14,2.2204460492503131e-16,0.00042208301601931453,0.00062695899396203458
2,32,0,10,0,0.23000000000000001,0.31,0.37,0.20718750000000014,0.30968750000000017,0,constant,3,7,0,10,direct,0,6.6613381477509392e-16,3.0198066269804258e-14,2.2204460492503131e-16,0.00042208301601931453,0.00062695899396203458
2,32,0,10,0,0.23000000000000001,0.31,0.37,0.20718750000000014,0.30968750000000017,0,constant,3,7,0,10,fe_geometry,0.0003673467338529837,6.6613381477509392e-16,3.0198066269804258e-14,2.2204460492503131e-16,0.00042208301601931453,0.00062695899396203458
2,32,0,10,0,0.23000000000000001,0.31,0.37,0.20718750000000014,0.30968750000000017,0,constant,2,8,0,10,recursive,3.5423596216132735e-05,6.6613381477509392e-16,3.0198066269804258e-14,2.2204460492503131e-16,0.00042208301601931453,0.00062695899396203458
2,32,0,10,0,0.23000000000000001,0.31,0.37,0.20718750000000014,0.30968750000000017,0,constant,2,8,0,10,direct,0,6.6613381477509392e-16,3.0198066269804258e-14,2.2204460492503131e-16,0.00042208301601931453,0.00062695899396203458
2,32,0,10,0,0.23000000000000001,0.31,0.37,0.20718750000000014,0.30968750000000017,0,constant,2,8,0,10,fe_geometry,0.00022111158575768708,6.6613381477509392e-16,3.0198066269804258e-14,2.2204460492503131e-16,0.00042208301601931453,0.00062695899396203458
2,32,0,10,0,0.23000000000000001,0.31,0.37,0.20718750000000014,0.30968750000000017,0,constant,1,9,0,10,recursive,-1.8296171826199023e-05,6.6613381477509392e-16,3.0198066269804258e-14,2.2204460492503131e-16,0.00042208301601931453,0.00062695899396203458
2,32,0,10,0,0.23000000000000001,0.31,0.37,0.20718750000000014,0.30968750000000017,0,constant,1,9,0,10,direct,0,6.6613381477509392e-16,3.0198066269804258e-14,2.2204460492503131e-16,0.00042208301601931453,0.00062695899396203458
2,32,0,10,0,0.23000000000000001,0.31,0.37,0.20718750000000014,0.30968750000000017,0,constant,1,9,0,10,fe_geometry,4.6586142893996627e-05,6.6613381477509392e-16,3.0198066269804258e-14,2.2204460492503131e-16,0.00042208301601931453,0.00062695899396203458
2,32,0,10,0,0.23000000000000001,0.31,0.37,0.20718750000000014,0.30968750000000017,0,constant,0,10,0,10,recursive,7.4736392199049488e-06,6.6613381477509392e-16,3.0198066269804258e-14,2.2204460492503131e-16,0.00042208301601931453,0.00062695899396203458
2,32,0,10,0,0.23000000000000001,0.31,0.37,0.20718750000000014,0.30968750000000017,0,constant,0,10,0,10,direct,0,6.6613381477509392e-16,3.0198066269804258e-14,2.2204460492503131e-16,0.00042208301601931453,0.00062695899396203458
2,32,0,10,0,0.23000000000000001,0.31,0.37,0.20718750000000014,0.30968750000000017,0,constant,0,10,0,10,fe_geometry,2.1877623091902322e-16,6.6613381477509392e-16,3.0198066269804258e-14,2.2204460492503131e-16,0.00042208301601931453,0.00062695899396203458
2,32,0,10,0,0.23000000000000001,0.31,0.37,0.20718750000000014,0.30968750000000017,0,quintic,1,0,0,1,recursive,0.048954683570907431,4.3368086899420177e-18,3.0198066269804258e-14,2.2204460492503131e-16,0.00042208301601931453,0.0016144589753821492
2,32,0,10,0,0.23000000000000001,0.31,0.37,0.20718750000000014,0.30968750000000017,0,quintic,1,0,0,1,direct,0.048954683570907188,4.3368086899420177e-18,3.0198066269804258e-14,2.2204460492503131e-16,0.00042208301601931453,0.0016144589753821492
2,32,0,10,0,0.23000000000000001,0.31,0.37,0.20718750000000014,0.30968750000000017,0,quintic,1,0,0,1,fe_geometry,0.048954683570913052,4.3368086899420177e-18,3.0198066269804258e-14,2.2204460492503131e-16,0.00042208301601931453,0.0016144589753821492
2,32,0,10,0,0.23000000000000001,0.31,0.37,0.20718750000000014,0.30968750000000017,0,quintic,0,1,0,1,recursive,0.072577837738083101,4.3368086899420177e-18,3.0198066269804258e-14,2.2204460492503131e-16,0.00042208301601931453,0.0016144589753821492
2,32,0,10,0,0.23000000000000001,0.31,0.37,0.20718750000000014,0.30968750000000017,0,quintic,0,1,0,1,direct,0.072577837738080103,4.3368086899420177e-18,3.0198066269804258e-14,2.2204460492503131e-16,0.00042208301601931453,0.0016144589753821492
2,32,0,10,0,0.23000000000000001,0.31,0.37,0.20718750000000014,0.30968750000000017,0,quintic,0,1,0,1,fe_geometry,0.072577837738074469,4.3368086899420177e-18,3.0198066269804258e-14,2.2204460492503131e-16,0.00042208301601931453,0.0016144589753821492
2,32,0,10,0,0.23000000000000001,0.31,0.37,0.20718750000000014,0.30968750000000017,0,quintic,2,0,0,2,recursive,0.36969004333497846,4.3368086899420177e-18,3.0198066269804258e-14,2.2204460492503131e-16,0.00042208301601931453,0.0016144589753821492
2,32,0,10,0,0.23000000000000001,0.31,0.37,0.20718750000000014,0.30968750000000017,0,quintic,2,0,0,2,direct,0.36969004333552119,4.3368086899420177e-18,3.0198066269804258e-14,2.2204460492503131e-16,0.00042208301601931453,0.0016144589753821492
2,32,0,10,0,0.23000000000000001,0.31,0.37,0.20718750000000014,0.30968750000000017,0,quintic,2,0,0,2,fe_geometry,0.36969004333696803,4.3368086899420177e-18,3.0198066269804258e-14,2.2204460492503131e-16,0.00042208301601931453,0.0016144589753821492
2,32,0,10,0,0.23000000000000001,0.31,0.37,0.20718750000000014,0.30968750000000017,0,quintic,1,1,0,2,recursive,0.25665351562493971,4.3368086899420177e-18,3.0198066269804258e-14,2.2204460492503131e-16,0.00042208301601931453,0.0016144589753821492
2,32,0,10,0,0.23000000000000001,0.31,0.37,0.20718750000000014,0.30968750000000017,0,quintic,1,1,0,2,direct,0.25665351562523903,4.3368086899420177e-18,3.0198066269804258e-14,2.2204460492503131e-16,0.00042208301601931453,0.0016144589753821492
2,32,0,10,0,0.23000000000000001,0.31,0.37,0.20718750000000014,0.30968750000000017,0,quintic,1,1,0,2,fe_geometry,0.25665351562531252,4.3368086899420177e-18,3.0198066269804258e-14,2.2204460492503131e-16,0.00042208301601931453,0.0016144589753821492
2,32,0,10,0,0.23000000000000001,0.31,0.37,0.20718750000000014,0.30968750000000017,0,quintic,0,2,0,2,recursive,0.67987326110880131,4.3368086899420177e-18,3.0198066269804258e-14,2.2204460492503131e-16,0.00042208301601931453,0.0016144589753821492
2,32,0,10,0,0.23000000000000001,0.31,0.37,0.20718750000000014,0.30968750000000017,0,quintic,0,2,0,2,direct,0.67987326110902635,4.3368086899420177e-18,3.0198066269804258e-14,2.2204460492503131e-16,0.00042208301601931453,0.0016144589753821492
2,32,0,10,0,0.23000000000000001,0.31,0.37,0.20718750000000014,0.30968750000000017,0,quintic,0,2,0,2,fe_geometry,0.67987326110924673,4.3368086899420177e-18,3.0198066269804258e-14,2.2204460492503131e-16,0.00042208301601931453,0.0016144589753821492
2,32,0,10,0,0.23000000000000001,0.31,0.37,0.20718750000000014,0.30968750000000017,0,quintic,3,0,0,3,recursive,2.5755996095120013,4.3368086899420177e-18,3.0198066269804258e-14,2.2204460492503131e-16,0.00042208301601931453,0.0016144589753821492
2,32,0,10,0,0.23000000000000001,0.31,0.37,0.20718750000000014,0.30968750000000017,0,quintic,3,0,0,3,direct,2.5755996094195286,4.3368086899420177e-18,3.0198066269804258e-14,2.2204460492503131e-16,0.00042208301601931453,0.0016144589753821492
2,32,0,10,0,0.23000000000000001,0.31,0.37,0.20718750000000014,0.30968750000000017,0,quintic,3,0,0,3,fe_geometry,2.5755996089626212,4.3368086899420177e-18,3.0198066269804258e-14,2.2204460492503131e-16,0.00042208301601931453,0.0016144589753821492
2,32,0,10,0,0.23000000000000001,0.31,0.37,0.20718750000000014,0.30968750000000017,0,quintic,2,1,0,3,recursive,1.2387500000137612,4.3368086899420177e-18,3.0198066269804258e-14,2.2204460492503131e-16,0.00042208301601931453,0.0016144589753821492
2,32,0,10,0,0.23000000000000001,0.31,0.37,0.20718750000000014,0.30968750000000017,0,quintic,2,1,0,3,direct,1.2387500000740717,4.3368086899420177e-18,3.0198066269804258e-14,2.2204460492503131e-16,0.00042208301601931453,0.0016144589753821492
2,32,0,10,0,0.23000000000000001,0.31,0.37,0.20718750000000014,0.30968750000000017,0,quintic,2,1,0,3,fe_geometry,1.2387500001136595,4.3368086899420177e-18,3.0198066269804258e-14,2.2204460492503131e-16,0.00042208301601931453,0.0016144589753821492
2,32,0,10,0,0.23000000000000001,0.31,0.37,0.20718750000000014,0.30968750000000017,0,quintic,1,2,0,3,recursive,0.82875000004046973,4.3368086899420177e-18,3.0198066269804258e-14,2.2204460492503131e-16,0.00042208301601931453,0.0016144589753821492
2,32,0,10,0,0.23000000000000001,0.31,0.37,0.20718750000000014,0.30968750000000017,0,quintic,1,2,0,3,direct,0.82875000012544442,4.3368086899420177e-18,3.0198066269804258e-14,2.2204460492503131e-16,0.00042208301601931453,0.0016144589753821492
2,32,0,10,0,0.23000000000000001,0.31,0.37,0.20718750000000014,0.30968750000000017,0,quintic,1,2,0,3,fe_geometry,0.82875000011789801,4.3368086899420177e-18,3.0198066269804258e-14,2.2204460492503131e-16,0.00042208301601931453,0.0016144589753821492
2,32,0,10,0,0.23000000000000001,0.31,0.37,0.20718750000000014,0.30968750000000017,0,quintic,0,3,0,3,recursive,5.7543808594616994,4.3368086899420177e-18,3.0198066269804258e-14,2.2204460492503131e-16,0.00042208301601931453,0.0016144589753821492
2,32,0,10,0,0.23000000000000001,0.31,0.37,0.20718750000000014,0.30968750000000017,0,quintic,0,3,0,3,direct,5.7543808594810386,4.3368086899420177e-18,3.0198066269804258e-14,2.2204460492503131e-16,0.00042208301601931453,0.0016144589753821492
2,32,0,10,0,0.23000000000000001,0.31,0.37,0.20718750000000014,0.30968750000000017,0,quintic,0,3,0,3,fe_geometry,5.7543808594916124,4.3368086899420177e-18,3.0198066269804258e-14,2.2204460492503131e-16,0.00042208301601931453,0.0016144589753821492
2,32,0,10,0,0.23000000000000001,0.31,0.37,0.20718750000000014,0.30968750000000017,0,quintic,4,0,0,4,recursive,24.862499955024759,4.3368086899420177e-18,3.0198066269804258e-14,2.2204460492503131e-16,0.00042208301601931453,0.0016144589753821492
2,32,0,10,0,0.23000000000000001,0.31,0.37,0.20718750000000014,0.30968750000000017,0,quintic,4,0,0,4,direct,24.862499972320975,4.3368086899420177e-18,3.0198066269804258e-14,2.2204460492503131e-16,0.00042208301601931453,0.0016144589753821492
2,32,0,10,0,0.23000000000000001,0.31,0.37,0.20718750000000014,0.30968750000000017,0,quintic,4,0,0,4,fe_geometry,24.862500005698003,4.3368086899420177e-18,3.0198066269804258e-14,2.2204460492503131e-16,0.00042208301601931453,0.0016144589753821492
2,32,0,10,0,0.23000000000000001,0.31,0.37,0.20718750000000014,0.30968750000000017,0,quintic,3,1,0,4,recursive,-5.0168875850879139e-09,4.3368086899420177e-18,3.0198066269804258e-14,2.2204460492503131e-16,0.00042208301601931453,0.0016144589753821492
2,32,0,10,0,0.23000000000000001,0.31,0.37,0.20718750000000014,0.30968750000000017,0,quintic,3,1,0,4,direct,-3.9933738278970673e-08,4.3368086899420177e-18,3.0198066269804258e-14,2.2204460492503131e-16,0.00042208301601931453,0.0016144589753821492
2,32,0,10,0,0.23000000000000001,0.31,0.37,0.20718750000000014,0.30968750000000017,0,quintic,3,1,0,4,fe_geometry,-5.6214740378700557e-08,4.3368086899420177e-18,3.0198066269804258e-14,2.2204460492503131e-16,0.00042208301601931453,0.0016144589753821492
2,32,0,10,0,0.23000000000000001,0.31,0.37,0.20718750000000014,0.30968750000000017,0,quintic,2,2,0,4,recursive,4.0000000126621931,4.3368086899420177e-18,3.0198066269804258e-14,2.2204460492503131e-16,0.00042208301601931453,0.0016144589753821492
2,32,0,10,0,0.23000000000000001,0.31,0.37,0.20718750000000014,0.30968750000000017,0,quintic,2,2,0,4,direct,4.0000000084010567,4.3368086899420177e-18,3.0198066269804258e-14,2.2204460492503131e-16,0.00042208301601931453,0.0016144589753821492
2,32,0,10,0,0.23000000000000001,0.31,0.37,0.20718750000000014,0.30968750000000017,0,quintic,2,2,0,4,fe_geometry,4.0000000034247742,4.3368086899420177e-18,3.0198066269804258e-14,2.2204460492503131e-16,0.00042208301601931453,0.0016144589753821492
2,32,0,10,0,0.23000000000000001,0.31,0.37,0.20718750000000014,0.30968750000000017,0,quintic,1,3,0,4,recursive,-9.6060650435945232e-10,4.3368086899420177e-18,3.0198066269804258e-14,2.2204460492503131e-16,0.00042208301601931453,0.0016144589753821492
2,32,0,10,0,0.23000000000000001,0.31,0.37,0.20718750000000014,0.30968750000000017,0,quintic,1,3,0,4,direct,-2.4235483428742601e-08,4.3368086899420177e-18,3.0198066269804258e-14,2.2204460492503131e-16,0.00042208301601931453,0.0016144589753821492
2,32,0,10,0,0.23000000000000001,0.31,0.37,0.20718750000000014,0.30968750000000017,0,quintic,1,3,0,4,fe_geometry,-2.7364637850913825e-08,4.3368086899420177e-18,3.0198066269804258e-14,2.2204460492503131e-16,0.00042208301601931453,0.0016144589753821492
2,32,0,10,0,0.23000000000000001,0.31,0.37,0.20718750000000014,0.30968750000000017,0,quintic,0,4,0,4,recursive,37.162499965688305,4.3368086899420177e-18,3.0198066269804258e-14,2.2204460492503131e-16,0.00042208301601931453,0.0016144589753821492
2,32,0,10,0,0.23000000000000001,0.31,0.37,0.20718750000000014,0.30968750000000017,0,quintic,0,4,0,4,direct,37.162499930008352,4.3368086899420177e-18,3.0198066269804258e-14,2.2204460492503131e-16,0.00042208301601931453,0.0016144589753821492
2,32,0,10,0,0.23000000000000001,0.31,0.37,0.20718750000000014,0.30968750000000017,0,quintic,0,4,0,4,fe_geometry,37.162499936296889,4.3368086899420177e-18,3.0198066269804258e-14,2.2204460492503131e-16,0.00042208301601931453,0.0016144589753821492
2,32,0,10,0,0.23000000000000001,0.31,0.37,0.20718750000000014,0.30968750000000017,0,quintic,5,0,0,5,recursive,120.00001172892063,4.3368086899420177e-18,3.0198066269804258e-14,2.2204460492503131e-16,0.00042208301601931453,0.0016144589753821492
2,32,0,10,0,0.23000000000000001,0.31,0.37,0.20718750000000014,0.30968750000000017,0,quintic,5,0,0,5,direct,120.00000332874909,4.3368086899420177e-18,3.0198066269804258e-14,2.2204460492503131e-16,0.00042208301601931453,0.0016144589753821492
2,32,0,10,0,0.23000000000000001,0.31,0.37,0.20718750000000014,0.30968750000000017,0,quintic,5,0,0,5,fe_geometry,120.00000417593722,4.3368086899420177e-18,3.0198066269804258e-14,2.2204460492503131e-16,0.00042208301601931453,0.0016144589753821492
2,32,0,10,0,0.23000000000000001,0.31,0.37,0.20718750000000014,0.30968750000000017,0,quintic,4,1,0,5,recursive,5.9748907355158813e-06,4.3368086899420177e-18,3.0198066269804258e-14,2.2204460492503131e-16,0.00042208301601931453,0.0016144589753821492
2,32,0,10,0,0.23000000000000001,0.31,0.37,0.20718750000000014,0.30968750000000017,0,quintic,4,1,0,5,direct,9.6578004998228166e-06,4.3368086899420177e-18,3.0198066269804258e-14,2.2204460492503131e-16,0.00042208301601931453,0.0016144589753821492
2,32,0,10,0,0.23000000000000001,0.31,0.37,0.20718750000000014,0.30968750000000017,0,quintic,4,1,0,5,fe_geometry,1.1377562214778059e-05,4.3368086899420177e-18,3.0198066269804258e-14,2.2204460492503131e-16,0.00042208301601931453,0.0016144589753821492
2,32,0,10,0,0.23000000000000001,0.31,0.37,0.20718750000000014,0.30968750000000017,0,quintic,3,2,0,5,recursive,-5.8174074496214111e-06,4.3368086899420177e-18,3.0198066269804258e-14,2.2204460492503131e-16,0.00042208301601931453,0.0016144589753821492
2,32,0,10,0,0.23000000000000001,0.31,0.37,0.20718750000000014,0.30968750000000017,0,quintic,3,2,0,5,direct,-5.0171652974431928e-06,4.3368086899420177e-18,3.0198066269804258e-14,2.2204460492503131e-16,0.00042208301601931453,0.0016144589753821492
2,32,0,10,0,0.23000000000000001,0.31,0.37,0.20718750000000014,0.30968750000000017,0,quintic,3,2,0,5,fe_geometry,-3.3020486395922262e-06,4.3368086899420177e-18,3.0198066269804258e-14,2.2204460492503131e-16,0.00042208301601931453,0.0016144589753821492
2,32,0,10,0,0.23000000000000001,0.31,0.37,0.20718750000000014,0.30968750000000017,0,quintic,2,3,0,5,recursive,-1.0782309160764634e-06,4.3368086899420177e-18,3.0198066269804258e-14,2.2204460492503131e-16,0.00042208301601931453,0.0016144589753821492
2,32,0,10,0,0.23000000000000001,0.31,0.37,0.20718750000000014,0.30968750000000017,0,quintic,2,3,0,5,direct,-2.3253916489557056e-06,4.3368086899420177e-18,3.0198066269804258e-14,2.2204460492503131e-16,0.00042208301601931453,0.0016144589753821492
2,32,0,10,0,0.23000000000000001,0.31,0.37,0.20718750000000014,0.30968750000000017,0,quintic,2,3,0,5,fe_geometry,-3.7942979232268926e-06,4.3368086899420177e-18,3.0198066269804258e-14,2.2204460492503131e-16,0.00042208301601931453,0.0016144589753821492
2,32,0,10,0,0.23000000000000001,0.31,0.37,0.20718750000000014,0.30968750000000017,0,quintic,1,4,0,5,recursive,-1.8263793215126612e-06,4.3368086899420177e-18,3.0198066269804258e-14,2.2204460492503131e-16,0.00042208301601931453,0.0016144589753821492
2,32,0,10,0,0.23000000000000001,0.31,0.37,0.20718750000000014,0.30968750000000017,0,quintic,1,4,0,5,direct,-6.1368818915344305e-06,4.3368086899420177e-18,3.0198066269804258e-14,2.2204460492503131e-16,0.00042208301601931453,0.0016144589753821492
2,32,0,10,0,0.23000000000000001,0.31,0.37,0.20718750000000014,0.30968750000000017,0,quintic,1,4,0,5,fe_geometry,-5.2632745357699222e-06,4.3368086899420177e-18,3.0198066269804258e-14,2.2204460492503131e-16,0.00042208301601931453,0.0016144589753821492
2,32,0,10,0,0.23000000000000001,0.31,0.37,0.20718750000000014,0.30968750000000017,0,quintic,0,5,0,5,recursive,120.00000169781035,4.3368086899420177e-18,3.0198066269804258e-14,2.2204460492503131e-16,0.00042208301601931453,0.0016144589753821492
2,32,0,10,0,0.23000000000000001,0.31,0.37,0.20718750000000014,0.30968750000000017,0,quintic,0,5,0,5,direct,120.00001110249545,4.3368086899420177e-18,3.0198066269804258e-14,2.2204460492503131e-16,0.00042208301601931453,0.0016144589753821492
2,32,0,10,0,0.23000000000000001,0.31,0.37,0.20718750000000014,0.30968750000000017,0,quintic,0,5,0,5,fe_geometry,120.00001134766843,4.3368086899420177e-18,3.0198066269804258e-14,2.2204460492503131e-16,0.00042208301601931453,0.0016144589753821492
2,32,0,10,0,0.23000000000000001,0.31,0.37,0.20718750000000014,0.30968750000000017,0,quintic,6,0,0,6,recursive,-0.0015182631803609952,4.3368086899420177e-18,3.0198066269804258e-14,2.2204460492503131e-16,0.00042208301601931453,0.0016144589753821492
2,32,0,10,0,0.23000000000000001,0.31,0.37,0.20718750000000014,0.30968750000000017,0,quintic,6,0,0,6,direct,0,4.3368086899420177e-18,3.0198066269804258e-14,2.2204460492503131e-16,0.00042208301601931453,0.0016144589753821492
2,32,0,10,0,0.23000000000000001,0.31,0.37,0.20718750000000014,0.30968750000000017,0,quintic,6,0,0,6,fe_geometry,1.5545112420469019e-05,4.3368086899420177e-18,3.0198066269804258e-14,2.2204460492503131e-16,0.00042208301601931453,0.0016144589753821492
2,32,0,10,0,0.23000000000000001,0.31,0.37,0.20718750000000014,0.30968750000000017,0,quintic,5,1,0,6,recursive,-0.0022893563447325023,4.3368086899420177e-18,3.0198066269804258e-14,2.2204460492503131e-16,0.00042208301601931453,0.0016144589753821492
2,32,0,10,0,0.23000000000000001,0.31,0.37,0.20718750000000014,0.30968750000000017,0,quintic,5,1,0,6,direct,-0.0010398931297653504,4.3368086899420177e-18,3.0198066269804258e-14,2.2204460492503131e-16,0.00042208301601931453,0.0016144589753821492
2,32,0,10,0,0.23000000000000001,0.31,0.37,0.20718750000000014,0.30968750000000017,0,quintic,5,1,0,6,fe_geometry,-0.0010017382454966962,4.3368086899420177e-18,3.0198066269804258e-14,2.2204460492503131e-16,0.00042208301601931453,0.0016144589753821492
2,32,0,10,0,0.23000000000000001,0.31,0.37,0.20718750000000014,0.30968750000000017,0,quintic,4,2,0,6,recursive,0.00090952737144128911,4.3368086899420177e-18,3.0198066269804258e-14,2.2204460492503131e-16,0.00042208301601931453,0.0016144589753821492
2,32,0,10,0,0.23000000000000001,0.31,0.37,0.20718750000000014,0.30968750000000017,0,quintic,4,2,0,6,direct,0.001095423593187883,4.3368086899420177e-18,3.0198066269804258e-14,2.2204460492503131e-16,0.00042208301601931453,0.0016144589753821492
2,32,0,10,0,0.23000000000000001,0.31,0.37,0.20718750000000014,0.30968750000000017,0,quintic,4,2,0,6,fe_geometry,0.00096477341363820207,4.3368086899420177e-18,3.0198066269804258e-14,2.2204460492503131e-16,0.00042208301601931453,0.0016144589753821492
2,32,0,10,0,0.23000000000000001,0.31,0.37,0.20718750000000014,0.30968750000000017,0,quintic,3,3,0,6,recursive,0.0005866020794147831,4.3368086899420177e-18,3.0198066269804258e-14,2.2204460492503131e-16,0.00042208301601931453,0.0016144589753821492
2,32,0,10,0,0.23000000000000001,0.31,0.37,0.20718750000000014,0.30968750000000017,0,quintic,3,3,0,6,direct,0.0021793687875949833,4.3368086899420177e-18,3.0198066269804258e-14,2.2204460492503131e-16,0.00042208301601931453,0.0016144589753821492
2,32,0,10,0,0.23000000000000001,0.31,0.37,0.20718750000000014,0.30968750000000017,0,quintic,3,3,0,6,fe_geometry,0.0028504594438471731,4.3368086899420177e-18,3.0198066269804258e-14,2.2204460492503131e-16,0.00042208301601931453,0.0016144589753821492
2,32,0,10,0,0.23000000000000001,0.31,0.37,0.20718750000000014,0.30968750000000017,0,quintic,2,4,0,6,recursive,-0.0013083538300247108,4.3368086899420177e-18,3.0198066269804258e-14,2.2204460492503131e-16,0.00042208301601931453,0.0016144589753821492
2,32,0,10,0,0.23000000000000001,0.31,0.37,0.20718750000000014,0.30968750000000017,0,quintic,2,4,0,6,direct,0.0001816937214853455,4.3368086899420177e-18,3.0198066269804258e-14,2.2204460492503131e-16,0.00042208301601931453,0.0016144589753821492
2,32,0,10,0,0.23000000000000001,0.31,0.37,0.20718750000000014,0.30968750000000017,0,quintic,2,4,0,6,fe_geometry,0.00035252538498660929,4.3368086899420177e-18,3.0198066269804258e-14,2.2204460492503131e-16,0.00042208301601931453,0.0016144589753821492
2,32,0,10,0,0.23000000000000001,0.31,0.37,0.20718750000000014,0.30968750000000017,0,quintic,1,5,0,6,recursive,0.00026100141339544756,4.3368086899420177e-18,3.0198066269804258e-14,2.2204460492503131e-16,0.00042208301601931453,0.0016144589753821492
2,32,0,10,0,0.23000000000000001,0.31,0.37,0.20718750000000014,0.30968750000000017,0,quintic,1,5,0,6,direct,0.0015430617968088345,4.3368086899420177e-18,3.0198066269804258e-14,2.2204460492503131e-16,0.00042208301601931453,0.0016144589753821492
2,32,0,10,0,0.23000000000000001,0.31,0.37,0.20718750000000014,0.30968750000000017,0,quintic,1,5,0,6,fe_geometry,0.0015812319406226531,4.3368086899420177e-18,3.0198066269804258e-14,2.2204460492503131e-16,0.00042208301601931453,0.0016144589753821492
2,32,0,10,0,0.23000000000000001,0.31,0.37,0.20718750000000014,0.30968750000000017,0,quintic,0,6,0,6,recursive,0.00037406390560351465,4.3368086899420177e-18,3.0198066269804258e-14,2.2204460492503131e-16,0.00042208301601931453,0.0016144589753821492
2,32,0,10,0,0.23000000000000001,0.31,0.37,0.20718750000000014,0.30968750000000017,0,quintic,0,6,0,6,direct,0,4.3368086899420177e-18,3.0198066269804258e-14,2.2204460492503131e-16,0.00042208301601931453,0.0016144589753821492
2,32,0,10,0,0.23000000000000001,0.31,0.37,0.20718750000000014,0.30968750000000017,0,quintic,0,6,0,6,fe_geometry,5.3328430281217455e-06,4.3368086899420177e-18,3.0198066269804258e-14,2.2204460492503131e-16,0.00042208301601931453,0.0016144589753821492
2,32,0,10,0,0.23000000000000001,0.31,0.37,0.20718750000000014,0.30968750000000017,0,quintic,7,0,0,7,recursive,-0.011193091264797632,4.3368086899420177e-18,3.0198066269804258e-14,2.2204460492503131e-16,0.00042208301601931453,0.0016144589753821492
2,32,0,10,0,0.23000000000000001,0.31,0.37,0.20718750000000014,0.30968750000000017,0,quintic,7,0,0,7,direct,0,4.3368086899420177e-18,3.0198066269804258e-14,2.2204460492503131e-16,0.00042208301601931453,0.0016144589753821492
2,32,0,10,0,0.23000000000000001,0.31,0.37,0.20718750000000014,0.30968750000000017,0,quintic,7,0,0,7,fe_geometry,0.00019285819478862093,4.3368086899420177e-18,3.0198066269804258e-14,2.2204460492503131e-16,0.00042208301601931453,0.0016144589753821492
2,32,0,10,0,0.23000000000000001,0.31,0.37,0.20718750000000014,0.30968750000000017,0,quintic,6,1,0,7,recursive,0.30178683424161706,4.3368086899420177e-18,3.0198066269804258e-14,2.2204460492503131e-16,0.00042208301601931453,0.0016144589753821492
2,32,0,10,0,0.23000000000000001,0.31,0.37,0.20718750000000014,0.30968750000000017,0,quintic,6,1,0,7,direct,0,4.3368086899420177e-18,3.0198066269804258e-14,2.2204460492503131e-16,0.00042208301601931453,0.0016144589753821492
2,32,0,10,0,0.23000000000000001,0.31,0.37,0.20718750000000014,0.30968750000000017,0,quintic,6,1,0,7,fe_geometry,0.00065971519460001683,4.3368086899420177e-18,3.0198066269804258e-14,2.2204460492503131e-16,0.00042208301601931453,0.0016144589753821492
2,32,0,10,0,0.23000000000000001,0.31,0.37,0.20718750000000014,0.30968750000000017,0,quintic,5,2,0,7,recursive,-0.2163908494291594,4.3368086899420177e-18,3.0198066269804258e-14,2.2204460492503131e-16,0.00042208301601931453,0.0016144589753821492
2,32,0,10,0,0.23000000000000001,0.31,0.37,0.20718750000000014,0.30968750000000017,0,quintic,5,2,0,7,direct,-0.14136120720576345,4.3368086899420177e-18,3.0198066269804258e-14,2.2204460492503131e-16,0.00042208301601931453,0.0016144589753821492
2,32,0,10,0,0.23000000000000001,0.31,0.37,0.20718750000000014,0.30968750000000017,0,quintic,5,2,0,7,fe_geometry,-0.14459543965970303,4.3368086899420177e-18,3.0198066269804258e-14,2.2204460492503131e-16,0.00042208301601931453,0.0016144589753821492
2,32,0,10,0,0.23000000000000001,0.31,0.37,0.20718750000000014,0.30968750000000017,0,quintic,4,3,0,7,recursive,-0.40021709592672888,4.3368086899420177e-18,3.0198066269804258e-14,2.2204460492503131e-16,0.00042208301601931453,0.0016144589753821492
2,32,0,10,0,0.23000000000000001,0.31,0.37,0.20718750000000014,0.30968750000000017,0,quintic,4,3,0,7,direct,-0.53437973932629523,4.3368086899420177e-18,3.0198066269804258e-14,2.2204460492503131e-16,0.00042208301601931453,0.0016144589753821492
2,32,0,10,0,0.23000000000000001,0.31,0.37,0.20718750000000014,0.30968750000000017,0,quintic,4,3,0,7,fe_geometry,-0.61340017982846617,4.3368086899420177e-18,3.0198066269804258e-14,2.2204460492503131e-16,0.00042208301601931453,0.0016144589753821492
2,32,0,10,0,0.23000000000000001,0.31,0.37,0.20718750000000014,0.30968750000000017,0,quintic,3,4,0,7,recursive,0.38371986896033944,4.3368086899420177e-18,3.0198066269804258e-14,2.2204460492503131e-16,0.00042208301601931453,0.0016144589753821492
2,32,0,10,0,0.23000000000000001,0.31,0.37,0.20718750000000014,0.30968750000000017,0,quintic,3,4,0,7,direct,-0.026160199058040911,4.3368086899420177e-18,3.0198066269804258e-14,2.2204460492503131e-16,0.00042208301601931453,0.0016144589753821492
2,32,0,10,0,0.23000000000000001,0.31,0.37,0.20718750000000014,0.30968750000000017,0,quintic,3,4,0,7,fe_geometry,-0.13159875487957531,4.3368086899420177e-18,3.0198066269804258e-14,2.2204460492503131e-16,0.00042208301601931453,0.0016144589753821492
2,32,0,10,0,0.23000000000000001,0.31,0.37,0.20718750000000014,0.30968750000000017,0,quintic,2,5,0,7,recursive,0.26683536765512006,4.3368086899420177e-18,3.0198066269804258e-14,2.2204460492503131e-16,0.00042208301601931453,0.0016144589753821492
2,32,0,10,0,0.23000000000000001,0.31,0.37,0.20718750000000014,0.30968750000000017,0,quintic,2,5,0,7,direct,-0.05381327603969871,4.3368086899420177e-18,3.0198066269804258e-14,2.2204460492503131e-16,0.00042208301601931453,0.0016144589753821492
2,32,0,10,0,0.23000000000000001,0.31,0.37,0.20718750000000014,0.30968750000000017,0,quintic,2,5,0,7,fe_geometry,-0.045931749797197392,4.3368086899420177e-18,3.0198066269804258e-14,2.2204460492503131e-16,0.00042208301601931453,0.0016144589753821492
2,32,0,10,0,0.23000000000000001,0.31,0.37,0.20718750000000014,0.30968750000000017,0,quintic,1,6,0,7,recursive,0.0017217056561656216,4.3368086899420177e-18,3.0198066269804258e-14,2.2204460492503131e-16,0.00042208301601931453,0.0016144589753821492
2,32,0,10,0,0.23000000000000001,0.31,0.37,0.20718750000000014,0.30968750000000017,0,quintic,1,6,0,7,direct,0,4.3368086899420177e-18,3.0198066269804258e-14,2.2204460492503131e-16,0.00042208301601931453,0.0016144589753821492
2,32,0,10,0,0.23000000000000001,0.31,0.37,0.20718750000000014,0.30968750000000017,0,quintic,1,6,0,7,fe_geometry,0.00089365407447042713,4.3368086899420177e-18,3.0198066269804258e-14,2.2204460492503131e-16,0.00042208301601931453,0.0016144589753821492
2,32,0,10,0,0.23000000000000001,0.31,0.37,0.20718750000000014,0.30968750000000017,0,quintic,0,7,0,7,recursive,0.0026774475081729719,4.3368086899420177e-18,3.0198066269804258e-14,2.2204460492503131e-16,0.00042208301601931453,0.0016144589753821492
2,32,0,10,0,0.23000000000000001,0.31,0.37,0.20718750000000014,0.30968750000000017,0,quintic,0,7,0,7,direct,0,4.3368086899420177e-18,3.0198066269804258e-14,2.2204460492503131e-16,0.00042208301601931453,0.0016144589753821492
2,32,0,10,0,0.23000000000000001,0.31,0.37,0.20718750000000014,0.30968750000000017,0,quintic,0,7,0,7,fe_geometry,7.2175078517909615e-05,4.3368086899420177e-18,3.0198066269804258e-14,2.2204460492503131e-16,0.00042208301601931453,0.0016144589753821492
2,32,0,10,0,0.23000000000000001,0.31,0.37,0.20718750000000014,0.30968750000000017,0,quintic,8,0,0,8,recursive,-0.079695129324784231,4.3368086899420177e-18,3.0198066269804258e-14,2.2204460492503131e-16,0.00042208301601931453,0.0016144589753821492
2,32,0,10,0,0.23000000000000001,0.31,0.37,0.20718750000000014,0.30968750000000017,0,quintic,8,0,0,8,direct,0,4.3368086899420177e-18,3.0198066269804258e-14,2.2204460492503131e-16,0.00042208301601931453,0.0016144589753821492
2,32,0,10,0,0.23000000000000001,0.31,0.37,0.20718750000000014,0.30968750000000017,0,quintic,8,0,0,8,fe_geometry,0.0019730143598499085,4.3368086899420177e-18,3.0198066269804258e-14,2.2204460492503131e-16,0.00042208301601931453,0.0016144589753821492
2,32,0,10,0,0.23000000000000001,0.31,0.37,0.20718750000000014,0.30968750000000017,0,quintic,7,1,0,8,recursive,2.103886941671854,4.3368086899420177e-18,3.0198066269804258e-14,2.2204460492503131e-16,0.00042208301601931453,0.0016144589753821492
2,32,0,10,0,0.23000000000000001,0.31,0.37,0.20718750000000014,0.30968750000000017,0,quintic,7,1,0,8,direct,0,4.3368086899420177e-18,3.0198066269804258e-14,2.2204460492503131e-16,0.00042208301601931453,0.0016144589753821492
2,32,0,10,0,0.23000000000000001,0.31,0.37,0.20718750000000014,0.30968750000000017,0,quintic,7,1,0,8,fe_geometry,0.0081857556190039829,4.3368086899420177e-18,3.0198066269804258e-14,2.2204460492503131e-16,0.00042208301601931453,0.0016144589753821492
2,32,0,10,0,0.23000000000000001,0.31,0.37,0.20718750000000014,0.30968750000000017,0,quintic,6,2,0,8,recursive,36.502545237606121,4.3368086899420177e-18,3.0198066269804258e-14,2.2204460492503131e-16,0.00042208301601931453,0.0016144589753821492
2,32,0,10,0,0.23000000000000001,0.31,0.37,0.20718750000000014,0.30968750000000017,0,quintic,6,2,0,8,direct,0,4.3368086899420177e-18,3.0198066269804258e-14,2.2204460492503131e-16,0.00042208301601931453,0.0016144589753821492
2,32,0,10,0,0.23000000000000001,0.31,0.37,0.20718750000000014,0.30968750000000017,0,quintic,6,2,0,8,fe_geometry,-0.057932796202800708,4.3368086899420177e-18,3.0198066269804258e-14,2.2204460492503131e-16,0.00042208301601931453,0.0016144589753821492
2,32,0,10,0,0.23000000000000001,0.31,0.37,0.20718750000000014,0.30968750000000017,0,quintic,5,3,0,8,recursive,144.74505871111174,4.3368086899420177e-18,3.0198066269804258e-14,2.2204460492503131e-16,0.00042208301601931453,0.0016144589753821492
2,32,0,10,0,0.23000000000000001,0.31,0.37,0.20718750000000014,0.30968750000000017,0,quintic,5,3,0,8,direct,55.438466314172743,4.3368086899420177e-18,3.0198066269804258e-14,2.2204460492503131e-16,0.00042208301601931453,0.0016144589753821492
2,32,0,10,0,0.23000000000000001,0.31,0.37,0.20718750000000014,0.30968750000000017,0,quintic,5,3,0,8,fe_geometry,53.359366301237699,4.3368086899420177e-18,3.0198066269804258e-14,2.2204460492503131e-16,0.00042208301601931453,0.0016144589753821492
2,32,0,10,0,0.23000000000000001,0.31,0.37,0.20718750000000014,0.30968750000000017,0,quintic,4,4,0,8,recursive,54.277256065448917,4.3368086899420177e-18,3.0198066269804258e-14,2.2204460492503131e-16,0.00042208301601931453,0.0016144589753821492
2,32,0,10,0,0.23000000000000001,0.31,0.37,0.20718750000000014,0.30968750000000017,0,quintic,4,4,0,8,direct,12.231189857654567,4.3368086899420177e-18,3.0198066269804258e-14,2.2204460492503131e-16,0.00042208301601931453,0.0016144589753821492
2,32,0,10,0,0.23000000000000001,0.31,0.37,0.20718750000000014,0.30968750000000017,0,quintic,4,4,0,8,fe_geometry,24.500376439673026,4.3368086899420177e-18,3.0198066269804258e-14,2.2204460492503131e-16,0.00042208301601931453,0.0016144589753821492
2,32,0,10,0,0.23000000000000001,0.31,0.37,0.20718750000000014,0.30968750000000017,0,quintic,3,5,0,8,recursive,-78.651789107926049,4.3368086899420177e-18,3.0198066269804258e-14,2.2204460492503131e-16,0.00042208301601931453,0.0016144589753821492
2,32,0,10,0,0.23000000000000001,0.31,0.37,0.20718750000000014,0.30968750000000017,0,quintic,3,5,0,8,direct,-29.423014986906061,4.3368086899420177e-18,3.0198066269804258e-14,2.2204460492503131e-16,0.00042208301601931453,0.0016144589753821492
2,32,0,10,0,0.23000000000000001,0.31,0.37,0.20718750000000014,0.30968750000000017,0,quintic,3,5,0,8,fe_geometry,-34.164928350841961,4.3368086899420177e-18,3.0198066269804258e-14,2.2204460492503131e-16,0.00042208301601931453,0.0016144589753821492
2,32,0,10,0,0.23000000000000001,0.31,0.37,0.20718750000000014,0.30968750000000017,0,quintic,2,6,0,8,recursive,-0.001335907451793133,4.3368086899420177e-18,3.0198066269804258e-14,2.2204460492503131e-16,0.00042208301601931453,0.0016144589753821492
2,32,0,10,0,0.23000000000000001,0.31,0.37,0.20718750000000014,0.30968750000000017,0,quintic,2,6,0,8,direct,0,4.3368086899420177e-18,3.0198066269804258e-14,2.2204460492503131e-16,0.00042208301601931453,0.0016144589753821492
2,32,0,10,0,0.23000000000000001,0.31,0.37,0.20718750000000014,0.30968750000000017,0,quintic,2,6,0,8,fe_geometry,0.18524533358165191,4.3368086899420177e-18,3.0198066269804258e-14,2.2204460492503131e-16,0.00042208301601931453,0.0016144589753821492
2,32,0,10,0,0.23000000000000001,0.31,0.37,0.20718750000000014,0.30968750000000017,0,quintic,1,7,0,8,recursive,-0.00047910908825153322,4.3368086899420177e-18,3.0198066269804258e-14,2.2204460492503131e-16,0.00042208301601931453,0.0016144589753821492
2,32,0,10,0,0.23000000000000001,0.31,0.37,0.20718750000000014,0.30968750000000017,0,quintic,1,7,0,8,direct,0,4.3368086899420177e-18,3.0198066269804258e-14,2.2204460492503131e-16,0.00042208301601931453,0.0016144589753821492
2,32,0,10,0,0.23000000000000001,0.31,0.37,0.20718750000000014,0.30968750000000017,0,quintic,1,7,0,8,fe_geometry,0.012832051438168277,4.3368086899420177e-18,3.0198066269804258e-14,2.2204460492503131e-16,0.00042208301601931453,0.0016144589753821492
2,32,0,10,0,0.23000000000000001,0.31,0.37,0.20718750000000014,0.30968750000000017,0,quintic,0,8,0,8,recursive,-0.022071898417098477,4.3368086899420177e-18,3.0198066269804258e-14,2.2204460492503131e-16,0.00042208301601931453,0.0016144589753821492
2,32,0,10,0,0.23000000000000001,0.31,0.37,0.20718750000000014,0.30968750000000017,0,quintic,0,8,0,8,direct,0,4.3368086899420177e-18,3.0198066269804258e-14,2.2204460492503131e-16,0.00042208301601931453,0.0016144589753821492
2,32,0,10,0,0.23000000000000001,0.31,0.37,0.20718750000000014,0.30968750000000017,0,quintic,0,8,0,8,fe_geometry,0.00046472483242469126,4.3368086899420177e-18,3.0198066269804258e-14,2.2204460492503131e-16,0.00042208301601931453,0.0016144589753821492
2,32,0,10,0,0.23000000000000001,0.31,0.37,0.20718750000000014,0.30968750000000017,0,quintic,9,0,0,9,recursive,-0.5504665095732838,4.3368086899420177e-18,3.0198066269804258e-14,2.2204460492503131e-16,0.00042208301601931453,0.0016144589753821492
2,32,0,10,0,0.23000000000000001,0.31,0.37,0.20718750000000014,0.30968750000000017,0,quintic,9,0,0,9,direct,0,4.3368086899420177e-18,3.0198066269804258e-14,2.2204460492503131e-16,0.00042208301601931453,0.0016144589753821492
2,32,0,10,0,0.23000000000000001,0.31,0.37,0.20718750000000014,0.30968750000000017,0,quintic,9,0,0,9,fe_geometry,-5.3116052253663982e-08,4.3368086899420177e-18,3.0198066269804258e-14,2.2204460492503131e-16,0.00042208301601931453,0.0016144589753821492
2,32,0,10,0,0.23000000000000001,0.31,0.37,0.20718750000000014,0.30968750000000017,0,quintic,8,1,0,9,recursive,15.664233376403901,4.3368086899420177e-18,3.0198066269804258e-14,2.2204460492503131e-16,0.00042208301601931453,0.0016144589753821492
2,32,0,10,0,0.23000000000000001,0.31,0.37,0.20718750000000014,0.30968750000000017,0,quintic,8,1,0,9,direct,0,4.3368086899420177e-18,3.0198066269804258e-14,2.2204460492503131e-16,0.00042208301601931453,0.0016144589753821492
2,32,0,10,0,0.23000000000000001,0.31,0.37,0.20718750000000014,0.30968750000000017,0,quintic,8,1,0,9,fe_geometry,0.082777645754621279,4.3368086899420177e-18,3.0198066269804258e-14,2.2204460492503131e-16,0.00042208301601931453,0.0016144589753821492
2,32,0,10,0,0.23000000000000001,0.31,0.37,0.20718750000000014,0.30968750000000017,0,quintic,7,2,0,9,recursive,183.06047988120525,4.3368086899420177e-18,3.0198066269804258e-14,2.2204460492503131e-16,0.00042208301601931453,0.0016144589753821492
2,32,0,10,0,0.23000000000000001,0.31,0.37,0.20718750000000014,0.30968750000000017,0,quintic,7,2,0,9,direct,0,4.3368086899420177e-18,3.0198066269804258e-14,2.2204460492503131e-16,0.00042208301601931453,0.0016144589753821492
2,32,0,10,0,0.23000000000000001,0.31,0.37,0.20718750000000014,0.30968750000000017,0,quintic,7,2,0,9,fe_geometry,-0.4596586829931385,4.3368086899420177e-18,3.0198066269804258e-14,2.2204460492503131e-16,0.00042208301601931453,0.0016144589753821492
2,32,0,10,0,0.23000000000000001,0.31,0.37,0.20718750000000014,0.30968750000000017,0,quintic,6,3,0,9,recursive,-19411.499752572756,4.3368086899420177e-18,3.0198066269804258e-14,2.2204460492503131e-16,0.00042208301601931453,0.0016144589753821492
2,32,0,10,0,0.23000000000000001,0.31,0.37,0.20718750000000014,0.30968750000000017,0,quintic,6,3,0,9,direct,0,4.3368086899420177e-18,3.0198066269804258e-14,2.2204460492503131e-16,0.00042208301601931453,0.0016144589753821492
2,32,0,10,0,0.23000000000000001,0.31,0.37,0.20718750000000014,0.30968750000000017,0,quintic,6,3,0,9,fe_geometry,-38.715022024421742,4.3368086899420177e-18,3.0198066269804258e-14,2.2204460492503131e-16,0.00042208301601931453,0.0016144589753821492
2,32,0,10,0,0.23000000000000001,0.31,0.37,0.20718750000000014,0.30968750000000017,0,quintic,5,4,0,9,recursive,-24124.503939528098,4.3368086899420177e-18,3.0198066269804258e-14,2.2204460492503131e-16,0.00042208301601931453,0.0016144589753821492
2,32,0,10,0,0.23000000000000001,0.31,0.37,0.20718750000000014,0.30968750000000017,0,quintic,5,4,0,9,direct,97.41569952392652,4.3368086899420177e-18,3.0198066269804258e-14,2.2204460492503131e-16,0.00042208301601931453,0.0016144589753821492
2,32,0,10,0,0.23000000000000001,0.31,0.37,0.20718750000000014,0.30968750000000017,0,quintic,5,4,0,9,fe_geometry,461.83411486368141,4.3368086899420177e-18,3.0198066269804258e-14,2.2204460492503131e-16,0.00042208301601931453,0.0016144589753821492
2,32,0,10,0,0.23000000000000001,0.31,0.37,0.20718750000000014,0.30968750000000017,0,quintic,4,5,0,9,recursive,-1951.0002936208953,4.3368086899420177e-18,3.0198066269804258e-14,2.2204460492503131e-16,0.00042208301601931453,0.0016144589753821492
2,32,0,10,0,0.23000000000000001,0.31,0.37,0.20718750000000014,0.30968750000000017,0,quintic,4,5,0,9,direct,8167.2360935668967,4.3368086899420177e-18,3.0198066269804258e-14,2.2204460492503131e-16,0.00042208301601931453,0.0016144589753821492
2,32,0,10,0,0.23000000000000001,0.31,0.37,0.20718750000000014,0.30968750000000017,0,quintic,4,5,0,9,fe_geometry,8764.9841255175925,4.3368086899420177e-18,3.0198066269804258e-14,2.2204460492503131e-16,0.00042208301601931453,0.0016144589753821492
2,32,0,10,0,0.23000000000000001,0.31,0.37,0.20718750000000014,0.30968750000000017,0,quintic,3,6,0,9,recursive,-0.06702084885002936,4.3368086899420177e-18,3.0198066269804258e-14,2.2204460492503131e-16,0.00042208301601931453,0.0016144589753821492
2,32,0,10,0,0.23000000000000001,0.31,0.37,0.20718750000000014,0.30968750000000017,0,quintic,3,6,0,9,direct,0,4.3368086899420177e-18,3.0198066269804258e-14,2.2204460492503131e-16,0.00042208301601931453,0.0016144589753821492
2,32,0,10,0,0.23000000000000001,0.31,0.37,0.20718750000000014,0.30968750000000017,0,quintic,3,6,0,9,fe_geometry,-108.86580609554333,4.3368086899420177e-18,3.0198066269804258e-14,2.2204460492503131e-16,0.00042208301601931453,0.0016144589753821492
2,32,0,10,0,0.23000000000000001,0.31,0.37,0.20718750000000014,0.30968750000000017,0,quintic,2,7,0,9,recursive,-0.017188970961910827,4.3368086899420177e-18,3.0198066269804258e-14,2.2204460492503131e-16,0.00042208301601931453,0.0016144589753821492
2,32,0,10,0,0.23000000000000001,0.31,0.37,0.20718750000000014,0.30968750000000017,0,quintic,2,7,0,9,direct,0,4.3368086899420177e-18,3.0198066269804258e-14,2.2204460492503131e-16,0.00042208301601931453,0.0016144589753821492
2,32,0,10,0,0.23000000000000001,0.31,0.37,0.20718750000000014,0.30968750000000017,0,quintic,2,7,0,9,fe_geometry,2.655440094768192,4.3368086899420177e-18,3.0198066269804258e-14,2.2204460492503131e-16,0.00042208301601931453,0.0016144589753821492
2,32,0,10,0,0.23000000000000001,0.31,0.37,0.20718750000000014,0.30968750000000017,0,quintic,1,8,0,9,recursive,-0.047837808202023178,4.3368086899420177e-18,3.0198066269804258e-14,2.2204460492503131e-16,0.00042208301601931453,0.0016144589753821492
2,32,0,10,0,0.23000000000000001,0.31,0.37,0.20718750000000014,0.30968750000000017,0,quintic,1,8,0,9,direct,0,4.3368086899420177e-18,3.0198066269804258e-14,2.2204460492503131e-16,0.00042208301601931453,0.0016144589753821492
2,32,0,10,0,0.23000000000000001,0.31,0.37,0.20718750000000014,0.30968750000000017,0,quintic,1,8,0,9,fe_geometry,0.083994665701633331,4.3368086899420177e-18,3.0198066269804258e-14,2.2204460492503131e-16,0.00042208301601931453,0.0016144589753821492
2,32,0,10,0,0.23000000000000001,0.31,0.37,0.20718750000000014,0.30968750000000017,0,quintic,0,9,0,9,recursive,-0.12310356522919147,4.3368086899420177e-18,3.0198066269804258e-14,2.2204460492503131e-16,0.00042208301601931453,0.0016144589753821492
2,32,0,10,0,0.23000000000000001,0.31,0.37,0.20718750000000014,0.30968750000000017,0,quintic,0,9,0,9,direct,0,4.3368086899420177e-18,3.0198066269804258e-14,2.2204460492503131e-16,0.00042208301601931453,0.0016144589753821492
2,32,0,10,0,0.23000000000000001,0.31,0.37,0.20718750000000014,0.30968750000000017,0,quintic,0,9,0,9,fe_geometry,8.2964765350326011e-09,4.3368086899420177e-18,3.0198066269804258e-14,2.2204460492503131e-16,0.00042208301601931453,0.0016144589753821492
2,32,0,10,0,0.23000000000000001,0.31,0.37,0.20718750000000014,0.30968750000000017,0,quintic,10,0,0,10,recursive,-5.1910648050094323,4.3368086899420177e-18,3.0198066269804258e-14,2.2204460492503131e-16,0.00042208301601931453,0.0016144589753821492
2,32,0,10,0,0.23000000000000001,0.31,0.37,0.20718750000000014,0.30968750000000017,0,quintic,10,0,0,10,direct,0,4.3368086899420177e-18,3.0198066269804258e-14,2.2204460492503131e-16,0.00042208301601931453,0.0016144589753821492
2,32,0,10,0,0.23000000000000001,0.31,0.37,0.20718750000000014,0.30968750000000017,0,quintic,10,0,0,10,fe_geometry,5.9653920995825773e-08,4.3368086899420177e-18,3.0198066269804258e-14,2.2204460492503131e-16,0.00042208301601931453,0.0016144589753821492
2,32,0,10,0,0.23000000000000001,0.31,0.37,0.20718750000000014,0.30968750000000017,0,quintic,9,1,0,10,recursive,117.80645108073944,4.3368086899420177e-18,3.0198066269804258e-14,2.2204460492503131e-16,0.00042208301601931453,0.0016144589753821492
2,32,0,10,0,0.23000000000000001,0.31,0.37,0.20718750000000014,0.30968750000000017,0,quintic,9,1,0,10,direct,0,4.3368086899420177e-18,3.0198066269804258e-14,2.2204460492503131e-16,0.00042208301601931453,0.0016144589753821492
2,32,0,10,0,0.23000000000000001,0.31,0.37,0.20718750000000014,0.30968750000000017,0,quintic,9,1,0,10,fe_geometry,-9.6631798377333286e-06,4.3368086899420177e-18,3.0198066269804258e-14,2.2204460492503131e-16,0.00042208301601931453,0.0016144589753821492
2,32,0,10,0,0.23000000000000001,0.31,0.37,0.20718750000000014,0.30968750000000017,0,quintic,8,2,0,10,recursive,519.75485971730063,4.3368086899420177e-18,3.0198066269804258e-14,2.2204460492503131e-16,0.00042208301601931453,0.0016144589753821492
2,32,0,10,0,0.23000000000000001,0.31,0.37,0.20718750000000014,0.30968750000000017,0,quintic,8,2,0,10,direct,0,4.3368086899420177e-18,3.0198066269804258e-14,2.2204460492503131e-16,0.00042208301601931453,0.0016144589753821492
2,32,0,10,0,0.23000000000000001,0.31,0.37,0.20718750000000014,0.30968750000000017,0,quintic,8,2,0,10,fe_geometry,-4.8279844217695951,4.3368086899420177e-18,3.0198066269804258e-14,2.2204460492503131e-16,0.00042208301601931453,0.0016144589753821492
2,32,0,10,0,0.23000000000000001,0.31,0.37,0.20718750000000014,0.30968750000000017,0,quintic,7,3,0,10,recursive,-134193.46731262794,4.3368086899420177e-18,3.0198066269804258e-14,2.2204460492503131e-16,0.00042208301601931453,0.0016144589753821492
2,32,0,10,0,0.23000000000000001,0.31,0.37,0.20718750000000014,0.30968750000000017,0,quintic,7,3,0,10,direct,0,4.3368086899420177e-18,3.0198066269804258e-14,2.2204460492503131e-16,0.00042208301601931453,0.0016144589753821492
2,32,0,10,0,0.23000000000000001,0.31,0.37,0.20718750000000014,0.30968750000000017,0,quintic,7,3,0,10,fe_geometry,-592.24443064971831,4.3368086899420177e-18,3.0198066269804258e-14,2.2204460492503131e-16,0.00042208301601931453,0.0016144589753821492
2,32,0,10,0,0.23000000000000001,0.31,0.37,0.20718750000000014,0.30968750000000017,0,quintic,6,4,0,10,recursive,1801206.0789431834,4.3368086899420177e-18,3.0198066269804258e-14,2.2204460492503131e-16,0.00042208301601931453,0.0016144589753821492
2,32,0,10,0,0.23000000000000001,0.31,0.37,0.20718750000000014,0.30968750000000017,0,quintic,6,4,0,10,direct,0,4.3368086899420177e-18,3.0198066269804258e-14,2.2204460492503131e-16,0.00042208301601931453,0.0016144589753821492
2,32,0,10,0,0.23000000000000001,0.31,0.37,0.20718750000000014,0.30968750000000017,0,quintic,6,4,0,10,fe_geometry,7106.1880456948038,4.3368086899420177e-18,3.0198066269804258e-14,2.2204460492503131e-16,0.00042208301601931453,0.0016144589753821492
2,32,0,10,0,0.23000000000000001,0.31,0.37,0.20718750000000014,0.30968750000000017,0,quintic,5,5,0,10,recursive,1049900.1257572391,4.3368086899420177e-18,3.0198066269804258e-14,2.2204460492503131e-16,0.00042208301601931453,0.0016144589753821492
2,32,0,10,0,0.23000000000000001,0.31,0.37,0.20718750000000014,0.30968750000000017,0,quintic,5,5,0,10,direct,-1062239.0044921876,4.3368086899420177e-18,3.0198066269804258e-14,2.2204460492503131e-16,0.00042208301601931453,0.0016144589753821492
2,32,0,10,0,0.23000000000000001,0.31,0.37,0.20718750000000014,0.30968750000000017,0,quintic,5,5,0,10,fe_geometry,-1055531.6179517875,4.3368086899420177e-18,3.0198066269804258e-14,2.2204460492503131e-16,0.00042208301601931453,0.0016144589753821492
2,32,0,10,0,0.23000000000000001,0.31,0.37,0.20718750000000014,0.30968750000000017,0,quintic,4,6,0,10,recursive,-0.96649679500086438,4.3368086899420177e-18,3.0198066269804258e-14,2.2204460492503131e-16,0.00042208301601931453,0.0016144589753821492
2,32,0,10,0,0.23000000000000001,0.31,0.37,0.20718750000000014,0.30968750000000017,0,quintic,4,6,0,10,direct,0,4.3368086899420177e-18,3.0198066269804258e-14,2.2204460492503131e-16,0.00042208301601931453,0.0016144589753821492
2,32,0,10,0,0.23000000000000001,0.31,0.37,0.20718750000000014,0.30968750000000017,0,quintic,4,6,0,10,fe_geometry,14154.661966491192,4.3368086899420177e-18,3.0198066269804258e-14,2.2204460492503131e-16,0.00042208301601931453,0.0016144589753821492
2,32,0,10,0,0.23000000000000001,0.31,0.37,0.20718750000000014,0.30968750000000017,0,quintic,3,7,0,10,recursive,7.0311083375365646e-07,4.3368086899420177e-18,3.0198066269804258e-14,2.2204460492503131e-16,0.00042208301601931453,0.0016144589753821492
2,32,0,10,0,0.23000000000000001,0.31,0.37,0.20718750000000014,0.30968750000000017,0,quintic,3,7,0,10,direct,0,4.3368086899420177e-18,3.0198066269804258e-14,2.2204460492503131e-16,0.00042208301601931453,0.0016144589753821492
2,32,0,10,0,0.23000000000000001,0.31,0.37,0.20718750000000014,0.30968750000000017,0,quintic,3,7,0,10,fe_geometry,-1518.4710747990564,4.3368086899420177e-18,3.0198066269804258e-14,2.2204460492503131e-16,0.00042208301601931453,0.0016144589753821492
2,32,0,10,0,0.23000000000000001,0.31,0.37,0.20718750000000014,0.30968750000000017,0,quintic,2,8,0,10,recursive,-0.099049569060697645,4.3368086899420177e-18,3.0198066269804258e-14,2.2204460492503131e-16,0.00042208301601931453,0.0016144589753821492
2,32,0,10,0,0.23000000000000001,0.31,0.37,0.20718750000000014,0.30968750000000017,0,quintic,2,8,0,10,direct,0,4.3368086899420177e-18,3.0198066269804258e-14,2.2204460492503131e-16,0.00042208301601931453,0.0016144589753821492
2,32,0,10,0,0.23000000000000001,0.31,0.37,0.20718750000000014,0.30968750000000017,0,quintic,2,8,0,10,fe_geometry,17.464734857124732,4.3368086899420177e-18,3.0198066269804258e-14,2.2204460492503131e-16,0.00042208301601931453,0.0016144589753821492
2,32,0,10,0,0.23000000000000001,0.31,0.37,0.20718750000000014,0.30968750000000017,0,quintic,1,9,0,10,recursive,-1.7589420606804579e-07,4.3368086899420177e-18,3.0198066269804258e-14,2.2204460492503131e-16,0.00042208301601931453,0.0016144589753821492
2,32,0,10,0,0.23000000000000001,0.31,0.37,0.20718750000000014,0.30968750000000017,0,quintic,1,9,0,10,direct,0,4.3368086899420177e-18,3.0198066269804258e-14,2.2204460492503131e-16,0.00042208301601931453,0.0016144589753821492
2,32,0,10,0,0.23000000000000001,0.31,0.37,0.20718750000000014,0.30968750000000017,0,quintic,1,9,0,10,fe_geometry,7.1278386882083147e-07,4.3368086899420177e-18,3.0198066269804258e-14,2.2204460492503131e-16,0.00042208301601931453,0.0016144589753821492
2,32,0,10,0,0.23000000000000001,0.31,0.37,0.20718750000000014,0.30968750000000017,0,quintic,0,10,0,10,recursive,-0.79492210104372973,4.3368086899420177e-18,3.0198066269804258e-14,2.2204460492503131e-16,0.00042208301601931453,0.0016144589753821492
2,32,0,10,0,0.23000000000000001,0.31,0.37,0.20718750000000014,0.30968750000000017,0,quintic,0,10,0,10,direct,0,4.3368086899420177e-18,3.0198066269804258e-14,2.2204460492503131e-16,0.00042208301601931453,0.0016144589753821492
2,32,0,10,0,0.23000000000000001,0.31,0.37,0.20718750000000014,0.30968750000000017,0,quintic,0,10,0,10,fe_geometry,8.4790836665036036e-09,4.3368086899420177e-18,3.0198066269804258e-14,2.2204460492503131e-16,0.00042208301601931453,0.0016144589753821492
2,32,0,10,1,0.60999999999999999,0.46999999999999997,0.53000000000000003,0.21906250000000008,0.31468750000000006,0,constant,1,0,0,1,recursive,3.5230259577082829e-14,3.3306690738754696e-16,2.1316282072803006e-14,2.2204460492503131e-16,0.00042208301601931453,0.00055020800209604204
2,32,0,10,1,0.60999999999999999,0.46999999999999997,0.53000000000000003,0.21906250000000008,0.31468750000000006,0,constant,1,0,0,1,direct,5.0716762392097439e-13,3.3306690738754696e-16,2.1316282072803006e-14,2.2204460492503131e-16,0.00042208301601931453,0.00055020800209604204
2,32,0,10,1,0.60999999999999999,0.46999999999999997,0.53000000000000003,0.21906250000000008,0.31468750000000006,0,constant,1,0,0,1,fe_geometry,5.0716762392097762e-13,3.3306690738754696e-16,2.1316282072803006e-14,2.2204460492503131e-16,0.00042208301601931453,0.00055020800209604204
2,32,0,10,1,0.60999999999999999,0.46999999999999997,0.53000000000000003,0.21906250000000008,0.31468750000000006,0,constant,0,1,0,1,recursive,4.486951616961963e-14,3.3306690738754696e-16,2.1316282072803006e-14,2.2204460492503131e-16,0.00042208301601931453,0.00055020800209604204
2,32,0,10,1,0.60999999999999999,0.46999999999999997,0.53000000000000003,0.21906250000000008,0.31468750000000006,0,constant,0,1,0,1,direct,5.3968209141025176e-13,3.3306690738754696e-16,2.1316282072803006e-14,2.2204460492503131e-16,0.00042208301601931453,0.00055020800209604204
2,32,0,10,1,0.60999999999999999,0.46999999999999997,0.53000000000000003,0.21906250000000008,0.31468750000000006,0,constant,0,1,0,1,fe_geometry,5.3968209141021652e-13,3.3306690738754696e-16,2.1316282072803006e-14,2.2204460492503131e-16,0.00042208301601931453,0.00055020800209604204
2,32,0,10,1,0.60999999999999999,0.46999999999999997,0.53000000000000003,0.21906250000000008,0.31468750000000006,0,constant,2,0,0,2,recursive,9.483651915574351e-12,3.3306690738754696e-16,2.1316282072803006e-14,2.2204460492503131e-16,0.00042208301601931453,0.00055020800209604204
2,32,0,10,1,0.60999999999999999,0.46999999999999997,0.53000000000000003,0.21906250000000008,0.31468750000000006,0,constant,2,0,0,2,direct,-1.6914431773731479e-11,3.3306690738754696e-16,2.1316282072803006e-14,2.2204460492503131e-16,0.00042208301601931453,0.00055020800209604204
2,32,0,10,1,0.60999999999999999,0.46999999999999997,0.53000000000000003,0.21906250000000008,0.31468750000000006,0,constant,2,0,0,2,fe_geometry,-1.6914431773742139e-11,3.3306690738754696e-16,2.1316282072803006e-14,2.2204460492503131e-16,0.00042208301601931453,0.00055020800209604204
2,32,0,10,1,0.60999999999999999,0.46999999999999997,0.53000000000000003,0.21906250000000008,0.31468750000000006,0,constant,1,1,0,2,recursive,-2.1943028660146016e-11,3.3306690738754696e-16,2.1316282072803006e-14,2.2204460492503131e-16,0.00042208301601931453,0.00055020800209604204
2,32,0,10,1,0.60999999999999999,0.46999999999999997,0.53000000000000003,0.21906250000000008,0.31468750000000006,0,constant,1,1,0,2,direct,4.5993820270255664e-11,3.3306690738754696e-16,2.1316282072803006e-14,2.2204460492503131e-16,0.00042208301601931453,0.00055020800209604204
2,32,0,10,1,0.60999999999999999,0.46999999999999997,0.53000000000000003,0.21906250000000008,0.31468750000000006,0,constant,1,1,0,2,fe_geometry,4.5993820270254901e-11,3.3306690738754696e-16,2.1316282072803006e-14,2.2204460492503131e-16,0.00042208301601931453,0.00055020800209604204
2,32,0,10,1,0.60999999999999999,0.46999999999999997,0.53000000000000003,0.21906250000000008,0.31468750000000006,0,constant,0,2,0,2,recursive,2.7979121490748767e-11,3.3306690738754696e-16,2.1316282072803006e-14,2.2204460492503131e-16,0.00042208301601931453,0.00055020800209604204
2,32,0,10,1,0.60999999999999999,0.46999999999999997,0.53000000000000003,0.21906250000000008,0.31468750000000006,0,constant,0,2,0,2,direct,4.2862832894369522e-11,3.3306690738754696e-16,2.1316282072803006e-14,2.2204460492503131e-16,0.00042208301601931453,0.00055020800209604204
2,32,0,10,1,0.60999999999999999,0.46999999999999997,0.53000000000000003,0.21906250000000008,0.31468750000000006,0,constant,0,2,0,2,fe_geometry,4.286283289436578e-11,3.3306690738754696e-16,2.1316282072803006e-14,2.2204460492503131e-16,0.00042208301601931453,0.00055020800209604204
2,32,0,10,1,0.60999999999999999,0.46999999999999997,0.53000000000000003,0.21906250000000008,0.31468750000000006,0,constant,3,0,0,3,recursive,1.415013262894107e-09,3.3306690738754696e-16,2.1316282072803006e-14,2.2204460492503131e-16,0.00042208301601931453,0.00055020800209604204
2,32,0,10,1,0.60999999999999999,0.46999999999999997,0.53000000000000003,0.21906250000000008,0.31468750000000006,0,constant,3,0,0,3,direct,-7.5053634071499061e-09,3.3306690738754696e-16,2.1316282072803006e-14,2.2204460492503131e-16,0.00042208301601931453,0.00055020800209604204
2,32,0,10,1,0.60999999999999999,0.46999999999999997,0.53000000000000003,0.21906250000000008,0.31468750000000006,0,constant,3,0,0,3,fe_geometry,-7.505363407150902e-09,3.3306690738754696e-16,2.1316282072803006e-14,2.2204460492503131e-16,0.00042208301601931453,0.00055020800209604204
2,32,0,10,1,0.60999999999999999,0.46999999999999997,0.53000000000000003,0.21906250000000008,0.31468750000000006,0,constant,2,1,0,3,recursive,-6.8742927384387984e-09,3.3306690738754696e-16,2.1316282072803006e-14,2.2204460492503131e-16,0.00042208301601931453,0.00055020800209604204
2,32,0,10,1,0.60999999999999999,0.46999999999999997,0.53000000000000003,0.21906250000000008,0.31468750000000006,0,constant,2,1,0,3,direct,-4.6887036544829596e-09,3.3306690738754696e-16,2.1316282072803006e-14,2.2204460492503131e-16,0.00042208301601931453,0.00055020800209604204
2,32,0,10,1,0.60999999999999999,0.46999999999999997,0.53000000000000003,0.21906250000000008,0.31468750000000006,0,constant,2,1,0,3,fe_geometry,-4.6887036544833583e-09,3.3306690738754696e-16,2.1316282072803006e-14,2.2204460492503131e-16,0.00042208301601931453,0.00055020800209604204
2,32,0,10,1,0.60999999999999999,0.46999999999999997,0.53000000000000003,0.21906250000000008,0.31468750000000006,0,constant,1,2,0,3,recursive,-1.4875703499389946e-09,3.3306690738754696e-16,2.1316282072803006e-14,2.2204460492503131e-16,0.00042208301601931453,0.00055020800209604204
2,32,0,10,1,0.60999999999999999,0.46999999999999997,0.53000000000000003,0.21906250000000008,0.31468750000000006,0,constant,1,2,0,3,direct,3.0603137715533366e-09,3.3306690738754696e-16,2.1316282072803006e-14,2.2204460492503131e-16,0.00042208301601931453,0.00055020800209604204
2,32,0,10,1,0.60999999999999999,0.46999999999999997,0.53000000000000003,0.21906250000000008,0.31468750000000006,0,constant,1,2,0,3,fe_geometry,3.0603137715535248e-09,3.3306690738754696e-16,2.1316282072803006e-14,2.2204460492503131e-16,0.00042208301601931453,0.00055020800209604204
2,32,0,10,1,0.60999999999999999,0.46999999999999997,0.53000000000000003,0.21906250000000008,0.31468750000000006,0,constant,0,3,0,3,recursive,-1.8602551935714452e-08,3.3306690738754696e-16,2.1316282072803006e-14,2.2204460492503131e-16,0.00042208301601931453,0.00055020800209604204
2,32,0,10,1,0.60999999999999999,0.46999999999999997,0.53000000000000003,0.21906250000000008,0.31468750000000006,0,constant,0,3,0,3,direct,-4.0591656244106584e-08,3.3306690738754696e-16,2.1316282072803006e-14,2.2204460492503131e-16,0.00042208301601931453,0.00055020800209604204
2,32,0,10,1,0.60999999999999999,0.46999999999999997,0.53000000000000003,0.21906250000000008,0.31468750000000006,0,constant,0,3,0,3,fe_geometry,-4.0591656244101402e-08,3.3306690738754696e-16,2.1316282072803006e-14,2.2204460492503131e-16,0.00042208301601931453,0.00055020800209604204
2,32,0,10,1,0.60999999999999999,0.46999999999999997,0.53000000000000003,0.21906250000000008,0.31468750000000006,0,constant,4,0,0,4,recursive,7.3109161057373039e-07,3.3306690738754696e-16,2.1316282072803006e-14,2.2204460492503131e-16,0.00042208301601931453,0.00055020800209604204
2,32,0,10,1,0.60999999999999999,0.46999999999999997,0.53000000000000003,0.21906250000000008,0.31468750000000006,0,constant,4,0,0,4,direct,-2.2835424656867942e-07,3.3306690738754696e-16,2.1316282072803006e-14,2.2204460492503131e-16,0.00042208301601931453,0.00055020800209604204
2,32,0,10,1,0.60999999999999999,0.46999999999999997,0.53000000000000003,0.21906250000000008,0.31468750000000006,0,constant,4,0,0,4,fe_geometry,-2.2835424656750083e-07,3.3306690738754696e-16,2.1316282072803006e-14,2.2204460492503131e-16,0.00042208301601931453,0.00055020800209604204
2,32,0,10,1,0.60999999999999999,0.46999999999999997,0.53000000000000003,0.21906250000000008,0.31468750000000006,0,constant,3,1,0,4,recursive,1.1383427107390307e-07,3.3306690738754696e-16,2.1316282072803006e-14,2.2204460492503131e-16,0.00042208301601931453,0.00055020800209604204
2,32,0,10,1,0.60999999999999999,0.46999999999999997,0.53000000000000003,0.21906250000000008,0.31468750000000006,0,constant,3,1,0,4,direct,-1.0383647832870482e-06,3.3306690738754696e-16,2.1316282072803006e-14,2.2204460492503131e-16,0.00042208301601931453,0.00055020800209604204
2,32,0,10,1,0.60999999999999999,0.46999999999999997,0.53000000000000003,0.21906250000000008,0.31468750000000006,0,constant,3,1,0,4,fe_geometry,-1.0383647832869552e-06,3.3306690738754696e-16,2.1316282072803006e-14,2.2204460492503131e-16,0.00042208301601931453,0.00055020800209604204
2,32,0,10,1,0.60999999999999999,0.46999999999999997,0.53000000000000003,0.21906250000000008,0.31468750000000006,0,constant,2,2,0,4,recursive,4.7433688552031717e-07,3.3306690738754696e-16,2.1316282072803006e-14,2.2204460492503131e-16,0.00042208301601931453,0.00055020800209604204
2,32,0,10,1,0.60999999999999999,0.46999999999999997,0.53000000000000003,0.21906250000000008,0.31468750000000006,0,constant,2,2,0,4,direct,1.613761191368101e-07,3.3306690738754696e-16,2.1316282072803006e-14,2.2204460492503131e-16,0.00042208301601931453,0.00055020800209604204
2,32,0,10,1,0.60999999999999999,0.46999999999999997,0.53000000000000003,0.21906250000000008,0.31468750000000006,0,constant,2,2,0,4,fe_geometry,1.6137611913736244e-07,3.3306690738754696e-16,2.1316282072803006e-14,2.2204460492503131e-16,0.00042208301601931453,0.00055020800209604204
2,32,0,10,1,0.60999999999999999,0.46999999999999997,0.53000000000000003,0.21906250000000008,0.31468750000000006,0,constant,1,3,0,4,recursive,2.7523635672187359e-06,3.3306690738754696e-16,2.1316282072803006e-14,2.2204460492503131e-16,0.00042208301601931453,0.00055020800209604204
2,32,0,10,1,0.60999999999999999,0.46999999999999997,0.53000000000000003,0.21906250000000008,0.31468750000000006,0,constant,1,3,0,4,direct,-9.2432763755321519e-07,3.3306690738754696e-16,2.1316282072803006e-14,2.2204460492503131e-16,0.00042208301601931453,0.00055020800209604204
2,32,0,10,1,0.60999999999999999,0.46999999999999997,0.53000000000000003,0.21906250000000008,0.31468750000000006,0,constant,1,3,0,4,fe_geometry,-9.2432763755311354e-07,3.3306690738754696e-16,2.1316282072803006e-14,2.2204460492503131e-16,0.00042208301601931453,0.00055020800209604204
2,32,0,10,1,0.60999999999999999,0.46999999999999997,0.53000000000000003,0.21906250000000008,0.31468750000000006,0,constant,0,4,0,4,recursive,5.8851934401684817e-08,3.3306690738754696e-16,2.1316282072803006e-14,2.2204460492503131e-16,0.00042208301601931453,0.00055020800209604204
2,32,0,10,1,0.60999999999999999,0.46999999999999997,0.53000000000000003,0.21906250000000008,0.31468750000000006,0,constant,0,4,0,4,direct,-1.6309632359504714e-06,3.3306690738754696e-16,2.1316282072803006e-14,2.2204460492503131e-16,0.00042208301601931453,0.00055020800209604204
2,32,0,10,1,0.60999999999999999,0.46999999999999997,0.53000000000000003,0.21906250000000008,0.31468750000000006,0,constant,0,4,0,4,fe_geometry,-1.6309632359504437e-06,3.3306690738754696e-16,2.1316282072803006e-14,2.2204460492503131e-16,0.00042208301601931453,0.00055020800209604204
2,32,0,10,1,0.60999999999999999,0.46999999999999997,0.53000000000000003,0.21906250000000008,0.31468750000000006,0,constant,5,0,0,5,recursive,-0.00010630955291921744,3.3306690738754696e-16,2.1316282072803006e-14,2.2204460492503131e-16,0.00042208301601931453,0.00055020800209604204
2,32,0,10,1,0.60999999999999999,0.46999999999999997,0.53000000000000003,0.21906250000000008,0.31468750000000006,0,constant,5,0,0,5,direct,-0.00017113546920776354,3.3306690738754696e-16,2.1316282072803006e-14,2.2204460492503131e-16,0.00042208301601931453,0.00055020800209604204
2,32,0,10,1,0.60999999999999999,0.46999999999999997,0.53000000000000003,0.21906250000000008,0.31468750000000006,0,constant,5,0,0,5,fe_geometry,-0.00017113546920758139,3.3306690738754696e-16,2.1316282072803006e-14,2.2204460492503131e-16,0.00042208301601931453,0.00055020800209604204
2,32,0,10,1,0.60999999999999999,0.46999999999999997,0.53000000000000003,0.21906250000000008,0.31468750000000006,0,constant,4,1,0,5,recursive,0.00028726978827829679,3.3306690738754696e-16,2.1316282072803006e-14,2.2204460492503131e-16,0.00042208301601931453,0.00055020800209604204
2,32,0,10,1,0.60999999999999999,0.46999999999999997,0.53000000000000003,0.21906250000000008,0.31468750000000006,0,constant,4,1,0,5,direct,-0.00053681198043823244,3.3306690738754696e-16,2.1316282072803006e-14,2.2204460492503131e-16,0.00042208301601931453,0.00055020800209604204
2,32,0,10,1,0.60999999999999999,0.46999999999999997,0.53000000000000003,0.21906250000000008,0.31468750000000006,0,constant,4,1,0,5,fe_geometry,-0.00053681198043814657,3.3306690738754696e-16,2.1316282072803006e-14,2.2204460492503131e-16,0.00042208301601931453,0.00055020800209604204
2,32,0,10,1,0.60999999999999999,0.46999999999999997,0.53000000000000003,0.21906250000000008,0.31468750000000006,0,constant,3,2,0,5,recursive,0.00010556169009334266,3.3306690738754696e-16,2.1316282072803006e-14,2.2204460492503131e-16,0.00042208301601931453,0.00055020800209604204
2,32,0,10,1,0.60999999999999999,0.46999999999999997,0.53000000000000003,0.21906250000000008,0.31468750000000006,0,constant,3,2,0,5,direct,-0.00020435076141357429,3.3306690738754696e-16,2.1316282072803006e-14,2.2204460492503131e-16,0.00042208301601931453,0.00055020800209604204
2,32,0,10,1,0.60999999999999999,0.46999999999999997,0.53000000000000003,0.21906250000000008,0.31468750000000006,0,constant,3,2,0,5,fe_geometry,-0.00020435076141353526,3.3306690738754696e-16,2.1316282072803006e-14,2.2204460492503131e-16,0.00042208301601931453,0.00055020800209604204
2,32,0,10,1,0.60999999999999999,0.46999999999999997,0.53000000000000003,0.21906250000000008,0.31468750000000006,0,constant,2,3,0,5,recursive,0.00056959867255297755,3.3306690738754696e-16,2.1316282072803006e-14,2.2204460492503131e-16,0.00042208301601931453,0.00055020800209604204
2,32,0,10,1,0.60999999999999999,0.46999999999999997,0.53000000000000003,0.21906250000000008,0.31468750000000006,0,constant,2,3,0,5,direct,0.00033955786285400395,3.3306690738754696e-16,2.1316282072803006e-14,2.2204460492503131e-16,0.00042208301601931453,0.00055020800209604204
2,32,0,10,1,0.60999999999999999,0.46999999999999997,0.53000000000000003,0.21906250000000008,0.31468750000000006,0,constant,2,3,0,5,fe_geometry,0.00033955786285399506,3.3306690738754696e-16,2.1316282072803006e-14,2.2204460492503131e-16,0.00042208301601931453,0.00055020800209604204
2,32,0,10,1,0.60999999999999999,0.46999999999999997,0.53000000000000003,0.21906250000000008,0.31468750000000006,0,constant,1,4,0,5,recursive,0.00012316374228446371,3.3306690738754696e-16,2.1316282072803006e-14,2.2204460492503131e-16,0.00042208301601931453,0.00055020800209604204
2,32,0,10,1,0.60999999999999999,0.46999999999999997,0.53000000000000003,0.21906250000000008,0.31468750000000006,0,constant,1,4,0,5,direct,-0.00013049344940185549,3.3306690738754696e-16,2.1316282072803006e-14,2.2204460492503131e-16,0.00042208301601931453,0.00055020800209604204
2,32,0,10,1,0.60999999999999999,0.46999999999999997,0.53000000000000003,0.21906250000000008,0.31468750000000006,0,constant,1,4,0,5,fe_geometry,-0.00013049344940192867,3.3306690738754696e-16,2.1316282072803006e-14,2.2204460492503131e-16,0.00042208301601931453,0.00055020800209604204
2,32,0,10,1,0.60999999999999999,0.46999999999999997,0.53000000000000003,0.21906250000000008,0.31468750000000006,0,constant,0,5,0,5,recursive,0.0011818977637405479,3.3306690738754696e-16,2.1316282072803006e-14,2.2204460492503131e-16,0.00042208301601931453,0.00055020800209604204
2,32,0,10,1,0.60999999999999999,0.46999999999999997,0.53000000000000003,0.21906250000000008,0.31468750000000006,0,constant,0,5,0,5,direct,0.0019195615191650393,3.3306690738754696e-16,2.1316282072803006e-14,2.2204460492503131e-16,0.00042208301601931453,0.00055020800209604204
2,32,0,10,1,0.60999999999999999,0.46999999999999997,0.53000000000000003,0.21906250000000008,0.31468750000000006,0,constant,0,5,0,5,fe_geometry,0.0019195615191645761,3.3306690738754696e-16,2.1316282072803006e-14,2.2204460492503131e-16,0.00042208301601931453,0.00055020800209604204
2,32,0,10,1,0.60999999999999999,0.46999999999999997,0.53000000000000003,0.21906250000000008,0.31468750000000006,0,constant,6,0,0,6,recursive,-0.071512522405685217,3.3306690738754696e-16,2.1316282072803006e-14,2.2204460492503131e-16,0.00042208301601931453,0.00055020800209604204
2,32,0,10,1,0.60999999999999999,0.46999999999999997,0.53000000000000003,0.21906250000000008,0.31468750000000006,0,constant,6,0,0,6,direct,0,3.3306690738754696e-16,2.1316282072803006e-14,2.2204460492503131e-16,0.00042208301601931453,0.00055020800209604204
2,32,0,10,1,0.60999999999999999,0.46999999999999997,0.53000000000000003,0.21906250000000008,0.31468750000000006,0,constant,6,0,0,6,fe_geometry,4.2316668231004155e-14,3.3306690738754696e-16,2.1316282072803006e-14,2.2204460492503131e-16,0.00042208301601931453,0.00055020800209604204
2,32,0,10,1,0.60999999999999999,0.46999999999999997,0.53000000000000003,0.21906250000000008,0.31468750000000006,0,constant,5,1,0,6,recursive,0.10863714819315613,3.3306690738754696e-16,2.1316282072803006e-14,2.2204460492503131e-16,0.00042208301601931453,0.00055020800209604204
2,32,0,10,1,0.60999999999999999,0.46999999999999997,0.53000000000000003,0.21906250000000008,0.31468750000000006,0,constant,5,1,0,6,direct,-0.14421221923828126,3.3306690738754696e-16,2.1316282072803006e-14,2.2204460492503131e-16,0.00042208301601931453,0.00055020800209604204
2,32,0,10,1,0.60999999999999999,0.46999999999999997,0.53000000000000003,0.21906250000000008,0.31468750000000006,0,constant,5,1,0,6,fe_geometry,-0.14421221923821204,3.3306690738754696e-16,2.1316282072803006e-14,2.2204460492503131e-16,0.00042208301601931453,0.00055020800209604204
2,32,0,10,1,0.60999999999999999,0.46999999999999997,0.53000000000000003,0.21906250000000008,0.31468750000000006,0,constant,4,2,0,6,recursive,-0.038991813874088024,3.3306690738754696e-16,2.1316282072803006e-14,2.2204460492503131e-16,0.00042208301601931453,0.00055020800209604204
2,32,0,10,1,0.60999999999999999,0.46999999999999997,0.53000000000000003,0.21906250000000008,0.31468750000000006,0,constant,4,2,0,6,direct,0.021354755859374977,3.3306690738754696e-16,2.1316282072803006e-14,2.2204460492503131e-16,0.00042208301601931453,0.00055020800209604204
2,32,0,10,1,0.60999999999999999,0.46999999999999997,0.53000000000000003,0.21906250000000008,0.31468750000000006,0,constant,4,2,0,6,fe_geometry,0.021354755859334867,3.3306690738754696e-16,2.1316282072803006e-14,2.2204460492503131e-16,0.00042208301601931453,0.00055020800209604204
2,32,0,10,1,0.60999999999999999,0.46999999999999997,0.53000000000000003,0.21906250000000008,0.31468750000000006,0,constant,3,3,0,6,recursive,-0.083760172345559034,3.3306690738754696e-16,2.1316282072803006e-14,2.2204460492503131e-16,0.00042208301601931453,0.00055020800209604204
2,32,0,10,1,0.60999999999999999,0.46999999999999997,0.53000000000000003,0.21906250000000008,0.31468750000000006,0,constant,3,3,0,6,direct,0.018204741210937486,3.3306690738754696e-16,2.1316282072803006e-14,2.2204460492503131e-16,0.00042208301601931453,0.00055020800209604204
2,32,0,10,1,0.60999999999999999,0.46999999999999997,0.53000000000000003,0.21906250000000008,0.31468750000000006,0,constant,3,3,0,6,fe_geometry,0.01820474121091565,3.3306690738754696e-16,2.1316282072803006e-14,2.2204460492503131e-16,0.00042208301601931453,0.00055020800209604204
2,32,0,10,1,0.60999999999999999,0.46999999999999997,0.53000000000000003,0.21906250000000008,0.31468750000000006,0,constant,2,4,0,6,recursive,-0.022779464944057786,3.3306690738754696e-16,2.1316282072803006e-14,2.2204460492503131e-16,0.00042208301601931453,0.00055020800209604204
2,32,0,10,1,0.60999999999999999,0.46999999999999997,0.53000000000000003,0.21906250000000008,0.31468750000000006,0,constant,2,4,0,6,direct,0.0061468652343750008,3.3306690738754696e-16,2.1316282072803006e-14,2.2204460492503131e-16,0.00042208301601931453,0.00055020800209604204
2,32,0,10,1,0.60999999999999999,0.46999999999999997,0.53000000000000003,0.21906250000000008,0.31468750000000006,0,constant,2,4,0,6,fe_geometry,0.0061468652343393219,3.3306690738754696e-16,2.1316282072803006e-14,2.2204460492503131e-16,0.00042208301601931453,0.00055020800209604204
2,32,0,10,1,0.60999999999999999,0.46999999999999997,0.53000000000000003,0.21906250000000008,0.31468750000000006,0,constant,1,5,0,6,recursive,-0.1897293626877242,3.3306690738754696e-16,2.1316282072803006e-14,2.2204460492503131e-16,0.00042208301601931453,0.00055020800209604204
2,32,0,10,1,0.60999999999999999,0.46999999999999997,0.53000000000000003,0.21906250000000008,0.31468750000000006,0,constant,1,5,0,6,direct,0.014114443359375001,3.3306690738754696e-16,2.1316282072803006e-14,2.2204460492503131e-16,0.00042208301601931453,0.00055020800209604204
2,32,0,10,1,0.60999999999999999,0.46999999999999997,0.53000000000000003,0.21906250000000008,0.31468750000000006,0,constant,1,5,0,6,fe_geometry,0.014114443359376276,3.3306690738754696e-16,2.1316282072803006e-14,2.2204460492503131e-16,0.00042208301601931453,0.00055020800209604204
2,32,0,10,1,0.60999999999999999,0.46999999999999997,0.53000000000000003,0.21906250000000008,0.31468750000000006,0,constant,0,6,0,6,recursive,-0.1345563546829936,3.3306690738754696e-16,2.1316282072803006e-14,2.2204460492503131e-16,0.00042208301601931453,0.00055020800209604204
2,32,0,10,1,0.60999999999999999,0.46999999999999997,0.53000000000000003,0.21906250000000008,0.31468750000000006,0,constant,0,6,0,6,direct,0,3.3306690738754696e-16,2.1316282072803006e-14,2.2204460492503131e-16,0.00042208301601931453,0.00055020800209604204
2,32,0,10,1,0.60999999999999999,0.46999999999999997,0.53000000000000003,0.21906250000000008,0.31468750000000006,0,constant,0,6,0,6,fe_geometry,-2.6126982628156682e-14,3.3306690738754696e-16,2.1316282072803006e-14,2.2204460492503131e-16,0.00042208301601931453,0.00055020800209604204
2,32,0,10,1,0.60999999999999999,0.46999999999999997,0.53000000000000003,0.21906250000000008,0.31468750000000006,0,constant,7,0,0,7,recursive,-2.1396758601908268e-12,3.3306690738754696e-16,2.1316282072803006e-14,2.2204460492503131e-16,0.00042208301601931453,0.00055020800209604204
2,32,0,10,1,0.60999999999999999,0.46999999999999997,0.53000000000000003,0.21906250000000008,0.31468750000000006,0,constant,7,0,0,7,direct,0,3.3306690738754696e-16,2.1316282072803006e-14,2.2204460492503131e-16,0.00042208301601931453,0.00055020800209604204
2,32,0,10,1,0.60999999999999999,0.46999999999999997,0.53000000000000003,0.21906250000000008,0.31468750000000006,0,constant,7,0,0,7,fe_geometry,6.6195709648436906e-12,3.3306690738754696e-16,2.1316282072803006e-14,2.2204460492503131e-16,0.00042208301601931453,0.00055020800209604204
2,32,0,10,1,0.60999999999999999,0.46999999999999997,0.53000000000000003,0.21906250000000008,0.31468750000000006,0,constant,6,1,0,7,recursive,26.888555563273336,3.3306690738754696e-16,2.1316282072803006e-14,2.2204460492503131e-16,0.00042208301601931453,0.00055020800209604204
2,32,0,10,1,0.60999999999999999,0.46999999999999997,0.53000000000000003,0.21906250000000008,0.31468750000000006,0,constant,6,1,0,7,direct,0,3.3306690738754696e-16,2.1316282072803006e-14,2.2204460492503131e-16,0.00042208301601931453,0.00055020800209604204
2,32,0,10,1,0.60999999999999999,0.46999999999999997,0.53000000000000003,0.21906250000000008,0.31468750000000006,0,constant,6,1,0,7,fe_geometry,5.8619113287992159e-12,3.3306690738754696e-16,2.1316282072803006e-14,2.2204460492503131e-16,0.00042208301601931453,0.00055020800209604204
2,32,0,10,1,0.60999999999999999,0.46999999999999997,0.53000000000000003,0.21906250000000008,0.31468750000000006,0,constant,5,2,0,7,recursive,-20.307128807538056,3.3306690738754696e-16,2.1316282072803006e-14,2.2204460492503131e-16,0.00042208301601931453,0.00055020800209604204
2,32,0,10,1,0.60999999999999999,0.46999999999999997,0.53000000000000003,0.21906250000000008,0.31468750000000006,0,constant,5,2,0,7,direct,15.468093749999998,3.3306690738754696e-16,2.1316282072803006e-14,2.2204460492503131e-16,0.00042208301601931453,0.00055020800209604204
2,32,0,10,1,0.60999999999999999,0.46999999999999997,0.53000000000000003,0.21906250000000008,0.31468750000000006,0,constant,5,2,0,7,fe_geometry,15.468093749991665,3.3306690738754696e-16,2.1316282072803006e-14,2.2204460492503131e-16,0.00042208301601931453,0.00055020800209604204
2,32,0,10,1,0.60999999999999999,0.46999999999999997,0.53000000000000003,0.21906250000000008,0.31468750000000006,0,constant,4,3,0,7,recursive,-31.683000385011365,3.3306690738754696e-16,2.1316282072803006e-14,2.2204460492503131e-16,0.00042208301601931453,0.00055020800209604204
2,32,0,10,1,0.60999999999999999,0.46999999999999997,0.53000000000000003,0.21906250000000008,0.31468750000000006,0,constant,4,3,0,7,direct,22.663406250000001,3.3306690738754696e-16,2.1316282072803006e-14,2.2204460492503131e-16,0.00042208301601931453,0.00055020800209604204
2,32,0,10,1,0.60999999999999999,0.46999999999999997,0.53000000000000003,0.21906250000000008,0.31468750000000006,0,constant,4,3,0,7,fe_geometry,22.66340624999107,3.3306690738754696e-16,2.1316282072803006e-14,2.2204460492503131e-16,0.00042208301601931453,0.00055020800209604204
2,32,0,10,1,0.60999999999999999,0.46999999999999997,0.53000000000000003,0.21906250000000008,0.31468750000000006,0,constant,3,4,0,7,recursive,-10.701993884692897,3.3306690738754696e-16,2.1316282072803006e-14,2.2204460492503131e-16,0.00042208301601931453,0.00055020800209604204
2,32,0,10,1,0.60999999999999999,0.46999999999999997,0.53000000000000003,0.21906250000000008,0.31468750000000006,0,constant,3,4,0,7,direct,8.1531562500000021,3.3306690738754696e-16,2.1316282072803006e-14,2.2204460492503131e-16,0.00042208301601931453,0.00055020800209604204
2,32,0,10,1,0.60999999999999999,0.46999999999999997,0.53000000000000003,0.21906250000000008,0.31468750000000006,0,constant,3,4,0,7,fe_geometry,8.1531562500003254,3.3306690738754696e-16,2.1316282072803006e-14,2.2204460492503131e-16,0.00042208301601931453,0.00055020800209604204
2,32,0,10,1,0.60999999999999999,0.46999999999999997,0.53000000000000003,0.21906250000000008,0.31468750000000006,0,constant,2,5,0,7,recursive,-33.221329081012911,3.3306690738754696e-16,2.1316282072803006e-14,2.2204460492503131e-16,0.00042208301601931453,0.00055020800209604204
2,32,0,10,1,0.60999999999999999,0.46999999999999997,0.53000000000000003,0.21906250000000008,0.31468750000000006,0,constant,2,5,0,7,direct,-6.03515625,3.3306690738754696e-16,2.1316282072803006e-14,2.2204460492503131e-16,0.00042208301601931453,0.00055020800209604204
2,32,0,10,1,0.60999999999999999,0.46999999999999997,0.53000000000000003,0.21906250000000008,0.31468750000000006,0,constant,2,5,0,7,fe_geometry,-6.0351562499976401,3.3306690738754696e-16,2.1316282072803006e-14,2.2204460492503131e-16,0.00042208301601931453,0.00055020800209604204
2,32,0,10,1,0.60999999999999999,0.46999999999999997,0.53000000000000003,0.21906250000000008,0.31468750000000006,0,constant,1,6,0,7,recursive,-3.2998767186160854e-12,3.3306690738754696e-16,2.1316282072803006e-14,2.2204460492503131e-16,0.00042208301601931453,0.00055020800209604204
2,32,0,10,1,0.60999999999999999,0.46999999999999997,0.53000000000000003,0.21906250000000008,0.31468750000000006,0,constant,1,6,0,7,direct,0,3.3306690738754696e-16,2.1316282072803006e-14,2.2204460492503131e-16,0.00042208301601931453,0.00055020800209604204
2,32,0,10,1,0.60999999999999999,0.46999999999999997,0.53000000000000003,0.21906250000000008,0.31468750000000006,0,constant,1,6,0,7,fe_geometry,9.697374929977508e-12,3.3306690738754696e-16,2.1316282072803006e-14,2.2204460492503131e-16,0.00042208301601931453,0.00055020800209604204
2,32,0,10,1,0.60999999999999999,0.46999999999999997,0.53000000000000003,0.21906250000000008,0.31468750000000006,0,constant,0,7,0,7,recursive,-7.5907863888149201e-12,3.3306690738754696e-16,2.1316282072803006e-14,2.2204460492503131e-16,0.00042208301601931453,0.00055020800209604204
2,32,0,10,1,0.60999999999999999,0.46999999999999997,0.53000000000000003,0.21906250000000008,0.31468750000000006,0,constant,0,7,0,7,direct,0,3.3306690738754696e-16,2.1316282072803006e-14,2.2204460492503131e-16,0.00042208301601931453,0.00055020800209604204
2,32,0,10,1,0.60999999999999999,0.46999999999999997,0.53000000000000003,0.21906250000000008,0.31468750000000006,0,constant,0,7,0,7,fe_geometry,9.18298247150758e-12,3.3306690738754696e-16,2.1316282072803006e-14,2.2204460492503131e-16,0.00042208301601931453,0.00055020800209604204
2,32,0,10,1,0.60999999999999999,0.46999999999999997,0.53000000000000003,0.21906250000000008,0.31468750000000006,0,constant,8,0,0,8,recursive,-4.2395636129309218e-10,3.3306690738754696e-16,2.1316282072803006e-14,2.2204460492503131e-16,0.00042208301601931453,0.00055020800209604204
2,32,0,10,1,0.60999999999999999,0.46999999999999997,0.53000000000000003,0.21906250000000008,0.31468750000000006,0,constant,8,0,0,8,direct,0,3.3306690738754696e-16,2.1316282072803006e-14,2.2204460492503131e-16,0.00042208301601931453,0.00055020800209604204
2,32,0,10,1,0.60999999999999999,0.46999999999999997,0.53000000000000003,0.21906250000000008,0.31468750000000006,0,constant,8,0,0,8,fe_geometry,-2.4927474444818731e-08,3.3306690738754696e-16,2.1316282072803006e-14,2.2204460492503131e-16,0.00042208301601931453,0.00055020800209604204
2,32,0,10,1,0.60999999999999999,0.46999999999999997,0.53000000000000003,0.21906250000000008,0.31468750000000006,0,constant,7,1,0,8,recursive,-7.8209315393420438e-10,3.3306690738754696e-16,2.1316282072803006e-14,2.2204460492503131e-16,0.00042208301601931453,0.00055020800209604204
2,32,0,10,1,0.60999999999999999,0.46999999999999997,0.53000000000000003,0.21906250000000008,0.31468750000000006,0,constant,7,1,0,8,direct,0,3.3306690738754696e-16,2.1316282072803006e-14,2.2204460492503131e-16,0.00042208301601931453,0.00055020800209604204
2,32,0,10,1,0.60999999999999999,0.46999999999999997,0.53000000000000003,0.21906250000000008,0.31468750000000006,0,constant,7,1,0,8,fe_geometry,-1.3360540195788227e-08,3.3306690738754696e-16,2.1316282072803006e-14,2.2204460492503131e-16,0.00042208301601931453,0.00055020800209604204
2,32,0,10,1,0.60999999999999999,0.46999999999999997,0.53000000000000003,0.21906250000000008,0.31468750000000006,0,constant,6,2,0,8,recursive,-3689.6075513275523,3.3306690738754696e-16,2.1316282072803006e-14,2.2204460492503131e-16,0.00042208301601931453,0.00055020800209604204
2,32,0,10,1,0.60999999999999999,0.46999999999999997,0.53000000000000003,0.21906250000000008,0.31468750000000006,0,constant,6,2,0,8,direct,0,3.3306690738754696e-16,2.1316282072803006e-14,2.2204460492503131e-16,0.00042208301601931453,0.00055020800209604204
2,32,0,10,1,0.60999999999999999,0.46999999999999997,0.53000000000000003,0.21906250000000008,0.31468750000000006,0,constant,6,2,0,8,fe_geometry,-4.6094181806676015e-09,3.3306690738754696e-16,2.1316282072803006e-14,2.2204460492503131e-16,0.00042208301601931453,0.00055020800209604204
2,32,0,10,1,0.60999999999999999,0.46999999999999997,0.53000000000000003,0.21906250000000008,0.31468750000000006,0,constant,5,3,0,8,recursive,-326.52065641914436,3.3306690738754696e-16,2.1316282072803006e-14,2.2204460492503131e-16,0.00042208301601931453,0.00055020800209604204
2,32,0,10,1,0.60999999999999999,0.46999999999999997,0.53000000000000003,0.21906250000000008,0.31468750000000006,0,constant,5,3,0,8,direct,6851.7000000000007,3.3306690738754696e-16,2.1316282072803006e-14,2.2204460492503131e-16,0.00042208301601931453,0.00055020800209604204
2,32,0,10,1,0.60999999999999999,0.46999999999999997,0.53000000000000003,0.21906250000000008,0.31468750000000006,0,constant,5,3,0,8,fe_geometry,6851.69999999631,3.3306690738754696e-16,2.1316282072803006e-14,2.2204460492503131e-16,0.00042208301601931453,0.00055020800209604204
2,32,0,10,1,0.60999999999999999,0.46999999999999997,0.53000000000000003,0.21906250000000008,0.31468750000000006,0,constant,4,4,0,8,recursive,1020.8360813044284,3.3306690738754696e-16,2.1316282072803006e-14,2.2204460492503131e-16,0.00042208301601931453,0.00055020800209604204
2,32,0,10,1,0.60999999999999999,0.46999999999999997,0.53000000000000003,0.21906250000000008,0.31468750000000006,0,constant,4,4,0,8,direct,-1358.9999999999993,3.3306690738754696e-16,2.1316282072803006e-14,2.2204460492503131e-16,0.00042208301601931453,0.00055020800209604204
2,32,0,10,1,0.60999999999999999,0.46999999999999997,0.53000000000000003,0.21906250000000008,0.31468750000000006,0,constant,4,4,0,8,fe_geometry,-1358.9999999973727,3.3306690738754696e-16,2.1316282072803006e-14,2.2204460492503131e-16,0.00042208301601931453,0.00055020800209604204
2,32,0,10,1,0.60999999999999999,0.46999999999999997,0.53000000000000003,0.21906250000000008,0.31468750000000006,0,constant,3,5,0,8,recursive,6384.0623961181564,3.3306690738754696e-16,2.1316282072803006e-14,2.2204460492503131e-16,0.00042208301601931453,0.00055020800209604204
2,32,0,10,1,0.60999999999999999,0.46999999999999997,0.53000000000000003,0.21906250000000008,0.31468750000000006,0,constant,3,5,0,8,direct,335.70000000000022,3.3306690738754696e-16,2.1316282072803006e-14,2.2204460492503131e-16,0.00042208301601931453,0.00055020800209604204
2,32,0,10,1,0.60999999999999999,0.46999999999999997,0.53000000000000003,0.21906250000000008,0.31468750000000006,0,constant,3,5,0,8,fe_geometry,335.70000000201441,3.3306690738754696e-16,2.1316282072803006e-14,2.2204460492503131e-16,0.00042208301601931453,0.00055020800209604204
2,32,0,10,1,0.60999999999999999,0.46999999999999997,0.53000000000000003,0.21906250000000008,0.31468750000000006,0,constant,2,6,0,8,recursive,-5.5392116006821864e-11,3.3306690738754696e-16,2.1316282072803006e-14,2.2204460492503131e-16,0.00042208301601931453,0.00055020800209604204
2,32,0,10,1,0.60999999999999999,0.46999999999999997,0.53000000000000003,0.21906250000000008,0.31468750000000006,0,constant,2,6,0,8,direct,0,3.3306690738754696e-16,2.1316282072803006e-14,2.2204460492503131e-16,0.00042208301601931453,0.00055020800209604204
2,32,0,10,1,0.60999999999999999,0.46999999999999997,0.53000000000000003,0.21906250000000008,0.31468750000000006,0,constant,2,6,0,8,fe_geometry,2.4075724408580993e-09,3.3306690738754696e-16,2.1316282072803006e-14,2.2204460492503131e-16,0.00042208301601931453,0.00055020800209604204
2,32,0,10,1,0.60999999999999999,0.46999999999999997,0.53000000000000003,0.21906250000000008,0.31468750000000006,0,constant,1,7,0,8,recursive,1.0921358836319457e-09,3.3306690738754696e-16,2.1316282072803006e-14,2.2204460492503131e-16,0.00042208301601931453,0.00055020800209604204
2,32,0,10,1,0.60999999999999999,0.46999999999999997,0.53000000000000003,0.21906250000000008,0.31468750000000006,0,constant,1,7,0,8,direct,0,3.3306690738754696e-16,2.1316282072803006e-14,2.2204460492503131e-16,0.00042208301601931453,0.00055020800209604204
2,32,0,10,1,0.60999999999999999,0.46999999999999997,0.53000000000000003,0.21906250000000008,0.31468750000000006,0,constant,1,7,0,8,fe_geometry,-9.7080308740737826e-10,3.3306690738754696e-16,2.1316282072803006e-14,2.2204460492503131e-16,0.00042208301601931453,0.00055020800209604204
2,32,0,10,1,0.60999999999999999,0.46999999999999997,0.53000000000000003,0.21906250000000008,0.31468750000000006,0,constant,0,8,0,8,recursive,4.8076501580877565e-10,3.3306690738754696e-16,2.1316282072803006e-14,2.2204460492503131e-16,0.00042208301601931453,0.00055020800209604204
2,32,0,10,1,0.60999999999999999,0.46999999999999997,0.53000000000000003,0.21906250000000008,0.31468750000000006,0,constant,0,8,0,8,direct,0,3.3306690738754696e-16,2.1316282072803006e-14,2.2204460492503131e-16,0.00042208301601931453,0.00055020800209604204
2,32,0,10,1,0.60999999999999999,0.46999999999999997,0.53000000000000003,0.21906250000000008,0.31468750000000006,0,constant,0,8,0,8,fe_geometry,1.5780607423155424e-08,3.3306690738754696e-16,2.1316282072803006e-14,2.2204460492503131e-16,0.00042208301601931453,0.00055020800209604204
2,32,0,10,1,0.60999999999999999,0.46999999999999997,0.53000000000000003,0.21906250000000008,0.31468750000000006,0,constant,9,0,0,9,recursive,-1.568860718702747e-07,3.3306690738754696e-16,2.1316282072803006e-14,2.2204460492503131e-16,0.00042208301601931453,0.00055020800209604204
2,32,0,10,1,0.60999999999999999,0.46999999999999997,0.53000000000000003,0.21906250000000008,0.31468750000000006,0,constant,9,0,0,9,direct,0,3.3306690738754696e-16,2.1316282072803006e-14,2.2204460492503131e-16,0.00042208301601931453,0.00055020800209604204
2,32,0,10,1,0.60999999999999999,0.46999999999999997,0.53000000000000003,0.21906250000000008,0.31468750000000006,0,constant,9,0,0,9,fe_geometry,-8.3923084669592276e-06,3.3306690738754696e-16,2.1316282072803006e-14,2.2204460492503131e-16,0.00042208301601931453,0.00055020800209604204
2,32,0,10,1,0.60999999999999999,0.46999999999999997,0.53000000000000003,0.21906250000000008,0.31468750000000006,0,constant,8,1,0,9,recursive,-1.0233306092234135e-07,3.3306690738754696e-16,2.1316282072803006e-14,2.2204460492503131e-16,0.00042208301601931453,0.00055020800209604204
2,32,0,10,1,0.60999999999999999,0.46999999999999997,0.53000000000000003,0.21906250000000008,0.31468750000000006,0,constant,8,1,0,9,direct,0,3.3306690738754696e-16,2.1316282072803006e-14,2.2204460492503131e-16,0.00042208301601931453,0.00055020800209604204
2,32,0,10,1,0.60999999999999999,0.46999999999999997,0.53000000000000003,0.21906250000000008,0.31468750000000006,0,constant,8,1,0,9,fe_geometry,-1.6581394047571575e-06,3.3306690738754696e-16,2.1316282072803006e-14,2.2204460492503131e-16,0.00042208301601931453,0.00055020800209604204
2,32,0,10,1,0.60999999999999999,0.46999999999999997,0.53000000000000003,0.21906250000000008,0.31468750000000006,0,constant,7,2,0,9,recursive,3.9552433973404754e-07,3.3306690738754696e-16,2.1316282072803006e-14,2.2204460492503131e-16,0.00042208301601931453,0.00055020800209604204
2,32,0,10,1,0.60999999999999999,0.46999999999999997,0.53000000000000003,0.21906250000000008,0.31468750000000006,0,constant,7,2,0,9,direct,0,3.3306690738754696e-16,2.1316282072803006e-14,2.2204460492503131e-16,0.00042208301601931453,0.00055020800209604204
2,32,0,10,1,0.60999999999999999,0.46999999999999997,0.53000000000000003,0.21906250000000008,0.31468750000000006,0,constant,7,2,0,9,fe_geometry,-3.5397333176114079e-07,3.3306690738754696e-16,2.1316282072803006e-14,2.2204460492503131e-16,0.00042208301601931453,0.00055020800209604204
2,32,0,10,1,0.60999999999999999,0.46999999999999997,0.53000000000000003,0.21906250000000008,0.31468750000000006,0,constant,6,3,0,9,recursive,166249.76499371647,3.3306690738754696e-16,2.1316282072803006e-14,2.2204460492503131e-16,0.00042208301601931453,0.00055020800209604204
2,32,0,10,1,0.60999999999999999,0.46999999999999997,0.53000000000000003,0.21906250000000008,0.31468750000000006,0,constant,6,3,0,9,direct,0,3.3306690738754696e-16,2.1316282072803006e-14,2.2204460492503131e-16,0.00042208301601931453,0.00055020800209604204
2,32,0,10,1,0.60999999999999999,0.46999999999999997,0.53000000000000003,0.21906250000000008,0.31468750000000006,0,constant,6,3,0,9,fe_geometry,1.628549420448805e-07,3.3306690738754696e-16,2.1316282072803006e-14,2.2204460492503131e-16,0.00042208301601931453,0.00055020800209604204
2,32,0,10,1,0.60999999999999999,0.46999999999999997,0.53000000000000003,0.21906250000000008,0.31468750000000006,0,constant,5,4,0,9,recursive,1536334.7157544931,3.3306690738754696e-16,2.1316282072803006e-14,2.2204460492503131e-16,0.00042208301601931453,0.00055020800209604204
2,32,0,10,1,0.60999999999999999,0.46999999999999997,0.53000000000000003,0.21906250000000008,0.31468750000000006,0,constant,5,4,0,9,direct,-685439.99999999988,3.3306690738754696e-16,2.1316282072803006e-14,2.2204460492503131e-16,0.00042208301601931453,0.00055020800209604204
2,32,0,10,1,0.60999999999999999,0.46999999999999997,0.53000000000000003,0.21906250000000008,0.31468750000000006,0,constant,5,4,0,9,fe_geometry,-685439.9999992603,3.3306690738754696e-16,2.1316282072803006e-14,2.2204460492503131e-16,0.00042208301601931453,0.00055020800209604204
2,32,0,10,1,0.60999999999999999,0.46999999999999997,0.53000000000000003,0.21906250000000008,0.31468750000000006,0,constant,4,5,0,9,recursive,2002936.4887600641,3.3306690738754696e-16,2.1316282072803006e-14,2.2204460492503131e-16,0.00042208301601931453,0.00055020800209604204
2,32,0,10,1,0.60999999999999999,0.46999999999999997,0.53000000000000003,0.21906250000000008,0.31468750000000006,0,constant,4,5,0,9,direct,-800640,3.3306690738754696e-16,2.1316282072803006e-14,2.2204460492503131e-16,0.00042208301601931453,0.00055020800209604204
2,32,0,10,1,0.60999999999999999,0.46999999999999997,0.53000000000000003,0.21906250000000008,0.31468750000000006,0,constant,4,5,0,9,fe_geometry,-800639.99999921815,3.3306690738754696e-16,2.1316282072803006e-14,2.2204460492503131e-16,0.00042208301601931453,0.00055020800209604204
2,32,0,10,1,0.60999999999999999,0.46999999999999997,0.53000000000000003,0.21906250000000008,0.31468750000000006,0,constant,3,6,0,9,recursive,2.2450812564244192e-07,3.3306690738754696e-16,2.1316282072803006e-14,2.2204460492503131e-16,0.00042208301601931453,0.00055020800209604204
2,32,0,10,1,0.60999999999999999,0.46999999999999997,0.53000000000000003,0.21906250000000008,0.31468750000000006,0,constant,3,6,0,9,direct,0,3.3306690738754696e-16,2.1316282072803006e-14,2.2204460492503131e-16,0.00042208301601931453,0.00055020800209604204
2,32,0,10,1,0.60999999999999999,0.46999999999999997,0.53000000000000003,0.21906250000000008,0.31468750000000006,0,constant,3,6,0,9,fe_geometry,-3.900532604302957e-07,3.3306690738754696e-16,2.1316282072803006e-14,2.2204460492503131e-16,0.00042208301601931453,0.00055020800209604204
2,32,0,10,1,0.60999999999999999,0.46999999999999997,0.53000000000000003,0.21906250000000008,0.31468750000000006,0,constant,2,7,0,9,recursive,2.509567828035352e-07,3.3306690738754696e-16,2.1316282072803006e-14,2.2204460492503131e-16,0.00042208301601931453,0.00055020800209604204
2,32,0,10,1,0.60999999999999999,0.46999999999999997,0.53000000000000003,0.21906250000000008,0.31468750000000006,0,constant,2,7,0,9,direct,0,3.3306690738754696e-16,2.1316282072803006e-14,2.2204460492503131e-16,0.00042208301601931453,0.00055020800209604204
2,32,0,10,1,0.60999999999999999,0.46999999999999997,0.53000000000000003,0.21906250000000008,0.31468750000000006,0,constant,2,7,0,9,fe_geometry,-1.9952669611126796e-07,3.3306690738754696e-16,2.1316282072803006e-14,2.2204460492503131e-16,0.00042208301601931453,0.00055020800209604204
2,32,0,10,1,0.60999999999999999,0.46999999999999997,0.53000000000000003,0.21906250000000008,0.31468750000000006,0,constant,1,8,0,9,recursive,1.4810597956800721e-07,3.3306690738754696e-16,2.1316282072803006e-14,2.2204460492503131e-16,0.00042208301601931453,0.00055020800209604204
2,32,0,10,1,0.60999999999999999,0.46999999999999997,0.53000000000000003,0.21906250000000008,0.31468750000000006,0,constant,1,8,0,9,direct,0,3.3306690738754696e-16,2.1316282072803006e-14,2.2204460492503131e-16,0.00042208301601931453,0.00055020800209604204
2,32,0,10,1,0.60999999999999999,0.46999999999999997,0.53000000000000003,0.21906250000000008,0.31468750000000006,0,constant,1,8,0,9,fe_geometry,-6.650201448669595e-07,3.3306690738754696e-16,2.1316282072803006e-14,2.2204460492503131e-16,0.00042208301601931453,0.00055020800209604204
2,32,0,10,1,0.60999999999999999,0.46999999999999997,0.53000000000000003,0.21906250000000008,0.31468750000000006,0,constant,0,9,0,9,recursive,-3.0043060824051301e-08,3.3306690738754696e-16,2.1316282072803006e-14,2.2204460492503131e-16,0.00042208301601931453,0.00055020800209604204
2,32,0,10,1,0.60999999999999999,0.46999999999999997,0.53000000000000003,0.21906250000000008,0.31468750000000006,0,constant,0,9,0,9,direct,0,3.3306690738754696e-16,2.1316282072803006e-14,2.2204460492503131e-16,0.00042208301601931453,0.00055020800209604204
2,32,0,10,1,0.60999999999999999,0.46999999999999997,0.53000000000000003,0.21906250000000008,0.31468750000000006,0,constant,0,9,0,9,fe_geometry,6.3829152716504512e-08,3.3306690738754696e-16,2.1316282072803006e-14,2.2204460492503131e-16,0.00042208301601931453,0.00055020800209604204
2,32,0,10,1,0.60999999999999999,0.46999999999999997,0.53000000000000003,0.21906250000000008,0.31468750000000006,0,constant,10,0,0,10,recursive,-9.3061022773029026e-06,3.3306690738754696e-16,2.1316282072803006e-14,2.2204460492503131e-16,0.00042208301601931453,0.00055020800209604204
2,32,0,10,1,0.60999999999999999,0.46999999999999997,0.53000000000000003,0.21906250000000008,0.31468750000000006,0,constant,10,0,0,10,direct,0,3.3306690738754696e-16,2.1316282072803006e-14,2.2204460492503131e-16,0.00042208301601931453,0.00055020800209604204
2,32,0,10,1,0.60999999999999999,0.46999999999999997,0.53000000000000003,0.21906250000000008,0.31468750000000006,0,constant,10,0,0,10,fe_geometry,2.2459737705917867e-15,3.3306690738754696e-16,2.1316282072803006e-14,2.2204460492503131e-16,0.00042208301601931453,0.00055020800209604204
2,32,0,10,1,0.60999999999999999,0.46999999999999997,0.53000000000000003,0.21906250000000008,0.31468750000000006,0,constant,9,1,0,10,recursive,1.2639404056259805e-05,3.3306690738754696e-16,2.1316282072803006e-14,2.2204460492503131e-16,0.00042208301601931453,0.00055020800209604204
2,32,0,10,1,0.60999999999999999,0.46999999999999997,0.53000000000000003,0.21906250000000008,0.31468750000000006,0,constant,9,1,0,10,direct,0,3.3306690738754696e-16,2.1316282072803006e-14,2.2204460492503131e-16,0.00042208301601931453,0.00055020800209604204
2,32,0,10,1,0.60999999999999999,0.46999999999999997,0.53000000000000003,0.21906250000000008,0.31468750000000006,0,constant,9,1,0,10,fe_geometry,0.00092165524709244596,3.3306690738754696e-16,2.1316282072803006e-14,2.2204460492503131e-16,0.00042208301601931453,0.00055020800209604204
2,32,0,10,1,0.60999999999999999,0.46999999999999997,0.53000000000000003,0.21906250000000008,0.31468750000000006,0,constant,8,2,0,10,recursive,6.7950365457686938e-05,3.3306690738754696e-16,2.1316282072803006e-14,2.2204460492503131e-16,0.00042208301601931453,0.00055020800209604204
2,32,0,10,1,0.60999999999999999,0.46999999999999997,0.53000000000000003,0.21906250000000008,0.31468750000000006,0,constant,8,2,0,10,direct,0,3.3306690738754696e-16,2.1316282072803006e-14,2.2204460492503131e-16,0.00042208301601931453,0.00055020800209604204
2,32,0,10,1,0.60999999999999999,0.46999999999999997,0.53000000000000003,0.21906250000000008,0.31468750000000006,0,constant,8,2,0,10,fe_geometry,0.0015346771817694614,3.3306690738754696e-16,2.1316282072803006e-14,2.2204460492503131e-16,0.00042208301601931453,0.00055020800209604204
2,32,0,10,1,0.60999999999999999,0.46999999999999997,0.53000000000000003,0.21906250000000008,0.31468750000000006,0,constant,7,3,0,10,recursive,3.174892296776217e-05,3.3306690738754696e-16,2.1316282072803006e-14,2.2204460492503131e-16,0.00042208301601931453,0.00055020800209604204
2,32,0,10,1,0.60999999999999999,0.46999999999999997,0.53000000000000003,0.21906250000000008,0.31468750000000006,0,constant,7,3,0,10,direct,0,3.3306690738754696e-16,2.1316282072803006e-14,2.2204460492503131e-16,0.00042208301601931453,0.00055020800209604204
2,32,0,10,1,0.60999999999999999,0.46999999999999997,0.53000000000000003,0.21906250000000008,0.31468750000000006,0,constant,7,3,0,10,fe_geometry,0.00098274942924814787,3.3306690738754696e-16,2.1316282072803006e-14,2.2204460492503131e-16,0.00042208301601931453,0.00055020800209604204
2,32,0,10,1,0.60999999999999999,0.46999999999999997,0.53000000000000003,0.21906250000000008,0.31468750000000006,0,constant,6,4,0,10,recursive,337194038.97867709,3.3306690738754696e-16,2.1316282072803006e-14,2.2204460492503131e-16,0.00042208301601931453,0.00055020800209604204
2,32,0,10,1,0.60999999999999999,0.46999999999999997,0.53000000000000003,0.21906250000000008,0.31468750000000006,0,constant,6,4,0,10,direct,0,3.3306690738754696e-16,2.1316282072803006e-14,2.2204460492503131e-16,0.00042208301601931453,0.00055020800209604204
2,32,0,10,1,0.60999999999999999,0.46999999999999997,0.53000000000000003,0.21906250000000008,0.31468750000000006,0,constant,6,4,0,10,fe_geometry,0.00033564379889895317,3.3306690738754696e-16,2.1316282072803006e-14,2.2204460492503131e-16,0.00042208301601931453,0.00055020800209604204
2,32,0,10,1,0.60999999999999999,0.46999999999999997,0.53000000000000003,0.21906250000000008,0.31468750000000006,0,constant,5,5,0,10,recursive,-172178910.17117903,3.3306690738754696e-16,2.1316282072803006e-14,2.2204460492503131e-16,0.00042208301601931453,0.00055020800209604204
2,32,0,10,1,0.60999999999999999,0.46999999999999997,0.53000000000000003,0.21906250000000008,0.31468750000000006,0,constant,5,5,0,10,direct,-202752000,3.3306690738754696e-16,2.1316282072803006e-14,2.2204460492503131e-16,0.00042208301601931453,0.00055020800209604204
2,32,0,10,1,0.60999999999999999,0.46999999999999997,0.53000000000000003,0.21906250000000008,0.31468750000000006,0,constant,5,5,0,10,fe_geometry,-202751999.9998011,3.3306690738754696e-16,2.1316282072803006e-14,2.2204460492503131e-16,0.00042208301601931453,0.00055020800209604204
2,32,0,10,1,0.60999999999999999,0.46999999999999997,0.53000000000000003,0.21906250000000008,0.31468750000000006,0,constant,4,6,0,10,recursive,2.162103304969571e-05,3.3306690738754696e-16,2.1316282072803006e-14,2.2204460492503131e-16,0.00042208301601931453,0.00055020800209604204
2,32,0,10,1,0.60999999999999999,0.46999999999999997,0.53000000000000003,0.21906250000000008,0.31468750000000006,0,constant,4,6,0,10,direct,0,3.3306690738754696e-16,2.1316282072803006e-14,2.2204460492503131e-16,0.00042208301601931453,0.00055020800209604204
2,32,0,10,1,0.60999999999999999,0.46999999999999997,0.53000000000000003,0.21906250000000008,0.31468750000000006,0,constant,4,6,0,10,fe_geometry,-0.0002505404516050866,3.3306690738754696e-16,2.1316282072803006e-14,2.2204460492503131e-16,0.00042208301601931453,0.00055020800209604204
2,32,0,10,1,0.60999999999999999,0.46999999999999997,0.53000000000000003,0.21906250000000008,0.31468750000000006,0,constant,3,7,0,10,recursive,-3.260363770108224e-05,3.3306690738754696e-16,2.1316282072803006e-14,2.2204460492503131e-16,0.00042208301601931453,0.00055020800209604204
2,32,0,10,1,0.60999999999999999,0.46999999999999997,0.53000000000000003,0.21906250000000008,0.31468750000000006,0,constant,3,7,0,10,direct,0,3.3306690738754696e-16,2.1316282072803006e-14,2.2204460492503131e-16,0.00042208301601931453,0.00055020800209604204
2,32,0,10,1,0.60999999999999999,0.46999999999999997,0.53000000000000003,0.21906250000000008,0.31468750000000006,0,constant,3,7,0,10,fe_geometry,-6.5439535488264104e-05,3.3306690738754696e-16,2.1316282072803006e-14,2.2204460492503131e-16,0.00042208301601931453,0.00055020800209604204
2,32,0,10,1,0.60999999999999999,0.46999999999999997,0.53000000000000003,0.21906250000000008,0.31468750000000006,0,constant,2,8,0,10,recursive,-2.5589521817408159e-06,3.3306690738754696e-16,2.1316282072803006e-14,2.2204460492503131e-16,0.00042208301601931453,0.00055020800209604204
2,32,0,10,1,0.60999999999999999,0.46999999999999997,0.53000000000000003,0.21906250000000008,0.31468750000000006,0,constant,2,8,0,10,direct,0,3.3306690738754696e-16,2.1316282072803006e-14,2.2204460492503131e-16,0.00042208301601931453,0.00055020800209604204
2,32,0,10,1,0.60999999999999999,0.46999999999999997,0.53000000000000003,0.21906250000000008,0.31468750000000006,0,constant,2,8,0,10,fe_geometry,-0.00018243928584315311,3.3306690738754696e-16,2.1316282072803006e-14,2.2204460492503131e-16,0.00042208301601931453,0.00055020800209604204
2,32,0,10,1,0.60999999999999999,0.46999999999999997,0.53000000000000003,0.21906250000000008,0.31468750000000006,0,constant,1,9,0,10,recursive,2.5071942763824521e-05,3.3306690738754696e-16,2.1316282072803006e-14,2.2204460492503131e-16,0.00042208301601931453,0.00055020800209604204
2,32,0,10,1,0.60999999999999999,0.46999999999999997,0.53000000000000003,0.21906250000000008,0.31468750000000006,0,constant,1,9,0,10,direct,0,3.3306690738754696e-16,2.1316282072803006e-14,2.2204460492503131e-16,0.00042208301601931453,0.00055020800209604204
2,32,0,10,1,0.60999999999999999,0.46999999999999997,0.53000000000000003,0.21906250000000008,0.31468750000000006,0,constant,1,9,0,10,fe_geometry,-4.2940314290016788e-05,3.3306690738754696e-16,2.1316282072803006e-14,2.2204460492503131e-16,0.00042208301601931453,0.00055020800209604204
2,32,0,10,1,0.60999999999999999,0.46999999999999997,0.53000000000000003,0.21906250000000008,0.31468750000000006,0,constant,0,10,0,10,recursive,3.4717589378139344e-05,3.3306690738754696e-16,2.1316282072803006e-14,2.2204460492503131e-16,0.00042208301601931453,0.00055020800209604204
2,32,0,10,1,0.60999999999999999,0.46999999999999997,0.53000000000000003,0.21906250000000008,0.31468750000000006,0,constant,0,10,0,10,direct,0,3.3306690738754696e-16,2.1316282072803006e-14,2.2204460492503131e-16,0.00042208301601931453,0.00055020800209604204
2,32,0,10,1,0.60999999999999999,0.46999999999999997,0.53000000000000003,0.21906250000000008,0.31468750000000006,0,constant,0,10,0,10,fe_geometry,5.1381152506476813e-16,3.3306690738754696e-16,2.1316282072803006e-14,2.2204460492503131e-16,0.00042208301601931453,0.00055020800209604204
2,32,0,10,1,0.60999999999999999,0.46999999999999997,0.53000000000000003,0.21906250000000008,0.31468750000000006,0,quintic,1,0,0,1,recursive,0.054901162601520392,8.6736173798840355e-18,2.1316282072803006e-14,2.2204460492503131e-16,0.00042208301601931453,0.0015033330128062516
2,32,0,10,1,0.60999999999999999,0.46999999999999997,0.53000000000000003,0.21906250000000008,0.31468750000000006,0,quintic,1,0,0,1,direct,0.054901162601522509,8.6736173798840355e-18,2.1316282072803006e-14,2.2204460492503131e-16,0.00042208301601931453,0.0015033330128062516
2,32,0,10,1,0.60999999999999999,0.46999999999999997,0.53000000000000003,0.21906250000000008,0.31468750000000006,0,quintic,1,0,0,1,fe_geometry,0.054901162601522918,8.6736173798840355e-18,2.1316282072803006e-14,2.2204460492503131e-16,0.00042208301601931453,0.0015033330128062516
2,32,0,10,1,0.60999999999999999,0.46999999999999997,0.53000000000000003,0.21906250000000008,0.31468750000000006,0,quintic,0,1,0,1,recursive,0.079235630386402189,8.6736173798840355e-18,2.1316282072803006e-14,2.2204460492503131e-16,0.00042208301601931453,0.0015033330128062516
2,32,0,10,1,0.60999999999999999,0.46999999999999997,0.53000000000000003,0.21906250000000008,0.31468750000000006,0,quintic,0,1,0,1,direct,0.079235630386405201,8.6736173798840355e-18,2.1316282072803006e-14,2.2204460492503131e-16,0.00042208301601931453,0.0015033330128062516
2,32,0,10,1,0.60999999999999999,0.46999999999999997,0.53000000000000003,0.21906250000000008,0.31468750000000006,0,quintic,0,1,0,1,fe_geometry,0.079235630386400593,8.6736173798840355e-18,2.1316282072803006e-14,2.2204460492503131e-16,0.00042208301601931453,0.0015033330128062516
2,32,0,10,1,0.60999999999999999,0.46999999999999997,0.53000000000000003,0.21906250000000008,0.31468750000000006,0,quintic,2,0,0,2,recursive,0.40830553039572659,8.6736173798840355e-18,2.1316282072803006e-14,2.2204460492503131e-16,0.00042208301601931453,0.0015033330128062516
2,32,0,10,1,0.60999999999999999,0.46999999999999997,0.53000000000000003,0.21906250000000008,0.31468750000000006,0,quintic,2,0,0,2,direct,0.40830553039540451,8.6736173798840355e-18,2.1316282072803006e-14,2.2204460492503131e-16,0.00042208301601931453,0.0015033330128062516
2,32,0,10,1,0.60999999999999999,0.46999999999999997,0.53000000000000003,0.21906250000000008,0.31468750000000006,0,quintic,2,0,0,2,fe_geometry,0.4083055303939897,8.6736173798840355e-18,2.1316282072803006e-14,2.2204460492503131e-16,0.00042208301601931453,0.0015033330128062516
2,32,0,10,1,0.60999999999999999,0.46999999999999997,0.53000000000000003,0.21906250000000008,0.31468750000000006,0,quintic,1,1,0,2,recursive,0.27574492187486715,8.6736173798840355e-18,2.1316282072803006e-14,2.2204460492503131e-16,0.00042208301601931453,0.0015033330128062516
2,32,0,10,1,0.60999999999999999,0.46999999999999997,0.53000000000000003,0.21906250000000008,0.31468750000000006,0,quintic,1,1,0,2,direct,0.27574492187537708,8.6736173798840355e-18,2.1316282072803006e-14,2.2204460492503131e-16,0.00042208301601931453,0.0015033330128062516
2,32,0,10,1,0.60999999999999999,0.46999999999999997,0.53000000000000003,0.21906250000000008,0.31468750000000006,0,quintic,1,1,0,2,fe_geometry,0.27574492187537897,8.6736173798840355e-18,2.1316282072803006e-14,2.2204460492503131e-16,0.00042208301601931453,0.0015033330128062516
2,32,0,10,1,0.60999999999999999,0.46999999999999997,0.53000000000000003,0.21906250000000008,0.31468750000000006,0,quintic,0,2,0,2,recursive,0.71923563415592762,8.6736173798840355e-18,2.1316282072803006e-14,2.2204460492503131e-16,0.00042208301601931453,0.0015033330128062516
2,32,0,10,1,0.60999999999999999,0.46999999999999997,0.53000000000000003,0.21906250000000008,0.31468750000000006,0,quintic,0,2,0,2,direct,0.71923563415572933,8.6736173798840355e-18,2.1316282072803006e-14,2.2204460492503131e-16,0.00042208301601931453,0.0015033330128062516
2,32,0,10,1,0.60999999999999999,0.46999999999999997,0.53000000000000003,0.21906250000000008,0.31468750000000006,0,quintic,0,2,0,2,fe_geometry,0.71923563415594405,8.6736173798840355e-18,2.1316282072803006e-14,2.2204460492503131e-16,0.00042208301601931453,0.0015033330128062516
2,32,0,10,1,0.60999999999999999,0.46999999999999997,0.53000000000000003,0.21906250000000008,0.31468750000000006,0,quintic,3,0,0,3,recursive,2.8793027343321831,8.6736173798840355e-18,2.1316282072803006e-14,2.2204460492503131e-16,0.00042208301601931453,0.0015033330128062516
2,32,0,10,1,0.60999999999999999,0.46999999999999997,0.53000000000000003,0.21906250000000008,0.31468750000000006,0,quintic,3,0,0,3,direct,2.8793027343057256,8.6736173798840355e-18,2.1316282072803006e-14,2.2204460492503131e-16,0.00042208301601931453,0.0015033330128062516
2,32,0,10,1,0.60999999999999999,0.46999999999999997,0.53000000000000003,0.21906250000000008,0.31468750000000006,0,quintic,3,0,0,3,fe_geometry,2.8793027343364872,8.6736173798840355e-18,2.1316282072803006e-14,2.2204460492503131e-16,0.00042208301601931453,0.0015033330128062516
2,32,0,10,1,0.60999999999999999,0.46999999999999997,0.53000000000000003,0.21906250000000008,0.31468750000000006,0,quintic,2,1,0,3,recursive,1.258749999930894,8.6736173798840355e-18,2.1316282072803006e-14,2.2204460492503131e-16,0.00042208301601931453,0.0015033330128062516
2,32,0,10,1,0.60999999999999999,0.46999999999999997,0.53000000000000003,0.21906250000000008,0.31468750000000006,0,quintic,2,1,0,3,direct,1.2587499999530938,8.6736173798840355e-18,2.1316282072803006e-14,2.2204460492503131e-16,0.00042208301601931453,0.0015033330128062516
2,32,0,10,1,0.60999999999999999,0.46999999999999997,0.53000000000000003,0.21906250000000008,0.31468750000000006,0,quintic,2,1,0,3,fe_geometry,1.258749999959514,8.6736173798840355e-18,2.1316282072803006e-14,2.2204460492503131e-16,0.00042208301601931453,0.0015033330128062516
2,32,0,10,1,0.60999999999999999,0.46999999999999997,0.53000000000000003,0.21906250000000008,0.31468750000000006,0,quintic,1,2,0,3,recursive,0.87624999998984621,8.6736173798840355e-18,2.1316282072803006e-14,2.2204460492503131e-16,0.00042208301601931453,0.0015033330128062516
2,32,0,10,1,0.60999999999999999,0.46999999999999997,0.53000000000000003,0.21906250000000008,0.31468750000000006,0,quintic,1,2,0,3,direct,0.87625000002873121,8.6736173798840355e-18,2.1316282072803006e-14,2.2204460492503131e-16,0.00042208301601931453,0.0015033330128062516
2,32,0,10,1,0.60999999999999999,0.46999999999999997,0.53000000000000003,0.21906250000000008,0.31468750000000006,0,quintic,1,2,0,3,fe_geometry,0.87625000004767151,8.6736173798840355e-18,2.1316282072803006e-14,2.2204460492503131e-16,0.00042208301601931453,0.0015033330128062516
2,32,0,10,1,0.60999999999999999,0.46999999999999997,0.53000000000000003,0.21906250000000008,0.31468750000000006,0,quintic,0,3,0,3,recursive,5.9416933591567824,8.6736173798840355e-18,2.1316282072803006e-14,2.2204460492503131e-16,0.00042208301601931453,0.0015033330128062516
2,32,0,10,1,0.60999999999999999,0.46999999999999997,0.53000000000000003,0.21906250000000008,0.31468750000000006,0,quintic,0,3,0,3,direct,5.9416933589449155,8.6736173798840355e-18,2.1316282072803006e-14,2.2204460492503131e-16,0.00042208301601931453,0.0015033330128062516
2,32,0,10,1,0.60999999999999999,0.46999999999999997,0.53000000000000003,0.21906250000000008,0.31468750000000006,0,quintic,0,3,0,3,fe_geometry,5.9416933589889931,8.6736173798840355e-18,2.1316282072803006e-14,2.2204460492503131e-16,0.00042208301601931453,0.0015033330128062516
2,32,0,10,1,0.60999999999999999,0.46999999999999997,0.53000000000000003,0.21906250000000008,0.31468750000000006,0,quintic,4,0,0,4,recursive,26.287499995600474,8.6736173798840355e-18,2.1316282072803006e-14,2.2204460492503131e-16,0.00042208301601931453,0.0015033330128062516
2,32,0,10,1,0.60999999999999999,0.46999999999999997,0.53000000000000003,0.21906250000000008,0.31468750000000006,0,quintic,4,0,0,4,direct,26.28749999391988,8.6736173798840355e-18,2.1316282072803006e-14,2.2204460492503131e-16,0.00042208301601931453,0.0015033330128062516
2,32,0,10,1,0.60999999999999999,0.46999999999999997,0.53000000000000003,0.21906250000000008,0.31468750000000006,0,quintic,4,0,0,4,fe_geometry,26.287500045694458,8.6736173798840355e-18,2.1316282072803006e-14,2.2204460492503131e-16,0.00042208301601931453,0.0015033330128062516
2,32,0,10,1,0.60999999999999999,0.46999999999999997,0.53000000000000003,0.21906250000000008,0.31468750000000006,0,quintic,3,1,0,4,recursive,-5.5765343023403128e-09,8.6736173798840355e-18,2.1316282072803006e-14,2.2204460492503131e-16,0.00042208301601931453,0.0015033330128062516
2,32,0,10,1,0.60999999999999999,0.46999999999999997,0.53000000000000003,0.21906250000000008,0.31468750000000006,0,quintic,3,1,0,4,direct,-9.2345988554132933e-09,8.6736173798840355e-18,2.1316282072803006e-14,2.2204460492503131e-16,0.00042208301601931453,0.0015033330128062516
2,32,0,10,1,0.60999999999999999,0.46999999999999997,0.53000000000000003,0.21906250000000008,0.31468750000000006,0,quintic,3,1,0,4,fe_geometry,-6.4387882295194416e-09,8.6736173798840355e-18,2.1316282072803006e-14,2.2204460492503131e-16,0.00042208301601931453,0.0015033330128062516
2,32,0,10,1,0.60999999999999999,0.46999999999999997,0.53000000000000003,0.21906250000000008,0.31468750000000006,0,quintic,2,2,0,4,recursive,4.0000000019212525,8.6736173798840355e-18,2.1316282072803006e-14,2.2204460492503131e-16,0.00042208301601931453,0.0015033330128062516
2,32,0,10,1,0.60999999999999999,0.46999999999999997,0.53000000000000003,0.21906250000000008,0.31468750000000006,0,quintic,2,2,0,4,direct,4.0000000002792291,8.6736173798840355e-18,2.1316282072803006e-14,2.2204460492503131e-16,0.00042208301601931453,0.0015033330128062516
2,32,0,10,1,0.60999999999999999,0.46999999999999997,0.53000000000000003,0.21906250000000008,0.31468750000000006,0,quintic,2,2,0,4,fe_geometry,4.000000005634206,8.6736173798840355e-18,2.1316282072803006e-14,2.2204460492503131e-16,0.00042208301601931453,0.0015033330128062516
2,32,0,10,1,0.60999999999999999,0.46999999999999997,0.53000000000000003,0.21906250000000008,0.31468750000000006,0,quintic,1,3,0,4,recursive,1.9941287569011815e-08,8.6736173798840355e-18,2.1316282072803006e-14,2.2204460492503131e-16,0.00042208301601931453,0.0015033330128062516
2,32,0,10,1,0.60999999999999999,0.46999999999999997,0.53000000000000003,0.21906250000000008,0.31468750000000006,0,quintic,1,3,0,4,direct,-1.0182235194497542e-08,8.6736173798840355e-18,2.1316282072803006e-14,2.2204460492503131e-16,0.00042208301601931453,0.0015033330128062516
2,32,0,10,1,0.60999999999999999,0.46999999999999997,0.53000000000000003,0.21906250000000008,0.31468750000000006,0,quintic,1,3,0,4,fe_geometry,-1.1638860822583296e-08,8.6736173798840355e-18,2.1316282072803006e-14,2.2204460492503131e-16,0.00042208301601931453,0.0015033330128062516
2,32,0,10,1,0.60999999999999999,0.46999999999999997,0.53000000000000003,0.21906250000000008,0.31468750000000006,0,quintic,0,4,0,4,recursive,37.762499975260553,8.6736173798840355e-18,2.1316282072803006e-14,2.2204460492503131e-16,0.00042208301601931453,0.0015033330128062516
2,32,0,10,1,0.60999999999999999,0.46999999999999997,0.53000000000000003,0.21906250000000008,0.31468750000000006,0,quintic,0,4,0,4,direct,37.762499983453807,8.6736173798840355e-18,2.1316282072803006e-14,2.2204460492503131e-16,0.00042208301601931453,0.0015033330128062516
2,32,0,10,1,0.60999999999999999,0.46999999999999997,0.53000000000000003,0.21906250000000008,0.31468750000000006,0,quintic,0,4,0,4,fe_geometry,37.762499995975702,8.6736173798840355e-18,2.1316282072803006e-14,2.2204460492503131e-16,0.00042208301601931453,0.0015033330128062516
2,32,0,10,1,0.60999999999999999,0.46999999999999997,0.53000000000000003,0.21906250000000008,0.31468750000000006,0,quintic,5,0,0,5,recursive,120.00000105446654,8.6736173798840355e-18,2.1316282072803006e-14,2.2204460492503131e-16,0.00042208301601931453,0.0015033330128062516
2,32,0,10,1,0.60999999999999999,0.46999999999999997,0.53000000000000003,0.21906250000000008,0.31468750000000006,0,quintic,5,0,0,5,direct,119.99999749211081,8.6736173798840355e-18,2.1316282072803006e-14,2.2204460492503131e-16,0.00042208301601931453,0.0015033330128062516
2,32,0,10,1,0.60999999999999999,0.46999999999999997,0.53000000000000003,0.21906250000000008,0.31468750000000006,0,quintic,5,0,0,5,fe_geometry,119.99999867982444,8.6736173798840355e-18,2.1316282072803006e-14,2.2204460492503131e-16,0.00042208301601931453,0.0015033330128062516
2,32,0,10,1,0.60999999999999999,0.46999999999999997,0.53000000000000003,0.21906250000000008,0.31468750000000006,0,quintic,4,1,0,5,recursive,2.8769678365366394e-06,8.6736173798840355e-18,2.1316282072803006e-14,2.2204460492503131e-16,0.00042208301601931453,0.0015033330128062516
2,32,0,10,1,0.60999999999999999,0.46999999999999997,0.53000000000000003,0.21906250000000008,0.31468750000000006,0,quintic,4,1,0,5,direct,-3.8946202722886678e-06,8.6736173798840355e-18,2.1316282072803006e-14,2.2204460492503131e-16,0.00042208301601931453,0.0015033330128062516
2,32,0,10,1,0.60999999999999999,0.46999999999999997,0.53000000000000003,0.21906250000000008,0.31468750000000006,0,quintic,4,1,0,5,fe_geometry,-3.4969472011945583e-06,8.6736173798840355e-18,2.1316282072803006e-14,2.2204460492503131e-16,0.00042208301601931453,0.0015033330128062516
2,32,0,10,1,0.60999999999999999,0.46999999999999997,0.53000000000000003,0.21906250000000008,0.31468750000000006,0,quintic,3,2,0,5,recursive,1.0092979074878117e-06,8.6736173798840355e-18,2.1316282072803006e-14,2.2204460492503131e-16,0.00042208301601931453,0.0015033330128062516
2,32,0,10,1,0.60999999999999999,0.46999999999999997,0.53000000000000003,0.21906250000000008,0.31468750000000006,0,quintic,3,2,0,5,direct,-1.8421616375415145e-06,8.6736173798840355e-18,2.1316282072803006e-14,2.2204460492503131e-16,0.00042208301601931453,0.0015033330128062516
2,32,0,10,1,0.60999999999999999,0.46999999999999997,0.53000000000000003,0.21906250000000008,0.31468750000000006,0,quintic,3,2,0,5,fe_geometry,-3.1378413651504651e-06,8.6736173798840355e-18,2.1316282072803006e-14,2.2204460492503131e-16,0.00042208301601931453,0.0015033330128062516
2,32,0,10,1,0.60999999999999999,0.46999999999999997,0.53000000000000003,0.21906250000000008,0.31468750000000006,0,quintic,2,3,0,5,recursive,6.2574217546396246e-06,8.6736173798840355e-18,2.1316282072803006e-14,2.2204460492503131e-16,0.00042208301601931453,0.0015033330128062516
2,32,0,10,1,0.60999999999999999,0.46999999999999997,0.53000000000000003,0.21906250000000008,0.31468750000000006,0,quintic,2,3,0,5,direct,3.6045276851884029e-06,8.6736173798840355e-18,2.1316282072803006e-14,2.2204460492503131e-16,0.00042208301601931453,0.0015033330128062516
2,32,0,10,1,0.60999999999999999,0.46999999999999997,0.53000000000000003,0.21906250000000008,0.31468750000000006,0,quintic,2,3,0,5,fe_geometry,3.3211229147849206e-06,8.6736173798840355e-18,2.1316282072803006e-14,2.2204460492503131e-16,0.00042208301601931453,0.0015033330128062516
2,32,0,10,1,0.60999999999999999,0.46999999999999997,0.53000000000000003,0.21906250000000008,0.31468750000000006,0,quintic,1,4,0,5,recursive,9.9445033987640649e-07,8.6736173798840355e-18,2.1316282072803006e-14,2.2204460492503131e-16,0.00042208301601931453,0.0015033330128062516
2,32,0,10,1,0.60999999999999999,0.46999999999999997,0.53000000000000003,0.21906250000000008,0.31468750000000006,0,quintic,1,4,0,5,direct,-1.1855513639912066e-06,8.6736173798840355e-18,2.1316282072803006e-14,2.2204460492503131e-16,0.00042208301601931453,0.0015033330128062516
2,32,0,10,1,0.60999999999999999,0.46999999999999997,0.53000000000000003,0.21906250000000008,0.31468750000000006,0,quintic,1,4,0,5,fe_geometry,-2.1351449966973057e-06,8.6736173798840355e-18,2.1316282072803006e-14,2.2204460492503131e-16,0.00042208301601931453,0.0015033330128062516
2,32,0,10,1,0.60999999999999999,0.46999999999999997,0.53000000000000003,0.21906250000000008,0.31468750000000006,0,quintic,0,5,0,5,recursive,120.00001190205185,8.6736173798840355e-18,2.1316282072803006e-14,2.2204460492503131e-16,0.00042208301601931453,0.0015033330128062516
2,32,0,10,1,0.60999999999999999,0.46999999999999997,0.53000000000000003,0.21906250000000008,0.31468750000000006,0,quintic,0,5,0,5,direct,120.00002209705943,8.6736173798840355e-18,2.1316282072803006e-14,2.2204460492503131e-16,0.00042208301601931453,0.0015033330128062516
2,32,0,10,1,0.60999999999999999,0.46999999999999997,0.53000000000000003,0.21906250000000008,0.31468750000000006,0,quintic,0,5,0,5,fe_geometry,120.00002259046914,8.6736173798840355e-18,2.1316282072803006e-14,2.2204460492503131e-16,0.00042208301601931453,0.0015033330128062516
2,32,0,10,1,0.60999999999999999,0.46999999999999997,0.53000000000000003,0.21906250000000008,0.31468750000000006,0,quintic,6,0,0,6,recursive,8.5338879042905064e-05,8.6736173798840355e-18,2.1316282072803006e-14,2.2204460492503131e-16,0.00042208301601931453,0.0015033330128062516
2,32,0,10,1,0.60999999999999999,0.46999999999999997,0.53000000000000003,0.21906250000000008,0.31468750000000006,0,quintic,6,0,0,6,direct,0,8.6736173798840355e-18,2.1316282072803006e-14,2.2204460492503131e-16,0.00042208301601931453,0.0015033330128062516
2,32,0,10,1,0.60999999999999999,0.46999999999999997,0.53000000000000003,0.21906250000000008,0.31468750000000006,0,quintic,6,0,0,6,fe_geometry,2.0250559279040026e-05,8.6736173798840355e-18,2.1316282072803006e-14,2.2204460492503131e-16,0.00042208301601931453,0.0015033330128062516
2,32,0,10,1,0.60999999999999999,0.46999999999999997,0.53000000000000003,0.21906250000000008,0.31468750000000006,0,quintic,5,1,0,6,recursive,0.0014536933687071933,8.6736173798840355e-18,2.1316282072803006e-14,2.2204460492503131e-16,0.00042208301601931453,0.0015033330128062516
2,32,0,10,1,0.60999999999999999,0.46999999999999997,0.53000000000000003,0.21906250000000008,0.31468750000000006,0,quintic,5,1,0,6,direct,-0.0010793513172022442,8.6736173798840355e-18,2.1316282072803006e-14,2.2204460492503131e-16,0.00042208301601931453,0.0015033330128062516
2,32,0,10,1,0.60999999999999999,0.46999999999999997,0.53000000000000003,0.21906250000000008,0.31468750000000006,0,quintic,5,1,0,6,fe_geometry,-0.0010751189334187357,8.6736173798840355e-18,2.1316282072803006e-14,2.2204460492503131e-16,0.00042208301601931453,0.0015033330128062516
2,32,0,10,1,0.60999999999999999,0.46999999999999997,0.53000000000000003,0.21906250000000008,0.31468750000000006,0,quintic,4,2,0,6,recursive,-0.00027480980575027259,8.6736173798840355e-18,2.1316282072803006e-14,2.2204460492503131e-16,0.00042208301601931453,0.0015033330128062516
2,32,0,10,1,0.60999999999999999,0.46999999999999997,0.53000000000000003,0.21906250000000008,0.31468750000000006,0,quintic,4,2,0,6,direct,0.00011122676274453189,8.6736173798840355e-18,2.1316282072803006e-14,2.2204460492503131e-16,0.00042208301601931453,0.0015033330128062516
2,32,0,10,1,0.60999999999999999,0.46999999999999997,0.53000000000000003,0.21906250000000008,0.31468750000000006,0,quintic,4,2,0,6,fe_geometry,-0.00036642954248152523,8.6736173798840355e-18,2.1316282072803006e-14,2.2204460492503131e-16,0.00042208301601931453,0.0015033330128062516
2,32,0,10,1,0.60999999999999999,0.46999999999999997,0.53000000000000003,0.21906250000000008,0.31468750000000006,0,quintic,3,3,0,6,recursive,-7.4676035484539448e-05,8.6736173798840355e-18,2.1316282072803006e-14,2.2204460492503131e-16,0.00042208301601931453,0.0015033330128062516
2,32,0,10,1,0.60999999999999999,0.46999999999999997,0.53000000000000003,0.21906250000000008,0.31468750000000006,0,quintic,3,3,0,6,direct,0.00028055767646945388,8.6736173798840355e-18,2.1316282072803006e-14,2.2204460492503131e-16,0.00042208301601931453,0.0015033330128062516
2,32,0,10,1,0.60999999999999999,0.46999999999999997,0.53000000000000003,0.21906250000000008,0.31468750000000006,0,quintic,3,3,0,6,fe_geometry,0.00023234408605121286,8.6736173798840355e-18,2.1316282072803006e-14,2.2204460492503131e-16,0.00042208301601931453,0.0015033330128062516
2,32,0,10,1,0.60999999999999999,0.46999999999999997,0.53000000000000003,0.21906250000000008,0.31468750000000006,0,quintic,2,4,0,6,recursive,-6.0440673694217855e-05,8.6736173798840355e-18,2.1316282072803006e-14,2.2204460492503131e-16,0.00042208301601931453,0.0015033330128062516
2,32,0,10,1,0.60999999999999999,0.46999999999999997,0.53000000000000003,0.21906250000000008,0.31468750000000006,0,quintic,2,4,0,6,direct,0.00014151613368555257,8.6736173798840355e-18,2.1316282072803006e-14,2.2204460492503131e-16,0.00042208301601931453,0.0015033330128062516
2,32,0,10,1,0.60999999999999999,0.46999999999999997,0.53000000000000003,0.21906250000000008,0.31468750000000006,0,quintic,2,4,0,6,fe_geometry,1.0015392124411698e-05,8.6736173798840355e-18,2.1316282072803006e-14,2.2204460492503131e-16,0.00042208301601931453,0.0015033330128062516
2,32,0,10,1,0.60999999999999999,0.46999999999999997,0.53000000000000003,0.21906250000000008,0.31468750000000006,0,quintic,1,5,0,6,recursive,-0.0014301367074765082,8.6736173798840355e-18,2.1316282072803006e-14,2.2204460492503131e-16,0.00042208301601931453,0.0015033330128062516
2,32,0,10,1,0.60999999999999999,0.46999999999999997,0.53000000000000003,0.21906250000000008,0.31468750000000006,0,quintic,1,5,0,6,direct,0.00022877134324528569,8.6736173798840355e-18,2.1316282072803006e-14,2.2204460492503131e-16,0.00042208301601931453,0.0015033330128062516
2,32,0,10,1,0.60999999999999999,0.46999999999999997,0.53000000000000003,0.21906250000000008,0.31468750000000006,0,quintic,1,5,0,6,fe_geometry,0.00019557142533676105,8.6736173798840355e-18,2.1316282072803006e-14,2.2204460492503131e-16,0.00042208301601931453,0.0015033330128062516
2,32,0,10,1,0.60999999999999999,0.46999999999999997,0.53000000000000003,0.21906250000000008,0.31468750000000006,0,quintic,0,6,0,6,recursive,0.0001258731327861465,8.6736173798840355e-18,2.1316282072803006e-14,2.2204460492503131e-16,0.00042208301601931453,0.0015033330128062516
2,32,0,10,1,0.60999999999999999,0.46999999999999997,0.53000000000000003,0.21906250000000008,0.31468750000000006,0,quintic,0,6,0,6,direct,0,8.6736173798840355e-18,2.1316282072803006e-14,2.2204460492503131e-16,0.00042208301601931453,0.0015033330128062516
2,32,0,10,1,0.60999999999999999,0.46999999999999997,0.53000000000000003,0.21906250000000008,0.31468750000000006,0,quintic,0,6,0,6,fe_geometry,1.1197696004256273e-05,8.6736173798840355e-18,2.1316282072803006e-14,2.2204460492503131e-16,0.00042208301601931453,0.0015033330128062516
2,32,0,10,1,0.60999999999999999,0.46999999999999997,0.53000000000000003,0.21906250000000008,0.31468750000000006,0,quintic,7,0,0,7,recursive,-0.00073596014579385596,8.6736173798840355e-18,2.1316282072803006e-14,2.2204460492503131e-16,0.00042208301601931453,0.0015033330128062516
2,32,0,10,1,0.60999999999999999,0.46999999999999997,0.53000000000000003,0.21906250000000008,0.31468750000000006,0,quintic,7,0,0,7,direct,0,8.6736173798840355e-18,2.1316282072803006e-14,2.2204460492503131e-16,0.00042208301601931453,0.0015033330128062516
2,32,0,10,1,0.60999999999999999,0.46999999999999997,0.53000000000000003,0.21906250000000008,0.31468750000000006,0,quintic,7,0,0,7,fe_geometry,0.00024493543472309335,8.6736173798840355e-18,2.1316282072803006e-14,2.2204460492503131e-16,0.00042208301601931453,0.0015033330128062516
2,32,0,10,1,0.60999999999999999,0.46999999999999997,0.53000000000000003,0.21906250000000008,0.31468750000000006,0,quintic,6,1,0,7,recursive,0.3050810508645978,8.6736173798840355e-18,2.1316282072803006e-14,2.2204460492503131e-16,0.00042208301601931453,0.0015033330128062516
2,32,0,10,1,0.60999999999999999,0.46999999999999997,0.53000000000000003,0.21906250000000008,0.31468750000000006,0,quintic,6,1,0,7,direct,0,8.6736173798840355e-18,2.1316282072803006e-14,2.2204460492503131e-16,0.00042208301601931453,0.0015033330128062516
2,32,0,10,1,0.60999999999999999,0.46999999999999997,0.53000000000000003,0.21906250000000008,0.31468750000000006,0,quintic,6,1,0,7,fe_geometry,4.3896614303783956e-05,8.6736173798840355e-18,2.1316282072803006e-14,2.2204460492503131e-16,0.00042208301601931453,0.0015033330128062516
2,32,0,10,1,0.60999999999999999,0.46999999999999997,0.53000000000000003,0.21906250000000008,0.31468750000000006,0,quintic,5,2,0,7,recursive,-0.20311393561272664,8.6736173798840355e-18,2.1316282072803006e-14,2.2204460492503131e-16,0.00042208301601931453,0.0015033330128062516
2,32,0,10,1,0.60999999999999999,0.46999999999999997,0.53000000000000003,0.21906250000000008,0.31468750000000006,0,quintic,5,2,0,7,direct,0.11491884134889539,8.6736173798840355e-18,2.1316282072803006e-14,2.2204460492503131e-16,0.00042208301601931453,0.0015033330128062516
2,32,0,10,1,0.60999999999999999,0.46999999999999997,0.53000000000000003,0.21906250000000008,0.31468750000000006,0,quintic,5,2,0,7,fe_geometry,0.1039104177210995,8.6736173798840355e-18,2.1316282072803006e-14,2.2204460492503131e-16,0.00042208301601931453,0.0015033330128062516
2,32,0,10,1,0.60999999999999999,0.46999999999999997,0.53000000000000003,0.21906250000000008,0.31468750000000006,0,quintic,4,3,0,7,recursive,-0.32045294671769387,8.6736173798840355e-18,2.1316282072803006e-14,2.2204460492503131e-16,0.00042208301601931453,0.0015033330128062516
2,32,0,10,1,0.60999999999999999,0.46999999999999997,0.53000000000000003,0.21906250000000008,0.31468750000000006,0,quintic,4,3,0,7,direct,0.13530640354228912,8.6736173798840355e-18,2.1316282072803006e-14,2.2204460492503131e-16,0.00042208301601931453,0.0015033330128062516
2,32,0,10,1,0.60999999999999999,0.46999999999999997,0.53000000000000003,0.21906250000000008,0.31468750000000006,0,quintic,4,3,0,7,fe_geometry,0.12315435759808602,8.6736173798840355e-18,2.1316282072803006e-14,2.2204460492503131e-16,0.00042208301601931453,0.0015033330128062516
2,32,0,10,1,0.60999999999999999,0.46999999999999997,0.53000000000000003,0.21906250000000008,0.31468750000000006,0,quintic,3,4,0,7,recursive,-0.082414471243975038,8.6736173798840355e-18,2.1316282072803006e-14,2.2204460492503131e-16,0.00042208301601931453,0.0015033330128062516
2,32,0,10,1,0.60999999999999999,0.46999999999999997,0.53000000000000003,0.21906250000000008,0.31468750000000006,0,quintic,3,4,0,7,direct,0.089287573704591394,8.6736173798840355e-18,2.1316282072803006e-14,2.2204460492503131e-16,0.00042208301601931453,0.0015033330128062516
2,32,0,10,1,0.60999999999999999,0.46999999999999997,0.53000000000000003,0.21906250000000008,0.31468750000000006,0,quintic,3,4,0,7,fe_geometry,0.17231461992929464,8.6736173798840355e-18,2.1316282072803006e-14,2.2204460492503131e-16,0.00042208301601931453,0.0015033330128062516
2,32,0,10,1,0.60999999999999999,0.46999999999999997,0.53000000000000003,0.21906250000000008,0.31468750000000006,0,quintic,2,5,0,7,recursive,-0.38758473625478479,8.6736173798840355e-18,2.1316282072803006e-14,2.2204460492503131e-16,0.00042208301601931453,0.0015033330128062516
2,32,0,10,1,0.60999999999999999,0.46999999999999997,0.53000000000000003,0.21906250000000008,0.31468750000000006,0,quintic,2,5,0,7,direct,-0.12382154925982655,8.6736173798840355e-18,2.1316282072803006e-14,2.2204460492503131e-16,0.00042208301601931453,0.0015033330128062516
2,32,0,10,1,0.60999999999999999,0.46999999999999997,0.53000000000000003,0.21906250000000008,0.31468750000000006,0,quintic,2,5,0,7,fe_geometry,-0.12870680459495146,8.6736173798840355e-18,2.1316282072803006e-14,2.2204460492503131e-16,0.00042208301601931453,0.0015033330128062516
2,32,0,10,1,0.60999999999999999,0.46999999999999997,0.53000000000000003,0.21906250000000008,0.31468750000000006,0,quintic,1,6,0,7,recursive,-0.0027949867761122276,8.6736173798840355e-18,2.1316282072803006e-14,2.2204460492503131e-16,0.00042208301601931453,0.0015033330128062516
2,32,0,10,1,0.60999999999999999,0.46999999999999997,0.53000000000000003,0.21906250000000008,0.31468750000000006,0,quintic,1,6,0,7,direct,0,8.6736173798840355e-18,2.1316282072803006e-14,2.2204460492503131e-16,0.00042208301601931453,0.0015033330128062516
2,32,0,10,1,0.60999999999999999,0.46999999999999997,0.53000000000000003,0.21906250000000008,0.31468750000000006,0,quintic,1,6,0,7,fe_geometry,-0.0006384018544034818,8.6736173798840355e-18,2.1316282072803006e-14,2.2204460492503131e-16,0.00042208301601931453,0.0015033330128062516
2,32,0,10,1,0.60999999999999999,0.46999999999999997,0.53000000000000003,0.21906250000000008,0.31468750000000006,0,quintic,0,7,0,7,recursive,-0.0011968514797659621,8.6736173798840355e-18,2.1316282072803006e-14,2.2204460492503131e-16,0.00042208301601931453,0.0015033330128062516
2,32,0,10,1,0.60999999999999999,0.46999999999999997,0.53000000000000003,0.21906250000000008,0.31468750000000006,0,quintic,0,7,0,7,direct,0,8.6736173798840355e-18,2.1316282072803006e-14,2.2204460492503131e-16,0.00042208301601931453,0.0015033330128062516
2,32,0,10,1,0.60999999999999999,0.46999999999999997,0.53000000000000003,0.21906250000000008,0.31468750000000006,0,quintic,0,7,0,7,fe_geometry,0.00015713178852258427,8.6736173798840355e-18,2.1316282072803006e-14,2.2204460492503131e-16,0.00042208301601931453,0.0015033330128062516
2,32,0,10,1,0.60999999999999999,0.46999999999999997,0.53000000000000003,0.21906250000000008,0.31468750000000006,0,quintic,8,0,0,8,recursive,-0.0098174648259763009,8.6736173798840355e-18,2.1316282072803006e-14,2.2204460492503131e-16,0.00042208301601931453,0.0015033330128062516
2,32,0,10,1,0.60999999999999999,0.46999999999999997,0.53000000000000003,0.21906250000000008,0.31468750000000006,0,quintic,8,0,0,8,direct,0,8.6736173798840355e-18,2.1316282072803006e-14,2.2204460492503131e-16,0.00042208301601931453,0.0015033330128062516
2,32,0,10,1,0.60999999999999999,0.46999999999999997,0.53000000000000003,0.21906250000000008,0.31468750000000006,0,quintic,8,0,0,8,fe_geometry,0.0022306753644871923,8.6736173798840355e-18,2.1316282072803006e-14,2.2204460492503131e-16,0.00042208301601931453,0.0015033330128062516
2,32,0,10,1,0.60999999999999999,0.46999999999999997,0.53000000000000003,0.21906250000000008,0.31468750000000006,0,quintic,7,1,0,8,recursive,1.9154838313365532,8.6736173798840355e-18,2.1316282072803006e-14,2.2204460492503131e-16,0.00042208301601931453,0.0015033330128062516
2,32,0,10,1,0.60999999999999999,0.46999999999999997,0.53000000000000003,0.21906250000000008,0.31468750000000006,0,quintic,7,1,0,8,direct,0,8.6736173798840355e-18,2.1316282072803006e-14,2.2204460492503131e-16,0.00042208301601931453,0.0015033330128062516
2,32,0,10,1,0.60999999999999999,0.46999999999999997,0.53000000000000003,0.21906250000000008,0.31468750000000006,0,quintic,7,1,0,8,fe_geometry,0.00075737994863861609,8.6736173798840355e-18,2.1316282072803006e-14,2.2204460492503131e-16,0.00042208301601931453,0.0015033330128062516
2,32,0,10,1,0.60999999999999999,0.46999999999999997,0.53000000000000003,0.21906250000000008,0.31468750000000006,0,quintic,6,2,0,8,recursive,-37.710935515094846,8.6736173798840355e-18,2.1316282072803006e-14,2.2204460492503131e-16,0.00042208301601931453,0.0015033330128062516
2,32,0,10,1,0.60999999999999999,0.46999999999999997,0.53000000000000003,0.21906250000000008,0.31468750000000006,0,quintic,6,2,0,8,direct,0,8.6736173798840355e-18,2.1316282072803006e-14,2.2204460492503131e-16,0.00042208301601931453,0.0015033330128062516
2,32,0,10,1,0.60999999999999999,0.46999999999999997,0.53000000000000003,0.21906250000000008,0.31468750000000006,0,quintic,6,2,0,8,fe_geometry,-0.18819860029736799,8.6736173798840355e-18,2.1316282072803006e-14,2.2204460492503131e-16,0.00042208301601931453,0.0015033330128062516
2,32,0,10,1,0.60999999999999999,0.46999999999999997,0.53000000000000003,0.21906250000000008,0.31468750000000006,0,quintic,5,3,0,8,recursive,-66.210488315675519,8.6736173798840355e-18,2.1316282072803006e-14,2.2204460492503131e-16,0.00042208301601931453,0.0015033330128062516
2,32,0,10,1,0.60999999999999999,0.46999999999999997,0.53000000000000003,0.21906250000000008,0.31468750000000006,0,quintic,5,3,0,8,direct,42.647557255640038,8.6736173798840355e-18,2.1316282072803006e-14,2.2204460492503131e-16,0.00042208301601931453,0.0015033330128062516
2,32,0,10,1,0.60999999999999999,0.46999999999999997,0.53000000000000003,0.21906250000000008,0.31468750000000006,0,quintic,5,3,0,8,fe_geometry,42.439449999358487,8.6736173798840355e-18,2.1316282072803006e-14,2.2204460492503131e-16,0.00042208301601931453,0.0015033330128062516
2,32,0,10,1,0.60999999999999999,0.46999999999999997,0.53000000000000003,0.21906250000000008,0.31468750000000006,0,quintic,4,4,0,8,recursive,5.9062812680723198,8.6736173798840355e-18,2.1316282072803006e-14,2.2204460492503131e-16,0.00042208301601931453,0.0015033330128062516
2,32,0,10,1,0.60999999999999999,0.46999999999999997,0.53000000000000003,0.21906250000000008,0.31468750000000006,0,quintic,4,4,0,8,direct,-8.8462591343879602,8.6736173798840355e-18,2.1316282072803006e-14,2.2204460492503131e-16,0.00042208301601931453,0.0015033330128062516
2,32,0,10,1,0.60999999999999999,0.46999999999999997,0.53000000000000003,0.21906250000000008,0.31468750000000006,0,quintic,4,4,0,8,fe_geometry,11.871738202554141,8.6736173798840355e-18,2.1316282072803006e-14,2.2204460492503131e-16,0.00042208301601931453,0.0015033330128062516
2,32,0,10,1,0.60999999999999999,0.46999999999999997,0.53000000000000003,0.21906250000000008,0.31468750000000006,0,quintic,3,5,0,8,recursive,13.725684194119836,8.6736173798840355e-18,2.1316282072803006e-14,2.2204460492503131e-16,0.00042208301601931453,0.0015033330128062516
2,32,0,10,1,0.60999999999999999,0.46999999999999997,0.53000000000000003,0.21906250000000008,0.31468750000000006,0,quintic,3,5,0,8,direct,-7.3332349347209904,8.6736173798840355e-18,2.1316282072803006e-14,2.2204460492503131e-16,0.00042208301601931453,0.0015033330128062516
2,32,0,10,1,0.60999999999999999,0.46999999999999997,0.53000000000000003,0.21906250000000008,0.31468750000000006,0,quintic,3,5,0,8,fe_geometry,-4.1711123314015115,8.6736173798840355e-18,2.1316282072803006e-14,2.2204460492503131e-16,0.00042208301601931453,0.0015033330128062516
2,32,0,10,1,0.60999999999999999,0.46999999999999997,0.53000000000000003,0.21906250000000008,0.31468750000000006,0,quintic,2,6,0,8,recursive,-0.028578050468963681,8.6736173798840355e-18,2.1316282072803006e-14,2.2204460492503131e-16,0.00042208301601931453,0.0015033330128062516
2,32,0,10,1,0.60999999999999999,0.46999999999999997,0.53000000000000003,0.21906250000000008,0.31468750000000006,0,quintic,2,6,0,8,direct,0,8.6736173798840355e-18,2.1316282072803006e-14,2.2204460492503131e-16,0.00042208301601931453,0.0015033330128062516
2,32,0,10,1,0.60999999999999999,0.46999999999999997,0.53000000000000003,0.21906250000000008,0.31468750000000006,0,quintic,2,6,0,8,fe_geometry,-0.10616964248683147,8.6736173798840355e-18,2.1316282072803006e-14,2.2204460492503131e-16,0.00042208301601931453,0.0015033330128062516
2,32,0,10,1,0.60999999999999999,0.46999999999999997,0.53000000000000003,0.21906250000000008,0.31468750000000006,0,quintic,1,7,0,8,recursive,-0.023023407484597993,8.6736173798840355e-18,2.1316282072803006e-14,2.2204460492503131e-16,0.00042208301601931453,0.0015033330128062516
2,32,0,10,1,0.60999999999999999,0.46999999999999997,0.53000000000000003,0.21906250000000008,0.31468750000000006,0,quintic,1,7,0,8,direct,0,8.6736173798840355e-18,2.1316282072803006e-14,2.2204460492503131e-16,0.00042208301601931453,0.0015033330128062516
2,32,0,10,1,0.60999999999999999,0.46999999999999997,0.53000000000000003,0.21906250000000008,0.31468750000000006,0,quintic,1,7,0,8,fe_geometry,-0.0076340776458468859,8.6736173798840355e-18,2.1316282072803006e-14,2.2204460492503131e-16,0.00042208301601931453,0.0015033330128062516
2,32,0,10,1,0.60999999999999999,0.46999999999999997,0.53000000000000003,0.21906250000000008,0.31468750000000006,0,quintic,0,8,0,8,recursive,-0.011889015875530713,8.6736173798840355e-18,2.1316282072803006e-14,2.2204460492503131e-16,0.00042208301601931453,0.0015033330128062516
2,32,0,10,1,0.60999999999999999,0.46999999999999997,0.53000000000000003,0.21906250000000008,0.31468750000000006,0,quintic,0,8,0,8,direct,0,8.6736173798840355e-18,2.1316282072803006e-14,2.2204460492503131e-16,0.00042208301601931453,0.0015033330128062516
2,32,0,10,1,0.60999999999999999,0.46999999999999997,0.53000000000000003,0.21906250000000008,0.31468750000000006,0,quintic,0,8,0,8,fe_geometry,0.00099152647677299799,8.6736173798840355e-18,2.1316282072803006e-14,2.2204460492503131e-16,0.00042208301601931453,0.0015033330128062516
2,32,0,10,1,0.60999999999999999,0.46999999999999997,0.53000000000000003,0.21906250000000008,0.31468750000000006,0,quintic,9,0,0,9,recursive,-0.052605124313517555,8.6736173798840355e-18,2.1316282072803006e-14,2.2204460492503131e-16,0.00042208301601931453,0.0015033330128062516
2,32,0,10,1,0.60999999999999999,0.46999999999999997,0.53000000000000003,0.21906250000000008,0.31468750000000006,0,quintic,9,0,0,9,direct,0,8.6736173798840355e-18,2.1316282072803006e-14,2.2204460492503131e-16,0.00042208301601931453,0.0015033330128062516
2,32,0,10,1,0.60999999999999999,0.46999999999999997,0.53000000000000003,0.21906250000000008,0.31468750000000006,0,quintic,9,0,0,9,fe_geometry,-6.2106382833087698e-08,8.6736173798840355e-18,2.1316282072803006e-14,2.2204460492503131e-16,0.00042208301601931453,0.0015033330128062516
2,32,0,10,1,0.60999999999999999,0.46999999999999997,0.53000000000000003,0.21906250000000008,0.31468750000000006,0,quintic,8,1,0,9,recursive,11.565859783820484,8.6736173798840355e-18,2.1316282072803006e-14,2.2204460492503131e-16,0.00042208301601931453,0.0015033330128062516
2,32,0,10,1,0.60999999999999999,0.46999999999999997,0.53000000000000003,0.21906250000000008,0.31468750000000006,0,quintic,8,1,0,9,direct,0,8.6736173798840355e-18,2.1316282072803006e-14,2.2204460492503131e-16,0.00042208301601931453,0.0015033330128062516
2,32,0,10,1,0.60999999999999999,0.46999999999999997,0.53000000000000003,0.21906250000000008,0.31468750000000006,0,quintic,8,1,0,9,fe_geometry,0.0065933662355356724,8.6736173798840355e-18,2.1316282072803006e-14,2.2204460492503131e-16,0.00042208301601931453,0.0015033330128062516
2,32,0,10,1,0.60999999999999999,0.46999999999999997,0.53000000000000003,0.21906250000000008,0.31468750000000006,0,quintic,7,2,0,9,recursive,-249.27561441316897,8.6736173798840355e-18,2.1316282072803006e-14,2.2204460492503131e-16,0.00042208301601931453,0.0015033330128062516
2,32,0,10,1,0.60999999999999999,0.46999999999999997,0.53000000000000003,0.21906250000000008,0.31468750000000006,0,quintic,7,2,0,9,direct,0,8.6736173798840355e-18,2.1316282072803006e-14,2.2204460492503131e-16,0.00042208301601931453,0.0015033330128062516
2,32,0,10,1,0.60999999999999999,0.46999999999999997,0.53000000000000003,0.21906250000000008,0.31468750000000006,0,quintic,7,2,0,9,fe_geometry,-2.3565426127340228,8.6736173798840355e-18,2.1316282072803006e-14,2.2204460492503131e-16,0.00042208301601931453,0.0015033330128062516
2,32,0,10,1,0.60999999999999999,0.46999999999999997,0.53000000000000003,0.21906250000000008,0.31468750000000006,0,quintic,6,3,0,9,recursive,-8914.1903122810527,8.6736173798840355e-18,2.1316282072803006e-14,2.2204460492503131e-16,0.00042208301601931453,0.0015033330128062516
2,32,0,10,1,0.60999999999999999,0.46999999999999997,0.53000000000000003,0.21906250000000008,0.31468750000000006,0,quintic,6,3,0,9,direct,0,8.6736173798840355e-18,2.1316282072803006e-14,2.2204460492503131e-16,0.00042208301601931453,0.0015033330128062516
2,32,0,10,1,0.60999999999999999,0.46999999999999997,0.53000000000000003,0.21906250000000008,0.31468750000000006,0,quintic,6,3,0,9,fe_geometry,-3.4282393577672896,8.6736173798840355e-18,2.1316282072803006e-14,2.2204460492503131e-16,0.00042208301601931453,0.0015033330128062516
2,32,0,10,1,0.60999999999999999,0.46999999999999997,0.53000000000000003,0.21906250000000008,0.31468750000000006,0,quintic,5,4,0,9,recursive,12809.840843379145,8.6736173798840355e-18,2.1316282072803006e-14,2.2204460492503131e-16,0.00042208301601931453,0.0015033330128062516
2,32,0,10,1,0.60999999999999999,0.46999999999999997,0.53000000000000003,0.21906250000000008,0.31468750000000006,0,quintic,5,4,0,9,direct,-5213.77932293701,8.6736173798840355e-18,2.1316282072803006e-14,2.2204460492503131e-16,0.00042208301601931453,0.0015033330128062516
2,32,0,10,1,0.60999999999999999,0.46999999999999997,0.53000000000000003,0.21906250000000008,0.31468750000000006,0,quintic,5,4,0,9,fe_geometry,-4720.4912188950157,8.6736173798840355e-18,2.1316282072803006e-14,2.2204460492503131e-16,0.00042208301601931453,0.0015033330128062516
2,32,0,10,1,0.60999999999999999,0.46999999999999997,0.53000000000000003,0.21906250000000008,0.31468750000000006,0,quintic,4,5,0,9,recursive,20935.488655613808,8.6736173798840355e-18,2.1316282072803006e-14,2.2204460492503131e-16,0.00042208301601931453,0.0015033330128062516
2,32,0,10,1,0.60999999999999999,0.46999999999999997,0.53000000000000003,0.21906250000000008,0.31468750000000006,0,quintic,4,5,0,9,direct,-4446.8520847778318,8.6736173798840355e-18,2.1316282072803006e-14,2.2204460492503131e-16,0.00042208301601931453,0.0015033330128062516
2,32,0,10,1,0.60999999999999999,0.46999999999999997,0.53000000000000003,0.21906250000000008,0.31468750000000006,0,quintic,4,5,0,9,fe_geometry,-3690.672467293045,8.6736173798840355e-18,2.1316282072803006e-14,2.2204460492503131e-16,0.00042208301601931453,0.0015033330128062516
2,32,0,10,1,0.60999999999999999,0.46999999999999997,0.53000000000000003,0.21906250000000008,0.31468750000000006,0,quintic,3,6,0,9,recursive,-0.17310528480765514,8.6736173798840355e-18,2.1316282072803006e-14,2.2204460492503131e-16,0.00042208301601931453,0.0015033330128062516
2,32,0,10,1,0.60999999999999999,0.46999999999999997,0.53000000000000003,0.21906250000000008,0.31468750000000006,0,quintic,3,6,0,9,direct,0,8.6736173798840355e-18,2.1316282072803006e-14,2.2204460492503131e-16,0.00042208301601931453,0.0015033330128062516
2,32,0,10,1,0.60999999999999999,0.46999999999999997,0.53000000000000003,0.21906250000000008,0.31468750000000006,0,quintic,3,6,0,9,fe_geometry,66.112682358183136,8.6736173798840355e-18,2.1316282072803006e-14,2.2204460492503131e-16,0.00042208301601931453,0.0015033330128062516
2,32,0,10,1,0.60999999999999999,0.46999999999999997,0.53000000000000003,0.21906250000000008,0.31468750000000006,0,quintic,2,7,0,9,recursive,-0.13077932782371454,8.6736173798840355e-18,2.1316282072803006e-14,2.2204460492503131e-16,0.00042208301601931453,0.0015033330128062516
2,32,0,10,1,0.60999999999999999,0.46999999999999997,0.53000000000000003,0.21906250000000008,0.31468750000000006,0,quintic,2,7,0,9,direct,0,8.6736173798840355e-18,2.1316282072803006e-14,2.2204460492503131e-16,0.00042208301601931453,0.0015033330128062516
2,32,0,10,1,0.60999999999999999,0.46999999999999997,0.53000000000000003,0.21906250000000008,0.31468750000000006,0,quintic,2,7,0,9,fe_geometry,-1.45051832493668,8.6736173798840355e-18,2.1316282072803006e-14,2.2204460492503131e-16,0.00042208301601931453,0.0015033330128062516
2,32,0,10,1,0.60999999999999999,0.46999999999999997,0.53000000000000003,0.21906250000000008,0.31468750000000006,0,quintic,1,8,0,9,recursive,-0.087557458391273463,8.6736173798840355e-18,2.1316282072803006e-14,2.2204460492503131e-16,0.00042208301601931453,0.0015033330128062516
2,32,0,10,1,0.60999999999999999,0.46999999999999997,0.53000000000000003,0.21906250000000008,0.31468750000000006,0,quintic,1,8,0,9,direct,0,8.6736173798840355e-18,2.1316282072803006e-14,2.2204460492503131e-16,0.00042208301601931453,0.0015033330128062516
2,32,0,10,1,0.60999999999999999,0.46999999999999997,0.53000000000000003,0.21906250000000008,0.31468750000000006,0,quintic,1,8,0,9,fe_geometry,-0.047930897822227578,8.6736173798840355e-18,2.1316282072803006e-14,2.2204460492503131e-16,0.00042208301601931453,0.0015033330128062516
2,32,0,10,1,0.60999999999999999,0.46999999999999997,0.53000000000000003,0.21906250000000008,0.31468750000000006,0,quintic,0,9,0,9,recursive,-0.50660507231537333,8.6736173798840355e-18,2.1316282072803006e-14,2.2204460492503131e-16,0.00042208301601931453,0.0015033330128062516
2,32,0,10,1,0.60999999999999999,0.46999999999999997,0.53000000000000003,0.21906250000000008,0.31468750000000006,0,quintic,0,9,0,9,direct,0,8.6736173798840355e-18,2.1316282072803006e-14,2.2204460492503131e-16,0.00042208301601931453,0.0015033330128062516
2,32,0,10,1,0.60999999999999999,0.46999999999999997,0.53000000000000003,0.21906250000000008,0.31468750000000006,0,quintic,0,9,0,9,fe_geometry,1.0067161659502194e-09,8.6736173798840355e-18,2.1316282072803006e-14,2.2204460492503131e-16,0.00042208301601931453,0.0015033330128062516
2,32,0,10,1,0.60999999999999999,0.46999999999999997,0.53000000000000003,0.21906250000000008,0.31468750000000006,0,quintic,10,0,0,10,recursive,-0.7698052831922807,8.6736173798840355e-18,2.1316282072803006e-14,2.2204460492503131e-16,0.00042208301601931453,0.0015033330128062516
2,32,0,10,1,0.60999999999999999,0.46999999999999997,0.53000000000000003,0.21906250000000008,0.31468750000000006,0,quintic,10,0,0,10,direct,0,8.6736173798840355e-18,2.1316282072803006e-14,2.2204460492503131e-16,0.00042208301601931453,0.0015033330128062516
2,32,0,10,1,0.60999999999999999,0.46999999999999997,0.53000000000000003,0.21906250000000008,0.31468750000000006,0,quintic,10,0,0,10,fe_geometry,1.371838442337529e-08,8.6736173798840355e-18,2.1316282072803006e-14,2.2204460492503131e-16,0.00042208301601931453,0.0015033330128062516
2,32,0,10,1,0.60999999999999999,0.46999999999999997,0.53000000000000003,0.21906250000000008,0.31468750000000006,0,quintic,9,1,0,10,recursive,80.623668130110445,8.6736173798840355e-18,2.1316282072803006e-14,2.2204460492503131e-16,0.00042208301601931453,0.0015033330128062516
2,32,0,10,1,0.60999999999999999,0.46999999999999997,0.53000000000000003,0.21906250000000008,0.31468750000000006,0,quintic,9,1,0,10,direct,0,8.6736173798840355e-18,2.1316282072803006e-14,2.2204460492503131e-16,0.00042208301601931453,0.0015033330128062516
2,32,0,10,1,0.60999999999999999,0.46999999999999997,0.53000000000000003,0.21906250000000008,0.31468750000000006,0,quintic,9,1,0,10,fe_geometry,6.2029045578365431e-06,8.6736173798840355e-18,2.1316282072803006e-14,2.2204460492503131e-16,0.00042208301601931453,0.0015033330128062516
2,32,0,10,1,0.60999999999999999,0.46999999999999997,0.53000000000000003,0.21906250000000008,0.31468750000000006,0,quintic,8,2,0,10,recursive,-1919.0813820214341,8.6736173798840355e-18,2.1316282072803006e-14,2.2204460492503131e-16,0.00042208301601931453,0.0015033330128062516
2,32,0,10,1,0.60999999999999999,0.46999999999999997,0.53000000000000003,0.21906250000000008,0.31468750000000006,0,quintic,8,2,0,10,direct,0,8.6736173798840355e-18,2.1316282072803006e-14,2.2204460492503131e-16,0.00042208301601931453,0.0015033330128062516
2,32,0,10,1,0.60999999999999999,0.46999999999999997,0.53000000000000003,0.21906250000000008,0.31468750000000006,0,quintic,8,2,0,10,fe_geometry,-21.260461371534372,8.6736173798840355e-18,2.1316282072803006e-14,2.2204460492503131e-16,0.00042208301601931453,0.0015033330128062516
2,32,0,10,1,0.60999999999999999,0.46999999999999997,0.53000000000000003,0.21906250000000008,0.31468750000000006,0,quintic,7,3,0,10,recursive,-34135.854162742165,8.6736173798840355e-18,2.1316282072803006e-14,2.2204460492503131e-16,0.00042208301601931453,0.0015033330128062516
2,32,0,10,1,0.60999999999999999,0.46999999999999997,0.53000000000000003,0.21906250000000008,0.31468750000000006,0,quintic,7,3,0,10,direct,0,8.6736173798840355e-18,2.1316282072803006e-14,2.2204460492503131e-16,0.00042208301601931453,0.0015033330128062516
2,32,0,10,1,0.60999999999999999,0.46999999999999997,0.53000000000000003,0.21906250000000008,0.31468750000000006,0,quintic,7,3,0,10,fe_geometry,-73.30413206165953,8.6736173798840355e-18,2.1316282072803006e-14,2.2204460492503131e-16,0.00042208301601931453,0.0015033330128062516
2,32,0,10,1,0.60999999999999999,0.46999999999999997,0.53000000000000003,0.21906250000000008,0.31468750000000006,0,quintic,6,4,0,10,recursive,2780710.5556676388,8.6736173798840355e-18,2.1316282072803006e-14,2.2204460492503131e-16,0.00042208301601931453,0.0015033330128062516
2,32,0,10,1,0.60999999999999999,0.46999999999999997,0.53000000000000003,0.21906250000000008,0.31468750000000006,0,quintic,6,4,0,10,direct,0,8.6736173798840355e-18,2.1316282072803006e-14,2.2204460492503131e-16,0.00042208301601931453,0.0015033330128062516
2,32,0,10,1,0.60999999999999999,0.46999999999999997,0.53000000000000003,0.21906250000000008,0.31468750000000006,0,quintic,6,4,0,10,fe_geometry,8663.4096090454132,8.6736173798840355e-18,2.1316282072803006e-14,2.2204460492503131e-16,0.00042208301601931453,0.0015033330128062516
2,32,0,10,1,0.60999999999999999,0.46999999999999997,0.53000000000000003,0.21906250000000008,0.31468750000000006,0,quintic,5,5,0,10,recursive,2780696.8766445382,8.6736173798840355e-18,2.1316282072803006e-14,2.2204460492503131e-16,0.00042208301601931453,0.0015033330128062516
2,32,0,10,1,0.60999999999999999,0.46999999999999997,0.53000000000000003,0.21906250000000008,0.31468750000000006,0,quintic,5,5,0,10,direct,-1062239.0044921876,8.6736173798840355e-18,2.1316282072803006e-14,2.2204460492503131e-16,0.00042208301601931453,0.0015033330128062516
2,32,0,10,1,0.60999999999999999,0.46999999999999997,0.53000000000000003,0.21906250000000008,0.31468750000000006,0,quintic,5,5,0,10,fe_geometry,-1054792.5629644643,8.6736173798840355e-18,2.1316282072803006e-14,2.2204460492503131e-16,0.00042208301601931453,0.0015033330128062516
2,32,0,10,1,0.60999999999999999,0.46999999999999997,0.53000000000000003,0.21906250000000008,0.31468750000000006,0,quintic,4,6,0,10,recursive,-2.5188314739379085,8.6736173798840355e-18,2.1316282072803006e-14,2.2204460492503131e-16,0.00042208301601931453,0.0015033330128062516
2,32,0,10,1,0.60999999999999999,0.46999999999999997,0.53000000000000003,0.21906250000000008,0.31468750000000006,0,quintic,4,6,0,10,direct,0,8.6736173798840355e-18,2.1316282072803006e-14,2.2204460492503131e-16,0.00042208301601931453,0.0015033330128062516
2,32,0,10,1,0.60999999999999999,0.46999999999999997,0.53000000000000003,0.21906250000000008,0.31468750000000006,0,quintic,4,6,0,10,fe_geometry,15608.045061868999,8.6736173798840355e-18,2.1316282072803006e-14,2.2204460492503131e-16,0.00042208301601931453,0.0015033330128062516
2,32,0,10,1,0.60999999999999999,0.46999999999999997,0.53000000000000003,0.21906250000000008,0.31468750000000006,0,quintic,3,7,0,10,recursive,1.8145849339550823e-08,8.6736173798840355e-18,2.1316282072803006e-14,2.2204460492503131e-16,0.00042208301601931453,0.0015033330128062516
2,32,0,10,1,0.60999999999999999,0.46999999999999997,0.53000000000000003,0.21906250000000008,0.31468750000000006,0,quintic,3,7,0,10,direct,0,8.6736173798840355e-18,2.1316282072803006e-14,2.2204460492503131e-16,0.00042208301601931453,0.0015033330128062516
2,32,0,10,1,0.60999999999999999,0.46999999999999997,0.53000000000000003,0.21906250000000008,0.31468750000000006,0,quintic,3,7,0,10,fe_geometry,862.01535261065408,8.6736173798840355e-18,2.1316282072803006e-14,2.2204460492503131e-16,0.00042208301601931453,0.0015033330128062516
2,32,0,10,1,0.60999999999999999,0.46999999999999997,0.53000000000000003,0.21906250000000008,0.31468750000000006,0,quintic,2,8,0,10,recursive,-0.58535389342603217,8.6736173798840355e-18,2.1316282072803006e-14,2.2204460492503131e-16,0.00042208301601931453,0.0015033330128062516
2,32,0,10,1,0.60999999999999999,0.46999999999999997,0.53000000000000003,0.21906250000000008,0.31468750000000006,0,quintic,2,8,0,10,direct,0,8.6736173798840355e-18,2.1316282072803006e-14,2.2204460492503131e-16,0.00042208301601931453,0.0015033330128062516
2,32,0,10,1,0.60999999999999999,0.46999999999999997,0.53000000000000003,0.21906250000000008,0.31468750000000006,0,quintic,2,8,0,10,fe_geometry,-9.1427806361154289,8.6736173798840355e-18,2.1316282072803006e-14,2.2204460492503131e-16,0.00042208301601931453,0.0015033330128062516
2,32,0,10,1,0.60999999999999999,0.46999999999999997,0.53000000000000003,0.21906250000000008,0.31468750000000006,0,quintic,1,9,0,10,recursive,2.1352084988833086e-07,8.6736173798840355e-18,2.1316282072803006e-14,2.2204460492503131e-16,0.00042208301601931453,0.0015033330128062516
2,32,0,10,1,0.60999999999999999,0.46999999999999997,0.53000000000000003,0.21906250000000008,0.31468750000000006,0,quintic,1,9,0,10,direct,0,8.6736173798840355e-18,2.1316282072803006e-14,2.2204460492503131e-16,0.00042208301601931453,0.0015033330128062516
2,32,0,10,1,0.60999999999999999,0.46999999999999997,0.53000000000000003,0.21906250000000008,0.31468750000000006,0,quintic,1,9,0,10,fe_geometry,-8.1580190815645315e-07,8.6736173798840355e-18,2.1316282072803006e-14,2.2204460492503131e-16,0.00042208301601931453,0.0015033330128062516
2,32,0,10,1,0.60999999999999999,0.46999999999999997,0.53000000000000003,0.21906250000000008,0.31468750000000006,0,quintic,0,10,0,10,recursive,-3.0410286532696795,8.6736173798840355e-18,2.1316282072803006e-14,2.2204460492503131e-16,0.00042208301601931453,0.0015033330128062516
2,32,0,10,1,0.60999999999999999,0.46999999999999997,0.53000000000000003,0.21906250000000008,0.31468750000000006,0,quintic,0,10,0,10,direct,0,8.6736173798840355e-18,2.1316282072803006e-14,2.2204460492503131e-16,0.00042208301601931453,0.0015033330128062516
2,32,0,10,1,0.60999999999999999,0.46999999999999997,0.53000000000000003,0.21906250000000008,0.31468750000000006,0,quintic,0,10,0,10,fe_geometry,-2.0288383835160284e-09,8.6736173798840355e-18,2.1316282072803006e-14,2.2204460492503131e-16,0.00042208301601931453,0.0015033330128062516
2,32,0,10,2,0,0.40000000000000002,0.69999999999999996,0.20000000000000004,0.31250000000000006,0,constant,1,0,0,1,recursive,5.8184649243150014e-13,1.1102230246251565e-16,2.8421709430404007e-14,8.0779356694631609e-28,0.00042208301601931453,0.00054166698828339577
2,32,0,10,2,0,0.40000000000000002,0.69999999999999996,0.20000000000000004,0.31250000000000006,0,constant,1,0,0,1,direct,-6.7360758748691295e-13,1.1102230246251565e-16,2.8421709430404007e-14,8.0779356694631609e-28,0.00042208301601931453,0.00054166698828339577
2,32,0,10,2,0,0.40000000000000002,0.69999999999999996,0.20000000000000004,0.31250000000000006,0,constant,1,0,0,1,fe_geometry,-6.736075874868351e-13,1.1102230246251565e-16,2.8421709430404007e-14,8.0779356694631609e-28,0.00042208301601931453,0.00054166698828339577
2,32,0,10,2,0,0.40000000000000002,0.69999999999999996,0.20000000000000004,0.31250000000000006,0,constant,0,1,0,1,recursive,1.9603340648175784e-13,1.1102230246251565e-16,2.8421709430404007e-14,8.0779356694631609e-28,0.00042208301601931453,0.00054166698828339577
2,32,0,10,2,0,0.40000000000000002,0.69999999999999996,0.20000000000000004,0.31250000000000006,0,constant,0,1,0,1,direct,-1.4519940805257634e-14,1.1102230246251565e-16,2.8421709430404007e-14,8.0779356694631609e-28,0.00042208301601931453,0.00054166698828339577
2,32,0,10,2,0,0.40000000000000002,0.69999999999999996,0.20000000000000004,0.31250000000000006,0,constant,0,1,0,1,fe_geometry,-1.4519940805240392e-14,1.1102230246251565e-16,2.8421709430404007e-14,8.0779356694631609e-28,0.00042208301601931453,0.00054166698828339577
2,32,0,10,2,0,0.40000000000000002,0.69999999999999996,0.20000000000000004,0.31250000000000006,0,constant,2,0,0,2,recursive,-3.0770878879004415e-10,1.1102230246251565e-16,2.8421709430404007e-14,8.0779356694631609e-28,0.00042208301601931453,0.00054166698828339577
2,32,0,10,2,0,0.40000000000000002,0.69999999999999996,0.20000000000000004,0.31250000000000006,0,constant,2,0,0,2,direct,8.159067874657931e-11,1.1102230246251565e-16,2.8421709430404007e-14,8.0779356694631609e-28,0.00042208301601931453,0.00054166698828339577
2,32,0,10,2,0,0.40000000000000002,0.69999999999999996,0.20000000000000004,0.31250000000000006,0,constant,2,0,0,2,fe_geometry,8.1590678746640999e-11,1.1102230246251565e-16,2.8421709430404007e-14,8.0779356694631609e-28,0.00042208301601931453,0.00054166698828339577
2,32,0,10,2,0,0.40000000000000002,0.69999999999999996,0.20000000000000004,0.31250000000000006,0,constant,1,1,0,2,recursive,-1.8958668669702429e-10,1.1102230246251565e-16,2.8421709430404007e-14,8.0779356694631609e-28,0.00042208301601931453,0.00054166698828339577
2,32,0,10,2,0,0.40000000000000002,0.69999999999999996,0.20000000000000004,0.31250000000000006,0,constant,1,1,0,2,direct,-2.5846247808658513e-10,1.1102230246251565e-16,2.8421709430404007e-14,8.0779356694631609e-28,0.00042208301601931453,0.00054166698828339577
2,32,0,10,2,0,0.40000000000000002,0.69999999999999996,0.20000000000000004,0.31250000000000006,0,constant,1,1,0,2,fe_geometry,-2.5846247808655468e-10,1.1102230246251565e-16,2.8421709430404007e-14,8.0779356694631609e-28,0.00042208301601931453,0.00054166698828339577
2,32,0,10,2,0,0.40000000000000002,0.69999999999999996,0.20000000000000004,0.31250000000000006,0,constant,0,2,0,2,recursive,-6.7344114410549555e-12,1.1102230246251565e-16,2.8421709430404007e-14,8.0779356694631609e-28,0.00042208301601931453,0.00054166698828339577
2,32,0,10,2,0,0.40000000000000002,0.69999999999999996,0.20000000000000004,0.31250000000000006,0,constant,0,2,0,2,direct,4.4383341446518883e-11,1.1102230246251565e-16,2.8421709430404007e-14,8.0779356694631609e-28,0.00042208301601931453,0.00054166698828339577
2,32,0,10,2,0,0.40000000000000002,0.69999999999999996,0.20000000000000004,0.31250000000000006,0,constant,0,2,0,2,fe_geometry,4.4383341446526088e-11,1.1102230246251565e-16,2.8421709430404007e-14,8.0779356694631609e-28,0.00042208301601931453,0.00054166698828339577
2,32,0,10,2,0,0.40000000000000002,0.69999999999999996,0.20000000000000004,0.31250000000000006,0,constant,3,0,0,3,recursive,8.9967600186624023e-08,1.1102230246251565e-16,2.8421709430404007e-14,8.0779356694631609e-28,0.00042208301601931453,0.00054166698828339577
2,32,0,10,2,0,0.40000000000000002,0.69999999999999996,0.20000000000000004,0.31250000000000006,0,constant,3,0,0,3,direct,6.691304733976713e-09,1.1102230246251565e-16,2.8421709430404007e-14,8.0779356694631609e-28,0.00042208301601931453,0.00054166698828339577
2,32,0,10,2,0,0.40000000000000002,0.69999999999999996,0.20000000000000004,0.31250000000000006,0,constant,3,0,0,3,fe_geometry,6.6913047338804259e-09,1.1102230246251565e-16,2.8421709430404007e-14,8.0779356694631609e-28,0.00042208301601931453,0.00054166698828339577
2,32,0,10,2,0,0.40000000000000002,0.69999999999999996,0.20000000000000004,0.31250000000000006,0,constant,2,1,0,3,recursive,7.1411592378377274e-08,1.1102230246251565e-16,2.8421709430404007e-14,8.0779356694631609e-28,0.00042208301601931453,0.00054166698828339577
2,32,0,10,2,0,0.40000000000000002,0.69999999999999996,0.20000000000000004,0.31250000000000006,0,constant,2,1,0,3,direct,9.6056581242010005e-08,1.1102230246251565e-16,2.8421709430404007e-14,8.0779356694631609e-28,0.00042208301601931453,0.00054166698828339577
2,32,0,10,2,0,0.40000000000000002,0.69999999999999996,0.20000000000000004,0.31250000000000006,0,constant,2,1,0,3,fe_geometry,9.6056581241975436e-08,1.1102230246251565e-16,2.8421709430404007e-14,8.0779356694631609e-28,0.00042208301601931453,0.00054166698828339577
2,32,0,10,2,0,0.40000000000000002,0.69999999999999996,0.20000000000000004,0.31250000000000006,0,constant,1,2,0,3,recursive,-4.5459953459505927e-10,1.1102230246251565e-16,2.8421709430404007e-14,8.0779356694631609e-28,0.00042208301601931453,0.00054166698828339577
2,32,0,10,2,0,0.40000000000000002,0.69999999999999996,0.20000000000000004,0.31250000000000006,0,constant,1,2,0,3,direct,4.7081266529858206e-09,1.1102230246251565e-16,2.8421709430404007e-14,8.0779356694631609e-28,0.00042208301601931453,0.00054166698828339577
2,32,0,10,2,0,0.40000000000000002,0.69999999999999996,0.20000000000000004,0.31250000000000006,0,constant,1,2,0,3,fe_geometry,4.7081266529819908e-09,1.1102230246251565e-16,2.8421709430404007e-14,8.0779356694631609e-28,0.00042208301601931453,0.00054166698828339577
2,32,0,10,2,0,0.40000000000000002,0.69999999999999996,0.20000000000000004,0.31250000000000006,0,constant,0,3,0,3,recursive,6.6176193478769917e-09,1.1102230246251565e-16,2.8421709430404007e-14,8.0779356694631609e-28,0.00042208301601931453,0.00054166698828339577
2,32,0,10,2,0,0.40000000000000002,0.69999999999999996,0.20000000000000004,0.31250000000000006,0,constant,0,3,0,3,direct,-1.1132215149700815e-10,1.1102230246251565e-16,2.8421709430404007e-14,8.0779356694631609e-28,0.00042208301601931453,0.00054166698828339577
2,32,0,10,2,0,0.40000000000000002,0.69999999999999996,0.20000000000000004,0.31250000000000006,0,constant,0,3,0,3,fe_geometry,-1.1132215149946736e-10,1.1102230246251565e-16,2.8421709430404007e-14,8.0779356694631609e-28,0.00042208301601931453,0.00054166698828339577
2,32,0,10,2,0,0.40000000000000002,0.69999999999999996,0.20000000000000004,0.31250000000000006,0,constant,4,0,0,4,recursive,-1.7765543418820315e-05,1.1102230246251565e-16,2.8421709430404007e-14,8.0779356694631609e-28,0.00042208301601931453,0.00054166698828339577
2,32,0,10,2,0,0.40000000000000002,0.69999999999999996,0.20000000000000004,0.31250000000000006,0,constant,4,0,0,4,direct,-2.2615152597427351e-06,1.1102230246251565e-16,2.8421709430404007e-14,8.0779356694631609e-28,0.00042208301601931453,0.00054166698828339577
2,32,0,10,2,0,0.40000000000000002,0.69999999999999996,0.20000000000000004,0.31250000000000006,0,constant,4,0,0,4,fe_geometry,-2.2615152596820799e-06,1.1102230246251565e-16,2.8421709430404007e-14,8.0779356694631609e-28,0.00042208301601931453,0.00054166698828339577
2,32,0,10,2,0,0.40000000000000002,0.69999999999999996,0.20000000000000004,0.31250000000000006,0,constant,3,1,0,4,recursive,-1.8869780943488911e-05,1.1102230246251565e-16,2.8421709430404007e-14,8.0779356694631609e-28,0.00042208301601931453,0.00054166698828339577
2,32,0,10,2,0,0.40000000000000002,0.69999999999999996,0.20000000000000004,0.31250000000000006,0,constant,3,1,0,4,direct,-1.9691487774252889e-05,1.1102230246251565e-16,2.8421709430404007e-14,8.0779356694631609e-28,0.00042208301601931453,0.00054166698828339577
2,32,0,10,2,0,0.40000000000000002,0.69999999999999996,0.20000000000000004,0.31250000000000006,0,constant,3,1,0,4,fe_geometry,-1.9691487774233227e-05,1.1102230246251565e-16,2.8421709430404007e-14,8.0779356694631609e-28,0.00042208301601931453,0.00054166698828339577
2,32,0,10,2,0,0.40000000000000002,0.69999999999999996,0.20000000000000004,0.31250000000000006,0,constant,2,2,0,4,recursive,5.41837728188185e-07,1.1102230246251565e-16,2.8421709430404007e-14,8.0779356694631609e-28,0.00042208301601931453,0.00054166698828339577
2,32,0,10,2,0,0.40000000000000002,0.69999999999999996,0.20000000000000004,0.31250000000000006,0,constant,2,2,0,4,direct,-7.9602003097534563e-07,1.1102230246251565e-16,2.8421709430404007e-14,8.0779356694631609e-28,0.00042208301601931453,0.00054166698828339577
2,32,0,10,2,0,0.40000000000000002,0.69999999999999996,0.20000000000000004,0.31250000000000006,0,constant,2,2,0,4,fe_geometry,-7.9602003098013952e-07,1.1102230246251565e-16,2.8421709430404007e-14,8.0779356694631609e-28,0.00042208301601931453,0.00054166698828339577
2,32,0,10,2,0,0.40000000000000002,0.69999999999999996,0.20000000000000004,0.31250000000000006,0,constant,1,3,0,4,recursive,9.8977777458818777e-06,1.1102230246251565e-16,2.8421709430404007e-14,8.0779356694631609e-28,0.00042208301601931453,0.00054166698828339577
2,32,0,10,2,0,0.40000000000000002,0.69999999999999996,0.20000000000000004,0.31250000000000006,0,constant,1,3,0,4,direct,9.5591414719820016e-06,1.1102230246251565e-16,2.8421709430404007e-14,8.0779356694631609e-28,0.00042208301601931453,0.00054166698828339577
2,32,0,10,2,0,0.40000000000000002,0.69999999999999996,0.20000000000000004,0.31250000000000006,0,constant,1,3,0,4,fe_geometry,9.5591414719801872e-06,1.1102230246251565e-16,2.8421709430404007e-14,8.0779356694631609e-28,0.00042208301601931453,0.00054166698828339577
2,32,0,10,2,0,0.40000000000000002,0.69999999999999996,0.20000000000000004,0.31250000000000006,0,constant,0,4,0,4,recursive,-3.7297655027914418e-07,1.1102230246251565e-16,2.8421709430404007e-14,8.0779356694631609e-28,0.00042208301601931453,0.00054166698828339577
2,32,0,10,2,0,0.40000000000000002,0.69999999999999996,0.20000000000000004,0.31250000000000006,0,constant,0,4,0,4,direct,-5.6996941566467158e-07,1.1102230246251565e-16,2.8421709430404007e-14,8.0779356694631609e-28,0.00042208301601931453,0.00054166698828339577
2,32,0,10,2,0,0.40000000000000002,0.69999999999999996,0.20000000000000004,0.31250000000000006,0,constant,0,4,0,4,fe_geometry,-5.6996941566519314e-07,1.1102230246251565e-16,2.8421709430404007e-14,8.0779356694631609e-28,0.00042208301601931453,0.00054166698828339577
2,32,0,10,2,0,0.40000000000000002,0.69999999999999996,0.20000000000000004,0.31250000000000006,0,constant,5,0,0,5,recursive,0.0022611579926486462,1.1102230246251565e-16,2.8421709430404007e-14,8.0779356694631609e-28,0.00042208301601931453,0.00054166698828339577
2,32,0,10,2,0,0.40000000000000002,0.69999999999999996,0.20000000000000004,0.31250000000000006,0,constant,5,0,0,5,direct,0.0001688146591186522,1.1102230246251565e-16,2.8421709430404007e-14,8.0779356694631609e-28,0.00042208301601931453,0.00054166698828339577
2,32,0,10,2,0,0.40000000000000002,0.69999999999999996,0.20000000000000004,0.31250000000000006,0,constant,5,0,0,5,fe_geometry,0.00016881465909436466,1.1102230246251565e-16,2.8421709430404007e-14,8.0779356694631609e-28,0.00042208301601931453,0.00054166698828339577
2,32,0,10,2,0,0.40000000000000002,0.69999999999999996,0.20000000000000004,0.31250000000000006,0,constant,4,1,0,5,recursive,0.0037541072680107933,1.1102230246251565e-16,2.8421709430404007e-14,8.0779356694631609e-28,0.00042208301601931453,0.00054166698828339577
2,32,0,10,2,0,0.40000000000000002,0.69999999999999996,0.20000000000000004,0.31250000000000006,0,constant,4,1,0,5,direct,0.0025347547531127932,1.1102230246251565e-16,2.8421709430404007e-14,8.0779356694631609e-28,0.00042208301601931453,0.00054166698828339577
2,32,0,10,2,0,0.40000000000000002,0.69999999999999996,0.20000000000000004,0.31250000000000006,0,constant,4,1,0,5,fe_geometry,0.0025347547531052251,1.1102230246251565e-16,2.8421709430404007e-14,8.0779356694631609e-28,0.00042208301601931453,0.00054166698828339577
2,32,0,10,2,0,0.40000000000000002,0.69999999999999996,0.20000000000000004,0.31250000000000006,0,constant,3,2,0,5,recursive,0.00047259264725802537,1.1102230246251565e-16,2.8421709430404007e-14,8.0779356694631609e-28,0.00042208301601931453,0.00054166698828339577
2,32,0,10,2,0,0.40000000000000002,0.69999999999999996,0.20000000000000004,0.31250000000000006,0,constant,3,2,0,5,direct,0.00020158767700195377,1.1102230246251565e-16,2.8421709430404007e-14,8.0779356694631609e-28,0.00042208301601931453,0.00054166698828339577
2,32,0,10,2,0,0.40000000000000002,0.69999999999999996,0.20000000000000004,0.31250000000000006,0,constant,3,2,0,5,fe_geometry,0.00020158767700771598,1.1102230246251565e-16,2.8421709430404007e-14,8.0779356694631609e-28,0.00042208301601931453,0.00054166698828339577
2,32,0,10,2,0,0.40000000000000002,0.69999999999999996,0.20000000000000004,0.31250000000000006,0,constant,2,3,0,5,recursive,-0.0031680344248569896,1.1102230246251565e-16,2.8421709430404007e-14,8.0779356694631609e-28,0.00042208301601931453,0.00054166698828339577
2,32,0,10,2,0,0.40000000000000002,0.69999999999999996,0.20000000000000004,0.31250000000000006,0,constant,2,3,0,5,direct,-0.0044820785522460931,1.1102230246251565e-16,2.8421709430404007e-14,8.0779356694631609e-28,0.00042208301601931453,0.00054166698828339577
2,32,0,10,2,0,0.40000000000000002,0.69999999999999996,0.20000000000000004,0.31250000000000006,0,constant,2,3,0,5,fe_geometry,-0.0044820785522434676,1.1102230246251565e-16,2.8421709430404007e-14,8.0779356694631609e-28,0.00042208301601931453,0.00054166698828339577
2,32,0,10,2,0,0.40000000000000002,0.69999999999999996,0.20000000000000004,0.31250000000000006,0,constant,1,4,0,5,recursive,-0.0005767993796885946,1.1102230246251565e-16,2.8421709430404007e-14,8.0779356694631609e-28,0.00042208301601931453,0.00054166698828339577
2,32,0,10,2,0,0.40000000000000002,0.69999999999999996,0.20000000000000004,0.31250000000000006,0,constant,1,4,0,5,direct,-0.00096631050109863281,1.1102230246251565e-16,2.8421709430404007e-14,8.0779356694631609e-28,0.00042208301601931453,0.00054166698828339577
2,32,0,10,2,0,0.40000000000000002,0.69999999999999996,0.20000000000000004,0.31250000000000006,0,constant,1,4,0,5,fe_geometry,-0.00096631050109839993,1.1102230246251565e-16,2.8421709430404007e-14,8.0779356694631609e-28,0.00042208301601931453,0.00054166698828339577
2,32,0,10,2,0,0.40000000000000002,0.69999999999999996,0.20000000000000004,0.31250000000000006,0,constant,0,5,0,5,recursive,-0.0013971157139270145,1.1102230246251565e-16,2.8421709430404007e-14,8.0779356694631609e-28,0.00042208301601931453,0.00054166698828339577
2,32,0,10,2,0,0.40000000000000002,0.69999999999999996,0.20000000000000004,0.31250000000000006,0,constant,0,5,0,5,direct,1.430511474609375e-05,1.1102230246251565e-16,2.8421709430404007e-14,8.0779356694631609e-28,0.00042208301601931453,0.00054166698828339577
2,32,0,10,2,0,0.40000000000000002,0.69999999999999996,0.20000000000000004,0.31250000000000006,0,constant,0,5,0,5,fe_geometry,1.4305114746355382e-05,1.1102230246251565e-16,2.8421709430404007e-14,8.0779356694631609e-28,0.00042208301601931453,0.00054166698828339577
2,32,0,10,2,0,0.40000000000000002,0.69999999999999996,0.20000000000000004,0.31250000000000006,0,constant,6,0,0,6,recursive,-0.13909982495992673,1.1102230246251565e-16,2.8421709430404007e-14,8.0779356694631609e-28,0.00042208301601931453,0.00054166698828339577
2,32,0,10,2,0,0.40000000000000002,0.69999999999999996,0.20000000000000004,0.31250000000000006,0,constant,6,0,0,6,direct,0,1.1102230246251565e-16,2.8421709430404007e-14,8.0779356694631609e-28,0.00042208301601931453,0.00054166698828339577
2,32,0,10,2,0,0.40000000000000002,0.69999999999999996,0.20000000000000004,0.31250000000000006,0,constant,6,0,0,6,fe_geometry,6.7571571163680825e-12,1.1102230246251565e-16,2.8421709430404007e-14,8.0779356694631609e-28,0.00042208301601931453,0.00054166698828339577
2,32,0,10,2,0,0.40000000000000002,0.69999999999999996,0.20000000000000004,0.31250000000000006,0,constant,5,1,0,6,recursive,-0.51215762346531868,1.1102230246251565e-16,2.8421709430404007e-14,8.0779356694631609e-28,0.00042208301601931453,0.00054166698828339577
2,32,0,10,2,0,0.40000000000000002,0.69999999999999996,0.20000000000000004,0.31250000000000006,0,constant,5,1,0,6,direct,-0.16065307617187496,1.1102230246251565e-16,2.8421709430404007e-14,8.0779356694631609e-28,0.00042208301601931453,0.00054166698828339577
2,32,0,10,2,0,0.40000000000000002,0.69999999999999996,0.20000000000000004,0.31250000000000006,0,constant,5,1,0,6,fe_geometry,-0.16065307616979566,1.1102230246251565e-16,2.8421709430404007e-14,8.0779356694631609e-28,0.00042208301601931453,0.00054166698828339577
2,32,0,10,2,0,0.40000000000000002,0.69999999999999996,0.20000000000000004,0.31250000000000006,0,constant,4,2,0,6,recursive,-0.24208153927097367,1.1102230246251565e-16,2.8421709430404007e-14,8.0779356694631609e-28,0.00042208301601931453,0.00054166698828339577
2,32,0,10,2,0,0.40000000000000002,0.69999999999999996,0.20000000000000004,0.31250000000000006,0,constant,4,2,0,6,direct,-0.014707031250000113,1.1102230246251565e-16,2.8421709430404007e-14,8.0779356694631609e-28,0.00042208301601931453,0.00054166698828339577
2,32,0,10,2,0,0.40000000000000002,0.69999999999999996,0.20000000000000004,0.31250000000000006,0,constant,4,2,0,6,fe_geometry,-0.014707031253431115,1.1102230246251565e-16,2.8421709430404007e-14,8.0779356694631609e-28,0.00042208301601931453,0.00054166698828339577
2,32,0,10,2,0,0.40000000000000002,0.69999999999999996,0.20000000000000004,0.31250000000000006,0,constant,3,3,0,6,recursive,0.60637964827144564,1.1102230246251565e-16,2.8421709430404007e-14,8.0779356694631609e-28,0.00042208301601931453,0.00054166698828339577
2,32,0,10,2,0,0.40000000000000002,0.69999999999999996,0.20000000000000004,0.31250000000000006,0,constant,3,3,0,6,direct,0.97816772460937507,1.1102230246251565e-16,2.8421709430404007e-14,8.0779356694631609e-28,0.00042208301601931453,0.00054166698828339577
2,32,0,10,2,0,0.40000000000000002,0.69999999999999996,0.20000000000000004,0.31250000000000006,0,constant,3,3,0,6,fe_geometry,0.97816772460783352,1.1102230246251565e-16,2.8421709430404007e-14,8.0779356694631609e-28,0.00042208301601931453,0.00054166698828339577
2,32,0,10,2,0,0.40000000000000002,0.69999999999999996,0.20000000000000004,0.31250000000000006,0,constant,2,4,0,6,recursive,0.34674458039548833,1.1102230246251565e-16,2.8421709430404007e-14,8.0779356694631609e-28,0.00042208301601931453,0.00054166698828339577
2,32,0,10,2,0,0.40000000000000002,0.69999999999999996,0.20000000000000004,0.31250000000000006,0,constant,2,4,0,6,direct,0.22851562500000008,1.1102230246251565e-16,2.8421709430404007e-14,8.0779356694631609e-28,0.00042208301601931453,0.00054166698828339577
2,32,0,10,2,0,0.40000000000000002,0.69999999999999996,0.20000000000000004,0.31250000000000006,0,constant,2,4,0,6,fe_geometry,0.22851562500034781,1.1102230246251565e-16,2.8421709430404007e-14,8.0779356694631609e-28,0.00042208301601931453,0.00054166698828339577
2,32,0,10,2,0,0.40000000000000002,0.69999999999999996,0.20000000000000004,0.31250000000000006,0,constant,1,5,0,6,recursive,-0.27840784339402302,1.1102230246251565e-16,2.8421709430404007e-14,8.0779356694631609e-28,0.00042208301601931453,0.00054166698828339577
2,32,0,10,2,0,0.40000000000000002,0.69999999999999996,0.20000000000000004,0.31250000000000006,0,constant,1,5,0,6,direct,-0.00102996826171875,1.1102230246251565e-16,2.8421709430404007e-14,8.0779356694631609e-28,0.00042208301601931453,0.00054166698828339577
2,32,0,10,2,0,0.40000000000000002,0.69999999999999996,0.20000000000000004,0.31250000000000006,0,constant,1,5,0,6,fe_geometry,-0.0010299682616821126,1.1102230246251565e-16,2.8421709430404007e-14,8.0779356694631609e-28,0.00042208301601931453,0.00054166698828339577
2,32,0,10,2,0,0.40000000000000002,0.69999999999999996,0.20000000000000004,0.31250000000000006,0,constant,0,6,0,6,recursive,0.34270004621755895,1.1102230246251565e-16,2.8421709430404007e-14,8.0779356694631609e-28,0.00042208301601931453,0.00054166698828339577
2,32,0,10,2,0,0.40000000000000002,0.69999999999999996,0.20000000000000004,0.31250000000000006,0,constant,0,6,0,6,direct,0,1.1102230246251565e-16,2.8421709430404007e-14,8.0779356694631609e-28,0.00042208301601931453,0.00054166698828339577
2,32,0,10,2,0,0.40000000000000002,0.69999999999999996,0.20000000000000004,0.31250000000000006,0,constant,0,6,0,6,fe_geometry,-9.0847174993462107e-14,1.1102230246251565e-16,2.8421709430404007e-14,8.0779356694631609e-28,0.00042208301601931453,0.00054166698828339577
2,32,0,10,2,0,0.40000000000000002,0.69999999999999996,0.20000000000000004,0.31250000000000006,0,constant,7,0,0,7,recursive,-2.5215084932234144e-11,1.1102230246251565e-16,2.8421709430404007e-14,8.0779356694631609e-28,0.00042208301601931453,0.00054166698828339577
2,32,0,10,2,0,0.40000000000000002,0.69999999999999996,0.20000000000000004,0.31250000000000006,0,constant,7,0,0,7,direct,0,1.1102230246251565e-16,2.8421709430404007e-14,8.0779356694631609e-28,0.00042208301601931453,0.00054166698828339577
2,32,0,10,2,0,0.40000000000000002,0.69999999999999996,0.20000000000000004,0.31250000000000006,0,constant,7,0,0,7,fe_geometry,-1.2980238937210987e-09,1.1102230246251565e-16,2.8421709430404007e-14,8.0779356694631609e-28,0.00042208301601931453,0.00054166698828339577
2,32,0,10,2,0,0.40000000000000002,0.69999999999999996,0.20000000000000004,0.31250000000000006,0,constant,6,1,0,7,recursive,34.706405103291381,1.1102230246251565e-16,2.8421709430404007e-14,8.0779356694631609e-28,0.00042208301601931453,0.00054166698828339577
2,32,0,10,2,0,0.40000000000000002,0.69999999999999996,0.20000000000000004,0.31250000000000006,0,constant,6,1,0,7,direct,0,1.1102230246251565e-16,2.8421709430404007e-14,8.0779356694631609e-28,0.00042208301601931453,0.00054166698828339577
2,32,0,10,2,0,0.40000000000000002,0.69999999999999996,0.20000000000000004,0.31250000000000006,0,constant,6,1,0,7,fe_geometry,-3.8727501549075959e-10,1.1102230246251565e-16,2.8421709430404007e-14,8.0779356694631609e-28,0.00042208301601931453,0.00054166698828339577
2,32,0,10,2,0,0.40000000000000002,0.69999999999999996,0.20000000000000004,0.31250000000000006,0,constant,5,2,0,7,recursive,44.085605433582927,1.1102230246251565e-16,2.8421709430404007e-14,8.0779356694631609e-28,0.00042208301601931453,0.00054166698828339577
2,32,0,10,2,0,0.40000000000000002,0.69999999999999996,0.20000000000000004,0.31250000000000006,0,constant,5,2,0,7,direct,-0.80624999999999403,1.1102230246251565e-16,2.8421709430404007e-14,8.0779356694631609e-28,0.00042208301601931453,0.00054166698828339577
2,32,0,10,2,0,0.40000000000000002,0.69999999999999996,0.20000000000000004,0.31250000000000006,0,constant,5,2,0,7,fe_geometry,-0.80624999863950353,1.1102230246251565e-16,2.8421709430404007e-14,8.0779356694631609e-28,0.00042208301601931453,0.00054166698828339577
2,32,0,10,2,0,0.40000000000000002,0.69999999999999996,0.20000000000000004,0.31250000000000006,0,constant,4,3,0,7,recursive,-83.346787352811333,1.1102230246251565e-16,2.8421709430404007e-14,8.0779356694631609e-28,0.00042208301601931453,0.00054166698828339577
2,32,0,10,2,0,0.40000000000000002,0.69999999999999996,0.20000000000000004,0.31250000000000006,0,constant,4,3,0,7,direct,-126.22500000000001,1.1102230246251565e-16,2.8421709430404007e-14,8.0779356694631609e-28,0.00042208301601931453,0.00054166698828339577
2,32,0,10,2,0,0.40000000000000002,0.69999999999999996,0.20000000000000004,0.31250000000000006,0,constant,4,3,0,7,fe_geometry,-126.22499999940038,1.1102230246251565e-16,2.8421709430404007e-14,8.0779356694631609e-28,0.00042208301601931453,0.00054166698828339577
2,32,0,10,2,0,0.40000000000000002,0.69999999999999996,0.20000000000000004,0.31250000000000006,0,constant,3,4,0,7,recursive,-168.20600438587851,1.1102230246251565e-16,2.8421709430404007e-14,8.0779356694631609e-28,0.00042208301601931453,0.00054166698828339577
2,32,0,10,2,0,0.40000000000000002,0.69999999999999996,0.20000000000000004,0.31250000000000006,0,constant,3,4,0,7,direct,-44.015625000000014,1.1102230246251565e-16,2.8421709430404007e-14,8.0779356694631609e-28,0.00042208301601931453,0.00054166698828339577
2,32,0,10,2,0,0.40000000000000002,0.69999999999999996,0.20000000000000004,0.31250000000000006,0,constant,3,4,0,7,fe_geometry,-44.015625000381931,1.1102230246251565e-16,2.8421709430404007e-14,8.0779356694631609e-28,0.00042208301601931453,0.00054166698828339577
2,32,0,10,2,0,0.40000000000000002,0.69999999999999996,0.20000000000000004,0.31250000000000006,0,constant,2,5,0,7,recursive,46.386744487667443,1.1102230246251565e-16,2.8421709430404007e-14,8.0779356694631609e-28,0.00042208301601931453,0.00054166698828339577
2,32,0,10,2,0,0.40000000000000002,0.69999999999999996,0.20000000000000004,0.31250000000000006,0,constant,2,5,0,7,direct,76.171875,1.1102230246251565e-16,2.8421709430404007e-14,8.0779356694631609e-28,0.00042208301601931453,0.00054166698828339577
2,32,0,10,2,0,0.40000000000000002,0.69999999999999996,0.20000000000000004,0.31250000000000006,0,constant,2,5,0,7,fe_geometry,76.171874999829967,1.1102230246251565e-16,2.8421709430404007e-14,8.0779356694631609e-28,0.00042208301601931453,0.00054166698828339577
2,32,0,10,2,0,0.40000000000000002,0.69999999999999996,0.20000000000000004,0.31250000000000006,0,constant,1,6,0,7,recursive,8.9151339036335221e-12,1.1102230246251565e-16,2.8421709430404007e-14,8.0779356694631609e-28,0.00042208301601931453,0.00054166698828339577
2,32,0,10,2,0,0.40000000000000002,0.69999999999999996,0.20000000000000004,0.31250000000000006,0,constant,1,6,0,7,direct,0,1.1102230246251565e-16,2.8421709430404007e-14,8.0779356694631609e-28,0.00042208301601931453,0.00054166698828339577
2,32,0,10,2,0,0.40000000000000002,0.69999999999999996,0.20000000000000004,0.31250000000000006,0,constant,1,6,0,7,fe_geometry,5.7474487221771447e-11,1.1102230246251565e-16,2.8421709430404007e-14,8.0779356694631609e-28,0.00042208301601931453,0.00054166698828339577
2,32,0,10,2,0,0.40000000000000002,0.69999999999999996,0.20000000000000004,0.31250000000000006,0,constant,0,7,0,7,recursive,2.4895571526514362e-11,1.1102230246251565e-16,2.8421709430404007e-14,8.0779356694631609e-28,0.00042208301601931453,0.00054166698828339577
2,32,0,10,2,0,0.40000000000000002,0.69999999999999996,0.20000000000000004,0.31250000000000006,0,constant,0,7,0,7,direct,0,1.1102230246251565e-16,2.8421709430404007e-14,8.0779356694631609e-28,0.00042208301601931453,0.00054166698828339577
2,32,0,10,2,0,0.40000000000000002,0.69999999999999996,0.20000000000000004,0.31250000000000006,0,constant,0,7,0,7,fe_geometry,4.2860784806952429e-11,1.1102230246251565e-16,2.8421709430404007e-14,8.0779356694631609e-28,0.00042208301601931453,0.00054166698828339577
2,32,0,10,2,0,0.40000000000000002,0.69999999999999996,0.20000000000000004,0.31250000000000006,0,constant,8,0,0,8,recursive,3.2491278920359287e-09,1.1102230246251565e-16,2.8421709430404007e-14,8.0779356694631609e-28,0.00042208301601931453,0.00054166698828339577
2,32,0,10,2,0,0.40000000000000002,0.69999999999999996,0.20000000000000004,0.31250000000000006,0,constant,8,0,0,8,direct,0,1.1102230246251565e-16,2.8421709430404007e-14,8.0779356694631609e-28,0.00042208301601931453,0.00054166698828339577
2,32,0,10,2,0,0.40000000000000002,0.69999999999999996,0.20000000000000004,0.31250000000000006,0,constant,8,0,0,8,fe_geometry,1.5761681039231059e-07,1.1102230246251565e-16,2.8421709430404007e-14,8.0779356694631609e-28,0.00042208301601931453,0.00054166698828339577
2,32,0,10,2,0,0.40000000000000002,0.69999999999999996,0.20000000000000004,0.31250000000000006,0,constant,7,1,0,8,recursive,2.2240784344432167e-09,1.1102230246251565e-16,2.8421709430404007e-14,8.0779356694631609e-28,0.00042208301601931453,0.00054166698828339577
2,32,0,10,2,0,0.40000000000000002,0.69999999999999996,0.20000000000000004,0.31250000000000006,0,constant,7,1,0,8,direct,0,1.1102230246251565e-16,2.8421709430404007e-14,8.0779356694631609e-28,0.00042208301601931453,0.00054166698828339577
2,32,0,10,2,0,0.40000000000000002,0.69999999999999996,0.20000000000000004,0.31250000000000006,0,constant,7,1,0,8,fe_geometry,4.0632845696678641e-08,1.1102230246251565e-16,2.8421709430404007e-14,8.0779356694631609e-28,0.00042208301601931453,0.00054166698828339577
2,32,0,10,2,0,0.40000000000000002,0.69999999999999996,0.20000000000000004,0.31250000000000006,0,constant,6,2,0,8,recursive,-3131.9233140425422,1.1102230246251565e-16,2.8421709430404007e-14,8.0779356694631609e-28,0.00042208301601931453,0.00054166698828339577
2,32,0,10,2,0,0.40000000000000002,0.69999999999999996,0.20000000000000004,0.31250000000000006,0,constant,6,2,0,8,direct,0,1.1102230246251565e-16,2.8421709430404007e-14,8.0779356694631609e-28,0.00042208301601931453,0.00054166698828339577
2,32,0,10,2,0,0.40000000000000002,0.69999999999999996,0.20000000000000004,0.31250000000000006,0,constant,6,2,0,8,fe_geometry,-3.8080349531849561e-07,1.1102230246251565e-16,2.8421709430404007e-14,8.0779356694631609e-28,0.00042208301601931453,0.00054166698828339577
2,32,0,10,2,0,0.40000000000000002,0.69999999999999996,0.20000000000000004,0.31250000000000006,0,constant,5,3,0,8,recursive,9788.1632992194045,1.1102230246251565e-16,2.8421709430404007e-14,8.0779356694631609e-28,0.00042208301601931453,0.00054166698828339577
2,32,0,10,2,0,0.40000000000000002,0.69999999999999996,0.20000000000000004,0.31250000000000006,0,constant,5,3,0,8,direct,7865.9999999999991,1.1102230246251565e-16,2.8421709430404007e-14,8.0779356694631609e-28,0.00042208301601931453,0.00054166698828339577
2,32,0,10,2,0,0.40000000000000002,0.69999999999999996,0.20000000000000004,0.31250000000000006,0,constant,5,3,0,8,fe_geometry,7865.9999998351059,1.1102230246251565e-16,2.8421709430404007e-14,8.0779356694631609e-28,0.00042208301601931453,0.00054166698828339577
2,32,0,10,2,0,0.40000000000000002,0.69999999999999996,0.20000000000000004,0.31250000000000006,0,constant,4,4,0,8,recursive,47543.952689244659,1.1102230246251565e-16,2.8421709430404007e-14,8.0779356694631609e-28,0.00042208301601931453,0.00054166698828339577
2,32,0,10,2,0,0.40000000000000002,0.69999999999999996,0.20000000000000004,0.31250000000000006,0,constant,4,4,0,8,direct,5004.0000000000018,1.1102230246251565e-16,2.8421709430404007e-14,8.0779356694631609e-28,0.00042208301601931453,0.00054166698828339577
2,32,0,10,2,0,0.40000000000000002,0.69999999999999996,0.20000000000000004,0.31250000000000006,0,constant,4,4,0,8,fe_geometry,5004.0000002240458,1.1102230246251565e-16,2.8421709430404007e-14,8.0779356694631609e-28,0.00042208301601931453,0.00054166698828339577
2,32,0,10,2,0,0.40000000000000002,0.69999999999999996,0.20000000000000004,0.31250000000000006,0,constant,3,5,0,8,recursive,12751.842025961536,1.1102230246251565e-16,2.8421709430404007e-14,8.0779356694631609e-28,0.00042208301601931453,0.00054166698828339577
2,32,0,10,2,0,0.40000000000000002,0.69999999999999996,0.20000000000000004,0.31250000000000006,0,constant,3,5,0,8,direct,-21240,1.1102230246251565e-16,2.8421709430404007e-14,8.0779356694631609e-28,0.00042208301601931453,0.00054166698828339577
2,32,0,10,2,0,0.40000000000000002,0.69999999999999996,0.20000000000000004,0.31250000000000006,0,constant,3,5,0,8,fe_geometry,-21239.999999891243,1.1102230246251565e-16,2.8421709430404007e-14,8.0779356694631609e-28,0.00042208301601931453,0.00054166698828339577
2,32,0,10,2,0,0.40000000000000002,0.69999999999999996,0.20000000000000004,0.31250000000000006,0,constant,2,6,0,8,recursive,-3.6918895822419336e-09,1.1102230246251565e-16,2.8421709430404007e-14,8.0779356694631609e-28,0.00042208301601931453,0.00054166698828339577
2,32,0,10,2,0,0.40000000000000002,0.69999999999999996,0.20000000000000004,0.31250000000000006,0,constant,2,6,0,8,direct,0,1.1102230246251565e-16,2.8421709430404007e-14,8.0779356694631609e-28,0.00042208301601931453,0.00054166698828339577
2,32,0,10,2,0,0.40000000000000002,0.69999999999999996,0.20000000000000004,0.31250000000000006,0,constant,2,6,0,8,fe_geometry,-5.7288489155843769e-08,1.1102230246251565e-16,2.8421709430404007e-14,8.0779356694631609e-28,0.00042208301601931453,0.00054166698828339577
2,32,0,10,2,0,0.40000000000000002,0.69999999999999996,0.20000000000000004,0.31250000000000006,0,constant,1,7,0,8,recursive,8.3977023333607819e-12,1.1102230246251565e-16,2.8421709430404007e-14,8.0779356694631609e-28,0.00042208301601931453,0.00054166698828339577
2,32,0,10,2,0,0.40000000000000002,0.69999999999999996,0.20000000000000004,0.31250000000000006,0,constant,1,7,0,8,direct,0,1.1102230246251565e-16,2.8421709430404007e-14,8.0779356694631609e-28,0.00042208301601931453,0.00054166698828339577
2,32,0,10,2,0,0.40000000000000002,0.69999999999999996,0.20000000000000004,0.31250000000000006,0,constant,1,7,0,8,fe_geometry,-3.4151909976556667e-08,1.1102230246251565e-16,2.8421709430404007e-14,8.0779356694631609e-28,0.00042208301601931453,0.00054166698828339577
2,32,0,10,2,0,0.40000000000000002,0.69999999999999996,0.20000000000000004,0.31250000000000006,0,constant,0,8,0,8,recursive,-9.9639396178289977e-09,1.1102230246251565e-16,2.8421709430404007e-14,8.0779356694631609e-28,0.00042208301601931453,0.00054166698828339577
2,32,0,10,2,0,0.40000000000000002,0.69999999999999996,0.20000000000000004,0.31250000000000006,0,constant,0,8,0,8,direct,0,1.1102230246251565e-16,2.8421709430404007e-14,8.0779356694631609e-28,0.00042208301601931453,0.00054166698828339577
2,32,0,10,2,0,0.40000000000000002,0.69999999999999996,0.20000000000000004,0.31250000000000006,0,constant,0,8,0,8,fe_geometry,-6.9385461603241142e-09,1.1102230246251565e-16,2.8421709430404007e-14,8.0779356694631609e-28,0.00042208301601931453,0.00054166698828339577
2,32,0,10,2,0,0.40000000000000002,0.69999999999999996,0.20000000000000004,0.31250000000000006,0,constant,9,0,0,9,recursive,-3.4819296505501898e-07,1.1102230246251565e-16,2.8421709430404007e-14,8.0779356694631609e-28,0.00042208301601931453,0.00054166698828339577
2,32,0,10,2,0,0.40000000000000002,0.69999999999999996,0.20000000000000004,0.31250000000000006,0,constant,9,0,0,9,direct,0,1.1102230246251565e-16,2.8421709430404007e-14,8.0779356694631609e-28,0.00042208301601931453,0.00054166698828339577
2,32,0,10,2,0,0.40000000000000002,0.69999999999999996,0.20000000000000004,0.31250000000000006,0,constant,9,0,0,9,fe_geometry,-9.2096063340826833e-06,1.1102230246251565e-16,2.8421709430404007e-14,8.0779356694631609e-28,0.00042208301601931453,0.00054166698828339577
2,32,0,10,2,0,0.40000000000000002,0.69999999999999996,0.20000000000000004,0.31250000000000006,0,constant,8,1,0,9,recursive,-2.1294221769436542e-07,1.1102230246251565e-16,2.8421709430404007e-14,8.0779356694631609e-28,0.00042208301601931453,0.00054166698828339577
2,32,0,10,2,0,0.40000000000000002,0.69999999999999996,0.20000000000000004,0.31250000000000006,0,constant,8,1,0,9,direct,0,1.1102230246251565e-16,2.8421709430404007e-14,8.0779356694631609e-28,0.00042208301601931453,0.00054166698828339577
2,32,0,10,2,0,0.40000000000000002,0.69999999999999996,0.20000000000000004,0.31250000000000006,0,constant,8,1,0,9,fe_geometry,-8.0193564358645228e-07,1.1102230246251565e-16,2.8421709430404007e-14,8.0779356694631609e-28,0.00042208301601931453,0.00054166698828339577
2,32,0,10,2,0,0.40000000000000002,0.69999999999999996,0.20000000000000004,0.31250000000000006,0,constant,7,2,0,9,recursive,1.1297293464769921e-06,1.1102230246251565e-16,2.8421709430404007e-14,8.0779356694631609e-28,0.00042208301601931453,0.00054166698828339577
2,32,0,10,2,0,0.40000000000000002,0.69999999999999996,0.20000000000000004,0.31250000000000006,0,constant,7,2,0,9,direct,0,1.1102230246251565e-16,2.8421709430404007e-14,8.0779356694631609e-28,0.00042208301601931453,0.00054166698828339577
2,32,0,10,2,0,0.40000000000000002,0.69999999999999996,0.20000000000000004,0.31250000000000006,0,constant,7,2,0,9,fe_geometry,7.380301960541107e-05,1.1102230246251565e-16,2.8421709430404007e-14,8.0779356694631609e-28,0.00042208301601931453,0.00054166698828339577
2,32,0,10,2,0,0.40000000000000002,0.69999999999999996,0.20000000000000004,0.31250000000000006,0,constant,6,3,0,9,recursive,-728517.64670883119,1.1102230246251565e-16,2.8421709430404007e-14,8.0779356694631609e-28,0.00042208301601931453,0.00054166698828339577
2,32,0,10,2,0,0.40000000000000002,0.69999999999999996,0.20000000000000004,0.31250000000000006,0,constant,6,3,0,9,direct,0,1.1102230246251565e-16,2.8421709430404007e-14,8.0779356694631609e-28,0.00042208301601931453,0.00054166698828339577
2,32,0,10,2,0,0.40000000000000002,0.69999999999999996,0.20000000000000004,0.31250000000000006,0,constant,6,3,0,9,fe_geometry,3.0770827187060139e-05,1.1102230246251565e-16,2.8421709430404007e-14,8.0779356694631609e-28,0.00042208301601931453,0.00054166698828339577
2,32,0,10,2,0,0.40000000000000002,0.69999999999999996,0.20000000000000004,0.31250000000000006,0,constant,5,4,0,9,recursive,-7253780.2970566871,1.1102230246251565e-16,2.8421709430404007e-14,8.0779356694631609e-28,0.00042208301601931453,0.00054166698828339577
2,32,0,10,2,0,0.40000000000000002,0.69999999999999996,0.20000000000000004,0.31250000000000006,0,constant,5,4,0,9,direct,-241920.00000000017,1.1102230246251565e-16,2.8421709430404007e-14,8.0779356694631609e-28,0.00042208301601931453,0.00054166698828339577
2,32,0,10,2,0,0.40000000000000002,0.69999999999999996,0.20000000000000004,0.31250000000000006,0,constant,5,4,0,9,fe_geometry,-241920.00008975292,1.1102230246251565e-16,2.8421709430404007e-14,8.0779356694631609e-28,0.00042208301601931453,0.00054166698828339577
2,32,0,10,2,0,0.40000000000000002,0.69999999999999996,0.20000000000000004,0.31250000000000006,0,constant,4,5,0,9,recursive,-6649095.5830644257,1.1102230246251565e-16,2.8421709430404007e-14,8.0779356694631609e-28,0.00042208301601931453,0.00054166698828339577
2,32,0,10,2,0,0.40000000000000002,0.69999999999999996,0.20000000000000004,0.31250000000000006,0,constant,4,5,0,9,direct,3064320,1.1102230246251565e-16,2.8421709430404007e-14,8.0779356694631609e-28,0.00042208301601931453,0.00054166698828339577
2,32,0,10,2,0,0.40000000000000002,0.69999999999999996,0.20000000000000004,0.31250000000000006,0,constant,4,5,0,9,fe_geometry,3064319.9999575252,1.1102230246251565e-16,2.8421709430404007e-14,8.0779356694631609e-28,0.00042208301601931453,0.00054166698828339577
2,32,0,10,2,0,0.40000000000000002,0.69999999999999996,0.20000000000000004,0.31250000000000006,0,constant,3,6,0,9,recursive,1.4440380583782142e-06,1.1102230246251565e-16,2.8421709430404007e-14,8.0779356694631609e-28,0.00042208301601931453,0.00054166698828339577
2,32,0,10,2,0,0.40000000000000002,0.69999999999999996,0.20000000000000004,0.31250000000000006,0,constant,3,6,0,9,direct,0,1.1102230246251565e-16,2.8421709430404007e-14,8.0779356694631609e-28,0.00042208301601931453,0.00054166698828339577
2,32,0,10,2,0,0.40000000000000002,0.69999999999999996,0.20000000000000004,0.31250000000000006,0,constant,3,6,0,9,fe_geometry,4.2451082788379312e-05,1.1102230246251565e-16,2.8421709430404007e-14,8.0779356694631609e-28,0.00042208301601931453,0.00054166698828339577
2,32,0,10,2,0,0.40000000000000002,0.69999999999999996,0.20000000000000004,0.31250000000000006,0,constant,2,7,0,9,recursive,5.174375290491459e-07,1.1102230246251565e-16,2.8421709430404007e-14,8.0779356694631609e-28,0.00042208301601931453,0.00054166698828339577
2,32,0,10,2,0,0.40000000000000002,0.69999999999999996,0.20000000000000004,0.31250000000000006,0,constant,2,7,0,9,direct,0,1.1102230246251565e-16,2.8421709430404007e-14,8.0779356694631609e-28,0.00042208301601931453,0.00054166698828339577
2,32,0,10,2,0,0.40000000000000002,0.69999999999999996,0.20000000000000004,0.31250000000000006,0,constant,2,7,0,9,fe_geometry,2.6396260722746482e-05,1.1102230246251565e-16,2.8421709430404007e-14,8.0779356694631609e-28,0.00042208301601931453,0.00054166698828339577
2,32,0,10,2,0,0.40000000000000002,0.69999999999999996,0.20000000000000004,0.31250000000000006,0,constant,1,8,0,9,recursive,1.4580601026172523e-07,1.1102230246251565e-16,2.8421709430404007e-14,8.0779356694631609e-28,0.00042208301601931453,0.00054166698828339577
2,32,0,10,2,0,0.40000000000000002,0.69999999999999996,0.20000000000000004,0.31250000000000006,0,constant,1,8,0,9,direct,0,1.1102230246251565e-16,2.8421709430404007e-14,8.0779356694631609e-28,0.00042208301601931453,0.00054166698828339577
2,32,0,10,2,0,0.40000000000000002,0.69999999999999996,0.20000000000000004,0.31250000000000006,0,constant,1,8,0,9,fe_geometry,2.5800698469992805e-06,1.1102230246251565e-16,2.8421709430404007e-14,8.0779356694631609e-28,0.00042208301601931453,0.00054166698828339577
2,32,0,10,2,0,0.40000000000000002,0.69999999999999996,0.20000000000000004,0.31250000000000006,0,constant,0,9,0,9,recursive,1.6164430871930985e-06,1.1102230246251565e-16,2.8421709430404007e-14,8.0779356694631609e-28,0.00042208301601931453,0.00054166698828339577
2,32,0,10,2,0,0.40000000000000002,0.69999999999999996,0.20000000000000004,0.31250000000000006,0,constant,0,9,0,9,direct,0,1.1102230246251565e-16,2.8421709430404007e-14,8.0779356694631609e-28,0.00042208301601931453,0.00054166698828339577
2,32,0,10,2,0,0.40000000000000002,0.69999999999999996,0.20000000000000004,0.31250000000000006,0,constant,0,9,0,9,fe_geometry,-1.3591642722901116e-08,1.1102230246251565e-16,2.8421709430404007e-14,8.0779356694631609e-28,0.00042208301601931453,0.00054166698828339577
2,32,0,10,2,0,0.40000000000000002,0.69999999999999996,0.20000000000000004,0.31250000000000006,0,constant,10,0,0,10,recursive,4.0589922175667921e-05,1.1102230246251565e-16,2.8421709430404007e-14,8.0779356694631609e-28,0.00042208301601931453,0.00054166698828339577
2,32,0,10,2,0,0.40000000000000002,0.69999999999999996,0.20000000000000004,0.31250000000000006,0,constant,10,0,0,10,direct,0,1.1102230246251565e-16,2.8421709430404007e-14,8.0779356694631609e-28,0.00042208301601931453,0.00054166698828339577
2,32,0,10,2,0,0.40000000000000002,0.69999999999999996,0.20000000000000004,0.31250000000000006,0,constant,10,0,0,10,fe_geometry,-1.5221246990258478e-13,1.1102230246251565e-16,2.8421709430404007e-14,8.0779356694631609e-28,0.00042208301601931453,0.00054166698828339577
2,32,0,10,2,0,0.40000000000000002,0.69999999999999996,0.20000000000000004,0.31250000000000006,0,constant,9,1,0,10,recursive,1.7669918460290386e-05,1.1102230246251565e-16,2.8421709430404007e-14,8.0779356694631609e-28,0.00042208301601931453,0.00054166698828339577
2,32,0,10,2,0,0.40000000000000002,0.69999999999999996,0.20000000000000004,0.31250000000000006,0,constant,9,1,0,10,direct,0,1.1102230246251565e-16,2.8421709430404007e-14,8.0779356694631609e-28,0.00042208301601931453,0.00054166698828339577
2,32,0,10,2,0,0.40000000000000002,0.69999999999999996,0.20000000000000004,0.31250000000000006,0,constant,9,1,0,10,fe_geometry,-0.00019568254044423212,1.1102230246251565e-16,2.8421709430404007e-14,8.0779356694631609e-28,0.00042208301601931453,0.00054166698828339577
2,32,0,10,2,0,0.40000000000000002,0.69999999999999996,0.20000000000000004,0.31250000000000006,0,constant,8,2,0,10,recursive,-0.00020265329400460746,1.1102230246251565e-16,2.8421709430404007e-14,8.0779356694631609e-28,0.00042208301601931453,0.00054166698828339577
2,32,0,10,2,0,0.40000000000000002,0.69999999999999996,0.20000000000000004,0.31250000000000006,0,constant,8,2,0,10,direct,0,1.1102230246251565e-16,2.8421709430404007e-14,8.0779356694631609e-28,0.00042208301601931453,0.00054166698828339577
2,32,0,10,2,0,0.40000000000000002,0.69999999999999996,0.20000000000000004,0.31250000000000006,0,constant,8,2,0,10,fe_geometry,-0.0090036400440522101,1.1102230246251565e-16,2.8421709430404007e-14,8.0779356694631609e-28,0.00042208301601931453,0.00054166698828339577
2,32,0,10,2,0,0.40000000000000002,0.69999999999999996,0.20000000000000004,0.31250000000000006,0,constant,7,3,0,10,recursive,-0.0003318725274622601,1.1102230246251565e-16,2.8421709430404007e-14,8.0779356694631609e-28,0.00042208301601931453,0.00054166698828339577
2,32,0,10,2,0,0.40000000000000002,0.69999999999999996,0.20000000000000004,0.31250000000000006,0,constant,7,3,0,10,direct,0,1.1102230246251565e-16,2.8421709430404007e-14,8.0779356694631609e-28,0.00042208301601931453,0.00054166698828339577
2,32,0,10,2,0,0.40000000000000002,0.69999999999999996,0.20000000000000004,0.31250000000000006,0,constant,7,3,0,10,fe_geometry,-0.0032763729536908755,1.1102230246251565e-16,2.8421709430404007e-14,8.0779356694631609e-28,0.00042208301601931453,0.00054166698828339577
2,32,0,10,2,0,0.40000000000000002,0.69999999999999996,0.20000000000000004,0.31250000000000006,0,constant,6,4,0,10,recursive,480879023.15079272,1.1102230246251565e-16,2.8421709430404007e-14,8.0779356694631609e-28,0.00042208301601931453,0.00054166698828339577
2,32,0,10,2,0,0.40000000000000002,0.69999999999999996,0.20000000000000004,0.31250000000000006,0,constant,6,4,0,10,direct,0,1.1102230246251565e-16,2.8421709430404007e-14,8.0779356694631609e-28,0.00042208301601931453,0.00054166698828339577
2,32,0,10,2,0,0.40000000000000002,0.69999999999999996,0.20000000000000004,0.31250000000000006,0,constant,6,4,0,10,fe_geometry,0.025627608435956781,1.1102230246251565e-16,2.8421709430404007e-14,8.0779356694631609e-28,0.00042208301601931453,0.00054166698828339577
2,32,0,10,2,0,0.40000000000000002,0.69999999999999996,0.20000000000000004,0.31250000000000006,0,constant,5,5,0,10,recursive,1079933094.7561584,1.1102230246251565e-16,2.8421709430404007e-14,8.0779356694631609e-28,0.00042208301601931453,0.00054166698828339577
2,32,0,10,2,0,0.40000000000000002,0.69999999999999996,0.20000000000000004,0.31250000000000006,0,constant,5,5,0,10,direct,-202752000,1.1102230246251565e-16,2.8421709430404007e-14,8.0779356694631609e-28,0.00042208301601931453,0.00054166698828339577
2,32,0,10,2,0,0.40000000000000002,0.69999999999999996,0.20000000000000004,0.31250000000000006,0,constant,5,5,0,10,fe_geometry,-202751999.98876226,1.1102230246251565e-16,2.8421709430404007e-14,8.0779356694631609e-28,0.00042208301601931453,0.00054166698828339577
2,32,0,10,2,0,0.40000000000000002,0.69999999999999996,0.20000000000000004,0.31250000000000006,0,constant,4,6,0,10,recursive,-0.00042985843986465482,1.1102230246251565e-16,2.8421709430404007e-14,8.0779356694631609e-28,0.00042208301601931453,0.00054166698828339577
2,32,0,10,2,0,0.40000000000000002,0.69999999999999996,0.20000000000000004,0.31250000000000006,0,constant,4,6,0,10,direct,0,1.1102230246251565e-16,2.8421709430404007e-14,8.0779356694631609e-28,0.00042208301601931453,0.00054166698828339577
2,32,0,10,2,0,0.40000000000000002,0.69999999999999996,0.20000000000000004,0.31250000000000006,0,constant,4,6,0,10,fe_geometry,-0.022789553184698857,1.1102230246251565e-16,2.8421709430404007e-14,8.0779356694631609e-28,0.00042208301601931453,0.00054166698828339577
2,32,0,10,2,0,0.40000000000000002,0.69999999999999996,0.20000000000000004,0.31250000000000006,0,constant,3,7,0,10,recursive,-0.0003358711112482398,1.1102230246251565e-16,2.8421709430404007e-14,8.0779356694631609e-28,0.00042208301601931453,0.00054166698828339577
2,32,0,10,2,0,0.40000000000000002,0.69999999999999996,0.20000000000000004,0.31250000000000006,0,constant,3,7,0,10,direct,0,1.1102230246251565e-16,2.8421709430404007e-14,8.0779356694631609e-28,0.00042208301601931453,0.00054166698828339577
2,32,0,10,2,0,0.40000000000000002,0.69999999999999996,0.20000000000000004,0.31250000000000006,0,constant,3,7,0,10,fe_geometry,-0.015010694967580049,1.1102230246251565e-16,2.8421709430404007e-14,8.0779356694631609e-28,0.00042208301601931453,0.00054166698828339577
2,32,0,10,2,0,0.40000000000000002,0.69999999999999996,0.20000000000000004,0.31250000000000006,0,constant,2,8,0,10,recursive,-0.00011816323066172944,1.1102230246251565e-16,2.8421709430404007e-14,8.0779356694631609e-28,0.00042208301601931453,0.00054166698828339577
2,32,0,10,2,0,0.40000000000000002,0.69999999999999996,0.20000000000000004,0.31250000000000006,0,constant,2,8,0,10,direct,0,1.1102230246251565e-16,2.8421709430404007e-14,8.0779356694631609e-28,0.00042208301601931453,0.00054166698828339577
2,32,0,10,2,0,0.40000000000000002,0.69999999999999996,0.20000000000000004,0.31250000000000006,0,constant,2,8,0,10,fe_geometry,0.00017766037423129125,1.1102230246251565e-16,2.8421709430404007e-14,8.0779356694631609e-28,0.00042208301601931453,0.00054166698828339577
2,32,0,10,2,0,0.40000000000000002,0.69999999999999996,0.20000000000000004,0.31250000000000006,0,constant,1,9,0,10,recursive,-1.3359861513868599e-05,1.1102230246251565e-16,2.8421709430404007e-14,8.0779356694631609e-28,0.00042208301601931453,0.00054166698828339577
2,32,0,10,2,0,0.40000000000000002,0.69999999999999996,0.20000000000000004,0.31250000000000006,0,constant,1,9,0,10,direct,0,1.1102230246251565e-16,2.8421709430404007e-14,8.0779356694631609e-28,0.00042208301601931453,0.00054166698828339577
2,32,0,10,2,0,0.40000000000000002,0.69999999999999996,0.20000000000000004,0.31250000000000006,0,constant,1,9,0,10,fe_geometry,0.0010095585403770504,1.1102230246251565e-16,2.8421709430404007e-14,8.0779356694631609e-28,0.00042208301601931453,0.00054166698828339577
2,32,0,10,2,0,0.40000000000000002,0.69999999999999996,0.20000000000000004,0.31250000000000006,0,constant,0,10,0,10,recursive,-0.00013955128743442342,1.1102230246251565e-16,2.8421709430404007e-14,8.0779356694631609e-28,0.00042208301601931453,0.00054166698828339577
2,32,0,10,2,0,0.40000000000000002,0.69999999999999996,0.20000000000000004,0.31250000000000006,0,constant,0,10,0,10,direct,0,1.1102230246251565e-16,2.8421709430404007e-14,8.0779356694631609e-28,0.00042208301601931453,0.00054166698828339577
2,32,0,10,2,0,0.40000000000000002,0.69999999999999996,0.20000000000000004,0.31250000000000006,0,constant,0,10,0,10,fe_geometry,2.7652091399797677e-15,1.1102230246251565e-16,2.8421709430404007e-14,8.0779356694631609e-28,0.00042208301601931453,0.00054166698828339577
2,32,0,10,2,0,0.40000000000000002,0.69999999999999996,0.20000000000000004,0.31250000000000006,0,quintic,1,0,0,1,recursive,0.047062500000002075,1.7347234759768071e-18,2.8421709430404007e-14,8.0779356694631609e-28,0.00042208301601931453,0.0014364999951794744
2,32,0,10,2,0,0.40000000000000002,0.69999999999999996,0.20000000000000004,0.31250000000000006,0,quintic,1,0,0,1,direct,0.047062499999990896,1.7347234759768071e-18,2.8421709430404007e-14,8.0779356694631609e-28,0.00042208301601931453,0.0014364999951794744
2,32,0,10,2,0,0.40000000000000002,0.69999999999999996,0.20000000000000004,0.31250000000000006,0,quintic,1,0,0,1,fe_geometry,0.047062499999970885,1.7347234759768071e-18,2.8421709430404007e-14,8.0779356694631609e-28,0.00042208301601931453,0.0014364999951794744
2,32,0,10,2,0,0.40000000000000002,0.69999999999999996,0.20000000000000004,0.31250000000000006,0,quintic,0,1,0,1,recursive,0.072683715820314382,1.7347234759768071e-18,2.8421709430404007e-14,8.0779356694631609e-28,0.00042208301601931453,0.0014364999951794744
2,32,0,10,2,0,0.40000000000000002,0.69999999999999996,0.20000000000000004,0.31250000000000006,0,quintic,0,1,0,1,direct,0.072683715820312828,1.7347234759768071e-18,2.8421709430404007e-14,8.0779356694631609e-28,0.00042208301601931453,0.0014364999951794744
2,32,0,10,2,0,0.40000000000000002,0.69999999999999996,0.20000000000000004,0.31250000000000006,0,quintic,0,1,0,1,fe_geometry,0.07268371582030865,1.7347234759768071e-18,2.8421709430404007e-14,8.0779356694631609e-28,0.00042208301601931453,0.0014364999951794744
2,32,0,10,2,0,0.40000000000000002,0.69999999999999996,0.20000000000000004,0.31250000000000006,0,quintic,2,0,0,2,recursive,0.35531249999832071,1.7347234759768071e-18,2.8421709430404007e-14,8.0779356694631609e-28,0.00042208301601931453,0.0014364999951794744
2,32,0,10,2,0,0.40000000000000002,0.69999999999999996,0.20000000000000004,0.31250000000000006,0,quintic,2,0,0,2,direct,0.35531250000141174,1.7347234759768071e-18,2.8421709430404007e-14,8.0779356694631609e-28,0.00042208301601931453,0.0014364999951794744
2,32,0,10,2,0,0.40000000000000002,0.69999999999999996,0.20000000000000004,0.31250000000000006,0,quintic,2,0,0,2,fe_geometry,0.35531250000740461,1.7347234759768071e-18,2.8421709430404007e-14,8.0779356694631609e-28,0.00042208301601931453,0.0014364999951794744
2,32,0,10,2,0,0.40000000000000002,0.69999999999999996,0.20000000000000004,0.31250000000000006,0,quintic,1,1,0,2,recursive,0.2499999999985206,1.7347234759768071e-18,2.8421709430404007e-14,8.0779356694631609e-28,0.00042208301601931453,0.0014364999951794744
2,32,0,10,2,0,0.40000000000000002,0.69999999999999996,0.20000000000000004,0.31250000000000006,0,quintic,1,1,0,2,direct,0.24999999999786207,1.7347234759768071e-18,2.8421709430404007e-14,8.0779356694631609e-28,0.00042208301601931453,0.0014364999951794744
2,32,0,10,2,0,0.40000000000000002,0.69999999999999996,0.20000000000000004,0.31250000000000006,0,quintic,1,1,0,2,fe_geometry,0.2499999999974557,1.7347234759768071e-18,2.8421709430404007e-14,8.0779356694631609e-28,0.00042208301601931453,0.0014364999951794744
2,32,0,10,2,0,0.40000000000000002,0.69999999999999996,0.20000000000000004,0.31250000000000006,0,quintic,0,2,0,2,recursive,0.69035156250033125,1.7347234759768071e-18,2.8421709430404007e-14,8.0779356694631609e-28,0.00042208301601931453,0.0014364999951794744
2,32,0,10,2,0,0.40000000000000002,0.69999999999999996,0.20000000000000004,0.31250000000000006,0,quintic,0,2,0,2,direct,0.69035156250037977,1.7347234759768071e-18,2.8421709430404007e-14,8.0779356694631609e-28,0.00042208301601931453,0.0014364999951794744
2,32,0,10,2,0,0.40000000000000002,0.69999999999999996,0.20000000000000004,0.31250000000000006,0,quintic,0,2,0,2,fe_geometry,0.69035156250030083,1.7347234759768071e-18,2.8421709430404007e-14,8.0779356694631609e-28,0.00042208301601931453,0.0014364999951794744
2,32,0,10,2,0,0.40000000000000002,0.69999999999999996,0.20000000000000004,0.31250000000000006,0,quintic,3,0,0,3,recursive,2.4000000004521493,1.7347234759768071e-18,2.8421709430404007e-14,8.0779356694631609e-28,0.00042208301601931453,0.0014364999951794744
2,32,0,10,2,0,0.40000000000000002,0.69999999999999996,0.20000000000000004,0.31250000000000006,0,quintic,3,0,0,3,direct,2.3999999999081107,1.7347234759768071e-18,2.8421709430404007e-14,8.0779356694631609e-28,0.00042208301601931453,0.0014364999951794744
2,32,0,10,2,0,0.40000000000000002,0.69999999999999996,0.20000000000000004,0.31250000000000006,0,quintic,3,0,0,3,fe_geometry,2.3999999991684442,1.7347234759768071e-18,2.8421709430404007e-14,8.0779356694631609e-28,0.00042208301601931453,0.0014364999951794744
2,32,0,10,2,0,0.40000000000000002,0.69999999999999996,0.20000000000000004,0.31250000000000006,0,quintic,2,1,0,3,recursive,1.2500000005399026,1.7347234759768071e-18,2.8421709430404007e-14,8.0779356694631609e-28,0.00042208301601931453,0.0014364999951794744
2,32,0,10,2,0,0.40000000000000002,0.69999999999999996,0.20000000000000004,0.31250000000000006,0,quintic,2,1,0,3,direct,1.2500000007684837,1.7347234759768071e-18,2.8421709430404007e-14,8.0779356694631609e-28,0.00042208301601931453,0.0014364999951794744
2,32,0,10,2,0,0.40000000000000002,0.69999999999999996,0.20000000000000004,0.31250000000000006,0,quintic,2,1,0,3,fe_geometry,1.2500000008818319,1.7347234759768071e-18,2.8421709430404007e-14,8.0779356694631609e-28,0.00042208301601931453,0.0014364999951794744
2,32,0,10,2,0,0.40000000000000002,0.69999999999999996,0.20000000000000004,0.31250000000000006,0,quintic,1,2,0,3,recursive,0.7999999999282581,1.7347234759768071e-18,2.8421709430404007e-14,8.0779356694631609e-28,0.00042208301601931453,0.0014364999951794744
2,32,0,10,2,0,0.40000000000000002,0.69999999999999996,0.20000000000000004,0.31250000000000006,0,quintic,1,2,0,3,direct,0.80000000006644134,1.7347234759768071e-18,2.8421709430404007e-14,8.0779356694631609e-28,0.00042208301601931453,0.0014364999951794744
2,32,0,10,2,0,0.40000000000000002,0.69999999999999996,0.20000000000000004,0.31250000000000006,0,quintic,1,2,0,3,fe_geometry,0.80000000021377693,1.7347234759768071e-18,2.8421709430404007e-14,8.0779356694631609e-28,0.00042208301601931453,0.0014364999951794744
2,32,0,10,2,0,0.40000000000000002,0.69999999999999996,0.20000000000000004,0.31250000000000006,0,quintic,0,3,0,3,recursive,5.8593750000604672,1.7347234759768071e-18,2.8421709430404007e-14,8.0779356694631609e-28,0.00042208301601931453,0.0014364999951794744
2,32,0,10,2,0,0.40000000000000002,0.69999999999999996,0.20000000000000004,0.31250000000000006,0,quintic,0,3,0,3,direct,5.8593749999717648,1.7347234759768071e-18,2.8421709430404007e-14,8.0779356694631609e-28,0.00042208301601931453,0.0014364999951794744
2,32,0,10,2,0,0.40000000000000002,0.69999999999999996,0.20000000000000004,0.31250000000000006,0,quintic,0,3,0,3,fe_geometry,5.859374999953511,1.7347234759768071e-18,2.8421709430404007e-14,8.0779356694631609e-28,0.00042208301601931453,0.0014364999951794744
2,32,0,10,2,0,0.40000000000000002,0.69999999999999996,0.20000000000000004,0.31250000000000006,0,quintic,4,0,0,4,recursive,23.999999923802292,1.7347234759768071e-18,2.8421709430404007e-14,8.0779356694631609e-28,0.00042208301601931453,0.0014364999951794744
2,32,0,10,2,0,0.40000000000000002,0.69999999999999996,0.20000000000000004,0.31250000000000006,0,quintic,4,0,0,4,direct,24.000000001524764,1.7347234759768071e-18,2.8421709430404007e-14,8.0779356694631609e-28,0.00042208301601931453,0.0014364999951794744
2,32,0,10,2,0,0.40000000000000002,0.69999999999999996,0.20000000000000004,0.31250000000000006,0,quintic,4,0,0,4,fe_geometry,24.000000032669192,1.7347234759768071e-18,2.8421709430404007e-14,8.0779356694631609e-28,0.00042208301601931453,0.0014364999951794744
2,32,0,10,2,0,0.40000000000000002,0.69999999999999996,0.20000000000000004,0.31250000000000006,0,quintic,3,1,0,4,recursive,-1.5198831486699727e-07,1.7347234759768071e-18,2.8421709430404007e-14,8.0779356694631609e-28,0.00042208301601931453,0.0014364999951794744
2,32,0,10,2,0,0.40000000000000002,0.69999999999999996,0.20000000000000004,0.31250000000000006,0,quintic,3,1,0,4,direct,-1.539746499021659e-07,1.7347234759768071e-18,2.8421709430404007e-14,8.0779356694631609e-28,0.00042208301601931453,0.0014364999951794744
2,32,0,10,2,0,0.40000000000000002,0.69999999999999996,0.20000000000000004,0.31250000000000006,0,quintic,3,1,0,4,fe_geometry,-1.7044169182207581e-07,1.7347234759768071e-18,2.8421709430404007e-14,8.0779356694631609e-28,0.00042208301601931453,0.0014364999951794744
2,32,0,10,2,0,0.40000000000000002,0.69999999999999996,0.20000000000000004,0.31250000000000006,0,quintic,2,2,0,4,recursive,4.0000000190756397,1.7347234759768071e-18,2.8421709430404007e-14,8.0779356694631609e-28,0.00042208301601931453,0.0014364999951794744
2,32,0,10,2,0,0.40000000000000002,0.69999999999999996,0.20000000000000004,0.31250000000000006,0,quintic,2,2,0,4,direct,3.9999999867374316,1.7347234759768071e-18,2.8421709430404007e-14,8.0779356694631609e-28,0.00042208301601931453,0.0014364999951794744
2,32,0,10,2,0,0.40000000000000002,0.69999999999999996,0.20000000000000004,0.31250000000000006,0,quintic,2,2,0,4,fe_geometry,3.9999999482200304,1.7347234759768071e-18,2.8421709430404007e-14,8.0779356694631609e-28,0.00042208301601931453,0.0014364999951794744
2,32,0,10,2,0,0.40000000000000002,0.69999999999999996,0.20000000000000004,0.31250000000000006,0,quintic,1,3,0,4,recursive,8.4924288299685563e-08,1.7347234759768071e-18,2.8421709430404007e-14,8.0779356694631609e-28,0.00042208301601931453,0.0014364999951794744
2,32,0,10,2,0,0.40000000000000002,0.69999999999999996,0.20000000000000004,0.31250000000000006,0,quintic,1,3,0,4,direct,6.5235015012263796e-08,1.7347234759768071e-18,2.8421709430404007e-14,8.0779356694631609e-28,0.00042208301601931453,0.0014364999951794744
2,32,0,10,2,0,0.40000000000000002,0.69999999999999996,0.20000000000000004,0.31250000000000006,0,quintic,1,3,0,4,fe_geometry,8.3265899662949477e-08,1.7347234759768071e-18,2.8421709430404007e-14,8.0779356694631609e-28,0.00042208301601931453,0.0014364999951794744
2,32,0,10,2,0,0.40000000000000002,0.69999999999999996,0.20000000000000004,0.31250000000000006,0,quintic,0,4,0,4,recursive,37.499999976469951,1.7347234759768071e-18,2.8421709430404007e-14,8.0779356694631609e-28,0.00042208301601931453,0.0014364999951794744
2,32,0,10,2,0,0.40000000000000002,0.69999999999999996,0.20000000000000004,0.31250000000000006,0,quintic,0,4,0,4,direct,37.499999986050341,1.7347234759768071e-18,2.8421709430404007e-14,8.0779356694631609e-28,0.00042208301601931453,0.0014364999951794744
2,32,0,10,2,0,0.40000000000000002,0.69999999999999996,0.20000000000000004,0.31250000000000006,0,quintic,0,4,0,4,fe_geometry,37.499999999852726,1.7347234759768071e-18,2.8421709430404007e-14,8.0779356694631609e-28,0.00042208301601931453,0.0014364999951794744
2,32,0,10,2,0,0.40000000000000002,0.69999999999999996,0.20000000000000004,0.31250000000000006,0,quintic,5,0,0,5,recursive,120.00000903913988,1.7347234759768071e-18,2.8421709430404007e-14,8.0779356694631609e-28,0.00042208301601931453,0.0014364999951794744
2,32,0,10,2,0,0.40000000000000002,0.69999999999999996,0.20000000000000004,0.31250000000000006,0,quintic,5,0,0,5,direct,120.00000004921074,1.7347234759768071e-18,2.8421709430404007e-14,8.0779356694631609e-28,0.00042208301601931453,0.0014364999951794744
2,32,0,10,2,0,0.40000000000000002,0.69999999999999996,0.20000000000000004,0.31250000000000006,0,quintic,5,0,0,5,fe_geometry,120.00000086699279,1.7347234759768071e-18,2.8421709430404007e-14,8.0779356694631609e-28,0.00042208301601931453,0.0014364999951794744
2,32,0,10,2,0,0.40000000000000002,0.69999999999999996,0.20000000000000004,0.31250000000000006,0,quintic,4,1,0,5,recursive,3.2997821485927428e-05,1.7347234759768071e-18,2.8421709430404007e-14,8.0779356694631609e-28,0.00042208301601931453,0.0014364999951794744
2,32,0,10,2,0,0.40000000000000002,0.69999999999999996,0.20000000000000004,0.31250000000000006,0,quintic,4,1,0,5,direct,1.946498956429723e-05,1.7347234759768071e-18,2.8421709430404007e-14,8.0779356694631609e-28,0.00042208301601931453,0.0014364999951794744
2,32,0,10,2,0,0.40000000000000002,0.69999999999999996,0.20000000000000004,0.31250000000000006,0,quintic,4,1,0,5,fe_geometry,2.040150396252759e-05,1.7347234759768071e-18,2.8421709430404007e-14,8.0779356694631609e-28,0.00042208301601931453,0.0014364999951794744
2,32,0,10,2,0,0.40000000000000002,0.69999999999999996,0.20000000000000004,0.31250000000000006,0,quintic,3,2,0,5,recursive,3.1441348794847257e-07,1.7347234759768071e-18,2.8421709430404007e-14,8.0779356694631609e-28,0.00042208301601931453,0.0014364999951794744
2,32,0,10,2,0,0.40000000000000002,0.69999999999999996,0.20000000000000004,0.31250000000000006,0,quintic,3,2,0,5,direct,3.5477231274217098e-06,1.7347234759768071e-18,2.8421709430404007e-14,8.0779356694631609e-28,0.00042208301601931453,0.0014364999951794744
2,32,0,10,2,0,0.40000000000000002,0.69999999999999996,0.20000000000000004,0.31250000000000006,0,quintic,3,2,0,5,fe_geometry,8.6985339361001846e-06,1.7347234759768071e-18,2.8421709430404007e-14,8.0779356694631609e-28,0.00042208301601931453,0.0014364999951794744
2,32,0,10,2,0,0.40000000000000002,0.69999999999999996,0.20000000000000004,0.31250000000000006,0,quintic,2,3,0,5,recursive,-2.6555132730097237e-05,1.7347234759768071e-18,2.8421709430404007e-14,8.0779356694631609e-28,0.00042208301601931453,0.0014364999951794744
2,32,0,10,2,0,0.40000000000000002,0.69999999999999996,0.20000000000000004,0.31250000000000006,0,quintic,2,3,0,5,direct,-3.1594084912812827e-05,1.7347234759768071e-18,2.8421709430404007e-14,8.0779356694631609e-28,0.00042208301601931453,0.0014364999951794744
2,32,0,10,2,0,0.40000000000000002,0.69999999999999996,0.20000000000000004,0.31250000000000006,0,quintic,2,3,0,5,fe_geometry,-3.6130749736427287e-05,1.7347234759768071e-18,2.8421709430404007e-14,8.0779356694631609e-28,0.00042208301601931453,0.0014364999951794744
2,32,0,10,2,0,0.40000000000000002,0.69999999999999996,0.20000000000000004,0.31250000000000006,0,quintic,1,4,0,5,recursive,1.4514098162776561e-06,1.7347234759768071e-18,2.8421709430404007e-14,8.0779356694631609e-28,0.00042208301601931453,0.0014364999951794744
2,32,0,10,2,0,0.40000000000000002,0.69999999999999996,0.20000000000000004,0.31250000000000006,0,quintic,1,4,0,5,direct,-7.3281449824889897e-06,1.7347234759768071e-18,2.8421709430404007e-14,8.0779356694631609e-28,0.00042208301601931453,0.0014364999951794744
2,32,0,10,2,0,0.40000000000000002,0.69999999999999996,0.20000000000000004,0.31250000000000006,0,quintic,1,4,0,5,fe_geometry,-1.16406768127764e-05,1.7347234759768071e-18,2.8421709430404007e-14,8.0779356694631609e-28,0.00042208301601931453,0.0014364999951794744
2,32,0,10,2,0,0.40000000000000002,0.69999999999999996,0.20000000000000004,0.31250000000000006,0,quintic,0,5,0,5,recursive,119.9999876329134,1.7347234759768071e-18,2.8421709430404007e-14,8.0779356694631609e-28,0.00042208301601931453,0.0014364999951794744
2,32,0,10,2,0,0.40000000000000002,0.69999999999999996,0.20000000000000004,0.31250000000000006,0,quintic,0,5,0,5,direct,120.00000152055225,1.7347234759768071e-18,2.8421709430404007e-14,8.0779356694631609e-28,0.00042208301601931453,0.0014364999951794744
2,32,0,10,2,0,0.40000000000000002,0.69999999999999996,0.20000000000000004,0.31250000000000006,0,quintic,0,5,0,5,fe_geometry,120.00000208821857,1.7347234759768071e-18,2.8421709430404007e-14,8.0779356694631609e-28,0.00042208301601931453,0.0014364999951794744
2,32,0,10,2,0,0.40000000000000002,0.69999999999999996,0.20000000000000004,0.31250000000000006,0,quintic,6,0,0,6,recursive,-0.00055722064503633813,1.7347234759768071e-18,2.8421709430404007e-14,8.0779356694631609e-28,0.00042208301601931453,0.0014364999951794744
2,32,0,10,2,0,0.40000000000000002,0.69999999999999996,0.20000000000000004,0.31250000000000006,0,quintic,6,0,0,6,direct,0,1.7347234759768071e-18,2.8421709430404007e-14,8.0779356694631609e-28,0.00042208301601931453,0.0014364999951794744
2,32,0,10,2,0,0.40000000000000002,0.69999999999999996,0.20000000000000004,0.31250000000000006,0,quintic,6,0,0,6,fe_geometry,1.557769829439329e-05,1.7347234759768071e-18,2.8421709430404007e-14,8.0779356694631609e-28,0.00042208301601931453,0.0014364999951794744
2,32,0,10,2,0,0.40000000000000002,0.69999999999999996,0.20000000000000004,0.31250000000000006,0,quintic,5,1,0,6,recursive,-0.0047630605587098938,1.7347234759768071e-18,2.8421709430404007e-14,8.0779356694631609e-28,0.00042208301601931453,0.0014364999951794744
2,32,0,10,2,0,0.40000000000000002,0.69999999999999996,0.20000000000000004,0.31250000000000006,0,quintic,5,1,0,6,direct,-0.001220616224262369,1.7347234759768071e-18,2.8421709430404007e-14,8.0779356694631609e-28,0.00042208301601931453,0.0014364999951794744
2,32,0,10,2,0,0.40000000000000002,0.69999999999999996,0.20000000000000004,0.31250000000000006,0,quintic,5,1,0,6,fe_geometry,-0.0012009475982420921,1.7347234759768071e-18,2.8421709430404007e-14,8.0779356694631609e-28,0.00042208301601931453,0.0014364999951794744
2,32,0,10,2,0,0.40000000000000002,0.69999999999999996,0.20000000000000004,0.31250000000000006,0,quintic,4,2,0,6,recursive,-0.00098370149691098308,1.7347234759768071e-18,2.8421709430404007e-14,8.0779356694631609e-28,0.00042208301601931453,0.0014364999951794744
2,32,0,10,2,0,0.40000000000000002,0.69999999999999996,0.20000000000000004,0.31250000000000006,0,quintic,4,2,0,6,direct,-0.00040796731468755864,1.7347234759768071e-18,2.8421709430404007e-14,8.0779356694631609e-28,0.00042208301601931453,0.0014364999951794744
2,32,0,10,2,0,0.40000000000000002,0.69999999999999996,0.20000000000000004,0.31250000000000006,0,quintic,4,2,0,6,fe_geometry,-0.00065882212714029774,1.7347234759768071e-18,2.8421709430404007e-14,8.0779356694631609e-28,0.00042208301601931453,0.0014364999951794744
2,32,0,10,2,0,0.40000000000000002,0.69999999999999996,0.20000000000000004,0.31250000000000006,0,quintic,3,3,0,6,recursive,0.006125498998286601,1.7347234759768071e-18,2.8421709430404007e-14,8.0779356694631609e-28,0.00042208301601931453,0.0014364999951794744
2,32,0,10,2,0,0.40000000000000002,0.69999999999999996,0.20000000000000004,0.31250000000000006,0,quintic,3,3,0,6,direct,0.0066813932273484524,1.7347234759768071e-18,2.8421709430404007e-14,8.0779356694631609e-28,0.00042208301601931453,0.0014364999951794744
2,32,0,10,2,0,0.40000000000000002,0.69999999999999996,0.20000000000000004,0.31250000000000006,0,quintic,3,3,0,6,fe_geometry,0.007313916866916949,1.7347234759768071e-18,2.8421709430404007e-14,8.0779356694631609e-28,0.00042208301601931453,0.0014364999951794744
2,32,0,10,2,0,0.40000000000000002,0.69999999999999996,0.20000000000000004,0.31250000000000006,0,quintic,2,4,0,6,recursive,0.0010894843722516452,1.7347234759768071e-18,2.8421709430404007e-14,8.0779356694631609e-28,0.00042208301601931453,0.0014364999951794744
2,32,0,10,2,0,0.40000000000000002,0.69999999999999996,0.20000000000000004,0.31250000000000006,0,quintic,2,4,0,6,direct,0.0019012650502379979,1.7347234759768071e-18,2.8421709430404007e-14,8.0779356694631609e-28,0.00042208301601931453,0.0014364999951794744
2,32,0,10,2,0,0.40000000000000002,0.69999999999999996,0.20000000000000004,0.31250000000000006,0,quintic,2,4,0,6,fe_geometry,0.0032907015031062854,1.7347234759768071e-18,2.8421709430404007e-14,8.0779356694631609e-28,0.00042208301601931453,0.0014364999951794744
2,32,0,10,2,0,0.40000000000000002,0.69999999999999996,0.20000000000000004,0.31250000000000006,0,quintic,1,5,0,6,recursive,-0.0036065821391036237,1.7347234759768071e-18,2.8421709430404007e-14,8.0779356694631609e-28,0.00042208301601931453,0.0014364999951794744
2,32,0,10,2,0,0.40000000000000002,0.69999999999999996,0.20000000000000004,0.31250000000000006,0,quintic,1,5,0,6,direct,0.00054630038605318941,1.7347234759768071e-18,2.8421709430404007e-14,8.0779356694631609e-28,0.00042208301601931453,0.0014364999951794744
2,32,0,10,2,0,0.40000000000000002,0.69999999999999996,0.20000000000000004,0.31250000000000006,0,quintic,1,5,0,6,fe_geometry,0.00035726340305613065,1.7347234759768071e-18,2.8421709430404007e-14,8.0779356694631609e-28,0.00042208301601931453,0.0014364999951794744
2,32,0,10,2,0,0.40000000000000002,0.69999999999999996,0.20000000000000004,0.31250000000000006,0,quintic,0,6,0,6,recursive,0.0037347255542211108,1.7347234759768071e-18,2.8421709430404007e-14,8.0779356694631609e-28,0.00042208301601931453,0.0014364999951794744
2,32,0,10,2,0,0.40000000000000002,0.69999999999999996,0.20000000000000004,0.31250000000000006,0,quintic,0,6,0,6,direct,0,1.7347234759768071e-18,2.8421709430404007e-14,8.0779356694631609e-28,0.00042208301601931453,0.0014364999951794744
2,32,0,10,2,0,0.40000000000000002,0.69999999999999996,0.20000000000000004,0.31250000000000006,0,quintic,0,6,0,6,fe_geometry,1.2466702582583123e-05,1.7347234759768071e-18,2.8421709430404007e-14,8.0779356694631609e-28,0.00042208301601931453,0.0014364999951794744
2,32,0,10,2,0,0.40000000000000002,0.69999999999999996,0.20000000000000004,0.31250000000000006,0,quintic,7,0,0,7,recursive,-0.0047357431166898719,1.7347234759768071e-18,2.8421709430404007e-14,8.0779356694631609e-28,0.00042208301601931453,0.0014364999951794744
2,32,0,10,2,0,0.40000000000000002,0.69999999999999996,0.20000000000000004,0.31250000000000006,0,quintic,7,0,0,7,direct,0,1.7347234759768071e-18,2.8421709430404007e-14,8.0779356694631609e-28,0.00042208301601931453,0.0014364999951794744
2,32,0,10,2,0,0.40000000000000002,0.69999999999999996,0.20000000000000004,0.31250000000000006,0,quintic,7,0,0,7,fe_geometry,0.00019656216876085014,1.7347234759768071e-18,2.8421709430404007e-14,8.0779356694631609e-28,0.00042208301601931453,0.0014364999951794744
2,32,0,10,2,0,0.40000000000000002,0.69999999999999996,0.20000000000000004,0.31250000000000006,0,quintic,6,1,0,7,recursive,0.31952365660607779,1.7347234759768071e-18,2.8421709430404007e-14,8.0779356694631609e-28,0.00042208301601931453,0.0014364999951794744
2,32,0,10,2,0,0.40000000000000002,0.69999999999999996,0.20000000000000004,0.31250000000000006,0,quintic,6,1,0,7,direct,0,1.7347234759768071e-18,2.8421709430404007e-14,8.0779356694631609e-28,0.00042208301601931453,0.0014364999951794744
2,32,0,10,2,0,0.40000000000000002,0.69999999999999996,0.20000000000000004,0.31250000000000006,0,quintic,6,1,0,7,fe_geometry,0.00033589700221387713,1.7347234759768071e-18,2.8421709430404007e-14,8.0779356694631609e-28,0.00042208301601931453,0.0014364999951794744
2,32,0,10,2,0,0.40000000000000002,0.69999999999999996,0.20000000000000004,0.31250000000000006,0,quintic,5,2,0,7,recursive,0.17123483550878005,1.7347234759768071e-18,2.8421709430404007e-14,8.0779356694631609e-28,0.00042208301601931453,0.0014364999951794744
2,32,0,10,2,0,0.40000000000000002,0.69999999999999996,0.20000000000000004,0.31250000000000006,0,quintic,5,2,0,7,direct,0.011006105145514061,1.7347234759768071e-18,2.8421709430404007e-14,8.0779356694631609e-28,0.00042208301601931453,0.0014364999951794744
2,32,0,10,2,0,0.40000000000000002,0.69999999999999996,0.20000000000000004,0.31250000000000006,0,quintic,5,2,0,7,fe_geometry,0.0043433754775796139,1.7347234759768071e-18,2.8421709430404007e-14,8.0779356694631609e-28,0.00042208301601931453,0.0014364999951794744
2,32,0,10,2,0,0.40000000000000002,0.69999999999999996,0.20000000000000004,0.31250000000000006,0,quintic,4,3,0,7,recursive,-1.1882728532650877,1.7347234759768071e-18,2.8421709430404007e-14,8.0779356694631609e-28,0.00042208301601931453,0.0014364999951794744
2,32,0,10,2,0,0.40000000000000002,0.69999999999999996,0.20000000000000004,0.31250000000000006,0,quintic,4,3,0,7,direct,-0.83791428089082232,1.7347234759768071e-18,2.8421709430404007e-14,8.0779356694631609e-28,0.00042208301601931453,0.0014364999951794744
2,32,0,10,2,0,0.40000000000000002,0.69999999999999996,0.20000000000000004,0.31250000000000006,0,quintic,4,3,0,7,fe_geometry,-0.87308633525153334,1.7347234759768071e-18,2.8421709430404007e-14,8.0779356694631609e-28,0.00042208301601931453,0.0014364999951794744
2,32,0,10,2,0,0.40000000000000002,0.69999999999999996,0.20000000000000004,0.31250000000000006,0,quintic,3,4,0,7,recursive,-0.87070489951488383,1.7347234759768071e-18,2.8421709430404007e-14,8.0779356694631609e-28,0.00042208301601931453,0.0014364999951794744
2,32,0,10,2,0,0.40000000000000002,0.69999999999999996,0.20000000000000004,0.31250000000000006,0,quintic,3,4,0,7,direct,-0.43657582976371051,1.7347234759768071e-18,2.8421709430404007e-14,8.0779356694631609e-28,0.00042208301601931453,0.0014364999951794744
2,32,0,10,2,0,0.40000000000000002,0.69999999999999996,0.20000000000000004,0.31250000000000006,0,quintic,3,4,0,7,fe_geometry,-0.64699531598877413,1.7347234759768071e-18,2.8421709430404007e-14,8.0779356694631609e-28,0.00042208301601931453,0.0014364999951794744
2,32,0,10,2,0,0.40000000000000002,0.69999999999999996,0.20000000000000004,0.31250000000000006,0,quintic,2,5,0,7,recursive,0.73271318680445618,1.7347234759768071e-18,2.8421709430404007e-14,8.0779356694631609e-28,0.00042208301601931453,0.0014364999951794744
2,32,0,10,2,0,0.40000000000000002,0.69999999999999996,0.20000000000000004,0.31250000000000006,0,quintic,2,5,0,7,direct,0.43436118625849501,1.7347234759768071e-18,2.8421709430404007e-14,8.0779356694631609e-28,0.00042208301601931453,0.0014364999951794744
2,32,0,10,2,0,0.40000000000000002,0.69999999999999996,0.20000000000000004,0.31250000000000006,0,quintic,2,5,0,7,fe_geometry,0.49517299732606262,1.7347234759768071e-18,2.8421709430404007e-14,8.0779356694631609e-28,0.00042208301601931453,0.0014364999951794744
2,32,0,10,2,0,0.40000000000000002,0.69999999999999996,0.20000000000000004,0.31250000000000006,0,quintic,1,6,0,7,recursive,0.020409270677452213,1.7347234759768071e-18,2.8421709430404007e-14,8.0779356694631609e-28,0.00042208301601931453,0.0014364999951794744
2,32,0,10,2,0,0.40000000000000002,0.69999999999999996,0.20000000000000004,0.31250000000000006,0,quintic,1,6,0,7,direct,0,1.7347234759768071e-18,2.8421709430404007e-14,8.0779356694631609e-28,0.00042208301601931453,0.0014364999951794744
2,32,0,10,2,0,0.40000000000000002,0.69999999999999996,0.20000000000000004,0.31250000000000006,0,quintic,1,6,0,7,fe_geometry,-0.004285474746118431,1.7347234759768071e-18,2.8421709430404007e-14,8.0779356694631609e-28,0.00042208301601931453,0.0014364999951794744
2,32,0,10,2,0,0.40000000000000002,0.69999999999999996,0.20000000000000004,0.31250000000000006,0,quintic,0,7,0,7,recursive,0.032056081302890581,1.7347234759768071e-18,2.8421709430404007e-14,8.0779356694631609e-28,0.00042208301601931453,0.0014364999951794744
2,32,0,10,2,0,0.40000000000000002,0.69999999999999996,0.20000000000000004,0.31250000000000006,0,quintic,0,7,0,7,direct,0,1.7347234759768071e-18,2.8421709430404007e-14,8.0779356694631609e-28,0.00042208301601931453,0.0014364999951794744
2,32,0,10,2,0,0.40000000000000002,0.69999999999999996,0.20000000000000004,0.31250000000000006,0,quintic,0,7,0,7,fe_geometry,0.00016755680683948581,1.7347234759768071e-18,2.8421709430404007e-14,8.0779356694631609e-28,0.00042208301601931453,0.0014364999951794744
2,32,0,10,2,0,0.40000000000000002,0.69999999999999996,0.20000000000000004,0.31250000000000006,0,quintic,8,0,0,8,recursive,-0.034926346232640799,1.7347234759768071e-18,2.8421709430404007e-14,8.0779356694631609e-28,0.00042208301601931453,0.0014364999951794744
2,32,0,10,2,0,0.40000000000000002,0.69999999999999996,0.20000000000000004,0.31250000000000006,0,quintic,8,0,0,8,direct,0,1.7347234759768071e-18,2.8421709430404007e-14,8.0779356694631609e-28,0.00042208301601931453,0.0014364999951794744
2,32,0,10,2,0,0.40000000000000002,0.69999999999999996,0.20000000000000004,0.31250000000000006,0,quintic,8,0,0,8,fe_geometry,0.0021675338060976909,1.7347234759768071e-18,2.8421709430404007e-14,8.0779356694631609e-28,0.00042208301601931453,0.0014364999951794744
2,32,0,10,2,0,0.40000000000000002,0.69999999999999996,0.20000000000000004,0.31250000000000006,0,quintic,7,1,0,8,recursive,2.0692844148163414,1.7347234759768071e-18,2.8421709430404007e-14,8.0779356694631609e-28,0.00042208301601931453,0.0014364999951794744
2,32,0,10,2,0,0.40000000000000002,0.69999999999999996,0.20000000000000004,0.31250000000000006,0,quintic,7,1,0,8,direct,0,1.7347234759768071e-18,2.8421709430404007e-14,8.0779356694631609e-28,0.00042208301601931453,0.0014364999951794744
2,32,0,10,2,0,0.40000000000000002,0.69999999999999996,0.20000000000000004,0.31250000000000006,0,quintic,7,1,0,8,fe_geometry,0.0045840040414818354,1.7347234759768071e-18,2.8421709430404007e-14,8.0779356694631609e-28,0.00042208301601931453,0.0014364999951794744
2,32,0,10,2,0,0.40000000000000002,0.69999999999999996,0.20000000000000004,0.31250000000000006,0,quintic,6,2,0,8,recursive,-9.6538125385833045,1.7347234759768071e-18,2.8421709430404007e-14,8.0779356694631609e-28,0.00042208301601931453,0.0014364999951794744
2,32,0,10,2,0,0.40000000000000002,0.69999999999999996,0.20000000000000004,0.31250000000000006,0,quintic,6,2,0,8,direct,0,1.7347234759768071e-18,2.8421709430404007e-14,8.0779356694631609e-28,0.00042208301601931453,0.0014364999951794744
2,32,0,10,2,0,0.40000000000000002,0.69999999999999996,0.20000000000000004,0.31250000000000006,0,quintic,6,2,0,8,fe_geometry,-0.12670698945453476,1.7347234759768071e-18,2.8421709430404007e-14,8.0779356694631609e-28,0.00042208301601931453,0.0014364999951794744
2,32,0,10,2,0,0.40000000000000002,0.69999999999999996,0.20000000000000004,0.31250000000000006,0,quintic,5,3,0,8,recursive,177.93493388980477,1.7347234759768071e-18,2.8421709430404007e-14,8.0779356694631609e-28,0.00042208301601931453,0.0014364999951794744
2,32,0,10,2,0,0.40000000000000002,0.69999999999999996,0.20000000000000004,0.31250000000000006,0,quintic,5,3,0,8,direct,51.511209718894946,1.7347234759768071e-18,2.8421709430404007e-14,8.0779356694631609e-28,0.00042208301601931453,0.0014364999951794744
2,32,0,10,2,0,0.40000000000000002,0.69999999999999996,0.20000000000000004,0.31250000000000006,0,quintic,5,3,0,8,fe_geometry,50.609536835952277,1.7347234759768071e-18,2.8421709430404007e-14,8.0779356694631609e-28,0.00042208301601931453,0.0014364999951794744
2,32,0,10,2,0,0.40000000000000002,0.69999999999999996,0.20000000000000004,0.31250000000000006,0,quintic,4,4,0,8,recursive,257.29291091497481,1.7347234759768071e-18,2.8421709430404007e-14,8.0779356694631609e-28,0.00042208301601931453,0.0014364999951794744
2,32,0,10,2,0,0.40000000000000002,0.69999999999999996,0.20000000000000004,0.31250000000000006,0,quintic,4,4,0,8,direct,55.974361531448345,1.7347234759768071e-18,2.8421709430404007e-14,8.0779356694631609e-28,0.00042208301601931453,0.0014364999951794744
2,32,0,10,2,0,0.40000000000000002,0.69999999999999996,0.20000000000000004,0.31250000000000006,0,quintic,4,4,0,8,fe_geometry,67.406043490034406,1.7347234759768071e-18,2.8421709430404007e-14,8.0779356694631609e-28,0.00042208301601931453,0.0014364999951794744
2,32,0,10,2,0,0.40000000000000002,0.69999999999999996,0.20000000000000004,0.31250000000000006,0,quintic,3,5,0,8,recursive,-46.996372776581481,1.7347234759768071e-18,2.8421709430404007e-14,8.0779356694631609e-28,0.00042208301601931453,0.0014364999951794744
2,32,0,10,2,0,0.40000000000000002,0.69999999999999996,0.20000000000000004,0.31250000000000006,0,quintic,3,5,0,8,direct,-115.56274088287357,1.7347234759768071e-18,2.8421709430404007e-14,8.0779356694631609e-28,0.00042208301601931453,0.0014364999951794744
2,32,0,10,2,0,0.40000000000000002,0.69999999999999996,0.20000000000000004,0.31250000000000006,0,quintic,3,5,0,8,fe_geometry,-125.03188691067682,1.7347234759768071e-18,2.8421709430404007e-14,8.0779356694631609e-28,0.00042208301601931453,0.0014364999951794744
2,32,0,10,2,0,0.40000000000000002,0.69999999999999996,0.20000000000000004,0.31250000000000006,0,quintic,2,6,0,8,recursive,0.14863393077000805,1.7347234759768071e-18,2.8421709430404007e-14,8.0779356694631609e-28,0.00042208301601931453,0.0014364999951794744
2,32,0,10,2,0,0.40000000000000002,0.69999999999999996,0.20000000000000004,0.31250000000000006,0,quintic,2,6,0,8,direct,0,1.7347234759768071e-18,2.8421709430404007e-14,8.0779356694631609e-28,0.00042208301601931453,0.0014364999951794744
2,32,0,10,2,0,0.40000000000000002,0.69999999999999996,0.20000000000000004,0.31250000000000006,0,quintic,2,6,0,8,fe_geometry,1.3840526799842392,1.7347234759768071e-18,2.8421709430404007e-14,8.0779356694631609e-28,0.00042208301601931453,0.0014364999951794744
2,32,0,10,2,0,0.40000000000000002,0.69999999999999996,0.20000000000000004,0.31250000000000006,0,quintic,1,7,0,8,recursive,0.10871622451982386,1.7347234759768071e-18,2.8421709430404007e-14,8.0779356694631609e-28,0.00042208301601931453,0.0014364999951794744
2,32,0,10,2,0,0.40000000000000002,0.69999999999999996,0.20000000000000004,0.31250000000000006,0,quintic,1,7,0,8,direct,0,1.7347234759768071e-18,2.8421709430404007e-14,8.0779356694631609e-28,0.00042208301601931453,0.0014364999951794744
2,32,0,10,2,0,0.40000000000000002,0.69999999999999996,0.20000000000000004,0.31250000000000006,0,quintic,1,7,0,8,fe_geometry,-0.058805273695560656,1.7347234759768071e-18,2.8421709430404007e-14,8.0779356694631609e-28,0.00042208301601931453,0.0014364999951794744
2,32,0,10,2,0,0.40000000000000002,0.69999999999999996,0.20000000000000004,0.31250000000000006,0,quintic,0,8,0,8,recursive,0.30714996157221292,1.7347234759768071e-18,2.8421709430404007e-14,8.0779356694631609e-28,0.00042208301601931453,0.0014364999951794744
2,32,0,10,2,0,0.40000000000000002,0.69999999999999996,0.20000000000000004,0.31250000000000006,0,quintic,0,8,0,8,direct,0,1.7347234759768071e-18,2.8421709430404007e-14,8.0779356694631609e-28,0.00042208301601931453,0.0014364999951794744
2,32,0,10,2,0,0.40000000000000002,0.69999999999999996,0.20000000000000004,0.31250000000000006,0,quintic,0,8,0,8,fe_geometry,0.0010727666929741871,1.7347234759768071e-18,2.8421709430404007e-14,8.0779356694631609e-28,0.00042208301601931453,0.0014364999951794744
2,32,0,10,2,0,0.40000000000000002,0.69999999999999996,0.20000000000000004,0.31250000000000006,0,quintic,9,0,0,9,recursive,-0.21795548625391334,1.7347234759768071e-18,2.8421709430404007e-14,8.0779356694631609e-28,0.00042208301601931453,0.0014364999951794744
2,32,0,10,2,0,0.40000000000000002,0.69999999999999996,0.20000000000000004,0.31250000000000006,0,quintic,9,0,0,9,direct,0,1.7347234759768071e-18,2.8421709430404007e-14,8.0779356694631609e-28,0.00042208301601931453,0.0014364999951794744
2,32,0,10,2,0,0.40000000000000002,0.69999999999999996,0.20000000000000004,0.31250000000000006,0,quintic,9,0,0,9,fe_geometry,-6.8779543944191988e-08,1.7347234759768071e-18,2.8421709430404007e-14,8.0779356694631609e-28,0.00042208301601931453,0.0014364999951794744
2,32,0,10,2,0,0.40000000000000002,0.69999999999999996,0.20000000000000004,0.31250000000000006,0,quintic,8,1,0,9,recursive,13.453381882231417,1.7347234759768071e-18,2.8421709430404007e-14,8.0779356694631609e-28,0.00042208301601931453,0.0014364999951794744
2,32,0,10,2,0,0.40000000000000002,0.69999999999999996,0.20000000000000004,0.31250000000000006,0,quintic,8,1,0,9,direct,0,1.7347234759768071e-18,2.8421709430404007e-14,8.0779356694631609e-28,0.00042208301601931453,0.0014364999951794744
2,32,0,10,2,0,0.40000000000000002,0.69999999999999996,0.20000000000000004,0.31250000000000006,0,quintic,8,1,0,9,fe_geometry,0.049696553122965233,1.7347234759768071e-18,2.8421709430404007e-14,8.0779356694631609e-28,0.00042208301601931453,0.0014364999951794744
2,32,0,10,2,0,0.40000000000000002,0.69999999999999996,0.20000000000000004,0.31250000000000006,0,quintic,7,2,0,9,recursive,-100.14391571195955,1.7347234759768071e-18,2.8421709430404007e-14,8.0779356694631609e-28,0.00042208301601931453,0.0014364999951794744
2,32,0,10,2,0,0.40000000000000002,0.69999999999999996,0.20000000000000004,0.31250000000000006,0,quintic,7,2,0,9,direct,0,1.7347234759768071e-18,2.8421709430404007e-14,8.0779356694631609e-28,0.00042208301601931453,0.0014364999951794744
2,32,0,10,2,0,0.40000000000000002,0.69999999999999996,0.20000000000000004,0.31250000000000006,0,quintic,7,2,0,9,fe_geometry,-1.5842930743944705,1.7347234759768071e-18,2.8421709430404007e-14,8.0779356694631609e-28,0.00042208301601931453,0.0014364999951794744
2,32,0,10,2,0,0.40000000000000002,0.69999999999999996,0.20000000000000004,0.31250000000000006,0,quintic,6,3,0,9,recursive,-13217.094728809734,1.7347234759768071e-18,2.8421709430404007e-14,8.0779356694631609e-28,0.00042208301601931453,0.0014364999951794744
2,32,0,10,2,0,0.40000000000000002,0.69999999999999996,0.20000000000000004,0.31250000000000006,0,quintic,6,3,0,9,direct,0,1.7347234759768071e-18,2.8421709430404007e-14,8.0779356694631609e-28,0.00042208301601931453,0.0014364999951794744
2,32,0,10,2,0,0.40000000000000002,0.69999999999999996,0.20000000000000004,0.31250000000000006,0,quintic,6,3,0,9,fe_geometry,-16.494475260457399,1.7347234759768071e-18,2.8421709430404007e-14,8.0779356694631609e-28,0.00042208301601931453,0.0014364999951794744
2,32,0,10,2,0,0.40000000000000002,0.69999999999999996,0.20000000000000004,0.31250000000000006,0,quintic,5,4,0,9,recursive,-36681.540387987814,1.7347234759768071e-18,2.8421709430404007e-14,8.0779356694631609e-28,0.00042208301601931453,0.0014364999951794744
2,32,0,10,2,0,0.40000000000000002,0.69999999999999996,0.20000000000000004,0.31250000000000006,0,quintic,5,4,0,9,direct,-2890.1315006103514,1.7347234759768071e-18,2.8421709430404007e-14,8.0779356694631609e-28,0.00042208301601931453,0.0014364999951794744
2,32,0,10,2,0,0.40000000000000002,0.69999999999999996,0.20000000000000004,0.31250000000000006,0,quintic,5,4,0,9,fe_geometry,-2556.0578640239855,1.7347234759768071e-18,2.8421709430404007e-14,8.0779356694631609e-28,0.00042208301601931453,0.0014364999951794744
2,32,0,10,2,0,0.40000000000000002,0.69999999999999996,0.20000000000000004,0.31250000000000006,0,quintic,4,5,0,9,recursive,-5528.0752344859357,1.7347234759768071e-18,2.8421709430404007e-14,8.0779356694631609e-28,0.00042208301601931453,0.0014364999951794744
2,32,0,10,2,0,0.40000000000000002,0.69999999999999996,0.20000000000000004,0.31250000000000006,0,quintic,4,5,0,9,direct,15802.078938354496,1.7347234759768071e-18,2.8421709430404007e-14,8.0779356694631609e-28,0.00042208301601931453,0.0014364999951794744
2,32,0,10,2,0,0.40000000000000002,0.69999999999999996,0.20000000000000004,0.31250000000000006,0,quintic,4,5,0,9,fe_geometry,16392.655094079077,1.7347234759768071e-18,2.8421709430404007e-14,8.0779356694631609e-28,0.00042208301601931453,0.0014364999951794744
2,32,0,10,2,0,0.40000000000000002,0.69999999999999996,0.20000000000000004,0.31250000000000006,0,quintic,3,6,0,9,recursive,1.1579775384764948,1.7347234759768071e-18,2.8421709430404007e-14,8.0779356694631609e-28,0.00042208301601931453,0.0014364999951794744
2,32,0,10,2,0,0.40000000000000002,0.69999999999999996,0.20000000000000004,0.31250000000000006,0,quintic,3,6,0,9,direct,0,1.7347234759768071e-18,2.8421709430404007e-14,8.0779356694631609e-28,0.00042208301601931453,0.0014364999951794744
2,32,0,10,2,0,0.40000000000000002,0.69999999999999996,0.20000000000000004,0.31250000000000006,0,quintic,3,6,0,9,fe_geometry,-217.9842670258663,1.7347234759768071e-18,2.8421709430404007e-14,8.0779356694631609e-28,0.00042208301601931453,0.0014364999951794744
2,32,0,10,2,0,0.40000000000000002,0.69999999999999996,0.20000000000000004,0.31250000000000006,0,quintic,2,7,0,9,recursive,0.3967724698785936,1.7347234759768071e-18,2.8421709430404007e-14,8.0779356694631609e-28,0.00042208301601931453,0.0014364999951794744
2,32,0,10,2,0,0.40000000000000002,0.69999999999999996,0.20000000000000004,0.31250000000000006,0,quintic,2,7,0,9,direct,0,1.7347234759768071e-18,2.8421709430404007e-14,8.0779356694631609e-28,0.00042208301601931453,0.0014364999951794744
2,32,0,10,2,0,0.40000000000000002,0.69999999999999996,0.20000000000000004,0.31250000000000006,0,quintic,2,7,0,9,fe_geometry,19.032642321620187,1.7347234759768071e-18,2.8421709430404007e-14,8.0779356694631609e-28,0.00042208301601931453,0.0014364999951794744
2,32,0,10,2,0,0.40000000000000002,0.69999999999999996,0.20000000000000004,0.31250000000000006,0,quintic,1,8,0,9,recursive,0.31132955292555414,1.7347234759768071e-18,2.8421709430404007e-14,8.0779356694631609e-28,0.00042208301601931453,0.0014364999951794744
2,32,0,10,2,0,0.40000000000000002,0.69999999999999996,0.20000000000000004,0.31250000000000006,0,quintic,1,8,0,9,direct,0,1.7347234759768071e-18,2.8421709430404007e-14,8.0779356694631609e-28,0.00042208301601931453,0.0014364999951794744
2,32,0,10,2,0,0.40000000000000002,0.69999999999999996,0.20000000000000004,0.31250000000000006,0,quintic,1,8,0,9,fe_geometry,-0.37912113303141509,1.7347234759768071e-18,2.8421709430404007e-14,8.0779356694631609e-28,0.00042208301601931453,0.0014364999951794744
2,32,0,10,2,0,0.40000000000000002,0.69999999999999996,0.20000000000000004,0.31250000000000006,0,quintic,0,9,0,9,recursive,2.2361647445563961,1.7347234759768071e-18,2.8421709430404007e-14,8.0779356694631609e-28,0.00042208301601931453,0.0014364999951794744
2,32,0,10,2,0,0.40000000000000002,0.69999999999999996,0.20000000000000004,0.31250000000000006,0,quintic,0,9,0,9,direct,0,1.7347234759768071e-18,2.8421709430404007e-14,8.0779356694631609e-28,0.00042208301601931453,0.0014364999951794744
2,32,0,10,2,0,0.40000000000000002,0.69999999999999996,0.20000000000000004,0.31250000000000006,0,quintic,0,9,0,9,fe_geometry,4.9794112773075703e-09,1.7347234759768071e-18,2.8421709430404007e-14,8.0779356694631609e-28,0.00042208301601931453,0.0014364999951794744
2,32,0,10,2,0,0.40000000000000002,0.69999999999999996,0.20000000000000004,0.31250000000000006,0,quintic,10,0,0,10,recursive,-2.2625329629063891,1.7347234759768071e-18,2.8421709430404007e-14,8.0779356694631609e-28,0.00042208301601931453,0.0014364999951794744
2,32,0,10,2,0,0.40000000000000002,0.69999999999999996,0.20000000000000004,0.31250000000000006,0,quintic,10,0,0,10,direct,0,1.7347234759768071e-18,2.8421709430404007e-14,8.0779356694631609e-28,0.00042208301601931453,0.0014364999951794744
2,32,0,10,2,0,0.40000000000000002,0.69999999999999996,0.20000000000000004,0.31250000000000006,0,quintic,10,0,0,10,fe_geometry,3.3920570577915001e-08,1.7347234759768071e-18,2.8421709430404007e-14,8.0779356694631609e-28,0.00042208301601931453,0.0014364999951794744
2,32,0,10,2,0,0.40000000000000002,0.69999999999999996,0.20000000000000004,0.31250000000000006,0,quintic,9,1,0,10,recursive,94.50014785493893,1.7347234759768071e-18,2.8421709430404007e-14,8.0779356694631609e-28,0.00042208301601931453,0.0014364999951794744
2,32,0,10,2,0,0.40000000000000002,0.69999999999999996,0.20000000000000004,0.31250000000000006,0,quintic,9,1,0,10,direct,0,1.7347234759768071e-18,2.8421709430404007e-14,8.0779356694631609e-28,0.00042208301601931453,0.0014364999951794744
2,32,0,10,2,0,0.40000000000000002,0.69999999999999996,0.20000000000000004,0.31250000000000006,0,quintic,9,1,0,10,fe_geometry,-7.7361060575536516e-07,1.7347234759768071e-18,2.8421709430404007e-14,8.0779356694631609e-28,0.00042208301601931453,0.0014364999951794744
2,32,0,10,2,0,0.40000000000000002,0.69999999999999996,0.20000000000000004,0.31250000000000006,0,quintic,8,2,0,10,recursive,-1242.5709293673924,1.7347234759768071e-18,2.8421709430404007e-14,8.0779356694631609e-28,0.00042208301601931453,0.0014364999951794744
2,32,0,10,2,0,0.40000000000000002,0.69999999999999996,0.20000000000000004,0.31250000000000006,0,quintic,8,2,0,10,direct,0,1.7347234759768071e-18,2.8421709430404007e-14,8.0779356694631609e-28,0.00042208301601931453,0.0014364999951794744
2,32,0,10,2,0,0.40000000000000002,0.69999999999999996,0.20000000000000004,0.31250000000000006,0,quintic,8,2,0,10,fe_geometry,-17.308853304869363,1.7347234759768071e-18,2.8421709430404007e-14,8.0779356694631609e-28,0.00042208301601931453,0.0014364999951794744
2,32,0,10,2,0,0.40000000000000002,0.69999999999999996,0.20000000000000004,0.31250000000000006,0,quintic,7,3,0,10,recursive,-72285.345130169764,1.7347234759768071e-18,2.8421709430404007e-14,8.0779356694631609e-28,0.00042208301601931453,0.0014364999951794744
2,32,0,10,2,0,0.40000000000000002,0.69999999999999996,0.20000000000000004,0.31250000000000006,0,quintic,7,3,0,10,direct,0,1.7347234759768071e-18,2.8421709430404007e-14,8.0779356694631609e-28,0.00042208301601931453,0.0014364999951794744
2,32,0,10,2,0,0.40000000000000002,0.69999999999999996,0.20000000000000004,0.31250000000000006,0,quintic,7,3,0,10,fe_geometry,-274.70518273897272,1.7347234759768071e-18,2.8421709430404007e-14,8.0779356694631609e-28,0.00042208301601931453,0.0014364999951794744
2,32,0,10,2,0,0.40000000000000002,0.69999999999999996,0.20000000000000004,0.31250000000000006,0,quintic,6,4,0,10,recursive,2089782.7686181637,1.7347234759768071e-18,2.8421709430404007e-14,8.0779356694631609e-28,0.00042208301601931453,0.0014364999951794744
2,32,0,10,2,0,0.40000000000000002,0.69999999999999996,0.20000000000000004,0.31250000000000006,0,quintic,6,4,0,10,direct,0,1.7347234759768071e-18,2.8421709430404007e-14,8.0779356694631609e-28,0.00042208301601931453,0.0014364999951794744
2,32,0,10,2,0,0.40000000000000002,0.69999999999999996,0.20000000000000004,0.31250000000000006,0,quintic,6,4,0,10,fe_geometry,6506.7369474867428,1.7347234759768071e-18,2.8421709430404007e-14,8.0779356694631609e-28,0.00042208301601931453,0.0014364999951794744
2,32,0,10,2,0,0.40000000000000002,0.69999999999999996,0.20000000000000004,0.31250000000000006,0,quintic,5,5,0,10,recursive,-61782.141603567565,1.7347234759768071e-18,2.8421709430404007e-14,8.0779356694631609e-28,0.00042208301601931453,0.0014364999951794744
2,32,0,10,2,0,0.40000000000000002,0.69999999999999996,0.20000000000000004,0.31250000000000006,0,quintic,5,5,0,10,direct,-1062239.0044921876,1.7347234759768071e-18,2.8421709430404007e-14,8.0779356694631609e-28,0.00042208301601931453,0.0014364999951794744
2,32,0,10,2,0,0.40000000000000002,0.69999999999999996,0.20000000000000004,0.31250000000000006,0,quintic,5,5,0,10,fe_geometry,-1055759.4719665723,1.7347234759768071e-18,2.8421709430404007e-14,8.0779356694631609e-28,0.00042208301601931453,0.0014364999951794744
2,32,0,10,2,0,0.40000000000000002,0.69999999999999996,0.20000000000000004,0.31250000000000006,0,quintic,4,6,0,10,recursive,9.5645231469903269,1.7347234759768071e-18,2.8421709430404007e-14,8.0779356694631609e-28,0.00042208301601931453,0.0014364999951794744
2,32,0,10,2,0,0.40000000000000002,0.69999999999999996,0.20000000000000004,0.31250000000000006,0,quintic,4,6,0,10,direct,0,1.7347234759768071e-18,2.8421709430404007e-14,8.0779356694631609e-28,0.00042208301601931453,0.0014364999951794744
2,32,0,10,2,0,0.40000000000000002,0.69999999999999996,0.20000000000000004,0.31250000000000006,0,quintic,4,6,0,10,fe_geometry,14446.954431630655,1.7347234759768071e-18,2.8421709430404007e-14,8.0779356694631609e-28,0.00042208301601931453,0.0014364999951794744
2,32,0,10,2,0,0.40000000000000002,0.69999999999999996,0.20000000000000004,0.31250000000000006,0,quintic,3,7,0,10,recursive,-1.1801741711741065e-06,1.7347234759768071e-18,2.8421709430404007e-14,8.0779356694631609e-28,0.00042208301601931453,0.0014364999951794744
2,32,0,10,2,0,0.40000000000000002,0.69999999999999996,0.20000000000000004,0.31250000000000006,0,quintic,3,7,0,10,direct,0,1.7347234759768071e-18,2.8421709430404007e-14,8.0779356694631609e-28,0.00042208301601931453,0.0014364999951794744
2,32,0,10,2,0,0.40000000000000002,0.69999999999999996,0.20000000000000004,0.31250000000000006,0,quintic,3,7,0,10,fe_geometry,-2996.9935120718933,1.7347234759768071e-18,2.8421709430404007e-14,8.0779356694631609e-28,0.00042208301601931453,0.0014364999951794744
2,32,0,10,2,0,0.40000000000000002,0.69999999999999996,0.20000000000000004,0.31250000000000006,0,quintic,2,8,0,10,recursive,1.3261029938977125,1.7347234759768071e-18,2.8421709430404007e-14,8.0779356694631609e-28,0.00042208301601931453,0.0014364999951794744
2,32,0,10,2,0,0.40000000000000002,0.69999999999999996,0.20000000000000004,0.31250000000000006,0,quintic,2,8,0,10,direct,0,1.7347234759768071e-18,2.8421709430404007e-14,8.0779356694631609e-28,0.00042208301601931453,0.0014364999951794744
2,32,0,10,2,0,0.40000000000000002,0.69999999999999996,0.20000000000000004,0.31250000000000006,0,quintic,2,8,0,10,fe_geometry,122.59075906684738,1.7347234759768071e-18,2.8421709430404007e-14,8.0779356694631609e-28,0.00042208301601931453,0.0014364999951794744
2,32,0,10,2,0,0.40000000000000002,0.69999999999999996,0.20000000000000004,0.31250000000000006,0,quintic,1,9,0,10,recursive,2.7815524610204826e-07,1.7347234759768071e-18,2.8421709430404007e-14,8.0779356694631609e-28,0.00042208301601931453,0.0014364999951794744
2,32,0,10,2,0,0.40000000000000002,0.69999999999999996,0.20000000000000004,0.31250000000000006,0,quintic,1,9,0,10,direct,0,1.7347234759768071e-18,2.8421709430404007e-14,8.0779356694631609e-28,0.00042208301601931453,0.0014364999951794744
2,32,0,10,2,0,0.40000000000000002,0.69999999999999996,0.20000000000000004,0.31250000000000006,0,quintic,1,9,0,10,fe_geometry,4.8168165585163025e-06,1.7347234759768071e-18,2.8421709430404007e-14,8.0779356694631609e-28,0.00042208301601931453,0.0014364999951794744
2,32,0,10,2,0,0.40000000000000002,0.69999999999999996,0.20000000000000004,0.31250000000000006,0,quintic,0,10,0,10,recursive,12.815017924154938,1.7347234759768071e-18,2.8421709430404007e-14,8.0779356694631609e-28,0.00042208301601931453,0.0014364999951794744
2,32,0,10,2,0,0.40000000000000002,0.69999999999999996,0.20000000000000004,0.31250000000000006,0,quintic,0,10,0,10,direct,0,1.7347234759768071e-18,2.8421709430404007e-14,8.0779356694631609e-28,0.00042208301601931453,0.0014364999951794744
2,32,0,10,2,0,0.40000000000000002,0.69999999999999996,0.20000000000000004,0.31250000000000006,0,quintic,0,10,0,10,fe_geometry,-8.8661593893970956e-08,1.7347234759768071e-18,2.8421709430404007e-14,8.0779356694631609e-28,0.00042208301601931453,0.0014364999951794744
