dimension,n,curved,capacity,point,xi,eta,zeta,x,y,z,field,dx,dy,dz,order,method,value,input_error,geometry_residual,inverse_residual,initialization_seconds,evaluation_seconds
2,8,1,10,0,0.23000000000000001,0.31,0.37,0.35224640625000025,0.44850923437500034,0,constant,1,0,0,1,recursive,-8.7423429363134213e-15,6.6613381477509392e-16,1.1546319456101628e-14,2.2204460492503131e-16,0.00043275000643916428,0.00059112499002367258
2,8,1,10,0,0.23000000000000001,0.31,0.37,0.35224640625000025,0.44850923437500034,0,constant,1,0,0,1,direct,-3.3121110596545658e-14,6.6613381477509392e-16,1.1546319456101628e-14,2.2204460492503131e-16,0.00043275000643916428,0.00059112499002367258
2,8,1,10,0,0.23000000000000001,0.31,0.37,0.35224640625000025,0.44850923437500034,0,constant,1,0,0,1,fe_geometry,-3.3121110596547917e-14,6.6613381477509392e-16,1.1546319456101628e-14,2.2204460492503131e-16,0.00043275000643916428,0.00059112499002367258
2,8,1,10,0,0.23000000000000001,0.31,0.37,0.35224640625000025,0.44850923437500034,0,constant,0,1,0,1,recursive,-4.9710018735407258e-15,6.6613381477509392e-16,1.1546319456101628e-14,2.2204460492503131e-16,0.00043275000643916428,0.00059112499002367258
2,8,1,10,0,0.23000000000000001,0.31,0.37,0.35224640625000025,0.44850923437500034,0,constant,0,1,0,1,direct,-1.1373190411792276e-13,6.6613381477509392e-16,1.1546319456101628e-14,2.2204460492503131e-16,0.00043275000643916428,0.00059112499002367258
2,8,1,10,0,0.23000000000000001,0.31,0.37,0.35224640625000025,0.44850923437500034,0,constant,0,1,0,1,fe_geometry,-1.1373190411792052e-13,6.6613381477509392e-16,1.1546319456101628e-14,2.2204460492503131e-16,0.00043275000643916428,0.00059112499002367258
2,8,1,10,0,0.23000000000000001,0.31,0.37,0.35224640625000025,0.44850923437500034,0,constant,2,0,0,2,recursive,-1.8287137361159414e-12,6.6613381477509392e-16,1.1546319456101628e-14,2.2204460492503131e-16,0.00043275000643916428,0.00059112499002367258
2,8,1,10,0,0.23000000000000001,0.31,0.37,0.35224640625000025,0.44850923437500034,0,constant,2,0,0,2,direct,1.7891164257209587e-12,6.6613381477509392e-16,1.1546319456101628e-14,2.2204460492503131e-16,0.00043275000643916428,0.00059112499002367258
2,8,1,10,0,0.23000000000000001,0.31,0.37,0.35224640625000025,0.44850923437500034,0,constant,2,0,0,2,fe_geometry,1.7891164257209789e-12,6.6613381477509392e-16,1.1546319456101628e-14,2.2204460492503131e-16,0.00043275000643916428,0.00059112499002367258
2,8,1,10,0,0.23000000000000001,0.31,0.37,0.35224640625000025,0.44850923437500034,0,constant,1,1,0,2,recursive,4.9675095607192042e-13,6.6613381477509392e-16,1.1546319456101628e-14,2.2204460492503131e-16,0.00043275000643916428,0.00059112499002367258
2,8,1,10,0,0.23000000000000001,0.31,0.37,0.35224640625000025,0.44850923437500034,0,constant,1,1,0,2,direct,1.4592563769714958e-12,6.6613381477509392e-16,1.1546319456101628e-14,2.2204460492503131e-16,0.00043275000643916428,0.00059112499002367258
2,8,1,10,0,0.23000000000000001,0.31,0.37,0.35224640625000025,0.44850923437500034,0,constant,1,1,0,2,fe_geometry,1.459256376971496e-12,6.6613381477509392e-16,1.1546319456101628e-14,2.2204460492503131e-16,0.00043275000643916428,0.00059112499002367258
2,8,1,10,0,0.23000000000000001,0.31,0.37,0.35224640625000025,0.44850923437500034,0,constant,0,2,0,2,recursive,-3.2206610462862491e-13,6.6613381477509392e-16,1.1546319456101628e-14,2.2204460492503131e-16,0.00043275000643916428,0.00059112499002367258
2,8,1,10,0,0.23000000000000001,0.31,0.37,0.35224640625000025,0.44850923437500034,0,constant,0,2,0,2,direct,2.1565229365704904e-12,6.6613381477509392e-16,1.1546319456101628e-14,2.2204460492503131e-16,0.00043275000643916428,0.00059112499002367258
2,8,1,10,0,0.23000000000000001,0.31,0.37,0.35224640625000025,0.44850923437500034,0,constant,0,2,0,2,fe_geometry,2.156522936570364e-12,6.6613381477509392e-16,1.1546319456101628e-14,2.2204460492503131e-16,0.00043275000643916428,0.00059112499002367258
2,8,1,10,0,0.23000000000000001,0.31,0.37,0.35224640625000025,0.44850923437500034,0,constant,3,0,0,3,recursive,-5.5446688998656096e-12,6.6613381477509392e-16,1.1546319456101628e-14,2.2204460492503131e-16,0.00043275000643916428,0.00059112499002367258
2,8,1,10,0,0.23000000000000001,0.31,0.37,0.35224640625000025,0.44850923437500034,0,constant,3,0,0,3,direct,6.2604074399614323e-11,6.6613381477509392e-16,1.1546319456101628e-14,2.2204460492503131e-16,0.00043275000643916428,0.00059112499002367258
2,8,1,10,0,0.23000000000000001,0.31,0.37,0.35224640625000025,0.44850923437500034,0,constant,3,0,0,3,fe_geometry,6.260407439962991e-11,6.6613381477509392e-16,1.1546319456101628e-14,2.2204460492503131e-16,0.00043275000643916428,0.00059112499002367258
2,8,1,10,0,0.23000000000000001,0.31,0.37,0.35224640625000025,0.44850923437500034,0,constant,2,1,0,3,recursive,9.0803746653946843e-11,6.6613381477509392e-16,1.1546319456101628e-14,2.2204460492503131e-16,0.00043275000643916428,0.00059112499002367258
2,8,1,10,0,0.23000000000000001,0.31,0.37,0.35224640625000025,0.44850923437500034,0,constant,2,1,0,3,direct,6.0703743884764562e-11,6.6613381477509392e-16,1.1546319456101628e-14,2.2204460492503131e-16,0.00043275000643916428,0.00059112499002367258
2,8,1,10,0,0.23000000000000001,0.31,0.37,0.35224640625000025,0.44850923437500034,0,constant,2,1,0,3,fe_geometry,6.0703743884769499e-11,6.6613381477509392e-16,1.1546319456101628e-14,2.2204460492503131e-16,0.00043275000643916428,0.00059112499002367258
2,8,1,10,0,0.23000000000000001,0.31,0.37,0.35224640625000025,0.44850923437500034,0,constant,1,2,0,3,recursive,6.6766681623776418e-11,6.6613381477509392e-16,1.1546319456101628e-14,2.2204460492503131e-16,0.00043275000643916428,0.00059112499002367258
2,8,1,10,0,0.23000000000000001,0.31,0.37,0.35224640625000025,0.44850923437500034,0,constant,1,2,0,3,direct,1.1968274046666281e-10,6.6613381477509392e-16,1.1546319456101628e-14,2.2204460492503131e-16,0.00043275000643916428,0.00059112499002367258
2,8,1,10,0,0.23000000000000001,0.31,0.37,0.35224640625000025,0.44850923437500034,0,constant,1,2,0,3,fe_geometry,1.1968274046666237e-10,6.6613381477509392e-16,1.1546319456101628e-14,2.2204460492503131e-16,0.00043275000643916428,0.00059112499002367258
2,8,1,10,0,0.23000000000000001,0.31,0.37,0.35224640625000025,0.44850923437500034,0,constant,0,3,0,3,recursive,-2.9044292691618202e-11,6.6613381477509392e-16,1.1546319456101628e-14,2.2204460492503131e-16,0.00043275000643916428,0.00059112499002367258
2,8,1,10,0,0.23000000000000001,0.31,0.37,0.35224640625000025,0.44850923437500034,0,constant,0,3,0,3,direct,1.5713837644868229e-10,6.6613381477509392e-16,1.1546319456101628e-14,2.2204460492503131e-16,0.00043275000643916428,0.00059112499002367258
2,8,1,10,0,0.23000000000000001,0.31,0.37,0.35224640625000025,0.44850923437500034,0,constant,0,3,0,3,fe_geometry,1.5713837644867003e-10,6.6613381477509392e-16,1.1546319456101628e-14,2.2204460492503131e-16,0.00043275000643916428,0.00059112499002367258
2,8,1,10,0,0.23000000000000001,0.31,0.37,0.35224640625000025,0.44850923437500034,0,constant,4,0,0,4,recursive,1.3978541851573616e-08,6.6613381477509392e-16,1.1546319456101628e-14,2.2204460492503131e-16,0.00043275000643916428,0.00059112499002367258
2,8,1,10,0,0.23000000000000001,0.31,0.37,0.35224640625000025,0.44850923437500034,0,constant,4,0,0,4,direct,-4.8422685768490668e-09,6.6613381477509392e-16,1.1546319456101628e-14,2.2204460492503131e-16,0.00043275000643916428,0.00059112499002367258
2,8,1,10,0,0.23000000000000001,0.31,0.37,0.35224640625000025,0.44850923437500034,0,constant,4,0,0,4,fe_geometry,-4.8422685768498013e-09,6.6613381477509392e-16,1.1546319456101628e-14,2.2204460492503131e-16,0.00043275000643916428,0.00059112499002367258
2,8,1,10,0,0.23000000000000001,0.31,0.37,0.35224640625000025,0.44850923437500034,0,constant,3,1,0,4,recursive,1.0667003080470679e-09,6.6613381477509392e-16,1.1546319456101628e-14,2.2204460492503131e-16,0.00043275000643916428,0.00059112499002367258
2,8,1,10,0,0.23000000000000001,0.31,0.37,0.35224640625000025,0.44850923437500034,0,constant,3,1,0,4,direct,-5.9124565970368068e-09,6.6613381477509392e-16,1.1546319456101628e-14,2.2204460492503131e-16,0.00043275000643916428,0.00059112499002367258
2,8,1,10,0,0.23000000000000001,0.31,0.37,0.35224640625000025,0.44850923437500034,0,constant,3,1,0,4,fe_geometry,-5.9124565970365727e-09,6.6613381477509392e-16,1.1546319456101628e-14,2.2204460492503131e-16,0.00043275000643916428,0.00059112499002367258
2,8,1,10,0,0.23000000000000001,0.31,0.37,0.35224640625000025,0.44850923437500034,0,constant,2,2,0,4,recursive,-2.7027509286801136e-09,6.6613381477509392e-16,1.1546319456101628e-14,2.2204460492503131e-16,0.00043275000643916428,0.00059112499002367258
2,8,1,10,0,0.23000000000000001,0.31,0.37,0.35224640625000025,0.44850923437500034,0,constant,2,2,0,4,direct,1.6578249480896703e-09,6.6613381477509392e-16,1.1546319456101628e-14,2.2204460492503131e-16,0.00043275000643916428,0.00059112499002367258
2,8,1,10,0,0.23000000000000001,0.31,0.37,0.35224640625000025,0.44850923437500034,0,constant,2,2,0,4,fe_geometry,1.6578249480899131e-09,6.6613381477509392e-16,1.1546319456101628e-14,2.2204460492503131e-16,0.00043275000643916428,0.00059112499002367258
2,8,1,10,0,0.23000000000000001,0.31,0.37,0.35224640625000025,0.44850923437500034,0,constant,1,3,0,4,recursive,-2.7225079371345486e-09,6.6613381477509392e-16,1.1546319456101628e-14,2.2204460492503131e-16,0.00043275000643916428,0.00059112499002367258
2,8,1,10,0,0.23000000000000001,0.31,0.37,0.35224640625000025,0.44850923437500034,0,constant,1,3,0,4,direct,-5.5230405169670209e-09,6.6613381477509392e-16,1.1546319456101628e-14,2.2204460492503131e-16,0.00043275000643916428,0.00059112499002367258
2,8,1,10,0,0.23000000000000001,0.31,0.37,0.35224640625000025,0.44850923437500034,0,constant,1,3,0,4,fe_geometry,-5.5230405169670805e-09,6.6613381477509392e-16,1.1546319456101628e-14,2.2204460492503131e-16,0.00043275000643916428,0.00059112499002367258
2,8,1,10,0,0.23000000000000001,0.31,0.37,0.35224640625000025,0.44850923437500034,0,constant,0,4,0,4,recursive,1.6657191768307197e-09,6.6613381477509392e-16,1.1546319456101628e-14,2.2204460492503131e-16,0.00043275000643916428,0.00059112499002367258
2,8,1,10,0,0.23000000000000001,0.31,0.37,0.35224640625000025,0.44850923437500034,0,constant,0,4,0,4,direct,-1.3525302698527495e-08,6.6613381477509392e-16,1.1546319456101628e-14,2.2204460492503131e-16,0.00043275000643916428,0.00059112499002367258
2,8,1,10,0,0.23000000000000001,0.31,0.37,0.35224640625000025,0.44850923437500034,0,constant,0,4,0,4,fe_geometry,-1.3525302698526089e-08,6.6613381477509392e-16,1.1546319456101628e-14,2.2204460492503131e-16,0.00043275000643916428,0.00059112499002367258
2,8,1,10,0,0.23000000000000001,0.31,0.37,0.35224640625000025,0.44850923437500034,0,constant,5,0,0,5,recursive,-8.2077562878242333e-07,6.6613381477509392e-16,1.1546319456101628e-14,2.2204460492503131e-16,0.00043275000643916428,0.00059112499002367258
2,8,1,10,0,0.23000000000000001,0.31,0.37,0.35224640625000025,0.44850923437500034,0,constant,5,0,0,5,direct,7.8709865630160201e-08,6.6613381477509392e-16,1.1546319456101628e-14,2.2204460492503131e-16,0.00043275000643916428,0.00059112499002367258
2,8,1,10,0,0.23000000000000001,0.31,0.37,0.35224640625000025,0.44850923437500034,0,constant,5,0,0,5,fe_geometry,7.8709865630094265e-08,6.6613381477509392e-16,1.1546319456101628e-14,2.2204460492503131e-16,0.00043275000643916428,0.00059112499002367258
2,8,1,10,0,0.23000000000000001,0.31,0.37,0.35224640625000025,0.44850923437500034,0,constant,4,1,0,5,recursive,-6.8856523324303487e-07,6.6613381477509392e-16,1.1546319456101628e-14,2.2204460492503131e-16,0.00043275000643916428,0.00059112499002367258
2,8,1,10,0,0.23000000000000001,0.31,0.37,0.35224640625000025,0.44850923437500034,0,constant,4,1,0,5,direct,2.4238179281090537e-07,6.6613381477509392e-16,1.1546319456101628e-14,2.2204460492503131e-16,0.00043275000643916428,0.00059112499002367258
2,8,1,10,0,0.23000000000000001,0.31,0.37,0.35224640625000025,0.44850923437500034,0,constant,4,1,0,5,fe_geometry,2.4238179281086731e-07,6.6613381477509392e-16,1.1546319456101628e-14,2.2204460492503131e-16,0.00043275000643916428,0.00059112499002367258
2,8,1,10,0,0.23000000000000001,0.31,0.37,0.35224640625000025,0.44850923437500034,0,constant,3,2,0,5,recursive,-1.5254504083879884e-07,6.6613381477509392e-16,1.1546319456101628e-14,2.2204460492503131e-16,0.00043275000643916428,0.00059112499002367258
2,8,1,10,0,0.23000000000000001,0.31,0.37,0.35224640625000025,0.44850923437500034,0,constant,3,2,0,5,direct,-2.0478714574188158e-07,6.6613381477509392e-16,1.1546319456101628e-14,2.2204460492503131e-16,0.00043275000643916428,0.00059112499002367258
2,8,1,10,0,0.23000000000000001,0.31,0.37,0.35224640625000025,0.44850923437500034,0,constant,3,2,0,5,fe_geometry,-2.0478714574191657e-07,6.6613381477509392e-16,1.1546319456101628e-14,2.2204460492503131e-16,0.00043275000643916428,0.00059112499002367258
2,8,1,10,0,0.23000000000000001,0.31,0.37,0.35224640625000025,0.44850923437500034,0,constant,2,3,0,5,recursive,-2.2091680343425361e-07,6.6613381477509392e-16,1.1546319456101628e-14,2.2204460492503131e-16,0.00043275000643916428,0.00059112499002367258
2,8,1,10,0,0.23000000000000001,0.31,0.37,0.35224640625000025,0.44850923437500034,0,constant,2,3,0,5,direct,-1.1245841787105328e-07,6.6613381477509392e-16,1.1546319456101628e-14,2.2204460492503131e-16,0.00043275000643916428,0.00059112499002367258
2,8,1,10,0,0.23000000000000001,0.31,0.37,0.35224640625000025,0.44850923437500034,0,constant,2,3,0,5,fe_geometry,-1.124584178710621e-07,6.6613381477509392e-16,1.1546319456101628e-14,2.2204460492503131e-16,0.00043275000643916428,0.00059112499002367258
2,8,1,10,0,0.23000000000000001,0.31,0.37,0.35224640625000025,0.44850923437500034,0,constant,1,4,0,5,recursive,-1.6223305405869462e-07,6.6613381477509392e-16,1.1546319456101628e-14,2.2204460492503131e-16,0.00043275000643916428,0.00059112499002367258
2,8,1,10,0,0.23000000000000001,0.31,0.37,0.35224640625000025,0.44850923437500034,0,constant,1,4,0,5,direct,-2.7701707311278529e-07,6.6613381477509392e-16,1.1546319456101628e-14,2.2204460492503131e-16,0.00043275000643916428,0.00059112499002367258
2,8,1,10,0,0.23000000000000001,0.31,0.37,0.35224640625000025,0.44850923437500034,0,constant,1,4,0,5,fe_geometry,-2.7701707311276481e-07,6.6613381477509392e-16,1.1546319456101628e-14,2.2204460492503131e-16,0.00043275000643916428,0.00059112499002367258
2,8,1,10,0,0.23000000000000001,0.31,0.37,0.35224640625000025,0.44850923437500034,0,constant,0,5,0,5,recursive,8.650800488800913e-08,6.6613381477509392e-16,1.1546319456101628e-14,2.2204460492503131e-16,0.00043275000643916428,0.00059112499002367258
2,8,1,10,0,0.23000000000000001,0.31,0.37,0.35224640625000025,0.44850923437500034,0,constant,0,5,0,5,direct,3.5398576793936717e-07,6.6613381477509392e-16,1.1546319456101628e-14,2.2204460492503131e-16,0.00043275000643916428,0.00059112499002367258
2,8,1,10,0,0.23000000000000001,0.31,0.37,0.35224640625000025,0.44850923437500034,0,constant,0,5,0,5,fe_geometry,3.5398576793935695e-07,6.6613381477509392e-16,1.1546319456101628e-14,2.2204460492503131e-16,0.00043275000643916428,0.00059112499002367258
2,8,1,10,0,0.23000000000000001,0.31,0.37,0.35224640625000025,0.44850923437500034,0,constant,6,0,0,6,recursive,1.2556964728846698e-05,6.6613381477509392e-16,1.1546319456101628e-14,2.2204460492503131e-16,0.00043275000643916428,0.00059112499002367258
2,8,1,10,0,0.23000000000000001,0.31,0.37,0.35224640625000025,0.44850923437500034,0,constant,6,0,0,6,direct,9.8647549328656833e-07,6.6613381477509392e-16,1.1546319456101628e-14,2.2204460492503131e-16,0.00043275000643916428,0.00059112499002367258
2,8,1,10,0,0.23000000000000001,0.31,0.37,0.35224640625000025,0.44850923437500034,0,constant,6,0,0,6,fe_geometry,9.8647549329653579e-07,6.6613381477509392e-16,1.1546319456101628e-14,2.2204460492503131e-16,0.00043275000643916428,0.00059112499002367258
2,8,1,10,0,0.23000000000000001,0.31,0.37,0.35224640625000025,0.44850923437500034,0,constant,5,1,0,6,recursive,3.8240547189432457e-05,6.6613381477509392e-16,1.1546319456101628e-14,2.2204460492503131e-16,0.00043275000643916428,0.00059112499002367258
2,8,1,10,0,0.23000000000000001,0.31,0.37,0.35224640625000025,0.44850923437500034,0,constant,5,1,0,6,direct,-3.5201613657166688e-06,6.6613381477509392e-16,1.1546319456101628e-14,2.2204460492503131e-16,0.00043275000643916428,0.00059112499002367258
2,8,1,10,0,0.23000000000000001,0.31,0.37,0.35224640625000025,0.44850923437500034,0,constant,5,1,0,6,fe_geometry,-3.5201613657155092e-06,6.6613381477509392e-16,1.1546319456101628e-14,2.2204460492503131e-16,0.00043275000643916428,0.00059112499002367258
2,8,1,10,0,0.23000000000000001,0.31,0.37,0.35224640625000025,0.44850923437500034,0,constant,4,2,0,6,recursive,2.2779961536373204e-05,6.6613381477509392e-16,1.1546319456101628e-14,2.2204460492503131e-16,0.00043275000643916428,0.00059112499002367258
2,8,1,10,0,0.23000000000000001,0.31,0.37,0.35224640625000025,0.44850923437500034,0,constant,4,2,0,6,direct,8.4553261571096477e-06,6.6613381477509392e-16,1.1546319456101628e-14,2.2204460492503131e-16,0.00043275000643916428,0.00059112499002367258
2,8,1,10,0,0.23000000000000001,0.31,0.37,0.35224640625000025,0.44850923437500034,0,constant,4,2,0,6,fe_geometry,8.4553261571105828e-06,6.6613381477509392e-16,1.1546319456101628e-14,2.2204460492503131e-16,0.00043275000643916428,0.00059112499002367258
2,8,1,10,0,0.23000000000000001,0.31,0.37,0.35224640625000025,0.44850923437500034,0,constant,3,3,0,6,recursive,-2.4346733173778786e-06,6.6613381477509392e-16,1.1546319456101628e-14,2.2204460492503131e-16,0.00043275000643916428,0.00059112499002367258
2,8,1,10,0,0.23000000000000001,0.31,0.37,0.35224640625000025,0.44850923437500034,0,constant,3,3,0,6,direct,1.7053817753208282e-05,6.6613381477509392e-16,1.1546319456101628e-14,2.2204460492503131e-16,0.00043275000643916428,0.00059112499002367258
2,8,1,10,0,0.23000000000000001,0.31,0.37,0.35224640625000025,0.44850923437500034,0,constant,3,3,0,6,fe_geometry,1.7053817753207568e-05,6.6613381477509392e-16,1.1546319456101628e-14,2.2204460492503131e-16,0.00043275000643916428,0.00059112499002367258
2,8,1,10,0,0.23000000000000001,0.31,0.37,0.35224640625000025,0.44850923437500034,0,constant,2,4,0,6,recursive,1.8744958213148126e-05,6.6613381477509392e-16,1.1546319456101628e-14,2.2204460492503131e-16,0.00043275000643916428,0.00059112499002367258
2,8,1,10,0,0.23000000000000001,0.31,0.37,0.35224640625000025,0.44850923437500034,0,constant,2,4,0,6,direct,3.1865471739470419e-06,6.6613381477509392e-16,1.1546319456101628e-14,2.2204460492503131e-16,0.00043275000643916428,0.00059112499002367258
2,8,1,10,0,0.23000000000000001,0.31,0.37,0.35224640625000025,0.44850923437500034,0,constant,2,4,0,6,fe_geometry,3.186547173945173e-06,6.6613381477509392e-16,1.1546319456101628e-14,2.2204460492503131e-16,0.00043275000643916428,0.00059112499002367258
2,8,1,10,0,0.23000000000000001,0.31,0.37,0.35224640625000025,0.44850923437500034,0,constant,1,5,0,6,recursive,8.091021278906562e-06,6.6613381477509392e-16,1.1546319456101628e-14,2.2204460492503131e-16,0.00043275000643916428,0.00059112499002367258
2,8,1,10,0,0.23000000000000001,0.31,0.37,0.35224640625000025,0.44850923437500034,0,constant,1,5,0,6,direct,1.203198099759452e-05,6.6613381477509392e-16,1.1546319456101628e-14,2.2204460492503131e-16,0.00043275000643916428,0.00059112499002367258
2,8,1,10,0,0.23000000000000001,0.31,0.37,0.35224640625000025,0.44850923437500034,0,constant,1,5,0,6,fe_geometry,1.2031980997593414e-05,6.6613381477509392e-16,1.1546319456101628e-14,2.2204460492503131e-16,0.00043275000643916428,0.00059112499002367258
2,8,1,10,0,0.23000000000000001,0.31,0.37,0.35224640625000025,0.44850923437500034,0,constant,0,6,0,6,recursive,-4.6048644374125332e-06,6.6613381477509392e-16,1.1546319456101628e-14,2.2204460492503131e-16,0.00043275000643916428,0.00059112499002367258
2,8,1,10,0,0.23000000000000001,0.31,0.37,0.35224640625000025,0.44850923437500034,0,constant,0,6,0,6,direct,4.2062797635198557e-06,6.6613381477509392e-16,1.1546319456101628e-14,2.2204460492503131e-16,0.00043275000643916428,0.00059112499002367258
2,8,1,10,0,0.23000000000000001,0.31,0.37,0.35224640625000025,0.44850923437500034,0,constant,0,6,0,6,fe_geometry,4.2062797635169809e-06,6.6613381477509392e-16,1.1546319456101628e-14,2.2204460492503131e-16,0.00043275000643916428,0.00059112499002367258
2,8,1,10,0,0.23000000000000001,0.31,0.37,0.35224640625000025,0.44850923437500034,0,constant,7,0,0,7,recursive,0.00017223333818768531,6.6613381477509392e-16,1.1546319456101628e-14,2.2204460492503131e-16,0.00043275000643916428,0.00059112499002367258
2,8,1,10,0,0.23000000000000001,0.31,0.37,0.35224640625000025,0.44850923437500034,0,constant,7,0,0,7,direct,1.0562800089249998e-05,6.6613381477509392e-16,1.1546319456101628e-14,2.2204460492503131e-16,0.00043275000643916428,0.00059112499002367258
2,8,1,10,0,0.23000000000000001,0.31,0.37,0.35224640625000025,0.44850923437500034,0,constant,7,0,0,7,fe_geometry,1.0562800088713564e-05,6.6613381477509392e-16,1.1546319456101628e-14,2.2204460492503131e-16,0.00043275000643916428,0.00059112499002367258
2,8,1,10,0,0.23000000000000001,0.31,0.37,0.35224640625000025,0.44850923437500034,0,constant,6,1,0,7,recursive,-0.00055407844052710205,6.6613381477509392e-16,1.1546319456101628e-14,2.2204460492503131e-16,0.00043275000643916428,0.00059112499002367258
2,8,1,10,0,0.23000000000000001,0.31,0.37,0.35224640625000025,0.44850923437500034,0,constant,6,1,0,7,direct,-4.4765339974028966e-05,6.6613381477509392e-16,1.1546319456101628e-14,2.2204460492503131e-16,0.00043275000643916428,0.00059112499002367258
2,8,1,10,0,0.23000000000000001,0.31,0.37,0.35224640625000025,0.44850923437500034,0,constant,6,1,0,7,fe_geometry,-4.4765339973915227e-05,6.6613381477509392e-16,1.1546319456101628e-14,2.2204460492503131e-16,0.00043275000643916428,0.00059112499002367258
2,8,1,10,0,0.23000000000000001,0.31,0.37,0.35224640625000025,0.44850923437500034,0,constant,5,2,0,7,recursive,-0.00099788755142225338,6.6613381477509392e-16,1.1546319456101628e-14,2.2204460492503131e-16,0.00043275000643916428,0.00059112499002367258
2,8,1,10,0,0.23000000000000001,0.31,0.37,0.35224640625000025,0.44850923437500034,0,constant,5,2,0,7,direct,-0.00015063982632835849,6.6613381477509392e-16,1.1546319456101628e-14,2.2204460492503131e-16,0.00043275000643916428,0.00059112499002367258
2,8,1,10,0,0.23000000000000001,0.31,0.37,0.35224640625000025,0.44850923437500034,0,constant,5,2,0,7,fe_geometry,-0.00015063982632815997,6.6613381477509392e-16,1.1546319456101628e-14,2.2204460492503131e-16,0.00043275000643916428,0.00059112499002367258
2,8,1,10,0,0.23000000000000001,0.31,0.37,0.35224640625000025,0.44850923437500034,0,constant,4,3,0,7,recursive,0.0019005766773888641,6.6613381477509392e-16,1.1546319456101628e-14,2.2204460492503131e-16,0.00043275000643916428,0.00059112499002367258
2,8,1,10,0,0.23000000000000001,0.31,0.37,0.35224640625000025,0.44850923437500034,0,constant,4,3,0,7,direct,-0.00069046665552908418,6.6613381477509392e-16,1.1546319456101628e-14,2.2204460492503131e-16,0.00043275000643916428,0.00059112499002367258
2,8,1,10,0,0.23000000000000001,0.31,0.37,0.35224640625000025,0.44850923437500034,0,constant,4,3,0,7,fe_geometry,-0.00069046665552898812,6.6613381477509392e-16,1.1546319456101628e-14,2.2204460492503131e-16,0.00043275000643916428,0.00059112499002367258
2,8,1,10,0,0.23000000000000001,0.31,0.37,0.35224640625000025,0.44850923437500034,0,constant,3,4,0,7,recursive,0.0010533936878437877,6.6613381477509392e-16,1.1546319456101628e-14,2.2204460492503131e-16,0.00043275000643916428,0.00059112499002367258
2,8,1,10,0,0.23000000000000001,0.31,0.37,0.35224640625000025,0.44850923437500034,0,constant,3,4,0,7,direct,6.0278716895154237e-05,6.6613381477509392e-16,1.1546319456101628e-14,2.2204460492503131e-16,0.00043275000643916428,0.00059112499002367258
2,8,1,10,0,0.23000000000000001,0.31,0.37,0.35224640625000025,0.44850923437500034,0,constant,3,4,0,7,fe_geometry,6.0278716895287797e-05,6.6613381477509392e-16,1.1546319456101628e-14,2.2204460492503131e-16,0.00043275000643916428,0.00059112499002367258
2,8,1,10,0,0.23000000000000001,0.31,0.37,0.35224640625000025,0.44850923437500034,0,constant,2,5,0,7,recursive,-0.00034565842616965739,6.6613381477509392e-16,1.1546319456101628e-14,2.2204460492503131e-16,0.00043275000643916428,0.00059112499002367258
2,8,1,10,0,0.23000000000000001,0.31,0.37,0.35224640625000025,0.44850923437500034,0,constant,2,5,0,7,direct,-0.00011770947627828975,6.6613381477509392e-16,1.1546319456101628e-14,2.2204460492503131e-16,0.00043275000643916428,0.00059112499002367258
2,8,1,10,0,0.23000000000000001,0.31,0.37,0.35224640625000025,0.44850923437500034,0,constant,2,5,0,7,fe_geometry,-0.0001177094762782096,6.6613381477509392e-16,1.1546319456101628e-14,2.2204460492503131e-16,0.00043275000643916428,0.00059112499002367258
2,8,1,10,0,0.23000000000000001,0.31,0.37,0.35224640625000025,0.44850923437500034,0,constant,1,6,0,7,recursive,9.6814777244611877e-05,6.6613381477509392e-16,1.1546319456101628e-14,2.2204460492503131e-16,0.00043275000643916428,0.00059112499002367258
2,8,1,10,0,0.23000000000000001,0.31,0.37,0.35224640625000025,0.44850923437500034,0,constant,1,6,0,7,direct,0.00013851703271449705,6.6613381477509392e-16,1.1546319456101628e-14,2.2204460492503131e-16,0.00043275000643916428,0.00059112499002367258
2,8,1,10,0,0.23000000000000001,0.31,0.37,0.35224640625000025,0.44850923437500034,0,constant,1,6,0,7,fe_geometry,0.00013851703271455175,6.6613381477509392e-16,1.1546319456101628e-14,2.2204460492503131e-16,0.00043275000643916428,0.00059112499002367258
2,8,1,10,0,0.23000000000000001,0.31,0.37,0.35224640625000025,0.44850923437500034,0,constant,0,7,0,7,recursive,-5.4947307098784303e-05,6.6613381477509392e-16,1.1546319456101628e-14,2.2204460492503131e-16,0.00043275000643916428,0.00059112499002367258
2,8,1,10,0,0.23000000000000001,0.31,0.37,0.35224640625000025,0.44850923437500034,0,constant,0,7,0,7,direct,4.4147672606191923e-05,6.6613381477509392e-16,1.1546319456101628e-14,2.2204460492503131e-16,0.00043275000643916428,0.00059112499002367258
2,8,1,10,0,0.23000000000000001,0.31,0.37,0.35224640625000025,0.44850923437500034,0,constant,0,7,0,7,fe_geometry,4.4147672606166871e-05,6.6613381477509392e-16,1.1546319456101628e-14,2.2204460492503131e-16,0.00043275000643916428,0.00059112499002367258
2,8,1,10,0,0.23000000000000001,0.31,0.37,0.35224640625000025,0.44850923437500034,0,constant,8,0,0,8,recursive,0.001684952544416063,6.6613381477509392e-16,1.1546319456101628e-14,2.2204460492503131e-16,0.00043275000643916428,0.00059112499002367258
2,8,1,10,0,0.23000000000000001,0.31,0.37,0.35224640625000025,0.44850923437500034,0,constant,8,0,0,8,direct,0.00011876262581553253,6.6613381477509392e-16,1.1546319456101628e-14,2.2204460492503131e-16,0.00043275000643916428,0.00059112499002367258
2,8,1,10,0,0.23000000000000001,0.31,0.37,0.35224640625000025,0.44850923437500034,0,constant,8,0,0,8,fe_geometry,0.00011876262582716396,6.6613381477509392e-16,1.1546319456101628e-14,2.2204460492503131e-16,0.00043275000643916428,0.00059112499002367258
2,8,1,10,0,0.23000000000000001,0.31,0.37,0.35224640625000025,0.44850923437500034,0,constant,7,1,0,8,recursive,-0.0076572873779120398,6.6613381477509392e-16,1.1546319456101628e-14,2.2204460492503131e-16,0.00043275000643916428,0.00059112499002367258
2,8,1,10,0,0.23000000000000001,0.31,0.37,0.35224640625000025,0.44850923437500034,0,constant,7,1,0,8,direct,-0.00048131565563361067,6.6613381477509392e-16,1.1546319456101628e-14,2.2204460492503131e-16,0.00043275000643916428,0.00059112499002367258
2,8,1,10,0,0.23000000000000001,0.31,0.37,0.35224640625000025,0.44850923437500034,0,constant,7,1,0,8,fe_geometry,-0.0004813156556488159,6.6613381477509392e-16,1.1546319456101628e-14,2.2204460492503131e-16,0.00043275000643916428,0.00059112499002367258
2,8,1,10,0,0.23000000000000001,0.31,0.37,0.35224640625000025,0.44850923437500034,0,constant,6,2,0,8,recursive,0.011690896983574469,6.6613381477509392e-16,1.1546319456101628e-14,2.2204460492503131e-16,0.00043275000643916428,0.00059112499002367258
2,8,1,10,0,0.23000000000000001,0.31,0.37,0.35224640625000025,0.44850923437500034,0,constant,6,2,0,8,direct,-0.0018687206882031042,6.6613381477509392e-16,1.1546319456101628e-14,2.2204460492503131e-16,0.00043275000643916428,0.00059112499002367258
2,8,1,10,0,0.23000000000000001,0.31,0.37,0.35224640625000025,0.44850923437500034,0,constant,6,2,0,8,fe_geometry,-0.0018687206882293287,6.6613381477509392e-16,1.1546319456101628e-14,2.2204460492503131e-16,0.00043275000643916428,0.00059112499002367258
2,8,1,10,0,0.23000000000000001,0.31,0.37,0.35224640625000025,0.44850923437500034,0,constant,5,3,0,8,recursive,-0.10786370296346534,6.6613381477509392e-16,1.1546319456101628e-14,2.2204460492503131e-16,0.00043275000643916428,0.00059112499002367258
2,8,1,10,0,0.23000000000000001,0.31,0.37,0.35224640625000025,0.44850923437500034,0,constant,5,3,0,8,direct,0.0095317001791338073,6.6613381477509392e-16,1.1546319456101628e-14,2.2204460492503131e-16,0.00043275000643916428,0.00059112499002367258
2,8,1,10,0,0.23000000000000001,0.31,0.37,0.35224640625000025,0.44850923437500034,0,constant,5,3,0,8,fe_geometry,0.0095317001791331204,6.6613381477509392e-16,1.1546319456101628e-14,2.2204460492503131e-16,0.00043275000643916428,0.00059112499002367258
2,8,1,10,0,0.23000000000000001,0.31,0.37,0.35224640625000025,0.44850923437500034,0,constant,4,4,0,8,recursive,-0.19483161856060249,6.6613381477509392e-16,1.1546319456101628e-14,2.2204460492503131e-16,0.00043275000643916428,0.00059112499002367258
2,8,1,10,0,0.23000000000000001,0.31,0.37,0.35224640625000025,0.44850923437500034,0,constant,4,4,0,8,direct,-0.0060497628524017518,6.6613381477509392e-16,1.1546319456101628e-14,2.2204460492503131e-16,0.00043275000643916428,0.00059112499002367258
2,8,1,10,0,0.23000000000000001,0.31,0.37,0.35224640625000025,0.44850923437500034,0,constant,4,4,0,8,fe_geometry,-0.0060497628524028664,6.6613381477509392e-16,1.1546319456101628e-14,2.2204460492503131e-16,0.00043275000643916428,0.00059112499002367258
2,8,1,10,0,0.23000000000000001,0.31,0.37,0.35224640625000025,0.44850923437500034,0,constant,3,5,0,8,recursive,-0.033934414805169434,6.6613381477509392e-16,1.1546319456101628e-14,2.2204460492503131e-16,0.00043275000643916428,0.00059112499002367258
2,8,1,10,0,0.23000000000000001,0.31,0.37,0.35224640625000025,0.44850923437500034,0,constant,3,5,0,8,direct,-0.012428932634121006,6.6613381477509392e-16,1.1546319456101628e-14,2.2204460492503131e-16,0.00043275000643916428,0.00059112499002367258
2,8,1,10,0,0.23000000000000001,0.31,0.37,0.35224640625000025,0.44850923437500034,0,constant,3,5,0,8,fe_geometry,-0.012428932634120572,6.6613381477509392e-16,1.1546319456101628e-14,2.2204460492503131e-16,0.00043275000643916428,0.00059112499002367258
2,8,1,10,0,0.23000000000000001,0.31,0.37,0.35224640625000025,0.44850923437500034,0,constant,2,6,0,8,recursive,-0.0044473714311279982,6.6613381477509392e-16,1.1546319456101628e-14,2.2204460492503131e-16,0.00043275000643916428,0.00059112499002367258
2,8,1,10,0,0.23000000000000001,0.31,0.37,0.35224640625000025,0.44850923437500034,0,constant,2,6,0,8,direct,-0.001367544497283057,6.6613381477509392e-16,1.1546319456101628e-14,2.2204460492503131e-16,0.00043275000643916428,0.00059112499002367258
2,8,1,10,0,0.23000000000000001,0.31,0.37,0.35224640625000025,0.44850923437500034,0,constant,2,6,0,8,fe_geometry,-0.0013675444972791873,6.6613381477509392e-16,1.1546319456101628e-14,2.2204460492503131e-16,0.00043275000643916428,0.00059112499002367258
2,8,1,10,0,0.23000000000000001,0.31,0.37,0.35224640625000025,0.44850923437500034,0,constant,1,7,0,8,recursive,0.00089512942129856064,6.6613381477509392e-16,1.1546319456101628e-14,2.2204460492503131e-16,0.00043275000643916428,0.00059112499002367258
2,8,1,10,0,0.23000000000000001,0.31,0.37,0.35224640625000025,0.44850923437500034,0,constant,1,7,0,8,direct,0.0014397065640603991,6.6613381477509392e-16,1.1546319456101628e-14,2.2204460492503131e-16,0.00043275000643916428,0.00059112499002367258
2,8,1,10,0,0.23000000000000001,0.31,0.37,0.35224640625000025,0.44850923437500034,0,constant,1,7,0,8,fe_geometry,0.0014397065640545492,6.6613381477509392e-16,1.1546319456101628e-14,2.2204460492503131e-16,0.00043275000643916428,0.00059112499002367258
2,8,1,10,0,0.23000000000000001,0.31,0.37,0.35224640625000025,0.44850923437500034,0,constant,0,8,0,8,recursive,-0.00050773356632662146,6.6613381477509392e-16,1.1546319456101628e-14,2.2204460492503131e-16,0.00043275000643916428,0.00059112499002367258
2,8,1,10,0,0.23000000000000001,0.31,0.37,0.35224640625000025,0.44850923437500034,0,constant,0,8,0,8,direct,0.00049004404006244189,6.6613381477509392e-16,1.1546319456101628e-14,2.2204460492503131e-16,0.00043275000643916428,0.00059112499002367258
2,8,1,10,0,0.23000000000000001,0.31,0.37,0.35224640625000025,0.44850923437500034,0,constant,0,8,0,8,fe_geometry,0.00049004404006422204,6.6613381477509392e-16,1.1546319456101628e-14,2.2204460492503131e-16,0.00043275000643916428,0.00059112499002367258
2,8,1,10,0,0.23000000000000001,0.31,0.37,0.35224640625000025,0.44850923437500034,0,constant,9,0,0,9,recursive,0.015246732100499675,6.6613381477509392e-16,1.1546319456101628e-14,2.2204460492503131e-16,0.00043275000643916428,0.00059112499002367258
2,8,1,10,0,0.23000000000000001,0.31,0.37,0.35224640625000025,0.44850923437500034,0,constant,9,0,0,9,direct,0.0014574330321606348,6.6613381477509392e-16,1.1546319456101628e-14,2.2204460492503131e-16,0.00043275000643916428,0.00059112499002367258
2,8,1,10,0,0.23000000000000001,0.31,0.37,0.35224640625000025,0.44850923437500034,0,constant,9,0,0,9,fe_geometry,0.0014574330322165928,6.6613381477509392e-16,1.1546319456101628e-14,2.2204460492503131e-16,0.00043275000643916428,0.00059112499002367258
2,8,1,10,0,0.23000000000000001,0.31,0.37,0.35224640625000025,0.44850923437500034,0,constant,8,1,0,9,recursive,-0.075015868724193122,6.6613381477509392e-16,1.1546319456101628e-14,2.2204460492503131e-16,0.00043275000643916428,0.00059112499002367258
2,8,1,10,0,0.23000000000000001,0.31,0.37,0.35224640625000025,0.44850923437500034,0,constant,8,1,0,9,direct,-0.0054222967803900764,6.6613381477509392e-16,1.1546319456101628e-14,2.2204460492503131e-16,0.00043275000643916428,0.00059112499002367258
2,8,1,10,0,0.23000000000000001,0.31,0.37,0.35224640625000025,0.44850923437500034,0,constant,8,1,0,9,fe_geometry,-0.0054222967797713482,6.6613381477509392e-16,1.1546319456101628e-14,2.2204460492503131e-16,0.00043275000643916428,0.00059112499002367258
2,8,1,10,0,0.23000000000000001,0.31,0.37,0.35224640625000025,0.44850923437500034,0,constant,7,2,0,9,recursive,0.16700129850929124,6.6613381477509392e-16,1.1546319456101628e-14,2.2204460492503131e-16,0.00043275000643916428,0.00059112499002367258
2,8,1,10,0,0.23000000000000001,0.31,0.37,0.35224640625000025,0.44850923437500034,0,constant,7,2,0,9,direct,-0.019952255601709573,6.6613381477509392e-16,1.1546319456101628e-14,2.2204460492503131e-16,0.00043275000643916428,0.00059112499002367258
2,8,1,10,0,0.23000000000000001,0.31,0.37,0.35224640625000025,0.44850923437500034,0,constant,7,2,0,9,fe_geometry,-0.019952255600303212,6.6613381477509392e-16,1.1546319456101628e-14,2.2204460492503131e-16,0.00043275000643916428,0.00059112499002367258
2,8,1,10,0,0.23000000000000001,0.31,0.37,0.35224640625000025,0.44850923437500034,0,constant,6,3,0,9,recursive,1.5860767313702862,6.6613381477509392e-16,1.1546319456101628e-14,2.2204460492503131e-16,0.00043275000643916428,0.00059112499002367258
2,8,1,10,0,0.23000000000000001,0.31,0.37,0.35224640625000025,0.44850923437500034,0,constant,6,3,0,9,direct,0.12205068241424172,6.6613381477509392e-16,1.1546319456101628e-14,2.2204460492503131e-16,0.00043275000643916428,0.00059112499002367258
2,8,1,10,0,0.23000000000000001,0.31,0.37,0.35224640625000025,0.44850923437500034,0,constant,6,3,0,9,fe_geometry,0.12205068241364693,6.6613381477509392e-16,1.1546319456101628e-14,2.2204460492503131e-16,0.00043275000643916428,0.00059112499002367258
2,8,1,10,0,0.23000000000000001,0.31,0.37,0.35224640625000025,0.44850923437500034,0,constant,5,4,0,9,recursive,9.3430101758199608,6.6613381477509392e-16,1.1546319456101628e-14,2.2204460492503131e-16,0.00043275000643916428,0.00059112499002367258
2,8,1,10,0,0.23000000000000001,0.31,0.37,0.35224640625000025,0.44850923437500034,0,constant,5,4,0,9,direct,0.15930749728511617,6.6613381477509392e-16,1.1546319456101628e-14,2.2204460492503131e-16,0.00043275000643916428,0.00059112499002367258
2,8,1,10,0,0.23000000000000001,0.31,0.37,0.35224640625000025,0.44850923437500034,0,constant,5,4,0,9,fe_geometry,0.15930749728432395,6.6613381477509392e-16,1.1546319456101628e-14,2.2204460492503131e-16,0.00043275000643916428,0.00059112499002367258
2,8,1,10,0,0.23000000000000001,0.31,0.37,0.35224640625000025,0.44850923437500034,0,constant,4,5,0,9,recursive,4.3415183466466294,6.6613381477509392e-16,1.1546319456101628e-14,2.2204460492503131e-16,0.00043275000643916428,0.00059112499002367258
2,8,1,10,0,0.23000000000000001,0.31,0.37,0.35224640625000025,0.44850923437500034,0,constant,4,5,0,9,direct,0.71762851458325017,6.6613381477509392e-16,1.1546319456101628e-14,2.2204460492503131e-16,0.00043275000643916428,0.00059112499002367258
2,8,1,10,0,0.23000000000000001,0.31,0.37,0.35224640625000025,0.44850923437500034,0,constant,4,5,0,9,fe_geometry,0.71762851458307553,6.6613381477509392e-16,1.1546319456101628e-14,2.2204460492503131e-16,0.00043275000643916428,0.00059112499002367258
2,8,1,10,0,0.23000000000000001,0.31,0.37,0.35224640625000025,0.44850923437500034,0,constant,3,6,0,9,recursive,-0.41589906155923329,6.6613381477509392e-16,1.1546319456101628e-14,2.2204460492503131e-16,0.00043275000643916428,0.00059112499002367258
2,8,1,10,0,0.23000000000000001,0.31,0.37,0.35224640625000025,0.44850923437500034,0,constant,3,6,0,9,direct,-0.1375921382021276,6.6613381477509392e-16,1.1546319456101628e-14,2.2204460492503131e-16,0.00043275000643916428,0.00059112499002367258
2,8,1,10,0,0.23000000000000001,0.31,0.37,0.35224640625000025,0.44850923437500034,0,constant,3,6,0,9,fe_geometry,-0.13759213820248803,6.6613381477509392e-16,1.1546319456101628e-14,2.2204460492503131e-16,0.00043275000643916428,0.00059112499002367258
2,8,1,10,0,0.23000000000000001,0.31,0.37,0.35224640625000025,0.44850923437500034,0,constant,2,7,0,9,recursive,-0.041725200242485813,6.6613381477509392e-16,1.1546319456101628e-14,2.2204460492503131e-16,0.00043275000643916428,0.00059112499002367258
2,8,1,10,0,0.23000000000000001,0.31,0.37,0.35224640625000025,0.44850923437500034,0,constant,2,7,0,9,direct,-0.014255882717803876,6.6613381477509392e-16,1.1546319456101628e-14,2.2204460492503131e-16,0.00043275000643916428,0.00059112499002367258
2,8,1,10,0,0.23000000000000001,0.31,0.37,0.35224640625000025,0.44850923437500034,0,constant,2,7,0,9,fe_geometry,-0.014255882717974958,6.6613381477509392e-16,1.1546319456101628e-14,2.2204460492503131e-16,0.00043275000643916428,0.00059112499002367258
2,8,1,10,0,0.23000000000000001,0.31,0.37,0.35224640625000025,0.44850923437500034,0,constant,1,8,0,9,recursive,0.0077641047997047876,6.6613381477509392e-16,1.1546319456101628e-14,2.2204460492503131e-16,0.00043275000643916428,0.00059112499002367258
2,8,1,10,0,0.23000000000000001,0.31,0.37,0.35224640625000025,0.44850923437500034,0,constant,1,8,0,9,direct,0.015905109229515536,6.6613381477509392e-16,1.1546319456101628e-14,2.2204460492503131e-16,0.00043275000643916428,0.00059112499002367258
2,8,1,10,0,0.23000000000000001,0.31,0.37,0.35224640625000025,0.44850923437500034,0,constant,1,8,0,9,fe_geometry,0.015905109229680008,6.6613381477509392e-16,1.1546319456101628e-14,2.2204460492503131e-16,0.00043275000643916428,0.00059112499002367258
2,8,1,10,0,0.23000000000000001,0.31,0.37,0.35224640625000025,0.44850923437500034,0,constant,0,9,0,9,recursive,-0.0044032003498079555,6.6613381477509392e-16,1.1546319456101628e-14,2.2204460492503131e-16,0.00043275000643916428,0.00059112499002367258
2,8,1,10,0,0.23000000000000001,0.31,0.37,0.35224640625000025,0.44850923437500034,0,constant,0,9,0,9,direct,0.0059531400128327808,6.6613381477509392e-16,1.1546319456101628e-14,2.2204460492503131e-16,0.00043275000643916428,0.00059112499002367258
2,8,1,10,0,0.23000000000000001,0.31,0.37,0.35224640625000025,0.44850923437500034,0,constant,0,9,0,9,fe_geometry,0.0059531400132372368,6.6613381477509392e-16,1.1546319456101628e-14,2.2204460492503131e-16,0.00043275000643916428,0.00059112499002367258
2,8,1,10,0,0.23000000000000001,0.31,0.37,0.35224640625000025,0.44850923437500034,0,constant,10,0,0,10,recursive,0.13484022719695579,6.6613381477509392e-16,1.1546319456101628e-14,2.2204460492503131e-16,0.00043275000643916428,0.00059112499002367258
2,8,1,10,0,0.23000000000000001,0.31,0.37,0.35224640625000025,0.44850923437500034,0,constant,10,0,0,10,direct,0.01965275110398227,6.6613381477509392e-16,1.1546319456101628e-14,2.2204460492503131e-16,0.00043275000643916428,0.00059112499002367258
2,8,1,10,0,0.23000000000000001,0.31,0.37,0.35224640625000025,0.44850923437500034,0,constant,10,0,0,10,fe_geometry,0.01965275110130045,6.6613381477509392e-16,1.1546319456101628e-14,2.2204460492503131e-16,0.00043275000643916428,0.00059112499002367258
2,8,1,10,0,0.23000000000000001,0.31,0.37,0.35224640625000025,0.44850923437500034,0,constant,9,1,0,10,recursive,-0.67906551353822742,6.6613381477509392e-16,1.1546319456101628e-14,2.2204460492503131e-16,0.00043275000643916428,0.00059112499002367258
2,8,1,10,0,0.23000000000000001,0.31,0.37,0.35224640625000025,0.44850923437500034,0,constant,9,1,0,10,direct,-0.066617887123555333,6.6613381477509392e-16,1.1546319456101628e-14,2.2204460492503131e-16,0.00043275000643916428,0.00059112499002367258
2,8,1,10,0,0.23000000000000001,0.31,0.37,0.35224640625000025,0.44850923437500034,0,constant,9,1,0,10,fe_geometry,-0.066617887124045705,6.6613381477509392e-16,1.1546319456101628e-14,2.2204460492503131e-16,0.00043275000643916428,0.00059112499002367258
2,8,1,10,0,0.23000000000000001,0.31,0.37,0.35224640625000025,0.44850923437500034,0,constant,8,2,0,10,recursive,1.6459060667366672,6.6613381477509392e-16,1.1546319456101628e-14,2.2204460492503131e-16,0.00043275000643916428,0.00059112499002367258
2,8,1,10,0,0.23000000000000001,0.31,0.37,0.35224640625000025,0.44850923437500034,0,constant,8,2,0,10,direct,-0.22403189595864634,6.6613381477509392e-16,1.1546319456101628e-14,2.2204460492503131e-16,0.00043275000643916428,0.00059112499002367258
2,8,1,10,0,0.23000000000000001,0.31,0.37,0.35224640625000025,0.44850923437500034,0,constant,8,2,0,10,fe_geometry,-0.22403189598603485,6.6613381477509392e-16,1.1546319456101628e-14,2.2204460492503131e-16,0.00043275000643916428,0.00059112499002367258
2,8,1,10,0,0.23000000000000001,0.31,0.37,0.35224640625000025,0.44850923437500034,0,constant,7,3,0,10,recursive,21.873780941427359,6.6613381477509392e-16,1.1546319456101628e-14,2.2204460492503131e-16,0.00043275000643916428,0.00059112499002367258
2,8,1,10,0,0.23000000000000001,0.31,0.37,0.35224640625000025,0.44850923437500034,0,constant,7,3,0,10,direct,1.3147883498636252,6.6613381477509392e-16,1.1546319456101628e-14,2.2204460492503131e-16,0.00043275000643916428,0.00059112499002367258
2,8,1,10,0,0.23000000000000001,0.31,0.37,0.35224640625000025,0.44850923437500034,0,constant,7,3,0,10,fe_geometry,1.3147883499230899,6.6613381477509392e-16,1.1546319456101628e-14,2.2204460492503131e-16,0.00043275000643916428,0.00059112499002367258
2,8,1,10,0,0.23000000000000001,0.31,0.37,0.35224640625000025,0.44850923437500034,0,constant,6,4,0,10,recursive,-123.34924281807562,6.6613381477509392e-16,1.1546319456101628e-14,2.2204460492503131e-16,0.00043275000643916428,0.00059112499002367258
2,8,1,10,0,0.23000000000000001,0.31,0.37,0.35224640625000025,0.44850923437500034,0,constant,6,4,0,10,direct,1.9049282582932365,6.6613381477509392e-16,1.1546319456101628e-14,2.2204460492503131e-16,0.00043275000643916428,0.00059112499002367258
2,8,1,10,0,0.23000000000000001,0.31,0.37,0.35224640625000025,0.44850923437500034,0,constant,6,4,0,10,fe_geometry,1.9049282583801534,6.6613381477509392e-16,1.1546319456101628e-14,2.2204460492503131e-16,0.00043275000643916428,0.00059112499002367258
2,8,1,10,0,0.23000000000000001,0.31,0.37,0.35224640625000025,0.44850923437500034,0,constant,5,5,0,10,recursive,-187.509222718236,6.6613381477509392e-16,1.1546319456101628e-14,2.2204460492503131e-16,0.00043275000643916428,0.00059112499002367258
2,8,1,10,0,0.23000000000000001,0.31,0.37,0.35224640625000025,0.44850923437500034,0,constant,5,5,0,10,direct,-11.815289217632824,6.6613381477509392e-16,1.1546319456101628e-14,2.2204460492503131e-16,0.00043275000643916428,0.00059112499002367258
2,8,1,10,0,0.23000000000000001,0.31,0.37,0.35224640625000025,0.44850923437500034,0,constant,5,5,0,10,fe_geometry,-11.815289217655021,6.6613381477509392e-16,1.1546319456101628e-14,2.2204460492503131e-16,0.00043275000643916428,0.00059112499002367258
2,8,1,10,0,0.23000000000000001,0.31,0.37,0.35224640625000025,0.44850923437500034,0,constant,4,6,0,10,recursive,54.791415090034207,6.6613381477509392e-16,1.1546319456101628e-14,2.2204460492503131e-16,0.00043275000643916428,0.00059112499002367258
2,8,1,10,0,0.23000000000000001,0.31,0.37,0.35224640625000025,0.44850923437500034,0,constant,4,6,0,10,direct,8.0078396597946266,6.6613381477509392e-16,1.1546319456101628e-14,2.2204460492503131e-16,0.00043275000643916428,0.00059112499002367258
2,8,1,10,0,0.23000000000000001,0.31,0.37,0.35224640625000025,0.44850923437500034,0,constant,4,6,0,10,fe_geometry,8.0078396597673773,6.6613381477509392e-16,1.1546319456101628e-14,2.2204460492503131e-16,0.00043275000643916428,0.00059112499002367258
2,8,1,10,0,0.23000000000000001,0.31,0.37,0.35224640625000025,0.44850923437500034,0,constant,3,7,0,10,recursive,-3.8644863207470186,6.6613381477509392e-16,1.1546319456101628e-14,2.2204460492503131e-16,0.00043275000643916428,0.00059112499002367258
2,8,1,10,0,0.23000000000000001,0.31,0.37,0.35224640625000025,0.44850923437500034,0,constant,3,7,0,10,direct,-1.4121352720255853,6.6613381477509392e-16,1.1546319456101628e-14,2.2204460492503131e-16,0.00043275000643916428,0.00059112499002367258
2,8,1,10,0,0.23000000000000001,0.31,0.37,0.35224640625000025,0.44850923437500034,0,constant,3,7,0,10,fe_geometry,-1.412135272027246,6.6613381477509392e-16,1.1546319456101628e-14,2.2204460492503131e-16,0.00043275000643916428,0.00059112499002367258
2,8,1,10,0,0.23000000000000001,0.31,0.37,0.35224640625000025,0.44850923437500034,0,constant,2,8,0,10,recursive,-0.36341773742881284,6.6613381477509392e-16,1.1546319456101628e-14,2.2204460492503131e-16,0.00043275000643916428,0.00059112499002367258
2,8,1,10,0,0.23000000000000001,0.31,0.37,0.35224640625000025,0.44850923437500034,0,constant,2,8,0,10,direct,-0.15772354014847406,6.6613381477509392e-16,1.1546319456101628e-14,2.2204460492503131e-16,0.00043275000643916428,0.00059112499002367258
2,8,1,10,0,0.23000000000000001,0.31,0.37,0.35224640625000025,0.44850923437500034,0,constant,2,8,0,10,fe_geometry,-0.15772354015610274,6.6613381477509392e-16,1.1546319456101628e-14,2.2204460492503131e-16,0.00043275000643916428,0.00059112499002367258
2,8,1,10,0,0.23000000000000001,0.31,0.37,0.35224640625000025,0.44850923437500034,0,constant,1,9,0,10,recursive,0.066071530550755875,6.6613381477509392e-16,1.1546319456101628e-14,2.2204460492503131e-16,0.00043275000643916428,0.00059112499002367258
2,8,1,10,0,0.23000000000000001,0.31,0.37,0.35224640625000025,0.44850923437500034,0,constant,1,9,0,10,direct,0.19267483446106884,6.6613381477509392e-16,1.1546319456101628e-14,2.2204460492503131e-16,0.00043275000643916428,0.00059112499002367258
2,8,1,10,0,0.23000000000000001,0.31,0.37,0.35224640625000025,0.44850923437500034,0,constant,1,9,0,10,fe_geometry,0.19267483446916681,6.6613381477509392e-16,1.1546319456101628e-14,2.2204460492503131e-16,0.00043275000643916428,0.00059112499002367258
2,8,1,10,0,0.23000000000000001,0.31,0.37,0.35224640625000025,0.44850923437500034,0,constant,0,10,0,10,recursive,-0.037468710078364949,6.6613381477509392e-16,1.1546319456101628e-14,2.2204460492503131e-16,0.00043275000643916428,0.00059112499002367258
2,8,1,10,0,0.23000000000000001,0.31,0.37,0.35224640625000025,0.44850923437500034,0,constant,0,10,0,10,direct,0.079570688421543592,6.6613381477509392e-16,1.1546319456101628e-14,2.2204460492503131e-16,0.00043275000643916428,0.00059112499002367258
2,8,1,10,0,0.23000000000000001,0.31,0.37,0.35224640625000025,0.44850923437500034,0,constant,0,10,0,10,fe_geometry,0.079570688434407635,6.6613381477509392e-16,1.1546319456101628e-14,2.2204460492503131e-16,0.00043275000643916428,0.00059112499002367258
2,8,1,10,0,0.23000000000000001,0.31,0.37,0.35224640625000025,0.44850923437500034,0,quintic,1,0,0,1,recursive,0.047971855629667409,1.7347234759768071e-18,1.1546319456101628e-14,2.2204460492503131e-16,0.00043275000643916428,0.0020570839988067746
2,8,1,10,0,0.23000000000000001,0.31,0.37,0.35224640625000025,0.44850923437500034,0,quintic,1,0,0,1,direct,0.04797186849724961,1.7347234759768071e-18,1.1546319456101628e-14,2.2204460492503131e-16,0.00043275000643916428,0.0020570839988067746
2,8,1,10,0,0.23000000000000001,0.31,0.37,0.35224640625000025,0.44850923437500034,0,quintic,1,0,0,1,fe_geometry,0.047971868497251671,1.7347234759768071e-18,1.1546319456101628e-14,2.2204460492503131e-16,0.00043275000643916428,0.0020570839988067746
2,8,1,10,0,0.23000000000000001,0.31,0.37,0.35224640625000025,0.44850923437500034,0,quintic,0,1,0,1,recursive,0.087468611802849469,1.7347234759768071e-18,1.1546319456101628e-14,2.2204460492503131e-16,0.00043275000643916428,0.0020570839988067746
2,8,1,10,0,0.23000000000000001,0.31,0.37,0.35224640625000025,0.44850923437500034,0,quintic,0,1,0,1,direct,0.087468622503576704,1.7347234759768071e-18,1.1546319456101628e-14,2.2204460492503131e-16,0.00043275000643916428,0.0020570839988067746
2,8,1,10,0,0.23000000000000001,0.31,0.37,0.35224640625000025,0.44850923437500034,0,quintic,0,1,0,1,fe_geometry,0.087468622503574622,1.7347234759768071e-18,1.1546319456101628e-14,2.2204460492503131e-16,0.00043275000643916428,0.0020570839988067746
2,8,1,10,0,0.23000000000000001,0.31,0.37,0.35224640625000025,0.44850923437500034,0,quintic,2,0,0,2,recursive,0.28158499813073207,1.7347234759768071e-18,1.1546319456101628e-14,2.2204460492503131e-16,0.00043275000643916428,0.0020570839988067746
2,8,1,10,0,0.23000000000000001,0.31,0.37,0.35224640625000025,0.44850923437500034,0,quintic,2,0,0,2,direct,0.28158582280632144,1.7347234759768071e-18,1.1546319456101628e-14,2.2204460492503131e-16,0.00043275000643916428,0.0020570839988067746
2,8,1,10,0,0.23000000000000001,0.31,0.37,0.35224640625000025,0.44850923437500034,0,quintic,2,0,0,2,fe_geometry,0.28158582280640848,1.7347234759768071e-18,1.1546319456101628e-14,2.2204460492503131e-16,0.00043275000643916428,0.0020570839988067746
2,8,1,10,0,0.23000000000000001,0.31,0.37,0.35224640625000025,0.44850923437500034,0,quintic,1,1,0,2,recursive,0.19399121155286864,1.7347234759768071e-18,1.1546319456101628e-14,2.2204460492503131e-16,0.00043275000643916428,0.0020570839988067746
2,8,1,10,0,0.23000000000000001,0.31,0.37,0.35224640625000025,0.44850923437500034,0,quintic,1,1,0,2,direct,0.19399121359410285,1.7347234759768071e-18,1.1546319456101628e-14,2.2204460492503131e-16,0.00043275000643916428,0.0020570839988067746
2,8,1,10,0,0.23000000000000001,0.31,0.37,0.35224640625000025,0.44850923437500034,0,quintic,1,1,0,2,fe_geometry,0.19399121359411187,1.7347234759768071e-18,1.1546319456101628e-14,2.2204460492503131e-16,0.00043275000643916428,0.0020570839988067746
2,8,1,10,0,0.23000000000000001,0.31,0.37,0.35224640625000025,0.44850923437500034,0,quintic,0,2,0,2,recursive,0.72169967846511018,1.7347234759768071e-18,1.1546319456101628e-14,2.2204460492503131e-16,0.00043275000643916428,0.0020570839988067746
2,8,1,10,0,0.23000000000000001,0.31,0.37,0.35224640625000025,0.44850923437500034,0,quintic,0,2,0,2,direct,0.72169903454973883,1.7347234759768071e-18,1.1546319456101628e-14,2.2204460492503131e-16,0.00043275000643916428,0.0020570839988067746
2,8,1,10,0,0.23000000000000001,0.31,0.37,0.35224640625000025,0.44850923437500034,0,quintic,0,2,0,2,fe_geometry,0.72169903454972661,1.7347234759768071e-18,1.1546319456101628e-14,2.2204460492503131e-16,0.00043275000643916428,0.0020570839988067746
2,8,1,10,0,0.23000000000000001,0.31,0.37,0.35224640625000025,0.44850923437500034,0,quintic,3,0,0,3,recursive,1.8166328974067441,1.7347234759768071e-18,1.1546319456101628e-14,2.2204460492503131e-16,0.00043275000643916428,0.0020570839988067746
2,8,1,10,0,0.23000000000000001,0.31,0.37,0.35224640625000025,0.44850923437500034,0,quintic,3,0,0,3,direct,1.8165269403973587,1.7347234759768071e-18,1.1546319456101628e-14,2.2204460492503131e-16,0.00043275000643916428,0.0020570839988067746
2,8,1,10,0,0.23000000000000001,0.31,0.37,0.35224640625000025,0.44850923437500034,0,quintic,3,0,0,3,fe_geometry,1.8165269403938034,1.7347234759768071e-18,1.1546319456101628e-14,2.2204460492503131e-16,0.00043275000643916428,0.0020570839988067746
2,8,1,10,0,0.23000000000000001,0.31,0.37,0.35224640625000025,0.44850923437500034,0,quintic,2,1,0,3,recursive,0.75730183524388972,1.7347234759768071e-18,1.1546319456101628e-14,2.2204460492503131e-16,0.00043275000643916428,0.0020570839988067746
2,8,1,10,0,0.23000000000000001,0.31,0.37,0.35224640625000025,0.44850923437500034,0,quintic,2,1,0,3,direct,0.75730194655227712,1.7347234759768071e-18,1.1546319456101628e-14,2.2204460492503131e-16,0.00043275000643916428,0.0020570839988067746
2,8,1,10,0,0.23000000000000001,0.31,0.37,0.35224640625000025,0.44850923437500034,0,quintic,2,1,0,3,fe_geometry,0.75730194655341365,1.7347234759768071e-18,1.1546319456101628e-14,2.2204460492503131e-16,0.00043275000643916428,0.0020570839988067746
2,8,1,10,0,0.23000000000000001,0.31,0.37,0.35224640625000025,0.44850923437500034,0,quintic,1,2,0,3,recursive,0.63628716972226307,1.7347234759768071e-18,1.1546319456101628e-14,2.2204460492503131e-16,0.00043275000643916428,0.0020570839988067746
2,8,1,10,0,0.23000000000000001,0.31,0.37,0.35224640625000025,0.44850923437500034,0,quintic,1,2,0,3,direct,0.63628715200371311,1.7347234759768071e-18,1.1546319456101628e-14,2.2204460492503131e-16,0.00043275000643916428,0.0020570839988067746
2,8,1,10,0,0.23000000000000001,0.31,0.37,0.35224640625000025,0.44850923437500034,0,quintic,1,2,0,3,fe_geometry,0.63628715200353192,1.7347234759768071e-18,1.1546319456101628e-14,2.2204460492503131e-16,0.00043275000643916428,0.0020570839988067746
2,8,1,10,0,0.23000000000000001,0.31,0.37,0.35224640625000025,0.44850923437500034,0,quintic,0,3,0,3,recursive,6.0159163840483956,1.7347234759768071e-18,1.1546319456101628e-14,2.2204460492503131e-16,0.00043275000643916428,0.0020570839988067746
2,8,1,10,0,0.23000000000000001,0.31,0.37,0.35224640625000025,0.44850923437500034,0,quintic,0,3,0,3,direct,6.0158179468664699,1.7347234759768071e-18,1.1546319456101628e-14,2.2204460492503131e-16,0.00043275000643916428,0.0020570839988067746
2,8,1,10,0,0.23000000000000001,0.31,0.37,0.35224640625000025,0.44850923437500034,0,quintic,0,3,0,3,fe_geometry,6.0158179468669317,1.7347234759768071e-18,1.1546319456101628e-14,2.2204460492503131e-16,0.00043275000643916428,0.0020570839988067746
2,8,1,10,0,0.23000000000000001,0.31,0.37,0.35224640625000025,0.44850923437500034,0,quintic,4,0,0,4,recursive,15.135418895986041,1.7347234759768071e-18,1.1546319456101628e-14,2.2204460492503131e-16,0.00043275000643916428,0.0020570839988067746
2,8,1,10,0,0.23000000000000001,0.31,0.37,0.35224640625000025,0.44850923437500034,0,quintic,4,0,0,4,direct,15.132715682764974,1.7347234759768071e-18,1.1546319456101628e-14,2.2204460492503131e-16,0.00043275000643916428,0.0020570839988067746
2,8,1,10,0,0.23000000000000001,0.31,0.37,0.35224640625000025,0.44850923437500034,0,quintic,4,0,0,4,fe_geometry,15.132715682764989,1.7347234759768071e-18,1.1546319456101628e-14,2.2204460492503131e-16,0.00043275000643916428,0.0020570839988067746
2,8,1,10,0,0.23000000000000001,0.31,0.37,0.35224640625000025,0.44850923437500034,0,quintic,3,1,0,4,recursive,1.6707866114617265,1.7347234759768071e-18,1.1546319456101628e-14,2.2204460492503131e-16,0.00043275000643916428,0.0020570839988067746
2,8,1,10,0,0.23000000000000001,0.31,0.37,0.35224640625000025,0.44850923437500034,0,quintic,3,1,0,4,direct,1.6707734218487489,1.7347234759768071e-18,1.1546319456101628e-14,2.2204460492503131e-16,0.00043275000643916428,0.0020570839988067746
2,8,1,10,0,0.23000000000000001,0.31,0.37,0.35224640625000025,0.44850923437500034,0,quintic,3,1,0,4,fe_geometry,1.6707734217879464,1.7347234759768071e-18,1.1546319456101628e-14,2.2204460492503131e-16,0.00043275000643916428,0.0020570839988067746
2,8,1,10,0,0.23000000000000001,0.31,0.37,0.35224640625000025,0.44850923437500034,0,quintic,2,2,0,4,recursive,2.483934388163306,1.7347234759768071e-18,1.1546319456101628e-14,2.2204460492503131e-16,0.00043275000643916428,0.0020570839988067746
2,8,1,10,0,0.23000000000000001,0.31,0.37,0.35224640625000025,0.44850923437500034,0,quintic,2,2,0,4,direct,2.4839346579339052,1.7347234759768071e-18,1.1546319456101628e-14,2.2204460492503131e-16,0.00043275000643916428,0.0020570839988067746
2,8,1,10,0,0.23000000000000001,0.31,0.37,0.35224640625000025,0.44850923437500034,0,quintic,2,2,0,4,fe_geometry,2.4839346579325778,1.7347234759768071e-18,1.1546319456101628e-14,2.2204460492503131e-16,0.00043275000643916428,0.0020570839988067746
2,8,1,10,0,0.23000000000000001,0.31,0.37,0.35224640625000025,0.44850923437500034,0,quintic,1,3,0,4,recursive,1.3949729263093327,1.7347234759768071e-18,1.1546319456101628e-14,2.2204460492503131e-16,0.00043275000643916428,0.0020570839988067746
2,8,1,10,0,0.23000000000000001,0.31,0.37,0.35224640625000025,0.44850923437500034,0,quintic,1,3,0,4,direct,1.3949691842512415,1.7347234759768071e-18,1.1546319456101628e-14,2.2204460492503131e-16,0.00043275000643916428,0.0020570839988067746
2,8,1,10,0,0.23000000000000001,0.31,0.37,0.35224640625000025,0.44850923437500034,0,quintic,1,3,0,4,fe_geometry,1.3949691842389982,1.7347234759768071e-18,1.1546319456101628e-14,2.2204460492503131e-16,0.00043275000643916428,0.0020570839988067746
2,8,1,10,0,0.23000000000000001,0.31,0.37,0.35224640625000025,0.44850923437500034,0,quintic,0,4,0,4,recursive,47.817945687193713,1.7347234759768071e-18,1.1546319456101628e-14,2.2204460492503131e-16,0.00043275000643916428,0.0020570839988067746
2,8,1,10,0,0.23000000000000001,0.31,0.37,0.35224640625000025,0.44850923437500034,0,quintic,0,4,0,4,direct,47.825568992052055,1.7347234759768071e-18,1.1546319456101628e-14,2.2204460492503131e-16,0.00043275000643916428,0.0020570839988067746
2,8,1,10,0,0.23000000000000001,0.31,0.37,0.35224640625000025,0.44850923437500034,0,quintic,0,4,0,4,fe_geometry,47.825568992088918,1.7347234759768071e-18,1.1546319456101628e-14,2.2204460492503131e-16,0.00043275000643916428,0.0020570839988067746
2,8,1,10,0,0.23000000000000001,0.31,0.37,0.35224640625000025,0.44850923437500034,0,quintic,5,0,0,5,recursive,119.73356983803771,1.7347234759768071e-18,1.1546319456101628e-14,2.2204460492503131e-16,0.00043275000643916428,0.0020570839988067746
2,8,1,10,0,0.23000000000000001,0.31,0.37,0.35224640625000025,0.44850923437500034,0,quintic,5,0,0,5,direct,120.54887623444779,1.7347234759768071e-18,1.1546319456101628e-14,2.2204460492503131e-16,0.00043275000643916428,0.0020570839988067746
2,8,1,10,0,0.23000000000000001,0.31,0.37,0.35224640625000025,0.44850923437500034,0,quintic,5,0,0,5,fe_geometry,120.54887623497956,1.7347234759768071e-18,1.1546319456101628e-14,2.2204460492503131e-16,0.00043275000643916428,0.0020570839988067746
2,8,1,10,0,0.23000000000000001,0.31,0.37,0.35224640625000025,0.44850923437500034,0,quintic,4,1,0,5,recursive,6.1438667962933025,1.7347234759768071e-18,1.1546319456101628e-14,2.2204460492503131e-16,0.00043275000643916428,0.0020570839988067746
2,8,1,10,0,0.23000000000000001,0.31,0.37,0.35224640625000025,0.44850923437500034,0,quintic,4,1,0,5,direct,6.1434848670736715,1.7347234759768071e-18,1.1546319456101628e-14,2.2204460492503131e-16,0.00043275000643916428,0.0020570839988067746
2,8,1,10,0,0.23000000000000001,0.31,0.37,0.35224640625000025,0.44850923437500034,0,quintic,4,1,0,5,fe_geometry,6.1434848674891747,1.7347234759768071e-18,1.1546319456101628e-14,2.2204460492503131e-16,0.00043275000643916428,0.0020570839988067746
2,8,1,10,0,0.23000000000000001,0.31,0.37,0.35224640625000025,0.44850923437500034,0,quintic,3,2,0,5,recursive,5.4801455967002948,1.7347234759768071e-18,1.1546319456101628e-14,2.2204460492503131e-16,0.00043275000643916428,0.0020570839988067746
2,8,1,10,0,0.23000000000000001,0.31,0.37,0.35224640625000025,0.44850923437500034,0,quintic,3,2,0,5,direct,5.4801021228366462,1.7347234759768071e-18,1.1546319456101628e-14,2.2204460492503131e-16,0.00043275000643916428,0.0020570839988067746
2,8,1,10,0,0.23000000000000001,0.31,0.37,0.35224640625000025,0.44850923437500034,0,quintic,3,2,0,5,fe_geometry,5.4801021230129443,1.7347234759768071e-18,1.1546319456101628e-14,2.2204460492503131e-16,0.00043275000643916428,0.0020570839988067746
2,8,1,10,0,0.23000000000000001,0.31,0.37,0.35224640625000025,0.44850923437500034,0,quintic,2,3,0,5,recursive,5.4456877097397731,1.7347234759768071e-18,1.1546319456101628e-14,2.2204460492503131e-16,0.00043275000643916428,0.0020570839988067746
2,8,1,10,0,0.23000000000000001,0.31,0.37,0.35224640625000025,0.44850923437500034,0,quintic,2,3,0,5,direct,5.445673846013424,1.7347234759768071e-18,1.1546319456101628e-14,2.2204460492503131e-16,0.00043275000643916428,0.0020570839988067746
2,8,1,10,0,0.23000000000000001,0.31,0.37,0.35224640625000025,0.44850923437500034,0,quintic,2,3,0,5,fe_geometry,5.4456738446670965,1.7347234759768071e-18,1.1546319456101628e-14,2.2204460492503131e-16,0.00043275000643916428,0.0020570839988067746
2,8,1,10,0,0.23000000000000001,0.31,0.37,0.35224640625000025,0.44850923437500034,0,quintic,1,4,0,5,recursive,5.0968434360716346,1.7347234759768071e-18,1.1546319456101628e-14,2.2204460492503131e-16,0.00043275000643916428,0.0020570839988067746
2,8,1,10,0,0.23000000000000001,0.31,0.37,0.35224640625000025,0.44850923437500034,0,quintic,1,4,0,5,direct,5.0971195841401133,1.7347234759768071e-18,1.1546319456101628e-14,2.2204460492503131e-16,0.00043275000643916428,0.0020570839988067746
2,8,1,10,0,0.23000000000000001,0.31,0.37,0.35224640625000025,0.44850923437500034,0,quintic,1,4,0,5,fe_geometry,5.0971195844628916,1.7347234759768071e-18,1.1546319456101628e-14,2.2204460492503131e-16,0.00043275000643916428,0.0020570839988067746
2,8,1,10,0,0.23000000000000001,0.31,0.37,0.35224640625000025,0.44850923437500034,0,quintic,0,5,0,5,recursive,358.39934000644257,1.7347234759768071e-18,1.1546319456101628e-14,2.2204460492503131e-16,0.00043275000643916428,0.0020570839988067746
2,8,1,10,0,0.23000000000000001,0.31,0.37,0.35224640625000025,0.44850923437500034,0,quintic,0,5,0,5,direct,358.93393561954065,1.7347234759768071e-18,1.1546319456101628e-14,2.2204460492503131e-16,0.00043275000643916428,0.0020570839988067746
2,8,1,10,0,0.23000000000000001,0.31,0.37,0.35224640625000025,0.44850923437500034,0,quintic,0,5,0,5,fe_geometry,358.93393562069485,1.7347234759768071e-18,1.1546319456101628e-14,2.2204460492503131e-16,0.00043275000643916428,0.0020570839988067746
2,8,1,10,0,0.23000000000000001,0.31,0.37,0.35224640625000025,0.44850923437500034,0,quintic,6,0,0,6,recursive,1008.7973948360674,1.7347234759768071e-18,1.1546319456101628e-14,2.2204460492503131e-16,0.00043275000643916428,0.0020570839988067746
2,8,1,10,0,0.23000000000000001,0.31,0.37,0.35224640625000025,0.44850923437500034,0,quintic,6,0,0,6,direct,972.33798974516515,1.7347234759768071e-18,1.1546319456101628e-14,2.2204460492503131e-16,0.00043275000643916428,0.0020570839988067746
2,8,1,10,0,0.23000000000000001,0.31,0.37,0.35224640625000025,0.44850923437500034,0,quintic,6,0,0,6,fe_geometry,972.33798976025423,1.7347234759768071e-18,1.1546319456101628e-14,2.2204460492503131e-16,0.00043275000643916428,0.0020570839988067746
2,8,1,10,0,0.23000000000000001,0.31,0.37,0.35224640625000025,0.44850923437500034,0,quintic,5,1,0,6,recursive,31.522867386121725,1.7347234759768071e-18,1.1546319456101628e-14,2.2204460492503131e-16,0.00043275000643916428,0.0020570839988067746
2,8,1,10,0,0.23000000000000001,0.31,0.37,0.35224640625000025,0.44850923437500034,0,quintic,5,1,0,6,direct,31.625693824603498,1.7347234759768071e-18,1.1546319456101628e-14,2.2204460492503131e-16,0.00043275000643916428,0.0020570839988067746
2,8,1,10,0,0.23000000000000001,0.31,0.37,0.35224640625000025,0.44850923437500034,0,quintic,5,1,0,6,fe_geometry,31.625693839649877,1.7347234759768071e-18,1.1546319456101628e-14,2.2204460492503131e-16,0.00043275000643916428,0.0020570839988067746
2,8,1,10,0,0.23000000000000001,0.31,0.37,0.35224640625000025,0.44850923437500034,0,quintic,4,2,0,6,recursive,20.151756229073964,1.7347234759768071e-18,1.1546319456101628e-14,2.2204460492503131e-16,0.00043275000643916428,0.0020570839988067746
2,8,1,10,0,0.23000000000000001,0.31,0.37,0.35224640625000025,0.44850923437500034,0,quintic,4,2,0,6,direct,20.150502935038652,1.7347234759768071e-18,1.1546319456101628e-14,2.2204460492503131e-16,0.00043275000643916428,0.0020570839988067746
2,8,1,10,0,0.23000000000000001,0.31,0.37,0.35224640625000025,0.44850923437500034,0,quintic,4,2,0,6,fe_geometry,20.150502938849939,1.7347234759768071e-18,1.1546319456101628e-14,2.2204460492503131e-16,0.00043275000643916428,0.0020570839988067746
2,8,1,10,0,0.23000000000000001,0.31,0.37,0.35224640625000025,0.44850923437500034,0,quintic,3,3,0,6,recursive,12.014472572508607,1.7347234759768071e-18,1.1546319456101628e-14,2.2204460492503131e-16,0.00043275000643916428,0.0020570839988067746
2,8,1,10,0,0.23000000000000001,0.31,0.37,0.35224640625000025,0.44850923437500034,0,quintic,3,3,0,6,direct,12.014345636313056,1.7347234759768071e-18,1.1546319456101628e-14,2.2204460492503131e-16,0.00043275000643916428,0.0020570839988067746
2,8,1,10,0,0.23000000000000001,0.31,0.37,0.35224640625000025,0.44850923437500034,0,quintic,3,3,0,6,fe_geometry,12.014345716412974,1.7347234759768071e-18,1.1546319456101628e-14,2.2204460492503131e-16,0.00043275000643916428,0.0020570839988067746
2,8,1,10,0,0.23000000000000001,0.31,0.37,0.35224640625000025,0.44850923437500034,0,quintic,2,4,0,6,recursive,19.897029611912643,1.7347234759768071e-18,1.1546319456101628e-14,2.2204460492503131e-16,0.00043275000643916428,0.0020570839988067746
2,8,1,10,0,0.23000000000000001,0.31,0.37,0.35224640625000025,0.44850923437500034,0,quintic,2,4,0,6,direct,19.898110469686355,1.7347234759768071e-18,1.1546319456101628e-14,2.2204460492503131e-16,0.00043275000643916428,0.0020570839988067746
2,8,1,10,0,0.23000000000000001,0.31,0.37,0.35224640625000025,0.44850923437500034,0,quintic,2,4,0,6,fe_geometry,19.898110469904736,1.7347234759768071e-18,1.1546319456101628e-14,2.2204460492503131e-16,0.00043275000643916428,0.0020570839988067746
2,8,1,10,0,0.23000000000000001,0.31,0.37,0.35224640625000025,0.44850923437500034,0,quintic,1,5,0,6,recursive,26.053540725340735,1.7347234759768071e-18,1.1546319456101628e-14,2.2204460492503131e-16,0.00043275000643916428,0.0020570839988067746
2,8,1,10,0,0.23000000000000001,0.31,0.37,0.35224640625000025,0.44850923437500034,0,quintic,1,5,0,6,direct,26.074324936880529,1.7347234759768071e-18,1.1546319456101628e-14,2.2204460492503131e-16,0.00043275000643916428,0.0020570839988067746
2,8,1,10,0,0.23000000000000001,0.31,0.37,0.35224640625000025,0.44850923437500034,0,quintic,1,5,0,6,fe_geometry,26.074324958141737,1.7347234759768071e-18,1.1546319456101628e-14,2.2204460492503131e-16,0.00043275000643916428,0.0020570839988067746
2,8,1,10,0,0.23000000000000001,0.31,0.37,0.35224640625000025,0.44850923437500034,0,quintic,0,6,0,6,recursive,2890.2035522176257,1.7347234759768071e-18,1.1546319456101628e-14,2.2204460492503131e-16,0.00043275000643916428,0.0020570839988067746
2,8,1,10,0,0.23000000000000001,0.31,0.37,0.35224640625000025,0.44850923437500034,0,quintic,0,6,0,6,direct,2820.4236069521126,1.7347234759768071e-18,1.1546319456101628e-14,2.2204460492503131e-16,0.00043275000643916428,0.0020570839988067746
2,8,1,10,0,0.23000000000000001,0.31,0.37,0.35224640625000025,0.44850923437500034,0,quintic,0,6,0,6,fe_geometry,2820.4236069785588,1.7347234759768071e-18,1.1546319456101628e-14,2.2204460492503131e-16,0.00043275000643916428,0.0020570839988067746
2,8,1,10,0,0.23000000000000001,0.31,0.37,0.35224640625000025,0.44850923437500034,0,quintic,7,0,0,7,recursive,8717.2878246792006,1.7347234759768071e-18,1.1546319456101628e-14,2.2204460492503131e-16,0.00043275000643916428,0.0020570839988067746
2,8,1,10,0,0.23000000000000001,0.31,0.37,0.35224640625000025,0.44850923437500034,0,quintic,7,0,0,7,direct,8802.7590337756865,1.7347234759768071e-18,1.1546319456101628e-14,2.2204460492503131e-16,0.00043275000643916428,0.0020570839988067746
2,8,1,10,0,0.23000000000000001,0.31,0.37,0.35224640625000025,0.44850923437500034,0,quintic,7,0,0,7,fe_geometry,8802.7590340860697,1.7347234759768071e-18,1.1546319456101628e-14,2.2204460492503131e-16,0.00043275000643916428,0.0020570839988067746
2,8,1,10,0,0.23000000000000001,0.31,0.37,0.35224640625000025,0.44850923437500034,0,quintic,6,1,0,7,recursive,213.67415995436835,1.7347234759768071e-18,1.1546319456101628e-14,2.2204460492503131e-16,0.00043275000643916428,0.0020570839988067746
2,8,1,10,0,0.23000000000000001,0.31,0.37,0.35224640625000025,0.44850923437500034,0,quintic,6,1,0,7,direct,209.31955419815097,1.7347234759768071e-18,1.1546319456101628e-14,2.2204460492503131e-16,0.00043275000643916428,0.0020570839988067746
2,8,1,10,0,0.23000000000000001,0.31,0.37,0.35224640625000025,0.44850923437500034,0,quintic,6,1,0,7,fe_geometry,209.31955452966218,1.7347234759768071e-18,1.1546319456101628e-14,2.2204460492503131e-16,0.00043275000643916428,0.0020570839988067746
2,8,1,10,0,0.23000000000000001,0.31,0.37,0.35224640625000025,0.44850923437500034,0,quintic,5,2,0,7,recursive,103.3943619458278,1.7347234759768071e-18,1.1546319456101628e-14,2.2204460492503131e-16,0.00043275000643916428,0.0020570839988067746
2,8,1,10,0,0.23000000000000001,0.31,0.37,0.35224640625000025,0.44850923437500034,0,quintic,5,2,0,7,direct,103.73161664522002,1.7347234759768071e-18,1.1546319456101628e-14,2.2204460492503131e-16,0.00043275000643916428,0.0020570839988067746
2,8,1,10,0,0.23000000000000001,0.31,0.37,0.35224640625000025,0.44850923437500034,0,quintic,5,2,0,7,fe_geometry,103.73161660351464,1.7347234759768071e-18,1.1546319456101628e-14,2.2204460492503131e-16,0.00043275000643916428,0.0020570839988067746
2,8,1,10,0,0.23000000000000001,0.31,0.37,0.35224640625000025,0.44850923437500034,0,quintic,4,3,0,7,recursive,44.180001725098258,1.7347234759768071e-18,1.1546319456101628e-14,2.2204460492503131e-16,0.00043275000643916428,0.0020570839988067746
2,8,1,10,0,0.23000000000000001,0.31,0.37,0.35224640625000025,0.44850923437500034,0,quintic,4,3,0,7,direct,44.177104812212441,1.7347234759768071e-18,1.1546319456101628e-14,2.2204460492503131e-16,0.00043275000643916428,0.0020570839988067746
2,8,1,10,0,0.23000000000000001,0.31,0.37,0.35224640625000025,0.44850923437500034,0,quintic,4,3,0,7,fe_geometry,44.177104293612217,1.7347234759768071e-18,1.1546319456101628e-14,2.2204460492503131e-16,0.00043275000643916428,0.0020570839988067746
2,8,1,10,0,0.23000000000000001,0.31,0.37,0.35224640625000025,0.44850923437500034,0,quintic,3,4,0,7,recursive,43.897557220829157,1.7347234759768071e-18,1.1546319456101628e-14,2.2204460492503131e-16,0.00043275000643916428,0.0020570839988067746
2,8,1,10,0,0.23000000000000001,0.31,0.37,0.35224640625000025,0.44850923437500034,0,quintic,3,4,0,7,direct,43.89958103186968,1.7347234759768071e-18,1.1546319456101628e-14,2.2204460492503131e-16,0.00043275000643916428,0.0020570839988067746
2,8,1,10,0,0.23000000000000001,0.31,0.37,0.35224640625000025,0.44850923437500034,0,quintic,3,4,0,7,fe_geometry,43.899580699356335,1.7347234759768071e-18,1.1546319456101628e-14,2.2204460492503131e-16,0.00043275000643916428,0.0020570839988067746
2,8,1,10,0,0.23000000000000001,0.31,0.37,0.35224640625000025,0.44850923437500034,0,quintic,2,5,0,7,recursive,101.70767587756345,1.7347234759768071e-18,1.1546319456101628e-14,2.2204460492503131e-16,0.00043275000643916428,0.0020570839988067746
2,8,1,10,0,0.23000000000000001,0.31,0.37,0.35224640625000025,0.44850923437500034,0,quintic,2,5,0,7,direct,101.78881980601173,1.7347234759768071e-18,1.1546319456101628e-14,2.2204460492503131e-16,0.00043275000643916428,0.0020570839988067746
2,8,1,10,0,0.23000000000000001,0.31,0.37,0.35224640625000025,0.44850923437500034,0,quintic,2,5,0,7,fe_geometry,101.78882042731789,1.7347234759768071e-18,1.1546319456101628e-14,2.2204460492503131e-16,0.00043275000643916428,0.0020570839988067746
2,8,1,10,0,0.23000000000000001,0.31,0.37,0.35224640625000025,0.44850923437500034,0,quintic,1,6,0,7,recursive,174.05590986397456,1.7347234759768071e-18,1.1546319456101628e-14,2.2204460492503131e-16,0.00043275000643916428,0.0020570839988067746
2,8,1,10,0,0.23000000000000001,0.31,0.37,0.35224640625000025,0.44850923437500034,0,quintic,1,6,0,7,direct,171.49276068468018,1.7347234759768071e-18,1.1546319456101628e-14,2.2204460492503131e-16,0.00043275000643916428,0.0020570839988067746
2,8,1,10,0,0.23000000000000001,0.31,0.37,0.35224640625000025,0.44850923437500034,0,quintic,1,6,0,7,fe_geometry,171.49276135161455,1.7347234759768071e-18,1.1546319456101628e-14,2.2204460492503131e-16,0.00043275000643916428,0.0020570839988067746
2,8,1,10,0,0.23000000000000001,0.31,0.37,0.35224640625000025,0.44850923437500034,0,quintic,0,7,0,7,recursive,24014.541396335611,1.7347234759768071e-18,1.1546319456101628e-14,2.2204460492503131e-16,0.00043275000643916428,0.0020570839988067746
2,8,1,10,0,0.23000000000000001,0.31,0.37,0.35224640625000025,0.44850923437500034,0,quintic,0,7,0,7,direct,25116.243700156992,1.7347234759768071e-18,1.1546319456101628e-14,2.2204460492503131e-16,0.00043275000643916428,0.0020570839988067746
2,8,1,10,0,0.23000000000000001,0.31,0.37,0.35224640625000025,0.44850923437500034,0,quintic,0,7,0,7,fe_geometry,25116.243700673655,1.7347234759768071e-18,1.1546319456101628e-14,2.2204460492503131e-16,0.00043275000643916428,0.0020570839988067746
2,8,1,10,0,0.23000000000000001,0.31,0.37,0.35224640625000025,0.44850923437500034,0,quintic,8,0,0,8,recursive,75973.895730577962,1.7347234759768071e-18,1.1546319456101628e-14,2.2204460492503131e-16,0.00043275000643916428,0.0020570839988067746
2,8,1,10,0,0.23000000000000001,0.31,0.37,0.35224640625000025,0.44850923437500034,0,quintic,8,0,0,8,direct,90502.100889049339,1.7347234759768071e-18,1.1546319456101628e-14,2.2204460492503131e-16,0.00043275000643916428,0.0020570839988067746
2,8,1,10,0,0.23000000000000001,0.31,0.37,0.35224640625000025,0.44850923437500034,0,quintic,8,0,0,8,fe_geometry,90502.100895156153,1.7347234759768071e-18,1.1546319456101628e-14,2.2204460492503131e-16,0.00043275000643916428,0.0020570839988067746
2,8,1,10,0,0.23000000000000001,0.31,0.37,0.35224640625000025,0.44850923437500034,0,quintic,7,1,0,8,recursive,1694.8025819198838,1.7347234759768071e-18,1.1546319456101628e-14,2.2204460492503131e-16,0.00043275000643916428,0.0020570839988067746
2,8,1,10,0,0.23000000000000001,0.31,0.37,0.35224640625000025,0.44850923437500034,0,quintic,7,1,0,8,direct,1693.2836543239373,1.7347234759768071e-18,1.1546319456101628e-14,2.2204460492503131e-16,0.00043275000643916428,0.0020570839988067746
2,8,1,10,0,0.23000000000000001,0.31,0.37,0.35224640625000025,0.44850923437500034,0,quintic,7,1,0,8,fe_geometry,1693.2836605641119,1.7347234759768071e-18,1.1546319456101628e-14,2.2204460492503131e-16,0.00043275000643916428,0.0020570839988067746
2,8,1,10,0,0.23000000000000001,0.31,0.37,0.35224640625000025,0.44850923437500034,0,quintic,6,2,0,8,recursive,700.84668551909226,1.7347234759768071e-18,1.1546319456101628e-14,2.2204460492503131e-16,0.00043275000643916428,0.0020570839988067746
2,8,1,10,0,0.23000000000000001,0.31,0.37,0.35224640625000025,0.44850923437500034,0,quintic,6,2,0,8,direct,686.56376140119301,1.7347234759768071e-18,1.1546319456101628e-14,2.2204460492503131e-16,0.00043275000643916428,0.0020570839988067746
2,8,1,10,0,0.23000000000000001,0.31,0.37,0.35224640625000025,0.44850923437500034,0,quintic,6,2,0,8,fe_geometry,686.56375911186706,1.7347234759768071e-18,1.1546319456101628e-14,2.2204460492503131e-16,0.00043275000643916428,0.0020570839988067746
2,8,1,10,0,0.23000000000000001,0.31,0.37,0.35224640625000025,0.44850923437500034,0,quintic,5,3,0,8,recursive,226.67681841685592,1.7347234759768071e-18,1.1546319456101628e-14,2.2204460492503131e-16,0.00043275000643916428,0.0020570839988067746
2,8,1,10,0,0.23000000000000001,0.31,0.37,0.35224640625000025,0.44850923437500034,0,quintic,5,3,0,8,direct,227.41696684192453,1.7347234759768071e-18,1.1546319456101628e-14,2.2204460492503131e-16,0.00043275000643916428,0.0020570839988067746
2,8,1,10,0,0.23000000000000001,0.31,0.37,0.35224640625000025,0.44850923437500034,0,quintic,5,3,0,8,fe_geometry,227.41694118734162,1.7347234759768071e-18,1.1546319456101628e-14,2.2204460492503131e-16,0.00043275000643916428,0.0020570839988067746
2,8,1,10,0,0.23000000000000001,0.31,0.37,0.35224640625000025,0.44850923437500034,0,quintic,4,4,0,8,recursive,161.42077011896944,1.7347234759768071e-18,1.1546319456101628e-14,2.2204460492503131e-16,0.00043275000643916428,0.0020570839988067746
2,8,1,10,0,0.23000000000000001,0.31,0.37,0.35224640625000025,0.44850923437500034,0,quintic,4,4,0,8,direct,161.41980201751957,1.7347234759768071e-18,1.1546319456101628e-14,2.2204460492503131e-16,0.00043275000643916428,0.0020570839988067746
2,8,1,10,0,0.23000000000000001,0.31,0.37,0.35224640625000025,0.44850923437500034,0,quintic,4,4,0,8,fe_geometry,161.41979052804527,1.7347234759768071e-18,1.1546319456101628e-14,2.2204460492503131e-16,0.00043275000643916428,0.0020570839988067746
2,8,1,10,0,0.23000000000000001,0.31,0.37,0.35224640625000025,0.44850923437500034,0,quintic,3,5,0,8,recursive,224.39065087420059,1.7347234759768071e-18,1.1546319456101628e-14,2.2204460492503131e-16,0.00043275000643916428,0.0020570839988067746
2,8,1,10,0,0.23000000000000001,0.31,0.37,0.35224640625000025,0.44850923437500034,0,quintic,3,5,0,8,direct,224.56800118775547,1.7347234759768071e-18,1.1546319456101628e-14,2.2204460492503131e-16,0.00043275000643916428,0.0020570839988067746
2,8,1,10,0,0.23000000000000001,0.31,0.37,0.35224640625000025,0.44850923437500034,0,quintic,3,5,0,8,fe_geometry,224.56793073318269,1.7347234759768071e-18,1.1546319456101628e-14,2.2204460492503131e-16,0.00043275000643916428,0.0020570839988067746
2,8,1,10,0,0.23000000000000001,0.31,0.37,0.35224640625000025,0.44850923437500034,0,quintic,2,6,0,8,recursive,679.47857651555114,1.7347234759768071e-18,1.1546319456101628e-14,2.2204460492503131e-16,0.00043275000643916428,0.0020570839988067746
2,8,1,10,0,0.23000000000000001,0.31,0.37,0.35224640625000025,0.44850923437500034,0,quintic,2,6,0,8,direct,669.4725751946421,1.7347234759768071e-18,1.1546319456101628e-14,2.2204460492503131e-16,0.00043275000643916428,0.0020570839988067746
2,8,1,10,0,0.23000000000000001,0.31,0.37,0.35224640625000025,0.44850923437500034,0,quintic,2,6,0,8,fe_geometry,669.47259460505688,1.7347234759768071e-18,1.1546319456101628e-14,2.2204460492503131e-16,0.00043275000643916428,0.0020570839988067746
2,8,1,10,0,0.23000000000000001,0.31,0.37,0.35224640625000025,0.44850923437500034,0,quintic,1,7,0,8,recursive,1344.0009184691298,1.7347234759768071e-18,1.1546319456101628e-14,2.2204460492503131e-16,0.00043275000643916428,0.0020570839988067746
2,8,1,10,0,0.23000000000000001,0.31,0.37,0.35224640625000025,0.44850923437500034,0,quintic,1,7,0,8,direct,1378.5695594882145,1.7347234759768071e-18,1.1546319456101628e-14,2.2204460492503131e-16,0.00043275000643916428,0.0020570839988067746
2,8,1,10,0,0.23000000000000001,0.31,0.37,0.35224640625000025,0.44850923437500034,0,quintic,1,7,0,8,fe_geometry,1378.5695752293914,1.7347234759768071e-18,1.1546319456101628e-14,2.2204460492503131e-16,0.00043275000643916428,0.0020570839988067746
2,8,1,10,0,0.23000000000000001,0.31,0.37,0.35224640625000025,0.44850923437500034,0,quintic,0,8,0,8,recursive,201571.99990473437,1.7347234759768071e-18,1.1546319456101628e-14,2.2204460492503131e-16,0.00043275000643916428,0.0020570839988067746
2,8,1,10,0,0.23000000000000001,0.31,0.37,0.35224640625000025,0.44850923437500034,0,quintic,0,8,0,8,direct,255020.54272210444,1.7347234759768071e-18,1.1546319456101628e-14,2.2204460492503131e-16,0.00043275000643916428,0.0020570839988067746
2,8,1,10,0,0.23000000000000001,0.31,0.37,0.35224640625000025,0.44850923437500034,0,quintic,0,8,0,8,fe_geometry,255020.54273141094,1.7347234759768071e-18,1.1546319456101628e-14,2.2204460492503131e-16,0.00043275000643916428,0.0020570839988067746
2,8,1,10,0,0.23000000000000001,0.31,0.37,0.35224640625000025,0.44850923437500034,0,quintic,9,0,0,9,recursive,663980.84807939688,1.7347234759768071e-18,1.1546319456101628e-14,2.2204460492503131e-16,0.00043275000643916428,0.0020570839988067746
2,8,1,10,0,0.23000000000000001,0.31,0.37,0.35224640625000025,0.44850923437500034,0,quintic,9,0,0,9,direct,1050403.794575226,1.7347234759768071e-18,1.1546319456101628e-14,2.2204460492503131e-16,0.00043275000643916428,0.0020570839988067746
2,8,1,10,0,0.23000000000000001,0.31,0.37,0.35224640625000025,0.44850923437500034,0,quintic,9,0,0,9,fe_geometry,1050403.7946897368,1.7347234759768071e-18,1.1546319456101628e-14,2.2204460492503131e-16,0.00043275000643916428,0.0020570839988067746
2,8,1,10,0,0.23000000000000001,0.31,0.37,0.35224640625000025,0.44850923437500034,0,quintic,8,1,0,9,recursive,14338.149345630585,1.7347234759768071e-18,1.1546319456101628e-14,2.2204460492503131e-16,0.00043275000643916428,0.0020570839988067746
2,8,1,10,0,0.23000000000000001,0.31,0.37,0.35224640625000025,0.44850923437500034,0,quintic,8,1,0,9,direct,16188.264743347816,1.7347234759768071e-18,1.1546319456101628e-14,2.2204460492503131e-16,0.00043275000643916428,0.0020570839988067746
2,8,1,10,0,0.23000000000000001,0.31,0.37,0.35224640625000025,0.44850923437500034,0,quintic,8,1,0,9,fe_geometry,16188.264858727098,1.7347234759768071e-18,1.1546319456101628e-14,2.2204460492503131e-16,0.00043275000643916428,0.0020570839988067746
2,8,1,10,0,0.23000000000000001,0.31,0.37,0.35224640625000025,0.44850923437500034,0,quintic,7,2,0,9,recursive,5558.9150511798207,1.7347234759768071e-18,1.1546319456101628e-14,2.2204460492503131e-16,0.00043275000643916428,0.0020570839988067746
2,8,1,10,0,0.23000000000000001,0.31,0.37,0.35224640625000025,0.44850923437500034,0,quintic,7,2,0,9,direct,5553.9349058832431,1.7347234759768071e-18,1.1546319456101628e-14,2.2204460492503131e-16,0.00043275000643916428,0.0020570839988067746
2,8,1,10,0,0.23000000000000001,0.31,0.37,0.35224640625000025,0.44850923437500034,0,quintic,7,2,0,9,fe_geometry,5553.9348610314091,1.7347234759768071e-18,1.1546319456101628e-14,2.2204460492503131e-16,0.00043275000643916428,0.0020570839988067746
2,8,1,10,0,0.23000000000000001,0.31,0.37,0.35224640625000025,0.44850923437500034,0,quintic,6,3,0,9,recursive,1536.5252434736637,1.7347234759768071e-18,1.1546319456101628e-14,2.2204460492503131e-16,0.00043275000643916428,0.0020570839988067746
2,8,1,10,0,0.23000000000000001,0.31,0.37,0.35224640625000025,0.44850923437500034,0,quintic,6,3,0,9,direct,1505.1952377320017,1.7347234759768071e-18,1.1546319456101628e-14,2.2204460492503131e-16,0.00043275000643916428,0.0020570839988067746
2,8,1,10,0,0.23000000000000001,0.31,0.37,0.35224640625000025,0.44850923437500034,0,quintic,6,3,0,9,fe_geometry,1505.1946143937935,1.7347234759768071e-18,1.1546319456101628e-14,2.2204460492503131e-16,0.00043275000643916428,0.0020570839988067746
2,8,1,10,0,0.23000000000000001,0.31,0.37,0.35224640625000025,0.44850923437500034,0,quintic,5,4,0,9,recursive,828.22591553041138,1.7347234759768071e-18,1.1546319456101628e-14,2.2204460492503131e-16,0.00043275000643916428,0.0020570839988067746
2,8,1,10,0,0.23000000000000001,0.31,0.37,0.35224640625000025,0.44850923437500034,0,quintic,5,4,0,9,direct,830.96984875023441,1.7347234759768071e-18,1.1546319456101628e-14,2.2204460492503131e-16,0.00043275000643916428,0.0020570839988067746
2,8,1,10,0,0.23000000000000001,0.31,0.37,0.35224640625000025,0.44850923437500034,0,quintic,5,4,0,9,fe_geometry,830.97016379322076,1.7347234759768071e-18,1.1546319456101628e-14,2.2204460492503131e-16,0.00043275000643916428,0.0020570839988067746
2,8,1,10,0,0.23000000000000001,0.31,0.37,0.35224640625000025,0.44850923437500034,0,quintic,4,5,0,9,recursive,825.132701078629,1.7347234759768071e-18,1.1546319456101628e-14,2.2204460492503131e-16,0.00043275000643916428,0.0020570839988067746
2,8,1,10,0,0.23000000000000001,0.31,0.37,0.35224640625000025,0.44850923437500034,0,quintic,4,5,0,9,direct,825.76126182059772,1.7347234759768071e-18,1.1546319456101628e-14,2.2204460492503131e-16,0.00043275000643916428,0.0020570839988067746
2,8,1,10,0,0.23000000000000001,0.31,0.37,0.35224640625000025,0.44850923437500034,0,quintic,4,5,0,9,fe_geometry,825.76198777019533,1.7347234759768071e-18,1.1546319456101628e-14,2.2204460492503131e-16,0.00043275000643916428,0.0020570839988067746
2,8,1,10,0,0.23000000000000001,0.31,0.37,0.35224640625000025,0.44850923437500034,0,quintic,3,6,0,9,recursive,1499.0841705052355,1.7347234759768071e-18,1.1546319456101628e-14,2.2204460492503131e-16,0.00043275000643916428,0.0020570839988067746
2,8,1,10,0,0.23000000000000001,0.31,0.37,0.35224640625000025,0.44850923437500034,0,quintic,3,6,0,9,direct,1476.9986144393365,1.7347234759768071e-18,1.1546319456101628e-14,2.2204460492503131e-16,0.00043275000643916428,0.0020570839988067746
2,8,1,10,0,0.23000000000000001,0.31,0.37,0.35224640625000025,0.44850923437500034,0,quintic,3,6,0,9,fe_geometry,1476.9962237302955,1.7347234759768071e-18,1.1546319456101628e-14,2.2204460492503131e-16,0.00043275000643916428,0.0020570839988067746
2,8,1,10,0,0.23000000000000001,0.31,0.37,0.35224640625000025,0.44850923437500034,0,quintic,2,7,0,9,recursive,5246.7040491027738,1.7347234759768071e-18,1.1546319456101628e-14,2.2204460492503131e-16,0.00043275000643916428,0.0020570839988067746
2,8,1,10,0,0.23000000000000001,0.31,0.37,0.35224640625000025,0.44850923437500034,0,quintic,2,7,0,9,direct,5381.6528476903604,1.7347234759768071e-18,1.1546319456101628e-14,2.2204460492503131e-16,0.00043275000643916428,0.0020570839988067746
2,8,1,10,0,0.23000000000000001,0.31,0.37,0.35224640625000025,0.44850923437500034,0,quintic,2,7,0,9,fe_geometry,5381.6532786461376,1.7347234759768071e-18,1.1546319456101628e-14,2.2204460492503131e-16,0.00043275000643916428,0.0020570839988067746
2,8,1,10,0,0.23000000000000001,0.31,0.37,0.35224640625000025,0.44850923437500034,0,quintic,1,8,0,9,recursive,10999.147470036967,1.7347234759768071e-18,1.1546319456101628e-14,2.2204460492503131e-16,0.00043275000643916428,0.0020570839988067746
2,8,1,10,0,0.23000000000000001,0.31,0.37,0.35224640625000025,0.44850923437500034,0,quintic,1,8,0,9,direct,13096.710987558732,1.7347234759768071e-18,1.1546319456101628e-14,2.2204460492503131e-16,0.00043275000643916428,0.0020570839988067746
2,8,1,10,0,0.23000000000000001,0.31,0.37,0.35224640625000025,0.44850923437500034,0,quintic,1,8,0,9,fe_geometry,13096.711301663869,1.7347234759768071e-18,1.1546319456101628e-14,2.2204460492503131e-16,0.00043275000643916428,0.0020570839988067746
2,8,1,10,0,0.23000000000000001,0.31,0.37,0.35224640625000025,0.44850923437500034,0,quintic,0,9,0,9,recursive,1697572.7007357846,1.7347234759768071e-18,1.1546319456101628e-14,2.2204460492503131e-16,0.00043275000643916428,0.0020570839988067746
2,8,1,10,0,0.23000000000000001,0.31,0.37,0.35224640625000025,0.44850923437500034,0,quintic,0,9,0,9,direct,2929127.4373739813,1.7347234759768071e-18,1.1546319456101628e-14,2.2204460492503131e-16,0.00043275000643916428,0.0020570839988067746
2,8,1,10,0,0.23000000000000001,0.31,0.37,0.35224640625000025,0.44850923437500034,0,quintic,0,9,0,9,fe_geometry,2929127.4375371602,1.7347234759768071e-18,1.1546319456101628e-14,2.2204460492503131e-16,0.00043275000643916428,0.0020570839988067746
2,8,1,10,0,0.23000000000000001,0.31,0.37,0.35224640625000025,0.44850923437500034,0,quintic,10,0,0,10,recursive,5808141.7656317512,1.7347234759768071e-18,1.1546319456101628e-14,2.2204460492503131e-16,0.00043275000643916428,0.0020570839988067746
2,8,1,10,0,0.23000000000000001,0.31,0.37,0.35224640625000025,0.44850923437500034,0,quintic,10,0,0,10,direct,13634698.688601393,1.7347234759768071e-18,1.1546319456101628e-14,2.2204460492503131e-16,0.00043275000643916428,0.0020570839988067746
2,8,1,10,0,0.23000000000000001,0.31,0.37,0.35224640625000025,0.44850923437500034,0,quintic,10,0,0,10,fe_geometry,13634698.690743582,1.7347234759768071e-18,1.1546319456101628e-14,2.2204460492503131e-16,0.00043275000643916428,0.0020570839988067746
2,8,1,10,0,0.23000000000000001,0.31,0.37,0.35224640625000025,0.44850923437500034,0,quintic,9,1,0,10,recursive,124085.53918127749,1.7347234759768071e-18,1.1546319456101628e-14,2.2204460492503131e-16,0.00043275000643916428,0.0020570839988067746
2,8,1,10,0,0.23000000000000001,0.31,0.37,0.35224640625000025,0.44850923437500034,0,quintic,9,1,0,10,direct,178574.2304573516,1.7347234759768071e-18,1.1546319456101628e-14,2.2204460492503131e-16,0.00043275000643916428,0.0020570839988067746
2,8,1,10,0,0.23000000000000001,0.31,0.37,0.35224640625000025,0.44850923437500034,0,quintic,9,1,0,10,fe_geometry,178574.23254410777,1.7347234759768071e-18,1.1546319456101628e-14,2.2204460492503131e-16,0.00043275000643916428,0.0020570839988067746
2,8,1,10,0,0.23000000000000001,0.31,0.37,0.35224640625000025,0.44850923437500034,0,quintic,8,2,0,10,recursive,47028.80716920134,1.7347234759768071e-18,1.1546319456101628e-14,2.2204460492503131e-16,0.00043275000643916428,0.0020570839988067746
2,8,1,10,0,0.23000000000000001,0.31,0.37,0.35224640625000025,0.44850923437500034,0,quintic,8,2,0,10,direct,53097.168620839751,1.7347234759768071e-18,1.1546319456101628e-14,2.2204460492503131e-16,0.00043275000643916428,0.0020570839988067746
2,8,1,10,0,0.23000000000000001,0.31,0.37,0.35224640625000025,0.44850923437500034,0,quintic,8,2,0,10,fe_geometry,53097.167813340471,1.7347234759768071e-18,1.1546319456101628e-14,2.2204460492503131e-16,0.00043275000643916428,0.0020570839988067746
2,8,1,10,0,0.23000000000000001,0.31,0.37,0.35224640625000025,0.44850923437500034,0,quintic,7,3,0,10,recursive,12187.504206132438,1.7347234759768071e-18,1.1546319456101628e-14,2.2204460492503131e-16,0.00043275000643916428,0.0020570839988067746
2,8,1,10,0,0.23000000000000001,0.31,0.37,0.35224640625000025,0.44850923437500034,0,quintic,7,3,0,10,direct,12176.231906897712,1.7347234759768071e-18,1.1546319456101628e-14,2.2204460492503131e-16,0.00043275000643916428,0.0020570839988067746
2,8,1,10,0,0.23000000000000001,0.31,0.37,0.35224640625000025,0.44850923437500034,0,quintic,7,3,0,10,fe_geometry,12176.218896376953,1.7347234759768071e-18,1.1546319456101628e-14,2.2204460492503131e-16,0.00043275000643916428,0.0020570839988067746
2,8,1,10,0,0.23000000000000001,0.31,0.37,0.35224640625000025,0.44850923437500034,0,quintic,6,4,0,10,recursive,5614.150363805762,1.7347234759768071e-18,1.1546319456101628e-14,2.2204460492503131e-16,0.00043275000643916428,0.0020570839988067746
2,8,1,10,0,0.23000000000000001,0.31,0.37,0.35224640625000025,0.44850923437500034,0,quintic,6,4,0,10,direct,5499.9300658934462,1.7347234759768071e-18,1.1546319456101628e-14,2.2204460492503131e-16,0.00043275000643916428,0.0020570839988067746
2,8,1,10,0,0.23000000000000001,0.31,0.37,0.35224640625000025,0.44850923437500034,0,quintic,6,4,0,10,fe_geometry,5499.9433688330837,1.7347234759768071e-18,1.1546319456101628e-14,2.2204460492503131e-16,0.00043275000643916428,0.0020570839988067746
2,8,1,10,0,0.23000000000000001,0.31,0.37,0.35224640625000025,0.44850923437500034,0,quintic,5,5,0,10,recursive,4234.7994506153009,1.7347234759768071e-18,1.1546319456101628e-14,2.2204460492503131e-16,0.00043275000643916428,0.0020570839988067746
2,8,1,10,0,0.23000000000000001,0.31,0.37,0.35224640625000025,0.44850923437500034,0,quintic,5,5,0,10,direct,4250.5540027343177,1.7347234759768071e-18,1.1546319456101628e-14,2.2204460492503131e-16,0.00043275000643916428,0.0020570839988067746
2,8,1,10,0,0.23000000000000001,0.31,0.37,0.35224640625000025,0.44850923437500034,0,quintic,5,5,0,10,fe_geometry,4250.5771268407534,1.7347234759768071e-18,1.1546319456101628e-14,2.2204460492503131e-16,0.00043275000643916428,0.0020570839988067746
2,8,1,10,0,0.23000000000000001,0.31,0.37,0.35224640625000025,0.44850923437500034,0,quintic,4,6,0,10,recursive,5512.4560951245639,1.7347234759768071e-18,1.1546319456101628e-14,2.2204460492503131e-16,0.00043275000643916428,0.0020570839988067746
2,8,1,10,0,0.23000000000000001,0.31,0.37,0.35224640625000025,0.44850923437500034,0,quintic,4,6,0,10,direct,5431.1719251343848,1.7347234759768071e-18,1.1546319456101628e-14,2.2204460492503131e-16,0.00043275000643916428,0.0020570839988067746
2,8,1,10,0,0.23000000000000001,0.31,0.37,0.35224640625000025,0.44850923437500034,0,quintic,4,6,0,10,fe_geometry,5431.2080299897052,1.7347234759768071e-18,1.1546319456101628e-14,2.2204460492503131e-16,0.00043275000643916428,0.0020570839988067746
2,8,1,10,0,0.23000000000000001,0.31,0.37,0.35224640625000025,0.44850923437500034,0,quintic,3,7,0,10,recursive,11575.412319739253,1.7347234759768071e-18,1.1546319456101628e-14,2.2204460492503131e-16,0.00043275000643916428,0.0020570839988067746
2,8,1,10,0,0.23000000000000001,0.31,0.37,0.35224640625000025,0.44850923437500034,0,quintic,3,7,0,10,direct,11873.059295357913,1.7347234759768071e-18,1.1546319456101628e-14,2.2204460492503131e-16,0.00043275000643916428,0.0020570839988067746
2,8,1,10,0,0.23000000000000001,0.31,0.37,0.35224640625000025,0.44850923437500034,0,quintic,3,7,0,10,fe_geometry,11873.002492918209,1.7347234759768071e-18,1.1546319456101628e-14,2.2204460492503131e-16,0.00043275000643916428,0.0020570839988067746
2,8,1,10,0,0.23000000000000001,0.31,0.37,0.35224640625000025,0.44850923437500034,0,quintic,2,8,0,10,recursive,42938.417046424169,1.7347234759768071e-18,1.1546319456101628e-14,2.2204460492503131e-16,0.00043275000643916428,0.0020570839988067746
2,8,1,10,0,0.23000000000000001,0.31,0.37,0.35224640625000025,0.44850923437500034,0,quintic,2,8,0,10,direct,51126.873498715278,1.7347234759768071e-18,1.1546319456101628e-14,2.2204460492503131e-16,0.00043275000643916428,0.0020570839988067746
2,8,1,10,0,0.23000000000000001,0.31,0.37,0.35224640625000025,0.44850923437500034,0,quintic,2,8,0,10,fe_geometry,51126.881872461985,1.7347234759768071e-18,1.1546319456101628e-14,2.2204460492503131e-16,0.00043275000643916428,0.0020570839988067746
2,8,1,10,0,0.23000000000000001,0.31,0.37,0.35224640625000025,0.44850923437500034,0,quintic,1,9,0,10,recursive,91860.566738831447,1.7347234759768071e-18,1.1546319456101628e-14,2.2204460492503131e-16,0.00043275000643916428,0.0020570839988067746
2,8,1,10,0,0.23000000000000001,0.31,0.37,0.35224640625000025,0.44850923437500034,0,quintic,1,9,0,10,direct,143563.39148876359,1.7347234759768071e-18,1.1546319456101628e-14,2.2204460492503131e-16,0.00043275000643916428,0.0020570839988067746
2,8,1,10,0,0.23000000000000001,0.31,0.37,0.35224640625000025,0.44850923437500034,0,quintic,1,9,0,10,fe_geometry,143563.39731342101,1.7347234759768071e-18,1.1546319456101628e-14,2.2204460492503131e-16,0.00043275000643916428,0.0020570839988067746
2,8,1,10,0,0.23000000000000001,0.31,0.37,0.35224640625000025,0.44850923437500034,0,quintic,0,10,0,10,recursive,14311775.21816995,1.7347234759768071e-18,1.1546319456101628e-14,2.2204460492503131e-16,0.00043275000643916428,0.0020570839988067746
2,8,1,10,0,0.23000000000000001,0.31,0.37,0.35224640625000025,0.44850923437500034,0,quintic,0,10,0,10,direct,37670623.847720407,1.7347234759768071e-18,1.1546319456101628e-14,2.2204460492503131e-16,0.00043275000643916428,0.0020570839988067746
2,8,1,10,0,0.23000000000000001,0.31,0.37,0.35224640625000025,0.44850923437500034,0,quintic,0,10,0,10,fe_geometry,37670623.850627892,1.7347234759768071e-18,1.1546319456101628e-14,2.2204460492503131e-16,0.00043275000643916428,0.0020570839988067746
2,8,1,10,1,0.60999999999999999,0.46999999999999997,0.53000000000000003,0.4162051562500001,0.47147373437500006,0,constant,1,0,0,1,recursive,2.0020268300301119e-14,3.3306690738754696e-16,8.8817841970012523e-15,3.3306690738754696e-16,0.00043275000643916428,0.00059700000565499067
2,8,1,10,1,0.60999999999999999,0.46999999999999997,0.53000000000000003,0.4162051562500001,0.47147373437500006,0,constant,1,0,0,1,direct,9.6548186545017033e-14,3.3306690738754696e-16,8.8817841970012523e-15,3.3306690738754696e-16,0.00043275000643916428,0.00059700000565499067
2,8,1,10,1,0.60999999999999999,0.46999999999999997,0.53000000000000003,0.4162051562500001,0.47147373437500006,0,constant,1,0,0,1,fe_geometry,9.6548186545017336e-14,3.3306690738754696e-16,8.8817841970012523e-15,3.3306690738754696e-16,0.00043275000643916428,0.00059700000565499067
2,8,1,10,1,0.60999999999999999,0.46999999999999997,0.53000000000000003,0.4162051562500001,0.47147373437500006,0,constant,0,1,0,1,recursive,-3.8403970459060332e-15,3.3306690738754696e-16,8.8817841970012523e-15,3.3306690738754696e-16,0.00043275000643916428,0.00059700000565499067
2,8,1,10,1,0.60999999999999999,0.46999999999999997,0.53000000000000003,0.4162051562500001,0.47147373437500006,0,constant,0,1,0,1,direct,1.1851507376644307e-13,3.3306690738754696e-16,8.8817841970012523e-15,3.3306690738754696e-16,0.00043275000643916428,0.00059700000565499067
2,8,1,10,1,0.60999999999999999,0.46999999999999997,0.53000000000000003,0.4162051562500001,0.47147373437500006,0,constant,0,1,0,1,fe_geometry,1.1851507376644045e-13,3.3306690738754696e-16,8.8817841970012523e-15,3.3306690738754696e-16,0.00043275000643916428,0.00059700000565499067
2,8,1,10,1,0.60999999999999999,0.46999999999999997,0.53000000000000003,0.4162051562500001,0.47147373437500006,0,constant,2,0,0,2,recursive,3.5692670774741612e-13,3.3306690738754696e-16,8.8817841970012523e-15,3.3306690738754696e-16,0.00043275000643916428,0.00059700000565499067
2,8,1,10,1,0.60999999999999999,0.46999999999999997,0.53000000000000003,0.4162051562500001,0.47147373437500006,0,constant,2,0,0,2,direct,-5.3459982545932663e-13,3.3306690738754696e-16,8.8817841970012523e-15,3.3306690738754696e-16,0.00043275000643916428,0.00059700000565499067
2,8,1,10,1,0.60999999999999999,0.46999999999999997,0.53000000000000003,0.4162051562500001,0.47147373437500006,0,constant,2,0,0,2,fe_geometry,-5.3459982545946184e-13,3.3306690738754696e-16,8.8817841970012523e-15,3.3306690738754696e-16,0.00043275000643916428,0.00059700000565499067
2,8,1,10,1,0.60999999999999999,0.46999999999999997,0.53000000000000003,0.4162051562500001,0.47147373437500006,0,constant,1,1,0,2,recursive,-1.4576607657963181e-13,3.3306690738754696e-16,8.8817841970012523e-15,3.3306690738754696e-16,0.00043275000643916428,0.00059700000565499067
2,8,1,10,1,0.60999999999999999,0.46999999999999997,0.53000000000000003,0.4162051562500001,0.47147373437500006,0,constant,1,1,0,2,direct,1.9227714604474373e-12,3.3306690738754696e-16,8.8817841970012523e-15,3.3306690738754696e-16,0.00043275000643916428,0.00059700000565499067
2,8,1,10,1,0.60999999999999999,0.46999999999999997,0.53000000000000003,0.4162051562500001,0.47147373437500006,0,constant,1,1,0,2,fe_geometry,1.92277146044743e-12,3.3306690738754696e-16,8.8817841970012523e-15,3.3306690738754696e-16,0.00043275000643916428,0.00059700000565499067
2,8,1,10,1,0.60999999999999999,0.46999999999999997,0.53000000000000003,0.4162051562500001,0.47147373437500006,0,constant,0,2,0,2,recursive,-2.6477061325629051e-13,3.3306690738754696e-16,8.8817841970012523e-15,3.3306690738754696e-16,0.00043275000643916428,0.00059700000565499067
2,8,1,10,1,0.60999999999999999,0.46999999999999997,0.53000000000000003,0.4162051562500001,0.47147373437500006,0,constant,0,2,0,2,direct,2.1566721205596811e-12,3.3306690738754696e-16,8.8817841970012523e-15,3.3306690738754696e-16,0.00043275000643916428,0.00059700000565499067
2,8,1,10,1,0.60999999999999999,0.46999999999999997,0.53000000000000003,0.4162051562500001,0.47147373437500006,0,constant,0,2,0,2,fe_geometry,2.1566721205595987e-12,3.3306690738754696e-16,8.8817841970012523e-15,3.3306690738754696e-16,0.00043275000643916428,0.00059700000565499067
2,8,1,10,1,0.60999999999999999,0.46999999999999997,0.53000000000000003,0.4162051562500001,0.47147373437500006,0,constant,3,0,0,3,recursive,-3.5888579480437142e-11,3.3306690738754696e-16,8.8817841970012523e-15,3.3306690738754696e-16,0.00043275000643916428,0.00059700000565499067
2,8,1,10,1,0.60999999999999999,0.46999999999999997,0.53000000000000003,0.4162051562500001,0.47147373437500006,0,constant,3,0,0,3,direct,-5.3080423886237694e-11,3.3306690738754696e-16,8.8817841970012523e-15,3.3306690738754696e-16,0.00043275000643916428,0.00059700000565499067
2,8,1,10,1,0.60999999999999999,0.46999999999999997,0.53000000000000003,0.4162051562500001,0.47147373437500006,0,constant,3,0,0,3,fe_geometry,-5.3080423886240757e-11,3.3306690738754696e-16,8.8817841970012523e-15,3.3306690738754696e-16,0.00043275000643916428,0.00059700000565499067
2,8,1,10,1,0.60999999999999999,0.46999999999999997,0.53000000000000003,0.4162051562500001,0.47147373437500006,0,constant,2,1,0,3,recursive,-1.4873711080683675e-11,3.3306690738754696e-16,8.8817841970012523e-15,3.3306690738754696e-16,0.00043275000643916428,0.00059700000565499067
2,8,1,10,1,0.60999999999999999,0.46999999999999997,0.53000000000000003,0.4162051562500001,0.47147373437500006,0,constant,2,1,0,3,direct,-3.5753302232023541e-11,3.3306690738754696e-16,8.8817841970012523e-15,3.3306690738754696e-16,0.00043275000643916428,0.00059700000565499067
2,8,1,10,1,0.60999999999999999,0.46999999999999997,0.53000000000000003,0.4162051562500001,0.47147373437500006,0,constant,2,1,0,3,fe_geometry,-3.5753302232024717e-11,3.3306690738754696e-16,8.8817841970012523e-15,3.3306690738754696e-16,0.00043275000643916428,0.00059700000565499067
2,8,1,10,1,0.60999999999999999,0.46999999999999997,0.53000000000000003,0.4162051562500001,0.47147373437500006,0,constant,1,2,0,3,recursive,3.2696132430206165e-11,3.3306690738754696e-16,8.8817841970012523e-15,3.3306690738754696e-16,0.00043275000643916428,0.00059700000565499067
2,8,1,10,1,0.60999999999999999,0.46999999999999997,0.53000000000000003,0.4162051562500001,0.47147373437500006,0,constant,1,2,0,3,direct,2.9548979184517172e-11,3.3306690738754696e-16,8.8817841970012523e-15,3.3306690738754696e-16,0.00043275000643916428,0.00059700000565499067
2,8,1,10,1,0.60999999999999999,0.46999999999999997,0.53000000000000003,0.4162051562500001,0.47147373437500006,0,constant,1,2,0,3,fe_geometry,2.9548979184517547e-11,3.3306690738754696e-16,8.8817841970012523e-15,3.3306690738754696e-16,0.00043275000643916428,0.00059700000565499067
2,8,1,10,1,0.60999999999999999,0.46999999999999997,0.53000000000000003,0.4162051562500001,0.47147373437500006,0,constant,0,3,0,3,recursive,-2.2955878827612736e-11,3.3306690738754696e-16,8.8817841970012523e-15,3.3306690738754696e-16,0.00043275000643916428,0.00059700000565499067
2,8,1,10,1,0.60999999999999999,0.46999999999999997,0.53000000000000003,0.4162051562500001,0.47147373437500006,0,constant,0,3,0,3,direct,-4.2498391522170682e-10,3.3306690738754696e-16,8.8817841970012523e-15,3.3306690738754696e-16,0.00043275000643916428,0.00059700000565499067
2,8,1,10,1,0.60999999999999999,0.46999999999999997,0.53000000000000003,0.4162051562500001,0.47147373437500006,0,constant,0,3,0,3,fe_geometry,-4.2498391522168914e-10,3.3306690738754696e-16,8.8817841970012523e-15,3.3306690738754696e-16,0.00043275000643916428,0.00059700000565499067
2,8,1,10,1,0.60999999999999999,0.46999999999999997,0.53000000000000003,0.4162051562500001,0.47147373437500006,0,constant,4,0,0,4,recursive,-1.5777137707552343e-09,3.3306690738754696e-16,8.8817841970012523e-15,3.3306690738754696e-16,0.00043275000643916428,0.00059700000565499067
2,8,1,10,1,0.60999999999999999,0.46999999999999997,0.53000000000000003,0.4162051562500001,0.47147373437500006,0,constant,4,0,0,4,direct,-5.573799348860441e-10,3.3306690738754696e-16,8.8817841970012523e-15,3.3306690738754696e-16,0.00043275000643916428,0.00059700000565499067
2,8,1,10,1,0.60999999999999999,0.46999999999999997,0.53000000000000003,0.4162051562500001,0.47147373437500006,0,constant,4,0,0,4,fe_geometry,-5.5737993488555089e-10,3.3306690738754696e-16,8.8817841970012523e-15,3.3306690738754696e-16,0.00043275000643916428,0.00059700000565499067
2,8,1,10,1,0.60999999999999999,0.46999999999999997,0.53000000000000003,0.4162051562500001,0.47147373437500006,0,constant,3,1,0,4,recursive,6.503926840674088e-10,3.3306690738754696e-16,8.8817841970012523e-15,3.3306690738754696e-16,0.00043275000643916428,0.00059700000565499067
2,8,1,10,1,0.60999999999999999,0.46999999999999997,0.53000000000000003,0.4162051562500001,0.47147373437500006,0,constant,3,1,0,4,direct,-1.660195778420269e-09,3.3306690738754696e-16,8.8817841970012523e-15,3.3306690738754696e-16,0.00043275000643916428,0.00059700000565499067
2,8,1,10,1,0.60999999999999999,0.46999999999999997,0.53000000000000003,0.4162051562500001,0.47147373437500006,0,constant,3,1,0,4,fe_geometry,-1.6601957784202326e-09,3.3306690738754696e-16,8.8817841970012523e-15,3.3306690738754696e-16,0.00043275000643916428,0.00059700000565499067
2,8,1,10,1,0.60999999999999999,0.46999999999999997,0.53000000000000003,0.4162051562500001,0.47147373437500006,0,constant,2,2,0,4,recursive,1.5414174350034647e-09,3.3306690738754696e-16,8.8817841970012523e-15,3.3306690738754696e-16,0.00043275000643916428,0.00059700000565499067
2,8,1,10,1,0.60999999999999999,0.46999999999999997,0.53000000000000003,0.4162051562500001,0.47147373437500006,0,constant,2,2,0,4,direct,2.7780150139298029e-10,3.3306690738754696e-16,8.8817841970012523e-15,3.3306690738754696e-16,0.00043275000643916428,0.00059700000565499067
2,8,1,10,1,0.60999999999999999,0.46999999999999997,0.53000000000000003,0.4162051562500001,0.47147373437500006,0,constant,2,2,0,4,fe_geometry,2.7780150139330207e-10,3.3306690738754696e-16,8.8817841970012523e-15,3.3306690738754696e-16,0.00043275000643916428,0.00059700000565499067
2,8,1,10,1,0.60999999999999999,0.46999999999999997,0.53000000000000003,0.4162051562500001,0.47147373437500006,0,constant,1,3,0,4,recursive,4.0095270211692856e-10,3.3306690738754696e-16,8.8817841970012523e-15,3.3306690738754696e-16,0.00043275000643916428,0.00059700000565499067
2,8,1,10,1,0.60999999999999999,0.46999999999999997,0.53000000000000003,0.4162051562500001,0.47147373437500006,0,constant,1,3,0,4,direct,-1.7964505680503338e-09,3.3306690738754696e-16,8.8817841970012523e-15,3.3306690738754696e-16,0.00043275000643916428,0.00059700000565499067
2,8,1,10,1,0.60999999999999999,0.46999999999999997,0.53000000000000003,0.4162051562500001,0.47147373437500006,0,constant,1,3,0,4,fe_geometry,-1.7964505680502954e-09,3.3306690738754696e-16,8.8817841970012523e-15,3.3306690738754696e-16,0.00043275000643916428,0.00059700000565499067
2,8,1,10,1,0.60999999999999999,0.46999999999999997,0.53000000000000003,0.4162051562500001,0.47147373437500006,0,constant,0,4,0,4,recursive,-5.2000332201648767e-09,3.3306690738754696e-16,8.8817841970012523e-15,3.3306690738754696e-16,0.00043275000643916428,0.00059700000565499067
2,8,1,10,1,0.60999999999999999,0.46999999999999997,0.53000000000000003,0.4162051562500001,0.47147373437500006,0,constant,0,4,0,4,direct,-5.724882174777572e-09,3.3306690738754696e-16,8.8817841970012523e-15,3.3306690738754696e-16,0.00043275000643916428,0.00059700000565499067
2,8,1,10,1,0.60999999999999999,0.46999999999999997,0.53000000000000003,0.4162051562500001,0.47147373437500006,0,constant,0,4,0,4,fe_geometry,-5.7248821747770964e-09,3.3306690738754696e-16,8.8817841970012523e-15,3.3306690738754696e-16,0.00043275000643916428,0.00059700000565499067
2,8,1,10,1,0.60999999999999999,0.46999999999999997,0.53000000000000003,0.4162051562500001,0.47147373437500006,0,constant,5,0,0,5,recursive,1.5111185623539788e-07,3.3306690738754696e-16,8.8817841970012523e-15,3.3306690738754696e-16,0.00043275000643916428,0.00059700000565499067
2,8,1,10,1,0.60999999999999999,0.46999999999999997,0.53000000000000003,0.4162051562500001,0.47147373437500006,0,constant,5,0,0,5,direct,-4.6786100246907264e-08,3.3306690738754696e-16,8.8817841970012523e-15,3.3306690738754696e-16,0.00043275000643916428,0.00059700000565499067
2,8,1,10,1,0.60999999999999999,0.46999999999999997,0.53000000000000003,0.4162051562500001,0.47147373437500006,0,constant,5,0,0,5,fe_geometry,-4.6786100246887206e-08,3.3306690738754696e-16,8.8817841970012523e-15,3.3306690738754696e-16,0.00043275000643916428,0.00059700000565499067
2,8,1,10,1,0.60999999999999999,0.46999999999999997,0.53000000000000003,0.4162051562500001,0.47147373437500006,0,constant,4,1,0,5,recursive,-2.2794746636526283e-08,3.3306690738754696e-16,8.8817841970012523e-15,3.3306690738754696e-16,0.00043275000643916428,0.00059700000565499067
2,8,1,10,1,0.60999999999999999,0.46999999999999997,0.53000000000000003,0.4162051562500001,0.47147373437500006,0,constant,4,1,0,5,direct,-1.6283590411198666e-07,3.3306690738754696e-16,8.8817841970012523e-15,3.3306690738754696e-16,0.00043275000643916428,0.00059700000565499067
2,8,1,10,1,0.60999999999999999,0.46999999999999997,0.53000000000000003,0.4162051562500001,0.47147373437500006,0,constant,4,1,0,5,fe_geometry,-1.6283590411197819e-07,3.3306690738754696e-16,8.8817841970012523e-15,3.3306690738754696e-16,0.00043275000643916428,0.00059700000565499067
2,8,1,10,1,0.60999999999999999,0.46999999999999997,0.53000000000000003,0.4162051562500001,0.47147373437500006,0,constant,3,2,0,5,recursive,-2.1593020937381334e-07,3.3306690738754696e-16,8.8817841970012523e-15,3.3306690738754696e-16,0.00043275000643916428,0.00059700000565499067
2,8,1,10,1,0.60999999999999999,0.46999999999999997,0.53000000000000003,0.4162051562500001,0.47147373437500006,0,constant,3,2,0,5,direct,-6.8499909038337041e-08,3.3306690738754696e-16,8.8817841970012523e-15,3.3306690738754696e-16,0.00043275000643916428,0.00059700000565499067
2,8,1,10,1,0.60999999999999999,0.46999999999999997,0.53000000000000003,0.4162051562500001,0.47147373437500006,0,constant,3,2,0,5,fe_geometry,-6.8499909038330503e-08,3.3306690738754696e-16,8.8817841970012523e-15,3.3306690738754696e-16,0.00043275000643916428,0.00059700000565499067
2,8,1,10,1,0.60999999999999999,0.46999999999999997,0.53000000000000003,0.4162051562500001,0.47147373437500006,0,constant,2,3,0,5,recursive,-2.125956034140313e-08,3.3306690738754696e-16,8.8817841970012523e-15,3.3306690738754696e-16,0.00043275000643916428,0.00059700000565499067
2,8,1,10,1,0.60999999999999999,0.46999999999999997,0.53000000000000003,0.4162051562500001,0.47147373437500006,0,constant,2,3,0,5,direct,1.2943587349527561e-07,3.3306690738754696e-16,8.8817841970012523e-15,3.3306690738754696e-16,0.00043275000643916428,0.00059700000565499067
2,8,1,10,1,0.60999999999999999,0.46999999999999997,0.53000000000000003,0.4162051562500001,0.47147373437500006,0,constant,2,3,0,5,fe_geometry,1.2943587349527611e-07,3.3306690738754696e-16,8.8817841970012523e-15,3.3306690738754696e-16,0.00043275000643916428,0.00059700000565499067
2,8,1,10,1,0.60999999999999999,0.46999999999999997,0.53000000000000003,0.4162051562500001,0.47147373437500006,0,constant,1,4,0,5,recursive,-9.2401448861628376e-08,3.3306690738754696e-16,8.8817841970012523e-15,3.3306690738754696e-16,0.00043275000643916428,0.00059700000565499067
2,8,1,10,1,0.60999999999999999,0.46999999999999997,0.53000000000000003,0.4162051562500001,0.47147373437500006,0,constant,1,4,0,5,direct,-6.5974008506757957e-08,3.3306690738754696e-16,8.8817841970012523e-15,3.3306690738754696e-16,0.00043275000643916428,0.00059700000565499067
2,8,1,10,1,0.60999999999999999,0.46999999999999997,0.53000000000000003,0.4162051562500001,0.47147373437500006,0,constant,1,4,0,5,fe_geometry,-6.5974008506765461e-08,3.3306690738754696e-16,8.8817841970012523e-15,3.3306690738754696e-16,0.00043275000643916428,0.00059700000565499067
2,8,1,10,1,0.60999999999999999,0.46999999999999997,0.53000000000000003,0.4162051562500001,0.47147373437500006,0,constant,0,5,0,5,recursive,7.8613020214616017e-08,3.3306690738754696e-16,8.8817841970012523e-15,3.3306690738754696e-16,0.00043275000643916428,0.00059700000565499067
2,8,1,10,1,0.60999999999999999,0.46999999999999997,0.53000000000000003,0.4162051562500001,0.47147373437500006,0,constant,0,5,0,5,direct,9.4070268430400229e-07,3.3306690738754696e-16,8.8817841970012523e-15,3.3306690738754696e-16,0.00043275000643916428,0.00059700000565499067
2,8,1,10,1,0.60999999999999999,0.46999999999999997,0.53000000000000003,0.4162051562500001,0.47147373437500006,0,constant,0,5,0,5,fe_geometry,9.4070268430391939e-07,3.3306690738754696e-16,8.8817841970012523e-15,3.3306690738754696e-16,0.00043275000643916428,0.00059700000565499067
2,8,1,10,1,0.60999999999999999,0.46999999999999997,0.53000000000000003,0.4162051562500001,0.47147373437500006,0,constant,6,0,0,6,recursive,1.0687591357499813e-05,3.3306690738754696e-16,8.8817841970012523e-15,3.3306690738754696e-16,0.00043275000643916428,0.00059700000565499067
2,8,1,10,1,0.60999999999999999,0.46999999999999997,0.53000000000000003,0.4162051562500001,0.47147373437500006,0,constant,6,0,0,6,direct,-5.5359111445098177e-07,3.3306690738754696e-16,8.8817841970012523e-15,3.3306690738754696e-16,0.00043275000643916428,0.00059700000565499067
2,8,1,10,1,0.60999999999999999,0.46999999999999997,0.53000000000000003,0.4162051562500001,0.47147373437500006,0,constant,6,0,0,6,fe_geometry,-5.5359111444993526e-07,3.3306690738754696e-16,8.8817841970012523e-15,3.3306690738754696e-16,0.00043275000643916428,0.00059700000565499067
2,8,1,10,1,0.60999999999999999,0.46999999999999997,0.53000000000000003,0.4162051562500001,0.47147373437500006,0,constant,5,1,0,6,recursive,-5.0835671418152752e-06,3.3306690738754696e-16,8.8817841970012523e-15,3.3306690738754696e-16,0.00043275000643916428,0.00059700000565499067
2,8,1,10,1,0.60999999999999999,0.46999999999999997,0.53000000000000003,0.4162051562500001,0.47147373437500006,0,constant,5,1,0,6,direct,-9.2231725023345141e-06,3.3306690738754696e-16,8.8817841970012523e-15,3.3306690738754696e-16,0.00043275000643916428,0.00059700000565499067
2,8,1,10,1,0.60999999999999999,0.46999999999999997,0.53000000000000003,0.4162051562500001,0.47147373437500006,0,constant,5,1,0,6,fe_geometry,-9.2231725023331233e-06,3.3306690738754696e-16,8.8817841970012523e-15,3.3306690738754696e-16,0.00043275000643916428,0.00059700000565499067
2,8,1,10,1,0.60999999999999999,0.46999999999999997,0.53000000000000003,0.4162051562500001,0.47147373437500006,0,constant,4,2,0,6,recursive,-9.5090460163271012e-06,3.3306690738754696e-16,8.8817841970012523e-15,3.3306690738754696e-16,0.00043275000643916428,0.00059700000565499067
2,8,1,10,1,0.60999999999999999,0.46999999999999997,0.53000000000000003,0.4162051562500001,0.47147373437500006,0,constant,4,2,0,6,direct,9.0124025322379601e-07,3.3306690738754696e-16,8.8817841970012523e-15,3.3306690738754696e-16,0.00043275000643916428,0.00059700000565499067
2,8,1,10,1,0.60999999999999999,0.46999999999999997,0.53000000000000003,0.4162051562500001,0.47147373437500006,0,constant,4,2,0,6,fe_geometry,9.0124025322313151e-07,3.3306690738754696e-16,8.8817841970012523e-15,3.3306690738754696e-16,0.00043275000643916428,0.00059700000565499067
2,8,1,10,1,0.60999999999999999,0.46999999999999997,0.53000000000000003,0.4162051562500001,0.47147373437500006,0,constant,3,3,0,6,recursive,3.0180496082874895e-06,3.3306690738754696e-16,8.8817841970012523e-15,3.3306690738754696e-16,0.00043275000643916428,0.00059700000565499067
2,8,1,10,1,0.60999999999999999,0.46999999999999997,0.53000000000000003,0.4162051562500001,0.47147373437500006,0,constant,3,3,0,6,direct,1.4883433325700812e-06,3.3306690738754696e-16,8.8817841970012523e-15,3.3306690738754696e-16,0.00043275000643916428,0.00059700000565499067
2,8,1,10,1,0.60999999999999999,0.46999999999999997,0.53000000000000003,0.4162051562500001,0.47147373437500006,0,constant,3,3,0,6,fe_geometry,1.4883433325696348e-06,3.3306690738754696e-16,8.8817841970012523e-15,3.3306690738754696e-16,0.00043275000643916428,0.00059700000565499067
2,8,1,10,1,0.60999999999999999,0.46999999999999997,0.53000000000000003,0.4162051562500001,0.47147373437500006,0,constant,2,4,0,6,recursive,-4.9010946172786711e-06,3.3306690738754696e-16,8.8817841970012523e-15,3.3306690738754696e-16,0.00043275000643916428,0.00059700000565499067
2,8,1,10,1,0.60999999999999999,0.46999999999999997,0.53000000000000003,0.4162051562500001,0.47147373437500006,0,constant,2,4,0,6,direct,1.0579367362131625e-06,3.3306690738754696e-16,8.8817841970012523e-15,3.3306690738754696e-16,0.00043275000643916428,0.00059700000565499067
2,8,1,10,1,0.60999999999999999,0.46999999999999997,0.53000000000000003,0.4162051562500001,0.47147373437500006,0,constant,2,4,0,6,fe_geometry,1.057936736211921e-06,3.3306690738754696e-16,8.8817841970012523e-15,3.3306690738754696e-16,0.00043275000643916428,0.00059700000565499067
2,8,1,10,1,0.60999999999999999,0.46999999999999997,0.53000000000000003,0.4162051562500001,0.47147373437500006,0,constant,1,5,0,6,recursive,-1.0564196827909092e-06,3.3306690738754696e-16,8.8817841970012523e-15,3.3306690738754696e-16,0.00043275000643916428,0.00059700000565499067
2,8,1,10,1,0.60999999999999999,0.46999999999999997,0.53000000000000003,0.4162051562500001,0.47147373437500006,0,constant,1,5,0,6,direct,8.8878797357490663e-07,3.3306690738754696e-16,8.8817841970012523e-15,3.3306690738754696e-16,0.00043275000643916428,0.00059700000565499067
2,8,1,10,1,0.60999999999999999,0.46999999999999997,0.53000000000000003,0.4162051562500001,0.47147373437500006,0,constant,1,5,0,6,fe_geometry,8.8878797357486883e-07,3.3306690738754696e-16,8.8817841970012523e-15,3.3306690738754696e-16,0.00043275000643916428,0.00059700000565499067
2,8,1,10,1,0.60999999999999999,0.46999999999999997,0.53000000000000003,0.4162051562500001,0.47147373437500006,0,constant,0,6,0,6,recursive,2.4687083034214361e-05,3.3306690738754696e-16,8.8817841970012523e-15,3.3306690738754696e-16,0.00043275000643916428,0.00059700000565499067
2,8,1,10,1,0.60999999999999999,0.46999999999999997,0.53000000000000003,0.4162051562500001,0.47147373437500006,0,constant,0,6,0,6,direct,1.08144602036204e-05,3.3306690738754696e-16,8.8817841970012523e-15,3.3306690738754696e-16,0.00043275000643916428,0.00059700000565499067
2,8,1,10,1,0.60999999999999999,0.46999999999999997,0.53000000000000003,0.4162051562500001,0.47147373437500006,0,constant,0,6,0,6,fe_geometry,1.081446020361751e-05,3.3306690738754696e-16,8.8817841970012523e-15,3.3306690738754696e-16,0.00043275000643916428,0.00059700000565499067
2,8,1,10,1,0.60999999999999999,0.46999999999999997,0.53000000000000003,0.4162051562500001,0.47147373437500006,0,constant,7,0,0,7,recursive,0.00012259010672339992,3.3306690738754696e-16,8.8817841970012523e-15,3.3306690738754696e-16,0.00043275000643916428,0.00059700000565499067
2,8,1,10,1,0.60999999999999999,0.46999999999999997,0.53000000000000003,0.4162051562500001,0.47147373437500006,0,constant,7,0,0,7,direct,-6.2312508021284288e-06,3.3306690738754696e-16,8.8817841970012523e-15,3.3306690738754696e-16,0.00043275000643916428,0.00059700000565499067
2,8,1,10,1,0.60999999999999999,0.46999999999999997,0.53000000000000003,0.4162051562500001,0.47147373437500006,0,constant,7,0,0,7,fe_geometry,-6.2312508020731464e-06,3.3306690738754696e-16,8.8817841970012523e-15,3.3306690738754696e-16,0.00043275000643916428,0.00059700000565499067
2,8,1,10,1,0.60999999999999999,0.46999999999999997,0.53000000000000003,0.4162051562500001,0.47147373437500006,0,constant,6,1,0,7,recursive,-0.00018856414083814766,3.3306690738754696e-16,8.8817841970012523e-15,3.3306690738754696e-16,0.00043275000643916428,0.00059700000565499067
2,8,1,10,1,0.60999999999999999,0.46999999999999997,0.53000000000000003,0.4162051562500001,0.47147373437500006,0,constant,6,1,0,7,direct,-0.000107491111578324,3.3306690738754696e-16,8.8817841970012523e-15,3.3306690738754696e-16,0.00043275000643916428,0.00059700000565499067
2,8,1,10,1,0.60999999999999999,0.46999999999999997,0.53000000000000003,0.4162051562500001,0.47147373437500006,0,constant,6,1,0,7,fe_geometry,-0.00010749111157827011,3.3306690738754696e-16,8.8817841970012523e-15,3.3306690738754696e-16,0.00043275000643916428,0.00059700000565499067
2,8,1,10,1,0.60999999999999999,0.46999999999999997,0.53000000000000003,0.4162051562500001,0.47147373437500006,0,constant,5,2,0,7,recursive,0.0006228764174167809,3.3306690738754696e-16,8.8817841970012523e-15,3.3306690738754696e-16,0.00043275000643916428,0.00059700000565499067
2,8,1,10,1,0.60999999999999999,0.46999999999999997,0.53000000000000003,0.4162051562500001,0.47147373437500006,0,constant,5,2,0,7,direct,0.0001885025928766833,3.3306690738754696e-16,8.8817841970012523e-15,3.3306690738754696e-16,0.00043275000643916428,0.00059700000565499067
2,8,1,10,1,0.60999999999999999,0.46999999999999997,0.53000000000000003,0.4162051562500001,0.47147373437500006,0,constant,5,2,0,7,fe_geometry,0.00018850259287664476,3.3306690738754696e-16,8.8817841970012523e-15,3.3306690738754696e-16,0.00043275000643916428,0.00059700000565499067
2,8,1,10,1,0.60999999999999999,0.46999999999999997,0.53000000000000003,0.4162051562500001,0.47147373437500006,0,constant,4,3,0,7,recursive,0.00042159323344225815,3.3306690738754696e-16,8.8817841970012523e-15,3.3306690738754696e-16,0.00043275000643916428,0.00059700000565499067
2,8,1,10,1,0.60999999999999999,0.46999999999999997,0.53000000000000003,0.4162051562500001,0.47147373437500006,0,constant,4,3,0,7,direct,0.00032500754139134255,3.3306690738754696e-16,8.8817841970012523e-15,3.3306690738754696e-16,0.00043275000643916428,0.00059700000565499067
2,8,1,10,1,0.60999999999999999,0.46999999999999997,0.53000000000000003,0.4162051562500001,0.47147373437500006,0,constant,4,3,0,7,fe_geometry,0.00032500754139129425,3.3306690738754696e-16,8.8817841970012523e-15,3.3306690738754696e-16,0.00043275000643916428,0.00059700000565499067
2,8,1,10,1,0.60999999999999999,0.46999999999999997,0.53000000000000003,0.4162051562500001,0.47147373437500006,0,constant,3,4,0,7,recursive,0.00059859745309885138,3.3306690738754696e-16,8.8817841970012523e-15,3.3306690738754696e-16,0.00043275000643916428,0.00059700000565499067
2,8,1,10,1,0.60999999999999999,0.46999999999999997,0.53000000000000003,0.4162051562500001,0.47147373437500006,0,constant,3,4,0,7,direct,0.00013882903228229243,3.3306690738754696e-16,8.8817841970012523e-15,3.3306690738754696e-16,0.00043275000643916428,0.00059700000565499067
2,8,1,10,1,0.60999999999999999,0.46999999999999997,0.53000000000000003,0.4162051562500001,0.47147373437500006,0,constant,3,4,0,7,fe_geometry,0.00013882903228227704,3.3306690738754696e-16,8.8817841970012523e-15,3.3306690738754696e-16,0.00043275000643916428,0.00059700000565499067
2,8,1,10,1,0.60999999999999999,0.46999999999999997,0.53000000000000003,0.4162051562500001,0.47147373437500006,0,constant,2,5,0,7,recursive,0.00016261031035687891,3.3306690738754696e-16,8.8817841970012523e-15,3.3306690738754696e-16,0.00043275000643916428,0.00059700000565499067
2,8,1,10,1,0.60999999999999999,0.46999999999999997,0.53000000000000003,0.4162051562500001,0.47147373437500006,0,constant,2,5,0,7,direct,-0.00010369603797822714,3.3306690738754696e-16,8.8817841970012523e-15,3.3306690738754696e-16,0.00043275000643916428,0.00059700000565499067
2,8,1,10,1,0.60999999999999999,0.46999999999999997,0.53000000000000003,0.4162051562500001,0.47147373437500006,0,constant,2,5,0,7,fe_geometry,-0.00010369603797822799,3.3306690738754696e-16,8.8817841970012523e-15,3.3306690738754696e-16,0.00043275000643916428,0.00059700000565499067
2,8,1,10,1,0.60999999999999999,0.46999999999999997,0.53000000000000003,0.4162051562500001,0.47147373437500006,0,constant,1,6,0,7,recursive,-9.6688927214184064e-06,3.3306690738754696e-16,8.8817841970012523e-15,3.3306690738754696e-16,0.00043275000643916428,0.00059700000565499067
2,8,1,10,1,0.60999999999999999,0.46999999999999997,0.53000000000000003,0.4162051562500001,0.47147373437500006,0,constant,1,6,0,7,direct,1.1766959025347362e-05,3.3306690738754696e-16,8.8817841970012523e-15,3.3306690738754696e-16,0.00043275000643916428,0.00059700000565499067
2,8,1,10,1,0.60999999999999999,0.46999999999999997,0.53000000000000003,0.4162051562500001,0.47147373437500006,0,constant,1,6,0,7,fe_geometry,1.1766959025429791e-05,3.3306690738754696e-16,8.8817841970012523e-15,3.3306690738754696e-16,0.00043275000643916428,0.00059700000565499067
2,8,1,10,1,0.60999999999999999,0.46999999999999997,0.53000000000000003,0.4162051562500001,0.47147373437500006,0,constant,0,7,0,7,recursive,0.00028041193225201056,3.3306690738754696e-16,8.8817841970012523e-15,3.3306690738754696e-16,0.00043275000643916428,0.00059700000565499067
2,8,1,10,1,0.60999999999999999,0.46999999999999997,0.53000000000000003,0.4162051562500001,0.47147373437500006,0,constant,0,7,0,7,direct,0.00011499061327500764,3.3306690738754696e-16,8.8817841970012523e-15,3.3306690738754696e-16,0.00043275000643916428,0.00059700000565499067
2,8,1,10,1,0.60999999999999999,0.46999999999999997,0.53000000000000003,0.4162051562500001,0.47147373437500006,0,constant,0,7,0,7,fe_geometry,0.00011499061327514289,3.3306690738754696e-16,8.8817841970012523e-15,3.3306690738754696e-16,0.00043275000643916428,0.00059700000565499067
2,8,1,10,1,0.60999999999999999,0.46999999999999997,0.53000000000000003,0.4162051562500001,0.47147373437500006,0,constant,8,0,0,8,recursive,0.0011555053141118965,3.3306690738754696e-16,8.8817841970012523e-15,3.3306690738754696e-16,0.00043275000643916428,0.00059700000565499067
2,8,1,10,1,0.60999999999999999,0.46999999999999997,0.53000000000000003,0.4162051562500001,0.47147373437500006,0,constant,8,0,0,8,direct,-7.5511646901463308e-05,3.3306690738754696e-16,8.8817841970012523e-15,3.3306690738754696e-16,0.00043275000643916428,0.00059700000565499067
2,8,1,10,1,0.60999999999999999,0.46999999999999997,0.53000000000000003,0.4162051562500001,0.47147373437500006,0,constant,8,0,0,8,fe_geometry,-7.551164691226497e-05,3.3306690738754696e-16,8.8817841970012523e-15,3.3306690738754696e-16,0.00043275000643916428,0.00059700000565499067
2,8,1,10,1,0.60999999999999999,0.46999999999999997,0.53000000000000003,0.4162051562500001,0.47147373437500006,0,constant,7,1,0,8,recursive,-0.002095259963323277,3.3306690738754696e-16,8.8817841970012523e-15,3.3306690738754696e-16,0.00043275000643916428,0.00059700000565499067
2,8,1,10,1,0.60999999999999999,0.46999999999999997,0.53000000000000003,0.4162051562500001,0.47147373437500006,0,constant,7,1,0,8,direct,-0.0012033968158888012,3.3306690738754696e-16,8.8817841970012523e-15,3.3306690738754696e-16,0.00043275000643916428,0.00059700000565499067
2,8,1,10,1,0.60999999999999999,0.46999999999999997,0.53000000000000003,0.4162051562500001,0.47147373437500006,0,constant,7,1,0,8,fe_geometry,-0.0012033968158960951,3.3306690738754696e-16,8.8817841970012523e-15,3.3306690738754696e-16,0.00043275000643916428,0.00059700000565499067
2,8,1,10,1,0.60999999999999999,0.46999999999999997,0.53000000000000003,0.4162051562500001,0.47147373437500006,0,constant,6,2,0,8,recursive,0.045793148170417179,3.3306690738754696e-16,8.8817841970012523e-15,3.3306690738754696e-16,0.00043275000643916428,0.00059700000565499067
2,8,1,10,1,0.60999999999999999,0.46999999999999997,0.53000000000000003,0.4162051562500001,0.47147373437500006,0,constant,6,2,0,8,direct,0.0022680376517364687,3.3306690738754696e-16,8.8817841970012523e-15,3.3306690738754696e-16,0.00043275000643916428,0.00059700000565499067
2,8,1,10,1,0.60999999999999999,0.46999999999999997,0.53000000000000003,0.4162051562500001,0.47147373437500006,0,constant,6,2,0,8,fe_geometry,0.0022680376517314918,3.3306690738754696e-16,8.8817841970012523e-15,3.3306690738754696e-16,0.00043275000643916428,0.00059700000565499067
2,8,1,10,1,0.60999999999999999,0.46999999999999997,0.53000000000000003,0.4162051562500001,0.47147373437500006,0,constant,5,3,0,8,recursive,-0.0057423419400799772,3.3306690738754696e-16,8.8817841970012523e-15,3.3306690738754696e-16,0.00043275000643916428,0.00059700000565499067
2,8,1,10,1,0.60999999999999999,0.46999999999999997,0.53000000000000003,0.4162051562500001,0.47147373437500006,0,constant,5,3,0,8,direct,0.021174375689143654,3.3306690738754696e-16,8.8817841970012523e-15,3.3306690738754696e-16,0.00043275000643916428,0.00059700000565499067
2,8,1,10,1,0.60999999999999999,0.46999999999999997,0.53000000000000003,0.4162051562500001,0.47147373437500006,0,constant,5,3,0,8,fe_geometry,0.021174375689139432,3.3306690738754696e-16,8.8817841970012523e-15,3.3306690738754696e-16,0.00043275000643916428,0.00059700000565499067
2,8,1,10,1,0.60999999999999999,0.46999999999999997,0.53000000000000003,0.4162051562500001,0.47147373437500006,0,constant,4,4,0,8,recursive,0.028459268810281029,3.3306690738754696e-16,8.8817841970012523e-15,3.3306690738754696e-16,0.00043275000643916428,0.00059700000565499067
2,8,1,10,1,0.60999999999999999,0.46999999999999997,0.53000000000000003,0.4162051562500001,0.47147373437500006,0,constant,4,4,0,8,direct,-0.0020360007841381056,3.3306690738754696e-16,8.8817841970012523e-15,3.3306690738754696e-16,0.00043275000643916428,0.00059700000565499067
2,8,1,10,1,0.60999999999999999,0.46999999999999997,0.53000000000000003,0.4162051562500001,0.47147373437500006,0,constant,4,4,0,8,fe_geometry,-0.0020360007841356779,3.3306690738754696e-16,8.8817841970012523e-15,3.3306690738754696e-16,0.00043275000643916428,0.00059700000565499067
2,8,1,10,1,0.60999999999999999,0.46999999999999997,0.53000000000000003,0.4162051562500001,0.47147373437500006,0,constant,3,5,0,8,recursive,-0.017672202280440814,3.3306690738754696e-16,8.8817841970012523e-15,3.3306690738754696e-16,0.00043275000643916428,0.00059700000565499067
2,8,1,10,1,0.60999999999999999,0.46999999999999997,0.53000000000000003,0.4162051562500001,0.47147373437500006,0,constant,3,5,0,8,direct,0.0019504908336498475,3.3306690738754696e-16,8.8817841970012523e-15,3.3306690738754696e-16,0.00043275000643916428,0.00059700000565499067
2,8,1,10,1,0.60999999999999999,0.46999999999999997,0.53000000000000003,0.4162051562500001,0.47147373437500006,0,constant,3,5,0,8,fe_geometry,0.0019504908336517258,3.3306690738754696e-16,8.8817841970012523e-15,3.3306690738754696e-16,0.00043275000643916428,0.00059700000565499067
2,8,1,10,1,0.60999999999999999,0.46999999999999997,0.53000000000000003,0.4162051562500001,0.47147373437500006,0,constant,2,6,0,8,recursive,0.0019888909506623888,3.3306690738754696e-16,8.8817841970012523e-15,3.3306690738754696e-16,0.00043275000643916428,0.00059700000565499067
2,8,1,10,1,0.60999999999999999,0.46999999999999997,0.53000000000000003,0.4162051562500001,0.47147373437500006,0,constant,2,6,0,8,direct,-0.0012025532001338341,3.3306690738754696e-16,8.8817841970012523e-15,3.3306690738754696e-16,0.00043275000643916428,0.00059700000565499067
2,8,1,10,1,0.60999999999999999,0.46999999999999997,0.53000000000000003,0.4162051562500001,0.47147373437500006,0,constant,2,6,0,8,fe_geometry,-0.0012025532001294496,3.3306690738754696e-16,8.8817841970012523e-15,3.3306690738754696e-16,0.00043275000643916428,0.00059700000565499067
2,8,1,10,1,0.60999999999999999,0.46999999999999997,0.53000000000000003,0.4162051562500001,0.47147373437500006,0,constant,1,7,0,8,recursive,-8.3619677592955107e-05,3.3306690738754696e-16,8.8817841970012523e-15,3.3306690738754696e-16,0.00043275000643916428,0.00059700000565499067
2,8,1,10,1,0.60999999999999999,0.46999999999999997,0.53000000000000003,0.4162051562500001,0.47147373437500006,0,constant,1,7,0,8,direct,0.0001304974288593944,3.3306690738754696e-16,8.8817841970012523e-15,3.3306690738754696e-16,0.00043275000643916428,0.00059700000565499067
2,8,1,10,1,0.60999999999999999,0.46999999999999997,0.53000000000000003,0.4162051562500001,0.47147373437500006,0,constant,1,7,0,8,fe_geometry,0.00013049742886158127,3.3306690738754696e-16,8.8817841970012523e-15,3.3306690738754696e-16,0.00043275000643916428,0.00059700000565499067
2,8,1,10,1,0.60999999999999999,0.46999999999999997,0.53000000000000003,0.4162051562500001,0.47147373437500006,0,constant,0,8,0,8,recursive,0.002563505264040374,3.3306690738754696e-16,8.8817841970012523e-15,3.3306690738754696e-16,0.00043275000643916428,0.00059700000565499067
2,8,1,10,1,0.60999999999999999,0.46999999999999997,0.53000000000000003,0.4162051562500001,0.47147373437500006,0,constant,0,8,0,8,direct,0.0013071287600301903,3.3306690738754696e-16,8.8817841970012523e-15,3.3306690738754696e-16,0.00043275000643916428,0.00059700000565499067
2,8,1,10,1,0.60999999999999999,0.46999999999999997,0.53000000000000003,0.4162051562500001,0.47147373437500006,0,constant,0,8,0,8,fe_geometry,0.0013071287600482527,3.3306690738754696e-16,8.8817841970012523e-15,3.3306690738754696e-16,0.00043275000643916428,0.00059700000565499067
2,8,1,10,1,0.60999999999999999,0.46999999999999997,0.53000000000000003,0.4162051562500001,0.47147373437500006,0,constant,9,0,0,9,recursive,0.010345331271766567,3.3306690738754696e-16,8.8817841970012523e-15,3.3306690738754696e-16,0.00043275000643916428,0.00059700000565499067
2,8,1,10,1,0.60999999999999999,0.46999999999999997,0.53000000000000003,0.4162051562500001,0.47147373437500006,0,constant,9,0,0,9,direct,-0.0010085132728350939,3.3306690738754696e-16,8.8817841970012523e-15,3.3306690738754696e-16,0.00043275000643916428,0.00059700000565499067
2,8,1,10,1,0.60999999999999999,0.46999999999999997,0.53000000000000003,0.4162051562500001,0.47147373437500006,0,constant,9,0,0,9,fe_geometry,-0.0010085132739624859,3.3306690738754696e-16,8.8817841970012523e-15,3.3306690738754696e-16,0.00043275000643916428,0.00059700000565499067
2,8,1,10,1,0.60999999999999999,0.46999999999999997,0.53000000000000003,0.4162051562500001,0.47147373437500006,0,constant,8,1,0,9,recursive,-0.019602055005563439,3.3306690738754696e-16,8.8817841970012523e-15,3.3306690738754696e-16,0.00043275000643916428,0.00059700000565499067
2,8,1,10,1,0.60999999999999999,0.46999999999999997,0.53000000000000003,0.4162051562500001,0.47147373437500006,0,constant,8,1,0,9,direct,-0.014542413126547868,3.3306690738754696e-16,8.8817841970012523e-15,3.3306690738754696e-16,0.00043275000643916428,0.00059700000565499067
2,8,1,10,1,0.60999999999999999,0.46999999999999997,0.53000000000000003,0.4162051562500001,0.47147373437500006,0,constant,8,1,0,9,fe_geometry,-0.01454241312701938,3.3306690738754696e-16,8.8817841970012523e-15,3.3306690738754696e-16,0.00043275000643916428,0.00059700000565499067
2,8,1,10,1,0.60999999999999999,0.46999999999999997,0.53000000000000003,0.4162051562500001,0.47147373437500006,0,constant,7,2,0,9,recursive,0.52593361540859673,3.3306690738754696e-16,8.8817841970012523e-15,3.3306690738754696e-16,0.00043275000643916428,0.00059700000565499067
2,8,1,10,1,0.60999999999999999,0.46999999999999997,0.53000000000000003,0.4162051562500001,0.47147373437500006,0,constant,7,2,0,9,direct,0.025671396951346744,3.3306690738754696e-16,8.8817841970012523e-15,3.3306690738754696e-16,0.00043275000643916428,0.00059700000565499067
2,8,1,10,1,0.60999999999999999,0.46999999999999997,0.53000000000000003,0.4162051562500001,0.47147373437500006,0,constant,7,2,0,9,fe_geometry,0.025671396951083236,3.3306690738754696e-16,8.8817841970012523e-15,3.3306690738754696e-16,0.00043275000643916428,0.00059700000565499067
2,8,1,10,1,0.60999999999999999,0.46999999999999997,0.53000000000000003,0.4162051562500001,0.47147373437500006,0,constant,6,3,0,9,recursive,-1.310842981384855,3.3306690738754696e-16,8.8817841970012523e-15,3.3306690738754696e-16,0.00043275000643916428,0.00059700000565499067
2,8,1,10,1,0.60999999999999999,0.46999999999999997,0.53000000000000003,0.4162051562500001,0.47147373437500006,0,constant,6,3,0,9,direct,0.24820523958325932,3.3306690738754696e-16,8.8817841970012523e-15,3.3306690738754696e-16,0.00043275000643916428,0.00059700000565499067
2,8,1,10,1,0.60999999999999999,0.46999999999999997,0.53000000000000003,0.4162051562500001,0.47147373437500006,0,constant,6,3,0,9,fe_geometry,0.24820523958320392,3.3306690738754696e-16,8.8817841970012523e-15,3.3306690738754696e-16,0.00043275000643916428,0.00059700000565499067
2,8,1,10,1,0.60999999999999999,0.46999999999999997,0.53000000000000003,0.4162051562500001,0.47147373437500006,0,constant,5,4,0,9,recursive,-1.7850754330718779,3.3306690738754696e-16,8.8817841970012523e-15,3.3306690738754696e-16,0.00043275000643916428,0.00059700000565499067
2,8,1,10,1,0.60999999999999999,0.46999999999999997,0.53000000000000003,0.4162051562500001,0.47147373437500006,0,constant,5,4,0,9,direct,-0.33258738673402821,3.3306690738754696e-16,8.8817841970012523e-15,3.3306690738754696e-16,0.00043275000643916428,0.00059700000565499067
2,8,1,10,1,0.60999999999999999,0.46999999999999997,0.53000000000000003,0.4162051562500001,0.47147373437500006,0,constant,5,4,0,9,fe_geometry,-0.33258738673386024,3.3306690738754696e-16,8.8817841970012523e-15,3.3306690738754696e-16,0.00043275000643916428,0.00059700000565499067
2,8,1,10,1,0.60999999999999999,0.46999999999999997,0.53000000000000003,0.4162051562500001,0.47147373437500006,0,constant,4,5,0,9,recursive,-1.6601334210629231,3.3306690738754696e-16,8.8817841970012523e-15,3.3306690738754696e-16,0.00043275000643916428,0.00059700000565499067
2,8,1,10,1,0.60999999999999999,0.46999999999999997,0.53000000000000003,0.4162051562500001,0.47147373437500006,0,constant,4,5,0,9,direct,-0.55052924427642569,3.3306690738754696e-16,8.8817841970012523e-15,3.3306690738754696e-16,0.00043275000643916428,0.00059700000565499067
2,8,1,10,1,0.60999999999999999,0.46999999999999997,0.53000000000000003,0.4162051562500001,0.47147373437500006,0,constant,4,5,0,9,fe_geometry,-0.5505292442762002,3.3306690738754696e-16,8.8817841970012523e-15,3.3306690738754696e-16,0.00043275000643916428,0.00059700000565499067
2,8,1,10,1,0.60999999999999999,0.46999999999999997,0.53000000000000003,0.4162051562500001,0.47147373437500006,0,constant,3,6,0,9,recursive,-0.21787000773921814,3.3306690738754696e-16,8.8817841970012523e-15,3.3306690738754696e-16,0.00043275000643916428,0.00059700000565499067
2,8,1,10,1,0.60999999999999999,0.46999999999999997,0.53000000000000003,0.4162051562500001,0.47147373437500006,0,constant,3,6,0,9,direct,0.018560949471147177,3.3306690738754696e-16,8.8817841970012523e-15,3.3306690738754696e-16,0.00043275000643916428,0.00059700000565499067
2,8,1,10,1,0.60999999999999999,0.46999999999999997,0.53000000000000003,0.4162051562500001,0.47147373437500006,0,constant,3,6,0,9,fe_geometry,0.018560949471091413,3.3306690738754696e-16,8.8817841970012523e-15,3.3306690738754696e-16,0.00043275000643916428,0.00059700000565499067
2,8,1,10,1,0.60999999999999999,0.46999999999999997,0.53000000000000003,0.4162051562500001,0.47147373437500006,0,constant,2,7,0,9,recursive,0.018472794444666988,3.3306690738754696e-16,8.8817841970012523e-15,3.3306690738754696e-16,0.00043275000643916428,0.00059700000565499067
2,8,1,10,1,0.60999999999999999,0.46999999999999997,0.53000000000000003,0.4162051562500001,0.47147373437500006,0,constant,2,7,0,9,direct,-0.012822234169791681,3.3306690738754696e-16,8.8817841970012523e-15,3.3306690738754696e-16,0.00043275000643916428,0.00059700000565499067
2,8,1,10,1,0.60999999999999999,0.46999999999999997,0.53000000000000003,0.4162051562500001,0.47147373437500006,0,constant,2,7,0,9,fe_geometry,-0.012822234169712215,3.3306690738754696e-16,8.8817841970012523e-15,3.3306690738754696e-16,0.00043275000643916428,0.00059700000565499067
2,8,1,10,1,0.60999999999999999,0.46999999999999997,0.53000000000000003,0.4162051562500001,0.47147373437500006,0,constant,1,8,0,9,recursive,-0.00071094290536678165,3.3306690738754696e-16,8.8817841970012523e-15,3.3306690738754696e-16,0.00043275000643916428,0.00059700000565499067
2,8,1,10,1,0.60999999999999999,0.46999999999999997,0.53000000000000003,0.4162051562500001,0.47147373437500006,0,constant,1,8,0,9,direct,0.0015137184590794613,3.3306690738754696e-16,8.8817841970012523e-15,3.3306690738754696e-16,0.00043275000643916428,0.00059700000565499067
2,8,1,10,1,0.60999999999999999,0.46999999999999997,0.53000000000000003,0.4162051562500001,0.47147373437500006,0,constant,1,8,0,9,fe_geometry,0.0015137184585490432,3.3306690738754696e-16,8.8817841970012523e-15,3.3306690738754696e-16,0.00043275000643916428,0.00059700000565499067
2,8,1,10,1,0.60999999999999999,0.46999999999999997,0.53000000000000003,0.4162051562500001,0.47147373437500006,0,constant,0,9,0,9,recursive,0.022162782820637262,3.3306690738754696e-16,8.8817841970012523e-15,3.3306690738754696e-16,0.00043275000643916428,0.00059700000565499067
2,8,1,10,1,0.60999999999999999,0.46999999999999997,0.53000000000000003,0.4162051562500001,0.47147373437500006,0,constant,0,9,0,9,direct,0.01632994984866307,3.3306690738754696e-16,8.8817841970012523e-15,3.3306690738754696e-16,0.00043275000643916428,0.00059700000565499067
2,8,1,10,1,0.60999999999999999,0.46999999999999997,0.53000000000000003,0.4162051562500001,0.47147373437500006,0,constant,0,9,0,9,fe_geometry,0.01632994984928457,3.3306690738754696e-16,8.8817841970012523e-15,3.3306690738754696e-16,0.00043275000643916428,0.00059700000565499067
2,8,1,10,1,0.60999999999999999,0.46999999999999997,0.53000000000000003,0.4162051562500001,0.47147373437500006,0,constant,10,0,0,10,recursive,0.091191473438933149,3.3306690738754696e-16,8.8817841970012523e-15,3.3306690738754696e-16,0.00043275000643916428,0.00059700000565499067
2,8,1,10,1,0.60999999999999999,0.46999999999999997,0.53000000000000003,0.4162051562500001,0.47147373437500006,0,constant,10,0,0,10,direct,-0.014871489723038643,3.3306690738754696e-16,8.8817841970012523e-15,3.3306690738754696e-16,0.00043275000643916428,0.00059700000565499067
2,8,1,10,1,0.60999999999999999,0.46999999999999997,0.53000000000000003,0.4162051562500001,0.47147373437500006,0,constant,10,0,0,10,fe_geometry,-0.014871489759764166,3.3306690738754696e-16,8.8817841970012523e-15,3.3306690738754696e-16,0.00043275000643916428,0.00059700000565499067
2,8,1,10,1,0.60999999999999999,0.46999999999999997,0.53000000000000003,0.4162051562500001,0.47147373437500006,0,constant,9,1,0,10,recursive,-0.17511263375401112,3.3306690738754696e-16,8.8817841970012523e-15,3.3306690738754696e-16,0.00043275000643916428,0.00059700000565499067
2,8,1,10,1,0.60999999999999999,0.46999999999999997,0.53000000000000003,0.4162051562500001,0.47147373437500006,0,constant,9,1,0,10,direct,-0.19389408087218818,3.3306690738754696e-16,8.8817841970012523e-15,3.3306690738754696e-16,0.00043275000643916428,0.00059700000565499067
2,8,1,10,1,0.60999999999999999,0.46999999999999997,0.53000000000000003,0.4162051562500001,0.47147373437500006,0,constant,9,1,0,10,fe_geometry,-0.1938940808690279,3.3306690738754696e-16,8.8817841970012523e-15,3.3306690738754696e-16,0.00043275000643916428,0.00059700000565499067
2,8,1,10,1,0.60999999999999999,0.46999999999999997,0.53000000000000003,0.4162051562500001,0.47147373437500006,0,constant,8,2,0,10,recursive,4.9587845269042896,3.3306690738754696e-16,8.8817841970012523e-15,3.3306690738754696e-16,0.00043275000643916428,0.00059700000565499067
2,8,1,10,1,0.60999999999999999,0.46999999999999997,0.53000000000000003,0.4162051562500001,0.47147373437500006,0,constant,8,2,0,10,direct,0.31195000013275709,3.3306690738754696e-16,8.8817841970012523e-15,3.3306690738754696e-16,0.00043275000643916428,0.00059700000565499067
2,8,1,10,1,0.60999999999999999,0.46999999999999997,0.53000000000000003,0.4162051562500001,0.47147373437500006,0,constant,8,2,0,10,fe_geometry,0.31195000016123897,3.3306690738754696e-16,8.8817841970012523e-15,3.3306690738754696e-16,0.00043275000643916428,0.00059700000565499067
2,8,1,10,1,0.60999999999999999,0.46999999999999997,0.53000000000000003,0.4162051562500001,0.47147373437500006,0,constant,7,3,0,10,recursive,-15.393946982603691,3.3306690738754696e-16,8.8817841970012523e-15,3.3306690738754696e-16,0.00043275000643916428,0.00059700000565499067
2,8,1,10,1,0.60999999999999999,0.46999999999999997,0.53000000000000003,0.4162051562500001,0.47147373437500006,0,constant,7,3,0,10,direct,2.7843571829983791,3.3306690738754696e-16,8.8817841970012523e-15,3.3306690738754696e-16,0.00043275000643916428,0.00059700000565499067
2,8,1,10,1,0.60999999999999999,0.46999999999999997,0.53000000000000003,0.4162051562500001,0.47147373437500006,0,constant,7,3,0,10,fe_geometry,2.7843571830310405,3.3306690738754696e-16,8.8817841970012523e-15,3.3306690738754696e-16,0.00043275000643916428,0.00059700000565499067
2,8,1,10,1,0.60999999999999999,0.46999999999999997,0.53000000000000003,0.4162051562500001,0.47147373437500006,0,constant,6,4,0,10,recursive,-137.90221004304178,3.3306690738754696e-16,8.8817841970012523e-15,3.3306690738754696e-16,0.00043275000643916428,0.00059700000565499067
2,8,1,10,1,0.60999999999999999,0.46999999999999997,0.53000000000000003,0.4162051562500001,0.47147373437500006,0,constant,6,4,0,10,direct,-3.9882800608496809,3.3306690738754696e-16,8.8817841970012523e-15,3.3306690738754696e-16,0.00043275000643916428,0.00059700000565499067
2,8,1,10,1,0.60999999999999999,0.46999999999999997,0.53000000000000003,0.4162051562500001,0.47147373437500006,0,constant,6,4,0,10,fe_geometry,-3.9882800608320359,3.3306690738754696e-16,8.8817841970012523e-15,3.3306690738754696e-16,0.00043275000643916428,0.00059700000565499067
2,8,1,10,1,0.60999999999999999,0.46999999999999997,0.53000000000000003,0.4162051562500001,0.47147373437500006,0,constant,5,5,0,10,recursive,57.984880634164298,3.3306690738754696e-16,8.8817841970012523e-15,3.3306690738754696e-16,0.00043275000643916428,0.00059700000565499067
2,8,1,10,1,0.60999999999999999,0.46999999999999997,0.53000000000000003,0.4162051562500001,0.47147373437500006,0,constant,5,5,0,10,direct,-32.915430700350434,3.3306690738754696e-16,8.8817841970012523e-15,3.3306690738754696e-16,0.00043275000643916428,0.00059700000565499067
2,8,1,10,1,0.60999999999999999,0.46999999999999997,0.53000000000000003,0.4162051562500001,0.47147373437500006,0,constant,5,5,0,10,fe_geometry,-32.915430700335833,3.3306690738754696e-16,8.8817841970012523e-15,3.3306690738754696e-16,0.00043275000643916428,0.00059700000565499067
2,8,1,10,1,0.60999999999999999,0.46999999999999997,0.53000000000000003,0.4162051562500001,0.47147373437500006,0,constant,4,6,0,10,recursive,-19.739263849106639,3.3306690738754696e-16,8.8817841970012523e-15,3.3306690738754696e-16,0.00043275000643916428,0.00059700000565499067
2,8,1,10,1,0.60999999999999999,0.46999999999999997,0.53000000000000003,0.4162051562500001,0.47147373437500006,0,constant,4,6,0,10,direct,-6.1898786119950895,3.3306690738754696e-16,8.8817841970012523e-15,3.3306690738754696e-16,0.00043275000643916428,0.00059700000565499067
2,8,1,10,1,0.60999999999999999,0.46999999999999997,0.53000000000000003,0.4162051562500001,0.47147373437500006,0,constant,4,6,0,10,fe_geometry,-6.1898786120072486,3.3306690738754696e-16,8.8817841970012523e-15,3.3306690738754696e-16,0.00043275000643916428,0.00059700000565499067
2,8,1,10,1,0.60999999999999999,0.46999999999999997,0.53000000000000003,0.4162051562500001,0.47147373437500006,0,constant,3,7,0,10,recursive,-2.0268451068049718,3.3306690738754696e-16,8.8817841970012523e-15,3.3306690738754696e-16,0.00043275000643916428,0.00059700000565499067
2,8,1,10,1,0.60999999999999999,0.46999999999999997,0.53000000000000003,0.4162051562500001,0.47147373437500006,0,constant,3,7,0,10,direct,0.18393811003685334,3.3306690738754696e-16,8.8817841970012523e-15,3.3306690738754696e-16,0.00043275000643916428,0.00059700000565499067
2,8,1,10,1,0.60999999999999999,0.46999999999999997,0.53000000000000003,0.4162051562500001,0.47147373437500006,0,constant,3,7,0,10,fe_geometry,0.18393811003133306,3.3306690738754696e-16,8.8817841970012523e-15,3.3306690738754696e-16,0.00043275000643916428,0.00059700000565499067
2,8,1,10,1,0.60999999999999999,0.46999999999999997,0.53000000000000003,0.4162051562500001,0.47147373437500006,0,constant,2,8,0,10,recursive,0.16043639497413886,3.3306690738754696e-16,8.8817841970012523e-15,3.3306690738754696e-16,0.00043275000643916428,0.00059700000565499067
2,8,1,10,1,0.60999999999999999,0.46999999999999997,0.53000000000000003,0.4162051562500001,0.47147373437500006,0,constant,2,8,0,10,direct,-0.14595061556593811,3.3306690738754696e-16,8.8817841970012523e-15,3.3306690738754696e-16,0.00043275000643916428,0.00059700000565499067
2,8,1,10,1,0.60999999999999999,0.46999999999999997,0.53000000000000003,0.4162051562500001,0.47147373437500006,0,constant,2,8,0,10,fe_geometry,-0.14595061557988495,3.3306690738754696e-16,8.8817841970012523e-15,3.3306690738754696e-16,0.00043275000643916428,0.00059700000565499067
2,8,1,10,1,0.60999999999999999,0.46999999999999997,0.53000000000000003,0.4162051562500001,0.47147373437500006,0,constant,1,9,0,10,recursive,-0.0060120819427580035,3.3306690738754696e-16,8.8817841970012523e-15,3.3306690738754696e-16,0.00043275000643916428,0.00059700000565499067
2,8,1,10,1,0.60999999999999999,0.46999999999999997,0.53000000000000003,0.4162051562500001,0.47147373437500006,0,constant,1,9,0,10,direct,0.019137099339017562,3.3306690738754696e-16,8.8817841970012523e-15,3.3306690738754696e-16,0.00043275000643916428,0.00059700000565499067
2,8,1,10,1,0.60999999999999999,0.46999999999999997,0.53000000000000003,0.4162051562500001,0.47147373437500006,0,constant,1,9,0,10,fe_geometry,0.019137099315087436,3.3306690738754696e-16,8.8817841970012523e-15,3.3306690738754696e-16,0.00043275000643916428,0.00059700000565499067
2,8,1,10,1,0.60999999999999999,0.46999999999999997,0.53000000000000003,0.4162051562500001,0.47147373437500006,0,constant,0,10,0,10,recursive,0.18841109274358761,3.3306690738754696e-16,8.8817841970012523e-15,3.3306690738754696e-16,0.00043275000643916428,0.00059700000565499067
2,8,1,10,1,0.60999999999999999,0.46999999999999997,0.53000000000000003,0.4162051562500001,0.47147373437500006,0,constant,0,10,0,10,direct,0.22493077807088949,3.3306690738754696e-16,8.8817841970012523e-15,3.3306690738754696e-16,0.00043275000643916428,0.00059700000565499067
2,8,1,10,1,0.60999999999999999,0.46999999999999997,0.53000000000000003,0.4162051562500001,0.47147373437500006,0,constant,0,10,0,10,fe_geometry,0.22493077808653161,3.3306690738754696e-16,8.8817841970012523e-15,3.3306690738754696e-16,0.00043275000643916428,0.00059700000565499067
2,8,1,10,1,0.60999999999999999,0.46999999999999997,0.53000000000000003,0.4162051562500001,0.47147373437500006,0,quintic,1,0,0,1,recursive,0.076319662224395485,3.4694469519536142e-18,8.8817841970012523e-15,3.3306690738754696e-16,0.00043275000643916428,0.0015960419841576368
2,8,1,10,1,0.60999999999999999,0.46999999999999997,0.53000000000000003,0.4162051562500001,0.47147373437500006,0,quintic,1,0,0,1,direct,0.076319660352196214,3.4694469519536142e-18,8.8817841970012523e-15,3.3306690738754696e-16,0.00043275000643916428,0.0015960419841576368
2,8,1,10,1,0.60999999999999999,0.46999999999999997,0.53000000000000003,0.4162051562500001,0.47147373437500006,0,quintic,1,0,0,1,fe_geometry,0.076319660352196506,3.4694469519536142e-18,8.8817841970012523e-15,3.3306690738754696e-16,0.00043275000643916428,0.0015960419841576368
2,8,1,10,1,0.60999999999999999,0.46999999999999997,0.53000000000000003,0.4162051562500001,0.47147373437500006,0,quintic,0,1,0,1,recursive,0.12084749912749397,3.4694469519536142e-18,8.8817841970012523e-15,3.3306690738754696e-16,0.00043275000643916428,0.0015960419841576368
2,8,1,10,1,0.60999999999999999,0.46999999999999997,0.53000000000000003,0.4162051562500001,0.47147373437500006,0,quintic,0,1,0,1,direct,0.1208474873561801,3.4694469519536142e-18,8.8817841970012523e-15,3.3306690738754696e-16,0.00043275000643916428,0.0015960419841576368
2,8,1,10,1,0.60999999999999999,0.46999999999999997,0.53000000000000003,0.4162051562500001,0.47147373437500006,0,quintic,0,1,0,1,fe_geometry,0.12084748735617765,3.4694469519536142e-18,8.8817841970012523e-15,3.3306690738754696e-16,0.00043275000643916428,0.0015960419841576368
2,8,1,10,1,0.60999999999999999,0.46999999999999997,0.53000000000000003,0.4162051562500001,0.47147373437500006,0,quintic,2,0,0,2,recursive,0.45568371540466934,3.4694469519536142e-18,8.8817841970012523e-15,3.3306690738754696e-16,0.00043275000643916428,0.0015960419841576368
2,8,1,10,1,0.60999999999999999,0.46999999999999997,0.53000000000000003,0.4162051562500001,0.47147373437500006,0,quintic,2,0,0,2,direct,0.45568491033286518,3.4694469519536142e-18,8.8817841970012523e-15,3.3306690738754696e-16,0.00043275000643916428,0.0015960419841576368
2,8,1,10,1,0.60999999999999999,0.46999999999999997,0.53000000000000003,0.4162051562500001,0.47147373437500006,0,quintic,2,0,0,2,fe_geometry,0.45568491033274272,3.4694469519536142e-18,8.8817841970012523e-15,3.3306690738754696e-16,0.00043275000643916428,0.0015960419841576368
2,8,1,10,1,0.60999999999999999,0.46999999999999997,0.53000000000000003,0.4162051562500001,0.47147373437500006,0,quintic,1,1,0,2,recursive,0.26515654729278726,3.4694469519536142e-18,8.8817841970012523e-15,3.3306690738754696e-16,0.00043275000643916428,0.0015960419841576368
2,8,1,10,1,0.60999999999999999,0.46999999999999997,0.53000000000000003,0.4162051562500001,0.47147373437500006,0,quintic,1,1,0,2,direct,0.26515654647778497,3.4694469519536142e-18,8.8817841970012523e-15,3.3306690738754696e-16,0.00043275000643916428,0.0015960419841576368
2,8,1,10,1,0.60999999999999999,0.46999999999999997,0.53000000000000003,0.4162051562500001,0.47147373437500006,0,quintic,1,1,0,2,fe_geometry,0.26515654647778153,3.4694469519536142e-18,8.8817841970012523e-15,3.3306690738754696e-16,0.00043275000643916428,0.0015960419841576368
2,8,1,10,1,0.60999999999999999,0.46999999999999997,0.53000000000000003,0.4162051562500001,0.47147373437500006,0,quintic,0,2,0,2,recursive,0.92166860316300203,3.4694469519536142e-18,8.8817841970012523e-15,3.3306690738754696e-16,0.00043275000643916428,0.0015960419841576368
2,8,1,10,1,0.60999999999999999,0.46999999999999997,0.53000000000000003,0.4162051562500001,0.47147373437500006,0,quintic,0,2,0,2,direct,0.92166804955352444,3.4694469519536142e-18,8.8817841970012523e-15,3.3306690738754696e-16,0.00043275000643916428,0.0015960419841576368
2,8,1,10,1,0.60999999999999999,0.46999999999999997,0.53000000000000003,0.4162051562500001,0.47147373437500006,0,quintic,0,2,0,2,fe_geometry,0.92166804955351112,3.4694469519536142e-18,8.8817841970012523e-15,3.3306690738754696e-16,0.00043275000643916428,0.0015960419841576368
2,8,1,10,1,0.60999999999999999,0.46999999999999997,0.53000000000000003,0.4162051562500001,0.47147373437500006,0,quintic,3,0,0,3,recursive,3.13138721265025,3.4694469519536142e-18,8.8817841970012523e-15,3.3306690738754696e-16,0.00043275000643916428,0.0015960419841576368
2,8,1,10,1,0.60999999999999999,0.46999999999999997,0.53000000000000003,0.4162051562500001,0.47147373437500006,0,quintic,3,0,0,3,direct,3.1314200753258064,3.4694469519536142e-18,8.8817841970012523e-15,3.3306690738754696e-16,0.00043275000643916428,0.0015960419841576368
2,8,1,10,1,0.60999999999999999,0.46999999999999997,0.53000000000000003,0.4162051562500001,0.47147373437500006,0,quintic,3,0,0,3,fe_geometry,3.1314200753246126,3.4694469519536142e-18,8.8817841970012523e-15,3.3306690738754696e-16,0.00043275000643916428,0.0015960419841576368
2,8,1,10,1,0.60999999999999999,0.46999999999999997,0.53000000000000003,0.4162051562500001,0.47147373437500006,0,quintic,2,1,0,3,recursive,0.9461371510529154,3.4694469519536142e-18,8.8817841970012523e-15,3.3306690738754696e-16,0.00043275000643916428,0.0015960419841576368
2,8,1,10,1,0.60999999999999999,0.46999999999999997,0.53000000000000003,0.4162051562500001,0.47147373437500006,0,quintic,2,1,0,3,direct,0.94613731188255179,3.4694469519536142e-18,8.8817841970012523e-15,3.3306690738754696e-16,0.00043275000643916428,0.0015960419841576368
2,8,1,10,1,0.60999999999999999,0.46999999999999997,0.53000000000000003,0.4162051562500001,0.47147373437500006,0,quintic,2,1,0,3,fe_geometry,0.94613731188213879,3.4694469519536142e-18,8.8817841970012523e-15,3.3306690738754696e-16,0.00043275000643916428,0.0015960419841576368
2,8,1,10,1,0.60999999999999999,0.46999999999999997,0.53000000000000003,0.4162051562500001,0.47147373437500006,0,quintic,1,2,0,3,recursive,0.84974355339982521,3.4694469519536142e-18,8.8817841970012523e-15,3.3306690738754696e-16,0.00043275000643916428,0.0015960419841576368
2,8,1,10,1,0.60999999999999999,0.46999999999999997,0.53000000000000003,0.4162051562500001,0.47147373437500006,0,quintic,1,2,0,3,direct,0.8497435248319346,3.4694469519536142e-18,8.8817841970012523e-15,3.3306690738754696e-16,0.00043275000643916428,0.0015960419841576368
2,8,1,10,1,0.60999999999999999,0.46999999999999997,0.53000000000000003,0.4162051562500001,0.47147373437500006,0,quintic,1,2,0,3,fe_geometry,0.84974352483235216,3.4694469519536142e-18,8.8817841970012523e-15,3.3306690738754696e-16,0.00043275000643916428,0.0015960419841576368
2,8,1,10,1,0.60999999999999999,0.46999999999999997,0.53000000000000003,0.4162051562500001,0.47147373437500006,0,quintic,0,3,0,3,recursive,7.3245659607833868,3.4694469519536142e-18,8.8817841970012523e-15,3.3306690738754696e-16,0.00043275000643916428,0.0015960419841576368
2,8,1,10,1,0.60999999999999999,0.46999999999999997,0.53000000000000003,0.4162051562500001,0.47147373437500006,0,quintic,0,3,0,3,direct,7.324658844046148,3.4694469519536142e-18,8.8817841970012523e-15,3.3306690738754696e-16,0.00043275000643916428,0.0015960419841576368
2,8,1,10,1,0.60999999999999999,0.46999999999999997,0.53000000000000003,0.4162051562500001,0.47147373437500006,0,quintic,0,3,0,3,fe_geometry,7.3246588440472555,3.4694469519536142e-18,8.8817841970012523e-15,3.3306690738754696e-16,0.00043275000643916428,0.0015960419841576368
2,8,1,10,1,0.60999999999999999,0.46999999999999997,0.53000000000000003,0.4162051562500001,0.47147373437500006,0,quintic,4,0,0,4,recursive,25.503425696631577,3.4694469519536142e-18,8.8817841970012523e-15,3.3306690738754696e-16,0.00043275000643916428,0.0015960419841576368
2,8,1,10,1,0.60999999999999999,0.46999999999999997,0.53000000000000003,0.4162051562500001,0.47147373437500006,0,quintic,4,0,0,4,direct,25.496469966998056,3.4694469519536142e-18,8.8817841970012523e-15,3.3306690738754696e-16,0.00043275000643916428,0.0015960419841576368
2,8,1,10,1,0.60999999999999999,0.46999999999999997,0.53000000000000003,0.4162051562500001,0.47147373437500006,0,quintic,4,0,0,4,fe_geometry,25.49646996712837,3.4694469519536142e-18,8.8817841970012523e-15,3.3306690738754696e-16,0.00043275000643916428,0.0015960419841576368
2,8,1,10,1,0.60999999999999999,0.46999999999999997,0.53000000000000003,0.4162051562500001,0.47147373437500006,0,quintic,3,1,0,4,recursive,2.3041338676204886,3.4694469519536142e-18,8.8817841970012523e-15,3.3306690738754696e-16,0.00043275000643916428,0.0015960419841576368
2,8,1,10,1,0.60999999999999999,0.46999999999999997,0.53000000000000003,0.4162051562500001,0.47147373437500006,0,quintic,3,1,0,4,direct,2.3041388207808176,3.4694469519536142e-18,8.8817841970012523e-15,3.3306690738754696e-16,0.00043275000643916428,0.0015960419841576368
2,8,1,10,1,0.60999999999999999,0.46999999999999997,0.53000000000000003,0.4162051562500001,0.47147373437500006,0,quintic,3,1,0,4,fe_geometry,2.3041388207917288,3.4694469519536142e-18,8.8817841970012523e-15,3.3306690738754696e-16,0.00043275000643916428,0.0015960419841576368
2,8,1,10,1,0.60999999999999999,0.46999999999999997,0.53000000000000003,0.4162051562500001,0.47147373437500006,0,quintic,2,2,0,4,recursive,3.0320727621256296,3.4694469519536142e-18,8.8817841970012523e-15,3.3306690738754696e-16,0.00043275000643916428,0.0015960419841576368
2,8,1,10,1,0.60999999999999999,0.46999999999999997,0.53000000000000003,0.4162051562500001,0.47147373437500006,0,quintic,2,2,0,4,direct,3.0320731849024449,3.4694469519536142e-18,8.8817841970012523e-15,3.3306690738754696e-16,0.00043275000643916428,0.0015960419841576368
2,8,1,10,1,0.60999999999999999,0.46999999999999997,0.53000000000000003,0.4162051562500001,0.47147373437500006,0,quintic,2,2,0,4,fe_geometry,3.03207318493254,3.4694469519536142e-18,8.8817841970012523e-15,3.3306690738754696e-16,0.00043275000643916428,0.0015960419841576368
2,8,1,10,1,0.60999999999999999,0.46999999999999997,0.53000000000000003,0.4162051562500001,0.47147373437500006,0,quintic,1,3,0,4,recursive,1.9276375114005579,3.4694469519536142e-18,8.8817841970012523e-15,3.3306690738754696e-16,0.00043275000643916428,0.0015960419841576368
2,8,1,10,1,0.60999999999999999,0.46999999999999997,0.53000000000000003,0.4162051562500001,0.47147373437500006,0,quintic,1,3,0,4,direct,1.9276418460163516,3.4694469519536142e-18,8.8817841970012523e-15,3.3306690738754696e-16,0.00043275000643916428,0.0015960419841576368
2,8,1,10,1,0.60999999999999999,0.46999999999999997,0.53000000000000003,0.4162051562500001,0.47147373437500006,0,quintic,1,3,0,4,fe_geometry,1.9276418460132696,3.4694469519536142e-18,8.8817841970012523e-15,3.3306690738754696e-16,0.00043275000643916428,0.0015960419841576368
2,8,1,10,1,0.60999999999999999,0.46999999999999997,0.53000000000000003,0.4162051562500001,0.47147373437500006,0,quintic,0,4,0,4,recursive,57.276937777309726,3.4694469519536142e-18,8.8817841970012523e-15,3.3306690738754696e-16,0.00043275000643916428,0.0015960419841576368
2,8,1,10,1,0.60999999999999999,0.46999999999999997,0.53000000000000003,0.4162051562500001,0.47147373437500006,0,quintic,0,4,0,4,direct,57.281364388408221,3.4694469519536142e-18,8.8817841970012523e-15,3.3306690738754696e-16,0.00043275000643916428,0.0015960419841576368
2,8,1,10,1,0.60999999999999999,0.46999999999999997,0.53000000000000003,0.4162051562500001,0.47147373437500006,0,quintic,0,4,0,4,fe_geometry,57.281364388492641,3.4694469519536142e-18,8.8817841970012523e-15,3.3306690738754696e-16,0.00043275000643916428,0.0015960419841576368
2,8,1,10,1,0.60999999999999999,0.46999999999999997,0.53000000000000003,0.4162051562500001,0.47147373437500006,0,quintic,5,0,0,5,recursive,207.09531708267471,3.4694469519536142e-18,8.8817841970012523e-15,3.3306690738754696e-16,0.00043275000643916428,0.0015960419841576368
2,8,1,10,1,0.60999999999999999,0.46999999999999997,0.53000000000000003,0.4162051562500001,0.47147373437500006,0,quintic,5,0,0,5,direct,206.74169024500247,3.4694469519536142e-18,8.8817841970012523e-15,3.3306690738754696e-16,0.00043275000643916428,0.0015960419841576368
2,8,1,10,1,0.60999999999999999,0.46999999999999997,0.53000000000000003,0.4162051562500001,0.47147373437500006,0,quintic,5,0,0,5,fe_geometry,206.74169024851403,3.4694469519536142e-18,8.8817841970012523e-15,3.3306690738754696e-16,0.00043275000643916428,0.0015960419841576368
2,8,1,10,1,0.60999999999999999,0.46999999999999997,0.53000000000000003,0.4162051562500001,0.47147373437500006,0,quintic,4,1,0,5,recursive,9.3530967212572822,3.4694469519536142e-18,8.8817841970012523e-15,3.3306690738754696e-16,0.00043275000643916428,0.0015960419841576368
2,8,1,10,1,0.60999999999999999,0.46999999999999997,0.53000000000000003,0.4162051562500001,0.47147373437500006,0,quintic,4,1,0,5,direct,9.3521585743312201,3.4694469519536142e-18,8.8817841970012523e-15,3.3306690738754696e-16,0.00043275000643916428,0.0015960419841576368
2,8,1,10,1,0.60999999999999999,0.46999999999999997,0.53000000000000003,0.4162051562500001,0.47147373437500006,0,quintic,4,1,0,5,fe_geometry,9.352158575664749,3.4694469519536142e-18,8.8817841970012523e-15,3.3306690738754696e-16,0.00043275000643916428,0.0015960419841576368
2,8,1,10,1,0.60999999999999999,0.46999999999999997,0.53000000000000003,0.4162051562500001,0.47147373437500006,0,quintic,3,2,0,5,recursive,7.3840262268353536,3.4694469519536142e-18,8.8817841970012523e-15,3.3306690738754696e-16,0.00043275000643916428,0.0015960419841576368
2,8,1,10,1,0.60999999999999999,0.46999999999999997,0.53000000000000003,0.4162051562500001,0.47147373437500006,0,quintic,3,2,0,5,direct,7.3840418769006515,3.4694469519536142e-18,8.8817841970012523e-15,3.3306690738754696e-16,0.00043275000643916428,0.0015960419841576368
2,8,1,10,1,0.60999999999999999,0.46999999999999997,0.53000000000000003,0.4162051562500001,0.47147373437500006,0,quintic,3,2,0,5,fe_geometry,7.3840418763110272,3.4694469519536142e-18,8.8817841970012523e-15,3.3306690738754696e-16,0.00043275000643916428,0.0015960419841576368
2,8,1,10,1,0.60999999999999999,0.46999999999999997,0.53000000000000003,0.4162051562500001,0.47147373437500006,0,quintic,2,3,0,5,recursive,6.878236581855119,3.4694469519536142e-18,8.8817841970012523e-15,3.3306690738754696e-16,0.00043275000643916428,0.0015960419841576368
2,8,1,10,1,0.60999999999999999,0.46999999999999997,0.53000000000000003,0.4162051562500001,0.47147373437500006,0,quintic,2,3,0,5,direct,6.8782532414480988,3.4694469519536142e-18,8.8817841970012523e-15,3.3306690738754696e-16,0.00043275000643916428,0.0015960419841576368
2,8,1,10,1,0.60999999999999999,0.46999999999999997,0.53000000000000003,0.4162051562500001,0.47147373437500006,0,quintic,2,3,0,5,fe_geometry,6.8782532417234012,3.4694469519536142e-18,8.8817841970012523e-15,3.3306690738754696e-16,0.00043275000643916428,0.0015960419841576368
2,8,1,10,1,0.60999999999999999,0.46999999999999997,0.53000000000000003,0.4162051562500001,0.47147373437500006,0,quintic,1,4,0,5,recursive,7.287865955541009,3.4694469519536142e-18,8.8817841970012523e-15,3.3306690738754696e-16,0.00043275000643916428,0.0015960419841576368
2,8,1,10,1,0.60999999999999999,0.46999999999999997,0.53000000000000003,0.4162051562500001,0.47147373437500006,0,quintic,1,4,0,5,direct,7.288087478378328,3.4694469519536142e-18,8.8817841970012523e-15,3.3306690738754696e-16,0.00043275000643916428,0.0015960419841576368
2,8,1,10,1,0.60999999999999999,0.46999999999999997,0.53000000000000003,0.4162051562500001,0.47147373437500006,0,quintic,1,4,0,5,fe_geometry,7.2880874769089203,3.4694469519536142e-18,8.8817841970012523e-15,3.3306690738754696e-16,0.00043275000643916428,0.0015960419841576368
2,8,1,10,1,0.60999999999999999,0.46999999999999997,0.53000000000000003,0.4162051562500001,0.47147373437500006,0,quintic,0,5,0,5,recursive,433.73226222091739,3.4694469519536142e-18,8.8817841970012523e-15,3.3306690738754696e-16,0.00043275000643916428,0.0015960419841576368
2,8,1,10,1,0.60999999999999999,0.46999999999999997,0.53000000000000003,0.4162051562500001,0.47147373437500006,0,quintic,0,5,0,5,direct,433.07664566756273,3.4694469519536142e-18,8.8817841970012523e-15,3.3306690738754696e-16,0.00043275000643916428,0.0015960419841576368
2,8,1,10,1,0.60999999999999999,0.46999999999999997,0.53000000000000003,0.4162051562500001,0.47147373437500006,0,quintic,0,5,0,5,fe_geometry,433.07664567006867,3.4694469519536142e-18,8.8817841970012523e-15,3.3306690738754696e-16,0.00043275000643916428,0.0015960419841576368
2,8,1,10,1,0.60999999999999999,0.46999999999999997,0.53000000000000003,0.4162051562500001,0.47147373437500006,0,quintic,6,0,0,6,recursive,1763.7689250326966,3.4694469519536142e-18,8.8817841970012523e-15,3.3306690738754696e-16,0.00043275000643916428,0.0015960419841576368
2,8,1,10,1,0.60999999999999999,0.46999999999999997,0.53000000000000003,0.4162051562500001,0.47147373437500006,0,quintic,6,0,0,6,direct,1786.4635421145363,3.4694469519536142e-18,8.8817841970012523e-15,3.3306690738754696e-16,0.00043275000643916428,0.0015960419841576368
2,8,1,10,1,0.60999999999999999,0.46999999999999997,0.53000000000000003,0.4162051562500001,0.47147373437500006,0,quintic,6,0,0,6,fe_geometry,1786.4635421881303,3.4694469519536142e-18,8.8817841970012523e-15,3.3306690738754696e-16,0.00043275000643916428,0.0015960419841576368
2,8,1,10,1,0.60999999999999999,0.46999999999999997,0.53000000000000003,0.4162051562500001,0.47147373437500006,0,quintic,5,1,0,6,recursive,53.193693458191824,3.4694469519536142e-18,8.8817841970012523e-15,3.3306690738754696e-16,0.00043275000643916428,0.0015960419841576368
2,8,1,10,1,0.60999999999999999,0.46999999999999997,0.53000000000000003,0.4162051562500001,0.47147373437500006,0,quintic,5,1,0,6,direct,53.142639070074232,3.4694469519536142e-18,8.8817841970012523e-15,3.3306690738754696e-16,0.00043275000643916428,0.0015960419841576368
2,8,1,10,1,0.60999999999999999,0.46999999999999997,0.53000000000000003,0.4162051562500001,0.47147373437500006,0,quintic,5,1,0,6,fe_geometry,53.142639095624865,3.4694469519536142e-18,8.8817841970012523e-15,3.3306690738754696e-16,0.00043275000643916428,0.0015960419841576368
2,8,1,10,1,0.60999999999999999,0.46999999999999997,0.53000000000000003,0.4162051562500001,0.47147373437500006,0,quintic,4,2,0,6,recursive,29.973740743686548,3.4694469519536142e-18,8.8817841970012523e-15,3.3306690738754696e-16,0.00043275000643916428,0.0015960419841576368
2,8,1,10,1,0.60999999999999999,0.46999999999999997,0.53000000000000003,0.4162051562500001,0.47147373437500006,0,quintic,4,2,0,6,direct,29.970733527811095,3.4694469519536142e-18,8.8817841970012523e-15,3.3306690738754696e-16,0.00043275000643916428,0.0015960419841576368
2,8,1,10,1,0.60999999999999999,0.46999999999999997,0.53000000000000003,0.4162051562500001,0.47147373437500006,0,quintic,4,2,0,6,fe_geometry,29.97073344766639,3.4694469519536142e-18,8.8817841970012523e-15,3.3306690738754696e-16,0.00043275000643916428,0.0015960419841576368
2,8,1,10,1,0.60999999999999999,0.46999999999999997,0.53000000000000003,0.4162051562500001,0.47147373437500006,0,quintic,3,3,0,6,recursive,16.750613452153672,3.4694469519536142e-18,8.8817841970012523e-15,3.3306690738754696e-16,0.00043275000643916428,0.0015960419841576368
2,8,1,10,1,0.60999999999999999,0.46999999999999997,0.53000000000000003,0.4162051562500001,0.47147373437500006,0,quintic,3,3,0,6,direct,16.750687367731622,3.4694469519536142e-18,8.8817841970012523e-15,3.3306690738754696e-16,0.00043275000643916428,0.0015960419841576368
2,8,1,10,1,0.60999999999999999,0.46999999999999997,0.53000000000000003,0.4162051562500001,0.47147373437500006,0,quintic,3,3,0,6,fe_geometry,16.750687349991736,3.4694469519536142e-18,8.8817841970012523e-15,3.3306690738754696e-16,0.00043275000643916428,0.0015960419841576368
2,8,1,10,1,0.60999999999999999,0.46999999999999997,0.53000000000000003,0.4162051562500001,0.47147373437500006,0,quintic,2,4,0,6,recursive,26.004716029671691,3.4694469519536142e-18,8.8817841970012523e-15,3.3306690738754696e-16,0.00043275000643916428,0.0015960419841576368
2,8,1,10,1,0.60999999999999999,0.46999999999999997,0.53000000000000003,0.4162051562500001,0.47147373437500006,0,quintic,2,4,0,6,direct,26.005511036842222,3.4694469519536142e-18,8.8817841970012523e-15,3.3306690738754696e-16,0.00043275000643916428,0.0015960419841576368
2,8,1,10,1,0.60999999999999999,0.46999999999999997,0.53000000000000003,0.4162051562500001,0.47147373437500006,0,quintic,2,4,0,6,fe_geometry,26.00551098663033,3.4694469519536142e-18,8.8817841970012523e-15,3.3306690738754696e-16,0.00043275000643916428,0.0015960419841576368
2,8,1,10,1,0.60999999999999999,0.46999999999999997,0.53000000000000003,0.4162051562500001,0.47147373437500006,0,quintic,1,5,0,6,recursive,38.607577000597487,3.4694469519536142e-18,8.8817841970012523e-15,3.3306690738754696e-16,0.00043275000643916428,0.0015960419841576368
2,8,1,10,1,0.60999999999999999,0.46999999999999997,0.53000000000000003,0.4162051562500001,0.47147373437500006,0,quintic,1,5,0,6,direct,38.577034927185565,3.4694469519536142e-18,8.8817841970012523e-15,3.3306690738754696e-16,0.00043275000643916428,0.0015960419841576368
2,8,1,10,1,0.60999999999999999,0.46999999999999997,0.53000000000000003,0.4162051562500001,0.47147373437500006,0,quintic,1,5,0,6,fe_geometry,38.577034868270687,3.4694469519536142e-18,8.8817841970012523e-15,3.3306690738754696e-16,0.00043275000643916428,0.0015960419841576368
2,8,1,10,1,0.60999999999999999,0.46999999999999997,0.53000000000000003,0.4162051562500001,0.47147373437500006,0,quintic,0,6,0,6,recursive,3513.484153714965,3.4694469519536142e-18,8.8817841970012523e-15,3.3306690738754696e-16,0.00043275000643916428,0.0015960419841576368
2,8,1,10,1,0.60999999999999999,0.46999999999999997,0.53000000000000003,0.4162051562500001,0.47147373437500006,0,quintic,0,6,0,6,direct,3485.7985787876496,3.4694469519536142e-18,8.8817841970012523e-15,3.3306690738754696e-16,0.00043275000643916428,0.0015960419841576368
2,8,1,10,1,0.60999999999999999,0.46999999999999997,0.53000000000000003,0.4162051562500001,0.47147373437500006,0,quintic,0,6,0,6,fe_geometry,3485.798578843699,3.4694469519536142e-18,8.8817841970012523e-15,3.3306690738754696e-16,0.00043275000643916428,0.0015960419841576368
2,8,1,10,1,0.60999999999999999,0.46999999999999997,0.53000000000000003,0.4162051562500001,0.47147373437500006,0,quintic,7,0,0,7,recursive,15297.269136999334,3.4694469519536142e-18,8.8817841970012523e-15,3.3306690738754696e-16,0.00043275000643916428,0.0015960419841576368
2,8,1,10,1,0.60999999999999999,0.46999999999999997,0.53000000000000003,0.4162051562500001,0.47147373437500006,0,quintic,7,0,0,7,direct,17581.382734116727,3.4694469519536142e-18,8.8817841970012523e-15,3.3306690738754696e-16,0.00043275000643916428,0.0015960419841576368
2,8,1,10,1,0.60999999999999999,0.46999999999999997,0.53000000000000003,0.4162051562500001,0.47147373437500006,0,quintic,7,0,0,7,fe_geometry,17581.382735535746,3.4694469519536142e-18,8.8817841970012523e-15,3.3306690738754696e-16,0.00043275000643916428,0.0015960419841576368
2,8,1,10,1,0.60999999999999999,0.46999999999999997,0.53000000000000003,0.4162051562500001,0.47147373437500006,0,quintic,6,1,0,7,recursive,385.29401159471314,3.4694469519536142e-18,8.8817841970012523e-15,3.3306690738754696e-16,0.00043275000643916428,0.0015960419841576368
2,8,1,10,1,0.60999999999999999,0.46999999999999997,0.53000000000000003,0.4162051562500001,0.47147373437500006,0,quintic,6,1,0,7,direct,388.25659652273629,3.4694469519536142e-18,8.8817841970012523e-15,3.3306690738754696e-16,0.00043275000643916428,0.0015960419841576368
2,8,1,10,1,0.60999999999999999,0.46999999999999997,0.53000000000000003,0.4162051562500001,0.47147373437500006,0,quintic,6,1,0,7,fe_geometry,388.25659697310186,3.4694469519536142e-18,8.8817841970012523e-15,3.3306690738754696e-16,0.00043275000643916428,0.0015960419841576368
2,8,1,10,1,0.60999999999999999,0.46999999999999997,0.53000000000000003,0.4162051562500001,0.47147373437500006,0,quintic,5,2,0,7,recursive,170.46910723612493,3.4694469519536142e-18,8.8817841970012523e-15,3.3306690738754696e-16,0.00043275000643916428,0.0015960419841576368
2,8,1,10,1,0.60999999999999999,0.46999999999999997,0.53000000000000003,0.4162051562500001,0.47147373437500006,0,quintic,5,2,0,7,direct,170.30548498112412,3.4694469519536142e-18,8.8817841970012523e-15,3.3306690738754696e-16,0.00043275000643916428,0.0015960419841576368
2,8,1,10,1,0.60999999999999999,0.46999999999999997,0.53000000000000003,0.4162051562500001,0.47147373437500006,0,quintic,5,2,0,7,fe_geometry,170.30548294778646,3.4694469519536142e-18,8.8817841970012523e-15,3.3306690738754696e-16,0.00043275000643916428,0.0015960419841576368
2,8,1,10,1,0.60999999999999999,0.46999999999999997,0.53000000000000003,0.4162051562500001,0.47147373437500006,0,quintic,4,3,0,7,recursive,67.995225096890806,3.4694469519536142e-18,8.8817841970012523e-15,3.3306690738754696e-16,0.00043275000643916428,0.0015960419841576368
2,8,1,10,1,0.60999999999999999,0.46999999999999997,0.53000000000000003,0.4162051562500001,0.47147373437500006,0,quintic,4,3,0,7,direct,67.988566302857166,3.4694469519536142e-18,8.8817841970012523e-15,3.3306690738754696e-16,0.00043275000643916428,0.0015960419841576368
2,8,1,10,1,0.60999999999999999,0.46999999999999997,0.53000000000000003,0.4162051562500001,0.47147373437500006,0,quintic,4,3,0,7,fe_geometry,67.98856451130689,3.4694469519536142e-18,8.8817841970012523e-15,3.3306690738754696e-16,0.00043275000643916428,0.0015960419841576368
2,8,1,10,1,0.60999999999999999,0.46999999999999997,0.53000000000000003,0.4162051562500001,0.47147373437500006,0,quintic,3,4,0,7,recursive,63.329458067686936,3.4694469519536142e-18,8.8817841970012523e-15,3.3306690738754696e-16,0.00043275000643916428,0.0015960419841576368
2,8,1,10,1,0.60999999999999999,0.46999999999999997,0.53000000000000003,0.4162051562500001,0.47147373437500006,0,quintic,3,4,0,7,direct,63.331514008035811,3.4694469519536142e-18,8.8817841970012523e-15,3.3306690738754696e-16,0.00043275000643916428,0.0015960419841576368
2,8,1,10,1,0.60999999999999999,0.46999999999999997,0.53000000000000003,0.4162051562500001,0.47147373437500006,0,quintic,3,4,0,7,fe_geometry,63.331516045761234,3.4694469519536142e-18,8.8817841970012523e-15,3.3306690738754696e-16,0.00043275000643916428,0.0015960419841576368
2,8,1,10,1,0.60999999999999999,0.46999999999999997,0.53000000000000003,0.4162051562500001,0.47147373437500006,0,quintic,2,5,0,7,recursive,137.76036371360559,3.4694469519536142e-18,8.8817841970012523e-15,3.3306690738754696e-16,0.00043275000643916428,0.0015960419841576368
2,8,1,10,1,0.60999999999999999,0.46999999999999997,0.53000000000000003,0.4162051562500001,0.47147373437500006,0,quintic,2,5,0,7,direct,137.65140435110786,3.4694469519536142e-18,8.8817841970012523e-15,3.3306690738754696e-16,0.00043275000643916428,0.0015960419841576368
2,8,1,10,1,0.60999999999999999,0.46999999999999997,0.53000000000000003,0.4162051562500001,0.47147373437500006,0,quintic,2,5,0,7,fe_geometry,137.65140247369271,3.4694469519536142e-18,8.8817841970012523e-15,3.3306690738754696e-16,0.00043275000643916428,0.0015960419841576368
2,8,1,10,1,0.60999999999999999,0.46999999999999997,0.53000000000000003,0.4162051562500001,0.47147373437500006,0,quintic,1,6,0,7,recursive,263.93035646229663,3.4694469519536142e-18,8.8817841970012523e-15,3.3306690738754696e-16,0.00043275000643916428,0.0015960419841576368
2,8,1,10,1,0.60999999999999999,0.46999999999999997,0.53000000000000003,0.4162051562500001,0.47147373437500006,0,quintic,1,6,0,7,direct,262.5358288758996,3.4694469519536142e-18,8.8817841970012523e-15,3.3306690738754696e-16,0.00043275000643916428,0.0015960419841576368
2,8,1,10,1,0.60999999999999999,0.46999999999999997,0.53000000000000003,0.4162051562500001,0.47147373437500006,0,quintic,1,6,0,7,fe_geometry,262.53582731792994,3.4694469519536142e-18,8.8817841970012523e-15,3.3306690738754696e-16,0.00043275000643916428,0.0015960419841576368
2,8,1,10,1,0.60999999999999999,0.46999999999999997,0.53000000000000003,0.4162051562500001,0.47147373437500006,0,quintic,0,7,0,7,recursive,29238.87926407791,3.4694469519536142e-18,8.8817841970012523e-15,3.3306690738754696e-16,0.00043275000643916428,0.0015960419841576368
2,8,1,10,1,0.60999999999999999,0.46999999999999997,0.53000000000000003,0.4162051562500001,0.47147373437500006,0,quintic,0,7,0,7,direct,31952.276772048543,3.4694469519536142e-18,8.8817841970012523e-15,3.3306690738754696e-16,0.00043275000643916428,0.0015960419841576368
2,8,1,10,1,0.60999999999999999,0.46999999999999997,0.53000000000000003,0.4162051562500001,0.47147373437500006,0,quintic,0,7,0,7,fe_geometry,31952.276773139514,3.4694469519536142e-18,8.8817841970012523e-15,3.3306690738754696e-16,0.00043275000643916428,0.0015960419841576368
2,8,1,10,1,0.60999999999999999,0.46999999999999997,0.53000000000000003,0.4162051562500001,0.47147373437500006,0,quintic,8,0,0,8,recursive,133480.72522425538,3.4694469519536142e-18,8.8817841970012523e-15,3.3306690738754696e-16,0.00043275000643916428,0.0015960419841576368
2,8,1,10,1,0.60999999999999999,0.46999999999999997,0.53000000000000003,0.4162051562500001,0.47147373437500006,0,quintic,8,0,0,8,direct,197685.95414290094,3.4694469519536142e-18,8.8817841970012523e-15,3.3306690738754696e-16,0.00043275000643916428,0.0015960419841576368
2,8,1,10,1,0.60999999999999999,0.46999999999999997,0.53000000000000003,0.4162051562500001,0.47147373437500006,0,quintic,8,0,0,8,fe_geometry,197685.95416973624,3.4694469519536142e-18,8.8817841970012523e-15,3.3306690738754696e-16,0.00043275000643916428,0.0015960419841576368
2,8,1,10,1,0.60999999999999999,0.46999999999999997,0.53000000000000003,0.4162051562500001,0.47147373437500006,0,quintic,7,1,0,8,recursive,3145.898639224516,3.4694469519536142e-18,8.8817841970012523e-15,3.3306690738754696e-16,0.00043275000643916428,0.0015960419841576368
2,8,1,10,1,0.60999999999999999,0.46999999999999997,0.53000000000000003,0.4162051562500001,0.47147373437500006,0,quintic,7,1,0,8,direct,3466.9273781584502,3.4694469519536142e-18,8.8817841970012523e-15,3.3306690738754696e-16,0.00043275000643916428,0.0015960419841576368
2,8,1,10,1,0.60999999999999999,0.46999999999999997,0.53000000000000003,0.4162051562500001,0.47147373437500006,0,quintic,7,1,0,8,fe_geometry,3466.9273861205315,3.4694469519536142e-18,8.8817841970012523e-15,3.3306690738754696e-16,0.00043275000643916428,0.0015960419841576368
2,8,1,10,1,0.60999999999999999,0.46999999999999997,0.53000000000000003,0.4162051562500001,0.47147373437500006,0,quintic,6,2,0,8,recursive,1234.747018253006,3.4694469519536142e-18,8.8817841970012523e-15,3.3306690738754696e-16,0.00043275000643916428,0.0015960419841576368
2,8,1,10,1,0.60999999999999999,0.46999999999999997,0.53000000000000003,0.4162051562500001,0.47147373437500006,0,quintic,6,2,0,8,direct,1244.240592340032,3.4694469519536142e-18,8.8817841970012523e-15,3.3306690738754696e-16,0.00043275000643916428,0.0015960419841576368
2,8,1,10,1,0.60999999999999999,0.46999999999999997,0.53000000000000003,0.4162051562500001,0.47147373437500006,0,quintic,6,2,0,8,fe_geometry,1244.2405505786908,3.4694469519536142e-18,8.8817841970012523e-15,3.3306690738754696e-16,0.00043275000643916428,0.0015960419841576368
2,8,1,10,1,0.60999999999999999,0.46999999999999997,0.53000000000000003,0.4162051562500001,0.47147373437500006,0,quintic,5,3,0,8,recursive,386.70859840784942,3.4694469519536142e-18,8.8817841970012523e-15,3.3306690738754696e-16,0.00043275000643916428,0.0015960419841576368
2,8,1,10,1,0.60999999999999999,0.46999999999999997,0.53000000000000003,0.4162051562500001,0.47147373437500006,0,quintic,5,3,0,8,direct,386.3380754932133,3.4694469519536142e-18,8.8817841970012523e-15,3.3306690738754696e-16,0.00043275000643916428,0.0015960419841576368
2,8,1,10,1,0.60999999999999999,0.46999999999999997,0.53000000000000003,0.4162051562500001,0.47147373437500006,0,quintic,5,3,0,8,fe_geometry,386.33804232251788,3.4694469519536142e-18,8.8817841970012523e-15,3.3306690738754696e-16,0.00043275000643916428,0.0015960419841576368
2,8,1,10,1,0.60999999999999999,0.46999999999999997,0.53000000000000003,0.4162051562500001,0.47147373437500006,0,quintic,4,4,0,8,recursive,257.07155569408201,3.4694469519536142e-18,8.8817841970012523e-15,3.3306690738754696e-16,0.00043275000643916428,0.0015960419841576368
2,8,1,10,1,0.60999999999999999,0.46999999999999997,0.53000000000000003,0.4162051562500001,0.47147373437500006,0,quintic,4,4,0,8,direct,257.05321315670756,3.4694469519536142e-18,8.8817841970012523e-15,3.3306690738754696e-16,0.00043275000643916428,0.0015960419841576368
2,8,1,10,1,0.60999999999999999,0.46999999999999997,0.53000000000000003,0.4162051562500001,0.47147373437500006,0,quintic,4,4,0,8,fe_geometry,257.05337901955517,3.4694469519536142e-18,8.8817841970012523e-15,3.3306690738754696e-16,0.00043275000643916428,0.0015960419841576368
2,8,1,10,1,0.60999999999999999,0.46999999999999997,0.53000000000000003,0.4162051562500001,0.47147373437500006,0,quintic,3,5,0,8,recursive,335.48921172287214,3.4694469519536142e-18,8.8817841970012523e-15,3.3306690738754696e-16,0.00043275000643916428,0.0015960419841576368
2,8,1,10,1,0.60999999999999999,0.46999999999999997,0.53000000000000003,0.4162051562500001,0.47147373437500006,0,quintic,3,5,0,8,direct,335.22405082217091,3.4694469519536142e-18,8.8817841970012523e-15,3.3306690738754696e-16,0.00043275000643916428,0.0015960419841576368
2,8,1,10,1,0.60999999999999999,0.46999999999999997,0.53000000000000003,0.4162051562500001,0.47147373437500006,0,quintic,3,5,0,8,fe_geometry,335.22414326420466,3.4694469519536142e-18,8.8817841970012523e-15,3.3306690738754696e-16,0.00043275000643916428,0.0015960419841576368
2,8,1,10,1,0.60999999999999999,0.46999999999999997,0.53000000000000003,0.4162051562500001,0.47147373437500006,0,quintic,2,6,0,8,recursive,941.76181607997592,3.4694469519536142e-18,8.8817841970012523e-15,3.3306690738754696e-16,0.00043275000643916428,0.0015960419841576368
2,8,1,10,1,0.60999999999999999,0.46999999999999997,0.53000000000000003,0.4162051562500001,0.47147373437500006,0,quintic,2,6,0,8,direct,936.78596238546538,3.4694469519536142e-18,8.8817841970012523e-15,3.3306690738754696e-16,0.00043275000643916428,0.0015960419841576368
2,8,1,10,1,0.60999999999999999,0.46999999999999997,0.53000000000000003,0.4162051562500001,0.47147373437500006,0,quintic,2,6,0,8,fe_geometry,936.78591562037138,3.4694469519536142e-18,8.8817841970012523e-15,3.3306690738754696e-16,0.00043275000643916428,0.0015960419841576368
2,8,1,10,1,0.60999999999999999,0.46999999999999997,0.53000000000000003,0.4162051562500001,0.47147373437500006,0,quintic,1,7,0,8,recursive,2058.5698977648062,3.4694469519536142e-18,8.8817841970012523e-15,3.3306690738754696e-16,0.00043275000643916428,0.0015960419841576368
2,8,1,10,1,0.60999999999999999,0.46999999999999997,0.53000000000000003,0.4162051562500001,0.47147373437500006,0,quintic,1,7,0,8,direct,2183.727751615645,3.4694469519536142e-18,8.8817841970012523e-15,3.3306690738754696e-16,0.00043275000643916428,0.0015960419841576368
2,8,1,10,1,0.60999999999999999,0.46999999999999997,0.53000000000000003,0.4162051562500001,0.47147373437500006,0,quintic,1,7,0,8,fe_geometry,2183.7277179130074,3.4694469519536142e-18,8.8817841970012523e-15,3.3306690738754696e-16,0.00043275000643916428,0.0015960419841576368
2,8,1,10,1,0.60999999999999999,0.46999999999999997,0.53000000000000003,0.4162051562500001,0.47147373437500006,0,quintic,0,8,0,8,recursive,245549.64233596099,3.4694469519536142e-18,8.8817841970012523e-15,3.3306690738754696e-16,0.00043275000643916428,0.0015960419841576368
2,8,1,10,1,0.60999999999999999,0.46999999999999997,0.53000000000000003,0.4162051562500001,0.47147373437500006,0,quintic,0,8,0,8,direct,334633.68605706305,3.4694469519536142e-18,8.8817841970012523e-15,3.3306690738754696e-16,0.00043275000643916428,0.0015960419841576368
2,8,1,10,1,0.60999999999999999,0.46999999999999997,0.53000000000000003,0.4162051562500001,0.47147373437500006,0,quintic,0,8,0,8,fe_geometry,334633.68607691949,3.4694469519536142e-18,8.8817841970012523e-15,3.3306690738754696e-16,0.00043275000643916428,0.0015960419841576368
2,8,1,10,1,0.60999999999999999,0.46999999999999997,0.53000000000000003,0.4162051562500001,0.47147373437500006,0,quintic,9,0,0,9,recursive,1167020.5288161838,3.4694469519536142e-18,8.8817841970012523e-15,3.3306690738754696e-16,0.00043275000643916428,0.0015960419841576368
2,8,1,10,1,0.60999999999999999,0.46999999999999997,0.53000000000000003,0.4162051562500001,0.47147373437500006,0,quintic,9,0,0,9,direct,2517022.2237974498,3.4694469519536142e-18,8.8817841970012523e-15,3.3306690738754696e-16,0.00043275000643916428,0.0015960419841576368
2,8,1,10,1,0.60999999999999999,0.46999999999999997,0.53000000000000003,0.4162051562500001,0.47147373437500006,0,quintic,9,0,0,9,fe_geometry,2517022.2243054737,3.4694469519536142e-18,8.8817841970012523e-15,3.3306690738754696e-16,0.00043275000643916428,0.0015960419841576368
2,8,1,10,1,0.60999999999999999,0.46999999999999997,0.53000000000000003,0.4162051562500001,0.47147373437500006,0,quintic,8,1,0,9,recursive,26893.870868512109,3.4694469519536142e-18,8.8817841970012523e-15,3.3306690738754696e-16,0.00043275000643916428,0.0015960419841576368
2,8,1,10,1,0.60999999999999999,0.46999999999999997,0.53000000000000003,0.4162051562500001,0.47147373437500006,0,quintic,8,1,0,9,direct,36586.537740953994,3.4694469519536142e-18,8.8817841970012523e-15,3.3306690738754696e-16,0.00043275000643916428,0.0015960419841576368
2,8,1,10,1,0.60999999999999999,0.46999999999999997,0.53000000000000003,0.4162051562500001,0.47147373437500006,0,quintic,8,1,0,9,fe_geometry,36586.537883905112,3.4694469519536142e-18,8.8817841970012523e-15,3.3306690738754696e-16,0.00043275000643916428,0.0015960419841576368
2,8,1,10,1,0.60999999999999999,0.46999999999999997,0.53000000000000003,0.4162051562500001,0.47147373437500006,0,quintic,7,2,0,9,recursive,10081.627473580211,3.4694469519536142e-18,8.8817841970012523e-15,3.3306690738754696e-16,0.00043275000643916428,0.0015960419841576368
2,8,1,10,1,0.60999999999999999,0.46999999999999997,0.53000000000000003,0.4162051562500001,0.47147373437500006,0,quintic,7,2,0,9,direct,11110.414726828816,3.4694469519536142e-18,8.8817841970012523e-15,3.3306690738754696e-16,0.00043275000643916428,0.0015960419841576368
2,8,1,10,1,0.60999999999999999,0.46999999999999997,0.53000000000000003,0.4162051562500001,0.47147373437500006,0,quintic,7,2,0,9,fe_geometry,11110.413933206632,3.4694469519536142e-18,8.8817841970012523e-15,3.3306690738754696e-16,0.00043275000643916428,0.0015960419841576368
2,8,1,10,1,0.60999999999999999,0.46999999999999997,0.53000000000000003,0.4162051562500001,0.47147373437500006,0,quintic,6,3,0,9,recursive,2801.0453553000984,3.4694469519536142e-18,8.8817841970012523e-15,3.3306690738754696e-16,0.00043275000643916428,0.0015960419841576368
2,8,1,10,1,0.60999999999999999,0.46999999999999997,0.53000000000000003,0.4162051562500001,0.47147373437500006,0,quintic,6,3,0,9,direct,2822.5619651486459,3.4694469519536142e-18,8.8817841970012523e-15,3.3306690738754696e-16,0.00043275000643916428,0.0015960419841576368
2,8,1,10,1,0.60999999999999999,0.46999999999999997,0.53000000000000003,0.4162051562500001,0.47147373437500006,0,quintic,6,3,0,9,fe_geometry,2822.5613914938558,3.4694469519536142e-18,8.8817841970012523e-15,3.3306690738754696e-16,0.00043275000643916428,0.0015960419841576368
2,8,1,10,1,0.60999999999999999,0.46999999999999997,0.53000000000000003,0.4162051562500001,0.47147373437500006,0,quintic,5,4,0,9,recursive,1462.0205614288093,3.4694469519536142e-18,8.8817841970012523e-15,3.3306690738754696e-16,0.00043275000643916428,0.0015960419841576368
2,8,1,10,1,0.60999999999999999,0.46999999999999997,0.53000000000000003,0.4162051562500001,0.47147373437500006,0,quintic,5,4,0,9,direct,1460.6733365303598,3.4694469519536142e-18,8.8817841970012523e-15,3.3306690738754696e-16,0.00043275000643916428,0.0015960419841576368
2,8,1,10,1,0.60999999999999999,0.46999999999999997,0.53000000000000003,0.4162051562500001,0.47147373437500006,0,quintic,5,4,0,9,fe_geometry,1460.6776589484125,3.4694469519536142e-18,8.8817841970012523e-15,3.3306690738754696e-16,0.00043275000643916428,0.0015960419841576368
2,8,1,10,1,0.60999999999999999,0.46999999999999997,0.53000000000000003,0.4162051562500001,0.47147373437500006,0,quintic,4,5,0,9,recursive,1361.8482718912626,3.4694469519536142e-18,8.8817841970012523e-15,3.3306690738754696e-16,0.00043275000643916428,0.0015960419841576368
2,8,1,10,1,0.60999999999999999,0.46999999999999997,0.53000000000000003,0.4162051562500001,0.47147373437500006,0,quintic,4,5,0,9,direct,1360.6147109499507,3.4694469519536142e-18,8.8817841970012523e-15,3.3306690738754696e-16,0.00043275000643916428,0.0015960419841576368
2,8,1,10,1,0.60999999999999999,0.46999999999999997,0.53000000000000003,0.4162051562500001,0.47147373437500006,0,quintic,4,5,0,9,fe_geometry,1360.6209299200309,3.4694469519536142e-18,8.8817841970012523e-15,3.3306690738754696e-16,0.00043275000643916428,0.0015960419841576368
2,8,1,10,1,0.60999999999999999,0.46999999999999997,0.53000000000000003,0.4162051562500001,0.47147373437500006,0,quintic,3,6,0,9,recursive,2293.4843823252363,3.4694469519536142e-18,8.8817841970012523e-15,3.3306690738754696e-16,0.00043275000643916428,0.0015960419841576368
2,8,1,10,1,0.60999999999999999,0.46999999999999997,0.53000000000000003,0.4162051562500001,0.47147373437500006,0,quintic,3,6,0,9,direct,2281.3658036847314,3.4694469519536142e-18,8.8817841970012523e-15,3.3306690738754696e-16,0.00043275000643916428,0.0015960419841576368
2,8,1,10,1,0.60999999999999999,0.46999999999999997,0.53000000000000003,0.4162051562500001,0.47147373437500006,0,quintic,3,6,0,9,fe_geometry,2281.3683075305744,3.4694469519536142e-18,8.8817841970012523e-15,3.3306690738754696e-16,0.00043275000643916428,0.0015960419841576368
2,8,1,10,1,0.60999999999999999,0.46999999999999997,0.53000000000000003,0.4162051562500001,0.47147373437500006,0,quintic,2,7,0,9,recursive,7345.4321359903097,3.4694469519536142e-18,8.8817841970012523e-15,3.3306690738754696e-16,0.00043275000643916428,0.0015960419841576368
2,8,1,10,1,0.60999999999999999,0.46999999999999997,0.53000000000000003,0.4162051562500001,0.47147373437500006,0,quintic,2,7,0,9,direct,7792.0239813433991,3.4694469519536142e-18,8.8817841970012523e-15,3.3306690738754696e-16,0.00043275000643916428,0.0015960419841576368
2,8,1,10,1,0.60999999999999999,0.46999999999999997,0.53000000000000003,0.4162051562500001,0.47147373437500006,0,quintic,2,7,0,9,fe_geometry,7792.0230027841117,3.4694469519536142e-18,8.8817841970012523e-15,3.3306690738754696e-16,0.00043275000643916428,0.0015960419841576368
2,8,1,10,1,0.60999999999999999,0.46999999999999997,0.53000000000000003,0.4162051562500001,0.47147373437500006,0,quintic,1,8,0,9,recursive,16908.23888202148,3.4694469519536142e-18,8.8817841970012523e-15,3.3306690738754696e-16,0.00043275000643916428,0.0015960419841576368
2,8,1,10,1,0.60999999999999999,0.46999999999999997,0.53000000000000003,0.4162051562500001,0.47147373437500006,0,quintic,1,8,0,9,direct,21466.392837710744,3.4694469519536142e-18,8.8817841970012523e-15,3.3306690738754696e-16,0.00043275000643916428,0.0015960419841576368
2,8,1,10,1,0.60999999999999999,0.46999999999999997,0.53000000000000003,0.4162051562500001,0.47147373437500006,0,quintic,1,8,0,9,fe_geometry,21466.392188091988,3.4694469519536142e-18,8.8817841970012523e-15,3.3306690738754696e-16,0.00043275000643916428,0.0015960419841576368
2,8,1,10,1,0.60999999999999999,0.46999999999999997,0.53000000000000003,0.4162051562500001,0.47147373437500006,0,quintic,0,9,0,9,recursive,2068281.8123014092,3.4694469519536142e-18,8.8817841970012523e-15,3.3306690738754696e-16,0.00043275000643916428,0.0015960419841576368
2,8,1,10,1,0.60999999999999999,0.46999999999999997,0.53000000000000003,0.4162051562500001,0.47147373437500006,0,quintic,0,9,0,9,direct,3968563.3340801396,3.4694469519536142e-18,8.8817841970012523e-15,3.3306690738754696e-16,0.00043275000643916428,0.0015960419841576368
2,8,1,10,1,0.60999999999999999,0.46999999999999997,0.53000000000000003,0.4162051562500001,0.47147373437500006,0,quintic,0,9,0,9,fe_geometry,3968563.334435293,3.4694469519536142e-18,8.8817841970012523e-15,3.3306690738754696e-16,0.00043275000643916428,0.0015960419841576368
2,8,1,10,1,0.60999999999999999,0.46999999999999997,0.53000000000000003,0.4162051562500001,0.47147373437500006,0,quintic,10,0,0,10,recursive,10209737.683342965,3.4694469519536142e-18,8.8817841970012523e-15,3.3306690738754696e-16,0.00043275000643916428,0.0015960419841576368
2,8,1,10,1,0.60999999999999999,0.46999999999999997,0.53000000000000003,0.4162051562500001,0.47147373437500006,0,quintic,10,0,0,10,direct,35905035.522723965,3.4694469519536142e-18,8.8817841970012523e-15,3.3306690738754696e-16,0.00043275000643916428,0.0015960419841576368
2,8,1,10,1,0.60999999999999999,0.46999999999999997,0.53000000000000003,0.4162051562500001,0.47147373437500006,0,quintic,10,0,0,10,fe_geometry,35905035.532618701,3.4694469519536142e-18,8.8817841970012523e-15,3.3306690738754696e-16,0.00043275000643916428,0.0015960419841576368
2,8,1,10,1,0.60999999999999999,0.46999999999999997,0.53000000000000003,0.4162051562500001,0.47147373437500006,0,quintic,9,1,0,10,recursive,233559.8397931967,3.4694469519536142e-18,8.8817841970012523e-15,3.3306690738754696e-16,0.00043275000643916428,0.0015960419841576368
2,8,1,10,1,0.60999999999999999,0.46999999999999997,0.53000000000000003,0.4162051562500001,0.47147373437500006,0,quintic,9,1,0,10,direct,445498.03087706561,3.4694469519536142e-18,8.8817841970012523e-15,3.3306690738754696e-16,0.00043275000643916428,0.0015960419841576368
2,8,1,10,1,0.60999999999999999,0.46999999999999997,0.53000000000000003,0.4162051562500001,0.47147373437500006,0,quintic,9,1,0,10,fe_geometry,445498.03350045311,3.4694469519536142e-18,8.8817841970012523e-15,3.3306690738754696e-16,0.00043275000643916428,0.0015960419841576368
2,8,1,10,1,0.60999999999999999,0.46999999999999997,0.53000000000000003,0.4162051562500001,0.47147373437500006,0,quintic,8,2,0,10,recursive,86186.527886986121,3.4694469519536142e-18,8.8817841970012523e-15,3.3306690738754696e-16,0.00043275000643916428,0.0015960419841576368
2,8,1,10,1,0.60999999999999999,0.46999999999999997,0.53000000000000003,0.4162051562500001,0.47147373437500006,0,quintic,8,2,0,10,direct,117248.37749015144,3.4694469519536142e-18,8.8817841970012523e-15,3.3306690738754696e-16,0.00043275000643916428,0.0015960419841576368
2,8,1,10,1,0.60999999999999999,0.46999999999999997,0.53000000000000003,0.4162051562500001,0.47147373437500006,0,quintic,8,2,0,10,fe_geometry,117248.36267184137,3.4694469519536142e-18,8.8817841970012523e-15,3.3306690738754696e-16,0.00043275000643916428,0.0015960419841576368
2,8,1,10,1,0.60999999999999999,0.46999999999999997,0.53000000000000003,0.4162051562500001,0.47147373437500006,0,quintic,7,3,0,10,recursive,22870.515816955078,3.4694469519536142e-18,8.8817841970012523e-15,3.3306690738754696e-16,0.00043275000643916428,0.0015960419841576368
2,8,1,10,1,0.60999999999999999,0.46999999999999997,0.53000000000000003,0.4162051562500001,0.47147373437500006,0,quintic,7,3,0,10,direct,25204.004866272211,3.4694469519536142e-18,8.8817841970012523e-15,3.3306690738754696e-16,0.00043275000643916428,0.0015960419841576368
2,8,1,10,1,0.60999999999999999,0.46999999999999997,0.53000000000000003,0.4162051562500001,0.47147373437500006,0,quintic,7,3,0,10,fe_geometry,25203.994796526611,3.4694469519536142e-18,8.8817841970012523e-15,3.3306690738754696e-16,0.00043275000643916428,0.0015960419841576368
2,8,1,10,1,0.60999999999999999,0.46999999999999997,0.53000000000000003,0.4162051562500001,0.47147373437500006,0,quintic,6,4,0,10,recursive,10588.43715967374,3.4694469519536142e-18,8.8817841970012523e-15,3.3306690738754696e-16,0.00043275000643916428,0.0015960419841576368
2,8,1,10,1,0.60999999999999999,0.46999999999999997,0.53000000000000003,0.4162051562500001,0.47147373437500006,0,quintic,6,4,0,10,direct,10671.563076481219,3.4694469519536142e-18,8.8817841970012523e-15,3.3306690738754696e-16,0.00043275000643916428,0.0015960419841576368
2,8,1,10,1,0.60999999999999999,0.46999999999999997,0.53000000000000003,0.4162051562500001,0.47147373437500006,0,quintic,6,4,0,10,fe_geometry,10671.654150568953,3.4694469519536142e-18,8.8817841970012523e-15,3.3306690738754696e-16,0.00043275000643916428,0.0015960419841576368
2,8,1,10,1,0.60999999999999999,0.46999999999999997,0.53000000000000003,0.4162051562500001,0.47147373437500006,0,quintic,5,5,0,10,recursive,7743.6681662933261,3.4694469519536142e-18,8.8817841970012523e-15,3.3306690738754696e-16,0.00043275000643916428,0.0015960419841576368
2,8,1,10,1,0.60999999999999999,0.46999999999999997,0.53000000000000003,0.4162051562500001,0.47147373437500006,0,quintic,5,5,0,10,direct,7730.9015488509558,3.4694469519536142e-18,8.8817841970012523e-15,3.3306690738754696e-16,0.00043275000643916428,0.0015960419841576368
2,8,1,10,1,0.60999999999999999,0.46999999999999997,0.53000000000000003,0.4162051562500001,0.47147373437500006,0,quintic,5,5,0,10,fe_geometry,7731.0093393552861,3.4694469519536142e-18,8.8817841970012523e-15,3.3306690738754696e-16,0.00043275000643916428,0.0015960419841576368
2,8,1,10,1,0.60999999999999999,0.46999999999999997,0.53000000000000003,0.4162051562500001,0.47147373437500006,0,quintic,4,6,0,10,recursive,9309.9474870375398,3.4694469519536142e-18,8.8817841970012523e-15,3.3306690738754696e-16,0.00043275000643916428,0.0015960419841576368
2,8,1,10,1,0.60999999999999999,0.46999999999999997,0.53000000000000003,0.4162051562500001,0.47147373437500006,0,quintic,4,6,0,10,direct,9259.6124011303928,3.4694469519536142e-18,8.8817841970012523e-15,3.3306690738754696e-16,0.00043275000643916428,0.0015960419841576368
2,8,1,10,1,0.60999999999999999,0.46999999999999997,0.53000000000000003,0.4162051562500001,0.47147373437500006,0,quintic,4,6,0,10,fe_geometry,9259.764361917616,3.4694469519536142e-18,8.8817841970012523e-15,3.3306690738754696e-16,0.00043275000643916428,0.0015960419841576368
2,8,1,10,1,0.60999999999999999,0.46999999999999997,0.53000000000000003,0.4162051562500001,0.47147373437500006,0,quintic,3,7,0,10,recursive,17888.430858593252,3.4694469519536142e-18,8.8817841970012523e-15,3.3306690738754696e-16,0.00043275000643916428,0.0015960419841576368
2,8,1,10,1,0.60999999999999999,0.46999999999999997,0.53000000000000003,0.4162051562500001,0.47147373437500006,0,quintic,3,7,0,10,direct,18976.007966791469,3.4694469519536142e-18,8.8817841970012523e-15,3.3306690738754696e-16,0.00043275000643916428,0.0015960419841576368
2,8,1,10,1,0.60999999999999999,0.46999999999999997,0.53000000000000003,0.4162051562500001,0.47147373437500006,0,quintic,3,7,0,10,fe_geometry,18976.062315635107,3.4694469519536142e-18,8.8817841970012523e-15,3.3306690738754696e-16,0.00043275000643916428,0.0015960419841576368
2,8,1,10,1,0.60999999999999999,0.46999999999999997,0.53000000000000003,0.4162051562500001,0.47147373437500006,0,quintic,2,8,0,10,recursive,60332.331331438378,3.4694469519536142e-18,8.8817841970012523e-15,3.3306690738754696e-16,0.00043275000643916428,0.0015960419841576368
2,8,1,10,1,0.60999999999999999,0.46999999999999997,0.53000000000000003,0.4162051562500001,0.47147373437500006,0,quintic,2,8,0,10,direct,76596.840411505706,3.4694469519536142e-18,8.8817841970012523e-15,3.3306690738754696e-16,0.00043275000643916428,0.0015960419841576368
2,8,1,10,1,0.60999999999999999,0.46999999999999997,0.53000000000000003,0.4162051562500001,0.47147373437500006,0,quintic,2,8,0,10,fe_geometry,76596.821831033129,3.4694469519536142e-18,8.8817841970012523e-15,3.3306690738754696e-16,0.00043275000643916428,0.0015960419841576368
2,8,1,10,1,0.60999999999999999,0.46999999999999997,0.53000000000000003,0.4162051562500001,0.47147373437500006,0,quintic,1,9,0,10,recursive,141382.31487051398,3.4694469519536142e-18,8.8817841970012523e-15,3.3306690738754696e-16,0.00043275000643916428,0.0015960419841576368
2,8,1,10,1,0.60999999999999999,0.46999999999999997,0.53000000000000003,0.4162051562500001,0.47147373437500006,0,quintic,1,9,0,10,direct,243482.39156396518,3.4694469519536142e-18,8.8817841970012523e-15,3.3306690738754696e-16,0.00043275000643916428,0.0015960419841576368
2,8,1,10,1,0.60999999999999999,0.46999999999999997,0.53000000000000003,0.4162051562500001,0.47147373437500006,0,quintic,1,9,0,10,fe_geometry,243482.37956842969,3.4694469519536142e-18,8.8817841970012523e-15,3.3306690738754696e-16,0.00043275000643916428,0.0015960419841576368
2,8,1,10,1,0.60999999999999999,0.46999999999999997,0.53000000000000003,0.4162051562500001,0.47147373437500006,0,quintic,0,10,0,10,recursive,17438059.897106681,3.4694469519536142e-18,8.8817841970012523e-15,3.3306690738754696e-16,0.00043275000643916428,0.0015960419841576368
2,8,1,10,1,0.60999999999999999,0.46999999999999997,0.53000000000000003,0.4162051562500001,0.47147373437500006,0,quintic,0,10,0,10,direct,52730300.580947042,3.4694469519536142e-18,8.8817841970012523e-15,3.3306690738754696e-16,0.00043275000643916428,0.0015960419841576368
2,8,1,10,1,0.60999999999999999,0.46999999999999997,0.53000000000000003,0.4162051562500001,0.47147373437500006,0,quintic,0,10,0,10,fe_geometry,52730300.587435283,3.4694469519536142e-18,8.8817841970012523e-15,3.3306690738754696e-16,0.00043275000643916428,0.0015960419841576368
2,8,1,10,2,0,0.40000000000000002,0.69999999999999996,0.31200000000000006,0.46147500000000008,0,constant,1,0,0,1,recursive,-9.7728155026770129e-14,1.1102230246251565e-16,1.2434497875801753e-14,2.2204460492503131e-16,0.00043275000643916428,0.0005705410148948431
2,8,1,10,2,0,0.40000000000000002,0.69999999999999996,0.31200000000000006,0.46147500000000008,0,constant,1,0,0,1,direct,-1.1859288512093544e-13,1.1102230246251565e-16,1.2434497875801753e-14,2.2204460492503131e-16,0.00043275000643916428,0.0005705410148948431
2,8,1,10,2,0,0.40000000000000002,0.69999999999999996,0.31200000000000006,0.46147500000000008,0,constant,1,0,0,1,fe_geometry,-1.1859288512093112e-13,1.1102230246251565e-16,1.2434497875801753e-14,2.2204460492503131e-16,0.00043275000643916428,0.0005705410148948431
2,8,1,10,2,0,0.40000000000000002,0.69999999999999996,0.31200000000000006,0.46147500000000008,0,constant,0,1,0,1,recursive,4.2256738812944666e-14,1.1102230246251565e-16,1.2434497875801753e-14,2.2204460492503131e-16,0.00043275000643916428,0.0005705410148948431
2,8,1,10,2,0,0.40000000000000002,0.69999999999999996,0.31200000000000006,0.46147500000000008,0,constant,0,1,0,1,direct,-3.1647647788267963e-15,1.1102230246251565e-16,1.2434497875801753e-14,2.2204460492503131e-16,0.00043275000643916428,0.0005705410148948431
2,8,1,10,2,0,0.40000000000000002,0.69999999999999996,0.31200000000000006,0.46147500000000008,0,constant,0,1,0,1,fe_geometry,-3.1647647788258954e-15,1.1102230246251565e-16,1.2434497875801753e-14,2.2204460492503131e-16,0.00043275000643916428,0.0005705410148948431
2,8,1,10,2,0,0.40000000000000002,0.69999999999999996,0.31200000000000006,0.46147500000000008,0,constant,2,0,0,2,recursive,1.0684022526287287e-11,1.1102230246251565e-16,1.2434497875801753e-14,2.2204460492503131e-16,0.00043275000643916428,0.0005705410148948431
2,8,1,10,2,0,0.40000000000000002,0.69999999999999996,0.31200000000000006,0.46147500000000008,0,constant,2,0,0,2,direct,2.4466313144673158e-12,1.1102230246251565e-16,1.2434497875801753e-14,2.2204460492503131e-16,0.00043275000643916428,0.0005705410148948431
2,8,1,10,2,0,0.40000000000000002,0.69999999999999996,0.31200000000000006,0.46147500000000008,0,constant,2,0,0,2,fe_geometry,2.4466313144677855e-12,1.1102230246251565e-16,1.2434497875801753e-14,2.2204460492503131e-16,0.00043275000643916428,0.0005705410148948431
2,8,1,10,2,0,0.40000000000000002,0.69999999999999996,0.31200000000000006,0.46147500000000008,0,constant,1,1,0,2,recursive,4.3217707177958769e-12,1.1102230246251565e-16,1.2434497875801753e-14,2.2204460492503131e-16,0.00043275000643916428,0.0005705410148948431
2,8,1,10,2,0,0.40000000000000002,0.69999999999999996,0.31200000000000006,0.46147500000000008,0,constant,1,1,0,2,direct,-9.9180377963404669e-12,1.1102230246251565e-16,1.2434497875801753e-14,2.2204460492503131e-16,0.00043275000643916428,0.0005705410148948431
2,8,1,10,2,0,0.40000000000000002,0.69999999999999996,0.31200000000000006,0.46147500000000008,0,constant,1,1,0,2,fe_geometry,-9.9180377963401066e-12,1.1102230246251565e-16,1.2434497875801753e-14,2.2204460492503131e-16,0.00043275000643916428,0.0005705410148948431
2,8,1,10,2,0,0.40000000000000002,0.69999999999999996,0.31200000000000006,0.46147500000000008,0,constant,0,2,0,2,recursive,-2.3737339238225334e-13,1.1102230246251565e-16,1.2434497875801753e-14,2.2204460492503131e-16,0.00043275000643916428,0.0005705410148948431
2,8,1,10,2,0,0.40000000000000002,0.69999999999999996,0.31200000000000006,0.46147500000000008,0,constant,0,2,0,2,direct,2.1061404801306354e-12,1.1102230246251565e-16,1.2434497875801753e-14,2.2204460492503131e-16,0.00043275000643916428,0.0005705410148948431
2,8,1,10,2,0,0.40000000000000002,0.69999999999999996,0.31200000000000006,0.46147500000000008,0,constant,0,2,0,2,fe_geometry,2.1061404801307077e-12,1.1102230246251565e-16,1.2434497875801753e-14,2.2204460492503131e-16,0.00043275000643916428,0.0005705410148948431
2,8,1,10,2,0,0.40000000000000002,0.69999999999999996,0.31200000000000006,0.46147500000000008,0,constant,3,0,0,3,recursive,-7.2270910900411853e-10,1.1102230246251565e-16,1.2434497875801753e-14,2.2204460492503131e-16,0.00043275000643916428,0.0005705410148948431
2,8,1,10,2,0,0.40000000000000002,0.69999999999999996,0.31200000000000006,0.46147500000000008,0,constant,3,0,0,3,direct,4.1610674730543777e-11,1.1102230246251565e-16,1.2434497875801753e-14,2.2204460492503131e-16,0.00043275000643916428,0.0005705410148948431
2,8,1,10,2,0,0.40000000000000002,0.69999999999999996,0.31200000000000006,0.46147500000000008,0,constant,3,0,0,3,fe_geometry,4.1610674730399971e-11,1.1102230246251565e-16,1.2434497875801753e-14,2.2204460492503131e-16,0.00043275000643916428,0.0005705410148948431
2,8,1,10,2,0,0.40000000000000002,0.69999999999999996,0.31200000000000006,0.46147500000000008,0,constant,2,1,0,3,recursive,-4.0866608827650721e-10,1.1102230246251565e-16,1.2434497875801753e-14,2.2204460492503131e-16,0.00043275000643916428,0.0005705410148948431
2,8,1,10,2,0,0.40000000000000002,0.69999999999999996,0.31200000000000006,0.46147500000000008,0,constant,2,1,0,3,direct,6.4205757635386482e-10,1.1102230246251565e-16,1.2434497875801753e-14,2.2204460492503131e-16,0.00043275000643916428,0.0005705410148948431
2,8,1,10,2,0,0.40000000000000002,0.69999999999999996,0.31200000000000006,0.46147500000000008,0,constant,2,1,0,3,fe_geometry,6.4205757635379792e-10,1.1102230246251565e-16,1.2434497875801753e-14,2.2204460492503131e-16,0.00043275000643916428,0.0005705410148948431
2,8,1,10,2,0,0.40000000000000002,0.69999999999999996,0.31200000000000006,0.46147500000000008,0,constant,1,2,0,3,recursive,-4.5825840454072705e-10,1.1102230246251565e-16,1.2434497875801753e-14,2.2204460492503131e-16,0.00043275000643916428,0.0005705410148948431
2,8,1,10,2,0,0.40000000000000002,0.69999999999999996,0.31200000000000006,0.46147500000000008,0,constant,1,2,0,3,direct,3.1989971224870271e-11,1.1102230246251565e-16,1.2434497875801753e-14,2.2204460492503131e-16,0.00043275000643916428,0.0005705410148948431
2,8,1,10,2,0,0.40000000000000002,0.69999999999999996,0.31200000000000006,0.46147500000000008,0,constant,1,2,0,3,fe_geometry,3.1989971224866258e-11,1.1102230246251565e-16,1.2434497875801753e-14,2.2204460492503131e-16,0.00043275000643916428,0.0005705410148948431
2,8,1,10,2,0,0.40000000000000002,0.69999999999999996,0.31200000000000006,0.46147500000000008,0,constant,0,3,0,3,recursive,-6.495214413323357e-11,1.1102230246251565e-16,1.2434497875801753e-14,2.2204460492503131e-16,0.00043275000643916428,0.0005705410148948431
2,8,1,10,2,0,0.40000000000000002,0.69999999999999996,0.31200000000000006,0.46147500000000008,0,constant,0,3,0,3,direct,3.5539189308746525e-12,1.1102230246251565e-16,1.2434497875801753e-14,2.2204460492503131e-16,0.00043275000643916428,0.0005705410148948431
2,8,1,10,2,0,0.40000000000000002,0.69999999999999996,0.31200000000000006,0.46147500000000008,0,constant,0,3,0,3,fe_geometry,3.5539189308643968e-12,1.1102230246251565e-16,1.2434497875801753e-14,2.2204460492503131e-16,0.00043275000643916428,0.0005705410148948431
2,8,1,10,2,0,0.40000000000000002,0.69999999999999996,0.31200000000000006,0.46147500000000008,0,constant,4,0,0,4,recursive,2.9642598866819455e-08,1.1102230246251565e-16,1.2434497875801753e-14,2.2204460492503131e-16,0.00043275000643916428,0.0005705410148948431
2,8,1,10,2,0,0.40000000000000002,0.69999999999999996,0.31200000000000006,0.46147500000000008,0,constant,4,0,0,4,direct,-2.0029269594254494e-09,1.1102230246251565e-16,1.2434497875801753e-14,2.2204460492503131e-16,0.00043275000643916428,0.0005705410148948431
2,8,1,10,2,0,0.40000000000000002,0.69999999999999996,0.31200000000000006,0.46147500000000008,0,constant,4,0,0,4,fe_geometry,-2.0029269594095307e-09,1.1102230246251565e-16,1.2434497875801753e-14,2.2204460492503131e-16,0.00043275000643916428,0.0005705410148948431
2,8,1,10,2,0,0.40000000000000002,0.69999999999999996,0.31200000000000006,0.46147500000000008,0,constant,3,1,0,4,recursive,2.9920659828147237e-08,1.1102230246251565e-16,1.2434497875801753e-14,2.2204460492503131e-16,0.00043275000643916428,0.0005705410148948431
2,8,1,10,2,0,0.40000000000000002,0.69999999999999996,0.31200000000000006,0.46147500000000008,0,constant,3,1,0,4,direct,-2.2083897769332313e-08,1.1102230246251565e-16,1.2434497875801753e-14,2.2204460492503131e-16,0.00043275000643916428,0.0005705410148948431
2,8,1,10,2,0,0.40000000000000002,0.69999999999999996,0.31200000000000006,0.46147500000000008,0,constant,3,1,0,4,fe_geometry,-2.2083897769325878e-08,1.1102230246251565e-16,1.2434497875801753e-14,2.2204460492503131e-16,0.00043275000643916428,0.0005705410148948431
2,8,1,10,2,0,0.40000000000000002,0.69999999999999996,0.31200000000000006,0.46147500000000008,0,constant,2,2,0,4,recursive,4.7217237836999311e-08,1.1102230246251565e-16,1.2434497875801753e-14,2.2204460492503131e-16,0.00043275000643916428,0.0005705410148948431
2,8,1,10,2,0,0.40000000000000002,0.69999999999999996,0.31200000000000006,0.46147500000000008,0,constant,2,2,0,4,direct,-6.6653230356773987e-10,1.1102230246251565e-16,1.2434497875801753e-14,2.2204460492503131e-16,0.00043275000643916428,0.0005705410148948431
2,8,1,10,2,0,0.40000000000000002,0.69999999999999996,0.31200000000000006,0.46147500000000008,0,constant,2,2,0,4,fe_geometry,-6.6653230357044848e-10,1.1102230246251565e-16,1.2434497875801753e-14,2.2204460492503131e-16,0.00043275000643916428,0.0005705410148948431
2,8,1,10,2,0,0.40000000000000002,0.69999999999999996,0.31200000000000006,0.46147500000000008,0,constant,1,3,0,4,recursive,4.9736009913911225e-09,1.1102230246251565e-16,1.2434497875801753e-14,2.2204460492503131e-16,0.00043275000643916428,0.0005705410148948431
2,8,1,10,2,0,0.40000000000000002,0.69999999999999996,0.31200000000000006,0.46147500000000008,0,constant,1,3,0,4,direct,1.7497593162562049e-08,1.1102230246251565e-16,1.2434497875801753e-14,2.2204460492503131e-16,0.00043275000643916428,0.0005705410148948431
2,8,1,10,2,0,0.40000000000000002,0.69999999999999996,0.31200000000000006,0.46147500000000008,0,constant,1,3,0,4,fe_geometry,1.7497593162561456e-08,1.1102230246251565e-16,1.2434497875801753e-14,2.2204460492503131e-16,0.00043275000643916428,0.0005705410148948431
2,8,1,10,2,0,0.40000000000000002,0.69999999999999996,0.31200000000000006,0.46147500000000008,0,constant,0,4,0,4,recursive,6.7976423983698659e-10,1.1102230246251565e-16,1.2434497875801753e-14,2.2204460492503131e-16,0.00043275000643916428,0.0005705410148948431
2,8,1,10,2,0,0.40000000000000002,0.69999999999999996,0.31200000000000006,0.46147500000000008,0,constant,0,4,0,4,direct,-1.2739683697756573e-09,1.1102230246251565e-16,1.2434497875801753e-14,2.2204460492503131e-16,0.00043275000643916428,0.0005705410148948431
2,8,1,10,2,0,0.40000000000000002,0.69999999999999996,0.31200000000000006,0.46147500000000008,0,constant,0,4,0,4,fe_geometry,-1.2739683697758099e-09,1.1102230246251565e-16,1.2434497875801753e-14,2.2204460492503131e-16,0.00043275000643916428,0.0005705410148948431
2,8,1,10,2,0,0.40000000000000002,0.69999999999999996,0.31200000000000006,0.46147500000000008,0,constant,5,0,0,5,recursive,-6.4486917317328711e-07,1.1102230246251565e-16,1.2434497875801753e-14,2.2204460492503131e-16,0.00043275000643916428,0.0005705410148948431
2,8,1,10,2,0,0.40000000000000002,0.69999999999999996,0.31200000000000006,0.46147500000000008,0,constant,5,0,0,5,direct,1.4346760581915351e-08,1.1102230246251565e-16,1.2434497875801753e-14,2.2204460492503131e-16,0.00043275000643916428,0.0005705410148948431
2,8,1,10,2,0,0.40000000000000002,0.69999999999999996,0.31200000000000006,0.46147500000000008,0,constant,5,0,0,5,fe_geometry,1.4346760580853339e-08,1.1102230246251565e-16,1.2434497875801753e-14,2.2204460492503131e-16,0.00043275000643916428,0.0005705410148948431
2,8,1,10,2,0,0.40000000000000002,0.69999999999999996,0.31200000000000006,0.46147500000000008,0,constant,4,1,0,5,recursive,-1.289903789974975e-06,1.1102230246251565e-16,1.2434497875801753e-14,2.2204460492503131e-16,0.00043275000643916428,0.0005705410148948431
2,8,1,10,2,0,0.40000000000000002,0.69999999999999996,0.31200000000000006,0.46147500000000008,0,constant,4,1,0,5,direct,4.3785915429418876e-07,1.1102230246251565e-16,1.2434497875801753e-14,2.2204460492503131e-16,0.00043275000643916428,0.0005705410148948431
2,8,1,10,2,0,0.40000000000000002,0.69999999999999996,0.31200000000000006,0.46147500000000008,0,constant,4,1,0,5,fe_geometry,4.3785915429378579e-07,1.1102230246251565e-16,1.2434497875801753e-14,2.2204460492503131e-16,0.00043275000643916428,0.0005705410148948431
2,8,1,10,2,0,0.40000000000000002,0.69999999999999996,0.31200000000000006,0.46147500000000008,0,constant,3,2,0,5,recursive,-3.001484385524343e-06,1.1102230246251565e-16,1.2434497875801753e-14,2.2204460492503131e-16,0.00043275000643916428,0.0005705410148948431
2,8,1,10,2,0,0.40000000000000002,0.69999999999999996,0.31200000000000006,0.46147500000000008,0,constant,3,2,0,5,direct,3.3425455596074032e-08,1.1102230246251565e-16,1.2434497875801753e-14,2.2204460492503131e-16,0.00043275000643916428,0.0005705410148948431
2,8,1,10,2,0,0.40000000000000002,0.69999999999999996,0.31200000000000006,0.46147500000000008,0,constant,3,2,0,5,fe_geometry,3.3425455596558303e-08,1.1102230246251565e-16,1.2434497875801753e-14,2.2204460492503131e-16,0.00043275000643916428,0.0005705410148948431
2,8,1,10,2,0,0.40000000000000002,0.69999999999999996,0.31200000000000006,0.46147500000000008,0,constant,2,3,0,5,recursive,-4.7793974956499712e-07,1.1102230246251565e-16,1.2434497875801753e-14,2.2204460492503131e-16,0.00043275000643916428,0.0005705410148948431
2,8,1,10,2,0,0.40000000000000002,0.69999999999999996,0.31200000000000006,0.46147500000000008,0,constant,2,3,0,5,direct,-1.4278993804624624e-06,1.1102230246251565e-16,1.2434497875801753e-14,2.2204460492503131e-16,0.00043275000643916428,0.0005705410148948431
2,8,1,10,2,0,0.40000000000000002,0.69999999999999996,0.31200000000000006,0.46147500000000008,0,constant,2,3,0,5,fe_geometry,-1.427899380462275e-06,1.1102230246251565e-16,1.2434497875801753e-14,2.2204460492503131e-16,0.00043275000643916428,0.0005705410148948431
2,8,1,10,2,0,0.40000000000000002,0.69999999999999996,0.31200000000000006,0.46147500000000008,0,constant,1,4,0,5,recursive,2.1186015209497661e-06,1.1102230246251565e-16,1.2434497875801753e-14,2.2204460492503131e-16,0.00043275000643916428,0.0005705410148948431
2,8,1,10,2,0,0.40000000000000002,0.69999999999999996,0.31200000000000006,0.46147500000000008,0,constant,1,4,0,5,direct,-3.0579932918565983e-07,1.1102230246251565e-16,1.2434497875801753e-14,2.2204460492503131e-16,0.00043275000643916428,0.0005705410148948431
2,8,1,10,2,0,0.40000000000000002,0.69999999999999996,0.31200000000000006,0.46147500000000008,0,constant,1,4,0,5,fe_geometry,-3.0579932918568381e-07,1.1102230246251565e-16,1.2434497875801753e-14,2.2204460492503131e-16,0.00043275000643916428,0.0005705410148948431
2,8,1,10,2,0,0.40000000000000002,0.69999999999999996,0.31200000000000006,0.46147500000000008,0,constant,0,5,0,5,recursive,2.1414276577983256e-07,1.1102230246251565e-16,1.2434497875801753e-14,2.2204460492503131e-16,0.00043275000643916428,0.0005705410148948431
2,8,1,10,2,0,0.40000000000000002,0.69999999999999996,0.31200000000000006,0.46147500000000008,0,constant,0,5,0,5,direct,-2.4826126922555153e-09,1.1102230246251565e-16,1.2434497875801753e-14,2.2204460492503131e-16,0.00043275000643916428,0.0005705410148948431
2,8,1,10,2,0,0.40000000000000002,0.69999999999999996,0.31200000000000006,0.46147500000000008,0,constant,0,5,0,5,fe_geometry,-2.4826126922217663e-09,1.1102230246251565e-16,1.2434497875801753e-14,2.2204460492503131e-16,0.00043275000643916428,0.0005705410148948431
2,8,1,10,2,0,0.40000000000000002,0.69999999999999996,0.31200000000000006,0.46147500000000008,0,constant,6,0,0,6,recursive,3.7059551481258527e-06,1.1102230246251565e-16,1.2434497875801753e-14,2.2204460492503131e-16,0.00043275000643916428,0.0005705410148948431
2,8,1,10,2,0,0.40000000000000002,0.69999999999999996,0.31200000000000006,0.46147500000000008,0,constant,6,0,0,6,direct,1.9307373579339534e-07,1.1102230246251565e-16,1.2434497875801753e-14,2.2204460492503131e-16,0.00043275000643916428,0.0005705410148948431
2,8,1,10,2,0,0.40000000000000002,0.69999999999999996,0.31200000000000006,0.46147500000000008,0,constant,6,0,0,6,fe_geometry,1.930737358393661e-07,1.1102230246251565e-16,1.2434497875801753e-14,2.2204460492503131e-16,0.00043275000643916428,0.0005705410148948431
2,8,1,10,2,0,0.40000000000000002,0.69999999999999996,0.31200000000000006,0.46147500000000008,0,constant,5,1,0,6,recursive,2.890155100002055e-05,1.1102230246251565e-16,1.2434497875801753e-14,2.2204460492503131e-16,0.00043275000643916428,0.0005705410148948431
2,8,1,10,2,0,0.40000000000000002,0.69999999999999996,0.31200000000000006,0.46147500000000008,0,constant,5,1,0,6,direct,-2.7229851672165479e-06,1.1102230246251565e-16,1.2434497875801753e-14,2.2204460492503131e-16,0.00043275000643916428,0.0005705410148948431
2,8,1,10,2,0,0.40000000000000002,0.69999999999999996,0.31200000000000006,0.46147500000000008,0,constant,5,1,0,6,fe_geometry,-2.7229851671999211e-06,1.1102230246251565e-16,1.2434497875801753e-14,2.2204460492503131e-16,0.00043275000643916428,0.0005705410148948431
2,8,1,10,2,0,0.40000000000000002,0.69999999999999996,0.31200000000000006,0.46147500000000008,0,constant,4,2,0,6,recursive,0.00011568735843760088,1.1102230246251565e-16,1.2434497875801753e-14,2.2204460492503131e-16,0.00043275000643916428,0.0005705410148948431
2,8,1,10,2,0,0.40000000000000002,0.69999999999999996,0.31200000000000006,0.46147500000000008,0,constant,4,2,0,6,direct,-1.3565842323246947e-07,1.1102230246251565e-16,1.2434497875801753e-14,2.2204460492503131e-16,0.00043275000643916428,0.0005705410148948431
2,8,1,10,2,0,0.40000000000000002,0.69999999999999996,0.31200000000000006,0.46147500000000008,0,constant,4,2,0,6,fe_geometry,-1.3565842327973462e-07,1.1102230246251565e-16,1.2434497875801753e-14,2.2204460492503131e-16,0.00043275000643916428,0.0005705410148948431
2,8,1,10,2,0,0.40000000000000002,0.69999999999999996,0.31200000000000006,0.46147500000000008,0,constant,3,3,0,6,recursive,1.3296360536630687e-05,1.1102230246251565e-16,1.2434497875801753e-14,2.2204460492503131e-16,0.00043275000643916428,0.0005705410148948431
2,8,1,10,2,0,0.40000000000000002,0.69999999999999996,0.31200000000000006,0.46147500000000008,0,constant,3,3,0,6,direct,5.2374696571424968e-05,1.1102230246251565e-16,1.2434497875801753e-14,2.2204460492503131e-16,0.00043275000643916428,0.0005705410148948431
2,8,1,10,2,0,0.40000000000000002,0.69999999999999996,0.31200000000000006,0.46147500000000008,0,constant,3,3,0,6,fe_geometry,5.2374696571406198e-05,1.1102230246251565e-16,1.2434497875801753e-14,2.2204460492503131e-16,0.00043275000643916428,0.0005705410148948431
2,8,1,10,2,0,0.40000000000000002,0.69999999999999996,0.31200000000000006,0.46147500000000008,0,constant,2,4,0,6,recursive,-0.0001993730189142124,1.1102230246251565e-16,1.2434497875801753e-14,2.2204460492503131e-16,0.00043275000643916428,0.0005705410148948431
2,8,1,10,2,0,0.40000000000000002,0.69999999999999996,0.31200000000000006,0.46147500000000008,0,constant,2,4,0,6,direct,9.3381350831433145e-06,1.1102230246251565e-16,1.2434497875801753e-14,2.2204460492503131e-16,0.00043275000643916428,0.0005705410148948431
2,8,1,10,2,0,0.40000000000000002,0.69999999999999996,0.31200000000000006,0.46147500000000008,0,constant,2,4,0,6,fe_geometry,9.3381350831582053e-06,1.1102230246251565e-16,1.2434497875801753e-14,2.2204460492503131e-16,0.00043275000643916428,0.0005705410148948431
2,8,1,10,2,0,0.40000000000000002,0.69999999999999996,0.31200000000000006,0.46147500000000008,0,constant,1,5,0,6,recursive,-8.7966827328059689e-05,1.1102230246251565e-16,1.2434497875801753e-14,2.2204460492503131e-16,0.00043275000643916428,0.0005705410148948431
2,8,1,10,2,0,0.40000000000000002,0.69999999999999996,0.31200000000000006,0.46147500000000008,0,constant,1,5,0,6,direct,-2.5127402970740926e-06,1.1102230246251565e-16,1.2434497875801753e-14,2.2204460492503131e-16,0.00043275000643916428,0.0005705410148948431
2,8,1,10,2,0,0.40000000000000002,0.69999999999999996,0.31200000000000006,0.46147500000000008,0,constant,1,5,0,6,fe_geometry,-2.5127402970724218e-06,1.1102230246251565e-16,1.2434497875801753e-14,2.2204460492503131e-16,0.00043275000643916428,0.0005705410148948431
2,8,1,10,2,0,0.40000000000000002,0.69999999999999996,0.31200000000000006,0.46147500000000008,0,constant,0,6,0,6,recursive,-7.9910296937574222e-06,1.1102230246251565e-16,1.2434497875801753e-14,2.2204460492503131e-16,0.00043275000643916428,0.0005705410148948431
2,8,1,10,2,0,0.40000000000000002,0.69999999999999996,0.31200000000000006,0.46147500000000008,0,constant,0,6,0,6,direct,4.0929176723405006e-09,1.1102230246251565e-16,1.2434497875801753e-14,2.2204460492503131e-16,0.00043275000643916428,0.0005705410148948431
2,8,1,10,2,0,0.40000000000000002,0.69999999999999996,0.31200000000000006,0.46147500000000008,0,constant,0,6,0,6,fe_geometry,4.0929176679344735e-09,1.1102230246251565e-16,1.2434497875801753e-14,2.2204460492503131e-16,0.00043275000643916428,0.0005705410148948431
2,8,1,10,2,0,0.40000000000000002,0.69999999999999996,0.31200000000000006,0.46147500000000008,0,constant,7,0,0,7,recursive,6.2346713227529339e-05,1.1102230246251565e-16,1.2434497875801753e-14,2.2204460492503131e-16,0.00043275000643916428,0.0005705410148948431
2,8,1,10,2,0,0.40000000000000002,0.69999999999999996,0.31200000000000006,0.46147500000000008,0,constant,7,0,0,7,direct,2.0185278940765828e-06,1.1102230246251565e-16,1.2434497875801753e-14,2.2204460492503131e-16,0.00043275000643916428,0.0005705410148948431
2,8,1,10,2,0,0.40000000000000002,0.69999999999999996,0.31200000000000006,0.46147500000000008,0,constant,7,0,0,7,fe_geometry,2.0185278928738739e-06,1.1102230246251565e-16,1.2434497875801753e-14,2.2204460492503131e-16,0.00043275000643916428,0.0005705410148948431
2,8,1,10,2,0,0.40000000000000002,0.69999999999999996,0.31200000000000006,0.46147500000000008,0,constant,6,1,0,7,recursive,-0.00017030342040837959,1.1102230246251565e-16,1.2434497875801753e-14,2.2204460492503131e-16,0.00043275000643916428,0.0005705410148948431
2,8,1,10,2,0,0.40000000000000002,0.69999999999999996,0.31200000000000006,0.46147500000000008,0,constant,6,1,0,7,direct,-3.7968056073406158e-05,1.1102230246251565e-16,1.2434497875801753e-14,2.2204460492503131e-16,0.00043275000643916428,0.0005705410148948431
2,8,1,10,2,0,0.40000000000000002,0.69999999999999996,0.31200000000000006,0.46147500000000008,0,constant,6,1,0,7,fe_geometry,-3.7968056073783698e-05,1.1102230246251565e-16,1.2434497875801753e-14,2.2204460492503131e-16,0.00043275000643916428,0.0005705410148948431
2,8,1,10,2,0,0.40000000000000002,0.69999999999999996,0.31200000000000006,0.46147500000000008,0,constant,5,2,0,7,recursive,-0.0023718559116965685,1.1102230246251565e-16,1.2434497875801753e-14,2.2204460492503131e-16,0.00043275000643916428,0.0005705410148948431
2,8,1,10,2,0,0.40000000000000002,0.69999999999999996,0.31200000000000006,0.46147500000000008,0,constant,5,2,0,7,direct,-1.2074058457841363e-05,1.1102230246251565e-16,1.2434497875801753e-14,2.2204460492503131e-16,0.00043275000643916428,0.0005705410148948431
2,8,1,10,2,0,0.40000000000000002,0.69999999999999996,0.31200000000000006,0.46147500000000008,0,constant,5,2,0,7,fe_geometry,-1.2074058454799777e-05,1.1102230246251565e-16,1.2434497875801753e-14,2.2204460492503131e-16,0.00043275000643916428,0.0005705410148948431
2,8,1,10,2,0,0.40000000000000002,0.69999999999999996,0.31200000000000006,0.46147500000000008,0,constant,4,3,0,7,recursive,2.7908141452489036e-05,1.1102230246251565e-16,1.2434497875801753e-14,2.2204460492503131e-16,0.00043275000643916428,0.0005705410148948431
2,8,1,10,2,0,0.40000000000000002,0.69999999999999996,0.31200000000000006,0.46147500000000008,0,constant,4,3,0,7,direct,-0.0010360550515574141,1.1102230246251565e-16,1.2434497875801753e-14,2.2204460492503131e-16,0.00043275000643916428,0.0005705410148948431
2,8,1,10,2,0,0.40000000000000002,0.69999999999999996,0.31200000000000006,0.46147500000000008,0,constant,4,3,0,7,fe_geometry,-0.0010360550515562679,1.1102230246251565e-16,1.2434497875801753e-14,2.2204460492503131e-16,0.00043275000643916428,0.0005705410148948431
2,8,1,10,2,0,0.40000000000000002,0.69999999999999996,0.31200000000000006,0.46147500000000008,0,constant,3,4,0,7,recursive,0.012246539981845932,1.1102230246251565e-16,1.2434497875801753e-14,2.2204460492503131e-16,0.00043275000643916428,0.0005705410148948431
2,8,1,10,2,0,0.40000000000000002,0.69999999999999996,0.31200000000000006,0.46147500000000008,0,constant,3,4,0,7,direct,-0.00027531633015320182,1.1102230246251565e-16,1.2434497875801753e-14,2.2204460492503131e-16,0.00043275000643916428,0.0005705410148948431
2,8,1,10,2,0,0.40000000000000002,0.69999999999999996,0.31200000000000006,0.46147500000000008,0,constant,3,4,0,7,fe_geometry,-0.00027531633015529292,1.1102230246251565e-16,1.2434497875801753e-14,2.2204460492503131e-16,0.00043275000643916428,0.0005705410148948431
2,8,1,10,2,0,0.40000000000000002,0.69999999999999996,0.31200000000000006,0.46147500000000008,0,constant,2,5,0,7,recursive,0.0079776936549210108,1.1102230246251565e-16,1.2434497875801753e-14,2.2204460492503131e-16,0.00043275000643916428,0.0005705410148948431
2,8,1,10,2,0,0.40000000000000002,0.69999999999999996,0.31200000000000006,0.46147500000000008,0,constant,2,5,0,7,direct,0.0012427803269796278,1.1102230246251565e-16,1.2434497875801753e-14,2.2204460492503131e-16,0.00043275000643916428,0.0005705410148948431
2,8,1,10,2,0,0.40000000000000002,0.69999999999999996,0.31200000000000006,0.46147500000000008,0,constant,2,5,0,7,fe_geometry,0.0012427803269789059,1.1102230246251565e-16,1.2434497875801753e-14,2.2204460492503131e-16,0.00043275000643916428,0.0005705410148948431
2,8,1,10,2,0,0.40000000000000002,0.69999999999999996,0.31200000000000006,0.46147500000000008,0,constant,1,6,0,7,recursive,-0.0010620304642563077,1.1102230246251565e-16,1.2434497875801753e-14,2.2204460492503131e-16,0.00043275000643916428,0.0005705410148948431
2,8,1,10,2,0,0.40000000000000002,0.69999999999999996,0.31200000000000006,0.46147500000000008,0,constant,1,6,0,7,direct,-2.0332024600821801e-05,1.1102230246251565e-16,1.2434497875801753e-14,2.2204460492503131e-16,0.00043275000643916428,0.0005705410148948431
2,8,1,10,2,0,0.40000000000000002,0.69999999999999996,0.31200000000000006,0.46147500000000008,0,constant,1,6,0,7,fe_geometry,-2.0332024600242736e-05,1.1102230246251565e-16,1.2434497875801753e-14,2.2204460492503131e-16,0.00043275000643916428,0.0005705410148948431
2,8,1,10,2,0,0.40000000000000002,0.69999999999999996,0.31200000000000006,0.46147500000000008,0,constant,0,7,0,7,recursive,-9.7042176986977832e-05,1.1102230246251565e-16,1.2434497875801753e-14,2.2204460492503131e-16,0.00043275000643916428,0.0005705410148948431
2,8,1,10,2,0,0.40000000000000002,0.69999999999999996,0.31200000000000006,0.46147500000000008,0,constant,0,7,0,7,direct,1.5337818295915331e-07,1.1102230246251565e-16,1.2434497875801753e-14,2.2204460492503131e-16,0.00043275000643916428,0.0005705410148948431
2,8,1,10,2,0,0.40000000000000002,0.69999999999999996,0.31200000000000006,0.46147500000000008,0,constant,0,7,0,7,fe_geometry,1.5337818346370119e-07,1.1102230246251565e-16,1.2434497875801753e-14,2.2204460492503131e-16,0.00043275000643916428,0.0005705410148948431
2,8,1,10,2,0,0.40000000000000002,0.69999999999999996,0.31200000000000006,0.46147500000000008,0,constant,8,0,0,8,recursive,0.00063098059117533466,1.1102230246251565e-16,1.2434497875801753e-14,2.2204460492503131e-16,0.00043275000643916428,0.0005705410148948431
2,8,1,10,2,0,0.40000000000000002,0.69999999999999996,0.31200000000000006,0.46147500000000008,0,constant,8,0,0,8,direct,2.1761585077654128e-05,1.1102230246251565e-16,1.2434497875801753e-14,2.2204460492503131e-16,0.00043275000643916428,0.0005705410148948431
2,8,1,10,2,0,0.40000000000000002,0.69999999999999996,0.31200000000000006,0.46147500000000008,0,constant,8,0,0,8,fe_geometry,2.1761585090279432e-05,1.1102230246251565e-16,1.2434497875801753e-14,2.2204460492503131e-16,0.00043275000643916428,0.0005705410148948431
2,8,1,10,2,0,0.40000000000000002,0.69999999999999996,0.31200000000000006,0.46147500000000008,0,constant,7,1,0,8,recursive,-0.0028439320897416845,1.1102230246251565e-16,1.2434497875801753e-14,2.2204460492503131e-16,0.00043275000643916428,0.0005705410148948431
2,8,1,10,2,0,0.40000000000000002,0.69999999999999996,0.31200000000000006,0.46147500000000008,0,constant,7,1,0,8,direct,-0.00040037519322812286,1.1102230246251565e-16,1.2434497875801753e-14,2.2204460492503131e-16,0.00043275000643916428,0.0005705410148948431
2,8,1,10,2,0,0.40000000000000002,0.69999999999999996,0.31200000000000006,0.46147500000000008,0,constant,7,1,0,8,fe_geometry,-0.00040037519322778763,1.1102230246251565e-16,1.2434497875801753e-14,2.2204460492503131e-16,0.00043275000643916428,0.0005705410148948431
2,8,1,10,2,0,0.40000000000000002,0.69999999999999996,0.31200000000000006,0.46147500000000008,0,constant,6,2,0,8,recursive,0.012218602965650206,1.1102230246251565e-16,1.2434497875801753e-14,2.2204460492503131e-16,0.00043275000643916428,0.0005705410148948431
2,8,1,10,2,0,0.40000000000000002,0.69999999999999996,0.31200000000000006,0.46147500000000008,0,constant,6,2,0,8,direct,-0.00012263587241267439,1.1102230246251565e-16,1.2434497875801753e-14,2.2204460492503131e-16,0.00043275000643916428,0.0005705410148948431
2,8,1,10,2,0,0.40000000000000002,0.69999999999999996,0.31200000000000006,0.46147500000000008,0,constant,6,2,0,8,fe_geometry,-0.00012263587254352998,1.1102230246251565e-16,1.2434497875801753e-14,2.2204460492503131e-16,0.00043275000643916428,0.0005705410148948431
2,8,1,10,2,0,0.40000000000000002,0.69999999999999996,0.31200000000000006,0.46147500000000008,0,constant,5,3,0,8,recursive,-0.0094088609679442645,1.1102230246251565e-16,1.2434497875801753e-14,2.2204460492503131e-16,0.00043275000643916428,0.0005705410148948431
2,8,1,10,2,0,0.40000000000000002,0.69999999999999996,0.31200000000000006,0.46147500000000008,0,constant,5,3,0,8,direct,0.0061801454943985453,1.1102230246251565e-16,1.2434497875801753e-14,2.2204460492503131e-16,0.00043275000643916428,0.0005705410148948431
2,8,1,10,2,0,0.40000000000000002,0.69999999999999996,0.31200000000000006,0.46147500000000008,0,constant,5,3,0,8,fe_geometry,0.0061801454943549976,1.1102230246251565e-16,1.2434497875801753e-14,2.2204460492503131e-16,0.00043275000643916428,0.0005705410148948431
2,8,1,10,2,0,0.40000000000000002,0.69999999999999996,0.31200000000000006,0.46147500000000008,0,constant,4,4,0,8,recursive,-0.46454954507349927,1.1102230246251565e-16,1.2434497875801753e-14,2.2204460492503131e-16,0.00043275000643916428,0.0005705410148948431
2,8,1,10,2,0,0.40000000000000002,0.69999999999999996,0.31200000000000006,0.46147500000000008,0,constant,4,4,0,8,direct,0.0040751008439983754,1.1102230246251565e-16,1.2434497875801753e-14,2.2204460492503131e-16,0.00043275000643916428,0.0005705410148948431
2,8,1,10,2,0,0.40000000000000002,0.69999999999999996,0.31200000000000006,0.46147500000000008,0,constant,4,4,0,8,fe_geometry,0.0040751008441847012,1.1102230246251565e-16,1.2434497875801753e-14,2.2204460492503131e-16,0.00043275000643916428,0.0005705410148948431
2,8,1,10,2,0,0.40000000000000002,0.69999999999999996,0.31200000000000006,0.46147500000000008,0,constant,3,5,0,8,recursive,-0.44895904436977113,1.1102230246251565e-16,1.2434497875801753e-14,2.2204460492503131e-16,0.00043275000643916428,0.0005705410148948431
2,8,1,10,2,0,0.40000000000000002,0.69999999999999996,0.31200000000000006,0.46147500000000008,0,constant,3,5,0,8,direct,-0.057083229653382653,1.1102230246251565e-16,1.2434497875801753e-14,2.2204460492503131e-16,0.00043275000643916428,0.0005705410148948431
2,8,1,10,2,0,0.40000000000000002,0.69999999999999996,0.31200000000000006,0.46147500000000008,0,constant,3,5,0,8,fe_geometry,-0.057083229653312181,1.1102230246251565e-16,1.2434497875801753e-14,2.2204460492503131e-16,0.00043275000643916428,0.0005705410148948431
2,8,1,10,2,0,0.40000000000000002,0.69999999999999996,0.31200000000000006,0.46147500000000008,0,constant,2,6,0,8,recursive,0.096504497152897703,1.1102230246251565e-16,1.2434497875801753e-14,2.2204460492503131e-16,0.00043275000643916428,0.0005705410148948431
2,8,1,10,2,0,0.40000000000000002,0.69999999999999996,0.31200000000000006,0.46147500000000008,0,constant,2,6,0,8,direct,0.013644224349575336,1.1102230246251565e-16,1.2434497875801753e-14,2.2204460492503131e-16,0.00043275000643916428,0.0005705410148948431
2,8,1,10,2,0,0.40000000000000002,0.69999999999999996,0.31200000000000006,0.46147500000000008,0,constant,2,6,0,8,fe_geometry,0.013644224349479482,1.1102230246251565e-16,1.2434497875801753e-14,2.2204460492503131e-16,0.00043275000643916428,0.0005705410148948431
2,8,1,10,2,0,0.40000000000000002,0.69999999999999996,0.31200000000000006,0.46147500000000008,0,constant,1,7,0,8,recursive,-0.0098377155531665459,1.1102230246251565e-16,1.2434497875801753e-14,2.2204460492503131e-16,0.00043275000643916428,0.0005705410148948431
2,8,1,10,2,0,0.40000000000000002,0.69999999999999996,0.31200000000000006,0.46147500000000008,0,constant,1,7,0,8,direct,-0.00018492628170796416,1.1102230246251565e-16,1.2434497875801753e-14,2.2204460492503131e-16,0.00043275000643916428,0.0005705410148948431
2,8,1,10,2,0,0.40000000000000002,0.69999999999999996,0.31200000000000006,0.46147500000000008,0,constant,1,7,0,8,fe_geometry,-0.00018492628177208524,1.1102230246251565e-16,1.2434497875801753e-14,2.2204460492503131e-16,0.00043275000643916428,0.0005705410148948431
2,8,1,10,2,0,0.40000000000000002,0.69999999999999996,0.31200000000000006,0.46147500000000008,0,constant,0,8,0,8,recursive,-0.00090000302577422989,1.1102230246251565e-16,1.2434497875801753e-14,2.2204460492503131e-16,0.00043275000643916428,0.0005705410148948431
2,8,1,10,2,0,0.40000000000000002,0.69999999999999996,0.31200000000000006,0.46147500000000008,0,constant,0,8,0,8,direct,2.3323296767451096e-06,1.1102230246251565e-16,1.2434497875801753e-14,2.2204460492503131e-16,0.00043275000643916428,0.0005705410148948431
2,8,1,10,2,0,0.40000000000000002,0.69999999999999996,0.31200000000000006,0.46147500000000008,0,constant,0,8,0,8,fe_geometry,2.332329667555321e-06,1.1102230246251565e-16,1.2434497875801753e-14,2.2204460492503131e-16,0.00043275000643916428,0.0005705410148948431
2,8,1,10,2,0,0.40000000000000002,0.69999999999999996,0.31200000000000006,0.46147500000000008,0,constant,9,0,0,9,recursive,0.0057627377056967966,1.1102230246251565e-16,1.2434497875801753e-14,2.2204460492503131e-16,0.00043275000643916428,0.0005705410148948431
2,8,1,10,2,0,0.40000000000000002,0.69999999999999996,0.31200000000000006,0.46147500000000008,0,constant,9,0,0,9,direct,0.00025438940743093897,1.1102230246251565e-16,1.2434497875801753e-14,2.2204460492503131e-16,0.00043275000643916428,0.0005705410148948431
2,8,1,10,2,0,0.40000000000000002,0.69999999999999996,0.31200000000000006,0.46147500000000008,0,constant,9,0,0,9,fe_geometry,0.00025438940756968096,1.1102230246251565e-16,1.2434497875801753e-14,2.2204460492503131e-16,0.00043275000643916428,0.0005705410148948431
2,8,1,10,2,0,0.40000000000000002,0.69999999999999996,0.31200000000000006,0.46147500000000008,0,constant,8,1,0,9,recursive,-0.0287504851205682,1.1102230246251565e-16,1.2434497875801753e-14,2.2204460492503131e-16,0.00043275000643916428,0.0005705410148948431
2,8,1,10,2,0,0.40000000000000002,0.69999999999999996,0.31200000000000006,0.46147500000000008,0,constant,8,1,0,9,direct,-0.0043333730065810922,1.1102230246251565e-16,1.2434497875801753e-14,2.2204460492503131e-16,0.00043275000643916428,0.0005705410148948431
2,8,1,10,2,0,0.40000000000000002,0.69999999999999996,0.31200000000000006,0.46147500000000008,0,constant,8,1,0,9,fe_geometry,-0.0043333730064248274,1.1102230246251565e-16,1.2434497875801753e-14,2.2204460492503131e-16,0.00043275000643916428,0.0005705410148948431
2,8,1,10,2,0,0.40000000000000002,0.69999999999999996,0.31200000000000006,0.46147500000000008,0,constant,7,2,0,9,recursive,0.21260318192064734,1.1102230246251565e-16,1.2434497875801753e-14,2.2204460492503131e-16,0.00043275000643916428,0.0005705410148948431
2,8,1,10,2,0,0.40000000000000002,0.69999999999999996,0.31200000000000006,0.46147500000000008,0,constant,7,2,0,9,direct,-0.0011817061076914673,1.1102230246251565e-16,1.2434497875801753e-14,2.2204460492503131e-16,0.00043275000643916428,0.0005705410148948431
2,8,1,10,2,0,0.40000000000000002,0.69999999999999996,0.31200000000000006,0.46147500000000008,0,constant,7,2,0,9,fe_geometry,-0.001181706104277108,1.1102230246251565e-16,1.2434497875801753e-14,2.2204460492503131e-16,0.00043275000643916428,0.0005705410148948431
2,8,1,10,2,0,0.40000000000000002,0.69999999999999996,0.31200000000000006,0.46147500000000008,0,constant,6,3,0,9,recursive,0.11281222160348313,1.1102230246251565e-16,1.2434497875801753e-14,2.2204460492503131e-16,0.00043275000643916428,0.0005705410148948431
2,8,1,10,2,0,0.40000000000000002,0.69999999999999996,0.31200000000000006,0.46147500000000008,0,constant,6,3,0,9,direct,0.087101605217033931,1.1102230246251565e-16,1.2434497875801753e-14,2.2204460492503131e-16,0.00043275000643916428,0.0005705410148948431
2,8,1,10,2,0,0.40000000000000002,0.69999999999999996,0.31200000000000006,0.46147500000000008,0,constant,6,3,0,9,fe_geometry,0.087101605217765332,1.1102230246251565e-16,1.2434497875801753e-14,2.2204460492503131e-16,0.00043275000643916428,0.0005705410148948431
2,8,1,10,2,0,0.40000000000000002,0.69999999999999996,0.31200000000000006,0.46147500000000008,0,constant,5,4,0,9,recursive,9.4550921139673498,1.1102230246251565e-16,1.2434497875801753e-14,2.2204460492503131e-16,0.00043275000643916428,0.0005705410148948431
2,8,1,10,2,0,0.40000000000000002,0.69999999999999996,0.31200000000000006,0.46147500000000008,0,constant,5,4,0,9,direct,-0.00058274624313132961,1.1102230246251565e-16,1.2434497875801753e-14,2.2204460492503131e-16,0.00043275000643916428,0.0005705410148948431
2,8,1,10,2,0,0.40000000000000002,0.69999999999999996,0.31200000000000006,0.46147500000000008,0,constant,5,4,0,9,fe_geometry,-0.00058274625464300013,1.1102230246251565e-16,1.2434497875801753e-14,2.2204460492503131e-16,0.00043275000643916428,0.0005705410148948431
2,8,1,10,2,0,0.40000000000000002,0.69999999999999996,0.31200000000000006,0.46147500000000008,0,constant,4,5,0,9,recursive,15.790085964309039,1.1102230246251565e-16,1.2434497875801753e-14,2.2204460492503131e-16,0.00043275000643916428,0.0005705410148948431
2,8,1,10,2,0,0.40000000000000002,0.69999999999999996,0.31200000000000006,0.46147500000000008,0,constant,4,5,0,9,direct,1.2580430732369636,1.1102230246251565e-16,1.2434497875801753e-14,2.2204460492503131e-16,0.00043275000643916428,0.0005705410148948431
2,8,1,10,2,0,0.40000000000000002,0.69999999999999996,0.31200000000000006,0.46147500000000008,0,constant,4,5,0,9,fe_geometry,1.2580430732330177,1.1102230246251565e-16,1.2434497875801753e-14,2.2204460492503131e-16,0.00043275000643916428,0.0005705410148948431
2,8,1,10,2,0,0.40000000000000002,0.69999999999999996,0.31200000000000006,0.46147500000000008,0,constant,3,6,0,9,recursive,-5.4579089596690293,1.1102230246251565e-16,1.2434497875801753e-14,2.2204460492503131e-16,0.00043275000643916428,0.0005705410148948431
2,8,1,10,2,0,0.40000000000000002,0.69999999999999996,0.31200000000000006,0.46147500000000008,0,constant,3,6,0,9,direct,-0.63062207489709643,1.1102230246251565e-16,1.2434497875801753e-14,2.2204460492503131e-16,0.00043275000643916428,0.0005705410148948431
2,8,1,10,2,0,0.40000000000000002,0.69999999999999996,0.31200000000000006,0.46147500000000008,0,constant,3,6,0,9,fe_geometry,-0.63062207488624755,1.1102230246251565e-16,1.2434497875801753e-14,2.2204460492503131e-16,0.00043275000643916428,0.0005705410148948431
2,8,1,10,2,0,0.40000000000000002,0.69999999999999996,0.31200000000000006,0.46147500000000008,0,constant,2,7,0,9,recursive,0.89429711871042594,1.1102230246251565e-16,1.2434497875801753e-14,2.2204460492503131e-16,0.00043275000643916428,0.0005705410148948431
2,8,1,10,2,0,0.40000000000000002,0.69999999999999996,0.31200000000000006,0.46147500000000008,0,constant,2,7,0,9,direct,0.14143386572691541,1.1102230246251565e-16,1.2434497875801753e-14,2.2204460492503131e-16,0.00043275000643916428,0.0005705410148948431
2,8,1,10,2,0,0.40000000000000002,0.69999999999999996,0.31200000000000006,0.46147500000000008,0,constant,2,7,0,9,fe_geometry,0.14143386573404235,1.1102230246251565e-16,1.2434497875801753e-14,2.2204460492503131e-16,0.00043275000643916428,0.0005705410148948431
2,8,1,10,2,0,0.40000000000000002,0.69999999999999996,0.31200000000000006,0.46147500000000008,0,constant,1,8,0,9,recursive,-0.085375345904180153,1.1102230246251565e-16,1.2434497875801753e-14,2.2204460492503131e-16,0.00043275000643916428,0.0005705410148948431
2,8,1,10,2,0,0.40000000000000002,0.69999999999999996,0.31200000000000006,0.46147500000000008,0,constant,1,8,0,9,direct,-0.001914196753759764,1.1102230246251565e-16,1.2434497875801753e-14,2.2204460492503131e-16,0.00043275000643916428,0.0005705410148948431
2,8,1,10,2,0,0.40000000000000002,0.69999999999999996,0.31200000000000006,0.46147500000000008,0,constant,1,8,0,9,fe_geometry,-0.001914196753900079,1.1102230246251565e-16,1.2434497875801753e-14,2.2204460492503131e-16,0.00043275000643916428,0.0005705410148948431
2,8,1,10,2,0,0.40000000000000002,0.69999999999999996,0.31200000000000006,0.46147500000000008,0,constant,0,9,0,9,recursive,-0.0078132620702601463,1.1102230246251565e-16,1.2434497875801753e-14,2.2204460492503131e-16,0.00043275000643916428,0.0005705410148948431
2,8,1,10,2,0,0.40000000000000002,0.69999999999999996,0.31200000000000006,0.46147500000000008,0,constant,0,9,0,9,direct,3.3228571560579608e-05,1.1102230246251565e-16,1.2434497875801753e-14,2.2204460492503131e-16,0.00043275000643916428,0.0005705410148948431
2,8,1,10,2,0,0.40000000000000002,0.69999999999999996,0.31200000000000006,0.46147500000000008,0,constant,0,9,0,9,fe_geometry,3.322857119797511e-05,1.1102230246251565e-16,1.2434497875801753e-14,2.2204460492503131e-16,0.00043275000643916428,0.0005705410148948431
2,8,1,10,2,0,0.40000000000000002,0.69999999999999996,0.31200000000000006,0.46147500000000008,0,constant,10,0,0,10,recursive,0.051109813460769232,1.1102230246251565e-16,1.2434497875801753e-14,2.2204460492503131e-16,0.00043275000643916428,0.0005705410148948431
2,8,1,10,2,0,0.40000000000000002,0.69999999999999996,0.31200000000000006,0.46147500000000008,0,constant,10,0,0,10,direct,0.0032574481556233424,1.1102230246251565e-16,1.2434497875801753e-14,2.2204460492503131e-16,0.00043275000643916428,0.0005705410148948431
2,8,1,10,2,0,0.40000000000000002,0.69999999999999996,0.31200000000000006,0.46147500000000008,0,constant,10,0,0,10,fe_geometry,0.00325744815482726,1.1102230246251565e-16,1.2434497875801753e-14,2.2204460492503131e-16,0.00043275000643916428,0.0005705410148948431
2,8,1,10,2,0,0.40000000000000002,0.69999999999999996,0.31200000000000006,0.46147500000000008,0,constant,9,1,0,10,recursive,-0.2625007572474376,1.1102230246251565e-16,1.2434497875801753e-14,2.2204460492503131e-16,0.00043275000643916428,0.0005705410148948431
2,8,1,10,2,0,0.40000000000000002,0.69999999999999996,0.31200000000000006,0.46147500000000008,0,constant,9,1,0,10,direct,-0.050770655643425019,1.1102230246251565e-16,1.2434497875801753e-14,2.2204460492503131e-16,0.00043275000643916428,0.0005705410148948431
2,8,1,10,2,0,0.40000000000000002,0.69999999999999996,0.31200000000000006,0.46147500000000008,0,constant,9,1,0,10,fe_geometry,-0.050770655643180007,1.1102230246251565e-16,1.2434497875801753e-14,2.2204460492503131e-16,0.00043275000643916428,0.0005705410148948431
2,8,1,10,2,0,0.40000000000000002,0.69999999999999996,0.31200000000000006,0.46147500000000008,0,constant,8,2,0,10,recursive,2.1621544805017829,1.1102230246251565e-16,1.2434497875801753e-14,2.2204460492503131e-16,0.00043275000643916428,0.0005705410148948431
2,8,1,10,2,0,0.40000000000000002,0.69999999999999996,0.31200000000000006,0.46147500000000008,0,constant,8,2,0,10,direct,-0.012252248790948312,1.1102230246251565e-16,1.2434497875801753e-14,2.2204460492503131e-16,0.00043275000643916428,0.0005705410148948431
2,8,1,10,2,0,0.40000000000000002,0.69999999999999996,0.31200000000000006,0.46147500000000008,0,constant,8,2,0,10,fe_geometry,-0.012252248825778956,1.1102230246251565e-16,1.2434497875801753e-14,2.2204460492503131e-16,0.00043275000643916428,0.0005705410148948431
2,8,1,10,2,0,0.40000000000000002,0.69999999999999996,0.31200000000000006,0.46147500000000008,0,constant,7,3,0,10,recursive,1.6038743753545963,1.1102230246251565e-16,1.2434497875801753e-14,2.2204460492503131e-16,0.00043275000643916428,0.0005705410148948431
2,8,1,10,2,0,0.40000000000000002,0.69999999999999996,0.31200000000000006,0.46147500000000008,0,constant,7,3,0,10,direct,0.92075205310649455,1.1102230246251565e-16,1.2434497875801753e-14,2.2204460492503131e-16,0.00043275000643916428,0.0005705410148948431
2,8,1,10,2,0,0.40000000000000002,0.69999999999999996,0.31200000000000006,0.46147500000000008,0,constant,7,3,0,10,fe_geometry,0.92075205312098007,1.1102230246251565e-16,1.2434497875801753e-14,2.2204460492503131e-16,0.00043275000643916428,0.0005705410148948431
2,8,1,10,2,0,0.40000000000000002,0.69999999999999996,0.31200000000000006,0.46147500000000008,0,constant,6,4,0,10,recursive,-48.765907257751849,1.1102230246251565e-16,1.2434497875801753e-14,2.2204460492503131e-16,0.00043275000643916428,0.0005705410148948431
2,8,1,10,2,0,0.40000000000000002,0.69999999999999996,0.31200000000000006,0.46147500000000008,0,constant,6,4,0,10,direct,-0.095851554727459348,1.1102230246251565e-16,1.2434497875801753e-14,2.2204460492503131e-16,0.00043275000643916428,0.0005705410148948431
2,8,1,10,2,0,0.40000000000000002,0.69999999999999996,0.31200000000000006,0.46147500000000008,0,constant,6,4,0,10,fe_geometry,-0.095851554241392065,1.1102230246251565e-16,1.2434497875801753e-14,2.2204460492503131e-16,0.00043275000643916428,0.0005705410148948431
2,8,1,10,2,0,0.40000000000000002,0.69999999999999996,0.31200000000000006,0.46147500000000008,0,constant,5,5,0,10,recursive,-302.39460816553441,1.1102230246251565e-16,1.2434497875801753e-14,2.2204460492503131e-16,0.00043275000643916428,0.0005705410148948431
2,8,1,10,2,0,0.40000000000000002,0.69999999999999996,0.31200000000000006,0.46147500000000008,0,constant,5,5,0,10,direct,-8.0666151773711068,1.1102230246251565e-16,1.2434497875801753e-14,2.2204460492503131e-16,0.00043275000643916428,0.0005705410148948431
2,8,1,10,2,0,0.40000000000000002,0.69999999999999996,0.31200000000000006,0.46147500000000008,0,constant,5,5,0,10,fe_geometry,-8.0666151772519523,1.1102230246251565e-16,1.2434497875801753e-14,2.2204460492503131e-16,0.00043275000643916428,0.0005705410148948431
2,8,1,10,2,0,0.40000000000000002,0.69999999999999996,0.31200000000000006,0.46147500000000008,0,constant,4,6,0,10,recursive,192.84549446129361,1.1102230246251565e-16,1.2434497875801753e-14,2.2204460492503131e-16,0.00043275000643916428,0.0005705410148948431
2,8,1,10,2,0,0.40000000000000002,0.69999999999999996,0.31200000000000006,0.46147500000000008,0,constant,4,6,0,10,direct,13.948608242235993,1.1102230246251565e-16,1.2434497875801753e-14,2.2204460492503131e-16,0.00043275000643916428,0.0005705410148948431
2,8,1,10,2,0,0.40000000000000002,0.69999999999999996,0.31200000000000006,0.46147500000000008,0,constant,4,6,0,10,fe_geometry,13.948608241340331,1.1102230246251565e-16,1.2434497875801753e-14,2.2204460492503131e-16,0.00043275000643916428,0.0005705410148948431
2,8,1,10,2,0,0.40000000000000002,0.69999999999999996,0.31200000000000006,0.46147500000000008,0,constant,3,7,0,10,recursive,-50.629703762596144,1.1102230246251565e-16,1.2434497875801753e-14,2.2204460492503131e-16,0.00043275000643916428,0.0005705410148948431
2,8,1,10,2,0,0.40000000000000002,0.69999999999999996,0.31200000000000006,0.46147500000000008,0,constant,3,7,0,10,direct,-6.5509340290535416,1.1102230246251565e-16,1.2434497875801753e-14,2.2204460492503131e-16,0.00043275000643916428,0.0005705410148948431
2,8,1,10,2,0,0.40000000000000002,0.69999999999999996,0.31200000000000006,0.46147500000000008,0,constant,3,7,0,10,fe_geometry,-6.5509340296397394,1.1102230246251565e-16,1.2434497875801753e-14,2.2204460492503131e-16,0.00043275000643916428,0.0005705410148948431
2,8,1,10,2,0,0.40000000000000002,0.69999999999999996,0.31200000000000006,0.46147500000000008,0,constant,2,8,0,10,recursive,7.7619457356647334,1.1102230246251565e-16,1.2434497875801753e-14,2.2204460492503131e-16,0.00043275000643916428,0.0005705410148948431
2,8,1,10,2,0,0.40000000000000002,0.69999999999999996,0.31200000000000006,0.46147500000000008,0,constant,2,8,0,10,direct,1.5754781031573259,1.1102230246251565e-16,1.2434497875801753e-14,2.2204460492503131e-16,0.00043275000643916428,0.0005705410148948431
2,8,1,10,2,0,0.40000000000000002,0.69999999999999996,0.31200000000000006,0.46147500000000008,0,constant,2,8,0,10,fe_geometry,1.5754781033135747,1.1102230246251565e-16,1.2434497875801753e-14,2.2204460492503131e-16,0.00043275000643916428,0.0005705410148948431
2,8,1,10,2,0,0.40000000000000002,0.69999999999999996,0.31200000000000006,0.46147500000000008,0,constant,1,9,0,10,recursive,-0.72665410276947395,1.1102230246251565e-16,1.2434497875801753e-14,2.2204460492503131e-16,0.00043275000643916428,0.0005705410148948431
2,8,1,10,2,0,0.40000000000000002,0.69999999999999996,0.31200000000000006,0.46147500000000008,0,constant,1,9,0,10,direct,-0.022402524889391876,1.1102230246251565e-16,1.2434497875801753e-14,2.2204460492503131e-16,0.00043275000643916428,0.0005705410148948431
2,8,1,10,2,0,0.40000000000000002,0.69999999999999996,0.31200000000000006,0.46147500000000008,0,constant,1,9,0,10,fe_geometry,-0.022402524768350359,1.1102230246251565e-16,1.2434497875801753e-14,2.2204460492503131e-16,0.00043275000643916428,0.0005705410148948431
2,8,1,10,2,0,0.40000000000000002,0.69999999999999996,0.31200000000000006,0.46147500000000008,0,constant,0,10,0,10,recursive,-0.066508059804586864,1.1102230246251565e-16,1.2434497875801753e-14,2.2204460492503131e-16,0.00043275000643916428,0.0005705410148948431
2,8,1,10,2,0,0.40000000000000002,0.69999999999999996,0.31200000000000006,0.46147500000000008,0,constant,0,10,0,10,direct,0.00049172470768760017,1.1102230246251565e-16,1.2434497875801753e-14,2.2204460492503131e-16,0.00043275000643916428,0.0005705410148948431
2,8,1,10,2,0,0.40000000000000002,0.69999999999999996,0.31200000000000006,0.46147500000000008,0,constant,0,10,0,10,fe_geometry,0.00049172469941232387,1.1102230246251565e-16,1.2434497875801753e-14,2.2204460492503131e-16,0.00043275000643916428,0.0005705410148948431
2,8,1,10,2,0,0.40000000000000002,0.69999999999999996,0.31200000000000006,0.46147500000000008,0,quintic,1,0,0,1,recursive,0.040140801136343197,0,1.2434497875801753e-14,2.2204460492503131e-16,0.00043275000643916428,0.0014845000114291906
2,8,1,10,2,0,0.40000000000000002,0.69999999999999996,0.31200000000000006,0.46147500000000008,0,quintic,1,0,0,1,direct,0.040140845070418048,0,1.2434497875801753e-14,2.2204460492503131e-16,0.00043275000643916428,0.0014845000114291906
2,8,1,10,2,0,0.40000000000000002,0.69999999999999996,0.31200000000000006,0.46147500000000008,0,quintic,1,0,0,1,fe_geometry,0.040140845070412642,0,1.2434497875801753e-14,2.2204460492503131e-16,0.00043275000643916428,0.0014845000114291906
2,8,1,10,2,0,0.40000000000000002,0.69999999999999996,0.31200000000000006,0.46147500000000008,0,quintic,0,1,0,1,recursive,0.089826725125795939,0,1.2434497875801753e-14,2.2204460492503131e-16,0.00043275000643916428,0.0014845000114291906
2,8,1,10,2,0,0.40000000000000002,0.69999999999999996,0.31200000000000006,0.46147500000000008,0,quintic,0,1,0,1,direct,0.089826721883174185,0,1.2434497875801753e-14,2.2204460492503131e-16,0.00043275000643916428,0.0014845000114291906
2,8,1,10,2,0,0.40000000000000002,0.69999999999999996,0.31200000000000006,0.46147500000000008,0,quintic,0,1,0,1,fe_geometry,0.089826721883173088,0,1.2434497875801753e-14,2.2204460492503131e-16,0.00043275000643916428,0.0014845000114291906
2,8,1,10,2,0,0.40000000000000002,0.69999999999999996,0.31200000000000006,0.46147500000000008,0,quintic,2,0,0,2,recursive,0.228733030438204,0,1.2434497875801753e-14,2.2204460492503131e-16,0.00043275000643916428,0.0014845000114291906
2,8,1,10,2,0,0.40000000000000002,0.69999999999999996,0.31200000000000006,0.46147500000000008,0,quintic,2,0,0,2,direct,0.22872306243742302,0,1.2434497875801753e-14,2.2204460492503131e-16,0.00043275000643916428,0.0014845000114291906
2,8,1,10,2,0,0.40000000000000002,0.69999999999999996,0.31200000000000006,0.46147500000000008,0,quintic,2,0,0,2,fe_geometry,0.22872306243769563,0,1.2434497875801753e-14,2.2204460492503131e-16,0.00043275000643916428,0.0014845000114291906
2,8,1,10,2,0,0.40000000000000002,0.69999999999999996,0.31200000000000006,0.46147500000000008,0,quintic,1,1,0,2,recursive,0.17191202443130468,0,1.2434497875801753e-14,2.2204460492503131e-16,0.00043275000643916428,0.0014845000114291906
2,8,1,10,2,0,0.40000000000000002,0.69999999999999996,0.31200000000000006,0.46147500000000008,0,quintic,1,1,0,2,direct,0.17191203015809114,0,1.2434497875801753e-14,2.2204460492503131e-16,0.00043275000643916428,0.0014845000114291906
2,8,1,10,2,0,0.40000000000000002,0.69999999999999996,0.31200000000000006,0.46147500000000008,0,quintic,1,1,0,2,fe_geometry,0.17191203015801096,0,1.2434497875801753e-14,2.2204460492503131e-16,0.00043275000643916428,0.0014845000114291906
2,8,1,10,2,0,0.40000000000000002,0.69999999999999996,0.31200000000000006,0.46147500000000008,0,quintic,0,2,0,2,recursive,0.77951102649250203,0,1.2434497875801753e-14,2.2204460492503131e-16,0.00043275000643916428,0.0014845000114291906
2,8,1,10,2,0,0.40000000000000002,0.69999999999999996,0.31200000000000006,0.46147500000000008,0,quintic,0,2,0,2,direct,0.77950986003102074,0,1.2434497875801753e-14,2.2204460492503131e-16,0.00043275000643916428,0.0014845000114291906
2,8,1,10,2,0,0.40000000000000002,0.69999999999999996,0.31200000000000006,0.46147500000000008,0,quintic,0,2,0,2,fe_geometry,0.77950986003100176,0,1.2434497875801753e-14,2.2204460492503131e-16,0.00043275000643916428,0.0014845000114291906
2,8,1,10,2,0,0.40000000000000002,0.69999999999999996,0.31200000000000006,0.46147500000000008,0,quintic,3,0,0,3,recursive,1.313549499187832,0,1.2434497875801753e-14,2.2204460492503131e-16,0.00043275000643916428,0.0014845000114291906
2,8,1,10,2,0,0.40000000000000002,0.69999999999999996,0.31200000000000006,0.46147500000000008,0,quintic,3,0,0,3,direct,1.314609059365047,0,1.2434497875801753e-14,2.2204460492503131e-16,0.00043275000643916428,0.0014845000114291906
2,8,1,10,2,0,0.40000000000000002,0.69999999999999996,0.31200000000000006,0.46147500000000008,0,quintic,3,0,0,3,fe_geometry,1.3146090593609325,0,1.2434497875801753e-14,2.2204460492503131e-16,0.00043275000643916428,0.0014845000114291906
2,8,1,10,2,0,0.40000000000000002,0.69999999999999996,0.31200000000000006,0.46147500000000008,0,quintic,2,1,0,3,recursive,0.72468502844946925,0,1.2434497875801753e-14,2.2204460492503131e-16,0.00043275000643916428,0.0014845000114291906
2,8,1,10,2,0,0.40000000000000002,0.69999999999999996,0.31200000000000006,0.46147500000000008,0,quintic,2,1,0,3,direct,0.72468372166634065,0,1.2434497875801753e-14,2.2204460492503131e-16,0.00043275000643916428,0.0014845000114291906
2,8,1,10,2,0,0.40000000000000002,0.69999999999999996,0.31200000000000006,0.46147500000000008,0,quintic,2,1,0,3,fe_geometry,0.7246837216696671,0,1.2434497875801753e-14,2.2204460492503131e-16,0.00043275000643916428,0.0014845000114291906
2,8,1,10,2,0,0.40000000000000002,0.69999999999999996,0.31200000000000006,0.46147500000000008,0,quintic,1,2,0,3,recursive,0.5562854128810395,0,1.2434497875801753e-14,2.2204460492503131e-16,0.00043275000643916428,0.0014845000114291906
2,8,1,10,2,0,0.40000000000000002,0.69999999999999996,0.31200000000000006,0.46147500000000008,0,quintic,1,2,0,3,direct,0.55628539425155787,0,1.2434497875801753e-14,2.2204460492503131e-16,0.00043275000643916428,0.0014845000114291906
2,8,1,10,2,0,0.40000000000000002,0.69999999999999996,0.31200000000000006,0.46147500000000008,0,quintic,1,2,0,3,fe_geometry,0.55628539425294588,0,1.2434497875801753e-14,2.2204460492503131e-16,0.00043275000643916428,0.0014845000114291906
2,8,1,10,2,0,0.40000000000000002,0.69999999999999996,0.31200000000000006,0.46147500000000008,0,quintic,0,3,0,3,recursive,6.6127183403038119,0,1.2434497875801753e-14,2.2204460492503131e-16,0.00043275000643916428,0.0014845000114291906
2,8,1,10,2,0,0.40000000000000002,0.69999999999999996,0.31200000000000006,0.46147500000000008,0,quintic,0,3,0,3,direct,6.6127397369878933,0,1.2434497875801753e-14,2.2204460492503131e-16,0.00043275000643916428,0.0014845000114291906
2,8,1,10,2,0,0.40000000000000002,0.69999999999999996,0.31200000000000006,0.46147500000000008,0,quintic,0,3,0,3,fe_geometry,6.6127397369873435,0,1.2434497875801753e-14,2.2204460492503131e-16,0.00043275000643916428,0.0014845000114291906
2,8,1,10,2,0,0.40000000000000002,0.69999999999999996,0.31200000000000006,0.46147500000000008,0,quintic,4,0,0,4,recursive,11.113260244578955,0,1.2434497875801753e-14,2.2204460492503131e-16,0.00043275000643916428,0.0014845000114291906
2,8,1,10,2,0,0.40000000000000002,0.69999999999999996,0.31200000000000006,0.46147500000000008,0,quintic,4,0,0,4,direct,11.048472436347366,0,1.2434497875801753e-14,2.2204460492503131e-16,0.00043275000643916428,0.0014845000114291906
2,8,1,10,2,0,0.40000000000000002,0.69999999999999996,0.31200000000000006,0.46147500000000008,0,quintic,4,0,0,4,fe_geometry,11.04847243633605,0,1.2434497875801753e-14,2.2204460492503131e-16,0.00043275000643916428,0.0014845000114291906
2,8,1,10,2,0,0.40000000000000002,0.69999999999999996,0.31200000000000006,0.46147500000000008,0,quintic,3,1,0,4,recursive,1.5093213440938134,0,1.2434497875801753e-14,2.2204460492503131e-16,0.00043275000643916428,0.0014845000114291906
2,8,1,10,2,0,0.40000000000000002,0.69999999999999996,0.31200000000000006,0.46147500000000008,0,quintic,3,1,0,4,direct,1.5094582573952049,0,1.2434497875801753e-14,2.2204460492503131e-16,0.00043275000643916428,0.0014845000114291906
2,8,1,10,2,0,0.40000000000000002,0.69999999999999996,0.31200000000000006,0.46147500000000008,0,quintic,3,1,0,4,fe_geometry,1.5094582573341766,0,1.2434497875801753e-14,2.2204460492503131e-16,0.00043275000643916428,0.0014845000114291906
2,8,1,10,2,0,0.40000000000000002,0.69999999999999996,0.31200000000000006,0.46147500000000008,0,quintic,2,2,0,4,recursive,2.3449884418388742,0,1.2434497875801753e-14,2.2204460492503131e-16,0.00043275000643916428,0.0014845000114291906
2,8,1,10,2,0,0.40000000000000002,0.69999999999999996,0.31200000000000006,0.46147500000000008,0,quintic,2,2,0,4,direct,2.3449840563515179,0,1.2434497875801753e-14,2.2204460492503131e-16,0.00043275000643916428,0.0014845000114291906
2,8,1,10,2,0,0.40000000000000002,0.69999999999999996,0.31200000000000006,0.46147500000000008,0,quintic,2,2,0,4,fe_geometry,2.3449840562863229,0,1.2434497875801753e-14,2.2204460492503131e-16,0.00043275000643916428,0.0014845000114291906
2,8,1,10,2,0,0.40000000000000002,0.69999999999999996,0.31200000000000006,0.46147500000000008,0,quintic,1,3,0,4,recursive,1.2431339669637935,0,1.2434497875801753e-14,2.2204460492503131e-16,0.00043275000643916428,0.0014845000114291906
2,8,1,10,2,0,0.40000000000000002,0.69999999999999996,0.31200000000000006,0.46147500000000008,0,quintic,1,3,0,4,direct,1.2431345935665226,0,1.2434497875801753e-14,2.2204460492503131e-16,0.00043275000643916428,0.0014845000114291906
2,8,1,10,2,0,0.40000000000000002,0.69999999999999996,0.31200000000000006,0.46147500000000008,0,quintic,1,3,0,4,fe_geometry,1.2431345936726348,0,1.2434497875801753e-14,2.2204460492503131e-16,0.00043275000643916428,0.0014845000114291906
2,8,1,10,2,0,0.40000000000000002,0.69999999999999996,0.31200000000000006,0.46147500000000008,0,quintic,0,4,0,4,recursive,52.514176448411092,0,1.2434497875801753e-14,2.2204460492503131e-16,0.00043275000643916428,0.0014845000114291906
2,8,1,10,2,0,0.40000000000000002,0.69999999999999996,0.31200000000000006,0.46147500000000008,0,quintic,0,4,0,4,direct,52.523319737043252,0,1.2434497875801753e-14,2.2204460492503131e-16,0.00043275000643916428,0.0014845000114291906
2,8,1,10,2,0,0.40000000000000002,0.69999999999999996,0.31200000000000006,0.46147500000000008,0,quintic,0,4,0,4,fe_geometry,52.523319737094681,0,1.2434497875801753e-14,2.2204460492503131e-16,0.00043275000643916428,0.0014845000114291906
2,8,1,10,2,0,0.40000000000000002,0.69999999999999996,0.31200000000000006,0.46147500000000008,0,quintic,5,0,0,5,recursive,85.75530370429108,0,1.2434497875801753e-14,2.2204460492503131e-16,0.00043275000643916428,0.0014845000114291906
2,8,1,10,2,0,0.40000000000000002,0.69999999999999996,0.31200000000000006,0.46147500000000008,0,quintic,5,0,0,5,direct,87.9889383831473,0,1.2434497875801753e-14,2.2204460492503131e-16,0.00043275000643916428,0.0014845000114291906
2,8,1,10,2,0,0.40000000000000002,0.69999999999999996,0.31200000000000006,0.46147500000000008,0,quintic,5,0,0,5,fe_geometry,87.988938383340226,0,1.2434497875801753e-14,2.2204460492503131e-16,0.00043275000643916428,0.0014845000114291906
2,8,1,10,2,0,0.40000000000000002,0.69999999999999996,0.31200000000000006,0.46147500000000008,0,quintic,4,1,0,5,recursive,5.2483445679141951,0,1.2434497875801753e-14,2.2204460492503131e-16,0.00043275000643916428,0.0014845000114291906
2,8,1,10,2,0,0.40000000000000002,0.69999999999999996,0.31200000000000006,0.46147500000000008,0,quintic,4,1,0,5,direct,5.2401348037485276,0,1.2434497875801753e-14,2.2204460492503131e-16,0.00043275000643916428,0.0014845000114291906
2,8,1,10,2,0,0.40000000000000002,0.69999999999999996,0.31200000000000006,0.46147500000000008,0,quintic,4,1,0,5,fe_geometry,5.2401348038273801,0,1.2434497875801753e-14,2.2204460492503131e-16,0.00043275000643916428,0.0014845000114291906
2,8,1,10,2,0,0.40000000000000002,0.69999999999999996,0.31200000000000006,0.46147500000000008,0,quintic,3,2,0,5,recursive,4.8839715976038462,0,1.2434497875801753e-14,2.2204460492503131e-16,0.00043275000643916428,0.0014845000114291906
2,8,1,10,2,0,0.40000000000000002,0.69999999999999996,0.31200000000000006,0.46147500000000008,0,quintic,3,2,0,5,direct,4.8844143190796485,0,1.2434497875801753e-14,2.2204460492503131e-16,0.00043275000643916428,0.0014845000114291906
2,8,1,10,2,0,0.40000000000000002,0.69999999999999996,0.31200000000000006,0.46147500000000008,0,quintic,3,2,0,5,fe_geometry,4.8844143201888102,0,1.2434497875801753e-14,2.2204460492503131e-16,0.00043275000643916428,0.0014845000114291906
2,8,1,10,2,0,0.40000000000000002,0.69999999999999996,0.31200000000000006,0.46147500000000008,0,quintic,2,3,0,5,recursive,5.240358140606574,0,1.2434497875801753e-14,2.2204460492503131e-16,0.00043275000643916428,0.0014845000114291906
2,8,1,10,2,0,0.40000000000000002,0.69999999999999996,0.31200000000000006,0.46147500000000008,0,quintic,2,3,0,5,direct,5.2403511164528345,0,1.2434497875801753e-14,2.2204460492503131e-16,0.00043275000643916428,0.0014845000114291906
2,8,1,10,2,0,0.40000000000000002,0.69999999999999996,0.31200000000000006,0.46147500000000008,0,quintic,2,3,0,5,fe_geometry,5.2403511120874278,0,1.2434497875801753e-14,2.2204460492503131e-16,0.00043275000643916428,0.0014845000114291906
2,8,1,10,2,0,0.40000000000000002,0.69999999999999996,0.31200000000000006,0.46147500000000008,0,quintic,1,4,0,5,recursive,4.6297747827128299,0,1.2434497875801753e-14,2.2204460492503131e-16,0.00043275000643916428,0.0014845000114291906
2,8,1,10,2,0,0.40000000000000002,0.69999999999999996,0.31200000000000006,0.46147500000000008,0,quintic,1,4,0,5,direct,4.6300682808298941,0,1.2434497875801753e-14,2.2204460492503131e-16,0.00043275000643916428,0.0014845000114291906
2,8,1,10,2,0,0.40000000000000002,0.69999999999999996,0.31200000000000006,0.46147500000000008,0,quintic,1,4,0,5,fe_geometry,4.630068279938917,0,1.2434497875801753e-14,2.2204460492503131e-16,0.00043275000643916428,0.0014845000114291906
2,8,1,10,2,0,0.40000000000000002,0.69999999999999996,0.31200000000000006,0.46147500000000008,0,quintic,0,5,0,5,recursive,396.91008181159486,0,1.2434497875801753e-14,2.2204460492503131e-16,0.00043275000643916428,0.0014845000114291906
2,8,1,10,2,0,0.40000000000000002,0.69999999999999996,0.31200000000000006,0.46147500000000008,0,quintic,0,5,0,5,direct,396.65379384756716,0,1.2434497875801753e-14,2.2204460492503131e-16,0.00043275000643916428,0.0014845000114291906
2,8,1,10,2,0,0.40000000000000002,0.69999999999999996,0.31200000000000006,0.46147500000000008,0,quintic,0,5,0,5,fe_geometry,396.65379384986295,0,1.2434497875801753e-14,2.2204460492503131e-16,0.00043275000643916428,0.0014845000114291906
2,8,1,10,2,0,0.40000000000000002,0.69999999999999996,0.31200000000000006,0.46147500000000008,0,quintic,6,0,0,6,recursive,714.93067464106082,0,1.2434497875801753e-14,2.2204460492503131e-16,0.00043275000643916428,0.0014845000114291906
2,8,1,10,2,0,0.40000000000000002,0.69999999999999996,0.31200000000000006,0.46147500000000008,0,quintic,6,0,0,6,direct,683.29751193457889,0,1.2434497875801753e-14,2.2204460492503131e-16,0.00043275000643916428,0.0014845000114291906
2,8,1,10,2,0,0.40000000000000002,0.69999999999999996,0.31200000000000006,0.46147500000000008,0,quintic,6,0,0,6,fe_geometry,683.2975119429118,0,1.2434497875801753e-14,2.2204460492503131e-16,0.00043275000643916428,0.0014845000114291906
2,8,1,10,2,0,0.40000000000000002,0.69999999999999996,0.31200000000000006,0.46147500000000008,0,quintic,5,1,0,6,recursive,25.194717995108547,0,1.2434497875801753e-14,2.2204460492503131e-16,0.00043275000643916428,0.0014845000114291906
2,8,1,10,2,0,0.40000000000000002,0.69999999999999996,0.31200000000000006,0.46147500000000008,0,quintic,5,1,0,6,direct,25.467824303635599,0,1.2434497875801753e-14,2.2204460492503131e-16,0.00043275000643916428,0.0014845000114291906
2,8,1,10,2,0,0.40000000000000002,0.69999999999999996,0.31200000000000006,0.46147500000000008,0,quintic,5,1,0,6,fe_geometry,25.467824308889856,0,1.2434497875801753e-14,2.2204460492503131e-16,0.00043275000643916428,0.0014845000114291906
2,8,1,10,2,0,0.40000000000000002,0.69999999999999996,0.31200000000000006,0.46147500000000008,0,quintic,4,2,0,6,recursive,16.982974969946824,0,1.2434497875801753e-14,2.2204460492503131e-16,0.00043275000643916428,0.0014845000114291906
2,8,1,10,2,0,0.40000000000000002,0.69999999999999996,0.31200000000000006,0.46147500000000008,0,quintic,4,2,0,6,direct,16.956407617248502,0,1.2434497875801753e-14,2.2204460492503131e-16,0.00043275000643916428,0.0014845000114291906
2,8,1,10,2,0,0.40000000000000002,0.69999999999999996,0.31200000000000006,0.46147500000000008,0,quintic,4,2,0,6,fe_geometry,16.956407621601823,0,1.2434497875801753e-14,2.2204460492503131e-16,0.00043275000643916428,0.0014845000114291906
2,8,1,10,2,0,0.40000000000000002,0.69999999999999996,0.31200000000000006,0.46147500000000008,0,quintic,3,3,0,6,recursive,10.914235947836639,0,1.2434497875801753e-14,2.2204460492503131e-16,0.00043275000643916428,0.0014845000114291906
2,8,1,10,2,0,0.40000000000000002,0.69999999999999996,0.31200000000000006,0.46147500000000008,0,quintic,3,3,0,6,direct,10.915233396763973,0,1.2434497875801753e-14,2.2204460492503131e-16,0.00043275000643916428,0.0014845000114291906
2,8,1,10,2,0,0.40000000000000002,0.69999999999999996,0.31200000000000006,0.46147500000000008,0,quintic,3,3,0,6,fe_geometry,10.915233477534436,0,1.2434497875801753e-14,2.2204460492503131e-16,0.00043275000643916428,0.0014845000114291906
2,8,1,10,2,0,0.40000000000000002,0.69999999999999996,0.31200000000000006,0.46147500000000008,0,quintic,2,4,0,6,recursive,19.516542220420273,0,1.2434497875801753e-14,2.2204460492503131e-16,0.00043275000643916428,0.0014845000114291906
2,8,1,10,2,0,0.40000000000000002,0.69999999999999996,0.31200000000000006,0.46147500000000008,0,quintic,2,4,0,6,direct,19.517744678371301,0,1.2434497875801753e-14,2.2204460492503131e-16,0.00043275000643916428,0.0014845000114291906
2,8,1,10,2,0,0.40000000000000002,0.69999999999999996,0.31200000000000006,0.46147500000000008,0,quintic,2,4,0,6,fe_geometry,19.517744743197774,0,1.2434497875801753e-14,2.2204460492503131e-16,0.00043275000643916428,0.0014845000114291906
2,8,1,10,2,0,0.40000000000000002,0.69999999999999996,0.31200000000000006,0.46147500000000008,0,quintic,1,5,0,6,recursive,24.15004031320824,0,1.2434497875801753e-14,2.2204460492503131e-16,0.00043275000643916428,0.0014845000114291906
2,8,1,10,2,0,0.40000000000000002,0.69999999999999996,0.31200000000000006,0.46147500000000008,0,quintic,1,5,0,6,direct,24.142635206687963,0,1.2434497875801753e-14,2.2204460492503131e-16,0.00043275000643916428,0.0014845000114291906
2,8,1,10,2,0,0.40000000000000002,0.69999999999999996,0.31200000000000006,0.46147500000000008,0,quintic,1,5,0,6,fe_geometry,24.142635103998035,0,1.2434497875801753e-14,2.2204460492503131e-16,0.00043275000643916428,0.0014845000114291906
2,8,1,10,2,0,0.40000000000000002,0.69999999999999996,0.31200000000000006,0.46147500000000008,0,quintic,0,6,0,6,recursive,3211.9936679354637,0,1.2434497875801753e-14,2.2204460492503131e-16,0.00043275000643916428,0.0014845000114291906
2,8,1,10,2,0,0.40000000000000002,0.69999999999999996,0.31200000000000006,0.46147500000000008,0,quintic,0,6,0,6,direct,3161.5383140049826,0,1.2434497875801753e-14,2.2204460492503131e-16,0.00043275000643916428,0.0014845000114291906
2,8,1,10,2,0,0.40000000000000002,0.69999999999999996,0.31200000000000006,0.46147500000000008,0,quintic,0,6,0,6,fe_geometry,3161.5383140636704,0,1.2434497875801753e-14,2.2204460492503131e-16,0.00043275000643916428,0.0014845000114291906
2,8,1,10,2,0,0.40000000000000002,0.69999999999999996,0.31200000000000006,0.46147500000000008,0,quintic,7,0,0,7,recursive,6155.4333891028864,0,1.2434497875801753e-14,2.2204460492503131e-16,0.00043275000643916428,0.0014845000114291906
2,8,1,10,2,0,0.40000000000000002,0.69999999999999996,0.31200000000000006,0.46147500000000008,0,quintic,7,0,0,7,direct,5897.3682539839447,0,1.2434497875801753e-14,2.2204460492503131e-16,0.00043275000643916428,0.0014845000114291906
2,8,1,10,2,0,0.40000000000000002,0.69999999999999996,0.31200000000000006,0.46147500000000008,0,quintic,7,0,0,7,fe_geometry,5897.3682541562666,0,1.2434497875801753e-14,2.2204460492503131e-16,0.00043275000643916428,0.0014845000114291906
2,8,1,10,2,0,0.40000000000000002,0.69999999999999996,0.31200000000000006,0.46147500000000008,0,quintic,6,1,0,7,recursive,162.56210099765156,0,1.2434497875801753e-14,2.2204460492503131e-16,0.00043275000643916428,0.0014845000114291906
2,8,1,10,2,0,0.40000000000000002,0.69999999999999996,0.31200000000000006,0.46147500000000008,0,quintic,6,1,0,7,direct,159.14232571581391,0,1.2434497875801753e-14,2.2204460492503131e-16,0.00043275000643916428,0.0014845000114291906
2,8,1,10,2,0,0.40000000000000002,0.69999999999999996,0.31200000000000006,0.46147500000000008,0,quintic,6,1,0,7,fe_geometry,159.14232583713576,0,1.2434497875801753e-14,2.2204460492503131e-16,0.00043275000643916428,0.0014845000114291906
2,8,1,10,2,0,0.40000000000000002,0.69999999999999996,0.31200000000000006,0.46147500000000008,0,quintic,5,2,0,7,recursive,81.526890482496995,0,1.2434497875801753e-14,2.2204460492503131e-16,0.00043275000643916428,0.0014845000114291906
2,8,1,10,2,0,0.40000000000000002,0.69999999999999996,0.31200000000000006,0.46147500000000008,0,quintic,5,2,0,7,direct,82.410629658056905,0,1.2434497875801753e-14,2.2204460492503131e-16,0.00043275000643916428,0.0014845000114291906
2,8,1,10,2,0,0.40000000000000002,0.69999999999999996,0.31200000000000006,0.46147500000000008,0,quintic,5,2,0,7,fe_geometry,82.410629569195081,0,1.2434497875801753e-14,2.2204460492503131e-16,0.00043275000643916428,0.0014845000114291906
2,8,1,10,2,0,0.40000000000000002,0.69999999999999996,0.31200000000000006,0.46147500000000008,0,quintic,4,3,0,7,recursive,37.952006394746157,0,1.2434497875801753e-14,2.2204460492503131e-16,0.00043275000643916428,0.0014845000114291906
2,8,1,10,2,0,0.40000000000000002,0.69999999999999996,0.31200000000000006,0.46147500000000008,0,quintic,4,3,0,7,direct,37.892577326083199,0,1.2434497875801753e-14,2.2204460492503131e-16,0.00043275000643916428,0.0014845000114291906
2,8,1,10,2,0,0.40000000000000002,0.69999999999999996,0.31200000000000006,0.46147500000000008,0,quintic,4,3,0,7,fe_geometry,37.892577253366539,0,1.2434497875801753e-14,2.2204460492503131e-16,0.00043275000643916428,0.0014845000114291906
2,8,1,10,2,0,0.40000000000000002,0.69999999999999996,0.31200000000000006,0.46147500000000008,0,quintic,3,4,0,7,recursive,40.647692574690346,0,1.2434497875801753e-14,2.2204460492503131e-16,0.00043275000643916428,0.0014845000114291906
2,8,1,10,2,0,0.40000000000000002,0.69999999999999996,0.31200000000000006,0.46147500000000008,0,quintic,3,4,0,7,direct,40.653905004058196,0,1.2434497875801753e-14,2.2204460492503131e-16,0.00043275000643916428,0.0014845000114291906
2,8,1,10,2,0,0.40000000000000002,0.69999999999999996,0.31200000000000006,0.46147500000000008,0,quintic,3,4,0,7,fe_geometry,40.653903850308929,0,1.2434497875801753e-14,2.2204460492503131e-16,0.00043275000643916428,0.0014845000114291906
2,8,1,10,2,0,0.40000000000000002,0.69999999999999996,0.31200000000000006,0.46147500000000008,0,quintic,2,5,0,7,recursive,101.80308353605598,0,1.2434497875801753e-14,2.2204460492503131e-16,0.00043275000643916428,0.0014845000114291906
2,8,1,10,2,0,0.40000000000000002,0.69999999999999996,0.31200000000000006,0.46147500000000008,0,quintic,2,5,0,7,direct,101.77170700704912,0,1.2434497875801753e-14,2.2204460492503131e-16,0.00043275000643916428,0.0014845000114291906
2,8,1,10,2,0,0.40000000000000002,0.69999999999999996,0.31200000000000006,0.46147500000000008,0,quintic,2,5,0,7,fe_geometry,101.77171296217088,0,1.2434497875801753e-14,2.2204460492503131e-16,0.00043275000643916428,0.0014845000114291906
2,8,1,10,2,0,0.40000000000000002,0.69999999999999996,0.31200000000000006,0.46147500000000008,0,quintic,1,6,0,7,recursive,163.48502060453438,0,1.2434497875801753e-14,2.2204460492503131e-16,0.00043275000643916428,0.0014845000114291906
2,8,1,10,2,0,0.40000000000000002,0.69999999999999996,0.31200000000000006,0.46147500000000008,0,quintic,1,6,0,7,direct,161.85511154246609,0,1.2434497875801753e-14,2.2204460492503131e-16,0.00043275000643916428,0.0014845000114291906
2,8,1,10,2,0,0.40000000000000002,0.69999999999999996,0.31200000000000006,0.46147500000000008,0,quintic,1,6,0,7,fe_geometry,161.85510831111213,0,1.2434497875801753e-14,2.2204460492503131e-16,0.00043275000643916428,0.0014845000114291906
2,8,1,10,2,0,0.40000000000000002,0.69999999999999996,0.31200000000000006,0.46147500000000008,0,quintic,0,7,0,7,recursive,26720.549126201953,0,1.2434497875801753e-14,2.2204460492503131e-16,0.00043275000643916428,0.0014845000114291906
2,8,1,10,2,0,0.40000000000000002,0.69999999999999996,0.31200000000000006,0.46147500000000008,0,quintic,0,7,0,7,direct,28625.299150000752,0,1.2434497875801753e-14,2.2204460492503131e-16,0.00043275000643916428,0.0014845000114291906
2,8,1,10,2,0,0.40000000000000002,0.69999999999999996,0.31200000000000006,0.46147500000000008,0,quintic,0,7,0,7,fe_geometry,28625.299151207757,0,1.2434497875801753e-14,2.2204460492503131e-16,0.00043275000643916428,0.0014845000114291906
2,8,1,10,2,0,0.40000000000000002,0.69999999999999996,0.31200000000000006,0.46147500000000008,0,quintic,8,0,0,8,recursive,53582.314460907699,0,1.2434497875801753e-14,2.2204460492503131e-16,0.00043275000643916428,0.0014845000114291906
2,8,1,10,2,0,0.40000000000000002,0.69999999999999996,0.31200000000000006,0.46147500000000008,0,quintic,8,0,0,8,direct,57575.387243832265,0,1.2434497875801753e-14,2.2204460492503131e-16,0.00043275000643916428,0.0014845000114291906
2,8,1,10,2,0,0.40000000000000002,0.69999999999999996,0.31200000000000006,0.46147500000000008,0,quintic,8,0,0,8,fe_geometry,57575.387247345439,0,1.2434497875801753e-14,2.2204460492503131e-16,0.00043275000643916428,0.0014845000114291906
2,8,1,10,2,0,0.40000000000000002,0.69999999999999996,0.31200000000000006,0.46147500000000008,0,quintic,7,1,0,8,recursive,1259.53955610151,0,1.2434497875801753e-14,2.2204460492503131e-16,0.00043275000643916428,0.0014845000114291906
2,8,1,10,2,0,0.40000000000000002,0.69999999999999996,0.31200000000000006,0.46147500000000008,0,quintic,7,1,0,8,direct,1215.4293853325869,0,1.2434497875801753e-14,2.2204460492503131e-16,0.00043275000643916428,0.0014845000114291906
2,8,1,10,2,0,0.40000000000000002,0.69999999999999996,0.31200000000000006,0.46147500000000008,0,quintic,7,1,0,8,fe_geometry,1215.4293875627855,0,1.2434497875801753e-14,2.2204460492503131e-16,0.00043275000643916428,0.0014845000114291906
2,8,1,10,2,0,0.40000000000000002,0.69999999999999996,0.31200000000000006,0.46147500000000008,0,quintic,6,2,0,8,recursive,526.03024184632648,0,1.2434497875801753e-14,2.2204460492503131e-16,0.00043275000643916428,0.0014845000114291906
2,8,1,10,2,0,0.40000000000000002,0.69999999999999996,0.31200000000000006,0.46147500000000008,0,quintic,6,2,0,8,direct,514.96425777340983,0,1.2434497875801753e-14,2.2204460492503131e-16,0.00043275000643916428,0.0014845000114291906
2,8,1,10,2,0,0.40000000000000002,0.69999999999999996,0.31200000000000006,0.46147500000000008,0,quintic,6,2,0,8,fe_geometry,514.96425378779088,0,1.2434497875801753e-14,2.2204460492503131e-16,0.00043275000643916428,0.0014845000114291906
2,8,1,10,2,0,0.40000000000000002,0.69999999999999996,0.31200000000000006,0.46147500000000008,0,quintic,5,3,0,8,recursive,182.18720464759568,0,1.2434497875801753e-14,2.2204460492503131e-16,0.00043275000643916428,0.0014845000114291906
2,8,1,10,2,0,0.40000000000000002,0.69999999999999996,0.31200000000000006,0.46147500000000008,0,quintic,5,3,0,8,direct,184.16366894499413,0,1.2434497875801753e-14,2.2204460492503131e-16,0.00043275000643916428,0.0014845000114291906
2,8,1,10,2,0,0.40000000000000002,0.69999999999999996,0.31200000000000006,0.46147500000000008,0,quintic,5,3,0,8,fe_geometry,184.16366104578836,0,1.2434497875801753e-14,2.2204460492503131e-16,0.00043275000643916428,0.0014845000114291906
2,8,1,10,2,0,0.40000000000000002,0.69999999999999996,0.31200000000000006,0.46147500000000008,0,quintic,4,4,0,8,recursive,141.3418396994885,0,1.2434497875801753e-14,2.2204460492503131e-16,0.00043275000643916428,0.0014845000114291906
2,8,1,10,2,0,0.40000000000000002,0.69999999999999996,0.31200000000000006,0.46147500000000008,0,quintic,4,4,0,8,direct,141.1312958339378,0,1.2434497875801753e-14,2.2204460492503131e-16,0.00043275000643916428,0.0014845000114291906
2,8,1,10,2,0,0.40000000000000002,0.69999999999999996,0.31200000000000006,0.46147500000000008,0,quintic,4,4,0,8,fe_geometry,141.13128221676658,0,1.2434497875801753e-14,2.2204460492503131e-16,0.00043275000643916428,0.0014845000114291906
2,8,1,10,2,0,0.40000000000000002,0.69999999999999996,0.31200000000000006,0.46147500000000008,0,quintic,3,5,0,8,recursive,212.02907688726503,0,1.2434497875801753e-14,2.2204460492503131e-16,0.00043275000643916428,0.0014845000114291906
2,8,1,10,2,0,0.40000000000000002,0.69999999999999996,0.31200000000000006,0.46147500000000008,0,quintic,3,5,0,8,direct,211.98087389650476,0,1.2434497875801753e-14,2.2204460492503131e-16,0.00043275000643916428,0.0014845000114291906
2,8,1,10,2,0,0.40000000000000002,0.69999999999999996,0.31200000000000006,0.46147500000000008,0,quintic,3,5,0,8,fe_geometry,211.98073602288144,0,1.2434497875801753e-14,2.2204460492503131e-16,0.00043275000643916428,0.0014845000114291906
2,8,1,10,2,0,0.40000000000000002,0.69999999999999996,0.31200000000000006,0.46147500000000008,0,quintic,2,6,0,8,recursive,689.1616129714821,0,1.2434497875801753e-14,2.2204460492503131e-16,0.00043275000643916428,0.0014845000114291906
2,8,1,10,2,0,0.40000000000000002,0.69999999999999996,0.31200000000000006,0.46147500000000008,0,quintic,2,6,0,8,direct,682.28984267322812,0,1.2434497875801753e-14,2.2204460492503131e-16,0.00043275000643916428,0.0014845000114291906
2,8,1,10,2,0,0.40000000000000002,0.69999999999999996,0.31200000000000006,0.46147500000000008,0,quintic,2,6,0,8,fe_geometry,682.2900324676375,0,1.2434497875801753e-14,2.2204460492503131e-16,0.00043275000643916428,0.0014845000114291906
2,8,1,10,2,0,0.40000000000000002,0.69999999999999996,0.31200000000000006,0.46147500000000008,0,quintic,1,7,0,8,recursive,1269.7335773684026,0,1.2434497875801753e-14,2.2204460492503131e-16,0.00043275000643916428,0.0014845000114291906
2,8,1,10,2,0,0.40000000000000002,0.69999999999999996,0.31200000000000006,0.46147500000000008,0,quintic,1,7,0,8,direct,1326.2284587655283,0,1.2434497875801753e-14,2.2204460492503131e-16,0.00043275000643916428,0.0014845000114291906
2,8,1,10,2,0,0.40000000000000002,0.69999999999999996,0.31200000000000006,0.46147500000000008,0,quintic,1,7,0,8,fe_geometry,1326.2283849569519,0,1.2434497875801753e-14,2.2204460492503131e-16,0.00043275000643916428,0.0014845000114291906
2,8,1,10,2,0,0.40000000000000002,0.69999999999999996,0.31200000000000006,0.46147500000000008,0,quintic,0,8,0,8,recursive,224374.71463181294,0,1.2434497875801753e-14,2.2204460492503131e-16,0.00043275000643916428,0.0014845000114291906
2,8,1,10,2,0,0.40000000000000002,0.69999999999999996,0.31200000000000006,0.46147500000000008,0,quintic,0,8,0,8,direct,295808.87741576124,0,1.2434497875801753e-14,2.2204460492503131e-16,0.00043275000643916428,0.0014845000114291906
2,8,1,10,2,0,0.40000000000000002,0.69999999999999996,0.31200000000000006,0.46147500000000008,0,quintic,0,8,0,8,fe_geometry,295808.87743830029,0,1.2434497875801753e-14,2.2204460492503131e-16,0.00043275000643916428,0.0014845000114291906
2,8,1,10,2,0,0.40000000000000002,0.69999999999999996,0.31200000000000006,0.46147500000000008,0,quintic,9,0,0,9,recursive,468105.82989984727,0,1.2434497875801753e-14,2.2204460492503131e-16,0.00043275000643916428,0.0014845000114291906
2,8,1,10,2,0,0.40000000000000002,0.69999999999999996,0.31200000000000006,0.46147500000000008,0,quintic,9,0,0,9,direct,633322.43132620398,0,1.2434497875801753e-14,2.2204460492503131e-16,0.00043275000643916428,0.0014845000114291906
2,8,1,10,2,0,0.40000000000000002,0.69999999999999996,0.31200000000000006,0.46147500000000008,0,quintic,9,0,0,9,fe_geometry,633322.43139220681,0,1.2434497875801753e-14,2.2204460492503131e-16,0.00043275000643916428,0.0014845000114291906
2,8,1,10,2,0,0.40000000000000002,0.69999999999999996,0.31200000000000006,0.46147500000000008,0,quintic,8,1,0,9,recursive,10562.976061478503,0,1.2434497875801753e-14,2.2204460492503131e-16,0.00043275000643916428,0.0014845000114291906
2,8,1,10,2,0,0.40000000000000002,0.69999999999999996,0.31200000000000006,0.46147500000000008,0,quintic,8,1,0,9,direct,10970.449707713744,0,1.2434497875801753e-14,2.2204460492503131e-16,0.00043275000643916428,0.0014845000114291906
2,8,1,10,2,0,0.40000000000000002,0.69999999999999996,0.31200000000000006,0.46147500000000008,0,quintic,8,1,0,9,fe_geometry,10970.449749499438,0,1.2434497875801753e-14,2.2204460492503131e-16,0.00043275000643916428,0.0014845000114291906
2,8,1,10,2,0,0.40000000000000002,0.69999999999999996,0.31200000000000006,0.46147500000000008,0,quintic,7,2,0,9,recursive,4075.7104557090929,0,1.2434497875801753e-14,2.2204460492503131e-16,0.00043275000643916428,0.0014845000114291906
2,8,1,10,2,0,0.40000000000000002,0.69999999999999996,0.31200000000000006,0.46147500000000008,0,quintic,7,2,0,9,direct,3932.9743835617687,0,1.2434497875801753e-14,2.2204460492503131e-16,0.00043275000643916428,0.0014845000114291906
2,8,1,10,2,0,0.40000000000000002,0.69999999999999996,0.31200000000000006,0.46147500000000008,0,quintic,7,2,0,9,fe_geometry,3932.9743001658144,0,1.2434497875801753e-14,2.2204460492503131e-16,0.00043275000643916428,0.0014845000114291906
2,8,1,10,2,0,0.40000000000000002,0.69999999999999996,0.31200000000000006,0.46147500000000008,0,quintic,6,3,0,9,recursive,1175.5276169114959,0,1.2434497875801753e-14,2.2204460492503131e-16,0.00043275000643916428,0.0014845000114291906
2,8,1,10,2,0,0.40000000000000002,0.69999999999999996,0.31200000000000006,0.46147500000000008,0,quintic,6,3,0,9,direct,1150.7953805117099,0,1.2434497875801753e-14,2.2204460492503131e-16,0.00043275000643916428,0.0014845000114291906
2,8,1,10,2,0,0.40000000000000002,0.69999999999999996,0.31200000000000006,0.46147500000000008,0,quintic,6,3,0,9,fe_geometry,1150.7951923348123,0,1.2434497875801753e-14,2.2204460492503131e-16,0.00043275000643916428,0.0014845000114291906
2,8,1,10,2,0,0.40000000000000002,0.69999999999999996,0.31200000000000006,0.46147500000000008,0,quintic,5,4,0,9,recursive,678.54650036041016,0,1.2434497875801753e-14,2.2204460492503131e-16,0.00043275000643916428,0.0014845000114291906
2,8,1,10,2,0,0.40000000000000002,0.69999999999999996,0.31200000000000006,0.46147500000000008,0,quintic,5,4,0,9,direct,685.91993484649868,0,1.2434497875801753e-14,2.2204460492503131e-16,0.00043275000643916428,0.0014845000114291906
2,8,1,10,2,0,0.40000000000000002,0.69999999999999996,0.31200000000000006,0.46147500000000008,0,quintic,5,4,0,9,fe_geometry,685.92009016774398,0,1.2434497875801753e-14,2.2204460492503131e-16,0.00043275000643916428,0.0014845000114291906
2,8,1,10,2,0,0.40000000000000002,0.69999999999999996,0.31200000000000006,0.46147500000000008,0,quintic,4,5,0,9,recursive,737.20490841818605,0,1.2434497875801753e-14,2.2204460492503131e-16,0.00043275000643916428,0.0014845000114291906
2,8,1,10,2,0,0.40000000000000002,0.69999999999999996,0.31200000000000006,0.46147500000000008,0,quintic,4,5,0,9,direct,735.93172262311055,0,1.2434497875801753e-14,2.2204460492503131e-16,0.00043275000643916428,0.0014845000114291906
2,8,1,10,2,0,0.40000000000000002,0.69999999999999996,0.31200000000000006,0.46147500000000008,0,quintic,4,5,0,9,fe_geometry,735.93209749437938,0,1.2434497875801753e-14,2.2204460492503131e-16,0.00043275000643916428,0.0014845000114291906
2,8,1,10,2,0,0.40000000000000002,0.69999999999999996,0.31200000000000006,0.46147500000000008,0,quintic,3,6,0,9,recursive,1435.3457142269099,0,1.2434497875801753e-14,2.2204460492503131e-16,0.00043275000643916428,0.0014845000114291906
2,8,1,10,2,0,0.40000000000000002,0.69999999999999996,0.31200000000000006,0.46147500000000008,0,quintic,3,6,0,9,direct,1421.1388581895226,0,1.2434497875801753e-14,2.2204460492503131e-16,0.00043275000643916428,0.0014845000114291906
2,8,1,10,2,0,0.40000000000000002,0.69999999999999996,0.31200000000000006,0.46147500000000008,0,quintic,3,6,0,9,fe_geometry,1421.134088446852,0,1.2434497875801753e-14,2.2204460492503131e-16,0.00043275000643916428,0.0014845000114291906
2,8,1,10,2,0,0.40000000000000002,0.69999999999999996,0.31200000000000006,0.46147500000000008,0,quintic,2,7,0,9,recursive,5352.488402055299,0,1.2434497875801753e-14,2.2204460492503131e-16,0.00043275000643916428,0.0014845000114291906
2,8,1,10,2,0,0.40000000000000002,0.69999999999999996,0.31200000000000006,0.46147500000000008,0,quintic,2,7,0,9,direct,5590.6318908632938,0,1.2434497875801753e-14,2.2204460492503131e-16,0.00043275000643916428,0.0014845000114291906
2,8,1,10,2,0,0.40000000000000002,0.69999999999999996,0.31200000000000006,0.46147500000000008,0,quintic,2,7,0,9,fe_geometry,5590.636292179026,0,1.2434497875801753e-14,2.2204460492503131e-16,0.00043275000643916428,0.0014845000114291906
2,8,1,10,2,0,0.40000000000000002,0.69999999999999996,0.31200000000000006,0.46147500000000008,0,quintic,1,8,0,9,recursive,10413.201323247533,0,1.2434497875801753e-14,2.2204460492503131e-16,0.00043275000643916428,0.0014845000114291906
2,8,1,10,2,0,0.40000000000000002,0.69999999999999996,0.31200000000000006,0.46147500000000008,0,quintic,1,8,0,9,direct,12842.835920781228,0,1.2434497875801753e-14,2.2204460492503131e-16,0.00043275000643916428,0.0014845000114291906
2,8,1,10,2,0,0.40000000000000002,0.69999999999999996,0.31200000000000006,0.46147500000000008,0,quintic,1,8,0,9,fe_geometry,12842.834466202601,0,1.2434497875801753e-14,2.2204460492503131e-16,0.00043275000643916428,0.0014845000114291906
2,8,1,10,2,0,0.40000000000000002,0.69999999999999996,0.31200000000000006,0.46147500000000008,0,quintic,0,9,0,9,recursive,1889853.2760915584,0,1.2434497875801753e-14,2.2204460492503131e-16,0.00043275000643916428,0.0014845000114291906
2,8,1,10,2,0,0.40000000000000002,0.69999999999999996,0.31200000000000006,0.46147500000000008,0,quintic,0,9,0,9,direct,3459667.1019191747,0,1.2434497875801753e-14,2.2204460492503131e-16,0.00043275000643916428,0.0014845000114291906
2,8,1,10,2,0,0.40000000000000002,0.69999999999999996,0.31200000000000006,0.46147500000000008,0,quintic,0,9,0,9,fe_geometry,3459667.1023258441,0,1.2434497875801753e-14,2.2204460492503131e-16,0.00043275000643916428,0.0014845000114291906
2,8,1,10,2,0,0.40000000000000002,0.69999999999999996,0.31200000000000006,0.46147500000000008,0,quintic,10,0,0,10,recursive,4094221.2794047538,0,1.2434497875801753e-14,2.2204460492503131e-16,0.00043275000643916428,0.0014845000114291906
2,8,1,10,2,0,0.40000000000000002,0.69999999999999996,0.31200000000000006,0.46147500000000008,0,quintic,10,0,0,10,direct,7782564.7949922411,0,1.2434497875801753e-14,2.2204460492503131e-16,0.00043275000643916428,0.0014845000114291906
2,8,1,10,2,0,0.40000000000000002,0.69999999999999996,0.31200000000000006,0.46147500000000008,0,quintic,10,0,0,10,fe_geometry,7782564.7962025227,0,1.2434497875801753e-14,2.2204460492503131e-16,0.00043275000643916428,0.0014845000114291906
2,8,1,10,2,0,0.40000000000000002,0.69999999999999996,0.31200000000000006,0.46147500000000008,0,quintic,9,1,0,10,recursive,91143.78876576788,0,1.2434497875801753e-14,2.2204460492503131e-16,0.00043275000643916428,0.0014845000114291906
2,8,1,10,2,0,0.40000000000000002,0.69999999999999996,0.31200000000000006,0.46147500000000008,0,quintic,9,1,0,10,direct,114252.84848554098,0,1.2434497875801753e-14,2.2204460492503131e-16,0.00043275000643916428,0.0014845000114291906
2,8,1,10,2,0,0.40000000000000002,0.69999999999999996,0.31200000000000006,0.46147500000000008,0,quintic,9,1,0,10,fe_geometry,114252.84923592836,0,1.2434497875801753e-14,2.2204460492503131e-16,0.00043275000643916428,0.0014845000114291906
2,8,1,10,2,0,0.40000000000000002,0.69999999999999996,0.31200000000000006,0.46147500000000008,0,quintic,8,2,0,10,recursive,34180.46109868589,0,1.2434497875801753e-14,2.2204460492503131e-16,0.00043275000643916428,0.0014845000114291906
2,8,1,10,2,0,0.40000000000000002,0.69999999999999996,0.31200000000000006,0.46147500000000008,0,quintic,8,2,0,10,direct,35498.975219722124,0,1.2434497875801753e-14,2.2204460492503131e-16,0.00043275000643916428,0.0014845000114291906
2,8,1,10,2,0,0.40000000000000002,0.69999999999999996,0.31200000000000006,0.46147500000000008,0,quintic,8,2,0,10,fe_geometry,35498.97355947402,0,1.2434497875801753e-14,2.2204460492503131e-16,0.00043275000643916428,0.0014845000114291906
2,8,1,10,2,0,0.40000000000000002,0.69999999999999996,0.31200000000000006,0.46147500000000008,0,quintic,7,3,0,10,recursive,9108.1851256009759,0,1.2434497875801753e-14,2.2204460492503131e-16,0.00043275000643916428,0.0014845000114291906
2,8,1,10,2,0,0.40000000000000002,0.69999999999999996,0.31200000000000006,0.46147500000000008,0,quintic,7,3,0,10,direct,8789.0583078983309,0,1.2434497875801753e-14,2.2204460492503131e-16,0.00043275000643916428,0.0014845000114291906
2,8,1,10,2,0,0.40000000000000002,0.69999999999999996,0.31200000000000006,0.46147500000000008,0,quintic,7,3,0,10,fe_geometry,8789.0546334621558,0,1.2434497875801753e-14,2.2204460492503131e-16,0.00043275000643916428,0.0014845000114291906
2,8,1,10,2,0,0.40000000000000002,0.69999999999999996,0.31200000000000006,0.46147500000000008,0,quintic,6,4,0,10,recursive,4378.005017457137,0,1.2434497875801753e-14,2.2204460492503131e-16,0.00043275000643916428,0.0014845000114291906
2,8,1,10,2,0,0.40000000000000002,0.69999999999999996,0.31200000000000006,0.46147500000000008,0,quintic,6,4,0,10,direct,4286.153966565239,0,1.2434497875801753e-14,2.2204460492503131e-16,0.00043275000643916428,0.0014845000114291906
2,8,1,10,2,0,0.40000000000000002,0.69999999999999996,0.31200000000000006,0.46147500000000008,0,quintic,6,4,0,10,fe_geometry,4286.1615583730363,0,1.2434497875801753e-14,2.2204460492503131e-16,0.00043275000643916428,0.0014845000114291906
2,8,1,10,2,0,0.40000000000000002,0.69999999999999996,0.31200000000000006,0.46147500000000008,0,quintic,5,5,0,10,recursive,3541.4363774079043,0,1.2434497875801753e-14,2.2204460492503131e-16,0.00043275000643916428,0.0014845000114291906
2,8,1,10,2,0,0.40000000000000002,0.69999999999999996,0.31200000000000006,0.46147500000000008,0,quintic,5,5,0,10,direct,3576.429352985223,0,1.2434497875801753e-14,2.2204460492503131e-16,0.00043275000643916428,0.0014845000114291906
2,8,1,10,2,0,0.40000000000000002,0.69999999999999996,0.31200000000000006,0.46147500000000008,0,quintic,5,5,0,10,fe_geometry,3576.4446647660993,0,1.2434497875801753e-14,2.2204460492503131e-16,0.00043275000643916428,0.0014845000114291906
2,8,1,10,2,0,0.40000000000000002,0.69999999999999996,0.31200000000000006,0.46147500000000008,0,quintic,4,6,0,10,recursive,4990.2298916797417,0,1.2434497875801753e-14,2.2204460492503131e-16,0.00043275000643916428,0.0014845000114291906
2,8,1,10,2,0,0.40000000000000002,0.69999999999999996,0.31200000000000006,0.46147500000000008,0,quintic,4,6,0,10,direct,4933.9023755625594,0,1.2434497875801753e-14,2.2204460492503131e-16,0.00043275000643916428,0.0014845000114291906
2,8,1,10,2,0,0.40000000000000002,0.69999999999999996,0.31200000000000006,0.46147500000000008,0,quintic,4,6,0,10,fe_geometry,4933.9303238505627,0,1.2434497875801753e-14,2.2204460492503131e-16,0.00043275000643916428,0.0014845000114291906
2,8,1,10,2,0,0.40000000000000002,0.69999999999999996,0.31200000000000006,0.46147500000000008,0,quintic,3,7,0,10,recursive,11147.862037038234,0,1.2434497875801753e-14,2.2204460492503131e-16,0.00043275000643916428,0.0014845000114291906
2,8,1,10,2,0,0.40000000000000002,0.69999999999999996,0.31200000000000006,0.46147500000000008,0,quintic,3,7,0,10,direct,11644.668652681581,0,1.2434497875801753e-14,2.2204460492503131e-16,0.00043275000643916428,0.0014845000114291906
2,8,1,10,2,0,0.40000000000000002,0.69999999999999996,0.31200000000000006,0.46147500000000008,0,quintic,3,7,0,10,fe_geometry,11644.55392306515,0,1.2434497875801753e-14,2.2204460492503131e-16,0.00043275000643916428,0.0014845000114291906
2,8,1,10,2,0,0.40000000000000002,0.69999999999999996,0.31200000000000006,0.46147500000000008,0,quintic,2,8,0,10,recursive,43896.248147493323,0,1.2434497875801753e-14,2.2204460492503131e-16,0.00043275000643916428,0.0014845000114291906
2,8,1,10,2,0,0.40000000000000002,0.69999999999999996,0.31200000000000006,0.46147500000000008,0,quintic,2,8,0,10,direct,54138.16576660701,0,1.2434497875801753e-14,2.2204460492503131e-16,0.00043275000643916428,0.0014845000114291906
2,8,1,10,2,0,0.40000000000000002,0.69999999999999996,0.31200000000000006,0.46147500000000008,0,quintic,2,8,0,10,fe_geometry,54138.253068728969,0,1.2434497875801753e-14,2.2204460492503131e-16,0.00043275000643916428,0.0014845000114291906
2,8,1,10,2,0,0.40000000000000002,0.69999999999999996,0.31200000000000006,0.46147500000000008,0,quintic,1,9,0,10,recursive,87028.200588232721,0,1.2434497875801753e-14,2.2204460492503131e-16,0.00043275000643916428,0.0014845000114291906
2,8,1,10,2,0,0.40000000000000002,0.69999999999999996,0.31200000000000006,0.46147500000000008,0,quintic,1,9,0,10,direct,143499.84508000422,0,1.2434497875801753e-14,2.2204460492503131e-16,0.00043275000643916428,0.0014845000114291906
2,8,1,10,2,0,0.40000000000000002,0.69999999999999996,0.31200000000000006,0.46147500000000008,0,quintic,1,9,0,10,fe_geometry,143499.81806521505,0,1.2434497875801753e-14,2.2204460492503131e-16,0.00043275000643916428,0.0014845000114291906
2,8,1,10,2,0,0.40000000000000002,0.69999999999999996,0.31200000000000006,0.46147500000000008,0,quintic,0,10,0,10,recursive,15933504.13824226,0,1.2434497875801753e-14,2.2204460492503131e-16,0.00043275000643916428,0.0014845000114291906
2,8,1,10,2,0,0.40000000000000002,0.69999999999999996,0.31200000000000006,0.46147500000000008,0,quintic,0,10,0,10,direct,45319556.437069692,0,1.2434497875801753e-14,2.2204460492503131e-16,0.00043275000643916428,0.0014845000114291906
2,8,1,10,2,0,0.40000000000000002,0.69999999999999996,0.31200000000000006,0.46147500000000008,0,quintic,0,10,0,10,fe_geometry,45319556.44449909,0,1.2434497875801753e-14,2.2204460492503131e-16,0.00043275000643916428,0.0014845000114291906
